mt-Tf	
mt-Rnr1	
mt-Tv	
mt-Rnr2	
mt-Tl1	
mt-Nd1	MT-ND1
mt-Ti	
mt-Tq	
mt-Tm	
mt-Nd2	MT-ND2
mt-Tw	
mt-Ta	
mt-Tn	
mt-Tc	
mt-Ty	
mt-Co1	MT-CO1
mt-Ts1	
mt-Td	
mt-Co2	MT-CO2
mt-Tk	
mt-Atp8	MT-ATP8
mt-Atp6	MT-ATP6
mt-Co3	MT-CO3
mt-Tg	
mt-Nd3	MT-ND3
mt-Tr	
mt-Nd4l	MT-ND4L
mt-Nd4	MT-ND4
mt-Th	
mt-Ts2	
mt-Tl2	
mt-Nd5	MT-ND5
mt-Nd6	MT-ND6
mt-Te	
mt-Cytb	MT-CYB
mt-Tt	
mt-Tp	
	
	PRAMEF17
	PRAMEF12
	PRAMEF1
	PRAMEF19
	PRAMEF20
	PRAMEF6
	PRAMEF18
	PRAMEF10
	PRAMEF2
	PRAMEF33
	PRAMEF11
	PRAMEF26
	PRAMEF9
	PRAMEF13
	PRAMEF5
	PRAMEF4
	PRAMEF25
	PRAMEF14
	PRAMEF8
	PRAMEF15
	PRAMEF27
	PRAMEF7
Vmn1r186	
	SP100
	PISD
	SP110
Csprs	
Gm16367	PRAMEF17
Gm16367	PRAMEF12
Gm16367	PRAMEF1
Gm16367	PRAMEF19
Gm16367	PRAMEF20
Gm16367	PRAMEF6
Gm16367	PRAMEF18
Gm16367	PRAMEF10
Gm16367	PRAMEF2
Gm16367	PRAMEF33
Gm16367	PRAMEF11
Gm16367	PRAMEF26
Gm16367	PRAMEF9
Gm16367	PRAMEF13
Gm16367	PRAMEF5
Gm16367	PRAMEF4
Gm16367	PRAMEF25
Gm16367	PRAMEF14
Gm16367	PRAMEF8
Gm16367	PRAMEF15
Gm16367	PRAMEF27
Gm16367	PRAMEF7
Gm28489	
Gm21867	
Gm29448	
Gm20816	SPIN2A
Gm20816	SPIN2B
Gm29447	
Gm29446	
Gm29452	
Gm29451	
Gm20817	SYCP3
Gm28633	
Gm21562	
Gm29410	
Gm28298	
Gm21572	
Gm28297	
Gm21753	
Gm21723	
Gm28462	
Gm28296	
Gm21821	
Gm28295	
Gm29134	
Gm28303	
Gm28304	
Gm28824	
Gm21810	
Gm21916	
Gm29191	
Gm28210	
Gm29074	
Gm28211	
Gm28518	
Gm28519	
Gm28520	
Gm21626	
Gm28433	
Gm28521	
Gm28431	
Gm21633	
Gm28432	
Gm28522	
Gm21745	
Gm28517	
Gm29532	
Gm29531	
Gm28464	
Gm28841	
Gm29656	
Gm28842	
Gm29655	
Gm28837	
Gm21647	
Gm29653	
Gm28838	
Gm29654	
Gm28839	
Gm29651	
Gm29652	
Gm29080	
Gm21841	
Gm29081	
Gm29077	
Gm29076	
Gm29079	
Gm29078	
Gm20870	SYCP3
Gm29225	
Gm28483	
Gm29226	
Gm28484	
Gm29227	
Gm29386	
Gm29384	
Gm21896	
Gm29280	
Gm29279	
Gm29182	
Gm28260	
Gm28261	
Gm28264	
Gm28463	
Gm21757	
Gm28968	
Gm28495	
Gm28468	
Gm29255	
Gm28332	
Gm28678	
Gm28333	
Gm28334	
Gm28335	
Gm20903	SYCP3
Gm28336	
Gm28272	
Gm28337	
Gm29256	
Gm28259	
Gm28338	
Gm28273	
Gm29028	
Gm29029	
Gm29615	
Gm29030	
Gm29023	
Gm29025	
Gm29026	
Gm28213	
Gm28212	
Gm28227	
Gm20905	SYCP3
Gm29411	
Gm28222	
Gm28820	
Gm28223	
Gm29412	
Gm29671	
Gm21878	
Gm28162	
Gm28789	
Gm20738	SPIN2A
Gm20738	SPIN2B
Gm20814	SYCP3
Gm28787	
Gm28788	
Gm28545	
Gm28547	
Gm29278	
Gm28546	
Gm28608	
Gm28607	
Gm28771	
Gm28772	
Gm28606	
Gm28773	
Gm20850	SYCP3
Gm20897	SYCP3
Gm29574	
Gm28774	
Gm29575	
Gm28775	
Gm21765	
Gm28776	
Gm28176	
Gm28786	
Gm29360	
Gm28121	
Gm29497	
Gm29499	
Gm28123	
Gm28120	
Gm29313	
Gm29498	
Gm36782	
Gm29839	
Gm29314	
Gm29310	
Gm29311	
Gm29312	
Gm29308	
Gm29309	
Gm28702	
Gm28701	
Gm28699	
Gm28705	
Gm28704	
Gm28540	
Gm28537	
Gm28538	
Gm29569	
Gm20867	SPIN2A
Gm20867	SPIN2B
Gm29568	
Gm29567	
Gm21198	
Gm29566	
Gm29565	
Gm29147	
Gm29146	
Gm28664	
Gm28663	
Gm29148	
Gm29145	
Gm28817	
Gm28816	
Gm20806	SPIN2A
Gm20806	SPIN2B
Gm28815	
Gm28813	
Gm29274	
Gm29275	
Gm29276	SYCP3
Gm21805	
Gm29645	
Gm28312	
Gm29042	
Gm29031	
Gm28311	
Gm29032	
Gm28310	
Gm29606	
Gm28568	
Gm29189	
Gm29286	
Gm29285	
Gm28280	
Gm28159	
Gm28278	
Gm28160	
Gm28157	
Gm28161	
Gm28695	
Gm28696	
Gm28886	
Gm28899	
Gm29426	
Gm28885	
Gm28887	
Gm28896	
Gm29444	
Gm21783	
Gm28895	
Gm28894	
Gm21829	
Gm28457	
Gm29324	
Gm28741	
Gm28742	
Gm28458	
Gm28743	
Gm28461	
Gm28124	
Gm28460	
Gm28126	
Gm28851	
Gm28125	
Gm28456	
Gm29648	
Gm29468	
Gm29646	
Gm29469	
Gm29472	
Gm28549	
Gm29473	
Gm29211	
Gm29212	
Gm29382	
Gm28224	
Gm29210	
Gm28226	
Gm29213	
Gm28225	
Gm28550	
Gm28604	
Gm28829	
Gm21901	
Gm28565	
Gm28566	
Gm28697	
Gm28828	
Gm28554	
Gm28831	
Gm28832	
Gm28658	
Gm29238	
Gm29056	
Gm21088	
Gm29239	
Gm29098	
Gm54343	
Gm29373	
Gm54344	
Gm29370	
Gm21751	
Gm29476	
Gm29166	
Gm21717	
Gm28194	
Gm28753	
Gm28475	
Gm28476	
Gm28193	
Gm28751	
Gm28752	
Gm28726	
Gm29267	
Gm29268	
Gm29269	
Gm28757	
Gm29270	
Gm28348	
Gm28973	
Gm29271	
Gm21734	
Gm28972	
Gm28970	
Gm28971	
Gm54345	
Gm20854	SPIN2A
Gm20854	SPIN2B
Gm28349	
Gm21892	
Gm28346	
Gm28345	
Gm29090	
Gm28152	
Gm54346	
Gm29505	
Gm28823	
Gm28871	
Gm28220	
Gm29512	
Gm29511	
Gm20820	SYCP3
Gm28219	
Gm28218	
Gm29121	
Gm54347	
Gm29120	
Gm29117	
Gm28057	
Gm21796	
Gm29302	
Gm20883	SYCP3
Gm29119	
Gm29118	
Gm28440	
Gm29299	
Gm29116	
Gm29298	
Gm29092	
Gm29091	
Gm29320	
Gm29297	
Gm28366	
Gm29319	
Gm28317	
Gm28318	
Gm28313	
Gm28314	
Gm28315	
Gm29115	
Gm28316	
Gm28944	
Gm20906	SYCP3
Gm28943	
Gm29111	
Gm28946	
Gm28110	
Gm28945	
Gm28109	
Gm28108	
Gm28106	
Gm28949	
Gm28948	
Gm28716	
Gm28717	
Gm28718	
Gm28950	
Gm29162	
Gm29169	
Gm21777	
Gm28866	
Gm29063	
Gm28737	
Gm28405	
Gm28738	
Gm28406	
Gm28978	
Gm29436	
Gm28197	
Gm20819	
Gm29437	
Gm28736	
Gm28977	
Gm21840	
Gm28407	
Gm28735	
Gm29391	
Gm29392	
Gm28672	
Gm28734	
Gm28232	
Gm28670	
Gm28732	
Gm28673	
Gm28733	
Gm28674	
Gm28233	
Gm28235	
Gm28234	
Gm28930	
Gm28236	
Gm29504	
Gm20747	SPIN2A
Gm20747	SPIN2B
Gm29250	
Gm29251	
Gm29252	
Gm29248	
Gm29484	
Gm28908	
Gm28907	
Gm20929	SYCP3
Gm28910	
Gm28909	
Gm28276	
Gm28274	
Gm28275	
Gm28290	
Gm28292	
Gm28291	
Gm28293	
Gm28698	
Gm29305	
Gm29303	
Gm29307	
Gm29557	
Gm54348	
Gm29306	
Gm29558	
Gm29555	
Gm28355	
Gm28354	
Gm28352	
Gm28200	
Gm28201	
Gm28202	
Gm28204	
Gm28205	
Gm28206	
Gm28207	
Gm28208	
Gm29224	
Gm29222	
Gm29221	
Gm29220	
Gm29132	
Gm21450	
Gm21843	
Gm28889	
Gm28691	
Gm28692	
Gm28690	
Gm28689	
Gm28687	
Gm20987	
Gm21918	
Gm29207	
Gm29204	
Gm21577	
Gm29206	
Gm29614	
Gm29613	
Gm29612	
Gm29343	
Gm29342	
Gm28598	
Gm28599	
Gm28185	
Gm29037	
Gm20823	SPIN2A
Gm20823	SPIN2B
Gm29548	
Gm29547	
Gm29545	
Gm29544	
Gm29209	
Gm29549	
Gm21617	
Gm28589	
Gm29420	
Gm29421	
Gm21627	SYCP3
Gm29422	
Gm28808	
Gm29060	
Gm29061	
Gm29062	
Gm29057	
Gm29625	
Gm29058	
Gm29059	
Gm29628	
Gm29623	
Gm29622	
Gm29265	
Gm20908	SYCP3
Gm29259	
Gm28860	
Gm28252	
Gm28859	
Gm28254	
Gm28861	
Gm28255	
Gm20924	SPIN2A
Gm20924	SPIN2B
Gm21848	
Gm29457	
Gm20736	SYCP3
Gm28558	
Gm28560	
Gm28561	
Gm29584	
Gm28134	
Gm28135	
Gm28133	
Gm28137	
Gm28138	
Gm21837	
Gm29378	
Gm29379	
Gm29380	
Gm29381	
Gm28795	
Gm20852	SPIN2A
Gm20852	SPIN2B
Gm29003	
Gm29001	
Ssty2	SPIN2A
Ssty2	SPIN2B
Gm28646	
Gm28612	
Gm28613	
Gm21794	
Gm29219	
Gm29632	
Gm29631	
Gm29637	
Gm29082	
Gm29217	
Gm29636	
Gm29635	
Gm29634	
Gm29662	
Gm29660	
Gm29661	
Gm29659	
Gm20937	SYCP3
Gm29450	
Gm29449	
Gm37690	
Gm32114	
Gm37075	
Gm37921	
Gm32180	
Gm38371	
Gm37657	
Gm37448	
Gm33163	
Gm37721	
Gm37129	
Gm37990	
Gm21366	SYCP3
Gm33954	
Gm37538	
Gm34274	
Gm34217	
Gm37952	
Gm37627	
Gm37454	
Gm38138	
Gm29740	
Gm37840	
Gm37574	
Gm37172	
Gm35670	
Gm37687	
Gm38296	
Gm38290	
Gm38121	
Gm36047	
Gm36345	
Gm37157	
Gm38017	
Gm36468	
Gm21845	
Gm20809	SPIN2A
Gm20809	SPIN2B
Gm37434	
Gm37071	
Gm37547	
Gm36968	
Gm37237	
Gm38350	
Gm20858	
Gm31422	
Gm37798	
Gm37318	
Gm31572	
Gm37346	
Gm38136	
Gm37991	
Gm37808	
Gm32181	
Gm28662	
Gm28780	
Gm28853	
Gm28852	
Gm28855	
Gm28246	
Gm28247	
Gm28248	
Gm28249	
Gm28250	
Gm28251	
Gm28243	
Gm28244	
Gm29021	
Gm28880	
Gm28452	
Gm28454	
Gm28878	
Gm28879	
Gm29369	
Gm29399	
Gm29400	
Gm29401	
Gm28799	
Gm28938	
Gm28937	
Gm28936	
Gm21642	
Gm29122	
Gm28939	
Gm28983	
Gm28985	
Gm20811	
Gm28725	
Gm28984	
Gm28987	
Gm28986	
Gm29171	
Gm28129	
Gm28127	
Gm28128	
Gm28132	
Gm28130	
Gm28131	
Gm29316	
Gm29315	
Gm28216	
Gm28217	
Gm28093	
Gm28092	
Gm28091	
Gm29580	
Gm28089	
Gm28088	
Gm21529	
Gm29581	
Gm21539	
Gm29578	
Gm21908	
Gm21780	
Gm28486	
Gm28487	
Rbmyf4	RBMY1B
Rbmyf4	RBMY1E
Rbmyf4	RBMY1D
Rbmyf4	RBMY1J
Rbmyf4	RBMY1F
Rbmyf4	RBMY1A1
Rbmyf5	RBMY1B
Rbmyf5	RBMY1E
Rbmyf5	RBMY1D
Rbmyf5	RBMY1J
Rbmyf5	RBMY1F
Rbmyf5	RBMY1A1
Gm29288	
Rbmyf6	RBMY1B
Rbmyf6	RBMY1E
Rbmyf6	RBMY1D
Rbmyf6	RBMY1J
Rbmyf6	RBMY1F
Rbmyf6	RBMY1A1
Gm21139	
Rbmyf7	RBMY1B
Rbmyf7	RBMY1E
Rbmyf7	RBMY1D
Rbmyf7	RBMY1J
Rbmyf7	RBMY1F
Rbmyf7	RBMY1A1
Gm21147	
Rbmyf8	RBMY1B
Rbmyf8	RBMY1E
Rbmyf8	RBMY1D
Rbmyf8	RBMY1J
Rbmyf8	RBMY1F
Rbmyf8	RBMY1A1
Gm21156	
Rhoay-ps2	
Gm2316	
Rbmyf9	RBMY1B
Rbmyf9	RBMY1E
Rbmyf9	RBMY1D
Rbmyf9	RBMY1J
Rbmyf9	RBMY1F
Rbmyf9	RBMY1A1
Gm2325	
Gm28649	
Gm8521	
Gm18177	
Gm28429	
Gm28413	
Gm28412	
Gm8525	
Gm28414	
Gm28648	
Gm28647	
Gm29435	
Vmn2r-ps139	
Gm29038	
Gm28191	
Gm28241	
Gm28242	
Gm37222	
Gm28357	
Gm29352	
Gm29351	
Gm29350	
Gm29349	
Gm29355	
Gm20918	SPIN2A
Gm20918	SPIN2B
Gm29161	
Gm28767	
Gm29160	
Gm20915	
Gm28766	
Gm29159	
Gm29198	
Gm29193	
Gm28430	
Gm21746	
Gm28593	
Gm20873	SPIN2A
Gm20873	SPIN2B
Gm28916	
Gm28443	
Gm20830	SPIN2A
Gm20830	SPIN2B
Gm28442	
Gm20788	
Gm28997	
Gm28998	SYCP3
Gm28398	
Gm28397	
Gm28400	
Gm28399	
Gm28395	
Gm21788	
Gm28394	
Gm28396	
Gm28393	
Gm20826	SPIN2A
Gm20826	SPIN2B
Vmn2r-ps149	
Gm28576	SYCP3
Gm28575	
Gm28574	
Gm28573	
Gm28572	
Gm28571	
Gm28570	
Gm29049	SPIN2A
Gm29049	SPIN2B
Gm20825	SPIN2A
Gm20825	SPIN2B
Gm29047	
Gm29045	
Gm29046	
Gm29043	
Gm37951	
Gm20824	SYCP3
Gm28146	
Gm28145	
Gm28148	
Gm28147	
Gm28142	
Gm28141	
Gm28143	
Gm28150	
Gm28149	
Gm28330	
Gm28331	
Gm28099	
Gm20815	SPIN2A
Gm20815	SPIN2B
Gm28328	
Gm28270	
Gm28327	
Gm28097	
Gm29329	
Gm28848	
Gm29471	
Gm29474	
Gm28506	
Gm28507	
Gm29142	
Gm21310	SPIN2A
Gm21310	SPIN2B
Gm28509	
Gm28508	
Gm20834	SPIN2A
Gm20834	SPIN2B
Gm28953	
Gm20776	
Gm20828	SPIN2A
Gm20828	SPIN2B
Gm28957	
Gm28952	
Gm28391	
Gm28389	
Gm28655	
Gm28654	
Gm28656	
Gm35108	
Gm37739	
Gm37654	
Gm37572	
Gm37344	
Gm37059	
Gm31942	
Gm37440	
Gm38185	
Gm37577	
Gm20822	SPIN2A
Gm20822	SPIN2B
Gm32447	
Gm37158	
Gm36998	
Gm21809	
Gm37635	
Gm35070	
Gm38094	
Gm21763	
Gm38168	
Gm37740	
Gm54350	
Gm37723	
Gm36261	
Gm37898	
Gm36467	
Gm37927	
Gm36929	
Gm38174	
Gm30598	
Gm20909	SPIN2A
Gm20909	SPIN2B
Gm20865	SPIN2A
Gm20865	SPIN2B
Gm37462	
Gm37658	
Gm32347	
Gm31123	
Gm38370	
Gm38054	
Gm37476	
Gm37369	
Gm38181	
Zfy1	ZNF548
Zfy1	ZNF549
Zfy1	ZNF586
Zfy1	ZNF304
Zfy1	ZNF772
Zfy1	ZNF256
Zfy1	ZNF154
Zfy1	ZNF134
Zfy1	ZNF419
Zfy1	ZNF792
Zfy1	ZNF793
Zfy1	ZNF584
Zfy1	ZNF837
Zfy1	ZNF587B
Zfy1	ZNF552
Zfy1	ZNF773
Zfy1	ZNF610
Zfy1	ZNF480
Zfy1	ZNF418
Zfy1	ZNF562
Zfy1	ZNF561
Uba1y	
Gm28587	
Rhoay-ps3	
Kdm5d	KDM5D
n-R5s1	
Gm54351	
Eif2s3y	
Gm29650	
Uty	UTY
Ddx3y	DDX3Y
Gm4017	
Gm18665	
Usp9y	USP9Y
Gm25565	RNU6-1214P
Gm17790	
Gm29167	
Gm8446	
Gm28534	
Gm28975	
Gm28974	
Gm18797	
Rhoay-ps1	
Zfy2	ZNF548
Zfy2	ZNF549
Zfy2	ZNF586
Zfy2	ZNF304
Zfy2	ZNF772
Zfy2	ZNF256
Zfy2	ZNF154
Zfy2	ZNF134
Zfy2	ZNF419
Zfy2	ZNF792
Zfy2	ZNF793
Zfy2	ZNF584
Zfy2	ZNF837
Zfy2	ZNF587B
Zfy2	ZNF552
Zfy2	ZNF773
Zfy2	ZNF610
Zfy2	ZNF480
Zfy2	ZNF418
Zfy2	ZNF562
Zfy2	ZNF561
Uba1y-ps2	
Gm18796	
Gm29552	
Gm29550	
Gm29551	
Gm8480	
Gm29553	
Gm54352	
Gm28630	
Gm28629	
H2al2c	H2AL1Q
H2al2c	H2AL3
Uba1y-ps1	
Sry	SRY
Gm18798	
H2al2b	H2AL1Q
H2al2b	H2AL3
Rbmyf1	RBMY1B
Rbmyf1	RBMY1E
Rbmyf1	RBMY1D
Rbmyf1	RBMY1J
Rbmyf1	RBMY1F
Rbmyf1	RBMY1A1
Gm6137	
Gm8498	
Rbmy	RBMY1B
Rbmy	RBMY1E
Rbmy	RBMY1D
Rbmy	RBMY1J
Rbmy	RBMY1F
Rbmy	RBMY1A1
Rbmyf2	RBMY1B
Rbmyf2	RBMY1E
Rbmyf2	RBMY1D
Rbmyf2	RBMY1J
Rbmyf2	RBMY1F
Rbmyf2	RBMY1A1
Gm8502	
Gm8506	
Rbmyf3	RBMY1B
Rbmyf3	RBMY1E
Rbmyf3	RBMY1D
Rbmyf3	RBMY1J
Rbmyf3	RBMY1F
Rbmyf3	RBMY1A1
Gm8510	
Gm28819	
Gm28840	
Gm29179	
Gm57861	
Gm29178	
Gm57862	
Gm28969	
Gm57863	
Gm28677	
Gm57864	
Gm29617	
Gm57865	
Gm20803	
Gm28835	
Gm57866	
Gm29624	
Gm57867	
Gm28253	
Gm57868	
Gm29586	
Gm57869	
Gm28136	
Gm57870	
Gm29377	
Gm28749	
Gm29000	
Orly	
Gm29633	
Gm57872	
Gm29218	
Gm57873	
Gm21679	
Gm21064	
4921509O09Rik	
Gm29048	
Gm57874	
Tspy-ps	
Rbm31y	
Gm37865	
Gm36941	
Gm37937	
Gm20772	SPIN2A
Gm20772	SPIN2B
Gm20831	SPIN2A
Gm20831	SPIN2B
Gm37286	
Gm38028	
Ssty1	SPIN2A
Ssty1	SPIN2B
Gm38072	
Gm37433	
Gm37473	
Gm37656	
Gm38127	
Gm30638	
Gm57875	
Gm21904	
Srsy	
Gm21764	
Gm57876	
Gm34015	
Gm20877	SPIN2A
Gm20877	SPIN2B
Gm33191	
Gm38003	
Gm57877	
Gm21379	
Gm20807	SPIN2A
Gm20807	SPIN2B
Gm38084	
Gm37231	
Gm37252	
Gm21440	SPIN2A
Gm21440	SPIN2B
Gm21454	SPIN2A
Gm21454	SPIN2B
Gm37147	
Gm38159	
Gm37870	
Gm37378	
Gm37441	
Gm37561	
Gm36728	
Gm32295	
Gm37263	
Gm57878	
Gm57879	
Gm57880	
Gm28682	
Gm28569	
Gm28681	
Gm28684	
Gm28683	
Gm28680	
Gm28679	
Gm57881	
Gm57882	
Gm57883	
Gm57884	
Gm28284	
Gm29368	
Gm28073	
Gm28074	
Gm28072	
Gm29672	
Gm29131	
Gm20871	
Gm29130	
Gm57885	
Gm57886	
Gm57887	
Gm57888	
Gm57889	
Gm57890	
Gm57891	
Gm57892	
Gm57893	
Gm29466	
Gm29467	
Gm21724	
Gm20963	
Gm57894	
Gm57895	
Gm28326	
Gm28325	
Gm29407	
Gm29405	
Gm29406	
Gm29404	
Gm29403	
Gm28964	
Sly	SYCP3
Gm28165	
Gm28709	
Gm28965	
Gm21868	
Gm21943	SPIN2A
Gm21943	SPIN2B
Gm28532	
Gm28533	
Gm28966	
Gm28961	SYCP3
Gm28962	
Gm28963	
Gm57896	
Gm57897	
Gm57898	
Gm57899	
Gm57900	
Gm57901	
Gm57902	
Gm57903	
Gm57904	
Gm57905	
Gm28082	
Gm21118	SPIN2A
Gm21118	SPIN2B
Gm29644	
Gm29424	SPIN2A
Gm29424	SPIN2B
4932431L22Rik	
Gm29425	
Gm38361	
Gm31260	
Gm38209	
Gm37734	
Gm38013	
Gm37948	
Gm37442	
Gm34550	
Gm37544	
Gm34716	
Gm29554	SYCP3
Gm29556	
Gm20812	SPIN2A
Gm20812	SPIN2B
Gm21258	SYCP3
Gm20931	SYCP3
Gm29559	
Gm20917	SPIN2A
Gm20917	SPIN2B
Gm28421	
Gm28420	
Gm28422	
Gm20916	SYCP3
Gm29033	
Gm29034	
Gm28339	
Gm20855	SYCP3
Gm28584	
Gm28585	
Gm20896	SYCP3
Gm28470	
Gm28469	
Gm28668	
Gm20869	SYCP3
Gm28481	
Gm28482	
Gm28485	
Gm21394	SPIN2A
Gm21394	SPIN2B
Gm28471	
Gm29338	
Gm21409	SYCP3
Gm29339	
Gm28759	
Gm28758	
Gm29071	
Gm28947	
Gm20920	SYCP3
Gm28798	
Gm28797	
Gm28796	
Gm20894	SYCP3
Gm21317	SYCP3
Gm28812	
Gm28811	
Gm28810	
Gm20835	SYCP3
Gm29027	
Gm20911	SYCP3
Gm28739	
Gm29321	
Gm21117	SYCP3
Gm20888	SYCP3
Gm28238	
Gm21650	SYCP3
Gm28541	
Gm28542	
Gm28600	
Gm21518	SYCP3
Gm21209	SYCP3
Gm29180	
Gm29181	
Gm20843	SYCP3
Gm29393	
Gm21294	SYCP3
Gm28472	
Gm21095	SYCP3
Gm28473	
Gm28474	
Gm21488	SYCP3
Gm28854	
Gm28858	
Gm20890	SYCP3
Gm28245	
Gm21173	SYCP3
Gm29203	
Gm21497	SYCP3
Gm20802	
Gm29070	
Gm28553	SYCP3
Gm21873	
Gm29190	
Gm21760	SYCP3
Gm21858	SYCP3
Gm29244	
Gm57478	SYCP3
Gm20792	SYCP3
Gm28754	
Gm21865	SYCP3
Gm35134	SYCP3
Gm37998	
Gm30737	SYCP3
Gm36987	
Gm28531	
Gm21996	SYCP3
Gm28105	
Gm28104	
Gm28103	
Gm28102	SYCP3
Gm28488	
Gm28491	
Gm28490	SYCP3
Gm29579	
Gm29582	SYCP3
Gm28870	SYCP3
Gm28279	
Gm21739	SYCP3
Gm21256	SYCP3
Gm20838	SYCP3
Gm28890	
Gm28891	SYCP3
Gm20837	SYCP3
Gm29503	
Gm21861	SYCP3
Gm21722	
Gm28898	
Gm28897	SYCP3
Gm29564	SYCP3
Gm28827	SYCP3
Gm29110	SYCP3
Gm38107	
Gm31571	SYCP3
Gm29866	SYCP3
Gm36950	
Gm29523	
Gm29524	
Gm29528	
Gm20777	SPIN2A
Gm20777	SPIN2B
Gm28955	
Gm28954	
Gm28510	SYCP3
Gm29525	
Gm29526	
Gm20737	SPIN2A
Gm20737	SPIN2B
Gm21775	
Gm21900	
Gm29527	
Gm20775	
Gm29522	
Gm28917	
Gm28919	SYCP3
Gm21719	SPIN2A
Gm21719	SPIN2B
Gm28921	
Gm28920	
Gm28444	
Gm28171	SPIN2A
Gm28171	SPIN2B
Gm28173	
Gm37236	
Gm29194	
Gm21778	SPIN2A
Gm21778	SPIN2B
Gm29195	
Gm29196	
Gm28435	
Gm29197	
Gm54349	
Gm29158	
Gm21854	SPIN2A
Gm21854	SPIN2B
Gm28768	
Gm28769	
Gm20914	SPIN2A
Gm20914	SPIN2B
Gm21812	SPIN2A
Gm21812	SPIN2B
Gm29535	
Gm29533	
Gm29534	
Gm21874	SPIN2A
Gm21874	SPIN2B
Gm28849	
Gm28847	
Gm20821	SPIN2A
Gm20821	SPIN2B
Gm28999	
Gm21244	SPIN2A
Gm21244	SPIN2B
Gm29364	
Gm29363	
Gm21292	SPIN2A
Gm21292	SPIN2B
Gm21721	SPIN2A
Gm21721	SPIN2B
Gm29366	
Gm29281	
Gm21425	SPIN2A
Gm21425	SPIN2B
Gm20773	SPIN2A
Gm20773	SPIN2B
Gm29409	
Gm28632	
Gm28101	
Gm33815	
Gm28637	
Gm28636	
Gm28081	
Gm28302	
Gm28300	
Gm28301	
Mid1-ps1	
Gm21742	
Gm37765	
Gm38229	
Gm36866	
Gm38035	
Gm37875	
Gm29576	
Gm28122	
Gm30045	
Gm21921	
Gm37112	
Gm37287	
Gm30175	
Gm21350	
Gm20857	
Gm30705	
Gm21773	
Gm37451	
Gm37793	
Gm30858	
Gm28377	
Gm21776	
Gm37130	
Gm37467	
Gm38363	
Gm30174	
Gm28619	
Gm54341	
Gm54342	
Gm28993	
Gm28994	
Gm20795	SPIN2A
Gm20795	SPIN2B
Gm28597	
Gm28428	
Gm28427	
Gm28426	
Gm28425	
Gm28834	
Gm28833	
Gm29354	
Gm29353	
Gm50460	
Gm29356	
Gm21914	
Gm28617	
Gm28618	
Gm29537	
Gm28781	
Gm28174	
Gm29433	
Gm29215	
Gm21801	
Gm28850	
Gm57906	
Gm57907	
Gm21822	
Gm57908	
Gm21891	
Gm21828	
Gm21725	
Gm29616	
Gm29618	
Gm29109	
Gm29108	
Gm21913	
Gm54339	
Gm29416	
Gm54340	
Gm28790	
Gm29272	
Gm21866	
Gm57909	
Gm21767	
Gm57910	
Gm30353	
Gm30686	
Gm28595	
Gm37032	
Gm21882	
Gm57911	
Gm57912	
Gm21797	
Gm21800	
Gm21842	
Gm28170	
Gm28764	
Gm28762	
Gm28763	
Gm21094	SYCP3
Gm21588	
Gm28761	
Gm21599	
Gm28765	
Gm21752	
Gm28365	
Gm21477	SYCP3
Gm28368	
Gm28369	
Gm28367	
Gm28844	
Gm57913	
Gm28179	
Gm57914	
Gm28990	
Gm57915	
Gm28079	
Gm57917	
Gm57918	
Gm57919	
Gm39555	
Gm57920	
Gm57921	
Gm57922	
Gm57923	
Gm57924	
Gm57925	
Gm57926	
Gm57927	
Gm21748	
Gm57928	
Gm29445	
Gm57929	
Gm29089	
Gm57930	
Gm57931	
Gm57932	
Gm57933	
Gm57934	
Gm57935	
Gm57936	
Gm57937	
Gm57938	
G530011O06Riky	
Gm57939	
Gm57940	
Gm57941	
Gm57942	
Gm57943	
Gm57944	
Gm57945	
Gm57946	
Gm57947	
Gm57948	
Gm57949	
Gm57950	
Gm28445	
Gm57951	
Gm57952	
Gm57953	
Gm57954	
Gm57955	
Gm57956	
Gm57957	
Gm57958	
Gm57959	
Gm57960	
Gm57961	
Gm57962	
Gm57963	
Gm57964	
Gm57965	
Gm57966	
Gm57967	
Gm57968	
Gm57969	
Gm57970	
Gm57971	
Gm57972	
Gm57973	
Gm57974	
Gm57975	
Gm57976	
Gm57977	
Gm57978	
Gm57979	
Gm57980	
Gm57981	
Gm57982	
Gm57983	
Gm57984	
Gm57985	
Gm57986	
Gm57987	
Gm54092	
Gm28588	
Gm57988	
Gm57989	
Gm57990	
Gm57991	
Gm29044	
Gm57992	
Gm57993	
Gm57994	
Gm57995	
Gm57996	
Gm57997	
Gm57998	
Gm57999	
Gm58000	
Gm58001	
Gm58002	
Gm58003	
Gm58004	
Gm58006	
Gm58007	
Gm58008	
Gm58009	
Gm58010	
Gm58011	
Gm58012	
Gm58014	
Gm58015	
Gm58016	
Gm58017	
Gm58018	
Gm29301	
Gm58019	
Gm58020	
Gm58021	
Gm58022	
Gm58023	
Gm58024	
Erdr1y	
Gm58025	
Gm58026	
Gm58027	
Gm58028	
Gm58029	
Gm58030	
Gm58031	
Gm58032	
Gm58033	
Gm58034	
Gm58035	
1700020D14Rik	
Gm58036	
Gm21127	
Gm58037	
Gm20818	
Gm58038	
Gm20932	
Gm58039	
Gm21756	
Gm58040	
Gm20886	
Gm58041	
Gm21808	
Gm58042	
Gm28843	
Gm58043	
Gm20866	
Gm58044	
Gm20868	
Gm21184	
Gm58046	
Gm21201	
Gm58047	
Gm20853	
Gm58048	
Gm29075	
Gm58049	
Gm28480	
Gm58050	
Gm20842	
Gm58051	
Gm21880	
Gm58052	
Gm20799	
Gm58053	
Gm21795	
Gm58054	
Gm20844	
Gm58055	
Gm21872	
Gm58056	
Gm20798	
Gm58057	
Gm20846	
Gm58058	
Gm20847	
Gm58059	
Gm20848	
Gm58060	
Gm21766	
Gm58061	
Gm20800	
Gm58062	
Gm21683	
Gm58063	
Gm20898	
Gm58064	
Gm21855	
Gm58065	
Gm29333	
Gm58066	
Gm20902	
Gm58067	
Gm21715	
Gm58068	
Gm29024	
Gm58069	
Gm21799	
Gm58070	
Gm21835	
Gm58071	
Gm29413	
Gm58072	
Gm20922	
Gm58073	
Gm21922	
Gm58074	
Gm21924	
Gm58075	
Gm21111	
Gm58076	
Gm21735	
Gm58077	
Gapdh-ps15	
Gm58078	
Gm21787	
Gm58079	
Gm28770	
Gm58080	
Gm20901	
Gm29496	
Gm58082	
Gm21180	
Gm58083	
Gm20859	
Gm58084	
Gm29495	
Gm58085	
Gm21638	
Gm58086	
Gm28700	
Gm58087	
Gm21658	
Gm58088	
Gm29149	
Gm58089	
Gm29144	
Gm58090	
Gm20808	
Gm58091	
Gm28814	
Gm58092	
Gm29165	
Gm58093	
Gm21242	
Gm28504	
Gm58095	
Gm29607	
Gm58096	
Gm28567	
Gm58097	
Gm21248	
Gm58098	
Gm21241	
Gm58099	
Gm28158	
Gm58100	
Gm21257	
Gm58101	
Gm20791	
Gm58102	
Gm20841	
Gm58103	
Gm21856	
Gm58104	
Gm21282	
Gm58105	
Gm21779	
Gm58106	
Gm20912	
Gm58107	
Gm20801	
Gm58108	
Gm21919	
Gm58109	
Gm28459	
Gm21790	
Gm58111	
Gm21728	
Gm58112	
Gm21825	
Gm58113	
Gm29073	
Gm58114	
Gm29647	
Gm58115	
Gm29470	
Gm58116	
Gm21333	
Gm58117	
Gm21247	
Gm58118	
Gm21344	
Gm58119	
Gm20849	
Gm58120	
Gm28603	
Gm58121	
Gm21864	
Gm58122	
Gm21802	
Gm58123	
Gm21170	
Gm58124	
Gm21741	
Gm58125	
Gm20862	
Gm58126	
Gm20863	
Gm58127	
Gm20864	
Gm58128	
Gm21191	
Gm58129	
Gm21271	
Gm58130	
Gm21281	
Gm58131	
Gm21380	
Gm58132	
Gm21782	
Gm58133	
Gm21308	
Gm58134	
Gm21879	
Gm58135	
Gm20856	
Gm58136	
Gm21785	
Gm58137	
Gm21881	
Gm58138	
Gm21435	
Gm58139	
Gm21862	
Gm58140	
Gm20880	
Gm58141	
Gm20881	
Gm58142	
Gm20861	
Gm58143	
Gm20860	
Gm58144	
Gm20889	
Gm58145	
Gm20887	
Gm58146	
Gm21849	
Gm58147	
Gm21462	
Gm58148	
Gm21470	
Gm58149	
Gm20884	
Gm58150	
Gm21813	
Gm58151	
Gm21387	
Gm58152	
Gm21396	
Gm58153	
Gm28107	
Gm58154	
Gm21245	
Gm58155	
Gm21899	
Gm58156	
Gm21792	
Gm58157	
Gm20923	
Chst9	CHST9
Gm58158	
Gm21249	
Gm58159	
Gm21287	
Gm10036	
Gm24228	
Gm58160	
Gm4835	
Gm29390	
Gm54353	
Gm54354	
Gm58161	
Gm7665	
Cdh2	CDH2
Gm21720	
Gm58162	
Gm21838	
Gm58163	
Gm28671	
Gm58164	
Gm21268	
Gm58165	
Gm21275	
Gm58166	
Gm21902	
Gm58167	
Gm21803	
Gm58168	
Gm20879	
Gm21285	
Gm58170	
Gm21906	
Gm58171	
Gm7670	
Gm29249	
Gm22470	
Gm54355	
Gm58172	
Gm50082	
Gm21920	
Cep120	CEP120
Gm58173	
Gm21749	
Gm58174	
Gm21302	
Gm21740	
Gm58176	
Gm21912	
Gm58177	
Gm29304	
Gm58178	
Gm21894	
Gm58179	
Gm20927	
Gm58180	
Gm20930	
Gm58181	
Gm29300	
Gm58182	
Gm21733	
Gm58183	
Gm21330	
Gm28353	
Gm58185	
Gm28203	
Gm58186	
Gm21340	
Gm58187	
Gm21851	
Gm58188	
Gm21819	
Gm58189	
Gm29223	
Gm58190	
Gm21815	
Gm50083	
Gm54356	
Gm38432	
Gm58191	
Gm54357	RN7SKP21
Gm54357	RN7SKP52
Gm54358	
Csnk1g3	CSNK1G3
Gm20794	
Gm58192	
Gm21489	
Gm58193	
Gm21832	
Gm58194	
Gm5507	
Gm21573	
Gm8594	
Gm58195	
Gm5821	
Gm50365	
Gm20804	
Gm50366	
Gm58196	
Dsc3	DSC3
Gm21877	
Gm58197	
Gm29546	
Gm58198	
Gm21530	
Gm58199	
Gm21634	
Gm58200	
Gm28446	
Gm58201	
Gm20885	
Gm58202	
Gm21654	
Gm58203	
Gm20882	
Gm58204	
Gm20907	
Gm58205	
Zfp608	ZNF608
Gm20921	
Gm58206	
Gm21826	
Gm58207	
Gm21171	
Gm58208	
Gm20936	
Gm58209	
Gm20934	
Gm58210	
Gm21895	
Gm24183	
Gm34073	
Gm58211	
Gm22597	RNU6-1255P
Gm37828	
Gm20933	
Gm37337	
Gm58212	
Gm24514	Metazoa_SRP
Gm26959	
Gm21910	
Gm8614	
Gm58213	
Gm6942	
Gm21889	
Gm54360	
Gm6944	
Gm54361	
Gm58214	
Gm23555	
Gm54362	
Gm29002	
Gm50385	
Gm58215	
Gm8629	
Gm28611	
Gramd2b	GRAMD2B
Gm58216	
Gm21114	
Gm20874	
Gm58218	
Gm29639	
Gm58219	
Gm21806	
Gm58220	
Gm20935	
Gm58221	
Gm31335	
Gm58222	
Gm21065	
Gm58223	
Gm36978	
Gm58224	
Gm21871	
Gm58225	
Gm21469	
Gm21661	
Gm58227	
Dsc2	DSC2
Gm21907	
Gm58228	
Gm20925	
Gm58229	
Gm20926	
Gm58230	
Gm21768	
Gm58231	
Gm20840	
Gm58232	
Gm35955	
Gm58233	
Gm21890	
Gm58234	
Gm21443	
Gm58235	
Gm33571	
Gm58236	
Gm21755	
Gm58237	
Gm20895	
Gm58238	
Gm20892	
Gm58239	
Gm21771	
Gm58240	
Gm21476	
Gm58241	
Gm21506	
Gm58242	
Gm20891	
Gm58243	
Gm20893	
Gm58244	
Gm21804	
Gm58245	
Gm20810	
Gm58246	
Gm21853	
Gm58247	
Gm29317	
Gm28090	
Gm58249	
Gm21737	
Gm58250	
Gm28186	
Dsc1	DSC1
Gm58251	
Gm28915	
Gm58252	
Gm28918	
Gm58253	
Gm28144	
Gm58254	
Gm28098	
Gm58255	
Gm28329	
Gm58256	
Gm29365	
Gm58257	
Gm28846	
Gm58258	
Gm21301	
Gm58259	
Gm28958	
Gm58260	
Gm28956	
Gm58261	
Gm58262	
Gm28951	
Gm58263	
Gm28390	
Gm58264	
Gm28657	
Gm58265	
Gm21736	
Gm58266	
Gm37044	
Gm58267	
Gm31511	
Dsg1c	DSG1
Gm58268	
Gm37395	
Gm58269	
Gm38183	
Gm58270	
Gm38149	
Gm58271	
Gm38145	
Dsg1a	DSG1
Gm58272	
Gm32033	
Gm58273	
Gm20770	
Gm58274	
Gm38016	
Gm58275	
Gm33112	
Gm58276	
Gm38369	
Dsg1b	DSG1
Gm58277	
Gm35843	
Gm58278	
Gm36891	
Gm58279	
Gm20910	
Gm58280	
Gm2098	
Aldh7a1	ALDH7A1
Gm58281	
Gm28628	
Gm58282	
Gm20781	
Gm58283	
Gm37325	
Gm58284	
Gm20833	
Gm58285	
Gm20851	
Gm58286	
Gm30312	
Gm58287	
Gm36928	
Gm58288	
Gm36398	
Gm58289	
Gm20836	
Gm58290	
Gm21316	
Gm21923	
Gm58292	
Gm21405	
Gm58293	
Gm21758	
Gm58294	
Gm21413	
Gm58295	
Gm21419	
Gm58296	
Gm21428	
Gm58297	
Gm20978	
Gm58298	
Gm20913	
Gm58299	
Gm28350	
Gm58300	
Gm21672	
Gm58301	
Gm21660	
Gm58302	
Gm21678	
Gm58303	
Gm20919	
Gm58304	
Gm28423	
Gm58305	
Gm21823	
Gm58306	
Gm21898	
Gm58307	
Gm21824	
Gm58308	
Gm8642	
Gm28436	
Gm58309	
Mir1258	
Dsg4	DSG4
Gm29475	
Gm58310	
Gm29330	
Gm58311	
Gm21151	
Gm58312	
Gm21160	
Gm58313	
Gm5688	
Gm28080	
Phax	PHAX
Gm58314	
Gm21524	
Gm58315	
Gm21412	
Gm58316	
Gm21875	
Gm58317	
Gm20904	
Gm58318	
Gm21163	
Spmip10	SPMIP10
Gm58319	
Gm21791	
Gm58320	
Gm21427	
Gm58321	
Gm29577	
Gm50283	
Gm58322	
Gm50289	
Gm29573	
Lmnb1	LMNB1
Gm58323	
Gm21155	
Gm58324	
Gm20928	
Gm58325	
Gm20793	
Gm58326	
Gm28596	
Gm22271	
Gm58327	
Klf9	KLF9
Gm20832	
Gm58328	
Marchf3	MARCHF3
Gm20827	
Mir1192	
Gm58329	
Habp2	HABP2
Gm21729	
Gm58330	
Gm29357	
Dsg3	DSG3
Gm58331	
Gm21774	
Gm58332	
Gm21784	
Gm58333	
Gm20805	
Gm58334	
Gm21076	
Gm58335	
Gm21869	
Gm58336	
Gm20813	
Gm58337	
Gm31186	
Gm28371	
Gm21744	
Gm58340	
Gm15345	
Gm18087	
C330018D20Rik	C5orf63
Smc5	SMC5
Gm18739	
Gm19486	
Dsg2	DSG2
Gm16090	
Ttr	TTR
Gm10269	
B4galt6	B4GALT6
Megf10	MEGF10
Gm24263	RNU6-715P
Mamdc2	MAMDC2
Gm50200	
Gm50201	
Trappc8	TRAPPC8
Gm50445	
Gm50443	
Cfap95	CFAP95
Gm50422	
Gm9493	
Gm22144	
Gm21542	
Gm6563	
Ptar1	PTAR1
Gm50299	
Apba1	APBA1
Gm54372	
Rnf125	RNF125
Gm50300	
Rnf138	RNF138
Entrep1	ENTREP1
Gm50305	
Tjp2	TJP2
Mep1b	MEP1B
Gm6378	
Garem1	GAREM1
Gm54376	Y_RNA
Gm50052	
Gm22886	
Gm4837	
Fbn2	FBN2
Gm50310	
Fxn	FXN
Gm16216	
Pip5k1b	PIP5K1B
Gm54377	
Klhl14	KLHL14
Pabir1	PABIR1
Tmem252	TMEM252
Pgm5	PGM5
Slc27a6	SLC27A6
Gm23270	
Isoc1	ISOC1
Gm17800	
Gm50342	
Gm10053	CYCS
Foxd4	FOXD4L1
Foxd4	FOXD4L5
Foxd4	FOXD4L3
Foxd4	FOXD4L4
Foxd4	FOXD4L6
Foxd4	FOXD4
Adamts19	ADAMTS19
Nrap	NRAP
Ccdc178	CCDC178
Gm15061	
Gm3657	
Gm54363	
Gm15076	
Gm8261	
Gpr50	GPR50
Gm15075	
Gm15074	
Gm14723	
Gm3669	
Rpl30-ps10	
Gm4996	
Gm10488	SYCP3
Minar2	MINAR2
Gm54364	
Gm9164	
E330016L19Rik	
Gm9166	
Gm24142	
Gm3681	
AF357341	SNORD114-1
AF357341	SNORD114-13
AF357341	SNORD114-11
AF357341	SNORD114-3
AF357341	SNORD114-16
Gm22170	
Mir882	
Vma21	VMA21
Gm22981	SNORD114-1
Gm22981	SNORD114-13
Gm22981	SNORD114-11
Gm22981	SNORD114-3
Gm22981	SNORD114-16
Gm25856	SNORD114-1
Gm25856	SNORD114-13
Gm25856	SNORD114-11
Gm25856	SNORD114-3
Gm25856	SNORD114-16
Gm35890	
Gm23787	SNORD114-14
Gm4929	
Gm25854	SNORD114-21
Gm49374	
Gm22205	SNORD114-24
Gm22205	SNORD114-23
Gm7126	
Gm25224	SNORD114-30
Gm9194	
Mir379	
Mir411	
Mir299a	MIR299
Gm48482	
Mir299b	
Gm54365	
Mir380	
Lratd1	LRATD1
Mir1197	
Gm14632	SYCP3
Mir323	MIR323A
Mir758	
Mir329	
Mir494	MIR494
Gm48498	
Gm9847	
Mir679	
Mir1193	
Gm25414	
Mir666	
Gm48504	
Mir543	
Chsy3	CHSY3
Gm26449	
Mir495	
Gm9202	
Mir667	
Mir376c	
Mir654	
Mir376b	
Gm54366	
Mir376a	
Mir300	
Mir381	MIR381
Mir487b	
Gm54367	
Gm54368	
Mir539	
Gm54369	
Mir544	
Mir6355	
Gm19084	
Gm54378	
Gm48541	
Gm8697	
Gm17915	
Gm50235	
Gm18217	
Trib2	TRIB2
Gm54379	
Gm18218	
Gm7437	
Iigp1c	
Gm14974	
Gm5970	
Gm4841	
Htr2c	HTR2C
Mir6387	
Gm48557	
Nol4	NOL4
Gm18114	
Vrtn	VRTN
Mir382	MIR382
Mir134	MIR134
Mir668	MIR668
Mir485	
Mir453	
Mir154	MIR154
Mir496a	MIR496
Mir377	MIR377
Syndig1l	SYNDIG1L
Gm34396	
Krtap20-2	
Mir541	MIR541
Gm54382	
Gm54371	MIR409
Krtap21-1	
Gm48573	
Mir409	MIR409
Rlim	RLIM
Mir412	MIR412
Mir369	
Mir410	MIR410
Krtap6-2	
Nubpl	NUBPL
Ifitm7	IFITM1
Ifitm7	IFITM3
Ifitm7	IFITM2
Ifitm7	
Gm23655	RNU6-764P
Krtap8-1	KRTAP8-1
Krtap7-1	KRTAP7-1
Krtap11-1	KRTAP11-1
Gm49696	
Gm17844	
Bmerb1	BMERB1
Snora35	SNORA35
Mir3072	
Mir3552	
Gm9661	
Gm14892	
Gm3379	
Mir764	
Gm23378	RNU6-775P
Gm23378	RNU6-221P
Npc2	NPC2
Mir1912	
Pasd1	PASD1
Gm15806	
Gm15807	
Gm22495	
Gm15808	
Rbm22	RBM22
Ndufb4	NDUFB4
Gm47187	
Isca2	ISCA2
Gm4600	
Marf1	MARF1
Gm22266	SNORA17A
Mir1264	
Mir1298	
Gm54370	
Mir1911	
Mir448	MIR448
Gm10487	SYCP3
Arhgap5	ARHGAP5
Prrg3	PRRG3
Dtna	DTNA
Gm24859	RNU6-8
Gm24859	RNU6-7
Gm23296	RNU6-8
Gm23296	RNU6-7
Akap6	AKAP6
Nexmif	NEXMIF
Gm54384	
Mir672	
Mir484	MIR484
Fate1	FATE1
Fstl1	FSTL1
Il13ra2	IL13RA2
Zng1	ZNG1E
Zng1	ZNG1C
Zng1	ZNG1F
Gm47488	
n-R5s58	
Npas3	NPAS3
Btnl12	BTN3A1
Gm54385	
Lrrc58	LRRC58
Gm15725	
Gpr156	GPR156
Gm25140	
Cnga2	CNGA2
Gsk3b	GSK3B
Egln3	EGLN3
Mir3084-1	
Gm54426	SNORA19
Casp7	CASP7
Gm22220	
Gm54374	RNU1-42P
Gm47553	
Gm7557	
Magea4	MAGEA10
Ltbp2	LTBP2
Gm47265	
Abcb7	ABCB7
Dock8	DOCK8
Gm25617	SNORA17A
Gm25617	
Nde1	NDE1
Vcp-rs	
Gm6238	
Uprt	UPRT
Gabre	GABRE
Mir224	
Mir452	
Magea10	MAGEA10
Zdhhc15	ZDHHC15
Gm47898	
Mapre2	MAPRE2
Gm24252	
Gm22430	
Kank1	KANK1
Gm14822	
Magee2	MAGEE2
Gm6285	
Gm22090	
Gm14552	
Gabra3	GABRA3
Gm34432	
Gm26207	
Gm5249	
Tiam1	TIAM1
Gm48709	
Dmrt1	DMRT1
Gm17139	
Ppp2r5c	PPP2R5C
Dmrt3	DMRT3
Mir6360	
Gm23207	RNU6-1198P
Gm14735	
Gm46611	
Mir767	
Mir105	MIR105-1
Mir105	MIR105-2
Rpl19-ps7	
Gm10486	SYCP3
Dmrt2	DMRT2
Zfp397	ZNF397
Gm8825	
Gm25176	RNU4-5P
Gm50377	
Zfp35	
Gm50378	
Gm50379	
Nhlrc2	NHLRC2
Zfp24	ZNF24
Gm49074	
Gm16374	
Ccdc134	CCDC134
Gm18085	
Ino80c	INO80C
Gm48775	
Adrb1	ADRB1
Ccdc186	CCDC186
Gm2309	
Gm2318	
Gm14553	
Gm14819	SYCP3
Galnt1	GALNT1
Mroh2b	MROH2B
Lrch2	LRCH2
Gm5242	
Pacs1	PACS1
Gm35558	
Arel1	AREL1
Gm2805	
Gm7307	
Gm49704	
Sod1	SOD1
Gm7701	
Mir187	MIR187
2700062C07Rik	C18orf21
Scaf4	SCAF4
C7	C7
Rprd1a	RPRD1A
Gm25652	RNU6-49P
Gm16077	
Card6	CARD6
Rpl37	RPL37
Cdx1	CDX1
Tpgs2	TPGS2
Snord72	SNORD72
Gm10250	
Prkaa1	PRKAA1
Gm54439	
Gm50189	
Sf3b2	SF3B2
Pbdc1	PBDC1
Ppargc1b	PPARGC1B
Srebf2	SREBF2
Gm17193	
Dync1h1	DYNC1H1
Gm49710	
Hunk	HUNK
Magee1	MAGEE1
Gm6292	
E530001F21Rik	
Rpl30-ps9	
Gm14824	
Mir384	
Mir325	
Rab9b-ps1	
Gm14855	
Gm14854	
Fgf16	FGF16
Ott	
Gm54396	MIR378B
Gm54396	MIR378D2
Mir378a	MIR378A
Gm8755	
Gm16558	
Celf4	CELF4
1110008E08Rik	
Gm23406	
Gm49715	
Mis18a	MIS18A
Gal3st3	GAL3ST3
Gm50208	
Gm7074	
Catsper1	CATSPER1
Mrap	MRAP
Mtbp	MTBP
Atrx	ATRX
Gm17111	
Urb1	URB1
1700001K19Rik	
Cst6	CST6
Gm52999	
Gm54380	
Tdrd1	TDRD1
Fcf1	FCF1
Hsp90aa1	HSP90AA1
Myh11	MYH11
Gm3227	
Gm54402	
0710001A04Rik	
Gm49502	
Gm7847	
Mir33	MIR33A
Gm23674	
Shisa8	SHISA8
Gm18089	
Gm7874	
Lpin1	LPIN1
Gm49977	
Gm7729	
Sntb1	SNTB1
Gm49978	
Gm5064	
Gm24246	
Gm6643	
Gm34658	
Mif-ps10	
Gm34743	
Gm7917	
Pik3c3	PIK3C3
Gm10370	
Gm7595	
Gm49210	
Hba-ps3	
Ttc33	TTC33
Gm48609	
Gm26020	RNU2-26P
Gm26020	RNU2-57P
Gm23972	RNU1-148P
Gm14853	
1700029F12Rik	
Gm23656	RNU6-321P
Vcf2	FAM156B
Vcf2	FAM156A
Gm49213	
Has2	HAS2
Gm5791	
Gm4935	
Gm7065	
Cntnap3	CNTNAP3B
Cntnap3	CNTNAP3
Cntnap3	CNTNAP3C
Ptger4	PTGER4
Gm15937	
Gm5673	
Gm49093	
Ofcc1	
Gm2582	
Gm2157	
Gm26178	
Gm2150	
Gm15129	
Gm46496	
Magt1	MAGT1
Gm18715	
Gm54383	
Gm8043	
Gm49095	
Gm8047	
Gm23139	
Slc22a22	
Fam169a	FAM169A
Banf1	BANF1
Gm49229	
Gm18094	
Gm49235	
Zhx2	ZHX2
9330154K18Rik	
Eif1ad	EIF1AD
Derl1	DERL1
Vwa2	VWA2
Tbc1d31	TBC1D31
Gm8352	
Gm47038	
Gm47039	
Plp2rt	PLP2
Gm47041	
Nsa2	NSA2
Gm7926	
Gm7930	
Rpl29-ps5	
Cep20	CEP20
Gm22870	
Gm7936	
Gm41780	
Rit2	RIT2
Tfap2a	TFAP2A
Cox7b	
Il17b	IL17B
Gm15868	
Apex2	APEX2
Gm49517	
Eva1c	EVA1C
Pcyox1l	PCYOX1L
Sart1	SART1
Grpel2	GRPEL2
Afap1l1	AFAP1L1
Fer1l6	FER1L6
Gm54392	RN7SKP297
Gm20712	
Tmem65	TMEM65
Gm47061	
Gm26688	
Gm7768	
Tsga10ip	TSGA10IP
Gm48103	
Gm36363	
Gm21930	
Gm48111	
Cbx3-ps5	
Gm7831	
Vmn2r-ps96	
Gm49727	
Cfap298	CFAP298
Nme8	NME8
Gm24041	
Alas2	ALAS2
Ube2d4	
Gm6293	
Trmt12	TRMT12
Drap1	DRAP1
Rnf139	RNF139
Ablim3	ABLIM3
Gm49356	
Dab2	DAB2
Wdr20	WDR20
Igsf11	IGSF11
Ntsr2	NTSR2
Gm36903	
Gm54403	
Gm49739	
Mir3620	
Gm49530	
Atp7a	ATP7A
Gm25547	
Clxn	CLXN
Ylpm1	YLPM1
AI837181	C11orf68
Gm54444	
Gm25432	
Gm37774	
Fosl1	FOSL1
Hmgb1-ps11	
Sh3tc2	SH3TC2
Gm48166	
Gpr141b	
Zfp1000	
Gm48171	
Gm48169	
Gm48167	
Vmn2r-ps97	
Gm3829	
Ccdc85b	CCDC85B
Gpr141	GPR141
Afap1l2	AFAP1L2
Gm49536	
Gm7731	
Gm5404	
Gm6031	
Gm19154	
Gm7085	
Gm48164	
Gm48186	
Gm19118	
Synj1	SYNJ1
Vmn2r-ps98	
Gm38428	
Gm48412	
Gm48413	
Vmn2r-ps108	
Gm48414	
Cbx3-ps4	
Aoah	AOAH
Adrb2	ADRB2
Wdr33	WDR33
Mok	MOK
Tlr13	
Gm14856	
Pgk1	PGK1
Vmn2r-ps109	
Gm5451	
Gm47727	
Gm7911	
Prox2	PROX2
Gm54437	
Or2p2	
Taf9b	TAF9B
Gfm2	GFM2
Gm38355	
Gm48340	
Zfp839	ZNF839
Mpc1-ps	
Srp54b	SRP54
Rpl39	RPL39
Sft2d3	SFT2D3
Gm54422	
Gm15965	
Htr4	HTR4
Ube2v2	UBE2V2
Snora69	
Fnd3c2	
Gm49538	
Gm7748	
Mcm4	MCM4
Fibp	FIBP
Fam177a2	FAM177A1
Lims2	LIMS2
Gm14852	
Gm5353	
Gm14857	
Gm5133	
Gm45420	
Gm48352	
Mir6382	
Agrp	AGRP
Gm14876	
Cinp	CINP
Upf3b	UPF3B
Gm45855	
Ripor1	RIPOR1
Paxbp1	PAXBP1
Ctsw	CTSW
Gpr17	GPR17
Myo7b	MYO7B
Gm6325	
Gm49137	
Gm18926	
Gm24770	
Gm9287	
Gm54390	
Gm23276	
Gm9290	
Pspc1	PSPC1
Nkap	NKAP
Gm18888	
Dlst	DLST
Tatdn1	TATDN1
Mir1966	
Gm38384	
Ctcf	CTCF
Efemp2	EFEMP2
Akap14	AKAP14
Ndufa1	NDUFA1
Gm4479	
Gm5915	
Rnf113a1	RNF113A
Dach1	DACH1
Nr3c2	NR3C2
Gm9	
Rhox1	
4931406G06Rik	
Rhox2a	
Epcip	EPCIP
Gm16345	
Iws1	IWS1
Zbtb20	ZBTB20
Fndc3c1	
Ndufb9	NDUFB9
C9	C9
Srp54c	SRP54
Gm24838	
Gm23260	
Carmil2	CARMIL2
Gm25831	
Gm54406	RN7SKP254
Gm16331	
Gm26006	
Fyb1	FYB1
Gm46477	
Gm49017	
Gm48405	
Gm26139	
Gm27034	
Gm49376	
Zmym5	ZMYM5
Greb1	GREB1
Proc	
Gm54415	
Cysltr1	CYSLTR1
Rhox3a	
Pcm1	PCM1
Mus81	MUS81
Rhox4a	
Hexb	HEXB
Gm48906	
Gm22498	
Gm54391	
Gm22218	
Gm8983	
Wdhd1	WDHD1
Gm5969	
Gm5127	
Map3k2	MAP3K2
Gm24622	
Gm14877	
Gm14878	
Gm14879	
Gm9200	
Gm24491	RNU6-511P
Gm24491	RNU6-832P
Gm54418	
Gm14882	
Rhox3a2	
Mtss1	MTSS1
Gm14881	
Zfp457	ZNF85
Zfp457	ZNF695
Zfp457	ZNF738
Zfp457	ZNF736
Zfp457	ZNF727
Zfp457	ZNF678
Zfp457	ZNF682
Zfp457	ZNF681
Zfp457	ZNF724
Gm14880	
Rhox4a2	
Gm48824	
Rtl3	RTL3
Zfp595	ZNF85
Zfp595	ZNF695
Zfp595	ZNF738
Zfp595	ZNF736
Zfp595	ZNF727
Zfp595	ZNF678
Zfp595	ZNF682
Zfp595	ZNF681
Zfp595	ZNF724
Rhox2b	
Ercc3	ERCC3
Rhox3b-ps	
Lpar4	LPAR4
Gm28044	
Rhox4b	
Hivep1	HIVEP1
P2ry10	P2RY10
Ndufs5-ps	
Gm25873	
Gm15712	
Gm37946	
Gm15711	
Gm9968	
1700061A03Rik	
Rhox2c	
Gm15713	
Snx32	SNX32
Mir568	
Tigit	TIGIT
Edn1	EDN1
Ppp2r3c	PPP2R3C
Gm49734	
Prkdc	PRKDC
Gm54438	
P2ry10b	
Gm47118	
Tex51	TEX51
Srbd1	SRBD1
Gm7666	
Gm6049	
4930544F09Rik	
Gm47125	
Gm54448	
Tcf20	TCF20
Gm20136	
Gypc	GYPC
Arhgef28	ARHGEF28
Gm54388	
Rps6kl1	RPS6KL1
Gm25826	
Tslp	TSLP
Gm14834	
Gm14836	
Rhox3c	
Gm26378	
Wdr36	WDR36
Rhox4c	
Nscme3l	NSMCE3
Rhox2d	
Ovol1	OVOL1
Mir3080	
Rictor	RICTOR
Gm26494	
Rhox4d	
Gm49149	
Gm24378	RNU6-337P
Gm24378	RNU6-643P
Gm24378	RNU6-713P
Gm49150	
Socs4	SOCS4
Pgf	PGF
Ap5b1	AP5B1
Gpr174	GPR174
Acd	ACD
Gm9502	
Zmym2	ZMYM2
Rnaseh2c	RNASEH2C
Zfp942	ZNF34
Zfp943	ZNF34
Gm45930	
Tecpr2	TECPR2
Gm7805	
Gm7809	
Gm49950	
Gm9772	
Gm7052	
Zfp947	ZNF34
Gm9208	
Gm14833	
Gm5392	
Smarca2	SMARCA2
Rhox2e	
Gm9514	
Zfp994	ZNF34
Gm7072	ZNF34
Gm47906	
Gm49951	
Zfp944	ZNF34
Mapk1ip1l	MAPK1IP1L
Itm2a	ITM2A
Zfp758	
Mir6361	
Camk4	CAMK4
Gm49189	
Gm14835	
Gm49190	
Rhox3e	
Lgals3	LGALS3
Asah1	ASAH1
Gm29168	
Zfp946	ZNF34
Rhox4e	
Gm54442	RNU6-983P
Gm54442	RNU6-1223P
Stard4	STARD4
Gm49955	
Tmem247	TMEM247
Rhox2f	
Gm49956	
Gm19012	
Atp6v1e2	ATP6V1E2
Rhox3f	
Eif2b2	EIF2B2
Rhoq	RHOQ
Gm5503	
Rhox4f	
Nrep	NREP
Rhox3g	
Vmn2r111	
Dppa3-ps	
Gm24493	
Rhox2g	
Gm54618	
Gm5649	
Gm47244	
Gm48864	
Gm8709	
Gm48891	
Prorp	PRORP
Pibf1	PIBF1
1500009L16Rik	C12orf75
Gm10549	
Gm50392	
Tbx22	TBX22
Gm23639	
Epb41l4a	EPB41L4A
Gm50012	
Pigf	PIGF
Drd3	DRD3
Pard6a	PARD6A
Gm48892	
Gm47245	
Gm47247	
C230099D08Rik	
Gm34184	
Gm37908	
Arhgap18	ARHGAP18
Gm10292	
Mrpl47	MRPL47
Cript	CRIPT
Nsmce2	NSMCE2
Gm26468	RNU6-1180P
Rpsa-ps10	
Gm6439	
Vmn2r112	
Mir3963	
Gm43469	
Gm43473	
Gm42949	
Adgrl4	ADGRL4
Gm49511	
Mzt2	MZT2A
Mzt2	MZT2B
Frg1	FRG1
Frg1	
Gm30534	
Gm24648	
Gm5499	
Gm54625	SNORA13
Gm5224	
Yeats4	YEATS4
Socs5	SOCS5
Gm20082	
Cebpd	CEBPD
Spidr	SPIDR
Trib1	TRIB1
Gapdh-ps14	
Gm54551	
Zfp945	ZNF34
Smarce1-ps1	
Rhox4g	
Gm4412	
Hspd1-ps1	
Zmiz1	ZMIZ1
Zfp353-ps	
Gm6180	
Gm20150	
Phactr1	PHACTR1
Enkd1	ENKD1
Nfam1	NFAM1
Gm22788	
Gm48772	
Gm24432	
Gm23411	
Lyz3	LYZ
Chmp1b2	
Piezo2	PIEZO2
Ndufb5	NDUFB5
Gm54636	
Gm26181	RNU6-692P
Gm26181	RNU6-1059P
Gm18414	
Mlh3	MLH3
Gm45590	
Gm32892	
4933405L10Rik	C16orf86
Gm18214	
Vmn2r-ps128	
Vmn2r113	
Lyz2	
Rhox3h	
Arhgap10	ARHGAP10
Vmn2r-ps129	
Gm18415	
Mcfd2	MCFD2
Lyz1	
Gm24147	
Rhox2h	
Lama2	LAMA2
Rhox7-ps2	
Rhox2-ps	
Tent5d	TENT5D
Mug2	CPAMD8
Mug2	PZP
Gm24458	
Slc30a7	SLC30A7
Gm54432	
Gm18334	
Pkp2	PKP2
Wmp	
Gm14849	
Brwd3	BRWD3
Zfp40	
Ifi44	IFI44
Mir6938	
Gm46369	
Acyp1	
Gm5481	
Yars2	YARS2
Gm44184	
Gm9728	
Vmn2r-ps133	
Gm7083	
Rpl18a-ps2	
Vmn2r114	
Gm7713	
Igkv14-134-1	
4933412E24Rik	
4933412E24Rik	CXorf49
4933412E24Rik	CXorf49B
Zc2hc1c	ZC2HC1C
Gm25875	RNU6-763P
Klf5	KLF5
Osmr	OSMR
Slco1c1	SLCO1C1
Nek9	NEK9
Vmn2r115	
Gm22984	RNU2-41P
Gm25130	
Gm49218	
Zdhhc23	ZDHHC23
Gm49219	
Gm9298	
Gm37093	
Gm22970	
Gm5958	
Mir669n	
Ifi44l	IFI44L
Klf12	KLF12
Ptgfr	PTGFR
Ttc7	TTC7A
Gm16260	
Gm26367	
Gm43618	
Gm9302	
Gm25056	
Gm2939	
Gm24345	
Gm49237	
Gm2860	
Gm9682	
Ifnar1	IFNAR1
Gm49238	
Gm54404	
Gm23538	RNU6-329P
Usp13	USP13
Gm49239	
Prr30	PRR30
Tmed10	TMED10
Gm54405	
Hspd1-ps5	
Dlgap5	DLGAP5
Gm47820	
Gm47817	
Fos	FOS
Gm15810	
Gm15812	
Gm15809	
Gm54481	
Vmn1r200	
Nol10	NOL10
Igkv17-134	
Triml1	TRIML1
Igkv1-133	
Vmn1r-ps103	
Vmn1r-ps104	
Gm11298	
5730416F02Rik	
Hmgn5	HMGN5
Vmn1r201	
Gm5308	
Rpl18a-ps3	
Vmn1r-ps106	
Vmn1r-ps107	
Vmn1r-ps108	
Gm43284	
Vmn1r202	
Igkv1-132	
Gm6284	
Vmn1r203	
Gm46507	
Gm45406	
Gm11300	
4933421D24Rik	
Gm4774	
Vmn1r204	
Igkv1-131	
Gm17892	
Gfod2	GFOD2
Gm38282	
Vmn1r205	
Gm6392	
Vmn1r206	
Gm48946	
Gm18980	
Gm23835	
Gm48947	
Vmn1r-ps109	
Gm11307	
Gm15574	
Lratd2	LRATD2
Gm22425	
Vmn1r207	
Gm24911	
Extl2	EXTL2
Igkv9-128	
Gm17917	
Gm7856	
Gm23322	
Vmn1r-ps112	
Gm48083	
Gm25797	RNU6-1227P
Mir6367	
Vmn1r-ps113	
Ifngr2	IFNGR2
Sh3bgrl	SH3BGRL
Igkv17-127	IGKV5-2
Gm11313	
Gm54634	
Vmn1r208	
Gm36962	
Gm18041	
9930014A18Rik	
Igkv14-126-1	
Gm47696	
Gm11314	
Vmn1r209	
Gm9729	
Gm45285	
Igkv14-126	
Gm18972	
Gm45407	
Gm18507	
Vmn1r210	
Triml2	TRIML2
A1bg	A1BG
Gm25910	
Cpsf6	CPSF6
Igkv9-124	
Vmn1r-ps114	
Vmn2r116	
Tbc1d7	TBC1D7
Slco1b2	SLCO1B3
Slco1b2	SLCO1B1
Gm54436	RN7SKP31
Gm14869	
Tmem255a	TMEM255A
4930402D18Rik	
Gm36752	
Odc1	ODC1
Gm48951	
Gm24696	
D030024E09Rik	
Tmem50b	TMEM50B
Gm49498	
Gm18154	
Gm37947	
Serhl	SERHL2
0610012D04Rik	
Gm49952	
Vmn2r-ps134	
Vmn2r117	
Gm2221	
Prmt9	PRMT9
Gramd1c	GRAMD1C
Igkv9-123	
Stpg4	STPG4
Igkv1-122	
Gm26344	
Gipc2	GIPC2
Slco1a7	SLCO1A2
Gm22748	
Gm48290	
Gm54419	
Hpcal1	HPCAL1
Igkv17-121	IGKV5-2
Gm54492	RN7SKP299
Igkv9-120	
Gm48315	
B430203G13Rik	
Igkv9-119	
Gm48317	
Gm48319	
Gm48318	
Calm2	CALM2
Igkv14-118-2	
Gm48347	
Gm9229	
Gm48354	
Igkv14-118-1	
Gm48355	
Gm43739	
Gm54642	RNU6-538P
Gm54642	RNU6-316P
Gm54642	U6
Gm54642	RNU6-714P
Gm54642	RNU6-1193P
Gm54642	RNU6-1320P
Gm54642	RNU6-55P
Gm54642	RNU6-821P
Gm54642	RNU6-954P
Gm54642	RNU6-1269P
Gm54642	RNU6-798P
Gm54642	RNU6-599P
Gm54642	RNU6-368P
Gm45286	
Zfp42	ZFP42
Gm5309	
Gm6377	
Gm40879	
Igkv11-118	
Gm19368	
Vmn1r211	
Igkv1-117	
Gm46312	
Vmn1r-ps116	
Gm23774	
BC048507	
Gm7093	
Gm14868	
Vmn1r212	
Gm9002	
Gm9231	
Gm43171	
Gm4784	
Gm9004	
Vmn1r-ps117	
Gm16198	
Gm43170	
Gm7969	
Gm48392	
D630002J18Rik	
Rfx4	RFX4
Gm54643	
Slco1a4	SLCO1A2
Adam26b	
Gfod1	GFOD1
5730507C01Rik	
Dnajb4	DNAJB4
Gm4991	
Ranbp10	RANBP10
Gm7134	
Gm9225	
Gm14886	
Gm19786	
Gm26108	RNU2-3P
Pou3f4	POU3F4
Gm11320	
Gm11321	
Gm48419	
Vmn1r-ps120	
Gm48398	
Gm48423	
Gm26005	
Gm48409	
Gm28676	
Gm11322	
Gm10112	
Gm49760	
Gm48424	
Fbxo11	FBXO11
Gm11318	
Gm9237	
AA414992	
Atp1b4	ATP1B4
Vmn1r-ps123	
Gm8016	
Gm48411	
Gm48429	
Gm48446	
Gm48436	
Gm46313	
Vmn1r213	
Vmn1r-ps125	
Gm13155	
Gm16211	
Vmn1r214	
Gm49764	
Zfp534	ZNF34
Gm48472	
Gm19153	
Vmn1r-ps126	
Gm9249	
Vmn1r215	
Igkv2-116	
Gm13137	
Vmn1r216	
Gm13136	
Gm13148	
Zfp984	ZNF34
Gm48516	
Igkv1-115	
Myc	MYC
Gm40849	
Igkv11-114	
Gm11325	
Vmn1r-ps127	
Gm9158	
Vmn1r217	
Igkv2-113	
Gm20707	
Rps19-ps3	
Zfp933	
Gm4873	
Vmn1r-ps128	
Vmn1r218	
Igkv2-112	
Gm48523	
Plpp3	PLPP3
Vcam1	VCAM1
Gm48525	
Gm5953	
Vmn1r219	
Gm48540	
Gm46339	
Gm48576	
Igkv14-111	
Gm5784	
Vmn1r220	
Gm25436	
Igkv1-110	
Gm29737	
Gm49769	
Gm12723	
Gm49372	
Gm12726	
Gm54744	
Vmn1r-ps131	
Gm8353	
Vmn1r-ps132	
Miip	MIIP
Vmn1r221	
Gm48625	
Gm9257	
Tbc1d4	TBC1D4
Vmn1r-ps133	
Gm48635	
Sirt5	SIRT5
Gm43007	
Gm48636	
Gm4853	
Gm48637	
Lamp2	LAMP2
Gm48638	
Gm42612	
Gm48641	
Igkv2-109	IGKV2-40
Igkv2-109	IGKV2D-29
Igkv2-109	IGKV2D-28
Igkv2-109	IGKV2D-26
Igkv2-109	IGKV2-28
Igkv2-109	IGKV2D-40
Gm9259	
Gm54427	
Gm54428	
Gm54429	
Gm54430	
Macroh2a3	
Gm54431	
Mir3470b	
Gm22521	
Dnajc28	DNAJC28
Adam26a	
Tsg101-ps	
Igkv1-108	
Gm49013	
Gm48643	
Gm49014	
Gm54423	
Igkv2-107	
Gm48644	
Gm25702	
Igkv11-106	
Gm4942	
Adam34l	
Gm5473	
Gm21863	
Gm48645	
Igkv2-105	
Adam34	
Gm46499	
Gm40853	
Gsdmc	GSDMC
Gm5310	
Igkv16-104	
Tmem184c	TMEM184C
Gm49381	
Atp6v1a	ATP6V1A
Gm9265	
Igkv15-103	IGKV1-17
Igkv15-103	IGKV1-9
Igkv15-103	IGKV1-8
Igkv15-103	IGKV1D-37
Igkv15-103	IGKV1D-8
Igkv15-103	IGKV1D-16
Igkv15-103	IGKV1-37
Igkv15-103	IGKV1-12
Igkv15-103	IGKV1-5
Igkv15-103	IGKV1-16
Igkv15-103	IGKV1D-13
Igkv15-103	IGKV1D-42
Igkv15-103	IGKV1-39
Igkv15-103	IGKV1D-39
Igkv15-103	IGKV1D-43
Igkv15-103	IGKV1-6
Igkv15-103	IGKV1D-12
Igkv15-103	IGKV1D-17
Igkv15-102	
Gm36635	
Igkv20-101-2	IGKV1OR2-108
Bag5	BAG5
Igkv15-101-1	
Igkv15-101	
Slco1a1	SLCO1A2
Gm5183	
Gm54434	
Gm5184	
Gm25917	
Gm54435	
Coa8	COA8
Gm5347	
Gm6011	
Gm6303	
Gm45657	
5330425B07Rik	
Gm45658	
Gm26544	
Gm45659	
Gm54649	
Gm45714	
Gm19855	
Gpr88	GPR88
Gm37972	
Gm54650	
Gm54651	
Tsnaxip1	TSNAXIP1
Lifr	LIFR
Cdc14a	CDC14A
Vmn1r222	
Vmn1r223	
Gm15995	
Gm11331	
Vmn1r-ps135	
Gm15996	
Mbip	MBIP
Mtrr	MTRR
Cox6c2	
Fv1	
Ednra	EDNRA
Gm18027	
Gm47720	
Gm54640	RNU6-960P
Gm54640	RNU6-1291P
Gm47723	
Nkx2-1	NKX2-1
Cpm	CPM
Gm54698	
Gm34005	
Gm54699	
Gm25833	
Gm38314	
Gm54500	RN7SKP299
Mfn2	MFN2
Igkv15-97	
Jam3	JAM3
Igkv10-96	
Gm25760	
Igkv2-95-2	
Gm38103	
Nkx2-9	NKX2-8
Gm48835	
Igkv2-95-1	
Gm23981	RNU6-769P
Gm18339	
Gm45288	
Pax9	PAX9
Gm45574	
Cenpt	CENPT
Igkv10-95	
Gm48796	
Igkv10-94	
Hmgcll1	HMGCLL1
Gm22542	RNU6-446P
Gm23947	RNU6-17P
Gm23947	RNU6-18P
Igkv2-93-1	
Foxn2	FOXN2
Slc25a21	SLC25A21
Gm40414	
Igkv4-92	
Gm7598	
Fam120c	FAM120C
Gm42925	
Igkv4-91	
Gm25709	
Ric8b	RIC8B
Igkv4-90	
Ppp1r21	PPP1R21
Gm42924	
Gm50172	
Igkv1-88	
Gm23581	
Gm54447	
Gm22210	
Gm6789	
Gm11333	
Nol7	NOL7
Gm42539	
Gm24848	RNU6-1333P
Apc	APC
Gm42543	
Gm42542	
Igkv13-87	
Klc1	KLC1
Thap11	THAP11
Gm43710	
Ttc29	TTC29
Slco1a8	SLCO1A2
Dnm1l	DNM1L
Gm29151	
Gm22361	
Gm26358	
Gm38083	
Arl14	ARL14
Gfral	GFRAL
Ppm1l	PPM1L
Gm22248	RNU1-141P
Gm6451	
Gm15148	
Cul4b	CUL4B
Fbxo34	FBXO34
Fastkd3	FASTKD3
Gm17214	
Arhgef7	ARHGEF7
Gm17212	
Gm38109	
Fhl4	FHL1
Gm17213	
Ston1	STON1
Gm8565	
B3galnt1	B3GALNT1
Tmem263	TMEM263
Gm37380	
Col6a4	
Gm54445	
Rpl32-ps	
Nmd3	NMD3
Mterf2	MTERF2
Gm50056	
Gtf2a1l	GTF2A1L
Cry1	CRY1
Gm54510	RN7SKP299
Slco1a6	SLCO1A2
Lhcgr	LHCGR
Zfp322a	ZNF322
Gm54645	
Psma5-ps	
Gm54646	
Mdm2	MDM2
Gm48986	
Micu2	MICU2
Gm9407	
Fshr	FSHR
Gm18159	
Pip	PIP
Gm50061	
Kpna2rt	KPNA2
Gm41653	
Lrfn2	LRFN2
Sval2	
Hcrtr2	HCRTR2
Gm54597	
Gm9586	
Gm22978	
Gm18067	
Gm9012	
Fgf9	FGF9
Mocs1	MOCS1
Pex5l	PEX5L
Sval1	
Gm11334	
Cfap90	CFAP90
Sval3	
Gsdmc2	GSDMC
Sva	
Gm17109	
Abt1	ABT1
Gm18080	
Atg14	ATG14
Btn1a1	BTN1A1
Tas2r139	TAS2R39
Slco1a5	SLCO1A2
Gm13156	
Plod1	PLOD1
Txnl1	TXNL1
Gm18585	
Gm8106	
Gm24631	RNU6-607P
Gm24631	RNU6-603P
Gm48902	
Gm36993	
Gm9451	
Fam83b	FAM83B
Gsdmc3	GSDMC
Adcy2	ADCY2
Gm25614	
Gm49004	
Gm6616	
Phf11a	PHF11
Htr3b	HTR3B
Foxa1	FOXA1
Tas2r144	TAS2R40
Ttc6	TTC6
Gm54520	RN7SKP299
Iapp	IAPP
Phf11b	PHF11
Gm27156	
Daam2	DAAM2
Gm27245	
Gm22938	
Gstk1	GSTK1
Gm27155	
Opcml	OPCML
2510039O18Rik	KIAA2013
Gsdmc4	GSDMC
Rpl26-ps2	
BC042761	
Gm47617	
Gm18873	
Xrcc3	XRCC3
Ssbp3	SSBP3
Gm22347	
Gm49292	
Slc35e3	SLC35E3
Gm54425	
Phf11d	PHF11
Ptprk	PTPRK
Gm54715	
Gm18486	
Gm15606	
Tmem139	TMEM139
Gm26929	
Gm54716	
Gm48091	
Ranbp9	RANBP9
Glyctk	GLYCTK
Egflam	EGFLAM
Pyroxd1	PYROXD1
Gm2649	
Gm17529	
Sec23a	SEC23A
Wdr7	WDR7
Apool	APOOL
Kif6	KIF6
Casp2	CASP2
Tinag	TINAG
Phf11c	PHF11
4931403E22Rik	
Gemin2	GEMIN2
Gm18380	
Naa50	NAA50
Gm815	
Gm50121	
Gm7979	
Mcts1	MCTS1
Gm48593	
Kat5	KAT5
Gm47597	
Gm26064	
Gm7214	
Gm54541	
Setdb2	SETDB2
Igkv5-37	IGKV6D-41
Igkv5-37	IGKV6D-21
Igkv5-37	IGKV6-21
Gm16555	
Gm16554	
Gm37122	
Gm52954	
Gm47550	
Gm54547	
Gm43586	
D130062J10Rik	
Mir135a-1	MIR135A1
Rftn1	RFTN1
Gm27158	
Gm19541	
Igkv8-34	IGKV4-1
Gm47551	
Gm18134	
Gm5746	
Mcur1	MCUR1
Igkv6-32	
Ntm	NTM
Gm22973	RNU2-2
Esrrb	ESRRB
Igkv8-31	
Igkv8-30	IGKV4-1
Satl1	SATL1
Gm42818	
Igkv8-28	IGKV4-1
Gm6418	
Gm14908	
Rnf182	RNF182
C1galt1c1	C1GALT1C1
Gm49521	
Gm18869	
Gm53024	
Usf3	USF3
Ap3s1-ps1	
Gm54552	
Gm14565	
Recql	RECQL
Gm54457	
Cd83	CD83
Gm14564	
6030498E09Rik	
Gm6024	
Gm14567	
Gm16423	
Gm14551	
Gm14566	
Gm26437	
Gm15520	
2010106E10Rik	
Btn2a2	BTN2A2
Gm15521	
Gm19640	
Gm49901	
Gm47677	
Gm9191	
Gm26435	
Dazl	DAZL
Wdr82	WDR82
Gart	GART
Gm14643	
Gm14575	
Gm14574	
Gm14576	
Gm5385	
Gm14577	
Zfp711	ZNF711
Gm16030	
Gm16029	
Gm49206	
Gm37743	
Gm49207	
Gm19227	
Gdnf	GDNF
Wdr70	WDR70
Mirlet7g	MIRLET7G
Snx19	SNX19
Pof1b	POF1B
Plcl2	PLCL2
Zfyve21	ZFYVE21
Gm23117	
Gm2233	
Gm54514	
Gm47781	
Gm27036	
Nutf2	NUTF2
Hfe	HFE
Gm7334	
Nrxn1	NRXN1
Gm16301	
Rpl19-ps6	
Gm54440	
Cab39l	CAB39L
Cyrib	CYRIB
Gm18991	
Fat1	FAT1
Gm47714	
Gm11338	
Sptssb	SPTSSB
H1f2	H1-2
Rps2-ps12	
Gm54670	
Gm47717	
Themis	THEMIS
H3c3	
Gm54517	
Adamts15	ADAMTS15
H2bc3	H2BC15
H2ac4	
Gm14921	
Gm14922	
Gm14923	
Gm6427	
Gm6429	
Gm14937	
Gm54518	
Gm14938	
H3c2	
Gm14936	
H4c2	H4C16
Gm17895	
Gm14939	
H4c1	
Gm23214	
Gm23484	
Gm37784	
Tnpo1	TNPO1
Chm	CHM
Gm37443	
Gm19445	
Gm37128	
Gm54451	
Ppm1m	PPM1M
Gm37031	
Otol1	OTOL1
Gm24780	
Gm37398	
Gm37681	
Gm5845	
Gm37585	
Gm42694	
Gm23477	
Gm18611	
Gm6631	
Gm37213	
Igkv8-27	IGKV4-1
Snx27	SNX27
Gm25628	
Igkv8-26	IGKV4-1
Nup155	NUP155
Gm8828	
Igkv6-25	
Golt1b	GOLT1B
Cdadc1	CDADC1
Trappc6b	TRAPPC6B
Igkv8-24	IGKV4-1
Adamts8	ADAMTS8
Abtb3	ABTB3
Gm43218	IGKV4-1
Igkv6-23	
Gm8836	
Igkv8-22	
Spx	SPX
Zbtb44	ZBTB44
Mir361	MIR361
Gm7405	
Phf8	PHF8
Gm50104	
Ppp1r13b	PPP1R13B
Gm19076	
Rela	RELA
Gm24384	
Gm6974	
Gm50109	
Igkv8-21	IGKV4-1
Gm45934	
Gm2366	
Prdx1-ps	
Mtnr1a	MTNR1A
Amd-ps5	
Igkv6-20	
St8sia3	ST8SIA3
Gys2	GYS2
F11	F11
Mlip	MLIP
Onecut2	ONECUT2
Igkv8-19	IGKV4-1
Gm18073	
Shisa2	SHISA2
Pnn	PNN
Gm36804	
Amd-ps3	
Atp8a2	ATP8A2
Igkv8-18	IGKV4-1
Fech	FECH
Gm8848	
Igkv6-17	
Klkb1	KLKB1
Gm42667	
Igkv6-15	
Gm10780	
Gm8599	
Gm19195	
Gm38305	
Gm3565	
Gm8853	
Gm5786	
Gm19194	
Rpl21-ps3	
Gm10360	
Gm54462	
Gm10095	
Gm6157	
Gm43774	
Irf2bpl	IRF2BPL
Gm8604	
Igkv6-14	
Atp5mj	ATP5MJ
Gm43768	
Gm37617	
Gm15235	
Gm8862	
Gm3351	
Igkv6-13	
Gm37603	
Rpl31-ps11	
Gm8872	
Gm54456	
Gm37901	
Gm45753	
Gm22451	
Gm42720	
Tuft1	TUFT1
Gm42773	
Igkv3-12-1	
Cyp4v3	CYP4V2
Igkv3-12	
Igkv3-11	
Igkv3-10	
Cipc	CIPC
Igkv3-9	
H3c1	H3C1
Vldlr	VLDLR
Igkv3-8	
Rpl27a-ps4	
Igkv3-7	
H1f1	H1-1
Disp3	DISP3
Cplane1	CPLANE1
Gm47052	
H2bl1	
Gm47057	
Gm54522	
Ldhb	LDHB
Trim38	TRIM38
Edc4	EDC4
Gm9013	
Zfp366	ZNF366
Gm6714	
Gm21026	
Gm6913	
Gm47362	
Gm47363	
Gm47366	
Gm16261	
Gm47365	
Gm47367	
Ptcd2	PTCD2
Nup58	
Gm9466	
Gm19612	
Gm47899	
Gm9996	
Pwp1	PWP1
Gm49336	NUP58
Zdhhc22	ZDHHC22
Tdrd9	TDRD9
Slc17a2	SLC17A2
Sidt1	SIDT1
Mrpl37	MRPL37
Igkv3-6	
Igkv3-5	
Gm10972	
Clcn1	CLCN1
Sis	SI
Nars1	NARS1
Gm24144	
Gm27210	
Nipbl	NIPBL
Gm19624	
Gm47006	
Gm38254	
Rap1b	RAP1B
4930590H14Rik	
St14	ST14
Gm38212	
Gm7449	
Gm28283	
Gm6679	
Gm29155	
Gm17847	
Gm28281	
Gm29157	
Gm29156	
Gm22159	
Gm54681	RN7SKP103
Gm8141	
Mrps27	MRPS27
Cdh7	CDH7
Ubiad1	UBIAD1
Gm23303	RNU1-103P
Gm23303	RNU1-35P
Cyb5rl	CYB5RL
Mtcl3	MTCL3
Twf2	TWF2
6430562O15Rik	
Map1b	MAP1B
Gm49353	
Gm37852	
Kifbp	KIFBP
5330431K02Rik	
Gm47158	
1700012J22Rik	
Gm24471	
Cartpt	CARTPT
Gm18552	
Gm3332	
Gm6693	
Exo1	EXO1
Gm25646	
Pin4-ps	
Gm26498	
Gm23660	
Gm54903	
Gm23933	
Gm24862	
Gm24866	
Gm50466	
Gm22348	
Rd3l	RD3L
Gm5587	
Gm26466	
Gm20949	
Gsg1l	GSG1L
Jarid2	JARID2
Gm24799	
Gm44874	
Gm37056	
Gm24088	
Gm47694	
Gm25463	
Gm25229	
Slitrk3	SLITRK3
Mir719	
Gm24528	
Gm23356	
Dennd6a	DENND6A
Gm25449	
Gm24872	
Aspg	ASPG
Gm45008	
Gm28307	
Cdcp2	CDCP2
Gm26337	
Gm54470	
Gm23145	
Gm37725	
Gm25784	RNU6-1019P
Gm54472	
Gm22130	
Gm25988	
Bche	BCHE
Gm25221	
Gm49247	
Gm26389	
Gm23471	
Gm25120	
Gm24418	
Scube1	SCUBE1
Gm23687	
Gm22393	
Gm24639	
Gm24566	
Gm22111	
Gm23076	
Gm25874	
Gm12802	
Gm25088	
Gm22510	
Vstm2b	VSTM2B
Mtor	MTOR
Gm8625	
Gm54614	
Gm20356	
Gm10493	
Gm19815	
Gm6098	
Gm20491	
Gm54616	
Gm37050	
Gm10308	
Gm8643	
Gm37464	
Gm54617	
Zbbx	ZBBX
Gm9410	
Gm9411	
Gm6741	
Gm49988	
Nrn1l	NRN1L
Gm49989	
Gm49990	
Gm15404	
Gm49991	
Gm15403	
Gm49992	
Gm49993	
Tbc1d5	TBC1D5
Gm24983	
Gm24027	
Spice1	SPICE1
Gm29293	
Gm22524	
Gm22630	
Gm25741	
Gm26059	
Gm25175	
Pskh1	PSKH1
4930433I11Rik	C2orf78
Gm22511	
Mir3073a	
Gm45171	
Mir3073b	
Mir203	MIR203B
Gm22044	
Gm25077	
Ctrl	CTRL
Gm22834	
Adam17	ADAM17
Gm24926	
Gm26200	
Gm22632	
Gm4884	C2orf78
Gm23805	
Becn2	BECN2
Gm37668	
Gm16071	
Tlr9	TLR9
Gm23254	
4933428P19Rik	
Uxs1	UXS1
Gm45172	
9330159F19Rik	KIAA0408
Gm26390	
Gm26366	
Gm26336	
Gm28061	
Gm26283	
Gm44839	
Gm25098	
Alas1	ALAS1
Gm24702	
Gm26432	
Gm25462	
Gm24495	
Gm25523	
Gm22255	
Gm23449	
Gm23310	
Gm5592	C2orf78
Gm25461	
Gm16156	
Gm2128	
Gm24310	
Fam149a	FAM149A
Gm28060	
Gm28667	
Gm22909	
Gm25823	
Gm5896	
Gm25647	
Gm22252	
Ddx21	DDX21
Gm26392	
Gm45691	
Gm24219	
Gm25230	
Gm9244	
Gm22627	
Gm24585	
Gm2108	
Gm23305	
Gm17791	
Gm24206	
Gm25085	
Gm9246	
Gm25209	
Gm23682	
Gm24654	
Gm26334	
Gm25742	
AI987944	
Gm25585	
Gm25840	
Gm25089	
Gm24040	
Gm22050	
Cfap44	CFAP44
Gm23286	
Gm24021	
Gm22274	
Gm24652	
Gm23618	
Gm23688	
Gm24570	
Vmn2r57	
Serpini2	SERPINI2
Prdm4	PRDM4
Gm26467	
Gm25194	
Gm20449	
Gm44521	
Gm22640	
Gm24952	
Gm25087	
Gm23944	
Igkv3-4	
Gm22629	
Gm26374	
AW146154	
Kcnj8	KCNJ8
Gm26284	
Wdr49	WDR49
Gm25452	
Shank2	SHANK2
Igkv3-3	
Igkv3-2	
Igkv3-1	
Gm50101	
Gm24782	
Rfx3	RFX3
Igkj1	
Lrrc1	LRRC1
Gm17836	
Gm29736	
Pdcd10	PDCD10
Nup85	NUP85
Atp8b1	ATP8B1
Cdh19	CDH19
Son	SON
Angptl7	ANGPTL7
Psmb10	PSMB10
Gm38255	
Gm36944	
Gm29088	
Gm24002	RNU6-376P
Gm19927	
Gm23318	RNU6-1300P
Gm16103	
Tceanc2	TCEANC2
Gm19587	
Gm8173	
Gm8241	
Gm37934	
Gm26352	
Gm54687	
Dsel	DSEL
Gm41654	
Gm24244	
Gm54622	
Gm25177	
Gm49994	
Gm49908	
Ascl4	ASCL4
Gm19145	
Gm6751	
Gm46574	
Frrs1	FRRS1
Gm6028	
Gm27039	
Gm17752	
Gm6717	
Gm19086	
Gm22331	
Ddx50	DDX50
Gm8204	
Gm49995	
Gm28190	
Gm21018	
Gm24460	
Gm28189	
Gm49996	
Gm5395	
Gm15151	
Gm49997	
Gm17946	
Gm49998	
Gm4919	
Gm18181	
Adcyap1	ADCYAP1
n-R5s13	
Gm15161	
Gm54688	
Gm4854	
Lcat	LCAT
Gria3	GRIA3
Pld5	PLD5
Gm2310	
Gm2348	
Gm49250	
Slc1a3	SLC1A3
Zfp827	ZNF827
Gm54544	
Shisa3	SHISA3
Gm47655	
Gm3772	
Gm47656	
Gm26018	
Mccc2	MCCC2
Fam131b	FAM131B
Gm50338	
Nkx6-1	NKX6-1
Gm50352	
Gm25935	U6
Gm9665	
Gm6764	
Gm50001	
Gm50002	
Gm50003	
Gm50004	
Gm50353	
Gm22593	
Gm50354	
Gm9416	
Gm23016	
Gm24504	RNU6-900P
Gm50005	
Ctnna1	CTNNA1
Gm50006	
Gm18985	
Mettl4	METTL4
Rtcb	RTCB
Gm15772	
Cds1	CDS1
Rpa1	RPA1
Gm37310	
Gm5043	
Gm5210	
Gm27038	
Gm54623	
Tmem59	TMEM59
Amd-ps7	
Gm50009	
Gm50010	
Mpped1	MPPED1
Gm23102	RNU5A-6P
Gm23102	RNU5E-5P
Gm23102	RNU5A-3P
Gm23102	RNU5B-6P
Gm48175	
Satb1	SATB1
Echdc1	ECHDC1
Palmd	PALMD
Rbm8a2	RBM8A
Gm38081	
Gm37916	
Gm47706	
Gm38101	
Slc17a3	SLC17A3
Gm17965	
Mtmr6	MTMR6
Gm43273	
Gm43272	
Pptc7	PPTC7
Gm38152	
Gm17966	
Gm25984	
Gm25146	
Gm15470	
Gm26104	RNU6-98P
Cntnap5a	
Gm24759	
Mir3105	
Gm44999	
Gm24100	
Gm22253	
Gm25017	
Gm14372	
Gm23575	
Gm6871	
Gm22391	
Gm17217	
Gm22449	
Gm45078	
Gm24137	
Gm22912	
Gm25710	
Gm26434	
Gm42892	
Ap3b2	AP3B2
4930455H04Rik	
Gm9332	
Gm18430	
Gm9632	
1700011L22Rik	C4orf51
Ttc14	TTC14
Gm44284	
Gm24611	
Igkj2	
Gm30329	
Amer2	AMER2
Mmaa	MMAA
Gm54703	
Gm28263	
Gm19965	
Gm6066	
Gm24765	RNU6-786P
Gm47810	
Gm18300	
Lrrtm2	LRRTM2
Spata13	SPATA13
Gm15842	
Rrs1	RRS1
Cdk6	CDK6
Gm29106	
Tlr3	TLR3
Adhfe1	ADHFE1
Sil1	SIL1
Boc	BOC
Gm19569	
Gm54745	
Klhl31	KLHL31
Stox1	STOX1
Efcab6	EFCAB6
Ldlrad1	LDLRAD1
Gm47795	
Gclc	GCLC
Gm54808	
Lrrc42	LRRC42
Smyd4	SMYD4
Rad9b	RAD9B
Gm18514	
Mir7215	
Gm47261	
Bpifc	BPIFC
Ablim1	ABLIM1
Gm54484	
Gm14614	
Gm14613	
Dach2	DACH2
Igkj3	
Igkj4	
Ice1	ICE1
Gm50144	
Nrg2	NRG2
A230060F14Rik	
Rnf146	RNF146
Poc1a	POC1A
Gga3	GGA3
Igkj5	
Exosc10	EXOSC10
Vps29	VPS29
Mir3081	
Fgd4	FGD4
Gm45542	
Tmem63c	TMEM63C
Gm23104	
Hsp25-ps1	
Smad1	SMAD1
Slc17a1	SLC17A1
C1qtnf9	C1QTNF9
C1qtnf9	C1QTNF9B
Ednrb	EDNRB
Gm25596	RNU6-268P
Pura	PURA
Gm47483	
Gm30698	
Gm24286	
Gm18903	
Zyx	ZYX
Igip	IGIP
Fbxo7	FBXO7
Cystm1	CYSTM1
Gm39288	
Gm6161	
Gm8077	
Vxn	VXN
Gm8079	
Slc12a4	SLC12A4
Gm37910	
Pou4f1	POU4F1
Rpl31-ps22	
E430014B02Rik	
Sult4a1	SULT4A1
C230085N15Rik	
Gm36931	
5830444F18Rik	
Obi1	OBI1
Gm37248	
Gm6934	
Gm37593	
Gm29520	
Gm37266	
Cep170	CEP170
Gm37176	
Pfdn1	PFDN1
Gm19197	
Gm5094	
Fam216a	FAM216A
Kcnh8	KCNH8
Gm24831	
Gm23985	
Gm4915	
Gm14896	
Gm7416	
Gm7146	
Gm23560	
Gm25870	
Gm44831	
Thoc2	THOC2
Gm23862	
2610021A01Rik	
Gm24430	RNU6-1019P
Rspo3	RSPO3
Nedd4l	NEDD4L
Mipep	MIPEP
Gm9210	
Gpn3	GPN3
Gm49913	
Gm49914	
Gm58342	
Gm29770	
Gm26504	
Gm40932	
Gm9214	
Gm22285	
Gm22131	
Efhb	EFHB
Gm24153	
Pnpla5	PNPLA5
Gm8513	
Gm26365	
Gm24609	
Gm54555	RN7SKP12
Gm24264	
Gm25155	
Slc17a4	SLC17A4
Gm25816	
Gm23141	
Gm23767	
Gm20276	
Gm22417	
Gm48159	
Gm22584	
BC048679	
Gm46197	
Gm6390	
Gm232	
Gm29123	
Gm8767	
Gm25364	
Mrps7	MRPS7
Gm2829	
Aplp2	APLP2
Cenpw	CENPW
Tpt1-ps7	
Gm26270	
Igkc	IGKC
Gm23089	
Gm24711	
Rab5a	RAB5A
Zfp788	
Syn3	SYN3
Serpinf1	SERPINF1
Rpia	RPIA
Gm49915	
Pp2d1	PP2D1
Gm26188	
Gm9252	
Gm23265	
Gm24518	
Gm25944	
Gm23047	
Gm23953	
Kat2b	KAT2B
Gm26332	
Gm26032	
Gm22863	
Gm24618	
Pnpla3	PNPLA3
Gm22046	
Snrp1c-ps2	
Gm24760	
H2bc1	H2BC1
Gm25350	
Gm26502	
Gm6872	
H2ac1	H2AC1
Gm54556	
Xpo6	XPO6
Bdp1	BDP1
Gm49205	
Gm22021	
Gm25724	
Gm24280	
Gm5671	
Mir6392	
Tnfrsf19	TNFRSF19
Gm49513	
Gm42830	
Gm20369	
Arpc3	ARPC3
Ruvbl1	RUVBL1
Samm50	SAMM50
Gm54482	
Kif26a	KIF26A
Gm22623	
Gm48232	
Gm48233	
Gm15990	
Timp3	TIMP3
Mdm1	MDM1
Gm13204	
Parvb	PARVB
Ift25	IFT25
Gm15745	
Gm18499	
Gm20368	
Ngb	NGB
Epha1	EPHA1
Gm22890	
Parvg	PARVG
Ywhaq	
Gm7657	
Gm5135	
Gm54491	
Xiap	XIAP
Gm6919	
Sgo1	SGO1
Mir7074	
Otud4	OTUD4
Gm12336	
Gm12337	
Mif4gd	MIF4GD
Gm12850	
Dio1	DIO1
Rab5a-ps	
Gm49917	
Ckb-ps2	
Gm42829	
Hcfc1r1-ps2	
Gm5214	
Sacs	SACS
Sult1c2-ps2	
Shisal1	SHISAL1
Eif2ak3	EIF2AK3
Sult1c2	SULT1C2
Atp8a1	ATP8A1
Klhl4	KLHL4
3110062G12Rik	
Gm38104	
Mir350	
Gm54718	
Yipf1	YIPF1
Mybl1	MYBL1
Mrps36-ps1	
Gm4036	
Sult1c2-ps1	
Hcfc1r1-ps1	
Mark4-ps	
Mrto4-ps2	
Ckb-ps1	
Gm54485	
Gm9289	
Sult1c1	SULT1C3
Gm20486	
Gm6838	
Capsl	CAPSL
Gm49248	
Gm49251	
Gm47997	
Gm5684	
Gm37966	
Slc5a7	SLC5A7
Gm48012	
Gm48016	
Pomt2	POMT2
Gm50456	
Il7r	IL7R
Mylip	MYLIP
Gm23346	
Gm43292	
Dpep3	DPEP3
Tas2r143	
Clec4b1	CLEC4C
Gm9224	
Trp53-ps	
Gm4946	
Gm26291	
Gm49920	
Gm46577	
Gm4471	
Gm17377	
Gm49921	
St6gal2	ST6GAL2
Serpinf2	SERPINF2
Tpd52-ps	
Dpep2	DPEP2
Gm6847	
Gm49523	
Sgcg	SGCG
Upk3a	UPK3A
Ubxn2b	UBXN2B
Tas2r135	TAS2R60
Spmip9	SPMIP9
Fam118a	FAM118A
Pot1b	POT1
Gm47455	
Tas2r126	TAS2R41
Gm54560	
BC001981	
Gm44470	
Fubp1	FUBP1
Foxi3	FOXI3
Adamts16	ADAMTS16
Mup-ps29	
Or2r11	
Mup-ps28	
Mup9	
Gm23485	RNU1-72P
Gm23313	
Abce1	ABCE1
Gm43906	
Cd9-ps	
Gm19097	
Arl11	ARL11
Gm54927	SCARNA15
Rpl34-ps1	
Gm25471	
Vmn2r-ps55	
Or2r3	
Mir1839	
Gm37829	
Gm22776	
Vmn2r-ps56	
Gm5461	
Gm14615	
Ebpl	EBPL
Gm23446	
Gm25210	
Gm22128	
Gm37564	
Gm22851	
Gm14895	
Gm25074	
Sec61a1	SEC61A1
Gm25157	
Gm1866	
Gm22631	
Gm25474	
Fsd2	FSD2
Gm14894	
Gm5942	
Gm14897	
Ube2dnl1	
Gm25716	RNU6-454P
Gm25716	RNU6-370P
Gm25716	RNU6-694P
Gm25716	RNU6-884P
Arhgef3	ARHGEF3
4930517E14Rik	
Ube2dnl2	
Ncam1	NCAM1
Gm4914	
Gm7429	
Gm5943	
Gm14905	
Gm54493	RNU4-57P
Gm27414	
Mup-ps26	
Gm6461	
Mup1	
Gm5944	
Gm17136	
Gm14903	
Gm22941	
Gm14906	
Gm26246	
Gm14907	
Gm22047	
Gm44703	
Gm54494	
Gm14904	
Gm24624	
Spef2	SPEF2
Gm25597	
Cpxcr1	CPXCR1
Vmn2r58	
H2ab2	H2AB1
H2ab2	H2AB3
H2ab2	H2AB2
Gm54495	
Gm16373	
Gm14919	
H2ab1	H2AB1
H2ab1	H2AB3
H2ab1	H2AB2
Vcpip1	VCPIP1
Gm14918	
Gm18648	
Gm14913	
Gm6491	
Gm28579	
Gm14911	
Gm26097	
Tbc1d24	TBC1D24
Gm22258	
Gm14914	
Vmn2r-ps57	
Gm14917	
Gm16139	
Gm6500	
Or7a40	OR7A5
Or7a40	OR7A10
Or7a40	OR7A17
Gm14916	
Gm26201	
Gm14912	
Gm23619	
Gm14915	
Gm22812	
Gm14909	
Gm26433	
Gm27006	
Snord116l17	
Gm25615	
Gm44932	
Gm14910	
Snord116l16	
Nepro	NEPRO
Sbk1	SBK1
Tgif2lx2	TGIF2LX
Tgif2lx2	TGIF2LY
Anapc10	ANAPC10
Mup-ps6	
Gm54449	
Tgif2lx1	TGIF2LX
Tgif2lx1	TGIF2LY
Kpna3	KPNA3
Mup-ps24	
Mup10	
Gm7485	
Tpp2	TPP2
Gm14926	
Gm26182	
Gm14929	
Slc25a19	SLC25A19
Gm45435	
Gm45434	
Gm47958	
Pabpc5	PABPC5
Gm45433	
Gm45432	
Hhip	HHIP
Ccar1	CCAR1
Snord116l15	
Or2r2	
Gm10155	
Snord116l14	
Vmn2r59	
Gm4877	
Gm4913	
Mup-ps5	
Mup11	
Gm44170	
Gm16420	
Gm5863	
Or10ac1	
Gm14928	
H2ab3	H2AB1
H2ab3	H2AB3
H2ab3	H2AB2
Gm49377	
Gm44430	
Gm14931	
Gm48019	
Gm14927	
Gm48020	
Tcaf3	
Gm48030	
Gm14930	
Gm48031	
Gm4993	
Gm48032	
Snord116l13	
Gm48033	
Rbm26	RBM26
Gm22590	
Gm48035	
Gm5394	
Gm48039	
Gm54496	
Gm48041	
Ceacam1	
Gm5648	
Gm48043	
Gm14932	
Gm49686	
Spag6l	SPAG6
Gm23277	
Gm14943	
Gm48044	
Gm48064	
Gm9293	
Gm14945	
Gm47383	
Gm4992	
Gm47384	
Gm47386	
Gm54497	RNU6-261P
Gm54490	
Gm16421	
Gm20473	
Gm9285	
Stag2	STAG2
Gm47393	
Mup-ps7	
Gm47420	
Kbtbd12	KBTBD12
Gm47421	
Mup12	
Gm9286	
Scgn	SCGN
Gm47422	
Gstz1	GSTZ1
Gm54713	
Gm33096	
Gm5909	
Gm45431	
Gypa	GYPB
Gypa	GYPE
Gypa	GYPA
Mup-ps8	
Mup22	
Gm21286	
Mup13	
Gm49644	
Thnsl2	THNSL2
Gm5768	
Igll1	
Gm25633	RNU6-1241P
Gm47543	
Gm8907	
Gm4042	
Rpl10-ps3	
Vpreb1a	VPREB1
Plet1	PLET1
Mup14	
8030423J24Rik	
Wdr81	WDR81
Gtpbp8	GTPBP8
Gm38191	
Mir466f-4	
Serf1	SERF1A
Prdm10	PRDM10
Mup15	
Gm47811	
Gm47812	
Gmpr	GMPR
Clec4a2	CLEC4C
Mup16	
Gm49386	
Gm9305	
Gm9309	
Tmed8	TMED8
Cd200r1	CD200R1L
Cd200r1	CD200R1
Mup17	
Gm10330	
Gm47437	
Gm47440	
Gm46342	
Samd15	SAMD15
Mir22hg	
Irx1	IRX1
Tox	TOX
Gm47441	
Gm47442	
Gm47443	
Gm47444	
Gm5954	
9030624G23Rik	
Gm4052	
Gm47836	
Rpl9-ps4	
Gm4120	
Gm47838	
Tlcd2	TLCD2
Noxred1	NOXRED1
Gm4057	
Smn1	SMN2
Smn1	SMN1
Pts	PTS
Gm22972	
Frem3	FREM3
Gm44132	
Tcaf2	TCAF2C
Tcaf2	TCAF2
Il22	IL22
Dus2	DUS2
Mir22	MIR22
Gm54460	
Smc1b	SMC1B
Grb2	GRB2
Gm47478	
Gm9315	
Gm16372	
Taf1b	TAF1B
Limk1-ps1	
Cdc5lrt1	CDC5L
Cdc5lrt2-ps	
Gm48145	
Snord98	SNORD98
Cdc5lrt3-ps	
Gm48146	
Gm5063	
Cdc5lrt4	CDC5L
Limk1-ps2	
Gm19142	
Trmt11	TRMT11
Gm44147	
Fabp1	FABP1
Fkbp15	FKBP15
Donson	DONSON
Clec4b2	CLEC4C
Irx2	IRX2
Bco2	BCO2
Gm22946	
Gm5883	
Tcaf1	TCAF1
Gm47890	
Rpl31-ps2	
Gm10113	
Irx4	IRX4
Dpep2nb	DPEP2NB
Ddx28	DDX28
Il18	IL18
Gm10923	
Ribc2	RIBC2
Nfatc3	NFATC3
Gm48000	
Stmnd1	STMND1
Gm10263	
Rbm24	RBM24
Asap1	ASAP1
Tex12	TEX12
Gm47482	
Grhl1	GRHL1
Gm35110	
Gm11702	
Gm54817	
Ndufs6	NDUFS6
Gm11703	
Gm42735	
Gm23699	
Gm15478	
Gm20300	
Gm11704	
Gm42737	
Sdhd	SDHD
Il22b	IL22
Usp34	USP34
Anapc7	ANAPC7
Timm8b	TIMM8B
Snord116l2	
Hmgb1-ps7	
Cdc5lrt5	CDC5L
Cdc5lrt6	CDC5L
Cdc5lrt7	CDC5L
Cdc5lrt8	CDC5L
Cdc5lrt9	CDC5L
Snord116l8	
Cdc5lrt10	CDC5L
Nfrkb	NFRKB
Cttn	CTTN
Ifng	IFNG
Mrpl36	MRPL36
Gm17066	
Cap2	CAP2
Ntn3	NTN3
Gm48937	
Hint3	HINT3
Gm6201	
Tasor	TASOR
Or2ar1-ps1	
Gm44030	
Gm44032	
Or2f1	OR2F1
Or2f1	OR2F2
Clec4n	CLEC6A
Tedc2	TEDC2
Atp5po	
Cd200r4	CD200R1L
Cd200r4	CD200R1
Gm49751	
Tet1	TET1
Gm54575	
Fam8a1	FAM8A1
Naip2	
Klf11	KLF11
Gm15846	
Gm54720	Metazoa_SRP
Usp38	USP38
Wdfy3	WDFY3
Gm5964	
Cd200r2	CD200R1L
Cd200r2	CD200R1
Gm35909	
Vipas39	VIPAS39
Mir6390	
Gm54459	
Ccdc66	CCDC66
Ccnf	CCNF
Gm17928	
Top3b	TOP3B
Gm48353	
Gm47434	
Gm26479	RNU6-256P
Gm26479	RNU6-273P
Gm54723	RN7SKP283
Gm54723	RN7SKP46
Dyrk2	DYRK2
Gm4899	
Gm45539	
Gm5354	
Esrp2	ESRP2
4932442E05Rik	
Gm10744	
Gm26976	
Gm38403	
Gm18904	
Gm7224	
1700064J06Rik	
Snord116l7	
Snord116l6	
Slc25a16	SLC25A16
Snord116l5	
Snord116l4	
Snord116l3	
Gm14376	
Snord116l1	
Snord116l9	
Snord116l10	
Snord116l11	
Tmem45b	TMEM45B
Snord116l12	
Gm22373	SNORD116-10
Gm22373	SNORD116-28
Gm22373	SNORD116-29
Gm22373	SNORD116-25
Gm22373	SNORD116-27
Gm22373	SNORD116-26
Gm22373	SNORD116-30
Whamm	WHAMM
Clec4d	CLEC4D
Gm8162	
5033425B01Rik	
Gm18226	
Gm18820	
Gm47436	
Gm8171	
Barx2	BARX2
Gm54461	RNU6-160P
Gm25697	
Gm7604	
Spry2	SPRY2
Or2a5	OR2A5
Frg2f4	
Gm4775	
Or2a25	OR2A25
Trim52	TRIM52
Gm25862	
Gm16128	
Sdccag8	SDCCAG8
Gm48971	
Nkapd1	NKAPD1
Or2a12	OR2A12
Gm48972	
Cand1	CAND1
Pla2g15	PLA2G15
Gm23459	RNU4-15P
Gm54463	SNORA52
Gm48973	
Gm48974	
Olrf445-ps1	
Gm17366	
Or2a56	OR2A14
Gm23437	
Gm9334	
Gm45698	
Gm14619	
Gm19146	
Gm20730	
Gm38393	
Tex13d	TEX13C
Tex13d	TEX13D
Gm9335	
Olfr442-ps1	
Gm48976	
Sh2d1a	SH2D1A
Or2a54	OR2A14
Gm54466	
Gm24229	
Rpl27a-ps2	
Snord64	SNORD64
Slitrk1	SLITRK1
Snord107	SNORD107
Olfr439-ps1	
Lat	LAT
Or2a14	OR2A14
Gm18977	
Gm7313	
Gm25901	
Gm47952	
Clec4e	CLEC4E
Gm54473	
Gm47953	
Gm54474	
Gm23242	RNU6-1079P
Gm26969	
Slc7a6	SLC7A6
Gm48980	
Gm17932	
Gm25670	RNU6-838P
Gm26255	
Dleu7	DLEU7
Slitrk6	SLITRK6
Mir5134	
Gm48987	
Mir6965	
Gm9348	
Abca17	
Gm54476	
Gm48988	
Gm48992	
Gm48993	
Gm18580	
Rnaseh2b	RNASEH2B
Gm18413	
Naip5	
Gm3756	
Tpi-rs4	
Gm54774	
Gm47496	
Pih1d2	PIH1D2
Gm19090	
Huwe1	HUWE1
Dna2	DNA2
Slitrk5	SLITRK5
Snrnp40	SNRNP40
Gm53007	
Or2a52	OR2A2
Gm53008	
Mir7058	
Gm48999	
Ceacam2	
Gm22764	RNU6-234P
Or2a7	OR2A7
Or2a7	OR2A4
Gm49000	
Gm20127	
Gm4822	
Gm19223	
Gm4486	
Or2ac1-ps1	
Gm49005	
Vmn2r19	
Tpm3-rs7	
Gm4487	
Slc7a6os	SLC7A6OS
Gm5209	
Or2a51	OR2A42
Or2a51	OR2A1
Carmil1	CARMIL1
Gm18369	
Nkain1	NKAIN1
Gm37495	
Gm49010	
Gm21827	
Gm54479	RNU6-983P
Gm54479	RNU6-1223P
Mir17	MIR17
Mir18	MIR18A
Mir19a	MIR19A
Mir20a	MIR20A
Mir19b-1	MIR19B1
Mir92-1	
Gucy1b2	
Vmn2r20	
Prmt7	PRMT7
Dlat	DLAT
Gm24117	
Gm25391	
Gm22833	
Gm11481	
Or2a20	OR2A42
Or2a20	OR2A1
Gm11480	
Zfp618	ZNF618
Mgll	MGLL
Gm54667	
H2-DMa	HLA-DMA
Ahsa1	AHSA1
Gm38158	
Gm38053	
Gm54732	
Gm37246	
Mettl21c	METTL21C
Ddx43	
Gm54499	
Cys1	CYS1
Gm37490	
Gm15838	
Gm37519	
Ccdc168	CCDC168
Niban1	NIBAN1
Cgas	CGAS
Ambp	AMBP
Abca3	ABCA3
Gm29918	
Gm38569	
Snrpn	SNRPN
Stab2	STAB2
Smpd3	SMPD3
Tmem94	TMEM94
Gm17324	
Arhgap32	ARHGAP32
Ctnnbip1	CTNNBIP1
Ism2	ISM2
Gm4131	C13orf42
Gm10629	
Gm6076	
Gm24625	
Inpp4b	INPP4B
Gm5802	
Gm35595	
Fam124a	FAM124A
Gm13066	
Kif12	KIF12
Rrm2	RRM2
Gm23816	
Gpc5	GPC5
Cd200r3	CD200R1L
Cd200r3	CD200R1
Snurf	SNURF
Gm18908	
Erich4	ERICH4
Gm18129	
Gm18367	
Gm30196	
Gm3198	
Serpine3	SERPINE3
Gm10297	
Gm7394	
Gm38451	
Ube2nl	
Gm48895	
Dmac2	DMAC2
Gm48896	
Gm9318	
Gm26211	
Gm48897	
Gm25162	
Gm20713	
Mboat2	MBOAT2
Gm38045	
Ints6	INTS6
Mir6343	
Gm816	
Gm38265	
Gm54739	
Akt3	AKT3
Gm54951	
Gm54953	
Mir344d-1	
Mir344d-2	
B3gnt8	B3GNT8
Homer2	HOMER2
Pum1	PUM1
Nup153	NUP153
Plppr4	PLPPR4
Gm43026	
Gm18146	
Gm23605	
Gm42850	
Erc2	ERC2
Gm43842	
Gm42934	
Gm43787	
Gm17978	
Kctd8	KCTD8
Gm42933	
D130004A15Rik	
Gm43371	
Gm42932	
Gm43373	
Gm43374	
Gm43230	
Gm43229	
Gm42888	
Vmn2r-ps31	
Gm54829	
Gm23932	RNU6-25P
Gm23932	RNU6-1200P
Or2a57	OR2A42
Or2a57	OR2A1
Gm5867	
Gm42887	
Yipf7	YIPF7
Vmn2r21	
Gm44005	
Gm47536	
Gm43999	
Gm25891	
Gm43937	
Gm22722	
Mto1	MTO1
Gm44001	
Vmn2r-ps32	
Vmn2r22	
Gm14155	
3110031N09Rik	
Olfr1172-ps1	
Arhgap24	ARHGAP24
Gm37392	
Gm25065	
Atp5f1e	ATP5F1E
Vmn2r23	
Gm37960	
Gm54513	
Gm37106	
Ccdc39	CCDC39
Gm37598	
Gm38146	
Gm37706	
Gm37463	
Zbtb18	ZBTB18
Gm55128	
Or5d43	
Mir5621	
Or5d44	OR5D3P
Mia2	CTAGE8
Mia2	CTAGE6
Mia2	MIA2
Mia2	CTAGE4
Mia2	CTAGE15
Mia2	CTAGE1
Mia2	CTAGE9
Prpf8	PRPF8
Gm22724	
Arhgef5	ARHGEF5
Or5d45	OR5D3P
Rspo4	RSPO4
Gm11343	
Gm11340	
Gm23340	
Gm11341	
Kcnj5	KCNJ5
Kif13a	KIF13A
Gm8412	
Gm20407	
Gm5517	
Gm54958	
Gm54959	
Tex30	TEX30
Gm28228	
Gm18806	
Gm54960	
Glis3	GLIS3
Mir344d-3	
Gm54961	
Mir344e	
Bckdha	BCKDHA
Or5d46	
Kcnj1	KCNJ1
Rtf1	RTF1
Ppm1f	PPM1F
Eef1a1	
Gm43140	
Fstl5	FSTL5
Mir344h-1	
Mir344h-2	
Gm54962	
Mir344b	
Mir344c	
Ramac	RAMACL
Ramac	RAMAC
Gm46540	
Gm6438	
Gm17169	
Gm17072	
Cryzl1	CRYZL1
Gm25267	
Gm9520	
Ncoa7	NCOA7
Il15	IL15
Gm44253	
Vmn2r24	
Ppfia1	PPFIA1
Gm23079	
Vmn2r25	
Rspo4os	
Or5d3	OR5D3P
Gm26377	
Fli1	FLI1
Gcg	GCG
Gm25618	RNU6-254P
H2-DMb2	HLA-DMB
Gm5317	
Nobox	NOBOX
Gm25857	
Or4p7	
Prelid3b	PRELID3B
Cyth3	CYTH3
Gm25138	
Gm8167	
Gm9655	
Gm47430	
Gm37897	
Gm22060	
Gm37290	
Zfp330	ZNF330
Gm38292	
Plppr5	PLPPR5
Gm38346	
Gm44823	
Gm37474	
Gm22763	
Gm37082	
Abtb1	ABTB1
Slc17a5	SLC17A5
D930032P07Rik	
Atrnl1	ATRNL1
Gm24620	SNORA55
Cmah	
Itpka	ITPKA
H2-DMb1	HLA-DMB
Surf2	SURF2
Gm37858	
Edem3	EDEM3
Rnf150	RNF150
Gm19231	
Gm23644	
Dnmt3a-ps1	
Cd109	CD109
Gm37806	
Gm38195	
Gm37576	
Gm18719	
Gm6677	
Gm8684	
Gm6680	
Gm43326	
Gm15442	
Gm18952	
Gm54516	
Gm17953	
Gm5277	
Gm10291	
Gm23440	
Snx7	SNX7
Gm18212	
Gm45449	
Gm10645	
Rnps1	RNPS1
Tbc1d9	TBC1D9
Spns1	SPNS1
Or4p18	
Gm14385	
Vmn1r-ps1	
Zfp831	ZNF831
Gm18398	
Gm45645	
Gpc6	GPC6
Or4p19	
Or4p20	
Or4p21	
Surf4	SURF4
Mir5623	
Gm50287	
Vmn2r26	
Gfra1	GFRA1
Mir6239	
Gm20242	
Wdfy2	WDFY2
Gm24843	
Vmn2r-ps33	
Gm22916	
Tpk1	TPK1
Or4c31	
Gm54524	
Gm4321	
Dpyd	DPYD
Or4p22	
Mir8098	
Mir6541	
Gm54483	
Or4c99	
Gm21021	
Defb48	DEFB109D
Defb48	DEFB109B
Defb48	DEFB109C
Fam171a1	FAM171A1
Ccdc80	CCDC80
Defb47	DEFB130A
Defb47	DEFB130B
Dct	DCT
Atp2a2	ATP2A2
Psmb9	PSMB9
Rilp	RILP
Gm17999	
Ucp1	UCP1
Defb43	DEFB131A
Defb43	DEFB131B
Gm19198	
4930435M08Rik	
Wnt5a	WNT5A
Sntb2	SNTB2
Ets1	ETS1
Gm15550	
9430018G01Rik	
Slc35a5	SLC35A5
Exosc5	EXOSC5
Caskin2	CASKIN2
Gm5990	
Gm7783	
Gm22939	
Gm44211	
Gm44212	
Gm44213	
Podxl2	PODXL2
Gm29247	
Gm43410	
Gm23432	
Gm4332	
Rapgef2	RAPGEF2
Spmip3	SPMIP3
Eci1	ECI1
Gm22085	RNU6-1215P
Elmod2	ELMOD2
Gm2670	
Defb30	DEFB135
1700025G04Rik	C1orf21
Nfatc2ip	NFATC2IP
Atg3	ATG3
Or4c100	
Gm18079	
Defb42	DEFB136
Or4ac1-ps1	
Stkld1	STKLD1
Gm45141	
Peg12	FRAT1
Atp5l-ps1	
Gm17941	
Tmem91	TMEM91
Gm23629	RNU6-652P
Ctsb	CTSB
Dnase1l2	DNASE1L2
Gm25279	
Mapk1	MAPK1
Gm28610	
Gm8964	
Gm38238	
Adss2	ADSS2
Gm50185	
Ccdc172	CCDC172
B9d2	B9D2
Scarf1	SCARF1
Mgat4d	MGAT4D
Chrna7	CHRNA7
Chrna7	CHRFAM7A
Tgds	TGDS
Or4a27	
Gm15612	
Rexo4	REXO4
Gm36189	
Abcc9	ABCC9
Pnlip	PNLIP
Gm16585	
Catspere1	CATSPERE
Gm15660	
Vps4a	VPS4A
Tap1	TAP1
Tgfb1	TGFB1
Tsen15	TSEN15
Gm27240	
Tsen54	TSEN54
Gm47497	
Gm37167	
Gm46138	
Gm8116	
Gm47498	
Pnliprp1	PNLIPRP1
Gm37192	
Gm11344	
Gm22013	RNU6-342P
Gm18863	
Rnf144b	RNF144B
Gm47501	
Epha4	EPHA4
Gm37758	
Gm28620	
Gm47777	
Gm47500	
Nmt2	NMT2
Gm47778	
Timm29-ps1	
Gm44741	
Aldoa-ps3	
Cd19	CD19
Tmed2b	
Aldoa-ps4	
Gm47784	
Gm39377	
Gpr180	GPR180
Gm35262	
Gm25439	
Gm16209	
Gm27165	
Gm8125	
Pdf	PDF
Gm27161	
Gm24150	RNU6-314P
4921511C10Rik	
Gm47858	
Spmip2	SPMIP2
Cog8	COG8
Dixdc1	DIXDC1
Sox21	SOX21
Mir6241	
Gm9376	
Nexn	NEXN
Gm23669	
Cacna2d3	CACNA2D3
Gm54480	
Btla	BTLA
Pnliprp2	PNLIPRP2
Gm54762	
Gm48335	
Gm48334	
Gm16269	
Rufy2	RUFY2
Id4	ID4
Clgn	CLGN
Gm8588	
Gm48648	
Jak2	JAK2
Rpl17-ps6	
Ripor2	RIPOR2
Ccdc97	CCDC97
Snord85	
Gm12971	
Or4p23	
Gm24091	
Gm23711	
Clstn1	CLSTN1
Gm22005	RNU4-49P
Rpp38	RPP38
Or4c104	OR4C16
Cd200	CD200
Or4a67	
Gm54536	
Gm25170	
Gm14976	
Gm7790	
Acbd7	ACBD7
Gm14977	
Gm7058	
Otud7a	OTUD7A
Gm14981	
Gm26406	
Gm23768	
Nip7	NIP7
Gm54537	RN7SKP112
Gm7820	
Gm7821	
Mir3113	
Gm7823	
Gm14979	
Gm54538	RN7SKP2
Gm54538	RN7SKP122
Slc43a2	SLC43A2
Gm14980	
Fdft1	FDFT1
Gm43359	
Tenm1	TENM1
Gm43360	
Gm43361	
Gm22965	RNU6-1233P
Gm22965	RNU6-117P
Usp42	USP42
Or4c11b	OR4C11
Or4c105	OR4C13
Or4c105	OR4C46
Or4c11c	OR4C11
Or4c106	OR4C13
Or4c106	OR4C46
Tmed6	TMED6
Or4c11	OR4C11
Olah	OLAH
Gm5898	
Gm55005	
Gm3307	
Gm44718	
Scoc	SCOC
Gm7482	
Gm44720	
Klf13	KLF13
E030018B13Rik	
Gm5406	
Gm54488	
Gm44627	
Gm5672	
Cd200l1	
Lrtm1	LRTM1
Usp17la	
Psmb8	PSMB8
Gm55013	SNORA74
Gm45556	
Mir6352	
Colgalt2	COLGALT2
Gm45054	
Or52n3	
Adamts13	ADAMTS13
Gm48004	
Gm16011	
Gm6043	
Cd200l2	
Bnc1	BNC1
Gm48006	
Gm6903	
Slc9c1	SLC9C1
Neil2	NEIL2
Or52n2	OR52N2
Gm45090	
Gm45089	
Gm45275	
Or52n2b	OR52N2
Gm42503	
Rabep2	RABEP2
Guf1	GUF1
Sdc3	SDC3
Gm20496	
Tap2	TAP2
Gm5910	
Gm28386	
Terf2	TERF2
Gm28385	
Gm48005	
Gm26263	
Poglut2	POGLUT2
Gm41118	
Gata4	GATA4
Gm26716	
Gm22660	
Col27a1	COL27A1
Mir3971	
Gm12338	
Fbxl20	FBXL20
Or4p8	
Gm37525	
Or4c29	OR4C16
Insl6	INSL6
Or4c15	OR4C15
Selenok	SELENOK
Or4c107	OR4C15
Rln1	RLN2
Rln1	RLN1
Or4c108	OR4C15
Gm15821	
Gm50429	
E4f1	E4F1
Kcnk18	KCNK18
Meig1	MEIG1
Gm29261	
Plgrkt	PLGRKT
Gm23705	
Gm14578	
Blk	BLK
Gm24763	RNU2-40P
Gm14587	
Gm10926	
Gm14588	
Gm14579	
Fbln1	FBLN1
Tex13c1	TEX13C
Tex13c1	TEX13D
Gm14580	
Pcdh19	PCDH19
Gcsam	GCSAM
Or4c109	OR4C15
Or4c110	OR4C15
Or52n2c	OR52N2
Llgl2	LLGL2
Or52n5	OR52N5
Or4c111	OR4C15
Fam167a	FAM167A
Gm45273	
Or52e18	
Or4c112	OR4C15
Or52e8	OR52E8
Or52e8	OR52E6
Gm47074	
Abcc4	ABCC4
Or52e15	
Fap	FAP
Hnrnpul1	HNRNPUL1
Btf3-ps14	
Catspere2	CATSPERE
Mir7075	
Slc18a2	SLC18A2
C630050I24Rik	
BC016579	C3orf52
Cyb5b	CYB5B
Gm14628	
Gm5171	
Gm14603	
Dcaf12l2	DCAF12L2
Gm16135	
Gm43185	
Fnip2	FNIP2
1700113H08Rik	C12orf42
Itpa-ps3	
Gm14602	
Gm49585	
Dcaf12l1	DCAF12L2
Tmprss7	TMPRSS7
Hey2	HEY2
Gm7700	
Tnmd	TNMD
Rps18-ps3	
Mcf2l	MCF2L
Cd274	CD274
Gm48862	
Gm24168	
Gm23790	
Gm7333	
Gm10764	
Gm23191	RNU6-1108P
Gm23191	RNU6-1332P
Ascl1	ASCL1
Gm48120	
Hddc2	HDDC2
Prr32	PRR32
Pdzd8	PDZD8
Gm14606	
Gm14605	
Gm5386	
Gm14652	
Gm25078	RNU6-330P
Gm14653	
Actrt1	ACTRT1
Gm50440	
Gm14654	
Gm4987	
Emx2	EMX2
Tagln3	TAGLN3
Gm37313	
Gm29242	
Gm25312	
Gm8010	
Gm7722	
Gm14609	
Gm14610	
Gm4908	
Gm14608	
Tspan6	TSPAN6
Bivm	BIVM
Bivm	ERCC5
Gm54769	
Gm48865	
Hnrnph3	HNRNPH3
2700089I24Rik	
Abhd10	ABHD10
Gm18161	
Pdcd1lg2	PDCD1LG2
Atxn10	ATXN10
Gm15591	
Phldb2	PHLDB2
2310030G06Rik	C11orf52
Gm50411	
Gm17203	
Rab11fip2	RAB11FIP2
Gm3513	
Gm35067	
Ptbp2	PTBP2
Hspb2	HSPB2
Srpx2	SRPX2
Eif2ak1	EIF2AK1
Gm23517	
Gm7814	
Gm49242	
Gm49243	
Cryab	CRYAB
Gm23907	
Prlr	PRLR
Actr8	ACTR8
Pgp	PGP
Ercc5	BIVM
Ercc5	ERCC5
H2-Ob	HLA-DOB
Atp2a1	ATP2A1
Csf1r-ps	
Gm50296	
Fam204a	FAM204A
Pah	PAH
Inpp5k	INPP5K
Mir455	MIR455
Orm1	ORM1
Orm1	ORM2
Armh2	ARMH2
Gmnn	GMNN
Ift81	IFT81
Gm11212	
Laptm5	LAPTM5
Cfap68	CFAP68
Gm24233	
Fbxo33	FBXO33
Gm48195	
Pbld2	PBLD
Mir6947	
Gm49033	
Tdh	
Prlhr	PRLHR
Smarca1	SMARCA1
Ric1	RIC1
Gm54529	
Gm48258	
Gm7719	
Gm4930	
Gm48263	
Gm18242	
Gm48268	
Gm7727	
Gm24377	
Gm22673	
Gm48285	
Gm29809	
H2-Ab1	HLA-DQB2
Gm48289	
Gm32936	
Gm18871	
Gm20049	
Gm7739	
Gm6068	
Gm23059	
Gm38172	
Gm48301	
Gm48304	
Gm48305	
Mettl21e	METTL21EP
Fdxacb1	FDXACB1
Nanog-ps2	
Lrfn5	LRFN5
Sh3gl3	SH3GL3
Gm54902	
Myo15b	MYO15B
BC005537	C6orf62
Gm15833	
Gm5700	
Txn-ps1	
Tpd52l1	TPD52L1
Farsb	FARSB
Gm30738	
Gm48328	
Alg9	ALG9
Gm43300	
Gm54530	RN7SKP284
Gm7753	
Gm42664	
Gm23302	RNU6-665P
Mir6391	
Gm24750	RNU6-136P
Gm42804	
Gm22379	
Gm48358	
Gm54548	
Mtmr9	MTMR9
Gm2754	
Gm54549	
Gm18384	
Gm48359	
Gm23733	
Gm7754	
Ppid	PPID
Gm48365	
Gm6353	
Gm48366	
Gm48367	
Gm48368	
Gm54531	
Spanxn4	
Gm19134	
Tspyl-ps	
Gm48378	
Kidins220	KIDINS220
Gm22358	
Acot13	ACOT13
Lrrd1	LRRD1
Xkr6	XKR6
Tdp2	TDP2
Rps4x-ps	
Gm43541	
Mlst8	MLST8
Gm43301	
Mterf1a	MTERF1
Mir598	MIR598
Gm25013	
Cldn10	CLDN10
Gm42927	
Gm43444	
Gm42926	
Etfdh	ETFDH
Or56a5	OR56A4
Cacfd1	CACFD1
Gnpda2	GNPDA2
Gm45374	
Or56a4	OR56A4
Adamtsl3	ADAMTSL3
Gm2534	
Gm36994	
Gm19010	
Col12a1	COL12A1
Gm29341	
D130043K22Rik	KIAA0319
Gm48094	
Gm48092	
Gm48093	
Gm47687	
Rnf217	RNF217
Plcxd2	PLCXD2
Gm18169	
Gm24651	
Gm54503	
Gm47693	
4833412K13Rik	
Gm6914	
Gm7909	
BC035947	ERVW-1
BC035947	
Gm54505	
Gm7275	
Gm17804	
Gm8793	
Gm7204	
Rgl1	RGL1
Pinx1	PINX1
Gm49770	
Gm47704	
Gm18189	
A230081H15Rik	
Dppa4	DPPA4
C030006N10Rik	
Gm37973	
Gm18704	
4930579G24Rik	C4orf46
Gm47700	
Gm47702	
Igf1	IGF1
Rwdd3	RWDD3
Or52l1	OR52L1
Cacul1	CACUL1
Gm44919	
Or52x1	
Orm3	ORM1
Orm3	ORM2
Or56b34	OR56B4
Gm54498	
Sox7	SOX7
Saxo2	SAXO2
Il17rb	IL17RB
Dppa2	DPPA2
Pik3r1	PIK3R1
Matn1	MATN1
Or56b35	OR56B4
Gm45331	
Or52b1	
Papolg	PAPOLG
Or52b2	OR52B2
Gm14648	
Axl	AXL
Or4c113	OR4C15
Sytl4	SYTL4
Orm2	ORM1
Orm2	ORM2
Gm25261	
Ltk	LTK
Akna	AKNA
Gm49771	
Gm5485	C3orf85
Gm10652	
Gm54506	
Gm5710	
Retnlb	RETNLB
Rxfp1	RXFP1
Retnla	RETNLB
Gm7763	
Gm5185	
Gm48415	
Gm48416	
Gm48417	
Gm47701	
Gm24921	RNU6-266P
Gm24921	RNU6-550P
Gm24921	RNU6-767P
Gm48418	
Gm5653	
Gm48421	
Gm48422	
Id2	ID2
Retnlg	RETNLB
Gm26044	
Gm23661	
Gm43139	
Gm23067	
Gm26072	RNU6-267P
Gm26072	RNU6-162P
Gm42652	
Gm42653	
Akap9	AKAP9
Itsn1	ITSN1
Fscb	FSCB
Gm54602	
Nanos1	NANOS1
Gm24066	
Dnajb6-ps	
Gm4806	
Eif3a	EIF3A
Rpl7a-ps1	
Gm47705	
H2-Aa	
Gm19340	
Gm54540	
Gm9321	
Gm527	DORIP1
Gm36638	
Gm54655	
Gm19108	
Gm17832	
Gm38133	
Gm54656	
Gm47008	
Aldh5a1	ALDH5A1
Ptpru	PTPRU
4930578I06Rik	C8orf74
Mcm2	MCM2
Gm47750	
Gm29968	
Gm26984	
Togaram1	TOGARAM1
Mir6378	
Gm54567	
Gm43078	
Gm7733	
Ube2l3-ps1	
Miga1	MIGA1
Gm50368	
Gm12062	
Gm54909	
Mir122	MIR122
Alpk2	ALPK2
A830031A19Rik	
Rp1l1	RP1L1
Med1	MED1
Gm47014	
9330162012Rik	
Prss55	PRSS55
Cd180	CD180
Chdh	CHDH
Gpld1	GPLD1
Mir3084-2	
Snora19	SNORA19
Bricd5	BRICD5
Gm54606	
Ermp1	ERMP1
Tyms-ps	
Gm48306	
Gm48307	
Gm48308	
Pmch	PMCH
Gm15479	
F730048M01Rik	
Gm7278	
Gm21973	
Gm28792	
Gm50220	
Apobec4	APOBEC4
Agxt2	AGXT2
Gm50221	
Pbld1	PBLD
Gm46618	
Mogat1	MOGAT1
Gm29763	
Cyp2s1	CYP2S1
Gm22567	
Malt1	MALT1
Gm50062	
H2-Eb1	
Cmas	CMAS
Gm18760	
Prss51	PRSS51
Ttc38	TTC38
Arpc5	ARPC5
Reep1	REEP1
Parpbp	PARPBP
Wdr46-ps	
Prss52	
Gm43031	
Gabrg1	GABRG1
Fgf4	FGF4
Gm45226	
Gm4613	
Gm55040	
Gm17116	
Gm30146	
Gm23921	Y_RNA
Gm23921	RNY1P14
Gm45228	
Gm7841	
Gm29611	
Gm6434	
Ocrl	OCRL
9630015K15Rik	
Gulp1	GULP1
Efl1	EFL1
Dzip1	DZIP1
Gm44769	
Gm44770	
Sult6b2	
Caskin1	CASKIN1
Sox11	SOX11
Gm24326	
Gm31025	
Gm19540	
Dnajc21	DNAJC21
Prpf39	PRPF39
Mrpl35	MRPL35
Mrs2	MRS2
Mlana	MLANA
Gm44771	
St8sia1	ST8SIA1
Fzd1	FZD1
Gm42744	
Gm54884	
Gtse1	GTSE1
Gabra2	GABRA2
Dennd10	DENND10
Gm47605	
Dcdc2a	DCDC2
Gm48072	
Gm6653	
Trdn	TRDN
Kirrel3	KIRREL3
Gm7468	
A930014E10Rik	
Tpra1	TPRA1
Gm49548	
Cox7b2	COX7B2
Brix1	BRIX1
Gabra4	GABRA4
Gm44917	
Gm45807	
Gm44916	
Gm55052	
Mex3b	MEX3B
Gm22934	
Cyp2b10	
Gm11348	
Nrsn1	NRSN1
Gm37626	
Gm16102	
4930521E06Rik	
Gm38110	
Gm3489	
Gm19480	
Gm3496	
Gm5268	
Gm25970	SNORD127
Gm54783	
F830002E08Rik	
Gm24919	RNU6-411P
Fkbp3	FKBP3
Efcab2	EFCAB2
Tpi-rs8	
Gm11349	
Gm11350	
Gm11352	
Gm47881	
Brd10	BRD10
Gm11353	
Or4c114	OR4C15
Gm47883	
Hdgfl1	HDGFL1
Or4c115	OR4C15
4921520N01Rik	
Gm11354	
Gm11355	
Gm47888	
Prl	PRL
Or4c116	OR4C15
Acsl3	ACSL3
Gm11604	
Or4c117	OR4C15
Trmu	TRMU
Obscn	OBSCN
Slc2a6	SLC2A6
Gm15959	
Ranbp6	RANBP6
Tmem144	TMEM144
Gm50380	
Sfxn4	SFXN4
P2rx7	P2RX7
Gm50246	
Gm45227	
Gm45225	
Tsbp1	TSBP1
Gm50247	
5930435M05Rik	
Gm41760	
Gm44845	
Gm44723	
Pcdha1	PCDHA1
Gm7957	
BC026762	
Gm44991	
Cyp2b13	
Gm49179	
Msra	MSRA
Prl3d1	PRL
Apln	APLN
Efr3a	EFR3A
Rnf170-ps	
Gm29920	
Cyp2b26-ps	
Cstf2	CSTF2
Gm45181	
Cyp2b9	
Gm47831	
Gm47845	
Prl3d2	PRL
Gm19073	
Gm47842	
Nup37	NUP37
Tlcd4	TLCD4
Gm47870	
Nrxn3	NRXN3
Prdx3	PRDX3
Gm8902	
Vmn1r-ps86	
Sh2b1	SH2B1
Prl3d3	PRL
Gm13397	
Gm13398	
Mymk	MYMK
Il33	IL33
Pik3cd	PIK3CD
Prl3c1	PRL
Pcdha2	PCDHA2
Gm26357	
Washc3	WASHC3
Dnajc3	DNAJC3
Ifih1	IFIH1
Ninj1	NINJ1
Ncf2	NCF2
Gm49768	
Mir124a-1	MIR124-1
Mir3078	
Kif13b	KIF13B
Prl3b1	PRL
Gm26046	
Trpd52l3	TPD52L3
Grk5	GRK5
Pcdha3	PCDHA3
Prl3a1	PRL
Pcdha4	PCDHA4
Gm26420	
Gm9353	
Gm30517	
Gm25696	
Gask1b	GASK1B
Gm53000	
Gm11356	
Card19	CARD19
Gm9529	
Gm22520	
Alg14	ALG14
Uhrf2	UHRF2
Gm17980	
Gm48476	
Gm44178	
Dram1	DRAM1
Gm19066	
Col1a2	COL1A2
Gm43839	
Gm54577	RN7SKP148
Gm38295	
Gm37971	
Prl6a1	PRL
Gm6706	
Atp11b	ATP11B
Gm26225	
Uggt2	UGGT2
Traf7	TRAF7
Gm11357	
Gm11358	
Gnptab	GNPTAB
Susd3	SUSD3
Pcdha4b	
Gm37980	
Gm54561	
Gm54562	
Gm48692	
Pcdha5	PCDHA5
Gm48700	
Gm47684	
Pcdha6	PCDHA6
Pcdha6	PCDHA8
Gm40538	
Gm47686	
Gm2139	
Igha	IGHA1
Igha	IGHA2
Kif26b	KIF26B
Gm38217	
Kirrel3os	
Ighe	IGHE
Gm38666	
Pcdha7	PCDHA7
Pcdha7	PCDHA9
Gm54827	
Cox7a2	COX7A2
Gm37388	
Gm36858	
n-R5s65	
Gm23195	
Gm47688	
Ighg2c	
Pcdha8	PCDHA7
Pcdha8	PCDHA9
Tmem30a	TMEM30A
Pcdha9	PCDHA10
Gm54563	
Ighg2b	
Slc9a3	SLC9A3
Adamtsl2	ADAMTSL2
Gm37944	
Filip1	FILIP1
Fancm	FANCM
Gldc	GLDC
Pcdha10	PCDHA4
Gm24405	
Gm34176	
Hs6st3	HS6ST3
Sgk3	SGK3
Gm6212	
Gm48985	
Oxgr1	OXGR1
Mir8115	
Gm10064	
Gm20167	
Mir3112	
Xpnpep2	XPNPEP2
Cdk14	CDK14
Mbnl2	MBNL2
Prl8a2	PRL
Gm20477	
Gm3211	
Gm8131	
Gm54836	
Gm46146	
St3gal4	ST3GAL4
Fam163b	FAM163B
Gm10545	
Rpl31-ps20	
Pcdha11	PCDHA11
Mbl2	MBL2
Gca	GCA
Gm54628	
Gm54629	
Gm17885	
Gm50264	
Ppp1r2-ps3	
Vmn1r184	
Prl2b1	PRL
Dkk1	DKK1
Cyp2a4	CYP2A6
Cyp2a4	CYP2A13
Cyp2a4	CYP2A7
Chpt1	CHPT1
Prkg1	PRKG1
Rad1	RAD1
Or4c124	OR4C15
Gm13590	
Or4c125	
Exoc3	EXOC3
Tmem167-ps1	
Sult2a2	SULT2A1
Or4a15	OR4A15
Zbed4-ps2	
Nlrp9c	NLRP9
Gm43203	
Gm7741	
Olfr1235-ps1	
Dcun1d1	DCUN1D1
Dbh	DBH
Gm54631	RN7SKP53
Cstf2t	CSTF2T
A1cf	A1CF
Gm18150	
Zfp532	ZNF532
Gm47869	
Ighg1	
Gm43112	
Gm43113	
Gm54911	
Gm43111	
Dcps	DCPS
Sult2a1	SULT2A1
Or4i1-ps1	
Gm22897	
Gabrb1	GABRB1
Dclre1c	DCLRE1C
Gm20405	
Prl8a6	PRL
Kat6b-ps2	
Ttc23l	TTC23L
Tufm	TUFM
Gm24262	
Tirap	TIRAP
Ighg3	
Mir9768	
Gm15349	
Gm15352	
Gm17421	
Gm43623	
Gm9134	
Gm43577	
Gm9136	
Sash3	SASH3
Gm15617	
Gm5190	
Gm10484	
Ighd	
Sorbs2	SORBS2
Gm42619	
Gm43727	
Gm43728	
5430427N15Rik	
Ptpn13	PTPN13
Ighm	IGHM
Celsr1	CELSR1
Gm54570	
Gm54571	
Fgd3	FGD3
Gm54572	
Gm54573	
Mis18bp1	MIS18BP1
Cldn34a	CLDN34
Gm7158	
Zdhhc9	ZDHHC9
Gm19241	
9130016M20Rik	
Asah2	ASAH2B
Asah2	ASAH2
8430422M14Rik	
Gria2	GRIA2
Hmbox1	HMBOX1
Sult2a-ps2	
Tmem167-ps2	
Gm7540	
Gm4796	
Gm19116	
Gm22829	
Sult2a4	SULT2A1
Gm22594	
Gm28139	
Gm47894	
Sycp3	SYCP3
Zbed4-ps3	
Tmem167-ps3	
Gm42620	
Gm54918	RN7SKP293
Sult2a3	SULT2A1
Slc10a6	SLC10A6
Gm39318	
Nlrp4a	NLRP4
Srpra	SRPRA
Gm15844	
Gm24038	
Gm43546	
Nox1	NOX1
Bhlha15	BHLHA15
1700016H13Rik	C4orf36
Gm47896	
Gm47897	
Ahrr	AHRR
Gm47903	
Gm17044	
Reep3	REEP3
Gm8174	
Gramd4	GRAMD4
Ppp2r1b	PPP2R1B
Cep128	CEP128
Sult2a-ps3	
Mybpc1	MYBPC1
Gm55088	
Nlrp9a	NLRP9
Gm25721	
Maea	MAEA
Gm15722	
Rai14	RAI14
Mast4	MAST4
Xkrx	XKRX
Rny3	RNY3
Rpl31-ps7	
Rny1	RNY1
Pdia4	PDIA4
Mir7023	
Mecr	MECR
Arl13a	ARL13A
Tecpr1	TECPR1
Mir704	
Rpl35a-ps7	
Zfp786	ZNF786
Utp14a	UTP14A
Utp14a	UTP14C
Lipo5	
Zfp398	ZNF398
Lipo4	
Or4a39	OR4A5
Or4a39	OR4A8
Atxn2l	ATXN2L
Gm37643	
Kcnh7	KCNH7
Gm50115	
Gm50233	
Gm50462	
Lipo3	
Gm10389	
Pcdha12	PCDHA13
Oc90	OC90
Wdr20rt	WDR20
Gm44041	
Gm47973	
Zfp282	ZNF282
Gm26015	
Gm25599	RNU6-111P
Gm25599	RNU6-927P
Gm25599	RNU6-634P
Gm54578	
Gm23948	
Gm22782	
Gm18968	
Gm47742	
Gm47975	
Gm2915	
Gm18388	
Rpl10l	RPL10L
Gm47979	
Srsf4	SRSF4
Gm47982	
Gm22020	
Gm13569	
Tshr	TSHR
Or4a2	
Gm23503	
Or4a68	OR4A16
Immt	IMMT
Oacyl	
Gm48752	
Or4a69	OR4A16
Gm8435	
Gm48106	
Frk	FRK
Or4a70	OR4A16
Gm54644	
Gm8978	
Gm19755	
Gm18293	
Gm8980	
Runx1	RUNX1
Lipo2	
Gm54604	RNU6-194P
Fign	FIGN
Gm5396	
Gm54605	RNU6-740P
Gm54605	RNU6-491P
Gm26960	
Foxr2	FOXR2
Rragb	RRAGB
Rap2a	RAP2A
A930004J17Rik	
Gm12978	
Gm50475	
Gm13575	
Rpl19-ps5	
Tmem200b	TMEM200B
Gm37183	
Or4a71	OR4A16
Gm20111	
Tmem201	TMEM201
Gm25781	
Gm4573	
Ints9	INTS9
Or4ae1-ps1	
Gm18827	
Lipo1	
Ighj4	
Gm13577	
Gm13576	
Suv39h2	SUV39H2
Gm50234	
Pcdhac1	PCDHAC1
Gm48108	
Gm15153	
Gm29807	
Gm8834	
Klf8	KLF8
Gm26341	
Gm47044	
Gm18729	
Bcl11a	BCL11A
Amd2	AMD1
Gm26626	
Gm54598	
Gm47046	
Mccc1	MCCC1
Gm47048	
Gm54553	
Gm47049	
Corin	CORIN
Mir802	
Lrrc74b	LRRC74B
Spic	SPIC
Gm5519	
Gm13578	
Or4a72	OR4A16
Gm8988	
Gm50120	
Or4a73	OR4A5
Or4a73	OR4A8
Rab26	RAB26
Gm23095	
Lipf	LIPF
Gm7150	
Kctd12b	
Or4a74	OR4A16
Pcdhac2	PCDHAC2
Or4a75	OR4A16
Nbdy	NBDY
Extl3	EXTL3
Or4a76	
Vmn1r185	
Or4a77	OR4A16
Sardh	SARDH
Smt3h1-ps	
Gm55117	
Eif3c	EIF3C
Eif3c	EIF3CL
Bcorl1	BCORL1
Gm46192	
Gm54840	
Gm48144	
Hs3st5	HS3ST5
Cerk	CERK
Lipk	LIPK
Gm48299	
Fzd3	FZD3
Recql5	RECQL5
Sec11c	SEC11C
Slc25a33	SLC25A33
Gm54523	
Gm9086	
Cyp2b23	
Fbxo16	FBXO16
Snord60	SNORD60
Gm33508	
Glrb	GLRB
Pkd1	PKD1
Gm54519	RN7SKP36
Gm54519	RN7SKP206
Gm45034	
Gm29742	
Gm49068	
Gm22818	
Hhla1	HHLA1
Gm13065	
Gm13064	
Trpm1	TRPM1
Gm55098	
Gm55099	
Spsb1	SPSB1
Senp6	SENP6
Gm47054	
Gm22554	
Arl1	ARL1
Lipn	LIPN
P2rx6	P2RX6
Utp14b	UTP14A
Utp14b	UTP14C
Zfp395	ZNF395
H6pd	H6PD
Gm2991	
Tbc1d22a	TBC1D22A
Gm29808	
Gm43080	
Gm6159	
Gm29536	
Usp33	USP33
Kcne4	KCNE4
Gm54653	
Lipm	LIPM
Sardhos	
Gm29187	
Pnoc	PNOC
Or4a78	OR4A5
Or4a78	OR4A8
Gm5830	
Jmjd1c	JMJD1C
Gm6195	
Gm54812	RNU6-275P
Scg2	SCG2
Mir34a	MIR34A
Gm37795	
Gpr157	GPR157
Hspa14	HSPA14
Smim5	SMIM5
Gm19027	
Gm24160	
Smyd3	SMYD3
Spin2c	
Gm53001	
Slc2a5	SLC2A5
Gtf2a1	GTF2A1
Elp3	ELP3
Erln	
Trmt2b	TRMT2B
Recql5os1	
Ankrd22	ANKRD22
Gm12067	
AU023070	
Gm54928	RNU6-526P
Gm54929	
Gm24255	
Bri3	BRI3
Sap30bp	SAP30BP
Gm50256	
Gm50175	
A930001M01Rik	
Gm54763	MIR1225
Gm50174	
Gm49465	
Grp	GRP
Kcnq3	KCNQ3
Tsc2	TSC2
Slc7a4	SLC7A4
Stambpl1	STAMBPL1
Slc2a7	SLC2A7
Gm25150	
Gm50117	
Gm50118	
Gm50119	
Rax	RAX
Ap1s3	AP1S3
Baiap2l1	BAIAP2L1
Gm49466	
Gm27153	
Whrn	WHRN
Gm49467	
Gm54525	
Gm30929	
Gm19077	
Gm49469	
Gm54527	RNA5SP535
Dnaaf11	DNAAF11
Raxos1	
Or4a79	OR4A16
Gm5561	
Cplx4	CPLX4
Gm37886	
Sap30bpos	
Tfb2m	TFB2M
5730522E02Rik	
Or4a80	OR4A5
Or4a80	OR4A8
Grb14	GRB14
Lman1	LMAN1
Gm23514	
Mir6372	
Gm25776	
Gm22868	RNU1-47P
Mdga2	MDGA2
Cdk12	CDK12
Gm15708	
Gm15709	
Aff1	AFF1
Cd47	CD47
Tafa5	TAFA5
Gm15480	
Cnst	CNST
Mir6393	
Gm49472	
B230214G05Rik	
Tmem71	TMEM71
Zdhhc25	
Col3a1	COL3A1
Gm5454	
Brd1	BRD1
Pdcd6	PDCD6
Acta2	ACTA2
Msantd7	MSANTD7
Nuggc	
Or4a81	OR4A16
Gm25558	RNU6-84P
Gm20648	
Gm17477	
Gm19001	
Gm47988	
Scara5	SCARA5
Foxred1	FOXRED1
Gm23826	
Gm18940	
Gm47989	
Or4c12b	OR4C12
Gm47987	
Gm48059	
Gm48060	
n-R5s60	
Cdnf	CDNF
Rpl17-ps3	
Gm26256	RNU2-14P
Gm17821	
Gm47452	
Gm20102	
Gm54702	
Gm47453	
Prl8a8	PRL
Hspe1-ps1	
Ston2	STON2
Gm50239	
Tmem35a	TMEM35A
Fas	FAS
Gm13186	
Gm13182	
Or4a47	OR4A47
Or4c58	
Elf4	ELF4
Or4c10b	OR4C13
Or4c10b	OR4C46
Gm26359	RNU6-207P
Hdac2	HDAC2
Or4c10	OR4C13
Or4c10	OR4C46
Or4c12	OR4C12
Fam107b	FAM107B
Gm47454	
Gm47456	
Zbed4	ZBED4
Gm47457	
Gm54659	
Gm19176	
Gm54660	
Gm19047	
Ch25h	CH25H
Gm47490	
Gm54585	
Gm47491	
Lipa	LIPA
Gm2912	
Gm50142	
Gm54586	
Ccbe1	CCBE1
Gm47518	
Gm7868	
Gm24499	
Rps29	
Rn7s1	RN7SL1
Gm54587	
Gm54588	
Lrr1	LRR1
Npr3	NPR3
Gm38231	
Nrbf2	NRBF2
Pbk	PBK
Gm15142	
Gm54932	
Gm22359	RNU6-506P
Gm22359	RNU6-1303P
Mir5119	
Rpl36al	RPL36A
Gm54933	
Gm8577	
Gm20644	
Neurod2	NEUROD2
Gm13183	
Cldn34b1	CLDN34
Gm13181	
Gm13185	
Gm13191	
Magea6	MAGEA10
Or4c35	OR4C5
Wnt3a	WNT3A
Magea3	MAGEA10
Nptx2	NPTX2
Gm6645	
Gm25257	RNU6-147P
Magea8	MAGEA10
Gm16416	
Marcks	MARCKS
Wnt9a	WNT9A
Gm54707	
Gm49383	
Gm24870	
Prl8a9	PRL
Mgat2	MGAT2
Aifm1	AIFM1
Gm50257	
Ifit2	IFIT2
Dnaaf2	DNAAF2
Gm47516	
Gm32023	
4930543K20Rik	
Tmem130	TMEM130
Gm48172	
Gm54934	
Gm54846	
Gm24889	
Zfp212	ZNF212
Gm54847	SNORD70
Fancl	FANCL
Gm48173	
Gm48197	
Gm48198	
Vav2	VAV2
Esco2	ESCO2
Gm22911	
Rfpl4b	RFPL4B
Bicd2	BICD2
Gm17779	
Gm49384	
4930543I11Rik	
Pank1	PANK1
Gm29774	
Ighj3	
Zfp365	ZNF365
Gm54535	RN7SKP243
Alg12	ALG12
Gm17825	
Vmn1r42	VN1R5
Vmn1r43	VN1R5
Gm50143	
Nfxl1	NFXL1
Zfp956	
Mir694	
Gm50148	
Gm50153	
Gm20294	
Gm50154	
Ccdc25	CCDC25
Pmaip1	PMAIP1
Utp20	UTP20
Gm50156	
Gm50157	
Sik2	SIK2
Gm50158	
Gm24679	
Gm36092	
Gm50159	
Gm50160	
Gm50161	
Gm54635	
Mc4r	MC4R
Gm6443	
Vmn1r44	VN1R5
Gm50165	
Scara3	SCARA3
Gm50166	
Gm8824	
Gnal	GNAL
Bbx	BBX
Mir107	
Kif20b	KIF20B
Sub1	SUB1
Gm19222	
Vmn1r-ps28	
Zfp777	ZNF777
Clu	CLU
Creld2	CRELD2
Gm45738	
Gm54714	
Ptcd3	PTCD3
Rab33a	RAB33A
Cenpi	CENPI
Gm23144	
Pim3	PIM3
Prl8a1	PRL
Gm43815	
Gm34144	
Zar1	ZAR1
Prss38	PRSS38
Slc10a4-ps	SLC10A4
Gm12713	
Ppp1r1b	PPP1R1B
Gm20621	
Prl7b1	PRL
Klhl8	KLHL8
Phf20l1	PHF20L1
Sdha	SDHA
Mcmdc2	MCMDC2
Gm55252	
Rpap1	RPAP1
Gulo	
B230207O21Rik	
Gm42476	
Gm42967	
Dock3	DOCK3
Gm43859	
Gm43858	
Gm43857	
Pdgfc	PDGFC
Snap47	SNAP47
Gm43547	
Gm24897	
Gm16125	
Cnga1	CNGA1
Ippk	IPPK
Adam2	ADAM2
Gm37300	
Gm4857	
Gm43346	
Gm22531	
Gm57858	
Pole2	POLE2
4930521O17Rik	
Lama4	LAMA4
Ctso	CTSO
Vmn1r45	VN1R5
Vrk2	VRK2
Gm5297	
Gm54819	
Snord87	SNORD87
Nipal1	NIPAL1
Snord94	SNORD94
Tcf24	TCF24
Vmn1r46	VN1R5
E330040D14Rik	
Sccpdh	SCCPDH
Prl7a1	PRL
Vmn1r-ps29	
Acad9	ACAD9
Zfp746	ZNF746
Gm10233	
Ephx2	EPHX2
Hsd17b13	HSD17B13
Ighj2	
Vmn1r47	VN1R5
Prl7a2	PRL
Vmn1r48	VN1R5
Vmn1r-ps31	
Gm20534	
Acot9	ACOT9
Gm50170	
Gm50167	
Gm23512	
Gm50169	
C2cd5	C2CD5
Chmp1b	CHMP1B
Mppe1	MPPE1
Gm11359	
Cenpp	CENPP
Gm6899	
Gm12071	
Slc5a8	SLC5A8
Gm44722	
Gm12070	
Gm12072	
Mir211	
Gm44719	
Gm12073	
Mir6416	
Cyp2b19	
Stard3	STARD3
Gm8200	
Gm43079	
Gm43205	
Hsd17b11	HSD17B11
Tdo2	TDO2
Smg7	SMG7
Tes3-ps	DCUN1D1
Srek1	
Fam229b	FAM229B
Ttll8	TTLL8
Gm650	
Prdx4	PRDX4
Klhdc1	KLHDC1
Mir1950	
Gm44765	
Gm5248	
Gm50137	
Gm50140	
Tpcn2	TPCN2
Gm24006	
Gm54676	
Gm54677	
Gm25611	
Htr7	HTR7
Impa2	IMPA2
Gm43545	
Gm17205	
Gm22454	
Nudt9	NUDT9
Gm17117	
Gm23595	
AA543401	
Gm54864	
Mapkapk3	MAPKAPK3
Gm12074	
Gm54944	
Gm24850	
Gm25387	
Gm12075	
Tcap	TCAP
Cidea	CIDEA
Gm15158	
Gm8606	
Rpp30	RPP30
Gm54626	
Gm12077	
Ptchd1	PTCHD1
Gm3810	
Gm12079	
Pnmt	PNMT
Zfp267	
Tubb6	TUBB6
Atp6v1g1	ATP6V1G1
Gm15156	
Zfr	ZFR
Ptchd1as	
Gm12080	
Jmjd4	JMJD4
Car6	CA6
Gm15160	
Btbd35f24	
Qrfpr	QRFPR
Afg3l2	AFG3L2
Gm15561	
Ighj1	
Drp2	DRP2
Ankrd1	ANKRD1
Ccdc127	CCDC127
Gm13094	
Tmem268	TMEM268
Mir5619	
Scpppq1	SCPPPQ1
Asic5	ASIC5
Chrna2	CHRNA2
Tube1	TUBE1
Fam118b	FAM118B
Gm50428	
Gm25431	
Gm50427	
Gm42068	
Gm50426	
Gm7798	
Gm2106	
Gm43333	
Gm23838	
Ighmbp2	IGHMBP2
Gm42718	
Gm42719	
Gm24686	
Gm3203	
Ccdc54	CCDC54
Gm43324	
Gm5714	
Gm9575	
Mir6363	
Gm24925	RNU6-1038P
Sparcl1	SPARCL1
Gm32431	
Zfp867	ZNF878
Gm6767	
Lrrc14b	LRRC14B
Gm49608	
Sim2	SIM2
Ighd4-1	
Ptk2b	PTK2B
Zfp72	
Ighd3-2	
Klhdc2	KLHDC2
Gm12263	
Pgap3	PGAP3
Gm43255	
Gm54654	
Prelid3a	PRELID3A
Pou5f1-rs11	
Gm17835	
Gm17887	
Gm11483	
Gm24448	RNU6-378P
Gucy1b1	GUCY1B1
Tex53	
Ecm2	ECM2
Tex48	TEX48
Gm24234	
Eno1	ENO1
Rtkn2	RTKN2
Zfp804b	ZNF804B
Spire1	SPIRE1
Gm24525	
Tubb4b-ps1	
Gm42598	
Gm42597	
Dspp	DSPP
Gm8227	
Prl7d1	PRL
Hlcs	HLCS
Ighd5-6	
Gm43841	
Ighd2-8	
Tex47	TEX47
Ighd5-5	
Ighd2-7	
Ighd5-8	
Ighd5-4	
Ighd2-6	
Gm12262	
Gm4960	
Ighd5-7	
Ighd5-3	
Dmp1	DMP1
Myo1c	MYO1C
Ighd2-5	
Gm37327	
Ighd5-2	
Ighd2-4	
Gm54550	
Mir1898	
Gm2573	
Ighd6-2	
Ftl1-ps1	FTL
Anxa5	ANXA5
Gm2581	
Gm37227	
Ighd2-3	
Mlc1	MLC1
Ighd6-1	
Ighd1-1	
Adam6b	
Mir692-3	
Prl7c1	PRL
Gm54981	
Gm8802	
Ighd3-1	
Ighd5-1	
Gm54982	
Gm43478	
Gm16968	
Steap4	STEAP4
Adam6a	
Ighv5-1	
Gm47435	
Prl2a1	PRL
Ighv2-1	
Ighv2-2	
Ibsp	IBSP
Cish	CISH
Ighv5-3	
Tnfsf8	TNFSF8
Gm28791	
1700040K01Rik	
Ighv5-4	
Aspn	ASPN
Kif28	
Ighv6-1	
Ighv2-3	
Gm15731	
Gm17041	
Ighv5-5	
Rpusd4	RPUSD4
Rpl17-ps4	
Ighv5-6	
Rere	RERE
Mepe	MEPE
Gm9517	
Gm54583	
Mrpl21	MRPL21
Gm48979	
Ighv5-7	
Gm48984	
Ighv2-4	
Gm48978	
Gm6363	
Ripply3	RIPPLY3
Txk	TXK
Gm8976	
Col5a2	COL5A2
Zfp825	
Gm21051	
Gm18621	
Ighv5-8	
Mir7009	
1810062G17Rik	
Rpl31-ps1	
Gm54608	
Gm11548	
Prl2c1	PRL
Gm8702	
Gm21614	
Pigp	PIGP
Gm47984	
Mtmr12	MTMR12
Gm40598	
Ighv5-9	
Gm23814	
Gucy1a1	GUCY1A1
Gm5614	
Id1	ID1
2610105M22Rik	
Gm47854	
Gm7293	
Gm8959	
Gm6841	
Ighv5-10	
Hemk1	HEMK1
Gm22476	RNU6-700P
Gm22476	RNU6-837P
Gm22476	RNU6-437P
Gm34165	
Gm47470	
Gm11360	
Gm18881	
Gm18500	
Prl4a1	PRL
Gm47998	
Gm14162	
Gm37187	
Cox4i2	COX4I2
Gm21007	
Gm23249	RNU1-83P
Mir8099-2	
Ighv2-5	
Gm6081	
Mir6368	
Gm11362	
Gm34639	
Gm9726	
Gm7119	
Ighv5-11	
Gm14373	
Gm14452	
Gm14451	
Mir6984	
Gm14448	
Gm50307	
Sox4	SOX4
Gm14450	
Nudt11	NUDT11
Smim43	SMIM43
Gm18749	
Cpt1a	CPT1A
Gm11363	
Nemf	NEMF
Gm55275	
Erap1	ERAP1
Bcl2l1	BCL2L1
Rpl19-ps12	
Gm54638	
Ezhip	
Mir7010	
Gm11550	
Abca4	ABCA4
6430571L13Rik	C3orf18
n-R5s2	
Nudt10	NUDT11
Taf7l	TAF7L
Gm13092	
Gm55126	RNU6-544P
Tnc	TNC
Ccn6	CCN6
Gm45212	
F7	F7
Cyp2g1	
Arhgap20	ARHGAP20
D030034A15Rik	
Gm6477	
Arid5b	ARID5B
Gm17669	
Cep76	CEP76
Phactr3	PHACTR3
Gm45458	
Gm23604	SNORA17A
Gm23604	
Nfat5	NFAT5
Smim38	SMIM38
Mrgprf	MRGPRF
Psmg2	PSMG2
Mrgprd	MRGPRD
Cyp2a5	CYP2A6
Cyp2a5	CYP2A13
Cyp2a5	CYP2A7
Gm15310	
Cblb	CBLB
Gm38211	
Wdfy1	WDFY1
Cabcoco1	CABCOCO1
Bmp15	BMP15
Cdon	CDON
Ptpn2	PTPN2
Gm16410	
Gm46497	
Gm23124	RNU6-693P
1810049J17Rik	
Zfp280c	ZNF280C
Cdkal1	CDKAL1
Tg	TG
Gm7594	
Tmem26	TMEM26
Tesmin	TESMIN
Obox3-ps1	
Obox4-ps4	
Gtpbp4-ps1	
Ranbp2-ps2	
Mtmr10	MTMR10
Ano4	ANO4
Zzz3	ZZZ3
Gm25630	
Gm54873	
Fdx1	FDX1
Gm43717	
Gm18504	
Ighv5-12	
Sri	SRI
Gm48011	
Gm4808	
Ighv2-6	
Gm48013	
Gm26055	
Gm37976	
Rdx	RDX
Gm22246	RNU6-9
Gm54610	
Rpl17-ps2	
Rn7s2	
Gm37418	
Obox4-ps36	
Gm54611	
Api5-ps	
Gm18113	
Obox4-ps37	
Gm26056	RNU6-47P
Obox3-ps2	
Obox4-ps5	
Gtpbp4-ps2	
Flrt2	FLRT2
Ranbp2-ps3	
Obox4-ps38	
Obox4-ps39	
Ranbp2-ps4	
Cyp2a22	CYP2A6
Cyp2a22	CYP2A13
Cyp2a22	CYP2A7
Gm38203	
Gm9887	
Gm48014	
Gm48015	
Ighv5-12-4	
Arf6	ARF6
Obox4-ps6	
Seh1l	SEH1L
Gm24701	RNU6-20P
Obox3-ps3	
Gm38205	
Ighv2-9-1	
Obox4-ps7	
Gtpbp4-ps3	
Ranbp2-ps5	
Obox4-ps8	
Gm37722	
Obox4-ps9	
Gal	GAL
Cyp2a12	CYP2A6
Cyp2a12	CYP2A13
Cyp2a12	CYP2A7
Gm6863	
Gm47397	
Ighv5-13	
Gm54613	
Gm40552	
Gm54615	RNA5SP534
Gm5186	
Ighv2-6-8	
Gm2398	
Gm7003	
Gm8785	
Gm35274	
Ighv2-7	
Obox3-ps4	
Fan1	FAN1
Gm6869	
Rpl26-ps3	
Gm10555	
Gm47415	
Ppp1r42	PPP1R42
Vcpkmt	VCPKMT
Btaf1	BTAF1
Gm54877	
Zc3h12c	ZC3H12C
Cep192	CEP192
Sorbs2os	
Gm35412	
Gm45457	
Gm25309	
Ighv5-16	
Nqo1	NQO1
Obox4-ps10	
Gtpbp4-ps4	
Ranbp2-ps6	
Obox4-ps11	
Ighv5-17	
Obox4-ps12	
Gm15730	
Mir6244	
Gm25562	
Obox4-ps13	
Btf3-ps15	
Obox4-ps14	
Ighv5-18	
AI593442	C11orf87
Spp1	SPP1
Obox4-ps15	
Ighv2-8	
Obox4-ps16	
Obox4-ps17	
Ighv2-9	
Mphosph10	MPHOSPH10
Gm54880	
Gm47981	
Ighv5-19	
Ddx10	DDX10
Pdlim3	PDLIM3
Ighv7-1	IGHV3-49
Ighv7-1	IGHV3-15
Ighv7-1	IGHV3-73
Ighv7-1	IGHV3OR15-7
Ighv7-1	IGHV3-72
Ighv14-1	IGHV1-45
Ighv14-1	IGHV1-3
Ighv14-1	IGHV1-69
Ighv14-1	
Ighv14-1	IGHV1-2
Ighv14-1	IGHV1-46
Ighv14-1	IGHV1-69-2
Ighv14-1	IGHV1OR15-1
Ighv14-1	IGHV1OR15-9
Ighv14-1	IGHV1-69D
Ighv14-1	IGHV1-58
Ighv14-1	IGHV1OR21-1
Ighv14-1	IGHV1-18
Ighv14-1	IGHV1-24
Vmn1r49	VN1R5
Ighv4-1	
Vmn1r50	VN1R5
Ighv3-1	
Obox4-ps18	
Obox4-ps19	
Gm37961	
Obox4-ps20	
Gm44312	
Ighv11-1	
Gm11364	
Ppp6r3	PPP6R3
Obox4-ps21	
E2f3	E2F3
Gm44306	
Obox4-ps22	
Obox4-ps23	
Ighv14-2	IGHV1-45
Ighv14-2	IGHV1-3
Ighv14-2	IGHV1-69
Ighv14-2	
Ighv14-2	IGHV1-2
Ighv14-2	IGHV1-46
Ighv14-2	IGHV1-69-2
Ighv14-2	IGHV1OR15-1
Ighv14-2	IGHV1OR15-9
Ighv14-2	IGHV1-69D
Ighv14-2	IGHV1-58
Ighv14-2	IGHV1OR21-1
Ighv14-2	IGHV1-18
Ighv14-2	IGHV1-24
Vmn1r51	VN1R5
Mrip-ps	
Mcee	MCEE
Gm15818	
Mrpl44	MRPL44
Etnk1	ETNK1
Ighv4-2	
Gm45512	
Obox3-ps5	
Ighv3-2	
Ccdc110	
Ighv11-2	
Obox4-ps24	
Klk1b28-ps	
Gm45196	
Klk1b19-ps	
Klk1b27	KLK3
Klk1b27	KLK2
Klk1b27	KLK1
Galc	GALC
Gm24674	
Serpine2	SERPINE2
Gm47986	
Exph5	EXPH5
Gm45197	
Apba2	APBA2
Nob1	NOB1
Gm8887	
Vmn1r52	VN1R5
Poglut3	POGLUT3
Ldlrad4	LDLRAD4
Gm11216	
Gm23950	
Gm11218	
Gm11219	
Pappa	PAPPA
V1ra8	VN1R5
Vmn1r53	VN1R5
Gm4287	
Vmn1r-ps34	
Polr1a	POLR1A
Gm11365	
Gm11368	
Or4x18	OR4X2
Gm41764	
Golph3	GOLPH3
Gm47259	
Mir130c	
Gm49367	
Gm11367	
Gm18149	
4930550C14Rik	C11orf65
Mboat1	MBOAT1
Mc2r	MC2R
Gm23513	SNORA84
Tyro3	TYRO3
Alcam	ALCAM
Gm50258	
Gm50259	
Gm42793	
Mir6356	
Gm50260	
Pkd2	PKD2
Mir145b	
Gm54679	
Gm4842	
Gm15878	
Cfap96	CFAP96
Nmnat2	NMNAT2
Pcdh1	PCDH1
Gm45026	
Gm48443	
Gm45082	
Acrv1	ACRV1
Gm44721	
Klk1b15-ps	
Gm23206	RNU2-39P
Gm23206	RNU2-32P
Gm11366	
Agtr1a	AGTR1
Mov10l1	MOV10L1
Gm45125	
Klk1b21	KLK3
Klk1b21	KLK2
Klk1b21	KLK1
Cacna1d	CACNA1D
F10	F10
Atm	ATM
Entrep2	ENTREP2
Gm10268	
Dele1	DELE1
Exosc9	EXOSC9
Timm8a1	TIMM8A
Gm48161	
Gm11369	
Gm48052	
LOC667541	
Gm54740	
Gm15173	
Gm48054	
Gm2645	
Gm54648	
Gm47413	
Gm8644	
Spata31e3	
Gm15171	
Gm8648	
Shroom4	SHROOM4
Ighv14-3	IGHV1-45
Ighv14-3	IGHV1-3
Ighv14-3	IGHV1-69
Ighv14-3	
Ighv14-3	IGHV1-2
Ighv14-3	IGHV1-46
Ighv14-3	IGHV1-69-2
Ighv14-3	IGHV1OR15-1
Ighv14-3	IGHV1OR15-9
Ighv14-3	IGHV1-69D
Ighv14-3	IGHV1-58
Ighv14-3	IGHV1OR21-1
Ighv14-3	IGHV1-18
Ighv14-3	IGHV1-24
Astn2	ASTN2
Gm54741	
Gm8739	
Gm6056	
Gm47554	
Ighv16-1	
S1pr3	S1PR3
Nsmce3	
Gm55182	
Gm48115	
Gm48118	
Gm17908	
Ighv6-2	
Gm38141	
Gm17918	
Hmga2	HMGA2
Gpr65	GPR65
Arnt2	ARNT2
Erbin	ERBIN
Ighv9-1	IGHV7-81
Ighv9-1	IGHV7-4-1
Gm8258	
Ighv12-1	
Zfp951	
Gm47567	
Sos2	SOS2
Abcg3	ABCG2
Gm5529	
Mir763	
Gm24298	
Gm38289	
Gm37505	
Gm10743	
Gm28960	
Msrb3	MSRB3
Gm28071	
Gm23272	
Vmn1r54	VN1R5
Gm28058	
Gm23934	RNU6-5P
Gm43891	
Gm38339	
Fam124b	FAM124B
Gm19078	
9130221F21Rik	
Gm8952	
Gm44604	
Gm37932	
BC048671	C3orf22
Ahctf1	AHCTF1
Smpx	SMPX
Pcdh12	PCDH12
Chst13	CHST13
Crk	CRK
Lemd3	LEMD3
St3gal5	ST3GAL5
Gm24097	RNU6-924P
Gm43856	
Gm43855	
Gm5870	
Proz	PROZ
Gbp8	GBP6
Rnf14	RNF14
Gm49634	
Gm25723	
Gm22459	
Gm49637	
Gm49638	
Gm54592	
Gm5487	
Gm49639	
Gm25853	
Ak5	AK5
Gm46541	
Gm23180	
Gm8881	
Gm22977	
Zpld1	ZPLD1
Erbb2	ERBB2
Gm17023	
Ufsp2	UFSP2
Gbp9	GBP6
Gm17140	
Gm23737	
Panx2	PANX2
Cobll1	COBLL1
Trim32	TRIM32
Pdzd2	PDZD2
Ccna2	CCNA2
Klhl34	KLHL34
Btk	BTK
Gm29438	
Atoh8	ATOH8
Gm11484	
Gm25480	
Gm54908	
Gm11220	
Gm48341	
Tlr4	TLR4
Wif1	WIF1
Uroc1	UROC1
Mir5118	
Gbp4	GBP6
Gm23003	RNU6-1001P
Gm19771	
Ighv9-2	IGHV7-81
Ighv9-2	IGHV7-4-1
Gm26369	RNU6-505P
Smpd4	SMPD4
Ighv12-2	
Nthl1	NTHL1
Gm24449	
Ighv9-3	IGHV7-81
Ighv9-3	IGHV7-4-1
Gm11403	
Hmgb1-rs18	
Ighv7-3	IGHV3-49
Ighv7-3	IGHV3-15
Ighv7-3	IGHV3-73
Ighv7-3	IGHV3OR15-7
Ighv7-3	IGHV3-72
Gm55159	
Gm11249	
Gm11751	
Cops5	COPS5
Ighv15-1	
L2hgdh	L2HGDH
Gm23738	
Tcp1-ps1	
Brinp1	BRINP1
Myo6	MYO6
Gm48696	
Gm23940	RNU6-230P
Gm48683	
Lrp5	LRP5
Gm54557	
Gm2606	
F830212C03Rik	
Gm54558	
Nherf2	NHERF2
Gm49276	
Ighv14-4	IGHV1-45
Ighv14-4	IGHV1-3
Ighv14-4	IGHV1-69
Ighv14-4	
Ighv14-4	IGHV1-2
Ighv14-4	IGHV1-46
Ighv14-4	IGHV1-69-2
Ighv14-4	IGHV1OR15-1
Ighv14-4	IGHV1OR15-9
Ighv14-4	IGHV1-69D
Ighv14-4	IGHV1-58
Ighv14-4	IGHV1OR21-1
Ighv14-4	IGHV1-18
Ighv14-4	IGHV1-24
Gm17756	
Gm49277	
Trabd	TRABD
Ankrd37	ANKRD37
Gm37838	
Ighv3-3	
Map9	MAP9
Kcnk10	KCNK10
Gm48410	
Gm10741	
Gm48426	
Tbc1d30	TBC1D30
Gm24697	RNU6-410P
Gm11404	
Gm11221	
Gm11222	
Tec	TEC
Gm11224	
Gm11225	
Gm54986	RNU6-891P
Mien1	MIEN1
Cdk5rap2	CDK5RAP2
Gm12352	
Pcid2	PCID2
Zkscan17	ZNF496
Zxdc	ZXDC
5330409N07Rik	
Ighv3-4	
Gm47346	
Dmac2l	DMAC2L
Gm25486	
Ighv3-5	
Gm4478	
Gm48435	
Gm37070	
Gm18551	
Gm15154	
Gns	GNS
Ighv13-1	
Lamc2	LAMC2
Sla	SLA
Rpl36a	
Gm25790	
Ighv9-4	IGHV7-81
Ighv9-4	IGHV7-4-1
Ctxnd1	CTXND1
Cdkl1	CDKL1
Gm45174	
Gm44928	
Fah	FAH
Cntnap5c	
1810055G02Rik	C11orf24
Ighv3-7	
Slc25a14	SLC25A14
Mir681	
Ighv5-21	
Ighv3-8	
Ighv8-1	
Gm17022	
Ighv1-1	
Wwp2	WWP2
Ighv13-2	
Ighv12-3	
Ighv6-3	
Gm18730	
Rassf3	RASSF3
C030015A19Rik	
Gm2141	
Gm49848	
Ighv6-4	
Gm50374	
Gm6149	
Cfap100	CFAP100
Gm50375	
Gm49849	
Exoc6	EXOC6
Ighv6-5	
Gm5815	
Gm9284	
Gm23203	
Ighv6-6	
Gm49851	
Gm49852	
Gm29051	
Gm23447	
Cul3	CUL3
Tjp1	TJP1
Gm4512	
Gm18521	
Ighv6-7	
Gm49856	
Gm18070	
Ighv8-2	IGHV2-70D
Ighv8-2	IGHV2-70
Ighv8-2	IGHV2-5
Ighv8-2	IGHV2OR16-5
Ighv8-2	IGHV2-26
Gm48591	
Gm54881	RN7SKP242
Gm54881	RN7SKP147
Gm54881	RN7SKP105
Gm54881	RN7SKP66
Obox6-ps1	
Gm50454	
Ighv1-2	
Gm6174	
Slc16a10	SLC16A10
Mir7094-1	
Gm4518	
Ighv10-1	
Gm27023	
Ighv1-3	
Ighv1-4	IGHV1-45
Ighv1-4	IGHV1-3
Ighv1-4	IGHV1-69
Ighv1-4	
Ighv1-4	IGHV1-2
Ighv1-4	IGHV1-46
Ighv1-4	IGHV1-69-2
Ighv1-4	IGHV1OR15-1
Ighv1-4	IGHV1OR15-9
Ighv1-4	IGHV1-69D
Ighv1-4	IGHV1-58
Ighv1-4	IGHV1OR21-1
Ighv1-4	IGHV1-18
Ighv1-4	IGHV1-24
Gm49859	
Gm25800	
Efna5	EFNA5
Ighv10-2	
Ighv1-5	IGHV1-45
Ighv1-5	IGHV1-3
Ighv1-5	IGHV1-69
Ighv1-5	
Ighv1-5	IGHV1-2
Ighv1-5	IGHV1-46
Ighv1-5	IGHV1-69-2
Ighv1-5	IGHV1OR15-1
Ighv1-5	IGHV1OR15-9
Ighv1-5	IGHV1-69D
Ighv1-5	IGHV1-58
Ighv1-5	IGHV1OR21-1
Ighv1-5	IGHV1-18
Ighv1-5	IGHV1-24
Ywhae	YWHAE
Mir7094-2	
Ighv10-3	
Ighv1-6	
Spata7	SPATA7
Fbxl17	FBXL17
Gm25613	
Gm47598	
Npy2r	NPY2R
Tbk1	TBK1
Gm23205	RNU6-678P
Gnpda1	GNPDA1
Gm35323	
Gm44117	
Gm43347	
Ywhaq-ps3	
Gm55177	
Klf15	KLF15
Megf9	MEGF9
Gm30043	
Gm54647	RN7SKP106
Gm43348	
Rbm46	RBM46
Selenoo	SELENOO
Gm11227	
Gm11228	
Gm37902	
Gm37262	
Gm6189	
Doc2b	DOC2B
Gm11229	
Rps18-ps1	
Lamc1	LAMC1
Gm11231	
Gm11232	
Gm54689	
Gm44421	
Gm4949	
Ndfip1	NDFIP1
Gm45901	
Gm11233	
Gm54892	
Sox5	SOX5
Gm24730	
Gm17228	
Gm54893	
Fer	FER
Epb41	EPB41
Gm12339	
Lrat	LRAT
Grb7	GRB7
Fgg	FGG
6030458C11Rik	C5orf22
Sycp2	SYCP2
Cyp26c1	CYP26C1
Xpot	XPOT
Cyp26a1	CYP26A1
Gm54663	
Gpr119	GPR119
Fga	
Gla	GLA
Gm45900	
Mir140	MIR140
Psmd7	PSMD7
Gm9066	
Gm9067	
Gm4757	
Pigk	PIGK
Kmt5b	KMT5B
Gm45261	CCDC195
Gm38009	
Gm8818	
Shcbp1l	SHCBP1L
Gm50344	
Gm50349	
Nr3c1	NR3C1
Ikzf3	IKZF3
Gm8940	
Gm54841	
Rbmx2	RBMX2
Gm54842	
Cul4a	CUL4A
Ighv1-7	IGHV1-45
Ighv1-7	IGHV1-3
Ighv1-7	IGHV1-69
Ighv1-7	
Ighv1-7	IGHV1-2
Ighv1-7	IGHV1-46
Ighv1-7	IGHV1-69-2
Ighv1-7	IGHV1OR15-1
Ighv1-7	IGHV1OR15-9
Ighv1-7	IGHV1-69D
Ighv1-7	IGHV1-58
Ighv1-7	IGHV1OR21-1
Ighv1-7	IGHV1-18
Ighv1-7	IGHV1-24
Gm25106	RNU2-51P
Pnpt1	PNPT1
Ighv10-4	
Gm47370	
Gm47372	
Ighv1-8	
Ighv1-10	
Ighv1-11	IGHV1-45
Ighv1-11	IGHV1-3
Ighv1-11	IGHV1-69
Ighv1-11	
Ighv1-11	IGHV1-2
Ighv1-11	IGHV1-46
Ighv1-11	IGHV1-69-2
Ighv1-11	IGHV1OR15-1
Ighv1-11	IGHV1OR15-9
Ighv1-11	IGHV1-69D
Ighv1-11	IGHV1-58
Ighv1-11	IGHV1OR21-1
Ighv1-11	IGHV1-18
Ighv1-11	IGHV1-24
Akap4	AKAP4
Ighv1-12	IGHV1-45
Ighv1-12	IGHV1-3
Ighv1-12	IGHV1-69
Ighv1-12	
Ighv1-12	IGHV1-2
Ighv1-12	IGHV1-46
Ighv1-12	IGHV1-69-2
Ighv1-12	IGHV1OR15-1
Ighv1-12	IGHV1OR15-9
Ighv1-12	IGHV1-69D
Ighv1-12	IGHV1-58
Ighv1-12	IGHV1OR21-1
Ighv1-12	IGHV1-18
Ighv1-12	IGHV1-24
Gm25588	
Gm37669	
Gm54637	
Dnah7b	DNAH7
Ighv1-13	
Ccn4	CCN4
Ighv1-14	
Ighv1-15	IGHV1-45
Ighv1-15	IGHV1-3
Ighv1-15	IGHV1-69
Ighv1-15	
Ighv1-15	IGHV1-2
Ighv1-15	IGHV1-46
Ighv1-15	IGHV1-69-2
Ighv1-15	IGHV1OR15-1
Ighv1-15	IGHV1OR15-9
Ighv1-15	IGHV1-69D
Ighv1-15	IGHV1-58
Ighv1-15	IGHV1OR21-1
Ighv1-15	IGHV1-18
Ighv1-15	IGHV1-24
Ighv1-16	IGHV1-45
Ighv1-16	IGHV1-3
Ighv1-16	IGHV1-69
Ighv1-16	
Ighv1-16	IGHV1-2
Ighv1-16	IGHV1-46
Ighv1-16	IGHV1-69-2
Ighv1-16	IGHV1OR15-1
Ighv1-16	IGHV1OR15-9
Ighv1-16	IGHV1-69D
Ighv1-16	IGHV1-58
Ighv1-16	IGHV1OR21-1
Ighv1-16	IGHV1-18
Ighv1-16	IGHV1-24
Ighv1-17-1	
Ighv1-17	
Ighv1-19-1	
Ighv1-21-1	
Ighv1-21	
Ighv1-22	IGHV1-45
Ighv1-22	IGHV1-3
Ighv1-22	IGHV1-69
Ighv1-22	
Ighv1-22	IGHV1-2
Ighv1-22	IGHV1-46
Ighv1-22	IGHV1-69-2
Ighv1-22	IGHV1OR15-1
Ighv1-22	IGHV1OR15-9
Ighv1-22	IGHV1-69D
Ighv1-22	IGHV1-58
Ighv1-22	IGHV1OR21-1
Ighv1-22	IGHV1-18
Ighv1-22	IGHV1-24
Ppp1r3d	PPP1R3D
Gm44794	
Gm13998	
Gm44795	
Fam217b	FAM217B
Gm44792	
Ighv1-23	IGHV1-45
Ighv1-23	IGHV1-3
Ighv1-23	IGHV1-69
Ighv1-23	
Ighv1-23	IGHV1-2
Ighv1-23	IGHV1-46
Ighv1-23	IGHV1-69-2
Ighv1-23	IGHV1OR15-1
Ighv1-23	IGHV1OR15-9
Ighv1-23	IGHV1-69D
Ighv1-23	IGHV1-58
Ighv1-23	IGHV1OR21-1
Ighv1-23	IGHV1-18
Ighv1-23	IGHV1-24
BC046251	
Ighv1-24	IGHV1-45
Ighv1-24	IGHV1-3
Ighv1-24	IGHV1-69
Ighv1-24	
Ighv1-24	IGHV1-2
Ighv1-24	IGHV1-46
Ighv1-24	IGHV1-69-2
Ighv1-24	IGHV1OR15-1
Ighv1-24	IGHV1OR15-9
Ighv1-24	IGHV1-69D
Ighv1-24	IGHV1-58
Ighv1-24	IGHV1OR21-1
Ighv1-24	IGHV1-18
Ighv1-24	IGHV1-24
Tubgcp6	TUBGCP6
Gm54924	
Ighv1-25	
Rpf2	RPF2
Gm14380	
Zfand6	ZFAND6
Ighv1-26	IGHV1-45
Ighv1-26	IGHV1-3
Ighv1-26	IGHV1-69
Ighv1-26	
Ighv1-26	IGHV1-2
Ighv1-26	IGHV1-46
Ighv1-26	IGHV1-69-2
Ighv1-26	IGHV1OR15-1
Ighv1-26	IGHV1OR15-9
Ighv1-26	IGHV1-69D
Ighv1-26	IGHV1-58
Ighv1-26	IGHV1OR21-1
Ighv1-26	IGHV1-18
Ighv1-26	IGHV1-24
Fsip2l	
Cdh26	CDH26
Ighv1-27	
Mir7065	
Zfhx3	ZFHX3
Ighv1-28	
Ighv1-29	
Gm50398	
Pabpc2	PABPC1
Pabpc2	PABPC3
Ighv1-30	
Pja2	PJA2
Gm50395	
Ighv1-31	IGHV1-45
Ighv1-31	IGHV1-3
Ighv1-31	IGHV1-69
Ighv1-31	
Ighv1-31	IGHV1-2
Ighv1-31	IGHV1-46
Ighv1-31	IGHV1-69-2
Ighv1-31	IGHV1OR15-1
Ighv1-31	IGHV1OR15-9
Ighv1-31	IGHV1-69D
Ighv1-31	IGHV1-58
Ighv1-31	IGHV1OR21-1
Ighv1-31	IGHV1-18
Ighv1-31	IGHV1-24
Gm50396	
Yipf5	YIPF5
Ighv1-32	
Ighv1-33	
Gm7219	
Hnrnph2	HNRNPH2
Ighv1-34	IGHV1-45
Ighv1-34	IGHV1-3
Ighv1-34	IGHV1-69
Ighv1-34	
Ighv1-34	IGHV1-2
Ighv1-34	IGHV1-46
Ighv1-34	IGHV1-69-2
Ighv1-34	IGHV1OR15-1
Ighv1-34	IGHV1OR15-9
Ighv1-34	IGHV1-69D
Ighv1-34	IGHV1-58
Ighv1-34	IGHV1OR21-1
Ighv1-34	IGHV1-18
Ighv1-34	IGHV1-24
Ighv1-35	
Kctd16	KCTD16
Ptpn21	PTPN21
Gm38042	
Gm38318	
Lamp1	LAMP1
Gm50403	
Gm31019	
Kctd16	
Gm54708	
Gm50407	
Gm54709	RN7SKP210
Gm54710	MIR544A
Gm7855	
Gm14314	
Gm50408	
Gm7857	
Gm14293	
Gm50409	
Armcx4	ARMCX4
Gm18530	
Prelid2	PRELID2
Tpx2	TPX2
Cnksr2	CNKSR2
Rpl29-ps1	
Fgb	FGB
Mir3108	
Lrp2bp	LRP2BP
Gm18371	
Drosha	DROSHA
Grxcr2	GRXCR2
St6galnac5	ST6GALNAC5
Rph3al	RPH3AL
Sh3rf2	SH3RF2
Gm43499	
Gm54898	
Mir6420	
Man2a1	MAN2A1
Trrap	TRRAP
n-R5s211	
Dhx9	DHX9
Gm16232	
Gm42710	
St6galnac3	ST6GALNAC3
Gm37786	
D930020B18Rik	C12orf56
A530083M17Rik	
Gm54661	
4930597L12Rik	
Gm54662	
Gm22206	
Gm43833	
Gm25757	
Bbs7	BBS7
Gm16075	
Liat1	LIAT1
Gm17133	
4930583I09Rik	
Gm4701	
Nlrp3	NLRP3
Gm25344	
Gm49865	
Tmem232	TMEM232
Cstdc7	
Plac8l1	PLAC8L1
Kics2	KICS2
Gm18086	
Ighv1-38	
Gm5504	
Lars1	LARS1
Gm1943	
Ighv1-39	IGHV1-45
Ighv1-39	IGHV1-3
Ighv1-39	IGHV1-69
Ighv1-39	
Ighv1-39	IGHV1-2
Ighv1-39	IGHV1-46
Ighv1-39	IGHV1-69-2
Ighv1-39	IGHV1OR15-1
Ighv1-39	IGHV1OR15-9
Ighv1-39	IGHV1-69D
Ighv1-39	IGHV1-58
Ighv1-39	IGHV1OR21-1
Ighv1-39	IGHV1-18
Ighv1-39	IGHV1-24
Gm54845	
Pmfbp1	PMFBP1
Gm44068	
Gtf3c6	GTF3C6
Aldh1l1	ALDH1L1
Tprgl-ps1	
Ighv1-40	
Vmn2r-ps62	
Or5ae2	
Ighv1-41	
Ighv1-42	IGHV1-45
Ighv1-42	IGHV1-3
Ighv1-42	IGHV1-69
Ighv1-42	
Ighv1-42	IGHV1-2
Ighv1-42	IGHV1-46
Ighv1-42	IGHV1-69-2
Ighv1-42	IGHV1OR15-1
Ighv1-42	IGHV1OR15-9
Ighv1-42	IGHV1-69D
Ighv1-42	IGHV1-58
Ighv1-42	IGHV1OR21-1
Ighv1-42	IGHV1-18
Ighv1-42	IGHV1-24
Tprgl-ps2	
Gm47849	
Or5ae1	
Ighv1-43	IGHV1-45
Ighv1-43	IGHV1-3
Ighv1-43	IGHV1-69
Ighv1-43	
Ighv1-43	IGHV1-2
Ighv1-43	IGHV1-46
Ighv1-43	IGHV1-69-2
Ighv1-43	IGHV1OR15-1
Ighv1-43	IGHV1OR15-9
Ighv1-43	IGHV1-69D
Ighv1-43	IGHV1-58
Ighv1-43	IGHV1OR21-1
Ighv1-43	IGHV1-18
Ighv1-43	IGHV1-24
Shc3	SHC3
Ighv1-44	
Gm18560	
Vmn2r65	
Ighv1-45	
Ighv1-46	
Ighv1-47	IGHV1-45
Ighv1-47	IGHV1-3
Ighv1-47	IGHV1-69
Ighv1-47	
Ighv1-47	IGHV1-2
Ighv1-47	IGHV1-46
Ighv1-47	IGHV1-69-2
Ighv1-47	IGHV1OR15-1
Ighv1-47	IGHV1OR15-9
Ighv1-47	IGHV1-69D
Ighv1-47	IGHV1-58
Ighv1-47	IGHV1OR21-1
Ighv1-47	IGHV1-18
Ighv1-47	IGHV1-24
Vmn2r66	
Rflnb	RFLNB
Ighv8-3	
Ighv8-4	IGHV2-70D
Ighv8-4	IGHV2-70
Ighv8-4	IGHV2-5
Ighv8-4	IGHV2OR16-5
Ighv8-4	IGHV2-26
Dhx38	DHX38
Gm8659	
Gm15170	
Gm8662	
Ighv1-48	
Or2b11	OR2B11
Gm15177	
Gm22522	
Ighv1-49	IGHV1-45
Ighv1-49	IGHV1-3
Ighv1-49	IGHV1-69
Ighv1-49	
Ighv1-49	IGHV1-2
Ighv1-49	IGHV1-46
Ighv1-49	IGHV1-69-2
Ighv1-49	IGHV1OR15-1
Ighv1-49	IGHV1OR15-9
Ighv1-49	IGHV1-69D
Ighv1-49	IGHV1-58
Ighv1-49	IGHV1OR21-1
Ighv1-49	IGHV1-18
Ighv1-49	IGHV1-24
Gm15168	
Gm12261	
Gm5764	
Or2aa1	
Gm15185	
Gm14294	
Ighv8-5	IGHV2-70D
Ighv8-5	IGHV2-70
Ighv8-5	IGHV2-5
Ighv8-5	IGHV2OR16-5
Ighv8-5	IGHV2-26
Mir5622	
Gm15188	
Mylk2	MYLK2
Gm5027	
Zpbp2	ZPBP2
Ighv1-50	IGHV1-45
Ighv1-50	IGHV1-3
Ighv1-50	IGHV1-69
Ighv1-50	
Ighv1-50	IGHV1-2
Ighv1-50	IGHV1-46
Ighv1-50	IGHV1-69-2
Ighv1-50	IGHV1OR15-1
Ighv1-50	IGHV1OR15-9
Ighv1-50	IGHV1-69D
Ighv1-50	IGHV1-58
Ighv1-50	IGHV1OR21-1
Ighv1-50	IGHV1-18
Ighv1-50	IGHV1-24
Snord3a	SNORD3D
Gm15189	
Snord3a	U3
A930033M14Rik	
Clcn5	CLCN5
Vmn2r-ps64	
Gm47867	
Vmn2r-ps65	
Vmn2r-ps66	
Amd1	AMD1
Vmn2r-ps67	
Gm18358	
Ighv1-51	
Vmn2r67	
Ighv1-53	IGHV1-45
Ighv1-53	IGHV1-3
Ighv1-53	IGHV1-69
Ighv1-53	
Ighv1-53	IGHV1-2
Ighv1-53	IGHV1-46
Ighv1-53	IGHV1-69-2
Ighv1-53	IGHV1OR15-1
Ighv1-53	IGHV1OR15-9
Ighv1-53	IGHV1-69D
Ighv1-53	IGHV1-58
Ighv1-53	IGHV1OR21-1
Ighv1-53	IGHV1-18
Ighv1-53	IGHV1-24
Gm54568	
Gm49100	
Ighv8-6	IGHV2-70D
Ighv8-6	IGHV2-70
Ighv8-6	IGHV2-5
Ighv8-6	IGHV2OR16-5
Ighv8-6	IGHV2-26
Gm54569	
Cdh6	CDH6
Gm9227	
Vmn2r-ps68	
Ighv1-54	IGHV1-45
Ighv1-54	IGHV1-3
Ighv1-54	IGHV1-69
Ighv1-54	
Ighv1-54	IGHV1-2
Ighv1-54	IGHV1-46
Ighv1-54	IGHV1-69-2
Ighv1-54	IGHV1OR15-1
Ighv1-54	IGHV1OR15-9
Ighv1-54	IGHV1-69D
Ighv1-54	IGHV1-58
Ighv1-54	IGHV1OR21-1
Ighv1-54	IGHV1-18
Ighv1-54	IGHV1-24
Vmn2r68	
Foxs1	FOXS1
Cdh4	CDH4
Ighv1-55	IGHV1-45
Ighv1-55	IGHV1-3
Ighv1-55	IGHV1-69
Ighv1-55	
Ighv1-55	IGHV1-2
Ighv1-55	IGHV1-46
Ighv1-55	IGHV1-69-2
Ighv1-55	IGHV1OR15-1
Ighv1-55	IGHV1OR15-9
Ighv1-55	IGHV1-69D
Ighv1-55	IGHV1-58
Ighv1-55	IGHV1OR21-1
Ighv1-55	IGHV1-18
Ighv1-55	IGHV1-24
Cks2	CKS2
Gm20414	
Gm20415	
Vmn2r-ps69	
Gm7142	
Vmn2r69	
Ighv1-56	IGHV1-45
Ighv1-56	IGHV1-3
Ighv1-56	IGHV1-69
Ighv1-56	
Ighv1-56	IGHV1-2
Ighv1-56	IGHV1-46
Ighv1-56	IGHV1-69-2
Ighv1-56	IGHV1OR15-1
Ighv1-56	IGHV1OR15-9
Ighv1-56	IGHV1-69D
Ighv1-56	IGHV1-58
Ighv1-56	IGHV1OR21-1
Ighv1-56	IGHV1-18
Ighv1-56	IGHV1-24
Gm7019	
Gm22806	
Ighv8-7	
Nln	NLN
Ighv1-57	
Ighv8-8	IGHV2-70D
Ighv8-8	IGHV2-70
Ighv8-8	IGHV2-5
Ighv8-8	IGHV2OR16-5
Ighv8-8	IGHV2-26
Gm8238	
Ighv1-58	IGHV1-45
Ighv1-58	IGHV1-3
Ighv1-58	IGHV1-69
Ighv1-58	
Ighv1-58	IGHV1-2
Ighv1-58	IGHV1-46
Ighv1-58	IGHV1-69-2
Ighv1-58	IGHV1OR15-1
Ighv1-58	IGHV1OR15-9
Ighv1-58	IGHV1-69D
Ighv1-58	IGHV1-58
Ighv1-58	IGHV1OR21-1
Ighv1-58	IGHV1-18
Ighv1-58	IGHV1-24
Gm4940	
Gm49112	
Gm18714	
Gm49114	
Gm49115	
Hdac10	HDAC10
Gm18030	
Gm45081	
Txnl4b	TXNL4B
Gm18779	
Ighv1-60	
Gm8948	
Gm18354	
Srgap1	SRGAP1
Vmn2r-ps75	
Selenos	SELENOS
Ighv1-61	IGHV1-45
Ighv1-61	IGHV1-3
Ighv1-61	IGHV1-69
Ighv1-61	
Ighv1-61	IGHV1-2
Ighv1-61	IGHV1-46
Ighv1-61	IGHV1-69-2
Ighv1-61	IGHV1OR15-1
Ighv1-61	IGHV1OR15-9
Ighv1-61	IGHV1-69D
Ighv1-61	IGHV1-58
Ighv1-61	IGHV1OR21-1
Ighv1-61	IGHV1-18
Ighv1-61	IGHV1-24
Ighv1-62	
Ighv1-62-1	IGHV1-45
Ighv1-62-1	IGHV1-3
Ighv1-62-1	IGHV1-69
Ighv1-62-1	
Ighv1-62-1	IGHV1-2
Ighv1-62-1	IGHV1-46
Ighv1-62-1	IGHV1-69-2
Ighv1-62-1	IGHV1OR15-1
Ighv1-62-1	IGHV1OR15-9
Ighv1-62-1	IGHV1-69D
Ighv1-62-1	IGHV1-58
Ighv1-62-1	IGHV1OR21-1
Ighv1-62-1	IGHV1-18
Ighv1-62-1	IGHV1-24
Grtp1	GRTP1
Gm37511	
Gm38184	
Gm14300	
Dusp15	DUSP15
Ighv1-62-2	IGHV1-45
Ighv1-62-2	IGHV1-3
Ighv1-62-2	IGHV1-69
Ighv1-62-2	
Ighv1-62-2	IGHV1-2
Ighv1-62-2	IGHV1-46
Ighv1-62-2	IGHV1-69-2
Ighv1-62-2	IGHV1OR15-1
Ighv1-62-2	IGHV1OR15-9
Ighv1-62-2	IGHV1-69D
Ighv1-62-2	IGHV1-58
Ighv1-62-2	IGHV1OR21-1
Ighv1-62-2	IGHV1-18
Ighv1-62-2	IGHV1-24
Ighv1-62-3	IGHV1-45
Ighv1-62-3	IGHV1-3
Ighv1-62-3	IGHV1-69
Ighv1-62-3	
Ighv1-62-3	IGHV1-2
Ighv1-62-3	IGHV1-46
Ighv1-62-3	IGHV1-69-2
Ighv1-62-3	IGHV1OR15-1
Ighv1-62-3	IGHV1OR15-9
Ighv1-62-3	IGHV1-69D
Ighv1-62-3	IGHV1-58
Ighv1-62-3	IGHV1OR21-1
Ighv1-62-3	IGHV1-18
Ighv1-62-3	IGHV1-24
Gm26401	
Gm18992	
Mir500	MIR502
Mir501	MIR501
Mir362	
Mir188	MIR188
Mir532	MIR532
Gm9288	
Usp27x	USP27X
Ighv8-9	IGHV2-70D
Ighv8-9	IGHV2-70
Ighv8-9	IGHV2-5
Ighv8-9	IGHV2OR16-5
Ighv8-9	IGHV2-26
Gm18736	
Asb17	ASB17
Gm54915	
Gm8326	
Gm18138	
Gm9236	
Gm49866	
Vapa	VAPA
Vmn2r-ps76	
Vmn2r-ps77	
Gm14381	
Atl1	ATL1
Gm14395	
Chsy1	CHSY1
Gm14394	
Npl	NPL
Gm23082	
Armcx1	ARMCX1
Rps19-ps4	
Rbm27	RBM27
Gm26827	
Fnbp1l	FNBP1L
Gm23042	
Gm18988	
Gm45080	
Vmn2r73	
Secisbp2	SECISBP2
Gm6652	
Taf4	TAF4
Dnah7c	DNAH7
Txndc2	TXNDC2
Vmn2r-ps78	
Ppp4r3b	PPP4R3B
Vmn2r74	
Rab31	RAB31
Gm48804	
Gm48826	
Gm48827	
Gm48828	
Rxylt1	RXYLT1
Vmn2r-ps79	
Ighv1-63	IGHV1-45
Ighv1-63	IGHV1-3
Ighv1-63	IGHV1-69
Ighv1-63	
Ighv1-63	IGHV1-2
Ighv1-63	IGHV1-46
Ighv1-63	IGHV1-69-2
Ighv1-63	IGHV1OR15-1
Ighv1-63	IGHV1OR15-9
Ighv1-63	IGHV1-69D
Ighv1-63	IGHV1-58
Ighv1-63	IGHV1OR21-1
Ighv1-63	IGHV1-18
Ighv1-63	IGHV1-24
Vmn2r-ps80	
Vmn2r-ps81	
Vmn2r-ps82	
Gm6316	
Vmn2r-ps83	
Gm49867	
Gm54657	
Lrrk1	LRRK1
Gm54658	RN7SKP180
Ighv1-64	IGHV1-45
Ighv1-64	IGHV1-3
Ighv1-64	IGHV1-69
Ighv1-64	
Ighv1-64	IGHV1-2
Ighv1-64	IGHV1-46
Ighv1-64	IGHV1-69-2
Ighv1-64	IGHV1OR15-1
Ighv1-64	IGHV1OR15-9
Ighv1-64	IGHV1-69D
Ighv1-64	IGHV1-58
Ighv1-64	IGHV1OR21-1
Ighv1-64	IGHV1-18
Ighv1-64	IGHV1-24
Ppp4r1	PPP4R1
Npat	NPAT
Ighv8-10	
Gm18340	
Gm44236	
Sav1	SAV1
Bcat1	BCAT1
Gm9081	
Gm48875	
Cdk19	CDK19
Gm14299	
Slc39a10	SLC39A10
Lsm14b	LSM14B
Ighv1-65	
Gm9238	
Gm19144	
Armcx7-ps	
Gm10344	
Armcx6	ARMCX6
Gm19221	
Ighv8-11	IGHV2-70D
Ighv8-11	IGHV2-70
Ighv8-11	IGHV2-5
Ighv8-11	IGHV2OR16-5
Ighv8-11	IGHV2-26
Gmds	GMDS
Gm23579	RNU6-723P
Gm23579	RNU6-532P
Gm9630	
Rpl7a-ps2	
Gm54576	
Gm49118	
Mir1968	
Hp	HPR
Hp	HP
Gm49119	
Chek1	CHEK1
Gm25550	
Ighv1-66	IGHV1-45
Ighv1-66	IGHV1-3
Ighv1-66	IGHV1-69
Ighv1-66	
Ighv1-66	IGHV1-2
Ighv1-66	IGHV1-46
Ighv1-66	IGHV1-69-2
Ighv1-66	IGHV1OR15-1
Ighv1-66	IGHV1OR15-9
Ighv1-66	IGHV1-69D
Ighv1-66	IGHV1-58
Ighv1-66	IGHV1OR21-1
Ighv1-66	IGHV1-18
Ighv1-66	IGHV1-24
Gm49122	
Gm29753	
Gm6479	
Gm2611	
Ighv1-67	IGHV1-45
Ighv1-67	IGHV1-3
Ighv1-67	IGHV1-69
Ighv1-67	
Ighv1-67	IGHV1-2
Ighv1-67	IGHV1-46
Ighv1-67	IGHV1-69-2
Ighv1-67	IGHV1OR15-1
Ighv1-67	IGHV1OR15-9
Ighv1-67	IGHV1-69D
Ighv1-67	IGHV1-58
Ighv1-67	IGHV1OR21-1
Ighv1-67	IGHV1-18
Ighv1-67	IGHV1-24
Ndrg1	NDRG1
Ighv1-68	
Gm5660	
Gm9245	
Ppp1r3f	PPP1R3F
Gm6105	
Gm44782	
Ighv1-70	
Mir6388	
Ighv1-71	IGHV1-45
Ighv1-71	IGHV1-3
Ighv1-71	IGHV1-69
Ighv1-71	
Ighv1-71	IGHV1-2
Ighv1-71	IGHV1-46
Ighv1-71	IGHV1-69-2
Ighv1-71	IGHV1OR15-1
Ighv1-71	IGHV1OR15-9
Ighv1-71	IGHV1-69D
Ighv1-71	IGHV1-58
Ighv1-71	IGHV1OR21-1
Ighv1-71	IGHV1-18
Ighv1-71	IGHV1-24
Snx25	SNX25
Gm28151	
Gm37393	
Gm28527	
Psma7	PSMA7
Gm11380	
Ighv1-72	IGHV1-45
Ighv1-72	IGHV1-3
Ighv1-72	IGHV1-69
Ighv1-72	
Ighv1-72	IGHV1-2
Ighv1-72	IGHV1-46
Ighv1-72	IGHV1-69-2
Ighv1-72	IGHV1OR15-1
Ighv1-72	IGHV1OR15-9
Ighv1-72	IGHV1-69D
Ighv1-72	IGHV1-58
Ighv1-72	IGHV1OR21-1
Ighv1-72	IGHV1-18
Ighv1-72	IGHV1-24
Gm35732	
Gm28825	
Gm48885	
Gm28826	
A730091E23Rik	
Gm4852	
Sgtb	SGTB
Gm38090	
Mir6350	
Gm18117	
Ighv8-13	IGHV2-70D
Ighv8-13	IGHV2-70
Ighv8-13	IGHV2-5
Ighv8-13	IGHV2OR16-5
Ighv8-13	IGHV2-26
Gm37196	
Gm8337	
Gm54870	
Gm54871	
Gm19206	
Gm5974	
Gm23240	RNU1-104P
Gm28830	
Gm9251	
Gm8354	
Gm19124	
Gm36995	
Ighv1-73	
Ormdl3	ORMDL3
Gm8357	
Ighv8-14	
Gm54872	
Gm28740	
Gm18341	
Flicr	
Cspp1	CSPP1
Gm19843	
Ighv1-75	IGHV1-45
Ighv1-75	IGHV1-3
Ighv1-75	IGHV1-69
Ighv1-75	
Ighv1-75	IGHV1-2
Ighv1-75	IGHV1-46
Ighv1-75	IGHV1-69-2
Ighv1-75	IGHV1OR15-1
Ighv1-75	IGHV1OR15-9
Ighv1-75	IGHV1-69D
Ighv1-75	IGHV1-58
Ighv1-75	IGHV1OR21-1
Ighv1-75	IGHV1-18
Ighv1-75	IGHV1-24
Lrrc3c	LRRC3C
Srsf3-ps	
Cfap36	CFAP36
Ighv8-15	
Ss18l1	SS18L1
Armcx3	ARMCX3
Trpc3	TRPC3
Ighv1-76	IGHV1-45
Ighv1-76	IGHV1-3
Ighv1-76	IGHV1-69
Ighv1-76	
Ighv1-76	IGHV1-2
Ighv1-76	IGHV1-46
Ighv1-76	IGHV1-69-2
Ighv1-76	IGHV1OR15-1
Ighv1-76	IGHV1OR15-9
Ighv1-76	IGHV1-69D
Ighv1-76	IGHV1-58
Ighv1-76	IGHV1OR21-1
Ighv1-76	IGHV1-18
Ighv1-76	IGHV1-24
Gm54717	
Pou4f3	POU4F3
Ighv8-16	
Gm48877	
Gm18671	
Avpr1a	AVPR1A
Ighv1-77	IGHV1-45
Ighv1-77	IGHV1-3
Ighv1-77	IGHV1-69
Ighv1-77	
Ighv1-77	IGHV1-2
Ighv1-77	IGHV1-46
Ighv1-77	IGHV1-69-2
Ighv1-77	IGHV1OR15-1
Ighv1-77	IGHV1OR15-9
Ighv1-77	IGHV1-69D
Ighv1-77	IGHV1-58
Ighv1-77	IGHV1OR21-1
Ighv1-77	IGHV1-18
Ighv1-77	IGHV1-24
Gm16415	
Ighv1-78	IGHV1-45
Ighv1-78	IGHV1-3
Ighv1-78	IGHV1-69
Ighv1-78	
Ighv1-78	IGHV1-2
Ighv1-78	IGHV1-46
Ighv1-78	IGHV1-69-2
Ighv1-78	IGHV1OR15-1
Ighv1-78	IGHV1OR15-9
Ighv1-78	IGHV1-69D
Ighv1-78	IGHV1-58
Ighv1-78	IGHV1OR21-1
Ighv1-78	IGHV1-18
Ighv1-78	IGHV1-24
Gm17795	
Gm3631	
Gm48878	
Tcerg1	TCERG1
Sros1	
Gm42643	
Mir6412	
Gm48073	
Slc22a16	SLC22A16
Gm5034	
Gm54771	
Ighv1-79	
Mylk4	MYLK4
Gm9256	
Mtg2	MTG2
Gm44752	
Or14a259	OR14A2
Zc3h14	ZC3H14
Gm55332	
Mir7057	
Or14a258	OR14A2
Or6aa1	
Gm45541	
Or14c44	OR14C36
Gsdma3	GSDMA
Mir7093	
Rps6ka3	RPS6KA3
Or14n1	OR14C36
Or14c43	OR14C36
Gm12377	
Gm12376	
Gm42994	
Or14a257	OR14A2
Gm5981	
Plrg1	PLRG1
Gm54772	
D930007J09Rik	
Or14c45	OR14C36
Wrnip1	WRNIP1
Gm17919	
Or14c42	OR14C36
Or14c41	OR14C36
Ttll9	TTLL9
Or14a256	OR14A2
Or14c40	OR14C36
Ppm1h	PPM1H
Or14c39	OR14C36
Gm12085	
Gm23109	
Gm12086	
Gm12087	
Gsdma2	GSDMA
Aldh1a3	ALDH1A3
Slc41a3	SLC41A3
Myof	MYOF
Sema4d	SEMA4D
Acat1	ACAT1
Gsdma	GSDMA
Gm54854	
Adprhl1	ADPRHL1
Psmd3	PSMD3
Iqsec1	IQSEC1
Gm44754	
Gm44610	
Asb7	ASB7
Gm17035	
Mapk12	MAPK12
Ralbp1	RALBP1
Impg1	IMPG1
Gm10710	
Dhodh	DHODH
Dchs2	DCHS2
Armcx2	ARMCX2
Mir8104	
A430028G04Rik	
Gm47582	
Gm38096	
Gm54673	
Ddo	DDO
Rpl28-ps2	
Gm12356	
Csf3	CSF3
Msh4	MSH4
Folh1	FOLH1
Ccdc88a	CCDC88A
Cdh9	CDH9
Gm54775	
Serpinb1a	SERPINB1
Cfap97	CFAP97
Gm7222	
Gm49128	
Eif1ax	EIF1AX
Gm54580	
Gm2638	
Mirlet7i	MIRLET7I
Gm54581	RN7SKP238
Mettl24	METTL24
Gm18532	
Gm24713	RNU6-271P
Mapk11	MAPK11
Gadd45g	GADD45G
Frmd4a	FRMD4A
Cdc40	CDC40
Gm18292	
Gm26651	
Twsg1	TWSG1
Gm54787	
Gm48387	
Gm44123	
Gm39380	
Gm37872	
Gm27225	
Gm44105	
Serpinb1c	SERPINB1
Rpl21-ps12	
Gm26713	
Gm25185	
Gm8151	
Ppp1r2-ps2	
Htr1b	HTR1B
Irag2	IRAG2
Vmn2r77	
Gm26907	
Mei4	MEI4
Gm11382	
Diras2	DIRAS2
Gm45693	
Vmn2r78	
Gm8318	
Slc25a4	SLC25A4
Gm49138	
Gm49139	
Gm49140	
C030047K22Rik	
St3gal1	ST3GAL1
Serpinb6b	SERPINB6
Ankrd12	ANKRD12
Gm15187	
Map7d2	MAP7D2
Vmn2r79	
Slain2	SLAIN2
Actg-ps1	
Gm48292	
Gm54858	
Gm54942	
Gm10313	
Wasf1	WASF1
Gm37837	
Gm19228	
Gm15896	
Gm24669	
Gm8575	
Gm44925	
Gm6230	
Helt	HELT
Stt3a	STT3A
Lins1	LINS1
Gm45255	
Dcun1d2	DCUN1D2
Gm49408	
Serpinb9	SERPINB9
Gm49409	
Cdh10	CDH10
Gm19611	
Gpr6	GPR6
Fig4	FIG4
Ccdc74a	CCDC74B
Ccdc74a	CCDC74A
Gm23995	
Gm54721	
Gm10135	
Gpr151	GPR151
Gm55032	RNU6-307P
Slc10a4	
Gm49925	
Gm50214	
Gm50213	
Ndufv2	NDUFV2
Ppp2r2b	PPP2R2B
Trappc13	TRAPPC13
Gm42668	
Lrrc8d	LRRC8D
Prorsd1	
Gm8328	
Gm18533	
Gm49160	
Gm49161	
Ighv1-80	IGHV1-45
Ighv1-80	IGHV1-3
Ighv1-80	IGHV1-69
Ighv1-80	
Ighv1-80	IGHV1-2
Ighv1-80	IGHV1-46
Ighv1-80	IGHV1-69-2
Ighv1-80	IGHV1OR15-1
Ighv1-80	IGHV1OR15-9
Ighv1-80	IGHV1-69D
Ighv1-80	IGHV1-58
Ighv1-80	IGHV1OR21-1
Ighv1-80	IGHV1-18
Ighv1-80	IGHV1-24
Gm8341	
Gm49166	
Gm24395	
Synpo2	SYNPO2
Gm18741	
Ighv1-81	IGHV1-45
Ighv1-81	IGHV1-3
Ighv1-81	IGHV1-69
Ighv1-81	
Ighv1-81	IGHV1-2
Ighv1-81	IGHV1-46
Ighv1-81	IGHV1-69-2
Ighv1-81	IGHV1OR15-1
Ighv1-81	IGHV1OR15-9
Ighv1-81	IGHV1-69D
Ighv1-81	IGHV1-58
Ighv1-81	IGHV1OR21-1
Ighv1-81	IGHV1-18
Ighv1-81	IGHV1-24
Polr2d-ps1	
Gm49176	
Gm25976	
Gm25526	
Gm37815	
Ak9	AK9
Gm19207	
Gm42990	
Gm49178	
Gm49685	
Or5t19-ps1	
9430031K09Rik	
Itgb4	ITGB4
Zfat	ZFAT
D230049E03Rik	
Ighv1-82	IGHV1-45
Ighv1-82	IGHV1-3
Ighv1-82	IGHV1-69
Ighv1-82	
Ighv1-82	IGHV1-2
Ighv1-82	IGHV1-46
Ighv1-82	IGHV1-69-2
Ighv1-82	IGHV1OR15-1
Ighv1-82	IGHV1OR15-9
Ighv1-82	IGHV1-69D
Ighv1-82	IGHV1-58
Ighv1-82	IGHV1OR21-1
Ighv1-82	IGHV1-18
Ighv1-82	IGHV1-24
Gm18305	
Nfkbiz	NFKBIZ
Gm45253	
Gm18986	
E330037G11Rik	
Gm45245	
Gm25626	
Gm47473	
Gm25014	
Gm23264	
Gm54946	
9530085L11Rik	
Gm49927	
Ighv1-83	
Rps15a-ps5	
Washc1	WASHC1
Washc1	WASH6P
Tmco3	TMCO3
Mon2	MON2
Lrrc8dos	
Gm43910	
Ighv1-84	IGHV1-45
Ighv1-84	IGHV1-3
Ighv1-84	IGHV1-69
Ighv1-84	
Ighv1-84	IGHV1-2
Ighv1-84	IGHV1-46
Ighv1-84	IGHV1-69-2
Ighv1-84	IGHV1OR15-1
Ighv1-84	IGHV1OR15-9
Ighv1-84	IGHV1-69D
Ighv1-84	IGHV1-58
Ighv1-84	IGHV1OR21-1
Ighv1-84	IGHV1-18
Ighv1-84	IGHV1-24
Gm10359	
Slc25a13	SLC25A13
Gm43818	
Gm43287	
Zfp326	ZNF326
Gm43288	
Gm8367	
Gm43283	
Gm9260	
Sec24d	SEC24D
C230029F24Rik	
Ighv1-85	IGHV1-45
Ighv1-85	IGHV1-3
Ighv1-85	IGHV1-69
Ighv1-85	
Ighv1-85	IGHV1-2
Ighv1-85	IGHV1-46
Ighv1-85	IGHV1-69-2
Ighv1-85	IGHV1OR15-1
Ighv1-85	IGHV1OR15-9
Ighv1-85	IGHV1-69D
Ighv1-85	IGHV1-58
Ighv1-85	IGHV1OR21-1
Ighv1-85	IGHV1-18
Ighv1-85	IGHV1-24
Gm6757	
Gm3605	
Ighv1-86	
Gm28388	
Gm8384	
Gm54697	
Bclaf3	BCLAF3
Zfp386	
1700047N06Rik	
Gm8391	
Gm54883	
Gm45098	
Gm29665	
Gm10623	
Gm20118	
Cers3	CERS3
Gm54885	RN7SKP27
Gm54885	RN7SKP33
Gm28321	
Vipr2	VIPR2
Rgs8	RGS8
Adamts17	ADAMTS17
Ddx11	DDX11
Acsl1	ACSL1
Gm22264	
Gm55197	
Gm8181	
Gm13063	
Stk32a	STK32A
Gm10300	
Gm13214	
Gm37711	
Gm15190	
Oprd1	OPRD1
Gm15186	
Arhgap36	ARHGAP36
Gm23748	
Gm13215	
Slc35f2	SLC35F2
Ythdf2	YTHDF2
Eml5	EML5
Rabggtb	RABGGTB
Gm22836	
Gm24393	RNU6-508P
Sln	
Gm27249	
Gm16380	
Irak1bp1	IRAK1BP1
Gm43817	
Gm10240	
Gm19566	
Gm25672	RNU6-525P
Gm5987	
Plxnb2	PLXNB2
Gm38433	
Gm42915	
Smurf1	SMURF1
Gm55199	
Gmeb1	GMEB1
Gm44755	
Gm44609	
Gm17909	
Tnfaip8l3	TNFAIP8L3
Gm45101	
Lysmd4	LYSMD4
Cyp19a1	CYP19A1
Dpysl3	DPYSL3
Capg	CAPG
Gm15037	
Gm14719	
Or11q2	
Or5o1	
Gldn	GLDN
Foxp3	FOXP3
I830134H01Rik	
Nox4	NOX4
Cep55	CEP55
Gm29529	
5530400K19Rik	
Tmeff2	TMEFF2
Syk	SYK
Gm13252	
Gm28872	
Rnu11	
Taf12	TAF12
Phip	PHIP
Gm49930	
Gm49931	
Gm17891	
Gm49933	
Mtcl1	MTCL1
Rab42	RAB42
Snora16a	SNORA16A
Snora16a	
Snora44	SNORA44
Snora61	
Snord99	SNORD99
Trnau1ap	TRNAU1AP
Trim35	TRIM35
Rgs16	RGS16
Gm28322	
Gm54895	
Gm28319	
Gm28320	
Gm29325	
Cavin2	CAVIN2
Gm50467	
Gm47570	
Gm18072	
Gm5253	
Gm47576	
Gm7621	
Rnasel	RNASEL
Gm45244	
Gm18681	
Tfdp1	TFDP1
Stmn4	STMN4
Gm48062	
Gm48063	
A930040O22Rik	
Ttc8	TTC8
Gm23300	
Ffar4	FFAR4
Shld3	SHLD3
Serpinb9b	SERPINB9
Rbp4	RBP4
Gm37320	
Mir30b	MIR30B
Cdh12	CDH12
Nxpe3	NXPE3
Gm17809	
Snord45b	SNORD45B
Cep97	CEP97
Gm24494	SNORD45A
Snord45c	
Serpinb1b	SERPINB1
Gm43400	
Tmem131l	TMEM131L
Mir7039	
Barhl2	BARHL2
Gm3650	
Eif3j2	EIF3J
Arfgef1	ARFGEF1
Gm37296	
Mir7118	
Gm49182	
Mir30d	MIR30D
Acot10	ACOT9
Gm26872	
Gm54727	
Gm54728	
Gm28039	
Gm25711	
Jakmip2	JAKMIP2
Gm49414	
Gm25987	
Gm11384	
Gm29464	
Gm54589	
Gm7859	
Gm11383	
Gm19371	
Serpinb9c	SERPINB9
Gm25101	
Gm38234	
Gm54590	
Fryl	FRYL
Gm49187	
Gm54591	
Pde6c	PDE6C
Dennd6b	DENND6B
Dlx6	DLX6
Osbpl9	OSBPL9
Gm54582	
Spink1	SPINK1
Dock9	DOCK9
Dnai7	DNAI7
Gm27248	
Ei24	EI24
Serpinb9d	SERPINB9
Gm54729	
Scgb3a2	SCGB3A2
Gm11385	
Gm47788	
Serpinb9e	SERPINB9
Nup160	NUP160
Gm94	C5orf46
Gm50206	
Trim23	TRIM23
Gm50207	
Atp4b	ATP4B
Spink5	SPINK5
Gm4705	
Themis3	
Rpl30-ps8	
Foxn3	FOXN3
Gm45410	
Grk1	GRK1
Gm46576	
Ptprm	PTPRM
4930573C08Rik	
Mir6958	
4930504C09Rik	
Gm24232	
Gm23987	
Gm19782	
Cdh18	CDH18
Fra10ac1	FRA10AC1
Tmem255b	TMEM255B
Tyr	TYR
Lgi1	LGI1
Gm19898	
Gm54899	
Gm37569	
Ncapg2	NCAPG2
Dock10	DOCK10
Grm5	GRM5
Serpinb9f	SERPINB9
Gm8900	
Rpl24	
Cenpu	CENPU
Spink14	SPINK14
Serpinb9h	SERPINB9
Gm5216	
Gm18155	
Hnrnpa1l2-ps2	
Ppwd1	PPWD1
Gm49430	
Gm19199	
Gm19840	
Gm28037	
Gm5217	
Gm24656	
Zbtb11	ZBTB11
Gm6533	
Gm48915	
Dcp2	DCP2
Gm23980	
Gm48916	
Gm18582	
Gm48918	
Usp15	USP15
Gm48919	
Gm8408	
Gm36147	
Gm48920	
Gm48921	
Nup210	NUP210
Gm22810	RNU1-42P
Fam135b	FAM135B
Gm44926	
Gm44927	
Gm44848	
Gm44847	
Gm24249	
Gm44846	
Gm2639	
Gm13188	
Gm10862	
Ctsc	CTSC
Gm38085	
Gm37107	
Cast	CAST
Gm38348	
Pdrg1	PDRG1
Med15	MED15
Gm20682	
Gm25112	
Rnu7-ps1	
Gm47139	
Gm47138	
Gm47132	
4930556H04Rik	
Gm47196	
Efcab11	EFCAB11
Gm27219	
Fez1	FEZ1
Mcc	MCC
Gm42572	
Gm42571	
Gm17207	
Kpna7	KPNA7
Gm13187	
Gm50141	
Gm42723	
Gm36988	
Xkr7	XKR7
Gm23691	RNU6-969P
Gm50150	
Gm13179	
Gm54593	
Gm50155	
Gm22519	SNORA81
Gm2999	
5830426I08Rik	
Gm38341	
Slc35g1	SLC35G1
Ppp6r2	PPP6R2
Mga	MGA
Gm44751	
Gm54777	RN7SKP123
Gm54777	RN7SKP141
Gm54777	RN7SKP195
Plce1	PLCE1
Gm25345	
Mef2a	MEF2A
Gm49941	
Gm47471	
Gm49939	
Gm18961	
Gm49943	
Gm49940	
Gm49942	
Mir5709	
Gm54965	
Ccdc22	CCDC22
Lrrc30	LRRC30
Lama1	LAMA1
Ptprn2	PTPRN2
Gm50263	
Gm43425	
Ythdc2	YTHDC2
Hmgn3	HMGN3
Gas6	GAS6
Gm42734	
Gm43563	
Gm4871	
Igsf1	IGSF1
Gm43562	
Gm43561	
Gm8365	
1700018F24Rik	
Gm5608	
Pkd1l3	PKD1L3
Gm36981	
Mnd1	MND1
Hfm1	HFM1
Basp1	BASP1
Col22a1	
Mettl14	METTL14
Gm38337	
Arhgap28	ARHGAP28
Trim36	TRIM36
Gm47208	
Gm19238	
Gm6750	
Gm47207	
Gm47206	
Gm17807	
Gm48119	
Mir153	
Tdp1	TDP1
Dlx5	DLX5
Gm2065	
Gm38279	
Lca5	LCA5
1700018A14Rik	
Pggt1b	PGGT1B
Etfrf1	ETFRF1
Gm44667	
Gm44668	
Rab38	RAB38
Gm15661	
Gm48147	
Rps13-ps2	
Kcnk13	KCNK13
Gm8183	
Gm6240	
Gm45684	
Gvin2	
Ccdc112	CCDC112
Gm55075	
Olfr719-ps	
Gm22713	
Acadm	ACADM
Elmod3	ELMOD3
Ociad1	OCIAD1
Gm20663	
Gvin-ps2	
Gm27228	
Gm16308	
Gvin-ps3	
Gm8982	
Gm23217	
Gm24390	
Gvin1	
Kcnk9	KCNK9
Gm27150	
Rps27a-ps2	
Gm54700	
Myo10	MYO10
Gvin-ps5	
Psmc1	PSMC1
Gm37307	
4930415P13Rik	
Gm22372	
Gm28552	
Gm4840	
Or2ag12	OR2AG1
Or2ag12	OR2AG2
Gm28477	
Gm54752	
Dmxl2	DMXL2
Mospd4	
Gm54753	
Or2ag1b	OR2AG1
Or2ag1b	OR2AG2
Gm47726	
Fem1c	FEM1C
Gm55025	
Tafa2	TAFA2
Gm44857	
Or2ag13	OR2AG1
Or2ag13	OR2AG2
Cdo1	CDO1
Or2ag14-ps1	
Tmem135	TMEM135
Pcnp	PCNP
Gm22958	U2
Gm47801	
Gm19169	
Gm18510	
Atg12	ATG12
Gm47837	
Gm55029	RN7SKP58
Gm55029	RN7SKP59
Gm47839	
Gm47840	
Slc16a7	SLC16A7
Nrde2	NRDE2
Ap3s1	AP3S1
Prss12	PRSS12
Gm8717	
Gm28991	
Noc3l	NOC3L
Gm54731	
Or11n2	
Gm15033	
Or5bh3	
Gm43590	
Gm54733	
Snora24	SNORA24
Gm54734	
Gm9369	
Gm7803	
Gm14612	
Gm22288	
Or1aa2	
Slc44a5	SLC44A5
Hdac11	HDAC11
Tbc1d12	TBC1D12
Gm48296	
Gm14620	
Stk26	STK26
Rapgef5	RAPGEF5
A430019L02Rik	
Gm49971	
Gm49972	
Lvrn	LVRN
Trmt10c	TRMT10C
Gm22422	
Senp7	SENP7
Ccm2l	CCM2L
Mtif2	MTIF2
Gm47862	
Gm9102	
Lrig3	LRIG3
Gm54784	
Hells	HELLS
Gm23610	
Gm49973	
Arl14epl	ARL14EPL
Gm17097	
Gm49944	
Tmem200c	TMEM200C
Gm49949	
Gm3744	
Gm44704	
Gm23186	RNU6-145P
Gm55433	
Gm4828	
Gm55434	
Frmd7	FRMD7
Or2ag15	OR2AG1
Or2ag15	OR2AG2
Commd10	COMMD10
Arid1b	ARID1B
Prpf18	PRPF18
Gm44996	
Lrrc28	LRRC28
Gm3076	
Gm14573	
Gm42541	
Gm42540	
Gm44002	
Lhx8	LHX8
Gimap9	
4930402H05Rik	
Kras	KRAS
Rap2c	RAP2C
Gm55037	
Tmpo	TMPO
Gm5387	
Mbnl3	MBNL3
Gm13196	
Fnbp4	FNBP4
Med24	MED24
Tyw3	TYW3
Gm44164	
Rps25-ps1	
Gm54835	
Gm44428	
Gm22791	
Gm15707	
Hspe1-rs1	HSPE1
Gm8468	
Gimap4	GIMAP4
Gm54757	
Gm6883	
Cpa6	CPA6
Gm50223	
Gm5236	
Gm50224	
Gm48996	
Gm2862	
Eno1b	ENO1
Retreg1	RETREG1
Cyp2c55	CYP2C18
Gm5237	
Btf3-ps10	
Gm5388	
Gm54746	
Gm14621	
Hs6st2	HS6ST2
Gm5839	
Gm18993	
Gm50231	
Gm54765	
Gm54789	
Dtwd2	DTWD2
Cyp2c65	
Gm42733	
Gm42732	
Gm15599	
Gm14581	
Gm38005	
Cdc7	CDC7
Gm15604	
Tmem242	TMEM242
Sh3kbp1	SH3KBP1
Gm25253	RNU6-1181P
Ndst3	NDST3
Gm54711	
Rgsl1	RGSL1
A930023M06Rik	
Gm18955	
Cdca7l	CDCA7L
Gm23233	
Fzd4	FZD4
Lmntd1	LMNTD1
Sh3bgrl2	SH3BGRL2
Cyp2c66	
Gm54624	
Gm18723	
Gm49682	
Impg2	IMPG2
Gm32983	
Or2ag16	OR2AG1
Or2ag16	OR2AG2
Gm45100	
Or2ag17	OR2AG1
Or2ag17	OR2AG2
Dmxl1	DMXL1
Prss23	PRSS23
Ldhal6b	LDHAL6B
Gm55021	
Cyp2c29	
Ist1	IST1
Gm8363	
Gm36120	
Zdhhc14	ZDHHC14
Pknox2	PKNOX2
Gm55242	7SK
Gm55242	RN7SKP272
Gm55242	RN7SKP88
Gm55242	RN7SKP39
Rcc1	RCC1
Rpl30-ps3	
Csrnp3	CSRNP3
Gm20613	
Calm1	CALM1
Or2ag18	OR2AG1
Or2ag18	OR2AG2
A230065N10Rik	
Gm23498	
Gimap6	GIMAP6
Nr1h2	NR1H2
Gm10231	
1700029H14Rik	C13orf46
Gm26595	
Gm26622	
Snx9	SNX9
Gm15603	
Gm37133	
Gm25373	
Gm37645	
Gm28053	
Gm38062	
Gm5522	
A630081D01Rik	
Gm28659	
Gm54912	
Gm29124	
Gm28066	
Tuba3b	TUBA3C
Nabp1	NABP1
Cyp2c72-ps	
Cyp2c38	
Gimap7	GIMAP7
Gm8376	
Rassf8	RASSF8
Cyp2c39	
Epb41l3	EPB41L3
Mir7212	
Zfp622	ZNF622
Gm21050	
Rtn4r	RTN4R
Cyp2c67	
Gimap1	GIMAP1
Mir6366	
Ccdc188	CCDC188
Marchf11	MARCHF11
Gm13619	
Zdhhc8	ZDHHC8
Gm40557	
Bend7	BEND7
Cyp2c68	
Gimap5	GIMAP5
Nin	NIN
Fbxl7	FBXL7
Gm4510	
Gm47081	
9430068D22Rik	
Gm18705	
Gm49265	
Gm47965	
Gm49268	
Gm47083	
Gm49266	
Mir378d	
Gm47084	
Gm6576	
Gm47091	
Gm44226	
Gm23903	
Gm24179	
4833403J16Rik	
Zfp821	ZNF821
Gm19111	
Atp23	ATP23
Ank	ANKH
Bhlhe41	BHLHE41
Cyp2c40	
Abi3bp	ABI3BP
C030005K06Rik	
Gm2109	
Sh2d7	SH2D7
Hsd17b4	HSD17B4
Gm43909	
Gm6333	
Gimap3	GIMAP5
Ctdsp2	CTDSP2
Gm11250	
Gm11235	
Aldoart1	ALDOA
Tiaf2	
B230362B09Rik	
Gm54935	RN7SKP235
Gm17834	
Gm25653	
Gm3896	
Ago2	AGO2
Gm11251	
Gm25769	
Gm54936	
Gm48717	
Calr4	
Gm54937	
Fbln2	FBLN2
Cib2	CIB2
Rasa3	RASA3
Rps27a	RPS27A
Elovl4	ELOVL4
Gm42510	
Gm24456	
Gm15400	
Gm15399	
Mir26a-2	MIR26A2
Mir546	
Gm18043	
Gm25884	
Gm4800	
Gm3523	
Gm9372	
Gm55053	
Gm31822	
Gm42824	
Otulin	OTULIN
Avil	AVIL
Tram1l1	TRAM1L1
Cyp2c69	
Gm13176	
Galnt3	GALNT3
Gm42825	
Tmem218	TMEM218
Gm54722	
Gm22059	SNORD124
Gm9381	
Galk1	GALK1
Gm42826	
Gm37535	
Ociad2	OCIAD2
Gm37210	
Trim2	TRIM2
Gm6198	
Gm5530	
Zfp648	ZNF648
Prex2	PREX2
Idh3a	IDH3A
Mir7117	
Sbf1	SBF1
Cyp2c71-ps	
Cyp2c37	
Primpol	PRIMPOL
Gm50439	
Gm8529	
Cyp2c54	
Gm52973	
Fam170a	FAM170A
Mapkbp1	MAPKBP1
Clhc1	CLHC1
Cyp2c50	
Gm35960	
Pudp	PUDP
Plekhg5	PLEKHG5
Tgfbr3	TGFBR3
Gm3815	
Prr16	PRR16
Gm25739	
Gm25785	
Gm4950	
Gm50447	
Gm50448	
Gm22259	RNU6-673P
Ftmt	FTMT
Srfbp1	SRFBP1
Gm12090	
Gm12088	
Gm27026	
Gm12091	
Or2ag2b	OR2AG1
Or2ag2b	OR2AG2
Gm12093	
H3f3b	H3Y1
H3f3b	H3Y2
Lox	LOX
Cyp2c70	
Gm43422	
Gm43423	
Nedd1	NEDD1
Gm8145	
Or13n4	
Gm42900	
Gm22557	RNU6-101P
Cwh43	CWH43
Col28a1	COL28A1
Napsa	NAPSA
Gm5827	
Gm16470	
Ttk	TTK
Gm54920	
Gm18727	
Gm24173	
Gm28686	
Pdlim1	PDLIM1
Gm37410	
Col4a4	COL4A4
Thra	THRA
Atxn1l	ATXN1L
Zfp474	ZNF474
Gm45607	
Cfap97d2	
Sorbs1	SORBS1
1700034E13Rik	ZNF475
Me3	ME3
Gm7669	
Casp3	CASP3
Gykl1	
Mir7665	
Jmjd7	JMJD7
Sncaip	SNCAIP
Sspn	SSPN
Gm43798	
Gm24241	SNORA79
Dcun1d4	DCUN1D4
Gm47993	
Gm49783	
Tsfm	TSFM
Sephs1	SEPHS1
Gm43931	
Gm32914	
Wnt7a	WNT7A
Nr1d1	NR1D1
Gm30437	
Gm4575	
Cdc16	CDC16
Gm44629	
Chchd4	CHCHD4
Gm15744	
Gm45793	
Kcnc3	KCNC3
Sesn1	SESN1
Vps53	VPS53
Tmem43	TMEM43
Hck	HCK
Gm29282	
Auh	AUH
Gm29441	
Ier5	IER5
Mr1	MR1
Adra1a	ADRA1A
Ccdc81	CCDC81
Gm9395	
Acsbg1	ACSBG1
Dcp1a	DCP1A
Eef1akmt3	EEF1AKMT3
Xpc	XPC
A830018L16Rik	C8orf34
Mettl1	METTL1
Upf3a	UPF3A
Msantd5f7	MSANTD5
Gm7368	
Slc37a2	SLC37A2
Gm42669	
Msantd5f8	MSANTD5
Lrrc66	LRRC66
Ttc23	TTC23
Semp2l2a	SENP2
Cyp27b1	CYP27B1
Champ1	CHAMP1
Tnfrsf25	TNFRSF25
Sgcb	SGCB
Gm54919	
Gm24698	SNORA3A
Coprs	COPRS
Msantd5f10	MSANTD5
Irf2	IRF2
Marchf9	MARCHF9
Gm43799	
Gm42863	
Cyp3a41b	CYP3A4
Cyp3a41b	CYP3A7
Cyp3a41b	CYP3A43
Cyp3a41b	CYP3A5
Gm6525	RPL36AL
Msantd5f9	MSANTD5
Ndst4	NDST4
Armc2	ARMC2
Ubac2	UBAC2
Gm43381	
Selenok-ps7	
Cyp3a41a	CYP3A4
Cyp3a41a	CYP3A7
Cyp3a41a	CYP3A43
Cyp3a41a	CYP3A5
2310002L09Rik	
Hnrnpa1l2-ps	
Gpc4	GPC4
Gm54813	
Nfil3	NFIL3
Cenpk	CENPK
Frmd3	FRMD3
Gpr18	GPR18
Tmem176b	TMEM176B
Gpr183	GPR183
Gm15016	
Arxes2	SPCS3
Gm50457	
Gm8572	
Timm8a2	
Arxes1	SPCS3
Snx2	SNX2
Phyh	PHYH
Gm49236	
Bex2	BEX1
Bex2	BEX2
Ugt8a	UGT8
Gm43626	
Tkt	TKT
Cyp3a44	CYP3A4
Cyp3a44	CYP3A7
Cyp3a44	CYP3A43
Cyp3a44	CYP3A5
Gpc3	GPC3
Gm13194	
Gm13193	
Gm13192	
Gm19089	
Gm28042	
Cyp3a11	CYP3A4
Cyp3a11	CYP3A7
Cyp3a11	CYP3A43
Cyp3a11	CYP3A5
Gm54735	
Fhdc1	FHDC1
Gm1859	
Snx24	SNX24
Gm45479	
Gm45481	
Ap1g1	AP1G1
Gm14582	
Mir6384	
Mir717	
A630012P03Rik	
Ppp1r26	PPP1R26
Ppic	PPIC
Gm42431	
Mir3076	
Gm43624	
Tm9sf2	TM9SF2
Tdg-ps2	
Gm43115	
Foxo3	FOXO3
Map3k15	MAP3K15
Glmn	GLMN
Pcsk1	PCSK1
Gm18916	
Arsj	ARSJ
Gm44669	
Prdm6	PRDM6
Hikeshi	HIKESHI
Pierce1	PIERCE1
Gm55081	
Cdk4	CDK4
Gm43327	
Gm20568	
Arfip1	ARFIP1
Gm48081	
Gm47633	
Gm11760	
Gm11405	
Gm47640	
Ucma	UCMA
Gm18329	
Eps15	EPS15
Dnaja4	DNAJA4
Or10a2	OR10A5
Or10a2	OR10A2
Mir363	MIR363
Mir92-2	
Gm15194	
Gm45023	
Gm8682	
Mir19b-2	MIR19B2
Or10a4	OR10A4
Mir20b	
Mir18b	
Mir106a	
Gm14586	
Gm7851	
Nxf3	NXF3
Or2d2b	OR2D2
Gm45868	
Synm	SYNM
Cryz	CRYZ
Tcf4	TCF4
Mrps2	MRPS2
Mir5710	
Bckdhb	BCKDHB
Gm19095	
Gm48234	
Gm48235	
Gm8278	
Gm3926	
Gm4149	
Mir682	
Gm23012	
Gm6254	
Gm18974	
Gm17082	
Clybl	CLYBL
Gm48550	
Ccdc160	CCDC160
Ell2	ELL2
Tspan31	TSPAN31
Bex4	BEX4
Rpsa-ps9	
Pla2g4b	PLA2G4B
Pdha1	PDHA1
Gm25464	
Zic5	ZIC5
Afg1l	AFG1L
Lsm3	LSM3
Zic2	ZIC2
Or2d2	OR2D2
Gm46506	
Mir6959	
Adm2	ADM2
Gm45102	
Gm55463	
Gm10837	
Gm7583	
Miox	MIOX
Gm9399	
Gm18143	
Or2d36	OR2D3
Ebf2	EBF2
Tmem176a	TMEM176A
Gm44666	
Nlrp14	NLRP14
Gm48302	
Gm23127	
Gm8288	
Drd1	DRD1
Gm15195	
Gm15192	
Gm15196	
Gm15193	
Stx6	STX6
Tceal8	TCEAL8
Glrx	GLRX
Gm29163	RNU6-486P
Gm29164	
Gm26146	
Gm18487	
Gm8226	
Gm26126	
Sfxn1	SFXN1
Gm48811	
Gm28625	
Gm48821	
Gm15197	
Gm15198	
Gm8228	
Gm55092	
Gm28070	
Cdk17	CDK17
Gm48830	
Gm25125	
Gm48842	
Gbgt1	GBGT1
Gm3765	
Rbmxl2	RBMXL2
Rbmxl2	RBMXL3
Skic8	SKIC8
Gm55467	
Cyp3a25	CYP3A4
Cyp3a25	CYP3A7
Cyp3a25	CYP3A43
Cyp3a25	CYP3A5
Gm19033	
Mir6383	
Tceal5	TCEAL5
Tceal5	TCEAL6
Tceal5	TCEAL3
Igf1r	IGF1R
Aoc1	AOC1
Gm18473	
Hrh2	HRH2
Gm10134	
Fbxo25	FBXO25
Sptbn5	SPTBN5
Bex1	BEX1
Bex1	BEX2
Otulinl	OTULINL
Gm48615	
Adamts6	ADAMTS6
Slco4a1	SLCO4A1
Tceal7	TCEAL7
Tceal9	TCEAL9
Gm8454	
Aoc1l2	AOC1
Gm43239	
Gm54603	
Gm8458	
Pcca	PCCA
Cyp3a59	CYP3A4
Cyp3a59	CYP3A7
Cyp3a59	CYP3A43
Cyp3a59	CYP3A5
Cacna1f	CACNA1F
Gm24348	
Gm10242	
Gm18538	
Gm19172	
Aoc1l1	AOC1
Enpp6	ENPP6
Gm5565	
Gm6309	
Gm18539	
Aoc1l3	AOC1
1700001J03Rik	
Mir1931	
Snx3	SNX3
B230303O12Rik	
Gm19173	
Syt9	SYT9
Gm34248	
Gm43625	
Gm44225	
Ehd4	EHD4
Gm38178	
Gm29273	
Gm26179	
Scfd2	SCFD2
Gm23924	
Gm54887	
Gm38069	
Gm8992	
Gm7560	
Gm8993	
Gm8850	
Gm6210	
Gm22633	
Mir6341	
Gm2383	
Gm8999	
Gm6216	
4933439N06Rik	
Gm9001	
BC034090	KIAA1614
Gm44113	
Gm5995	
Gm54888	
Gm22283	
Gm44126	
Gm44163	
Rnf26rt	RNF26
Elk3	ELK3
Tdrp	TDRP
Olfml1	OLFML1
Gm44166	
Gpnmb	GPNMB
Gm44773	
Lmf2	LMF2
Pgpep1l	PGPEP1L
Ntsr1	NTSR1
Gm37240	
Eed	EED
Crabp1	CRABP1
Gm36487	
Gm47344	
Zbtb14	ZBTB14
Erich1	ERICH1
Mir7688	
Gm37622	
Nr2e1	NR2E1
Xpr1	XPR1
Gm8813	
Gm38241	
Tigd4	TIGD4
Ttc7b	TTC7B
Gm17141	
Mcm10	MCM10
Tmem154	TMEM154
Rab7-ps1	
Ccdc15	CCDC15
Rhobtb3	RHOBTB3
Gm45520	
Stox2	STOX2
Akain1	AKAIN1
Gm12749	
A730049N16Rik	
Kdm4c	KDM4C
Gm9319	
Gm9598	
Gm55102	RN7SKP26
Gm4561	
Bltp1	BLTP1
Synj2	SYNJ2
Trio	TRIO
Gm49259	
Gm49260	
Ggact	GGACT
Gm24163	
Gm15528	
Cplx2	CPLX2
Agap2	AGAP2
Gm6311	
Gm23319	
Gm54824	
Thoc3	THOC3
Itpr2	ITPR2
Tmtc4	TMTC4
Gm2830	
Spata9	SPATA9
Gm15981	
Gm15982	
Tfg	TFG
6720475M21Rik	
Gm43167	
Gm48382	
Gm48381	
Rnf6	RNF6
Gm48383	
Dnah11	DNAH11
Cwc27	CWC27
Gm26379	SNORA17A
Gm26379	
Gm11254	
Gm11258	
Gm11253	
Gm11257	
Gm12912	
Dmac1	DMAC1
Gm55296	SNORA63C
Gm55296	SNORA63
Csnk2a1-ps4	
Gm11259	
Gm11256	
Ttc39a	TTC39A
Gm45537	
Mrgbp	MRGBP
Gm22857	
Dlgap2	DLGAP2
Adgrg7	ADGRG7
Unk	UNK
Srek1ip1	SREK1IP1
Ogfr	OGFR
Lta4h	LTA4H
Gm15693	
Tmem45a	TMEM45A
Gm54950	
Shisal2b	SHISAL2B
Myo1b	MYO1B
Gm17118	
Gm4938	
Tmem115	TMEM115
Simc1	SIMC1
Optn	OPTN
Gm45120	
4930405G09Rik	
Gm44888	
Gm44860	
Gm47643	
Gm15840	
Gm44861	
Gm47652	
Lnp1	LNP1
Btf3-ps5	
Cyb561d2	CYB561D2
Gm8938	
Gm44886	
Gm44692	
Tmem45a2	TMEM45A
Zfp59	ZNF780A
Poln	POLN
Arrdc4	ARRDC4
Ireb2	IREB2
Ostm1	OSTM1
Tomm70a	TOMM70
Rgs7bp	RGS7BP
Zfp607a	ZNF780A
Pla2g4e	PLA2G4E
Rfesd	RFESD
Prkcz2	
Gm23795	
Gm55488	
Hepacam	HEPACAM
Gm5342	
Gm44533	
Ppfibp2	PPFIBP2
Os9	OS9
Nit2	NIT2
Gm3160	
Gm26184	
Trappc11	TRAPPC11
Gm49602	
Gm23529	
Gm9368	
Gm9370	
Ferd3l	FERD3L
Twist1	TWIST1
Sp4	SP4
Gm4165	
Gpr150	
Hykk	HYKK
Serpinb6a	SERPINB6
Gm25577	
Gm9267	
Tbc1d23	TBC1D23
Gm18441	
Gm54737	RN7SKP260
Gm29689	
Gm6171	
Sp8	SP8
Msl1	MSL1
AY074887	
Abcb5	ABCB5
Nprl2	NPRL2
Ccdc3	CCDC3
Gm54621	
Nefm	
Rnf11	RNF11
Gm13198	
Gm23118	RNU2-11P
Gm13197	
Gm13997	
Rhod	RHOD
Pla2g4d	PLA2G4D
4930522H14Rik	C1orf185
Gm49294	
Nefl	NEFL
Gm4178	
Gm23664	
Hal	HAL
Gm18921	
Itgb8	ITGB8
Syt12	SYT12
Gm19216	
Gm22497	
Gm12803	
Cdkn2c	CDKN2C
Gm22319	
Prkcd	PRKCD
Ibtk	IBTK
Gm9891	
Gm20555	
Gm19883	
Gm8472	
Gm49233	
Faf1	FAF1
Gm49234	
Ncaph2	NCAPH2
Gm54940	
C030037F17Rik	
2010003K11Rik	C11orf86
Cln8	CLN8
5330417H12Rik	
Aldh18a1	ALDH18A1
Camk1d	CAMK1D
Zfp974	ZNF721
Rps6ka5	RPS6KA5
Rwdd4a	RWDD4
Gm23815	
Gm44535	
Josd1-ps	
Casc3	CASC3
Gm7627	
Gm44690	
4933423L19Rik	
Gm24120	
Zfp780b	ZNF420
Tmem30c	
Gm29327	
Gm44948	
Zfp850	ZNF780A
Gm12808	
Dmrta2	DMRTA2
Haus3	HAUS3
Cyb5r2	CYB5R2
Amdhd1	AMDHD1
Elavl4	ELAVL4
Gm45576	
Gm54945	
Gm45575	
Gm8623	
Cmss1	CMSS1
Ing2	ING2
Gm25918	
Mxd4	MXD4
Rapgefl1	RAPGEFL1
AA386476	
B4galnt1	B4GALNT1
Hydin	HYDIN
Filip1l	FILIP1L
Pla2g4f	PLA2G4F
Mxd4os1	
Setd1b	SETD1B
Nr2f2	NR2F2
Wipf2	WIPF2
Bex3	BEX3
Ttc3	TTC3
Gm45040	
4933431K14Rik	
Gm22830	
Gm5619	
Gm18766	
Ovch2	OVCH2
Zmynd10	ZMYND10
Slc26a10	
Gm55093	RNU6-82P
Glod4	GLOD4
Nt5el	
Agbl2	AGBL2
n-R5s12	
Nsa2-ps2	
Or5p5	
Gm14997	
Gm4917	
Gm44532	
Btf3-ps3	
Tpbg	TPBG
Olfr468-ps1	
Gm14994	
Gm7656	
Gm14999	
Gm44811	
Gm35842	
Gm14998	
Gm44813	
Gm14993	
Gm14992	
Or5p50	OR5P2
Gm14996	
Rnf180	RNF180
Syp	SYP
Gm47604	
Gm18016	
Gm5002	
Gm44809	
Ube3d	UBE3D
Gm55505	
Or5p51	OR5P2
Gm49703	
Gm48586	
Gm48585	
Or5p5c-ps1	
Gm2614	
Gm10156	
Ccdc38	CCDC38
Gm25801	RNU6-128P
Macc1	MACC1
Gm34783	
Or5p52	
Gm19253	
Gm8744	
Malsu1	MALSU1
Or5p53	
Gm45066	
Gm29295	
Gm55512	
Gm55513	
Gm5418	
Gm16202	
Gm7675	
Gm44688	
Zfyve28	ZFYVE28
Gm9519	
Gm44086	
Psma4	PSMA4
Gm7890	
Gm17988	
Gm18032	
Gm36633	
Gm44087	
Gm15720	
Gm9279	
Gm48685	
Ndufa4	NDUFA4
Gm45150	
Gm9280	
Ceacam5	
Gm48686	
Gm54747	
Tmem196	
Plac1	PLAC1
Gm25631	
Htr1a	HTR1A
Gm48208	
Gm48211	
Gm10739	
Gm48212	
Prickle3	PRICKLE3
Igf2bp3	IGF2BP3
Gm48214	
Gm6065	
Or1j23-ps1	
Gm7054	
Gm27236	
Gm48216	
Gm45149	
Nqo2	NQO2
Ceacam14	
Dglucy	DGLUCY
Gm25424	
Gm15513	
Mctp2	MCTP2
Gm42848	
Cfap99	CFAP99
Cdkn2aip	CDKN2AIP
Gm5553	
Cdk8	CDK8
Gm15801	
Tctn3	TCTN3
Gm23627	
Gm22701	
Gm54954	
Gm54955	
Gm54956	
Gm45824	
Gm45864	
Snrpf	SNRPF
Cldn24	
Zswim4	ZSWIM4
Gm18010	
Ints13	INTS13
Plp2	PLP2
Sobp	SOBP
Ceacam23	
Magix	MAGIX
Or5p60	OR5P2
Gm47815	
Gm29245	
Or5p61	OR5P2
Ntn4	NTN4
Gm36696	
Or5p62	OR5P2
Gm45715	
Gm18944	
Espn	ESPN
Gm37620	
Ceacam11	
Wwc2	WWC2
Dph3b-ps	
Rassf1	RASSF1
Arsk	ARSK
Gm28745	
Gm18256	
Or5p63	OR5P2
Gm14644	
Gm22550	
Rpl17-ps10	
Gm16428	
Gm12340	
Gm28744	
Kansl2-ps	
Gm7916	
Gm6591	
Rtn4	RTN4
Gm7693	
Gm14590	
Gm8580	
Or5p64	OR5P2
Gm15963	
Gm26239	
Usp44	USP44
Gm16431	
Gm7974	
Gm6007	
Gm5335	
Slxl1	SYCP3
Or5p65-ps1	
Tra2a	TRA2A
Gm44725	
Ceacam13	
Gm9034	
Gm14633	
Qrsl1	QRSL1
Gm2174	
Il1rapl2	IL1RAPL2
4933435G04Rik	
Or5p66	OR5P2
Gm55545	
Gm44594	
Gm28746	
Gm5322	
Or5p1	
Gm43980	
Gm18011	
Ccdc126	CCDC126
Gm14988	
Sco2	SCO2
Gm54832	
Gm14989	
Or5p67	OR5P2
Gm54834	RN7SKP258
Tex13a	TEX13B
Or5p68	OR5P2
Or5p69	OR5P2
Gm22057	
Gm23958	RNU6-474P
Tymp	TYMP
Gm15000	
Fam221a	FAM221A
Gm15001	
Gm43458	
Gm45392	
Gm15739	
Or5p70	OR5P2
Rpap2	RPAP2
Ints6l	INTS6L
Or5p71-ps1	
D8Ertd738e	C19orf53
Arhgef25	ARHGEF25
Ceacam12	
Pcx	PC
Cldn22	
Gm54963	
Cimap1b	CIMAP1B
Gm2607	
Vac14	VAC14
Chrna5	CHRNA5
Gm24527	RNU6-754P
Gm28989	
Or5p72	OR5P2
4833439L19Rik	KIAA1191
Klhdc7b	KLHDC7B
Gm44613	
Syce3	SYCE3
Ctnna2	CTNNA2
Igfl3	IGFL4
Cpt1b	CPT1B
Gm47290	
Gm40437	
Gm9521	
Mill1	MICB
Mill1	MICA
Hdac9	HDAC9
Tusc2	TUSC2
Gm33626	
Rgma	RGMA
Hyal2	HYAL2
Dnah5	DNAH5
Gm29453	
Gm28323	
Gm8419	
Gm54983	
Gm8420	
Cdc42bpa	CDC42BPA
Chrna3	CHRNA3
Gm44758	
Gm44645	
Or5p77-ps1	
Gm19127	
Psg18	
Mri1	MRI1
Gm5997	
Gm45104	
Gm55557	
Or5p78	OR5P2
Yju2b	YJU2B
Or5p79	OR5P2
Or5p80	OR5P3
Psg28	
Chrnb4	CHRNB4
Gm47877	
Gm44871	
Gm8314	
Gm47886	
Or10ab5	
Gm47887	
Gm7395	
Arl10	ARL10
Hyal1	HYAL1
Psg26	
Col9a3	
Gm45156	
Gm4880	
Or5p81	OR5P2
Gm24195	
Nop16	NOP16
Ct45a	CT45A7
Ct45a	CT45A1
Ct45a	CT45A9
Ct45a	CT45A3
Ct45a	CT45A5
Ct45a	CT45A2
Ct45a	CT45A6
Ct45a	CT45A8
Ct45a	CT45A10
Olfr511-ps1	
Gm45608	
Psg25	
Mtss2	MTSS2
Naa80	NAA80
Gm26062	
Adam7	ADAM7
Or10a3m	OR10A3
Higd2a	HIGD2B
Higd2a	HIGD2A
Mmgt1	MMGT1
Ripk1	RIPK1
Psg27	
Fgfr1op2	FGFR1OP2
Or5e1	
Gm45232	
Gm19091	
Hyal3	HYAL3
Adad1	ADAD1
Or10a48	OR10A3
Olfr515-ps1	
Gm44657	
Psg23	
Gm19092	
Ube2q2	UBE2Q2
Gm44656	
Or10a3b	OR10A3
Mir5116	
Slc9a6	SLC9A6
Rtn4ip1	RTN4IP1
Gm17992	
Or10a49	OR10A3
Psg21	
Adamdec1	ADAMDEC1
Il34	IL34
Entpd1	ENTPD1
Gm44654	
Gm44655	
Or10a3	OR10A3
Gm44563	
Or10a3n	OR10A3
Nlrp10	NLRP10
Gm44502	
Dtx3	DTX3
Gm12582	
Gm12583	
Gm12584	
Nalcn	NALCN
Il2	IL2
Psg22	
Gm49278	
Gm17083	
Gm49279	
Gm17084	
Gm8484	
Gm49280	
Bphl	BPHL
Mir3964	
Gm23033	
Gm49281	
Gm24554	
Gm23327	
Gm5212	
Psmd9	PSMD9
Gm26163	
Chkb	CHKB
Fbxw7	FBXW7
Mprip	MPRIP
Gm15894	
Arhgef10	ARHGEF10
Lrrtm1	LRRTM1
Pip4k2c	PIP4K2C
Gm44564	
Gm44566	
Gm44565	
Eif3f	EIF3F
Gm44234	
6330415B21Rik	
Gm44435	
Gm44433	
Gm44235	
Cltb	CLTB
Gm44438	
Gm44286	
Gm44288	
Gm44437	
Gm13772	
Tcfl5	TCFL5
Gm44255	
Gm21045	
Gm16027	
Gm8783	
Gm50132	
Cc2d2b	CC2D2B
Gm5576	
Crybg1	CRYBG1
Tm7sf3	TM7SF3
5830411K02Rik	
4930428O21Rik	
Robo4	ROBO4
Wasf3	WASF3
Ccnj	CCNJ
Gm24464	
Gm44561	
Sycp1-ps1	
Psg19	
Ralgds	RALGDS
Gm6408	
Gfi1	GFI1
Gm19126	
Psg17	
Mir8092	
Zfp518a	ZNF518A
Gm18855	
Reg3b	REG1B
Gm26312	
Plaat3	PLAAT3
Chd2	CHD2
Tbc1d8b	TBC1D8B
Gm5949	
Tubb2a	TUBB2A
Ptk2	PTK2
Metap2	METAP2
Gm47065	
Hpd	HPD
Gm47076	
Skic3	SKIC3
Gm49297	
Stk31	STK31
Rft1	RFT1
Blnk	BLNK
Ripply1	RIPPLY1
Gm15012	
Il21	IL21
Cldn2	CLDN2
Fhl1	FHL1
Gm12534	
Gm43822	
Gm54773	
Gm37726	
Gm38041	
Gm38313	
Mir466k	
Gm42812	
Cetn4	
Gm18025	
Gm47357	
4921508M14Rik	
Gm24429	
Prps1l1	PRPS1L1
Gm43409	
Gm54764	RN7SKP177
Frmd6	FRMD6
Rnf4	RNF4
Lgals12	LGALS12
Gm43439	
Gm10457	
Bbs12	BBS12
Gm54766	RN7SKP193
Actr10	ACTR10
Dlgap1	DLGAP1
Gm12540	
Gm48639	
Fgf2os	
Tubb2b	TUBB2B
Gm43488	
Gm17060	
Fgf2	FGF2
Gm44219	
Med21	MED21
Itgbl1	ITGBL1
Gm44553	
Gm44552	
Fam81b	FAM81B
C130083A15Rik	
Tub	TUB
Gm54852	
Psmg4	PSMG4
Gm54770	
Gm26071	RNU6-1082P
Psma3	PSMA3
Adam22	ADAM22
Npy	NPY
Ipo11	IPO11
Gm42923	
Gatb	GATB
Phf14	PHF14
Dntt	DNTT
Btf3-ps4	
Gm25272	
Fgf14	FGF14
Gm44738	
Gm26176	RNU6-957P
Gm55584	RN7SKP233
Gm44736	
Gm44739	
Gm4971	
Mill2	MICB
Mill2	MICA
Gm28932	
Gm15422	
Gm49070	
Gm49071	
Or6c220-ps1	
Gm49069	
4930404O17Rik	
Gm55138	
Adam28	ADAM28
Gm48126	
Atg5	ATG5
Mir1929	
Kif5a	KIF5A
Sf3b3	SF3B3
Ifrd2	IFRD2
Gm23258	
Map7d3	MAP7D3
Ahr	AHR
Opalin	OPALIN
Scp2-ps1	
Gm37449	
Gm37324	
Gm23038	RNU6-1107P
Gm37102	
Gm37515	
9330178D15Rik	
Idi1-ps4	
A830073O21Rik	
Gm42947	
Plaat5	PLAAT5
Gm6510	
Ric3	RIC3
Gm42886	
Fhip1a	FHIP1A
Gm25450	RNU6-10P
Pglyrp1	PGLYRP1
Adgrg4	ADGRG4
Gm16437	
Slc22a19	SLC22A9
Fam174b	FAM174B
Nudt6	NUDT6
Dop1a	DOP1A
Gm45005	
Lmo1	LMO1
Gm48237	
Gm48264	
Mtch2	MTCH2
Gm46317	
Gm7002	
Gm9472	
Agr3	AGR3
Gm15967	
Gm15968	
Gm8157	
Tll2	TLL2
Adgrg2	ADGRG2
Gm45006	
Mir7234	
St8sia2	ST8SIA2
Prdm1	PRDM1
Agr2	AGR2
Tenm3	TENM3
Gm6654	
Gm18007	
Gm3455	
Gm32222	
Reg3d	REG1B
Gm13077	
Hes2	HES2
Gm45003	
Gm38143	
Gm55597	
Ccdc61	CCDC61
Tspan13	TSPAN13
Acot7	ACOT7
Glt28d2	
Slc22a23	SLC22A23
4933425M03Rik	
Gm26204	
Gm54781	
Gm54782	
Gm27811	
Negr1	NEGR1
Ube2frt	
Arid4a	ARID4A
Gm5950	
Slc22a26	SLC22A9
Reg3a	REG1B
Gm22087	
Gm55146	
Gm47388	
Gm47389	
Gm47392	
Gm22503	
Dctn2	DCTN2
Reg2	REG1A
Gm42946	
Gm42942	
Nova2	NOVA2
Gm42943	
Gm43528	
Gm15578	
Gm15577	
Gm43527	
Gm43526	
4930566N20Rik	
Gm24373	
Gm23725	
Gm22458	RNU6-1075P
Gm23379	RNU6-91P
Gm5983	
Gm46476	
Afg2a	AFG2A
Gm47256	
Stc1	STC1
Stk38l	STK38L
Gm54859	
Gm47086	
Nanos2	NANOS2
Gm7096	
Gm6129	
Gm47120	
Gm45058	
Gm36758	
Gm10676	
Gm28988	
Mypop	MYPOP
Tm9sf3	TM9SF3
Faf2	FAF2
Rps2-ps5	
Nkx2-6	NKX2-6
Cel	CEL
Irf2bp1	IRF2BP1
Foxa3	FOXA3
Nkx3-1	NKX3-1
Slco3a1	SLCO3A1
Gm37762	
Slc25a37	SLC25A37
Gm55367	
Gm13096	
Gpr153	GPR153
Gm6983	
Gm55148	
Prep	PREP
Gm13381	
Gtf3c5	GTF3C5
Snord111	SNORD111
Gm16350	
Gm22193	SNORD111B
Gm32842	
Gm45772	
Kbtbd11	KBTBD11
Gm27222	
Slc22a27	SLC22A9
Gm20236	
Gm31748	
Synb	ERVFRD-1
Hes3	HES3
Gm25830	
Gm45830	
Gm37844	
Gm45829	
Entpd4	ENTPD4
Gm45832	
BB014433	
Gm44270	
Gm45276	
Gm45577	
Gm6266	
Gm45697	
Gm45696	
Reg1	REG1A
Icmt	ICMT
Gm45322	
Gm45324	
Gm2516	
Gm45259	
Gm23986	
Gm45386	
Gm8679	
Gm17911	
Gm6458	
Gm45389	
Gm54891	
Gm55003	
Gm6192	
Gm24929	
Gm6463	
Gm6386	
Slc22a28	SLC22A9
Gm25813	RNU2-2
Gm45673	
Gm9685	
Gm23666	
Gm55004	
Gm22841	
Myom2	MYOM2
Tomm20l	TOMM20L
Reg3g	REG1B
Pik3ap1	PIK3AP1
Gm55149	
Rnf207	RNF207
Popdc3	POPDC3
Stk33	STK33
Catsperb	CATSPERB
Gm47127	
Gm48457	
Gm27221	
Pxdc1	PXDC1
Gm16867	
Gm21392	
Gm43484	
Gm55150	
Gm12564	
Gm26016	
Gm12565	
Gm42922	
Gm47433	
Gm6072	
Popdc1	POPDC1
Spry1	SPRY1
Gm23727	RNU1-24P
Gm29005	
Gm20362	
Gm21451	
Gm5311	
Gm6261	
Gm44271	
Mtrnr2l7	
Gm4409	
Gm22675	RNU6-379P
Gm22675	RNU6-227P
Gm55466	
Echdc3	ECHDC3
Lrrtm4	LRRTM4
Mbd6	MBD6
Gm47149	
Dimt1	DIMT1
Gfi1b	GFI1B
Gm38378	
Gm37094	
Gm43820	
Gm43414	
Gm37847	
Gm5148	
Gm27179	ERVFRD-1
Entpd4b	ENTPD4
Lsmem2	LSMEM2
Gm38150	
Fbxo22	FBXO22
Rps23-ps1	
Rpl31-ps15	
Gm26404	
Gm42752	
Gm42753	
Gm20755	
Gm44240	
Gm44228	
Gm7799	
Gm44230	
Gm42751	
Gm20371	
Gm22899	
Gm44241	
Rpl21-ps10	
Gm44229	
5430434I15Rik	
Gm44242	
Slc22a29	SLC22A9
Gm2965	
Gm44231	
Gm25574	Metazoa_SRP
Fam50b	FAM50B
Gm43900	
3830422I06Rik	
Gm43901	
Sh3d19	SH3D19
Gm26264	
Gm22530	
Gm4874	
Gm38840	
Gm8598	
Dido1	DIDO1
Gm49287	
Gm8231	
1700097M23Rik	
Gm18783	
Mir7232	
Mir468	
Prickle2	PRICKLE2
Gm48519	
Gm48520	
Gm9616	
Gm8616	
Gm19163	
Slf1	SLF1
Gm54779	
Timm9	TIMM9
Gm15678	
Gm7706	
Gm7105	
Gm24231	
Gm8184	
Gm35392	
Lcor	LCOR
Gm55009	
Gm12264	
Gm55010	
Gm55011	
5031415H12Rik	
Gm45678	
Gm27176	
Aga	AGA
Cdc6	CDC6
Loxl2	LOXL2
Tgif1	TGIF1
Gm17530	
Nrg4	NRG4
Rpl22	RPL22
Gm7726	
Gm9105	
Gm44903	
Gm44902	
Gm55620	
Sympk	SYMPK
Gm17797	
Gcfc2	GCFC2
Mapk8ip2	MAPK8IP2
Mir8091	
Slc22a30	SLC22A9
Lin28b	LIN28B
Bzw2	BZW2
Gm45677	
Gm55152	
Gm45408	
Ddit3	DDIT3
Gm45675	
Gm7128	
Chd5	CHD5
Neil3	NEIL3
Mir1195	
Gm49902	
Mir151	MIR151A
Gm16519	
Gm24787	
Gm7908	
Gm49905	
Gm10362	
Myl12b	MYL12B
Ddit3	
Gm19811	
Arsa	ARSA
Vezt	VEZT
Gm37513	
Sfmbt1	SFMBT1
Samtor	SAMTOR
Gm15625	
Robo3	ROBO3
Gm49909	
Myl12a	MYL12A
Mrpl19	MRPL19
Gm6425	
Slc22a8	SLC22A8
Ctnnd2	CTNND2
Cog4	COG4
2210408I21Rik	KIAA0825
Tlcd3a	TLCD3A
Gpr85	GPR85
Smim30	SMIM30
Rsph6a	RSPH6A
Slit1	SLIT1
Bmal2	BMAL2
Pld6	PLD6
Gm18115	
Gm48369	
Ankmy2	ANKMY2
Gemin4	GEMIN4
Gm29844	
Gm7815	
Gm9634	
Prss48	PRSS48
Atp5c1-ps	
Gm26088	
Prpf4b	PRP4K
Sytl3	SYTL3
Gm13645	
Gm11260	
Gm11261	
Dbil5	
Sv2b	SV2B
Gm55411	
Gm11262	
Gm25836	
Gm25188	
Gm11263	
Ankrd50	ANKRD50
Gm11409	
Gm11407	
Gm11408	
Gm11410	
Gm11406	
Tyrp1	TYRP1
Mrm3	MRM3
Gm54804	
Gm7824	
Rps3a1	
Gm19046	
Tc2n	TC2N
Nxn	NXN
Gm22502	
Gid8	GID8
Lurap1l	LURAP1L
Snord73a	SNORD73A
Snord73b	SNORD73B
Gm37493	
Gm23025	
Fat4	FAT4
Gm55413	
Skint9	
Slc17a9	SLC17A9
Acbd6	ACBD6
Gm12819	
Pgm3	PGM3
Gm12821	
Skint2	
Eml6	EML6
Bhlhe23	BHLHE23
Gm55477	
Gm14339	
Gm43308	
Mir124a-3	MIR124-3
Gm43008	
Dmwd	DMWD
n-R5s195	
Gm42781	
Gm49283	
Gm23796	
Gm54664	
Gm23831	
4930570B17Rik	
Gm42786	
Vps39	VPS39
Gm42785	
Gm54809	
Gm24487	
Gm26416	
Dap	DAP
Zranb2	ZRANB2
Gm55627	
Trim66	TRIM66
Gm16285	
Fam136b-ps	
Lrrc72	
Gm49296	
Gm38169	
Dennd3	DENND3
Gm38331	
Lhx4	LHX4
Gm12814	
Gm24099	RNU6-470P
Gm12817	
Gm19921	
Skint10	
Vegfc	VEGFC
Skint6	
Gm45553	
Spcs3	SPCS3
Sostdc1	SOSTDC1
Gm37089	
Gm25438	
D630036H23Rik	
Stat4	STAT4
Ezr	EZR
Fbln5	FBLN5
Fam217a	FAM217A
Csmd1	CSMD1
Mir331	MIR331
Gm48191	
Gm49628	
Fgd6	FGD6
Fem1al	FEM1A
Gm12094	
Flcn	FLCN
Tex56	
Gm47945	
Rwdd2a	RWDD2A
2700049A03Rik	KIAA0586
Gm49717	
Gm8245	
Eci3	ECI2
Mir692-1	
Gm44412	
Rsph3b	RSPH3
Eva1a	EVA1A
Tmem266	TMEM266
Gm12823	
Gm12816	
Gm12818	
Gm12813	
Kcnab2	KCNAB2
Gm19252	
Shank3	SHANK3
Gm23760	
Myom1	MYOM1
4930447C11Rik	
Gm8820	
Gm31861	
Gm23013	RNU6-921P
Gm44209	
Gm44446	
Ppp1r3a	PPP1R3A
Gm47217	
Rnf44	RNF44
Smco2	SMCO2
Gm54905	
Arhgap19	ARHGAP19
Gm22588	
Gm12095	
Gm55130	
Msantd2	MSANTD2
Timm22	TIMM22
Mars1	MARS1
Gm28177	
Tacr1	TACR1
Gm3940	
Qsox1	QSOX1
Gm5313	
Gm43923	
Gm44220	
Gm10161	
Gm25094	
Gm44181	
Gm44962	
Gm22312	
Rpl27a	RPL27A
Gm7812	
Pole4	POLE4
Rara	RARA
Mir6950	
Gm15667	
Gm47963	
R3hcc1	R3HCC1
Etfa	ETFA
Asb5	ASB5
Snora3	SNORA3A
Gm55633	
Gm24888	SNORA3C
Gm24888	SNORA3B
Akap13	AKAP13
Hk2	HK2
Gm19045	
Gm7959	
Dact1	DACT1
Gm5917	
Isl2	ISL2
5330439A09Rik	
Mir3106	
Gm16346	
Stimate	STIMATE
Ankrd33b	ANKRD33B
Spata4	SPATA4
Gm45393	
Gm45394	
Gm25278	
3110080E11Rik	
Gm25665	
Gm24469	
Fcsk	FCSK
Gm17226	
Esam	ESAM
Trip11	TRIP11
Gm22061	
Gjd3	GJD3
Top2a	TOP2A
Gm49300	
Gm15609	
Ropn1l	ROPN1L
Gm6283	
Hace1	HACE1
Mustn1	MUSTN1
Mir186	MIR186
Ptger3	PTGER3
Gm17034	
Pals2	PALS2
Chmp7	CHMP7
Gm6361	
Acr	ACR
Intu	INTU
Vsig2	VSIG2
Frat1	FRAT1
Frat2	
Rrp12	RRP12
Gm17740	
Tnfrsf10b	TNFRSF14
Gm55134	
Gm23451	
Cops3	COPS3
Slc45a4	SLC45A4
Gm20701	
Gm20702	
Gm54795	
Gm47555	
Gm47556	
Crppa	CRPPA
Rhobtb2	RHOBTB2
Lrba	LRBA
Nrgn	NRGN
Scaper	SCAPER
Gm37539	
Gm37571	
Sulf1	SULF1
Pebp4	PEBP4
Gm46644	
Pgam1	PGAM1
Pgam1	PGAM4
Egr3	EGR3
Exosc1	EXOSC1
Bin3	BIN3
Gm44834	
St3gal2	ST3GAL2
Gm44695	
Gm44835	
Gm55659	RNU6-299P
Gm44694	
Gm55660	
Gm26729	
Dennd2b	DENND2B
Igfbp4	IGFBP4
Gpr20	GPR20
Ccar2	CCAR2
Zdhhc16	ZDHHC16
Marchf6	MARCHF6
Gm49910	
Lpin2	LPIN2
Gm26132	
Gm53030	
Ddx19a	DDX19A
Nt5m	NT5M
Ythdf1	YTHDF1
Gm47504	
Gm47503	
Gm55181	
Gm25740	RNU6-1162P
Gm25740	RNU6-290P
Arb2a	ARB2A
Gm23481	
Gm19994	
Gm25650	
Gm47562	
Gm3442	
Gm19137	
Gm9068	
Gm47571	
Gm47331	
Gm47332	
Gm47353	
Gm55183	
Gm47354	
Gm47355	
Gm24256	RNU4-91P
Gm47356	
Gm47364	
Gm47377	
Gm47379	
Gm3473	
Gm47378	
Gm47380	
Cacna1a	CACNA1A
Gm50490	
Arhgap9	ARHGAP9
Mms19	MMS19
9930012K11Rik	C8orf58
Tns4	TNS4
Gm7252	
Mir5099	
Gm48613	
Gm18026	
Gm54800	
Gm48617	
Atxn3	ATXN3L
Atxn3	ATXN3
Birc7	BIRC7
Gm49214	
Gm49216	
Gm49215	
Rabl2	RABL2B
Rabl2	RABL2A
Nkain4	NKAIN4
Unc13d	UNC13D
Gm23407	RNU6-1010P
Gm23407	RNU6-970P
Pdlim2	PDLIM2
Siae	SIAE
Gm18476	
Syt10	SYT10
Emilin2	EMILIN2
Gm54674	
Gm24415	
Alg10b	ALG10
Alg10b	ALG10B
Gli1	GLI1
Gm16333	
Skint5	
Gm23692	
Gm31323	
Vps26c	VPS26C
Tsc1	TSC1
Mir7648	
Gm36480	
Cmbl	CMBL
Meox2	MEOX2
Pou5f2	POU5F2
Gdi2	GDI2
Dmpk	DMPK
Ndufb1	NDUFB1
Sorbs3	SORBS3
Cpsf2	CPSF2
Dyrk1a	DYRK1A
Gm47200	
Cct5	CCT5
Inhbe	INHBE
Gm16339	
Agmo	AGMO
Inhbc	INHBC
Gm12825	
Gm53026	
Skint11	
Tmcc3	TMCC3
Morc4	MORC4
Gm15741	
Trabd2b	TRABD2B
Nphp4	NPHP4
Gm7444	
Gsdme	GSDME
Spa17	SPA17
Mir7211	
Gm48658	
Gm49167	
Rcn2	RCN2
Grik2	GRIK2
Gm15971	
Gm41504	
St3gal6	ST3GAL6
Cpne8	CPNE8
Tbrg1	TBRG1
Gm48660	
Daam1	DAAM1
Ppp3cc	PPP3CC
Smchd1	SMCHD1
Panx3	PANX3
Gm49288	
Gm54668	
Gm4240	
Itih4	ITIH4
Sema3b	SEMA3B
Ppfibp1	PPFIBP1
Gm13172	
Gm55443	
Gm13173	
Ajap1	AJAP1
Gm48254	
C130051F05Rik	
Gm18990	
Gm48838	
Nr2f1	NR2F1
Cep350	CEP350
Gm25880	
Gm13115	
A430005L14Rik	C1orf174
Gm44864	
Klhl25	KLHL25
Cdhr2	CDHR2
Gm6746	
Atpsckmt	ATPSCKMT
Dffb	DFFB
Gm20942	
Ftdc1	
Gm45139	
Gm45211	
Mir3100	
Six5	SIX5
Gm49541	
Gm49284	
Gm46522	
Gm3861	
Ftdc2	
Rpl31-ps8	
Gm49285	
Tcea1-ps1	
Tas2r119	TAS2R1
Akip1	AKIP1
4930518I17Rik	
Gm36618	
Snord123	SNORD123
Sema5a	SEMA5A
Gm49701	
Kcnj6	KCNJ6
Gm38038	
Gm36934	
Coq8a	COQ8A
Ikbkg	IKBKG
Meiosin	MEIOSIN
Cep83	CEP83
Cep104	CEP104
Fbxo46	FBXO46
BC051019	C11orf16
Ndc80	NDC80
Btf3-ps12	
Gm26343	
Gm23850	RNU1-46P
Gm25039	RNU6-216P
Gm25039	RNU6-1315P
Gm25039	RNU6-1328P
Gm25039	RNU6-972P
Gm25039	RNU6-1022P
Gm25039	RNU6-776P
Gm25039	RNU6-218P
Gm54693	
Gm49641	
Camk2d	
Gm49642	
Cpox	CPOX
Gprin1	GPRIN1
Ascl3	ASCL3
Gm5042	
Qpctl	QPCTL
Gm46387	
Gm3963	
Kif2a	KIF2A
Gpr15	GPR15
Cldnd1	CLDND1
Ccr7	CCR7
Med9	MED9
Snrpd2	SNRPD2
Rasd1	RASD1
Gm47017	
Gm48689	
Wbp2	WBP2
Tmem9b	TMEM9B
Gm26543	
Togaram2	TOGARAM2
Gm47018	
Gm47023	
Gm47016	
Gm47022	
Gm48123	
Gm48125	
Gm48128	
Gm48130	
Gm48131	
Gm48132	
Gm48269	
Lrrc47	LRRC47
Gm48270	
Gm48271	
Gm48273	
Gm46223	
Gm48274	
Gm48275	
Gm6991	
Gm46199	
Plxnc1	PLXNC1
Tmem87a	TMEM87A
Gm54695	
Gm26019	
Or5k1b	OR5K1
Or5k1b	OR5K2
Nrip3	NRIP3
Or5k1	OR5K1
Or5k1	OR5K2
Or5k8	OR5K3
Or5k14	OR5K3
Gm7985	
Or5k15	OR5K4
Gm22822	RNU6-5P
Gm7986	
Agbl1	AGBL1
Gpr135	GPR135
Or5k16	OR5K4
L3hypdh	L3HYPDH
Sdc2	SDC2
Kcnj15	KCNJ15
Smim1	SMIM1
Slc24a4	SLC24A4
Mcph1	MCPH1
Cpq	CPQ
Pemt	PEMT
Gm21759	
Gm55253	
Gm23993	
Gm42490	
Gm6370	
Gm55195	
Gm48718	
Gm55196	
Gm48868	
Gm48874	
Ascc3	ASCC3
4930449I24Rik	
Gm15641	
Pcare	PCARE
Gm49922	
Fam193a	FAM193A
Pde10a	PDE10A
Gm55154	
Trim47	TRIM47
Ccdc27	CCDC27
Gm54682	
Tspyl5	TSPYL5
Gm49088	
Gm49089	
Gm9643	
Gm49091	
Mtdh	MTDH
Or5k17	OR5K4
Gm13117	
Gm13114	
Pdzk1ip1	PDZK1IP1
Gm44921	
Gipr	GIPR
Gm45071	
1700034J05Rik	C12orf71
Or5h17	OR5H1
Or5h17	OR5H6
Or5h17	OR5H2
Or5h17	OR5H8
Or5h17	OR5H14
Or5h17	OR5H15
Slco5a1	SLCO5A1
Gm25763	
Gm23626	
Gm16725	
Gm48332	
Cradd	CRADD
Gm42559	
Gm17149	
Gm26931	
Olfr184-ps1	
Ddx19b	DDX19B
Gm43457	
Gm44085	
Rpl35a-ps6	
Gm35876	
Or5ad1-ps1	
Rep15	REP15
Gm15857	
Bcl7a	BCL7A
Mrps35	MRPS35
Or5h18	OR5H1
Or5h18	OR5H6
Or5h18	OR5H2
Or5h18	OR5H8
Or5h18	OR5H14
Or5h18	OR5H15
Or5h19	OR5H1
Or5h19	OR5H6
Or5h19	OR5H2
Or5h19	OR5H8
Or5h19	OR5H14
Or5h19	OR5H15
Gm48880	
Gm18120	
Gm48333	
Gm55200	RN7SKP50
Sim1	SIM1
Or5h21-ps1	
Or5h22	OR5H1
Or5h22	OR5H6
Or5h22	OR5H2
Or5h22	OR5H8
Or5h22	OR5H14
Or5h22	OR5H15
Cyp4x1	CYP4X1
Or5h23	OR5H1
Or5h23	OR5H6
Or5h23	OR5H2
Or5h23	OR5H8
Or5h23	OR5H14
Or5h23	OR5H15
Gm55681	
Gm44920	
Gm5597	
Rai1	RAI1
2310001K20Rik	
Gm45210	
Or5h24	
Gm44879	
Gm44608	
Gm23239	
Gm55683	
Or5h25	OR5H1
Or5h25	OR5H6
Or5h25	OR5H2
Or5h25	OR5H8
Or5h25	OR5H14
Or5h25	OR5H15
Foxp2	FOXP2
Gm25203	
Jkamp	JKAMP
Picalm	PICALM
Or5ac15	
Gm26257	RNU6-1261P
Gm5040	
Mir3473d	
Gm23458	
Gm46189	
Angpt2	ANGPT2
Or5k3	OR5K3
Fip1l1	
Socs2	SOCS2
Or5h26	OR5H1
Or5h26	OR5H6
Or5h26	OR5H2
Or5h26	OR5H8
Or5h26	OR5H14
Or5h26	OR5H15
Gm37162	
Gm5250	
Prdm14	PRDM14
Or5h27	
Or5ac16	OR5AC2
Or5ac17	OR5AC2
Or5ac18	
Or5ac19	OR5AC2
Cyp4a29-ps1	
Gm53032	
Gm12834	
Or5ac20	OR5AC2
Psen2	PSEN2
Cyp4a29	
Agpat5	AGPAT5
Or5ac21	
Or5ac22	
Trim65	TRIM65
Cyp4a12a	
Or5ac23	
Or5ac24	
Ccdc175	CCDC175
Or5ac25	
Gm47600	
G6pdx	G6PD
Gm3619	
Gm49339	
Gabrr3	GABRR3
Gm23113	
Itih3	ITIH3
Ubtd1	UBTD1
Gm18243	
Gm54814	
Rin3	RIN3
Gm45493	
Ankrd2	ANKRD2
Gm45770	
Riox2	RIOX2
Aars1	AARS1
Mrpl38	MRPL38
Cyp4a30-ps	
Cyp4a12b	
Lilrb4b	
Gm8343	
Tpt1-ps5	
Or8a1b	OR8A1
Hoga1	HOGA1
Or8a1	OR8A1
Pstpip1	PSTPIP1
Ctag2l1	CTAG1A
Ctag2l1	CTAG2
Ctag2l1	CTAG1B
Gm6881	
Gm15361	
Gm12837	
Cyp4a30b	CYP4A11
Cyp4a30b	CYP4A22
Cyp4a30b	CYP4F11
Cyp4a30b	CYP4F12
Gm6317	
Gm15362	
Gm15364	
Gm26125	
Rbm41	RBM41
Gm48399	
Gm54904	
Gm8345	
Gm25383	
Gm12838	
Gm29318	
Gm12833	
Spaca9	SPACA9
Cyp4a14	
Gm38349	
Gm48470	
4933411K16Rik	C10orf62
Sncb	SNCB
Morn4	MORN4
Pi4k2a	PI4K2A
Ak8	AK8
Sptbn1	SPTBN1
Crybg3	CRYBG3
Cyp4a10	CYP4A11
Cyp4a10	CYP4A22
Cyp4a10	CYP4F11
Cyp4a10	CYP4F12
Gm2726	
Gm24863	
Gm16249	
Gm2736	
Or8b12	OR8B12
Gm48471	
Apoo-ps	
Gm28526	
Or8b12b	OR8B12
9930017N22Rik	
Gm54692	
Lilrb4a	
Tasor2	TASOR2
Dgkb	DGKB
Laptm4b	LAPTM4B
Or8b12c	OR8B12
Itih1	ITIH1
Mir3088	
Gm13385	
Gm13386	
Gm24764	
Gtf3c4	GTF3C4
Gm47005	
Or8b9	
Gnai2	GNAI2
Avpi1	AVPI1
Marveld1	MARVELD1
Gm18949	
Gm54694	SNORD88B
Gm54694	SNORD88A
Ly6m	
9430069I07Rik	
Crtac1	CRTAC1
Rpl30	
Xkr5	XKR5
Sphkap	SPHKAP
Or8b8	OR8B8
Erg	ERG
Tspan3	TSPAN3
Ddx31	DDX31
Cyp4b1-ps1	
Gm24523	SNORA72
Cyp4a31	CYP4A11
Cyp4a31	CYP4A22
Cyp4a31	CYP4F11
Cyp4a31	CYP4F12
D730044K07Rik	
Erich5	ERICH5
Gm49188	
Gm49545	
Gm18814	
Gm7167	
Rida	RIDA
Gm4989	
Gm15011	
Or7r1	
Or13ae2	OR13H1
Gm26417	
Pwwp4c	PWWP4
Gm19721	
Phka2	PHKA2
Gm6796	
Gm55047	
Gm22551	
Gm48370	
Exosc6	EXOSC6
Or8b4	OR8B4
Defb40	
Abcd2	ABCD2
Fhit	FHIT
Defb37	
Or8c12-ps1	
Defb38	
Gm19320	
Gm48484	
Gm37989	
Olfr880-ps1	
Gm5197	
Or8b35	
Gm48786	
Itpkb	ITPKB
Gm24635	
Gm48787	
Gm8371	
Fam162b	FAM162B
Gm46388	
Asb13	ASB13
Gm45701	
Gm15366	
Cyp4a32	CYP4A11
Cyp4a32	CYP4A22
Cyp4a32	CYP4F11
Cyp4a32	CYP4F12
Defb39	
Peak1	PEAK1
Wdr17	WDR17
Redic1	REDIC1
B3galt1	B3GALT1
Gm48521	
Gm48555	
Cyp4b1	CYP4B1
Gm8613	
Gm13603	
Mir6335	
Gm37964	
Gm18515	
Gm13607	
Mir3966	
Gprc6a	GPRC6A
Gm50184	
Barhl1	BARHL1
Gm55143	
Gm34299	
Gm37033	
Or8c1-ps1	
Gm24555	
Gm37390	
Gm36933	
Gm55094	
R3hcc1l	R3HCC1L
Gm29322	
Stum	STUM
Slc2a13	SLC2A13
Peak1os	
Gm54910	
Or8b36	
Calml3	CALML3
Gm37842	
Gm36940	
Or8b37	
Gm40655	
Calm4	CALML5
Or8b38	
Calm5	CALML5
Or8p1-ps1	
Arrdc3	ARRDC3
Or8b39	
Gm37984	
Cfap77	CFAP77
Pid1	PID1
Or8b101	
Hmgb3-ps	
Gm48438	
Gm48430	
Gm48439	
Gm48442	
Or8b40	
Gm22053	
Gm48437	
Loxl4	LOXL4
Nek4	NEK4
Pop1	POP1
Ripply2	RIPPLY2
Hmg20a	HMG20A
Gm37058	
Gm18304	
Mir6353	
Mansc4	MANSC4
Fam163a	FAM163A
Dcn	DCN
Ganc	GANC
Klhl42	KLHL42
Gli2	GLI2
Gm48713	
Gm35755	
Gm18338	
Gm55026	
Gm44039	
Gm7571	
Gm48813	
Gm4257	
Rtn1	RTN1
Pthlh	PTHLH
Ndufaf2	NDUFAF2
Gm15766	
Mdfic	MDFIC
5830487J09Rik	
Tnip2	TNIP2
Gm12848	
Trp73	TP73
Gm25216	
Pyroxd2	PYROXD2
Gm48549	
Lum	LUM
Gm4813	
Gm8399	
Gm54913	
Net1	NET1
Ly6c2	LY6S
Kera	KERA
Epyc	EPYC
Gm49195	
Gm22208	
Ly6g	LY6S
Gm43924	
Gm43990	
Gm43991	
Gm43993	
Gm28117	
Gm3148	
Ccdc91	CCDC91
Nipal2	NIPAL2
Lrrc9	LRRC9
Gm43747	
Evi5	EVI5
Mir6346	
Gm26831	
Gm8321	
Gm3508	
Inhbb	INHBB
Dner	DNER
Clip4	CLIP4
Ccer1	CCER1
C030005K15Rik	
Gm25658	
Gm48687	
Gm37631	
Rfx6	RFX6
Cyb5r4	CYB5R4
Gm48932	
Kcns2	KCNS2
Ly6g2	LY6S
Hps1	HPS1
Gm10238	
Gm28115	
4933406L23Rik	
Stk3	STK3
Tfec	TFEC
Gm47813	
Gm37959	
Tubal3	TUBAL3
Gm37925	
Ncoa2	NCOA2
Ucn3	UCN3
Nup62cl	NUP62CL
Ttf1	TTF1
Gm54917	
Gm47853	
Eif4e1b	EIF4E1B
Gm5721	
Osbpl3	OSBPL3
Gm8282	
Ube2srt	UBE2S
Gm47175	
Gm47176	
Gm47178	
Or8n1-ps1	
Mrap2	MRAP2
Gm29237	
Abr	ABR
Gm13393	
Stk39	STK39
Arl6	ARL6
Gm37012	
Or8b1b	
Dnaaf6	DNAAF6
Spcs1	SPCS1
Or8b1c	
Or8b1	
Or8b44	
Gm15758	
Gm55061	
Defb46	
Gm23271	
Olfr908	
Gm6298	
Mir3475	
Lingo1	LINGO1
Gpm6a	GPM6A
Ppef1	PPEF1
Gm43593	
Ube2d2b	
Osr2	OSR2
Gm16007	
Gm43592	
Dbf4	DBF4
Vps13b	VPS13B
Ktn1	KTN1
Defb5	
Gm47235	
Gm15357	
Or8b47	
Gm45263	
Gm15242	
Gm45265	
Defb3	DEFB4A
Defb3	DEFB4B
Gm15244	
Or8b46	
Rs1	RS1
Gm45264	
Gm45262	
A230085B16Rik	
Cep162	CEP162
9330121K16Rik	
Gm20586	
Defb8	
Gm13396	
Gm52968	
Gm18320	
Defa-ps15	
Gm45610	
Gm55064	
Adam29	ADAM29
Gm54828	
Dhrs7l	DHRS7
Defb7	
Frmpd3	FRMPD3
Gm15358	
Gm55065	
Gm16425	
Selenot-ps	
Gm7760	
Potefam3e	POTEA
Ly6e-ps1	
Dhrs7	DHRS7
Setx	SETX
Gm23906	
Gm47626	
Vgll2	VGLL2
Glra3	GLRA3
Gm55243	
Ets2	ETS2
Atp2b1	ATP2B1
Gab3	GAB3
Cimap1c	CIMAP1C
Gm48143	
Ppm1a	PPM1A
Gm24771	
Gm48966	
Gm7968	
Mir599	
Clec18a	CLEC18A
Clec18a	CLEC18B
Clec18a	CLEC18C
Mir875	
Gm18994	
9130002K18Rik	
Or8b48	
Gm48965	
Gm48961	
Cox6c	COX6C
Gm55116	
Gm9540	
Gm37375	
Or8b49	
Cspg4	CSPG4
Gm33785	
Etv1	ETV1
Prps1	PRPS1
Akr1c14	
Rgs22	RGS22
Or8b50	
Gm47237	
Snx33	SNX33
Gm6599	
Epha6	EPHA6
Tbx18	TBX18
Rpl5	RPL5
Gm26289	
Cycs	CYCS
Gm47904	
Gm47905	
Ercc8	ERCC8
Trp73os	
4932414N04Rik	
Gm48761	
Dusp6	DUSP6
Gm26036	
Magi1	MAGI1
Gm19936	
Wrap73	WRAP73
D030062O11Rik	
Imp3	IMP3
Gm54738	RN7SKP197
Tsc22d3	TSC22D3
Gm18889	
Fbxo43	FBXO43
Gm9541	
Gm25528	
Gm23176	
Gm28877	
Gm2324	
Ufd1	UFD1
Gm5368	
Snupn	SNUPN
Mir5126	
Ralb	RALB
Hpse2	HPSE2
Gm54850	
Gm54851	Y_RNA
Gad1-ps	
Gm50215	
Gm48085	
Ccdc68	CCDC68
Gm47578	
Gm22979	
Csl	CS
Polr2k	POLR2K
Snord21	SNORD21
Gm22270	
Gm26387	SNORA66
Ptpn9	PTPN9
Gm47579	
Gm47946	
Mlxip	MLXIP
Gm55012	
Gm34517	
Gm29454	
R3hdm2	R3HDM2
Gm18379	
Gm6776	
Gm38376	
Gm37409	
Cnnm1	CNNM1
Gm55160	
Gm38223	
Spag1	SPAG1
Tmem185b	TMEM185B
Gm37702	
Gm23169	RNU6-38P
3830432H09Rik	
Gm53027	
Gm15047	
Gm38120	
Gm54931	RN7SKP87
Gm54931	RN7SKP202
Gm54931	RN7SKP7
Gm54931	RN7SKP204
Dkc1	DKC1
Gm25322	RNU6-934P
Gm38380	
Tprg1l	TPRG1L
Gm7593	
Parp1	PARP1
Sema3f	SEMA3F
Rab27b	RAB27B
Megf6	MEGF6
Gm13612	
Cers6	CERS6
Potefam3f	POTEA
Got1	GOT1
Gm7351	
Gm45366	
Gm20786	
Gm38523	
Gm45754	
Gm37259	
Hpgd	HPGD
Gm54724	
Gm4660	
2810404F17Rik	
Gm27001	
Gm50219	
Gm49609	
Stard6	STARD6
Gm54725	
Gm17065	
2510002D24Rik	C22orf39
Gm45540	
Gm7419	
Gm24375	
Gm37159	
Potefam3a	POTEA
Gm38236	
Gm23852	
Gm17054	
Gm37651	
Gm37747	
Gm37666	
Gm49610	
Gm19179	
Gm38377	
Nkx2-3	NKX2-3
Gm54726	
Nostrin	NOSTRIN
Gm17192	
Gm49615	
Gm52985	
Gm28539	
Gm55018	
Gm15426	
Slc25a28	SLC25A28
Gm7807	
Alk	ALK
Pdpr	PDPR
Gm42907	
Gm42908	
Gm43813	
Gm23754	RNU6-358P
Gm24164	RNU6-219P
Gm24164	RNU6-1275P
Gm41293	
Gm19000	
Entpd7	ENTPD7
Gm9816	
Dipk1a	DIPK1A
Rnf19a	RNF19A
Mrpl40	MRPL40
Gm49924	
Gm19183	
Gm55339	RNU1-75P
Gm55339	RNU1-139P
Gm49923	
Gm26963	
Nsun3	NSUN3
Ypel5	YPEL5
Eci2	ECI2
Med27	MED27
Mid2	MID2
Rps19-ps8	
Sh3bp2	SH3BP2
Gm12341	
Rpl36-ps2	
Bhlha9	BHLHA9
Trarg1	TRARG1
Mir8097	
Gm9501	
Rpl7a-ps3	
Ankrd46	ANKRD46
Gosr1	GOSR1
Cep44	CEP44
Lbh	LBH
Cox15	COX15
Arl13b	ARL13B
Gm23649	RNU6-1067P
1700010I14Rik	C6orf118
Gm49246	
Cntn1	CNTN1
Srebf1	SREBF1
Gm23199	RNU6-1218P
Gm25520	
Tram1	TRAM1
Cdkl5	CDKL5
Gm25986	
Stx19	STX19
Poli	POLI
Pros1	PROS1
Cutc	CUTC
Gm19709	
Or8b55	
Or8b56	
Gm13402	
Gm13132	
Gm55573	
Arhgef16	ARHGEF16
Spc25	SPC25
Or8d2	OR8D2
Or8d1	OR8D1
Or8d22-ps1	
Or8d2b	OR8D2
Or10m1-ps1	
Olfr928-ps1	
Or10o1-ps1	
Or8d23	OR8D1
Defa-ps3	
Gm20953	
Gm49621	
Defa25	DEFA1
Defa25	DEFA5
Defa25	DEFA3
Defa25	DEFA1B
Defa25	DEFA4
Defa25	DEFA6
Or10aq1-ps1	
Gm49622	
Olfr932-ps1	
Hira	HIRA
Or8d1b	OR8D1
Gm6689	
Defa38	DEFA1
Defa38	DEFA5
Defa38	DEFA3
Defa38	DEFA1B
Defa38	DEFA4
Defa38	DEFA6
Gm24568	
Gm2869	
Fbxo8	FBXO8
Or10d1c	
Or8g21	OR8G1
Or8g21	OR8G5
Or8g17	OR8G1
Or8g17	OR8G5
Rps18-ps7	
C87487	
Gm18442	
Abcc2	ABCC2
Gm47832	
Lactb2	LACTB2
Gm55132	
Gm49806	
Gm19563	
Or8g23	OR8G1
Or8g23	OR8G5
Gm8492	
Gm18591	
Gm7947	
Gm24069	
Gm8543	
Gm17748	
Gm47859	
Gm17728	
Gm49807	
Gm24434	
Gm18116	
Gm55133	
Pabpc6	PABPC1
Pabpc6	PABPC3
Or8g24	
Gm47868	
Arl4a	ARL4A
Or8ab1a-ps1	
Gm34883	
Gm22847	
Gm49809	
Slc25a40	SLC25A40
Lclat1	LCLAT1
Gm47085	
Or8g25-ps1	
Gm25803	
Or8g19	OR8G1
Or8g19	OR8G5
Gm11765	
Gm11411	
Gm11412	
Gm55520	
Gm12914	
Gm55533	
Or8ac1-ps1	
Gm2767	
Prdm16	PRDM16
Defa-ps4	
Or8g26	OR8G1
Or8g26	OR8G5
Gm38319	
Six6	SIX6
Xkr9	XKR9
Gm55079	
Gm6503	
Gm7328	
Defa30	DEFA1
Defa30	DEFA5
Defa30	DEFA3
Defa30	DEFA1B
Defa30	DEFA4
Defa30	DEFA6
Gm26273	
Defa22	DEFA1
Defa22	DEFA5
Defa22	DEFA3
Defa22	DEFA1B
Defa22	DEFA4
Defa22	DEFA6
Gm5523	
Gm26709	
Gm36947	
Gm55173	
Gm37400	
Gm47100	
Or8g27	OR8G1
Or8g27	OR8G5
Gm26240	RNU6-708P
Gm26240	RNU6-187P
Gm26240	RNU6-1060P
Defa31	DEFA1
Defa31	DEFA5
Defa31	DEFA3
Defa31	DEFA1B
Defa31	DEFA4
Defa31	DEFA6
Gm38170	
Trip12	TRIP12
Six1	SIX1
Defa41	DEFA1
Defa41	DEFA5
Defa41	DEFA3
Defa41	DEFA1B
Defa41	DEFA4
Defa41	DEFA6
Or8g18	OR8G1
Or8g18	OR8G5
Defa-ps5	
Gm15303	
Defa40	DEFA1
Defa40	DEFA5
Defa40	DEFA3
Defa40	DEFA1B
Defa40	DEFA4
Defa40	DEFA6
Gm43011	
Gm43010	
Gm43009	
Defa-ps8	
Sin3a	SIN3A
Gm43006	
Defa3	DEFA1
Defa3	DEFA5
Defa3	DEFA3
Defa3	DEFA1B
Defa3	DEFA4
Defa3	DEFA6
Six4	SIX4
Gm43005	
Gm42515	
Gm42514	
Gm9423	
Gm43655	
Larp1b	LARP1B
Defa5	DEFA1
Defa5	DEFA5
Defa5	DEFA3
Defa5	DEFA1B
Defa5	DEFA4
Defa5	DEFA6
Glg1	GLG1
Scin	SCIN
Gm9311	
Gm25406	
Qki	QKI
Pdzrn4	PDZRN4
Dnmbp	DNMBP
G6pc2	G6PC2
Rundc3b	RUNDC3B
Gja6	
Gm14630	
Gm5389	
Gm14629	
Gm8107	
Gm8111	
Gm14631	
Gm25023	RNU6-223P
Zic3	ZIC3
Gm18815	
Gm18685	
Gm49420	
Gm4335	
Gm54754	RN7SKP71
Gm13613	
Snx31	SNX31
Gm13614	
Gm13254	
Gm55638	
Dhrs9	DHRS9
Gm42685	
Gm3402	
Depdc1a	DEPDC1
Gm14649	
Gm15799	
Gm14647	
Gm15798	
Mir6357	
Gm25851	
Gm18747	
Mbd2	MBD2
Gm14645	
Gm16436	
Gm10088	
Gm14650	
Iglc1	IGLC1
Iglc1	IGLC2
Iglc1	IGLL5
Iglc1	IGLC3
Iglc1	IGLL1
Iglc1	IGLC7
Gm7071	
Gm54964	
Iglj1	
Mpp1	MPP1
Gm13255	
Gm13217	
Iglc3	IGLC1
Iglc3	IGLC2
Iglc3	IGLL5
Iglc3	IGLC3
Iglc3	IGLL1
Iglc3	IGLC7
Gm55641	
Gm13221	
Gm13220	
Iglj3p	
Gm37866	
Abcb1a	ABCB1
Iglj3	
Iglv1	
Lrp2	LRP2
Gm18748	
Mnat1	MNAT1
Mir6921	
Mir6922	
Iglc4	IGLC1
Iglc4	IGLC2
Iglc4	IGLL5
Iglc4	IGLC3
Iglc4	IGLL1
Iglc4	IGLC7
Cpd	CPD
Iglj4	
Iglc2	IGLC1
Iglc2	IGLC2
Iglc2	IGLL5
Iglc2	IGLC3
Iglc2	IGLL1
Iglc2	IGLC7
Iglj2	
Oscar	OSCAR
Gm42870	
Iglv3	IGLV4-3
Pacrg	PACRG
Mir6371	
Gm23035	RNU6-600P
Gm22840	
Gm44307	
Gm19908	
Gm7825	
A530030E21Rik	
Gm44315	
Iglv2	
Spmip4	SPMIP4
Gm8934	
Gm50261	
Gm18963	
Gm21046	
Or2m12	
Gm50262	
Gm3145	
Dcc	DCC
Gm28505	
Gm37402	
Gm22158	
Gm54736	
Gm37332	
Or2m13	
Gm28118	
Gm10513	
Agpat4	AGPAT4
Gm25762	
Or2l13	OR2L13
Gm23910	
Trmt5	TRMT5
Or2l5	OR2L5
Or2l5	OR2L3
Or2l5	OR2L2
Or2l5	OR2L8
Gm45223	
Or2l13b	OR2L13
Gm45222	
Gm45221	
Gm45220	
Gm44054	
Gm4782	
Ndufa3	NDUFA3
Gm54755	
Or2aj4	OR2AJ1
Gxylt1	GXYLT1
Gm8035	
Tes	TES
Unc79	UNC79
Epha3	EPHA3
Gm3404	
Gm42684	
Gm42686	
Abcb1b	ABCB1
Defa29	DEFA1
Defa29	DEFA5
Defa29	DEFA3
Defa29	DEFA1B
Defa29	DEFA4
Defa29	DEFA6
Scube2	SCUBE2
Gm23561	
Tdgf1-ps2	
Gm15302	
Gm55089	
Defa-ps16	
Xdh	XDH
Tmigd1	TMIGD1
Gm24400	
Defa2	DEFA1
Defa2	DEFA5
Defa2	DEFA3
Defa2	DEFA1B
Defa2	DEFA4
Defa2	DEFA6
Gm55034	
Cpn1	CPN1
Defa33	DEFA1
Defa33	DEFA5
Defa33	DEFA3
Defa33	DEFA1B
Defa33	DEFA4
Defa33	DEFA6
Defa36	DEFA1
Defa36	DEFA5
Defa36	DEFA3
Defa36	DEFA1B
Defa36	DEFA4
Defa36	DEFA6
Gm15309	
Defa42	DEFA1
Defa42	DEFA5
Defa42	DEFA3
Defa42	DEFA1B
Defa42	DEFA4
Defa42	DEFA6
Gm23568	
Gm15304	
Pgrmc2	PGRMC2
Defa-ps17	
Rfwd3	RFWD3
Mrps21	MRPS21
Cyp2c23	
Gm8038	
Pabpc1	
Gm8039	
Gm18765	
Npvf	NPVF
Gm6995	
Gm54866	
Gm31908	
Rpe65	RPE65
Gm54867	5_8S_rRNA
Mex3c	MEX3C
Gm15378	
Fbf1	FBF1
Gm26438	Y_RNA
Gm26438	RNY1P14
Fam220-ps	
Gm54869	
Gm3017	
Smad4	SMAD4
Smim9	SMIM9
G930045G22Rik	
Gm31579	
Cav2	CAV2
Akr1c18	
Erlin1	ERLIN1
Gm8503	
Fgf13	FGF13
Defa20	DEFA1
Defa20	DEFA5
Defa20	DEFA3
Defa20	DEFA1B
Defa20	DEFA4
Defa20	DEFA6
Gm44402	
Slc25a26	SLC25A26
7330423F06Rik	
Defa32	DEFA1
Defa32	DEFA5
Defa32	DEFA3
Defa32	DEFA1B
Defa32	DEFA4
Defa32	DEFA6
Lnx1	LNX1
Gm24423	RNU6-708P
Gm24423	RNU6-187P
Gm24423	RNU6-1060P
Defa37	DEFA1
Defa37	DEFA5
Defa37	DEFA3
Defa37	DEFA1B
Defa37	DEFA4
Defa37	DEFA6
Defa28	DEFA1
Defa28	DEFA5
Defa28	DEFA3
Defa28	DEFA1B
Defa28	DEFA4
Defa28	DEFA6
Gm15312	
Defa43	DEFA1
Defa43	DEFA5
Defa43	DEFA3
Defa43	DEFA1B
Defa43	DEFA4
Defa43	DEFA6
Gm24829	
Gm15314	
Defa26	DEFA1
Defa26	DEFA5
Defa26	DEFA3
Defa26	DEFA1B
Defa26	DEFA4
Defa26	DEFA6
Gm15313	
Defa17	DEFA1
Defa17	DEFA5
Defa17	DEFA3
Defa17	DEFA1B
Defa17	DEFA4
Defa17	DEFA6
Yaf2	YAF2
Defa34	DEFA1
Defa34	DEFA5
Defa34	DEFA3
Defa34	DEFA1B
Defa34	DEFA4
Defa34	DEFA6
Gm54975	
Mlkl	MLKL
Col4a6	COL4A6
Gm50126	
Gm47925	
Gm2123	
Gm17943	
Elovl7	ELOVL7
Elac1	ELAC1
Me2	ME2
Ciart	CIART
Gm38374	
Gm49262	
Gm37738	
Ccdc83	CCDC83
Fbxo36	FBXO36
Gm26371	RNU6-1023P
Cav1	CAV1
Gm6704	
Chuk	CHUK
Gm49263	
Zcrb1	ZCRB1
Gm32376	
Gm30747	
Gm8990	
Gm22674	
Gm48703	
Akr1c13	
Slc16a14	SLC16A14
Nfib	NFIB
Gm15433	
Gm29284	
Gm29591	
Gm25021	RNU6-486P
Lrig1	LRIG1
Gm22769	
Gm49627	
Stat1	STAT1
Or2aj5	OR2AJ1
Mbd1	MBD1
Defa39	DEFA1
Defa39	DEFA5
Defa39	DEFA3
Defa39	DEFA1B
Defa39	DEFA4
Defa39	DEFA6
Gm22447	
Gm7869	
Csnk2a2ip	CSNK2A2IP
Gm45712	
BC028528	C1orf54
Or2aj6	OR2AJ1
Defa-ps10	
Defa24	DEFA1
Defa24	DEFA5
Defa24	DEFA3
Defa24	DEFA1B
Defa24	DEFA4
Defa24	DEFA6
Gm49596	
Lamp3	
Gm48704	
Akr1c19	
Defa-ps11	
Defb1	
Gm15316	
Defb50	
Bbs5	BBS5
Fa2h	FA2H
Gm17799	
Ywhaz	YWHAZ
Htr1f	HTR1F
Gm18068	
Gm24475	
Gm22429	
Srd5a2	SRD5A2
Gm9584	
Gm15079	
Or8g54	
F8	F8
Gm49629	
Marcksl1-ps4	
Gm54743	
B3gnt5	B3GNT5
Tspan17	TSPAN17
Or8g37	
Aph1a	APH1A
Gm47219	
Or8g2b	OR8G2P
Or8g2b	OR8G3
Or8g55	
Gm49881	
Gm49882	
Tfpt	TFPT
Gm49883	
Map3k4	MAP3K4
Pgr	PGR
Gm24793	
Defb2	
Defb10	
Defb9	
Wls	WLS
Defb11	
Gm36879	
Defb15	DEFB132
Gm49597	
A930003A15Rik	
Gm45796	
Defb35	DEFB105A
Defb35	DEFB105B
Defb13	DEFB107B
Defb13	DEFB107A
Gm16485	
Arhgap42	ARHGAP42
Gm49598	
Fam90a1a	FAM90A26
Fam90a1a	FAM90A16
Fam90a1a	FAM90A17
Fam90a1a	FAM90A8
Fam90a1a	FAM90A20
Fam90a1a	FAM90A24
Fam90a1a	FAM90A13
Fam90a1a	FAM90A12
Fam90a1a	FAM90A11
Fam90a1a	FAM90A9
Fam90a1a	FAM90A14
Fam90a1a	FAM90A22
Fam90a1a	FAM90A10
Fam90a1a	FAM90A18
Fam90a1a	FAM90A1
Fam90a1a	FAM90A15
Fam90a1a	FAM90A3
Fam90a1a	FAM90A7
Fam90a1a	FAM90A5
Fam90a1a	FAM90A23
Fam90a1a	FAM90A19
Gm54748	
Chmp2b	CHMP2B
Gm55748	
Fbxo17	FBXO17
Mir7041	
Ccdc70	CCDC70
Gm43997	
Gm7833	
Gm54760	
Zfp706	ZNF706
Gm55072	
Gm55073	5_8S_rRNA
Gm44100	
Klhl6	KLHL6
Vwf	VWF
Gm45644	
Atp7b	ATP7B
Gm26413	
Blmh	BLMH
Klhl41	KLHL41
Dennd5a	DENND5A
Gm54857	
Gm49633	
Zfp277	ZNF277
Gm5221	
Vgll3	VGLL3
Pphln1	PPHLN1
Itih5	ITIH5
Gm16833	
Gm7366	
Gm49635	
Gm54750	7SK
Gm22815	
Gm22448	
Gm47333	
Klhl24	KLHL24
Gm47334	
Zfp202	ZNF202
Gm16250	
Akr1c12	
Fastkd1	FASTKD1
Gm6039	
Gm8522	
Fundc2	FUNDC2
Cfap53	
Gm45633	
Gm45635	
Gm15882	
Gm45634	
Gm45636	
Gm15881	
BC030500	
Depdc1b	DEPDC1B
Gm43307	
Cntn5	CNTN5
Gm23941	
Cmc4	CMC4
Cadm2	CADM2
Car14	CA14
Gm7499	
Gm5740	
Gm55124	
Alg11	ALG11
Gm15204	
Mcf2	MCF2
Cwf19l1	CWF19L1
Gm42575	
Gm17906	
Gm42577	
Gm55228	
Chic2	CHIC2
Asb3	ASB3
Gm9544	
Gm47618	
Gm47619	
Kcnh5	KCNH5
Gm26164	RNU6-1053P
Gm10283	
Gm14328	
Ntrk3	NTRK3
Aadat	AADAT
Ank2	ANK2
Gm42576	
Gm18593	
Gm8986	
Gm50168	
Myo5b	MYO5B
Abcb4	ABCB4
Dock4	DOCK4
Gm49962	
Gm24794	
Gm49964	
Gm6618	
Plg	PLG
Gm55168	
Mir6237	
Gm55169	
Gm55170	
Gm46103	
Gm7529	
Gm18488	
Gm47001	
Gm47002	
Gm47029	
Gm18934	
Gm47034	
Gm18160	
Gm47035	
Gm47037	
Gm29785	
Gm55171	
Gm7570	
Cdk5rap1	CDK5RAP1
Gm21070	
Gm47951	
Cdyl	CDY1B
Cdyl	CDY1
Cdyl	CDY2B
Cdyl	CDY2A
Rbm5	RBM5
Gm24336	SNORA12
Syt7	SYT7
Slc6a4	SLC6A4
Gm55570	
Gm11267	
Gm49640	
Gm15828	
Gm11268	
Mfap3l	MFAP3L
Gm11185	
Gm49648	
Gm49649	
Ttc39b	TTC39B
Memo1	MEMO1
Gm18495	
Gm49650	
Gm24681	
Gm49651	
Gm46542	
Gm54759	
Gm18496	
Speer2	
Prickle1	PRICKLE1
Gm17936	
Gsx2	GSX2
Gm19082	
Gm49656	
Gm49657	
Gm19291	
Gm45650	
Gm49665	
Gm45651	
Gm24968	
Stambp-ps2	
Gm18918	
Gm2040	
Gm23329	
Gm49666	
Gm45485	
Gm22797	
Olfr1401-ps1	
Gm18549	
Nek5	NEK5
Gm18550	
Crot	CROT
Gm49667	
8030451O07Rik	
Gm22126	
Snta1	SNTA1
Gm48708	
Robo1	ROBO1
Gm48706	
Rpp40	RPP40
Zfp42-ps1	
Rps19-ps5	
Rrm2b	RRM2B
Gm12343	
Acox1	ACOX1
Gm9316	
Slc22a3	SLC22A3
Mtcp1	MTCP1
Gm48756	
Ros1	ROS1
Akr1c6	
Gm15610	
Gm37153	
Sfmbt2	SFMBT2
Gm55324	
Gm15611	
Tmem243	TMEM243
Reps2	REPS2
Gm3409	
Gm3362	
Adamts20	ADAMTS20
Dpy30	DPY30
Mtf2	MTF2
Gm44607	
Eml2	EML2
Met	MET
Wdr59	WDR59
Ppp1r3g	PPP1R3G
Gm49670	
Gm25699	
Gm18825	
Gm49680	
Gm49948	
Pcp4	PCP4
Lyrm4	LYRM4
Tmed10-ps	
Gm18132	
Gm48765	
Gm23412	
Dscam	DSCAM
Gm11413	
Akr1c20	
Snapc3	SNAPC3
Scarna17	
Gm23119	
Acaa2	ACAA2
Gm31328	
Gm9349	
Gm9351	
Gm7331	
Slc22a2	SLC22A2
Gm15206	
Gm15203	
Gm55016	RN7SKP96
Gm55016	RN7SKP244
Gm55017	
Gm8737	
Gm23786	
Brcc3	BRCC3
Gm54889	
Gm54890	
Lipg	LIPG
Adgrv1	ADGRV1
Rpl17	
Slc22a1	SLC22A1
Nsrp1	NSRP1
Capza2	CAPZA2
Snord58b	SNORD58B
Gm23301	SNORD58A
Gm26202	
Gm19441	
Gm50313	
Gm7239	
BC031181	C18orf32
Gm19220	
Gm18246	
Gm18954	
Rhoj	RHOJ
Dym	DYM
Gm49907	
Gm32432	
Samsn1	SAMSN1
Gm22772	
Mir423	hsa-mir-423
Stc2	STC2
Igf2r	IGF2R
Gm55686	
Gm55687	
Mir466m	
Mir466f-1	
Mir669f	
Mir669e	
Mir669b	
Gm55689	
Mir669d	
Mir466f-2	
Mir669l	
Mir669d-2	
Mir466f-3	
Mir297a-2	
Bod1	BOD1
Bod1	BOD1L2
Mir466o	
Gm55690	
Ppig	PPIG
Psip1	PSIP1
Gm38061	
Efcab5	EFCAB5
Gm15555	
Gm22268	
Gm26915	
Fam3b	FAM3B
Gphb5	GPHB5
Immp2l	IMMP2L
Mir330	MIR330
Gpr4	GPR4
Mrpl46	MRPL46
Ano2	ANO2
Pus7l	PUS7L
Gm15379	
Gm15385	
Gm45059	
Nrip1	NRIP1
Opa3	OPA3
Gm8666	
Gm23819	RNU6-862P
Col4a5	COL4A5
Stac3	STAC3
Gm47375	
Gm25497	
Gm47373	
Lrrn3	LRRN3
Gm25134	
Mrps11	MRPS11
Gm54896	
Gm8807	
Gm47374	
Gm47369	
Gm50268	
Ctif	CTIF
Irak4	IRAK4
Lrrc10b	LRRC10B
Gm47371	
Gm47012	
Gm7242	
Bloc1s2	BLOC1S2
Gm54879	
Gm47030	
Gm12344	
Gm26326	
Gm12345	
Gm47036	
Srp68	SRP68
Gm46349	
Gm47056	
Gm7370	
Ppp2r5e	PPP2R5E
Pkd2l1	PKD2L1
Gm45029	
Gm5675	
Gm25916	
Gm49591	
Cxadr	CXADR
Gm20570	
Zbtb7c	ZBTB7C
5330411O13Rik	
Vasp	VASP
Ndufa4l2	NDUFA4L2
2900057B20Rik	
Mir6358	
BC026513	
Smad2	SMAD2
Twf1	TWF1
Fam13c	FAM13C
Scd3	
Cpeb4	CPEB4
Gm47690	
Det1	DET1
Gm47689	
Dnajb9	DNAJB9
Saxo4	SAXO4
Btg3	BTG3
Spast	SPAST
Mir5627	
Wdr89	WDR89
Mir1957b	
Hpf1	HPF1
Sclt1	SCLT1
Gm7838	
1700011D18Rik	
Rplp2-ps1	RPLP2
Gm16303	
Sgpp1	SGPP1
Ppm1n	PPM1N
Gm24947	
Gm5881	
Tmem117	TMEM117
Ntf3	NTF3
Pnpla8	PNPLA8
Gm49590	
Gm25038	SNORA75B
Gm25038	SNORA75
Gm49603	
Gm49604	
D16Ertd472e	C21orf91
Gm29009	
Tafa1	TAFA1
Gm44730	
Mir7-2	
Prpf31	PRPF31
Gm11414	
Gm10154	
Gm25546	
Gm23129	
Nell2	NELL2
Maco1	MACO1
Gm44431	
Nup50l	NUP50
Gm22971	
Gm26011	RNU6-974P
Gm26011	RNU6-1012P
Gm26011	RNU6-1308P
Tafa4	TAFA4
Nek3	NEK3
Eogt	EOGT
Sdhaf2	SDHAF2
Tmed5	TMED5
4930524B15Rik	C5orf47
Ssh2	SSH2
Mir467c	
Mir466b-1	
Mir669a-3	
Mir669k	
Gm55694	
Mir467a-1	
Mir466b-8	
Mir669a-1	
Mir669g	
Gm13622	
Ccdc171	CCDC171
Gm55695	
Mir669j	
Mir467a-2	
Mir466e	
Mir669a-4	
Gm55696	
Gm55697	
Mir467b	
Mir466c-1	
Mir669a-5	
Gm55698	
Gm55699	
Mir467a-3	
Mir466c-2	
Mir669a-6	
Gm55700	
Gm55701	
Gm55702	
Cfap210	CFAP210
Gm55389	RN7SKP242
Gm55389	RN7SKP147
Gm55389	RN7SKP105
Gm55389	RN7SKP66
Cpsf7	CPSF7
Gm29783	
Shmt2	SHMT2
4930478L05Rik	
Gm24861	
4930403O18Rik	
Chodl	CHODL
Gm3415	
Gm50360	
Gm44065	
Gm50284	
Tmf1	TMF1
Loxhd1	LOXHD1
Mir467a-4	
Mir466b-4	
Mir669a-7	
Gm55704	
Gm55705	
Gm55706	
Mir467a-5	
Mir466b-5	
Mir669p-1	
Gm55707	
Gm55708	
Gm55709	
Mir467a-6	
Mir466c-3	
Mir669a-8	
Gm55710	
Gm55711	
Gm8494	
Gm55712	
Mir467a-7	
Mir466b-6	
Gpr12	GPR12
Mir669a-9	
Gm55713	
Gm55714	
Gm55715	
Mir467a-8	
Mir466b-7	
Mir669p-2	
Gm55716	
Gm55717	
Gm55718	
Mir467a-9	
Mir466b-2	
Mir669a-10	
Gm55719	
Gm55720	
Gm55721	
Gm55722	
Gm55723	
Mir669a-11	
Gm55724	
Gm55725	
Gm55726	
Phospho2	PHOSPHO2
Add1	ADD1
A930036I15Rik	
Gm43322	
Gm43765	
Gm2027	
Gm25501	
Gm43750	
Ppp4r4	PPP4R4
Gm43751	
Anp32e	ANP32E
Ckap2	CKAP2
Gm24668	
Epb41l5	EPB41L5
Dbx2	DBX2
Gm24989	
Tom1l2	TOM1L2
Tmprss15	TMPRSS15
Gm8843	
Gm55415	
Gm8849	
Gm49958	
Gm26175	
Gm25899	RNU4-58P
Gm27046	
Uba3	UBA3
Gm16574	
Gm7162	
Ubr5	UBR5
Nxph4	NXPH4
Gm37850	
Cbx3-ps3	
Rhd	RHD
Rhd	RHCE
Mas1	MAS1
Vps36	VPS36
Man2c1	MAN2C1
Phyhipl	PHYHIPL
Tmem216	TMEM216
Mir467a-10	
Mir466b-3	
Mir669a-12	
Gm13624	
Gm55728	
Mir467e	
Urm1	URM1
Gm26968	
Gm12416	
Tmem50a	TMEM50A
Tmem41b	TMEM41B
Gm55416	
Mrgprh	
Thsd1	THSD1
Pnldc1	PNLDC1
Rsrp1	RSRP1
Tmem138	TMEM138
Rpl30-ps2	
Mir466p	
Gm55729	
Gm55730	
Mir467d	
Mir466	
Gm55731	
Mir297c	
Mir669c	
Gm55732	
Znrf1	ZNRF1
Cbfa2t2	CBFA2T2
Gm47611	
Gm47612	
Gm48021	
Gm48022	
Gm40689	
Slc35f1	SLC35F1
Gm48566	
Gm48567	
Fars2	FARS2
Gm47624	
Gm47623	
Gm47621	
Gm50205	
Gm55397	
Gm47622	
Cyb561a3	CYB561A3
Gm47637	
Gm15268	
Gm48036	
Gm24486	RNU6-6P
Gm15282	
Cep85l	CEP85L
Irs4	IRS4
Syf2	SYF2
Vbp1	VBP1
Gm42974	
Gm43375	
Gm20940	
Gm42973	
Gm42972	
Gm42971	
Gm42970	
Gm42969	
Gm43355	
Gm42525	
Gm54939	
Gm43354	
Plekho1	PLEKHO1
Gm15692	
Gm37709	
Rps19-ps12	
1700066C05Rik	
Gm17823	
Gm23083	
Runx3	RUNX3
Pln	PLN
Gm54833	
Gm49578	
Gm19867	
Mrpl18	MRPL18
Fkbp1a-ps3	
Ncam2	NCAM2
Gm43125	
Gm43124	
Gm47644	
Arl6ip5	ARL6IP5
Gm47641	
Tmem229b-ps	
Gm47722	
Lrp1	LRP1
Slc30a6	SLC30A6
Ark2c	ARK2C
Fgf6	FGF6
Serpina10	SERPINA10
Larp7	LARP7
Lysmd3	LYSMD3
Gm16224	
Clic4	CLIC4
Lmod3	LMOD3
Fgf23	FGF23
Gm55765	RNU6-684P
Gm23100	
Gm48769	
Rtn2	RTN2
Gm48766	
Gm6368	
Gm48763	
Gm15384	
Akr1c21	
Gm5762	
Gm6373	
Rab39b	RAB39B
Gm12983	
Gm12982	
Tigar	TIGAR
Bnc2	BNC2
Gm18501	
Serpina6	SERPINA6
Gm15063	
Gm25421	
Gm15065	
Rbbp7	RBBP7
Gm50197	
Epg5	EPG5
Platr31	
Tkfc	TKFC
Gm43126	
Serpina16	
Gm15778	
Skap2	SKAP2
Serpina1f	SERPINA2
Gm54838	
7120432I05Rik	
Gm49555	
Gm49558	
Mir302b	
Mir302c	MIR302C
Mir302a	
Gm5676	
Mir302d	MIR302D
Mir367	
Vps45	VPS45
Gm49559	
Pgk1-ps1	
Rpl21-ps5	
Gm49561	
Gm41481	
Cyyr1	CYYR1
Ldhd	LDHD
Gm8277	
Gm48767	
4933436N17Rik	
Gm26395	
Nrn1	NRN1
Gm26802	
Aen	AEN
Gm17142	
Gm2541	
Gm6278	
Adamts1	ADAMTS1
Serpina1b	SERPINA1
Polr3g	
Gm43554	
Otud7b	OTUD7B
Siglec15	SIGLEC15
Slc14a1	SLC14A1
Zfp1	ZFP1
Gm55738	
Klhl23	KLHL23
Mblac2	MBLAC2
Ccnd2	CCND2
Serpina1d	SERPINA1
Adamts5	ADAMTS5
Gm48113	
Ctrb1	CTRB2
Ctrb1	CTRB1
Akr1e1	AKR1E2
Mir669a-2	
Gm55739	
Gm55740	
Gm55741	
Mir297b	
Mir466d	
Gm55742	
Mir669m-1	
Mir669m-2	
Mir466n	
Mir669o	
Mir466g	
Mir466h	
Mir297a-3	
Gm17043	
Mir466l	
Mir297a-4	
Gm55743	
Ipo7	IPO7
Mir669i	
Mir669h	
Gm18547	
Gm13265	
Gm13263	
Mir7076	
Bcar1	BCAR1
Gm37343	
Gm23877	
Gm6918	
Gm26478	
Gm13297	
Gm13294	
Gm12421	
Gm49570	
Gm12420	
Serpina1a	SERPINA1
Cntln	CNTLN
Gm49572	
Gm25715	
Grik1	GRIK1
Gm18995	
Tpi-rs11	
Gm4968	
Gm43635	
Capn3	CAPN3
Gm7308	
Gm43636	
Gm42458	
Gm43631	
Gm7153	
Gm34091	
Gucy2f	GUCY2F
Ipo8	IPO8
Nrcam	NRCAM
Ddb1	DDB1
Tpte	TPTE2
Tpte	TPTE
Scn3b	SCN3B
Zgrf1	
Gm12346	
Gm25636	
Snora23	SNORA23
Coro6	CORO6
Fosb	FOSB
Gm5444	
Gm24790	
Gm47451	
Cetn3	CETN3
Gm18301	
Gm37219	
Gm25412	
Gm8215	
H3f3a	
Gm5390	
Gm16217	
Gm14656	
Gm48815	
Magec2	
Stat6	STAT6
Nlrc4	NLRC4
Slc14a2	SLC14A2
Txlng	TXLNG
Gm12418	
AA474408	
Plch2	PLCH2
Cnot3	CNOT3
F830210D05Rik	
Gm24295	
Gm48155	
Gm4936	
Gm54969	
Mir3961	
2310067P03Rik	
Gm48156	
Ly86	LY86
Gm22353	
Odf1	ODF1
Gm4708	
Yipf4	YIPF4
Gm5213	
Gm54780	
Gm8705	
Gm49314	
Klf10	KLF10
Klf6	KLF6
Bicc1	BICC1
Parp11	PARP11
Tcp1	TCP1
Gm54978	
Gm47549	
Gm47266	
2900042G08Rik	
Maml2	MAML2
Pitrm1	PITRM1
Gm24836	RNU6-881P
Sde2	SDE2
Ano6	ANO6
Vwce	VWCE
Mir3572	
Leng1	LENG1
Gm55191	
Gm47105	
Neil1	NEIL1
Mir7036b	
Sp140l2	
Gm42867	
Usp12	USP12
Slc25a15	SLC25A15
Isg20	ISG20
Pga5	
Gm45452	
Gm43729	
Gm6009	
Neurog2	NEUROG2
Gm45453	
Mrps31	MRPS31
D3Ertd751e	C4orf33
Gm43633	
Cracr2a	CRACR2A
Vps37c	VPS37C
Pdgfra	PDGFRA
Gm6133	
Gm26430	RNU6-905P
Gm23895	RNU1-23P
Smim19	SMIM19
Commd4	COMMD4
Setbp1	SETBP1
Ankrd13b	ANKRD13B
Gm44815	
Gm2116	
Fbxl19	FBXL19
Gm20593	
Slc20a2	SLC20A2
Gm25824	
Gm50176	
Arhgap12	ARHGAP12
Gm33255	
Gm46546	
Gm20305	
Cldn17	CLDN17
Rpl19-ps1	
Cldn8	CLDN8
Gm55239	
Gm7582	
Krtap24-1	KRTAP24-1
Gm18342	
Cd5	CD5
Gm54874	RNU6-994P
2310079G19Rik	
Sms-ps	
Gm8244	
Krtap26-1	KRTAP26-1
Gm6754	
Gm16459	
Lefty2	LEFTY2
Lefty2	LEFTY1
Krtap27-1	KRTAP27-1
Gm15207	
Gm14659	
Gm7667	
Gm23901	RNU6-781P
Gm14657	
Krtap13-22	
Gm8260	
Gm43634	
Gm6760	
Prmt8	PRMT8
Krtap13-1	KRTAP13-1
Krtap13-1	KRTAP13-4
Krtap13-1	KRTAP13-2
Syap1	SYAP1
Krtap13	KRTAP13-3
Krtap13-20	KRTAP13-3
Krtap13-21	KRTAP13-3
Eya1	EYA1
Gm54875	
Gm3749	
Gm4111	
Gm49504	
Gm54876	
Gm49505	
Gm49507	
Clcn3	CLCN3
Gm35974	
Krtap13-24	KRTAP13-3
Krtap15-1	KRTAP15-1
Gm42739	
Gm42741	
4921513H07Rik	
Mir7233	
Gm42811	
Krtap19-1	
Gm55144	
Tspan11	TSPAN11
Krtap19-2	
Tlx1	TLX1
Krtap19-3	
Krtap19-4	
Mir3473a	
Gm15209	
Magea9	MAGEA10
Krtap19-5	
Gm54785	
Gm49172	
Krtap19-9a	
Lbx1	LBX1
Krtap19-9b	
Arid2	ARID2
Krtap16-3	
Rbm6	RBM6
Gm49689	
Krtap22-2	
Krtap6-3	
Krtap6-1	
Gm29594	
Cd6	CD6
Krtap6-7	
Gm26130	SNORA29
Snora20	SNORA20
Krtap6-5	
Acat3	ACAT2
Krtap6-6	
Slitrk4	SLITRK4
Gm15870	
Krtap20-1	
Frmd4b	FRMD4B
krtap20-23	
Krtap20-20	
Krtap20-21	
Krtap20-22	
Krtap20-24	
Nlrc3	NLRC3
Mcm9	MCM9
Gm24598	SNORD114-30
Gm14676	
Gm26111	RNU6-809P
Gm14667	
Gm14673	
Ctag2	CTAG1A
Ctag2	CTAG2
Ctag2	CTAG1B
Gm14669	
Gm14670	
Gm14668	
H2al1r-ps	
Nprl3	NPRL3
4930447F04Rik	
Gm55055	
Slitrk2	SLITRK2
Acat2	ACAT2
Gm23000	RNU1-22P
Gm8310	
Mir743	
Mir743b	
Mir742	
Mir883a	
Mir883b	
Mir471	
Orai3	ORAI3
Mir741	
Mir463	
Mir880	
Mir878	
Mir881	
Mir871	
Mir470	
Mir465d	
Gm54790	
Mir465c-1	
Mir465b-1	
Mir465c-2	
Mir465b-2	
Scaf11	SCAF11
Mir465	
Gm6783	
Gm14682	
Gm8312	
Gm26276	
Gm14687	
Gm1140	FAM9A
Gm1140	FAM9C
Gm1140	FAM9B
Gm14692	FAM9A
Gm14692	FAM9C
Gm14692	FAM9B
Acan	ACAN
Rpl7a-ps13	
4933436I01Rik	
Mir201	
Mir547	
Gm14688	
Mir509	MIR509-1
Mir509	MIR514B
Mir509	MIR509-3
Mir509	MIR514A3
Mir509	MIR514A1
Mir509	MIR514A2
Gm4910	
Gm5391	
Gm6806	
Gm22332	
Gm5638	
Obp1b	
Gm15031	
Gm25915	
Gm14743	
Gm15946	
H2-M10.3	
Gm4995	
Gm15032	
4930480E11Rik	
Ercc1	ERCC1
Gm5763	
Stk-ps1	
Gm14749	
Slc38a1	SLC38A1
H2-M10.5-ps1	
Gm8754	
Gm14752	
Gm48025	
Gm14745	
Gm47738	
Gm47739	
Gm32025	
Prrg1	PRRG1
Gm47737	
Nab2	NAB2
Lgals1-ps1	
Rpl9-ps9	
Obox3-ps8	
Pde4d	PDE4D
H2-M10.4	
Gm20452	
Gm37268	
Mtmr11	MTMR11
Gm20451	
Slx4	SLX4
Gm20454	
Gm20453	
H2-M11	
Gm55085	SNORA25B
Gm8757	
Gm8761	
Gm37436	
Mtmr2	MTMR2
Gm14747	
Fam47c	
Gm8868	
Gm8770	
Slc15a3	SLC15A3
Gm5939	
Hba-x	HBZ
Gm55091	
Gm20450	
H2al1q-ps	
Rps24-ps3	
Wtap	WTAP
Cfap47	
Gm48181	
Gm48182	
Hba-a1	HBA1
Hba-a1	HBA2
Gm6125	
Stxbp6	STXBP6
Gm6331	
Gm22045	
Slc38a2	SLC38A2
Gm16229	
Polr1g	POLR1G
Asf1a	ASF1A
Gm10802	
Tmem132a	TMEM132A
Hbq1b	HBQ1
Hapln3	HAPLN3
Hba-a2	HBA1
Hba-a2	HBA2
Ctps2	CTPS2
4930466K18Rik	
Nemp1	NEMP1
Hbq1a	HBQ1
Gm8888	
Rpl10a-ps3	
Dcaf13	DCAF13
Git1	GIT1
Gm15901	
Gm15902	
Tmem109	TMEM109
Gm24731	
Gm54914	
Gm9921	
Gm48517	
Gm7899	
Gm48518	
Dnase1	DNASE1
Gm24948	
Gm37348	
Gm18112	
Gm37846	
Gm38274	
Gm48531	
Gm37533	
Gm7422	
Ppp1r13l	PPP1R13L
Gm38044	
Gm48535	
Gm9723	
Gm48536	
Gm18865	
Nova1	NOVA1
Gm36976	
Gm29739	
Sf3b4	SF3B4
Gm54794	
Gm9522	
Slc38a4	SLC38A4
Btrc	BTRC
Gm54967	
Gm22027	
Gm32175	
Gm37746	
Alpk1	ALPK1
Gm33869	
Gm48543	
Gm48542	
Gm54916	
Gm36971	
Gm2089	
Gm7392	
Gm46327	
Gm48587	
Gm29818	
Gm26454	
Gm7456	
Gm18623	
Foxg1	FOXG1
Caprin2	CAPRIN2
Tmc4	TMC4
Gm43517	
Trcg1	
Gm48659	
Gm19599	
Gm25015	
Gm7476	
Gm7481	
Prkd1	PRKD1
Fam184a	FAM184A
Gm37365	
Gm38128	
Gm16238	
Gm37597	
Mon1a	MON1A
1500005C15Rik	
Gm54971	RNU6-1220P
Gm42587	
Gm54972	
Gm55247	
Gm54973	
Gm37444	
Trp53i13	TP53I13
Gm38124	
5930409G06Rik	
Sp140l1	
Sv2a	SV2A
Gm48777	
Syne2	SYNE2
Amigo2	AMIGO2
1700017B05Rik	C15orf39
Pced1b	PCED1B
Gm10553	
Sod2	SOD2
Trap1	TRAP1
Pycr2	PYCR2
Gm4383	
Abhd15	ABHD15
Gm49506	
Bola1	BOLA1
Rpap3	RPAP3
Gm42802	
Gm42803	
Mir7025	
Gm42799	
Gm18996	
Gm55365	RNU6-231P
Gm24502	RNU6-246P
Gm5121	
Gm10392	
Mfsd10	MFSD10
Ppcdc	PPCDC
Sh3pxd2b	SH3PXD2B
Tifa	TIFA
Gpr31b	GPR31
Endou	ENDOU
Msc	MSC
Tcp10b	TCP10L
Gm36996	
H2ac21	H2AC21
Gm10564	
H2ac20	H2AC20
Pex10	PEX10
Gm37412	
Smt3h2-ps4	
Gm54985	
Lefty1	LEFTY2
Lefty1	LEFTY1
H2bc21	H2BC11
H3c15	
Myo1a	MYO1A
Zfp143	ZNF143
H2ac19	H2AC19
Gm54987	
H2ac18	
Gm20634	
Gm54988	
Rpl5-ps1	
Ap1ar	AP1AR
Gm16038	
Rer1	RER1
Ptpn4	PTPN4
Gm43908	
Gm19653	
Dkk4	DKK4
Gm25852	SNORA63E
Gm23510	RNU1-30P
Gm44102	
Nfatc1	NFATC1
Gm24565	
Gm23703	
Hibadh	HIBADH
Polb	POLB
Gm6807	
Poll	POLL
Rims2	RIMS2
Gm54922	
Gm49547	
Ubtd2	UBTD2
Crebbp	CREBBP
Gm43654	
Gm43652	
Fam241a	FAM241A
Efcab9	EFCAB9
Dpcd	DPCD
Gm44445	
Gm44434	
Morn1	MORN1
Gm24355	
Gm43966	
Tax1bp1	TAX1BP1
Pcdh10	PCDH10
Stk10	STK10
Tfam	TFAM
Prpf19	PRPF19
Scamp5	SCAMP5
Gm11166	
Unc93a	UNC93A
Taok1	TAOK1
Cntnap4	CNTNAP4
Gm43967	
Jazf1	JAZF1
Gm10650	
Gm2136	
Gm37345	
Gm37835	
Gm38166	
Gm32340	
Gm25796	RNU1-70P
Gm23337	RNU6-1267P
Gm26081	
Gm18843	
Gm43656	
Gm22293	
Gm4410	
D9Wsu149	
Gm9387	
Gm18103	
Pabpc4l	PABPC4L
Gm6166	
Rpp25	RPP25
Mthfsl	MTHFS
Gm15572	
Gm55156	
Tspan9	TSPAN9
Srrm1	SRRM1
Gm37445	
Mir6379	
Gm10356	
Gm5274	
Cox5a	COX5A
Gm23891	
H3c14	
Gm45819	
Setd1a	
Rpl23a-ps5	
Gm10730	
Gm2229	
Gm26631	
Gm7977	
Gramd1b	GRAMD1B
H4c14	
Gm37295	
Gm38227	
Gm20628	
Gm37190	
Gm23050	
Gm49898	
Mtif3	MTIF3
Gm3851	
Gm23511	RNU1-19P
Gm37745	
H3c13	H3C14
Gm29657	
Gm10512	
Gm8338	
Smok2a	
Gm29658	
Tmem177	TMEM177
Gm55198	
Gm10280	
Gm37819	
Gm37684	
Gm25766	
Gm24291	RNU1-24P
H2bc18	H2BC18
Mon1b	MON1B
Smok2b	
Trpa1	TRPA1
Gm5846	
Gm22480	
Gm37424	
Gm38261	
Gm26500	RNU6-801P
Gm38088	
Gm2328	
Birc6	BIRC6
Gm29741	
Gm23096	RNU6-745P
Gm23096	RNU6-57P
Pitx2	PITX2
Syce1l	SYCE1L
Tac2	TAC3
Gm12734	
Gm12732	
Gm12733	
Gm23132	
Nufip2	NUFIP2
Lnx2	LNX2
Zbtb39	ZBTB39
Qrich2	QRICH2
Gpr182	GPR182
Wee1	WEE1
Ube2d1	UBE2D1
Gm15573	
Gm55163	
Gm8143	
Nop14	NOP14
Gm44056	
Gm49388	
9330102E08Rik	
Gm18609	
Gm8703	
Creb5	CREB5
9430064I24Rik	
Zp1	ZP1
Swap70	SWAP70
Gm37186	
Adcy9	ADCY9
Gm34376	
Gm20609	
Rdh1	RDH16
Mageb16	MAGEB16
Tmem63a	TMEM63A
Rpl19-ps2	
Pcdh18	PCDH18
Rdh16f1	
Cryba1	CRYBA1
Cisd1	CISD1
Gm45515	
Gm4772	
Gm45789	
Gm4773	
Gm9132	
Gm30052	
Rdh9	RDH16
Gm14760	
Mboat7	MBOAT7
Tmem164	TMEM164
Adamts18	ADAMTS18
Gm11191	
Fbxw11	FBXW11
Fbxw4	FBXW4
Polr1d	POLR1D
Rdh16	RDH16
Gm27572	
Gm55019	
Mir582	MIR582
Mir1904	
Rab3c	RAB3C
Man1a	MAN1A1
Gm43697	
Gm37550	
Gm6142	
Slc7a11	SLC7A11
Clcn2	CLCN2
Rps10-ps4	
Gsx1	GSX1
Gm54803	
Dcstamp	DCSTAMP
Gm24556	
Pdx1	PDX1
Gm27033	
Mir7k	
Cdx2	CDX2
Rreb1	RREB1
Mfge8	MFGE8
Urad	
Gm29778	
Grk4	GRK4
Ptgdr2	PTGDR2
Gm25818	RNU1-63P
Gm25818	RNU1-134P
Gm44080	
Tead4	TEAD4
Fgf8	FGF8
Gm50211	
Atp9b	ATP9B
Dpys	DPYS
Gm8192	
2210411M09Rik	
Ikbkb	IKBKB
Gm37854	
Gm37826	
Smim23	SMIM23
Gm36961	
Gm37692	
Gm2345	
Cfap221	CFAP221
Gm37498	
5830415G21Rik	
Gm38237	
Gm37199	
Gm6952	
Gm37461	
Mir652	MIR652
Gm14768	
Enpep	ENPEP
S100g	S100G
Rdh19	RDH16
Gm12110	
Gm12112	
Gm55353	
Rpsa-ps4	
Gm47917	
Gm12114	
Gm47967	
Gm47968	
Gm26177	RNU6-116P
Fgf18	FGF18
Gm42560	
Mir467g	
Rdh16f2	RDH16
Flt3	FLT3
Gm5940	
Gm55105	
Gm22746	
Gm8806	
Gm15215	
Gm16291	
Gm6954	
Gm15212	
Lrp12	LRP12
Gm14733	
Gm15214	
Gm26007	
Gm7199	
Ranbp17	RANBP17
Ski	SKI
Grpr	GRPR
Gm47970	
Gm25602	
Gm31849	
Gm46190	
Rdh7	RDH16
Rnf138rt1	
Gm15213	
Tmem47	TMEM47
Gm17973	
Sctr	SCTR
Gm49253	
Faap20	FAAP20
Gm49254	
Gm49255	
9330182O14Rik	
Sdr9c7	SDR9C7
Gm54811	
Gm16294	
Gm7382	
Zfpm2	ZFPM2
Gm6054	
Gm29793	
Gm14754	
Srsf19	
Gm43461	
Gm43460	
Kit	KIT
Gm15905	
Gm5306	
Gm23996	
Tril	TRIL
Actr3-ps	
Ipmk	IPMK
Gm14740	
Rpl18-ps2	
Gm14739	
Gm24470	
Gm14741	
Gm22910	
Tulp3	TULP3
Gm55113	
Ap1s2	AP1S2
Gm49525	
Gm49526	
Gm49524	
Gm49529	
Rapgef3	RAPGEF3
Ephx1	EPHX1
Npm3	NPM3
Ncmap	NCMAP
Gm42628	
Gm42629	
Gm42630	
Oga	OGA
Pou5f1-rs4	
Rpl7a-ps7	
Bcl2a1d	BCL2A1
Elovl6	ELOVL6
Gm44190	
Gm26770	
Gm37560	
Hsd3b7	HSD3B7
Gm26082	
Gm37614	
Gm29562	
Amn1	AMN1
Fam219b	FAM219B
Zrsr2	
Gm43072	
Egf	EGF
Tmem37	TMEM37
Srl	SRL
Trim43c	TRIM43
Trim43c	TRIM43B
Anp32-ps	
Gm37431	
Gm12118	
Gabrp	GABRP
Gm37086	
Gm47949	
Degs1l	DEGS1
Gm46233	
Gm4797	
Gm19074	
Gm47045	
Gm4798	
Gm6362	
Hsd17b6	HSD17B6
Gm17967	
Nvl	NVL
1700003I16Rik	
Gm10388	
Gm12991	
Gm12990	
Rhno1	RHNO1
D130052B06Rik	
Cep57	CEP57
Adamtsl1	ADAMTSL1
Ube2o	UBE2O
Ms4a4a	MS4A4A
Ms4a4a	MS4A4E
Gm15885	
Necab3	NECAB3
Polr2h	POLR2H
Gm5692	
Ms4a4c	
Gm5080	
Gm10120	
Gm44371	
Tet3	TET3
Tbc1d32	TBC1D32
Gm5511	
Ms4a4b	
Car5b	CA5B
Fgfr3-ps	
Tfap4	TFAP4
Cnih4	CNIH4
Ms4a6c	MS4A6E
Ms4a6c	MS4A6A
Mir6374	
Mitf	MITF
Siah1b	SIAH1
Gm5455	
Gapt	GAPT
Abhd2	ABHD2
Aanat	AANAT
Gm8369	
Plk2	PLK2
Gls	GLS
Glis2	GLIS2
Cltrn	CLTRN
Gm15346	
Plat	PLAT
Kcnip2	KCNIP2
Kcnip1	KCNIP1
Gm9923	
Pam16	PAM16
Gm29794	
Gm24984	
Msl3l2	MSL3B
Gm55127	
Suv39h1	SUV39H1
Gja1	GJA1
Ssb	SSB
Gm44639	
Gm39041	
Gm55804	
Stx1b	STX1B
Thpo	THPO
Gm55027	
Gm42697	
Nek1	NEK1
Gm47273	
Gm42957	
Gm54943	
Sall3	SALL3
Gm9118	
Gm19233	
Gm9795	
Gm31931	
Itga10	ITGA10
Gm48053	
Gm24285	
Gm48055	
Ssr1	SSR1
Gm7001	
Gm9129	
Gm7503	
Zwint	ZWINT
Gm25718	
Gm45204	
Gm50424	
Gm26012	
Tsen34	TSEN34
Mir5127	
Gm50293	
Gm50294	
Gm50297	
Gm54926	
Gm7172	
Rps11-ps4	
Gm50298	
B020010K11Rik	
Mir5101	
Serpina3j	SERPINA3
Gm17383	
Gm54948	
Galr1	GALR1
Gm43102	
Gm38180	
Gm55393	
Serpina3k	SERPINA3
Gak	GAK
Gm50303	
Mbp	MBP
Gm12120	
Serpina3m	SERPINA3
Myo15a	MYO15A
Coro7	CORO7
Serpina3n	SERPINA3
Gm33172	
Gm48533	
Gm48534	
Gm30839	
Gm48547	
Gm24334	
Actbl2	ACTBL2
G2e3	G2E3
Was	WAS
Gm15285	
Gm15289	
Gm6270	
Cage1	CAGE1
Gm19256	
Gm47094	
Rcan3	RCAN3
Naca	NACA
Rpl21-ps11	
Ankrd35	ANKRD35
Mir700	
Gm55684	RN7SKP116
Gm55684	RN7SKP253
Gm25811	RNU6-26P
Gm15979	
Gm12550	
Saxo1	SAXO1
1700003F12Rik	C20orf144
Gm55142	
Psmb7-ps2	
Dmd	DMD
Riok1	RIOK1
Actl10	ACTL10
Prkcq	PRKCQ
Gm26017	RNU6-299P
Rraga	RRAGA
Hsf2	HSF2
Stx4a	STX4
Prkcz	PRKCZ
Pias3	PIAS3
Mpi	MPI
Gsc	GSC
Esr2	ESR2
Rps9	RPS9
Gm9775	
Gm26135	
Gm23707	
Bcl2a1a	BCL2A1
Ptges3	PTGES3
Gm37833	
Gm37993	
Gm24463	
Gm19498	
Scamp2	SCAMP2
Gm36932	
Gm37520	
Gm37766	
Mettl5	METTL5
Gm55035	
Gm10129	
Gpbp1	GPBP1
Vasn	VASN
Chrd	CHRD
5430434F05Rik	
Gm15531	
Cpvl	CPVL
Gm37851	
Gm13625	
Gm37730	
4933403L11Rik	
Fam76b	FAM76B
E2f1	E2F1
Serinc1	SERINC1
Zfp668	ZNF668
Haus6	HAUS6
Zfp646	ZNF646
Prss53	PRSS53
Pxmp4	PXMP4
Rpl48-ps1	
Atp5f1b	ATP5F1B
Zfp106	ZNF106
Trim43b	TRIM43
Trim43b	TRIM43B
Mdfic2	MDFIC2
Gm32308	
Gm32381	
Foxm1	FOXM1
Gm7588	
Gm47535	
Gm26423	
Ulk3	ULK3
Snord59a	SNORD59A
Mir677	
Gm55458	
Scarna8	
Pkib	PKIB
Nipal3	NIPAL3
Gm21974	
Sbf2	SBF2
Htt	HTT
Gm7862	
Tex21	
Gm5975	
Gm23460	
Nab1	NAB1
Gm55151	
Tsga8	
Gm22580	RNU6-5P
Gm14769	
Gm49496	
Gm14770	
Lman2	LMAN2
Gm14771	
Gm16463	
Fthl17a	
Resf1	RESF1
Gm14765	
Tab3	TAB3
Bcl2a1b	BCL2A1
Gm29094	
Cplx3	CPLX3
Dsp	DSP
Armh3	ARMH3
Scfd1	SCFD1
Vat1l	VAT1L
Rapgef3os1	
Gm5527	
Rapgef3os2	
En1	EN1
Mthfs	MTHFS
Slc48a1	SLC48A1
Gm29359	
Gm38283	
Nemp2	NEMP2
Gm55155	
Wdr13	WDR13
Gm13631	
Oxr1	OXR1
Myo3b	MYO3B
Gm45484	
Gm45809	
Gm45483	
Gm16179	
Gm16178	
Clec3a	CLEC3A
Gm38091	
Gm47403	
Lman1l	LMAN1L
Ap3m2	AP3M2
Gm22741	
Naa15	NAA15
Gm46544	
4833419O12Rik	
Tex52	TEX52
Rps10-ps2	
Gm49742	
Gm18769	
Gm18770	
Gm9697	
Gm37270	
Gm18771	
Stpg1	STPG1
Teddm3	
Dnaja3	DNAJA3
Pfkp	PFKP
Gm15782	
Gm44596	
Gm15786	
Gm43965	
Gm15783	
Gm6813	
Hps6	HPS6
Dguok	DGUOK
Or4d10	OR4D10
Or4d10c	OR4D10
Gm55703	
Plin2	PLIN2
Minar1	MINAR1
Or1o3	
Gm24735	RNU6-207P
Sh3rf1	SH3RF1
Gm37242	
Gm25104	RNU4-23P
H2-M3	
Wdr26	WDR26
Or4z4	
Or4d6	OR4D6
Gm47410	
Tmed3	TMED3
Or5a1	OR5A1
Ankrd34c	ANKRD34C
Or5bb12	
Or5an8-ps1	
Or5an9	OR5AN1
Or11a3-ps1	
Gm29608	
Or5bb10	
Mir184	
Smoc2	SMOC2
Rasgrf1	RASGRF1
Or5an1c	OR5AN1
Gm26864	
Glyat	GLYAT
Gm5777	
Fabp7	FABP7
Mthfd1	MTHFD1
Smpdl3a	SMPDL3A
Itch	ITCH
Grhl3	GRHL3
St7	ST7
1700001D01Rik	
Gm24521	
Gm10015	
Or5b94	
Cbr4	CBR4
Duxf1	
Ace2	ACE2
Duxf2	
Or5b95	
Duxf4	
Gm19459	
Nudt17	NUDT17
Gm47224	
Gm47225	
Gm25143	RNU6-867P
Gm47226	
Mir6411	
Gm49772	
Gm22945	
Gm25522	RNU6-1191P
Gm25522	RNU6-947P
Gm55733	
Keg1	
Wwox	WWOX
Gm48184	
Ifnlr1	IFNLR1
Gm25587	RNU1-16P
Gm25422	
Gm36997	
Tmtc2	TMTC2
Or1o4	
Gm49720	
Or14q1-ps1	
Or12d12	
Gm12989	
Il22ra1	IL22RA1
Or12d2	
Or12d13	
Ttc27	TTC27
Kdr	KDR
Gm12988	
Myom3	MYOM3
Gm15962	
Cntf	CNTF
Col25a1	COL25A1
Gm44505	
Vkorc1	VKORC1
Zfp91	ZFP91
2200002A13Rik	
Gm9064	
Gm17219	
Gm10087	
Pirb	LILRA2
Pirb	LILRA5
Pirb	LILRB2
Pirb	LILRB1
Pirb	LILRA4
Pirb	LILRA1
Pirb	LILRB4
Pirb	LILRB3
Pirb	LILRA6
Pirb	LILRB5
Gm48206	
Gm48205	
Gm48203	
Gm48204	
Gm15664	
Ephb3	EPHB3
Gm48207	
Gcc2	GCC2
Gm55290	
Gm17944	
Csk	CSK
Gm47526	
Akap5	AKAP5
Lpxn	LPXN
Gm16117	
Gm55248	
Gm23677	
Maf	MAF
A430103D13Rik	
Gm13000	
Zbtb25	ZBTB25
Dennd4c	DENND4C
Gm15655	
Gm45733	
Gm5357	
Dynlrb2	DYNLRB2
Rplp1rt	RPLP1
Cdyl2	CDYL2
Or5b21	OR5B21
Rpl21-ps8	
Zfp236	ZNF236
Or5b12b	OR5B12
Insig2	INSIG2
Or5b96	OR5B3
Zbtb1	ZBTB1
Or5b97	OR5B3
Cmc2	CMC2
Or5b12	OR5B12
Gm43210	
Gm43211	
Gm42837	
Hspa2	HSPA2
Mgst2	MGST2
Or5b24	
Ppp1r36	PPP1R36
Or5b98	
Or5b102	OR5B3
Kat6a	KAT6A
Gm55404	
Gm6051	
Msantd1	MSANTD1
Or5b103-ps1	
Rlbp1	RLBP1
Gm49750	
Or5b125-ps1	
Or5b104	OR5B3
Mir7680	
Nmral1	NMRAL1
Gm25563	
Clmn	CLMN
Or5b105	OR5B3
Gm37261	
Maml3	MAML3
Or5b106	OR5B3
Srd5a3	SRD5A3
Or5b115-ps1	
Or5b116	
Gm14227	
Dynlrb1	DYNLRB1
Or5b117	
Or5bc4-ps1	
Gm37174	
Or5b118	
A430110L20Rik	
Rpl35a-ps2	
Gm8146	
Or5b119	
Mfsd6	MFSD6
Gm10729	
Or5aa2-ps1	
Gm37342	
Gm37229	
Or5b120	
Gm55090	
3110080O07Rik	
Gm38000	
Gm37675	
Gm38252	
Gm20089	
Gm38055	
Or5aa3-ps1	
Gm37526	
Or5x1-ps1	
Polr3c	POLR3C
Gm3188	
Or5b121	
Map1lc3a	MAP1LC3A
Olfr1481-ps1	
Gm50021	
Olfr1482-ps1	
Or5aa1-ps1	
Gm50269	
Hmox2	HMOX2
Or5b122	
Dusp1	DUSP1
Pigu	PIGU
Tmem175	TMEM175
Gm14732	
Olfr1485-ps1	
Gm12630	
Gm14731	
Mmachc	MMACHC
Or5x2-ps1	
Gm55220	
Rplp1-ps1	
Gm55221	
Or5b123	
Gm22785	
Gm8410	
Gm50274	
Gm6062	
Gm50347	
Bmx	BMX
Gm8225	
Gm10524	
Gm46620	
Gm50350	
Olfr1488-ps1	
Rhbdf2	RHBDF2
Or5b124	
Mir5112	
Gm50355	
2210420H20Rik	
Or5v1b	OR5V1
Gm24124	
Rps6	RPS6
Or10w1	OR10W1
Zfp516	ZNF516
Or14j9	
Or10q1b	OR10Q1
Or9d1-ps1	
Or10w3	OR10W1
Or10q1	OR10Q1
Or14j2	
Gm29670	
Gm28650	
Or14j3	
Cnih3	CNIH3
Or10q12	OR10Q1
Acer2	ACER2
Ctsh	CTSH
Gm18213	
Or14j4	
Or1s2	OR1S1
Or1s2	OR1S2
Gm50437	
Gm54980	
Gm31503	
Gm25342	
Gm7569	
Or14j10	
Gm8796	
Gm48363	
Zfp407	ZNF407
Gm48376	
Or9q2	OR9Q2
Gm48377	
Rps15a-ps1	
Or2g25	
Gm15859	
Cdip1	CDIP1
Gm48379	
Or9i13-ps1	
Or9i14	OR9I1
Baz2a	BAZ2A
Or10al2	
Or9q1	OR9Q1
Or10al3	
Gm10029	
Mir695	
Gm48238	
Trp53inp2	TP53INP2
2900024D18Rik	
Gm7335	
Gm47978	
Or10al4	
Gm50311	
Gm47991	
Gm37216	
Gm55058	
Gm40663	
Cndp1	CNDP1
Or10al5	
Gm8725	
Or9i2	
Gm48251	
Gm48252	
Gm48253	
Gm5191	
Gm45555	
Ccdc163	
Gm10043	
Or9i1	OR9I1
Gm48257	
Or10al6	
Cenpn	CENPN
Bmp6	BMP6
Gm55172	
Or9i15-ps1	
Mamld1	MAMLD1
Or9i16	
Gm18268	
2900069G24Rik	
Or2g1	
Gm16547	
Or9i1b	OR9I1
Gm16539	
Inpp1	INPP1
Gm37465	
Gm26993	
C130089K02Rik	
Or2b4	
Gm22581	
Etnppl	ETNPPL
Gm37997	
Gm55236	
Gm5513	
Gm24319	
Gm50348	
Tmem165	TMEM165
Or14j1	OR14J1
Psat1	PSAT1
Alkbh5	ALKBH5
Tlk1	TLK1
Gm9577	
Or14j5	
Adarb2	ADARB2
Gm18737	
Gm7289	
Gm18520	
Adm	ADM
Ergic1	ERGIC1
Cndp2	CNDP2
Cygb	CYGB
Hibch	HIBCH
Gm18907	
B430319F04Rik	
4930562C15Rik	C16orf96
Gm12628	
Pira1	LILRA2
Pira1	LILRA5
Pira1	LILRB2
Pira1	LILRB1
Pira1	LILRA4
Pira1	LILRA1
Pira1	LILRB4
Pira1	LILRB3
Pira1	LILRA6
Pira1	LILRB5
Gm12623	
Gm55174	
Gm12621	
Gm12613	
Gm14730	
Gm12614	
Gm12626	
Apc-ps1	
Gm12619	
Pir	PIR
Gm12624	
Gm12612	
Gm12620	
Snord1c	SNORD1C
Snord1b	SNORD1C
Snord1a	SNORD1A
St6galnac2	ST6GALNAC2
Dmtf1	DMTF1
Palld	PALLD
Sytl2	SYTL2
Gm26272	
Morf4l1	MORF4L1
St6galnac2	
Gm11735	
BC018473	
Gm48259	
Gm48261	
Gm10357	
Gm48260	
Gm48262	
Gm48327	
Ncf2-rs	
Ubald1	UBALD1
Gm31104	
St6galnac1	ST6GALNAC1
Srsf10	SRSF10
Gm48802	
Gm16107	
Mgrn1	MGRN1
Gm37427	
Ankrd55	ANKRD55
Gm3329	
Ccdc93	CCDC93
Cep78	CEP78
Gm22023	
Vegfd	VEGFD
Gm42783	
5430420F09Rik	
Or14m1-ps1	
Ostc	OSTC
Llgl1	LLGL1
Gm2390	
D030046N08Rik	
Dipk1c	DIPK1C
Pak3	PAK3
Gm42998	
Foxo1	FOXO1
Gm20402	
Gm38034	
Rnf115	RNF115
Rpl37-ps1	
Gnaq	
Gm28875	
Syne3	SYNE3
Gm54992	
Gm25005	
Gm38576	
Gm17266	C18orf63
Gm54993	RN7SKP265
Gm54993	RN7SKP82
Cyb5a	CYB5A
Gm13633	
Gm13632	
Gm53055	
Gm17068	
Ncoa6	NCOA6
Mir496b	
Gm19312	
Gm42782	
Or14j6	
Gm50362	
Gna14	GNA14
Gm10293	
Gm55492	
Gm22798	RNU6-5P
Or14j7	
Cd160	CD160
Gm17218	
Gm20543	
Gm20542	
Gm5967	
Or14j8	
Gm18522	
Or10al7	
Gm8222	
Gm50363	
Prune2	PRUNE2
Or2g7	
Atp6v0e	ATP6V0E1
Fbxo15	FBXO15
Rpl34	RPL34
Gm55074	RNU2-11P
Gm48837	
2810403G07Rik	
Txndc5	TXNDC5
Or2y3	
Or2h15	
9430062P05Rik	
Gm17231	
Or2n1b	
Timm21	TIMM21
Or2n1	
Tecta	TECTA
Gm43524	
Or2n1c	
Gm43522	
Gm15392	
Gm15393	
2010110G14Rik	
Htr5b	
Gm5982	
Crebrf	CREBRF
Gm37007	
Slc24a2	SLC24A2
Gm55104	
Gm43350	
Gm8217	
Gm26854	
5830437K03Rik	
Gm47648	
Gm5855	
1700019D03Rik	C2orf88
Abra	ABRA
A430072C10Rik	
Gm47650	
Pdzk1	PDZK1
Scarna13	
Mir3069	
Glrx5	GLRX5
Gm5469	
Gm24751	
Gm5470	
Gm49438	
Mxra7	
Gm49440	
Gm49441	
Gm18531	
Gm18092	
Gm49453	
Gm47672	
Angpt1	ANGPT1
Atg2b	ATG2B
Gm50369	
Gm7612	
Gm5824	
Gm50381	
Mstn	MSTN
Gm7623	
Gm25453	
Neto1	NETO1
Jmjd6	JMJD6
Rspo2	RSPO2
Or2n1e	
Ddx18	DDX18
Gm55264	
Gm55265	
Gm50280	
Or2j3	OR2J1
Or2j3	OR2J2
Gcnt1	GCNT1
Gm9658	
Gm54831	
Eif3e	EIF3E
Or2au1-ps1	
Mettl8	METTL8
Or2n1d	
Gm50384	
Cbln2	CBLN2
Gm49810	
Gm49811	
Bnip1	BNIP1
Rfk	RFK
Gm55409	
Mettl23	METTL23
Pcsk5	PCSK5
Gm49271	
Emc2	EMC2
Gm46615	
Gm5691	
Gm5971	
Gm5234	
Gm28591	
Gm5826	
Gm37920	
Gm18066	
Gm12600	
Gm15394	
Gm45418	
Gm8392	
Gm50389	
Gm55749	
Bhmt1b	BHMT
Gm12604	
Gm47629	
Gm55335	
Pnrc2	PNRC2
Gm28590	
Arid3b	ARID3B
Ddx60	DDX60
Gm50390	
Gm24987	
Gm24547	
Gm50391	
Gm36982	
Gm25771	
Gm29192	
Gm50400	
Gm37970	
Gm7662	
Gm8403	
Gm28911	
Socs6	SOCS6
Slit3	SLIT3
Esp36	
Gm20058	
Gpr89	GPR89B
Gpr89	GPR89A
Gm28912	
Gm2140	
Cab39	CAB39
Tmem74	TMEM74
Gm20409	
Gm6726	
Gm49812	
Nkx2-5	NKX2-5
Trhr	TRHR
Gskip	GSKIP
Cnr2	CNR2
Esp34	
Gm49813	
Gm49814	
Gm29819	
Esp31	
Ak7	AK7
Gm41555	
Gm49815	
Fuca1	FUCA1
Gm49816	
Gm49818	
Gm50404	
Gm49819	
Gm49820	
Gm49821	
Gm6409	
Gm49822	
Gm50406	
Gm49823	
Gm49824	
Gm49825	
Gm50267	
Dll1	DLL1
Rttn	RTTN
Gm7459	
Gm19235	
Gm24903	
Hdac7	HDAC7
Gm16861	
Nudt16l1	NUDT16L1
Gm26070	
Gm12123	
Flii	FLII
Tesk2	TESK2
Itm2c	ITM2C
Gja5	GJA5
Gm49826	
Esp24	
9530018F02Rik	
Cog6	COG6
Fut8	FUT8
Kifc5b	KIFC1
2510009E07Rik	C3orf70
Ehhadh	EHHADH
4933407L21Rik	
Gm48380	
Lims1	LIMS4
Lims1	LIMS3
Gm28884	
Gpr55	GPR55
Tbcel	TBCEL
Gm55001	RNU6-889P
Gm55001	RNU6-1055P
Map3k13	MAP3K13
Dpp10	DPP10
Gm21903	
Mir6967-1	
Esp23	
Esp22	
Gm49827	
Gm49828	
Gm49829	
Anxa10	ANXA10
Gm49830	
Fam120b	FAM120B
Gm55750	
Mllt3	MLLT3
Gm24775	
Gm25926	
Gm48177	
Gm48196	
Gm4864	
Gm24070	
Gm8219	
Gm24994	
Ccdc196	CCDC196
Gm48226	
Gphn	GPHN
Dcaf17	DCAF17
Gm49533	
Gm49534	
Gm49535	
Gm55023	
Gm26159	RNU6-575P
Gm26159	RNU6-185P
Gm24579	
Esp18	
Tmem114	TMEM114
Gm49831	
Gm55502	
Gm49669	
Esp16	
Gm49832	
Esp15	
Gm55024	
Mettl22	METTL22
Gm49833	
Rn18s-rs5	
Gm49834	
Psmb1	PSMB1
Gm17819	
Gm22880	RNU6-349P
Gm55288	
Eef1a1-ps1	
Gm55289	
Gm18610	
Gm50183	
Ostf1	OSTF1
Lncucc1	
Gm23058	
Mir218-2	MIR218-2
Rbms2	RBMS2
Pank3	PANK3
Gm55211	
Gm55212	
Actg2	ACTG2
Esp38	
Mir6359	
Cd226	CD226
Gm55504	
Gm49835	
Gm2961	
Gm12646	
Gm49836	
Hspd1-ps2	
Hmgcl	HMGCL
Gm49837	
Gm2975	
Pgk2	PGK2
Gm7561	
Gm45460	
Gm45459	
Gm22324	
Ltbp1	LTBP1
Cmip	CMIP
Srsf2	SRSF2
Gm23706	
Etv5	ETV5
Gm8250	
Cnnm2	CNNM2
Piga	PIGA
Gm55336	
Grik4	GRIK4
Mir103-1	MIR103A1
Mief2	MIEF2
Gm18899	
Gm48225	
Gm48224	
Gale	GALE
Gm48231	
Gm48230	
Garin2	GARIN2
Gm55213	
Gm55215	
Gm55216	
Gm55217	
Gm13898	
Mir5100	
Gm13899	
Gm12124	
Gm43533	
Gm23341	RNU6-202P
Gm23341	RNU6-300P
Gm42852	
Fbll1	FBLL1
Gm26738	
Gm55218	
Gm55219	
Gm43844	
Rars1	RARS1
Nrip2	NRIP2
Gm50431	
Gja8	GJA8
Nmrk1	NMRK1
9230114J08Rik	
Gm43222	
Lhfpl6	LHFPL6
Wdr37	WDR37
Gm55337	
Pals1	PALS1
Gm55338	
Gm47931	
Ubl7	UBL7
Wwc1	WWC1
Abat	ABAT
Gm42898	
Gm42899	
Gm4556	
C130075A20Rik	
Gm43804	
Ppfia2	PPFIA2
Gm43805	
Gm43472	
Gm37478	
Gm43471	
Gm37221	
Gm24791	
Gm37066	
Lef1	LEF1
Gm37781	
Gm37396	
Gm38263	
Gm28929	
Toe1	TOE1
Gm18875	
Gm37551	
Gm38073	
Gm25578	RNU6-725P
Gm25578	RNU6-237P
Gm25578	RNU6-1150P
Gm25578	RNU6-113P
Gm28299	
Dok6	DOK6
Gm37717	
Ube2w	UBE2W
Gk	GK3
Gk	GK
Gm54984	RNU6-219P
Gm54984	RNU6-1275P
Atp6v1d	ATP6V1D
Wnt2	WNT2
Gm50204	
Carnmt1	CARNMT1
Gm16296	
Gm16297	
Stambp	STAMBP
Gm55008	
Gm27037	
Gm6173	
Gm23859	
Eif3s6-ps2	
Gm7674	
Gm50434	
Gm18280	
Gm25418	
Gm38342	
Tmx3	TMX3
Dnah7a	DNAH7
Vps35	VPS35
D030056L22Rik	C9orf40
Eif2s1	EIF2S1
Gm12125	
Cybrd1	CYBRD1
Mfsd11	MFSD11
Gm23238	
Trpm6	TRPM6
Eif6	EIF6
Plek2	PLEK2
Gm55224	
Gm7424	
Tmem229b	TMEM229B
Bicd1	BICD1
Gm13310	
Lypla2	LYPLA2
Itga8	ITGA8
Papola	PAPOLA
Sema7a	SEMA7A
Gm50438	
Gm55298	
Gm45871	
Rorb	RORB
Gm20039	
Gm50067	
Rbbp8	RBBP8
Stk17b	STK17B
Gm17322	
Adamts7	ADAMTS7
Pira2-ps2	
Mir7077	
Mir7078	
Plcg2	PLCG2
Ccdc89	CCDC89
Crebzf	CREBZF
Pithd1	PITHD1
Gm55031	
Gm7541	
Gm49549	
Tenm2	TENM2
Tmem186	TMEM186
Gm37863	
Actr3	ACTR3
Dgkg	DGKG
Gm42449	
Nhlrc3	NHLRC3
Tmem126a	TMEM126A
Or8o1-ps1	
Sh3rf3	SH3RF3
Gm55302	
Sdr42e1	SDR42E1
Gm44907	
Tmem126b	TMEM126B
Gm16206	
Hadh	HADH
Mutyh	MUTYH
Orc6	ORC6
Bckdk	BCKDK
Gm37701	
Stmn3	STMN3
Clec4f	CLEC4F
Gm12126	
Gm12127	
Gm22127	RNU6-329P
Gm12128	
Mgat5b	MGAT5B
Gm55496	
Gls2	GLS2
Gm47994	
Nt5c2	NT5C2
Gm31834	
Gm48056	
Il6st	IL6ST
Gm15785	
Cd207	CD207
Mindy3	MINDY3
Gm18492	
Gm24666	
Proser1	PROSER1
Gm7332	
Gm44043	
Gm55231	
Pan3	PAN3
Gm55233	
Gm55234	
Asz1	ASZ1
Gm22336	RNU6-231P
Hsd17b2	HSD17B2
Cyp2u1	CYP2U1
Gm50069	
Gm18713	
Cables1	CABLES1
Gm45776	
Mphosph6	MPHOSPH6
9230117E06Rik	
Gm30251	
Stoml3	STOML3
Mir8095	
Gm49565	
Gm55427	
Pmm2	PMM2
Gm12129	
Gm23520	
Gm12131	
Gm25200	
Gm24192	RNU1-54P
Spock3	SPOCK3
Gm12132	
Gm14767	
Capn6	CAPN6
Gm12133	
Gm12135	
Gm12136	
Gm55431	
Gm12137	
Mir6516	
Top3a	TOP3A
Eloc	ELOC
6430500D05Rik	
Gm23675	
Or13l2	
Gm13007	
Hpdl	HPDL
Frem2	FREM2
Gm12993	
Crisp3	CRISP3
Eloa	ELOA
Gm55235	
Gm43845	
Gm15593	
Mir1901	
Gm49968	
Gm15596	
Tmem241	TMEM241
Vax2	VAX2
Capn12	CAPN12
Gm6276	
Gm25054	RNU6-1300P
Itfg2	ITFG2
Phf1	PHF1
Gm14764	
Gm55194	
Gm6964	
Gm14761	
Gm13008	
Rbm3	RBM3
Gm24362	
Focad	FOCAD
Gm55036	
Mir6362	
Crygs	CRYGS
Gm52965	
Acss3	ACSS3
Carhsp1	CARHSP1
Idi1-ps5	
Slc35f5	SLC35F5
Ampd3	AMPD3
Litafd	LITAFD
Tbccd1	TBCCD1
Bloc1s5	BLOC1S5
C820005J03Rik	
Gm24851	RNU6-189P
Gm24851	RNU6-169P
Gm10985	
Papss1	PAPSS1
Vdr	VDR
Gm45461	
Gm45516	
Gm24236	
Cyp11a1	CYP11A1
Gm45517	
Tmem70	TMEM70
Gm18645	
Cdh13	CDH13
Gm47400	
Eef1e1	EEF1E1
Fkbp4	FKBP4
Crisp1	CRISP3
Spryd4	SPRYD4
Gm19007	
Gm18040	
Gm25437	
Gm19181	
Gm50216	
Mip	MIP
Gm22684	
Ina	INA
Gm6200	
Gm18444	
Gm47511	
Gpr39	GPR39
Gm55103	
Tbc1d2b	TBC1D2B
Gm47530	
Mef2c	MEF2C
Ly96	LY96
Gm24745	
Kat8	KAT8
Septin10	SEPTIN10
Pcgf6	PCGF6
Rasgrp3	RASGRP3
Dnajb11	DNAJB11
Atp6v1b1	ATP6V1B1
Gm55432	
Gm29649	
Smcr8	SMCR8
Gm5828	
Lypd1	LYPD1
Gm16200	
Gm22717	RNU4-20P
Gm54849	RN7SKP95
Gm22866	RNU1-115P
Tmem106c	TMEM106C
Gm2497	
Gm45722	
Gm24035	RNU6-1188P
Gm12138	
Arhgef12	ARHGEF12
Gm45721	
Gm50319	
Mat2b	MAT2B
Gm23140	
Taf5	TAF5
Gm45720	
Gm22999	
Mylk3	MYLK3
Gm28376	
4921511E07Rik	
Gm42881	
Jph1	JPH1
Olfr375-ps1	
Gm55139	
Gm22421	
Dkk2	DKK2
Prss8	PRSS8
Atp5mk	ATP5MK
Gm23223	
Gm53043	
Sowahc	SOWAHC
Gdap1	GDAP1
Lin7a	LIN7A
Gm42880	
Riok3	RIOK3
Gm55140	RNU6-623P
Gm55140	RNU6-1294P
Ufm1	UFM1
Usp7	USP7
Pdcd11	PDCD11
Gm54999	
Plekhh1	PLEKHH1
Gm42883	
Dgkq	DGKQ
Ankrd53	ANKRD53
Rnf141	RNF141
Cuta	CUTA
Kcnv1	KCNV1
Tex261	TEX261
Gm53014	
Gm38117	
Gm2203	
Gm55503	
Myf5	MYF5
Gm5472	
Gm26063	
Gm49075	
Gm54862	
Gm31026	
Gm49079	
Gm28785	
Gm38541	
Gm8109	
Gm18018	
Gm23665	
Gm7508	
Gimd1	GIMD1
Rbm6-ps1	
Col2a1	COL2A1
Myf6	MYF6
Gm6075	
Gm25166	
Gm7443	
Gm37289	
Hecw2	HECW2
Gm37255	
Gm38014	
Gm13321	
Chn2	CHN2
Gm9402	
Sec14l1	SEC14L1
Ptprq	PTPRQ
Aimp1	AIMP1
Pter	PTER
Mir491	MIR491
Gm12645	
Zswim5	ZSWIM5
Gm29605	
Gm29604	
Gm5831	
Gm37665	
Gm20561	
Gm29408	
Gm5620	
Gm36960	
Gm29602	
Gm37812	
Gm18378	
Gm37457	
Gm37040	
Tlcd5	TLCD5
Gm55849	
Lyve1	LYVE1
Trpc4	TRPC4
Gm55761	RNU6-1309P
Gm55761	RNU6-1088P
Gm55762	
Gm22092	
Gm12998	
Gm28652	
Rpl11	RPL11
A730094K22Rik	
Zic1	ZIC1
C1ql3	C1QL3
Prss36	PRSS36
Gm37824	
Calhm2	CALHM2
Mir6968	
Gm37811	
Gm37356	
Tbp	TBP
Gm37742	
Rsu1	RSU1
Tll1	TLL1
Pou2f3	POU2F3
Gm25289	
Rmc1	RMC1
Calhm1	CALHM1
Calhm3	CALHM3
Otogl	OTOGL
Pigh	PIGH
Anxa1	ANXA1
Gm55002	
Gm8255	
Gm13009	
Gm55764	
Id3	ID3
Arg2	ARG2
Tasl	TASL
Gm14772	
Asb11	ASB11
E2f2	E2F2
Gm48780	
Vti1b	VTI1B
AA672651	
Gm35521	
Mir710	
4921524J17Rik	C16orf87
Fanci	FANCI
Gm38156	
Gm37780	
Gm55905	
Gm37160	
Urod	UROD
Map1a	MAP1A
Hmmr	HMMR
Gm45594	
1700051O22Rik	
Cpe	CPE
Rpl26-ps6	
Oaf	OAF
Clock	CLOCK
Gm17195	
Gm17194	
Rdh11	RDH11
Zic4	ZIC4
Gm29685	
Gm47999	
P4ha1	P4HA1
Gm15211	
Samt3	
Nr0b1	NR0B1
Gm45518	
Gpt2	GPT2
Mir7681	
Gm24251	
Gm37633	
Asb9	ASB9
Gm25829	
Crispld1	CRISPLD1
Gm14978	
Tbck	TBCK
Gm55444	
Gm11745	
Nudcd2	NUDCD2
Mageb4	MAGEB2
Dync1i2	DYNC1I2
Gm8839	
Mageb10-ps	
Tbc1d25	TBC1D25
Asap3	ASAP3
Shmt1	SHMT1
Fam98a	FAM98A
Gm37477	
Gm37987	
Gm26101	
Trim29	TRIM29
Rdh12	RDH12
Npc1	NPC1
Msmo1	MSMO1
Ahsg	AHSG
Gm28153	
Gm7690	
Gm18775	
Gm17969	
Gm28755	
Gm45784	
Ccdc150	CCDC150
Vrk1	VRK1
Dnaja2	DNAJA2
Gm47475	
Gm28215	
Pdcd2	PDCD2
Gm5364	
Gm47542	
Nectin1	NECTIN1
Gm45424	
Klhl2	KLHL2
Tcea3	TCEA3
Il1rapl1	IL1RAPL1
Ankrd29	ANKRD29
Gm7177	
Gm9360	
Gm50099	
Neurl1a	NEURL1
Gm4710	
Gm24126	
Gm26124	Y_RNA
Gm26124	RNY1P14
Gm18366	
Gm6496	
Rpsa-ps8	
Gm17538	
Ccdc33	CCDC33
Gm4711	
Gm50029	
Gm50030	
Gm5229	
Gm50031	
Crisp2	CRISP2
Gm14775	
Gm8855	
Gm14776	
Gm25805	U6
Hapstr1	HAPSTR1
Gm42872	
Gm24812	RN7SL240P
Gm22322	
Gm42876	
Gm14774	
Gm9403	
Gm25006	RNU6-900P
Gm8858	
Npnt	NPNT
Gm14793	
Gm8864	
Gm55041	
Gm14795	
Gm10247	
Gm14792	
Gm49447	
Ppp4r3c-ps	
Gm14794	
Gm18722	
Ebp	EBP
Fetub	FETUB
Gm10997	
9530036M11Rik	
Gm45345	
Gm45405	
Hectd3	HECTD3
Gm55331	RN7SKP114
Gm45242	
Gm15526	
Neto2	NETO2
Prr15	PRR15
Nagk	NAGK
Crisp4	CRISP1
Gm16072	
Lama3	LAMA3
Gm36693	
Gm50339	
Gm8876	
Gm55328	
Aldh1a1	ALDH1A1
Gm27000	
Mir1906-2	
Gm55207	
Gm5759	
Gm8880	
Gm16412	
Gm14791	
Ube2n-ps1	
Gm14796	
Gm43658	
Gm14797	
Gm7467	
Gm18439	
Pdcl2	PDCL2
Gm14805	
Dcaf8l	DCAF8L2
Dcaf8l	DCAF8L1
Gm55448	
Gm12618	
Ccng1	CCNG1
Defb18	DEFB113
Gtf3c3	GTF3C3
Ppp1r12a	PPP1R12A
Gm16017	
Dcx	DCX
Flt1	FLT1
Actn4	ACTN4
Gm6684	
Aldh1a7	ALDH1A1
Gm24446	
Hmgb1-ps1	
Platr13	
Gm12140	
Hspd1-ps3	
Btf3-ps7	
A230004M16Rik	
Prdm9	PRDM7
Paip2b	PAIP2B
Mir8109	
Itfg1	ITFG1
Dhrs7b	DHRS7B
Gm34066	C2orf66
Nckap5	NCKAP5
Gm23014	
Gm5312	
Tmc1	TMC1
Gm6342	
Wipf3	WIPF3
Rpl39l	
Zfp46	ZNF436
Gm12143	
Gm49455	
Tmem11	TMEM11
Tmem192	TMEM192
Hrg	HRG
Natd1	NATD1
Atf7ip2	ATF7IP2
Gm13013	
Gm12997	
Sh3pxd2a	SH3PXD2A
Hnrnpr	HNRNPR
Septin9	SEPTIN9
Gm18564	
Gm6686	
Scrn1	SCRN1
Gm7450	
Gm3507	
4933401D09Rik	
Crim1	CRIM1
Trim75	TRIM22
Trim60	TRIM60
Fkbp14	FKBP14
Csmd3	CSMD3
Trim61	TRIM61
Gm45249	
Gm7624	
Vaultrc-ps1	Vault
Vaultrc-ps1	VTRNA2-2P
Marchf1	MARCHF1
Gm23326	RNU6-905P
Gm10688	
Gm30674	
E230034D01Rik	
Gm3318	
Pawr	PAWR
Gm16130	
Gm14804	
Gm6973	
Cftr	CFTR
Gm15048	
Ppp4r3c2	PPP4R3C
Gm47345	
Thy1	THY1
Gm7108	
Gm55222	
Sertm2	SERTM2
Nanog-ps1	
Fth1-ps	
Mageb11	
Gm55223	
Gm14786	
Ulbp3	
Gm8908	
Gm49380	RNF26
Gm14788	
Mageb2	MAGEB6B
Mageb2	MAGEB6
Gm23105	
B020014A21Rik	
Gm29396	
Gm8155	
Gm28054	
Gm14783	
Gm48097	
Gm29397	
Gm6667	
Mageb6b1	MAGEB6B
Mageb6b1	MAGEB6
Mir6995	
Gm50236	
Gm55527	
Gm9621	
Gm47466	
Gm50243	
H60c	
Gm47165	
Mageb6b2	MAGEB6B
Mageb6b2	MAGEB6
Zfand5	ZFAND5
Gm5369	
Smco4	SMCO4
Gm14787	
Gm8916	
Gm14785	
Gm55541	
Gm29201	
1700084M14Rik	
Mmut	MMUT
Gm29199	
Gm18703	
Gm24200	
Gm5370	
Mageb17-ps	
Ppp1r14c	PPP1R14C
Mageb5b	MAGEB5
Gm28934	
Gm55030	
Dipk2a	DIPK2A
Ttc39c	TTC39C
Glra2	GLRA2
Gm43155	
Gm39404	
Pomp	POMP
Gm24178	
Gm29395	
Gm55530	
Iyd	IYD
Slc9a9	SLC9A9
Stn1	STN1
Zfyve26	ZFYVE26
Syt1	SYT1
Defb41	DEFB110
Gm44699	
Irag1	IRAG1
Gm15236	
Mtm1	MTM1
Gm49854	
Gm49855	
Gm24667	
Gm49857	
Gm49456	
Gm17837	
Gm55056	
Ldha-ps3	
Gm5252	
Kng2	KNG1
Gm37161	
Gm6771	
Gm24075	
Gm49858	
Gm37936	
Notch2	NOTCH2
Ptchd4	PTCHD4
Gm28343	
Gm38177	
Gm28344	
Gm5261	
Gm35648	
Tfap2d	TFAP2D
Idua	IDUA
Gm16045	
Map2k3	MAP2K3
Opn5	OPN5
Gm10075	
Pgap1	PGAP1
Gm23515	RNU6-97P
Gm15355	
Gm26123	
Gm24205	RNU6-2
Gm15354	
Gm19557	
Gm15356	
Gm16262	
Gm50129	
Tma16	TMA16
Mir7656	
Gm47168	
Slk	SLK
Chst2	CHST2
Chd1	CHD1
Gm8449	
Gm19193	
Deup1	DEUP1
Dmrta1	DMRTA1
Gm12629	
Zfp352	KLF18
Mir1948	
Cabyr	CABYR
Gm12633	
Gm12634	
Gm12635	
Gm12636	
Gm12632	
Gm25244	
Gm12643	
Gm12644	
Elavl2	ELAVL2
Gm42819	
Gm23196	
Postn	POSTN
Gm32568	
Tktl2	TKTL2
Gm16330	
Npy5r	NPY5R
Gm36955	
Gm19637	
Mgat5	MGAT5
Brcc3dc	BRCC3
Gm47472	
Sh2d4a	SH2D4A
Gm47477	
Gm55534	
Gm55535	
Gm23041	
Gm47329	
3110043J17Rik	
Nav3	NAV3
Gm45739	
Gm19170	
Csgalnact1	CSGALNACT1
Gm7642	
Gm5119	
Slc36a4	SLC36A4
Gm15592	
Gm15595	
Gm16336	
Plekha8	PLEKHA8
Gm6493	
Emp2	EMP2
Eif3k	EIF3K
Gm37772	
Gm37510	
Gm8451	
Gm23370	
Gm23734	
Gm38301	
Tfap2b	TFAP2B
Gm47646	
Gm24986	
Gm17031	
Gm17053	
Gm55060	RNU6-706P
Gm8130	
Tekt5	TEKT5
Gm9599	
Gm5187	
Gm17052	
Gm3234	
Gabrg2	GABRG2
3110018I06Rik	
Rad51b	RAD51B
Slc46a3	SLC46A3
Gm48711	
Mtnr1b	MTNR1B
Usp2	USP2
Nubp1	NUBP1
Pira2	LILRA2
Pira2	LILRA5
Pira2	LILRB2
Pira2	LILRB1
Pira2	LILRA4
Pira2	LILRA1
Pira2	LILRB4
Pira2	LILRB3
Pira2	LILRA6
Pira2	LILRB5
Gm15721	
Slc26a1	SLC26A1
Fez2	FEZ2
Gm50358	
Gm16068	
Cemip2	CEMIP2
Gm28341	
Gm4849	
Gm55451	
Gm38382	
Gm9006	
Gm5706	
Gm15208	
Elapor2	ELAPOR2
Gm10517	
Bcl11b	BCL11B
Tmem163	TMEM163
Mturn	MTURN
Ctr9	CTR9
Gm44008	
Znrf2	ZNRF2
Tvp23a	TVP23A
Dcaf5	DCAF5
Gm7599	
Gm15656	
Gm15654	
Osbpl1a	OSBPL1A
Ints10	INTS10
Gm44185	
Cttnbp2	CTTNBP2
Gm36935	
Exd2	EXD2
Gm47337	
Kng1	KNG1
Gm47339	
Gm47340	
Gm47338	
Gm47055	
Gm47058	
Plekhg1	PLEKHG1
Gm12653	
Mir6402	
Gm12668	
Gm12670	
Gm12667	
Gm12669	
Gm12671	
Izumo3	IZUMO3
Acmsd	ACMSD
Galnt16	GALNT16
Trp53bp2	TP53BP2
Larp7-ps	LARP7
Gm12638	
Gm22605	
Gm12639	
Gm12641	
Gm12642	
Tusc1	TUSC1
Gm12649	
Gm23443	
Gm12640	
Gm24796	
Gm55796	
Gm12650	
Gm12647	
Gm55797	
Gm12654	
Gm55798	
Gm55799	
Gm12656	
Caap1	CAAP1
Rgmb	RGMB
Gm50130	
Ldhb-ps	
Col17a1	COL17A1
Pira12	LILRA2
Pira12	LILRA5
Pira12	LILRB2
Pira12	LILRB1
Pira12	LILRA4
Pira12	LILRA1
Pira12	LILRB4
Pira12	LILRB3
Pira12	LILRA6
Pira12	LILRB5
Plaa	PLAA
Lilra6	LILRA2
Lilra6	LILRA5
Lilra6	LILRB2
Lilra6	LILRB1
Lilra6	LILRA4
Lilra6	LILRA1
Lilra6	LILRB4
Lilra6	LILRB3
Lilra6	LILRA6
Lilra6	LILRB5
Gm50034	
Gm3292	
Gm19399	
Gm25598	RNU6-968P
Hdac1-ps	
Eif3s6-ps3	
Gm49777	
Gm46610	
Adgrf4	ADGRF4
Gm15594	
Pkhd1	PKHD1
Gm43843	
Gm55269	
Gm23648	RNU6-116P
Gm43228	
Gm5874	
Lsm8	LSM8
Tnrc6c	TNRC6C
Gm16300	
Nod1	NOD1
Gm23530	
Gm25007	RNU2-72P
Gm7517	
Gm49185	
Gm46364	
Gm23185	RNU6-871P
Gm23185	RNU6-512P
Gm2333	
Gm23848	RNU6-199P
Gm23817	
Gm49186	
Gm47852	
Gm49198	
Gm19303	
Erh	ERH
Gm2361	
Gm34562	
Eif3h	EIF3H
Ciita	CIITA
Gm44580	
Gm4786	
Gm3320	
Gm7477	
Gm5223	
Gm6705	
Polg	POLG
Gm49775	
Gm7483	
H3f5	
Ift74	IFT74
Adgrf2	
Gm22062	
Gm15224	
Gm15225	
Glt8d1	GLT8D1
Mageb18	MAGEB18
Gm6982	
Gm25332	U6
Gm25332	RNU6-168P
Gm55240	
Gemin8	GEMIN8
Gm47879	
Slc39a9	SLC39A9
Zfp960	
Gm5978	
Zfp97	
Oaz1-ps	
Vit	VIT
Gm24230	
Ankrd7	POTEA
Utp23	UTP23
Gm47874	
Plekhd1	PLEKHD1
Gm15227	
Gstcd	GSTCD
Pola1	POLA1
Gm43498	
Gm55278	
Rad21	RAD21
Gm6655	
Eif3s6-ps4	
Gm55279	
Mir6370	
Ggct	GGCT
Gm15549	
Zfp423	ZNF423
Gm5258	
Gm28627	
Gm37315	
Gm15795	
Gm24162	
Lincmd1	
Gm22828	RNU6-463P
Gm18482	
Ccdc177	CCDC177
Mir206	MIR206
Gm8456	
Mir133b	MIR133B
Il17a	IL17A
Gm55123	
Il31ra	IL31RA
Gm43501	
Gm47941	
Gm42581	
Gm19102	
Susd6	SUSD6
Gm16149	
Gm23960	SNORA72
Gm26373	RNU6-1238P
Gm55556	
Kcnd2	KCND2
Ccnt2	CCNT2
Gm16148	
E2f7	E2F7
Lrrc19	LRRC19
Riok2	RIOK2
Gm48926	
Gm19236	
Aard	AARD
Gm18077	
Gm42583	
Gm48266	
Gars1	GARS1
Gm5457	
Gm2387	
Gm7543	
Slc30a8	SLC30A8
Gm48515	
Gabra1	GABRA1
Synpr	SYNPR
Mir872	
Gm23298	RNU6-592P
Rnf220	RNF220
Srsf5	SRSF5
Rpl15-ps6	
Gm23545	RNU6-567P
Gm23267	
Gm53040	
Med30	MED30
Cnep1r1	CNEP1R1
Gm55558	
Lix1	LIX1
Gm15733	
Mir879	
Rnf26	RNF26
Fgfrl1	FGFRL1
Ext1	EXT1
Gm14780	
Gm19148	
Mtmr1	MTMR1
Gm42874	
Fat3	FAT3
Gm42873	
Ints12	INTS12
Gm42584	
5330437M03Rik	
Gm55287	
Tspan12	TSPAN12
Cd2ap	CD2AP
Gm43254	
Gm15913	
Glmp	GLMP
Sntn	SNTN
Gm27926	
Samd12	SAMD12
Gm50281	
Il17f	IL17F
Gm26085	
Gm24805	
Gm50282	
Sfr1	SFR1
Grm3	GRM3
Rpl19-ps4	
Gm54793	
Gm3637	
Gnl3	GNL3
Gm42455	
Gm23312	
Gm4959	
Ankrd44	ANKRD44
Rnf212	RNF212
Gm23200	
Mir28c	
Tnfrsf11b	TNFRSF11B
Lpl	LPL
Cfap43	CFAP43
Gm7566	
Gm5215	
Colec10	COLEC10
Gm42828	
Gm18152	
Gm42834	
Gm20070	
Mal2	MAL2
Gm42833	
Tmem79	TMEM79
Gm3321	
Tmed11	
Gm48726	
Gm5611	
Gm23698	
Gm2594	
Gm22186	
Gm48846	
Ccn3	CCN3
Gm22236	RNU6-50P
Gm48848	
Gm4977	
Gm48849	
Clec2g	CLEC2D
Gm7680	
Timeless	TIMELESS
Gm48850	
Gm48856	
Gm55406	
Gm7692	
Stra6	STRA6
Vmn2r8	
Ppa2	PPA2
Gm7577	
Enpp2	ENPP2
Cubn	CUBN
Gabra6	GABRA6
Gm18594	
Rgs12	RGS12
Tnfrsf21	TNFRSF21
Mir8090	
Gsto1	GSTO1
Strn	STRN
Mir7649	
Gm8778	
Clec2f	
Snord69	SNORD69
Gm24916	SNORD19B
Snord19	SNORD19
Tmem260	TMEM260
Gm16186	
Klrb1f	KLRB1
Gm3226	
Gsto2	GSTO2
Tmem161b	TMEM161B
Ephb2	EPHB2
Gm45780	
Slc18a1	SLC18A1
Gm55209	
Hsd3b1	HSD3B2
Hsd3b1	HSD3B1
Trpc5	TRPC5
Gm10616	
Mir9-3	MIR9-3
A330074H02Rik	
2900037B21Rik	
Gm37608	
Smg5	SMG5
Map4k1	MAP4K1
Gm43992	
Crhr2	CRHR2
Gabrb2	GABRB2
Gm49863	
Gm18649	
Adgrf1	ADGRF1
Trpc5os	TRPC5OS
Gm15071	
Trdmt1	TRDMT1
Mageb16-ps1	
Rtl4	RTL4
Gm15716	
Atp6v1b2	ATP6V1B2
Gm55251	
Gm49223	
Gm8216	
Gm46432	
Gm26913	
Mir3472	
Gm25097	
Gm4059	
Gm15073	
Gm4066	
Gm6441	
Gm47745	
Slc10a1	SLC10A1
Lhfpl1	LHFPL1
Gm4076	
Gm47746	
Slc35b3	SLC35B3
Syngap1	SYNGAP1
Porcn	PORCN
Gm55475	RN7SKP24
Gm9972	
Atp10b	ATP10B
Smoc1	SMOC1
Ncl	NCL
Slc25a12	SLC25A12
Gm12146	
Gm12147	
Mir146	
Gm12152	
Pwwp2a	PWWP2A
Itprip	ITPRIP
Lzts1	LZTS1
Gm55360	
Cfap58	CFAP58
Hao2	HAO2
Ttc1	TTC1
Dexi	DEXI
Zfp930	
Gm33178	
Gm7684	
Zfp781a	
Eif4a2	EIF4A2
Gm7688	
Gmip	GMIP
Sorcs3	SORCS3
Gm12441	
Gm22341	
Gm24216	
Paqr6	PAQR6
Gm37370	
Snora75	
Adra1b	ADRA1B
Gm55461	
Mir3535	
A130048G24Rik	
Gm55462	SNORD20
Snord82	SNORD82
Capn2	CAPN2
Gm12154	
Gm12155	
Il12b	IL12B
C1qb	C1QB
Ublcp1	UBLCP1
Tet2	TET2
C1qc	C1QC
Gm13641	
Gm55361	
Gm50436	
Hat1	HAT1
4930535F04Rik	
Gm50444	
Gm6975	
Mir3067	
Slc8a3	SLC8A3
Gm55362	
Siah1-ps1	
Rpl13a-ps1	
C1qa	C1QA
Gm55372	
Gm45352	
Gm26629	
Epha8	EPHA8
Gm55373	
Gm50317	
Clec2e	CLEC2D
Gm25644	RNU6-1316P
Gm50325	
Gm55501	
Gm12156	
Rnf145	RNF145
Inmt	INMT
Gm50326	
Rpl31-ps18	
Gm50330	
Gm49519	
Ins1	INS
Gm26160	
Gm47349	
Clec2d	CLEC2D
Gm49096	
Gm5195	
Gm35766	
Ccnh	CCNH
Gm49151	
Gm50331	
Zbtb40	ZBTB40
Gm54806	RNU6-92P
Xpnpep1	XPNPEP1
Otx2	OTX2
Gm55299	
Mindy4	MINDY4
Gm45908	
Gm37069	
Nmur1	NMUR1
Tex44	TEX44
Gm13642	
Gm55918	
Vim	VIM
Rpl30-ps6	
S2bpcox16	
Map3k19	MAP3K19
Gm37695	
Ebf1	EBF1
Dlg2	DLG2
Gm49316	
Bglap3	BGLAP
Evl	EVL
Gm23834	
Gm55824	
Gm55825	
Gm13005	
Gm13002	
Tek	TEK
Gm23011	
Gm21956	
Gm37228	
Bglap2	BGLAP
Gm30484	
Bglap	BGLAP
Mcm3	MCM3
Wars2	WARS2
Gm44073	
Gm55301	
Lpar2	LPAR2
Cd69	CD69
Ddx4	DDX4
Gm16131	
Gm12158	
Islr	ISLR
Mir6928	
Gm38087	
Gm37312	
Gm12161	
Gm22284	
Gm12163	
Naglu	NAGLU
Gm47174	
Chordc1	CHORDC1
Pbx4	PBX4
Taf2	TAF2
St8sia6	ST8SIA6
Gm55531	
Hsd17b1	HSD17B1
Aqp1	AQP1
Gm49154	
Gm48909	
Gm25380	
Ghrhr	GHRHR
Gm49153	
Gm43024	
Gm49156	
Gm18982	
Mir6481	
Gm42717	
Gm22699	RNU6-932P
Coasy	COASY
Pmf1	PMF1
Gm49152	
Gm46453	
Gm49155	
Gm23470	
Exoc5	EXOC5
Gm37126	
Metap1d	METAP1D
Gm20587	
Gm28065	
Gm24723	
Sf3b1	SF3B1
Cilp2	CILP2
Gm19178	
Gm26820	
Islr2	ISLR2
Tbx15	TBX15
Gm44750	
Gm5138	
Yjefn3	YJEFN3
Ing3	ING3
Amot	AMOT
Ndufa13	NDUFA13
Dscc1	DSCC1
Gm43120	
Tssk6	TSSK6
Gm12449	
M6pr-ps	
Gm12448	
Clint1	CLINT1
Gm22505	
Tacr3	TACR3
Nkd1	NKD1
Mir3097	
Gm43791	
Vmn2r9	
Gm4860	
Gm43036	
Gm43035	
Gm2142	
Gm55241	
Gm18546	
E330011M16Rik	
Gm43033	
Ptma	PTMA
Gm20629	
Slc25a44	SLC25A44
Gm55922	RNU6-450P
Dlx1	DLX1
Gm10417	
Vmn2r-ps21	
Wnt4	WNT4
Gm49204	
Gm42627	
Gm18971	
Ap5m1	AP5M1
Gm18595	
Deptor	DEPTOR
Mtus2	MTUS2
Slc38a9	SLC38A9
Dlx2	DLX2
Cdc42	CDC42
Gm42814	
Spag17	SPAG17
Paqr8	PAQR8
Gm13647	
Itga6	ITGA6
Mfrp	MFRP
Gm45496	
Snx20	SNX20
Gm24171	
Gm28064	
Efhc1	EFHC1
Mir3083	
Zbtb9	ZBTB9
Gm5644	
Gm15060	
Gm55263	
Gm15058	
Gm6446	
Gm50253	
Gm15057	
Gatad2a	GATAD2A
Gm6447	
Gm15062	
Gm4918	
Hmgb1-ps2	
Cd99l2	CD99L2
Gm50254	
Adgrf5	ADGRF5
Gm18883	
Plpp1	PLPP1
Pde6d	PDE6D
Lsm11	LSM11
Gm26296	
Gm18787	
Gm49257	
Naa30	NAA30
Mrpl13	MRPL13
Snord2	SNORD2
Gm24201	SNORA63B
Gm55082	
Snora81	SNORA81
Gm26447	SNORA63
Gm24616	SNORA4
Rfc4	RFC4
Thg1l	THG1L
Rpl36-ps7	
Tra2b-ps	
Spag17os	
Gm37152	
Coq10b	COQ10B
Mir6407	
Add3	ADD3
Rasa1	RASA1
Cenpe	CENPE
Gm48935	
Ccdc198	CCDC198
Mir342	MIR342
Degs2	DEGS2
Gm55831	RNU6-1121P
Rpl31-ps10	
Cela3a	CELA3B
Cela3a	CELA3A
Spats2	SPATS2
Ggnbp1	
Gm55059	
Gm48048	
Gm34220	
Yy1	YY1
Cela3b	CELA3B
Cela3b	CELA3A
Sox30	SOX30
Gm17971	
Tram2	TRAM2
Gm12165	
Sft2d1rt	SFT2D1
Gm49624	
Adipoq	ADIPOQ
Mlx	MLX
Gm48936	
Slc35f4	SLC35F4
Gm6630	
Gm15746	
St6gal1	ST6GAL1
Slc25a29	SLC25A29
Gm25135	
Heatr5b	HEATR5B
Cox16	COX16
1700013G24Rik	
Gm28287	
Rab3gap1	RAB3GAP1
Gm25004	
Vmn2r13	
Fggy	FGGY
Gm43919	
Hgfac	HGFAC
Gm43920	
Cped1	CPED1
Gm22116	
Gm54822	
Armh4	ARMH4
Wdr3	WDR3
Gm55086	
Nod2	NOD2
Gm55087	RNU6-1133P
Rtp1	RTP1
Masp1	MASP1
Gm37641	
Gm47635	
Gm16189	
Gm5666	
Gm47636	
Gm8421	
Gm46396	
Gm55267	
Cox7c	COX7C
Ftsj1	FTSJ1
Naalad2	NAALAD2
Gm16082	
Gm48950	
Gm48948	
Gm54826	
Gm49295	
Gm9198	
Or4n5	OR4N5
Snord138	
Gm27025	
Gm55179	
Gm47642	
Gm18265	
Gm55180	
Gm21232	
Gm25183	
Or4l1	OR4L1
Gm54941	RN7SKP27
Gm54941	RN7SKP33
Kcnh3	KCNH3
Gm19239	
Gm47649	
Gm27044	
Gm47651	
Gm8526	
Or4l15	OR4L1
Gm47653	
Gm19139	
Gm5667	
Gm49133	
Or4k15b	OR4K15
Mtrex	MTREX
Gm37194	
Cysltr2	
Tmem14a	TMEM14A
Gm10167	
Gm43553	
Vmn2r14	
Apon	
Gm3695	
Rhcg	RHCG
Gm4787	
Hspe1-ps2	
Adam4	
Apof	APOF
Gm8473	
Gm28370	
Dok7	DOK7
Slc25a47	SLC25A47
Csrp2	CSRP2
Gm38224	
Cops7b	COPS7B
Bdh2	BDH2
Or4k15c	OR4K15
Mcrs1	MCRS1
Wnt16	WNT16
Or4k15	OR4K15
Gm49970	
Gm5687	
Mir345	MIR345
Synj2bp	SYNJ2BP
Gm45170	
Bak1	BAK1
Gm45162	
Impact	IMPACT
A930002H02Rik	
Gm45161	
Gm45159	
Or4k1	OR4K1
Gm45178	
Gm45179	
Gm55873	
Gm55874	
Gm45176	
Or4k5	OR4K5
Gm45177	
Gm45182	
Gm24552	RNU6-346P
Gm45183	
Gm44678	
Gm55875	RNU6-401P
Gm55875	RNU6-293P
Gm44679	
Or4k2	OR4K2
Gm44675	
Gm44676	
Gm44677	
Olr1	OLR1
Gm44680	
Gm44681	
Or4k6	
Gm23928	
C030038I04Rik	
Gm45130	
Gm49514	
Gm45129	
Or4n4	OR4N4C
Or4n4	OR4N4
Or4n4	
Gm45131	
Gm45338	
4931412I15Rik	
B230206I08Rik	
Gm45201	
Gm55476	
Eif4g2	EIF4G2
Gm37022	
Rasal2	RASAL2
Slc7a1	SLC7A1
Or4n4b	OR4N4C
Or4n4b	OR4N4
Or4n4b	
Rtp4	RTP4
Hmgb3	HMGB3
Gm17995	
Gm55249	
Gm55250	
Gm17910	
Gm37338	
Or4m1	OR4M1
Or4m1	OR4M2
Or4m1	OR4M2B
Or4m1	
Rps6-ps2	
Adam19	
Gm8747	
Il23a	IL23A
Gm45504	
Slc9b2	SLC9B2
Mir8110	
Sall1	SALL1
Or4q3	OR4Q3
Gm26943	
Ubtfl1	UBTFL1
Gm24853	
Gm17191	
Dhx29	DHX29
Lpp	LPP
Tlr11	
Adam21	ADAM21
Gm23241	
Mthfd1l	MTHFD1L
Gm6625	
Mbd3l2	MBD3L4
Mbd3l2	MBD3L3
Mbd3l2	MBD3L2B
Mbd3l2	MBD3L2
Mbd3l2	MBD3L5
Gm5356	
Or11j4	
Gm26331	
Med6	MED6
Gm24212	
Tox3	TOX3
U2surp	U2SURP
Or11g1	OR11G2
Gm50295	
Mep1a	
Olfr737-ps1	
Or11g24	
Fam3c	FAM3C
Or11g7	
Or11g25	
Or11g26	
Or11g27	
Gm19109	
Gm7371	
Gm20651	
Nid2	NID2
Gm45638	
Hook1	HOOK1
Gm55428	
Gm19935	CHD9NB
Ank1	ANK1
Ccna1	CCNA1
Gm55066	
Hrh4	HRH4
Gm5240	
Gm18083	
Gm22251	RNU6-492P
Gm41669	
Fam90a1b	CXorf58
Gm50093	
Zfp521	ZNF521
Fam90a1b	FAM90A26
Fam90a1b	FAM90A16
Fam90a1b	FAM90A17
Fam90a1b	FAM90A8
Fam90a1b	FAM90A20
Fam90a1b	FAM90A24
Fam90a1b	FAM90A13
Fam90a1b	FAM90A12
Fam90a1b	FAM90A11
Fam90a1b	FAM90A9
Fam90a1b	FAM90A14
Fam90a1b	FAM90A22
Fam90a1b	FAM90A10
Fam90a1b	FAM90A18
Fam90a1b	FAM90A1
Fam90a1b	FAM90A15
Fam90a1b	FAM90A3
Fam90a1b	FAM90A7
Fam90a1b	FAM90A5
Fam90a1b	FAM90A23
Fam90a1b	FAM90A19
Gm16570	
Gm19617	
Ttc9	TTC9
Vmn2r17	
Gm49458	
Mir8100	
Gm16033	
Gm25999	
Fam186b	FAM186B
Gm16034	
Nipal4	NIPAL4
Slc38a5	SLC38A5
Gm49654	
Map3k9	MAP3K9
Nppc	NPPC
Mir7239	
Psmc3ip	PSMC3IP
Prpf40b	PRPF40B
Gm8795	
Vmn2r94	
Ccno	CCNO
Gm18555	
Gm37788	
Gm8488	
Gm37578	
Ubl3	UBL3
Gm6058	
Gm37060	
Hspd1	HSPD1
Gm13663	
Gm13662	
Gm13739	
Pdk1	PDK1
Ankrd66	ANKRD66
Gm43555	
Gm50094	
8430422H06Rik	
Gm2077	
Mcidas	MCIDAS
Vmn2r93	
Gm50095	
Gm5160	
Gm8775	
Gm50098	
Gm6457	
Ss18	SS18
Gm55255	
n-R5s194	
Gm34023	
Gm38131	
Gm37029	
Gm22944	
Gm22944	SNORA38B
Gm37763	
Slc9b1	SLC9B1
Edil3	EDIL3
Vmn2r95	
Gm43630	
Tmem52b	TMEM52B
1700013A02Rik	
4930423D22Rik	
Gm29815	
Gm47080	
Wars1	WARS1
Lrpap1	LRPAP1
Retreg3	RETREG3
Gm49963	
Vmn2r-ps114	
Vmn2r96	
Vmn2r-ps115	
Vmn2r-ps116	
Gm44120	
Vmn2r-ps117	
Gm8927	
Gm8930	
Itpr3	ITPR3
Gm18861	
Gm55347	
Gm55348	
Gm43629	
Gabarapl1	GABARAPL1
Hspe1	HSPE1
Clec16a	CLEC16A
Rtraf	RTRAF
Gm37801	
Gm6140	
Gm44243	
Gm44251	
Cisd2	CISD2
Klre1	KLRC4
Klre1	KLRC3
Klre1	KLRC2
Klre1	KLRC1
Gm5147	
Gm13746	
Gm16581	
Gsta3	GSTA5
Ppip5k1	PPIP5K1
Gdap2	GDAP2
Foxp1	FOXP1
D14Ertd670e	
Rcbtb2	RCBTB2
Adra2c	ADRA2C
E130018O15Rik	
Tubg1	TUBG1
Hmx1	HMX1
Zranb3	ZRANB3
4930442P19Rik	
Gm43377	
Speer1b	
Gpm6b	GPM6B
Gm8929	
Gm29066	
Gm38242	
Gm42910	
Gm8953	
Sema3d	SEMA3D
Cdc20b	CDC20B
Cyp2j13	CYP2J2
Gm55579	
Tubg2	TUBG2
Mir449c	
Mir449b	
Hapln1	HAPLN1
Gm23262	SNORD97
Mir7677	
Gm45378	
Pla2g7	PLA2G7
Gm55889	
5430402P08Rik	
Gm5338	
Galnt18	GALNT18
Mir449a	MIR449A
Gm8546	
Gm10735	
Gpx8	GPX8
Gm6343	
Gm47462	
Gm47463	
Gm47464	
Arl15	ARL15
Ulk2	ULK2
Gm53021	
Hspe1-ps6	
Cyp2j12	
Gm16074	
Gm24924	
Gm22079	RNU6-260P
Psma8	PSMA8
Gm25515	
5033424D13Rik	
Gm47479	
Gm25369	U8
Wdr25	WDR25
A430090L17Rik	
Zdhhc17	ZDHHC17
2810428J06Rik	
Gm43379	
Gm8925	
Gm25802	SNORD81
Gm37907	
Gm12464	
Gm42909	
4631422I05Rik	
Gm10748	
Gm47558	
Gm42580	
Tent5c	TENT5C
Dip2c	DIP2C
Ccdc90b	CCDC90B
Cyp2j7-ps3	
Cyp2j7-ps2	
Cyp2j7-ps1	
Cyp2j7	
Hmgb1	HMGB1
Hmgb1	HMGB1P1
Cyp2j15-ps	
St3gal3	ST3GAL3
Zfhx4	ZFHX4
Gm38248	
Gm47980	
Gm18405	
Taf4b	TAF4B
Begain	BEGAIN
Rpl28-ps1	
Gm37625	
Gm38026	
Uqcc2	UQCC2
Cryzl2	
Cyfip2	CYFIP2
Gm50316	
Ip6k3	IP6K3
Man1a2	MAN1A2
Gm21055	
Vmn2r99	
Gm9474	
Kctd1	KCTD1
Vmn2r-ps121	
Tdrd6	TDRD6
Zfp558	ZNF558
Gm55894	
Gm45588	
Mif-ps7	
Gm23345	
Gm55076	
Gm55077	
Ticrr	TICRR
Pcnx1	PCNX1
Cyp2j11	
Mrpl27-ps	
Gm50035	
Aqp4	AQP4
Gm55430	
C1qtnf5	C1QTNF5
Gm42787	
Khdc1a	KHDC1
Khdc1a	KHDC1L
Gm42788	
Gm55482	
Gm43332	
Gm4751	
Speer3	
Khdc1c	KHDC1
Khdc1c	KHDC1L
Cyp2j14-ps	
Cyp2j8	
Gm8968	
Vmn2r100	
Mob4	MOB4
Gm35702	
Dnd1-ps	
Gm55489	
Sema3e	SEMA3E
Cyp2j6	
Lemd2	LEMD2
Spart	SPART
Fmnl3	FMNL3
Paqr9	PAQR9
Cyp2j9	CYP2J2
Mbd3l1	MBD3L1
Vmn2r101	
Gm28164	
Gm43519	
Gm20444	
Gm25582	
Gm4128	
Gm47327	
Gm16127	
Gm43523	
Pcolce2	PCOLCE2
Pclo	PCLO
Gm26724	
Gm53009	
Slc25a27	SLC25A27
Cyp2j5	
Gm48851	
Rpl6l	
Gm55609	RNU6-589P
Gm55609	RNU6-211P
Gm8873	
Akap12	AKAP12
Gm2709	
Itpa-ps2	
Muc16	MUC16
Gm16533	
Khdc1b	KHDC1
Khdc1b	KHDC1L
Dis3l2	DIS3L2
Vmn2r102	
Gm12695	C1orf87
Gm55435	RN7SKP248
Gm24546	
Or1m1	OR1M1
Vmn2r-ps122	
Gm50328	
Mir7214	
Ark2n	ARK2N
Vmn2r103	
Pml	PML
Zbtb2	ZBTB2
Vmn2r-ps123	
Gm55858	
Gm27521	
Gm12696	
Gm12697	
E130114P18Rik	
Vmn2r-ps124	
Vmn2r-ps125	
Gm26014	
Vmn2r104	
Haus1	HAUS1
Gm21781	
Rmnd1	RMND1
Gm3547	
Vmn2r-ps126	
Mir7216	
Gm49795	
Fpr-rs7	FPR2
Vmn1r-ps139	
Mir7217	
Mir7218	
Cyp39a1	CYP39A1
Atp5f1a	ATP5F1A
Gm43466	
Gm42869	
Gm43462	
Kdm4a	KDM4A
Gm43463	
Gm55391	
Gm12485	
Gm36339	
Gm55266	
Pex2	PEX2
Gm50393	
Dusp5	DUSP5
Ankrd42	ANKRD42
Nutf2-ps1	NUTF2
Gm50402	
Smc3	SMC3
Gm26918	
Gm42446	
Gm42447	
Gm42448	
Gm42444	
Gm42445	
Gm43663	
Gm26954	
Fndc9	FNDC9
Gm43662	
Gm43665	
Gm9758	
Gm12568	
Plekhh3	PLEKHH3
Gm8797	
Speer4e1	
Vtcn1	VTCN1
Gm49749	
Gm16153	
Gm55080	
Osbpl8	OSBPL8
Dlk1	DLK1
Gm25783	
Vmn2r-ps127	
Gm29097	
Vmn2r107	
Gm29055	
Speer4e2	
Gm37485	
Gm38142	
Gm38010	
Gm37541	
Gm17019	
Gm38021	
Gm6136	
Gm37967	
Gm37017	
Gm37447	
Rftn2	RFTN2
Gm55270	
Gm22011	
Gm55271	
Gm31049	
Gm7217	
Gm6162	
Vmn1r-ps141	
Gm42673	
Gm38298	
Rcan2	RCAN2
Gm55273	
Mthfr-ps1	
Gm18658	
Gm43232	
Gm5272	
Gm25756	
Gm22074	
Gm43234	
Gm18452	
Gm8823	
Gm55516	RN7SKP157
Gm23429	RNU4-46P
Gm23429	RNU4-52P
Gm24304	
Pkia	PKIA
Gm22974	
Gm2199	
Uspl1	USPL1
Ndufs4	NDUFS4
Or7g16	OR7G2
Gm37918	
Gm8826	
Or7g17	OR7G1
Mir6385	
Gm23592	
Or7g18	
Ccdc169	CCDC169
Or7s1a-ps1	
Rbm20	RBM20
Or7g19	OR7G3
Or7s1-ps1	
Or7g12	OR7G3
Stoml1	STOML1
Mars2	MARS2
Gm47569	
Gm41073	
Gm48871	
Gm48872	
Gm55205	
Gm48888	
Fst	FST
Alppl2	ALPI
Alppl2	ALPG
Alppl2	ALPP
Gm16298	
Gm50272	
Pdcd4	PDCD4
Gm55613	7SK
Vmn1r224	
Loxl1	LOXL1
Vmn1r-ps142	
Vmn1r-ps143	
Apoo	APOO
Enpp5	ENPP5
Or7g24-ps1	
Alpi	ALPI
Alpi	ALPG
Alpi	ALPP
Cntnap1	CNTNAP1
Gm47040	
Mcam	MCAM
Gm55206	
Vcan	VCAN
Gm29372	
Gm17849	
Bbs10	BBS10
Kcnq5	KCNQ5
Vmn2r108	
Armt1	ARMT1
6430511E19Rik	
Gm55277	
Zc2hc1a	ZC2HC1A
Kif7	KIF7
Vmn1r225	
Mir28a	MIR28
Gm22672	
Tprg1	TPRG1
Enpp4	ENPP4
Gm18896	
Akap10	AKAP10
Gm49478	
Txndc11	TXNDC11
Trpm3	TRPM3
Gm22951	
Tmbim6	TMBIM6
Vmn2r109	
Ccdc170	CCDC170
Vmn2r110	
Gm5145	
Gm22739	
Fpr-rs3	FPR2
Gm3266	
Trim45	TRIM45
Clic5	CLIC5
Pan2	PAN2
Pstpip2	PSTPIP2
Cacnb2	CACNB2
Or7g25	OR7G1
Gm23382	
Ptprf	PTPRF
Or7g26	
Gm5492	
Gm49872	
Trpc1	TRPC1
Vmn1r226	
Vmn1r227	
Akp3	ALPI
Akp3	ALPG
Akp3	ALPP
Vmn1r228	
Gm55308	
Gm9003	
Gm14827	
F830208F22Rik	
Gm53011	
Vmn1r229	
Vmn1r230	
Gm55097	
Gm50072	
Gm24595	SNORA11G
Vmn1r-ps151	
Maged1	MAGED1
Vmn1r231	
Vmn1r-ps152	
Gm50073	
Vmn1r238	
Vmn1r232	
Gm50074	
Gm50075	
Gm5230	
Crem	CREM
Cdc42ep3	CDC42EP3
Ccr10	CCR10
Gm36949	
Gm23721	
Gm7658	
Gm12273	
Ppp2r1a	PPP2R1A
Gm27528	
Gm38243	
Gm55083	
Boll	BOLL
Gm55095	
Gm55096	
Mir1906-1	
Mir770	MIR770
Mir673	
Itk	ITK
Mir493	
Mir337	MIR337
Mir3544	
Mir540	
Mir665	MIR665
Mir3070a	
Mir3070b	
Sipa1l1	SIPA1L1
Sohlh2	SOHLH2
Zc3h7a	ZC3H7A
Pcf11	PCF11
Il7	IL7
Rpl7a-ps11	
Vmn1r-ps145	
Gm15230	
Vmn1r233	VN1R4
Gm15231	
Gm55322	
Rmdn2	RMDN2
Gm55323	
Gm8814	
Gm15228	
Tmsb4x	TMSB4Y
Or7g27	OR7G2
Gm29747	
Or7g28	OR7G2
Gm8292	
Gm5841	
Btf3-ps17	
Gm24614	
1700003N22Rik	
Gm8531	
Stmn2	STMN2
Tbc1d21	TBC1D21
Plcl1	PLCL1
Gm55532	
Gm24105	
Alox5ap	ALOX5AP
Tlr8	TLR8
Gm38056	
Gm25728	RNU1-149P
H2al1o	H2AL1Q
H2al1o	H2AL3
Pitpnm2	PITPNM2
Gm6644	
Gm45199	
Mir7226	
Gm26981	
9430015G10Rik	C1orf159
Tlr7	TLR7
Usp47	USP47
R3hdm1	R3HDM1
Ttf2	TTF2
Gm17233	
Rb1	RB1
Cyp1b1	CYP1B1
Gm7751	
Insyn1	INSYN1
Gm37555	
Zfp160	ZNF160
Zfp160	ZNF665
Gm52997	
Prps2	PRPS2
Pls1	PLS1
Dynlt3	DYNLT3
Or7g29	OR7G2
Gm16318	
Or7n1-ps1	
Xrcc4	XRCC4
Gm15239	
Gm23048	
Gm49483	
Or7g30	
Gm26368	
Nckap5l	NCKAP5L
Gm6744	
Or7g31	OR7G1
H2ap	H2AP
Garin3	GARIN3
Or7g32	
H2al3	
Olfr852-ps1	
Sytl5	SYTL5
Or7g33	
Gm38105	
Med7	MED7
Rnf223	RNF223
Gm13268	
Cd276	CD276
Nfia	NFIA
Gm13312	
2900092N22Rik	
Gm5681	
Gm13314	
Gm13311	
Vmn1r-ps146	
Vmn1r-ps147	
Vmn1r234	VN1R4
Gm37006	
Gm13315	
Vmn1r-ps148	
Gm18822	
Vmn1r235	VN1R4
Gm38273	
Gm13269	
Mir687	
Gm6986	
Gm49174	
Gm12488	
Gm49175	
Gm13316	
Htr2a	HTR2A
Sema4a	SEMA4A
Gm37437	
Gm37891	
Vmn1r-ps149	
Ckmt1	CKMT1A
Ckmt1	CKMT1B
Vmn1r236	VN1R4
Gm9212	
Gm55632	
Vmn1r237	VN1R4
Nckap5los	
Pbrm1	PBRM1
Gm10657	
Runx2	RUNX2
Lima1	LIMA1
Or7g34	OR7G1
Or7g35	
Gm12168	
Havcr2	HAVCR2
Gm55230	
Tmem167	TMEM167A
Gm45730	
Zfp317	ZNF317
Or7d12-ps1	
Gm7769	
Or7e166	
Gm55118	
Gm24145	RNU1-24P
Gm7638	
Timd5	HAVCR1
Gm6305	
Or7e167-ps1	
Rsl1d1	RSL1D1
Or7e165	
Gm12170	
Gm24507	SCARNA18
Gm12171	
Gm37727	
Gm29680	
Gm37054	
Rpl9-ps2	
Or7e168	
Gm47520	
Timd6	HAVCR1
Gm37708	
Gm21726	
Gm36966	
Gm55232	
Gm47521	
Or7e169	
Gm18518	
Atp6ap1l	
Strc	STRC
Or7d13-ps1	
Gm5754	
Frmpd4	FRMPD4
Or7e170	
Or7d10	OR7D4
Dppa1	
Gm7808	
Cbl	CBL
Rps23	RPS23
Rtl1	
Mir431	MIR431
Mir433	MIR433
Mir127	MIR127
Gm5435	
Mir434	
Gm8358	
Gm37382	
Gm29383	
Mir432	
Esr1	ESR1
Gm55100	
Mir3071	
Mir136	
Gm9071	
Gm37588	
Gm18244	
Gm36986	
Gm37868	
Gm37407	
Gm9072	
Gm48310	
Mir128-1	MIR128-1
Gm28900	
Gm9075	
Atg10	ATG10
Gm9077	
Gm28240	
Ecel1	ECEL1
Trp63	TP63
Gm18774	
Gm55107	
Mir341	
Ezh1	EZH1
Mir1188	
Gm55108	
Catsper2	CATSPER2
Mir370	MIR370
Gm24564	SNORD113-3
Gm55109	SNORD113-4
AF357425	SNORD113-6
Gm55110	SNORD113-9
Gm55111	SNORD114-30
Gm24895	SNORD114-30
DQ267100	SNORD114-30
DQ267101	SNORD114-30
Gm23508	SNORD114-30
Gm26922	SNORD114-30
DQ267102	SNORD114-30
Gm25357	SNORD114-30
Gm55112	SNORD114-30
Gm37899	
Gm17450	
Gm18890	
Gm4130	
Uqcrh-ps1	
Gm49495	
Gm23347	SNORD114-21
Gm20564	
Rab10	RAB10
Mocs2	MOCS2
Fam186a	FAM186A
B830012L14Rik	
AF357428	SNORD114-1
AF357428	SNORD114-13
AF357428	SNORD114-11
AF357428	SNORD114-3
AF357428	SNORD114-16
Gm23736	SNORD114-1
Gm23736	SNORD114-13
Gm23736	SNORD114-11
Gm23736	SNORD114-3
Gm23736	SNORD114-16
Kif3c	KIF3C
Gm55022	RNU12-2P
Larp4	LARP4
Gm14001	
Gm14000	
Nsun6	NSUN6
Rab30	RAB30
Cnpy2	CNPY2
Ubxn4	UBXN4
Gm48512	
Gm48511	
Asxl2	ASXL2
Gm15238	
Gm55333	
Gm15240	
Gm15237	
Gm8832	
Tspan7	TSPAN7
Dkk3	DKK3
Cs	CS
Olfr865-ps1	
Or7e173	OR7E24
Gm45200	
Plin1	PLIN1
5830462O15Rik	
Gm55452	
Gm47255	
Gm55453	
Or7d11	OR7D4
Or7e174	OR7E24
Prss56	PRSS56
Gm55381	
Gm5931	
Vmn1r-ps150	
Or7e175	OR7E24
Gm14470	
Gm18269	
Gm14480	
Mid1ip1	MID1IP1
Gm55647	
Zfp677	
Or8b12i	
Sec16b	SEC16B
Gm55455	
Gm55456	
Or7h8	
Or7e176	OR7E24
Gm18519	
Zfp54	
Gm55542	
Gm23182	
Gm19719	
Coq10a	COQ10A
Gm25425	RNU6-64P
Gm42425	
Or7d9	OR7D4
Gm43152	
Medag	MEDAG
Or7e177	OR7E24
Gm14493	
Gm14473	
Gm14485	
Gm14481	
H2al1a	H2AL1Q
H2al1a	H2AL3
H2al1b	H2AL1Q
H2al1b	H2AL3
Or7e178	
H2al1c	H2AL1Q
H2al1c	H2AL3
H2al1d	H2AL1Q
H2al1d	H2AL3
H2al1e	H2AL1Q
H2al1e	H2AL3
H2al1f	H2AL1Q
H2al1f	H2AL3
H2al1g	H2AL1Q
H2al1g	H2AL3
H2al1h	H2AL1Q
H2al1h	H2AL3
Zfp51	
H2al1i	H2AL1Q
H2al1i	H2AL3
Gm45815	
Gm31332	
Zfp560	ZNF121
H2al1j	H2AL1Q
H2al1j	H2AL3
Dip2b	DIP2B
Rps7-ps2	
Gm14515	
Pdia3	PDIA3
Gm14513	
Rgs6	RGS6
Gm26314	RNU6-364P
Zc3h12b	ZC3H12B
Ankrd52	ANKRD52
Gm55374	
Gm20696	
Zfp53	
Gm55375	
Gm55376	
Eif4e3	EIF4E3
Supt3	SUPT3H
Gm43151	
Rec114	REC114
Rpl23a-ps13	
Gm43150	
Gm14491	
Gm14512	
Tex26	TEX26
Las1l	LAS1L
Gm36930	
Gm12787	
Ell3	ELL3
Gm24203	Y_RNA
Gm24203	RNY1P14
Gm12788	
Szt2	SZT2
Gm44104	
Gpr27	GPR27
Ptprz1	PTPRZ1
4921534A09Rik	
Gm20620	
Gm29761	
Atr	ATR
Pex11a	PEX11A
Arl5b	ARL5B
Gm44706	
Ddias	DDIAS
Zfp52	
Gm12173	
Ramp2	RAMP2
Itga2	ITGA2
Mphosph9	MPHOSPH9
Gm4766	
Gm55654	
Zfp948	
Gm55637	
Mir6914	
Mir6915	
Gm17201	
Nap1l1	NAP1L1
Cdc5l	CDC5L
Wdr93	WDR93
Timd2	HAVCR1
Spats1	SPATS1
Serinc4	SERINC4
Msn	MSN
Gm44705	
Mesp1	MESP1
Mesp2	MESP2
Prok2	PROK2
Prcp	PRCP
Gm9104	
Aars2	AARS2
Gm47776	
Itga1	ITGA1
Gm37682	
Gm7412	
Btf3-ps6	
Lct	LCT
Cd101	CD101
Klrk1	KLRK1
Gm38257	
Gm13367	
Gm13366	
Gm13365	
Gm13368	
Malrd1	MALRD1
Gm37595	
Gm6587	
Gm37416	
Serf2	
Gm12174	
Vps25	VPS25
Tm2d1	TM2D1
Tcte1	TCTE1
Gm55555	
Gm43339	
Gm43452	
Gm21048	
Gm34423	
Mrps28	MRPS28
Gm38213	
Fbrsl1	FBRSL1
Gm38256	
Brinp2	BRINP2
Srsf7	SRSF7
Gm15467	
Mir7011	
Gm5979	
Gm15466	
Ptgfrn	PTGFRN
Gm22953	MIR1282
9530078K11Rik	
Hypk	HYPK
Gm45038	
Gm8285	
Gm6681	
Gm45039	
Gm55378	RN7SKP8
Gm55378	RN7SKP3
Gm55378	RN7SKP102
Gm49395	
2010109P13Rik	
Bc1-ps1	
Gm18197	
Adcyap1r1	ADCYAP1R1
Gm5899	
Gm44601	
Gm44602	
Gm19761	
Ssbp2	SSBP2
Gm55926	
Gm25684	
Gm8309	
Gm44603	
Gm5037	
Anpep	ANPEP
Chrnd	CHRND
Gm43465	
Gm12486	
Tpt1-ps1	
Gm12490	
Cd2	CD2
Gm24718	
Gm14925	
Gm9051	
Gm48729	
Ccdc153	DRC12
Mfap1b	MFAP1
Mir223	MIR223
Vsig4	VSIG4
Gm49474	
Gm49475	
Slc4a8	SLC4A8
Gm10355	
Gm43467	
Gm55877	RNU6-1225P
Med8	MED8
Gm14017	
Ube2d3	UBE2D3
Mfap1a	MFAP1
Hsf3	
Mcm6	MCM6
Gm32996	
Plxdc2	PLXDC2
Rxfp2	RXFP2
Dars1	DARS1
Elovl1	ELOVL1
Gspt1	GSPT1
Tmem151b	TMEM151B
Gm24004	
Hcn4	HCN4
Nfkbie	NFKBIE
Gm44974	
Ap3s2	AP3S2
Specc1	SPECC1
Nherf4	NHERF4
Gm14933	
Bcor	BCOR
Slc35b2	SLC35B2
Gm26646	
Gm44950	
Arpin	ARPIN
Zfp26	
Gm55998	
Gm13326	
Gm13325	
Rapgef4	RAPGEF4
Gm23902	
Gm29598	
Gm29597	
Gm25384	RNU6-993P
Gm55931	
Chrng	CHRNG
Mical2	MICAL2
Gm25117	
Phlda1	PHLDA1
Gm35569	
Apol7b	
Cdc20	CDC20
Gm28592	
Gm47864	
Slc39a5	SLC39A5
Hsp90ab1	HSP90AB1
Gm48738	
Zfp426	ZNF426
Pelo	PELO
Gm6506	
Gm10734	
Gm49551	
Gm25985	
Apol10a	APOL1
Apol10a	APOL4
Apol10a	APOL2
Apol10a	APOL3
Gm18759	
Gm47891	
Gm22778	
Gm6035	
Gm47892	
Gm18135	
Gm47893	
Gm12858	
Rpl34-ps2	
Mir1945	
Tnfrsf17	TNFRSF17
Apol11a	APOL1
Apol11a	APOL4
Apol11a	APOL2
Apol11a	APOL3
Acot12	ACOT12
Agrn	AGRN
Apol7c	
Gm42558	
Gm24928	RNU6-842P
Gm27005	
Fry	FRY
P3h2	P3H2
Gm46193	
Gm19005	
Gm37189	
Gm47866	
Gm47880	
Krr1	KRR1
1700025B11Rik	
Gm6225	
Apol10b	APOL1
Apol10b	APOL4
Apol10b	APOL2
Apol10b	APOL3
Cul2	CUL2
Gm6170	
Gm36245	
Apol11b	APOL1
Apol11b	APOL4
Apol11b	APOL2
Apol11b	APOL3
Cxcr4	CXCR4
AU015336	
Cldn1	CLDN1
Gm55256	
Gm55257	
Isl1	ISL1
Gm29599	
Gm26686	
Gm23056	
Thsd7b	THSD7B
Cdkl4	CDKL4
Cldn16	CLDN16
Gm49407	
Apol7e	
Gm23316	
Nlrx1	NLRX1
Gm8233	
Gm18911	
Apol9b	APOL1
Apol9b	APOL4
Apol9b	APOL2
Apol9b	APOL3
Tmem207	TMEM207
Nabp2	NABP2
Snx29	SNX29
Gm49410	
Gm29764	
Apol8	
Gm47912	
Gm47913	
Ilrun	ILRUN
Gm55259	
Zcchc9	ZCCHC9
Myh9	MYH9
Zmynd11	ZMYND11
Gm38240	
Gm38330	
Gm36951	
Gm15790	
Rpl31-ps9	
Gm37479	
Gm37064	
Gm37278	
Gm29428	
Gm16081	
Gm42807	
Cd55b	CD55
Igsf3	IGSF3
Gm10686	
Zfp266	ZNF266
Map4k3	MAP4K3
Gm55658	
Glipr1	GLIPR1
Gm46142	
Zfp846	
2900092O11Rik	
Gm23349	
Rpl21-ps1	
Gm38358	
Hlx	HLX
Gm42939	
Gm42938	
Manba	MANBA
Gm15897	
Gm4279	
Gm48069	
Neo1	NEO1
Cpped1	CPPED1
Eif4e2	EIF4E2
Gm22149	SNORA17A
Gm22149	
Gm7269	
Dtnb	
Rybp	RYBP
Glipr1l1	GLIPR1L1
Glipr1l2	GLIPR1L2
Klrc3	KLRC1
Gm22107	
Txn2	TXN2
Bcl3	BCL3
Shisa9	SHISA9
Gm6808	
Gm15914	
Gm48047	
Glipr1l3	GLIPR1L1
Gm12274	
Rbfox3	RBFOX3
Rnf41	RNF41
Gm44045	
Gm44044	
Gm23234	
Gm36378	
Gm44107	
Gm42556	
Gm55385	
Aass	AASS
Gm52977	
Foxred2	FOXRED2
Gm18753	
Zar1l	ZAR1L
Gm19345	
Ceacam16	CEACAM16
Gm19571	
C87114	
Gm6327	
Gm6332	
Gm15933	
Il1rap	IL1RAP
Ablim2	ABLIM2
Zfp710	
Gm6235	
Gm50088	
G430049J08Rik	
Gm50089	
Bambi	BAMBI
Atp1a1	ATP1A1
Gm50091	
Gm55119	
Rpl7a-ps6	
Gm55120	RN7SKP220
Gm7378	
Gm6248	
Lyzl1	LYZL1
Lyzl1	LYZL2
Eif3d	EIF3D
Gm10557	
Gm7411	
Gm50024	
Jcad	JCAD
Neurod6	NEUROD6
Snrpc	SNRPC
Gm8945	
Gm26347	
Gm5989	
Mir8105	
Syne1	SYNE1
Gm8950	
Gm5301	
Fezf1	FEZF1
Gm5047	
Svil	SVIL
C130093G08Rik	
Itprid1	ITPRID1
Gm14800	
Eda2r	EDA2R
Gm42937	
Gm16100	
Gm42941	
Oaz2-ps	
Gm43135	
Mab21l3	MAB21L3
Gm9386	
Tmem178	TMEM178A
Gm44951	
Ceacam19	CEACAM19
Thumpd2	THUMPD2
Ppp1r17	PPP1R17
Gm17638	
Cacng2	CACNG2
Shq1	SHQ1
Gm44949	
Gm44660	
Parva	PARVA
Lmna	LMNA
Ift27	IFT27
Gm9062	
Gm14802	
Ar	AR
Gm50042	
Gm50043	
Bltp3a	BLTP3A
Gm26408	
Rapgef4os2	
Rapgef4os3	
Gm14811	
Wdr76	WDR76
Gm14815	
Gm14810	
Rpl3-ps1	
Gm55418	
Llph-ps2	
Gm16481	
Gm49694	
Ddx3x	DDX3X
Pvalb	PVALB
Mpl	MPL
Gm7589	
Gm6565	
Fbxl12	FBXL12
Gm44108	
Klrc2	KLRC1
Ercc4	ERCC4
Ncf4	NCF4
Gm49803	
Taf11	TAF11
Pvr	PVR
Gm7761	
Gm26187	RNU6-1236P
Ppp1r14bl	PPP1R14B
Ophn1	OPHN1
Gm24176	
Adpgk	ADPGK
Gm6420	
Mir30a	MIR30A
Gm27028	
Gm4599	
Gm50045	
Mir30c-2	MIR30C2
Gm29107	
Gm55674	
Gm22386	
Gm20954	
Gm55675	
Gm9390	
Efhd1	EFHD1
Rpsa-ps7	
Gm6594	
Gm29052	
Pkdcc	PKDCC
Csf2rb2	CSF2RB
Gmnc	GMNC
Gm24154	
Gm16184	
Gm45473	
Igsf23	IGSF23
Ogfrl1	OGFRL1
Gm43948	
Gm43942	
Gm19726	
Gm24240	SNORA31
Klrc1	KLRC1
Rpl21-ps7	
Anks1	ANKS1A
Idh2	IDH2
Gm7784	
B3gat2	B3GAT2
Isg15	ISG15
Ostn	OSTN
Perm1	PERM1
Abcg4	ABCG4
Nebl	NEBL
Tie1	TIE1
Gm32312	
Gm15970	
Uts2b	UTS2B
Mtarc2	MTARC2
Mrtfb	MRTFB
Mir7676-1	
Krt75	KRT75
Gm44651	
Gm49426	
Gm5414	KRT6B
Gm5414	KRT6A
Gm5414	KRT6C
Rpl7a-ps8	
Gm45203	
Gm45202	
Ceacam20	CEACAM20
Gm55648	
Adora2b	ADORA2B
Gm7309	
Mir680-1	
Gm44135	
Klri1	KLRC4
Klri1	KLRC3
Klri1	KLRC2
Klri1	KLRC1
Gm17851	
Gm55649	
Gm5478	KRT5
Havcr1	HAVCR1
Gm5380	
Gm7129	
Mir1981	
Gm55575	RN7SKP154
Gm9434	
Gm55422	
C130074G19Rik	C1orf115
Gm26000	
Nyx	NYX
Klri2	KLRC4
Klri2	KLRC3
Klri2	KLRC2
Klri2	KLRC1
Slc22a15	SLC22A15
Gm14506	
Yipf6	YIPF6
Astn1	ASTN1
Gm55153	
Gm53017	
Csf2rb	CSF2RB
Pdzrn3	PDZRN3
Tenm4	TENM4
Mir193b	MIR193B
Mir365-1	MIR365A
Mir6365	
Gm25276	
Parn	PARN
Gm12859	
2610528J11Rik	C1orf210
Gm14813	
Stard8	STARD8
Mex3a	MEX3A
Mir1905	
Nhlh2	NHLH2
Map3k20	MAP3K20
Tmem125	TMEM125
9530086O07Rik	
Gm43953	
Gm43947	
Gm43946	
Gm44171	
Gm32453	
Gm44177	
Gm7924	
Gm43243	
Gm18894	
Cntn3	CNTN3
Rab25	RAB25
Noc2l	NOC2L
Gm48604	
Zswim7	ZSWIM7
Bbs4	BBS4
Lamtor2	LAMTOR2
Timd4	TIMD4
Gm5760	
Efnb1	EFNB1
Tpd52	TPD52
Pja1	PJA1
Enpp7	ENPP7
Psen1	PSEN1
Ubl5	UBL5
Rrn3	RRN3
Cfap57	CFAP57
Gm44189	
Gm44422	
Mir6373	
Gm26022	RNU6-520P
Gm26022	RNU6-534P
Gm44429	
Gm44449	
Gm14816	
Gm12175	
Gm44295	
Pcna-ps1	
Cbx2	CBX2
Nalf2	NALF2
Klra7	
Eda	EDA
Caps2	CAPS2
Krt6b	KRT6B
Krt6b	KRT6A
Krt6b	KRT6C
Ccdc50	CCDC50
Gm47802	
Gm47826	
Wnk4	WNK4
Tgfbi	TGFBI
Gm49094	
Gm5459	
Uqcc5	UQCC5
Gm55157	
Mir7676-2	
Gm26329	Y_RNA
Gm26329	RNY1P16
Krt6a	KRT6B
Krt6a	KRT6A
Krt6a	KRT6C
Esd	ESD
Ebna1bp2	EBNA1BP2
Gm48122	
Dnajc27	DNAJC27
Gm15597	
Gm49802	
Gm35290	
Tcp11	TCP11
Gm55158	
Krt5	KRT5
Xrn1	XRN1
Mideas	MIDEAS
Gm47419	
Gm55161	
Cimip4	CIMIP4
Gm23573	
Myct1	MYCT1
Sgcd	SGCD
Vip	VIP
Or13p10	
Or13p9-ps1	
Or13p4	
Gm47679	
Kcnc2	KCNC2
Or13p3	
Gm12176	
Gm56014	RN7SKP43
Rpl36a-ps4	
Coa3	COA3
Cdca7	CDCA7
Or13p8	
Gm23039	RNU1-24P
Cbx8	CBX8
Or13p5	
Gm47447	
Or10ak14	
Gm49481	
Gm5436	
Krt71	KRT71
Ptgr2	PTGR2
Gm47492	
Or10ak13	
Fbxo5	FBXO5
Gm12855	
Or10ak12	
Or10ak11	
Or10ak10-ps1	
Gm12178	
Tst	TST
Or10ak9	
Gm12179	
Gm12180	
Gm12181	
Atxn7l3b	ATXN7L3B
Ttc19	TTC19
Or10ak16	
Gm26596	
Gm22507	
Gm47519	
Or10ak8	
Mtrf1l	MTRF1L
Mpst	MPST
Or10ak7	
Gm12856	
Lao1	
Klra10	
Gm47522	
Gm47532	
Gm47534	
Gm40765	
Gm40810	
Gm47538	
Gm38333	
Gm48104	
Chl1	CHL1
Gm38281	
Krt72	KRT72
Rgs17	RGS17
Gm12861	
Nlrp9b	NLRP9
Gm24352	
Gm12864	
Gm12862	
Slc2a1	SLC2A1
Gm55284	
Msh3	MSH3
Rps13-ps8	
Eif1-ps3	
Krt73	KRT73
Pex13-ps	
Ak3l2-ps	
8430437L04Rik	
Dnajc1	DNAJC1
Nt5dc2	NT5DC2
Cntd1	CNTD1
Gm14832	
Krt2	KRT2
Gm14829	
Gm14828	
Mir676	
Awat2	AWAT2
Gm37616	
Casq2	CASQ2
Gm3213	
Gm47755	
Gm4921	
Trhde	TRHDE
Gm12275	
Cbx4	CBX4
n-R5s152	
Gm18877	
Sema4b	SEMA4B
Krt1	KRT1
Gm18234	
Gm49765	
Ntan1	NTAN1
Gm11755	
Otud6a	OTUD6A
Tbc1d16	TBC1D16
Cask	CASK
Krt77	KRT77
Gm50238	
Eml4	EML4
Mir1957a	
Gm12867	
Gm43244	
4632404M16Rik	
Gm12868	
Ubqln4	UBQLN4
Zfp691	ZNF691
Gm37861	
Rbm39	RBM39
Gm37679	
Mir488	MIR488
Gm37367	
Gm37848	
Mark1	MARK1
Gm55666	RN7SKP264
Gm22070	RNU6-547P
Tph2	TPH2
Patj	PATJ
Gm47484	
Adcy3	ADCY3
Krt76	KRT76
Mir6934	
Becn1	BECN1
Tbc1d15	TBC1D15
Zbtb10	ZBTB10
Gm55167	
Gm49434	
Gm20379	
Dhfr	DHFR2
Dhfr	DHFR
Lrch1	LRCH1
Krt4	KRT4
Gm8319	
Gm55345	
Vmn1r91	
Ssr2	SSR2
Mir708	MIR708
Mir6394	
Gm38251	
Vmn1r240	
Smap1	SMAP1
Gm45206	
Gm55471	
Gm15815	
Rps11-ps5	
Vmn1r93	
Mir486	MIR486-1
Mir3107	
Nkx6-3	NKX6-3
Gm15414	
Smad5	SMAD5
Gm15413	
Fgf12	FGF12
Vmn1r94	
Gm44598	
Gm55961	
Vmn1r95	
Gpat4	GPAT4
Krt79	KRT79
Vmn1r241	
Gm22226	
Vmn1r242	
Gm18049	
Gm5890	
Gm18455	
Vmn1r243	
Vmn1r-ps79	
Vmn1r244	
Vmn1r100	
Vmn1r101	
Zfp704	ZNF704
Gm10670	
Krt78	KRT78
Vmn1r103	
Zfp438	ZNF438
Vmn1r104	
Vmn1r245	
Mir690	
Gm55162	
Mb21d2	MB21D2
Vmn1r246	
Gm55668	RN7SKP91
Gm8942	
Gm4513	
Rab21	RAB21
Gm8486	
Gm8253	
Plaat1	PLAAT1
Krt8	KRT8
Vmn1r107	
B230112G18Rik	
Vmn1r-ps71	
Vmn1r111	
Gins4	GINS4
Gm41662	
Kif5b	KIF5B
Gm18052	
Nars2	NARS2
Golga7	GOLGA7
Gm38001	
Smarcc2	SMARCC2
Gm17806	
Sdhaf4	SDHAF4
Gm43245	
Pag1	PAG1
Pdxdc1	PDXDC1
Krt18	KRT18
Gm55294	
Pin1	PIN1
Gm55295	
Gm26524	
Parp8	PARP8
Pappa2	PAPPA2
C78334	
Hinfp	HINFP
Eif4b	
Ngf	NGF
Gm11617	
Ccdc40	CCDC40
Gm45412	
Gm24335	
Sfrp1	SFRP1
Gm10668	
Gm18458	
Vmn1r112	
Cib1	CIB1
Zmat4	ZMAT4
Gm16337	
1600012P17Rik	
Gm42679	
Gm55352	
Gm42678	
Gm19202	
Nfkb1	NFKB1
Gm4278	
Stab1	STAB1
Gm24072	RNU6-232P
Gm44439	
Gm4953	
Gm7946	
Gm7430	
Gm44441	
Gm28085	
Gm24784	
Gm38375	
Gm44440	
Olfm2	OLFM2
Gm44436	
Gm25656	
Cop1	COP1
Pou5f1-rs5	
Gm18100	
Klra3	
Tns2	TNS2
Gm17036	
Rpl27-ps3	
Gm49986	
Gm6291	
Epc1	EPC1
Klra1	
Arih1	ARIH1
Gm45165	
Gm45166	
A730045E13Rik	
Tcim	TCIM
Gm44620	
9130214F15Rik	
Ido2	IDO2
Bbip1	BBIP1
Myo18a	MYO18A
Gdpgp1	GDPGP1
Gm55479	
Gm18210	
Ido1	IDO1
Gm15504	
Gab2	GAB2
Gm6584	
Gm15861	
Gm6590	
Gm53052	
Gm27013	
Gm44526	
Gm8816	
Gm26996	
Gm26914	
Gm27047	
Gm53051	
Gm20997	
Gm18423	
Gm44525	
Gm44118	
Gm53286	
Gm44128	
Gm55414	
Gm44828	
Gm44989	
Gm44149	
Gm44150	
Cenpo	CENPO
Gm8837	
Klra2	
Shoc2	SHOC2
Insr	INSR
Rps11-ps1	
Gm33180	
Gm22506	
Gm50273	
Tmem202	
Nsa2-ps1	
Mir204	MIR204
Adra2a	ADRA2A
Gm37115	
Gm37088	
Scarna3a	
Mir1843b	
Gm50186	
Gm31256	
Vmn1r114	
Gm50187	
Gm37757	
Gm50188	
Gm5582	
Gm44182	
Rab3gap2	RAB3GAP2
Gm50191	
Vmn1r115	
Cntn6	CNTN6
Gpam	GPAM
Vmn1r116	
Vmn1r117	
Gm28529	
Usp35	USP35
Mir1893	
Gm7464	
4921524L21Rik	
Hexa	HEXA
Chd9	CHD9
Gm48210	
Gm17816	
Ptrhd1	PTRHD1
Gm29696	
Zfp410	ZNF410
Atp13a5	ATP13A5
Vmn1r118	
Gm4526	
Ttll13	TTLL13
Gm50077	
Rab18	RAB18
Gk5	GK5
Phf20	PHF20
Gm7466	
Gm50081	
Gm55300	
Igbp1	IGBP1C
Igbp1	IGBP1
Smim32	SMIM32
Gm29767	
Gm48026	
Gm2350	
Gm18945	
Mkx	MKX
Ankrd34b	ANKRD34B
Kctd21	KCTD21
Gm4528	
Vmn1r119	
Vmn1r-ps73	
Vmn1r120	
Vmn1r-ps74	
Vmn1r121	
Ngrn	NGRN
Gm6236	
Gm42677	
Gm17877	
Dgat2l6	DGAT2L6
Gm42682	
Gm43430	
Fabp5	FABP5
Gm10350	
Odad2	ODAD2
Vmn1r122	
Alg8	ALG8
Fam151b	FAM151B
Brca2	BRCA2
Lrrc63	LRRC63
Myef2l	MYEF2
Gpr34	GPR34
Gm37308	
Pmp2	PMP2
Emb	EMB
Gm37389	
Fabp9	FABP9
Lcp1	LCP1
Scand1	SCAND1
Gm55436	
Gpr82	GPR82
Gm5315	
Frmd5	FRMD5
Gm23339	
Gm55419	
Gm4602	
Magohb	MAGOHB
Gm5381	
Gm25552	
Tectb	TECTB
Awat1	AWAT1
Fabp4	FABP4
Ndufc2	NDUFC2
Tmem19	TMEM19
Gm16053	
H2al1n	H2AL1Q
H2al1n	H2AL3
Thrsp	THRSP
Tspan2	TSPAN2
Gm14867	
Gm6175	
Gm25202	RNU2-7P
Gm14505	
P2ry4	P2RY4
Col5a3	COL5A3
Kctd14	KCTD14
Snora36b	SNORA36B
Mir664	
Aox1	AOX1
Gm14519	
Gm14518	
Gm14517	
Gm25207	
Gm55437	
Gm23516	RNU6-441P
Maoa	MAOA
Gm18581	
4930415O11Rik	
Mpp7	MPP7
Gm8600	
Gm18463	
Gm44958	
Gm4548	
Styk1	STYK1
Gm17509	
Vmn1r247	
Gm6421	
Vmn1r248	
Zfyve16	
Gm44554	
Vmn1r135	
Fam161b	FAM161B
Vmn1r249	
Slc29a1	SLC29A1
Vmn1r-ps77	
Gm18057	
Mir6715	
Gucy2g	
Gm5891	
Gm18464	
Gm16443	
Vmn1r137	
Vmn1r-ps78	
Vmn1r138	
Gm18058	
Arr3	ARR3
Gm6176	
Gm18465	
Vmn1r139	
Gm16451	
Vmn1r250	
Vmn1r142	
Vps33b	VPS33B
Acsl5	ACSL5
4632432E15Rik	
Gm5200	
Gm37421	
Spz1	SPZ1
1700029B24Rik	
Slc39a8	SLC39A8
Hcn1	HCN1
Ybx3	YBX3
Ncoa1	NCOA1
Serinc5	SERINC5
Gm15752	
Mpv17l	MPV17L
Fam135a	FAM135A
Spryd3	SPRYD3
Gm55495	
C2cd2l	C2CD2L
Gm5199	
Gm26349	
Gm25284	
Gm9633	
Gm23641	RNU6-401P
Gm23641	RNU6-293P
Gm42531	
Gm43690	
Mrps30	MRPS30
N4bp2l1	N4BP2L1
Maob	MAOB
Thap2	THAP2
Zfc3h1	ZFC3H1
B430218F22Rik	
Zdhhc6	ZDHHC6
Gm47563	
Thbs4	THBS4
Gm15628	
Gm15629	
Cpb2	CPB2
Afap1	AFAP1
Gm15950	
Gm22362	
Atp13a4	ATP13A4
Igfbp6	IGFBP6
Gm18688	
Gm6619	LPA
5430401F13Rik	LPA
Gm54923	
Gm18147	
Tshb	TSHB
Zc3h13	ZC3H13
Soat2	SOAT2
Gm55424	
Hmgb1l	
Gm43943	
Tas2r130	TAS2R7
Tas2r107	TAS2R10
Tas2r106	TAS2R10
Tas2r104	TAS2R10
Tas2r105	TAS2R10
Pdzd11	PDZD11
Tas2r114	TAS2R10
Gm43973	
Gm9098	
Gm43974	
Prb3-ps	
Gm47330	
Gm43975	
Vmn1r143	
Gm18361	
Vmn1r251	
Mtx3	MTX3
Pde1c	PDE1C
Ints4	INTS4
Gm42681	
Gm43429	
Gm43428	
Gm18330	
Fabp12	FABP12
Nol12	NOL12
Fgf10	FGF10
Siah3	SIAH3
Cby2	CBY2
Ndp	NDP
Gm16263	
Gm47335	
Gm55318	
Trpc7	TRPC7
Efhc2	EFHC2
Gm43598	
Csad	CSAD
H2af-ps1	
N4bp2l2	N4BP2L2
Erich6b	ERICH6B
A930014E01Rik	
Gm38364	
Gm43602	
Gm5281	
Impa1	IMPA1
A130012E19Rik	
Myl6	
Gm23622	
Rdh8	RDH8
Cog3	COG3
Gm14514	
Gm53025	
Gm22294	
Kif4	KIF4A
Sorcs2	SORCS2
Dpagt1	DPAGT1
Vmn1r252	
Gm18059	
Gm4557	
Gm24412	
Gm18466	
Gm4558	
Vmn1r253	
Vmn1r-ps70	
Vmn1r254	
Vmn1r148	
Vmn1r149	
Gm10665	
Vmn1r151	
Gm18948	
Vmn1r152	
Fabp5l2	
Gm18763	
Gm24292	
Vmn1r255	
Gm50027	
Gm9993	
Wac	WAC
Vmn1r256	
Gm18060	
Gm4565	
Gm18467	
Gm8685	
Vmn1r155	
H2ax	H2AX
Vmn1r-ps80	
Fundc1	FUNDC1
Rccd1	RCCD1
Gm55497	
Gm38303	
Celf6	CELF6
Bank1	BANK1
Gm54930	
Slc25a30	SLC25A30
Gm37580	
Gm26607	
Tnr	TNR
Mir7689	
Grpel1	GRPEL1
Gm55203	
Gm55204	RN7SKP56
Itsn2	ITSN2
Gm14021	
Ola1	OLA1
Tada2b	TADA2B
Gm5073	
Gm9436	
Gm5755	
Gm5123	
Dusp21	DUSP21
Vmn2r-ps88	
Gdpd2	GDPD2
Ccdc96	
Gm45640	
Gm45643	
Gm6658	
Gm45363	
Gm22428	
Atp6v0a2	ATP6V0A2
Adam18	ADAM18
Vmn1r257	
Gm18061	
Gm4567	
Cmya5	CMYA5
Tpt1	
Gm18468	
Vmn1r157	
Vmn1r158	
Gm4207	
Vmn1r159	
Gm44825	
Gm55906	
Gm55907	
Vmn1r160	
Gm12846	
Ermap	ERMAP
Gm19900	
Gm8708	
Gm18469	
Gm4574	
Slc10a5	SLC10A5
Aamdc	AAMDC
Gm9408	
Gm22777	
Gm43402	
Gm48174	
Sycp1	SYCP1
A630019I02Rik	
Myl6b	MYL6B
Gm48176	
Spock1	SPOCK1
Gm14866	
Snora31	SNORA31
Gtf2f2	GTF2F2
Lgr5	LGR5
Gm55450	
Dlg3	DLG3
Kctd4	KCTD4
Vti1a	VTI1A
Gm25517	
Gpalpp1	
Gm37731	
Gm10530	
Gm38039	
Gm24719	
4930523C07Rik	KIAA0040
Rbl2	RBL2
Nufip1	NUFIP1
Hmbs	HMBS
Aox3	
Tent2	TENT2
Rps2-ps6	
Mss51	MSS51
Vmn1r258	
Vmn1r259	
Vmn1r163	
Ppnr	
Gm50135	
Vmn1r260	
D730002M21Rik	
Gm16456	
Gm19209	
Gm18062	
Gm10662	
Chka	CHKA
Gm18470	
Gm8728	
Vmn1r165	
Nisch	NISCH
Vmn1r-ps83	
Vmn1r166	
Gm18063	
Gm6902	
Gm55651	
Gm18471	
Dnah10	DNAH10
Rsf1	RSF1
Cnbd2	CNBD2
A930009A15Rik	
Gm8960	
Tspan8	TSPAN8
Gm18236	
Opa1	OPA1
Gm42816	
Gm33952	
Gm33866	
Dclk1	DCLK1
Ywhaq-ps1	
L1td1	L1TD1
Rpl15-ps5	
Nlrp4e	NLRP4
Krt8-ps	
Svbp	SVBP
Tead1	TEAD1
Gm2076	
Arhgef18	ARHGEF18
Esyt1	ESYT1
Gm47322	
Mtr	MTR
Zfp740	ZNF740
Gm56058	
Gm13665	
Gm13666	
Gm14252	
Gm13664	
Gm14253	
Gm14170	
Gm56059	
Rpl21-ps9	
Sp9	SP9
Gm24548	
Iars2	IARS2
Kank4	KANK4
Kdm6a	KDM6A
Gm14173	
Gm56061	
Cir1	CIR1
Gm50383	
Tcirg1	TCIRG1
I0C0044D17Rik	
Gm12851	
AU022252	C1orf50
Gm43777	
Ccdc92	CCDC92
Zfp664	ZNF664
Itgb7	ITGB7
Gm47021	
Tmem269	
Kif27	KIF27
Scrn3	SCRN3
Vps11	VPS11
Gm12898	
Usp1	USP1
Rflna	RFLNA
Rarg	RARG
Ttc28	TTC28
Armc3	ARMC3
Mir194-1	MIR194-1
Mir215	
Gm37785	
Tnn	TNN
Mir6369	
Gm55358	
Qng1	QNG1
Actn2	ACTN2
Vwa5b1	VWA5B1
Pex11g	PEX11G
Gm55507	
Gm10080	
Mir6916	
Parp6	PARP6
Gm29585	
Zc3h10	ZC3H10
Gm7502	
Gm4833	
Gm42778	
Gm20147	
Gm5500	
Mir701	
Gm35232	
Gm15988	
Gm5819	
Gm55178	
Gm42780	
Gm37148	
Gm7523	
Gm18526	
Gm43677	
Fzd8	FZD8
Gm43676	
Gm55669	
Gm27680	
Gjd4	GJD4
Gm55670	
Pds5b	PDS5B
Rpl41	
Gm50053	
Ccny	CCNY
Gm44775	
Adam3	
Triobp	TRIOBP
Ndufs8	NDUFS8
Msrb2	MSRB2
Aox4	
Gm55916	RNU6-1129P
P3h1	P3H1
Fam228a	FAM228A
Gm5445	
Gm13344	
Homer1	HOMER1
Ptf1aos	
Ptf1a	PTF1A
Gm9176	
Pa2g4	PA2G4
Golm2	GOLM2
Gm50055	
Gm7527	
Gm7532	
Gm7274	
Gm46641	
Gm55184	
Cetn1	CETN1
Gm4834	
Colec12	COLEC12
Fam228b	FAM228B
n-R5s5	
Gm14883	
Dipk2b	DIPK2B
Gm50080	
Gm50078	
Gm17430	
Gm7497	
Aldh3b1	ALDH3B1
Gm23350	RNU6-640P
Gm50079	
Gm55185	
Gm2424	
Gm5501	
Thoc1	THOC1
Gm22783	RNU6-593P
Gm14885	
Gm26208	
Gm45528	
Tex13c3	
Saxo5	SAXO5
Gm14531	
Gm23678	
Gm14530	
Rpl36-ps10	
Gm5384	
Chst7	CHST7
Tex11	TEX11
Gm55735	
Gm23676	
Erbb3	ERBB3
Gm22003	
Pfn4	PFN4
Gm15759	
Bpnt1	BPNT1
Gm50327	
Aktip	AKTIP
Aldh3b3	ALDH3B2
Gm20348	
Sf3b6	SF3B6
Tnnc1	TNNC1
Aldh3b2	ALDH3B2
Fkbp1b	FKBP1B
Acy3	ACY3
Tsc22d1	TSC22D1
Wdcp	WDCP
Mrps14	MRPS14
Mfsd2b	MFSD2B
Mir6917	
Gm47540	
4921504E06Rik	C10orf67
Gm9182	
Rps26	
Cacybp	CACYBP
Ikzf4	IKZF4
Gm49636	
Gp5	GP5
Atp13a3	ATP13A3
Tbx10	
Gm56104	
Gm13345	
Greb1l	GREB1L
Mageb3	MAGEB6B
Mageb3	MAGEB6
Gm13343	
Otud1	OTUD1
Gm13347	
Gm24670	
Gm56106	
Lrp4	LRP4
4933417C20Rik	
Aox2	
Sema3g	SEMA3G
Nudt8	
Gm45063	
Gm18326	
Gm44070	
Gm55439	
Gm24709	
Gm22493	
Lsm5	LSM5
Gm49405	
Doc2g	
Gm17080	
Cox7a2l	COX7A2L
Tas2r122	
Tas2r115	TAS2R14
Gm44137	
Tas2r124	TAS2R13
Gm44138	
Gm45464	
Tas2r102	TAS2R13
Gm45665	
Tas2r136	TAS2R50
Tas2r136	TAS2R19
Tas2r136	TAS2R31
Tas2r136	TAS2R20
Tas2r136	TAS2R30
Tas2r136	TAS2R43
Tas2r136	TAS2R46
Gm8489	
Gm55506	
Rpgrip1l	RPGRIP1L
Tas2r145-ps3	
Avl9	AVL9
Mymx	MYMX
Ppp3cb	PPP3CB
Kcng3	KCNG3
Ndufv1	NDUFV1
Slc9a7	SLC9A7
Gm37607	
Ubxn2a	UBXN2A
Col9a1	COL9A1
Mta3	MTA3
Tfdp2	TFDP2
Gm55995	
Rassf10	RASSF10
Gm5599	
Gm55996	
Suox	SUOX
Pak1	PAK1
Gm55201	
Gm25834	RNU6-935P
Tas2r117	TAS2R14
Arhgef37	ARHGEF37
Tas2r111-ps2	
Gm44139	
Tas2r123	TAS2R14
Tas2r116	TAS2R14
Gm44142	
Tas2r110	TAS2R14
Rab5b	RAB5B
Tas2r113	TAS2R14
Kbtbd2	KBTBD2
Cldn19	CLDN19
Cdk2	CDK2
Gm13770	
Gpr155	GPR155
Tas2r142-ps5	
Atad2b	ATAD2B
Gm10209	
Tas2r125	TAS2R14
Tas2r146-ps1	
Tas2r129	TAS2R14
Tas2r131	TAS2R42
Gm44425	
Fkbp9	FKBP9
Gm45662	
Gm45428	
Adam5	
Csnk1a1	CSNK1A1
Tas2r109	TAS2R14
Ybx1	YBX1
Gm44426	
Gm18689	
Gm18690	
Tas2r103	TAS2R14
Tas2r140	TAS2R14
Gm8921	
Smim10l1	SMIM10L1
Gm49679	
Tmem44	TMEM44
Gm24630	RNU6-1134P
Gm26013	
Gm43807	
Gm43298	
Pitpnb	PITPNB
Gm45769	
Gm7039	
Gm55446	
Gm55447	
5530400C23Rik	
Gm9083	
Gm23167	RNU6-915P
Gm14558	
Gm9110	
Slc6a14	
Klhl29	KLHL29
Gm34149	
Gm44239	
Gm44245	
Gm34224	
Gm34314	
Gm44247	
Gm44252	
Gm47075	
Gm6375	
Gm47088	
Gm47155	
Gm55449	
Gm18960	
Cntn4	CNTN4
Jmy	JMY
Gstp1	GSTP1
Mir6956	
Gm49544	
H1f0	H1-0
Gcat	GCAT
Zfand1	ZFAND1
Kl	KL
Pmel	PMEL
Prc1	PRC1
Gm55499	
Gm28269	
Gm28268	
Gm24535	
Gm48532	
Gm14563	
Gm5652	
Gm14561	
Gm53006	
Gm6071	
Gm25812	RNU6-1201P
Gm14562	
Gm15030	
Gm48599	
Gm26131	RNU6-238P
Gm55237	
Gm48608	
Klhl13	KLHL13
Gm4927	
Gm3678	
Gm48619	
Gm43118	
Gm46311	
Gm8675	
Gm9139	
Mn1	MN1
Ldah	LDAH
Gm6109	
Gm30155	
Bhmt	BHMT
Gm43119	
Gm42489	
Gm26897	
Gm55678	
Gm37817	
Gm55679	
Gm55680	
Ppih	PPIH
Gcat	
Stard13	STARD13
Gstp2	GSTP1
Galr3	GALR3
Dgka	DGKA
Gm25132	
Gm19817	
Gm43548	
Ankrd54	ANKRD54
Chmp4c	CHMP4C
Gm15622	
Heatr1	HEATR1
Gm43549	
Ppp3ca	PPP3CA
Gstp3	
Snord3b-ps1	
Cabp2	CABP2
Gm49471	
Lsg1	LSG1
Eif3l	EIF3L
Pym1	PYM1
Haao	HAAO
Gm14523	
Gm7164	
Wdr44	WDR44
Gm47093	
Hgf	HGF
Mmp19	MMP19
Gm25072	Metazoa_SRP
Micall1	MICALL1
Gm55753	
Gm37549	
Zfp36l2	ZFP36L2
Thada	THADA
Gm42822	
4930599N24Rik	
Gm55387	
Gm9409	
Gm26107	
Snx16	SNX16
Phf7	PHF7
Tmem198b	
Cdk2ap2	CDK2AP2
Gm48898	
Gm5928	
Bhmt2	BHMT2
Dnajc14	DNAJC14
Gdf7	GDF7
Hs1bp3	HS1BP3
Bzw1	BZW1
Fam43a	FAM43A
Gm26295	
Gm49755	
Gm25375	
Pitpnm1	PITPNM1
Xxylt1	XXYLT1
Dmgdh	DMGDH
Gm37831	
Gm18692	
1700088E04Rik	C22orf23
Gm37244	
Gm22795	
Gm21631	
Gm15742	
Gm37832	
Acap2	ACAP2
Gm55390	
Gm8919	
Gm48075	
Gm10745	
Gm48076	
Rhob	RHOB
Slc7a15	
Gm37996	
Gm9440	
Gm2429	
Gm5934	SYCP3
Gm8939	
Gm38317	
Gm37813	
Gm37197	
Nr1h5	
Gm4297	SYCP3
Ctdspl2	CTDSPL2
Ttc32	TTC32
Gm55510	
Gm55511	
Vegfa	VEGFA
Gm5935	SYCP3
Cnksr3	CNKSR3
Gm15620	
Fto	FTO
Gm47210	
Gm7099	
Arsb	ARSB
Gm18696	
Gm48762	
Gm48764	
Osr1	OSR1
Gm55514	
Gm2768	
Gm5169	SYCP3
Gm23979	
Gm48774	
Gm22845	
Gm5182	
Gm48791	
Gm48792	
Gm48793	
Gm48794	
Gm1993	SYCP3
Nt5c1b	NT5C1B
Mir5624	
Gm55380	
Gm24737	RNU6-1160P
Gm47216	
Cycs-ps3	
Lhfpl2	LHFPL2
Eprs1	EPRS1
Gm2003	
Dock7	DOCK7
Aip	AIP
Gm55517	
E330010L02Rik	
Sarnp	SARNP
Gm5168	SYCP3
Enox1	ENOX1
Gm15907	
Lgals8	LGALS8
Polr2f	POLR2F
Gm2012	SYCP3
Gm55518	
Gm2030	SYCP3
Tmem134	TMEM134
Nlrp5	NLRP5
Gm55685	
Gm42906	
Sox10	SOX10
Gm43489	
Gm42975	
Gm22826	RNU1-47P
Ulbp1	ULBP3
Ulbp1	RAET1L
Ulbp1	ULBP1
Ulbp1	ULBP2
Ulbp1	RAET1G
Gm8991	
Sike1	SIKE1
Gm7041	
Cdhr17	
Cabp4	CABP4
Gm2005	
Slx	SYCP3
Tbc1d14	TBC1D14
Pick1	PICK1
Emcn	EMCN
Gm55519	
Gm14525	SYCP3
Gpr152	GPR152
Coro1b	CORO1B
Gm6113	
Gm6121	SYCP3
Gm46209	
Kap	
Ormdl2	ORMDL2
Gm45427	
Gm45292	
Gm45289	
Gm45290	
Gm43968	
Gm45294	
Gm8956	
Gm45293	
Gm45295	
Nt5c3	NT5C3A
Gm24254	
Gm45332	
Gm45334	
Gm21817	
Irx5	IRX5
Or6c221-ps1	
Or6c208	
Or6c5b	
Gm7365	
Or6c1b	OR6C1
Gm7375	
Gm10230	SYCP3
Gm45336	
Irx6	IRX6
Or6c5c	
Gm18237	
Ppp1r2	PPP1R2
Ppp1r2	PPP1R2B
Or6c3	OR6C3
Gm37195	
Gm28924	
Hyou1	HYOU1
Or6c7	
Gm19969	
Mrps18a	MRPS18A
Ust	UST
Gm24374	RNU6-881P
Or6c75	OR6C75
Gapdh-ps16	
Gm10132	
Gm49002	
Gm6994	
Mmp2	MMP2
Gm49486	
Gm52958	
Gm55538	
Gm48654	
Gm2101	
Or6c2	OR6C2
Slc30a10	SLC30A10
Ptprcap	PTPRCAP
Or6c66b	
Slc16a8	SLC16A8
Rsph9	RSPH9
Gm54968	
Or6o1-ps1	
Gm23823	
Gm49003	
Or6c88	
Bap1	BAP1
Gm10058	SYCP3
Rps6kb2	RPS6KB2
Nbea	NBEA
Eif3j1	EIF3J
Gm55208	
Or6ab1-ps1	
Gm49546	
Gm55828	
Apod	APOD
Or10p1	OR10P1
Gm38093	
Or6ac1-ps1	
Gm9722	
Or6c66	
Lyplal1	LYPLAL1
Calcoco1	CALCOCO1
Scamp1	SCAMP1
Mad2l1bp	MAD2L1BP
Sash1	SASH1
Gtpbp2	GTPBP2
Gm56114	
Spg11	SPG11
Gm38268	
Lpcat2	LPCAT2
Gm55667	
Gm37134	
Gm37272	
Gm37491	
Gm49404	
Gm3793	
Bdh1	BDH1
Vmn1r4	VN1R5
Gigyf2	GIGYF2
Gm44049	
Vmn1r5	VN1R5
Vmn1r6	VN1R5
Gm2117	
Vmn1r7	VN1R5
Il5ra	IL5RA
Rdh14	RDH14
Gm4836	SYCP3
Usp54	USP54
Gm48886	
Gm4928	
Gm25410	
Pgk1-rs7	
4930553I21Rik	
Gm48082	
Gm26674	
7420701I03Rik	
Or6c209	
Kcns3	KCNS3
Gm48743	
Or6c210	
Gm48744	
Or6c211	
Gm48088	
Msgn1	MSGN1
1700034J04Rik	
Gen1	GEN1
Or6c1	OR6C1
Or6c3b	
Gm24717	
Or6c6c	OR6C6
Or6c212	
Gm7398	
Gm10147	SYCP3
Vmn1r8	VN1R5
Wipf1	WIPF1
Gm55830	
Dlg1	DLG1
Or6c213	
Etv6	ETV6
Or6c214	
Or6c65	OR6C65
Or6c76	OR6C76
Edaradd	EDARADD
Or6c69b	
Or6c215	
Capns2	CAPNS2
Or6c216	
Gm55543	
Slc6a2	SLC6A2
Gm5668	
Ap3b1	AP3B1
Or6c76b	OR6C76
Or6c70	OR6C70
Polh	POLH
Gm55547	
Gm2165	
Or6c217	OR6C70
Gm49473	
Hoxc4	HOXC4
Or6c69	
Or6c218-ps1	
Or6c33	
Nhsl2	NHSL2
Mgat3	MGAT3
Or6c74	OR6C74
Vmn1r9	VN1R5
4930588D02Rik	
Gm8375	
Mief1	MIEF1
Gm43982	
Gm43984	
Vmn1r10	VN1R5
Or6c69c	
Myoz1	MYOZ1
Vmn1r11	VN1R5
Xpo5	XPO5
Or10i1-ps1	
1700051K13Rik	
Or9r3	
Vmn1r12	VN1R5
Gm5181	
Vmn1r-ps8	
Vmn1r13	VN1R5
Or9r7	
Mir145a	MIR145
Mir143	MIR143
Vmn1r14	VN1R5
Gm56500	
Gm56508	
Fam210a	FAM210A
Gm10096	SYCP3
Gm9560	
Bcl2l14	BCL2L14
Or9k2	OR9K2
Dnah1	DNAH1
Gm48514	
Stxbp5	STXBP5
Mir7219	
Rnmt	RNMT
Mab21l1	MAB21L1
Gm43376	
Gm22784	
Gm22784	SNORA69
Gm42840	
Ralyl	RALYL
Carns1	CARNS1
Vmn1r15	VN1R5
Gm55359	MIURF
Atf4	ATF4
Unc45a	UNC45A
Gm44448	
Vmn1r-ps9	
Vmn1r-ps10	
Smc6	SMC6
Vmn1r16	VN1R5
Gm25828	RNU6-432P
Gm55549	
Gm2200	
Vmn1r17	VN1R5
Gm55388	
Gm2066	
Gm36991	
Ero1b	ERO1B
Rtl5	RTL5
Vmn1r18	VN1R5
Vmn1r19	VN1R5
Rps19bp1	RPS19BP1
Vmn1r20	VN1R5
Vmn1r-ps11	
Gm45193	
Gm7421	
Patl2	PATL2
Gm5125	
Ces1a	
Gm15432	
Gm50230	
Lrp6	LRP6
Gm55550	
Pin4	PIN4
Gm17552	
Tbc1d10c	TBC1D10C
Cacna1i	CACNA1I
Gm16471	
Ercc6l	ERCC6L
Ces1b	CES1
Gm9103	
Rps4x	
Epb41l1	EPB41L1
Ces1c	CES1
Mir693	
Gm22474	
Gm49981	
Gm42842	
Gm9400	
Gm42841	
Gm37164	
Polr1c	POLR1C
Gm42843	
Gm2474	
Gm25727	
Gm2622	
Gm19114	
Gm14859	
Gm22269	
Cited1	CITED1
Gm55400	
Gm55401	
Gm23112	
Gm38311	
Gm37358	
Gm8955	
Mc5r	MC5R
Cdc25c	CDC25C
Gm8177	
Rasa2	RASA2
Slc7a12	
Trnt1	TRNT1
Gm48959	
Gm54991	
Tnfsf11	TNFSF11
Gnao1	GNAO1
Gm43424	
Gm18660	
Gm8957	
Gm55554	
Hdac8	HDAC8
Dnajb14	DNAJB14
Gm25483	RNU105B
Gm55394	
Gm48440	
Gm48445	
Tnrc6b	TNRC6B
Gm48455	
Gm48456	
Gm48458	
Prl2c3	PRL
Gm54994	
Gm4821	
Akap11	AKAP11
Gm49982	
Yipf3	YIPF3
Gm56025	
Gm18598	
Rpl27rt	RPL29
Fam53c	FAM53C
Gm18306	
Vmn1r-ps84	
Vmn1r167	
Gm8745	
Gm18195	
Ptprh	PTPRH
Tshz1	TSHZ1
Tm4sf1	TM4SF1
Capn7	CAPN7
Gm18262	
Gm2544	
Gm18878	
Gm48527	
Gm56504	
Prl2c2	PRL
Gm50309	
Zscan30	
Gm7400	
Gm26306	
Phka1	PHKA1
Gm50096	
Zbtb38	ZBTB38
Gm26865	
Mtpap	MTPAP
Gm55572	
Amfr	AMFR
Gm5276	
Tm4sf4	TM4SF4
Gm25635	
Gm48282	
Gm25682	
Gm48280	
Gm44555	
Gm15568	
Mir7675	
Vsnl1	VSNL1
Gm18263	
Gm42855	
A930006L05Rik	
Gm32300	
Cdh23	CDH23
Speer4f2	
Gm28688	
Gm8520	
Gm18879	
Gm9628	
Slc37a4	SLC37A4
Bmal1	BMAL1
Lrrc73	LRRC73
Gm18259	
Gm21999	
Gm10811	
Wwtr1	WWTR1
Ppp1ca	PPP1CA
Gm42936	
Gm38910	
Prl2c5	PRL
Vmn2r-ps25	
Ppm1k	PPM1K
Speer4f1	
Rad51ap2	RAD51AP2
Gm47807	
Gm50023	
Gm47808	
Gm4803	
Ticam2	
Gm55291	
Gm47821	
Gm7047	
Gm47822	
Gm6867	
Cryba4	CRYBA4
Gm47833	
Tubb2a-ps2	
Gm25610	
Gm4294	
Gm55459	Metazoa_SRP
Gm55292	
Mansc1	MANSC1
Tmed7	TMED7
Cyria	CYRIA
Ppm1b	PPM1B
Eif1a	EIF1AY
Gm43952	
Borcs5	BORCS5
Gm18880	
Gm48588	
Gm48589	
Gm2423	
Gm48590	
Gm26133	RNU6-700P
Gm26133	RNU6-837P
Gm26133	RNU6-437P
Gm7040	
Gm25804	RNU105B
Gpr137b	GPR137B
Gm16016	
Mir6377	
Gm43437	
Commd2	COMMD2
Gm44017	
Herc6	HERC6
Ptgr3	PTGR3
Mir5113	
Adsl	ADSL
Nudt21	NUDT21
Gm18929	
Gm50251	
Rad9a	RAD9A
BB187690	
Ankub1	ANKUB1
Prrc1	PRRC1
Vmn2r-ps28	
D5Ertd579e	KIAA0232
Sh3bp5	SH3BP5
Mir7085	
Pkm	PKM
Gm43098	
Gm6394	
Ctxn3	CTXN3
Gm34637	
Csde1	CSDE1
Gm55293	
Gm25538	RNU6-1005P
3732407C23Rik	
Gm55398	
Gm48187	
Gm48661	
Gm48672	
Mycn	MYCN
Ccdc192	CCDC192
Gm19244	
Gm7426	
Nid1	NID1
Gm37397	
Pyurf	
Gm26712	
Dusp16	DUSP16
Gm48201	
Rpl21-ps2	
Gm24208	U8
Ddx1	DDX1
Gm42507	
Gm24878	RNU6-200P
Ogfod1	OGFOD1
Gm25767	
Bloc1s4	BLOC1S4
Mrfap1	MRFAP1L2
Mrfap1	MRFAP1
Mrfap1	MRFAP1L1
Gm26038	RNU6-1096P
Gm54373	
Slc12a2	SLC12A2
Sema3c	SEMA3C
Clcf1	CLCF1
Gm45928	
Gm48682	
Gm55500	
Gm48783	
Pold4	POLD4
Lyst	LYST
Lancl2	LANCL2
Ssh3	SSH3
Gfra3	GFRA3
Map3k8	MAP3K8
Gm49252	
Dgkh	DGKH
Slc3a1	SLC3A1
Crybb1	CRYBB1
Crebl2	CREBL2
Tjap1	TJAP1
Hbegf	HBEGF
Gm44084	
Angptl3	ANGPTL3
Crbn	CRBN
Nbas	NBAS
Gm19100	
Spry4	SPRY4
Gm54690	
Gm54691	
Arhgap26	
Gm12852	
Gm19774	
Gm15335	
Gm12687	
Gm8302	
Itgb3bp	ITGB3BP
Fgf1	FGF1
Rfc3	RFC3
Gm48309	
Gm35638	
Gm6736	
Gm6612	
Inf2	INF2
Sgsm3	SGSM3
Gm12702	
Ror1	ROR1
Gm5820	
Gm45873	
Arhgap26	ARHGAP26
Bbs2	BBS2
Gm43038	
Gm43129	
Gm24242	
Gng4	GNG4
Gm55734	
Man2b2	MAN2B2
Gm12701	
Gm12706	
Ube2u	UBE2U
Gm55403	
Gm7441	
Gm7446	
Gm7046	
Gm47884	
Pde8b	PDE8B
Gm22418	
Gm6064	
Gm44399	
Gm55464	
Gm44277	
Lrrn1	LRRN1
4933431M02Rik	
Vopp1	VOPP1
Mt4	MT4
Ccdc50-ps	
Gm12700	
Mir6985	
Ankrd13d	ANKRD13D
Ccdc30	CCDC30
Trappc4	TRAPPC4
Mt3	MT3
Gm22549	RNU6-1265P
Kcnj13	KCNJ13
Mt2	MT1X
Gm55682	
Col19a1	COL19A1
Gm56033	
Gm19177	
Vmn1r168	
Tpst2	TPST2
Gm44279	
Vmn1r21	VN1R5
Gm9463	
Gm18973	
Gm49759	
Gm44877	
Mt1	
Rps25	
Prepl	PREPL
Gm45355	
Gm44114	
Vmn1r169	
Setmar	
Adss1	ADSS1
Vmn1r170	
Tmem86b	TMEM86B
Gm48998	
Gm26251	
Gm49009	
Gm25726	
Gm30584	
Vmn1r-ps12	
Gm19098	
Vmn1r22	VN1R5
Mettl6	METTL6
Nup93	NUP93
Gm50152	
Grk2	GRK2
Vmn1r23	VN1R5
Hddc3	HDDC3
B2m	B2M
Gm20660	
Vmn1r24	VN1R5
Vmn1r25	VN1R5
Vmn1r-ps13	
Vmn1r26	VN1R5
Gm14225	
Rps15-ps2	
Gm14224	
Gm6695	
Trim69	TRIM69
Sumf1	SUMF1
Pxylp1	PXYLP1
Gm49712	
Gm24879	
Gm49705	
Gm49713	
Meltf	MELTF
Aar2	AAR2
Ppp2r2c	PPP2R2C
Gm4259	
Vmn1r171	
Vmn1r172	
Btbd10	BTBD10
Gm42506	
Tfip11	TFIP11
Gm15703	
Gm49731	
Gm14168	
Pigz	
Terb2	TERB2
Vmn1r-ps16	
Siva1	SIVA1
Gpr19	GPR19
Gm14050	
Ncbp2as2	NCBP2AS2
Gm14058	
Rps12-ps10	
Ncbp2	NCBP2
Mrtfa	MRTFA
Gm15334	
Sord	SORD
Gm15336	
Eaf1	EAF1
Gm15333	
Gm8390	
Spink6	SPINK6
Akt1	AKT1
Senp5	SENP5
Duox2	DUOX2
Vmn1r173	
Gm49270	
Vwa8	VWA8
Spink12	
Gm15994	
Pth	PTH
Plpp4	PLPP4
Camkmt	CAMKMT
Snorc	SNORC
Gm10123	
Wfs1	WFS1
Gm8524	
Spsb4	SPSB4
Marcol	MARCOL
4930579F01Rik	C4orf17
Spinkl	SPINK9
Clk1	CLK1
Spink11	SPINK9
Gm16010	
Kdm2a	KDM2A
Gm18291	
Gm19325	
Dlk2	DLK2
Vmn1r-ps17	
Gm20718	
Gramd2a	GRAMD2A
Gm44366	
Gm45614	
Gm43994	
Vmn1r174	
Vmn1r-ps18	
2810454H06Rik	
Npy6r	
Gm18780	
Vmn1r-ps85	
Gm17780	
Gm44576	
Vmn1r27	VN1R5
Myot	MYOT
Vmn1r175	
0610031O16Rik	
Ppp6r1	PPP6R1
Vmn1r-ps19	
Vmn1r28	VN1R5
Vmn1r29	VN1R5
Adh7	ADH7
Mir6939	
Zbtb42	ZBTB42
Gm15696	
Gm55238	
Gm49733	
Cdkn1b	CDKN1B
Gm15694	
Hmgb1-ps6	
Gm30238	
Pak2	PAK2
Mir6940	
Gm5189	
Pld4	PLD4
Duoxa2	DUOXA2
Srrd	SRRD
Abcc10	ABCC10
Gm20674	
Vmn1r-ps20	
Vmn1r30	VN1R5
Duoxa1	DUOXA1
Gm55485	
Gm55486	
Gm44016	
Rnf13	RNF13
Vmn1r-ps21	
Rnf133	RNF133
Apold1	APOLD1
Gm10542	
Skor2	SKOR2
Gm20673	
Rnf148	RNF148
Hps4	HPS4
Tas2r118	TAS2R16
Gm38123	
E330035G20Rik	
Vmn1r31	VN1R5
Gm26419	
Pigx	PIGX
B020018J22Rik	
Gm6855	
A530016L24Rik	C14orf180
Ier3ip1	IER3IP1
Vmn1r176	
Vmn1r-ps23	
Gm20672	
Slc13a1	SLC13A1
Vmn1r177	
Gm18206	
Vmn1r178	
Hdhd2	HDHD2
Tmem179	TMEM179
Vmn1r179	
Vmn1r180	
Duox1	DUOX1
Rabgap1l	RABGAP1L
Gm5324	
Hspbp1	HSPBP1
Ahnak2	AHNAK2
Senp8	SENP8
Clba1	CLBA1
Rpl10-ps5	
Cd209b	CD209
Cdca4	CDCA4
Slc25a36	SLC25A36
Gpr132	
Jag2	JAG2
Vmn1r181	
Gm20706	
Gm55490	
Iqub	IQUB
V1rd19	
Ccdc121rt3	
Gm43759	
Gm43758	
Wdr11	WDR11
Gm20636	
Gm49016	
Gm6997	
Jakmip1	JAKMIP1
Gm49011	
Etl4	KIAA1217
Gm30970	
Gm49015	
Colq	COLQ
Cep19	CEP19
Ndufa5	NDUFA5
Gm16185	
Rpl7a-ps10	
Gm5371	
Gm29241	
Gm29240	
A030012G06Rik	
Nrros	NRROS
Trim42	TRIM42
Dysf	DYSF
Gm15891	
Gm25607	
Clstn2	CLSTN2
Ldha-ps2	
Gm50484	
Ppcs	PPCS
Mir6941	
Nudt14	NUDT14
Katnal2	KATNAL2
Zmynd12	ZMYND12
Bex6	BEX4
Brf1	BRF1
Fbxo45	FBXO45
Gm25848	
Wdr53	WDR53
Gm9109	
Gm14840	
Fam236d	
Rimkla	RIMKLA
Gm55521	
Gm37376	
Gm55522	
Gm55523	
Fam236f	FAM236A
Fam236f	FAM236C
Fam236f	FAM236D
Fam236f	FAM236B
Gm55524	
Gm55525	
Frmd8	FRMD8
Gm16243	
Zbed3	ZBED3
Dmrtc1b	
Mir1946a	
Smco1	SMCO1
Rnf168	RNF168
Zfp957	TCF20
Snora47	SNORA47
Gm22661	
Aggf1	AGGF1
Gm37661	
Gm12954	
Nmnat3	NMNAT3
Gm12956	
Gm12955	
Gm12957	
Rnu6-ps2	
Frg2f1	FRG2
Frg2f1	FRG2B
Frg2f1	FRG2C
Gm33248	
Gm49028	
Gm55028	
Gm49387	
Gm44778	
Gm23847	RNU6-414P
Gm47541	
Man2a2	MAN2A2
Rgcc	RGCC
Btbd6	BTBD6
Gm26647	
Asphd2	ASPHD2
Cachd1	CACHD1
Gm8387	
Ubxn7	UBXN7
Naa16	NAA16
Gm25131	
Gm49522	
Gm9115	
Gm49537	
Mchr1	MCHR1
Gm1043	C4orf50
Gm14839	
Slc25a45	SLC25A45
Gm9119	
Gm15069	
Rhox6	
Gm28530	
Slc25a17	SLC25A17
Rbp1	RBP1
Pacs2	PACS2
Gm55745	
Gm55746	
Cd36	CD36
Cenatac	CENATAC
Rhox7a	
Gm9645	
Gm17951	
Adh1	ADH1C
Adh1	ADH1A
Adh1	ADH1B
Rhox8	
Gm48712	
B3galnt2	B3GALNT2
Cd209c	CD209
Tm4sf19	TM4SF19
Rhox7b	
Rhox9	
Gm20056	
St13	ST13
Dynlt2b	DYNLT2B
Gm7389	
Tgfb2	TGFB2
Gm45048	
Rhox11-ps1	
Pfn2	PFN2
Gm7397	
Rhox5	
Zfp318	ZNF318
Mtrf1	MTRF1
Gm45049	
Gm7407	
Cd209f	CLEC4M
Cylc1	CYLC1
Pcyt1a	PCYT1A
Ccnb3	CCNB3
Tigd3	TIGD3
Gm55429	
Gm42511	
Gm40055	
Dpf2	DPF2
Gm42513	
Gm5537	
Lrrcc1	LRRCC1
Kbtbd7	KBTBD7
Kbtbd6	KBTBD6
Wbp4	WBP4
Gm55608	
Cd209g	CLEC4M
Cpne2	CPNE2
Gm26169	
Gm29491	
Gm37849	
Rrp15	RRP15
Gm55327	
Tex22	TEX22
Gm55801	
Gm9706	
Crip3	CRIP3
Dgkk	DGKK
Elf1	ELF1
Mta1	MTA1
Gm36975	
Mir1927	
Gm3809	
9430087J23Rik	
Gm37912	
Gm37529	
Gm37212	
D1Pas1	
Gpr52	GPR52
Gm19058	
Gm37215	
Gm38302	
6720464F23Rik	
Gm23528	
Gm37873	
Gm37328	
Far1	FAR1
Gm38329	
Gm38126	
Gm38060	
Gm24988	
Gm6177	
Gm6088	
Slc51a	SLC51A
Tex13b	TEX13B
Ngef	NGEF
Xpnpep3	XPNPEP3
Gm7091	
Pias2	PIAS2
Vsig1	VSIG1
Gm55033	
Sugt1	SUGT1
Zdhhc19	ZDHHC19
Gm10577	
Gm10576	
Raver2	RAVER2
Cdc42ep2	CDC42EP2
Pola2	POLA2
Hacl1	HACL1
Gm5405	
Zfp148	ZNF148
Slc22a7	SLC22A7
Evi5l	EVI5L
Psme3	PSME3
Gm22100	
Dnajb7	DNAJB7
Jak1	JAK1
Psmd10	PSMD10
Rbx1	RBX1
Gm15077	
Gm15078	
Atg4a	ATG4A
Gm49406	
Gm5218	
1110025M09Rik	
Ep300	EP300
Slc12a8	SLC12A8
Gm5093	
Ttbk1	TTBK1
Crhbp	CRHBP
Rbp2	RBP2
Ppil3	PPIL3
Gm7276	
St8sia5	ST8SIA5
Aoc2	AOC2
S100z	S100Z
F2rl1	F2RL1
Gm10277	
Aoc3	AOC3
F2r	F2R
Gm37113	
Gm47186	
Foxr1	FOXR1
Gm47119	
Dnph1	DNPH1
Tbce	TBCE
Gnat3	GNAT3
4933416I08Rik	
Gm28156	
Cul9	CUL9
Gm11618	
Gm55747	
Gm56067	
Gaa	GAA
Gm29507	
Brsk1	BRSK1
Rtl8c	RTL8A
Rtl8c	RTL8B
Rtl8c	RTL8C
Gm14592	
Gm14600	
Rtl8a	RTL8A
Rtl8a	RTL8B
Rtl8a	RTL8C
Rtl8b	RTL8A
Rtl8b	RTL8B
Rtl8b	RTL8C
1700013H16Rik	SYCP3
Upk2	UPK2
Foxj3	FOXJ3
Gm9830	
Gnai1	GNAI1
Gm15957	
Copb2	COPB2
Gm14593	
Gm5239	
Zfp36l3	
Snhg4	
Gm55386	
Gm22067	
Gm49444	
Xlr	SYCP3
L3mbtl2	L3MBTL2
Gm17889	
Gm23822	
Cnmd	CNMD
Gm43032	
Gm32102	
Crmp1	CRMP1
Mir759	
Btd	BTD
Pcdh8	PCDH8
Gm22540	RNU6-453P
Gm47147	
Gm47205	
Mrps22	MRPS22
Crip2	CRIP2
Btbd35f23	
Gm55603	
Spata17	SPATA17
Gm6322	
Gm15013	
Gm15297	
Gm15298	
Prr36	PRR36
Gm14661	
Gm10845	
Gm18605	
Gm48017	
Olfm4	OLFM4
Iqgap2	IQGAP2
Hspa9-ps1	
Gm14651	
Gm4909	
Gm37637	
Gm55625	PISRT1
Gm55625	
Pisrt1	
Gm8163	
Gm52986	
Gm37282	
Gm37917	
Pipox	PIPOX
Gm38226	
Gm14660	
Prr23a1	PRR23A
Prr23a1	PRR23C
Prr23a1	PRR23B
Sox3	SOX3
Prr23a2	PRR23A
Prr23a2	PRR23C
Prr23a2	PRR23B
Prr23a3	PRR23A
Prr23a3	PRR23C
Prr23a3	PRR23B
Gm7076	
Gm715	HAPSTR2
Gpr143	GPR143
Gm5920	
Gm33700	
Prr23a4	PRR23A
Prr23a4	PRR23C
Prr23a4	PRR23B
Gm54507	SNORA74D
Mir1949	
Snora74a	SNORA74A
Gm17923	
Gm33778	
Gm54508	
Gm9578	
Psme3ip1	PSME3IP1
Gm28266	
Matr3	MATR3
Prkar2a	PRKAR2A
Gm49043	
Gm19120	
Gm49044	
Crip1	CRIP1
Gm49045	
Cyp2c73-ps	
Gm19311	
Gm18525	
Gm19050	
Gm49047	
Gm55063	RNU1-24P
Gm49049	
Gm49050	
Heg1	HEG1
Gm49051	
Gm24774	
Tcstv-ps6	
Gm49053	
Gm49054	
Slc22a20	
Gm49055	
Gm49056	
Gm29800	
Gm49057	
Pcdh17	PCDH17
G6pc1	G6PC1
Rpl7a-ps12	
Gm55604	
Usp51	USP51
Mageh1	MAGEH1
Gm26174	
Gm22686	RNU6-1001P
Rpl10-ps4	
Gm24706	
Gm7004	
Magea13	MAGEA11
Magea13	MAGEA8
Magea13	MAGEA12
Magea13	MAGEA2B
Magea13	MAGEA2
Magea13	MAGEA4
Magea13	MAGEC2
Magea13	MAGEC1
Magea13	MAGEC3
Gm9264	
Gm49059	
Gm49060	
Gm49061	
Gm49062	
Capn1	CAPN1
Gm49063	
Gm25475	RNU2-30P
Gm25475	RNU2-66P
Gm23926	RNU6-708P
Gm23926	RNU6-187P
Gm23926	RNU6-1060P
Gm4350	
Eif4a3	EIF4A3
Gm32913	
Gm26351	
Mir504	MIR504
Gm25115	RNU1-51P
Gm25115	U1
Gm25115	RNU1-142P
Gm26487	
Gm14890	
Gm49157	
Gm49158	
Ankrd28	ANKRD28
Gm8475	
Shroom2	SHROOM2
Tedc1	TEDC1
Gm26166	RNU6-655P
Gm15508	
Gm43730	
Gm43497	
Gm43496	
Adh6a	
Spon1	SPON1
Neu2	NEU2
Evc	EVC
Gm27029	
Shf	SHF
Gm43310	
Tmem121	TMEM121
Gm24468	RNU6-807P
Gm24468	RNU6-581P
Gm12785	
Gm25124	
Gm25622	RNU6-919P
Gm12959	
Gm12793	
Gm47053	
Mir101a	MIR101-1
Guca2a	GUCA2A
Plekhg3	PLEKHG3
Srf	SRF
Gm24687	
Foxl2	FOXL2
Pgrmc1	PGRMC1
Tmem150b	TMEM150B
Gm12795	
Gm20128	
Gm12798	
Aarsd1	AARSD1
Guca2b	GUCA2B
Gm17119	
Bcl9l	BCL9L
Nras	NRAS
Gm17181	
Rc3h1	RC3H1
Mir6976	
Ptk7	PTK7
Akap17b	
Gm19505	
Syvn1	SYVN1
Hivep3	HIVEP3
Muc13	MUC13
Gm24537	RNU6-295P
Rras2	RRAS2
Ptges3l	PTGES3L
Rpl7-ps9	
Slc25a43	SLC25A43
Klc4	KLC4
Gm48745	
F2rl2	F2RL2
Gm23613	
Slc25a5	SLC25A5
Fes	FES
Gm18284	
Chadl	CHADL
Gm50469	
Gm24409	
Gm32880	
Gm56130	
Gm13361	
Gm13363	
Gm24032	RNU1-132P
Ggps1	GGPS1
Gm13360	
Gm13328	
Gm23970	
Gm17171	
Gm13335	
Gm56138	
Gm13362	
Ube2a	UBE2A
Dlgap4	DLGAP4
Rangap1	RANGAP1
Myo9a	MYO9A
Gm34967	
Itgb5	ITGB5
Mir6929	
Rundc1	RUNDC1
Gm55960	
Gm43062	
Ak4	AK4P3
Ak4	AK4
Adh6b	ADH6
Mrpl2	MRPL2
Sez6	SEZ6
Gm23467	RNU1-82P
Tsc22d2	TSC22D2
Mir5135	
Sptb	SPTB
Sv2c	SV2C
Serp1	SERP1
Slc29a3	SLC29A3
Tbcc	TBCC
Gm42935	
Prph2	PRPH2
Evc2	EVC2
Gm37052	
Gm37809	
Adh4	ADH4
Gm37653	
Nif3l1	NIF3L1
Ubr2	UBR2
Gm49308	
Gm22876	RN7SL616P
Gm55071	RN7SKP258
Galnt15	GALNT15
Shprh	SHPRH
Lrrc8e	LRRC8E
Ampd1	AMPD1
Rspry1	RSPRY1
Edn2	EDN2
Gm55426	
Gm8712	
Gm49084	
Dph3	DPH3
Hnrnpk	HNRNPK
Foxo6	FOXO6
Gm14549	
Steep1	STEEP1
Scmh1	SCMH1
Gm15732	
Stk32b	STK32B
Serpinc1	SERPINC1
Gm55445	
Gm43063	
Gm49159	
Gm45615	
Rbis	RBIS
Gm55078	
Gm45454	
Gm37002	
Gm23278	
Copb1	COPB1
Tdrd3	TDRD3
Cytl1	CYTL1
Msx1	MSX1
Rpl27	RPL27
Sez6l	SEZ6L
Gm38151	
Adh5	ADH5
Umps	UMPS
Zc3h7b	ZC3H7B
Gm36989	
Paip2	PAIP2
Ifi35	IFI35
Gm14541	
Nkrf	NKRF
Psma1	PSMA1
Gm15829	
Gm37729	
Gm37072	
Kalrn	KALRN
Zbtb37	ZBTB37
Gm15008	
Septin6	SEPTIN6
Gm49199	
Gm33121	
Gm49197	
Gm48922	
Rps3a2	
Gm11626	
Gm55084	
Gm9274	
Vat1	VAT1
Gm48929	
Gm9275	
Car13	CA13
Pcdh20	PCDH20
Mir6988	
Mrpl49	MRPL49
Gm36946	
Gm17882	
Gm25886	RNU6-469P
Gm25886	RNU6-566P
Gm25415	
Gm25495	
Gm18082	
Gm23225	
Gm7272	
Gm48943	
Gm48944	
Gm24127	
Gm37341	
Eif2a	EIF2A
Gm7232	
Gm48962	
Furin	FURIN
Gm48963	
Oxnad1	OXNAD1
Gm52998	
Fau	FAU
Rnd2	RND2
Tef	TEF
Gm37362	
Slc23a1	SLC23A1
Orc2	ORC2
Gm11625	
Phf12	PHF12
Gm55346	
Churc1	CHURC1
Tob2	TOB2
Phf5a	PHF5A
Gm45797	
Fntb	FNTB
Arl2bp	ARL2BP
Btf3-ps2	
Znhit2	ZNHIT2
Cxcr5	CXCR5
Slfnl1	SLFNL1
Tm7sf2	TM7SF2
Mzb1	MZB1
Aco2	ACO2
Gm2735	
Ctps1	CTPS1
Gm48805	
Gm47230	
Gm47231	
Gm47232	
Gm50318	
Faim	FAIM
Prob1	PROB1
Gm14172	
Myl9	MYL9
6720482G16Rik	
Metap1	METAP1
Spata24	SPATA24
Gm16577	
Fbxo30	FBXO30
Pde3b	PDE3B
Slc28a2	SLC28A2
Unc5b	UNC5B
Gpx2	GPX2
Rab15	RAB15
Gm44851	
Kmt5c	KMT5C
Msmb	MSMB
Gm1123	CXADR
Dnajc18	DNAJC18
Gm18909	
Pcdh9	PCDH9
Gm43724	
Selenot	SELENOT
Brca1	BRCA1
Nr2e3	NR2E3
Gm14542	
Sowahd	SOWAHD
Polr3h	POLR3H
Gm23966	
Dnajc6	DNAJC6
Gm26099	RNU6-971P
Gm24809	Metazoa_SRP
Gpatch2	GPATCH2
Kdm5c	
Pllp	PLLP
Car1	CA1
Vps51	VPS51
Gm23509	
Gm9247	
Gm17922	
Smim33	SMIM33
Gm48964	
Gm48967	
C230086J09Rik	
Gm48981	
Gm48982	
Gm23324	
Gm48983	
Gm18074	
Gm45767	
Gm24680	
Gm9721	
Gm55626	
Gm48989	
Ecscr	ECSCR
Ccl22	CCL22
Gm48990	
Gm48991	
Gm48994	
Gm5207	
Klhl1	KLHL1
Gnb1-ps3	
Cx3cl1	CX3CL1
Csdc2	CSDC2
Gm7616	
Gm16399	
Gm15507	
Erich6	ERICH6
Max	MAX
Gm24043	
Ddx6	DDX6
Gm25133	
Gm49006	
Gnb1-ps2	
Gm28374	
Ncoa4	NCOA4
Ccl17	CCL17
Tmem262	TMEM262
Pmm1	PMM1
Gm14086	
Bambi-ps1	
Tgif2	TGIF2
Car3	CA3
Ciapin1	CIAPIN1
Zfpl1	ZFPL1
Gm47218	
Gm35189	
Gm55350	
Coq6	COQ6
Siah2	SIAH2
Gm48666	
Gm25979	
Gm19972	
Mir6408	
Epm2a	EPM2A
Gm37790	
Slc28a2b	SLC28A2
A930028O11Rik	
Dennd2c	DENND2C
Rpl17-ps11	
Scgb3a1	SCGB3A1
Gm48679	
Mir466j	
Gm48680	
Gm22546	
Gm48697	
Gm48698	
Gm55861	
Gm55862	
Pcbd1	PCBD1
Gm55840	RN7SKP1
Gm16494	
Gm4945	
Cnot6	CNOT6
Cpne5	CPNE5
Cyp2r1	CYP2R1
Gm23680	
Gm25139	RNU105B
Sgpl1	SGPL1
4930518I15Rik	
Sting1	STING1
Gm56145	Metazoa_SRP
Rab5if	RAB5IF
Gm30671	
E030022I16Rik	
Gm47234	
Gm47238	
Gm3953	
Pik3cb	PIK3CB
Gm5805	
Ndufb11b	NDUFB11
Ckap5	CKAP5
Xrcc6	XRCC6
Cdca5	CDCA5
Gm7418	
Coq9	COQ9
Cox6b2	COX6B2
Ccdc121rt2	
Gm27004	
Gm43762	
4933415J04Rik	
Myo18b	MYO18B
Gm37254	
Gm38155	
Esrrg	ESRRG
Gm12192	
Gm55768	
Gm12193	
Gfpt2	GFPT2
Naaladl1	NAALADL1
Treh	TREH
Gm50054	
Ppil1	PPIL1
Garin5b	GARIN5B
Ncor1	NCOR1
Sac3d1	SAC3D1
Polr2c	POLR2C
Snx15	SNX15
Blm	BLM
Gm37929	
Gm52967	
9330162B11Rik	
Gm38315	
Gm38064	
Gm50068	
Hycc2	HYCC2
Ncor2	NCOR2
BC004004	C6orf89
Car2	CA2
Mindy4b-ps	MINDY4B
Desi1	DESI1
Gm16490	
Gm50371	
Cxxc5	CXXC5
Arl2	ARL2
Entpd5	ENTPD5
Clrn1	CLRN1
Thsd4	THSD4
Gm29417	
Gm36315	
Gm50405	
Gm54526	
Psd2	PSD2
Gm55864	
Timm23	TIMM23
Timm23	TIMM23B
Utrn	UTRN
Batf2	BATF2
Snu13	SNU13
Ttc13	TTC13
Bcas2	BCAS2
Gm49487	
Gm49488	
Gm49489	
4930407I10Rik	
Gm4823	
Gm55571	
Gm55407	RN7SKP216
Gm55970	
Gm5510	
Gm17873	
Leprot	LEPROT
Fbxo4	FBXO4
Gm53015	
Mir5046	
Ccdc88b	CCDC88B
Ndufab1-ps	
Irgc	IRGC
Rimoc1	RIMOC1
Iffo2	IFFO2
Gm22491	
Gm25572	
Gm27024	
Rpl13-ps6	
Calca	CALCA
Gm55454	
Gm43570	
Gm23946	SNORA74C-1
Gm23946	SNORA74C-2
Or10g3b	OR10G3
Eif4e	EIF4E
Gm4742	
Or10g3	OR10G3
Gm49286	
Oxct1	OXCT1
Gm37504	
Or10g1b	OR10G2
Ndufb3	NDUFB3
Or10g1	OR10G2
Gm43250	
Or4e2	OR4E2
Gm29389	
Gm18802	
Rassf5	RASSF5
Gm55661	
Gm47676	
Or4e1	OR4E1
Gm22099	
Gm47740	
Lrrc49	LRRC49
Gm54596	
Gm14663	
Gm55038	
Cdr1	
Rps6ka6	RPS6KA6
Gm43512	
Parg	PARG
Gm21969	
Aldh4a1	ALDH4A1
Crtc3	CRTC3
Mir1956	
Gm9415	
Gm6057	
Gm43723	
Gm43060	
Tspan5	TSPAN5
Mir7020	
Tas1r2	TAS1R2
Cbx3-ps7	
Gm49301	
Ush2a	USH2A
Mei1	MEI1
Bbof1	BBOF1
Nfyc	NFYC
Gm44931	
Gm15880	
Prdx5	PRDX5
Rnf113a2	RNF113A
A730082K24Rik	
Aldh6a1	ALDH6A1
Gm56112	
Iqgap1	IQGAP1
Gm16060	
Sirpb1c	SIRPG
Sirpb1c	SIRPA
Sirpb1c	SIRPB1
Vsx2	VSX2
Arv1	ARV1
Trmt112	TRMT112
Fam89a	FAM89A
Abcd4	ABCD4
Gm9172	
Gm45856	
Map2k7	MAP2K7
Trim33	TRIM33
Esrra	ESRRA
Mir30c-1	MIR30C1
Mir30e	
Mir30f	
Gm55973	
Pax7	PAX7
Gm48798	
Flacc1	FLACC1
Dynap	
Gm23044	RNU6-1212P
Gm7525	
Stx11	STX11
4930503L19Rik	C18orf54
Mir6990	
Catsperz	CATSPERZ
Rims3	RIMS3
Ropn1	ROPN1B
Ropn1	ROPN1
Sf3b5	SF3B5
Gm47691	
Tbata	TBATA
Gm49196	
Gm7707	
Or4e5	OR4E1
Lin52	LIN52
Ccdc14	CCDC14
Bad	BAD
Adk	ADK
Zscan2	ZSCAN2
Dicer1	DICER1
Gm12871	
Gm24678	
Exo5	EXO5
Gm28803	
Larp6	LARP6
Gm25095	
Gm25269	RNU6-1050P
Gm25269	RNU6-1299P
Ikbke	IKBKE
Zfp420	
A4gnt	A4GNT
Zfp69	ZFP69
Uaca	UACA
Wdr73	WDR73
Plcb3	PLCB3
Smap2	SMAP2
Mylk	MYLK
Plcxd3	PLCXD3
Gm43061	
Gm25009	
Gm25869	
Gm25199	
Gm26485	RNU6-994P
Gm5283	
Gm24963	
Gm6350	
Gm19694	
Gm36382	
C6	C6
Bhlhe22	BHLHE22
Gm55136	RN7SKP74
Gm36448	
Mir7015	
Gm55460	
Col9a2	COL9A2
Cyp7b1	CYP7B1
Gm55137	
Trav3-1	TRAV5
Trav4-1	
Trav5-1	TRAV13-1
Trav5-1	TRAV13-2
Hdx	HDX
Trav6-1	TRAV9-2
Gm42988	
Trav7-1	TRAV12-1
Trav7-1	TRAV12-2
Trav7-1	TRAV12-3
Trav7d-2	TRAV12-1
Trav7d-2	TRAV12-2
Trav7d-2	TRAV12-3
Gm23686	
Trav4d-2	
Gm43834	
Trav6d-3	TRAV9-2
Gm6369	
Pgk1-ps3	
Gm42944	
Trav7d-3	TRAV12-1
Trav7d-3	TRAV12-2
Trav7d-3	TRAV12-3
Gm30341	
Gm10045	
Ogdhl	OGDHL
Arhgef2	ARHGEF2
Pi16	PI16
Gm6992	
Gm18502	
Gm25408	
Fam110c	FAM110C
Gm48100	
Gm18024	
Gm48117	
Gm6993	
Gm24613	
Lamb1	LAMB1
Gm28914	
Cflar	CFLAR
Zmpste24	ZMPSTE24
Zfp27	
Gm7340	
Gm49073	
Gm32113	
Ranbp3l	RANBP3L
Gm56689	
Rab9b	RAB9B
Mir7668	
Zfp383	ZNF383
Gm44873	
Nmb	NMB
Adamts14	ADAMTS14
Gm15026	
Gm55974	
Nadk2	NADK2
Gm15025	
Gm23540	
Tmco2	TMCO2
H2bw2	H2BW2
H2bw2	H2BW1
Gm6275	
Gm12882	
Sec61g-ps3	
Gm12879	
Zfp74	ZNF569
Gm55975	RN7SKP226
Tmsb15l	
Rlf	RLF
Trav7d-4	TRAV12-1
Trav7d-4	TRAV12-2
Trav7d-4	TRAV12-3
Skp2	SKP2
Gm5408	
Trav8d-1	TRAV17
Trav9d-1	TRAV8-1
Trav9d-1	TRAV8-3
Tmsb15b1	
1700024G13Rik	C10orf53
Gm12890	
Mif-ps4	
Gm12888	
Gm15038	
Sec11a	SEC11A
AW822252	
Radx	RADX
Trav6d-5	TRAV9-1
Gm12889	
Gm12885	
Gm12884	
Gm12883	
Ppp1r14b	
Gm12886	
Trav10d	TRAV13-1
Trav10d	TRAV13-2
Gm12880	
Trav6d-6	TRAV9-2
Gm26162	
Gm12887	
Gm3841	
Mtch1	MTCH1
Trav11d	TRAV10
Casp8	CASP8
Gm12878	
Trav7d-5	TRAV12-1
Trav7d-5	TRAV12-2
Trav7d-5	TRAV12-3
Gm12892	
Gm12896	
Gm12893	
Gm12895	
Trav13d-1	TRAV22
Gm12877	
Gm12874	
Trav14d-1	TRAV23DV6
Gm12875	
Gm12876	
9530002B09Rik	
Gm6740	
Trav3d-2	
Trav9d-2	TRAV8-1
Trav9d-2	TRAV8-3
Vegfb	VEGFB
Gm47923	
Col7a1	
Pde4b	PDE4B
Trav4d-3	
Hacd2	HACD2
Rps19-ps2	
Snord67	SNORD67
Sla2	SLA2
Trav5d-2	
Trav9d-3	TRAV8-1
Trav9d-3	TRAV8-3
Tysnd1	TYSND1
Gm16171	
Gm45718	
Gm18782	
Zfp568	
Trav5d-3	
Trav12d-3	TRAV18
Trav13d-2	TRAV22
Adcy5	ADCY5
Trav14d-2	TRAV23DV6
Aifm2	AIFM2
Trav15d-2-dv6d-2	TRDV1
Gm8704	
Trav3d-3	TRAV5
Asb15	ASB15
Trav9d-4	TRAV8-1
Trav9d-4	TRAV8-3
Gm37760	
Trav4d-4	
Gm26224	
Gm26224	SNORD74B
Dnajc4	DNAJC4
Gm22489	
Gm22357	
Gm23212	
Rhox10	
Snord78	
Gm43104	
Gm50452	SNORD79
Snord80	
Trav5d-4	TRAV13-1
Trav5d-4	TRAV13-2
Snord47	
Gm25789	SNORD81
Eef1a1-ps2	
Trav6d-7	TRAV9-2
Trak2	TRAK2
Trav7d-6	TRAV12-1
Trav7d-6	TRAV12-2
Trav7d-6	TRAV12-3
Chat	CHAT
Zfp14	ZFP14
Rhox11	
Gm42689	
Lmod2	LMOD2
Zfp592	ZNF592
Rhox11-ps3	
Rhox12	
Abcg2	
Gm14248	
F2	F2
Nudt22	NUDT22
Gm8139	
Dynapl1	
Rhox13	RHOXF1
Ugt3a2	UGT3A2
Fbxo38	FBXO38
Zfp36l1-ps	
Zbtb33	ZBTB33
Gm25179	RNU4-8P
Gm49702	
Mir3110	
Gm14607	
Sec22a	SEC22A
Pou5f1-rs8	
Rps2-ps13	
Phf6	PHF6
Ugt3a1	UGT3A2
Gm44967	
Alpk3	ALPK3
Lmbrd2	LMBRD2
Plagl1	PLAGL1
Trpt1	TRPT1
Spink10	SPINK9
Gm49706	
Gm25079	
Gm23518	
Pdia5	PDIA5
Gm19680	
Gm23032	
Gm7910	
Srgap2	SRGAP2C
Srgap2	SRGAP2B
Srgap2	SRGAP2
Platr32	
Zfp82	ZFP82
Gm13771	
Bloc1s6	BLOC1S6
Fermt3	FERMT3
Gm55297	
Sema5b	SEMA5B
Zfp408	ZNF408
Gm7498	
Ddx47	DDX47
Gm26920	
Slc28a1	SLC28A1
Trav13d-3	TRAV22
Slc18a3	SLC18A3
Gm36368	
Trav16d-dv11	TRAV19
Spink7	SPINK7
Stip1	STIP1
Trav13d-4	TRAV22
Gm19159	
Trav14d-3-dv8	TRAV23DV6
Hprt1	HPRT1
Gm7941	
Trav15d-3	
Gm54417	
Trav7n-4	TRAV12-1
Trav7n-4	TRAV12-2
Trav7n-4	TRAV12-3
Sqor	SQOR
Syt4	SYT4
Trav9n-1	
Trav6n-5	TRAV9-1
Trav10n	TRAV13-1
Trav10n	TRAV13-2
Gm25396	
Mro	MRO
Dld	DLD
Trav6n-6	TRAV9-2
Mir450b	MIR450B
Mir450-1	MIR450A1
Mir450-2	MIR450A2
Mir542	MIR542
Mir351	
Mir503	
Mir322	MIR424
Astx6	
Trav11n	
Gm14951	
Gm15383	
Rps12-ps21	
Gm15381	
Trav7n-5	TRAV12-1
Trav7n-5	TRAV12-2
Trav7n-5	TRAV12-3
Astx2	
Gm55420	
Gm55421	
Lrrk2	LRRK2
Ercc6	ERCC6
Gm17412	
Rps12-ps22	
Gm24869	
Gm12923	
Gm14950	
Bmp8b	
Sox6	SOX6
Rps12-ps23	
Astx5	
Rps12-ps20	
Oat-rs1	
Gm14715	
Gm7155	
Gm8692	
Gm14710	
Gm55599	
Hmgb1-ps4	
2410152P15Rik	
Rps6ka4	RPS6KA4
Gm5397	
Gm14711	
Gm17244	
Mapk4	MAPK4
Gm14707	
Gm14717	
Oxct2b	OXCT2
Cpeb3	CPEB3
Cldn34b3	CLDN34
Padi6	PADI6
Gm5963	
Slc26a3	SLC26A3
Mir7-1	MIR7-1
Rmi1	RMI1
Gm14712	
Dok4	DOK4
Magea7-ps	
Kpna1	KPNA1
Gm12276	
Pigl	PIGL
Gm14709	
Cldn34b4	CLDN34
D730045A05Rik	
Cldn34d	CLDN34
Gm39348	
Ska1	SKA1
Gm14716	
Gm14713	
Mir711	MIR711
Gm13988	
Ucn2	UCN2
Gm55069	
Gm49743	
Ndrg3	NDRG3
Gm23280	
Gm14706	
Gm38004	
Slc28a3	SLC28A3
Trav13n-1	TRAV22
Gm14714	
Gm34105	
Gm12278	
Gm5398	
Dzip1l	DZIP1L
Trav14n-1	TRAV23DV6
Gm12949	
Gm5757	
Gm5937	
Gm6755	
Mapk9	MAPK9
Vmn2r121	
Trav3n-2	
Trav9n-2	TRAV8-1
Trav9n-2	TRAV8-3
Gm43899	
Gm15475	
Wasl	WASL
Fgd2	FGD2
Ppie	PPIE
Rps12-ps6	
Astx1a	
Trav4n-3	
Cxxc1	CXXC1
Rps12-ps11	
Gm17584	
Rps19-ps1	
Astx4a	
Trav5n-2	
Trav9n-3	TRAV8-1
Trav9n-3	TRAV8-3
Rps12-ps12	
Gm17469	
Astx4b	
Trav5n-3	
Trav12n-3	TRAV18
Cldn34c1	CLDN34
Trav13n-2	TRAV22
Gm49320	
Trav14n-2	TRAV23DV6
Trim67	TRIM67
Trav15n-2	TRDV1
Drgx	DRGX
Cldn34c6	CLDN34
Cldn34c2	CLDN34
Cldn34c3	CLDN34
Cldn34c5	CLDN34
Gm14570	
Gm14571	
Gm54458	
Gm7189	
Gm16383	
Gm7190	
Gm4986	
Ubqln2	UBQLN2
Gm15166	
Gm25793	RNU6-552P
Gm8534	
Csnk2a1-ps2	
Cypt2	
Gm3131	
Gm14823	
Gm5690	
Gm14516	
Gm38262	
Gm47942	
Hpcal4	HPCAL4
Drr1	
Gm54386	
Rpl13-ps2	
Gm37954	
Slc39a6	SLC39A6
Gm29488	
Gm14520	
Gm40968	
Cypt1	
Gm29487	
Arid4b	ARID4B
Gm55791	
Khdrbs2	KHDRBS2
Cypt3	
Gm14550	
Gm6228	
Nxf7	NXF2B
Nxf7	NXF2
Gm15382	
Wdr5b	WDR5B
Gm42856	
Smgc	
Gm16163	
Fam162a	FAM162A
Cyp26b1	CYP26B1
Nt5c1a	NT5C1A
Gm9359	
Tgfbr3l	TGFBR3L
Gm29541	
Kcnf1	KCNF1
Dio2	DIO2
Gm25814	RNU6-834P
Gm37999	
Gm37110	
Gm47188	
Gm37911	
Ccdc102a	CCDC102A
3110009F21Rik	
Gm9839	
Fam72a	FAM72C
Fam72a	FAM72A
Fam72a	FAM72B
Fam72a	FAM72D
Mix23	MIX23
Gm34785	
4930425K24Rik	
Mir1247	
Dio3	DIO3
Heyl	HEYL
Gm6988	
Gm9063	
Gm47195	
Laptm4a	LAPTM4A
Gm37792	
Semp2l1	SENP2
Elp2	ELP2
Gm24732	
Gm37426	
Gm55794	
Avpr1b	AVPR1B
Fsaf1	FSAF1
Gm37151	
Gm8532	
Gm28624	
Gm37724	
Gm7114	
Gm4785	
Gm24901	RNU6-1276P
Gm2987	
Hyal6	
Gm12901	
3425401B19Rik	C10orf71
Sgip1	SGIP1
Gm25792	RNU6-182P
Gm25792	RNU6-496P
Gm25792	RNU6-1045P
Gm25792	RNU6-958P
Gm25792	RNU6-770P
Gm25792	RNU6-894P
Gm25792	RNU6-62P
Gm25792	RNU6-122P
Gm38122	
Gm18799	
Gm7933	
Snapc2	SNAPC2
Gm56513	
Gm56517	
Gm23453	RNU6-154P
Gm56522	
Dars2	DARS2
Gm47096	
Gm56543	
Gm19951	
Csta1	CSTA
Hyal4	HYAL4
Gm49329	
Gm28052	
Gm3922	
Rnf8	RNF8
Gm10092	
Trav3n-3	TRAV5
Gm23080	
Stfa2l1	CSTA
Trav9n-4	TRAV8-1
Trav9n-4	TRAV8-3
Gm49327	
Spam1	SPAM1
Gm22885	
Cstdc4	CSTA
Magi2	MAGI2
Gm20474	
Gm25024	
Gm10913	
Ctxn1	CTXN1
Gm56159	
Csta3	CSTA
Gm14276	
Gm18795	
Trav4n-4	
Gm55313	
Csta2	CSTA
Arhgap21	ARHGAP21
Trav5n-4	TRAV13-1
Trav5n-4	TRAV13-2
Adgrg5	ADGRG5
Gm18327	
Tmem273	TMEM273
Hyal5	SPAM1
Gm24569	
Stfa1	CSTA
Gm19196	
Rnf144a	RNF144A
Gm22267	
Tmem229a	TMEM229A
Gm55314	
Gm55315	
Gm5302	
Gm49647	
Gm28043	
Gm24437	
Cstdc6	CSTA
Gm24443	
Gm22529	
Herc3	HERC3
Trav6n-7	TRAV9-2
Gm55316	
Cstdc5	CSTA
Trav7n-6	TRAV12-1
Trav7n-6	TRAV12-2
Trav7n-6	TRAV12-3
Fam170b	FAM170B
Cmtr1	CMTR1
Gm15845	
Trav13n-3	TRAV22
Gm24218	
Phldb1	PHLDB1
Gm7260	
Trav8n-2	TRAV17
Gm55319	
Stfa2	CSTA
Trav16n	TRAV19
Vstm4	VSTM4
Gm22263	
Gm49652	
Gm25903	
Stfa3	CSTA
Gm49653	
Mir6538	
Gm47799	
Casr	CASR
Rsad2	RSAD2
Gm7734	
Gm55880	
Trav13n-4	TRAV22
Macroh2a2	MACROH2A2
Trav14n-3	TRAV23DV6
Trav15n-3	
Trav7-2	TRAV12-1
Trav7-2	TRAV12-2
Trav7-2	TRAV12-3
Trav4-2	
Trav6-3	TRAV9-2
Trav7-3	TRAV12-1
Trav7-3	TRAV12-2
Trav7-3	TRAV12-3
Gm37634	
Timm44	TIMM44
Prim2	PRIM2
Trav7-4	TRAV12-1
Trav7-4	TRAV12-2
Trav7-4	TRAV12-3
Gm55606	
A330032B11Rik	
Gm55607	
Marchf5	MARCHF5
Mir5108	
Zc2hc1b	ZC2HC1B
Gm18711	
Trav8-1	TRAV17
Gm15021	
Tcp11x2	TCP11X2
Tcp11x2	TCP11X1
Trav9-1	TRAV8-1
Trav9-1	TRAV8-3
Trav6-5	TRAV9-1
Gm55320	RN7SKP231
Gm49664	
Gm49663	
Cd86	CD86
Trav10	TRAV13-1
Trav10	TRAV13-2
Trav6-6	TRAV9-2
Trav11	TRAV10
Mocos	MOCOS
Trav7-5	TRAV12-1
Trav7-5	TRAV12-2
Trav7-5	TRAV12-3
Ltv1	LTV1
Trav13-1	TRAV22
Trav14-1	TRAV23DV6
Tmsb15a	
Trav3-2	
Trav9-2	TRAV8-1
Trav9-2	TRAV8-3
Gm29228	
Ctse	CTSE
Gm15018	
Nxf2	NXF2B
Nxf2	NXF2
Gm25268	
Ide	IDE
Trav4-3	
Trav5-2	
Trav12-2	TRAV18
Trav12-3	TRAV18
Gm47402	
Phactr2	PHACTR2
Gm50177	
Trav13-2	TRAV22
Gm50178	
Gm19062	
Trav14-2	TRAV23DV6
Gm26977	
Gm5509	
Gm18910	
Trav15-2-dv6-2	TRDV1
Gm5823	
Gnpat	GNPAT
Gm50179	
Gm36627	
Gm36718	
Wdfy4	WDFY4
Gm50180	
Gm50190	
Gm50192	
Gm50193	
Pard6g	PARD6G
Gpr37	GPR37
Gm50195	
Adnp2	ADNP2
Ildr1	ILDR1
Gm45025	
Pde8a	PDE8A
Nap1l5	NAP1L5
Exoc6b	EXOC6B
Gm7447	
Gm46629	
Rbfa	RBFA
Muc19	MUC19
Gm46344	
Cmpk2	CMPK2
Cenpf	CENPF
Gm18979	
Gm18983	
Gm18624	
Naa12	
Gm3888	
Gm18625	
Gm9568	
Gm49362	
Gm18626	
Gsdmd	GSDMD
Gm48110	
Kif11	KIF11
Gm18615	
Gm48153	
Gm3742	
Gm21937	
Gm52984	
Gm48150	
Gm21559	
Gm21569	
Gm21939	
Gm48152	
Gm48149	
Gm48154	
Gm48151	
Gm21038	
Gm1995	
Gm18627	
Gm49363	
Gm18616	
Gm18628	
Gm46992	
Ccdc167	CCDC167
Gm18629	
Gm46993	
Gm18247	
Gm46998	
Gm46997	
Gm46994	
Txnl4a	TXNL4A
Gm46995	
Gm46996	
Mroh6	MROH6
Gm5789	
Gm18617	
Gm5442	
Gm46649	
Gm38345	
Gm55610	
Gm8587	
Gm37239	
Sptbn2	SPTBN2
Stradb	STRADB
Gm48459	
Gm48487	
Gm33654	
Gm5955	
Gm8605	
Naprt	NAPRT
Cenpv	CENPV
Gm48513	
Gm18630	
Gm7180	
Hsbp1l1	HSBP1L1
Pramel51	PRAMEF17
Pramel51	PRAMEF12
Pramel51	PRAMEF1
Pramel51	PRAMEF19
Pramel51	PRAMEF20
Pramel51	PRAMEF6
Pramel51	PRAMEF18
Pramel51	PRAMEF10
Pramel51	PRAMEF2
Pramel51	PRAMEF33
Pramel51	PRAMEF11
Pramel51	PRAMEF26
Pramel51	PRAMEF9
Pramel51	PRAMEF13
Pramel51	PRAMEF5
Pramel51	PRAMEF4
Pramel51	PRAMEF25
Pramel51	PRAMEF14
Pramel51	PRAMEF8
Pramel51	PRAMEF15
Pramel51	PRAMEF27
Pramel51	PRAMEF7
1110004F10Rik	C11orf58
Exoc8	EXOC8
Sprtn	SPRTN
Slc66a2	SLC66A2
Gm55665	
Gm18631	
Egln1	EGLN1
Gm48553	
Gm55806	
Gm7507	
Ubb	UBB
Gm48560	
Gm18618	
Gm44012	
Gm8538	
Gm48561	
Slc15a2	SLC15A2
Gm44011	
Gm21039	
Gm55568	
Gm7104	
Gm43954	
Gm43955	
Gm8634	
Gm43957	
1810014P07Rik	
Gm48564	
Tsnax	TSNAX
Gm43551	
Gm43959	
Pot1a	POT1
Gm18619	
Trav3-3	TRAV5
Gm18632	
Mdga1	MDGA1
Gm8655	
Trav9-4	TRAV8-1
Trav9-4	TRAV8-3
Gm48572	
Gm18620	
Nbr1	NBR1
Gm54546	
Gm48577	
Gm6190	
Gm5655	
3200001D21Rik	
Fuca2	FUCA2
Sptlc2	SPTLC2
Rps17	RPS17
Trav4-4-dv10	
Gm45874	
Adgrg1	ADGRG1
Gm43550	
Trav5-4	TRAV13-1
Trav5-4	TRAV13-2
Trav6-7-dv9	TRAV9-2
Trav7-6	TRAV12-1
Trav7-6	TRAV12-2
Trav7-6	TRAV12-3
Trav13-3	
Trav8-2	
Trav16	TRAV19
Gm26129	
Gm55457	
Gm48027	
Tigd5	TIGD5
Zmat1	ZMAT1
Pycr3	PYCR3
Gm2492	
Trav13-4-dv7	TRAV22
Hecw1	HECW1
Trav14-3	TRAV23DV6
Gm4353	
Lrrc18	LRRC18
Pex3	PEX3
Cpeb1	CPEB1
Gfus	GFUS
Gm6207	
Gm25868	
Pabpc4	PABPC4
Tceal6	TCEAL5
Tceal6	TCEAL6
Tceal6	TCEAL3
Spr	SPR
Gm15022	
Pramex2	
Gm48806	
Gm48873	
Gm8557	
Gm25936	
Alkbh1	ALKBH1
Gm6215	
Trav15-3	
Trav3-4	TRAV5
Gm20756	
Gm22006	
Gm24416	
Gm49029	
Gm22233	
Trav12-4	
Armcx5	ARMCX5
Gm25498	
Trav13-5	TRAV22
Gm44285	
Rbm4b	RBM4B
Gm6719	
Gm6340	
Trav17	
Gm22893	
Gm24691	
Gm42474	
Trav19	TRAV29DV5
Fam13a	FAM13A
Trav20	
Gprasp1	GPRASP1
Trav21-dv12	
Gm16758	
Trav22	
Trdv2-1	
Gm50017	
Gm50018	
Trdv2-2	TRAV38-1
Trdv2-2	TRAV38-2DV8
Gm22327	
Trav23	TRAV39
Tfeb	TFEB
Trdv3	
Trdv4	
Gm13380	
Rab7b	RAB7B
Dsn1	DSN1
Gm37206	
Rbm4	RBM4
Trdd1	
Gm55186	
Trdd2	
Mir7646	
Trdj1	
Mir1970	
Bhlhb9	GPRASP3
Arhgap22	ARHGAP22
Mir3068	
Gm54509	
Gm54509	SNORA58
Rpl7a-ps9	
Gm29362	
Slirp	SLIRP
Cpeb1os1	
Zfp582	ZNF582
Zfp623	ZNF623
Zfp78	ZNF891
Zfp78	ZNF705A
Zfp78	ZNF705D
Zfp78	ZNF705B
Zfp78	ZNF705G
Zfp78	ZNF20
Zfp78	ZNF124
Zfp78	ZNF749
Zfp78	ZNF337
Zfp78	KRBOX4
Zfp78	ZNF674
Zfp78	ZNF669
Zfp78	PRDM9
Zfp78	ZNF555
Zfp78	ZNF556
Zfp78	ZNF560
Zfp78	ZNF554
Zfp78	ZNF491
Zfp78	ZNF69
Zfp78	ZNF440
Zfp78	ZNF439
Zfp78	ZNF763
Eif2s3x-ps1	
Zfp707	
Plekhs1	PLEKHS1
Snw1	SNW1
Ccdc166	
C2cd6	C2CD6
Zfp28	ZFP28
Adat2	ADAT2
Kcng2	KCNG2
Mapk15	MAPK15
Gm37015	
Gprasp2	GPRASP2
Gm26676	
D330025C20Rik	
Ctdp1	CTDP1
Grk3	GRK3
Gm48773	
Gm45061	
Gm47011	
Aig1	AIG1
Emx1	EMX1
Gm48096	
Gm32526	
Mrpl32	MRPL32
Eif1ad12	EIF1AY
Mtcl2	MTCL2
Eif1ad8	EIF1AY
Gm19165	
Gm22367	
Eif1ad6	EIF1AY
Gm43905	
Tigd2	TIGD2
Gm43434	
Ubl5b	
Eif1ad19	EIF1AY
Gm49030	
Psma2	PSMA2
Gprin3	GPRIN3
Gm15512	
Eif1ad13	EIF1AY
Fam83h	FAM83H
Trdj2	
Eif1ad2	EIF1AY
Trdc	TRDC
Gm22622	
Gm18012	
Ubl5c	
Eif1ad3	EIF1AY
Gm5570	
Gm37590	
Trdv5	TRDV3
Eif1ad4	EIF1AY
Eif1ad14	EIF1AY
Gm2042	PRAMEF17
Gm2042	PRAMEF12
Gm2042	PRAMEF1
Gm2042	PRAMEF19
Gm2042	PRAMEF20
Gm2042	PRAMEF6
Gm2042	PRAMEF18
Gm2042	PRAMEF10
Gm2042	PRAMEF2
Gm2042	PRAMEF33
Gm2042	PRAMEF11
Gm2042	PRAMEF26
Gm2042	PRAMEF9
Gm2042	PRAMEF13
Gm2042	PRAMEF5
Gm2042	PRAMEF4
Gm2042	PRAMEF25
Gm2042	PRAMEF14
Gm2042	PRAMEF8
Gm2042	PRAMEF15
Gm2042	PRAMEF27
Gm2042	PRAMEF7
Traj61	
Gm22723	
Zfp503	ZNF503
n-R5s162	
Grm8	GRM8
Tldc2	TLDC2
Gm55816	
Gm25502	
Ptpn14	PTPN14
Traj60	
Iqank1	IQANK1
C130012C08Rik	
Traj59	
Gm50209	
Traj58	
Arhgap1	ARHGAP1
Nutf2-ps2	
Gm55190	
Traj57	
Esco1	ESCO1
Traj56	
Smim17	SMIM17
Traj55	
Traj54	
Gm32172	
Traj53	
Gm22995	
Traj52	
Gm8330	
Gm55442	
Traj51	
Gm8425	
4930444K16Rik	
Scrib	SCRIB
Hivep2	HIVEP2
Traj50	
Gm55329	
Eaf2	EAF2
Traj49	
Gm55676	
Cers4	CERS4
Traj48	
Gm16306	
Gm16307	
Gm20715	
Lrmda	LRMDA
Gm55465	U6
Gm44389	
Or2bd2	
AW209491	C7orf25
Gm42801	
Gm44410	
Gm26310	
Mir592	MIR592
Sfxn5	SFXN5
Olfr1345-ps1	
Or6z3	
Or6z5	
Gm19189	
Gm48329	
Gm48338	
Gm9512	
Gm20043	
Or6z7	
Dclre1a	DCLRE1A
Gm12900	
Gm25788	SNORA55
Gm22154	SNORA55
Gm55994	
Gm26645	
Bmp8a	
Or6z6	
Ntrk2	NTRK2
Stx18	STX18
Gm56173	
Gm56657	
Eif1ad17	EIF1AY
Gm56665	
Or10am5	
Eif1ad16	EIF1AY
Gm56666	
Eif1ad11	EIF1AY
Gm56667	
Eif1ad18	EIF1AY
Gm50112	
Gm8607	
Traj47	
Or5b99	OR5B2
Gm55187	
Eif1ad10	EIF1AY
Traj46	
Eif1ad7	EIF1AY
Gm7480	
Or5b100	OR5B3
Traj45	
Or5b101	OR5B3
Eif1ad15	EIF1AY
Gm5670	
Or5u1-ps1	
Eif1ad9	
Traj44	
Adck1	ADCK1
Or5b107	OR5B3
Gm7473	
Traj43	
Gm7587	
Gm47601	
Or5b108	OR5B3
Plekha7	PLEKHA7
Traj42	
Oxct2a	OXCT2
Traj41	
Dab1	DAB1
Or5b109	OR5B3
Traj40	
Traj39	
Or5b110	OR5B3
Gm22443	RNU6-301P
Gm28289	
Or5b111	OR5B3
Traj38	
Gm24343	
Gm37299	
Itpr1	ITPR1
Gm48854	
Traj37	
Or5b112	OR5B3
Adgrg6	ADGRG6
Traj36	
Or5b113	OR5B3
Traj35	
Traj34	
Or5b114	
Slc26a9	SLC26A9
Gm44849	
Traj33	
Or5b3	OR5B3
Iqcb1	IQCB1
Traj32	
Zfand3	ZFAND3
1810018F18Rik	
Traj31	
Traj30	
Traj29	
Cyp2c53-ps	
Traj28	
Traj27	
Gm8189	
Traj26	
Traj25	
Gm58356	
Traj24	
Pramel3b	
Traj23	
Gm5512	
Gm58357	
Gm6937	
Traj22	
Zfyve27	ZFYVE27
Traj21	
Traj20	
Traj19	
Gm36956	
Gm48642	
Vmn2r-ps89	
Gm54554	
Traj18	
Zfp958	
Gm47871	
Gm25564	
Gm47878	
Traj17	
Allc	ALLC
Gm7451	
Traj16	
Gm32050	
Gm45224	
Gm7461	
Pramel3e	
Traj15	
Gm2676	
Gm45647	
Gm44959	
Adgrg3	ADGRG3
Traj14	
Traj13	
Gm50226	
Btbd9	BTBD9
Traj12	
Pramel3d	
Traj11	
Traj9	
Traj8	
Pramel3a	
Traj7	
Traj6	
Traj5	
Gm30280	
Traj4	
Gm26574	
Smyd2	SMYD2
Traj3	
Traj2	
Pramel3c	
Traj1	
Trac	
Cldn18	CLDN18
Dad1	DAD1
Colec11	COLEC11
Snrpd1	SNRPD1
Zfp703	ZNF703
Pramex1	
2600002D14Rik	
Gm49599	
Mapk8	MAPK8
Golgb1	GOLGB1
Gm10335	
Gm48068	
Vta1	VTA1
Zcchc18	ZCCHC18
Zcchc18	ZCCHC12
Gm12719	
Gm12717	
Gm45757	
Epha2	EPHA2
Abhd3	ABHD3
Gm45371	
Shcbp1	SHCBP1
Gpr158	GPR158
Gm38245	
Pm20d1	PM20D1
Zc4h2	ZC4H2
Golga7b	GOLGA7B
Rps7	RPS7
Gm25107	SNORA35B
Vmn1r239-ps	VN1R5
Gm21009	
Gm25335	RNU6-155P
Gm42838	
Gm23570	
Gm25761	
Gm42839	
Gm16405	SYCP3
Gm43680	
Gm55773	
Gm3544	
Gm23949	
1110060G06Rik	
Gm47239	
Gm43594	
Gm24166	
Gm43084	
Sox14	SOX14
Gm55803	
Gm16430	SYCP3
2900064F13Rik	
1700008H02Rik	
Phtf2	PHTF2
Gm54970	
Mir3085	
Sfrp5	SFRP5
Gm23594	
Gm8641	
Gm50131	
4930540E01Rik	
Polr2g	POLR2G
Gm28267	
Gm14595	
Gm28166	
Gm56019	
Gm13076	
Il20rb	IL20RB
Fam131c	FAM131C
Gm14940	
Rps12-ps18	
Gm16234	
Gm50465	
Rnaseh1	RNASEH1
Astx1b	
Nmbr	NMBR
Rps12-ps15	
Gm17361	
Gm50485	
Gm21616	
Rps12-ps17	
Gm6334	
Gm50486	
Astx4c	
Gm44960	
Gm9457	
Ranbp1	RANBP1
Gm44961	
Rps12-ps13	
Gm17693	
Gm24886	
Rpl21-ps14	
Gm13337	
Clcnka	CLCNKB
Clcnka	CLCNKA
Gm13356	
Astx1c	
Apbb1ip	APBB1IP
Drc7	DRC7
Zbtb3	ZBTB3
Rps12-ps14	
Gm17522	
Arcn1	ARCN1
Astx4d	
Ttc9c	TTC9C
Rps12-ps16	
Astx3	
Adi1	ADI1
Slc41a1	SLC41A1
Gm14971	
Gm7746	
Rnf128	RNF128
Gje1	GJE1
Hnrnpul2	HNRNPUL2
Mir6937	
Trappc12	TRAPPC12
Gm25777	SNORA77
Gm25777	SNORA77B
Gm8355	
Gm49776	
B230364G03Rik	
Trmt2a	TRMT2A
Gm23892	
Gm47703	
Gm18188	
Gm7198	
Gm23153	RN7SL674P
Gm55837	
Gm47712	
Rab29	RAB29
Gm46188	
Gm9535	
4930563E18Rik	
Gm18557	
Mib1	MIB1
Pabir2	PABIR2
Gm5178	
Gm5948	
Rpl31-ps5	
Gm18039	
Gm50139	
Atg13	ATG13
Gm47736	
1700031L13Rik	
Gm55901	RNU6-354P
Gm55901	RNU6-610P
Gng3	GNG3
Gm47761	
n-R5s93	
Gm47768	
Gm5739	
Cited2	CITED2
Slc10a2	SLC10A2
Rpl7-ps7	
Bscl2	BSCL2
Tmem60	TMEM60
Mir1187	
Txlnb	TXLNB
Gm24129	RNU6-202P
Gm24129	RNU6-300P
Gm43217	
Rsbn1l	RSBN1L
Gm5605	
Gm55688	
Gm44693	
Gm6426	
Gm29105	
Nucks1	NUCKS1
Gpi-ps	
Gm55691	
Gm2734	
A630072M18Rik	
Gm44843	
Gm48562	
Gm44842	
Gm24288	
Pfkfb4	PFKFB4
Gm44844	
Tecrl	TECRL
Gm44909	
Gm7506	
Gm44911	
Gm44910	
Gm44908	
Gm26427	
Katnb1	KATNB1
Trpv2	TRPV2
Clcnkb	CLCNKB
Clcnkb	CLCNKA
Gm38067	
Gm37676	
Tmem237	TMEM237
Gm7584	
Heca	HECA
Gm15626	
Gm55807	
Gm25765	
Gm25806	RNU4-86P
Gm24792	
Gm4866	
Scarb1	SCARB1
Abracl	ABRACL
Gm25049	
Gm50250	
Gm50252	
Gm9874	
Glo1	GLO1
Reps1	REPS1
Pabir3	PABIR3
Eipr1	EIPR1
Armc1	ARMC1
Gm55692	
Snord49b	SNORD49B
Gm55693	
Snord49a	SNORD49A
Gm25169	
Snord65	SNORD65
Gm45758	
Gm28262	
Rasgef1c	RASGEF1C
Gm45160	
Gm45076	
Gm31343	
D530014G21Rik	
Gm25116	SNORA70
Sipa1l2	SIPA1L2
Mir133a-1	MIR133A1
Mir133a-1	MIR133A2
Mir1b	
Mir1a-2	MIR1-2
Gm18764	
Gata6	GATA6
Gm37979	
Gm54807	RN7SKP40
Gm48904	
Rap1gds1	RAP1GDS1
Gm14585	
Gm48080	
Mospd1	MOSPD1
Lgmn	LGMN
Asxl3	ASXL3
Gm49037	
Gm46448	
Frmpd2	FRMPD2
Hspb7	HSPB7
Srarp	SRARP
Lrrn4cl	LRRN4CL
Abhd4	ABHD4
Zbtb17	ZBTB17
Ubxn1	UBXN1
Gm50244	
Gm50245	
Hspa9	HSPA9
Dnah8	DNAH8
Gm14584	
Golga5	GOLGA5
Etd	
Gm14529	
Rp2	RP2
Harbi1	HARBI1
Uqcc3	UQCC3
Lbhd1	
Lrrc75a	LRRC75A
Gm42633	
Ptpn12	PTPN12
Mir6952	
Puf60	PUF60
Gm13776	
Samhd1	SAMHD1
C630044B11Rik	
Gm47423	
4930415C11Rik	
Mmgt2	
Gm34245	
Snora57	SNORA57
Gm47359	
Mir5136	
Gm49416	
Gm47360	
Ints5	INTS5
Tnfsf4	TNFSF4
Gli3	GLI3
Ganab	GANAB
Rnf130	RNF130
Rps6kc1	RPS6KC1
Gm6724	
Ube2d2a	UBE2D2
Nck1	NCK1
Spen	SPEN
Or6e1	
Chga	CHGA
Gm43304	
Gm3945	
5330426L24Rik	
Ptpn20	PTPN20
Gm43216	
Gm22490	
Ubc	UBC
Gm28586	
Slc35g2	SLC35G2
Rpl31-ps21	
Itpk1	ITPK1
Gm18830	
Ift46	IFT46
Gm42660	
Dhx37	DHX37
Tmem106a	TMEM106A
Gm9085	
Gm14537	
Gm14884	
Gm14538	
Rgn	RGN
Rab11fip5	RAB11FIP5
Gm31463	
Gm54600	
Gm6756	
Gm37751	
Map10	MAP10
Gm38225	
Gm37753	
Erlin2	ERLIN2
Gm31706	
Gm50123	
Gm6663	
Gm26928	
Gm4839	
Gm50124	
Gm10540	
Gm18652	
Tnfsf18	TNFSF18
Gm34788	
Gm50125	
Gm26262	
Gm48343	
Myoz3	MYOZ3
Gm48408	
Gm26228	
A530046M15Rik	
Gm23628	RNU2-20P
Gdf10	GDF10
Snca	SNCA
Ndufb11	NDUFB11
A530058O07Rik	
Gm48928	
Inhba	INHBA
Gm55842	
Gm37638	
Gdf2	GDF2
Gm5049	
Synpo	SYNPO
Fasl	FASLG
Rbm10	RBM10
6330411D24Rik	
Gm37019	
Gm37624	
Prdm2	PRDM2
Mir1936	
Rbp3	RBP3
Gm21971	
Gm20604	
Gm48952	
Nrbp2	NRBP2
Gm48444	
Moap1	MOAP1
Gm22628	
Gm6562	
Oxa1l	OXA1L
Gm48492	
Gm48493	
Mir705	
Mageb16-ps2	
Gm48494	
Gm43864	
Gm48496	
Gm43867	
Gm48497	
Noto	NOTO
Gm7537	
Sugct	SUGCT
Gm20652	
Dgcr8	DGCR8
Mir7021	
Gm13038	
Gm13039	
Gm22039	
Med12l	MED12L
Eef2-ps2	
Pdpn	PDPN
Lyset	LYSET
Gm37357	
Gm55598	
Gm44101	
Angel2	ANGEL2
Mir7661	
Gm16433	
Gm38167	
Mmrn1	MMRN1
Gon7	GON7
Ndst1	NDST1
Ect2l	ECT2L
Ubr7	UBR7
Bri3bp	BRI3BP
Gm55478	
Gm48499	
Gm27043	
Ccdc200	CCDC200
Gm26316	U2
Gm25020	
Rdm1	RDM1
Gm48502	
Gm17890	
Gm48501	
Gm24873	RNU6-4P
Mplkip	MPLKIP
Gm48621	
Zfp488	ZNF488
Cdk13	CDK13
Gm43756	
Aacs	AACS
Gm56027	
Lrrc38	LRRC38
Slc7a7	SLC7A7
Gm47042	
Btbd7	BTBD7
Gm18838	
Gm43892	
Gm43893	
Gm43894	
Bhlhe40	BHLHE40
Zfp990	ZNF34
Ccdc28a	CCDC28A
Gm21978	
Gm13226	
Gm13222	
Gm23849	RNU2-2
Zfp268	
Gm24950	RNU2-2
Gm23971	RNU2-2
Rnu2-10	RNU2-2
Arl4d	ARL4D
Rps14	RPS14
Gm13234	
Gm13249	
Zfp980	ZNF34
Smyd5	SMYD5
Trim16	TRIM16
Mir1306	MIR1306
Mir3618	MIR3618
Tango2	TANGO2
Tmem25	TMEM25
Gm13239	
Gm13232	
Gm13244	
Gm13238	
Gm13246	
Zfp986	
Eppk1	EPPK1
BC024139	
Gm13036	
Gm13034	
Gm13035	
Zfp987	ZNF34
Nhsl1	NHSL1
Zfp600	
Gm47166	
Gm7143	
Cox8c	
Gm54856	
Gm47201	
Gm18592	
Gm47681	
Papln	PAPLN
Efnb2	EFNB2
Dhx8	DHX8
Gm8731	
Cd74	CD74
Gm13170	
Gm13167	
Gm13169	
Zfp992	ZNF34
Suco	SUCO
Pradc1	PRADC1
Gm13241	
Gm13245	
Zfp981	ZNF34
Gm55817	
Tmem132b	TMEM132B
B3gat3	B3GAT3
Gm19945	
Plec	PLEC
8430406P12Rik	
Gm7774	
Gm13237	
Gm13233	
Mir466i	
Gm48624	
Vmn2r-ps16	
Gm23151	
Zfp993	ZNF34
Gm24018	
Gm37700	
Gm18859	
Gm24839	
E230020D15Rik	
Epha5	EPHA5
Vps41	VPS41
Gm45074	
Gm45073	
Arglu1	ARGLU1
Eml3	EML3
Zfp988	ZNF34
Gm18942	
Arl8b	ARL8B
Gm4922	
Zfp978	ZNF34
Perp	PERP
Mir7654	
Ntpcr	NTPCR
Gm8178	
Shisa5	SHISA5
Vmn2r-ps19	
Zfp982	
Tnfaip3	TNFAIP3
Gm15951	
Vmn2r-ps20	
Gm13141	
Mir5107	
Tcof1	TCOF1
Zfp985	ZNF34
Pdss1	PDSS1
Gm7778	
Npy4r	NPY4R2
Npy4r	NPY4R
Mir185	MIR185
Gm55369	
Gm55370	
Comt	COMT
Rpl23a-ps3	
Gm18884	
Mrpl52	MRPL52
Zfp979	ZNF34
Gm47846	
Gm39128	
Fbxw10	FBXW10B
Fbxw10	FBXW10
Nalf1	NALF1
Ndufs5	NDUFS5
Ccser1	CCSER1
Gprin2	GPRIN2
Gm44542	
Gm44541	
Gm44518	
Gm37667	
4930435N07Rik	
Gm55736	
Gm12916	
Plpp6	PLPP6
Gm44797	
Gm44800	
Gm44801	
Gm3621	
Gm44798	
Pcnx2	PCNX2
Gm56092	RNU6-157P
Gm56092	RNU6-718P
Cdc37l1	CDC37L1
Pou3f1	POU3F1
Utp11	UTP11
Gm7496	
Gm49168	
Mmp14	MMP14
Vash2	VASH2
Gm26172	
Amph	AMPH
Gm56093	RNU6-338P
Fhl3	FHL3
Txnrd2	TXNRD2
Tpi-rs5	
Gm48546	
Gm7213	
Gm56180	
Olig3	OLIG3
Gm14441	
Rbl1	RBL1
Gm48563	
Gm43898	
Ifngr1	IFNGR1
Gm43896	
Sf3a3	SF3A3
Gm43897	
Gm43895	
Gm37095	
Gm19237	
Gm8407	
Gm44088	
Gm44092	
4930558K02Rik	C1orf105
Gm18540	
Gm5001	
Nasp-ps1	
Numb	NUMB
Gm22212	
9330118I20Rik	
Edem1	EDEM1
Tvp23b	TVP23B
Tvp23b	TVP23C
Syt15	SYT15B
Syt15	SYT15
Pigc	PIGC
Gm43162	
Rxfp4	RXFP4
Gm4862	
Uba1	UBA1
Syt6	SYT6
Gm38304	
Flvcr1	FLVCR1
Cdrt4	CDRT4
Rps13	RPS13
Gm6749	
Gm29781	
Tekt3	TEKT3
Gm44125	
Gm4605	
Gm44161	
Gm44162	
Gm19039	
Grid2	GRID2
Spata45	SPATA45
Il22ra2	IL22RA2
Gm12917	
Mir697	
Gm56094	
Inpp5b	INPP5B
Gm47659	
Gm18065	
Gm47660	
Gas1	GAS1
Mpp4	MPP4
Etv4	ETV4
Gm5084	
Map3k21	MAP3K21
Gm49201	
Shld2	SHLD2
Gm55528	
Gm10779	
Gm48228	
Il20ra	IL20RA
Selenok-ps8	
Gm55562	
Gm6478	
Zfp808	
Gm10136	
Plpbp	PLPBP
Rnls	RNLS
Gm55563	
Gm24539	
Gm36501	
Gm44075	
Gm5141	
Gm44072	
Gm20144	
Snord14a	SNORD14
Snord14a	SNORD14B
Gm25205	RNU6-674P
Atoh1	ATOH1
Gm21963	
Gm25256	
Slc35d3	SLC35D3
Gm55569	
Gm25448	RNU6-271P
Gm18839	
Gm7049	
Gm48795	
Fbp2	FBP2
Gm44038	
Fgfr2	FGFR2
Gm42953	
Atf7ip	ATF7IP
Mir3970	
Gm7237	
Pex7	PEX7
Gm42955	
Gm43532	
Gm43531	
Gm21006	
Unc93b1	UNC93B1
Gm43475	
Gm43567	
Gm24626	
Gm43564	
Gm18813	
Tmem132c	TMEM132C
Gm49203	
Gm49202	
Glud1	GLUD2
Glud1	GLUD1
Gm14277	
Ttc36	TTC36
Atf2	ATF2
Fbp1	FBP1
Cenpc1	CENPC
Trex1	TREX1
Atrip	ATRIP
Gm47584	
Gm47587	
Gm47583	
Gm3219	
Gm47586	
Fam25a	FAM25A
Fam25a	FAM25G
Fam25a	FAM25C
Gm47603	
Gm47585	
Gm47602	
Gpr171	GPR171
Fancc	FANCC
Sncg	SNCG
Gm43066	
Atg4a-ps	ATG4A
Gm55491	
Stpg2	STPG2
9430087B13Rik	
Gsap	GSAP
Gm48714	
Map3k5	MAP3K5
Mmrn2	MMRN2
Cdk16	CDK16
Arsi	ARSI
Ak3	AK3
Mir6405	
Gm5246	
Slf2	SLF2
Gm15534	
Camk2a	CAMK2A
Cct7	CCT7
Mir698	
Mtf1	MTF1
Gm43163	
Gm24260	
Gm2451	
Gm32693	
Bmpr1a	BMPR1A
P2ry14	P2RY14
Tma7	TMA7
Slc46a1	SLC46A1
Ccdc51	CCDC51
Gm56097	
Gm25482	RNU6-439P
Gm25482	RNU6-792P
1110065P20Rik	C1orf122
Sema4g	SEMA4G
Gm43678	
Mir7j	
Gm4863	
Gm7628	
Gm19184	
Gm19080	
Gpr87	GPR87
Kmt2a	KMT2A
Kcnk1	KCNK1
Meox1	MEOX1
Gm31211	
Gm43049	
P2ry13	P2RY13
Gm11551	
Gm45875	
Gm47748	
Gm45876	
Gm6214	
Pmp22	PMP22
Gm3791	
Slc35f3	SLC35F3
Gm43276	
Pdha2	PDHA2
Riox1	RIOX1
Gm15688	
Heatr4	HEATR4
P2ry12	P2RY12
Yrdc	YRDC
Acot2	ACOT2
Acot2	ACOT1
Acot1	ACOT2
Acot1	ACOT1
Gm17110	
9230112D13Rik	
Gm48953	
Ldb3	LDB3
Coa6	COA6
Gm47943	
Gm43589	
Acot4	ACOT4
Mtfr1	MTFR1
Vmn2r-ps91	
Zfp709	
Maneal	MANEAL
Gm49366	
B430319H21Rik	
Acot3	ACOT2
Acot3	ACOT1
Gm12285	
Gm12286	
Sost	SOST
Usp11	USP11
Epha10	EPHA10
Gm12287	
Gm12288	
Hs3st3b1	HS3ST3B1
Tarbp1	TARBP1
Grm7	GRM7
Acot5	ACOT2
Acot5	ACOT1
Sarm1	SARM1
Gm8385	
Cdca8	CDCA8
Acot6	ACOT6
Map7	MAP7
Dnal1	DNAL1
Zfp882	
Gm20386	
Gm55614	
Gm55615	RN7SKP182
Gm55616	
Gm55618	RN7SKP287
Gm44192	
Gm55619	
Plbd1	PLBD1
Mrpl43	MRPL43
Gm6091	
Irf2bp2	IRF2BP2
Adgra2	ADGRA2
Twnk	TWNK
Khdc4	KHDC4
Cox10	COX10
Lzts2	LZTS2
Gm24661	RNU6-841P
Abcg1	ABCG1
Jade3	JADE3
Lmcd1	LMCD1
Gm19125	
Tatdn3	TATDN3
Dusp3	
Mir7220	
Mir6982	
Slc6a7	SLC6A7
Pnma1	PNMA1
Gm44401	
Gm4714	
5031434C07Rik	
Gm19327	
Gm44193	
Klhl28	KLHL28
Fbxo41	FBXO41
Airim	AIRIM
Gm10933	
Gm48137	
Mir680-3	
Snx13	SNX13
Pdzd7	PDZD7
Stag1	STAG1
Spink13	SPINK13
Gm58662	
Gm58663	
Gm58664	
Gm58665	
Gm58666	
Gm58667	
Gm58668	
Gm58669	
Gm58670	
Gm58671	
Gm58672	
Gm58674	
Rspo1	RSPO1
Gm58676	
Brs3	BRS3
9630013K17Rik	
Gm12289	
Htatsf1	HTATSF1
Apcdd1	APCDD1
Gm12290	
Vtn	VTN
Tff3	TFF3
Gnl2	GNL2
Tff2	TFF2
Zfp617	
Napg	NAPG
Tff1	TFF1
Gm43215	
Gm43214	
Stap1	STAP1
Tomm20	TOMM20
Hs3st3a1	HS3ST3A1
Tmprss3	TMPRSS3
Gm55852	
Gm12291	
Egr4	EGR4
Gm55853	
Cfap97d1	CFAP97D1
Gm26397	SNORA14B
Gm26397	
Gm26397	SNORA14A
Kifc3	KIFC3
Gm44023	
Ssu2	SSUH2
Gm30285	
Mir6413	
Bclaf1	BCLAF1
Gm12931	
Dnali1	DNALI1
Sfxn3	SFXN3
Gm25820	
Gm55498	
Igsf10	IGSF10
Sebox	SEBOX
Snip1	SNIP1
Tmem199	VMA12
Gm49588	
Arvcf	ARVCF
Meaf6	MEAF6
Lbhd2	
Exoc3l4	EXOC3L4
Gm24524	
Slc15a4	SLC15A4
Tfrc	TFRC
Vgll1	VGLL1
Gm44336	
Cav3	CAV3
Dnm3	DNM3
Oxtr	OXTR
Gm37715	
Gm8276	
Gm38288	
Mir23b	MIR23B
Mir27b	MIR27B
Mir3074-1	
Mir24-1	MIR3074
Mir24-1	MIR24-1
Gm16133	
Gm37771	
Gm4856	
Gm55623	
Gm15519	
Gm23002	RNU6-514P
Gm16132	
Gm5578	
Rit1	RIT1
Gm47588	
Gm16134	
Tepsin	TEPSIN
Ptch1	PTCH1
Smarcad1	SMARCAD1
Zc3h12a	ZC3H12A
Cd40lg	CD40LG
Ccdc146	CCDC146
Grik3	GRIK3
Kazald1	KAZALD1
Rbmx	RBMX
Gm50171	
Smad7	SMAD7
Ubash3a	UBASH3A
Gm9556	
Ftl2-ps	
Mir692-2	
Csf3r	CSF3R
Muc4	MUC4
Rom1	ROM1
Ppp1r3c	PPP1R3C
Hhex	
Gm17146	
Muc20	MUC20
Gm10253	
Scd2	SCD
Syt11	SYT11
Gm10532	
Gm43474	
Tnfaip2	TNFAIP2
Fgl2	FGL2
4921533I20Rik	
Gm7720	
Gm58344	
Gm7758	
Gm10548	
Rps15-ps3	
Fam185a	FAM185A
Gm6978	
Mir5114	
Scd4	SCD
Gm58345	
Smbd1	
Gm19035	
Gm58346	
Cd63-ps	
Gm58347	
Gm18978	
Tgif1-ps	
Gm58348	
AA684185	
Fyttd1	FYTTD1
Unc5c	UNC5C
Gm58350	
Gm2176	
Scd1	
2010010A06Rik	
Gm31907	
AW554918	KIAA1328
Ndufaf8	NDUFAF8
Glt1d1	GLT1D1
Wnt8b	WNT8B
Poldip2	POLDIP2
Sec31b	SEC31B
Rsph1	RSPH1
Mrps15	MRPS15
Tmem132d	TMEM132D
Gm10267	
Gucy2c	GUCY2C
Kcnn2	KCNN2
Oscp1	OSCP1
Gm58608	
Eif5	EIF5
Gm17132	
Gm17131	
Gm42497	
Wscd2	WSCD2
Tnfaip1	TNFAIP1
Mroh8	MROH8
Gm42496	
Gm42817	
Gm42499	
A930032L01Rik	
Uba6	UBA6
Gm30655	
Gm47387	
Gm47417	
Zswim6	ZSWIM6
Gm55617	
B230220B15Rik	
Smim15	SMIM15
Rpl28-ps3	
Lsm10	LSM10
Nsl1	NSL1
Sema6a	SEMA6A
Gm20538	
Stk40	STK40
Ndufb8	NDUFB8
Slc37a1	SLC37A1
Gm49144	
Gm47675	
F13a1	F13A1
Gm37767	
Gm43826	
Gm38188	
Dnm3os	
Pde7a	PDE7A
Gm56182	
Atp5mc3	ATP5MC3
Mir199a-2	MIR199A2
Mir214	MIR214
Gm16101	
Gm10176	
Grin2a	GRIN2A
Batf3	BATF3
Mtfr2	MTFR2
Opn4	OPN4
Mpp3	MPP3
Gm47803	
Gm8661	
Alms1	ALMS1
Gm37204	
Gm38297	
Gm3081	
Plxnb1	PLXNB1
Garin4	GARIN4
Snord61	SNORD61
Tm9sf5	
Atf3	ATF3
Gm48537	
Hif1an	HIF1AN
Pde7b	PDE7B
Gm13668	
Gm13667	
Rpn2	RPN2
Gpr101	GPR101
Gm55866	
Gm30489	
Als2	ALS2
Ccdc86	CCDC86
Gm18643	
Gm7822	
Zfp961	ZNF442
Zfp961	ZNF441
Zfp961	ZNF700
Zfp961	ZNF443
Zfp961	ZNF799
Zfp961	ZNF563
Zfp961	ZNF823
Zfp961	ZNF433
Zfp961	ZNF44
Cbx3-ps1	
Arhgef6	ARHGEF6
Gm48218	
Gm48219	
Vmn2r-ps100	
Gm48220	
Ms4a10	MS4A10
Gm48221	
Rybp-ps	
Gm50489	
Gm45965	
Gm48223	
Gm48240	
Zfp999	
Gm48241	
Vmn2r-ps103	
Gm48245	
Gm18260	
Gm48246	
C330022B21Rik	
Gm48247	
Gm48244	
Gm49025	
Gm19119	
Gm48243	
Wapl	WAPL
Gm12946	
Zfp998	
Eva1b	EVA1B
Gm48322	
Gm48323	
Vmn2r-ps105	
Sh3d21	SH3D21
Gm7572	
Gm48351	
Gm48360	
Gm49399	
Gm3890	
Gm55622	
Gm49532	
Gm48361	
Gm6611	
Vmn2r-ps106	
Gm17106	
H4c16	
Gm45812	
n-R5s33	
Iqcg	IQCG
Gm48404	
Rbm34	RBM34
Ckmt2	CKMT2
Gm42498	
Fzd10	FZD10
Gnrhr	GNRHR
Gm43969	
Gm43588	
Gm42600	
Hpgds	HPGDS
Fbxl13	FBXL13
Rasgrf2	RASGRF2
Rpl35a	RPL35A
H2aj	H2AJ
Fbxw21	FBXW12
Nat8f7	NAT8
Gm55635	
Gm17147	
Gm44419	
Gm3549	
Ms4a15	MS4A15
Gm44058	
Gm44059	
Nat8f3	NAT8
Btf3l4b	BTF3L4
Gm23955	RNU6-580P
Gm17190	
Gm25148	
Gm55639	
Tifab	TIFAB
Gm20177	
Ms4a18	MS4A18
Gm38574	
Snora28	SNORA28
Gm48248	
Gm5358	
Gm44060	
Gm55754	
Mir6375	
Mark3	MARK3
Gm44061	
Myo16	MYO16
Ms4a8a	MS4A8
Nat8f6	NAT8
Gm47104	
Neurog1	NEUROG1
Cxcl14	CXCL14
Gm17230	
Gm48651	
Rps2-ps3	
Ahi1	AHI1
Nat8f5	
Gm16093	
Gm55526	
Dclre1b	DCLRE1B
Gm17878	
Gm24716	RNU6-1184P
Slc25a48	SLC25A48
Gm336	
Qrfprl	QRFPR
Ms4a20	
Gm37074	
Mettl13	METTL13
Ghrh	GHRH
Pccb	PCCB
Ift20	IFT20
Pde9a	PDE9A
Lmln	LMLN
Thrap3	THRAP3
Il9	IL9
Gm5419	
Scml2	SCML2
Manbal	MANBAL
Fbxl21	
Gm18716	
Gm6501	
Lnpk	LNPK
Gm18913	
Ms4a19	
Wbp11	
Gm15471	
Gm55399	
Mir1947	
Grid1	GRID1
Gm23916	
Snx4	SNX4
Bmpr1b	BMPR1B
Lect2	LECT2
Nenf	NENF
Mir346	MIR346
Gm49034	
Gm19016	
Gm55245	
4930596D02Rik	
Lrrc17	LRRC17
Ms4a13	MS4A13
Serpinb9g	SERPINB9
Gm49039	
Gm49040	
Adamts2	ADAMTS2
Gm19129	
Pacc1	PACC1
Gm7853	
4930474N05Rik	
Gm6543	
Gm8539	
Tmprss11c	
Gm25323	
Map7d1	MAP7D1
Bace2	BACE2
Gm11387	
Gm11386	
Gm11393	
Gm25043	
Gm48663	
Gm5194	
Gm24394	
Gm11388	
Serpinb6d	SERPINB6
Gm17940	
Gm25204	
Gm55246	
Ccser2	CCSER2
Gm25473	RNU6-86P
Gm25473	RNU6-822P
Tmprss11d	TMPRSS11D
Cdk15	CDK15
Ms4a12	MS4A12
Ms4a1	MS4A1
Gm11389	
Gm26701	
Gm11392	
Gm11394	
Gm11395	
Vmn2r-ps94	
Serpinb6e	SERPINB6
Gm49681	
2210009P08Rik	
Gm31258	
Gm37466	
Fbxw13	FBXW12
9430092D12Rik	
Gm38071	
Gm37063	
Gm37241	
Serpinb6c	SERPINB6
Gm36963	
Gm37606	
Mir99a	MIR99A
Mirlet7c-1	MIRLET7C
Gm37311	
Mir125b-2	
C130023A14Rik	
9530003O04Rik	
Gm49589	
Ms4a5	MS4A5
Gm54815	
Gm56602	
Gm56607	
Gm56609	
BC049715	C12orf60
Gm34680	
Gm56618	
Gm56621	
Gm15640	
Tnfaip8	TNFAIP8
Gm56628	
Mx1	MX1
Snd1	SND1
Gm10826	
Gm20149	
Nkapl	NKAPL
Gm48189	
Tmem97	TMEM97
Myb	MYB
Gm23779	
AK157302	ISCA1
Zkscan8	ZKSCAN8
Ms4a14	MS4A14
Armc10	ARMC10
Ms4a7	MS4A7
D11Bhm181e	
Gm22947	
Gm3096	
Gm55860	
Msl2	MSL2
Zfp354c	ZNF354C
Gm37553	
Fbxw20	FBXW12
Bin1	BIN1
Gm6059	
Nlk	NLK
Ap4b1	AP4B1
Or1f12	
Gm37737	
Ppp2r5a	PPP2R5A
Gm9242	
Gm54801	
Mx2	MX1
Or2b7	
Or2w2	
Ppp2r3a	PPP2R3A
Or2w4	
Or2b6	OR2B6
Or2w6	
Gm44786	
Or2b2b	
Gm44784	
Gm45045	
Rps16-ps3	
Irs2	IRS2
Tmprss11a	TMPRSS11A
Or2b2	
Gm17235	
Gm48286	
Ckb	CKB
H2bc13	H2BC13
Gm11197	
Mrpl23-ps1	
Zfp879	ZNF879
Gm55628	
Gm55629	
Gm22975	RNU6-1203P
H4c11	H4C16
Gm13672	
Evx2	EVX2
Cngb1	CNGB1
H4c12	H4C12
H2ac15	
Gm55630	
H2bc15	H2BC13
Sgk1	SGK1
Napepld	NAPEPLD
Hoxd13	HOXD13
H1f5	H1-5
Gm2272	
H3c11	
Gm37688	
Ccnq	CCNQ
9430037O13Rik	
Tmprss2	TMPRSS2
Vamp4	VAMP4
H2ac22	
Hoxd12	HOXD12
Gm55863	
Gm23219	RNU6-1292P
Lyrm9	LYRM9
Gm55631	
H2bc22	
Ambra1	AMBRA1
Trgv7	TRGV8
Trgv7	TRGV3
Trgv7	TRGV1
Trgv7	TRGV2
Trgv7	TRGV5
Trgv7	TRGV4
Mxi1	MXI1
Trmt61a	TRMT61A
Gm15719	
Trgv4	TRGV11
Grm6	GRM6
Tmprss11g	
Trgv5	
Trgj1	
Trgc1	
Gm22513	
Rpl31-ps17	
Trgj3	
Gm2395	
Bend2	BEND2
Gm25679	RNVU1-17
Gm26444	RNVU1-17
Trgc2	
Gm2412	
Gm24305	RNVU1-17
Gm37962	
Tnip3	TNIP3
Gm22317	RNVU1-17
Gm37621	
Snx6	SNX6
Gm37953	
Gm38344	
Gm37314	
Gm24338	
Gm3121	
Trgj2	
Gm28660	
Gm24638	
Gm29385	
Gm5161	
Prkaca-ps1	
Trgv2	
Fbxw14	FBXW12
Rai2	RAI2
Trappc3	TRAPPC3
Ct55	
Trgv1	
Gm12660	
Or5h20-ps1	
Cd300lg	CD300LG
Tmprss11f	TMPRSS11F
Trgj4	
Gm6815	
Gm58411	
Kcne1	KCNE1
Col8a2	COL8A2
Gm14599	
Trgc4	
Gm14589	
Atf1-ps	
Gm14591	
Gm14601	
Il13ra1	IL13RA1
Clic6	CLIC6
Stard3nl	STARD3NL
Adprs	ADPRS
Bfar	BFAR
Gm47885	
Rgr	RGR
Piwil1	PIWIL1
Smco3	SMCO3
Gm44069	
Lrrc4	LRRC4
Gm37940	
Ndnf	NDNF
Gm22821	RNU6-32P
Gm22821	RNU6-12P
Cfl2	CFL2
Fbxw28	FBXW12
Tekt2	TEKT2
Mir129-1	MIR129-1
Gm15490	
Art4	ART4
Gm27014	
Zcchc12	ZCCHC18
Zcchc12	ZCCHC12
Lrit1	LRIT1
Gm16838	
Gm20403	
Gm24296	
2700097O09Rik	
Lep	LEP
Gm43064	
Lrit2	LRIT2
Bcl2l15	BCL2L15
Cdhr1	CDHR1
Pla2g10	PLA2G10
Gm25589	RNU1-84P
Mgp	MGP
Gm46350	
Gm42683	
Gm7511	
Gm18131	
H4c8	
Srp54a	SRP54
Gm5705	
Myoc	MYOC
Gm14560	
Gm6023	
Mbnl1	MBNL1
Gm14559	
H2ac10	
Lonrf3	LONRF3
Gm12945	
Gm55640	
H3c8	
Ago3	AGO3
A930007A09Rik	
Erp27	ERP27
Rcan1	RCAN1
H2bc9	H2BC14
Myocos	
H3c7	
Gpr15lg	GPR15LG
H4c6	H4C11
H1f3	H1-3
Gm45861	
H3c6	
Ghitm	GHITM
H2ac8	
H3f3a-ps2	
Gm55642	
H2bc8	H2BC4
Dtl	DTL
Rad18	RAD18
Gm49612	
Gm58352	
Gm49613	
H2bc7	H2BC13
Gm49614	
Olig2	OLIG2
H2ac7	H2AC8
Usp14	USP14
Spmip8	SPMIP8
Gm55643	
H3c4	
Gm25047	
Gm14568	
H4c4	
Gm54381	
Ct47	
Gm37016	
Olig1	OLIG1
Gm22364	RNU6-855P
Gm55067	
Gm55068	
Fmr1	FMR1
Gm24695	
H2bc6	H2BC6
Ifnar2	IFNAR2
Smndc1	SMNDC1
H1f4	H1-4
Gm11398	
Gm22452	
Fam177a	FAM177A1
H2ac6	
Gm25484	
Gm24641	RNU6-13P
Ephb1	EPHB1
Gm55645	
Gm55646	
H2bc4	H2BC6
Zfp454	ZNF454
Ago1	AGO1
H4c3	
Gm28051	
Ankrd9	ANKRD9
H1f6	H1-6
Gm18834	
Gm48375	
Gm22469	
Gm23909	
Gm48374	
Gm47971	
Gm48574	
Gm5203	
Gm55101	
Rpl10a-ps2	
Gm5204	
Papss2	PAPSS2
Gm47974	
Idi2l	IDI2
Gm18523	
Nrg3	NRG3
Gm25274	
Gm22115	
Idi2	IDI2
Zfp2	ZFP2
Gm48630	
6030440G07Rik	
Gm48631	
Rcor1	RCOR1
Gm23923	
Gm48649	
Wdr1	WDR1
Idi1	IDI1
Gm20641	
Gm55280	
Gm1698	
Gm35389	
Eif1-ps1	
Gm55281	
Gm55282	
Gm4817	
Gm55283	
Gm48028	
Gm24388	RNU6-439P
Gm24388	RNU6-792P
Gm2791	
Gm5205	
Gm55766	
Gm24202	
Zfp319	ZNF319
Gm48040	
Sh2d4b	SH2D4B
Gm45751	
Rock1	ROCK1
Gm8096	
Gm46379	
Gm8100	
Atad1	ATAD1
Gm48632	
Traf3	TRAF3
Mpp2	MPP2
Col4a1	COL4A1
Mctp1	MCTP1
Ints7	INTS7
Fbxw22	FBXW12
Tspan14	TSPAN14
4930553I04Rik	
Pmpcb	PMPCB
Gm37260	
Mir7243	
Gm55757	RNU6-382P
Fbxw16	FBXW12
Prxl2a	PRXL2A
Gm47983	
Gm42494	
Gm12929	
Gm42493	
Gm12928	
Ago4	AGO4
Fbxw19	FBXW12
Gm21970	
Il10rb	IL10RB
Amn	AMN
Zfp354b	ZNF354B
Gm48078	
Arhgdib	ARHGDIB
Gm24519	
Gm21959	
Gm15740	
Ky	KY
Gm8185	
Gm48344	
Gcm2	GCM2
4933414I15Rik	
Tmprss11b	
Nos2	NOS2
Sycp2l	SYCP2L
Gm55758	
Gm7364	
Gm46562	
Gm49562	
Gm43089	
Cdc42bpb	CDC42BPB
Gm17950	
Gm7295	
Fbxw15	FBXW12
Gm24508	
Gm6032	
A730009L09Rik	
Gm2477	
Gm54839	
Gm2349	
Gm43056	
Mir155hg	
Gm15715	
Mir155	MIR155
Mrpl39	MRPL39
Zfp518b	ZNF518B
Prdm5	PRDM5
Gm48510	
Hoxd11	HOXD11
Elovl2	ELOVL2
Gm12935	
Gm12934	
Clspn	CLSPN
Gm37349	
Gm22779	
Tmprss11e	TMPRSS11E
Lpgat1	LPGAT1
Gm28309	
Hoxd10	HOXD10
Gm37589	
Gm37488	
Gm38280	
Gm36985	
Gm28793	
P2ry1	P2RY1
Hoxd9	HOXD9
Gm42755	
Fbxw24	FBXW12
Gm16579	
Gm43055	
Gm56188	
Gm42857	
Hoxd8	HOXD8
Gm55843	
Gm5291	
4930421C12Rik	
Gm42524	
Gm9700	
Gm25377	
Gm42528	
Hs3st1	HS3ST1
Gm37404	
9330121J05Rik	
Ptpn22	PTPN22
Hoxd3	HOXD3
Gm26153	
Jam2	JAM2
Gm7816	
Gm35191	
Gm26244	
Gm58353	
Gm2810	
Gm50032	
Rps17-ps1	
Gm7156	
Gm23022	
Gm19052	
4930519E07Rik	
Smim13	SMIM13
Gm5686	
Gm4754	
Gm50033	
Dydc2	DYDC2
Gm55189	
Gm43806	
Fbxw25	FBXW12
Gm54389	
Gm9955	
Fhod3	FHOD3
Rab28	RAB28
Nedd9	NEDD9
Src	SRC
Gm54641	
Pten	
Dydc1	DYDC1
Fbxw18	FBXW12
Gm54844	
Atp5pf	ATP5PF
Gm18637	
Semp2l2b	SENP2
Mir7119	
Gm12936	
5730409E04Rik	C1orf216
Raet1e	RAET1E
Gm55662	
Gm20445	
Usb1	USB1
Pde6h	PDE6H
Gm22446	RNU6-207P
Gm26203	
Gm20203	
Gm58496	
Nek2	NEK2
Psmb2	PSMB2
Gm58497	
Mat1a	MAT1A
1810009A15Rik	C11orf98
Nkx3-2	NKX3-2
Oog1	PRAMEF17
Oog1	PRAMEF12
Oog1	PRAMEF1
Oog1	PRAMEF19
Oog1	PRAMEF20
Oog1	PRAMEF6
Oog1	PRAMEF18
Oog1	PRAMEF10
Oog1	PRAMEF2
Oog1	PRAMEF33
Oog1	PRAMEF11
Oog1	PRAMEF26
Oog1	PRAMEF9
Oog1	PRAMEF13
Oog1	PRAMEF5
Oog1	PRAMEF4
Oog1	PRAMEF25
Oog1	PRAMEF14
Oog1	PRAMEF8
Oog1	PRAMEF15
Oog1	PRAMEF27
Oog1	PRAMEF7
Gm43209	
Fbxw26	FBXW12
Ppy	PPY
Ythdc1	YTHDC1
4930544G11Rik	
Gm56539	
Hif1a	HIF1A
Gm30055	
Rbm28	RBM28
Gm44716	
Mmp15	MMP15
Gabpa	GABPA
Prop1	PROP1
Gm48571	
Tfap2e	TFAP2E
Cep63	CEP63
Gm48569	
Gm56572	
Gm56579	
Gm56588	
Klhl3	KLHL3
Gm15472	
Gm550	
Gm43065	
Gm15602	
Arhgef26	ARHGEF26
Or1ad7-ps1	
Or1ad6	
Ear1	RNASE2
Ear1	RNASE3
Lrfn4	LRFN4
Gm12661	
Or1ad1	
Slc30a1	SLC30A1
Gm6852	
Gm49023	
H60b	
Or1ad5-ps1	
Smim12	SMIM12
Rce1	RCE1
Pyy	PYY
Gm8894	
Dhrs4	DHRS4
Dhrs4	DHRS4L2
Prrc2c	PRRC2C
Gm22221	RNU6-1174P
Gja4	GJA4
Cfap20	CFAP20
Mir874	MIR874
Hnrnpa0	HNRNPA0
Gjb3	GJB3
Idnk	IDNK
Hmgb1-ps8	
Gm26528	
Gm5421	
Gjb4	GJB4
Raet1d	RAET1E
Gm11584	
Or1ad8	
Rsbn1	RSBN1
Gm11585	
Or1x2	
Gm50138	
Gjb5	GJB5
Gm50102	
Or1x6	
Wdr4	WDR4
Nags	NAGS
Gm12947	
CK137956	C1orf94
Gm49568	
App	APP
Csmd2	CSMD2
Ubqln1	UBQLN1
Gm26585	
Slc2a12	SLC2A12
Zfp354a	ZNF354A
Col4a2	COL4A2
Gm44404	
Gm23625	RNU6-1144P
Gm55663	
Gm5876	
Gm17187	
Prrt4	PRRT4
Gm49143	
Cp	CP
Gm17070	
Gm34198	
Ptgdr	PTGDR
Tbpl1	TBPL1
Gm18524	
Tmem101	TMEM101
Gm49148	
Mir6986	
Gm44289	
Gm49147	
Top6bl	TOP6BL
Mir327	
Ptger2	PTGER2
Gm44281	
Gm44233	
Gm19764	
Gm6786	
Rerg	RERG
Gm49180	
Gm12202	
Gm21010	
Gm49181	
Gm12201	
Gm49183	
Or2y9-ps1	
Gm49184	
Carmil3	CARMIL3
Msantd5	MSANTD5
Lsm12	LSM12
Fbxw27	FBXW12
Gm56675	
Gm50372	
Mir7663	
Csmd2os	
Gm47634	
Gm21992	
Gm17794	
Tcf21	TCF21
Hmgb4	HMGB4
Gm14279	
Gm14287	
Gm14286	
Zscan20	ZSCAN20
Hoxd4	HOXD4
Msantd5l	MSANTD5
Rbm14	RBM14
Gm47787	
Spink8	SPINK8
Stx7	STX7
Lgals9	LGALS16
Lgals9	LGALS13
Lgals9	LGALS14
Gm21844	
4930480K02Rik	
Mad2l1	MAD2L1
Ccs	CCS
Mir10b	MIR10B
Gm28230	
Blcap	BLCAP
Anapc13	ANAPC13
Ndufv3	NDUFV3
S100a11-ps	
Snapc1	SNAPC1
Hoxd1	HOXD1
Mtx2	MTX2
Vmn1r32	VN1R5
Tlr12	
Gm36957	
Nme6	NME6
Gm5307	
Vmn1r33	VN1R5
Phc2	PHC2
Gm15419	
Vmn1r34	VN1R5
Rab20	RAB20
Moxd1	MOXD1
Gm21461	
Ugt2b34	
Srgap3	SRGAP3
Gm20100	
Unc5d	UNC5D
Gm38099	
Gm48357	
Gm50455	
Gm48432	
Gm48441	
Gm50108	
Pknox1	PKNOX1
Gkap1	GKAP1
Dcdc2c	DCDC2C
Gm25211	
Ssh1	SSH1
Nnat	
Gm55141	
Fmr1nb	FMR1NB
Gm48618	
Gm54675	
Gm48620	
Ccdc87	CCDC87
Gm23732	
Dync2i1	DYNC2I1
Ctsf	CTSF
Gm14425	
Gm14427	
Gm56190	
Gm48165	
Gm56191	
Gm25407	
Gm58406	
Gm23463	RNU6-1140P
Gm23463	RNU6-537P
Gm15272	
Gm17177	
Gm6893	
Gm58407	
Speer6-ps1	
Ccn2	CCN2
Gm16505	
Gm9973	
Sema6d	SEMA6D
Vmn2r-ps99	
Gm58409	
Vmn2r-ps102	
Slc38a10	SLC38A10
Gm58410	
Vmn2r-ps104	
Gpr137b-ps	
Camp	CAMP
Enpp1	ENPP1
Gm18363	
Sfrp4	SFRP4
Gm14699	
Styx-ps	STYX
Gm54678	
Cdc25a	CDC25A
Gm48079	
Esyt2	ESYT2
Gm8344	
n-R5s7	
Aff2	AFF2
Actn3	ACTN3
Gm47606	
Fbxw17	
Gm54395	
Slc4a9	SLC4A9
Gm8172	
1700020N15Rik	
Ids	IDS
Vmn1r35	VN1R5
Zdhhc24	ZDHHC24
Gm9911	
Gm45652	
Svet1	
Gm6794	
Nudc-ps1	
Gm45492	
Gm45489	
Gm43865	
Gm45252	
Gm8083	
Dusp26	DUSP26
Gm23244	RNU6-1104P
Gm43868	
Vmn1r36	VN1R5
Vmn1r37	VN1R5
Gm44261	
A3galt2	A3GALT2
Gm4045	
Gm5903	
Vmn1r38	VN1R5
Pik3c2a	PIK3C2A
Vmn1r39	VN1R5
Rnf122	RNF122
Bbs1	BBS1
Amotl2	AMOTL2
Gm9794	
Thumpd3	THUMPD3
Zfp362	ZNF362
Gm47429	
Nutm2	NUTM2E
Nutm2	NUTM2D
Nutm2	NUTM2G
Nutm2	NUTM2B
Nutm2	NUTM2A
Nutm2	NUTM2F
Dmtf1l	DMTF1
Gm23586	
Gm14973	
Gm14972	
Gm22139	RNU6-764P
Gm54501	
Gm14970	
Mir683-1	
Cldn34c4	CLDN34
Mir683-2	
Gm54749	
Gm55893	
Spata31e4	
Gm50107	
Gm25061	RNU6-636P
Gm5403	
Mdm4-ps	
Cbs	CBS
Gm14975	
Gm4916	
Gm38390	
Gm54502	
Gm24522	
Gm26029	
Txndc16	TXNDC16
Gm54504	
Gm14986	
Snord13	
Gm14985	
Gm2654	
Csnk2a2	CSNK2A2
Gm19009	
Nrk	NRK
Gm48676	
Nsun2	NSUN2
Ugt2b1	
Gm12968	
Anp32b-ps1	
Gm13045	
Gm13042	
Gm13046	
Gm13041	
Efcab7	EFCAB7
Gm24121	
Gm26425	RNU4-30P
Gm26425	RNU4-48P
Gm26425	RNU4-77P
Gm26425	U4
Gm53044	
Pgm1	PGM1
Gm7631	
Gm5869	
Ugt2b35	
Dhx36	DHX36
Gm22591	
Impdh1	IMPDH1
Gm18635	
Gm42465	
D430020J02Rik	
Bod1l	BOD1L1
Gm58883	
Syt16	SYT16
Tmem51	TMEM51
Gm13053	
Kazn	KAZN
Gm29587	
Dbpht2	
Gm55147	
Dtnbos	
Dnmt3a	DNMT3A
Gm54401	
Dpp3	DPP3
Gpr149	GPR149
Gm18382	
Gm9701	
Gm22433	
Gm8388	
Hps3	HPS3
Enpp3	ENPP3
Dao	DAO
Serpina7	SERPINA7
Gm27616	
Carf	CARF
Mir7089	
Gm4644	
Gm47240	
Gm47241	
Gm19208	
Rplp1	RPLP1
4833428L15Rik	
4933428M09Rik	
Gm45854	
Gm45853	
Tti2	TTI2
Gm15007	
Kif23	KIF23
Pwwp3b	PWWP3B
Gm45033	
C430039J01Rik	
Gm32676	
Vmn2r35	
Ugt2b36	
Vmn2r-ps40	
Vmn2r36	
Gm7230	
Nucb2	NUCB2
Gm13062	
Gm31230	
Gm12515	
Gm12509	
Gm42795	
Gm12508	
Gm7181	
Gm25419	
Rad23b	RAD23B
Gm5554	
Gm42711	
Slc26a5	SLC26A5
Ccdc113	CFAP263
Gm26021	
Hilpda	HILPDA
Gm17108	
Zkscan4	ZKSCAN4
1700112L15Rik	
Naxd	NAXD
Garin1a	GARIN1A
Gm12513	
Gm22150	
Epdr1	EPDR1
Gm12507	
Klf4	KLF4
Gm4777	
Srd5a1	SRD5A1
Paqr5	PAQR5
Gm55950	
Akap7	AKAP7
Ptpro	PTPRO
Gm12520	
Gm4812	
Peli3	PELI3
Gm12518	
Gm11882	
Fbxl4	FBXL4
Gm15002	
Gm54511	
Trap1a	
Tent4a	TENT4A
Gm8061	
Gm14679	
Gm14678	
Gm14677	
Gm15245	
Gm25651	
Capza1b	CAPZA1
Gm45151	
Gm3978	
Gm7791	
Gm25016	
Gm55951	
Gm20438	
Gm40617	
Gm15726	
4732496C06Rik	
Gm58920	
Mirlet7f-2	MIRLET7F2
Gm26128	
Mir98	MIR98
Gm15191	
Clk4	CLK4
Epb41l2	EPB41L2
Gm18200	
Gm54539	
Hsd17b10	HSD17B10
Gm55790	
Glce	GLCE
Gm56215	
Gm49228	
Gm56216	RNU6-1109P
Mme	MME
Gm6008	
Mrpl11	MRPL11
Gm49226	
Gm4366	
Gm54861	
Fmo4	FMO4
Gm54387	
Gm4073	
Nr1i2	NR1I2
Gm24607	
Gm37900	
Pou3f2	POU3F2
Gm42553	
Gm42552	
Ugt2b5	
Gm15765	
Gm26054	RNU6-30P
Gm3675	
Cpne6	CPNE6
Gm11878	
Gm11881	
Gm11879	
Mir5133	
Gm56131	
Gm55792	
Gm11888	
Spesp1	SPESP1
Gm56133	
Gm39075	
Gm11890	
Gm28448	
Gm17872	
Rabac1	RABAC1
Gm48816	
Gm11892	
Gm11891	
Gm48817	
Mms22l	MMS22L
Gm18313	
Gm35288	
Ankhd1	ANKHD1
Ube2ql1	UBE2QL1
Gm5717	
Gm43369	
Dscaml1	DSCAML1
Gm19418	
Ugt2b37	
Gm20288	
Med10	MED10
Rps2-ps8	
U2af1	U2AF1
Gm7646	
Npas4	NPAS4
Cfap91	CFAP91
Svop	SVOP
Mir7046	
Gm3665	
Xylt1	XYLT1
Ribc1	RIBC1
Rcor3	RCOR3
Tcstv7a	
Tcstv6a	
Gm21358	
Gm54420	
Gm37619	
Gm50382	
Tcstv1a	
Slc29a2	SLC29A2
Tcstv2b	
Gm21181	
Tcstv5a	
Gm20784	
Smc1a	SMC1A
Gm41080	
Gm21370	
Gm22108	
Anxa2r2	
Gm24798	
Gm31544	
Gm41081	
Gm21378	
Tcstv2c	
Cox17	COX17
Vmn2r41	
Gm20769	
Gm20763	
Gm15288	
Gm10736	
Btf3	BTF3
Gm45153	
Gm56219	
Vmn2r42	
Ugt2a3	UGT2A3
Popdc2	POPDC2
Gm7652	
Gm42796	
Rimbp2	RIMBP2
Gm55882	RN7SKP70
Map2k4	MAP2K4
Vmn2r43	
Pla1a	PLA1A
Mak16	MAK16
Vmn2r-ps45	
Gm7696	
Vmn2r44	
Adprh	ADPRH
Vmn2r-ps46	
Vmn2r45	
Cd80	CD80
Gm15267	
Vmn2r-ps47	
Gm15266	
Foxd1	FOXD1
Kantr	KANTR
Gm2445	
Rps15a	RPS15A
Gm29501	
Sec61bl	
Gm37425	
Gm48049	
Gm54489	
Gm4815	
Gm50222	
Tmem174	TMEM174
Cryaa	CRYAA
Prss54	PRSS54
Gm6542	
Tmem171	TMEM171
Maskbp3	
Mir744	MIR744
Ksr1	KSR1
Tspyl2	TSPYL2
Gm22069	RNU6-477P
Uqcrb	UQCRB
Anp32a	ANP32D
Anp32a	ANP32A
Eif4ebp3	EIF4EBP3
Sra1	SRA1
Timmdc1	TIMMDC1
Ramacl	RAMACL
Ramacl	RAMAC
B4gat1	B4GAT1
Gm34240	
Strit1	STRIT1
Gm37279	
Gm55576	
Mterf3	MTERF3
Phtf1	PHTF1
Gm50225	
Gm50388	
Gm49999	
Sik1	SIK1
Gpr173	GPR173
Brms1	BRMS1
Gm5912	
Gm15953	
Gins3	GINS3
Poglut1	POGLUT1
Iqsec2	IQSEC2
Gpr137c	GPR137C
Gm6013	
Fut10	FUT10
Vmn2r-ps49	
Gm3584	
Gm49194	
Nrl	NRL
Gm44258	
Gm3956	
Apbb3	APBB3
Setd5	SETD5
Hsf2bp	HSF2BP
Gm3585	
Rin1	RIN1
Chrdl2	CHRDL2
Gm6640	
Gm49515	
Gm49516	
Sst	SST
Gm10876	
Coro2b	CORO2B
Gm49117	
Gm8051	
Ero1a	ERO1A
Gm8168	
Ptdss1	PTDSS1
7420700N18Rik	
Rtp2	RTP2
Gm19096	
Gm53049	
Gm45303	
Gm55793	
Bcl6	BCL6
Gm55795	Y_RNA
Gm5117	
Tmem245	TMEM245
Cars2	CARS2
Gm17572	
Gm55899	
Rrp1b	RRP1B
Cd248	CD248
Dnmt3aos	
Tmem151a	TMEM151A
Gm9088	
Pomc	POMC
Gm56627	
Gm24440	
Abcc1	ABCC1
Yif1a	YIF1A
Gm58354	
Slc35a4	SLC35A4
Gm18191	
Vmn2r-ps44	
Gm48598	
Ate1	ATE1
Col23a1	COL23A1
Zfp712	ZNF845
E230025N22Rik	
Efr3b	EFR3B
Gm37055	
Fmo1	FMO1
Gm48705	
Zfp708	ZNF429
Psmc6	PSMC6
Frrs1l	FRRS1L
Cd14	CD14
Gm55802	
Itga11	ITGA11
Tmco6	TMCO6
Epb41l4b	EPB41L4B
Gm28557	
Notch3	NOTCH3
Gm11201	
Gm11200	
Zkscan6	ZNF18
Gm8199	
Gm8202	
Gm15067	
Gm15066	
Cnih2	CNIH2
Mir680-2	
Alg13	ALG13
Gm17938	
Rslcan18	ZNF429
Zfp759	ZNF845
Ndufa2	NDUFA2
Rab1b	RAB1B
Ing1	ING1
Ik	
Wsb1	WSB1
Gm48732	
Rsl1	ZNF429
Cstad	
Ankrd10	ANKRD10
Gm50127	
Gm49646	
Gm9626	
Ephx3	EPHX3
Zfp455	ZNF429
Gm7653	
Fem1b	FEM1B
4930517E11Rik	
Gm13994	
Rps6-ps4	
Mir3089	
Gm13653	
Klhl32	KLHL32
Gm18494	
Gm37243	
Gm13658	
Gm13660	
Gm24574	
Cep164	CEP164
Ctnnbl1	CTNNBL1
Gm49064	
Nfasc	NFASC
Zfp458	ZNF845
Gm48001	
Pum2	PUM2
Klc2	KLC2
Tcstv6b	
Wdr55	WDR55
Tcstv2a	
Brd4	BRD4
Tcstv4	
Gm20900	
Pck2	PCK2
Tcstv3	
Gm48265	
Ccl28	CCL28
Lhfpl4	LHFPL4
Gm48300	
Nim1k	NIM1K
Dnd1	DND1
Dnah9	DNAH9
Eps8	EPS8
Zfp131	ZNF131
Idi1-ps2	
Gm43370	
Gm14176	
Vstm2l	VSTM2L
Gm42871	
Ugt2b38	
Mir7238	
Gm45592	
Hars1	HARS1
Spaca7b	
Slc24a5	SLC24A5
Ugt2a1	UGT2A1
Gm7562	
Gm7600	
Gm6524	
Ndufaf4	NDUFAF4
Gm27956	Metazoa_SRP
Nwd1	NWD1
Usp30	USP30
Tti1	TTI1
Gm23116	
Gm49528	
Gm1758	
A630010A05Rik	
Snai2	SNAI2
C230012O17Rik	
Gnb1l	GNB1L
Gm2214	
Gm14684	
Ptpn3	PTPN3
Zfp185	ZNF185
Hnrnpa3	
Shisa6	SHISA6
Gm12297	
Slc22a6	SLC22A6
Mcrip1	MCRIP1
Gm17833	
Gm42913	
Ppp1r27	PPP1R27
Alkbh2	ALKBH2
Chrm1	CHRM1
P4hb	P4HB
Hars2	HARS2
Ugt2a2	UGT2A2
Gm54900	
Slc3a2	SLC3A2
Gm45719	
Gm44647	
Gm23308	RNU6-929P
Vmn2r-ps43	
Tcstv1b	
Utp15	UTP15
Styx	STYX
Gm4432	
Gm56225	
Vmn2r40	
Akap8	AKAP8
Gm45530	
Vmn2r-ps42	
Gm43638	
Cpeb2	CPEB2
Vmn2r39	
Vmn2r38	
Gm5583	
Cln6	CLN6
Gpr63	GPR63
Gm18201	
Arl6ip1	ARL6IP1
Gm11906	
Hltf	HLTF
Fhl5	FHL5
Mir2137	
Pnma5	PNMA5
Gm6858	
Pnma3	PNMA3
Gm44106	
Xlr4a	FAM9A
Xlr4a	FAM9C
Xlr4a	FAM9B
Strap	STRAP
Gm11203	
2610028D06Rik	
Gm11204	
Gm7286	
Arhgdia	ARHGDIA
Nfe2l2	NFE2L2
Gm47274	
Map4	
Dera	DERA
Ankra2	ANKRA2
Gm56200	RNU6-1339P
Gm13670	
1700001O22Rik	C9orf50
Zmat2	ZMAT2
Gm12537	
Gm12538	
Pakap	
Xlr3a	FAM9A
Xlr3a	FAM9C
Xlr3a	FAM9B
Gnpnat1	GNPNAT1
Vaultrc5	Vault
Vaultrc5	VTRNA2-2P
Zeb1	ZEB1
Gm3807	
Gm25855	SNORD25
Gm25894	SNORD26
Gm24452	SNORD27
Alyref	ALYREF
Gm24453	SNORD28
Gm22744	SNORD29
Gm22680	SNORD30
Gm23246	SNORD31B
Snord22	SNORD22
Wdr74	WDR74
Gm47830	
Smlr1	SMLR1
Gm12539	
Gm47924	
Gm19801	
Gm8681	
Gm6906	
Gm47930	
Gm47939	
Tmem200a	TMEM200A
Ufl1	UFL1
Anapc11	ANAPC11
Ndrg4	NDRG4
Nsmce4a	NSMCE4A
Gm9767	
Gm42551	
Gm4739	
6030400A10Rik	
Gm43699	
Samd3	SAMD3
Stx2	STX2
Akap8l	AKAP8L
Npb	NPB
Gm16147	
Gm55145	
Gm58355	
Pcdhb1	PCDHB1
Pcdhb2	PCDHB2
Tbx1	TBX1
Utp6	UTP6
Tex54	TEX54
Xlr5b	FAM9A
Xlr5b	FAM9C
Xlr5b	FAM9B
Pcdhb3	PCDHB3
Gm18529	
Pcdhb4	PCDHB5
Stx5a	STX5
Vmn2r-ps41	
Pcdhb5	PCDHB4
Mtmr14	MTMR14
Vmn2r37	
Pcdhb6	PCDHB5
Pcdhb7	PCDHB4
Pcdhb8	PCDHB5
Gm4011	
Pcdhb9	PCDHB4
Pcdhb10	PCDHB5
Gm3623	
Pcdhb11	PCDHB5
Atp1a3	ATP1A3
Gm37446	
Gm20162	
Pcdhb12	PCDHB5
Gm49601	
Pcdhb13	PCDHB6
Zfp169	ZNF169
Pcdhb14	
Rps2-ps7	
Spin2d	
Cldn5	CLDN5
L3mbtl3	L3MBTL3
Gm55368	
Fermt2	FERMT2
Pcdhb15	PCDHB7
Cdc45	CDC45
Xlr3b	FAM9A
Xlr3b	FAM9C
Xlr3b	FAM9B
Pcdhb16	PCDHB13
Pcdhb17	PCDHB16
Pcdhb18	PCDHB10
Pcdhb18	PCDHB9
Pcdhb19	PCDHB11
Pcdhb19	PCDHB12
Pcdhb20	PCDHB14
Pcdhb21	
Pcdhb22	PCDHB15
Slc25a2	SLC25A2
Taf7	TAF7
Sult1b1	SULT1B1
Xlr4b	FAM9A
Xlr4b	FAM9C
Xlr4b	FAM9B
Gm8242	
Pcdhga1	PCDHGA1
Gm37118	
Pcdhga2	PCDHGA2
Gbp5	GBP5
Mirlet7d	MIRLET7D
Gm54609	
Mirlet7f-1	
Mirlet7a-1	MIRLET7A1
Gm37238	
Pcdhga3	PCDHGA3
Gm25232	
Ntmt1	NTMT1
Ptpdc1	PTPDC1
Pcyt2	PCYT2
Pakap	PALM2AKAP2
Gm55371	
9630050E16Rik	
Ddhd1	DDHD1
Ran	RAN
Gm38323	
Gm18493	
Gm37480	
Gbp7	GBP4
Asb6	ASB6
Wiz	WIZ
Nbeal1	NBEAL1
Pcdhgb1	PCDHGB1
Barx1	BARX1
Gp1bb	GP1BB
Pcdhga4	PCDHGA4
Pcdhgb2	PCDHGB2
Septin5	SEPTIN5
Gm55966	
Gm37438	
Sult1d1	
Gm5778	
Gm43802	
Gm7488	
Pcdhga5	PCDHGA5
Gm47098	
Gm28041	
Gm43160	
Gm29137	
Gm19168	
Gm43675	
Gm53048	
Gm15397	
Gm24401	
Gm6407	
Zfp456	ZNF429
Pcdhga6	PCDHGA6
Gm17935	
Gm7034	
F8a	F8A3
F8a	F8A2
F8a	F8A1
Gm43671	
Magi3	MAGI3
Gm6419	
Gm37165	
Prdx6-ps2	
Prrx2	PRRX2
Suz12	SUZ12
Gm11897	
Gm11894	
Gm25975	
Pcdhga7	PCDHGA7
Rsph14	RSPH14
Gm11896	
Gm11893	
Xlr4c	FAM9A
Xlr4c	FAM9C
Xlr4c	FAM9B
Gm12526	
Gm55727	
Slc15a5	SLC15A5
Gm24977	
Gm56147	RNU6-195P
Gm26138	RNU6-41P
Gm26138	RNU6-44P
D630039A03Rik	C9orf152
Pcdhgb4	PCDHGB4
Pcdhga8	PCDHGA8
Zfp429	ZNF429
Fut9	FUT9
Ung	UNG
Agps	AGPS
Gm3616	
Gm55809	
Setd6	SETD6
Gm24042	
Gm11898	
Gm56148	
Gm11895	
Gm24965	RNU6-523P
Gm20287	
Manea	MANEA
Gm48900	
Gm3611	
Mir7047	
Zfp459	ZNF845
Vmn2r46	
Gm18199	
Add2	ADD2
Vmn2r47	
Bhmt-ps1	
Gm11903	
Gng2-ps1	
Gm11905	
Gm11904	
Gm11902	
Pold3	
Gm11901	
Gm25173	
Xlr3c	FAM9A
Xlr3c	FAM9C
Xlr3c	FAM9B
Gm11914	
Tpm3-rs2	
Gm11911	
Gm11907	
Gm25378	
Zfp874a	ZNF429
Mif-ps11	
Gm11909	
Gm11910	
Gm11912	
Gm11913	
Epha7	EPHA7
Sin3b	SIN3B
Gm5379	
Fthl17f	
Gm16480	
Gnaz	GNAZ
Fthl17-ps2	
4930402K13Rik	
Fthl17-ps3	
Lancl3	LANCL3
Pcdhgb5	PCDHGB5
Pcdhga9	PCDHGA9
Gm25245	
Gm15976	
Atp5po	ATP5PO
Rab36	RAB36
Mir6992	
Nxf1	NXF1
Xk	XK
Crlf3	CRLF3
H2al1m	H2AL1Q
H2al1m	H2AL3
Gm25481	RNU1-149P
Gm14863	
H2al1k	H2AL1Q
H2al1k	H2AL3
Cybb	CYBB
Gm29332	
Gm22609	
Lrrn2	LRRN2
Gm38307	
Gm7928	
Zfp874b	ZNF429
Gm55923	
Gm38308	
Fmo2	FMO2
Gm48899	
Zfp58	ZNF429
Gm54534	
Gm23210	
Mrps6	MRPS6
Sult1e1	SULT1E1
Gm55904	
Rasal3	RASAL3
Gm49711	
Slc5a3	SLC5A3
Pcdhgb6	PCDHGB6
Mir3969	
Gm43368	
Gm21043	
Gm16310	
Reln	RELN
Gm41496	
Gm41495	
Gm49716	
Gm29880	
Kcne2	KCNE2
Lipt2	LIPT2
Tmem39a	TMEM39A
Gm26965	
Gm24577	
Gm38130	
Gm27510	
Cyp20a1	CYP20A1
Gm14901	
Gm9078	
Vmn2r-ps51	
Zfp87	ZNF429
Slc7a3	SLC7A3
Vmn2r-ps52	
Gm45403	
Vmn2r48	
Kcne3	KCNE3
Gm42696	
9530097N15Rik	
Gm55621	RNU6-125P
Gm55621	RNU6-878P
Gm42700	
Gm42699	
Gm17956	
Sirt7	SIRT7
Gm42702	
Gm42701	
Bcr	BCR
Gm43258	
C030032O16Rik	
Gm43259	
Gm43260	
Gm43256	
Gm23077	
Gbp3	GBP4
F2rl3	F2RL3
6030460B20Rik	
Arl4c	ARL4C
Zfp748	ZNF845
Gm45706	
Gm45705	
Gm45704	
Gm45791	
Large1	LARGE1
Pcdhga10	PCDHGA10
Gm29335	
Gm49125	
Kcnh1	KCNH1
Mir5131	
Gm15516	
Pcdhgb7	PCDHGB7
Gm8317	
Gm15220	
Gm49192	
Gm37257	
Pcdhga11	PCDHGA11
Gm46443	
5430425E15Rik	
Gm29626	
Zfp729b	ZNF845
Gm6158	
Mir7210	
Gm3702	
Samd4	SAMD4A
Gm7067	
Vmn2r49	
Ift70b	IFT70A
Ift70b	IFT70B
Vmn2r50	
Ptges	PTGES
Zfp729a	ZNF845
Gm6850	
Vmn2r51	
Grik5	GRIK5
Gm48095	
Zfp738	ZNF85
Zfp738	ZNF695
Zfp738	ZNF738
Zfp738	ZNF736
Zfp738	ZNF727
Zfp738	ZNF678
Zfp738	ZNF682
Zfp738	ZNF681
Zfp738	ZNF724
Ift70a2	IFT70A
Ift70a2	IFT70B
Gm13400	
Ift70a1	IFT70A
Ift70a1	IFT70B
Tor1b	TOR1B
Calml4	CALML4
Snx12	SNX12
Gbp2b	GBP2
Tmem223	TMEM223
Tmem179b	TMEM179B
Pcdhgb8	
Pcdhga12	PCDHGA12
Gm26587	
Gm26875	
Specc1l	SPECC1L
Zfp65	ZNF200
Zfp65	KRBOX1
Taf6l	TAF6L
Mir28b	
Gm55812	
Gm7943	
Gm55813	
Mir6936	
Crry-ps	
Mafg	MAFG
Gbp2	GBP2
Gm7948	
Gm45821	
Gm55814	
Isx	ISX
Pde11a	PDE11A
Gm48894	
Zfp85	ZNF429
Gm4734	
Gm43732	
Gm42433	
Gm42432	
Gm4753	
Bace1	BACE1
Gm18699	
Fmo6	
Gm9894	
Hmgxb4	HMGXB4
Zfp493	ZNF429
Gm24061	SNORA72
Gm14842	
Gm22472	
Foxo4	FOXO4
Atad5	ATAD5
Gm17103	
Arhgap31	ARHGAP31
Sh3bp4	SH3BP4
Gm9625	
Zfp273	ZNF429
Vmn2r52	
Mir6381	
Gbp2-ps	
Gm614	CXorf65
Gm19166	
BC037039	
Lrig2	LRIG2
Pcdhgc3	PCDHGC3
Gm55551	
Cts7	
Gm38312	
Gm5259	
Gm20679	
Fmo3	FMO3
Zfp574	ZNF574
Gm56211	
Cyct	
Il2rg	IL2RG
Vmn1r66	
Vmn1r-ps48	
Gm11915	
Gm45402	
Gm11918	
Tor1a	TOR1A
Gm45400	
Gm11919	
Gm11923	
Gm11925	
Gm11924	
Gm56152	
Gm11920	
Gm45401	
Gm25705	RNU6-1163P
Gm15530	
Map3k7	MAP3K7
Pgm2l1	PGM2L1
B4galt4	B4GALT4
Mroh9	MROH9
Med12	MED12
Pglyrp2	PGLYRP2
Tom1	TOM1
Cts7-ps	
Gm47825	
Ctsm-ps	
Gm16111	
Gm46234	
Dnaja1-ps	
Adora2a	ADORA2A
Gm19666	
Gm16113	
Gm16112	
Gm16110	
Gm47848	
Gm25459	
Ctsm	
Gm43657	
Gm55865	
Gm43110	
Pcdhgc4	PCDHGC4
Orc5	ORC5
Gm22671	
Rbm45	RBM45
Gm37049	
Gm16536	
Gm49338	
Gm22434	
Pias1	PIAS1
Hhat	HHAT
Gucd1	GUCD1
Sdc1	SDC1
Gm2518	
Zfp950	
Cdkl3	CDKL3
Gpx2-ps1	
Nlrp4d	
BC005624	C9orf78
Gm22365	
Mplkipl1	MPLKIP
Csf2ra	CSF2RA
Matn3	MATN3
Gm15575	
Upk1b	UPK1B
Gm3726	
Vmn1r67	
Gm30645	
Zik1	ZIK1
Gm38412	
Abi1	ABI1
Gm9273	
Gm43696	
Wdr35	WDR35
Gm49352	
4930509H03Rik	
Gm26091	
Cts3	
Gm43582	
Slc16a1	SLC16A1
Gm18193	
Vmn1r68	
Tex55	TEX55
Gm24526	
Gm6082	
Vmn1r-ps49	
Gm25064	RNU6-1
Skor1	SKOR1
Smg1	SMG1
Gm15803	
Gm43581	
Gm43585	
Gm29561	
Gm22500	RNU6-804P
Socs1	SOCS1
Gm29560	
Gm24223	RNU6-1161P
Gm29572	
Gm6485	
Gm45820	
Gm43584	
Gm2059	
Hmox1	HMOX1
Kyat3	KYAT3
Tnp2	TNP2
Prm3	PRM3
Prm2	PRM2
Mcm5	MCM5
Gm22887	
Adgrd1	ADGRD1
Cyp4f39	CYP4F22
Prm1	
Gm4242	
Gm18999	
Gm50357	
Tnks2	TNKS2
Gm10343	
Gm22265	
Gm38360	
Rmi2	RMI2
A730013G03Rik	
Agap1	AGAP1
Gm49960	
Gm49357	
Gm7622	
Gm6474	
Gm6436	
Litaf	LITAF
Gm49400	
Selenok-ps4	
Gm55560	
Gm55561	
Gm35619	
Agtpbp1	AGTPBP1
Upb1	UPB1
Pcdhgc5	PCDHGC5
Cyp4f17	CYP4F8
Gm55114	
Gm55115	
Gm10832	
Gm3919	
Snn	SNN
Gm23355	RNU6-271P
Gm7559	
Ripk4	RIPK4
Map2k5	MAP2K5
Prdm15	PRDM15
Gm56101	RN7SKP22
Gm56101	RN7SKP192
Gm56101	RN7SKP108
Gm48158	
Gm48148	
Snrpd3	SNRPD3
Gm49132	
Gch1	GCH1
Gm45899	
Rasd2	RASD2
Cyp4f16	CYP4F8
Tafa3	TAFA3
Lrrc75b	LRRC75B
Gm37297	
Gm55945	
Gm9644	
Gm28499	
Gm45907	
Umpk-ps	
Gm7984	
Gm19885	
Gapdhrt2	GAPDH
Gm55949	RN7SKP27
Gm55949	RN7SKP33
Gm37521	
Prrx1	PRRX1
Ggt1	GGTLC2
Ggt1	GGTLC3
Ggt1	GGT1
Ggt1	GGTLC1
Iqcm	IQCM
Ppm1j	PPM1J
Gm49134	
Gm18811	
Gm49136	
Mcpt8	
Mir6949	
Ctsg	CTSG
Gtf2b	GTF2B
2300009A05Rik	C15orf61
Gzme	GZMB
Gm38182	
Gm44090	
Mgst1	MGST1
Gm5372	
Gzmd	GZMB
Rnf214	RNF214
Gm24457	
Rhoc	RHOC
Acacb	ACACB
Diaph1	DIAPH1
Gzmg	GZMB
Gbx2	GBX2
Gm18503	
Gm9547	
Gm37644	
Coch	COCH
Gzmn	GZMB
Sertad4	SERTAD4
Gm38270	
Gm11926	
Gm7901	
Gm26254	
Gm11927	
Gm11928	
1700093P08Rik	
Gm11929	
Gm22544	
Bach2	BACH2
Gm45742	
Gm22509	RNU6-540P
Gm22509	RNU6-1290P
Gm22509	RNU6-501P
Gm7069	
Gm7990	
Gm55821	
Cnot1	CNOT1
P4ha3	P4HA3
Gm50270	
Gm4022	
Spin3-ps	
Fhip2a	FHIP2A
Gm8963	
Gzmf	GZMB
Gm37889	
Gm36983	
Gm44089	
Gm19596	
Lmo3	LMO3
Gm2367	
Gm49592	
C2cd2	C2CD2
Gzmc	GZMB
Gorab	GORAB
Gm50036	
Gm8497	
Gm37021	
Gm50038	
Gm37492	
Naaladl2	NAALADL2
Cyp4f37	CYP4F8
Gm56158	
Gja10	GJA10
Gm24118	
Gm4819	
Gm11933	
Gm7536	
Casp8ap2	CASP8AP2
Gzmb	GZMB
Gm24704	
Gm55652	
Gm42774	
Strn3	STRN3
Gm37136	
Gm38002	
Gm10259	
Nlgn1	NLGN1
Gm24940	
Rpsa-ps1	
Ntmt2	NTMT2
Cyp4f38-ps	
Cyp4f40	CYP4F2
Gm48200	
Atp12a	ATP12A
Gm2343	
Asb18	ASB18
Gm30332	
Gm44266	
Gm55653	
Igbp1b	
Gm37573	
Gm25683	
Gm6197	
Gm45084	
Gm23229	RNU6-625P
Gm23229	RNU6-1298P
Gm32766	
Gm4855	
Gm9038	
Gm44267	
Gm44268	
Vmn1r69	
Gm25434	
Gm55656	
Rergl	RERGL
Spata16	SPATA16
Cyp4f15	CYP4F2
Atp6v1f	ATP6V1F
Mir6964	
Zbtb21	ZBTB21
Spmip1	SPMIP1
Rnf17	RNF17
Plcz1	PLCZ1
Gm11936	
Ecpas	ECPAS
Abi2	ABI2
Vmn1r-ps50	
Vmn1r70	
Ap4s1	AP4S1
Vmn1r-ps51	
Gm6900	
Trub1	TRUB1
Vmn1r-ps52	
Mir6979	
Gm50122	
Ppme1	PPME1
Hdac3	HDAC3
B230307C23Rik	
Rps16-ps2	
Ypel1	YPEL1
Gm37659	
Gm13784	
Gm55657	
Gm9057	
Gm7558	
Gm22663	RNU6-95P
Gm50046	
Hectd1	HECTD1
Rpl17-ps5	
Mov10	MOV10
Gm6452	
Gm17948	
Zfp871	
Gm24512	
Gm9523	
Gm6560	
A930003O13Rik	
Gm55868	
Foxn4	FOXN4
Zfp811	
Gm44112	
Capza3	CAPZA3
Gm44156	
Gm44155	
Gm23294	RNU1-141P
Gm44158	
Gm55909	
Gm44159	
Zfp799	
Gm55751	
Gm3961	
1700102F20Rik	
Gm55752	
Gm5051	
Kcp	KCP
Nlrp4b	NLRP4
Lhfpl3	LHFPL3
Gm18272	
Gm7059	
Gm21846	
Zfp870	
Gm43169	
Gm6564	
Gm50279	
Gm42948	
Gm50286	
Gm56649	
Gpr137	GPR137
Gm55869	
Csn1s1	CSN1S1
Gm50051	
Cyp4f14	CYP4F2
Gm45379	
Vmn1r71	
Gm5130	
Syt17	SYT17
Gm19309	
Heatr5a	HEATR5A
Gm9974	
Ppil2	PPIL2
Gm24392	
Cpap	CPAP
Rell2	RELL2
Gm45438	
Gm44652	
Ggt5	GGT5
Gm21986	
Gm18781	
Itpripl2	ITPRIPL2
Gm7203	
Nlgn3	NLGN3
Gm24646	RNU6-249P
Gm24646	RNU6-442P
Nphp3	NPHP3
Gm4903	
Gm7836	
Gm18638	
Zscan4b	
Mdm4	MDM4
Gm45279	
Mir297-1	
Gm7786	
Gm18122	
Zscan4c	
Pycr1	PYCR1
Gm55481	Y_RNA
Parp4	PARP4
Gm45327	
Gm45395	
Zscan4-ps1	
Gm33601	
Gm4157	
Gm3774	
Coq7	COQ7
Macrod1	MACROD1
Gm54798	
Flrt1	FLRT1
Gjb1	GJB1
Otub1	OTUB1
Zmym3	ZMYM3
Cyp4f13	CYP4F8
Mphosph8	MPHOSPH8
Dtd2	DTD2
Tefm	TEFM
Fchsd1	FCHSD1
Cox8a	COX8A
Pkn2	PKN2
Gm47399	
Gpr33	GPR33
Gm26402	
Gm19688	
Myo1h	MYO1H
Naa40	NAA40
Susd2	SUSD2
Gm32220	
Myadml2	MYADML2
Tacc2	TACC2
Gm10465	
Gm6218	
Sptssa	SPTSSA
Ppp2ca	PPP2CA
Mir1892	
Gm54375	
Eapp	EAPP
Gm55944	
Mir3061	
Or2y8	
Adap2	ADAP2
Gm55756	RNU6-469P
Gm55756	RNU6-566P
Irf5	IRF5
Gm22113	
Gm54802	
Rcor2	RCOR2
Gm55912	RN7SKP60
Zfp472	
Gm5630	
Gm33022	
Gm6122	
Gm48099	
Gm48098	
Gm36262	
Gm48785	
Gm7089	
Baz1a	BAZ1A
Gm18275	
Gm48782	
Zfp952	
Ube2e2	UBE2E2
Gm28305	
Gm37200	
Pcsk7	PCSK7
Zfp763	ZNF778
Or2y6	
Rnf135	
Zfp563	
Notum	NOTUM
Gm49584	
2610318N02Rik	
Morc2b	MORC2
Mark2	MARK2
Or10h1b	OR10H5
Or10h1b	OR10H1
Or10h1b	OR10H2
Psma6	PSMA6
Arap3	ARAP3
Plekha5	PLEKHA5
Or10h1	OR10H5
Or10h1	OR10H1
Or10h1	OR10H2
Gm15916	
Gm22499	
Gm4939	
Gm6781	
Or10h5	OR10H5
Or10h5	OR10H1
Or10h5	OR10H2
Gm22350	
Ube2e1	UBE2E1
Zfp955a	
Cabin1	CABIN1
Or10h28	OR10H4
Or10h28	OR10H3
Zfp955b	
Zfp422-ps	
Zfp81	
Rpl18a-ps1	
Syt14	SYT14
Nfkbia	NFKBIA
Mir130b	MIR301B
Mir301b	MIR301B
Sdf2l1	SDF2L1
Nkiras1	NKIRAS1
Skp1	SKP1
Zfp101	
Gm6440	
Ccdc116	CCDC116
Aldoart2	ALDOA
Insm2	INSM2
Ralgapa1	RALGAPA1
Kctd10	KCTD10
Rpl15	RPL15
Actl9	ACTL9
Iqch	IQCH
Nfilz	NFILZ
Adamts10	ADAMTS10
Ydjc	YDJC
Gm12207	
Tcf7	TCF7
Gm55962	RN7SKP209
Gm37103	
Iqca1	IQCA1
Gm7084	
Nr1d2	NR1D2
Srpk2	SRPK2
Gm19326	
Ddt	DDT
Ddt	DDTL
Gm48481	
Gm6773	
Gm19290	
Gm55483	
Thrb	THRB
Ube2l3	UBE2L3
Ube2l3	UBE2L5
Gm20441	
A630014C17Rik	
Usp43	USP43
Gstt3	
Ackr3	ACKR3
Gm38277	
Raph1	RAPH1
Gm25965	
Gm31306	
Gm2574	
Gm55878	
Gm43566	
Gm50451	SNORD93
Pus7	PUS7
Capza1	CAPZA1
Gm22129	
Rimbp3	RIMBP3B
Rimbp3	RIMBP3
Rimbp3	RIMBP3C
Hic2	HIC2
Gstt1	
Mdn1	MDN1
Gm55487	RN7SKP114
Gm48320	
Gm48312	
Pou5f1-rs6	
Gm18078	
Gm49573	
Tpi-rs9	
Tmem191	TMEM191C
Tmem191	TMEM191B
Gm42658	
Rarb	RARB
Gm42659	
Gm43613	
Gm43612	
1700001N15Rik	
Gm38006	
Gm42704	
Gm24728	
Gm42705	
Cfap52	CFAP52
Gm28721	
Gm42706	
Gm2505	
Sec61g-ps2	
Gstt4	GSTT4
Gm11576	
Gm42708	
Gm55965	
Pik3c2b	PIK3C2B
Mtx1	MTX1
Gstt2	GSTT2B
Gstt2	GSTT2
Tmc7	TMC7
Nono	NONO
Myef2	MYEF2
Mir6981	
Mir6980	
Gm54041	
Gm58359	
Mif	MIF
Gm58360	
Gm50288	
Vdac1	VDAC1
Gm58361	
Gm58362	
Gm58363	
Gm58364	
Gm15485	
Gm47744	
Gm58365	
Derl3	DERL3
Gm58366	
Gm50401	
Gm58367	
Gm58368	
Gm32489	
Gm48162	
Top2b	TOP2B
A830052D11Rik	
Gm38388	
Gm28722	
Gm55967	
Gm35048	
Gm26616	
Ppp1r15b	PPP1R15B
4930511P09Rik	
Cd28	CD28
Aurkc-ps	
Gm44577	
Gm55763	RN7SKP114
Tnpo3	TNPO3
Pi4ka	PI4KA
Gm45550	
2410039M03Rik	
Smarcb1	SMARCB1
Gm18641	
Gm58369	
Vmn1r-ps53	
Gm45283	
Gm58370	
Vmn1r72	
Gm41664	
Gm37198	
Gm11609	
Gm11581	
Gm38137	
Kifap3	KIFAP3
Gm18850	
Gm19093	
Gm55508	RNU6-482P
Mir1942	
Parp10	PARP10
Vmn1r73	
Gm58372	
Gm58373	
Rint1	RINT1
4930517L18Rik	
Gm58374	
Gm45616	
Gm52364	
Gm45617	
Vmn1r74	
Gm58375	
Gm58376	
Gm6929	
Vmn1r-ps55	
Gm58377	
Gm34779	
Vmn1r75	
Gm58378	
Gm35918	
Gm58379	
Gm58380	
Gm58381	
Gm36439	
Gm58382	
Gm18851	
Gm33335	
Vmn1r-ps56	
Gm58383	
Tpt1-ps4	
4921531P14Rik	
Gm25995	
C2cd3	C2CD3
Gm6257	
Tagln	TAGLN
Itgb1bp2	ITGB1BP2
Gm55671	RNU6-885P
Gm55671	RNU6-1028P
Gm16162	
Gm16129	
Gm34379	
E130311K13Rik	C3orf33
Aagab	AAGAB
Lyrm2	LYRM2
Gm26493	
Mir7073	
Gm26265	SNORA50A
Lmo4	LMO4
Gm14843	
Gm45762	
Gm56164	
Shoc1	SHOC1
Sap18b	SAP18
Gm6184	
Slc35a2	SLC35A2
Slc38a7	SLC38A7
Gm58384	
Gm58385	
Uba5	UBA5
Gm31089	
Gm29200	
Gm41797	
Gm58386	
Redrum	
Vmn1r-ps2	
Vmn1r-ps3	
Gm12594	
Vmn1r2	
Rpsa-ps11	
Vmn1r3	
Grina	GRINA
Ugcg	UGCG
Gm31206	
Gm32548	
Gm58387	
A930015P04Rik	
Ngly1	NGLY1
Naa35	NAA35
Gm41758	
Gm58388	
Gm30018	
9530068E07Rik	C5orf15
Gm46613	
Gm58389	
Gm58390	
Gm33376	
Mir6953	
Gm55515	
Gm58391	
Spatc1	SPATC1
Gm58392	
Gm58393	
Gm58394	
Gm30593	
Gm12208	
Gm12210	
Stx8	STX8
Gm37750	
Smad3	SMAD3
Mir3079	
Gm58395	
Smpd5	
Myo1f	MYO1F
Gm58396	
Gm54032	
Gm11785	
Gm43054	
Gm11787	
Gm55895	
Gm30513	
Gm43445	
Gm55896	
Mir3471-2	
Susd1	SUSD1
Gm43447	
Gm22054	RNU1-140P
Gm5857	
Tomm7	TOMM7
Slc33a1	SLC33A1
Snord93	SNORD93
Got2	GOT2
Hycc1	HYCC1
Mmp11	MMP11
Gm54019	
Gm19466	
Oplah	OPLAH
Cops8	COPS8
Gm36124	
Gm47798	
Gm58397	
Gm47797	
Gm56496	
5430414B19Rik	
Oxsm	OXSM
Gm43029	
Tspan33	TSPAN33
Gm2553	
Gm18541	
Gm58398	
Acad11	ACAD11
Gm26850	
Gm50292	
Hs2st1	HS2ST1
Gm58399	
Gm58400	
Gm58401	
Gm58402	
Gm58403	
Gm58404	
Gm50199	
Gm45760	
Gm12303	
Tmem68	TMEM68
Gm55958	RNA5SP526
Gm55958	5S_rRNA
Gm45895	
Gm12304	
Gm8637	
C78197	
Gm46640	
Gm22780	
Gm55832	
Gm5131	
Gm25160	
Fstl4	FSTL4
Gm55833	
Gm58405	
Gm45247	
Gm41698	
Gm47794	
Gm7191	
Gm8517	
Gm8514	
Gm43707	
Gm45246	
Gm43560	
Gm17997	
Gm47780	
Thbs3	THBS3
Gm47779	
Gm7192	
Gm10403	
Gm23494	
Gm29817	
Lrrc3b	LRRC3B
Gm15679	
Ctla4	CTLA4
Nrg1	NRG1
Slc5a4b	
Gm41748	
Gm47763	
Pqbp1	PQBP1
Gm47759	
Gm47758	
Gm47756	
Bvht	
Gm47743	
Gm31517	
Serpind1	SERPIND1
Gm18142	
Nek10	NEK10
Gm24927	RNU6-540P
Gm24927	RNU6-1290P
Gm24927	RNU6-501P
Ntn1	NTN1
Snap29	SNAP29
Rpl18-ps1	
Amer3	AMER3
Smo	SMO
Gm28418	
Gm36984	
Gm29730	
AA619741	
Icos	ICOS
Gm19217	
Carmn	
Gm6745	
Crkl	CRKL
Gm18038	
Slc5a4a	SLC5A4
Klhl7	KLHL7
Gm12527	
Tgs1	TGS1
Mir6406	
Pik3r5	PIK3R5
Ackr4	ACKR4
Gm54512	RNU6-1006P
Aifm3	AIFM3
Gm47000	
Gm46999	
Gm58412	
Dhx30	DHX30
Gm2628	
Gm58413	
Gm26972	
Trerf1	TRERF1
Gm58414	
Gm35607	
Prmt2	PRMT2
Gm37039	
Rpl17-ps1	
Gm11590	
Gm34345	
Gm28083	
Gm11587	
1500015A07Rik	
Ankrd6	ANKRD6
Gm11588	
Gm55971	
Gm28449	
Gm36943	
Gm28094	
Gm38165	
Scyl3	SCYL3
Gm56503	
Gm58415	
Gm58416	
Selenof	SELENOF
Gm58417	
Pik3r6	PIK3R6
Gm30512	
Vmn1r76	
Gm47246	
4930578E11Rik	
Golm1	GOLM1
Gm45387	
Vmn1r-ps57	
Gm24414	
Gm44571	
Gm3836	
Vmn1r-ps58	
Gm45429	
Gm37716	
Vmn1r-ps59	
Gm18597	
Gm17850	
Gm58418	
Gm58419	
Vmn1r-ps60	
2310026I22Rik	
Gm55673	
Gm18854	
Mir92b	
Rpl9-ps8	
Vmn1r77	
Muc1	MUC1
4930527G23Rik	
Gm3724	
Gm43389	
Gm10179	
Nup42	NUP42
Vmn1r-ps61	
Pcsk1n	PCSK1N
Gm45562	
Vmn1r-ps62	
Gm45498	
Vmn1r-ps63	
Ucp3	UCP3
Exosc4	EXOSC4
Eras	ERAS
Gm13717	
Gm43927	
Gm7384	
Gm28523	
Hdac6	HDAC6
B430212C06Rik	
Gmps	GMPS
Pde3a	PDE3A
Gpaa1	GPAA1
Slc4a7	SLC4A7
Gm55902	
Gm43827	
Gm43432	
Gm55925	
Utp3	UTP3
Mrps10	MRPS10
Crcp	CRCP
Vmn1r78	
Gm45365	
Vmn1r79	
Gm10400	
Gm13357	
Gm19201	
Gm43958	
Gm22352	RNU6-916P
Gm50386	
Aak1	AAK1
Ctxn2	CTXN2
Vmn1r80	
Gm47269	
Gm58420	
Gm31875	
Spata31d1a	
Gm58421	
Vmn1r-ps64	
Gm45364	
Osbpl6	OSBPL6
Vmn1r-ps65	
Gm45367	
Gm4224	
Vmn1r81	
Gm4146	
Vmn1r82	
Gm29967	
Spata31d1b	
Vmn1r83	
Gm58422	
Gm58423	
Gm58424	
Gm58425	
Gm56262	
Gm41713	
Spata31d1d	
Gm58426	
Ucp2	UCP2
4933407I08Rik	
Gm58427	
Gm58428	
Gm58429	
Gm58430	
Spata31d1e	
Gm58431	
4933424G05Rik	
Isca1	ISCA1
Rufy3	RUFY3
Gm58432	
Gm58433	
Gm58434	
Gm32801	
Lztr1	LZTR1
Mfsd6l	MFSD6L
Ccdc42	CCDC42
Vmn2r-ps3	
Vmn2r1	
Gm58435	
Gm58436	
Gm58437	
Gm50229	
Gm58438	
Gm49354	
Gm56492	
Tut7	TUT7
Gm58439	
Mir678	
S100b	S100B
Gm22165	RNU6-256P
Gm22165	RNU6-273P
Pard3b	PARD3B
St7l	ST7L
Rps6-ps1	
Cyc1	CYC1
Gm41703	
Dip2a	DIP2A
Gm50314	
Rhot1	RHOT1
Gm58440	
Gm58441	
Gm58442	
Gm58443	
Gm58444	
Gm32661	
Gm52346	
Gm58445	
Gm58446	
Gm58447	
Gm32547	
Guca1b	GUCA1B
Gm32436	
Gm58448	
Gm58449	
Vmn1r84	
Gm58450	
Gm58451	
Gm58452	
A330094K24Rik	
Guca1a	GUCA1A
Sharpin	SHARPIN
Abcc8	ABCC8
Gm58453	
Gm50128	
Gm48655	
Gm54433	
Brms1l	BRMS1L
6330525I24Rik	
Gm50461	
Gm58454	
Gm5814	
Gm34011	
Cimip3	CIMIP3
Gm54030	
Gm58455	
Gm41731	
Gm58456	
C030004G16Rik	
AI661453	C6orf132
Gm58457	
Gm58458	
Gm58459	
G630071F17Rik	
Zeb1os1	
Gm37205	
Taf8	TAF8
Gm38012	
Gm38278	
Gm38075	
Gm29640	
Gm29641	
Pard3bos2	
Gm38351	
Pard3bos3	
Gm29084	
Gm11600	
Gm22296	
Gm11599	
Sstr1	SSTR1
Col6a3	COL6A3
Ahcyl2	AHCYL2
Clec14a	CLEC14A
Gm8275	
Zfp36l1	ZFP36L1
Gm56519	
Actn1	ACTN1
Maf1	MAF1
Gm56170	
Gm11941	
Lyn	LYN
Gm56235	
Prkra	PRKRA
Spindoc	SPINDOC
Gm48194	
Gm48390	
Zfp997	
Gm3338	
Gm19792	
Gm3604	
Gm58460	
Gm58461	
Gm58462	
Gm50162	
Gm55564	
Gm23855	
Gm48690	
Pjvk	PJVK
Gm41668	
Selenok-ps6	
Gm48699	
Gm48701	
Zfp935	
1700044K03Rik	
Gm49359	
Gm55565	
Zfp934	
Gm58463	
Gm58464	
Gm50063	
Gm50232	
Gm58465	
Rab11b-ps2	
Gm58466	
Gm58467	
Gm18842	
Gm41695	
Zfta	ZFTA
Vmn1r-ps66	
Vmn1r-ps67	
Vmn1r-ps68	
Gm58468	
Gm45487	
Gm45486	
Gm33948	
Fkbp7	FKBP7
Zfp551	ZNF551
Gm7664	
Gm24095	
Gm55566	
Zfp1008	
Ccnd3	CCND3
Gm55567	
Gm7045	
Platr25	
Plekha3	PLEKHA3
Vmn2r-ps53	
Mir6991	
Dnajb13	DNAJB13
Rtn3	RTN3
Gm48735	
Gm48734	
Mir713	
Zfp953	ZNF85
Zfp953	ZNF695
Zfp953	ZNF738
Zfp953	ZNF736
Zfp953	ZNF727
Zfp953	ZNF678
Zfp953	ZNF682
Zfp953	ZNF681
Zfp953	ZNF724
Gm47765	
Mir1843a	
Scarna3b	
1700085C21Rik	
4930423C22Rik	
Gm29530	
Gpx5	
4933436F18Rik	
Usp20	USP20
1700030I03Rik	
Dpf3	DPF3
Thap7	THAP7
Rabgef1	RABGEF1
Gm58469	
Gm11270	
Hgh1	HGH1
Gpx6	GPX6
4930546C10Rik	
Gm54040	
Vmn2r2	
Gm58471	
Gm58472	
Gm56502	
Coa4	COA4
Gm58473	
Gm58474	
Or2b28	
Tssk5	
Gm58476	
Gm5139	
Gm58477	
Gm18294	
Zscan12	ZSCAN12
Vmn2r3	
Gm39059	
Zfp606	ZNF606
Gm58478	
Gm29992	
Gm22219	
Mir6954	
Fam83a	FAM83A
Gm11271	
Zkscan3	ZKSCAN4
Ftcd	FTCD
Yeats2	YEATS2
Trim46	TRIM46
Gm11805	
Gm22781	
Rps20	RPS20
Gm33621	
9130401M01Rik	C8orf76
Gm50097	
Gm24016	SNORD54
Gm24125	
Mos	MOS
Gm30190	
Plag1	PLAG1
Gm34632	
Arhgef4	
Tmc5	TMC5
Gm29394	
Gm22299	
Grsf1	GRSF1
Zhx1	ZHX1
Ube2j1	UBE2J1
Col6a2	COL6A2
Mir6942	
Pgbd1	PGBD1
Atad2	ATAD2
Gm47184	
Gm52331	
Dcaf4	DCAF4
Dcaf4	DCAF4L2
Gm58479	
Gm50413	
Gm58480	
2210409D07Rik	
Gm58481	
Gm19500	
4930470G03Rik	
Zscan26	ZSCAN26
Gm58482	
Gm58483	
Gm41665	
Gm58484	
Bysl	BYSL
Gm50164	
Gm58485	
Gm58486	
Gm58487	
Gm41800	
Mir1896	
Cox5b-ps	COX5B
Or2w1b	OR2W1
Psmb6-ps	
Gata1	GATA1
Krtcap2	KRTCAP2
Or2w1	OR2W1
Btf3-ps8	
Gabrr2	GABRR2
Gm34572	
Mob1b	MOB1B
Or2ad1	
Gm58488	
Gm47806	
Gm58489	
Trim27	TRIM27
Gm58490	
Med20	MED20
Gm58491	
Gm52350	
Gm58492	
Gm58493	
Gm58494	
Gm58495	
Zfyve1	ZFYVE1
Atl3	ATL3
Glod5	GLOD5
Gm20517	
Dpm3	DPM3
Gm15682	
Usp49	USP49
Rpl22-ps1	
Gm14799	
Vmn2r-ps10	
Gm7079	
Vmn2r-ps11	
Timm17b	TIMM17B
Dck	DCK
Chchd7	CHCHD7
Gm26939	
Sh3glb1	SH3GLB1
Tpbpb	
Gm55845	
Dnajc13	DNAJC13
Gm42911	
Mkrn1-ps1	
Gm58498	
Caln1	CALN1
Gm26658	
Gm31439	
Ntaq1	NTAQ1
Gm58499	
Tomm6	TOMM6
Gm58500	
Gm58501	
Gm58502	
Gm58503	
Gm19784	
Gm36970	
4930474B08Rik	
Gm25895	RNU6-578P
Gm37224	
Samt1	
Gm37845	
Gm6722	
Gm55544	
Smim39	SMIM39
Gm38336	
Ctla2a	
Rbm25	RBM25
Plekha6	PLEKHA6
Gm21981	
Samt1b	
Tomm6os	
Gm58953	
Gm58504	
Prickle4	PRICKLE4
Gm41718	
Samt1c	
4930594M17Rik	
Samt1d	
Gm58505	
Gm58506	
Gm6620	
Gm58507	
Gm15147	
Gm5060	
Gm41790	
Gm8569	
Samt4	
Gm23475	
Gm22488	
Fbxo32	FBXO32
Gm58508	
Samt2	
Gm49980	
4921517O11Rik	
Gm58509	
Frs3	FRS3
Gm58510	
Gm43418	
Samt2b	
Gm55914	
Gm58511	
Gm42894	
Gm56495	
Tpbpa	
Galnt17	GALNT17
Gm4789	
Tesl1	TES
Gm55509	
Gm4732	
Gm36232	
Gm6382	
Gm58512	
Gm27239	
Gm15014	
Nxt2	NXT2
Klhl38	KLHL38
Gm35608	
Col6a1	COL6A1
Gm58513	
Gm58514	
Gm58515	
Gm41707	
Gm58516	
Gm58517	
Anxa13	ANXA13
Gm58518	
Gm2675	
Gm58519	
Gm41708	
Fam91a1	FAM91A1
Gm58520	
Gm58521	
Gm58522	
Gm58523	
Pgc	PGC
Gm31621	
Gm40975	
Gm40976	
Ctsj	
Gm58524	
Gm56501	
Gm58525	
Gm58526	
Gm52336	
Gm58527	
Gm58528	
Gm6277	
Gm58529	
4930471G03Rik	
Gm25973	
Trim15	TRIM15
Gm33674	
Mrpl48	MRPL48
Spmip5	SPMIP5
Gm42897	
Gm42896	
Gm43165	
Gm43166	
Gm42698	
Gm9925	
Gm43114	
Gm5865	
Ctsq	
Gm38373	
Gm55928	
Gm42625	
Gm58530	
Gm10051	
Gm31088	
Slc12a1	SLC12A1
Gm17979	
Ldb2	LDB2
Gm58531	
Gm58533	
Gm58534	
Gm58535	
Gm33703	
Gm50228	
Gm58536	
Gm26682	
Trim10	TRIM10
Gm48276	
Gabrr1	GABRR1
Gm5643	
Rhbdl3	RHBDL3
Pcbp3	PCBP3
Gm9419	
Kcne5	KCNE5
Gm54579	RN7SKP16
Gm17150	
Gm18064	
Vmn2r7	
Ctsr	
Hspa12a	HSPA12A
Acsl4	ACSL4
Gm58537	
Gm58538	
Gm58539	
Gm52348	
Gm58540	
Gm50064	
Atp6v1c1	ATP6V1C1
Gm50065	
Uba52rt	
Gm58541	
Gm58542	
Vmn2r-ps12	
Gm58543	
Pm20d2	PM20D2
Trim40	TRIM40
Gm58545	
Gm25222	
Gm58546	
Vmn2r-ps13	
Aspscr1	ASPSCR1
Kcnd3	KCND3
Gm29966	
Hmgb1-rs16	
Gm37563	
Sidt2	SIDT2
Cts6	
Gm58547	
Gm58548	
Gm44648	
Cox20b	
Gm50416	
Rab6a	RAB6A
Gm50415	
Rps10-ps3	
Gm11930	
Sdr16c5	SDR16C5
Trim31	TRIM31
Gm58549	
Gm31018	
Gm58550	
Gm31565	
Gm58551	
Gm29860	
Cts8	
Srsf12	SRSF12
Mir3086	
Eno4	ENO4
Rnf39	RNF39
Setd3	SETD3
Shtn1	SHTN1
Pnrc1	PNRC1
Gm45924	
Baalc	BAALC
Sdr16c6	
Gm49097	
Gm58552	
Gm31502	
Gm4740	
Gm49398	
Gm26704	
Fzd6	FZD6
Cts8-ps	
Gm31933	
Ppp1r11	PPP1R11
Map6d1	MAP6D1
Gm7902	
Gm31564	
Gm2404	
Gm43847	
Gm5664	
1700030N18Rik	
Parl	PARL
Slc50a1	SLC50A1
Gm42981	
8030487O14Rik	
Ptbp3	PTBP3
Gm58553	
Gm43506	
Gm43505	
Gm43508	
Gm37782	
Gm22330	
Gm3137	
Gm43504	
Gm11376	
Gm43503	
Gm23351	
Foxq1	FOXQ1
Slc19a1	SLC19A1
Gm3364	
Foxf2	FOXF2
Polr1h	POLR1H
E030026E10Rik	
Gm43509	
Gm54768	
Castor2	CASTOR2
Gm25186	RNU6-333P
Foxc1	FOXC1
Gm49786	
Gm50106	
Gm24789	
Gm58554	
Gm49105	
Gm56587	
Cthrc1	CTHRC1
Gm48883	
Gm30288	
Unc5a	UNC5A
Gm58555	
Gm50084	
Gm41730	
Gm58556	
Slc25a32	SLC25A32
Gm58557	
Gm58558	
Gm42519	
Asb10	ASB10
Gm58559	
Gm14382	
Gm58560	
Cuzd1	CUZD1
Gm58561	
Gm58562	
Gm41792	
Gm32058	
Ect2	ECT2
Gm55934	
Gm58563	
2410137M14Rik	
Gm16146	
Gm58564	
Fam24b	
Gm58565	
Gm58566	
Gm58567	
Iqca1l	IQCA1L
Firrm	FIRRM
Gkn3	
Gm58568	
Gm34806	
H2-M5	
Gm9276	
Vax1	VAX1
Fam24a	
Cyp2ab1	
Gm58569	
Krt86	
Gm54035	
Gm50432	
Gm58921	
Gm58570	
Gm31166	
Gm58571	
Gm58572	
Gm56497	
Gm35183	
Gm58573	
Gm41684	
Bmp10	BMP10
Cfl1	CFL1
Gm58574	
Ccnk	CCNK
Gm58575	
Gm41677	
Arhgap25	ARHGAP25
2310057M21Rik	C10orf88
Tle4	TLE4
Gm58576	
Gm58577	
Gm9926	
Zfp57	ZFP57
Gm49501	
Krt83	
Abcc5	ABCC5
Ccdc85c	CCDC85C
Hk3	HK3
Col18a1	COL18A1
Gm50414	
Gm58578	
Gm58579	
Gm58580	
Gm58581	
Hhipl1	HHIPL1
A830021F12Rik	
Pstk	PSTK
Gm49423	
Gm49424	
Gm58582	
Krt85	KRT85
Slc4a4	SLC4A4
Krt84	KRT84
Gm58583	
Gm58584	
Gm58585	
1700065O20Rik	
Sorcs1	SORCS1
Krt82	KRT82
Gm41704	
Cyp46a1	CYP46A1
Gm58586	
Gm58587	
Gm15956	
Gm4107	
Krt90	
Gm58588	
Gm58589	
Gm58590	
Gm44623	
Gm58591	
Ikzf5	IKZF5
Gm58592	
Gm30093	
Gm58593	
Gm55552	
Gm55553	
Gm58594	
Gm9614	
Gm58595	
Gm49222	
Gm58596	
Gm49231	
Gm49232	
4931439C15Rik	
Gm7962	
Ccdc152	CCDC152
Gm30188	
Eml1	EML1
Gm20614	
Gm54778	
Eif2b5	EIF2B5
Gm36644	
Tmprss6	TMPRSS6
Gm58597	
Gm58598	
Gm44624	
Gm41701	
Gm44625	
Acadsb	ACADSB
Gm41787	
Gm58599	
Gm58600	
Gm36338	
Gm30020	
Fam168b	FAM168B
Gm58601	
Gm58602	
Gm58603	
Gm30142	
Dut	DUT
1700001G01Rik	
Nrg1	
Gm22140	RNU6-1211P
Gm3985	
Gm45587	
Gm6877	
Cdh8	CDH8
Mog	MOG
Gm44198	
Slc6a11	SLC6A11
Tcf7l2	TCF7L2
Mir7087	
Acp3	ACP3
Gm16618	
Dvl3	DVL3
Gm6067	
Gm7123	
Gm14898	
Gm14899	
Gm14900	
Gm44982	
Gm6335	
Gm18600	
Gm44984	
Gm45105	
Hmx3	HMX3
Gm5393	
Gm14003	
Fbn1	FBN1
Tex16	
Hmx2	HMX2
Gm45194	
Gm55937	
Hrh1	HRH1
Gabbr1	GABBR1
Gm58604	
Tmsb15b2	
Gm30192	
Pou2f2	POU2F2
Ssxb14	SSX4
Ssxb14	SSX1
Ssxb14	SSX2
Ssxb14	SSX2B
Ssxb14	SSX5
Ssxb14	SSX7
Ssxb14	SSX3
Ssxb14	SSX4B
Gm58605	
Gm41691	
Gm41788	
B630019K06Rik	
Gm32958	
Mir183	MIR183
Rncr4	
Ube2h	UBE2H
Gm14504	
Gm5752	
Gm50446	
Gm58606	
Gm16479	
Gm35180	
Gm14510	
Fthl17b	
Gm14509	
Fthl17c	
Gm14457	
Fthl17d	
Gm50146	
Gm50145	
Gm9431	
Gm58607	
Gm58609	
Gm14865	
Fthl17e	
Gm30094	
Gm14503	
Fthl17-ps1	
Gm14864	
Ssxb10	SSX4
Ssxb10	SSX1
Ssxb10	SSX2
Ssxb10	SSX2B
Ssxb10	SSX5
Ssxb10	SSX7
Ssxb10	SSX3
Ssxb10	SSX4B
Gm58610	
Gm31087	
Gm58611	
Gm50149	
Ssxb1	SSX4
Ssxb1	SSX1
Ssxb1	SSX2
Ssxb1	SSX2B
Ssxb1	SSX5
Ssxb1	SSX7
Ssxb1	SSX3
Ssxb1	SSX4B
Gm41667	
Gm58612	
Gm58613	
Ap2m1	AP2M1
Gm58614	
Lamb3	LAMB3
Gm58615	
Gm58616	
Gm50417	
Gm50410	
Gm55826	
Ssxb6	SSX4
Ssxb6	SSX1
Ssxb6	SSX2
Ssxb6	SSX2B
Ssxb6	SSX5
Ssxb6	SSX7
Ssxb6	SSX3
Ssxb6	SSX4B
Zc3hc1	ZC3HC1
Ssxb3	SSX4
Ssxb3	SSX1
Ssxb3	SSX2
Ssxb3	SSX2B
Ssxb3	SSX5
Ssxb3	SSX7
Ssxb3	SSX3
Ssxb3	SSX4B
Gm58618	
Gm58619	
Gm28996	
Gm58620	
Mir2136	
Gm25904	
Gm58621	
Pafah1b2	PAFAH1B2
Gm58622	
Gm58623	
Gm58624	
Gm41793	
Gm58625	
Gm50351	
Gm14500	
Gm6797	
Gm58626	
Gm6798	
4930465K10Rik	
Gm9430	
Ssxb8	SSX4
Ssxb8	SSX1
Ssxb8	SSX2
Ssxb8	SSX2B
Ssxb8	SSX5
Ssxb8	SSX7
Ssxb8	SSX3
Ssxb8	SSX4B
Gm58627	
Gm58628	
Gm3734	
Gm45297	
Ssxb13	SSX4
Ssxb13	SSX1
Ssxb13	SSX2
Ssxb13	SSX2B
Ssxb13	SSX5
Ssxb13	SSX7
Ssxb13	SSX3
Ssxb13	SSX4B
Gm24693	
Gm15681	
Gm15680	
Gm8688	
Gm19232	
Ssxb9	SSX4
Ssxb9	SSX1
Ssxb9	SSX2
Ssxb9	SSX2B
Ssxb9	SSX5
Ssxb9	SSX7
Ssxb9	SSX3
Ssxb9	SSX4B
Impdh2-ps	
Gm58629	
Gm49974	
Gm5742	
Gm45296	
Gm5361	
Gm58630	
Gm22223	
Gm58631	
Gm55847	
Gm45422	
Cdh11	CDH11
Ssxb2	SSX4
Ssxb2	SSX1
Ssxb2	SSX2
Ssxb2	SSX2B
Ssxb2	SSX5
Ssxb2	SSX7
Ssxb2	SSX3
Ssxb2	SSX4B
Il2rb	IL2RB
Gm9913	
Penk	PENK
Cep152	CEP152
A830012C17Rik	
Gm45257	
Ssxb15	SSX4
Ssxb15	SSX1
Ssxb15	SSX2
Ssxb15	SSX2B
Ssxb15	SSX5
Ssxb15	SSX7
Ssxb15	SSX3
Ssxb15	SSX4B
9430099M06Rik	
Gm26436	
Bpnt2	BPNT2
Wrn	WRN
Gm58632	
Uimc1	UIMC1
Ssxb5	SSX4
Ssxb5	SSX1
Ssxb5	SSX2
Ssxb5	SSX2B
Ssxb5	SSX5
Ssxb5	SSX7
Ssxb5	SSX3
Ssxb5	SSX4B
Gm15328	
Ssxb16	SSX4
Ssxb16	SSX1
Ssxb16	SSX2
Ssxb16	SSX2B
Ssxb16	SSX5
Ssxb16	SSX7
Ssxb16	SSX3
Ssxb16	SSX4B
Gm38559	
Cpne4	CPNE4
Gm15216	
Gm58633	
Mospd2	MOSPD2
Gm58634	
4930455D15Rik	
Gm58636	
Rngtt	RNGTT
Gm58637	
Gm58638	
Gm31086	
Or2h2	OR2H1
Gm37127	
Gm58639	
Fam83d	FAM83D
Plekhb2	PLEKHB2
Gm58640	
Gm58641	
Or2h1	OR2H1
4930426D05Rik	
Or2h2c	OR2H1
Sstr3	SSTR3
Gm4831	
Gm19807	
Or2h1b	OR2H1
Shc4	SHC4
Gm58642	
Gm41757	
Rac2	RAC2
Vhl-ps1	
Gm58643	
Ubd	UBD
Gm41744	
Or2i1	OR2I1
Abcf3	ABCF3
1700034B16Rik	
Or10c1	OR10C1
Gm55829	
Gm36651	
Gm41717	
Atg7	ATG7
Gm58644	
Or11a4	OR11A1
Gm25152	
Gata6os	
Clca3a1	
Or1o2	
Kctd17	KCTD17
Gm7043	
T	TBXT
Gm11779	
Gm11781	
Gm12529	
Mir8118	
Gm11935	
Gm15636	
Gm56177	
Gm24341	
Cep170b	CEP170B
Eid1	EID1
Fam110b	FAM110B
Acbd5	ACBD5
Gm19430	
Gm37670	
Gm8009	
Gm38027	
Gm25096	
Gm25634	
Gm28415	
Hsd11b1	HSD11B1
Gm37639	
Gm38220	
Gm49916	
Gm55859	
Gm18738	
Mrpl3	MRPL3
Gm55941	
Gm4707	
Gm17814	
Decr2	DECR2
Gm7775	
Pofut2	POFUT2
Gm17743	
Efna1	EFNA1
Cnr1	CNR1
4930592I03Rik	
Gm41699	
Hsdl2	HSDL2
Gm58645	
Gm35778	
Gm58646	
Gm58647	
Fancb	FANCB
Gm58648	
Gm50397	
Gm41715	
Gm58649	
Gm32291	
Gm22642	
Nceh1	NCEH1
Rbfaos	
Gm58650	
Gm58651	
Gm58652	
Gm58653	
Gm58654	
Gm6344	
Gm58655	
Gm58657	
Gm58659	
Zfp346	ZNF346
Mir133a-1hg	
Gm41798	
Gm56179	
Gm55848	
Gm24337	
Gm45258	
Gm11796	
Gm8730	
Gm11797	
Gm38118	
Gm58660	
Gm28020	
Spaca1	SPACA1
Gm49459	
Gm8022	
Purg	PURG
Gm58661	
Gm49460	
Gm37146	
Gm26672	
Pou5f1-rs13	
Gm3150	
G0s2	G0S2
Ammecr1	AMMECR1
Gm37191	
Chrac1	CHRAC1
Adarb1	ADARB1
Gm43345	
Efna3	EFNA3
Gm8748	
Gm17178	
Gm29682	
Gm36563	
Gm37691	
Gm29994	
Gm38049	
Cenpx	
Tex15	TEX15
Hs6st1	HS6ST1
Gm38410	
1700120E14Rik	
Gm37335	
Trappc9	TRAPPC9
Gm55106	
Camk1g	CAMK1G
Rtl9	RTL9
Gm41728	
Nme4	NME4
4933401L05Rik	
Gm4760	
Gm38077	
Clca3a2	
Gm47106	
Araf	ARAF
Gm41680	
Gm47103	
Gm58673	
Smarcc1	SMARCC1
Gm58675	
Gm32022	
Gm58677	
E130308A19Rik	KIAA1958
Cdh5	CDH5
Gm41720	
Gm58678	
Gm58679	
Gm58680	
9330117O12Rik	
Gm58681	
Gm58682	
Gm58683	
Gm58684	
Gm3838	
Bnip3l-ps	
Gm43240	
Gm58964	
Gm6802	
Gm49744	
Efna4	EFNA4
Gm58966	
Gm49745	
Gm58685	
Gm11798	
Gm47647	
Cyp7a1	CYP7A1
Gm58969	
Gm49746	
Gm20164	
Gm7745	
Vwa5b2	VWA5B2
Lrrc45	LRRC45
Gm47860	
Gm8186	
Gm58971	
Gm3086	
Pgap6	PGAP6
Gm45663	
Ppp2cb	PPP2CB
Gm36598	
4731419I09Rik	
Gm4263	
2700046A07Rik	
Tnfsf10	TNFSF10
Gm58977	
Gm18939	
Gm58979	
Gm45925	
Gm58981	
BC106175	
Gm4804	
Ubxn8	UBXN8
Inip	INIP
Gm2099	
Gm37942	
Gm38022	
Gm58982	
Sertad4b	
Gm38322	
Mir205	MIR205
Gm21362	
Cbll1	CBLL1
Gm58686	
F5	F5
Gm19519	
Bean1	BEAN1
Gm46415	
Gm58687	
Fgfr4	FGFR4
9130209A04Rik	
Snx30	SNX30
Clca3b	
Rac3	RAC3
Gm35751	
Gm58688	
Gm58689	
Gm58690	
Gm58691	
Gm5095	
Gm58692	
Gm58693	
Gm58694	
Gm9456	
Gm46624	
Gm16215	
Epb41l4aos	
Ghsr	GHSR
Clca4b	CLCA4
Abcf2	ABCF2
Gm16588	
Slc19a2	SLC19A2
Gm12543	
Gm25623	
Gm12753	
Gm12751	
Slc46a2	SLC46A2
Dcxr	DCXR
Nsd1	NSD1
Gm12752	
Gm56181	Y_RNA
Mup4	
Kcnab1	KCNAB1
Gm52344	
Gm58695	
9630014M24Rik	
Gsr	GSR
Chpf2	CHPF2
Gm12351	
Gm12350	
Gm58696	
Gm58697	
Mup6	
Gm34233	
Gm58698	
Uggt1	UGGT1
Gm58699	
Map4k5	MAP4K5
Gm58700	
Gm58701	
Gm58702	
Gm58703	
Gm50423	
Gm58704	
Gm58705	
Gm58706	
Mrpl28	MRPL28
Gm31646	
Gc	GC
Gm58707	
Gm58708	
Akirin2	AKIRIN2
Gm31819	
Cbr2	
9030625G05Rik	
Gm58709	
Gm41796	
Gm58710	
1700061H18Rik	
Gm58711	
Gm31647	
4930448D08Rik	
Mup7	
Gm46617	
Gm49983	
Pdia2	PDIA2
Gm58712	
Gm58713	
Gm58714	
Gm6366	
Gm43515	
Gm31671	
Npffr2	NPFFR2
Gm26065	
Smarcd3	SMARCD3
Gm55484	
Gm15028	
Syn1	SYN1
Sdcbp	SDCBP
Gm58715	
Gm24727	
Hmga1b	HMGA1
Gm58716	
Pard3	PARD3
Gm58717	
Gm58718	
Myh10	MYH10
Gm58720	
Gm31147	
Gm58721	
Gm47816	
Gm58722	
Arhgdig	ARHGDIG
Rab24	RAB24
Gm46633	
Gm52329	
Gm49748	
Gm47272	
Mir1224	MIR1224
Alg3	ALG3
Gm58723	
Gm33675	
Gm38695	
Gm58724	
Gm58725	
Gm58726	
Gm58727	
Slx9	SLX9
Gm3587	
Rgs11	RGS11
Mir5617	
Timp1	TIMP1
Prelid1	PRELID1
Clca4a	CLCA4
Itgb2	ITGB2
Mir671	MIR671
Adamts3	ADAMTS3
Mxd3	MXD3
Gm15029	
Cfp	CFP
Gm58728	
Gm41690	
Gm58729	
Gm56505	
Gm46614	
Peg13	
Gm58730	
Gm58731	
Hoxc13	HOXC13
Gm30454	
Gm58732	
Gm50265	
Hoxc12	HOXC12
A330084C13Rik	
Prl5a1	PRL
Gm55341	
Gm58733	
Gm55342	
Gm55343	
Gm56499	
Gm55344	
Gm58734	
Hoxc11	HOXC11
Gm58735	
Plxna2	PLXNA2
Elk1	ELK1
BC051408	
Fndc3b	FNDC3B
Gm52341	
Hoxc10	HOXC10
Rps18-ps5	
Gm41745	
Gm47172	
4930445N18Rik	
Gm48090	
Gm48070	
Rps18-ps6	
Hoxc5	HOXC5
Gm47577	
Eif1-ps2	
Uxt	UXT
Spata31	SPATA31C1
Spata31	SPATA31A5
Spata31	SPATA31A3
Spata31	SPATA31A7
Spata31	SPATA31A6
Spata31	SPATA31C2
Spata31	SPATA31E1
Spata31	SPATA31A1
Gm58736	
Gm58737	
Gm58738	
Gm50048	
Mir196a-2	MIR196A2
Hoxc9	HOXC9
Gm58739	
Gm58741	
Gm58742	
Gm41734	
Gm4811	
Gm58743	
Gm6888	
Gm58744	
Gm58745	
Gm38565	
Spata31d1c	
Hoxc8	HOXC8
Gm58746	
Gm58747	
Gm54020	
Prss47	
Hoxc6	HOXC6
Gm58748	
Gm58749	
Gm41747	
Gm58750	
Mfsd14b	MFSD14B
Gm58751	
Gm58752	
Pttg1ip	PTTG1IP
Gm58753	
Gm58754	
Gm58755	
Mir615	
Gm6610	
Fam234a	FAM234A
Gm41772	
4930477J04Rik	
Gm29126	
Ly6e	LY6E
Gm55953	
Gm25758	
Eif5al3-ps	
Nub1	NUB1
Gm58756	
Zfp182	ZNF182
Gm50163	
Gm58757	
Gm58758	
Gm58759	
Gm58760	
Gm49975	
Gm58761	
Gm58762	
Gm58763	
4930545E07Rik	
4930447C04Rik	C14orf39
Gm58764	
Gm58765	
Gm41659	
Gm35066	
Gm43344	
Gm3785	
Gm58766	
Spaca5	SPACA5B
Spaca5	SPACA5
Sumo3	SUMO3
Mir3092	
Tmem212	TMEM212
Gm58767	
Or14p1	
Gm49976	
Or9s18	OR9H1
Gm35031	
Gm24130	
Zfp300	
Nlrp4f	NLRP4
Gm2629	
Gm26040	
Ssr3	SSR3
Gm1848	
Agtr2	AGTR2
Ccdc181	CCDC181
Wdr86	WDR86
Gm41672	
Gm58768	
Gm22592	
Gm9439	
Gm58769	
Gpkow	GPKOW
Gm41753	
Gm58770	
Gm58771	
Mir6897	
Gm37783	
Gm58772	
Gm37674	
Gm58773	
Gm38036	
Gm58774	
Gm58775	
2900035J10Rik	
Gm58776	
Neurl3	NEURL3
Gm56494	
Gm58777	
Gm58778	
Crygn	CRYGN
Gm58779	
Clca1	CLCA1
Gm58780	
Gm58781	
Gm58782	
Gm58783	
Gm56507	
Gm56488	
Gm26717	
Gm19777	
Mastl	MASTL
Gm58785	
Mir3962	
Gm58786	
Gm55992	RN7SKP53
Blzf1	BLZF1
Cox18	COX18
Gm58787	
Ly6i	LY6S
Eef1akmt4	EEF1AKMT4
Gm58789	
Gm35718	
Gm50356	
Sel1l	SEL1L
Mup2	
Gm37042	
Gm23377	
Ly6a	LY6S
Gm5540	
Sik3	SIK3
Gm34780	
Gm37009	
Gm22279	RNU6-538P
Gm22279	RNU6-316P
Gm22279	U6
Gm22279	RNU6-714P
Gm22279	RNU6-1193P
Gm22279	RNU6-1320P
Gm22279	RNU6-55P
Gm22279	RNU6-821P
Gm22279	RNU6-954P
Gm22279	RNU6-1269P
Gm22279	RNU6-798P
Gm22279	RNU6-599P
Gm22279	RNU6-368P
Tiparp	TIPARP
Eef1ece2	
Gm47249	
Gm47250	
Gm47251	
Gm10775	
Gm41686	
Gm47254	
Gm56590	
Gm58790	
Zfp369	ZNF274
Gm54034	
Wdr45	WDR45
Gm19040	
Gm49325	
Gm58792	
Gm54022	
Gm53039	
Gm44332	
Gm58793	
2010320O07Rik	
Gm5847	
Gm44331	
Ube2g2	UBE2G2
Gm38233	
Mir8120	
Klhdc10	KLHDC10
Gm31237	
Lekr1	LEKR1
Yme1l1	YME1L1
Gm58794	
Gm58795	
Gm58796	
A330093E20Rik	
Gm28069	
Ly6c1	LY6S
Rheb	RHEB
Gm37689	
Mup8	
Gm58797	
Gm58798	
Gm47258	
Gm46637	
Gm3800	
Gm47263	
Mup-ps3	
Gm47264	
Gm58799	
Gm48250	
Orc3	ORC3
Gm58800	
Gm52349	
Gm22960	RNU6-88P
Gm22960	RNU6-1106P
Gm48325	
Gm54594	
Gm5790	
Lncbate10	
Nhlrc1	NHLRC1
Gm23123	
Gm37776	
Gm3946	
Clca2	CLCA2
Gm20026	
Gm41725	
Gm50007	
Tpmt	TPMT
Luc7l	LUC7L
Mir1930	
Gm48160	
Tspear	TSPEAR
Gm58801	
Gm58802	
Gm29677	
Gm55956	RN7SKP26
Gm30700	
Lcorl	LCORL
Lrrfip1	LRRFIP1
Gm13423	
Dhx35	DHX35
Krtap10-33	KRTAP10-9
Krtap10-33	KRTAP10-6
Krtap10-33	KRTAP12-1
Krtap10-33	KRTAP12-2
Krtap10-33	KRTAP12-3
Krtap10-33	KRTAP9-1
Krtap10-33	KRTAP10-4
Krtap10-33	KRTAP10-11
Krtap10-33	KRTAP4-5
Kcnk4	KCNK4
Gm58803	
Krtap10-28	KRTAP10-9
Krtap10-28	KRTAP10-6
Krtap10-28	KRTAP12-1
Krtap10-28	KRTAP12-2
Krtap10-28	KRTAP12-3
Krtap10-28	KRTAP9-1
Krtap10-28	KRTAP10-4
Krtap10-28	KRTAP10-11
Krtap10-28	KRTAP4-5
Krtap12-23	KRTAP10-9
Krtap12-23	KRTAP10-6
Krtap12-23	KRTAP10-4
Krtap12-23	KRTAP10-11
Krtap12-23	KRTAP4-5
Gm58804	
Krtap12-22	KRTAP10-9
Krtap12-22	KRTAP10-6
Krtap12-22	KRTAP10-4
Krtap12-22	KRTAP10-11
Krtap12-22	KRTAP4-5
Mir6537	
Dedd2	DEDD2
Krtap12-21	KRTAP10-9
Krtap12-21	KRTAP10-6
Krtap12-21	KRTAP10-4
Krtap12-21	KRTAP10-11
Krtap12-21	KRTAP4-5
Gm58805	
Gm30641	
Gm48179	
Krtap12-1	KRTAP10-9
Krtap12-1	KRTAP10-6
Krtap12-1	KRTAP10-4
Krtap12-1	KRTAP10-11
Krtap12-1	KRTAP4-5
Gm5960	
Krtap12-20	KRTAP10-9
Krtap12-20	KRTAP10-6
Krtap12-20	KRTAP10-4
Krtap12-20	KRTAP10-11
Krtap12-20	KRTAP4-5
Gm58806	
Gm38144	
Gm58807	
Krtap12-24	
5730424H11Rik	
Gm58808	
Gm10384	
Krtap10-32	KRTAP10-9
Krtap10-32	KRTAP10-6
Krtap10-32	KRTAP12-1
Krtap10-32	KRTAP12-2
Krtap10-32	KRTAP12-3
Krtap10-32	KRTAP9-1
Krtap10-32	KRTAP10-4
Krtap10-32	KRTAP10-11
Krtap10-32	KRTAP4-5
Gm58809	
Gm50227	
Gm48178	
Gm56739	
Gm33732	
Gm56743	
Mir7048	
4933430L12Rik	
Krtap10-30	KRTAP10-9
Krtap10-30	KRTAP10-6
Krtap10-30	KRTAP12-1
Krtap10-30	KRTAP12-2
Krtap10-30	KRTAP12-3
Krtap10-30	KRTAP9-1
Krtap10-30	KRTAP10-4
Krtap10-30	KRTAP10-11
Krtap10-30	KRTAP4-5
Gm54399	
Gm27825	
Zfp526	ZNF526
Tdg-ps	
Krtap10-21	KRTAP10-9
Krtap10-21	KRTAP10-6
Krtap10-21	KRTAP12-1
Krtap10-21	KRTAP12-2
Krtap10-21	KRTAP12-3
Krtap10-21	KRTAP9-1
Krtap10-21	KRTAP10-4
Krtap10-21	KRTAP10-11
Krtap10-21	KRTAP4-5
Gm46525	
Gm46524	
Krtap10-22	KRTAP10-9
Krtap10-22	KRTAP10-6
Krtap10-22	KRTAP12-1
Krtap10-22	KRTAP12-2
Krtap10-22	KRTAP12-3
Krtap10-22	KRTAP9-1
Krtap10-22	KRTAP10-4
Krtap10-22	KRTAP10-11
Krtap10-22	KRTAP4-5
Gm54400	
Cyp2d12	CYP2D6
1700127G19Rik	
Gm58810	
Krtap10-26	KRTAP10-9
Krtap10-26	KRTAP10-6
Krtap10-26	KRTAP12-1
Krtap10-26	KRTAP12-2
Krtap10-26	KRTAP12-3
Krtap10-26	KRTAP9-1
Krtap10-26	KRTAP10-4
Krtap10-26	KRTAP10-11
Krtap10-26	KRTAP4-5
Gm34269	
Bub3	BUB3
Gm58811	
Gm10556	
Krtap10-23	KRTAP10-9
Krtap10-23	KRTAP10-6
Krtap10-23	KRTAP12-1
Krtap10-23	KRTAP12-2
Krtap10-23	KRTAP12-3
Krtap10-23	KRTAP9-1
Krtap10-23	KRTAP10-4
Krtap10-23	KRTAP10-11
Krtap10-23	KRTAP4-5
Pax2	PAX2
Krtap10-25	KRTAP10-9
Krtap10-25	KRTAP10-6
Krtap10-25	KRTAP12-1
Krtap10-25	KRTAP12-2
Krtap10-25	KRTAP12-3
Krtap10-25	KRTAP9-1
Krtap10-25	KRTAP10-4
Krtap10-25	KRTAP10-11
Krtap10-25	KRTAP4-5
Krtap10-29	KRTAP10-9
Krtap10-29	KRTAP10-6
Krtap10-29	KRTAP12-1
Krtap10-29	KRTAP12-2
Krtap10-29	KRTAP12-3
Krtap10-29	KRTAP9-1
Krtap10-29	KRTAP10-4
Krtap10-29	KRTAP10-11
Krtap10-29	KRTAP4-5
Gm58812	
Krtap10-34	KRTAP10-9
Krtap10-34	KRTAP10-6
Krtap10-34	KRTAP12-1
Krtap10-34	KRTAP12-2
Krtap10-34	KRTAP12-3
Krtap10-34	KRTAP9-1
Krtap10-34	KRTAP10-4
Krtap10-34	KRTAP10-11
Krtap10-34	KRTAP4-5
Gm52988	
Krtap10-27	KRTAP10-9
Krtap10-27	KRTAP10-6
Krtap10-27	KRTAP12-1
Krtap10-27	KRTAP12-2
Krtap10-27	KRTAP12-3
Krtap10-27	KRTAP9-1
Krtap10-27	KRTAP10-4
Krtap10-27	KRTAP10-11
Krtap10-27	KRTAP4-5
Krtap10-4	KRTAP10-9
Krtap10-4	KRTAP10-6
Krtap10-4	KRTAP12-1
Krtap10-4	KRTAP12-2
Krtap10-4	KRTAP12-3
Krtap10-4	KRTAP9-1
Krtap10-4	KRTAP10-4
Krtap10-4	KRTAP10-11
Krtap10-4	KRTAP4-5
Gm25755	RNU6-1285P
Gm37131	
Krtap10-10	KRTAP10-9
Krtap10-10	KRTAP10-6
Krtap10-10	KRTAP12-1
Krtap10-10	KRTAP12-2
Krtap10-10	KRTAP12-3
Krtap10-10	KRTAP9-1
Krtap10-10	KRTAP10-4
Krtap10-10	KRTAP10-11
Krtap10-10	KRTAP4-5
Gm37037	
Krtap10-35	KRTAP10-9
Krtap10-35	KRTAP10-6
Krtap10-35	KRTAP12-1
Krtap10-35	KRTAP12-2
Krtap10-35	KRTAP12-3
Krtap10-35	KRTAP9-1
Krtap10-35	KRTAP10-4
Krtap10-35	KRTAP10-11
Krtap10-35	KRTAP4-5
Ccnl1	CCNL1
Krtap10-24	KRTAP10-9
Krtap10-24	KRTAP10-6
Krtap10-24	KRTAP12-1
Krtap10-24	KRTAP12-2
Krtap10-24	KRTAP12-3
Krtap10-24	KRTAP9-1
Krtap10-24	KRTAP10-4
Krtap10-24	KRTAP10-11
Krtap10-24	KRTAP4-5
Lrrc3	LRRC3
Trpm2	TRPM2
Gm20395	
Kcnv2	KCNV2
Gm18807	
1700003O11Rik	
Kdm1b	KDM1B
Gm58813	
4933434P08Rik	
Gm50113	
Gm54412	
Cyp2d33-ps	
Pum3	PUM3
Gm49429	
Cyp2d34-ps	
Gm54413	
Gm50013	
Cyp2d34	CYP2D6
Gm16580	
Gm16477	
Hba-ps4	
Gm4585	
Gm58814	
Gm44547	
Gm44546	
1700095A13Rik	
Gm33146	
Gpr26	GPR26
Rhag	RHAG
Cyp2d13	CYP2D6
Gm50361	
Ush1c	USH1C
Gm58815	
Gm58816	
Gm54414	
Gm58817	
Cyp2d35-ps	
Gm4230	
Gm52334	
Gm50370	
Cyp2d36-ps	
4833419F23Rik	
Cyp2d39-ps	
Rfng	RFNG
Gm49433	
Cyp2d40	CYP2D6
Gm20574	
Camk2n2	CAMK2N2
9130008F23Rik	C6orf141
Ece2	ECE2
Cyp2d41-ps	
Glyatl3	GLYATL3
Apoa1	APOA1
Vgll4	VGLL4
Zfp207	ZNF207
Gm55957	RNU1-61P
Gm56251	
Cenpq	CENPQ
Ankrd68	
Gm54421	
Cyp2d26	CYP2D6
Cspg5	CSPG5
Dek	DEK
Gm25090	
Gm13422	
Gm14219	
Gm11445	
Gm49435	
Gm11446	
Nxph2	NXPH2
Gm7086	
Gm58818	
Daxx	DAXX
Gm58819	
Gm38309	
Gm14220	
Gm826	
A930012L18Rik	
1700065I16Rik	
Ighv5-2	
Gsdmcl1	
Gm58820	
Gm4248	
Ighv5-9-1	
Gsdmcl2	
Gm58821	
Gm35106	
Gm50086	
Mafb	MAFB
Gm37078	
Gsdmcl-ps	
Gm56253	
Gm19024	
Ighv5-15	
Gm41663	
Spopl	SPOPL
4930449I04Rik	
Gm58822	
Gm58823	
Gm43093	
Gm6546	
Ighv7-2	IGHV3-49
Ighv7-2	IGHV3-15
Ighv7-2	IGHV3-73
Ighv7-2	IGHV3OR15-7
Ighv7-2	IGHV3-72
Gm43092	
Gm34804	
Tamm41	TAMM41
Gm43601	
Veph1	VEPH1
Apol10c-ps	
Gm17824	
Ighv7-4	IGHV3-49
Ighv7-4	IGHV3-15
Ighv7-4	IGHV3-73
Ighv7-4	IGHV3OR15-7
Ighv7-4	IGHV3-72
Gm5477	
Gm3010	
Ly6a2	
Gm43427	
Gm58824	
Ighv3-6	
Gm41733	
Sirt4	SIRT4
Gm31265	
Ighv15-2	IGHV1-45
Ighv15-2	IGHV1-3
Ighv15-2	IGHV1-69
Ighv15-2	
Ighv15-2	IGHV1-2
Ighv15-2	IGHV1-46
Ighv15-2	IGHV1-69-2
Ighv15-2	IGHV1OR15-1
Ighv15-2	IGHV1OR15-9
Ighv15-2	IGHV1-69D
Ighv15-2	IGHV1-58
Ighv15-2	IGHV1OR21-1
Ighv15-2	IGHV1-18
Ighv15-2	IGHV1-24
Cyp2d37-ps	
Ighv1-9	IGHV1-45
Ighv1-9	IGHV1-3
Ighv1-9	IGHV1-69
Ighv1-9	
Ighv1-9	IGHV1-2
Ighv1-9	IGHV1-46
Ighv1-9	IGHV1-69-2
Ighv1-9	IGHV1OR15-1
Ighv1-9	IGHV1OR15-9
Ighv1-9	IGHV1-69D
Ighv1-9	IGHV1-58
Ighv1-9	IGHV1OR21-1
Ighv1-9	IGHV1-18
Ighv1-9	IGHV1-24
Ighv1-18	IGHV1-45
Ighv1-18	IGHV1-3
Ighv1-18	IGHV1-69
Ighv1-18	
Ighv1-18	IGHV1-2
Ighv1-18	IGHV1-46
Ighv1-18	IGHV1-69-2
Ighv1-18	IGHV1OR15-1
Ighv1-18	IGHV1OR15-9
Ighv1-18	IGHV1-69D
Ighv1-18	IGHV1-58
Ighv1-18	IGHV1OR21-1
Ighv1-18	IGHV1-18
Ighv1-18	IGHV1-24
Gm58825	
Gm58826	
Gm58827	
Gm58828	
Cyp2d38-ps	
Gm4013	
Nsmaf	NSMAF
Gm7489	
Gm43622	
Gm26933	
Ighv1-19	IGHV1-45
Ighv1-19	IGHV1-3
Ighv1-19	IGHV1-69
Ighv1-19	
Ighv1-19	IGHV1-2
Ighv1-19	IGHV1-46
Ighv1-19	IGHV1-69-2
Ighv1-19	IGHV1OR15-1
Ighv1-19	IGHV1OR15-9
Ighv1-19	IGHV1-69D
Ighv1-19	IGHV1-58
Ighv1-19	IGHV1OR21-1
Ighv1-19	IGHV1-18
Ighv1-19	IGHV1-24
Apoc3	APOC3
Gm58830	
Gm41724	
Ighv1-20	IGHV1-45
Ighv1-20	IGHV1-3
Ighv1-20	IGHV1-69
Ighv1-20	
Ighv1-20	IGHV1-2
Ighv1-20	IGHV1-46
Ighv1-20	IGHV1-69-2
Ighv1-20	IGHV1OR15-1
Ighv1-20	IGHV1OR15-9
Ighv1-20	IGHV1-69D
Ighv1-20	IGHV1-58
Ighv1-20	IGHV1OR21-1
Ighv1-20	IGHV1-18
Ighv1-20	IGHV1-24
C1qtnf6	C1QTNF6
Gm24265	
Ighv1-36	IGHV1-45
Ighv1-36	IGHV1-3
Ighv1-36	IGHV1-69
Ighv1-36	
Ighv1-36	IGHV1-2
Ighv1-36	IGHV1-46
Ighv1-36	IGHV1-69-2
Ighv1-36	IGHV1OR15-1
Ighv1-36	IGHV1OR15-9
Ighv1-36	IGHV1-69D
Ighv1-36	IGHV1-58
Ighv1-36	IGHV1OR21-1
Ighv1-36	IGHV1-18
Ighv1-36	IGHV1-24
Gm24407	
Prkag2	PRKAG2
Gm41666	
Ighv1-37	IGHV1-45
Ighv1-37	IGHV1-3
Ighv1-37	IGHV1-69
Ighv1-37	
Ighv1-37	IGHV1-2
Ighv1-37	IGHV1-46
Ighv1-37	IGHV1-69-2
Ighv1-37	IGHV1OR15-1
Ighv1-37	IGHV1OR15-9
Ighv1-37	IGHV1-69D
Ighv1-37	IGHV1-58
Ighv1-37	IGHV1OR21-1
Ighv1-37	IGHV1-18
Ighv1-37	IGHV1-24
Gm58831	
Pparg	PPARG
Ighv1-52	IGHV1-45
Ighv1-52	IGHV1-3
Ighv1-52	IGHV1-69
Ighv1-52	
Ighv1-52	IGHV1-2
Ighv1-52	IGHV1-46
Ighv1-52	IGHV1-69-2
Ighv1-52	IGHV1OR15-1
Ighv1-52	IGHV1OR15-9
Ighv1-52	IGHV1-69D
Ighv1-52	IGHV1-58
Ighv1-52	IGHV1OR21-1
Ighv1-52	IGHV1-18
Ighv1-52	IGHV1-24
Gm58832	
Gm58833	
Gm30889	
Gm58835	
Selenop	SELENOP
Gm15337	
Ighv1-59	IGHV1-45
Ighv1-59	IGHV1-3
Ighv1-59	IGHV1-69
Ighv1-59	
Ighv1-59	IGHV1-2
Ighv1-59	IGHV1-46
Ighv1-59	IGHV1-69-2
Ighv1-59	IGHV1OR15-1
Ighv1-59	IGHV1OR15-9
Ighv1-59	IGHV1-69D
Ighv1-59	IGHV1-58
Ighv1-59	IGHV1OR21-1
Ighv1-59	IGHV1-18
Ighv1-59	IGHV1-24
Gm48581	
Gm54446	RNU1-64P
Tmem170b	TMEM170B
Gm35720	
Ighv1-69	IGHV1-45
Ighv1-69	IGHV1-3
Ighv1-69	IGHV1-69
Ighv1-69	
Ighv1-69	IGHV1-2
Ighv1-69	IGHV1-46
Ighv1-69	IGHV1-69-2
Ighv1-69	IGHV1OR15-1
Ighv1-69	IGHV1OR15-9
Ighv1-69	IGHV1-69D
Ighv1-69	IGHV1-58
Ighv1-69	IGHV1OR21-1
Ighv1-69	IGHV1-18
Ighv1-69	IGHV1-24
Gm58836	
Gm58837	
Gm58838	
Gm47528	
Gm5082	
Apoa4	APOA4
Ighv8-12	IGHV2-70D
Ighv8-12	IGHV2-70
Ighv8-12	IGHV2-5
Ighv8-12	IGHV2OR16-5
Ighv8-12	IGHV2-26
Gm58839	
Gm58840	
Gm58841	
Gm58842	
Ighv1-74	IGHV1-45
Ighv1-74	IGHV1-3
Ighv1-74	IGHV1-69
Ighv1-74	
Ighv1-74	IGHV1-2
Ighv1-74	IGHV1-46
Ighv1-74	IGHV1-69-2
Ighv1-74	IGHV1OR15-1
Ighv1-74	IGHV1OR15-9
Ighv1-74	IGHV1-69D
Ighv1-74	IGHV1-58
Ighv1-74	IGHV1OR21-1
Ighv1-74	IGHV1-18
Ighv1-74	IGHV1-24
Gm37822	
Gm4402	
Gm26442	RNU1-133P
Adtrp	ADTRP
Gm36973	
Gm31437	
Gm58843	
Tpi-rs2	
Gm58844	
Gm49382	
Gm58845	
Nek11	NEK11
Gm37330	
Gm49692	
Chia1	CHIA
Gm48668	
Gm30961	
Gm49690	
Gm22394	
Gm49929	
Gm22871	
Mrto4-ps1	
Top1	TOP1
Cfap410	CFAP410
Rps15a-ps2	
Tapbp	TAPBP
Gm49698	
Gm48669	
Gm6788	
Gm4012	
Gm26942	
Slc1a1	SLC1A1
Gm48688	
Gm49699	
Senp1	SENP1
Gm46630	
Gm58846	
Gm28503	
1700030C10Rik	
Gm58847	
Gm58848	
3110053B16Rik	
Gm56493	
C330008A17Rik	
Zfp125	
Asap2	ASAP2
Gm58849	
Gm58850	
Gm36416	
Gm52356	
Gm58851	
Gm58852	
Gm58853	
Gm15972	
Gm13331	
Sh3d2c-ps1	
Gm56256	RN7SKP119
Gm13392	
Gm58854	
Gm58855	
Hnmt	HNMT
Gm58856	
Pfkl	PFKL
Gm58857	
Gm58858	
Gm37698	
Gm22157	RNU6-917P
Omd	OMD
Gm56498	
Gm15958	
Gm15619	
Apoa5	APOA5
Ogn	OGN
Gm5822	
Gm58859	
Spata6l	SPATA6L
Gm41681	
Gm58860	
Gm56489	
Gm41675	
Gm50049	
Gm50412	
Gm58861	
Nol8	NOL8
Gm58862	
Zbtb22	ZBTB22
Gm58863	
Gm58864	
Gm58865	
Gm58866	
Gm16344	
Gm31294	
Ptx3	PTX3
Gm44079	
Tsen2	TSEN2
Rgl2	RGL2
Gm47544	
A730085E03Rik	
Gm50014	
Gm17952	
Aste1	ASTE1
Gm6555	
Gm38356	
Pld1	PLD1
Gm58867	
Gm58868	
Gm58869	
Gm58870	
Gm56491	
Gm58871	
Gm11803	
Gm11801	
Gm22473	
Gm58872	
Gm11804	
Gm11795	
Gm52342	
Gm11794	
Gm23860	
Gm11800	
Gm58873	
Gm58874	
Rars2	RARS2
Tbpl2	TBPL2
Gm58875	
Gm41702	
Gm25668	
Gm58876	
Pfkm	PFKM
Cd34	CD34
Gm58877	
Gm58878	
Mkrn2os	MKRN2OS
Gm53018	
Gm16283	
Mkrn2	MKRN2
Aire	AIRE
Plcg1	PLCG1
Gm58879	
Gm33860	
Gm44157	
Tmem209	TMEM209
Gm58880	
Gm41741	
Gm32870	
Zpr1	ZPR1
Gm58881	
Gm58882	
St8sia3os	
Pfdn6	PFDN6
Gm50425	
Rcl1	RCL1
Car8	CA8
Ndel1	NDEL1
Gm37334	
9630010A21Rik	
Psmd2	PSMD2
Rbm44	RBM44
Asb8	ASB8
Gm11799	
Gm56183	
Gm37386	
Gm11810	
Rab2a	RAB2A
Mir101b	
Gm5518	
Gda	GDA
Gm50037	
Wdr46	WDR46
Gm7776	
Ccdc184	CCDC184
Or10ad1c	OR10AD1
Ramp1	RAMP1
Gm11809	
Slc35a1	SLC35A1
Or10ad1	OR10AD1
Or10ad1b	OR10AD1
Gm58884	
Bud13	BUD13
Gm58885	
Gm58886	
Gm58887	
Gm58888	
Nme7	NME7
H1f7	H1-7
Zfp641	ZNF641
Gm58889	
Gm58890	
Gm58891	
Prkag2os2	
Gm58892	
Gm58893	
Gm58894	
Gm19088	
Gm58895	
Gm55963	
Galntl5	GALNTL5
Gm58896	
Gm58897	
Rnf222	RNF222
Iars1	IARS1
Gm31707	
Gm58898	
Gm31792	
Gm56184	RN7SKP179
Gm58899	
Chd7	CHD7
Gm58900	
Gm50419	
Rpl26	RPL26
Gm58901	
Gm50420	
Gm50421	
B3galt4	B3GALT4
Gm6960	
Or8s16	OR8S1
Gm58902	
Or8s5	
Gm58903	
Gm52358	
Rps18	RPS18
Or8s2	
Gm50237	
F830016B08Rik	
Gm49443	
Tomm22	TOMM22
Gm3443	
Gm22608	
Odf4	
1110059E24Rik	C9orf85
Iigp1	
Gm21989	
Gm5977	
Smim3	SMIM3
Itgb1bp1	ITGB1BP1
4931429L15Rik	
Gm27206	
Dctn4	DCTN4
Gps1	GPS1
Zhx3	ZHX3
Gm55964	
Pxn	PXN
Josd1	JOSD1
Gm31374	
Gm49520	
Gtpbp1	GTPBP1
Gm47144	
Gm37411	
Gm22659	
Cd46	CD46
Gm22805	RNU6-1095P
Abhd17b	ABHD17B
Gm8863	
Megf11	MEGF11
Gm19018	
Gm8483	
Gm21063	
Gm11447	
Or2t35	OR2T2
Or2t35	OR2T35
Lpin3	LPIN3
Gm58922	
Vps52	VPS52
Gm52396	
Gm6734	
Gm58923	
Il3ra	
Gm56663	
Gm58924	
Gm50302	
Gm36043	
Gm4462	
Gm50394	
Gm34235	
Eif4g1	EIF4G1
Gm58925	
Gm27042	
4933429K18Rik	
Gm58926	
Gm58927	
Gm58928	
Gm58929	
Cfap206	CFAP206
Cpxm2	CPXM2
Gm20535	
Gm58930	
Gm58933	
Cpsf3	CPSF3
Gm58934	
Gm58936	
Mir29b-2	MIR29B2
Mir29c	MIR29C
Gm37366	
Gm37132	
Gm58937	
Atp1b1	ATP1B1
Gm58938	
Gm25394	SNORA84
Gm32629	
Gm23482	
Gm19334	
Gm58939	
Spata31e1	
Gm58940	
Gm56650	
Gm58941	
Gm47977	
Gm7251	
Gm32027	
Gm43516	
Gm19011	
Gm37098	
Gm48009	
Chil3	CHIA
Gm10784	
Gm17611	
Gm6554	
Rgs14	RGS14
Gm54047	
Tpi-rs10	
Gm32960	
Gm58904	
Gm56291	
Gm9860	
Gm15677	
Gm55311	
D630023O14Rik	
Gm7788	
Sun2	SUN2
Gm37853	
Gm58905	
Gsk3a	GSK3A
Gm49966	
Nrp2	NRP2
4933435E02Rik	
Gm50147	
Gm6052	
Gm58943	
Gm58906	
Gm5238	
Gm20616	
Gm58907	
Rps19-ps13	
Gm31205	
Gm58944	
Gm58945	
Gm58946	
Gm58947	
Gm3720	
Gm58948	
Gm58949	
Gm31355	
Gm58908	
Gm58950	
Slc34a1	SLC34A1
Rpl37a-ps2	
Gm18786	
Gm43709	
Shox2	SHOX2
Gm58909	
Gm58951	
Gm48860	
1700018L02Rik	
Or2t1	OR2T1
Gm58952	
Gm9028	
Gm58954	
Rps18-ps2	
Gm58910	
Gm23423	RNU6-844P
Gm136	C6orf163
Gm50090	
Gm58911	
Gm48859	
Gm3895	
Gm45879	
Csnk2a1-ps1	
Emilin3	EMILIN3
Or2t6	OR2T6
Gm16541	
Clvs1	CLVS1
Gm7575	
Gm58912	
BC023105	
Gm14228	
Psmd6	PSMD6
Gm58914	
Chd6	CHD6
Gm58915	
Gm58916	
Gm5241	
Slc25a46	SLC25A46
Arhgef15	ARHGEF15
Gm25821	
Iah1	IAH1
Gm23111	
Chil4	CHIA
H2-K1	
Gm58955	
Gm58956	
B930094E09Rik	
Gm41854	
Sap130	SAP130
Chst15	CHST15
Atxn7	ATXN7
Gm41812	
Gm22766	
Prps1l3	
Gm58957	
Gm58958	
Gm58960	
Tlx1os	
Gm11817	
Mipol1	MIPOL1
Gm58961	
Smim8	SMIM8
E330013P04Rik	
Gm6522	
Gm43212	
Chil6	CHIA
Ssmem1	SSMEM1
Gm44891	
Gm10584	
Gm45208	
Gm44892	
Adam15	ADAM15
Gm44893	
Pfn3	PFN3
F12	F12
Gm35147	
Gm4587	
Praf2	PRAF2
Erf	ERF
Slc25a35	SLC25A35
Ccdc120	CCDC120
Gm43363	
Galnt11	GALNT11
Cpa2	CPA2
Plekhb1	PLEKHB1
Gm25561	
Gm14243	
Gm58963	
Gm58965	
Gm14242	
Rangrf	RANGRF
Gm14241	
Gm58968	
Gm11449	
Gm29229	
Gm28347	
Gm58970	
Gm50255	
Zfp292	ZNF292
Fnbp1	FNBP1
Gm58972	
Gm8630	
Gm32440	
Gm58976	
Gm58978	
Gm41836	
Gm58980	
Gm36787	
Rab11a	RAB11A
Thoc7	THOC7
Grk6	GRK6
Gm58983	
Gm50329	
Gm58984	
9430030N17Rik	
Gm58985	
Psmd11	PSMD11
Gm58986	
Pip5k1bos	
Gm11025	
Gm16246	
Gm2568	
Gm37291	
Gm8504	
Gm58987	
Gm54454	
Gm50060	
Gm22004	
Vash1	VASH1
Ammecr1l	AMMECR1L
Gm35460	
Smt3h2-ps	
Cpa4	CPA4
Tfe3	TFE3
Gm50341	
Gm55884	
Gm12363	
Acp5	ACP5
Cga	CGA
Gm58988	
Gm58989	
Angel1	ANGEL1
Gm58990	
Gm58991	
Gm58992	
Gm58993	
E130116L18Rik	
Gm50182	
Rplp0	
Gm13781	
Gm58994	
Gm26533	
Raf1	RAF1
Gm42064	
Polr2d	POLR2D
Gm12362	
Mob3b	MOB3B
Gm58995	
Gm58996	
Gm58997	
Gm58998	
Gm58999	
Gm59000	
A930001C03Rik	
Gm6665	
3222401L13Rik	
Ifnk	IFNK
Gm17138	
Lrrc74a	LRRC74A
Gm20544	
Dennd4a	DENND4A
Dnal4	DNAL4
C9orf72	C9orf72
Gm7326	
Ring1	RING1
Gm50133	
Gm59002	
Gm59003	
1700016H03Rik	
Gm59004	
Gm28578	
Pcnx4	PCNX4
Alb	ALB
Gm48227	
E2f6	E2F6
Gm26940	
Mir219a-1	
Mir219c	
Hsd17b8	HSD17B8
Npcd	
Gm11100	C3orf49
Gm24347	
Slc24a1	SLC24A1
Cdhr18	
Gm25964	
Rock2	ROCK2
Gm18071	
Gm59005	
4930524O05Rik	
Gm20241	
Cfap20dc	CFAP20DC
Gm59006	
Gm59007	
Gm50430	
Gm59008	
Ints14	INTS14
Afp	AFP
Gm59009	
Gm35406	
Gm12366	
Cbx6	CBX6
Gm12365	
Lingo2	LINGO2
Gm59010	
Gm59012	
1700086O06Rik	
Gm56669	
Gm30890	
Gm16299	
Gm59014	
Gm46653	
Gm59015	
Gm59017	
Gm59018	
Gm12369	
Gm56187	
Gm59019	
Taf9-ps	
Rpl23a-ps6	
E030044B06Rik	
Gm22732	
Gm12375	
Gm12379	
Gm12382	
Gm25581	
Gm12383	
Gm23607	
Gm17094	
Gm8416	
Fam3d	FAM3D
Afm	AFM
1700009N14Rik	
Gm12385	
Gm12384	
Gm12386	
Gm22850	
Gm12387	
Gm26087	
Gm12388	
Gm12389	
Cdk5r1	CDK5R1
Aco1	ACO1
Fam107a	FAM107A
Gm59020	
Gm59021	
Pfas	PFAS
Cpa5	CPA5
Gm35867	
Gm20427	
Gm59022	
Gm59023	
Gm55892	
4930557B21Rik	
Hacd3	HACD3
Gm59024	
4930588A03Rik	
Slc39a7	SLC39A7
Gm59025	
Gm52390	
1700048J15Rik	
Acox2	ACOX2
Gm59026	
Gm59027	
Gm59028	
Gm59029	
Gm59031	
Gm59032	
1700039E22Rik	
Gm50418	
Gm10856	
Dpp8	DPP8
Gm49412	
Gm59337	
Gm31854	
Gm32492	
Apobec3	APOBEC3H
G630055G22Rik	
Gm42109	
Gm2602	
Gm36037	
Gcn1	GCN1
Gm59033	
Gm59034	
Gm59035	
Gm52389	
Gm59036	
Gm59037	
4930526L06Rik	
Gm59038	
Gm41846	
4930484I04Rik	
Gm59039	
Gm59040	
Gm59041	
B230217O12Rik	
Gm58917	
Gm58918	
Gm58919	
Gm33228	
Gm14335	
Gm24008	
Cpa1	CPA1
Rigi	RIGI
Rxrb	RXRB
Gm59044	
2210404E10Rik	
Gm59046	
Gm59047	
Gm16244	
Gm59048	
Gm59049	
Gm59050	
Gm46662	
Dus1l	DUS1L
Gm59051	
Gm33306	
Gm59054	
Gm59055	
Gm59057	
Gm56672	
Kctd6	KCTD6
Gm59058	
Gm34922	
Pdhb	PDHB
Gm59059	
Tmem40	TMEM40
Gm34347	
Gm48291	
Gm41849	
Gm22303	
Slc66a3	SLC66A3
Gm59063	
Atp2c1	ATP2C1
Gm59064	
Gm59065	
Gm59066	
4930449E18Rik	
Gm32750	
Gm56637	
Pxk	PXK
Gm59069	
Gm41815	
Gm59070	
Gm17227	
Oat	OAT
Gripap1	GRIPAP1
Gm56673	
Gm38621	
Gm26902	
Dpt	DPT
Gm59072	
Gm59073	
Gm41882	
Gm32718	
Cimip5	
Gm37121	
Gm37403	
Gm41750	
Xcl1	XCL2
Xcl1	XCL1
Gm59074	
Gm59075	
Gm50100	
Nkx1-2	NKX1-2
Gm56653	
4930414N06Rik	
Gm56009	
Ube2f	UBE2F
Gm16764	
Pdia6	PDIA6
Otog	OTOG
Gm59077	
Gm59078	
Albfm1	
Gm59079	
Gm59080	
Gm59081	
Gm59082	
Gm59083	
Gm34516	
Gm56640	
Gm59084	
Gm34186	
Gm59086	
Gm4219	
Gm30230	
Gm4221	
Gm59088	
Gm31734	
Mir7029	
Rab35	RAB35
Odf2l	ODF2L
Col11a2	COL11A2
Gm55851	RN7SL731P
Gm59089	
Gm44180	
Gm59090	
Cand2	CAND2
Gm59091	
Gm31965	
Gm59092	
Topors	TOPORS
Gm30990	
Gm59094	
Gm10817	
Mir7030	
Slit2	SLIT2
Smim27	
Gm50271	
Ndufb6	NDUFB6
Gm59097	
Gm10544	
Atp6v1c2	ATP6V1C2
Gm59098	
Mir7660	
Rpl32	RPL32
Gm59099	
Myo1d	MYO1D
Mir6943	
Gm59100	
Prr7	PRR7
4930511M06Rik	
Dbn1	DBN1
Gm59101	
Snhg1	
4930509K18Rik	
Snora7a	SNORA7A
Snora7a	SNORA7B
Cep41	CEP41
Gm23338	
Asph	ASPH
Gm7785	
Tbx19	TBX19
Gm16550	
Cbx7	CBX7
Arid5a	ARID5A
Lhpp	LHPP
Myod1	MYOD1
4930549G23Rik	
Gm15582	
Kcnc1	KCNC1
Sergef	SERGEF
Tmem98	TMEM98
Gm50399	
Gm56506	
Gm50076	
Pdgfb	PDGFB
Gm50291	
Gm11207	
Spaca3	SPACA3
Gm58834	
Gm58349	
Gm22969	RNU6-400P
Gm58740	
Gm45311	
Gm46627	
Gm15700	
Gm45310	
Gpr139	GPR139
Pdgfrb	PDGFRB
Gm4083	
Gm23321	
Fam53b	FAM53B
Mir7213	
Nptxr	NPTXR
Asic2	ASIC2
Gtf2e2	GTF2E2
Gm14528	
Mbd4	MBD4
Rpl3	RPL3
Mir3066	
Otub2	OTUB2
Gm11416	
Mest	MEST
Gm11417	
4930527B05Rik	
Gm12220	
Slc22a21	SLC22A5
Gm41874	
Smim18	SMIM18
Abhd6	ABHD6
1500032F14Rik	
Gm6921	
Gm55867	
Mir21c	
Nrp1	NRP1
Gm59102	
Gm59104	
Gm59105	
Gm59106	
Gm59108	
Gm59110	
Gm59111	
Gm41845	
Gm59112	
Snord83b	SNORD83B
Gm55357	SNORD83A
4930554I06Rik	
Snord43	
Gm24204	RNU6-1231P
Syngr1	SYNGR1
Mir6944	
Pdlim7	PDLIM7
Gm56632	
Gm59115	
Gm32575	
Gm59117	
Gm59118	
Mir1198	
Kcnd1	KCND1
4931408D14Rik	
Mir1903	
Rbpms	RBPMS
Gm12219	
Ccl8	CCL8
Gm59120	
Fam168a	FAM168A
9330161L09Rik	
Gm59121	
Gm59122	
Gm59123	
Ddx24	DDX24
Gm59124	
Gm59125	
Slc22a4	SLC22A4
4933403J19Rik	
Dcst1	DCST1
Dnase1l3	DNASE1L3
Gm59126	
Gm59127	
Gm59128	
Gm59129	
Otud5	OTUD5
Gm59130	
Gm34808	
Gm59131	
Gm56645	
6720468P15Rik	
Cr1l	CR1
Tab1	TAB1
Ccl1	
Gm45521	
Flnb	FLNB
Dnmt3l	DNMT3L
Gm25093	
Pdlim4	PDLIM4
Nudcd1	NUDCD1
Csf1r	CSF1R
Dcst2	DCST2
Gm47260	
Ifi27	
Zbtb7b	ZBTB7B
Tmem132e	TMEM132E
Slc27a2	SLC27A2
Rsrc1	RSRC1
Eny2	ENY2
Gm8396	
Gm26661	
Gm24612	RNU6-633P
Gm24612	RNU6-654P
Gm24612	RNU6-429P
Gm24612	RNU6-1190P
Gm11426	
Gm47876	
Sft2d2	SFT2D2
Gm3558	
Fasn	FASN
Gm17121	
Gm3760	
Gm8379	
Gm5797	
Cry2	CRY2
Gm5456	
Gm16434	
Gm6676	
Gm22392	
Pkhd1l1	PKHD1L1
Gm3696	
Icosl	ICOSLG
Gm47764	
Gm10406	
Tiprl	TIPRL
Mir6983	
Hmgxb3	HMGXB3
Gm47749	
Gm45209	
Gm47747	
Gm44953	
Gm3466	
Gm3629	
Eef1akmt2	EEF1AKMT2
Gm26632	
Gm8340	
Gm26978	
Gm3411	
Gm45817	
Gm55881	
4833407H14Rik	
Gm6100	
Pim2	PIM2
Gm8254	
Gm8268	
Ppp1r3b	PPP1R3B
Gm21772	
Gm21560	
Gm38190	
Gpr161	GPR161
Gatd3a	GATD3
Gm3208	
Eri1	ERI1
Gm3476	
Mirt1	
Gm3275	
Gm17045	
Gm3261	
Gm3453	
Akap17a	AKAP17A
Asmt	ASMT
Gm17048	
Gm43426	
Gm42536	
Gm17047	
Gm42537	
Mir218-1	MIR218-1
Gm42534	
Gm3242	
Gm42535	
Gm17158	
Col24a1	
Rassf6	RASSF6
Scly	SCLY
Gm3383	
Gm45501	
Tph1	TPH1
Mfhas1	MFHAS1
Pwp2	PWP2
Gm26557	
Atp11c	ATP11C
Gm3170	
Gm3344	
Gm26731	
Gm8266	
Gm55854	
Gm55886	
Gm26746	
Gm44296	
Gm55887	
Gm3194	
Gm19410	
Gm55855	
Mir335	MIR335
Ift122	IFT122
Ifi27l2a	
Gm3500	
Gm3348	
Gm17126	
Mir6945	
Dok3	DOK3
Gm3326	
Ifi27l2b	
Gm3140	
Gm3317	
Slc35c1	SLC35C1
Gm8279	
Gm45566	
Cldn23	CLDN23
Gm17069	
4930555G01Rik	
Gm55890	
Gm8305	
Rps12-ps24	
Prima1	PRIMA1
Gm3091	
Gm9602	
Gm26403	RNU6-210P
Gm26403	RNU6-126P
Prag1	PRAG1
Slc26a2	SLC26A2
Ddx41	DDX41
Gm3084	
Gm17073	
Gm8164	
Gm3030	
Gm17074	
Gm3173	
Gm19667	
Gm7436	
Gm5621	
Igdcc3	IGDCC3
Gm17170	
Gm13815	
Mir7221	
Mir7222	
Gm17086	
Chst1	CHST1
2610042L04Rik	
Lonrf1	LONRF1
Gm17085	
Gm11105	
Pde6a	PDE6A
Trappc10	TRAPPC10
Gm17152	
Gm11107	
Gm5796	
Gm13792	
Syt13	SYT13
Gm3099	
Fam181a	FAM181A
Gm17129	
Gm2907	
Gm3033	
Asb2	ASB2
Gm43090	
Gm26570	
Gm2877	
Cxcl5	CXCL6
Gm2871	
Gm3043	
Gm2866	
Gm3020	
Gm5787	
Ppbp	PPBP
Gm26150	
Gm19140	
Gm45629	
Gp2	GP2
Trmt9b	TRMT9B
Gm3012	
Gpr107	GPR107
Gm17107	
Bicdl1	BICDL1
Gm8324	
Gm50334	
Gm8323	
Gm10408	
Gm56638	
Gm26817	
Gm10409	
Gm59135	
Gm59136	
Gm30541	
Gm10413	
Rps2-ps10	
Gm17223	
Gm58635	
Gm17090	
Gm22295	RNU6-3P
Gm58371	
Gm4904	
9530034A14Rik	
Gm58475	
Gm19437	
Gm58784	
D830030K20Rik	
Espnl	ESPNL
Gm58544	
Lenep	LENEP
2010110K18Rik	
8030456M14Rik	
D530037P16Rik	
BE692007	
Cept1	CEPT1
Gm17222	
Gm5795	
Gm47976	
Agpat3	AGPAT3
Gm17221	
Gm17051	
Fam193b	FAM193B
Gm2897	
Dcaf6	DCAF6
Dlc1	DLC1
Esd-ps	
Gm48109	
Ppif	PPIF
Gm59353	
Gm59354	
Gm59137	
Gm35725	
Gm59138	
Gm59139	
Gm59140	
Gm58791	
Gm58656	
4933406B15Rik	
Gm59141	
Bbs9	BBS9
Gm59142	
Gm58658	
2310002D06Rik	
Gm52386	
Gm59357	
Gm59143	
Gm59358	
1700054O19Rik	
Gm36287	
Zcchc24	ZCCHC24
Gm54018	
Gm58532	
Gm27185	
Srp19	SRP19
Gm55602	
Anxa11	ANXA11
Pf4	
Gm59144	
Gm59145	
4930481A15Rik	
Cxcl3	CXCL3
Abraxas2	ABRAXAS2
Gm38368	
Mlf1	MLF1
Gm24637	
Gm37864	
Klhl30	KLHL30
Cxcl15	
Reep5	REEP5
Tmed9	TMED9
Gm59377	
Gm26777	
Gm55976	
Gm43085	
Gm43086	
5730480H06Rik	PACRGL
Gm22516	
Prdm11	PRDM11
Gm59388	
Gm36441	
Gm59390	
Gm53713	
Gm17746	
Gm22287	
Mir505	MIR505
Gm7073	CXorf66
Anxa11os	
Gm52002	
Pkd2l2	PKD2L2
Gm56525	
Plac9	PLAC9
Cr2	CR2
B4galt7	B4GALT7
L1cam	L1CAM
Gm36496	
Gm59392	
Flad1	FLAD1
Tmem254	TMEM254
Cct6b	CCT6B
Gm59393	
Gm59394	
Gm59395	
Gm32576	
Gm56668	
Gm59396	
Gm59397	
Gm50276	
Ncs1	NCS1
Gm56514	
D330050I16Rik	
Gm50323	
Relt	RELT
Cphx1	CPHXL2
Cphx1	CPHXL
Gm50277	
2310015A10Rik	
Gm59148	
Gm59149	
Gm56655	
Gm59151	
Gm59152	
Gm31301	
Gm59153	
Gm59154	
Gm34459	
Gm19013	
Cxcl1	CXCL3
Duxbl1	DUX4
Gm34406	
Gm15911	
Gm59155	
Caml	CAMLG
1700001K23Rik	
Gm55977	
Cxcl2	CXCL3
B230219D22Rik	C5orf24
Txndc15	TXNDC15
Gm13802	
Ptprt	PTPRT
Kmt2c	KMT2C
Gm56820	
Pcbd2	PCBD2
Gm47992	
Gm56162	
Mir7659	
Gm56163	
Gm10146	
Fam13b	FAM13B
Rrp1	RRP1
Gm11421	
Cks1b	CKS1B
Gm11422	
Gm11420	
Zfp830	ZNF830
Saal1	SAAL1
Gm18578	
Crb1-ps	
Gm48316	
Ccdc57	CCDC57
Slmap	SLMAP
Gm46389	
Tbca	TBCA
Sybu	SYBU
Gfm1	GFM1
G630064G18Rik	
AI429214	C8orf48
Gm45690	
Gm10683	
Gm45524	
Gm59156	
Gm59399	
Gm59157	
Gm3433	
Gm52402	
Gm59401	
Gm7319	
Gm20337	
Mpc2	MPC2
Gm59158	
Otp	OTP
Gm59159	
Gm59160	
Gm45523	
C330026H20Rik	
Gm45522	
Gm25126	
Gm6203	
1300014J16Rik	
Gm45654	
Sgcz	SGCZ
Gm48349	
Gm48350	
Gm59161	
Gm48420	
Poc5	POC5
Gm59402	
Gm36236	
Gm56530	
Gm59162	
Gm37860	
P4ha2	P4HA2
Gm37887	
Gm59163	
Gm56030	
Gm56031	
Gm38046	
Gm38194	
1700052I22Rik	
Erfe	ERFE
Gm50337	
Gm16205	
Gm16204	
Gm59164	
Gm50212	
Gm59403	
Mir383	
Gm33811	
Gm5609	
Msr1	MSR1
Gm59405	
Gm50301	
Gm59406	
Gm59407	
Gm34523	
Gm33016	
Gm30234	
Lxn	LXN
4930431C11Rik	
Gm40551	
Gm59408	
Gm59409	
Gm59410	
Gm59411	
Gm59412	
1700083H02Rik	
Kansl3	KANSL3
Gm59414	
Gm42568	
Rarres1	RARRES1
Gm54455	
Wnt8a	WNT8A
Gm59415	
1700104L18Rik	
Gm59416	
Gm25919	
Gm59417	
Znhit6	ZNHIT6
Gm46648	
Gm59418	
Gm59419	
Nme5	NME5
Gm48311	
Copg2	COPG2
Gm36660	
Saa3	
Gm59165	
AA387883	
Ankdd1b	ANKDD1B
Saa4	SAA4
Gm34869	
Gm59166	
Gm59167	
Gm2033	
Gm7082	
1700054A03Rik	
Mir6907	
Cstb	CSTB
Fgf20	FGF20
4930544I03Rik	
Zranb1	ZRANB1
Brd8dc	
Mir6410	
Pdxk	PDXK
Gm41862	
Micu3	MICU3
Gm56648	
Gm59168	
Gm59169	
Gm59170	
Gm56639	
Gm59171	
Gm47752	
Gm59172	
Gm59173	
Gm59174	
Brd8	BRD8
Gm59420	
Gm59175	
Gm59176	
Gm26512	
Gm28351	
Gm50203	
Gm59177	
Gm59178	
Gm16066	
Gm59179	
Gm59180	
Gm59181	
Gm15491	
Arhgap4	ARHGAP4
Gm59182	
Gm59183	
Gm56651	
Gm59184	
Gm50202	
Gm56674	
Gm49586	
Gm59186	
Cic	CIC
Gm59421	
Gm59187	
Gm59188	
Gm59422	
Mir6908	
4933436P19Rik	
Gm47489	
Gm9978	
Gm59189	
Gm34745	
1700021P04Rik	
Or10b1	
Gm59423	
Gm56166	
Gm20063	
Gm59190	
Gm56167	
Gm5951	
Gm59192	
Gm59193	
Gm59194	
Vmn2r-ps92	
Gm59196	
Ilvbl	ILVBL
Gm59198	
1700105G05Rik	
Gm34116	
Gm59199	
Gm59201	
Gm59202	
Mir7666	
Gm45725	
Gm59425	
Gm59204	
Ces3a	CES3
Gm59426	
Gm59205	
Gm27151	
Gm59428	
Gm51980	
Polk	POLK
Gm59508	
Gm59206	
Ebag9	EBAG9
Gm59207	
Gm59208	
Gm40875	
Gm2090	
Gm59209	
Gm59432	
Gm50376	
Gm59433	
4933413C19Rik	
Gm59434	
Gm59435	
Gm59436	
Gm30021	
Gm59437	
Gm59210	
Gm59438	
Gm59211	
Gm59439	
Gm59212	
Gm26583	
Gm59213	
Gm59214	
Gm30706	
Gm47938	
Gm56511	
Gm59440	
Gm59441	
Gm59442	
Gm59443	
Gm59444	
Gm46336	
Parp16	PARP16
Gm40427	
Ptprtos	
Gm14246	
Gm22936	
Gm11450	
Gm59215	
Gm56286	
Gm17197	
Gm14255	
Gm59445	
Gm59446	
Trp53i11	TP53I11
Gm59447	
Gm53721	
4930549C15Rik	
Mfsd1	MFSD1
Gm36608	
Gm59449	
Gm36862	
Gm36672	
Gm59216	
Bop1	BOP1
Gm50194	
Gm59219	
BC037704	
Gm59450	
Gm48313	
1700122C19Rik	
Gm56549	
Mir6898	
Gm40425	
Fer1l5	FER1L5
Gm25313	
Rnu5g	
Gm55908	
Gm59451	
Cilp	CILP
Gm59452	
Gm59453	
Gm40884	
Gm59454	
Gm59220	
Gm59455	
Gm59456	
Gm59457	
Snhg10	
Gm19956	
Rho	RHO
Gm32342	
Gm59458	
Gm59459	
Gm59460	
Gm59461	
Gm59463	
Gm8515	
Gm17032	
Gm412	
Gm37601	
Ccn1	CCN1
Gm26839	
Scx	SCX
Gm59221	
Gm59222	
Hsf1	HSF1
Gm59223	
Gm18717	
4930552P12Rik	
Dram2	DRAM2
Bmper	BMPER
Gm41876	
Gm11452	
Gm59464	
Srsf6	SRSF6
Gm59465	
Gm59466	
Gm41842	
3300002A11Rik	
Gm59225	
Gm41871	
Gm12221	
Gm12222	
Gm59226	
Csf2	CSF2
Mthfd2l	MTHFD2L
Gm59227	
Vps37a	VPS37A
Gm59230	
Gm59231	
Gm34894	
Gm43866	
Snord66	SNORD66
Snord66	
C130060C02Rik	
Tsga13	TSGA13
Fam131a	FAM131A
Ilkap	ILKAP
Gm48508	
Tmem215	TMEM215
Gm59467	
Gm59232	
Gm5785	
Gm32026	
Il3	IL3
4930519A11Rik	
Gm42585	
Hspe1-ps3	
Gm20432	
Gm18343	
Gm12391	
Gm56192	
Gm22656	
H1f8	H1-8
Gm24152	
Gm59468	
Cct8l1	CCT8L2
Aptx	APTX
Hmcn2	HMCN2
Gm3011	
Gm59233	
Gm59234	
Epgn	EPGN
Higd1b	HIGD1B
Gm47638	
Gm59469	
Gm59237	
Gm47645	
Gm59238	
Gm3028	
Gm50285	
Gm48236	
Gm47668	
Gm59240	
Gm47670	
Gm59242	
Pik3r4	PIK3R4
Gm41818	
Gm35554	
Gm47177	
Gm53758	
Gm59470	
Gm59471	
Gm59472	
Gm43141	
Gm33628	
Gm10062	
Gm43972	
4921518K17Rik	
Gm43143	
Ereg	EREG
Gm59243	
Eftud2	EFTUD2
Gm59473	
Gm46378	
Gm59244	
Gm59245	
Gm33548	
Xrcc2	XRCC2
Gm59246	
Gm59248	
Gm56625	
Gm59474	
Rubcn	RUBCN
1500015L24Rik	
Gm59475	
Gm33340	
Areg	AREG
Plxnd1	PLXND1
Gm59476	
Gm43408	
Gm46323	
Gm43071	
Gm38271	
Iqcj	IQCJ
Gm23092	
4921507G05Rik	
Btc	BTC
Gm59477	
Gm59478	
Gm26912	
Iqschfp	
Gm59479	
Gm59480	
Gm56560	
Ddah1	DDAH1
Mirg	
Gm59249	
Gm41814	
Gm59250	
Gm59253	
Gm59254	
Parm1	PARM1
Gm30082	
Gm45724	
Ces3b	CES3
Trmt112-ps1	
Kcnip4	KCNIP4
Gm30826	
Gm59257	
Gm59259	
Gm59260	
Gdf6	GDF6
Gm59261	
Gm59263	
Bcl10	BCL10
Gm11834	
Gm54055	
Gm11835	
Gm59264	
Gm12390	
Hes6	HES6
Gm11814	
Gm41823	
Gm11815	
Gm11813	
Gm12920	
Mir3471-1	
Gm12918	
Gm56194	
Cfap418	CFAP418
1700048O14Rik	
Lrif1	LRIF1
Gm59265	
Gm59266	
Gm59267	
Lman2l	LMAN2L
Gm46645	
Gm15718	
Dnaja1	DNAJA1
Saa1	
Tspan18	TSPAN18
Gm59268	
1700008F19Rik	
Gm59269	
Gm59270	
Gm41824	
Gm31356	
Umod	UMOD
Gm32932	
Gm31418	
Tmcc1	TMCC1
Gm38253	
2410004B18Rik	C1orf52
Kif20a	KIF20A
Gm59275	
Gm8804	
Ces4a	CES4A
Gm59278	
Gm52384	
Gm59279	
Gm59280	
Dgat1	DGAT1
Gm59281	
Gm59282	
Gm59283	
Cd53	CD53
Gm35922	
Syde1	SYDE1
Gm22720	
Clpx	CLPX
Gm59284	
Gm59285	
Gm59286	
Gm33950	
Mtmr7	MTMR7
Gm59287	
Gm59288	
Gm56289	
Gm4466	
L3mbtl1	L3MBTL1
Gm41865	
Gm59289	
Gm59290	
Gm59291	
Gm46658	
Gm59292	
Gm30346	
Gm37514	
Or11i1	
Gm59294	
Or1i2	OR1I1
Gm43831	
Per2	PER2
2610016A17Rik	
Gm20700	
Gm43648	
Gm19031	
Gm43829	
Gm43830	
Syde2	SYDE2
Gm43319	
Gm42919	
Gm43321	
1700106J12Rik	
Gm59295	
Gm43320	
Gm46657	
Gm43318	
Gm43341	
C030015E24Rik	
Gm7842	
Gm43317	
Gm59296	
Gm43316	
Gm31912	
Gm47459	
Gm42766	
Gm47476	
Actr3b	ACTR3C
Actr3b	ACTR3B
Gm47495	
Casp14	CASP14
Dnai3	DNAI3
Gm59297	
Gm8203	
Gm52387	
Mir207	
Gm50373	
Smu1	SMU1
Mkln1	MKLN1
Gm41832	
Gm44588	
Gm47936	
Gm59299	
Saa2	
4930442E04Rik	
Gm16218	
Gm56660	
Gm36126	
Gm19219	
Gm47192	
Gm36209	
Gm59300	
Gm49550	
Npsr1	NPSR1
Gm59302	
Fbxl6	FBXL6
A830019P07Rik	
Pdilt	PDILT
Gm59303	
Gm42059	
Gm59304	
Gm59305	
Gm59306	
Gm59307	
Gm59308	
Gm43046	
Gm59309	
Gm32574	
Gm43047	
Gm25627	
Gm42767	
Shc1	SHC1
Gm42768	
Gm42769	
Gm42770	
Gm43048	
Gm28381	
Gm59310	
Gm19085	
Gm42771	
Gm32491	
Gm42772	
Gm11453	
Gm56647	
Ass1	ASS1
Gm34300	
Gm19932	
H2-Pb	
Traf3ip1	TRAF3IP1
Gm46652	
Gm43670	
H2-Pa	
2900064K03Rik	
Tektl1	TEKTL1
Gm5555	
Gm59481	
H2-Oa	HLA-DOA
Gm59482	
Gm7988	
Gm24031	
1700010L13Rik	
Gm59483	
Gm2178	
Gm59311	
Gm59312	
Gm42461	
Gm59484	
Gm18215	
Gm59313	
Gm37518	
Gm21655	
Gm59485	
Dlg5	DLG5
Gm26967	
Gm4419	
Gm59314	
Pafah1b3	PAFAH1B3
Gm59315	
Gm21663	
A430093F15Rik	
Gm47674	
Pdcd7	PDCD7
Slc52a2	SLC52A2
Slc52a2	SLC52A1
Psenen-ps	
B4galt1	B4GALT1
Speer4a3	
Gm21168	
Slc1a6	SLC1A6
Gm21680	
Cert1	CERT1
Cdc23	CDC23
Adgra3	ADGRA3
Adck5	ADCK5
Gm50333	
Gm22380	
Ubap1l	UBAP1L
Brd2	BRD2
Adam24	
Gm45660	
Gm8423	
Gm2080	
Gm5749	
Gm59316	
Adam25	ADAM20
Gm48133	
Gm48138	
Gm46436	
Gm8436	
Gm48139	
Adam20	ADAM20
Hmgcr	HMGCR
Gm17875	
Sgk2	SGK2
Asb1	ASB1
Adam39	ADAM20
Kbtbd13	KBTBD13
Rasl12	RASL12
Cbfb	CBFB
Gm59318	
Gm50181	
Gm56664	
Gm50332	
Mir5123	
Gm56196	
Or7c70	OR7C2
Gm46367	
Prr19	PRR19
Gm56197	
Gm12397	
Spink4	SPINK4
Gm30581	
Gm48559	
Gm56652	
Or7a39	
Gm34868	
Arhgef17	ARHGEF17
Podxl	PODXL
Gm59319	
Gm59320	
Or7a38	OR7A5
Or7a38	OR7A10
Or7a38	OR7A17
Gm40443	
Slc51b	SLC51B
Gm59487	
Gm32028	
Gm59488	
3110056K07Rik	
Bag1	BAG1
Gm41856	
Mtfmt	MTFMT
Or7a42	OR7A5
Or7a42	OR7A10
Or7a42	OR7A17
Gm59321	
Gm59322	
Gm59323	
Gm41811	
Or7a37	
Gm59325	
Gm59326	
Emx2os	
Or7a36	OR7A5
Or7a36	OR7A10
Or7a36	OR7A17
Gm13849	
Gm21698	
1700012A03Rik	
Or7a35	
Gm42460	
Mir8117	
Gm22618	
Gm4962	
Gm29100	
Gm43014	
Or7a41	
Gm43015	
Twist2	TWIST2
Gm59327	
Gm40319	
Gm33756	
Gm55981	
Gm1979	
Gm59489	
Gm47525	
2610008E11Rik	
Gm47270	
Gm59490	
Plxna4	PLXNA4
Gm32469	
Gm59491	
Col6a6	COL6A6
Gm40444	
Gm5862	
Adcy10	ADCY10
Gm56524	
Gm59328	
Gm38597	
Gm59329	
Gm59330	
Lrch3	LRCH3
Gm59331	
Speer4a1	
Gm59332	
Gm45941	
Gm59333	
Gm59334	
Gm59335	
Gm26644	
Gm7347	
Gm6089	
Vmn2r80	
Speer4a2	
Gm59492	
Gm59494	
Gm59336	
Gm59495	
Gm46666	
5031410I06Rik	
Vmn2r81	
Gm40383	
Ccdc103	DNAAF19
Gm35610	
n-R5s25	
Kdm3b	KDM3B
Gm13938	
Gm10220	
Ift52	IFT52
C330002G04Rik	
Vmn2r82	
Chmp5	CHMP5
Gm46335	
Gm40562	
Gm7361	
Gm40431	
Gm18957	
Fam187a	FAM187A
Gm47267	
Gm42844	
Gm48575	
Ankrd31	ANKRD31
Ppargc1a	PPARGC1A
Gfap	GFAP
Gm59500	
Gm59501	
Gm20658	
Gm47015	
Nfx1	NFX1
Vmn2r83	
Gm50136	
Gm22063	
Gm48580	
Gm24629	Y_RNA
Slc7a2	SLC7A2
Gm48579	
Gm3693	
Gm55480	
Gcnt4	GCNT4
Gm48597	
Gm56585	
Gm46383	
Naip6	
Gm59502	
Gm53754	
Plpp2	PLPP2
Gm59503	
Gm59504	
Gm59505	
Gm59339	
Gm59506	
Gm41821	
Gm59507	
9530053H05Rik	
Mir3102	
P2ry6	P2RY6
4933406K04Rik	
9830166K06Rik	
Fubp3	FUBP3
Gm59340	
Gm49413	
Gm44545	
5730521K06Rik	
A930028N01Rik	
P2ry2	P2RY2
Cpsf1	CPSF1
Gm59341	
Gm59342	
Plxna4os2	
Gm13852	
Washc2	WASHC2A
Washc2	WASHC2C
Gm59343	
Gm41804	
Schip1	SCHIP1
Gm59344	
Gm59345	
Gm59346	
Gm3728	
Gm50196	
Gm45070	
4930505N22Rik	
Gm5735	
Naip3	
Tmem145	TMEM145
AW112010	
Kif18b	KIF18B
Dpy19l1	DPY19L1
Gm18601	
Naip1	
Gm49098	
Gm17105	
Gm52995	
Gm19034	
Gm56724	
Gm53003	
Gm18276	
Gm53004	
Gm41109	
Polr3a	POLR3A
Gm59509	
Gm59347	
Gm59348	
Gm56552	
Gm59349	
Gm59510	
Gm59350	
Gm59511	
Gm59512	
Gm59351	
Mir6909	
Pwwp3a	PWWP3A
1810058N15Rik	
Gm59513	
C1ql1	C1QL1
Gscdt	
Gm59352	
Gm52981	
Arl4aos	
Dcakd	DCAKD
Gm59355	
Gm59517	
Gm59518	
Gm59356	
Megf8	MEGF8
Gm56512	
Gm42614	
Gm59519	
Gm42615	
Gm31568	
Gm31513	
Gm42613	
Gm43605	
Gm56631	
Reep2	REEP2
Gm43606	
1810035K13Rik	
Gm59520	
Gm10421	
Gm42616	
Gm59360	
Gm42617	
Gm59362	
Gm43175	
Gm43174	
Gm59363	
Mir6417	
Gm43176	
Gm59364	
Dhx15	DHX15
Gm59365	
Gm59521	
Gm59366	
Mir6931	
Gm59367	
Rffl	RFFL
Gm59368	
Gm35697	
Rpl31-ps13	
Egr1	EGR1
Gm59369	
Gm59370	
Gtf2h2	GTF2H2
Gtf2h2	GTF2H2C
Gm59371	
Gm59372	
Gm20493	
Gm30381	
Gm59522	
6230426M11Rik	
Gm49937	
Gm59523	
Rab12	RAB12
Gm47847	
Gm28935	
Etf1	ETF1
Gm16277	
1700020D12Rik	
Gm49938	
Avpr2	AVPR2
Gm55226	
Fndc1	FNDC1
Gm59525	
Gm59379	
Gm59526	
Gm59381	
Gm59527	
Gm59382	
Gm47566	
Gm59383	
Gm59384	
Gm59385	
Gm59387	
Gm47735	
Pcgf5	PCGF5
Gm47439	
Naa10	NAA10
Gm59529	
Mir6998	
Gm59530	
Gm13425	
Gm59531	
Gm59532	
Gm47733	
Prdm12	PRDM12
Gm59535	
Gm22200	SNORD63
Gm22200	SNORD63B
Gm26109	SNORD63
Gm56520	
Gm47552	
Rps24	
Dpy19l2	DPY19L2
Gm35188	
Pygo2	PYGO2
Gm13424	
Pdgfrl	PDGFRL
Mybl2	MYBL2
Cnfn	CNFN
Mir3094	
Aqp7	AQP7B
Aqp7	AQP7
Gm59536	
Gm59537	
Gm59538	
4930546B01Rik	
Mcoln3	MCOLN3
2900060N12Rik	
Phaf1	PHAF1
Ctbp2	CTBP2
Gm59541	
Gm59542	
Gm40426	
Gm59543	
Gm59544	
Gm59545	
Gm40418	
AI463170	
Vmn2r124	
Gm48665	
Gm10479	
Gm36757	
Pth1r	PTH1R
Mir7003	
Gtsf1l	GTSF1L
Vmn2r91	
Gm56299	
Gm14254	
Gm25637	
Aqp3	AQP3
Ccdc141	CCDC141
Pbxip1	PBXIP1
Gm59547	
Gm59548	
5033406O09Rik	
Adgre1	ADGRE1
Slc39a4	SLC39A4
Ndufs7	NDUFS7
Or11g2	
Or11h6	OR11H6
Gm59549	
Gm59550	
Gm59551	
Dpy19l4	DPY19L4
Gm45192	
Gm59552	
Or11h7	OR11H7
Gm34552	
Gm18762	
Or11h4b	OR11H4
Gm19605	
Or11h23	OR11H7
Gm24316	
Or11h4	OR11H4
Ttc5	TTC5
Pmvk	PMVK
Gm59553	
Gm29101	
Gm59554	
Gm59555	
Gm37600	
Gm18186	
B930059L03Rik	
Gm38325	
Gm56075	
Gm56076	
Gm38210	
Gm59556	
Gm59557	
Gm59558	
Mpzl1	MPZL1
Gm59559	
Gm36886	
Vps28	VPS28
Gm59561	
Gm46325	
Spg21	SPG21
Gamt	GAMT
Gm59563	
Gm59564	
Gm48452	
Gm59565	
Ocln	OCLN
Gm59566	
Gm59567	
Gm40392	
Gm34215	
Vmn2r120	
Setd4	SETD4
Gm59570	
Gm10916	
Gm59571	
B3gnt9	B3GNT9
Gm35239	
Gm48938	
Ccnb1ip1	CCNB1IP1
Tonsl	TONSL
Kcnn3	KCNN3
Gm43178	
C130083M11Rik	
Tradd	TRADD
Rpph1	
Gm43180	
Tbcd	TBCD
Parp2	PARP2
Gm43179	
Gm55985	RNU6-138P
Sod3	SOD3
Dazap1	DAZAP1
Gm59572	
Gm59573	
Gm47773	
Gm31307	
Ccdc149	CCDC149
Gm59574	
Gm54684	RNU6-197P
Gm9042	
Gm49842	
Gm59575	
Vmn2r118	
Gm59576	
F530104D19Rik	
Mcoln2	MCOLN2
Gm59577	
Gm56300	
Gm59578	
Hectd2	HECTD2
Gm59579	
Tox2	TOX2
Gm59580	
Gm7550	
Fbxl8	FBXL8
Gm59581	
4930426I24Rik	
Gm44103	
Chchd3	CHCHD3
Lgi2	LGI2
Gm22654	
Fpr-rs6	FPR2
Mtus1	MTUS1
Gm59582	
Vmn2r105	
Exosc2	EXOSC2
Gm56540	
Gm48209	
Gm35104	
Gm37559	
Platr19	
Ankdd1a	ANKDD1A
Gm18407	
Hdac4	HDAC4
Gm48596	
Gm59583	
Gm59584	
Renbp	RENBP
Gm8847	
Gm59585	
Marveld2	MARVELD2
Gm59586	
Gm59587	
Gm47368	
Gm59588	
Gm59589	
Gm59590	
Gm59591	
5730409N16Rik	
Gm59592	
Gm59593	
Gm46319	
Nol6	NOL6
Gm47013	
Tbx20	TBX20
Tep1	TEP1
Gm46348	
Kifc2	KIFC2
Gm59594	
Vmn2r106	
Gm47020	
Gm59595	
Gm53772	
Gm30799	
Gm59596	
Gm59597	
B930086L07Rik	
Gm59598	
Gm45672	
Gm51958	
Gm59599	
Gm59600	
Fchsd2	FCHSD2
Gm51983	
Meg3	
Gm43685	
Gm43686	
Gm5866	
Dpp6	DPP6
Vmn2r92	
Jph2	JPH2
Gm49961	
Cbr1	CBR1
Vmn2r97	
Oser1	OSER1
Vmn2r-ps118	
Cbr1b	CBR1
Gm15974	
Gm17921	
Gm45384	
L3mbtl4	L3MBTL4
Gm54559	RN7SKP149
Gm52975	
Cbr3	CBR3
Gm24261	RNU6-1279P
Rad17	RAD17
Amd-ps6	
Rad51d	RAD51D
Plekho2	PLEKHO2
Dop1b	DOP1B
Sestd1	SESTD1
Gm14540	
Gm42895	
Gm22321	RNU6-861P
Gm22321	RNU6-762P
Gm1401	
Myl3	MYL3
Exoc4	EXOC4
Foxh1	FOXH1
Gm30571	
Gm26549	
Gm56916	
Gm5165	
Gm56920	
Casp16	
Ppp1r16a	PPP1R16A
Zfp213	ZNF213
Gm37048	
Gm37036	
Gm7837	
Rcsd1	RCSD1
Lpar3	LPAR3
Gm49092	
Zfp13	ZNF205
Gm43334	
Gm10636	
Gm22078	RNU6-176P
Gm55818	
Ssx2ip	SSX2IP
Gm13650	
Gm13651	
Gm13943	
Gm13649	
Cd82	CD82
Ak6	TAF9
Prss42	
Gm12402	
Ube2r2	UBE2R2
Zscan10	ZSCAN10
Prss44	
Gm56082	
Ndufa10	NDUFA10
B3gntl1	B3GNTL1
Taf9	TAF9
Gm12403	
Gm56206	RNU6-1307P
Esrp1	ESRP1
Prss43	
Prss45	
Ccdc125	CCDC125
Gpt	GPT
Hcfc1	HCFC1
Klhl33	KLHL33
Gm56662	
Fgfbp3	FGFBP3
Osgep	OSGEP
Gm59568	
Gm59569	
Gm59601	
Gm59602	
Gm59603	
Prss46	
Gm59604	
Malat1	
Mir6900	
Creg1	CREG1
Mir6911	
Gm15122	
Rps15	RPS15
Prss50	PRSS50
Lipe	LIPE
Gm59605	
Gm59606	
Cdk7	CDK7
Gm59607	
Gm59608	
Neat1	
Apc2	APC2
Tmie	TMIE
Gm36972	
Or6b2	OR6B2
Or6b2	OR6B3
Frmd8os	
Gm56086	
Or6b2b	OR6B2
Or6b2b	OR6B3
Gm7912	
Mmp25	MMP25
Or6b3	OR6B2
Or6b3	OR6B3
Gm59609	
Gm18891	
Gm59610	
Gm59611	
Gm59612	
Gm16193	
Gm42067	
Fgl1	FGL1
Or9s23	
Gm8049	
Gm59613	
Eepd1	EEPD1
Gm59614	
4122401K19Rik	
Mfsd3	MFSD3
1700054K02Rik	
Gm28478	
Or5an11	OR5AN1
Or9s27	
Gm44098	
Or9s15	
Metrnl	METRNL
Gm44099	
Or9s14	
Recql4	RECQL4
Gm17802	
Or9s13	
Gm49935	
Gm25861	
Or5an1	OR5AN1
Gm25346	
Gm7773	
Gm48330	
Gm48331	
Bicdl2	BICDL2
Gm48337	
Cops9	
Gm55924	
Gm48362	
Gm39312	
Gm19113	
Olfr1435-ps1	
Or5an10	OR5AN1
Hsf4	HSF4
Gm48373	
Pif1	PIF1
Gm44858	
Gm13854	
Or5an1b	OR5AN1
Gm43168	
Gm43164	
Marchf8	MARCHF8
Or5a21	OR5A2
Or5q1-ps1	
Or5an6	
Gm29513	
Otos	OTOS
Ptchd3	PTCHD3
Or5a3	
Ctbs	CTBS
Pfpl	MPEG1
Gm55634	RNU6-955P
Gm55634	RNU6-902P
Apex1	APEX1
Mpeg1	MPEG1
Mrps36	KGD4
Gm12586	
Gm12590	
Gm12587	
Gm29481	
Gm12591	
Dtx4	DTX4
Gm48462	
Gpc1	GPC1
Slfn1	SLFN12
Slfn1	SLFN12L
Gm48467	
Gm48468	
Gm11821	
Gm11822	
Ubap2	UBAP2
Acsl6	ACSL6
Gm6341	
2310011J03Rik	C19orf25
Acsm5	ACSM5
A330040F15Rik	FAM111A
Thoc6	THOC6
Spata1	SPATA1
Pcsk4	PCSK4
Gm47243	
Fam111a	FAM111A
Gm29480	
Cenph	CENPH
Mir149	
Ankmy1	ANKMY1
Pip4p1	PIP4P1
Gm16335	
Gm16274	
Gm4952	
Lrrc14	LRRC14
Ccnb1	CCNB1
Gm8545	
Irak1	IRAK1
Morc3	MORC3
Gm50308	
B3gat1	B3GAT1
Gm59615	
Mif-ps9	
Gm29784	
Gm59616	
Cd247	CD247
Gm16056	
Gm31070	
Gm59617	
Gm16057	
Gm35781	
Gdap1l1	GDAP1L1
Gm59618	
Rps12-ps3	
Gm43776	
Gm43502	
Speer4b	
Gm59619	
Gm50266	
Gm59620	
Gm38316	
Pnp2	PNP
Gng5	GNG5
Gm31300	
Gm59621	
Lrrc24	LRRC24
Gm18936	
Gm59624	
Cyp2c52-ps	
Gm5075	
Hcfc1r1	HCFC1R1
Gm16058	
4930554G22Rik	
Rpf1	RPF1
Sepsecs	SEPSECS
C030006K11Rik	C8orf82
Gm8518	
Gm49038	
Rnase10	RNASE10
Tnfrsf12a	TNFRSF12A
Rnase9	RNASE9
Gm22888	SNORD121B
Gm24837	SNORD121A
Gm59631	
Virma	VIRMA
Arhgap39	ARHGAP39
Rnase11	
Gm5693	
Gm59634	
Rnase12	RNASE12
Gm9788	
Gm59635	
Or6s1	OR6S1
Gm10819	
Fitm2	FITM2
Gm55650	
Gm7107	
Gm59637	
Gm16289	
H1f11-ps	
Gm56769	
Gm6055	
Gm59638	
Gm23527	
Gm44237	
9530086P17Rik	
Mir7001	
R3hdml	R3HDML
Cldn6	CLDN6
Alox5	ALOX5
Gm49310	
Gm49307	
Gm9618	
Gm6498	
Reep6	
Rbpms2	RBPMS2
Gm54791	
Gm3534	
Gm59639	
Gm36259	
Chaf1b	CHAF1B
Gm8034	
Paxip1	PAXIP1
Rpl10-ps6	
Eps8l3	EPS8L3
Peli2	PELI2
Gm8663	
Abl1	ABL1
Gm6951	
Gm59641	
Cldn9	CLDN9
Gm5521	
Gm20762	
Slc30a5	SLC30A5
H2-Eb2	HLA-DRB1
H2-Eb2	HLA-DRB5
Gm21060	
Gm59651	
Tekt5l	
Btnl1	
Hectd2os	
Gm15321	
H2-D1	
Gm43745	
Uox	
Pi4k2b	PI4K2B
Als2cl	ALS2CL
Gm8417	
Gm49617	
Gm16976	
Cldn14	CLDN14
Gm10044	
Adamtsl5	ADAMTSL5
Gm3618	
E330034G19Rik	
Gm49620	
1700063K16Rik	
Gm5766	
1700007E05Rik	
Gm59424	
Vmn2r-ps110	
Magef1	
Pphln1-ps1	
Vmn2r-ps111	
Dnase2b	DNASE2B
Gm17805	
Gm37830	
Gm4521	
Gm15760	
Gm41041	
Gm54788	
Gm48267	
Gm10257	
Fezf2	FEZF2
Rtl10	
Gm6114	
Acsm2	ACSM2A
Acsm2	ACSM2B
Hmgb1-ps9	
Vps8	VPS8
Paip1	PAIP1
Nol3	NOL3
4930503B20Rik	
Gm24578	
D030051J21Rik	
Gm49355	
Cep15	CEP15
Matcap1	MATCAP1
Samd13	SAMD13
Gm18734	
Gm23090	SNORD121A
Ccdc60	CCDC60
Gm12401	
Dcaf12	DCAF12
Gm9480	
H2-Q1	
Gm56303	
Qrfp	QRFP
Gstm5	GSTM3
Zfp385b	ZNF385B
Plk5	PLK5
Gm44076	
Gm8741	
H2-Q2	
Or13a1	OR13A1
Zfp251	ZNF251
Or6d12	
Gm11831	
Gm56210	
Gm26049	
Gm26084	
Rad54b	RAD54B
Or6d13	
Gm49527	
Eif4a3l2	EIF4A3
Dusp28	DUSP28
Akr1b8	AKR1B10
Exoc3l	EXOC3L1
Rpl8	RPL8
Gm23402	
Rnpepl1	RNPEPL1
H2-Q4	
Gm14507	
Gm13837	
Gm13839	
4933424N20Rik	
Zcchc4	ZCCHC4
H2-Q5	
Zfp647	ZNF250
Gm13859	
Gm13858	
Or6d14	
Gm8750	
Fsbp	FSBP
Gm18283	
1110038F14Rik	C8orf33
Or6d15	
H2-Q6	
Gm43127	
Fam240a	FAM240A
E2f4	E2F4
Gm18485	
Gm11833	
Zfp422	ZNF22
Ubap1	UBAP1
Gm55927	
Cripto	CRIPTO3
Cripto	CRIPTO
Gm8752	
Gm15123	
Gstm7	GSTM2
Gm15124	
9430060I03Rik	
H2-T15	
Gm44154	
Gm47793	
Capn10	CAPN10
Akr1b10	AKR1B10
Mex3d	MEX3D
Fibcd1	FIBCD1
Elmo3	ELMO3
Zftraf1	
Gm56208	
Mbd3	MBD3
Zfp609	ZNF609
Gm8810	
Gm57852	ZFTRAF1
Gm13944	
H2-T13	
Hnf4a	HNF4A
4833420G17Rik	C5orf34
Tmem276	TMEM276
Lrrc2	LRRC2
Phf21b	PHF21B
Kif24	KIF24
Hspb8	HSPB8
Gm43535	
Rbm33	RBM33
Rtp3	RTP3
Akr1b7	AKR1B10
Gm48603	
Gm48600	
Glb1l2	GLB1L2
Gm48601	
Gm48602	
Gm48595	
Gm48594	
Gm8438	
Gm48592	
Gm39078	
Gapdhrt	GAPDH
Gpr35	GPR35
Gm25466	
Hps5	HPS5
Mir5124b	
Rpl21-ps4	
Ang-ps2	
Ear-ps9	
Ear-ps8	
Ang-ps3	
Ear10	RNASE2
Ear10	RNASE3
Gstm6	GSTM1
Gm8113	
Tmem131	TMEM131
Gm9550	
Ear-ps7	
Gm49087	
Rassf4	RASSF4
Ear-ps10	
Gm8194	
Ang-ps1	
Gm16545	
Ear2	RNASE2
Ear2	RNASE3
Gm25881	
Gm49103	
Gm55919	
Ttpal	TTPAL
Mir328	
Gm18216	
Fbxl9	
Rpl13-ps3	
Gm48453	
1700129C05Rik	
Nudt2	NUDT2
Gm9752	
Gm4217	
Uqcr11	UQCR11
Tmem267	TMEM267
Nup50	NUP50
Myorg	MYORG
Tmem208	TMEM208
Spmip6	SPMIP6
Gm47191	
Gm53057	
Gm7896	
Gm11346	
Gm6211	
Gm59373	
Gm18517	
Gm59374	
Lamc3	LAMC3
Rpl29-ps2	
Gm59375	
Tcf3	TCF3
Gm9742	
Rcbtb1	RCBTB1
Gm59376	
Gm5374	
Gm59378	
Gm18856	
Gm59380	
Gm3325	
5031439G07Rik	KIAA0930
Gm3333	
Zfp640	
Zfp389	
B230303A05Rik	
Gm48733	
Gm59389	
Gm7240	
Gm48691	
Lrrc70	
Shh	SHH
A930007I19Rik	
Gm19663	
Srrm4	SRRM4
Gm21976	
Gm59391	
Trgv6	
Gstm3	GSTM1
Trgv3	
Trgc3	
Snrnp48	SNRNP48
Bpgm	BPGM
Mir1249	
Gm44579	
Gstm2	GSTM1
Cacnb3	CACNB3
Fam219a	FAM219A
Gm42853	
4933430H06Rik	
Mir7043	
Fhod1	FHOD1
Gm10290	
Depp1	DEPP1
Gm43161	
Gm42854	
Gstm2-ps1	
4930569F06Rik	
Gm7478	
Suds3	SUDS3
Tmem72	TMEM72
Gm18697	
Aqp12	AQP12A
Aqp12	AQP12B
Gm22882	
Dtnbp1	DTNBP1
Gm43926	
Gm43929	
1700105P06Rik	
Gm43930	
Klf7	KLF7
D030044L04Rik	
Cxcl12	CXCL12
Gm43746	
Gm49072	
Prkacb	PRKACB
Gm21162	
1810007D17Rik	
Gm3216	
Gm3221	
Gm8161	
Ptprg	PTPRG
Ltf	LTF
1700030N03Rik	
Gm11846	
Gm12404	
Gm8815	
Serinc3	SERINC3
Gm37985	
Gm56217	
Triqk	TRIQK
Slc9a5	SLC9A5
H2-T9	
Gm59191	
Gm59195	
Gm30083	ANTXRL
Ddx23	DDX23
Gm13748	
Gm5460	
Gm13750	
Gm56116	
Rnf32	RNF32
Gm28980	
Lgr6	LGR6
Gm33467	
H2-T10	
Gm59623	
C730002L08Rik	
Rpl28-ps4	
Gm59625	
Gm4640	
Gm56218	
Gm6227	
Dnai1	DNAI1
Gm59626	
6820426E19Rik	
Gm16876	
Gm19684	
Gemin6-ps	
Zfp637	ZNF32
Gm17782	
Gm59627	
H2-T5	
Plekhg4	PLEKHG4
Gm59628	
Gm8378	
Gm32441	
Gm59629	
A630023A22Rik	
Gm9895	
Gm2270	
Gm59630	
Gm59632	
Gm59633	
Antxrl	ANTXRL
Gm30296	
Gm20069	
Rnd1	RND1
Gm48678	
Gm48607	
Gm56646	
Ndufb4b	
Gm35268	
4930511A02Rik	
Gm59783	
Gm59784	
Gm59787	
Zfp239	ZNF239
Pkig	PKIG
Gm20495	
Gm59788	
H2-T3	
Gm56671	
Gm56659	
Gm59640	
Gm11819	
Gm48606	
Gm11826	
Gm11825	
Gm56220	
Enho	ENHO
Ccdc65	CCDC65
Creb1	CREB1
Gm59642	
Gm59643	
Gm59644	
Gm49129	
Gm59645	
Gm59646	
Gm24998	
Ang6	ANG
Gm59647	
Runx1t1	RUNX1T1
Gm56545	
Gm10375	
Gm59648	
Gm56654	
Gm43814	
Gm56548	
Glb1l3	GLB1L3
Gm59649	
2410080I02Rik	
Gm29361	
Ddx46	DDX46
Gm59650	
Gm29509	
Ang5	ANG
Gm59652	
Hnrnpf	HNRNPF
Anxa8	ANXA8
Anxa8	ANXA8L1
Gm59655	
Gm59656	
1700121N20Rik	
Gm50441	
Gm5622	
Kctd19	KCTD19
Fkbp11	FKBP11
Gm20467	
Gm16290	
Gm17175	
Gm59657	
Gm59658	
Gm56644	
Gm59659	
Gm19156	
Gm31512	
Gm17174	
Gm7420	
Anapc4	ANAPC4
Arf3	ARF3
Gm19157	
Gm17078	
5830428M24Rik	
Gm50114	
Gm19158	
Gm4181	
Gm17186	
Ada	ADA
Gm7352	
Gm18577	
Gm2244	
Gm2237	
Gm5458	
Wnt10b	WNT10B
Gm41819	
4930469B13Rik	
Gm48157	
Gm16312	
Vmn2r88	
Gm4246	
Gm20447	
Ccrl2	CCRL2
Gm5682	
Sipa1	SIPA1
Gm20392	
Gm20545	
Pou1f1	POU1F1
Gm20391	
Gm55440	
Gm4252	
Gm20546	
Ccn5	CCN5
Aopep	AOPEP
Gm6633	
Zfp598	ZNF598
Gm11823	
Gm24068	
Gm11824	
Gm24908	
Gm11836	
Rp31-ps19	
Cntfr	CNTFR
Gm26409	
Trip4	TRIP4
4933440N22Rik	
Kcnk15	KCNK15
Gm43863	
Cald1	CALD1
Gm40434	
Rims4	RIMS4
Gm59661	
4931414P19Rik	C14orf93
Gm51970	
Gm59663	
Gm59664	
Wnt1	WNT1
Ywhab	YWHAB
Gm56521	
Gm59666	
Gm59667	
Gm59668	
Lrrc36	LRRC36
Gm59669	
Gm40561	
Gm36894	
Ddn	DDN
Gm59670	
Gm53760	
Gm34895	
Gm31573	
Prox2os	
Psmb5	PSMB5
Prkag1	PRKAG1
Gm35240	
Gbe1	GBE1
Gm59673	
Gm59674	
Mir686	
Gm59675	
Psmb11	PSMB11
Gm53770	
Cdh24	CDH24
Gm59676	
Gm59677	
Gm59678	
Gm59679	
Syngr3	SYNGR3
Gm10165	
Pabpc1l	PABPC1L
Gm59680	
Gm35041	
Noxo1	NOXO1
Acin1	ACIN1
Gm19104	
Gm10288	
Gstm1	GSTM1
Gm14460	
Gm56312	RN7SKP109
Gm14464	
Gm14463	
Tomm34	TOMM34
Slc26a7	SLC26A7
Gm59681	
Gm59682	
Gm5432	
Krtap13-23	KRTAP13-3
Krtap14	
Gm59683	
Hes1	HES1
Kmt2d	KMT2D
Gm48558	
5033425G24Rik	
4930458K08Rik	
4931403G20Rik	
Gm59684	
Gm59685	
Gm59686	
Gm59688	
Gm20040	
Gm56556	
Gm6029	
Gm59689	
Gm59690	
Gm55193	
Mir5132	
Gm49645	
Mir718	
Gm30290	
Mecp2	MECP2
Cpn2	CPN2
Tbl3	TBL3
Lrrc15	LRRC15
Gm25592	
Gstm4	GSTM4
Gm59691	
Gm59692	
Tmem64	TMEM64
Gm59693	
Gm29952	
Col8a1	COL8A1
Gm53731	
Gm24317	RNU6-641P
Gm11856	
Rian	
Gm11859	
Gm11857	
Gm11858	
Gm11855	
Il11ra1	IL11RA
Ube2e3	UBE2E3
Gm49577	
Gm5674	
Mettl21a	METTL21A
Gm24039	
Rpl7a-ps4	
Gm37458	
Gm49576	
Gm49574	
Dcbld2	DCBLD2
Naaa	NAAA
Gm45309	
Acsm1	ACSM1
Tppp3	TPPP3
Ccnyl1	CCNYL1
Gm1110	
Gm37004	
Gm14466	
Gm14469	
Gm14465	
Stk4	STK4
Opn1mw	OPN1LW
Opn1mw	OPN1MW2
Opn1mw	OPN1MW3
Opn1mw	OPN1MW
Ttll7	TTLL7
Zdhhc1	ZDHHC1
Gm5120	
Rnf151	RNF151
Gm55932	
Gm16073	
Pclaf	PCLAF
Gm11455	
Gm56313	
Kcns1	KCNS1
Fzd5	FZD5
Tex28	TEX28
Rps2	RPS2
Wfdc5	WFDC5
Osbpl11	OSBPL11
Gm38058	
Gm23248	
Acad8	ACAD8
Plekhm3	PLEKHM3
Rpl3-ps2	
Tktl1	TKTL1
Gm8838	
Hsd11b2	HSD11B2
A730032A03Rik	
Wfdc12	WFDC12
Atp6v0d1	ATP6V0D1
Wfdc15a	
Rbfox1	RBFOX1
Wfdc15b	
Flna	FLNA
Snora78	
Snora78	SNORA78
Snora64	SNORA64
Ndufb10	NDUFB10
Gm49437	
5730414N17Rik	
Rhebl1	RHEBL1
Thyn1	THYN1
Semg1	SEMG1
Semg1	SEMG2
Gm45792	
Gtf2h1	GTF2H1
Kif1a	KIF1A
Gm43664	
Gm23532	
Rpl3l	RPL3L
Slc34a2	SLC34A2
Homer3	HOMER3
Hsd17b12	HSD17B12
Vps26b	VPS26B
Gm6074	
Gm17182	
Gm37803	
Gm48469	
Gm48673	
Gm48477	
Tnik	TNIK
Sdad1	SDAD1
Lrrfip2	LRRFIP2
Gm48490	
Msrb1	MSRB1
Slfn4	SLFN12
Slfn4	SLFN12L
Acsm4	ACSM4
Krbox5	
Gm56223	
Svs3b	SEMG1
Svs3b	SEMG2
Calb1	CALB1
Hs3st6	HS3ST6
Dhh	DHH
Svs4	
Wdr41	WDR41
Vmn1r-ps144	
Pdxk-ps	
Lmbr1l	LMBR1L
Gm56316	
Mir129-2	
Mir129b	MIR129-2
Mir670	
Svs3a	SEMG1
Svs3a	SEMG2
Thumpd1	THUMPD1
Meikin	MEIKIN
Gm18273	
Itga4	ITGA4
Vmn1r-ps140	
Ddx49	DDX49
2700099C18Rik	
Cyp4f41-ps	
Gm44866	
Gm19963	
Hamp2	HAMP
Gm26148	
H2-K2	
Decr1	DECR1
Gm15320	
Gm18733	
Slfn3	SLFN12
Slfn3	SLFN12L
H2-T7	
Or2h2b	OR2H1
Usf2-ps1	
Gm12225	
Dnah2	DNAH2
Hamp	HAMP
Gm25008	RNU6-704P
Capn11	CAPN11
Fxyd4	FXYD4
Cope	COPE
Mir6400	
Nbn	NBN
Adam12	ADAM12
Fcho2	FCHO2
Tmem63b	TMEM63B
Gm11869	
Osgin2	OSGIN2
Gm43599	
Tuba1b	TUBA1B
Gm23031	
Sel1l3	SEL1L3
Gm11870	
Gm11874	
Ripk2	RIPK2
Gm56321	
Gm19514	
A130023I24Rik	
Usf2	USF2
Npn2	
Upf1	UPF1
Gm55900	
Gm14547	
Gm4875	
Gm49450	
Gm49449	
Rasgef1a	RASGEF1A
Tuba1a	TUBA1A
Svs6	
Svs5	
Gm8973	
Tuba1c	TUBA1C
Gm56226	
Gm11865	
Gm37355	
Gm11864	
Gm11861	
Gm24978	
Gm11862	
Gm23975	RNU6-1064P
Gm11848	
Gm11850	
Gm11849	
Gm56227	
Slpi	SLPI
Gm11851	
Mmp16	MMP16
Prph	PRPH
Mir7678	
Cerkl	CERKL
Fnip1	FNIP1
Mir7044	
Csgalnact2	CSGALNACT2
Gm59780	
4930428E07Rik	
Cxcl9	CXCL9
Gm56011	
Smim20	SMIM20
Gm48715	
1700064M15Rik	
Gm23908	
Agbl3	AGBL3
Gm6566	
Gm59792	
Gm59805	
1700013N06Rik	
Gm59301	
Gm45495	
Gm56012	RNA5SP172
Gm59359	
Gm56013	
Lmbr1	LMBR1
Gm36629	
Pcnx3	PCNX3
Gm59812	
Gm59813	
Gm47863	
Gm59814	
Troap	TROAP
Gm59815	
Gm32348	
Gm16172	
Mrpl14	MRPL14
Gm22606	
Gm13673	
Gm17081	
Neurod1	NEUROD1
Gm24198	RNU6-310P
Gm10599	
Lrrc37a	LRRC37B
Lrrc37a	LRRC37A3
Lrrc37a	LRRC37A
Lrrc37a	LRRC37A2
Gm59818	
Gm50470	
Gm40574	
Ccl21b	CCL21
1600014C23Rik	
Lrrc37	LRRC37B
Lrrc37	LRRC37A3
Lrrc37	LRRC37A
Lrrc37	LRRC37A2
Gm59819	
Vmn2r98	
Gm59821	
Gm59822	
Tcstv7b	
Gm59824	
Nnt	NNT
Gm59825	
Gm59827	
Gm40422	
Ttc17	TTC17
Mlh1	MLH1
Vmn2r127	
Gm21953	
H2-Ea	HLA-DRA
Comp	COMP
Gm59831	
Ccr6	CCR6
Gm59832	
Gm59834	
Spata31f1c	SPATA31F1
Gm59835	
Gm2800	
Gm11643	
Gm21586	
Lyzl6	LYZL6
Gm59837	
Gm31447	
Gm17077	
Gm4673	
Gm55020	
Gm54424	
Gm53189	
Gm26074	
Gm35895	
Qtrt2	QTRT2
Gm59839	
Spata31f1b	SPATA31F1
Gm59846	
D7Ertd443e	C10orf90
Gm59847	
4930478K11Rik	
4930473H19Rik	
Mir6960	
Gm52989	
C1ql4	C1QL4
Ccl21e	CCL21
Gm59852	
Gm59853	
Gm56536	
Dnajc22	DNAJC22
Gm56535	
Rprml	RPRML
Gosr2	GOSR2
Gm46326	
Gm40399	
Gm32934	
Sft2d1	SFT2D1
2810032G03Rik	
Zfp7	ZNF7
Unc13b	UNC13B
Crtc1	CRTC1
Gm59866	
Gm59867	
Gm40394	
Gm59869	
Gm46357	
Gm59870	
Gm59871	
Gm59872	
Gm11642	
Commd5	COMMD5
Gm59876	
Wnt9b	WNT9B
4930465M20Rik	
Cyth4	CYTH4
Gm55938	
Wnt3	WNT3
Epm2aip1	EPM2AIP1
Csnk1g1	CSNK1G1
Gm9333	
Klhl26	KLHL26
Gm25989	SNORA84
Acsm3	ACSM3
Ccdc191	CCDC191
Nsf	NSF
Gm59888	
Gm49987	
Gm47767	
Prr18	PRR18
Gm59889	
Gm34237	
Gm40576	
Gm46593	
Gm15425	
Gm17087	
H2-Q10	
Tmem59l	TMEM59L
Rala	RALA
1810024B03Rik	
Gm47766	
Pou5f1	POU5F1B
Pou5f1	POU5F1
Gm59912	
Itpa-ps1	
Gm59913	
1700020G03Rik	
Matn4	MATN4
Crlf1	CRLF1
Gm18362	
Gm48754	
Gm32699	
A930027P06Rik	
Gm56559	
Gm48776	
Gm48778	
Yae1d1	YAE1
Gm59923	
2900045O20Rik	
Gm13864	
Rex1bd	REX1BD
Gm13862	
Gm13863	
Gm59927	
Ret	RET
Gm35208	
Emd	EMD
Gm48799	
Lmbr1	
Gm6575	
Gm48800	
Ube3c	UBE3C
Pou6f2	POU6F2
Gm8609	
Gm4425	
LINC03051	LINC03051
Gm10433	
Tcf19	TCF19
Gm37508	
Gm22543	RNU6-539P
Gm36939	
Gm54407	
Gm54408	
Gm54409	
Gm54410	
Gm54411	
Gm28750	
Lsamp	LSAMP
Gm36263	
Gm52987	
Cchcr1	CCHCR1
Gm26796	
Uba52	UBA52
Gm16085	
Gm59940	
Gm14686	
Gm48829	
Gm59941	
Gm5446	
Rpl10	RPL10
Gm59942	
Gm53764	
Elmo1	ELMO1
Gm59943	
Gm56516	
Gm36634	
Elfn2	ELFN2
Gm59945	
Gm59946	
Gm47515	
Taok3	TAOK3
Mfng	MFNG
Gm49737	
Gm59948	
Gm59949	
Gm49738	
Gm59951	
Gm59952	
Gap43	GAP43
Gm8738	
Gm33680	
Arf2	ARL17A
Arf2	ARL17B
Api5	API5
Mir6540	
A630089N07Rik	
Agxt	AGXT
Mir6948	
1700123O20Rik	C14orf119
Gm5962	
Tmem41a	
Gm59965	
Gm59966	
Card10	CARD10
Fkbp8	FKBP8
Gm35135	
Cirop	CIROP
Gm47804	
Gm29007	
Liph	LIPH
Gm32635	
Cebpe	CEBPE
Crhr1	CRHR1
Gm48616	
Slc7a8	SLC7A8
Gm59981	
Gm59984	
Gm40572	
Mab21l4	MAB21L4
Gm56317	
Rbpjl	RBPJL
Gm51969	
Snora70	
Dnase1l1	DNASE1L1
Gm59989	
1700030L22Rik	
Gm59996	
Gm59998	
4930474N09Rik	
Gm60000	
Gm30298	
Crocc2	CROCC2
Gm17772	
Sppl2c	SPPL2C
Rnf212b	RNF212B
Gm32369	
Psors1c2	PSORS1C2
Gm60004	
Gm4846	
Cdsn	CDSN
Rapgef6	RAPGEF6
Gm9613	
Gm7318	
Gm60005	
Cdc42ep1	CDC42EP1
2300002M23Rik	C6orf15
Gm30101	
Lgals2	LGALS2
Gm60007	
Gm56551	
Vars2	VARS2
Gm56149	
Gm4847	
Gm60009	
Gm47665	
Gm30150	
Gm32036	
Gm13788	
Gm24318	
Gm47664	
Gm26396	
Gm13798	
Gm47657	
Gm13797	
Sdc4	SDC4
Gm8865	
Gm47721	
Gm7611	
Homez	HOMEZ
Gm10353	
Gm7614	
Gm60010	
Hmgcs1	HMGCS1
Gm60011	
Gm59134	
Gm26634	
Gm60012	
Mir6987	
Map3k11	MAP3K11
Gm56547	
Gm30557	
Gga1	GGA1
Fmo9	
Bms1	BMS1
Gm60016	
Ppp1r3e	PPP1R3E
Gm15283	
Gm37175	
Gm13801	
Lrrc4c	LRRC4C
Bcl2l2	BCL2L2
Ell	ELL
Gm51986	
Gm60022	
Gm34662	
Gm60036	
Gm60038	
Gm53753	
4930445B16Rik	
Gm48342	
Snrnp200	SNRNP200
Uqcrfs1	UQCRFS1
Gm50315	
Mir7091	
Gm4954	
Gm14846	
Isyna1	ISYNA1
Tafazzin	TAFAZZIN
Kcnk7	KCNK7
Gm37904	
Gm20521	
Gm6286	
Pth2r	PTH2R
Dusp22	DUSP22
Zfp248	ZNF248
Pabpn1	PABPN1
Ehbp1l1	EHBP1L1
Mir6955	
Gm49510	
Lsr	LSR
Sh3bp1	SH3BP1
Gm60052	
Senp2	SENP2
Gm60053	
Gm60054	
Gm32755	
Gm60058	
Gm60060	
Gm60062	
Gm60064	
Gm31187	
Gm28927	
Gm60069	
Gm31308	
Gm28926	
Gm60070	
Gm28925	
Gm55903	
Ssbp4	SSBP4
Zfp9	ZNF25
Gm28923	
Gm60071	
Gm60072	
Gm28922	
Gm60073	
Gm28728	
Gm48539	
Gm5255	
Gm60081	
Gm8805	
Gm60082	
Fam78b	FAM78B
Gm60083	
Gm18223	
Ankrd26	
Gm11370	
Gm53768	
Gm11371	
Gm48662	
Gm11372	
Irf4	IRF4
Gm60088	
Gm60090	
Gm60091	
Gm60092	
Gm33037	
Gm22657	
Ppib	PPIB
Gm17868	
Gm37994	
Crygf	
Gm60106	
Gm47376	
Gm8809	
Trank1	TRANK1
Gm15659	
Gm60109	
Gm8812	
Uck2	UCK2
Gm47713	
Gm60112	
4930512B01Rik	
Gm60117	
Gm60118	
Gm60119	
Gm60120	
Gm60121	
Gm47872	
Gm60122	
Gm29508	
Gm17075	
Gm17076	
Gm56318	
Gm22313	
Gm56319	
Gm56320	
Gm13803	
Sys1	SYS1
Gm60123	
Gm35488	
Gm43442	
Gm23273	
Gm43443	
Chrm2	CHRM2
Gm56224	RNU6-928P
Onecut3	ONECUT3
Gm46355	
Mir490	MIR490
Gm43441	
Gm2189	
Exoc2	EXOC2
Gm55911	
Gm60131	
Ptn	PTN
Gm60132	
2610034O05Rik	
Gm60133	
Gm45546	
Atp8b3	ATP8B3
Lrrc25	LRRC25
Ppp1r36dn	
Dgki	DGKI
Snx22	SNX22
Gdf15	GDF15
Gm40548	
Pgpep1	PGPEP1
Gm60134	
Gm60135	
Gm16497	
Pdxp	PDXP
Igf2bp2	IGF2BP2
Gm42527	
Gtf2h4	GTF2H4
Dclk3	DCLK3
Gm29235	
Gm13809	
Gm20458	
Lgals1	LGALS1
Mir6347	
Gm37232	
Slc22a17	SLC22A17
Gm13808	
Gm13811	
Tmco1	TMCO1
Gm13812	
Gm13810	
Gm60136	
Trp53tg5	TP53TG5
Gm40840	
Gm48578	
Gm47396	
Gm40270	
Gm56537	
Gm60138	
Atf1	ATF1
Ciao1	CIAO1
Gm60142	
Gm56541	
Gm42523	
Gm43236	
Gm32906	
Snx1	SNX1
Gm46363	
Gm60147	
Lsm4	LSM4
Gm36495	
Gm51997	
Gm60151	
Gm60152	
Gm60153	
Gm43637	
Gm60156	
Gm56023	
Gm48242	
Pebp1	
Gm60160	
Gm60161	
4933435C09Rik	
Eri2	ERI2
Gm60164	
Gm60165	
Gm60166	
Gm48681	
4921511I17Rik	
Gm11175	
Gm32370	
Tmem127	TMEM127
Iqcn	IQCN
Gm3336	CIST1
Gm56171	
Gm24182	
Aldh9a1	ALDH9A1
Gm34407	
Gm3786	
Ciao2a	CIAO2A
Gm60179	
Gm42546	
Pde4c	PDE4C
BC051077	
Gm60180	
Gm60182	
Gm10399	
Gm56733	
Tmprss12	TMPRSS12
Vsig10	VSIG10
Gm34696	
Gm60184	
Gm49732	
Gm10766	
Dbndd2	DBNDD2
Gm60186	
Gm60187	
Stac	STAC
Gm60188	
Gm56531	
Gm32776	
Gm40447	
Gm33666	
Tmt1a	TMT1A
Gm60194	
Rexo1	REXO1
4921501I09Rik	
Gm60197	
Gm60198	
Gm60199	
Gm48538	
Gm31386	
Gm60206	
Gm60212	
Gm40838	
Tmt1a3	TMT1A
Gm60214	
Gm60215	
Gm15727	
Gm60216	
Gm60218	
9230116L04Rik	
Gm55947	
Art3	ART3
Methig1	
Dapk2	DAPK2
Efs	EFS
Gm60221	
Gm17033	
Mgst3	MGST3
Gm60223	
Gm60224	
Gm60225	
Tmt1a2	TMT1A
Gm60226	
Gm56140	
Cdc42se2	CDC42SE2
Gm60230	
Gm40537	
Higd1c	HIGD1C
Gm25810	RNU6-1266P
Gm5809	
Lrrc52	LRRC52
Gm26980	
Gm36796	
Tra2b	TRA2B
Gm31742	
Rxrg	RXRG
Stard7	STARD7
Gm60243	
Il25	IL25
Gm60253	
Gm60255	
Ddr1	DDR1
Gm60259	
Slc11a2	SLC11A2
4930480M12Rik	
Fam187b	FAM187B
Cmtm5	CMTM5
Gm60261	
Gm60262	
Gm29890	
Gm60267	
Gm32828	
Atp6ap1	ATP6AP1
Gm12227	
Dock1	DOCK1
Gm12229	
Lyrm7	LYRM7
Creb3l2	CREB3L2
Gm60279	
Gm60280	
9530020I12Rik	
Myh6	MYH6
Herc1	HERC1
Gm60287	
9230104M06Rik	
Akr1d1	AKR1D1
Gm40857	
Gm60291	
Gm56528	
Gm56558	
Gm60292	
Gm60293	
Gm60294	
Gm40558	
Gm48071	
Hus1b	HUS1B
Gm7463	
Ybx1-ps2	
Gm5447	
Mpv17l2	MPV17L2
Atp6v0c-ps2	
Gm56146	RNU1-130P
Gm47067	
Hint1	HINT1
Gm7492	
Gm6245	
Gm60298	
Trim24	TRIM24
Gm7201	
Gm33134	
Gm35160	
Gng5-ps	
Gm49582	
Gcnt2	
Gm60305	
Gm7501	
Usp25	USP25
Gm60307	
Gm60309	
Hrct1	HRCT1
Gm60310	
Dusp2	DUSP2
Gm60312	
Gm60313	
Gpx3	GPX3
Gm60315	
Gm60317	
Spaar	SPAAR
Gm60318	
Pik3r2	PIK3R2
Reck	RECK
4930477G07Rik	
Gm60325	
Gm40390	
Pigt	PIGT
Gm35846	
Gm16538	
Lmx1a	LMX1A
Klf16	KLF16
Fam89b	FAM89B
Mapt	MAPT
Abhd17a	ABHD17A
Gm60340	
1700008C04Rik	
Mir5124a	
Gm48192	
Gm48188	
5530402G07Rik	
Pak1ip1	PAK1IP1
Gm50387	
Gm34489	
Znrd2	ZNRD2
Mast3	MAST3
Gm40421	
Gm29093	
Gm20711	
Scamp4	SCAMP4
Mgat4a	MGAT4A
Ltbp3	LTBP3
Gm21816	
9430053O09Rik	
Gm5475	
Slc49a4	SLC49A4
Gm55042	
Letmd1	LETMD1
Gm23428	RNU6-72P
Gm28379	
Iftap	IFTAP
Fbxl22	FBXL22
Gm47855	
Tmem14c	TMEM14C
Usp3	USP3
Gm60365	
Gm60367	
Gm60368	
Gm60371	
Gm60372	
Gm35818	
Gdi1	GDI1
Gm25967	
Hspbap1	HSPBAP1
Mak	MAK
Gm60376	
1700060O08Rik	
Mir208a	MIR208A
Myh7	MYH7
Glipr2	GLIPR2
1700101O22Rik	
Gm26838	
Gm49728	
Parp14	PARP14
Adat3	ADAT3
Ccin	CCIN
Gm49322	ADAT3
Clta	CLTA
Gm60403	
Gm60405	
Gm60406	
Gm60407	
Gm31063	
Fam50a	FAM50A
Mir6912	
Csnk1g2	CSNK1G2
Wsb2	WSB2
4930471E15Rik	
Gm60416	
Svopl	SVOPL
1110002L01Rik	
Csrnp2	CSRNP2
Gm49730	
Gm59694	
Gm41467	
Gm10237	
Dtx3l	DTX3L
Gm24581	
Nps	NPS
Tfcp2	TFCP2
Mir7240	
Il12rb1	IL12RB1
Gm45339	
4930544L04Rik	
Foxi2	FOXI2
Mir7092	
Plxna3	PLXNA3
Clrn3	CLRN3
Gm15563	
Scyl1	SCYL1
Car12	CA12
Cxcl10	CXCL10
Gm60435	
Gm60436	
4933409F18Rik	
Rexo5	REXO5
Atp6v0a4	ATP6V0A4
Parp9	PARP9
Gm20693	
Rag2	RAG2
Gm2673	
Nup54	NUP54
Rag1	RAG1
Dot1l	DOT1L
Wfdc2	WFDC2
Gm60455	
Cracdl	CRACDL
Gm10432	
Arrdc2	ARRDC2
Gm60470	
Gm60471	
Gm31626	
5033421B08Rik	
Gm26520	
4930470B04Rik	
Gm56555	
Gm19863	
Pbx1	PBX1
Gm60475	
Gm47167	
Aph1b	APH1B
Spint3	SPINT3
Gm33682	
A230052G05Rik	
Ccdc124	CCDC124
Traf6	TRAF6
Gm56532	
Gm60484	
Slc5a5	SLC5A5
Gm56032	
Rbpj	RBPJ
Gm60488	
Gm60490	
Gne	GNE
Gm60491	
Gm26571	
Tmem213	TMEM213
Dcun1d3	DCUN1D3
Gm23231	
D630045J12Rik	KIAA1549
Lage3	LAGE3
Gm59707	
2310043M15Rik	
Rpl18a	RPL18A
Gm59708	
Gm59709	
Gm59710	
Wfdc6a	
Gm59711	
Ubl4a	UBL4A
Gm49631	
Gm59713	
Gm59715	
Gm32442	
Gm59717	
4930542D17Rik	
Gm53951	
Gm10647	
Lyrm1	LYRM1
Aph1c	APH1B
Eppin	EPPIN
Gm59722	
Gm59723	
Gm59727	
Wfdc8	WFDC8
Mir208b	MIR208B
Bmp4	BMP4
Gm36150	
Gm27209	
Gm49492	
Gm60516	
Dazap2	DAZAP2
4921517D22Rik	
Gm60518	
4930404K06Rik	
Gm30668	
Gm41464	
Slc10a3	SLC10A3
Gm41442	
Mir7067	
Snora68	SNORA68
Rab8b	RAB8B
Gm60525	
Map1s	MAP1S
Gm60526	
Gm48779	
Gm60528	
Gm37524	
Gm34718	
Gm38381	
Mir6348	
1700063I16Rik	
9630002D21Rik	
Mir6354	
Smagp	SMAGP
Gm5265	
Gm7504	
Gm8777	
Rps27l	RPS27L
Gm48911	
Gm22199	Y_RNA
Zc3hav1l	ZC3HAV1L
Spin1	SPIN1
B020004C17Rik	
Map2	MAP2
Fam3a	FAM3A
Gm59733	
Gm22743	
Gja3	GJA3
Gm25512	RNU6-403P
Gm56150	
Gm41443	
Astl	ASTL
Kansl1	KANSL1
Gm49695	
Gm17151	
Plekhj1	PLEKHJ1
Gjb2	GJB2
Gm59785	
Gm59229	
Gm59738	
Zc3hav1	ZC3HAV1
Gm59274	
AV205837	
Gm10814	
Gjb6	GJB6
Gm60536	
Gm59740	
Gm46356	
Fxyd5	
Nxnl2	NXNL2
Gm41435	
Gm58967	
Gm59361	
D530017H19Rik	
Gm60537	
Gm60538	
Gm54751	
Gm52237	
Gm60539	
H2af-ps2	
Mir1969	
Gm10654	
Gm59262	
Gm29787	
Gm35440	
Gm48725	
Gm56670	
Gm55954	
Lactb	LACTB
Gm8996	
Gm48067	
Haus8	HAUS8
Gm59256	
Gm33366	
Cryl1	CRYL1
Bin2	BIN2
Gm59258	
Mir9-2	MIR9-2
Gm58932	
Gm6411	
Gm36723	
Gm5452	
Gm59103	
Gm8447	
Gm32196	
Majin	MAJIN
Lncbate6	
Gm59742	
Gm59743	
Gm49350	
Gm49767	
Gm59744	
Gm48881	
Sf3a2	SF3A2
Gm59745	
Enc1	ENC1
Gm46560	
Gm55959	RNU6-577P
Gm55959	RNU6-1046P
Gm55959	RNU6-975P
Arpp21	ARPP21
Lncenc1	
Gm23593	
Gm8971	
Gm59746	
Gm29717	
Gm59747	
Gm10128	
Gm59748	
Gm59749	
Gm49342	
Gpha2	GPHA2
Gm59750	
Gm52253	
Gm49736	
Gm34304	
Gm8756	
Gm45030	
Gm56574	
Gm59751	
Gm17518	
1810007C17Rik	
Ppp2r5b	PPP2R5B
Rnase4	RNASE4
Gm59752	
4732463B04Rik	
Gm59753	
Gm59754	
Amh	AMH
Gm59755	
Gm31676	
Gm15743	
Gm33487	
Gm56518	
Ang	ANG
Gm59756	
Gm59757	
Gm41040	
Gm59758	
Gm60564	
Use1	USE1
Gm59759	
Gm60566	
Gm59760	
Jsrp1	JSRP1
Gm59761	
Eddm3b	EDDM3A
Eddm3b	EDDM3B
Gm38407	
Gm30416	
Rnase6	RNASE6
Gm59696	
Gm56155	
Gm56267	RNU1-115P
Slc25a53	SLC25A53
Gm59697	
Tnip1	TNIP1
Mir6961	
Gm41046	
Rnf38	RNF38
Cela1	CELA1
Gm17259	
1810028F09Rik	
Gm23131	
Gm37537	
Wfdc6b	
Gm59698	
Rnase1	RNASE1
Mir466q	
Gm47351	
Slc2a2	SLC2A2
Gm59699	
Gm43578	
Gm59700	
Gm59701	
Rpl30-ps1	
Rnase2b	RNASE2
Rnase2b	RNASE3
Gm59702	
Gm59703	
Gm31938	
Ift56	IFT56
Ear-ps1	
Gm59704	
Mir1982	
Lingo3	LINGO3
Ang2	ANG
Gm59705	
2310005E17Rik	
Gm24473	
Adra2b	ADRA2B
Gm30726	
Ear14	RNASE2
Ear14	RNASE3
Lsm7	LSM7
Gm60588	
Gm17204	
Gm60589	
Gm55309	
Gm55310	
Wfdc16	
Gm17162	
Gm51959	
5430430K15Rik	
Gm24424	
Gm10366	
Gm59706	
Gm59766	
Lrp10	LRP10
Gm59767	
Gm60592	
Gm11456	
Gm53815	
Wfdc9	WFDC9
Gm60593	
Gm16087	
Gm59714	
Atg2a	ATG2A
Gm59716	
Gm59771	
Gm15879	
Gm59718	
Gm59719	
Gm59721	
Wfdc10	WFDC10A
4930526H09Rik	
4930570E03Rik	
Gm60603	
Gm35514	
Gm60604	
Gm29709	
Wfdc11	WFDC11
Gm60605	
Gm60606	
Gm60607	
Gm59724	
Gm40477	
Gm59725	
Gm59726	
Gm11342	
Wfdc13	WFDC13
Ampd2	AMPD2
Spint4	SPINT4
Gm59773	
Galnt6	GALNT6
Sppl2b	SPPL2B
Gm38397	
Gm59728	
Gm59729	
Fam199x	FAM199X
Gm56583	
Gm59775	
Gpat2	GPAT2
Rem2	REM2
Gm59730	
Gm59731	
Gm59776	
Gm59732	
Gm59777	
Gm41044	
Gm60620	
Gm41482	
Gm31613	
Gm60623	
Gm60626	
Gm59734	
Gm38543	
Gm59782	
Gm59735	
Gm49722	
Gm59736	
Gm59737	
Gm30693	
Gm16563	
Gm25770	
Gm8019	
Ubn2	UBN2
Gm5761	
Gm60630	
Gm60632	
Gm15039	
Gm60633	
Gm60634	
Gm60635	
Gm59739	
Prmt5	PRMT5
Gm15042	
Gm50500	
Gm52025	
Gm59789	
Gm60636	
6330408M09Rik	
Gm33489	
Gm59790	
Gm59791	
Gm15045	
Gm41469	
Gm15043	
Gm47682	
Gm59793	
Gm59794	
Gm15044	
Gm59795	
Gm59796	
Gm59741	
Esx1	ESX1
Gm59798	
1700003P14Rik	
Gm59799	
Gm59800	
Gm59801	
Gm59802	
Gm59803	
Gm59804	
1700056N10Rik	
Gm60645	
Gm59806	
Gm60646	
Gm59807	
Gm60647	
Gm59808	
Gm59809	
Gm19990	
Gm59810	
Gm41488	
Gm59811	
Galnt6os	
Gm15040	
4930578N18Rik	
Gm15041	
Gm54830	
Gm8036	
Gm9509	
Gm8664	
Grhl2	GRHL2
Wfdc3	WFDC3
Chrdl1	CHRDL1
Gm47391	
Gm30507	
Gm60651	
Ocel1	OCEL1
Gm30124	
Gm32631	
Gm60653	
Gm29854	
Gm60654	
9930038B18Rik	
Gm59816	
Gm41490	
Prr5l	PRR5L
A730018C14Rik	
Gm59817	
Gm35882	
Nr2f6	NR2F6
Gm59820	
Scarb2	SCARB2
Gm41484	
Dnah3	DNAH3
Gm59826	
Gm30588	
Haus4	HAUS4
Gm59829	
Gm59830	
Gm32865	
Gm60662	
Gm60663	
Gm60664	
Gm59762	
Gm59763	
Gm56510	
G630093K05Rik	
Gm59833	
Ushbp1	USHBP1
Gm41483	
Gm59786	
Gm59150	
Mir194-2	
Mir192	MIR192
Gm14963	
Gm10441	
Gm59764	
Gm59765	
Mir6415	
Cckar	CCKAR
Gm59841	
Gm35444	
Gm59001	
Ehd1	EHD1
Gm49723	
Gm16137	
Ajuba	AJUBA
Gm12500	
Gm16138	
Ncald	NCALD
Gm48770	
Eif5a2	EIF5A2
Gm59848	
Gm59849	
Gm59850	
Gm56538	
Gm59851	
Gm60675	
Gm40938	
Gm60676	
D230030E09Rik	
Gm30127	
Tmprss9	TMPRSS9
Mir7670	
Babam1	BABAM1
Gm59854	
Fmc1	FMC1
Gm59855	
Fam47e	FAM47E
Gm23864	RNU6-910P
Gm18396	
Gm59856	
Gm59768	
Vmn2r130	
Gm59770	
Gm59857	
Gm15697	
Gm59858	
Gm59772	
Rpl22l1	RPL22L1
Rnu6-ps1	
Gm18397	
Gm59860	
Lpar6	LPAR6
Luc7l2	LUC7L2
Gm18416	
1700084F23Rik	
Vmn2r-ps131	
Gm40436	
Vmn2r-ps132	
Gm49840	
Gm49131	
Gm59861	
Gm60689	
Gm49841	
Gm49843	
Itm2b	ITM2B
Gm45926	
Gm59862	
Gm60691	
Gm34266	
Gm35155	
Gm49844	
Mir5106	
Gm49845	
Melk	MELK
Gm59863	
Gm49846	
Gm59864	
Esp8	
Gm59865	
Gm21691	
Gm60695	
Gm60696	
Gm49847	
Gm29748	
Gm60697	
Gm59241	
Ankle1	ANKLE1
Gm59239	
Gm46573	
Esp6	
Gm60698	
Gm33418	
Cdc42bpg	CDC42BPG
Gm60702	
Gm44501	
Esp5	
Gm60703	
Gm59868	
Esp4	
Gm60705	
1700119H24Rik	
Gm23325	
Mid1	MID1
Esp3	
Gm37867	
Gm37924	
Gm60706	
Gm49850	
Gm1527	
Gm59875	
E130310I04Rik	
Esp1	
Gpatch11	GPATCH11
Stbd1	STBD1
Mir7050	
Gm4266	
Mrgpra1	MRGPRX3
Mrgpra1	MRGPRX4
Mrgpra1	MRGPRX2
Mrgpra1	MRGPRX1
Med4	MED4
Gm60713	
Gm46328	
Gm29479	
Gm59882	
Gm25217	
Gm25326	
4930560O18Rik	
Mrgpra2a	MRGPRX3
Mrgpra2a	MRGPRX4
Mrgpra2a	MRGPRX2
Mrgpra2a	MRGPRX1
Tbc1d19	TBC1D19
Gm60714	
Gm59883	
Gm34408	
Mrgpra2b	MRGPRX3
Mrgpra2b	MRGPRX4
Mrgpra2b	MRGPRX2
Mrgpra2b	MRGPRX1
Gm59884	
4833415N18Rik	
Gnat2	GNAT2
Gm52245	
Gm59885	
Gm7255	
Gm60719	
Abhd8	ABHD8
Gm60721	
Gm59886	
Mrgprc4-ps	
Gm59887	
Gm40577	
Gm32925	
Mrgpra14	
Gm6548	
Eif2ak2	EIF2AK2
Gm29936	
Gm47819	
Gm9322	
Lppos	
Mrgpra3	MRGPRX3
Mrgpra3	MRGPRX4
Mrgpra3	MRGPRX2
Mrgpra3	MRGPRX1
Gm60724	
Nudt15	NUDT15
Gm60726	
Tle2	TLE2
Mrpl34	MRPL34
Gm60727	
Gm12677	
Gm60729	
Gm12455	
Gm34611	
Fxyd7	FXYD7
Gm24376	
Gm59895	
Dnttip1	DNTTIP1
Gm59896	
Gm59897	
Pax5	PAX5
Dda1	DDA1
Gm59898	
Gm59899	
Gm59900	
Gm59901	
Plekhd1os	
Gm59902	
Sucla2	SUCLA2
Gm59903	
Gm59904	
Gm40892	
Gm59905	
Gm60739	
Gm59906	
Gm15657	
Gm60740	
Gm60743	
Gm35350	
Gm28221	
Gm34923	
Gm54767	
Gm15941	
Gm60745	
Gm59911	
Gm60747	
1700084M22Rik	
Gm60749	
Gm29864	
Gm59915	
Gm33502	
Silc1	
Gm59916	
Gm50198	
Men1	MEN1
1700007H22Rik	
Mrgprc1-ps	
Gm8668	
Gm3267	
Gm2707	
Gm49311	
Gm55596	
Gm24833	
Gm28288	
Sult6b1	SULT6B1
Gm15942	
Gm15940	
Mrgprc3-ps	
Tamalin	TAMALIN
Ldaf1	LDAF1
Gm59921	
Ano8	ANO8
Gm59922	
Gm59924	
Gm59925	
Gm59926	
Gm56329	
Gm59936	
Commd9	COMMD9
Gm59938	
Nr4a1	NR4A1
Gm9961	
Egfem1	
Gm49165	
Cebpzos	CEBPZOS
Gm26562	
Gm49164	
Gm24729	
Gm10558	
Gm24540	
Gm16409	
Gm25411	
Nuf2	NUF2
Gm18683	
Gm54863	
Gm43268	
Gm49170	
Klrg2	KLRG2
Gm43266	
Gm5733	
Gm18148	
Ccdc158	CCDC158
Mzt1	MZT1
Gm56336	
Ube2c	UBE2C
Gm18348	
Gm29563	
Mrgprc7-ps	
Gm18349	
Mrgpra18-ps	
Bora	BORA
Cebpz	CEBPZ
Gm5734	
Gm56721	
Atg101	ATG101
Mrgprc2-ps	
Mrgpra4	MRGPRX3
Mrgpra4	MRGPRX4
Mrgpra4	MRGPRX2
Mrgpra4	MRGPRX1
Clec2l	CLEC2L
Mrgprx1	MRGPRX3
Mrgprx1	MRGPRX4
Mrgprx1	MRGPRX2
Mrgprx1	MRGPRX1
Pla2g10os	
Smim41	
Mrgprb7-ps	
Gm46397	
Gm49499	
Plvap	PLVAP
Gm28666	
Tnnc2	TNNC2
Krt80	KRT80
Mrgprb12-ps	
1700025H01Rik	
Hipk2	HIPK2
Gm18351	
Gm60778	
Gm28665	
Gm56509	
Dio3os	
Mrgprb5	MRGPRX3
Mrgprb5	MRGPRX4
Mrgprb5	MRGPRX2
Mrgprb5	MRGPRX1
Ccdc194	CCDC194
Gm18352	
Gm7850	
Gm49432	
Bst2	BST2
Mrgprb4	MRGPRX3
Mrgprb4	MRGPRX4
Mrgprb4	MRGPRX2
Mrgprb4	MRGPRX1
Gm59955	
Ldlrad3	LDLRAD3
Gm59956	
Tbl1x	TBL1Y
Tbl1x	TBL1X
Gm59957	
Gm26950	
Gm59958	
Gm30401	
Gm59959	
Gm59960	
Gm36703	
Gm18356	
Gm59961	
Gm59962	
Gm59963	
Gm59964	
4930404I05Rik	
Mrgprb13	
Gm60783	
Gm56523	
Mvb12a	MVB12A
Gm59838	
Gm53796	
Gm18357	
Gm48626	
Gm59843	
Gm59967	
Gm59844	
Gm59968	
Gnai3	GNAI3
Gm59845	
Gm60785	
Mrgprb8	MRGPRX3
Mrgprb8	MRGPRX4
Mrgprb8	MRGPRX2
Mrgprb8	MRGPRX1
Gm26698	
Gm59969	
Mrgprb1	MRGPRX3
Mrgprb1	MRGPRX4
Mrgprb1	MRGPRX2
Mrgprb1	MRGPRX1
Gm29502	
Gm59970	
Gm59972	
Gm56608	
Gm18870	
Gm30064	
Dis3	DIS3
Gm47545	
Mrgprx2	MRGPRX3
Mrgprx2	MRGPRX4
Mrgprx2	MRGPRX2
Mrgprx2	MRGPRX1
Gm60791	
Mir1941	
Gm49500	
Gm60793	
Ndufaf7	NDUFAF7
Krt7	KRT7
9330151L19Rik	
A330048O09Rik	
Mrgprb2	MRGPRX3
Mrgprb2	MRGPRX4
Mrgprb2	MRGPRX2
Mrgprb2	MRGPRX1
Gm59979	
Gm59982	
Mrgprb9-ps	
Gm15835	
Gm59985	
Gm60802	
Tmem221	TMEM221
Gm18353	
Gm60804	
Gm17750	
Gm60805	
Gm60806	
Gm60808	
Mrgprb3	MRGPRX3
Mrgprb3	MRGPRX4
Mrgprb3	MRGPRX2
Mrgprb3	MRGPRX1
Gm60809	
Gm13920	
Gm20016	
Gm59991	
Gm13921	
Zp2	ZP2
Gm13866	
Gm32998	
Gm31884	
Snx21	SNX21
Slc27a1	SLC27A1
Gm59995	
Gm59997	
Gm41505	
Gm55070	RNU1-125P
Gm14746	
Gm10777	
Gm31829	
Gm8170	
Zfp873	
Gm40424	
Gm14748	
Gm40998	
Gm8722	
Gm60814	
Prkx	PRKX
Gm60815	
Gm18556	
Gm60816	
4930408O17Rik	
Trim44	TRIM44
BC024063	
AU041133	
Gm47572	
Gm18900	
Gm32525	
Gm47573	
Gm36980	
Zfp938	
Rgs5	RGS5
Gm38029	
Stim2	STIM2
Gm37965	
Mir551b	
Mir21b	
Gm47109	
Gm37557	
Gpr61	GPR61
Gm47382	
Spata31h1	SPATA31H1
1700081N11Rik	
Gm59877	
Gm13868	
Gm59878	
Fjx1	FJX1
Gm59879	
Gm4924	
Gm15286	
Gm60824	
9530014B07Rik	
Gm60825	
Gm60826	
Acot8	ACOT8
Prkd3	PRKD3
Gm46381	
Gm37281	
Gm59880	
Gm60827	
Gm12524	
Gm60828	
Gm59881	
Gm60829	
Amigo1	AMIGO1
Gm60830	
4933433G19Rik	
Gm60831	
Gm33444	
Krt87	
Rgs4	RGS4
Gm8188	
Gm60839	
Gm47809	
Gm4755	
Gm4799	
Chst11	CHST11
Gm60846	
Mir5120	
Gm12462	
Gm60847	
Gm60849	
4930517J16Rik	
5730488B01Rik	
Zcchc7	ZCCHC7
Gm10773	
Gm56276	RNU6-623P
Gm56276	RNU6-1294P
Gm60858	
Slc41a2	SLC41A2
Cyb561d1	CYB561D1
Gm60863	
Gm31989	
Gm49026	
Gm52000	
Gm10338	
Gm22114	
Gm37586	
Gm59890	
Gm5441	
Ccdc190	CCDC190
Gm59891	
Pgls	PGLS
Gm59892	
Gm10340	
Gm59893	
Gm59894	
Gm41507	
Gm31901	
Gm45949	
Gm56554	
Gm53937	
Gm60018	
Gm60866	
Gm17333	
Zswim3	ZSWIM3
Gm16440	
Gm60869	
Gm36585	
Krt88	
Gm7324	RBMXL1
Pamr1	PAMR1
Hsd17b7	HSD17B7
Gm9672	
Pbsn	
Gm60872	
Gm17208	
Gm60874	
Gm60875	
Gm60027	
Gm52001	
Gm16506	
Gm31600	
Gm21991	
Gm60029	
Gm60876	
Gm17184	
Krt81	
BC061237	
Gm60877	
Gm59908	
Gm32073	
Gm60878	
Gm59909	
Gm47170	
Gm60924	
Gm59910	
Nopchap1	NOPCHAP1
Gm59914	
Gm32298	
Atxn7l2	ATXN7L2
Gm60927	
Gm60930	
Gm17093	
Gm60932	
Gm60933	
Gm17183	
Gm17124	
Gm59917	
Gm60039	
Gm3596	
Aldh1l2	ALDH1L2
Gm59918	
Gm17654	
Gm60040	
Adcy8	ADCY8
Gm59919	
Gm60045	
Gm21103	
Gm60048	
Gm60936	
Gm60050	
Gm12230	
Gm60938	
Acap1	ACAP1
Gm36587	
Gm60940	
Gm3509	
Gm59930	
Gm17161	
Gm59931	
Gm3025	
Gm56271	
Gm14744	
Gm10377	
Dcaf10	DCAF10
Gm60942	
Gm59932	
Niban3	NIBAN3
Zswim1	ZSWIM1
Gm59933	
Gm59934	
Gm59935	
Gm52070	
Gm21977	
9430078K24Rik	
Gm17159	
Gm59937	
Gm3077	
Gm47189	
Gm47728	
Spata25	SPATA25
Gm60055	
Zdhhc13	ZDHHC13
Sftpa1	SFTPA1
Sftpa1	SFTPA2
Gm60056	
Gm29908	
Gm60057	
Gm41501	
5430402E10Rik	
Gm60059	
Gm60061	
Gm16907	
Gm60063	
Gm59939	
Gm47662	
Gm60065	
Gm60066	
Tsga10	TSGA10
Gm60067	
Gm61266	
Gm14750	
Gm60068	
Gm14753	
Gm56594	
Gm16458	
Gm60076	
Map4k2	MAP4K2
Neurl2	NEURL2
Gm20751	
Gm60077	
Obp1a	
Maats1os	
Gm36359	
Gm60084	
Zmynd19	ZMYND19
Gm15820	
Gm60085	
Gm60086	
Gm60087	
Gm60089	
Gm18451	
Gm60096	
Gm60099	
Gm8069	
Gm60102	
Gm60949	
Gm30569	
Gm43781	
Gm60951	
Gm60105	
Gm24235	
Gm60953	
Gm4524	
Gm59947	
Gm43779	
Gm25513	
Gm36181	
4930448C13Rik	
Gm43780	
Gm7920	
Gm43396	
Gm30881	
Mbl1	
Gm43199	
Gm59950	
Tent2-ps1	
Gm46422	
Gm30012	
Gm40936	
Gm43778	
Gm20223	
Gm48107	
Gm43705	
Gm59953	
Gm43315	
Gm5938	
Gm42977	
Colgalt1	COLGALT1
Gm60110	
Gm23896	
Gm5046	
Gm24902	
Gm49241	
Gm60111	
Gm23015	
Gm3283	
4930551I23Rik	
Asic1	ASIC1
Gm8115	
Gm60113	
Slc25a51	SLC25A51
Slc25a51	SLC25A52
Gm18901	
Gm60114	
Gm43706	
Gm60115	
Gm6615	
Sftpd	SFTPD
Gm10791	
Gm8121	
Anxa6	ANXA6
Gm43002	
Gm42634	
Anks4b	ANKS4B
Pcdh7	PCDH7
Gm60116	
Gm23461	RNU6-653P
Tbxas1	TBXAS1
Gm14736	
Frzb	FRZB
Gabrq	GABRQ
Gm49227	
Gm56273	
1300002E11Rik	
Shb	SHB
Gm45041	
Csrp3	CSRP3
Gm59971	
Gm47114	
Gm7925	
Gm59973	
Gm22823	
Gm59974	
Gm9671	
Gm2855	
Gm46392	
Gm7953	
Gm2878	
Washc4	WASHC4
Gm3486	
Unc13a	UNC13A
Gm17061	
Gm2888	
Nos1	NOS1
Gm2956	
Gm59976	
Gm59977	
Gm60124	
Gm59978	
Gm60125	
Gm59980	
Gm60126	
Gm59983	
Crym	CRYM
Gm35111	
Gm60127	
Gm13687	
Gm36426	
Gm60128	
Slc1a2	SLC1A2
Sypl2	SYPL2
Gm60129	
Gm2974	
Gm60130	
Gm59987	
Gm59988	
Gm1600	
Gm59990	
Gm59992	
Cetn2	CETN2
Gm3002	
Gm59993	
Gm59994	
Gm52060	
Gm3005	
Gm56274	
Gm59999	
Gm22055	RNU6-879P
Gm15564	
Gm41047	
Gm12411	
Gm12410	
Gm12412	
Aldh1b1	ALDH1B1
Smarcd1	SMARCD1
Gm60001	
Gm30154	
Gm3015	
Gm60002	
Gm8159	
Gm48051	
Psma5	PSMA5
E2f8	E2F8
Gm42962	
Gm40925	
Igfbpl1	IGFBPL1
Gm3029	
Gm23010	
Parp12	PARP12
Gm3047	
Gm60008	
Gm3072	
Gm3095	
Gm31450	
Gm3127	
Nsdhl	NSDHL
Gm56595	
Gm60137	
Gm30724	
Stra6l	
Gm26957	
Gm3138	
Qpct	QPCT
Gm60013	
Gm3149	
Gm33519	
Gm60139	
Gm60014	
Gm60140	
Gm60015	
Gm60143	
Gm60144	
Gm36457	
Gm3159	
5033403F01Rik	
Gm60145	
Gm60146	
Gm42963	
Kdm7a	KDM7A
Zbtb11os1	
Gm3187	
Gm3269	
Gm60148	
Gm3278	
Gm60149	
Gm49111	
Mecom	MECOM
Gm49109	
Abca14	
Gm60150	
Gm8224	
Gm36225	
Gm5930	
Gm60154	
Gm60157	
Gm60158	
Gm60159	
Gm60019	
Gm3370	
Gm56629	
Gm3371	
Gm26800	
Gm60020	
Gm3373	
4933401B06Rik	
Gm60021	
Gm60162	
Gm60997	
Gm4750	
Gm36128	
Gm60023	
Gm41423	
Gm55589	
Actb-ps1	
Gm60024	
Gm52264	
Gm3488	
Gm60025	
Gm36333	
Gm61305	
Gm60026	
4933416E14Rik	
Ppp1r2-ps7	
Gm41448	
B230207M22Rik	
Gm60028	
Gm60168	
Gm61308	
Rps7-ps3	
Gm60030	
Gm60170	
Gm3512	
Gm60171	
Gm49869	
Gm60172	
Gm61310	
Npw	NPW
Btg1b	
Btg1c	
Gm50022	
4921511C20Rik	
Gm5124	
Gm60031	
Gm3526	
Meiob	MEIOB
Magea9-ps	
Gm60032	
Gm3532	
Gm60033	
Gm61312	
Gm3542	
Cypt14-ps	
Gm60173	
Gm60034	
Gm36129	
Cypt15-ps	
Gm60174	
Gm60035	
Gm9603	
Pcdh11x	PCDH11X
Pcdh11x	PCDH11Y
Gm60175	
4930520P13Rik	
Gm60176	
Gm17062	
Gm60177	
1700049E17Rik1	
4930553E22Rik	
Gm61016	
Gm9890	
Gm61018	
Gm17063	
Gm61019	
Gm2930	
Gm47431	
Gm3543	
Gm60183	
Gm40893	
Gm60185	
Gm17166	
D930030I03Rik	
Gm33922	
Gm3573	
Gm60042	
Gm17165	
Gm17038	
Gm15322	
Gm17026	
Gm61020	
Gm61021	
Gm60043	
4930471G24Rik	
Gm61022	
Gm41480	
Gm40386	
Appl2	APPL2
Gm55303	
Gm55304	
Gm48790	
Gm3594	
Gm31431	
Gm60044	
Gm48140	
4930586N03Rik	
Gm30350	
Gm34939	
Gm60190	
Gm17241	
Gm35071	
Gm60191	
Ptpre	PTPRE
Gm60049	
Gpd1	GPD1
Gm60193	
Gm35158	
Gm49041	
Gm60195	
Gm43479	
Gm3633	
Gm26008	RNU6-696P
Gm3642	
Gm60051	
Slc37a3	
9030404E10Rik	
4930557F10Rik	
Hagh	HAGH
Gm3667	
Gm31336	
Gm61032	
Gm3685	
Gm61033	
Gm61036	
Gm29687	
Wnk3	WNK3
Cox14	COX14
1700116B05Rik	
Gm61038	
Gm3727	
4930511J24Rik	
Gm3739	
Cers5	CERS5
Gm32935	
Gm60209	
Gm60210	
4930518P08Rik	
4632428C04Rik	
Gm3752	
Gm61039	
1700022H16Rik	
Ccdc180	CCDC180
Gm3225	
Gm3755	
4933404K08Rik	
Gm55330	
Gm5624	
Gm60075	
Gm61044	
Gm60078	
B230217J21Rik	
Gm60079	
Gm60080	
Gm16439	
AU017674	
Gm8256	
Gm60219	
Gm9593	
Gm21754	
4930558J22Rik	
Gm6541	
Gm60220	
Gm61049	
Gm8267	
Gm60222	
Gm61050	
1700023H06Rik	
Gm32597	
Gm61051	
Gm47432	
Gm60093	
Gm60094	
Gm61053	
Gm47902	
Gm51956	
Gm60227	
Gm60228	
Gm61054	
Gm60229	
Gm49142	
Gm61055	
Gm53786	
Gm2832	
Gm60231	
4930559C10Rik	
Gm60232	
Gm60233	
Gm60234	
Gm49725	
Gm60095	
Gm60235	
Mal	MAL
D730050B12Rik	
Gm49587	
Gm60239	
Gm5798	
Gm60240	
Gm31641	
Tdrd7	TDRD7
Mir6769b	
Jak3	JAK3
1700049E17Rik2	
Gm61058	
Gm61059	
Gm61061	
Gm60245	
Gm5799	
Gm60101	
Gm60247	
Gm61062	
Gm31313	
Gm61063	
Dubr	
Gm61065	
Gm41065	
Gm60104	
Gm61066	
4930579J19Rik	
Gm61067	
Gm61068	
Ctsa	CTSA
Gm61069	
Gm56533	
Gm6401	
Gm60107	
Gm6482	
Gm60108	
Gm49078	
Gm60196	
Gm49080	
E130119H09Rik	
Gm9587	
Gm49082	
Gm49081	
Gm49083	
Gm60200	
Gm7876	
Gm60202	
Gm60203	
Gm4117	
Erdr1x	
Gm61081	
Gm26805	
Ccdc69	CCDC69
Gm61094	
Gm53733	
Ddr2	DDR2
Gm41013	
Gm3239	
Gm7929	
Gm4988	
Gm14821	
Gm7951	
Gm60263	
Gm14655	
Gm61096	
Gm17064	
Gm60264	
Gm61099	
Gm3102	
Ldoc1	LDOC1
Gm8082	
Gm60213	
1700031P21Rik	
Gm3111	
Rps18-ps4	
Gm3123	
Gm8094	
Gm6743	
Gm60270	
Enox2	ENOX2
Gm60271	
Gm8104	
Gm48503	
Gm60272	
Gm60274	
Gm60217	
Gm56573	
Cdv3-ps	
Eya4	EYA4
Gm60278	
Gm15638	
Gm8114	
Rab19	RAB19
Gm3141	
Gm7316	
Gm8122	
Tmod1	TMOD1
Gm53218	
Gm8126	
Mkrn1	MKRN1
Gm17153	
Gm8127	
Igfals	IGFALS
Gm32876	
Gm17155	
Gm2a	GM2A
Gm17154	
1700001F09Rik	
Nubp2	NUBP2
Gm60281	
Gm60282	
Gm47851	
Atp5pb-ps	
Gm60236	
Gm9597	
Gm42635	
2810408A11Rik	
Gm60237	
Gm49315	
Gm42481	
Gm60283	
Gm17027	
Gm42480	
4933432I09Rik	
Lamtor3l	
Gm42482	
Gm9611	
Gm17977	
Gm17164	
Gm2951	
Gm43715	
Lipt1	LIPT1
Gm49360	
Gm42479	
Gm8011	
Gm60241	
Gm42478	
Gm60242	
Gm42639	
Gm4814	
Gm42640	
Gm2966	
Gm42484	
Gm7970	
Gm26995	
Gm7980	
Gm7995	
2610204G07Rik	
Gm60246	
Gm37720	
Gm35279	
Gm56057	
Gm42483	
Gm42486	
Gm42976	
Gm8005	
Gm61119	
Mitd1	MITD1
Gm43045	
Tstd2	TSTD2
Gm42999	
Gm8020	
Gm61120	
Gm8024	
Gm48905	
Gm60249	
Gm22536	
Gm17058	
Gm43394	
Gm60251	
Gm25897	
Gm60252	
Gm4468	
Gm61122	
Gm6632	
Gm17057	
Gm61124	
Gm60254	
Gm49274	
Gm60256	
Gm49275	
Gm8050	
Gm43395	
Gm60257	
Mucl1	
Gm30025	
Gm60295	
Gm8108	
Gm60258	
Gm22308	RNU6-97P
Gm40922	
Gm43044	
Gm60296	
Gm61128	
4930483P17Rik	
Gm33171	
Gm40554	
Gm49491	
Gm43042	
Gm21178	
Gm43043	
Gm54416	
Gm47116	
Mucl2	
Gm43041	
Gm42862	
Gm43392	
Gm61130	
Gm43393	
Gm42861	
Gm39559	
Gm60302	
Gm61133	
4931420L22Rik	
Cbfa2t2-ps1	
Gm47666	
Gm23331	
Gm43390	
Gm3372	
Gm23708	
Gm42860	
Mir128-2	
Gm8138	
Gm55968	
Gm8182	
Gm24957	
Gm43382	
Gm4657	
Gm8165	
Gm61139	
Gm60265	
Gm40959	
Gm8180	
Gm55969	RN7SKP212
Gm43383	
Gm61140	
Gm47875	
Gm56725	
Unc80	UNC80
Gm43384	
Gm61141	
Gm8206	
Gm7183	
Khdrbs3	KHDRBS3
Gm61142	
G6pd2	G6PD
Gm36745	
Gm60269	
Gm61143	
Gm20036	
Gm42430	
Pdcd6ip	
Gm22273	
Gm60319	
Gm43238	
Gm61146	
Gm60273	
Gm24079	
Gm60322	
Gm60275	
Shroom3	SHROOM3
Gm25402	
Gm60276	
Dennd2a	DENND2A
Gm60277	
Gm61149	
Gm15764	
Gm23952	
Gm30966	
Gm60323	
Gm8207	
Gm61152	
4930503E14Rik	
Gm60324	
Gm40287	
Gm38604	
Gm29686	
Gm56284	RN7SKP298
Ncbp1	NCBP1
Spsb3	SPSB3
Mir6989	
Gm24655	
Gm14966	
Gm47834	
Gm47835	
1700047E10Rik	
Gm22811	
Gm49104	
2310057J18Rik	C6orf58
Gm6532	
Gm31064	
Gm8229	
Gm3424	
Gm60284	
Gm61154	
Slc36a3	SLC36A3
Gm8246	
Gm60285	
Gm60286	
Sf1	SF1
3110006O06Rik	
Gm8247	
Gm60336	
Gm49756	
Gm60288	
Gm8257	
Gm61155	
4930474H06Rik	
Gm29431	
Gm61159	
Gm40898	
Gm38066	
Gm49422	
Gm38197	
Gm10258	
Gm61163	
Trps1	TRPS1
Gm38362	
Gm61165	
Gm60342	
Gm8374	
Gm61167	
Gpr160	GPR160
Gm8297	
Gm49757	
Gm48522	
Gm60344	
Gm60345	
Gm61168	
Gm60297	
Gm61169	
Gm60346	
Gm61170	
Gm49575	
Gm8271	
Gm61171	
Gm8220	
Gm61172	
Gm7233	
Gm61174	
Gm60299	
Gm60347	
Slc36a2	SLC36A2
Gm60300	
Gm34047	
Gm60301	
Gm60348	
Gm60303	
Gm60349	
Gm49141	
2310061D13Rik	
Gm60306	
Gm61177	
Gm6526	
Gm60308	
Gm61180	
Gm6337	
Gm35427	
9130015A21Rik	
Gm3676	
Gm60351	
Gm60354	
Gm3264	
4930405D01Rik	
Xpa	XPA
Pltp	PLTP
Gm61189	
Gm61191	
Gm60321	
Gm4166	
Gm36921	
Mir1907	
Zc3h3	ZC3H3
Gm61198	
Gm47548	
Gm61200	
Gm41062	
Adck2	ADCK2
Gm30198	
Gm16596	
Gm56770	
Gm38409	
Gm60326	
Gm18508	
Elapor1	ELAPOR1
Gm60329	
Gm30619	
Gm24981	
Gm60330	
Gm47010	
Gm41000	
Gm20667	
Gm60331	
Gm25694	
Gm10097	
Gm60332	
Cdca2	CDCA2
Gm48836	
Gm60333	
Sec63	SEC63
Gm61205	
Gm34995	
Gm31482	
Gm60334	
Gm61206	
Gm60335	
Gm61209	
1700026N04Rik	
D030025P21Rik	
Gm61213	
Gm60337	
Gm61214	
Gm60374	
Gm40935	
Gm15340	
Slc36a1	SLC36A1
Gm60338	
Gm60339	
Gm60375	
Gm35833	
Gm40934	
Gm48050	
Gm56550	
Gm12444	
Gm12445	
Gm12447	
A930002C04Rik	
Foxe1	FOXE1
Gm34081	
Gm42420	
Eef1d	EEF1D
Insl3	INSL3
Trmo	TRMO
Ndufb2	NDUFB2
Gm30411	
Gm35326	
Gm61220	
1700007L15Rik	
B3gnt3	B3GNT3
Gm61222	
Gm61223	
Gm34017	
Gm61224	
Gm45756	
Eme2	EME2
Gm2436	
Gm60385	
Gm18860	
Gm60387	
Fcho1	FCHO1
Gm60388	
Braf	BRAF
Gm61228	
Gm60391	
Gm60392	
Gm60352	
Gm60394	
Gm2446	
Gm60353	
Gm60355	
Gm60356	
Gm15323	
Gm60399	
Gm61234	
Rps19-ps6	
Gm49326	
Gm49331	
Tpm1	TPM1
Gm60358	
Gm60359	
Gm60360	
Gm41061	
Gm60408	
Gm60409	
Gm60361	
Gm52240	
Gm26464	
Gm60410	
Gm53803	
Scml4	SCML4
Gm60412	
Gm60413	
Gm60414	
Gm60362	
4930588K23Rik	
Hemgn	HEMGN
Gm60363	
Gm60364	
Gm60366	
Fat2	FAT2
Mrps34	MRPS34
Gm60370	
Gm47157	
Gm60419	
Gm49330	
Gm60422	
Gm49328	
Gm60423	
Gm60424	
Gm60425	
Nme3	NME3
Gm60426	
1700092E19Rik	
Gm60427	
Gm15729	
Gm12443	
Zfp996	
Anp32b	ANP32B
Fth-ps2	
Gm49370	
Mrps33	MRPS33
Gm60431	
Gm60378	
Gm46338	
Gm60432	
Gm52065	
Gm30445	
Mir1962	
Gm60379	
Mki67	MKI67
Gm40847	
Gm60381	
Gm20500	
Gm17039	
Mir1961	
Gm6450	
Gm25521	
Gm48528	
Sowahb	SOWAHB
Gm30867	
Gm61242	
Nckap1	NCKAP1
Gm31803	
Jpt2	JPT2
Gm60382	
Gm9255	
Gm22915	
Gm60383	
Gm43172	
Gm11381	
Gm60434	
Fbxo21	FBXO21
Gm60384	
Gm23336	
4933404G15Rik	
Gm60386	
Gm37859	
Cfap276	CFAP276
Gm49957	
Gm7554	
Gm7556	
Gm60389	
Tmem178b	TMEM178B
Gm60390	
Gm6943	
Gm31630	
Gm49371	
Gm60396	
Gm36839	
Nans	NANS
Gm49379	
Scarna2	
Gm38702	
Gm43435	
Gm60397	
Tmem167b	
Gm45240	
Gm60398	
Gm48647	
Gm45440	
Gm45439	
Gm60400	
Gm17391	
Gm47947	
Gm40864	
Gm9341	
Gm26833	
Gm37995	
Gm60404	
Gm37673	
Gm45426	
Gm60438	
Acaca	ACACA
Gm26638	
Gm56340	RN7SKP81
Gm21941	
Gm5904	
Gm60440	
4930455J16Rik	
Gm26807	
Gm60442	
Gm9347	
Gm55897	
Gm60443	
Taf13	TAF13
Gm37003	
Gm48037	
Fxyd1	FXYD1
Gm60444	
Agk	AGK
Gm20336	
Gm37181	
Gm32679	
Cramp1	CRAMP1
Mrpl30	MRPL30
Gm26834	
Gm48042	
Gm48046	
Gm9292	
Trim14	TRIM14
Gm47385	
Gm20472	
Gm60448	
Gm60449	
Gm61257	
Gm60452	
Wdr47	WDR47
Gm60453	
Gm36001	
Gm60457	
Gm48707	
Gm38699	
Gm60458	
Gm17330	
Gm60460	
Gm61258	
Gm60417	
Gm60461	
Gm47446	
Gm60418	
Gm60420	
Gm20319	
Gm60421	
Gm21297	
Eprn	
Gm6969	
Gm61259	
Gm15571	
Gm48670	
Gm61260	
Gm40778	
Gm60428	
9530050K03Rik	
Gm16321	
Gm60430	
Gm61261	
Grip1	GRIP1
Ncoa4-ps	
Gm61263	
Gm5656	
Gm60433	
Gm4241	
Gm2822	
Thap4	THAP4
Gm61264	
Gm12517	
Gm48295	
Clcc1	CLCC1
Gm17042	
Gm60437	
1700066J03Rik	
Gm61265	
Gm8893	
Kctd9	KCTD9
Gm22247	
Gm60439	
Coro2a	CORO2A
Gm60441	
Dennd11	DENND11
Gm61267	
Gm36529	
Gm60481	
Gm1818	
Gm61268	
Serpina3l-ps	
Gm60483	
Gm32356	
Gm60445	
4930529L06Rik	
Gm60446	
Gm3191	
Gm60447	
Gm40999	
Gm60485	
Gm60486	
Gm60487	
Gm60489	
Gm56598	
Gm60492	
Gm42545	
Gm60493	
Arap2	ARAP2
Gm60494	
Gm60495	
Gm60496	
Gm60450	
Gm60451	
Gm60497	
Gm10550	
Gm60454	
Gm60499	
Nudt12	NUDT12
Gm60456	
Lyg2	LYG2
Gm56612	
Gm31683	
Gm60459	
Gm60500	
Gm56597	
Gm60462	
Gm60464	
Gm17541	
Gm60465	
Gm60466	
Gm60467	
Gm53750	
Gm60468	
Gm29705	
Gm15457	
Gm53954	
4930511O05Rik	
Gm53016	
Gm60505	
Gm23128	SNORA17A
Gm23128	
Gm60506	
Gm6682	
Gm59224	
Gm20948	
Gm60507	
Gm61276	
Gm59255	
A230107N01Rik	
Gm41436	
Gm17766	
Gm58975	
Lyg1	LYG1
Rpl36-ps3	
Gm59133	
Gm45398	
Gm40271	
Gm14968	
Zfp148-ps1	
Gm56624	
Gm47474	
Gm60509	
Gm18644	
Gm16863	
Wee2	WEE2
Gm59013	
Tusc3	TUSC3
1700127F24Rik	
Gm59093	
Gm60472	
Gm58942	
Gm59185	
Gm60473	
Gm59107	
Gm56656	
Gm34256	
Gm52400	
Abcc12	ABCC12
Gm59277	
Gm15558	
Gm59273	
Gm9777	
Gm60510	
Gm54052	
Gm60474	
Gm536	
Gm56189	
Gm23769	
Rpe	RPE
Rpe	RPEL1
Pdzph1	
Gm60476	
Gm60477	
Gm41418	
Gm60478	
Gm6416	
Gm60511	
Gm60513	
Gpsm2	GPSM2
Gm15034	
Tbc1d2	TBC1D2
Gm15036	
Gm14696	
Gm53924	
Gm32899	
Eola1	EOLA1
Eola1	EOLA2
Gm48388	
Gm60517	
Gm59272	
Gnrh1	GNRH1
Fkbp2	FKBP2
Gm5654	
Ssbp1	SSBP1
Gm60479	
Gm60519	
Gm61291	
Gm53925	
Gm60482	
Gm33912	
Gm48667	
Gm33315	
Gm9269	
4930567H17Rik	
Gm16407	
B630019A10Rik	
Gm43237	
Gm14704	
Gm43753	
Gm6823	
Dthd1	DTHD1
Gm16441	
Gm49697	
Gm14722	
Gm14721	
Gm61293	
Tmem185a	TMEM185A
Gm47918	
Gm40881	
Dock5	DOCK5
Gm51400	
Gm16476	
Gm10054	
Tesc	TESC
Gm61297	
Gm45777	
Gm59052	
Gm15523	
Gm59056	
Ttc39d	
Gabbr2	GABBR2
Gm59053	
Gm59043	
Gm60498	
Gemin6	GEMIN6
Gm59236	
Gm59235	
Gm33875	
Gm36419	
Gm61300	
Nfyc-ps	
Gm56641	
Gm48633	
Gm60501	
Gm60503	
Dhx57	DHX57
Gm60504	
Gm60508	
Gm56643	
Gm59293	
Gm36774	
Gm27244	
Aknad1	AKNAD1
Gm59197	
Gm60512	
Gm36914	
Gm60514	
Gm56613	
Gm60521	
Gm60522	
Gm56614	
Txndc9	TXNDC9
Nwd2os	
Gm60523	
Gm31516	
Drc1	DRC1
Gm60524	
Gm60527	
Tas2r137	TAS2R3
Gm46570	
Gm47914	
Gm14727	
Tas2r108	TAS2R4
Gm60529	
Gm14729	
Gm8401	
Gm11335	
Prss37	PRSS37
BC106179	
Gm14726	
Gm14724	
Gm18337	
Gm14725	
Gm18387	
Gm7209	
Apob	APOB
Gm60530	
Gm55334	
Msl3	MSL3
Gm60531	
Gm60532	
Gm60552	
Gm30177	
Gm60533	
Gm60554	
Gm60555	
Gm60534	
Phc3	PHC3
Gm31364	
Gm43295	
Gm49595	
Or9a7	OR9A1P
Gm29927	
Gm33330	
Gm29543	
Gm34340	
Or9a4	OR9A4
Gm60556	
Anks6	ANKS6
Gm35150	
Gm60535	
Clec5a	CLEC5A
Gm34672	
Gm43755	
Nwd2	NWD2
Gm60540	
Gm60541	
Gm60542	
C530050E15Rik	
Gm60543	
Gm34558	
Aatf	AATF
Gm58962	
Gm60544	
Gm36860	
Scrt1	SCRT1
Gm3687	
Gm60545	
Gm60546	
Gm35685	
Gm58959	
Fbxw8	FBXW8
Gm60547	
Gm60548	
Mb	MB
Pcif1	PCIF1
Gm41835	
Gm60549	
Mir6539	
Gm3164	
Gm60569	
Gm3182	
Gm60550	
Gm60551	
Gm60572	
4930547H16Rik	
Gm29946	
Gm60574	
Gm16892	
1700119I11Rik	
Kansl1l	KANSL1L
Slc39a14	SLC39A14
2810449D17Rik	
Sgms1	SGMS1
Gm60581	
Gm12425	
Gm60582	
Gm12422	
Galnt12	GALNT12
Gm60583	
Gm60584	
Gm60585	
Gm10785	
Gm60557	
Gm60559	
Gm60560	
Gm48812	
Gm60561	
Gm60562	
Gm36099	
Gm60594	
Gm60595	
Gm60596	
Mgmt	MGMT
Gm30311	
Gm60598	
Gm61332	
Gm60599	
Gm61333	
Apol6	APOL6
Gm60600	
Gm61334	
Gm60601	
Gm61335	
Gm60602	
Gm31271	
Gm56605	
Gm60563	
Gm19522	
Gm60565	
Tas2r138	TAS2R38
2410018L13Rik	
Gm49625	
Gm36183	
Mgam	MGAM
Gm15233	
Gm45280	
Lgi4	LGI4
Arhgap6	ARHGAP6
A230028O05Rik	
Lhx1	LHX1
Gm9754	
Gm60613	
Gm60614	
Pgcka1	PGCKA1
Gm60567	
Gm60616	
Gm60568	
Gm60617	
Gm60570	
Gm60618	
Rab10os	
Gm60571	
Gm60573	
Gm60575	
Gm60576	
Gm60577	
Gm60621	
Gm60622	
Gm60578	
Gm60624	
Gm60580	
Gm60627	
Gm30474	
Gm24753	
Rbfox2	RBFOX2
Gm13689	
Gm24461	
Sparc	SPARC
Dusp19	DUSP19
Gm60629	
Gm30814	
Gm12424	
Rell1	RELL1
5330429C05Rik	
Gm41432	
Gm12423	
Gm60639	
Col15a1	COL15A1
Gm49560	
Gm60586	
Gm50087	
Gm60587	
Morn2	MORN2
Gm60642	
Gm47007	
Gm18559	
Gm31259	
Gm45207	
Gm60590	
9130015G15Rik	
Gm60591	
4930526F13Rik	
Gm56603	
Gm37613	
Gm60644	
Gm44913	
1600002D24Rik	
Arhgef33	ARHGEF33
Gm38059	
Fxyd3	FXYD3
Gm60597	
A930014D07Rik	
Gm41005	
Gm47658	
Gm35302	
Gm37570	
Gm38387	
Gm38162	
Gm15789	
Gm33797	
Gm47661	
Zfp335	ZNF335
6820402A03Rik	
Gm60609	
Gm41439	
Gm60610	
Gm37285	
Gm60611	
Gm37755	
Gm15819	
Gm38218	
Gm49566	
Gm56577	
Gm60612	
Eif5b	EIF5B
Gm43840	
Gm33294	
Gm41509	
Gm60615	
Gm25608	
Gm53807	
Pgm2	PGM2
Gm41452	
Gm34733	
Gm33696	
Gm32836	
Gm60659	
Gm49785	
Gm60660	
Gm4633	
Gm60625	
Gm60628	
Gm41001	
Gm60637	
Gm60638	
Gm40659	
Gm56630	
Gm60640	
5430425K12Rik	
Gm50210	
Gm5486	
Sgms1os1	
Gm9174	
Piwil2	PIWIL2
Gm60643	
Sos1	SOS1
Gm55122	
Gm38616	
Gm9563	
Rpl9-ps6	
Gm56069	
Gm56070	
Gm22559	
Gm43342	
Gm60668	
Minpp1	MINPP1
4930567J20Rik	
Gm43784	
Dbx1	DBX1
Gm7538	
Gm60648	
Gm60649	
Tbc1d1	TBC1D1
Gm60650	
Gm34058	
Gm60672	
2610020F03Rik	
Gm54639	
Htatip2	HTATIP2
Gm56634	
Gm60674	
Gm19723	
Gm60677	
Gm60678	
Gm60679	
Gm60682	
Gm19724	
Gm60684	
Gm59324	
Gm60685	
Gm60652	
Gm59087	
Gm60687	
Gm59622	
Gm60688	
Ifit3	IFIT3
Gm49707	
Gm52045	
Mrm1	MRM1
Gm60655	
Gm60657	
Gm60690	
Gm56623	
Ifit1bl1	IFIT1B
Gm60692	
Gm60658	
Gm60661	
Gm60693	
Gm4035	
Ifit3b	IFIT3
Ifit1bl2	IFIT1B
Gm52266	
Gm60699	
Gm60701	
G730013B05Rik	
Cnn2-ps	
Ifit1	IFIT1B
Atox1	ATOX1
Acadl	ACADL
Nup35	NUP35
Gm60667	
Gm47730	
Pim1	PIM1
Slc16a12	SLC16A12
Gm60707	
Gm60708	
Gm60709	
Gm52239	
Gm60711	
Gm60669	
Gm30505	
Gm60670	
Gm12235	
Dhrs11	DHRS11
Gm60671	
Gm41027	
Mosmo	MOSMO
Gm18425	
Gm54666	
Gm50173	
Gm22082	
Gm50116	
Ldb1	LDB1
Gm15793	
Gm27934	
Gm25832	
Gm60681	
Myl1	MYL1
Gm60715	
Gm60683	
Gm60716	
Gm49655	
Gm59695	
Kctd12	KCTD12
G3bp1	G3BP1
Tgfbr1	TGFBR1
Gm9465	
Mir5130	
Rpl17-ps7	
E030007A22Rik	
Acod1	ACOD1
Gm44661	
Prmt3	PRMT3
Gm60694	
6720427I07Rik	
Gm60723	
Gm52262	
Gm47381	
Tmem217b	TMEM217B
Gm60728	
Tmem217	TMEM217
Gm60731	
Gm60733	
Amelx	AMELX
Cln5	CLN5
Gm60735	
Gm60736	
Gm60737	
Gm60738	
Gm60704	
Mgam2-ps	MGAM2
Gm32796	
BB123696	
Mir684-1	
Gm13690	
Gm25420	
Gm22652	
Gm13700	
Fbxl3	FBXL3
Gm13755	
Gm13756	
Gm23452	
Gm56342	
Zfp804a	ZNF804A
Tbc1d22b	TBC1D22B
Gm60710	
Gm60712	
Gm33195	
Gm22884	
Gm12238	
4930455F16Rik	
Mir7652	
Glra1	GLRA1
Gm13677	
A130030D18Rik	
Cacna1c	CACNA1C
Gm40983	
Gm13675	
Gm13676	
Rpl31-ps14	
Gm13678	
Mmp9	MMP9
Gm15826	
Gm21859	
Gm55979	
Rev1	REV1
Lonp2	LONP2
Gm60717	
Gm60718	
Gm19428	
Gm60720	
Gm60722	
1700100L14Rik	
Gm60752	
Gm60753	
Gm30444	
Gm60756	
Gm56596	
Gm60757	
Gm56626	
Gm60758	
Gm60732	
Gm53180	
Mir7667	
Gm60734	
2010106G04Rik	
Gm40923	
Gm35939	
Snord52	SNORD52
Gm25744	SNORD48
Gm8696	
Gm60760	
Hspa1b	HSPA1A
Hspa1b	HSPA1B
Gm56287	
Gm56288	
Gm38343	
Gm60761	
Hspa1a	HSPA1A
Hspa1a	HSPA1B
Gm60762	
Gm22670	
Gm60763	
Nr4a3	NR4A3
9530022L04Rik	
Gm60764	
Gm2979	
Gm31495	
Stxbp3	STXBP3
Hspa1l	HSPA1L
Gm49709	
Gm60768	
Arf4	ARF4
Gm40940	
Gm49708	
Gm60741	
Lsm2	LSM2
Gm60742	
Gm60744	
Gm29458	
4930420G21Rik	
Gm44822	
Hpn	HPN
Gm49714	
Gm60774	
Gm60775	
Gm60776	
Gm60777	
Gm12237	
Nmur2	NMUR2
Gm38477	
Gm60746	
Gm48168	
Hccs	HCCS
Stx17	STX17
Gm60750	
Gm60751	
Gm48170	
Gm24253	SNORD1C
Gm22603	
Mrc2	MRC2
Fsip2	FSIP2
Gm60755	
Gm34278	
Gm37062	
Nos1ap	NOS1AP
Gm60759	
Gm28675	
Gm60786	
2210022D18Rik	
Gm13680	
Gm13679	
Gm32624	
Gm13682	
1700042D18Rik	
Gm13681	
Gm13683	
Gm53793	
Gm13685	
Gm34332	
Zc3h15	ZC3H15
Pde12	PDE12
Gm60765	
Gm60766	
Gm60767	
Gm26639	
Erp44	ERP44
Gm60769	
Gm53791	
Mir7672	
Gm60795	
Dnah12	DNAH12
Gm60797	
Gm60771	
Gm60798	
Gm53787	
Gm32461	
Gm40657	
Gm60773	
1700028E11Rik	
Gm55349	
Gm15246	
Gm15824	
Gm43721	
Nlgn4l	NLGN4X
Nlgn4l	NLGN4Y
Mir1958	
Gm15823	
Invs	INVS
Gm6044	
Gm61521	
Sts	STS
4930526M16Rik	
Taf1	TAF1
Taf1	TAF1L
Otof	OTOF
Gm60779	
Gm60780	
Gm60781	
Gm60782	
Gm52047	
Gm40977	
Prkci	PRKCI
Gm60784	
Gm60788	
Gm36074	
Itgav	ITGAV
Gm60789	
Gm60790	
Pprc1	PPRC1
Gm33074	
Gm40943	
Gm60792	
Gm60794	
Gm32702	
Gm60796	
Gm60799	
Gm60800	
Vars1	VARS1
Gm60801	
Gm60834	
Gm41012	
Gm60835	
Gm60836	
Gm33684	
Asb14	ASB14
Gm60837	
Gm60838	
Neurl4	NEURL4
Gm60811	
Gm60840	
Gm60812	
Gm60841	
Gm60842	
Gm60843	
Gm60844	
Gm60813	
Gm60845	
Gm33630	
Gm60848	
Gm60850	
Gm60852	
Gm5083	
Gm60853	
Gm30371	
Gm16177	
Gm60870	
Gm22305	RNU6-303P
Gm22305	RNU6-555P
Siah1a	SIAH1
Gm60873	
4930553J12Rik	
N4bp1	N4BP1
Gm32202	
Gm7299	
Gm60879	
Olfml2b	OLFML2B
Gm60817	
Gm60881	
Gm60818	
Gm49754	
Gm36606	
Scn1b	SCN1B
Gm60820	
Gm60821	
Gm60822	
Gm60823	
Gm60883	
Gm60886	
Gm60889	
2010110E17Rik	
Fth-ps3	
Gm60832	
Gm10689	
Letm2	LETM2
Gm60833	
Gm32004	
Gm60890	
Gm12435	
Tex10	TEX10
Gm60891	
Atf6	ATF6
Gm60892	
Gm60893	
Gm60894	
Gm60895	
Gm60896	
Gm9017	
Gm48819	
Gm60851	
Appl1	APPL1
Gm60854	
Gm60855	
Gm60857	
Slc6a5	SLC6A5
Gm60860	
Gm48488	
Gm60861	
Gm60862	
Gm41019	
Gm34307	
Mir7008	
Fndc7	FNDC7
Gm36169	
Gm60864	
3110070M22Rik	
Gm60903	
Gm60905	
Gm60867	
Gm60906	
Gm60868	
Gm53939	
Gm60908	
Gm23523	
Gm25235	
Gm22360	
Gm56203	
Gm56204	
Gm37076	
Gm60911	
4930533P14Rik	
Gm10732	
Gm26245	
Gm60912	
Gm1833	
Gm60913	
Gm60914	
Gm26078	
Lancl1	LANCL1
Msantd3	MSANTD3
Gm60915	
Gm49518	
1700072F12Rik	
Gm60880	
Gm60882	
Gm56566	
Gm40662	
Gm45570	
Nsd3	NSD3
Gm60916	
Gm46545	
Tmeff1	TMEFF1
Gm60884	
Nolc1	NOLC1
Gm60885	
Gm60917	
Gm36785	
Gm15738	
Gm40997	
Gm53205	
Gm13684	
Gm30239	
Dnmt3l-ps1	
5430427M07Rik	
Fam171b	FAM171B
Gm41115	
Hesx1	HESX1
Gm15524	
Gm28373	
Gm60897	
Gm60898	
Gm19331	
Gm60899	
Gm30948	
Gm32939	
3110039M20Rik	
Il17rd	IL17RD
Gm60900	
Gm9776	
Gm60921	
Zswim2	ZSWIM2
4930534H18Rik	
Gm60901	
6720470G18Rik	
Gm60922	
Gm49662	
Gm60902	
Sfta3	
Gm60904	
4833412C15Rik	
Gm49411	
Gm24056	
Gm49436	
Gm53058	
Apol7a	
Gm60910	
Gm30551	
Gm43097	
Prpf38b	
Cavin4	CAVIN4
Gm12439	
Gm12438	
Gm56290	
Gm23746	
Cwc22rt1	CWC22
Gm12436	
Gm12442	
Slc12a5	SLC12A5
Plppr1	PLPPR1
Gm20688	
Apol9a	APOL1
Apol9a	APOL4
Apol9a	APOL2
Apol9a	APOL3
Dusp12	DUSP12
Gm9857	
Skil	SKIL
Gm60918	
Gm26754	
Lgals1-ps2	
Baiap2l2	BAIAP2L2
Vwa7	VWA7
Vwa3a	VWA3A
Gm22685	
Gm12453	
Gm60952	
Rbpj-ps1	
Gm60954	
Acnat2	
Gm41421	
Gm60956	
Gm60958	
Gm60960	
Gm46329	
Gm60961	
Gm60962	
Gm60919	
Gm60920	
D16Ertd519e	
Gm40988	
Gm49735	
Gm60963	
Gm60964	
Gm7591	
Aff3	AFF3
Gm49616	
Gm60965	
Gm34809	
Gm12451	
Cgrrf1	CGRRF1
Gm60966	
Gm12452	
Gm53932	
Acnat1	
Gm60971	
Gm56622	
Gm31430	
Gm60923	
Gm32476	
Gm60925	
Gm47348	
Gm60928	
Gm26424	RNU6-1326P
Baat	BAAT
Gm60975	
Gm60931	
Gm35174	
Gm60976	
Gm41486	
Pla2g6	PLA2G6
Mrpl50	MRPL50
Gm60934	
Gm53771	
Gm32703	
Gm50306	
Gm57587	
Elovl3	ELOVL3
Gm60982	
Gm60937	
Gm60939	
Gm32278	
Zfp189	ZNF189
Gm26806	
Gm48949	
Gm60983	
Sapcd1	SAPCD1
Gm60984	
2810457G06Rik	
Gm60986	
Gm48958	
Gm60988	
Pitx3	PITX3
Mir378c	
Gm15562	
Gm60989	
4930500H12Rik	
Gm60943	
Pnp	PNP
Gm41050	
Aldob	ALDOB
Gm60944	
Gm60945	
Gm55990	
Gm60947	
Gm24992	
Gm55991	
Gm45343	
Gm60948	
Gm61475	
Cldn11	CLDN11
Gm45342	
Gm59217	
Gm40863	
Plpp5	PLPP5
Gm61477	
Gbf1	GBF1
Gm60957	
Gm60959	
Gm33073	
Gm36213	
Gatad2b	GATAD2B
Msh5	MSH5
Gm61482	
Gm60967	
Gm60969	
Gm61486	
Gm60972	
Gm60973	
Rpgrip1	RPGRIP1
Gm36568	
Gm28465	
Pgap4	PGAP4
Gm60974	
1700061E18Rik	
Gm40438	
Gm60977	
Gm60978	
Gm60980	
Gm60995	
Gm60981	
Rnf20	RNF20
Gm60996	
Gm30611	
Gm26620	
Gm52033	
Gm60998	
Slco4c1	SLCO4C1
Gm61000	
Gm61001	
Gm61002	
Gm60985	
Gm61004	
Gm60987	
AW495222	
Gm61006	
Gm61008	
Gm61009	
Gm61010	
Gm61011	
4930461C15Rik	
Gm60990	
Gm31219	
Gm60991	
Gm60992	
Gm61015	
Gm47533	
Gm61017	
Gm61026	
Gm61028	
Gm61029	
Gm61030	
Heph	HEPH
Gm61031	
Gm3625	
Gm61035	
Gm61037	
4930565N06Rik	
Gm60993	
Gm60994	
Gm47194	
Gm41043	
Gm16151	
Gm35733	
Fcrlb	FCRLB
Gm61040	
Gm61041	
Sdr42e2	SDR42E2
Gm61042	
Gm61043	
D430001F17Rik	
Gm56565	
Gm45397	
Gm56096	
Gm16152	
Fam114a1	FAM114A1
1700003L19Rik	
Gm45683	
Gm5650	
Gm50503	
Gm25798	
Tcerg1l	TCERG1L
Gm34727	
Slc7a14	SLC7A14
Gm9499	
Gm48612	
Gm28901	
Gm6430	
Gm60999	
Gm61003	
Gm61007	
Cps1	CPS1
4930555G21Rik	
Gm61012	
Gm61013	
6430710M23Rik	
Bag4	BAG4
Gm47510	
4930447K03Rik	
Gm36235	
Tmem156	TMEM156
Gm26973	
Ifi30	IFI30
Rab3a	RAB3A
Henmt1	HENMT1
Gm34557	
Gm61060	
Gm45686	
Klhl5	KLHL5
Gm26822	
Nell1	NELL1
Gm61064	
Gm41471	
6530401F13Rik	
Gm61023	
Gm33168	
Gm29823	
Gm56557	
Gm61024	
Gm61025	
1700016G22Rik	
Gm61073	
Gm61074	
Gm61075	
Gm61076	
Gm61077	
Gm61078	
Gm32357	
Gm36372	
Gm23421	
Clic1	CLIC1
Gm15668	
Ddhd2	DDHD2
Gm26342	
Kif22-ps	
Gm56209	
Fcrla	FCRLA
Gm61082	
Gm61083	
Marchf10	MARCHF10
Gm61084	
Cwc22rt2	CWC22
Gm61085	
Rdur	
Ncoa5	NCOA5
Gm20554	
Gm61086	
Gm61087	
Gm61088	
Gm61089	
Gm61090	
Gm56099	
Gm61091	
Rbm19	RBM19
D330022H12Rik	
Gm8974	
Gm16726	
Gm61093	
Gm61095	
Gm35500	
Gm61045	
Gm49700	
Gm45506	
4933405O20Rik	
Gm61046	
Gm61047	
Ddah2	DDAH2
Gm61048	
Gm61098	
4833438C02Rik	
Gm61100	
Gm61052	
Gm9343	
Gm61102	
Gm34719	
Gm40924	
Mapk1ip1	MAPK1IP1L
Gm61103	
Gm61104	
Gm46569	
Gm36101	
Gm61105	
Gm21032	
Gm61106	
Gm21033	
Gm21034	
Nfkb2	NFKB2
Gm47827	
Gm21035	
Gm21036	
Gm21037	
Gm16478	
Gm45002	
Gm9354	
Gm61056	
Ppp2r2d	PPP2R2D
Eeig2	EEIG2
Gm61057	
Gm48556	
Gm37957	
Grin3a	GRIN3A
Gm56221	
Gm2962	
Gm15671	
Gm36427	
Gm37030	
2310015D24Rik	
Slco6c1	SLCO6A1
Gm11640	
Gps2	GPS2
Mpig6b	MPIG6B
4930547E14Rik	
Gm55913	
4930408K08Rik	
Slc25a54	
Cwc22rt3	CWC22
Gm61070	
Cwc22rt4	CWC22
Gm61071	
Cd40	CD40
4922502H24Rik	
Ly6g6c	LY6G6C
Gm16084	
Gm40654	
Gm61121	
Ppp3r2	PPP3R2
Gm61125	
4930509G22Rik	
Gm61079	
Gm12459	
4930442G10Rik	
Gm12458	
Gm61080	
Gm61129	
Gm25485	
Gm12460	
Gm36423	
Gm53948	
Amd-ps4	
Gm56292	RN7SKP58
Gm56292	RN7SKP59
Ly6g6d	LY6G6D
C630028M04Rik	
Gramd1a	GRAMD1A
Slc25a24	SLC25A24
Gm24474	
Gm12465	
Gm12466	
Gm12467	
Gm12475	
Smc2	SMC2
Gm61136	
Gm61137	
2210020O09Rik	
Gm61138	
Gm52230	
Gm61144	
Jund	JUND
Ly6g6e	
Gm61148	
Gm37171	
Bco1	BCO1
Gm61150	
Macir	MACIR
Gm61151	
Gm15839	
4930404A05Rik	
Gm42655	
Gm56103	
Gm48479	
Lhx5	LHX5
Ly6g6f	LY6G6F
Gm19554	
Sfi1	SFI1
A830082K12Rik	
Gm36742	
Gm14935	
Gm61589	
Sdsl	SDSL
Gm53038	
Gm15068	
Gm61156	
Gm61590	
Pdcl3	PDCL3
Gm61591	
Gm61158	
Gm13865	
Vav3	VAV3
Abhd16a	ABHD16A
Gm10823	
Gm378	
Gm9218	
Gm61161	
Gm61162	
Gm61592	
6430553K19Rik	
Gm379	
Gm61593	
Gm45968	
Gm6488	
Gm21929	
Gm56684	
Gm5946	
Gm21928	
4930556C24Rik	
Gm8389	
Gm16400	
Gm48664	
Gm15167	
Gm15128	
Erbb4	ERBB4
Gm56600	
Gm61176	
Supt16	SUPT16H
Gm6464	
Gm35298	
Gm20694	
Gm15081	
Lsm1	LSM1
Gm15080	
Gm31066	
Gm61183	
Gm61185	
Gm61186	
Gm15108	
Gm61187	
Gm15110	
Gm807	
Gm18897	
Gm8303	
Gm6936	
Gm2286	
Gm15107	
Gm22145	RNU1-52P
Star	STAR
Crtap	CRTAP
Gm46362	
Mapre3	MAPRE3
Gm61107	
Ly6g5c	LY6G5C
Gm61108	
Gm61109	
Gm3474	
4930428D20Rik	
Gm61110	
Gm60314	
Gm61111	
Lsmem1	LSMEM1
Gm61112	
Ly6g5b	LY6G5B
Gm30567	
Gm6470	
Gm61113	
Gm15111	
Gm61114	
Gm4827	
Gm15113	
Gm61115	
Psd	PSD
Glb1	GLB1
Gm61117	
Gm8320	
Gm61118	
Gm2307	
Gm15114	
Csnk2b	CSNK2B
Gm41007	
Gm61123	
Gm29590	
Gm17056	
Gm15106	
Ifrd1	IFRD1
Gm15112	
Gm32834	
Gm8331	
Gm8334	
Gm15127	
Gm61217	
Gm32101	
Gm38619	
Ash2l	ASH2L
Gm33019	
Gm61131	
Gm61218	
Gm61132	
4933411O13Rik	
Gm61134	
Gm61135	
Gm34246	
Gm61219	
Gm61221	
Maff	MAFF
1700010K23Rik	
Gm61145	
4930542C21Rik	
Gm61147	
Gm4211	
Gm15125	
Gm15126	
Gm61225	
Gm61226	
Gm61227	
Sds	SDS
Gm34679	
Chd8	CHD8
Kars1-ps1	
Gm61229	
Gm56606	
Luzp4	
Gm61230	
Gm61153	
Gm61231	
Gm48623	
Gm61232	
Gm61233	
Gm61235	
Tmem184b	TMEM184B
Gm61236	
1700025C18Rik	
Gm15964	
Cwc22rt5	CWC22
Gm46565	
Cdh22	CDH22
Gm37309	
Gm37821	
Gm37091	
Gm37100	
Mir6349	
Gm15670	
Gm25542	
Gm19335	
Gm37735	
Gm61160	
Gm37769	
Fcgr2b	FCGR2B
Fcgr2b	FCGR2A
Fcgr2b	FCGR2C
Gm15099	
Gm15084	
Gm16578	
Gm15096	
Gm6492	
Gm15092	
Gm15088	
Gm15090	
Gm8346	
Gm61173	
Gm61608	
Gm30050	
Gm15093	
Gm47882	
Gm36766	
Gm61178	
Gm40955	
Tmppe	TMPPE
Gm61181	
Gm61182	
Gm61184	
Gm40876	
Ccr4	CCR4
Gm61188	
Gm17024	
Gm14397	
Plbd2	PLBD2
Gm48491	
Mir1938	
Gm15098	
Gm7008	
Trim71	TRIM71
Gm61243	
Gm15089	
Gm25569	
Gm61244	
Cwc22rt7	CWC22
Gm61190	
Gm61192	
Gm61246	
Gm8366	
Cwc22rt6	CWC22
Gm61193	
Gm61248	
Gm61195	
Gm61196	
Gm61251	
Gm36784	
Gm6499	
Cd44	CD44
Cnot10	CNOT10
Gm15100	
1810053B23Rik	
Mir1943	
Gm15085	
Gm25681	
Csnk1e	CSNK1E
Gm12535	
Gm47954	
Gm42516	
Gm56534	
Gm61199	
Prmt6	PRMT6
Gm61201	
Gm15813	
Gm61202	
Gm61203	
Gm61204	
Gm56582	
Gm43405	
Gm36445	
Gm19185	
Vma21-ps	
Gm43406	
Toporsl	
Gm26076	
Gm43404	
Gm43407	
Gm31508	
Gm9314	
Gm61116	
Gm42905	
Gm2346	
Gm43854	
Gm15086	
Or13f5	OR13F1
Gm61097	
Gm10439	
Gm25519	
Gm61207	
Gm43853	
Gm61208	
Gm4859	
Gm54574	
Gm40950	
Gm61126	
Gm9317	
Gm61210	
4833405L11Rik	
Gm61211	
Gm42526	
Gm61212	
Or13c10-ps1	
Gm30709	
Gm43587	
Gm31333	
Utp14b-ps1	
Abca1	ABCA1
Gm5548	
Gm38395	
Gm61215	
Gm61216	
Amy2a5	
Gm47316	
Gm47448	
Gm15101	
Gm8383	
Gm35615	
Gm15097	
Gm59147	
Amy2a4	
Fbxl15	FBXL15
Gm33389	
Gm34466	
Gm60373	
Wdr19	WDR19
Cuedc2	CUEDC2
Gm60377	
Gm60401	
Gm60673	
Gm6989	
Gm52040	
Gm60169	
Gm32401	
Amy2a3	
Gm60181	
Gm60178	
Gm20208	
Gm15095	
Amy2a2	
Gm15087	
Gm6512	
Gm37061	
Gm15091	
1810044K17Rik	
Gm61237	
Gm16076	
Gm48530	
Gm8840	
Pced1c-ps	
Gpank1	GPANK1
Gm29113	
Gm15966	
Gm29114	
Gm26877	
Fcgr4	FCGR3A
Fcgr4	FCGR3B
Gm61238	
Gm40653	
Gm47341	
Eef2k	EEF2K
Gm47024	
Gm47342	
Gm47027	
Gm47026	
Helb	HELB
Gm32509	
Myt1l	MYT1L
Gm61239	
Gm61241	
Gm55261	
Gm49593	
Gm15102	
Gm61269	
Kcnj4	KCNJ4
Gm61270	
Gm35190	
Gm61271	
Gm15103	
Gm61272	
Gm61273	
1600019K03Rik	
Gm26110	
Gm8402	
Npas2	NPAS2
Gm49552	
Actl6a	ACTL6A
Kdelr3	KDELR3
Gm61274	
Gm61275	
Gm41425	
D17H6S53E	C6orf47
Gm15105	
Gm61610	RBBP8P1
Gm36063	
Gm61620	
Gm46683	
Btbd35f29	
Gm61621	
Gm61622	
Spin2f	
Apom	APOM
Ddx17	DDX17
Btbd35f26	
Gm61277	
Gm36116	
Gm48570	
Gm47695	
Gm61278	
Gm15280	
Gm15276	
Btbd35f19	
Gm61280	
Gm61249	
Gm61281	
Gm48746	
Gm61623	
Gm61282	
Irak3	IRAK3
Gm61252	
Gm21883	
Gm47683	
Gm61283	
Spin2e	
Gm61285	
Gm61254	
Gm6093	
Btbd35f25	
Gm61287	
Gm61255	
Gm61256	
Gm15908	
Snord8	SNORD8
Gm43766	
Spin2j	
Rab2b	RAB2B
Btbd35f22	
Gm12495	
Slc44a1	SLC44A1
Spin2-ps10	
Btbd35f2	
Bag6	BAG6
Gm7022	
Spin2i	
Btbd35f1	
Gm46671	
C230035I16Rik	
Spin2h	
Gm61294	
Btbd35f21	
Gm61295	
Gm61296	
Gm20428	
Gm2161	
Gm21979	
Gm3617	
Gm21990	
Spin2-ps8	
Fcgr3	FCGR2B
Fcgr3	FCGR2A
Fcgr3	FCGR2C
Gm2223	
Gm2231	
Btbd35f15	
Gm61298	
Gm15273	
Gm15279	
Gm41463	
Gm7023	
Gm61302	
Btbd35f13	
Gm61303	
Gm61304	
Btbd35f14	
Gm61306	
Gm15651	
Gm5378	
Btbd35f6	
Gm21870	
Btbd35f9	
Gm61309	
Spin2g	
1700022E09Rik	
Gm46672	
Btbd35f8	
Gm21620	
Gm46681	
Gm14331	
Gm14333	
Gm14332	
Gm14334	
Gm14352	
Btbd35f11	
Gm14353	
Gm14360	
Gm14361	
Btbd35f18	
Btbd35f10	
Gm55983	
Gm7780	
Dync1li1	DYNC1LI1
Gm14357	
Gm14359	
Gm14355	
Spin2-ps1	
Btbd35f16	
Gm61317	
2810407A14Rik	
Gm15251	
Gm15257	
Btbd35f3	
Amy2a1	
Gm37353	
Gm15258	
Gm47009	
Amy1	
Gm14350	
Gm14349	
Gm14358	
Gm61319	
Tmbim4	TMBIM4
Gm14362	
Gm61320	
Gm14356	
Btbd35f28	
Gm61321	
Btbd35f20	
Kcnu1	KCNU1
Gm61322	
Gm41497	
1700048M11Rik	
Cmtm6	CMTM6
Gm14348	
Gm14368	
Gm15260	
Btbd35f17	
Gm30163	
Gm6019	
Gm9427	
Gm15256	
Gm5925	
Mir6546	
Gm56232	
Gm56233	
Gm4725	
Ikzf2	IKZF2
Gm54089	
Gm46682	
Gm9498	
Gm61325	
Gm29805	
Gm15252	
Btbd35f4	
Cmtm7	CMTM7
Gm4726	
Spin2-ps9	
Gm61326	
Gm15259	
Gm46555	
Btbd35f27	
Gm23758	SNORA72
Gm61327	
Tox4	TOX4
Smim11	SMIM11
Gm14370	
Gm14367	
Gm14365	
Gm9428	
Gm5924	
Gm14363	
Mycs	MYCN
Gm14366	
Gm14375	
Btbd35f7	
Gm7860	
Gm61328	
Llph	LLPH
Gm7765	
Gm61329	
Xlr5d-ps	
Rpl31-ps12	
Spin2-ps2	
Gm6030	
Gm15365	
Gm61330	
Mfsd13a	MFSD13A
Gm22351	
Gm9888	
Ctag2l2	CTAG1A
Ctag2l2	CTAG2
Ctag2l2	CTAG1B
Gm49581	
Gm61331	
Cmtm8	CMTM8
Gm14755	
Or7b1-ps1	
Gm9027	
Gm14758	
Gm14695	
Gm61336	
Gm8617	
Gm9843	
Xlr5e-ps	
Gm61337	
Tdg	TDG
Gm43736	
4930511M18Rik	
Pwwp4d	PWWP4
Gm23889	
Gm9536	
Gpd1l	GPD1L
Gm61338	
Gm6551	
Prr9	PRR9
Gm25661	
Gm6557	
Gm45848	
Gm61279	
Gm14694	
Gm6897	
Gm9525	
Lelp1	LELP1
Potefam3c	POTEA
Gm47151	
Spin2-ps4	
Gm8118	
Gm25629	
Gm8128	
Gm15367	
2310057B04Rik	
Mettl3	METTL3
Gm8134	
Usp26	
Gm47150	
Gm61341	
Gm52952	
Morf4l1-ps1	
Sprr2a1	
Gm45850	
Gm61284	
Gm49594	
Potefam3d	POTEA
Gm61286	
Cstdc3	
Gm47152	
Gm61342	
Gm61288	
Rps7-ps1	
Gm49611	
Gm61289	
Sprr2a2	
Zfp358	ZNF358
Gm56578	
Gm41492	
Gm61292	
4931429P17Rik	
Gm5850	
Rnpc3	RNPC3
Gm28707	
Gm7840	
Mcoln1	MCOLN1
Gm22539	
Gm61638	
Magea14	MAGEA10
Gm26555	
Gm12470	
Fktn	FKTN
Mir146b	MIR146B
2310034G01Rik	C10orf95
Gm24610	
Gm59095	
Actr1a	ACTR1A
Gm45047	
Gm9569	
Gm35586	
Ano5	ANO5
Gm14626	
Dmc1	DMC1
Gm7927	
Rpl31	
Gm49626	
Gm14623	
A930006K02Rik	
Gm14624	
Gm54820	
Gm61639	
Gm35953	
Ppp4r3c1	PPP4R3C
Gm6027	
Hemgnl	HEMGN
Gm4746	
Pls3	PLS3
Fras1	FRAS1
Gm41434	
Osbpl10	OSBPL10
Gm61313	
Gm18020	
Gm61314	
Gm59146	
Gm34699	
Sufu	SUFU
Gm11399	
Gm61315	
Gm52051	
Gm11400	
Gm35049	
Gm56295	RN7SKP284
Gria1	GRIA1
Tal2	TAL2
Rps15a-ps8	
Tmem38b	TMEM38B
Gm18724	
Gm32090	
Gm61360	
Gm10241	
Gm61361	
Gm20615	
Gm61362	
Gm49619	
2410003I16Rik	
Gm38557	
Gm35161	
n-R5s185	
Gm12468	
Gm23745	
Gm24177	
Sall2	SALL2
Gm12484	
Gm12469	
Gm25687	RN7SL240P
Tpt1-ps2	
Gm29067	
Glt8d2	GLT8D2
Gm12478	
Pnpla6	PNPLA6
Gm12480	
Gm26328	
Dcaf11	DCAF11
Gm12477	
Gm56296	
Gm55272	
Gm12479	
Cby1	CBY1
Zfp462	ZNF462
Ndufa11b	
Gm61367	
Fam243	C21orf140
Gm29112	
Gm28112	
Gm61323	
Gm37930	
Smim34	SMIM34
Ppip5k2	PPIP5K2
Gm41053	
Rrp7a	RRP7A
Gm61324	
2410124H12Rik	
Gm53780	
Gm31276	
Gm61344	
Rps27rt	
Gm61345	
Gm40656	
Stt3b	STT3B
Gm61347	
Gm61348	
4932412D23Rik	
Gm35730	
Gm61349	
Gm61350	
Gm61351	
Gm47352	
Gm52054	
Gm61352	
Gm32243	
1700037F03Rik	
Stmn1-rs1	
Gdf11	GDF11
Mir467h	
Gm55987	
Gm55988	
Gm15802	
Gm9487	
Gm55989	
Gm5921	
Poldip3	POLDIP3
Gm46420	
4930544M13Rik	
Agmat	AGMAT
n-R5s92	
Tln2	TLN2
Cd63	CD63
Mir99ahg	
Gm61354	
Gm48396	
Dnajc16	DNAJC16
Gm32184	
4930467J12Rik	
Gm52028	
C630031E19Rik	
Gm35193	
Gm46346	
Anxa3	ANXA3
Gm61356	
Gm37292	
Pxdn	PXDN
Gm61358	
Scgb1b1-ps	
9430065F17Rik	
Scgb2b1	
Scgb2b2	
Scgb1b2	
Scgb2b3	
Gm61363	
Slc17a6	SLC17A6
Gm61364	
Gm61365	
Gm61366	
Gm11351	
Rnu12	
Cyb5r3	CYB5R3
Gm12242	
Drg1	DRG1
Casp9	CASP9
Gm17954	
Gm61368	
Gm17775	
Rdh5	RDH5
Gm48102	
Gm18163	
Col11a1	COL11A1
Gm61369	
Gm41036	
Gm45072	
Gm42402	
Gm38653	
Scgb1b3	
Gm7336	
Gm32089	
Gm45001	
Scgb2b4-ps	
Gm45235	
Fancf	FANCF
Scgb1b4-ps	
Bloc1s1	BLOC1S1
Scgb1b28-ps	
Gm29492	
Gm61370	
Scgb2b5-ps	
Gm61371	
Gm61372	
Scgb1b5-ps	
Gm61373	
Gm42603	
Scgb2b28-ps	
Gm48287	
Gm42602	
Rpl23a-ps8	
Gm24623	
Gm61374	
Gm43147	
Scgb2b6	
Gm43148	
Gm59228	
Gm43144	
Scgb1b6-ps	
Gm56635	
Gm41079	
Gm9484	
Gm4373	
Trim8	TRIM8
Slc8b1	SLC8B1
Gm23320	
Rpl23a-ps9	
Gm21025	
Gm14554	
Scgb2b7	
Gm25624	
Gm61375	
Dock11	DOCK11
Gm32555	
Tanc2	TANC2
Gm25494	
Tmt1b	TMT1B
Gm47336	
Scgb1b7	
Gm61376	
Or10p22	
Gm56576	
Gm9114	
Gm61377	
Or10p21	
Gm32881	
Gm59109	
Arl3	ARL3
Or6c8b	OR2AP1
Gm29627	
Scgb2b8-ps	
Itga7	ITGA7
Cela2a	CELA2B
Cela2a	CELA2A
Gm33905	
Scgb1b8-ps	
Gm6669	
Gm61378	
Gm61379	
Gm61380	
Gm9120	
Gm35671	
Gm61381	
4921525O09Rik	
Gm21673	
Scgb2b9-ps	
Gas2	GAS2
Gm60402	
Tpo	TPO
Gm61382	
Gm47514	
Gm59068	
Sfxn2	SFXN2
Gm48190	
Gm11377	
Ctrcos	
Efhd2	EFHD2
Gm61383	
Gm11378	
7530414M10Rik	
Gm61384	
Gm29367	
Gm36402	
A4galt	A4GALT
Fhad1os2	
Gm36607	
Fhad1	FHAD1
Gm61385	
Gm61386	
Gm61387	
Gm61388	
Gm61389	
Gm61390	
Gm32242	
Gm61391	
Gm47734	
Gm61392	
Gm61393	
Gm46440	
Gm61394	
Gm61395	
Gm61396	
Gm61397	
Gm61398	
Gm32886	
Gm34439	
Arfgap3	ARFGAP3
Gm15691	
Gm32084	
Sntg2	SNTG2
Gm40933	
Gm33197	
Wbp1l	WBP1L
Gm48548	
Gm35333	
Cfap126	CFAP126
Scgb1b9-ps	
Gm34790	
Gm5329	
Scgb2b29-ps	
Gm9127	
Gm29262	
Gm61401	
Gm29263	
Gm12735	
Gm61402	
Gm61403	
Fau-ps2	
Gm61404	
Svip	SVIP
Gm56193	
Gm35493	
Ggnbp2	GGNBP2
Gm23442	SNORA38
Aif1	AIF1
Gm61405	
Gm61406	
C030017D09Rik	
Gm61407	
Gm61408	
Gm48116	
Gm61409	
Gm41022	
Gm52049	
Fitm1	FITM1
Gm26844	
Pacsin2	PACSIN2
Scgb1b10	
Psme1	PSME1
Rpl23a-ps10	
Gm61412	
Scgb2b30	
Gm61413	
Ccdc179	CCDC179
Gm61414	
Gm61415	
Gm40954	
Gm61416	
Gm26559	
Gm61417	
Gm61418	
Gm9135	
Gm9357	
Gm61419	
Gm28256	
F630042J09Rik	
Gm56351	
Gm28257	
Gm44683	
Gm20074	
Gm61420	
Scgb2b11	
Gm35109	
Spag16	SPAG16
Gm6181	
Gm43749	
Gm23750	
Gm22444	
Gm19147	
Scgb1b11	
Olfm3	OLFM3
2310016D03Rik	
Gm61421	
Mir6238	
Gm44682	
Gm56353	
Scgb2b12	
Gm59298	
Gm36602	
Gm56354	
Gm5776	
Gm13059	
Fhad1os1	
Scgb1b12	
4930519D14Rik	
Gm9142	
Gm56298	
Cyp17a1	CYP17A1
Plekhn1	PLEKHN1
Gm6290	
Bmp2k	BMP2K
Gm60748	
Gm54619	
Gm59516	
Gm28806	
Gm28862	
Rpl23a-ps11	
Ryk-ps1	
Gm54620	
Gm61422	
Gm32259	
Scgb1b29	
Tmem18	TMEM18
Gm30836	
Gm61423	
Gm61424	
Gm9146	
Gm5116	
Gm61425	
1700006H21Rik	
Luzp2	LUZP2
Lst1	LST1
Ttll1	TTLL1
Gm59462	
Gm32320	
Alkal2	ALKAL2
Gm41857	
Gm61426	
Gm44895	
Ltb	LTB
Gm44897	
Gm6967	
Scgb2b13-ps	
Gm44896	
Gm44894	
4833421K07Rik	
Scgb1b13-ps	
Gm56658	
Fyn	FYN
Gm5327	
Borcs7	BORCS7
Gm17838	
Ogt	OGT
Acp1	ACP1
Gm31126	
Gm24116	RNU6-392P
Gm9149	
Gm59338	
Gm44898	
As3mt	AS3MT
Gm21135	
Mir6973a	
Tnf	TNF
Gm9367	
Gm44615	
Gm56236	
Scgb2b14-ps	
Gm23879	
Gm28580	
Gm26482	
Gm38272	
Scgb1b14-ps	
Gm37456	
Gm56355	
Gm23422	
Gm5058	
Sdhc	SDHC
Gm18429	
Gm29429	
Gm22337	
Gm55942	
Gm43669	
Scgb2b31-ps	
Sgms2	SGMS2
Gm4398	
Gm29432	
Gm28408	
Gm43145	
Scgb2b15	
Paqr3	PAQR3
Scgb1b15	
Scgb2b16-ps	
Scgb1b16-ps	
Gm43116	
Lta	LTA
Gm56356	
Gm9156	
Tbl1xr1	TBL1XR1
Gm28409	
Scgb2b32-ps	
Gm59200	
Gm4405	
Gm59203	
Gm59271	
Mir6974	
Nfkbil1	NFKBIL1
Gm28383	
Gm59062	
Gm52061	
Gm28384	
Gm31092	
Mir7658	
Vwc2l	VWC2L
Klhl17	KLHL17
Scgb2b17	
Gm46409	
Gm59030	
Gm59218	
Scgb1b17	
Tnfsf15	TNFSF15
Atp6v1g2	ATP6V1G2
Gm59042	
Gm19261	
Gm28992	
Rpl23a-ps7	
Siglech	
Ms4a6b	MS4A6E
Ms4a6b	MS4A6A
Gm54441	
Bik	BIK
Gm59687	
Sh3yl1	SH3YL1
Rps23rg1	
Gm11214	
Gin1	GIN1
Gm12728	
Ubxn10	UBXN10
Tpcn1	TPCN1
Ddx39b	DDX39B
Rps23-ps2	
Pla2g2c	PLA2G2C
Camsap3	CAMSAP3
Gm46495	
Mcat	MCAT
Ms4a4d	
Emc9	EMC9
4933433N18Rik	
Gm10212	
Gm38275	
Gm36550	
Tspo	TSPO
Ms4a6d	MS4A6E
Ms4a6d	MS4A6A
Gm61427	
Gm31977	
Psme2	PSME2
Gm61428	
Pla2g2f	PLA2G2F
Gm46431	
Scgb2b33	
Ttll12	TTLL12
Gm61430	
Gm61431	
Gm9162	
Gm61432	
Gm28559	
Gm61433	
Gm6003	
4933416O17Rik	
Gm61197	
Gm32443	
Scgb2b18	
Tbc1d8	TBC1D8
Gm24599	
Scgb1b18	
Ms4a2	MS4A2
Gm59448	
Pla2g2d	PLA2G2D
Polr3e	POLR3E
Gm59398	
6030469F06Rik	
Gm9979	
Gm61434	
Gm61435	
Gm41057	
Gm61436	
3110015C05Rik	
Pla2g5	PLA2G5
Gm5560	
Rtl6	RTL6
2510016D11Rik	
Naa11	
Gm23731	
Gm61437	
Prr5	PRR5
Gm59929	
Pdhx	PDHX
Gm61438	
Gm61290	
Gm14845	
Gm33390	
Gm11309	
Gm22589	SNORD84
Mir6975	
Gm25128	SNORD83
Gm25128	SNORD117
Gm50476	
Mir8094	
Gk2	GK2
Gm59499	
Zbtb12	ZBTB12
Gm59498	
Marcksl1-ps5	
Iqcd	IQCD
Cxcr3	CXCR3
Gm29542	
Gm11337	
Gm47450	
Gm61439	
Tpt1-ps6	
Gm61440	
Slc26a4	SLC26A4
Gm56584	
Gm4779	
Gm4779	CXorf49
Gm4779	CXorf49B
Ms4a3	MS4A3
4930401O12Rik	
Gm56901	
Ehmt2	EHMT2
A830005F24Rik	
8030474K03Rik	
8030474K03Rik	CXorf49
8030474K03Rik	CXorf49B
Gm61441	
Gm61442	
Zfp85os	
Antxr2	ANTXR2
Arhgap8	ARHGAP8
Gm61443	
Gm48730	
Pigw	PIGW
Oosp2	OOSP2
Gm61444	
Gm61445	
Gm25280	RNU1-88P
Gm25280	RNU1-38P
Gm3858	
Gm3858	CXorf49
Gm3858	CXorf49B
Gm13030	
Gm61446	
H3f3a-ps1	
Srpx	SRPX
Gm41033	
Pla2g2e	PLA2G2E
Gm61447	
Gm61448	
Oosp1	OOSP1
Gm61449	
Fam114a2	FAM114A2
Gm6556	
Apip	APIP
Gm61450	
Gm41072	
Gm61451	
Gm30600	
Rnf31	RNF31
Gm59672	
Gm48524	
Gm60248	
Bcap29	BCAP29
Otud3	OTUD3
Gm26183	
Gm25443	
Oosp3	
Gm61452	
Slc35c2	SLC35C2
Gm47711	
Gm61453	
Gm47709	
Gm47707	
Gm23043	
Gm47850	
Gm24943	
Gm22042	
Gm12461	
Gm22817	
Gm25977	
Rpp25l	RPP25L
Gm61454	
Dus4l	DUS4L
Gm40658	
Gm49484	
Bcdin3d	BCDIN3D
Dctn3	DCTN3
Gm19224	
Gm49485	
Faim2	FAIM2
Cblif	CBLIF
Bard1	BARD1
Gm61455	
Gm61456	
Rita1	RITA1
Gm61458	
Cog5	COG5
Gm40860	
Mrpl16	MRPL16
Gm61459	
Gm61460	
Gm61461	
Gm47509	
Mir190a	MIR190A
Gm47110	
Stx3	STX3
Arid3c	ARID3C
Mir7241	
Gm61462	
Mir7242	
Gm7787	
Gm61463	
C2cd4b	
Gm16236	
Gm32450	
Gm8870	
Gm61464	
Gm37265	
Gm46404	
Gm24826	U3
Rpgr	RPGR
Gm24826	
C2cd4a	
Cnot11	CNOT11
Gm61466	
Gm48010	
Vps13c	VPS13C
Gm5842	
Gm61467	
Gm34354	
Rprl2	
Gm37636	
Gm6963	
Gm26354	
4930555K05Rik	
Traf3ip2	TRAF3IP2
Gm6321	
Gpr22	GPR22
Gm61469	
Bmp3	BMP3
Gm7343	
Gm48544	
Gm5150	SIRPG
Gm5150	SIRPA
Gm5150	SIRPB1
Gm61470	
Gm61471	
Gm56570	
Gm34585	
Sigmar1	SIGMAR1
Gm55955	
Gm53784	
Gm37836	
Gm25863	
Ythdf3	YTHDF3
Gm61472	
Ddx54	DDX54
Gm32613	
Gm48808	
Gm18029	
Gm48809	
Gm53019	
Gm25913	
Gm61473	
Hbp1	HBP1
Gm61474	
Gm34721	
Mpz	MPZ
Gm33447	
Gm8899	
4930448F12Rik	
Gm22105	
Gm16210	
Irf9	IRF9
Mfap3	MFAP3
Mfsd4b4	MFSD4B
Gm61476	
Gm40841	
Xab2	XAB2
Gm61478	
4930455M05Rik	
Gm61479	
4833422C13Rik	
Gm31848	
Btbd2	BTBD2
Ccl27a	CCL27
Gm61480	
Gm61481	
Gm61483	
Gm61484	
Gm61485	
Gm12243	
4932702P03Rik	
Myo19	MYO19
Gm5808	
Gm61487	
Gm61488	
Aqp2	AQP2
Gm61489	
Gm7762	
Gm61490	
Gm61491	
1700024I08Rik	
Aqp5	AQP5
Gm61492	
Gm12523	
Sort1	SORT1
Gm61493	
Gm61494	
Gm61495	
Gm34087	
Aqp6	AQP6
Mknk2	MKNK2
Gm61496	
Gm61497	
Pcp4l1	PCP4L1
Gm61498	
Gm32910	
Gm61499	
Gm61500	
Gm61501	
Gm48199	
Abca12	ABCA12
Racgap1	RACGAP1
Gm56004	RN7SKP17
Gm61502	
Pet100	PET100
Gm41030	
Gm47523	
Rec8	REC8
Gm41029	
9330199G10Rik	
Scgb2b19	
Or10v5	
Gm43579	
Scgb1b19	
Cfap73	CFAP73
Or10v9	
Gm42657	
Gm45119	
Gm9167	
Or10q3	
Gm61503	
Gm15749	
Gm61504	
Gm61505	
Scgb2b20	
Gm61506	
Pcp2	PCP2
Rfc1	RFC1
Gm61507	
Gm6365	
Gm61508	
Or10v1	OR10V1
Gm61509	
Gm61510	
Gm56561	
Scgb1b20	
Patl1	PATL1
Gm33387	
Gm5732	
Gm61512	
Gm28794	
Gm47990	
Gm5731	
Cdr2	CDR2
Gm61513	
Gm56580	
Gm46416	
Gm56198	
Znhit3	ZNHIT3
Gm34122	
Gm61514	
Gm31715	
Gm61515	
Gm61516	
Gm61517	
Mob3a	MOB3A
Gm34385	
Pdyn	PDYN
Ipo4	IPO4
Gm61518	
Gm40909	
Gm35618	
Scgb1b34-ps	
Scgb2b21	
Mir6994	
Izumo4	IZUMO4
Gm22272	
Osbp	OSBP
Gm12770	
Gm12771	
Inpp5a	INPP5A
Gm47916	
Gm14046	
Stk35	STK35
Gm61520	
Gm52059	
D030007L05Rik	
Galnt10	GALNT10
Gm9828	
Stxbp2	STXBP2
Galt	GALT
Gm28196	
Tgm3	TGM3
Gm36377	
Gm61523	
Olfr1421-ps1	
Urml	
Gm45115	
Or4d29-ps1	
Gm45116	
Gm6947	
Or4d11	OR4D11
Pam	PAM
Gm44859	
Or4d10b	OR4D10
E430024I08Rik	
Pygm	PYGM
Mir6339	
Gm22424	
Gm24665	
Elmo2	ELMO2
Ap3d1	AP3D1
A530095I07Rik	
Gm61524	
Gm56593	
1110046J04Rik	
4933426K07Rik	
Gm24582	
Gm56199	
Sap30l	SAP30L
Gm61525	
Hand1	HAND1
Gm61526	
Gm61527	
Gm41018	
Gm61528	
Gm47467	
Prkar2b	PRKAR2B
Gm12244	
Gm43099	
Gm12525	
Eif5a	EIF5AL1
Eif5a	EIF5A
Mybphl	MYBPHL
Gm33573	
Gm61530	
Gm20745	
Gm28195	
Gm22382	
Gm19987	
Rasgrp2	RASGRP2
Gm61531	
Gm22169	
Gm55993	SNORD113-6
Gm47169	
Gm33045	
Rora	RORA
Psrc1	PSRC1
Scgb1b22-ps	
Scgb1b23-ps	
Mfsd13b	
Foxd3	FOXD3
Gm55933	
Gm12682	
Alg6	ALG6
Gm9234	
Gm25924	
Rpl23a-ps12	
Nkx6-2	NKX6-2
Gm49378	
Gm61532	
Gm47469	
Tm9sf1	TM9SF1
Gm9905	
Scgb2b24	
Gm41009	
Gm53716	
Gm60268	
Gm60244	
Gm61533	
Gm61534	
Scgb1b24	
Gm61535	
Gm10752	
Gm37140	
Gm57006	
Gm56241	
Gm57008	
Btf3-ps1	
Gm12782	
Med23	MED23
Gm24465	
Gm28614	
Gm7952	
Gm29462	
Gm61536	
Gm56357	
Gm61537	
Atic	ATIC
Gm12768	
Ice2	ICE2
Scgb2b25-ps	
Scgb1b25-ps	
Gm33111	
Gm12757	
Retn	RETN
Mettl9	METTL9
Gm49762	
2010203P06Rik	
Slc44a4	SLC44A4
Gm32038	
Gm44776	
Slc31a1	SLC31A1
Mcemp1	MCEMP1
Gm28615	
Fcor	
Celsr2	CELSR2
Gm12765	
Gm45137	
Scgb2b26	
Cdc26	CDC26
Gm34388	
Trappc5	TRAPPC5
Scgb1b26-ps	
Gm27991	
Gm28184	
Gm44901	
Fcer2a	FCER2
Gm12773	
2210406H18Rik	
Gm12755	
Gm904	
Scgb2b27	
Prpf4	PRPF4
Gm49763	
Igsf6	IGSF6
Gm35215	
Gm61538	
Gm61540	
Gm40948	
4930435F18Rik	
Gm61542	
Gm61544	
Gm61545	
Gm61546	
Gm61547	
Gm61548	
Gm61549	
Gm7802	
Nr1i3	NR1I3
Gm61550	
Gm18587	
Scgb1b27	
Gm46412	
Anxa2	ANXA2
Gm61551	
Gm61552	
Gm12760	
Tssk4	TSSK4
Gm12779	
Scgb1b30	
Gm20957	
Gm46411	
Gm6330	
AI197445	
Gm61640	
Spn-ps	
1700084J12Rik	
Gm61641	
Wtip	WTIP
Gm41341	
Gm3787	
Krt74	
Gm61553	
Gm60266	
Gm19866	
Rnf183	RNF183
Gm51991	
Gm60260	
Pik3cg	PIK3CG
Wdr31	WDR31
Matn2	MATN2
Gm61555	
Gm61556	
Gm41032	
Gm30893	
Cfap46	CFAP46
Gm14965	
Neu1	NEU1
Etohd2	
Nrxn2	NRXN2
Gm61558	
Gm40660	
Gm61559	
Gm61560	
Sars1	SARS1
Gm61561	
Mir3109	
Gm16144	
Gm61562	
Gm61563	
Gm61564	
Gm49954	
Zfp983	
Gm61565	
Gm47203	
Foxb1	FOXB1
Gm61566	
Zfp760	ZNF34
Gm61567	
1700029N11Rik	
Gm18745	
Gm28731	
Gm49299	
Bnip2	BNIP2
Mdp1	
Zfp229	
Gm59404	
Gm47928	
Gm33308	
Slco6d1	SLCO6A1
Nedd8	NEDD8
Gm60819	
Gm54696	
Ccdc71l	CCDC71L
Gm40375	
Gm18270	
Zfp820	ZNF34
Gm59539	
Gm17820	
Gm33380	
Gmpr2	GMPR2
Gm59515	
Zfp995	ZNF34
Gm60141	
Gm60316	
Gm47937	
Gm15290	
Gm59493	
Gm43628	
Gm40376	
Klb	KLB
Gm18726	
Gm32965	
Gm59496	
Nampt	NAMPT
Gm61568	
Gm61569	
Gm61570	
Gm61571	
Gm6540	
Gm47792	
Gm10509	
Gm22942	SNORA70
Gm43438	
Gon4l	GON4L
Gon4l	YY1AP1
Gm61609	
Gm61572	
Prkce	PRKCE
Prkg2	PRKG2
Gm61573	
Gm47805	
Gm61574	
Gm47361	
A230103O09Rik	
Bspry	BSPRY
Tinf2	TINF2
Gm3555	
Gm56243	
Gm23434	
Gm18248	
Vmn2r-ps95	
Tomm40l	TOMM40L
Gm47948	
Gm33484	
Gm59497	
Gm48136	
4933406C10Rik	
Gm61575	
Cbx3-ps2	
Gm48185	
Gm19448	
Col14a1	COL14A1
Tubgcp5	TUBGCP5
Gm10323	
Gm61576	
Vmn1r-ps110	
Eif4enif1	EIF4ENIF1
Gm61577	
Hdhd3	HDHD3
Vmn1r-ps111	
Gm61578	
H2ac5-ps	
Gm61579	
Gm5626	
Gm61580	
Gm8700	
Alad	ALAD
Gm47412	
Gm61581	
Gm43713	
Gm23054	
Msto1	MSTO1
Serpinb1-ps1	
Gtf2a2	GTF2A2
Gm61582	
Gm6296	
Gm4900	
Gm46400	
Gm48568	
Gm61583	
Gm18857	
Otc	OTC
Gm54542	
Gm18832	
Gm54543	
Epas1	EPAS1
Gm25887	
Tgm1	TGM1
Gm3470	
Gm43251	
Rps3a3	
Rasal1	RASAL1
Gm26927	
Gm61585	
Gm2399	
Gm7042	
Gm23404	
4930503H13Rik	
Gm7312	
Gm15162	
Gm15163	
Gm54630	
Gm61653	
Phex	PHEX
Gm18562	
Cntnap5b	
Gm50008	
Gm10309	
Or14r1-ps1	
Or12d15	
Or14s1-ps1	
Or1o1	
Gm61586	
Gm48731	
Gm61587	
Gm31711	
Gm51998	
Gm23410	
Gm61588	
Or11a5-ps1	
Mir6905	
Gm19056	
Arg1	ARG1
Pole3	POLE3
Gm18622	
Gm18808	
Gm47961	
Sypl1	SYPL1
Gcnt3	GCNT3
Or1o11	
Gm47233	
Or11a6-ps1	
Rbms3	RBMS3
Or12d17	OR12D3
Mettl25	METTL25
Rgs3	RGS3
H2-M2	
n-R5s197	
Dap3	DAP3
Selenok-ps5	
Gm61595	
Gm46426	
Gm46427	
Gm10769	
Gm40989	
Gm20789	
Gm61597	
Dtx1	DTX1
Gm36298	
Gm40874	
Gm24922	
Cdhr3	CDHR3
Or5v1	OR5V1
Gm50481	
Gm47019	
Rabggta	RABGGTA
Gm61600	
Gm270	
Gm272	
Gm54632	
Gm25795	
Gm15172	
Gm55473	
Gm48298	
Gm8672	
Or12d14-ps1	
Gm1947	
Ccdc59	CCDC59
Gm24281	
Gm61601	
Sms	SMS
Gm8674	
Or12d16-ps1	
Gm61602	
Lmf1	LMF1
Naip3-ps1	
Gm61603	
Gm5628	
Vdac3-ps1	
Gm61604	
Gm61605	
Gm61607	
Gm47754	
Gm47753	
Gm49351	
Gm55474	
Plppr3	PLPPR3
Gm40918	
Gm54712	
Gm59671	
Gm59430	
Gm37877	
F730043M19Rik	
Gm19029	
Gm23602	
Gm29668	
Gm29667	
Rpl9	
Gm18700	
Gm18185	
Gm29334	
Gm56249	
Gm28801	
Gm50151	
Psmb6-ps2	
Gm14964	
Gm18969	
Gm28188	
Slc22a12	SLC22A12
Gm28187	
Gm24122	
Gm28623	
Gm23036	
Gm53054	
Mbtps2	MBTPS2
1700018A04Rik	
Otoa	OTOA
Gm20281	
Gm22034	
Gm18728	
Gm22645	
Gm50312	
Gm5836	
Chtf18	CHTF18
Gm16553	
Gm50435	
Gm56017	
Cd209a	CD209
Gm23965	
Vps13a	VPS13A
Gm29141	
Gm37789	
Gm18447	
Gm29140	
Gm56250	RN7SKP64
Gm5260	
Gm29592	
Gm29011	
Cdh20	CDH20
Fam227a	FAM227A
Mir6910	
Elane	ELANE
Mir9-2hg	
Gm19810	
Cfd	CFD
Lias	LIAS
Gm38031	
Gm56252	
Gm6568	
Gm36969	
Gm56021	
Rprl3	
Gm15699	
Gm7381	
Gm29013	
Yy2	
Cd209e	CD209
Rnf152	RNF152
Gm15176	
Gm15175	
Rpl7l1-ps1	
Cdr1os	
Gm29014	
Pign	PIGN
Cd209d	CD209
Med16	MED16
1110003F10Rik	
Gm43311	
Ugdh	UGDH
Gm16267	
Afg3l1	
Gm60929	
Atxn7l1	ATXN7L1
Gm9240	
Kif21a	KIF21A
4930486N12Rik	
Hs3st2	HS3ST2
Gm11209	
4933430I17Rik	C9orf43
Rpusd1	RPUSD1
Uba2	UBA2
Dhrs1	DHRS1
Mtap	MTAP
Zfp663	
Gm24019	
Kiss1r	KISS1R
Gm43552	
Gm43289	
Ybx2	YBX2
Rasgef1b	RASGEF1B
Mslnl	MSLNL
Nop9	NOP9
Zfp334	ZNF334
Gm53013	
Gm14665	
Gm14666	
Gm14875	
Gm3943	
Arid3a	ARID3A
Slc16a2	SLC16A2
Gm12607	
Gm26490	
Tgif2-ps1	
Gm12606	
Cdkn2a	CDKN2A
Ocstamp	OCSTAMP
Gm55306	
Msln	MSLN
Ptges2	PTGES2
Gm61655	
Gm6222	
Gm37956	
Cdkn2b	CDKN2B
Gm14893	
Gm55580	
Dmrtc1c1	
Gm12608	
Gm55777	
Gm36012	
Gm57123	
Gm57125	
Gm57137	
Foxo6os	
2010001K21Rik	
Ttc39aos1	
2610020C07Rik	
Gm13413	
Slc13a3	SLC13A3
Gm12924	
Gm56089	
Mir6398	
Gm12926	
Gm12922	
Macf1	MACF1
Gm56022	
Cideb	CIDEB
Dbndd1	DBNDD1
Gm9126	
Gm55581	
Dmrtc1c2	
4933413L06Rik	
Patz1	PATZ1
Wdr18	WDR18
Gm60327	
2610307P16Rik	
Atxn7l1os1	
Gm26465	
S1pr1	S1PR1
Ltb4r2	LTB4R2
Gm28404	
Gm38649	
Gm20302	
Gm12778	
Gm55582	
Gm12783	
Gm60350	
1700031F05Rik	
Gm56258	
Usp31	USP31
Gm8004	
Dph5	DPH5
Ltb4r1	
Gm60341	
Atxn7l1os2	
C030010L15Rik	
Ddx59	DDX59
Adcy4	ADCY4
Efcab10	EFCAB10
Dctd	DCTD
Grin3b	GRIN3B
1700123O21Rik	
Gm61262	
Gm9133	
Gm43388	
Dmrtc1a	
Gm47506	
1700069B07Rik	
2010309G21Rik	
Polr1f	POLR1F
Pdcd2l	PDCD2L
Gm29486	
Gm29485	
E330011O21Rik	
Zfp281	ZNF281
Gm59662	
Ciao3	CIAO3
Gm40442	
Trp53rka	TP53RK
Gm59660	
Gm59400	
Gm59540	
Gm59562	
Gm24086	RNU6-451P
Gm24086	RNU6-1025P
Gm24086	RNU6-722P
Slc2a10	SLC2A10
Gm56264	
Gm59560	
Mif-ps1	
Tmem259	TMEM259
Gm59524	
Gm34189	
Gm17781	
Gm42687	
Gm43107	
Gm43108	
Gm43106	
Nr5a2	NR5A2
Gm6649	
Gm37000	
Gm55254	
Rps24-ps2	
Scnn1g	SCNN1G
Pou5f1-rs3	
Gm59528	
Gm8075	
Hnf4g	HNF4G
Eya2	EYA2
Slc2a4	SLC2A4
Defb12	DEFB105A
Defb12	DEFB105B
Gm48823	
Slc38a6	SLC38A6
Defb34	DEFB132
Spag11b	SPAG11B
Spag11b	SPAG11A
Gm45826	
Spag11a	
Gm44740	
Scnn1b	SCNN1B
Defb14	DEFB103A
Defb14	DEFB103B
Defb4	DEFB4A
Defb4	DEFB4B
Fam236e	FAM236A
Fam236e	FAM236C
Fam236e	FAM236D
Fam236e	FAM236B
Defb6	
Gm61656	
Btbd35f5	
Hsdl1	HSDL1
Gm61657	
Spin2-ps6	
Gm15275	
Serpini1	SERPINI1
Gm15274	
Btbd35f12	
Gm2182	
Smim14	SMIM14
Spin2-ps7	
Gm31171	
Gm61658	
Gm61660	
Gm61661	
Gm61662	
Gm61663	
Gm61664	
Gm61665	
1700094I16Rik	
Gm44593	
Dnaaf1	DNAAF1
Rnu7-ps3	
Gm25609	
Gm61666	
Gm37057	
Gm61667	
1700006P03Rik	
Gm54071	
Gm23534	
Gm37903	
Gm14858	
Relch	RELCH
Gm30914	
Gm32256	
Gm61669	
Gm61670	
Gm9806	
Gm61671	
Gm32341	
Gm37672	
Gm61672	
Gm37193	
Gm25846	
Eif2c5l	
Vmn2r-ps8	
Vmn2r5	
Gm11944	
Foxb2	FOXB2
Gm59276	
Gm12310	
Vmn2r6	
Gm31214	
Cldn7	CLDN7
Gm59636	
Gm59045	
Gm52440	
Gm59119	
Gm61673	
Gm56633	
4930442B02Rik	
Gm59116	
Gm59113	
Gm61674	
Gm59114	
Cog7	COG7
Gm61675	
Taf1c	TAF1C
Gm29917	
Gm61676	
Gm61677	
Vmn2r-ps9	
Gm23897	
Vmn2r-ps4	
Gm61678	
Gm59132	
Gm48653	
Gm61679	
Vmn2r4	
Gm43290	
Gm33135	
D830013O20Rik	
Gm26243	
4930589O11Rik	
Gm59060	
Cnn2	CNN2
Gm59061	
Gm42725	
Gm59016	
Oas1f	OAS1
Gm59071	
Gm41805	
Haghl	HAGHL
Gm59067	
Vmn2r-ps6	
Gm59076	
Vmn2r-ps7	
Gm59096	
Gm10723	
Gm58931	
Gm22073	
Gm58935	
Il12a	IL12A
Gm59251	
Gm61680	
Gm61681	
Gm59252	
Gm59247	
Mta2	MTA2
Gm61682	
Gm61683	
Ripk3	RIPK3
9530051G07Rik	
Gm56123	
Oas1h	OAS1
Gm33929	
Pik3ip1	PIK3IP1
1700036O09Rik	
Gm48656	
Gm61684	
Gm34016	
Tmem30b	TMEM30B
Gm28163	
Gm11460	
2210039B01Rik	
D430041D05Rik	KIAA1549L
Gm61686	
Gm61687	
Gm45022	
Prkch	PRKCH
Oas1g	OAS1
Gm61689	
Gm61690	
Gm61691	
Gm61692	
Rps13-ps4	
Gm61694	
Gm7270	
Gm61695	
Adad2	ADAD2
Gpi1	GPI
Gm15241	
Gm17641	
1110032F04Rik	C3orf80
Gm34138	
Rdh18-ps	
Gm20689	
Gm61696	
Gm20690	
Gm61697	
Gm61698	
Gm18588	
Gm61699	
Gm20691	
Them4	THEM4
Gm61701	
Gm61703	
C920009B18Rik	
Gm30232	
Firre	
Wfdc1	WFDC1
Ube2k	UBE2K
Gm61840	
Mfsd4b2	
Gm48326	
Gm23601	
Rab32	
Or6c5	
Them5	THEM5
Or6c205	
Or6c206	
Tut1	TUT1
Or6c207	
Tcl1b2	TCL1B
Olfr778-ps1	
Gm25764	
Or6c6b	
Or6c68	OR6C68
Nfatc4	NFATC4
Or6c35	
Or6c6	OR6C6
Gm2539	
Gm36070	
Eef1g	EEF1G
Gm7678	
C2cd4d	C2CD4D
Elp5	ELP5
Gm4895	
Ptprr	PTPRR
Gm59429	
Gm13883	
Rorc	RORC
Atp2c2	ATP2C2
Tcl1b1	TCL1B
Gm56374	
Gm13882	
Hipk3	HIPK3
Tcl1b5	TCL1B
Tcl1b3	TCL1B
Gm31583	
Tcl1b4	TCL1B
Ahnak	AHNAK
Tcl1	TCL1A
Gm40309	
Gm42726	
Oas1a	OAS1
Gm45747	
Meak7	MEAK7
Mir6966	
Ccdc78	CCDC78
Oas1d	OAS1
Gm53762	
Scgb1a1	SCGB1A1
Gm60250	
Tunar	TUNAR
Klhl36	KLHL36
Asrgl1	ASRGL1
Gm2721	
Antkmt	ANTKMT
Gm35612	
Gm7573	
Gm56228	
Ctdnep1	CTDNEP1
Gm46376	
Pds5a	PDS5A
D430019H16Rik	C14orf132
Gm40565	
Usp10	USP10
Gm46563	
Gm61704	
Gm9750	
AU015791	
Gm61705	
Gm61706	
Lingo4	LINGO4
Gm6252	
Tdrkh	TDRKH
Gm54990	
Gm60520	
Pcna-ps2	
Gm59011	
Gm34301	
4930414F18Rik	
Gm2617	
Gm60515	
Gm47796	
Stxbp3-ps	
Nynrin	NYNRIN
Bdkrb2	BDKRB2
Gm14773	
Gm29231	
Gm6445	
Gm61708	
Gm50367	
Gm59085	
Gm61709	
Gm61710	
Fbxl16	FBXL16
Gm50320	
Bdkrb1	BDKRB1
Gm50321	
Gm61711	
Gm61712	
Scgb2a2	SCGB2A2
Scgb2a2	SCGB2A1
Gm54966	
Gm59823	
Gabarap	GABARAP
Gm61713	
Gm61714	
Jdp2	JDP2
Gm36631	
Gm54995	
Cbln3	CBLN3
Gm50322	
Gm49688	
Incenp	INCENP
Khnyn	KHNYN
Gga2	GGA2
Mir1902	
Gm13870	
Gm13884	
Gm22439	
Wdr24	WDR24
Gm49618	
Gm13885	
Fam81a	FAM81A
Zmynd8	ZMYND8
Phf23	PHF23
Gm33312	
Gm60017	
Gm49643	
Batf	BATF
Gm56599	
Sdr39u1	SDR39U1
Gm60935	
Gm24257	
Gm18489	
Jmjd8	JMJD8
Gm20397	
n-R5s64	
Gm14902	
Gm20396	
Gm54397	
Gm47901	
Zcwpw2	ZCWPW2
Flvcr2	FLVCR2
Gm56685	
Gm56620	
Gm61715	
Gm61716	
Gm61717	
Gm61718	
Mdrl	
Gm6467	
Gm61611	
Gm61719	
Gm61612	
Gm61720	
Gm61613	
Gm61721	
Gm61722	
Gm37566	
Gm40478	
Gm61614	
Gm56002	
Gm10193	
Gm61723	
Myo1e	MYO1E
Tnfrsf11a	TNFRSF11A
Pou6f1	POU6F1
Gm61724	
Gm41487	
Gm60941	
Gm61726	
Gm60950	
Gm33372	
Gm42727	
Erg28	ERG28
Gm56687	
4931407J08Rik	
Gm42729	
Gm61727	
Gm24399	RNU6-1186P
Gm24399	RNU6-374P
Gm61728	
Gm42728	
Gm61729	
C030017G13Rik	
Gm61730	
Rph3a	RPH3A
Gm42463	
Gm46695	
Gm61731	
Mrpl9	MRPL9
Gm61618	
Gm61732	
Gm61619	
Gm61733	
Gm61734	
Gm61735	
Gm46553	
Gm39529	
1700111N16Rik	
Gm37779	
Limk2	LIMK2
Gm26214	
Gm18801	
4933401J01Rik	
Gm26206	
Ttll5	
Xkr4	XKR4
Gm61736	
Gm61737	
Gm61738	
Gm61739	
Gm30790	
Gm61741	
Gm61742	
Gm61743	
Gm18956	
Gm61744	
Crispld2	CRISPLD2
Gm37180	
Gm37363	
Gm61745	
Gm37686	
Gm37329	
Gm61746	
Gm35790	
Gm7341	
Gm38148	
Gm19938	
Gm10568	
Gm30023	
A230072E10Rik	
Gm38385	
Gm27396	
Riiad1	RIIAD1
Gm37381	
Stub1	STUB1
1700041M19Rik	
Rp1	RP1
Gm47625	
Spmap2	SPMAP2
Gm61748	
Cma1	CMA1
Gm61749	
Gm61750	
Gm61751	
Gm39538	
1700029J03Rik	
Gm61752	
Gm61753	
Celf3	CELF3
Gm61754	
Gm6101	
Ears2	EARS2
Gm61755	
Gm37483	
Mcpt-ps1	
Gm50324	
Gm61756	
Sox17	SOX17
Gm50340	
Gm61757	
Gm61758	
Cma2	
Gm61759	
Gm35587	
Gm61760	
Gm61761	
Gm61762	
Gm61763	
Gm14808	
Mir5626	
Ccnb2	CCNB2
Gm48927	
Gm48934	
Gm26744	
Gm5801	
Mcpt1	
Gm39510	
Gm54998	
Gm36913	
Gm61764	
Gm61765	
Gm61766	
C2cd4c	C2CD4C
Gm7357	
Mir3082	
Rhbdl1	RHBDL1
Tslrn1	
4921517D16Rik	
Gm22307	RNU6-31P
Gm38076	
Garre1	GARRE1
Gm6085	
Gm6119	
Shc2	
Gm56275	
Gm50343	
Gm2053	
Gm6123	
Gm1968	
Zcchc2	ZCCHC2
Mcpt9	
Azi2	AZI2
Gm50345	
Gm50346	
Gm9918	
Fth1	FTH1
Gm42656	
Mfsd5	MFSD5
Ptpn11	PTPN11
Gm11379	
Gm49479	
Espl1	ESPL1
Mcpt2	
A330102I10Rik	
Gm47163	
Gm61767	
Gm61768	
Cimap1d	CIMAP1D
Gm34077	
Best1	BEST1
Mcpt4	
Gm61769	
Tpgs1	TPGS1
Gm61770	
Gm61771	
Gm20683	
Gm61772	
Gm33984	
Gm17870	
Kitl	KITLG
Gm15684	
Zdhhc7	ZDHHC7
Rhot2	RHOT2
Gm61774	
Gm61775	
Gm61776	
Gm61777	
Mir223hg	
Rab3il1	RAB3IL1
Ift88	IFT88
Gm15898	
Gm38379	
6430548M08Rik	KIAA0513
Cstf3	CSTF3
Platr21	
Gm52969	
Ubfd1	UBFD1
Gm37372	
Gm26509	
Gm56678	
Phlpp1	PHLPP1
Gm61778	
Gm53187	
Gm26851	
Gm61780	
Gm61781	
Gm61782	
Gm61783	
Gm46687	
Gm61784	
Gm39494	
Gm61785	
Gm33235	
BC060293	
Gm61786	
Gm6096	
Gm61787	
2010308F09Rik	
Ndufab1	NDUFAB1
Gm55382	
Gm55383	
Gm47627	
Gm47632	
Gm47628	
Gm47630	
Gm11339	
Gm47631	
Gm47673	
Tmtc3	TMTC3
4930525G20Rik	
2810429I04Rik	
Slc5a6	SLC5A6
Gm38235	
Gm15836	
Gm6651	
Ift88os	
Bcl2	BCL2
Gm61788	
Il17d	IL17D
Cmc1	CMC1
Gm39535	
Gm61789	
Gm61791	
Eef1akmt1	EEF1AKMT1
Gm61793	
Gm49480	
Pfdn5	PFDN5
Tcp11l1	TCP11L1
Gm14742	
Gm61795	
Mrpl15	MRPL15
Gm61796	
Gm61797	
Gm46693	
Rnf111	RNF111
Gm61798	
Gm56686	
Gm43773	
B020017C02Rik	
Gm39517	
Exosc8	EXOSC8
Gm44986	
Lsm14a	LSM14A
Gm61799	
1700121L16Rik	
Gm15295	
Fads3	FADS3
Xpo4	XPO4
Gm39540	
Wdr90	WDR90
Gm61800	
2010204K13Rik	
Pin1rt1	PIN1
Bcas3	BCAS3
Depdc7	DEPDC7
Gm15020	
Myg1	MYG1
Gm61801	
Gm14379	
Qser1	QSER1
Gm37144	
Mir3473f	
Gm37053	
Kdsr	KDSR
Gm61802	
Gm61804	
Gm14862	
Gm61805	
Cep290	CEP290
Gm61806	
Gm61807	
Gm15046	
Cibar2	CIBAR2
Gm44567	
Gm61808	
Gm61809	
Gm12774	
Gm61810	
2310043P16Rik	
Gm61811	
Gm61812	
Gm12766	
Gm39520	
Gm15104	
Gm12780	
Gm12784	
Gm44837	
Kctd15	KCTD15
Vps4b	VPS4B
Gm49361	
Gm61813	
Fads2	FADS2
Gm61814	
Gm61815	
Gm61817	
Lats2	LATS2
Gm61818	
Gm61819	
Gm61820	
Gm34836	
Gm49448	
Gse1	GSE1
Gm61821	
Gm61822	
Gm61823	
Aaas	AAAS
Alg5	ALG5
4930555B12Rik	
Gm13886	
Prrg4	PRRG4
Gm60700	
Gm30354	
Gm60730	
Gm61824	
Gm59779	
Gm61825	
Gm60888	
Gcna	
Gm60463	
Gm10489	
Gm56611	
Gm61826	
Gm61827	
Gm61247	
Gm61829	
4933434C23Rik	
4930453N24Rik	C3orf38
Gm39508	
Gm30427	
Gm61831	
Gm61832	
Gm36522	
Gm61834	
Gm61835	
Gm15015	
Zfp654	ZNF654
Ccdc73	CCDC73
Smad9	
Gm12756	
Chst8	CHST8
Gm50359	
Gm24615	SNORA20B
Gm24615	
Cggbp1	CGGBP1
Gm56008	RNU6-481P
Gm23730	
Gm22229	RNU6-83P
Gm22229	RNU6-1274P
Golga4	GOLGA4
Fads1	FADS1
3010001F23Rik	
Gm26440	
Rfxap	RFXAP
Sap18	SAP18
Gm9061	
Gm16385	
Gm54742	
Gm60415	
Gm56601	
Tnk2os	
Gm10254	
Sertm1	SERTM1
Gm34766	
Serpinb5	SERPINB5
Gm34825	
Gm60686	
Gm26769	
Palb2	PALB2
Gm42611	
Srsf11	SRSF11
Tnk2	TNK2
Gm42930	
Rpl6	RPL6
Mir3077	
Ska3	SKA3
Pou2f3-rs1	
Serpinb12	SERPINB12
2310020H05Rik	
Mir6993	
Gm10143	
Mrpl57	MRPL57
Fen1	FEN1
Gm22738	
Gm13887	
Zdhhc20	ZDHHC20
Eif3m	EIF3M
Gm26205	
Atraid	ATRAID
Tmem258	TMEM258
Sltm	SLTM
Sp7	SP7
Serpinb13	SERPINB13
Gm55244	RNU6-828P
Sp1	SP1
Myrf	MYRF
Gm61836	
Gm31887	
Gm61837	
Gm8080	
Gm56681	
Gm61838	
Gm46430	
Gm6812	
Gm6787	
Serpinb3a	SERPINB4
Serpinb3a	SERPINB3
Amhr2	AMHR2
Gm56046	
Gm26971	
1700016A09Rik	
Mir7687	
Gins2	GINS2
Gm61839	
Gm13888	
Rlig1	RLIG1
1700113B19Rik	
Prex1	PREX1
Serpinb3d	SERPINB4
Serpinb3d	SERPINB3
Gm61841	
Gm61842	
Gm61843	
Gm61845	
Gm61846	
Gm61847	
Gm61848	
Mcrip2	MCRIP2
Gm39549	
Gm22725	
Gm24890	
Polr3d	POLR3D
Gm45834	
Gm26739	
Gm61849	
1190005I06Rik	C16orf74
4930513O06Rik	
Atp6v1g3	ATP6V1G3
4931400O07Rik	
Gm61850	
Gm24128	RNU6-999P
Gm61851	
Prr13	
Gm61852	
Gm15388	
Gm27021	
Lypla1	LYPLA1
Gm26537	
Emc8	EMC8
Gm54069	
4933407K13Rik	
Gm30409	
Rbm47	RBM47
1700112M02Rik	
Mettl26	METTL26
Mir320	
Phyhip	PHYHIP
Itga9	ITGA9
Pcbp2	PCBP2
Gm47956	
1700017N19Rik	C12orf50
Bmp1	BMP1
Pepd	PEPD
Gm40987	
Gm33115	
Cox4i1	COX4I1
Wfikkn1	WFIKKN1
Gm32063	
Pigq	PIGQ
Gm25922	
Gm16326	
Sftpc	SFTPC
Gm56568	
Cebpg	CEBPG
Gm33142	
Gm56047	
Gm18709	
Irf8	IRF8
Dagla	DAGLA
Gm44836	
Gm43362	
Lrrc40	LRRC40
Gm45094	
Lgi3	LGI3
Gm45095	
Gm56361	
Dctn5	DCTN5
Hectd4	HECTD4
Mindy2	MINDY2
Dvl2	DVL2
Reep4	REEP4
Gm61854	
Gm61855	
Gm61856	
Gm61857	
Gm61858	
Gm30042	
Gm15243	
Plk1	PLK1
Gm61859	
Gm61860	
Gm35107	
Gm47325	
Gm47227	
Gm47228	
Alyreffm11	ALYREF
Hr	HR
Alyreffm14	ALYREF
Alyreffm13	ALYREF
Alyreffm16	ALYREF
Gm61861	
Gm61862	
Gm26531	
Gm61864	
Gm44985	
Gm61866	
Alyreffm17	ALYREF
Gm61867	
Cyfip1	CYFIP1
B230119M05Rik	
Gm56553	
Gm51989	
Alyreffm15	ALYREF
Serpinb3b	SERPINB4
Serpinb3b	SERPINB3
Tgfb3	TGFB3
Gm61869	
Gm61870	
Gm61873	
Gm30704	
Alyreffm10	ALYREF
Gm61874	
Gm46675	
Gm61876	
Gm22339	
Gm26878	
Gm56394	
Gm8689	
Gm56395	
Gm9476	
Gm56396	RNU6-1222P
Gm10642	
Gm28324	
Gm4898	
Lrrc7	
Gm61877	
Gm8701	
Foxf1	FOXF1
Gm61878	
Gm4310	
Dnaaf9	DNAAF9
Adam10	ADAM10
Gm61880	
Alyreffm5	ALYREF
Gm61881	
Gm15017	
Lrrc7	LRRC7
Alyreffm6	ALYREF
Alyreffm7	ALYREF
Alyreffm8	ALYREF
Gm56049	
Gm37804	
Gm48008	
Mthfsd	MTHFSD
Alyreffm12	ALYREF
Alyreffm9	ALYREF
Mir3058	
Gm55210	
Ift43	IFT43
Gm47669	
Gm47724	
Gm24433	
Anapc15-ps	
Gm61882	
Gm61883	
Madcam1	MADCAM1
Gm37988	
Gm15169	
Gm61884	
Gm8084	
Gm61885	
Gm61886	
Gm61887	
Gm61888	
Gm61889	
Gm15390	
Gm61890	
Serpinb3c	SERPINB4
Serpinb3c	SERPINB3
5730412P04Rik	
Nhlrc4	NHLRC4
Timm13	TIMM13
Prr35	PRR35
Capn15	CAPN15
Gm8089	
Lipc	LIPC
Lmnb2	LMNB2
Nek7	NEK7
Gm61891	
Gm56679	
Gm24671	
Trafd1	TRAFD1
Gm56238	
Ern1	ERN1
Nudt18	NUDT18
Gm61892	
4930558G05Rik	
Gm805	
Gm56015	
Fhip2b	FHIP2B
Gm3436	
Gm32017	
Gm61893	
Aqp9	AQP9
Gm32473	
Gm61894	
Gm61895	
Gm14718	
Gm61896	
Gm36547	
Gm61897	
Gm61898	
Gm61899	
Gm61900	
Gm59427	
Gm61901	
Gm40481	
Gm39503	
Gm14703	
Gm61902	
Gm61645	
Gm52430	
Gm28501	
Gm61647	
Gm61904	
Gm61648	
Gm61905	
Serpinb11	SERPINB11
Gpatch2l	GPATCH2L
3632454L22Rik	
Gm61649	
Gm36549	
Gm60155	
Gm61906	
Gm40946	
Dmtn	DMTN
Gm61615	
Fmr1os	
Gm56682	
Gm61651	
Gm37080	
Gm37101	
Gm61652	
Gm14697	
Gadd45b	GADD45B
Tmem182	TMEM182
Gm31155	
Gm36289	
Gm61908	
Gm61909	
Snord104	SNORD104
Gm22711	
Gm22711	SNORA50C
Gm14705	
Brip1	BRIP1
Gm35330	
T2	
Gng7	GNG7
Gm60163	
6720473M11Rik	
Gm47268	
Gm60725	
Aldh1a2	ALDH1A2
Gm60411	
Gm61910	
Gm49508	
Gm49509	
Gm5973	
Gm61911	
Gm5833	
Gm4116	
Gm61912	
Gm61914	
Gm22598	
Or1f19	OR1F1
Gm61915	
Gm15482	
Or1f20-ps1	
Gm8790	
Or1f21-ps1	
Gm61916	
Gm52946	
Gm38595	
Gm28634	
Ier3	IER3
Tcea1	TCEA1
Gm60167	
N6amt1	HEMK2
Gm61917	
Gm61918	
Flot1	FLOT1
Gm61919	
4732487G21Rik	
Rbm3os	
Foxc2	FOXC2
Gm32666	
Gm61253	
Gm48101	
Foxl1	FOXL1
Gm40483	
Gm61920	
Gm56544	
Gm61921	
Gm37609	
Gm48771	
Gm61922	
Gm26815	
Gm42917	
Gm8482	
Gm61926	
Gm26784	
Gm61927	
Gpr68	GPR68
1700018B08Rik	C16orf95
Gm61928	
Naa25	NAA25
Gm15201	
Gm3828	
Atp5l-ps2	
Diras1	DIRAS1
Gm61929	
Acadvl	ACADVL
Gm61930	
Gm48124	
Gm61931	
Cgnl1	CGNL1
Gm61932	
Gm30577	
Slc39a3	SLC39A3
4932411K12Rik	
Gm61933	
Gm61934	
Gm41898	
Ltn1	LTN1
Gm42968	
Gm61935	
Gm43485	
Gm61937	
Gm43486	
Gm43487	
Gm56805	
Gm34464	
Gm56818	
Gm38160	
Gm37968	
Setd7	SETD7
Gm61938	
Gm61939	
Gm6104	
Fbxo31	FBXO31
Gm53034	
Gm37277	
Gm5267	
Gm61940	
Gm61941	
Gm8176	
Ccdc88c	CCDC88C
Gm9915	
Gm61942	
Sgta	SGTA
Gm61943	
Serpinb7	SERPINB7
G530011O06Rikx	
Gm61944	
Gm15247	
Gm56683	
4930515L19Rik	
Gm61948	
Gm15261	
Gm61949	
5330434G04Rik	
Gm38200	
Gm38334	
5430433H01Rik	
Gm38247	
Gm18981	
Gm55982	RNU6-787P
Dcp1b	DCP1B
Gm29664	
5930438M14Rik	
Fn1	FN1
Adh6-ps1	
Gm31946	
Gm38007	
Gm23670	
Gm37647	
Gm24920	SNORD62
Gm22301	
Vps72	VPS72
Gm32067	
Trp53rkb	TP53RK
Gm61950	
Gm61951	
Gm61954	
Gm61955	
Gm17786	
Gm30798	
Gm47390	
Map1lc3b	
A730017L22Rik	
Gm15326	
Tmod4	TMOD4
Gm45946	
Kis2	
Them7	
9530027J09Rik	
Gm61956	
Gm61957	
Gm61958	
Gm61959	
Gm61960	
Gm61964	
Gm61965	
Gm61966	
Gm61967	
Arfgef2	ARFGEF2
Gm61968	
Gm32305	
Gm36239	
Cacna2d4	CACNA2D4
Gm61969	
Gm61970	
Gm25896	
Gm56060	
Gm60955	
Gm45833	
Jph3	JPH3
Gm52418	
Rwdd2b	RWDD2B
Gm61971	
Gm39516	
Gm61972	
Gm16984	
Gm61973	
Gm61974	
Gm61975	
Gm39528	
Usp16	USP16
Gm30649	
Gm61976	
Gm61977	
Gm61978	
Gm61979	
Gm39511	
Gm61980	
4930570D08Rik	
Klhdc4	KLHDC4
Gm61981	
Scnm1	SCNM1
Gm61982	
Gm39546	
Gm38640	
4933412O06Rik	
Thop1	THOP1
Gm33039	
Gm61983	
Gm61984	
Gm61985	
Gm61986	
Gm33784	
Fgf17	FGF17
Gm33424	
Mir324	
Tex2	TEX2
Creb3l3	CREB3L3
Rcn1	RCN1
Npm2	NPM2
G630018N14Rik	
Gm43420	
Cad	CAD
A630072L19Rik	
Gm27220	
Mir8099-1	
Tnfaip8l2	TNFAIP8L2
Gm37660	
Exog	EXOG
Gm24283	
9530085P06Rik	
Gm36756	
Mab21l2	MAB21L2
Slc7a5	SLC7A5
Man1b1	MAN1B1
Gm38244	
Gpatch4	GPATCH4
Xpo7	XPO7
Tubb5	TUBB
Mir1190	
Gm47639	
Mir5615-1	
Mir5615-2	
Map2k2	MAP2K2
Ppp4r3a	PPP4R3A
Ints2	INTS2
Cct8	CCT8
Car5a	CA5A
Mdc1	MDC1
Gm41031	
Gm37497	
Gm27011	
Banp	BANP
Gm56398	
Gm13890	
Rpl10-ps1	
Paupar	
Scn5a	SCN5A
4930528D03Rik	
Dpp7	DPP7
Nrm	NRM
Gm56909	
Ppp1r18	PPP1R18
A730081D07Rik	
Naxe	NAXE
Gm49291	
Iqgap3	IQGAP3
Gm56586	
Zbtb7a	ZBTB7A
Gm55305	
Atrn	ATRN
Gm31218	
Dhx16	DHX16
Med13	MED13
Lrtm2	LRTM2
D130020L05Rik	
Gm47732	
Gm29676	
Gm59840	
Gm21056	
Kif4-ps	KIF4B
Gm18848	
B130034C11Rik	
Pias4	PIAS4
Mylf-ps	
Adipor2	ADIPOR2
Gm22749	
Gm60787	
Gm47394	
Gm54612	
Gm47395	
Gm8895	
Serpina1c	SERPINA1
Gm56616	
Gm24891	
Rpl31-ps4	
Map3k7cl	
B430119L08Rik	
Gm17198	
Serpina1e	SERPINA1
Gm60887	
Gm28564	
Gm56246	
Gm56247	
Gm41485	
Gm26439	RNU6-1179P
Rnft1	RNFT1
Gm22808	RNU6-456P
Gm59781	
Gm59828	
Serpina11	SERPINA11
Gm53917	
Bach1	BACH1
Gm61990	
Gm61991	
Gm61992	
Gm61127	
Gm39530	
Rps6kb1	RPS6KB1
Gm60907	
Eef2	EEF2
Gm23994	
Gm18168	
Gm61993	
Robo2	ROBO2
Mef2d	MEF2D
Gm46694	
Gm28577	
Gm61994	
Gm39523	
Serpina9	SERPINA9
Gm35105	
Wnt5b	WNT5B
2310061I04Rik	C6orf136
Gm2848	
Gm37496	
4930554N03Rik	
Serpina12	SERPINA12
Gm61995	
Gm61996	
Gm35156	
Tcf12	TCF12
Gm61997	
Gm56676	
Gm20153	
Gm56542	
Gm56677	
Gm61998	
Mageb5	MAGEB5
Gm36500	
Serpina4-ps1	
Gm14782	
Gm7113	
Gm16465	
Gm59873	
9330111N05Rik	
Fbxl14	FBXL14
Gm5071	MAGEB6B
Gm5071	MAGEB6
Erc1	ERC1
Serpina5	SERPINA5
Gm14784	
Mageb1	MAGEB6B
Mageb1	MAGEB6
Gm4912	
Gm62009	
Gm62010	
Gm62011	
Mir503hg	
Gm54901	
Serpina3a	SERPINA3
Snord37	SNORD37
1700019C18Rik	
Gm14049	
4930442H23Rik	
Cse1l	CSE1L
Dapk3	DAPK3
Atat1	ATAT1
Serpina3b	SERPINA3
Gm17907	
Gm44616	
Hyi	
Ern2	ERN2
Gm24584	RNU6-495P
Gm24584	RNU6-1122P
Gm38291	
Gm37087	
Gm5851	
Gm37752	
Sprr2a3	
Sprr2b	
Gm49244	
Gm19716	
Gm61624	
Gm7633	
Gm7438	
Sprr2c-ps	
Serpina3c	SERPINA3
Sprr2d	
Gm62029	
Gm35387	
Gm16248	
Mnd1-ps	
Gm9673	
Sprr2e	
Gm62033	
Gm7117	
Slc25a5-ps	
Sprr2f	
Rpl19-ps3	
Gm62034	
1700011B04Rik	
Gm49001	
P3r3urf	P3R3URF
Gm61626	
Sprr2g	
Gm49309	
Serpina3d-ps	
Gm61627	
Vmn2r128	
Gm49193	
Gm61628	
Gm49337	
Gm18812	
Gm61629	
Gm4355	
Serpina3e-ps	
Gm38154	
3110067C02Rik	
Gm48930	
Gm61630	
Gm10110	
Llph-ps1	
Gm5088	
Pik3r3	PIK3R3
Gm5206	
Mir124a-2	MIR124-2
Gm23441	
Gm62035	
Serpina3f	SERPINA3
Gm19175	
Gm61632	
Rhox3d-ps	
Ubb-ps	
Gm62036	
Gm5844	
Btf3-ps18	
Gm14870	
Cypt12	
Rhox7-ps1	
Gm9022	
Gm62037	
Gm61634	
Gm37024	
Gm36704	
1700091H14Rik	
Gm37652	
Gm38258	
Gm38153	
1600017P15Rik	
Gm49873	
Gm55883	
A530065N20Rik	
Actrt3	ACTRT3
Gm40	
Vmn2r89	
Gm10378	
Gm62042	
Gm3248	
Gm4994	
Gm3252	
Gm3327	
Gm62050	
Gm3468	
Mynn	MYNN
Gm6480	
Gm9732	
Tubd1	TUBD1
Gm48876	
Gm8212	
Gm62051	
Gm7212	
Gm8281	
Gm62052	
Gm6079	
Gm61637	
Gm62054	
Gm47507	
Gm14598	
1700024B05Rik	
Gm62056	
Gm14596	
Chp2	CHP2
Gm14594	
Gm1587	
Gm59534	
Dnajc15	DNAJC15
Gm8918	
Serpina3g	SERPINA3
Nmrk2	NMRK2
Gm7950	
Gm7958	
Gm23614	
Gm56487	
Nipa2	NIPA2
Epsti1	EPSTI1
Gm12950	
Serpina3h	
Ipp	IPP
Gm6660	
Atcay	ATCAY
Gm62062	
Gm17096	
Uap1l1	UAP1L1
AI463229	
Gm14625	
Gm62064	
Gm16404	
Gm14622	
Gm62069	
Gm10477	
Gm62070	
Gm8097	
Gm62071	
Gm17709	
Gm16411	
Mir7237	
Gm62073	
Zfp469	ZNF469
Zfpm1	ZFPM1
Gm14671	
Serpina3i	SERPINA3
Gm62074	
Gm14681	
Gm12953	
Gpbp1l1	GPBP1L1
Gm62077	
Gm14701	
Gm62079	
Gm8749	
Slc30a3	SLC30A3
Gm14766	
Gm649	
Gm59486	
Gm62090	
Lrrc34	LRRC34
Gm6956	
Gm60208	
Gm27192	
Gm2759	
4930595D18Rik	
Gm62103	
Gm54077	
Gm62104	
Gm59431	
Gm45353	
Gm7350	
A230087F16Rik	
Trhr2	
Zfr2	ZFR2
Gm48955	
Gm20681	
Fam216b	FAM216B
Zc3h18	ZC3H18
Gm62109	
Gm60201	
Gm44509	
Nipa1	NIPA1
Gm60205	
Gfra4	GFRA4
Gm10425	
Gm14533	
Gm59654	
Gm62110	
Gm7386	
Lrriq4	LRRIQ4
Gm62113	
Gm56529	
Gm7391	
Gm62114	
C430039J16Rik	
Mir1971	
Cadps	
Gm15888	
Gm7408	
Gm44508	
Gm44510	
Gm62116	
1700099I09Rik	
Rps12l1	
Gm7415	
Prkcb	PRKCB
Gm62119	
Gm14527	
Gm62122	
Gm4234	
Gm62123	
Ccdc17	CCDC17
Gm55307	
Map3k12	MAP3K12
Rhox11-ps2	
Vmp1	VMP1
Gm53064	
Matk	MATK
Lrrc31	LRRC31
Gm62125	
A830009L08Rik	
Gm9924	
Dnajc5g	DNAJC5G
Gm6025	
Gm62126	
Gm61166	
Gm15462	
Gm266	
Hmgn2l6	
Samd7	SAMD7
Gm62128	
Gm61164	
Gm15294	
Gm61157	
Gm56546	
Gm9043	
Gm60631	
2810029C07Rik	
Gm62132	
Gm5793	
Gm62134	
Gm15019	
Gm62135	
Mast2	MAST2
Gm6221	
Gm60369	
Gm62137	
Gm59665	
Mir21a	MIR21
Gm48695	
Ptrh2	PTRH2
Trim54	TRIM54
Gm56526	
Mir6973b	
Gm53726	
Sapcd2	SAPCD2
Gm7905	
Abhd12b	ABHD12B
Gm2379	
Sec62	SEC62
Gm62141	
Gm14957	
Gm62142	
Gm14539	
Gm17521	
Gm62143	
Cltc	CLTC
Srsx	
Mrps18b	MRPS18B
Gm17577	
Gm17467	
3830408C21Rik	
Gm62145	
Gm381	
Gm6829	
Gm62148	
Gm38080	
Gm17267	
Dennd2d	DENND2D
Gm9429	
Gm14820	
Gm60189	
Pygl	PYGL
Ucn	UCN
Mpv17	MPV17
Entpd2	ENTPD2
Gm45191	
Gm44664	
Gm44663	
Gm14388	
Gm56368	
Gm44745	
Gm14389	
Gm44746	
Cacng3	CACNG3
Gm15143	
Gm62156	
Gm5947	
Gm44749	
Gm29759	
Gm5645	
Gm54786	
Gm22163	
Rbbp6	RBBP6
Gm49660	
Gm16445	
Gm49659	
Gm49658	
Gm18021	
Gm15141	
Mir691	
Gm49671	
Gm26307	
Gm62162	
Gm52242	
Gm5646	
Tesl2	
Gm62164	
F730035M05Rik	
Gm14502	
Gm61072	
Gm49674	
Gm61175	
Gm26937	
Gm60968	
Gm10337	
A630036G19Rik	
Trim9	TRIM9
Tarbp2	TARBP2
Gm49676	
Gm39500	
Gm49678	
Gm34961	
Ppp1r10	PPP1R10
Gm62168	
Gm6758	
Sprr2h	
Stau1	STAU1
Cldn34-ps	
Gm62169	
Gm7327	
Sprr2i	
Gm62170	
Gm6038	
Gm62171	
Gm34276	
Sprr2j-ps	
Gm14728	
Gm62173	
Gm49677	
Rpl17-ps8	
Lipi	LIPI
Gm8289	
Sprr2k	
Sprr1b	
Gm62177	
Gm15109	
Sprr3	SPRR3
Gm62181	
Gm37377	
Gm15094	
Sprr1a	
Gm15532	
Gm62182	
Gm62183	
Gm62184	
4930540M05Rik	
Gm15281	
Rad52	RAD52
Gm62185	
Il17c	IL17C
Sprr4	SPRR4
Gm2288	
Gm62188	
Sprr5	
Gm14364	
Cyba	CYBA
Ivl	
Gm62189	
Rbm11	RBM11
Gm15254	
Gm62191	
Smcp	
Gm14369	
Gm62193	
Xlr3d-ps	
2210017I01Rik	LCE7A
Adrm1b	ADRM1
Gm62194	
Sfrp2	SFRP2
Xlr4d-ps	
Hey1	HEY1
Spin2-ps3	
Gm62195	
Gm41474	
Gm14756	
Gm62196	
Xlr3e-ps	
Gm60859	
Gm62197	
Xlr4e-ps	
Gm62198	
4930413G21Rik	
Gm15363	
Gm20274	
Gm62199	
Mvd	MVD
Osbp2	OSBP2
Gm6905	
Lrit3	LRIT3
Gm6664	
Tnrc6a	TNRC6A
Gm62200	
Gm62201	
Gm62202	
Gm62203	
Rrh	RRH
Gm4764	
Gm62205	
Gm9095	
Gm9097	
Mir1894	
Gm5166	
Gm29609	
Abcf1	ABCF1
Gm61541	
Gm31542	
Npff	NPFF
Gm30162	
Gm61543	
Gm60871	
Gm61539	
Hspa13	HSPA13
Gm31657	
Gm28047	
Snai3	SNAI3
Gm16511	
Kat6b	KAT6B
Gm62206	
Cycs-ps2	
Atf7	ATF7
Gm21789	
Rnf166	RNF166
Gm62207	
Gm43103	
Gm62208	
Gtf3c2	GTF3C2
Gm4911	
Gm60666	
Gm20455	
Gm61468	
Neudnr	
Pwwp4a	PWWP4
Gm60810	
Gm61343	
Gm32003	
Gm10782	
Pwwp4b	PWWP4
Gm46418	
Mrpl54	MRPL54
Gm60328	
Gm56072	
Gm32150	
Ctu2	CTU2
Gm3045	
Gm62252	
Apba3	APBA3
Gm61316	
1700010D01Rik	
4930451E10Rik	
Gar1	GAR1
2810403D21Rik	
Gm15553	
Gm54792	
Gm15554	
Gm61027	
Gm49600	
Hcls1	HCLS1
Catsper3	CATSPER3
Scart1	
Wnk1	WNK1
Ctrc	
Ncdn	NCDN
Mir877	MIR877
Prr3	PRR3
Cfi	CFI
Gm24013	
Gm11952	
4921536K21Rik	C5orf52
Mir3057	
Ddit4	DDIT4
Dusp18	DUSP18
Anapc16	ANAPC16
Fbxo40	FBXO40
Slc35e4	SLC35E4
Pla2g12a	PLA2G12A
Pitx1	PITX1
Dhx40	DHX40
Gm49605	
Polq	POLQ
Gnl1	GNL1
Slc5a11	SLC5A11
AU040320	KIAA0319L
Gm47071	
Npdc1	NPDC1
Ascc1	ASCC1
Gm26497	
Cdt1	CDT1
Casp6	CASP6
Spock2	SPOCK2
H2-T24	
Mcub	MCUB
H2-T23	
Aprt	APRT
Scart2	SCART1
Ypel2	YPEL2
Sec24b	SEC24B
Gm28760	
Gm47072	
Macroh2a1	MACROH2A1
Mir6906	
Gm55595	
Vsir	VSIR
Gm22387	
Gdpd1	GDPD1
Galns	GALNS
Gm25141	RNU6-527P
Rpl39-ps	
Atp5mc2	ATP5MC2
H2-T22	
Fut7	FUT7
Mir688	
Tmem249	TMEM249
Gm26513	
Ghr	GHR
Smg8	SMG8
Kcnma1	KCNMA1
Ddx27	DDX27
Gm9378	
Gm48747	
Gm28140	
Prr11	PRR11
Gm5829	
Gm32151	
Gm5256	
Rgs20	RGS20
Limch1	LIMCH1
Gm45857	
Gm6314	
Trappc2l	TRAPPC2L
Or13a19	
Or12j2	
Stxbp5l	STXBP5L
Or13o1-ps1	
Pabpn1l	PABPN1L
Gm17455	C10orf105
Or13a27	
Tmx1	TMX1
Chst3	CHST3
Ska2	SKA2
Lrp11	LRP11
Or13w1-ps1	
Or12j3	
C030010C08Rik	
Ercc6l2	
Nudt19	NUDT19
Gm48847	
Gm59546	
Gm53727	
B230322F03Rik	
Mir301	
Gm32219	
Tcn2	TCN2
Rgs9bp	RGS9BP
Stim1	STIM1
Gm9396	
Gm42663	
Mir6396	
Cbfa2t3	CBFA2T3
Gm9397	
Gm22682	
Gm37217	
Rab33b	RAB33B
Gm17100	
Gm37079	
Gm16041	
Setdb1	SETDB1
Gm17101	
Gm5528	
Gm8885	
Lhx9	LHX9
Gm16254	
Gm6034	
5530601H04Rik	
Rpp21	RPP21
Nup43	NUP43
Gm38057	
Gm38111	
Gm18821	
Gm37879	
Gm27152	
Gm37663	
Gm37023	
A430027C01Rik	
Gm56062	
Gm37137	
Rpl15-ps2	
Gm25045	
Uba52-ps	
Trim39	TRIM39
Gm27159	
Gm7870	
Gm25163	RNU6-1212P
Gm27253	
Zfp280d	ZNF280D
Niban2	NIBAN2
Katna1	KATNA1
Gm22031	
Or8s10	
Gm6979	
Or8s8	
Or5bs2	OR5BS1
Lalba	LALBA
Herc2	HERC2
Gm15899	
A530010L16Rik	
Or11m3	
Acsf3	ACSF3
Znfx1	ZNFX1
Olfr278-ps1	
Kansl2	KANSL2
Mreg	MREG
H2-M10.2	
Gm24161	
Gm25360	RNU2-2
Gm25604	
Gm23472	RNU2-2
Zmym4	ZMYM4
2310009B15Rik	C1orf53
H2-M10.1	
Ginm1	GINM1
Gm24497	RNU2-2
Serpinb8	SERPINB8
Zfp414	ZNF414
Gm45743	
Gm16378	
Cdh15	CDH15
4930556J24Rik	
Gm11953	
Pes1	PES1
Gm25939	RNU2-2
Gm56301	
Gm3933	
Gm24267	
Gm37045	
Gm24445	
Gm22438	
Spg7	SPG7
Gm18448	
B430219N15Rik	
Gm5702	
Mrps9	MRPS9
Ppil4	PPIL4
Adam33	ADAM33
Gm20507	
Pram1	PRAM1
Gm23126	
Pecr	PECR
Gm15560	
Hnrnpm	HNRNPM
Mir5104	
Gm24726	
Gm47424	
Trim37	TRIM37
Pcmt1	PCMT1
Gm46423	
Gm60558	
Gm61357	
Gm61355	
Snora34	SNORA2C
Gm30950	
Mir1291	
Snora2b	SNORA2B
Gm7695	
Ccnt1	CCNT1
Gm30999	
Hsd17b3	HSD17B3
Gpr45	GPR45
Gm12939	
Gm12940	
Gm56302	
Tmem169	TMEM169
Gm12941	
Zmym1	ZMYM1
Slc35d2	SLC35D2
Xrcc5	XRCC5
Gm42578	
Gm37500	
Ctxnd2	CTXND2
Spmip11	SPMIP11
Gm5070	
Gm9173	
Gal3st1	GAL3ST1
Gm4349	
Gm42672	
Ctsk	CTSK
Adcy6	ADCY6
Ctss	CTSS
Marchf4	MARCHF4
Ppm1e	PPM1E
Gm15843	
Atp6v1h	ATP6V1H
Gm12944	
Zmym6	ZMYM6
Gm11490	
Rab3ip	RAB3IP
Gm11954	
Gm22883	RNU6-131P
Gm22883	RNU6-1027P
Sec14l4	SEC14L4
Hmgb1-ps5	
Hormad1	HORMAD1
Rpl13	RPL13
Best3	BEST3
Gm29331	
Ly6d	LY6D
Snord68	SNORD68
Mir7079	
Cpne7	CPNE7
Lrrc10	LRRC10
Ly6g6g	
Gm61179	
Cct2	CCT2
Zfp367	ZNF367
Ly6k	LY6K
Gm25600	RNU6-919P
Tmem35b	TMEM35B
Gm12943	
Rad51c	RAD51C
Dlgap3	DLGAP3
Gml	GML
Gml2	GML
Gm47513	
Gm61554	
Gm61557	
Habp4	HABP4
Mir7080	
Sult5a1	SULT1A2
Sult5a1	SULT1A1
Sult5a1	SULT1A3
Sult5a1	SULT1A4
Cyp11b1	
Cyp11b2	
Tgfbrap1	TGFBRAP1
Gm42671	
Rps10-ps1	
Ensa	ENSA
Gm61989	
1700031M16Rik	
Gm16199	
Mir706	
Ninj2	NINJ2
E330034L11Rik	
Mcl1	MCL1
Sec14l3	SEC14L3
Gm19353	
Gm6517	
Gm17828	
Dpep1	DPEP1
Gm43281	
Gm43282	
Gm37983	
Gm15949	
Gm37303	
Gm15948	
Gm37581	
Sfpq	SFPQ
Cdc14b	CDC14C
Cdc14b	CDC14B
Gm37150	
Gm42713	
Frs2	FRS2
7530416G11Rik	
Gm25327	
Gm27254	
Gm56165	
B4galnt3	B4GALNT3
Phox2b	PHOX2B
Adamtsl4	ADAMTSL4
Mns1	MNS1
Wnt7b	WNT7B
Marchf2	MARCHF2
Gm33167	
Tmem33	TMEM33
Mtfp1	MTFP1
Chmp1a	CHMP1A
Mrpl42	MRPL42
Mirlet7c-2	MIRLET7A3
Mirlet7b	
Ppara	PPARA
Tex14	TEX14
Abca2	ABCA2
Gm36948	
Gm27231	
Ecm1	ECM1
Rps12-ps9	
Gm7182	
Gm18101	
Gm37567	
Gm38264	
Gm56077	RN7SKP117
Spata33	
Gm28782	
Gm47068	
8430432A02Rik	
Gm47786	
1700020M21Rik	
Cct3-ps1	
Or13c25	OR13C8
Ctnnb1	CTNNB1
AI597479	C2orf49
Mical3	MICAL3
Ube2n	UBE2N
Or13d1	OR13D1
Oprk1	OPRK1
Nipsnap3a	NIPSNAP3B
Nipsnap3a	NIPSNAP3A
Cdk10	CDK10
Nudt4	NUDT4B
Nudt4	NUDT4
Cdpf1	CDPF1
Gm36965	
Gm56304	
Gm37429	
Npbwr1	NPBWR1
Gm19214	
Fhl2	FHL2
Eea1	EEA1
Nipsnap3b	NIPSNAP3B
Nipsnap3b	NIPSNAP3A
Gm55921	RNU6-335P
Gm55921	RNU6-421P
Rab11b	RAB11B
Eif2b4	EIF2B4
Gm8210	
Or13d31-ps1	
Gm29610	
Gm29041	
Or13c7d	
Dennd1b	DENND1B
Rnu1a1	
Gm22068	
Snord3b1	
Or13c7e	
Snord3b1	U3
Gm23137	
Snord3b3	
Gm12492	
Snord3b3	U3
Or13c7b	
Gm26618	
Dlg4	DLG4
Or13c7c	OR13C7
Pkdrej	PKDREJ
Or13c7	
Gm62000	
Gm62001	
Gm62002	
Gm62003	
Gm52207	
Gm56265	
Gm2163	
AU022754	
Gm45579	
Gm62613	
Cited4	CITED4
Gm62614	
Kcnq4	KCNQ4
Gm62005	
Gm56696	
4930588J15Rik	
Gm62624	
Gm62627	
Gm62630	
Gm42407	
D730005E14Rik	
Gm54068	
Spata2l	SPATA2L
Gm49817	
Gm46529	
Gm48425	
Gm41281	
Atg5lrt	ATP5MG
Atg5lrt	ATP5MGL
Gm8817	
Alyreffm4	ALYREF
Gm18391	
Gm48372	
Nr2c1	NR2C1
Vps9d1	VPS9D1
Lepr	LEPR
Angptl4	ANGPTL4
Mir7014	
Tars2	TARS2
Gm46509	
Gm56406	
Gm25878	SNORD12C
Gm23201	SNORD12B
Snord12	SNORD12
Gm11472	
Mir3087	
Kcnb1	KCNB1
Gm34201	
Gm62007	
Gm62008	
Gm46528	
Gm30632	
Gm62012	
Kank3	KANK3
Gm62013	
Paxx	PAXX
Gm15665	
Gm19187	
Gm62014	
Gm49567	
Oca2	OCA2
Gm59954	
Gm62015	
Gm62016	
Gm61034	
Gtf2e1	GTF2E1
Gm62017	
Gm49397	
Gm56680	
Gm62018	
4930557F08Rik	
Gm46424	
Rabl3	RABL3
1810034E14Rik	
Gm62019	
Gm62020	
4930447A16Rik	
Gm46520	
Gm62023	
Gm47004	
Gm62024	
Gm59712	
Gm62025	
Prxl2c	PRXL2C
Gm62026	
Gm62027	
Gm62028	
Gm56712	
Gm17206	
Gm62030	
Gm62032	
Gm2245	
Gm14662	
Gm26122	RNU6-366P
Gm26122	RNU6-663P
Gm26122	U6
Ndufa12	NDUFA12
Mir7090	
Tex9	TEX9
Gm35471	
Siglec1	SIGLEC1
Gm49569	
Nck2	NCK2
Hgd	HGD
Gm62038	
Gm62039	
Gm62040	
Gm62041	
Gm62043	
Rps28	RPS28
Gm62045	
Gm4792	
Gm62046	
Or6c219	
Gm62047	
Gm62048	
Gm56729	
Gm62049	
Or10u4	
Gm31006	
Or10u3	
Gm44506	
Gm14812	
Gabrg3	GABRG3
Gm10310	
Gm37536	
Gm38228	
Gm43977	
Gm37423	
Gm24172	
Ecrg4	ECRG4
Gm62055	
Rhobtb1	RHOBTB1
Gm62057	
Gm31007	
Gm62058	
Gm62059	
Gm62060	
Gm36246	
Gm18553	
Slc30a9	SLC30A9
Gm44979	
Gm16305	
Gm37470	
Gm43544	
Gm17984	
Gm37655	
Gm23557	
Gm16304	
Gm6985	
Gm47003	
Pcyt1b	PCYT1B
Gm44976	
Gm37718	
Gm55611	RNU6-801P
Gm44977	
Gm53045	
Smarcal1	SMARCAL1
Gm17987	
Zfp276	ZNF276
Gm31128	
Gm18642	
Ctsl	
Ndufa7	NDUFA7
Or52m1	OR52M1
Gm46559	
Mefv	MEFV
Gm62061	
Gabra5	GABRA5
Gm20420	
Gm62063	
Gm41358	
Gm62065	
Gm62066	
Gm62067	
Gm30085	
Gm62075	
Gm62076	
Gm62078	
Cd320	CD320
Gm62080	
Gm62081	
Gm62083	
Gm62086	
Gm35769	
Gm2996	
Gm62089	
Or51h1	
Gm62091	
Gm49428	
Or52i2	OR52I2
Or52i2	OR52I1
Gm61616	SUPT20HL1
Gm61616	SUPT20HL2
Gm33557	
Gm61962	
Gm61617	SUPT20HL1
Gm61617	SUPT20HL2
Gm61923	
Gm61924	
Gm46691	
Gm62094	
Gm61790	
Gm45687	
Gm62095	
Trim68	TRIM68
Gm61740	
Gm61668	
Gm62096	
Arhgef9	ARHGEF9
Gm62097	
Fanca	FANCA
Gm52183	
Lrsam1	LRSAM1
Tdgf1-ps1	
2810001A02Rik	
Zfp263	ZNF263
Gm62099	
Gm62100	
Gm62102	
Smim40-ps	SMIM40
Mir6967-2	
Smim40	SMIM40
Gm62105	
Gm62106	
Gm62107	
Gm45527	
Gm62108	
Or51d1	OR51D1
H2-M9	
Or51e1	OR51E1
Gm53893	
Gm62111	
Gm62112	
Gm45688	
Or51a39	
Gm46538	
Gm53905	
Gm62115	
Gm20556	
Or51a25	
Gm62117	
Gm41409	
Gabrb3	GABRB3
Gm62118	
Gm62120	
Gm54882	
Gm62121	
Rpl9-ps5	
Or2c1	OR2C1
Gm47123	
5430437J10Rik	
Gm49230	
H2-M1	
Gm43915	
1700015C15Rik	
Zfp174	ZNF174
Minpp1-ps	
Rprd2	RPRD2
Gm8877	
Pex26	PEX26
Zfp597	ZNF597
Gm20549	
Cdk20	CDK20
Gm20523	
Gm20525	
Gm20526	
Gm4271	
Naa60	NAA60
Gm62127	
Gm62129	
Gm62130	
Gm62131	
Gm62133	
Gm20401	
Gm8878	
A930033H14Rik	
Cdk1	CDK1
H2-M10.5	
Gm41359	
Gm62136	
H2-M10.6	
Gm62138	
Gm62139	
Gm62140	
Gm49468	
Gm41387	
Gm49862	
Gm7253	
Gm9300	
Epcam	EPCAM
Crb1	CRB1
Gm33723	
Gm44014	
Tuba8	TUBA8
Gm62146	
Gm30339	
Gm49208	
Gm15856	
Pramel17	PRAMEF17
Pramel17	PRAMEF12
Pramel17	PRAMEF1
Pramel17	PRAMEF19
Pramel17	PRAMEF20
Pramel17	PRAMEF6
Pramel17	PRAMEF18
Pramel17	PRAMEF10
Pramel17	PRAMEF2
Pramel17	PRAMEF33
Pramel17	PRAMEF11
Pramel17	PRAMEF26
Pramel17	PRAMEF9
Pramel17	PRAMEF13
Pramel17	PRAMEF5
Pramel17	PRAMEF4
Pramel17	PRAMEF25
Pramel17	PRAMEF14
Pramel17	PRAMEF8
Pramel17	PRAMEF15
Pramel17	PRAMEF27
Pramel17	PRAMEF7
Usp18	USP18
Gm62149	
Gm41386	
Gm43436	
Gm12791	
Gm26361	
Gm12797	
Gm17815	
C130073F10Rik	PRAMEF17
C130073F10Rik	PRAMEF12
C130073F10Rik	PRAMEF1
C130073F10Rik	PRAMEF19
C130073F10Rik	PRAMEF20
C130073F10Rik	PRAMEF6
C130073F10Rik	PRAMEF18
C130073F10Rik	PRAMEF10
C130073F10Rik	PRAMEF2
C130073F10Rik	PRAMEF33
C130073F10Rik	PRAMEF11
C130073F10Rik	PRAMEF26
C130073F10Rik	PRAMEF9
C130073F10Rik	PRAMEF13
C130073F10Rik	PRAMEF5
C130073F10Rik	PRAMEF4
C130073F10Rik	PRAMEF25
C130073F10Rik	PRAMEF14
C130073F10Rik	PRAMEF8
C130073F10Rik	PRAMEF15
C130073F10Rik	PRAMEF27
C130073F10Rik	PRAMEF7
Prpf3	PRPF3
Msh2	MSH2
Gm62150	
Atxn2	ATXN2
Gm62151	
Rpl12	RPL12
Gm62152	
Gm12792	
Pramel18	PRAMEF17
Pramel18	PRAMEF12
Pramel18	PRAMEF1
Pramel18	PRAMEF19
Pramel18	PRAMEF20
Pramel18	PRAMEF6
Pramel18	PRAMEF18
Pramel18	PRAMEF10
Pramel18	PRAMEF2
Pramel18	PRAMEF33
Pramel18	PRAMEF11
Pramel18	PRAMEF26
Pramel18	PRAMEF9
Pramel18	PRAMEF13
Pramel18	PRAMEF5
Pramel18	PRAMEF4
Pramel18	PRAMEF25
Pramel18	PRAMEF14
Pramel18	PRAMEF8
Pramel18	PRAMEF15
Pramel18	PRAMEF27
Pramel18	PRAMEF7
Gm36329	
Mir6389	
Gm44853	
Gm59386	
Pramel19	PRAMEF17
Pramel19	PRAMEF12
Pramel19	PRAMEF1
Pramel19	PRAMEF19
Pramel19	PRAMEF20
Pramel19	PRAMEF6
Pramel19	PRAMEF18
Pramel19	PRAMEF10
Pramel19	PRAMEF2
Pramel19	PRAMEF33
Pramel19	PRAMEF11
Pramel19	PRAMEF26
Pramel19	PRAMEF9
Pramel19	PRAMEF13
Pramel19	PRAMEF5
Pramel19	PRAMEF4
Pramel19	PRAMEF25
Pramel19	PRAMEF14
Pramel19	PRAMEF8
Pramel19	PRAMEF15
Pramel19	PRAMEF27
Pramel19	PRAMEF7
Gm44708	
Gm7712	
Gm5144	
Gm5596	
Fam240b	FAM240B
Gm12790	PRAMEF17
Gm12790	PRAMEF12
Gm12790	PRAMEF1
Gm12790	PRAMEF19
Gm12790	PRAMEF20
Gm12790	PRAMEF6
Gm12790	PRAMEF18
Gm12790	PRAMEF10
Gm12790	PRAMEF2
Gm12790	PRAMEF33
Gm12790	PRAMEF11
Gm12790	PRAMEF26
Gm12790	PRAMEF9
Gm12790	PRAMEF13
Gm12790	PRAMEF5
Gm12790	PRAMEF4
Gm12790	PRAMEF25
Gm12790	PRAMEF14
Gm12790	PRAMEF8
Gm12790	PRAMEF15
Gm12790	PRAMEF27
Gm12790	PRAMEF7
Gm34272	
Gm56701	
Prame62	PRAMEF17
Prame62	PRAMEF12
Prame62	PRAMEF1
Prame62	PRAMEF19
Prame62	PRAMEF20
Prame62	PRAMEF6
Prame62	PRAMEF18
Prame62	PRAMEF10
Prame62	PRAMEF2
Prame62	PRAMEF33
Prame62	PRAMEF11
Prame62	PRAMEF26
Prame62	PRAMEF9
Prame62	PRAMEF13
Prame62	PRAMEF5
Prame62	PRAMEF4
Prame62	PRAMEF25
Prame62	PRAMEF14
Prame62	PRAMEF8
Prame62	PRAMEF15
Prame62	PRAMEF27
Prame62	PRAMEF7
Gm18127	
Gm4810	
Gm2824	
Gm23911	
Gm47190	
Gm26288	
Gm44852	
Gm47211	
Gm12799	
Gm48500	
Gm45157	
Otud6b	OTUD6B
Gm18636	
Gm47537	
Ankrd27	ANKRD27
Tle6	TLE6
Spire2	SPIRE2
Slc6a13	SLC6A13
A530001N23Rik	
Snora65	SNORA65
Gm62155	
Clic3	CLIC3
Gm62157	
Gm62158	
Gm33636	
Gm41291	
Gm31687	
Gm61399	
Pip4p2	PIP4P2
Gm60207	
Gm55529	
Gm60926	
Dapk1	DAPK1
Gm34816	
Gm33325	
Rb1cc1	RB1CC1
Gm62165	
Gm41279	
Gm20695	
Gm11860	
Gm11852	
Gm11867	
Gm53900	
Gm11854	
Gm11853	
1700037C18Rik	C16orf90
Gm56229	
Gm56230	
Gm11868	
Gm12392	
Gm12393	
Cngb3	CNGB3
Gm56085	
Gm19427	
Gm37105	
Gm18014	
Gm56010	
Gm27241	
Slc6a12	SLC6A12
Gm27232	
Gm23057	
Ulk4	ULK4
Slc2a8	SLC2A8
Gm62174	
Gm62175	
Gm62176	
Gm62178	
Gm62179	
Kcnk12	KCNK12
Gm62180	
Cluap1	CLUAP1
Golph3l	GOLPH3L
Rpl36-ps4	
Gm11877	
Gm50040	
Gm56231	
Msh6	MSH6
Cpne3	CPNE3
Tcf25	TCF25
Gm62186	
Gm62187	
Gm34284	
Gm30971	
Gm62190	
Gm41366	
Gm62192	
4930478E11Rik	
Gm18139	
Gm25102	RNU4-22P
Gm17920	
Rpl7a-ps5	
Gm50044	
BC025920	ZNF77
Slc8a1	SLC8A1
Sirt6	SIRT6
Lysmd1	LYSMD1
Gm43088	
Rmdn1	RMDN1
Gm15460	
Gm55405	RNU6-1016P
Gm55405	RNU6-394P
Lamtor3	LAMTOR3
1700016D08Rik	
Gm15538	
Gm15537	
Gm54894	
Gm15539	
Psmg1	PSMG1
Pax6	PAX6
Gm32620	
Cnbd1	CNBD1
Gm35772	
Gm13080	
Gm13085	
Gm13082	
Gm13087	
Gm13081	
Gm13106	
Gm49445	
Gm13108	
Gm13104	
Gm13123	
Gm13120	
Gm13130	
Gm13122	
Cfap107	CFAP107
Rpl31-ps25	
Mpc1	MPC1
Gm9944	
Ankrd24	ANKRD24
Brwd1	BRWD1
Dapp1	DAPP1
Aadacl3	AADACL3
Gm29904	
Gm52990	
Gm36877	
Gm13118	
9330020H09Rik	
Pramel16	PRAMEF17
Pramel16	PRAMEF12
Pramel16	PRAMEF1
Pramel16	PRAMEF19
Pramel16	PRAMEF20
Pramel16	PRAMEF6
Pramel16	PRAMEF18
Pramel16	PRAMEF10
Pramel16	PRAMEF2
Pramel16	PRAMEF33
Pramel16	PRAMEF11
Pramel16	PRAMEF26
Pramel16	PRAMEF9
Pramel16	PRAMEF13
Pramel16	PRAMEF5
Pramel16	PRAMEF4
Pramel16	PRAMEF25
Pramel16	PRAMEF14
Pramel16	PRAMEF8
Pramel16	PRAMEF15
Pramel16	PRAMEF27
Pramel16	PRAMEF7
Pramel14	PRAMEF17
Pramel14	PRAMEF12
Pramel14	PRAMEF1
Pramel14	PRAMEF19
Pramel14	PRAMEF20
Pramel14	PRAMEF6
Pramel14	PRAMEF18
Pramel14	PRAMEF10
Pramel14	PRAMEF2
Pramel14	PRAMEF33
Pramel14	PRAMEF11
Pramel14	PRAMEF26
Pramel14	PRAMEF9
Pramel14	PRAMEF13
Pramel14	PRAMEF5
Pramel14	PRAMEF4
Pramel14	PRAMEF25
Pramel14	PRAMEF14
Pramel14	PRAMEF8
Pramel14	PRAMEF15
Pramel14	PRAMEF27
Pramel14	PRAMEF7
9430014N10Rik	
Pramel13	PRAMEF17
Pramel13	PRAMEF12
Pramel13	PRAMEF1
Pramel13	PRAMEF19
Pramel13	PRAMEF20
Pramel13	PRAMEF6
Pramel13	PRAMEF18
Pramel13	PRAMEF10
Pramel13	PRAMEF2
Pramel13	PRAMEF33
Pramel13	PRAMEF11
Pramel13	PRAMEF26
Pramel13	PRAMEF9
Pramel13	PRAMEF13
Pramel13	PRAMEF5
Pramel13	PRAMEF4
Pramel13	PRAMEF25
Pramel13	PRAMEF14
Pramel13	PRAMEF8
Pramel13	PRAMEF15
Pramel13	PRAMEF27
Pramel13	PRAMEF7
Gm62210	
Gm30564	
Iqsec3	IQSEC3
1700041B01Rik	
Gm62211	
Gm34764	
Gm62213	
Pramel24	PRAMEF17
Pramel24	PRAMEF12
Pramel24	PRAMEF1
Pramel24	PRAMEF19
Pramel24	PRAMEF20
Pramel24	PRAMEF6
Pramel24	PRAMEF18
Pramel24	PRAMEF10
Pramel24	PRAMEF2
Pramel24	PRAMEF33
Pramel24	PRAMEF11
Pramel24	PRAMEF26
Pramel24	PRAMEF9
Pramel24	PRAMEF13
Pramel24	PRAMEF5
Pramel24	PRAMEF4
Pramel24	PRAMEF25
Pramel24	PRAMEF14
Pramel24	PRAMEF8
Pramel24	PRAMEF15
Pramel24	PRAMEF27
Pramel24	PRAMEF7
Gm62214	
Gm31340	
Pramel1	PRAMEF17
Pramel1	PRAMEF12
Pramel1	PRAMEF1
Pramel1	PRAMEF19
Pramel1	PRAMEF20
Pramel1	PRAMEF6
Pramel1	PRAMEF18
Pramel1	PRAMEF10
Pramel1	PRAMEF2
Pramel1	PRAMEF33
Pramel1	PRAMEF11
Pramel1	PRAMEF26
Pramel1	PRAMEF9
Pramel1	PRAMEF13
Pramel1	PRAMEF5
Pramel1	PRAMEF4
Pramel1	PRAMEF25
Pramel1	PRAMEF14
Pramel1	PRAMEF8
Pramel1	PRAMEF15
Pramel1	PRAMEF27
Pramel1	PRAMEF7
Gm62215	
Gm62216	
Pramel12	PRAMEF17
Pramel12	PRAMEF12
Pramel12	PRAMEF1
Pramel12	PRAMEF19
Pramel12	PRAMEF20
Pramel12	PRAMEF6
Pramel12	PRAMEF18
Pramel12	PRAMEF10
Pramel12	PRAMEF2
Pramel12	PRAMEF33
Pramel12	PRAMEF11
Pramel12	PRAMEF26
Pramel12	PRAMEF9
Pramel12	PRAMEF13
Pramel12	PRAMEF5
Pramel12	PRAMEF4
Pramel12	PRAMEF25
Pramel12	PRAMEF14
Pramel12	PRAMEF8
Pramel12	PRAMEF15
Pramel12	PRAMEF27
Pramel12	PRAMEF7
Thbs2	THBS2
Gm62217	
Gm62218	
Gm62219	
Gm62220	
Gm41320	
Gm62222	
Gm62223	
1110002E22Rik	C4orf54
Gm53889	
Zbtb41	ZBTB41
Gm62225	
Gm32406	
Mttp	MTTP
Snx17	SNX17
Gm62228	
Gm62229	
Gm62230	
Gm20324	
Oog4	PRAMEF17
Oog4	PRAMEF12
Oog4	PRAMEF1
Oog4	PRAMEF19
Oog4	PRAMEF20
Oog4	PRAMEF6
Oog4	PRAMEF18
Oog4	PRAMEF10
Oog4	PRAMEF2
Oog4	PRAMEF33
Oog4	PRAMEF11
Oog4	PRAMEF26
Oog4	PRAMEF9
Oog4	PRAMEF13
Oog4	PRAMEF5
Oog4	PRAMEF4
Oog4	PRAMEF25
Oog4	PRAMEF14
Oog4	PRAMEF8
Oog4	PRAMEF15
Oog4	PRAMEF27
Oog4	PRAMEF7
Gm43922	
Gm16006	
Gm43933	
Gm43934	
Gm62234	
Gm43945	
A2m	A2M
Gm62235	
Gm62236	
Gm62237	
Gm62238	
Gm62240	
Gm13043	PRAMEF17
Gm13043	PRAMEF12
Gm13043	PRAMEF1
Gm13043	PRAMEF19
Gm13043	PRAMEF20
Gm13043	PRAMEF6
Gm13043	PRAMEF18
Gm13043	PRAMEF10
Gm13043	PRAMEF2
Gm13043	PRAMEF33
Gm13043	PRAMEF11
Gm13043	PRAMEF26
Gm13043	PRAMEF9
Gm13043	PRAMEF13
Gm13043	PRAMEF5
Gm13043	PRAMEF4
Gm13043	PRAMEF25
Gm13043	PRAMEF14
Gm13043	PRAMEF8
Gm13043	PRAMEF15
Gm13043	PRAMEF27
Gm13043	PRAMEF7
Gm46516	
Gm62242	
Gm35019	
Gm13040	PRAMEF17
Gm13040	PRAMEF12
Gm13040	PRAMEF1
Gm13040	PRAMEF19
Gm13040	PRAMEF20
Gm13040	PRAMEF6
Gm13040	PRAMEF18
Gm13040	PRAMEF10
Gm13040	PRAMEF2
Gm13040	PRAMEF33
Gm13040	PRAMEF11
Gm13040	PRAMEF26
Gm13040	PRAMEF9
Gm13040	PRAMEF13
Gm13040	PRAMEF5
Gm13040	PRAMEF4
Gm13040	PRAMEF25
Gm13040	PRAMEF14
Gm13040	PRAMEF8
Gm13040	PRAMEF15
Gm13040	PRAMEF27
Gm13040	PRAMEF7
Gm62245	
Gm56991	
Gm3222	
Gm10778	
Gm49211	
Gm13057	PRAMEF17
Gm13057	PRAMEF12
Gm13057	PRAMEF1
Gm13057	PRAMEF19
Gm13057	PRAMEF20
Gm13057	PRAMEF6
Gm13057	PRAMEF18
Gm13057	PRAMEF10
Gm13057	PRAMEF2
Gm13057	PRAMEF33
Gm13057	PRAMEF11
Gm13057	PRAMEF26
Gm13057	PRAMEF9
Gm13057	PRAMEF13
Gm13057	PRAMEF5
Gm13057	PRAMEF4
Gm13057	PRAMEF25
Gm13057	PRAMEF14
Gm13057	PRAMEF8
Gm13057	PRAMEF15
Gm13057	PRAMEF27
Gm13057	PRAMEF7
Gm23352	
Wdr27	WDR27
Gm62247	
Gm47527	
Gm49212	
Gm8112	
Pramel20	PRAMEF17
Pramel20	PRAMEF12
Pramel20	PRAMEF1
Pramel20	PRAMEF19
Pramel20	PRAMEF20
Pramel20	PRAMEF6
Pramel20	PRAMEF18
Pramel20	PRAMEF10
Pramel20	PRAMEF2
Pramel20	PRAMEF33
Pramel20	PRAMEF11
Pramel20	PRAMEF26
Pramel20	PRAMEF9
Pramel20	PRAMEF13
Pramel20	PRAMEF5
Pramel20	PRAMEF4
Pramel20	PRAMEF25
Pramel20	PRAMEF14
Pramel20	PRAMEF8
Pramel20	PRAMEF15
Pramel20	PRAMEF27
Pramel20	PRAMEF7
Zfp433	
Gm62249	
Ankar	ANKAR
Gm62250	
Gm41361	
Gm8249	
Gm47529	
Gm5173	
Gm62251	
Gm3055	
Gm4767	
Pramel21	PRAMEF17
Pramel21	PRAMEF12
Pramel21	PRAMEF1
Pramel21	PRAMEF19
Pramel21	PRAMEF20
Pramel21	PRAMEF6
Pramel21	PRAMEF18
Pramel21	PRAMEF10
Pramel21	PRAMEF2
Pramel21	PRAMEF33
Pramel21	PRAMEF11
Pramel21	PRAMEF26
Pramel21	PRAMEF9
Pramel21	PRAMEF13
Pramel21	PRAMEF5
Pramel21	PRAMEF4
Pramel21	PRAMEF25
Pramel21	PRAMEF14
Pramel21	PRAMEF8
Pramel21	PRAMEF15
Pramel21	PRAMEF27
Pramel21	PRAMEF7
Gm8264	
Gm8137	
Gm32687	
Pramel22	PRAMEF17
Pramel22	PRAMEF12
Pramel22	PRAMEF1
Pramel22	PRAMEF19
Pramel22	PRAMEF20
Pramel22	PRAMEF6
Pramel22	PRAMEF18
Pramel22	PRAMEF10
Pramel22	PRAMEF2
Pramel22	PRAMEF33
Pramel22	PRAMEF11
Pramel22	PRAMEF26
Pramel22	PRAMEF9
Pramel22	PRAMEF13
Pramel22	PRAMEF5
Pramel22	PRAMEF4
Pramel22	PRAMEF25
Pramel22	PRAMEF14
Pramel22	PRAMEF8
Pramel22	PRAMEF15
Pramel22	PRAMEF27
Pramel22	PRAMEF7
Gm47539	
Gm62253	
Gm8153	
Zfp781b	
Pramel23	PRAMEF17
Pramel23	PRAMEF12
Pramel23	PRAMEF1
Pramel23	PRAMEF19
Pramel23	PRAMEF20
Pramel23	PRAMEF6
Pramel23	PRAMEF18
Pramel23	PRAMEF10
Pramel23	PRAMEF2
Pramel23	PRAMEF33
Pramel23	PRAMEF11
Pramel23	PRAMEF26
Pramel23	PRAMEF9
Pramel23	PRAMEF13
Pramel23	PRAMEF5
Pramel23	PRAMEF4
Pramel23	PRAMEF25
Pramel23	PRAMEF14
Pramel23	PRAMEF8
Pramel23	PRAMEF15
Pramel23	PRAMEF27
Pramel23	PRAMEF7
Gm47546	
Gm56711	
Gm8158	
Gm62254	
Gm56090	RN7SKP290
Gm17157	
Gm8290	
Gm62255	
Gm46194	
A930027H12Rik	
Nedd4	NEDD4
Poc1b	POC1B
Gm62256	
Gm56702	
Pramel25	PRAMEF17
Pramel25	PRAMEF12
Pramel25	PRAMEF1
Pramel25	PRAMEF19
Pramel25	PRAMEF20
Pramel25	PRAMEF6
Pramel25	PRAMEF18
Pramel25	PRAMEF10
Pramel25	PRAMEF2
Pramel25	PRAMEF33
Pramel25	PRAMEF11
Pramel25	PRAMEF26
Pramel25	PRAMEF9
Pramel25	PRAMEF13
Pramel25	PRAMEF5
Pramel25	PRAMEF4
Pramel25	PRAMEF25
Pramel25	PRAMEF14
Pramel25	PRAMEF8
Pramel25	PRAMEF15
Pramel25	PRAMEF27
Pramel25	PRAMEF7
Gm56697	
Gm62258	
Gm56695	
Gm32840	
Gm44018	
Gm7298	CPAMD8
Gm7298	PZP
Pramel26	PRAMEF17
Pramel26	PRAMEF12
Pramel26	PRAMEF1
Pramel26	PRAMEF19
Pramel26	PRAMEF20
Pramel26	PRAMEF6
Pramel26	PRAMEF18
Pramel26	PRAMEF10
Pramel26	PRAMEF2
Pramel26	PRAMEF33
Pramel26	PRAMEF11
Pramel26	PRAMEF26
Pramel26	PRAMEF9
Pramel26	PRAMEF13
Pramel26	PRAMEF5
Pramel26	PRAMEF4
Pramel26	PRAMEF25
Pramel26	PRAMEF14
Pramel26	PRAMEF8
Pramel26	PRAMEF15
Pramel26	PRAMEF27
Pramel26	PRAMEF7
Gm32733	
Pramel27	PRAMEF17
Pramel27	PRAMEF12
Pramel27	PRAMEF1
Pramel27	PRAMEF19
Pramel27	PRAMEF20
Pramel27	PRAMEF6
Pramel27	PRAMEF18
Pramel27	PRAMEF10
Pramel27	PRAMEF2
Pramel27	PRAMEF33
Pramel27	PRAMEF11
Pramel27	PRAMEF26
Pramel27	PRAMEF9
Pramel27	PRAMEF13
Pramel27	PRAMEF5
Pramel27	PRAMEF4
Pramel27	PRAMEF25
Pramel27	PRAMEF14
Pramel27	PRAMEF8
Pramel27	PRAMEF15
Pramel27	PRAMEF27
Pramel27	PRAMEF7
Gm49191	
Gm62267	
Mug1	CPAMD8
Mug1	PZP
Pramel11	PRAMEF17
Pramel11	PRAMEF12
Pramel11	PRAMEF1
Pramel11	PRAMEF19
Pramel11	PRAMEF20
Pramel11	PRAMEF6
Pramel11	PRAMEF18
Pramel11	PRAMEF10
Pramel11	PRAMEF2
Pramel11	PRAMEF33
Pramel11	PRAMEF11
Pramel11	PRAMEF26
Pramel11	PRAMEF9
Pramel11	PRAMEF13
Pramel11	PRAMEF5
Pramel11	PRAMEF4
Pramel11	PRAMEF25
Pramel11	PRAMEF14
Pramel11	PRAMEF8
Pramel11	PRAMEF15
Pramel11	PRAMEF27
Pramel11	PRAMEF7
Trmt10a	TRMT10A
Lncppara	
1600012H06Rik	C6orf120
Pramel28	PRAMEF17
Pramel28	PRAMEF12
Pramel28	PRAMEF1
Pramel28	PRAMEF19
Pramel28	PRAMEF20
Pramel28	PRAMEF6
Pramel28	PRAMEF18
Pramel28	PRAMEF10
Pramel28	PRAMEF2
Pramel28	PRAMEF33
Pramel28	PRAMEF11
Pramel28	PRAMEF26
Pramel28	PRAMEF9
Pramel28	PRAMEF13
Pramel28	PRAMEF5
Pramel28	PRAMEF4
Pramel28	PRAMEF25
Pramel28	PRAMEF14
Pramel28	PRAMEF8
Pramel28	PRAMEF15
Pramel28	PRAMEF27
Pramel28	PRAMEF7
Pramel4	PRAMEF17
Pramel4	PRAMEF12
Pramel4	PRAMEF1
Pramel4	PRAMEF19
Pramel4	PRAMEF20
Pramel4	PRAMEF6
Pramel4	PRAMEF18
Pramel4	PRAMEF10
Pramel4	PRAMEF2
Pramel4	PRAMEF33
Pramel4	PRAMEF11
Pramel4	PRAMEF26
Pramel4	PRAMEF9
Pramel4	PRAMEF13
Pramel4	PRAMEF5
Pramel4	PRAMEF4
Pramel4	PRAMEF25
Pramel4	PRAMEF14
Pramel4	PRAMEF8
Pramel4	PRAMEF15
Pramel4	PRAMEF27
Pramel4	PRAMEF7
Or51h5	
Atp10a	ATP10A
Phf10	PHF10
Alkal1	ALKAL1
Pramel61	PRAMEF17
Pramel61	PRAMEF12
Pramel61	PRAMEF1
Pramel61	PRAMEF19
Pramel61	PRAMEF20
Pramel61	PRAMEF6
Pramel61	PRAMEF18
Pramel61	PRAMEF10
Pramel61	PRAMEF2
Pramel61	PRAMEF33
Pramel61	PRAMEF11
Pramel61	PRAMEF26
Pramel61	PRAMEF9
Pramel61	PRAMEF13
Pramel61	PRAMEF5
Pramel61	PRAMEF4
Pramel61	PRAMEF25
Pramel61	PRAMEF14
Pramel61	PRAMEF8
Pramel61	PRAMEF15
Pramel61	PRAMEF27
Pramel61	PRAMEF7
Oog3	PRAMEF17
Oog3	PRAMEF12
Oog3	PRAMEF1
Oog3	PRAMEF19
Oog3	PRAMEF20
Oog3	PRAMEF6
Oog3	PRAMEF18
Oog3	PRAMEF10
Oog3	PRAMEF2
Oog3	PRAMEF33
Oog3	PRAMEF11
Oog3	PRAMEF26
Oog3	PRAMEF9
Oog3	PRAMEF13
Oog3	PRAMEF5
Oog3	PRAMEF4
Oog3	PRAMEF25
Oog3	PRAMEF14
Oog3	PRAMEF8
Oog3	PRAMEF15
Oog3	PRAMEF27
Oog3	PRAMEF7
Gm2147	
Gm18035	
Gm19026	
Gm45859	
Rpl37a	RPL37A
Oog2	PRAMEF17
Oog2	PRAMEF12
Oog2	PRAMEF1
Oog2	PRAMEF19
Oog2	PRAMEF20
Oog2	PRAMEF6
Oog2	PRAMEF18
Oog2	PRAMEF10
Oog2	PRAMEF2
Oog2	PRAMEF33
Oog2	PRAMEF11
Oog2	PRAMEF26
Oog2	PRAMEF9
Oog2	PRAMEF13
Oog2	PRAMEF5
Oog2	PRAMEF4
Oog2	PRAMEF25
Oog2	PRAMEF14
Oog2	PRAMEF8
Oog2	PRAMEF15
Oog2	PRAMEF27
Oog2	PRAMEF7
Bend4	BEND4
Gm62276	
Gm48582	
Gm29901	
Igfbp2	IGFBP2
Galnt4	GALNT4
Gm48583	
Pramel29	PRAMEF17
Pramel29	PRAMEF12
Pramel29	PRAMEF1
Pramel29	PRAMEF19
Pramel29	PRAMEF20
Pramel29	PRAMEF6
Pramel29	PRAMEF18
Pramel29	PRAMEF10
Pramel29	PRAMEF2
Pramel29	PRAMEF33
Pramel29	PRAMEF11
Pramel29	PRAMEF26
Pramel29	PRAMEF9
Pramel29	PRAMEF13
Pramel29	PRAMEF5
Pramel29	PRAMEF4
Pramel29	PRAMEF25
Pramel29	PRAMEF14
Pramel29	PRAMEF8
Pramel29	PRAMEF15
Pramel29	PRAMEF27
Pramel29	PRAMEF7
Gm61519	
4930592A05Rik	
Gm16239	
Gm35540	
Gm10312	
Tdpoz4	SPOP
Phxr2	
BC051665	
Gm44936	
Gm44937	
Tdpoz3	SPOP
Gm6226	
Grm1	GRM1
Gm44938	
Gm62277	
Gm37430	
Gm62278	
Gm9113	
Gm42632	
Gm62280	
1700025A08Rik	
Gm62281	
Zfp513	ZNF513
Dynlt2a3	DYNLT2
Gm18453	
Gm9116	
Gm62283	
Gm34622	
Gm9373	
Igfbp5	IGFBP5
Gm37185	
Gm62284	
Gm62285	
Gm37104	
Gm9375	
Gm62286	
Tdpoz5	SPOP
Gm45189	
Gm37807	
Gm9377	
Pramel5	PRAMEF17
Pramel5	PRAMEF12
Pramel5	PRAMEF1
Pramel5	PRAMEF19
Pramel5	PRAMEF20
Pramel5	PRAMEF6
Pramel5	PRAMEF18
Pramel5	PRAMEF10
Pramel5	PRAMEF2
Pramel5	PRAMEF33
Pramel5	PRAMEF11
Pramel5	PRAMEF26
Pramel5	PRAMEF9
Pramel5	PRAMEF13
Pramel5	PRAMEF5
Pramel5	PRAMEF4
Pramel5	PRAMEF25
Pramel5	PRAMEF14
Pramel5	PRAMEF8
Pramel5	PRAMEF15
Pramel5	PRAMEF27
Pramel5	PRAMEF7
Gm37481	
Gm62287	
Gm9121	
Gm62289	
Gm44743	
Gm9124	
Gm44742	
Gm37085	
9330162G02Rik	
Ctsll3	
Tdpoz9	SPOP
Pramel30	PRAMEF17
Pramel30	PRAMEF12
Pramel30	PRAMEF1
Pramel30	PRAMEF19
Pramel30	PRAMEF20
Pramel30	PRAMEF6
Pramel30	PRAMEF18
Pramel30	PRAMEF10
Pramel30	PRAMEF2
Pramel30	PRAMEF33
Pramel30	PRAMEF11
Pramel30	PRAMEF26
Pramel30	PRAMEF9
Pramel30	PRAMEF13
Pramel30	PRAMEF5
Pramel30	PRAMEF4
Pramel30	PRAMEF25
Pramel30	PRAMEF14
Pramel30	PRAMEF8
Pramel30	PRAMEF15
Pramel30	PRAMEF27
Pramel30	PRAMEF7
Gm37081	
Ermardl2	ERMARD
Pdcd5	PDCD5
Tdpoz7	SPOP
A530064N14Rik	
Pramel31	PRAMEF17
Pramel31	PRAMEF12
Pramel31	PRAMEF1
Pramel31	PRAMEF19
Pramel31	PRAMEF20
Pramel31	PRAMEF6
Pramel31	PRAMEF18
Pramel31	PRAMEF10
Pramel31	PRAMEF2
Pramel31	PRAMEF33
Pramel31	PRAMEF11
Pramel31	PRAMEF26
Pramel31	PRAMEF9
Pramel31	PRAMEF13
Pramel31	PRAMEF5
Pramel31	PRAMEF4
Pramel31	PRAMEF25
Pramel31	PRAMEF14
Pramel31	PRAMEF8
Pramel31	PRAMEF15
Pramel31	PRAMEF27
Pramel31	PRAMEF7
Gm37778	
Gm7265	
Gm44173	
Gm37155	
Gm37955	
Gm5542	
Tnp1	TNP1
Mug4-ps	
Trak1	TRAK1
Gm9131	
Gm32764	
Gm37882	
Pramel15	PRAMEF17
Pramel15	PRAMEF12
Pramel15	PRAMEF1
Pramel15	PRAMEF19
Pramel15	PRAMEF20
Pramel15	PRAMEF6
Pramel15	PRAMEF18
Pramel15	PRAMEF10
Pramel15	PRAMEF2
Pramel15	PRAMEF33
Pramel15	PRAMEF11
Pramel15	PRAMEF26
Pramel15	PRAMEF9
Pramel15	PRAMEF13
Pramel15	PRAMEF5
Pramel15	PRAMEF4
Pramel15	PRAMEF25
Pramel15	PRAMEF14
Pramel15	PRAMEF8
Pramel15	PRAMEF15
Pramel15	PRAMEF27
Pramel15	PRAMEF7
Gm5543	
Gm37001	
Gm62294	
Gm38106	
Gm52209	
Gm29184	
Gm16560	
Gm56308	
Spopfm2	SPOP
Ccl27b	CCL27
D530049I02Rik	
Loxl3	LOXL3
Gm16584	
Gm9553	
Gm62295	
C530043A13Rik	
4930486L24Rik	
Gm4982	
Gm9141	
Gm34150	
Spopfm1	
Ppm1g	PPM1G
Gm16561	
Gm4525	
Aspm	ASPM
Wnt2b	WNT2B
Il11ra2	IL11RA
Dynlt2a2	DYNLT2
Gm62296	
Gm33936	
Gm49392	
Ermardl1	ERMARD
Gm43846	
Gm61410	
Cttnbp2nl	CTTNBP2NL
Gm49393	
Or52r1b	OR52R1
Ctla2b	
Or52c1-ps1	
Or52s1b	
Or52j3	OR52J3
Mir7040	
Htra2	HTRA2
Gm42798	
Gm21955	
Dynlt2a1	DYNLT2
Gm12395	
Sh2b3	SH2B3
Or52s1	
Ccl19	CCL19
Or52e3	
Or52e51-ps1	
Dpy19l3	DPY19L3
Gm49391	
Ermard	ERMARD
Gm48400	
Gm61646	
Gm48406	
Gm60770	
Gm60772	
Oprm1	OPRM1
Gm61522	
Lrrc77	
Ccl21a	CCL21
Gm56575	
Gm37685	
Gm37256	
Gm61529	
Mc1r	MC1R
Gm60289	
Kcna3	KCNA3
Gm61359	
Gm59907	
Gm56792	
Kcna2	KCNA2
Gm38092	
Tubb3	TUBB3
Atxn1	ATXN1
Gm62298	
Gm62299	
Gm62300	
Gm38600	
Kcna10	KCNA10
Spata31f1e	SPATA31F1
Spata31f1a	SPATA31F1
Spata31f3	SPATA31D1
Spata31f3	SPATA31D3
Spata31f3	SPATA31D4
Cym	
Gm31551	
Gm62301	
Gm62302	
Gm62303	
Gm34093	
Def8	DEF8
Gm62305	
Prok1	PROK1
Gm49224	
Gm62306	
Gm34316	
Gm6092	
Gm14807	
Phf24	PHF24
Gm3712	
Gm14806	
Gm56727	
Gm62308	
Amer1	AMER1
Gm62310	
Lamtor5	LAMTOR5
Gm62311	
Gm62312	
Gm53879	
F13b	F13B
Gm35455	
Dqx1	DQX1
Gm41321	
Gm7423	
Gm62315	
Metrn	METRN
Gm62318	
Usp17ld	
Gm41322	
Gm47460	
Gm31319	
Slc16a4	SLC16A4
4930453C13Rik	
Gm38535	
Gm56379	
Gm56380	
5033430I15Rik	
Asb12	ASB12
Gm56381	
Or52e19	
Or52ab2	
Gm62323	
Gm62325	
Gm62327	
Or52ab7	
Gm62328	
Gm62330	
Gm40665	
Gm62332	
Gm47401	
Gm55276	
Gm62333	
Chrm3	CHRM3
Arhgap17	ARHGAP17
Gm35599	
Pfn5	
Gm6923	
Gm5383	
Gm26652	
Gm47406	
Gm47411	
Gm47405	
Gm62336	
9330159N22Rik	
Tlx2	TLX2
Gm35422	
Gm47404	
Rab40c	RAB40C
Gm26861	
Cfhr1	CFHR2
Cfhr1	CFHR1
Gm37092	
Gm62339	
Pcgf1	PCGF1
Gm62340	
Gm62342	
Gm47407	
Gm62343	
Mir7031	
4933437G19Rik	
Gm36525	
Gm26271	RNU6-267P
Gm26271	RNU6-162P
Cfhr4	
Pheta1	PHETA1
Gm62344	
Gm41349	
Gm62345	
Rbm15	RBM15
Gm62346	
Gm55285	
Gm62348	
Gm47408	
Gm47486	
Gm25496	
Zp4-ps	
Gm62349	
Gm5279	
Gm62350	
Gm55810	
Kcnc4	KCNC4
Gm31342	
Gm62351	
Gm61830	
Gm49312	
Mir221	MIR221
Mir222	MIR222
Gm61828	
Gm14521	
Gm61987	
Gm47487	
Gm61871	
Ryr2	RYR2
Gm62352	
Gm14635	
Gm49240	
Nrbp1	NRBP1
Snord3b4	
Gm15342	
Sec14l2	SEC14L2
Gm35167	
Gm54761	
Slc6a17	SLC6A17
1700093J21Rik	
Rpl30-ps11	
Atp6ap2	ATP6AP2
Gm62354	
Gm35081	
Gm49953	
Gm62355	
Gm62357	
Gm62358	
Gm62359	
Dnajb5	DNAJB5
4921515E04Rik	
Rab11fip3	RAB11FIP3
Mir3470a	
Ccdc142	CCDC142
Hmgn1	HMGN1
Snord3b4	U3
Gm11489	
Gm36560	
Gm11955	
Snord3b2	
Gm11957	
Snord3b2	U3
Rnf215	RNF215
Gm62370	
Mrpl53	MRPL53
Gm9432	
C230053D17Rik	
Gm4984	MPC1L
Gm47092	
1810030O07Rik	CXorf38
Cck	CCK
Mogs	MOGS
Get1	GET1
Gm62377	
Gm62378	
Gm35972	
Wbp1	WBP1
Gm62383	
Gm62384	
Gm62385	
Gm47095	
Gm25619	RNU6-267P
Gm25619	RNU6-162P
Cfhr2	
Gm38661	
Gm62386	
Lyzl4	LYZL4
Spata31g1	SPATA31G1
Gm16265	
Med14	MED14
Mir3060	
Pitpnc1	
Vcp	VCP
Gm49928	
Lca5l	LCA5L
1810021B22Rik	
Gm16332	
Ubl4b	UBL4B
Fcgr1	FCGR1A
Gm5837	
Gm38266	
Gm26048	SNORA55
Gm38019	
Gm62389	
Cfh	
Gm62390	
Gm62391	
Gm62392	
Gm62393	
Gm35853	
Gm47097	
Ino80b	INO80B
Vipr1	VIPR1
Gm11719	
Gm44287	
Gm11713	
Rtkn	RTKN
Ccdc157	CCDC157
Gm62401	
Gm36510	
Sh3bgr	SH3BGR
Gm62402	
Gm30754	
Gm671	
Sec22c	SEC22C
Gm39556	
Gm52200	
Ptgds	PTGDS
Fancg	FANCG
Gm62406	
Gm62408	
Gm62410	
Gm62411	
Gm24830	
Platr30	
Gm62413	
Gm62414	
Gm20717	
Rnu1b1	
Rnu1b2	
Pafah1b1-ps1	
Gm62416	
Gm62417	
Gm21960	
Gm62418	
Terc	
Gm62419	
Gm24136	
Gm57479	
Gm62422	
Gm9207	
Gm56732	
Rnu1b6	
Gm43534	
Gm55007	
Gm25890	
Gm22614	
Hjv	HJV
Cux2	CUX2
Gm62425	
Gm62427	
Gm46536	
B3galt5	B3GALT5
A330009N23Rik	
Txnip	TXNIP
Ss18l2	SS18L2
Igsf5	
Axin1	AXIN1
Asgr1	ASGR1
Gm41403	
Gm49470	
Gm62434	
Nktr	NKTR
Gm26684	
Stoml2	STOML2
Gm56113	SNORA63
Gas8	GAS8
Wdr54	WDR54
Gm56693	
Gm62435	
Gm62436	
Gm62437	
Elp4	ELP4
Gm62440	
Gm62441	
Gm36710	
Gm62443	
Gm61865	
Gm42406	
Gm34027	
Gm61936	
Gm62444	
Gm16253	
Gm14569	KIAA1210
Gm15943	
Polr3gl	
Gm61903	
Gm62053	
Magea2	MAGEA10
Itgb2l	
n-R5s100	
n-R5s101	
n-R5s102	
Gm24268	RNU6-147P
n-R5s103	
Magea5	MAGEA10
n-R5s104	RNA5S4
n-R5s105	
n-R5s106	
n-R5s107	
n-R5s108	RNA5S13
1700003E16Rik	C2orf81
n-R5s109	
n-R5s110	
n-R5s111	
n-R5s112	
n-R5s113	
n-R5s114	
n-R5s115	
Gm25018	
n-R5s117	RNA5S10
n-R5s118	
Magea1	MAGEA10
n-R5s119	
Gm50015	
n-R5s120	
Cldn34b2	CLDN34
Neurl1b	NEURL1B
n-R5s121	RNA5S17
n-R5s122	
n-R5s123	RNA5S16
Gm13954	
n-R5s124	
n-R5s125	
Dctn1	DCTN1
Gm25429	
Gm24312	
Gm4997	
Lcn12	LCN12
n-R5s127	
n-R5s128	
Amd-ps1	
n-R5s129	
Krtcap3	KRTCAP3
n-R5s130	
Gm8595	
n-R5s131	
Gm15157	
Gm26391	
n-R5s133	
Sat1	SAT1
n-R5s134	
Gm62450	
Rn5s	
n-R5s136	RNA5S9
Gm49085	
Rn5s-ps1	
n-R5s138	RNA5S16
n-R5s139	
Gm22109	RNA5S17
Gm62451	
Gm47494	
n-R5s141	
Ankrd34a	ANKRD34A
n-R5s142	
Gm62452	
Gm60865	
n-R5s143	
Gm26956	
n-R5s144	
Gm48956	
Gm25212	
Gm47493	
n-R5s146	
Gm22291	RNA5S16
Lix1l	LIX1L
Gm47323	
Gm23284	
n-R5s149	RNA5S16
Gm16419	
Gm23647	
Ror2	ROR2
Rhou	RHOU
Grm4	GRM4
C8g	C8G
Gm5468	
Kcnt2	KCNT2
Rbm8a	RBM8A
Gm45781	
6030466F02Rik	
Gm45865	
Atosb	ATOSB
Rab4a	RAB4A
Sf3a1	SF3A1
Gm34095	
Gm62455	
Gm31253	
Gm41278	
Gm62459	
Gm62460	
Gm62461	
Gm53890	
Gm52058	
Gm33631	
Gm62462	
Gm62463	
Sptlc1	SPTLC1
Unc13c	UNC13C
Gm34590	
Cdc25b	CDC25B
Pex11b	PEX11B
2810455O05Rik	
Gm15159	
Ccsap	CCSAP
Gm62044	
Gm14983	
Diaph2	DIAPH2
Ift172	IFT172
Gm4342	
Acta1	ACTA1
Gm62470	
Gm62471	
Gm62472	
Gm32358	
Gm18335	
Gm49684	
Rpl26-ps4	
Gm29773	
Gm62474	
Gm49683	
Gm6048	
Bod1-ps	
Nup133	NUP133
Klhl22	KLHL22
Psmd12	PSMD12
Gm37777	
Gm37371	
Gm4845	
Ddx20	DDX20
Gm62476	
Gm62478	
St18	ST18
Gm49789	
Gm49790	
Gm16005	
Gm35118	
Gm9703	
Gm41300	
Gm49774	
Gm49773	
Hmga1	
Gm60480	
Gm37611	
Gm52184	
Gm27148	
Gm62481	
Gm2762	
Gm56111	
Gm62482	
Gm37326	
Gm62483	
Gm41303	
n-R5s86	
Wdr72	WDR72
Gm62488	
Gm56704	
Gm26766	
Gm62489	
Gm62490	
Gm62491	
Gm62492	
Gm62493	
Gm62495	
Gm62496	
Gm62497	
Gm62498	
Gm62499	
Gm62500	
Inka2	INKA2
Gm62501	
Gm35933	
Scarf2	SCARF2
Gm43848	
Rap1a	RAP1A
1700015H07Rik	
Gm41276	
Gm16136	
Gm62506	
Gm31690	
Ldlrad2	LDLRAD2
Abcb10	ABCB10
Gm24141	
Nr1h2-ps	
Gm28622	
Gm27189	
Gm27233	
Gm46535	
Usp48	USP48
Gm22315	
Gm36509	
Gm20649	
Gm62509	
Gm28182	
Onecut1	ONECUT1
Gm34965	
1700010G06Rik	
4933438A12Rik	
Gm62510	
Ano10	ANO10
Gm62511	
Gm62512	
Zfp520-ps	
Gm59874	
Taf5l	TAF5L
Gm14984	
Fam246a	FAM246B
Fam246a	FAM246C
Fam246a	FAM246A
Gm62513	
Gm14987	
Car15	
Gm7781	
Gm17546	
Gm14982	
Gm43328	
Gm61707	
Gm43329	
Gm30977	
Gm43330	
Gm43331	
Gm41268	
Adora3	ADORA3
Gm61311	
Gm62515	
Gm62516	
Gm52178	
Gm62518	
Scml1	
Gm62520	
Gm33497	
Nhs	NHS
Gm46502	
Tmigd3	TMIGD3
Gm17827	
Urb2	URB2
Gm11722	
Gm11649	
Fbxw5	FBXW5
Asgr2	ASGR2
Gm15202	
Gm61779	
Gm26317	
Gm23794	RNU6-831P
Gm23794	RNU6-1282P
Gm54996	
Gm54997	RN7SKP123
Gm54997	RN7SKP141
Gm54997	RN7SKP195
Gm20518	
Gm62166	
Gm61803	
Or52ab4	
Gm14990	
Gm62528	
Gm62530	
Gm14995	
Gm62532	
Kir3dl2	KIR2DL1
Kir3dl2	KIR3DL2
Kir3dl2	KIR2DL3
Kir3dl2	KIR2DS4
Kir3dl2	KIR3DL3
Kir3dl2	KIR3DL1
Kir3dl2	KIR2DL4
Gm19277	
Or52ad1	
Dgcr2	DGCR2
Zfp507	ZNF507
Gm53046	
Gm62534	
I830077J02Rik	C1orf162
Mir1967	
Gm45732	
Gm3889	
Gm28068	
Galnt2	GALNT2
Fndc4	FNDC4
C730034F03Rik	
Gm62537	
Gm62538	
Gm62539	
Gm62541	
Gm62543	
Atp5pb	ATP5PB
Gm14991	
Or52s19	
Kir3dl1	KIR2DL1
Kir3dl1	KIR3DL2
Kir3dl1	KIR2DL3
Kir3dl1	KIR2DS4
Kir3dl1	KIR3DL3
Kir3dl1	KIR3DL1
Kir3dl1	KIR2DL4
Gm49282	
Gm28502	
Tbc1d10a	TBC1D10A
Or52e19b	
Gm62547	
Gm53913	
Rpl17-ps9	
Gm62549	
Gm56735	
Gm62550	
Gm56387	
Usp17lc	
Gm62552	
Gm62554	
1700040F17Rik	
Gm56388	
Gm56389	
Gm36642	
Gm13901	
Ipcef1	IPCEF1
Gm29129	
Kcna4	KCNA4
Gm38285	
Or52s6	
Gckr	GCKR
Gm23439	
Gm23749	
Gm13912	
Or51l14	
Gm13916	
Gm13915	
Gm13913	
Garnl3	GARNL3
Tshz3	TSHZ3
1810008B01Rik	
Gm24459	U4
Cog2	COG2
Gm36451	
Gm37452	
Lcmt1	LCMT1
Gm46505	
Gm15006	
Gm15003	
Gm15005	
Gm15004	
Wdr77	WDR77
Tceal3	TCEAL5
Tceal3	TCEAL6
Tceal3	TCEAL3
Castor1	CASTOR1
Gm43262	
Gm62568	
Gm62569	
Gm60204	
Gm62570	
Gm62571	
Gm62572	
Gm62573	
Gm60211	
Gm33763	
Gm38340	
Or52d13	
Gm56741	
Msx2	MSX2
E230020A03Rik	
Gm62574	
Gm37827	
Gm56694	
Or52ae7	
Gm62575	
Gm11956	
Gm41290	
Mgl2	CLEC10A
Gm56390	
Gm56391	RN7SKP196
Or51af1	
Gm19457	
Gm43659	
4930478M09Rik	
Gm52204	
Gm34022	
Ppp1cc	PPP1CC
Gm56703	
Aqp8	AQP8
Gm15010	
Gm62576	
Gm62577	
4930513L16Rik	
Gm54805	
Tceal1	TCEAL1
Gm62580	
Gm62582	
Gm62585	
Gm62586	
Gm62587	
Morf4l2	MORF4L2
Gm62588	
Gm38594	
Agt	AGT
Gm62589	
Tssk1	TSSK1B
Gm62590	
Tssk2	TSSK2
Ess2	ESS2
Gm62592	
Gm62593	
Or51ag1	
Gm62594	
Gm62595	
Mir8106	
Gm47126	
Gm49249	
Or51aa5	
Gm45042	
Abhd5	ABHD5
Scrg1	SCRG1
Or51aa2	
Gm42890	
Gm62596	
Gm62597	
Sap30	SAP30
Gm62599	
Or51ab3	
Gm62600	
Gm62601	
Gm9920	
Osm	OSM
Ovgp1	OVGP1
Zkscan2	ZKSCAN2
Hmgb2	HMGB2
Rap1gap	RAP1GAP
Gm15536	
Gm62602	
Gm62603	
Gm5449	
Gzmm	GZMM
Gm62604	
Gtpbp4	GTPBP4
Gm46515	
Gm15624	
Lif	LIF
Gm62605	
4930465K09Rik	
Slc4a5	SLC4A5
Gm25794	
Gm62606	
Bsg	BSG
Or51ah3	
Gm6012	
Galnt7	GALNT7
Gm16059	
Ube3a	UBE3A
Gm41317	
A830021M18Rik	
Gsc2	GSC2
Gm62609	
Gm62610	
Gm10385	
Gm24803	
Hormad2	HORMAD2
1700109K24Rik	
Gm47129	
Gm62615	
Bcl2l10	
Gm33353	
Gm62617	
Gm16575	
Gm56604	
Gm59774	
AA914427	
Tmod3	TMOD3
Gm62620	
Slc25a1	SLC25A1
Gm36330	
Cimap3	CIMAP3
Gm62625	
Gm62628	
Gm62632	
Gm62633	
Gm34152	
Gm42748	
Zfp512	ZNF512
Gm62640	
Gm62642	
Gm62643	
Gm52182	
BC065397	
Gm62644	
Gm62645	
Gm62646	
Smim29	SMIM29
Gm62647	
Gm16537	
Mthfd2	MTHFD2
Gm42721	
Chil5	CHIA
Gm48789	
Tmod2	TMOD2
Septin4	
Polrmt	POLRMT
Vpreb1b	VPREB1
Gm62661	
Gm59859	
Gm62662	
Gm60343	
Gm49580	
Gm62663	
Gm62664	
Dgcr6	
Dgcr6	DGCR6L
Dgcr6	DGCR6
Gm41388	
Gm4540	
Gm62665	
Gm43890	
Gm9504	
Gm62666	
Mob1a	MOB1A
Chrnb2	CHRNB2
Gm48650	
Gm62667	
Gm59836	
Gm36264	
Gm62668	
I730030J21Rik	
Gm25379	
Gm10284	
Gm45534	
Gm45360	
Gm19269	
Gm45358	
4930412F12Rik	
Nudt7	NUDT7
Gm62669	
Gm52175	
Gm62670	
Gm43059	
Gm56742	
Ccdc121	
Gm41255	
Gm62671	
Ube2q1	UBE2Q1
Gm62672	
Gm41343	
Bola3	BOLA3
Gm41333	
Hvcn1	HVCN1
Glra4	
Nudt3	NUDT3
Larp4b	LARP4B
Prodh	PRODH
Prodh	
Gm62680	
Gm53883	
Gm62681	
Gm62682	
Gm49066	
Gm56691	
Gm13914	
Rpl35a-ps4	
Gm62687	
Gm62689	
Hadhb-ps	
Gm62691	
Gm38299	
Gm53873	
Mettl15	METTL15
Gm62695	
Gm46514	
Myo9b	MYO9B
Gm15009	
Plp1	PLP1
Hoxa4	HOXA4
Gm53874	
4930413F20Rik	
Hoxa5	HOXA5
Gm56417	
Ptpn1	PTPN1
Gm62704	
Gm34794	
Hoxa6	HOXA6
Gm62705	
Hoxa7	HOXA7
Gm62706	
Gm62707	
Gm62708	
Gm34880	
Gm49804	
Gm53891	
Hoxa9	HOXA9
She	SHE
Gm49741	
Rps10	
Gm35312	
Gm48822	
Lysmd2	LYSMD2
Gm62710	
Gm62711	
1700003E24Rik	
Gm62712	
Gm41261	
Gm24123	
Gpn1	GPN1
BC061195	
Gm62713	
Gm23454	
Gm61792	
Gm62714	
Il6ra	IL6R
Gm15569	
Mir196b	MIR196B
Hoxa10	HOXA10
Scg3	SCG3
Ece1	ECE1
Snhg18	
Gm61794	
Gm23788	U2
Gm23788	RNU2-42P
Or51ac3	
Arx	ARX
Hoxa11	HOXA11
Hs3st4	HS3ST4
Gm56036	
Gm56037	
Atp8b2	ATP8B2
Gm44562	
Gm62715	
Gm56038	
Gm25759	
Gm56039	
Gm44559	
Gm56040	
Gm56041	
Gm44560	
Gm25457	RNU6-21P
9530018H14Rik	
Gm56322	Y_RNA
Gm44830	
Gm56042	
Kif18a	KIF18A
Atp1a4	ATP1A4
Gm15339	
Gm62716	
Gm56043	
Gm62718	
Hottip	
Gm23168	
Or52z12	
Gm29905	
Gm62720	
Gm34315	
Gm56044	
Gm56045	
Gm44294	
4921515G04Rik	
Sftpb	SFTPB
Zfp536	ZNF536
Gm61879	
Gpr165	
Gm62727	
Gm62729	
Gm62731	
Gm62733	
Gm62734	
Gm62735	
Gm62736	
Pacsin1	PACSIN1
Gm62737	
Gm30877	
Gm62738	
Gm62739	
Fgf22	FGF22
Gm62740	
Gm62741	
Gm62742	
B430209F14Rik	
Gm62744	
Gm62745	
Gm16394	
Gm14803	
Gm9059	
Gm39527	
Usp39	USP39
Gm41396	
Tctn1	TCTN1
Rnf126	RNF126
Gm9060	
Pgr15l	
Gm37599	
Gm37142	
Gm37604	
Gm18183	
Gm60979	
Gm28724	
Gm60393	
Gm59778	
Gm60103	
Gm62752	
Gm60100	
Gm41399	
Gm60097	
Gm60098	
Gm37796	
Gm5835	
Gm61963	
Gm62753	
Gm14777	
Gm42492	
Gm56615	
Gm62754	
Gm5941	
Gm60046	
Cdc73	CDC73
Gm60047	
Gm62755	
Gm60641	
Gm60680	
Gm10373	
Dzip3	DZIP3
Gm61816	
A230072C01Rik	
Fstl3	FSTL3
Gm33584	
0610030E20Rik	C2orf68
Gm13924	
Gm13925	
Gm62756	
Gm20638	
Ripor3	RIPOR3
Gm62758	
Gm62759	
Alpl	ALPL
Gm62760	
Gm37871	
Gm3671	
Bmp5	BMP5
Gm41285	
Gm62761	
Gm62762	
5830427D02Rik	
Tmem150a	TMEM150A
Gm4544	
Prss57	PRSS57
6720469O03Rik	
Gm44806	
Gm44882	
Gm44883	
Gm22302	RNU6-843P
Gm44829	
Gm62764	
A230103L15Rik	
Gm62766	
Gm25499	
Gm24966	
Lars2	LARS2
Gm22496	SNORD115-38
Gm22496	SNORD115-32
Gm25648	
Gm36331	
Or52a24	
Gm62767	
Gm62769	
Gm62770	
Gm62771	
Gm62772	
Gm24306	
Gm25934	
Gm62774	
Gm25156	
Gm49452	
Gm26488	
Gm24220	
Gm24653	
Or52ae9	
4930445E18Rik	
Gm24969	
Gm24417	
Gm25121	
Palm	PALM
Gm24657	
Bdnf	BDNF
Gm26230	
Or51l4	
Rnf181	
B3galt2	B3GALT2
Gm23922	
Gm25314	
Gm26096	
Or52a5b	OR52A5
Gm55164	
Gm28155	
Gm53907	
Gm22996	
Gm59842	
Gm36555	
Gm26499	
Or52a5	OR52A5
Gm6397	
Gm8784	
Igsf8	IGSF8
Gm33967	
Gm48825	
Uri1	URI1
Gm33324	
Gm46391	
Gm48887	
Gm62792	
Gm48890	
Gm53887	
Gm48870	
Gm62794	
Gm48869	
Gm62795	
Gm62796	
Gm48889	
Gm62798	
Gm62799	
Mier3	MIER3
Supt7l	SUPT7L
Gm62801	
Gm62803	
5330439K02Rik	
Gm34765	
Gm63526	
Gm12353	
Wwp1	WWP1
Gm62814	
Gm56705	
Gm62815	
Gm62816	
Gm62817	
1700012I11Rik	
Gm13932	
Lin7c	LIN7C
Gm15481	
Slc4a1ap	SLC4A1AP
Clec10a	CLEC10A
Glrx2	
Vamp5	VAMP5
Ralgps1	RALGPS1
Vamp8	VAMP8
Ggcx	GGCX
Spdef	SPDEF
Gm57624	
Gm31400	
Gm48495	
Misp	MISP
Fyco1	FYCO1
Gm62825	
4930453H23Rik	
Gm62826	
Gm24046	
Gm15458	
Gm31608	
Hax1	HAX1
Gm49897	
Scube3	SCUBE3
Gm28583	
Gm6819	
Gm5591	C2orf78
Gm20749	
Gm6938	
Gm29086	
Abca7	ABCA7
Mat2a	MAT2A
Gm56400	
Gm21115	
Gm21122	
Gm29085	
Gm24797	
Gm21129	
Gm21136	
Ssxa1	SSX4
Ssxa1	SSX1
Ssxa1	SSX2
Ssxa1	SSX2B
Ssxa1	SSX5
Ssxa1	SSX7
Ssxa1	SSX3
Ssxa1	SSX4B
Gm21152	
Gm56401	
Gm62829	
Gm28451	
Gm61584	
Gm1982	
Gm62830	
Ro60	RO60
Gm9226	
Gm14634	
Gm56402	
Gm62831	
Setd9-ps	
Gm29258	
Gm3924	
Gm5114	C2orf78
Gm15287	
Gm62833	
Map3k1	MAP3K1
Gm55412	
Gm62834	
4930500G05Rik	
Gm62835	
Gm56403	
Zfp619	ZNF850
Gm41318	
Gm14524	
Gm41890	
Gm56715	
Gm44573	
Gm16576	
Gm17983	
AA414768	
Gm2058	
Gm14534	
5730405O15Rik	
Gm26327	RNU6-1073P
Gm26327	RNU6-1329P
Gm2021	
Gm9230	
Gm61953	
Gm61952	
Gm37302	
Gm12705	
Gm38199	
Usp9x	USP9X
Gm12681	
Gm22576	
Ptdss2	PTDSS2
Atg4c	ATG4C
Cip2a	CIP2A
Gm62837	
Gm62838	
Gm56823	
Gm62839	
6330537M06Rik	
Gm56824	
Gm56853	
Gm56856	
Gm56858	
Gm56863	
Atp1a2	ATP1A2
Gm56869	
Gm10699	
Particl	
Rps8-ps3	
1700120C14Rik	
Rps19-ps14	
9330133O14Rik	
Hoxa1	HOXA1
Gm56878	
Helz	HELZ
Gm45627	
Xcr1	XCR1
Tnks	TNKS
Ubap2l	UBAP2L
Gm15327	
Gm2774	
2900076G11Rik	
Mrpl33	MRPL33
Ccr1	CCR1
Gm56050	
Gm56051	
Gm56052	
Gm56053	
Hoxa2	HOXA2
Gm10305	
Gm12689	
Ccr1l1	CCR1
Gm41060	
Gm37556	
Gm12685	
Hoxa3	HOXA3
Gm12686	
Gm15325	
Gm12684	
Gm12683	
Ccr3	CCR3
Gm37117	
Gm60909	
Gm28864	
Gm60970	
Gm23230	
Foxd2	FOXD2
Gm53020	
Ccr2	CCR2
Gm61599	
Foxe3	FOXE3
Gm47428	
Gm59769	
Cmpk1	CMPK1
Gm62846	
Gm61194	
Gm62847	
Gm61429	
Gm62848	
Gm62849	
Gm62850	
Gm61457	
Gm60469	
Lpcat1	LPCAT1
Gm62851	
Ccr5	CCR5
Evx1	EVX1
D630010B17Rik	
Gm62852	
Gm41370	
Gm62853	
Gm52172	
Gm62854	
Gm2682	
Gm8129	
Gm15054	
4930443G03Rik	
Gm37269	
Gm43940	
Gm2651	
Gm42960	
Gm18222	
Gm43196	
Gm43198	
Gm43197	
Samd9l	SAMD9L
Gm43809	
2010315B03Rik	
Rbks	RBKS
Hepacam2	HEPACAM2
Gm10376	
Tcaim	TCAIM
Trav1	TRAV1-1
Trav1	TRAV1-2
Trav2	TRAV4
Trav6-2	TRAV9-2
Trav6d-4	TRAV9-2
Gm24045	Y_RNA
Gm24045	RNY1P14
Stil	STIL
Trav12d-1	TRAV18
Gm8291	
Gm45752	
Trav15d-1-dv6d-1	TRDV1
2610005L07Rik	
Trav12d-2	TRAV18
Trav8d-2	TRAV17
Myh15	MYH15
Gm5373	
Trav12n-1	TRAV18
Gm41331	
Mir3473e	
Clip2	CLIP2
Trav15n-1	TRDV1
Gm6853	
6820431F20Rik	
Trav12n-2	TRAV18
Gm23546	
Lgr4	LGR4
Trav6-4	TRAV9-2
Zfp868	
Trav12-1	TRAV18
Trav15-1-dv6-1	TRDV1
Trav18	TRAV27
Vps50	VPS50
Trdv1	TRAV34
Zfp869	
Gm56126	
Diaph3	DIAPH3
Zfp445	ZNF445
Gm62867	
Gm41326	
Gm62868	
Gm62869	
Gm53915	
Gm31841	
Gm62870	
Gm9693	
Gm62871	
1700026J12Rik	
Gm15027	
Gm62098	
Gm14536	
Gm62874	
Zfp963	
Gm33205	
Gm382	
Gm53882	
Gm20422	
Gm62875	
Gm32885	
Zfp866	
Gm61945	
Gm61946	
Gm9435	
	PPP1R2C
Ofd1	OFD1
Atp13a1	ATP13A1
Katnip	KATNIP
Gm47140	
Zkscan7	ZKSCAN7
Kcnj9	KCNJ9
Gm56127	
Gm47145	
Zfp105	ZNF35
Gm36937	
Kcnj10	KCNJ10
Gm5407	
Gm18694	
Gm4802	
Pigm	PIGM
Gm6931	
Gm31494	
Gm37145	
Slamf9	SLAMF9
Gm47146	
Trappc2	TRAPPC2
Limd1	LIMD1
Gm22704	SNORA2B
Gm14234	
Angptl2	ANGPTL2
Uchl5	UCHL5
Gm32070	
Gm49113	
Ift57	IFT57
Gm62889	
Arhgap45	ARHGAP45
Gm62891	
Gm62893	
Gm62894	
Dusp29	DUSP29
Gm49476	
Gm13537	
Gm56422	
Zbtb34	ZBTB34
Slc6a3	SLC6A3
Ccdc34	CCDC34
Gm52201	
1700010B13Rik	
Dusp13b	DUSP13B
Rab9	RAB9A
Sacm1l	SACM1L
2700029L08Rik	
Gm62905	
Syna	ERVFRD-1
C230013L11Rik	
Gm62906	
Gm62907	
Mir7228	
Rfc2	RFC2
Zfp523	ZNF76
Gm62908	
Gm36878	
Gm33049	
Gm62910	
Gm56720	
Gm62911	
Gm15229	SAXO1
Gm62914	
Gm15223	
Gm62915	
Tceanc	TCEANC
Gm49162	
Gm56688	
Egfl6	EGFL6
Gm56692	
1700047G03Rik	
Mir6932	
Cacng1	CACNG1
Gm13936	
Zbtb43	ZBTB43
Zfp964	
Gm62922	
Gm35713	
Gm45513	
4930483J18Rik	
Gm5350	
Slc16a11	SLC16A11
Gm24580	
Sgo2b	SGO2
Gm13937	
Gm22997	RNU6-1178P
Gm22997	RNU6-467P
Gm22997	RNU6-405P
Bbox1	BBOX1
Clptm1l	CLPTM1L
Gm15226	
Gm55325	
Dusp4	DUSP4
Gm62923	
Gm1720	
Tal1	TAL1
Gm45694	
Dusp13a	DUSP13A
Cyp4f18	CYP4F3
Gm62924	
Gm34678	
Gm46517	
Gm31462	
Gm48923	
Gm54976	
Gm14887	
Gm62925	
Gm62927	
Gm62928	
F9	F9
Fibin	FIBIN
Gm39558	
Babam2	BABAM2
1700001L05Rik	
Samd8	SAMD8
Gm13935	
Lmx1b	LMX1B
Gm45734	
Gm18924	
Gm25052	RNU2-55P
Or2z8	
Gm62072	ARPC1B
Gm14891	CCDC201
Gm8844	
Gm45544	
Gm15518	
Gm45735	
Gm62085	
Or2z9	
Mageb8-ps	
Rps15a-ps3	
Errfi1	ERRFI1
Gm62087	MAGEB2
Cacng4	CACNG4
Gm41	
Gm45543	
Or1ab2	
Mageb6-ps	
Gm18438	
Gm62088	
Mageb7-ps	
Gm24754	RNU6-1130P
Gm17597	
4930546O09Rik	
Gm55202	
Gm61907	
Muc5b	MUC5B
Cd96	CD96
Gm55755	
Pdk3	PDK3
Tpm4	TPM4
Gm62932	
Gm41368	
Gm56293	RN7SKP234
Gm56294	
Gm56710	
Slc16a13	SLC16A13
Gm62933	
Tert	TERT
Gm62934	
1700082O11Rik	
Gm62935	
Gm62936	
Gm62938	
Gm46534	
Gm62941	
Gm62943	
Gm62944	
Gm23502	
Park7	PARK7
Gm62948	
Vdac2	VDAC2
BC048602	
Slc6a20b	SLC6A20
Gm41355	
Cacng5	CACNG5
Gm62952	
Gm31282	
Gm62954	
Gm29170	
Gm33123	
Gm38011	
Rab8a	RAB8A
Gm13529	
9430024E24Rik	
Mvb12b	MVB12B
Gm25663	SCARNA18B
Rgs2	RGS2
Gm15164	
AU015836	CHCHD4
Gm49126	
Gm15165	
Gm6987	
Fam236c	
Gm50487	
Gm61925	
Gm60037	
Gm14841	
Gm7194	
Ahcyl	AHCY
Tollip	TOLLIP
Gm14837	
Gm21998	
Pabpc1l2b	PABPC1L2A
Pabpc1l2b	PABPC1L2B
1700020B03Rik	
Gm9143	
4930571N24Rik	
Gm26297	
Gm60304	
Pabpc1l2a	PABPC1L2A
Pabpc1l2a	PABPC1L2B
Gm3928	
Gm14838	
Hsh2d	HSH2D
Gm61947	
Gm60320	
Gm6206	
Nectin3	NECTIN3
Gm61961	
Bcl6b	BCL6B
Slc6a20a	SLC6A20
Gm33531	
Rgs13	RGS13
Cib3	CIB3
Slc6a18	SLC6A18
Gm62958	
Gm56436	
Nap1l2	NAP1L2
Gm62959	
Slc5a12	SLC5A12
Gm56731	
Gm41339	
Gm9050	
Gm14847	
Gm62960	
Gm62962	
Gm62965	
Gm19200	
Hotair	
Fam32a	FAM32A
Gm14848	
Gm33690	
Gm62968	
Gm3931	
Gm62969	
Mir497b	
Cdx4	CDX4
Mir497	MIR497
Mir195a	MIR195
Gm21988	
Gm41372	
Gm62970	
Gm53901	
Gm49497	
Ap1m1	AP1M1
Gm9516	
Chic1	CHIC1
Gm62975	
Rbm6-ps2	
Gm53876	
Brsk2	BRSK2
Gm53894	
Gm17025	
Igsf9	IGSF9
Prkca	PRKCA
Gm56738	
Gm62978	
Gm62979	
Gm62981	
Gm62982	
Gm62983	
Gm62985	
Gm2895	
Gm17120	
Gm26952	
Gm47173	
Gm47171	
Tsx	
Gm17200	
Ccr9	CCR9
Gm56709	
Gm62990	
Gm62992	
Gm62993	
Gm62995	
Gm62996	
Gm62997	
Gm62998	
Gm62999	
Gm34724	
Gm49457	
Gm26992	
Gm63000	
Tsix	
Gm63001	
Gm63002	
Tnfrsf9	TNFRSF9
Gm63003	
Gm63004	
Gm10052	
Xist	
C230037L18Rik	
Comtd1	COMTD1
Lztfl1	LZTFL1
Hmgn2-ps	
Klf2	KLF2
Gm55585	
Gm55586	
Gm55587	
Gm14861	
Rps12-ps1	
Jpx	
Gm45779	
Calr3	CALR3
Gm43294	
Calcr	CALCR
Gm61875	
Gm61318	
Gm17900	
Gm60238	
Gm60429	
Gm52957	
Mir7223	
Gm61092	
Rnase2a	RNASE2
Rnase2a	RNASE3
Apoh	APOH
Gm6912	
Nfatc2	NFATC2
Gm49245	
Gm21718	
Gm59920	
Gm41458	
Gm7106	
Gm59797	
Gm7247	
Morc1	MORC1
Def6	DEF6
Gm17079	
Gm3835	
Gm5800	
1700030K09Rik	C19orf44
Gm49106	
Polr2e	POLR2E
Gm49261	
Ang4	ANG
Gm49107	
Gm11667	
Ear-ps4	
Mtmr4	MTMR4
AY358078	
Gm41271	
Gm63019	
Gm41272	
Gm63020	
Gm63021	
Cherp	CHERP
Gm6047	
Gm54865	
Ear-ps5	
Gm55588	
Gm22290	RNU6-60P
Gm9670	
Gm63022	
Ndfip2	NDFIP2
Gm14860	
Gm63023	
Trat1	TRAT1
Gm61999	
Gm63024	
Gm63025	
Gm9785	
Gm63026	
Gm49439	
Gm9157	
Gm63027	
Ftx	
Gm63028	
Gm63029	
Gm63030	
Gm63031	
Gm56726	
Mir653	
Mir489	MIR489
Gm44221	
Gm63033	
Gm63035	
Tfpi2	TFPI2
Gm32011	
Gm63037	
Gm63038	
Gm33432	
Gpx4	GPX4
Gm34759	
Gm8670	
Anks3	ANKS3
Gm35827	
Gm56744	
Gm63046	
Gm63047	
Gm63048	
Gm49874	
Gngt1	GNGT1
Gm63049	
Ppard	PPARD
Gm63050	
Gm63052	
Gm38643	
Gm24207	RNU6-715P
Gm16259	
Gm41335	
Rgs1	RGS1
Gm34417	
Commd6	COMMD6
Gng11	GNG11
Gm49418	
Bet1	
Gm17020	
Gm17021	
Gm63055	
Cxcr6	CXCR6
Uchl3	UCHL3
Gm23405	RNU1-76P
Mmp10	
Uts2	UTS2
Gm44055	
Per3	PER3
Gm44057	
Gm8602	
Gm44379	
Gm43810	
Gm44380	
Gm56185	RN7SKP155
Gm56064	
Gm43811	
Gm2522	
Gm17130	
Gm37883	
Gm43921	
Gm10463	
Gm18289	
Gm26696	
Gm18075	
Fosl2	FOSL2
Gm49269	
Casd1	CASD1
Mmp8	MMP8
Lmo7	LMO7
Gm26335	RNU6-21P
Gm9555	
Gm7266	
Lat2	LAT2
Mir7068	
Slc35e1	SLC35E1
Rgs21	RGS21
Gm24608	SNORA58B
Mir7669	
4933434E20Rik	C1orf43
Gm56327	
Tagln2	TAGLN2
Mmp27	MMP27
Fance	FANCE
Ano3	ANO3
Med26	MED26
Dnaaf8	DNAAF8
Sbno2	SBNO2
Gm63059	
Gm18646	
Gm55787	
Gm63060	
Smim7	SMIM7
Gm63061	
Gm63062	
Gm32970	
Gm36819	
Mmp1a	MMP1
Rgs18	RGS18
Gm63063	
Gm63064	
Gm63065	
Jrkl	JRKL
Septin12	SEPTIN12
Gm63066	
Gm19510	
Gm26189	
5330432J10Rik	
Gm19276	
Phxr4	
Vamp3	VAMP3
Gm47089	
Gm41286	
Gm63067	
Ccdc82	CCDC82
Gm63069	
Gm63075	
Gm63077	
Tmem38a	TMEM38A
Gm63078	
Gm34820	
Gm63080	
Gm8856	
Gm22681	RNU6-1019P
Gm56328	
Gm6550	
Gm5262	
Gm12430	
Gm25460	
Alg2	ALG2
Gm28392	
Gm38269	
Gm5263	
4930478M13Rik	
Gm38187	
Brinp3	BRINP3
Sec61b	SEC61B
Gm63085	
Zcchc14	ZCCHC14
Gm44432	
Sgce	SGCE
Ip6k2	IP6K2
Smim22	SMIM22
Gm24170	
Gm38423	MSANTD5
Msantd5f5	MSANTD5
Msantd5f4	MSANTD5
Msantd5f3	MSANTD5
Msantd5f2	MSANTD5
Msantd5f1	MSANTD5
Rasef	RASEF
Gm42477	
Muc15	MUC15
Rogdi	ROGDI
Gm63089	
Gm16311	
Gm23034	
Nckipsd	NCKIPSD
Gm63090	
Gm63091	
Gm63092	
Gm38563	
Pomk	POMK
A230059L01Rik	
Gm63093	
Gm33909	
Gm37749	
Gm63094	
Gm63095	
Gm9931	
Gm63096	
Gm17867	
Hsf5	HSF5
Gm46527	
Gm63097	
Gm38284	
Gm29516	
Fnta	FNTA
Gm56723	
Gm29515	
Gm22966	
Pbx3	PBX3
Gm19891	
Gm63098	
Gm18505	
Gm41352	
Gm37714	
Cfap45	CFAP45
Celsr3	CELSR3
Bacc1	BACC1
Gm63099	
Gm49886	
Gm49267	
Gm53012	
Gm49889	
Rpl10a	RPL10A
Gm46526	
Gm16540	
Gm63100	
Cfap141	CFAP141
Gm63101	
Gm56713	
Gm30691	
Mir190b	
Nup210l	NUP210L
Gm63105	
Gm63106	
Gm31458	
Hook3	HOOK3
Glyr1	GLYR1
Slc6a19	SLC6A19
Gm63114	
Gm41350	
Gm63116	
Gm63118	
Gm63120	
4930423K06Rik	
Gm63124	
Gm63125	
Vsig8	VSIG8
Gm63126	
Gm63127	
Gm63128	
Gm63129	
Gm49442	
Gm63130	
C79798	
4930445N06Rik	
Gm14280	
Gm14282	
Gm14281	
Msantd5f6	MSANTD5
Erv3	
Stk11	STK11
Lamr1-ps1	
Gm11486	
Prnp	PRNP
Gm11485	
Gm11488	
Gm56161	
Has2os	
Zkscan16	ZNF483
Slamf8	SLAMF8
Ptgr1	PTGR1
Gm23723	SNORA41
Gm43712	
Gm24185	RNU6-781P
Gm63134	
Rps27	
Gm35997	
Prn	
Gm49540	
Prnd	PRND
Ubn1	UBN1
Fcrl6	
Gm17189	
Gm52199	
Rab13	RAB13
Gm33174	
Gm49116	
Dusp23	DUSP23
Gm63139	
Gm2710	
Eif4h	EIF4H
Gm63140	
Gm41269	
Gm63141	
Gm56331	
Mapkap1	MAPKAP1
Crp	CRP
Gm63142	
Tead3	TEAD3
Gm34336	
Gm56134	
Tmem89	TMEM89
Slc6a19os	
Gm63144	
Gm45411	
Gm63145	
Gm24817	
Gm45413	
Gm35771	
9430083B18Rik	
Rnf170	RNF170
Apcs	APCS
Dnajc25	DNAJC25
Uqcrc1	UQCRC1
Slc12a7	SLC12A7
Gm63146	
Gm41277	
Gm26077	
Or10j5	OR10J5
Gm63147	
Gm63148	
Gm42472	
Jtb	JTB
Gm42475	
Or10f1-ps1	
Gm49490	
Or10j27	
9630009A06Rik	
Gm63150	
Gm41362	
Gm5854	
Gm63152	
Gm63153	
Gm9130	
Or10j28-ps1	
Gm63154	
Gm63155	
Dpysl2	DPYSL2
0610039G09Rik	
Or10j7	
Gm63156	
Gm63157	
Gm63158	
Gm63159	
Gm26760	
Or10j3	OR10J3
Gm44121	
Gm26828	
Gmfg-ps	
Gng10	GNG10
Creb3l4	CREB3L4
Or10j3b	OR10J3
Ppp1r9a	PPP1R9A
Fcer1a	FCER1A
Gm12593	
Gm21411	ZNF34
Gm20760	
Gm13140	
Gm13149	
Zfp989	ZNF34
Gm41289	
Gm5464	
Or10j2	
Rex2	ZNF34
Pnma2	PNMA2
Mptx2	
Gm63160	
Gm63161	
Gm37284	
Gm53871	
Ackr1	ACKR1
Nlrp4g	
Gm47183	
Gm47185	
Gm30113	
Rnasek	RNASEK
Gm7344	
Gm56139	
Gm13153	
Gm13160	
Alkbh8	ALKBH8
Gm13142	
Cadm3	CADM3
Vmn2r-ps18	
4930578I07Rik	
Zfp991	ZNF34
Gm63163	
Gm9570	
Gm63164	
4930548G14Rik	
Gm24258	
Bnip3l	BNIP3L
Limk1	LIMK1
Alox12	ALOX12
Gm13163	
Gm13147	
Gm13158	
Gm13135	
Gm13144	
Nadk	NADK
Gm63165	
Gm63166	
C330013E15Rik	
Gm23483	
Ppl	PPL
Slc39a1	SLC39A1
Tulp1	TULP1
Mir421	
Mir374b	MIR374B
Mir374c	MIR374A
Gm55590	
Gm9159	
Ppp2r2a	PPP2R2A
Atp5f1d	ATP5F1D
Gm55591	
Crtc2	CRTC2
Gm55592	
Gm55593	
Zcchc13	ZCCHC13
Gm14874	
Gm9005	
Gm14831	
Gm62093	
Gm63169	
Gm49127	
Gm63170	
Gm63172	
Gm56736	
Gm63175	
Gm30563	
Gm5401	
Gm63176	
Gm9009	
Gspt2	GSPT2
Gm41298	
Gm13407	
Gm13406	
Gm34472	
Rassf2	RASSF2
Gm63179	
Gm63180	
Gm5402	
Gm63181	
Zxdb	
Gm63182	
Sec14l5	SEC14L5
Gm63183	
Gm63184	
Gm63185	
Gm63186	
Gm63187	
Gm41259	
Midn	MIDN
Gm39526	
Gm7061	
Gm15938	
Aim2	AIM2
Gm14830	
Rpl13-ps5	
Gm63188	
Gm63189	
Zxda	
Gm56719	
Gm54087	
Gm56740	
Gm63190	
Gm61747	
Gm41394	
Gm371	
Spin4	SPIN4
Gm63192	
Gm30559	
Alox12e	
Gm63193	
Gm63194	
Gm14798	
Zfx	ZFX
Gm41381	
Gm54601	
4930430F21Rik	
Mycbp2	MYCBP2
Ifi206	
Gm63195	
Gm36221	
Nagpa	NAGPA
Gm63196	
Gm63197	
Gm41311	
Ifi214	
Gm26814	
Gm63202	
Gm26736	
Gm26556	
Pon1	PON1
Gm41393	
Gm49463	
Rnf43	RNF43
Gm63207	
Gm63209	
Gm63210	
Gm63213	
D030018L15Rik	
Gm45692	
B930046K06Rik	
Gm45251	
Slc35e2	SLC35E2B
Gm45250	
Gm41263	
Thap1	THAP1
Gm63215	
Gm49313	
Gm56337	
Ifi213	
Gm63217	
Gm63219	
Gm41329	
Gm44250	
Gm34337	
Pon3	PON3
Gm55672	
Gm24918	
Gm50479	
Gm23275	RNU6-1180P
Cwf19l2	CWF19L2
Gm55677	
Hgsnat	HGSNAT
Gm63222	
Gm63223	
Dennd4b	DENND4B
Gm63224	
Gm13930	
Gm63225	
Or4k51	
Ifi209	
Eif2s3x	EIF2S3B
Or4k52	
Gm17473	
AU021092	C16orf89
Cirbp	CIRBP
Plb1	PLB1
Or4f7	OR4F16
Or4f7	OR4F21
Or4f7	OR4F3
Or4f7	OR4F29
Gm27242	
Olfr1304-ps1	
Gm26421	
Or4f7d-ps1	
Or4f56	
Mir6364	
Gm55014	
Gm55015	
Fkbp5	FKBP5
Gm63237	
Alg1	ALG1L2
Alg1	ALG1
Gm63238	
Or4f14	
Gm26621	
Gm13928	
Gm56338	
Or4f14b	
Gm63240	
Ifi208	
Gm63241	
Gm63242	
Gm63243	
Or4f57	
Gm63244	
Slc23a2	SLC23A2
Pon2	PON2
Gm63245	
Cdk11b	CDK11B
Cdk11b	CDK11A
Gm2093	
Gm7871	
Ifi207	
Gm63250	
Gm63251	
Gm53906	
Oxct1as	
Ifi204	
Gm44424	
Nkd2	NKD2
Asb4	ASB4
Gm15632	
B130046B21Rik	
Klhl15	KLHL15
Gm63252	
Gm63253	
Gm63254	
Gm63255	
Gm35496	
Pdk4	PDK4
Gm63258	
Gm5362	
Gm63259	
Gucy1a2	GUCY1A2
Gm7897	
Gm25968	
Supt4a	SUPT4H1
Gm21917	
Mndal	MNDA
Fam174c	FAM174C
Gm63261	
Gm63262	
Casp12	CASP12
Gm30159	
Efna2	EFNA2
Eef2kmt	EEF2KMT
Eef2kmt	FAM86B2
Eef2kmt	FAM86B1
Dync1i1	DYNC1I1
Gm63269	
Gm63271	
2310068J16Rik	
Gm63273	
Gm63274	
Gan	GAN
Gm20630	
Gm38050	
Gm18513	
Dcbld1	DCBLD1
Gm56700	
Gm14052	
Mir142b	
Ifi211	MNDA
Mir142	MIR142
Or4f15	OR4F15
Gm63275	
Cep112	CEP112
Gm56707	
Gm63280	
Gm63282	
Gm48913	
Gm13929	
Gm20732	
Or4f6	OR4F6
Gm8062	
Trip13	TRIP13
Gm63283	
Ifi203	
Or4f58	
Gm63284	
Gm63285	
Gm63286	
Gm56745	
Or4f59	
Mir7673	
Tmem230	TMEM230
Gm5400	
Gm63290	
Gm14826	
Gm14825	
Adgrl1	ADGRL1
Pfkfb1	PFKFB1
Gm49838	
8430426J06Rik	
Gm22146	
Gm55779	RN7SKP11
Gm49839	
Gm49861	
Gm55780	
Armc12	ARMC12
Gm15983	
Gm56706	
Gm63295	
Gm63297	
Gm52179	
Gm63298	
Gm30368	
Gm41265	
1700027A07Rik	
Gopc	GOPC
Gm63305	
Or4f60	
Gm63306	
Gm48506	
Gm6015	
Gm48640	
Or4f61	
Gm9662	
Gm63307	
Gm63308	
Pdgfd	PDGFD
Gm63310	
Pcna	PCNA
A730060N03Rik	
Gm54665	
Brd9	BRD9
Gm41325	
Gm63312	
Gm63313	
Gm63314	
Clpsl2	CLPSL2
Clps	CLPS
Ddi1	DDI1
Cds2	CDS2
Mir6969	
Lhfpl5	LHFPL5
Gm21089	
Gm48674	
Gm23097	
Mmp23	MMP23B
Gm48675	
Ifi202b	MNDA
Dync2h1	DYNC2H1
Gm63319	
Ly6f	LY6S
Mir7012	
Gm4617	
4921527H02Rik	
1700006A11Rik	
Gm28116	
Gm3454	
Srpk1	SRPK1
Gm47580	
Gm28113	
Rps19-ps10	
Gm18445	
Gm29517	
Nepn	
Ifi205	MNDA
Gm3142	
Mir3104	
	LY6L
Mob2	MOB2
Gm7708	
Gm63344	
Mib2	MIB2
Gm5219	
Nus1	NUS1
Gm63346	
Or10x1	OR10X1
Gm2559	
Gm63349	
Gm49177	
Gm63350	
Or10l1-ps1	
Gm2803	
Gm63351	
Gm22575	
Gm4824	
Gm22900	
1700003H04Rik	
Gm63353	
Or10x4	OR10X1
Gm47608	
Or6p1	OR6Y1
Gm47607	
Gm47609	
Gm47610	
Ranbp2	RANBP2
Gm18003	
Gm63356	
Tro	TRO
Or6y1	
4930555K19Rik	
Fmn2	FMN2
Gm2267	
Gm63367	
Gm49036	
Gm63369	
Gm18095	
Gm49494	
Gm45630	
Gm25416	RNU6-329P
Dusp8	DUSP8
Gm9379	
Dnajc5b	DNAJC5B
Gm41002	
Gm8221	
Gm63376	
Gm5476	
Gm63378	
Gm8444	
Zdhhc11	ZDHHC11B
Zdhhc11	ZDHHC11
Gm63379	
Cyp2d67-ps	
Gm45417	
Gm63381	
Krtap5-26	KRTAP10-9
Krtap5-26	KRTAP10-6
Krtap5-26	KRTAP4-11
Krtap5-26	KRTAP4-9
Krtap5-26	KRTAP4-8
Krtap5-26	KRTAP4-16
Krtap5-26	KRTAP4-4
Krtap5-26	KRTAP2-1
Krtap5-26	KRTAP2-4
Krtap5-26	KRTAP2-3
Krtap5-26	KRTAP2-2
Krtap5-26	KRTAP9-1
Krtap5-26	KRTAP10-4
Krtap5-26	KRTAP10-11
Krtap5-26	KRTAP4-5
Krtap5-26	KRTAP4-2
Krtap5-26	KRTAP4-1
Krtap5-23	KRTAP5-8
Krtap5-23	KRTAP5-6
Gm6723	
Krtap5-25	KRTAP5-8
Krtap5-25	KRTAP5-6
Gm63382	
Gm25370	SNORA55
Grem2	GREM2
Krtap5-22	KRTAP5-2
Gm4553	
Atp9a	ATP9A
Gm8000	
Krtap5-21	KRTAP5-8
Krtap5-21	KRTAP5-6
Gm19094	
Gm63385	
Rgs7	RGS7
Krtap5-5	KRTAP5-2
Gm28023	
Krtap5-24	KRTAP10-9
Krtap5-24	KRTAP10-6
Krtap5-24	KRTAP4-11
Krtap5-24	KRTAP4-9
Krtap5-24	KRTAP4-8
Krtap5-24	KRTAP4-16
Krtap5-24	KRTAP4-4
Krtap5-24	KRTAP2-1
Krtap5-24	KRTAP2-4
Krtap5-24	KRTAP2-3
Krtap5-24	KRTAP2-2
Krtap5-24	KRTAP9-1
Krtap5-24	KRTAP10-4
Krtap5-24	KRTAP10-11
Krtap5-24	KRTAP4-5
Krtap5-24	KRTAP4-2
Krtap5-24	KRTAP4-1
Gm17271	
Gm2431	
Gm63387	
Krtap5-20	KRTAP10-9
Krtap5-20	KRTAP10-6
Krtap5-20	KRTAP4-11
Krtap5-20	KRTAP4-9
Krtap5-20	KRTAP4-8
Krtap5-20	KRTAP4-16
Krtap5-20	KRTAP4-4
Krtap5-20	KRTAP2-1
Krtap5-20	KRTAP2-4
Krtap5-20	KRTAP2-3
Krtap5-20	KRTAP2-2
Krtap5-20	KRTAP9-1
Krtap5-20	KRTAP10-4
Krtap5-20	KRTAP10-11
Krtap5-20	KRTAP4-5
Krtap5-20	KRTAP4-2
Krtap5-20	KRTAP4-1
Gm18930	
Gm23330	RNU1-39P
Gm23330	RNVU1-32
Gm23330	RNVU1-2
Gm49415	
Gm10013	
Gm6141	
Gm45889	
Crh	CRH
Krtap5-4	KRTAP5-2
Gm5417	
Gm18864	
Gm4825	
Gm5054	
Gm63391	
Ifitm10	IFITM10
Gm7442	
Gm28114	
4632415L05Rik	
Gm37523	
Gm5711	
Gm34593	
Gm42928	
Cnn3	CNN3
Gm34646	
9030619P08Rik	
Ccdc138	CCDC138
Gm10126	
Gm15912	
Tppp	TPPP
Gm49369	
Ctsd	CTSD
Gm6263	
Cep72	CEP72
Gm18042	
Edar	EDAR
Gm62004	
Gm4654	
Scel	SCEL
Gm63398	
Gm10863	
Gm15615	
Gm36840	
Gm5864	
Ppp1cb	PPP1CB
Gm8649	
Gm27018	
Sem1	SEM1
Fndc10	FNDC10
Ssu72	SSU72
Gm42929	
Slc44a3	SLC44A3
Gm18006	
Gm55493	SNORD114-30
Gm6494	
Gm5873	
Gm56079	
Or6c200-ps1	
Gm56080	
Gm44094	
Gm50248	
Glp1r	GLP1R
Or6c8	OR2AP1
Dlx6os2	
Gm56081	
Gm22155	RNU1-14P
Gm26774	
Or6c38	
Sdhaf3	SDHAF3
Or6c2b	
4930556M19Rik	
Or6c201	
Gm27190	
Gm8669	
Gm44046	
Gm44048	
Tac1	TAC1
Gm22573	RNU6-953P
Or6c202	
Atad3a	ATAD3A
Gm55819	
Or6c203	
Or6c204	
Or6c63-ps1	
Gm2467	
Eln	ELN
Hbs1l	HBS1L
4930432M17Rik	
Gm43608	
Gm43823	
Gm40828	
F3	F3
5730408A14Rik	
Gm36307	
Fh1	FH
Gm60946	
Gm61245	
Gm61240	
Gm32724	
Gm61650	
Gm61596	
Gm11274	
Gm61014	
Gm61005	
Gm53778	
Gm56563	
Gm8676	
Gm61411	
Gm42777	
Asns	ASNS
Gm40830	
Gm54906	
Abcd3	ABCD3
Gm54907	
Asf1b	ASF1B
Gm60395	
H2bc23	H2BC13
Gm15132	
Gm15131	
Gm33991	
Maged2	MAGED2
H2ac23	
Samd1	
Gm54450	
H4c17	H4C6
Slain1	SLAIN1
Kmo	KMO
Nap1l4	NAP1L4
H4c18	
Mir8111	
Misp3	MISP3
H2ac24	
Gm54452	
H2bc24	H2BC13
Mir1199	
Palm3	PALM3
Or51q1b-ps1	
Rpl23a-ps14	
Cep112it	
Gm11278	
Mir1983	
Gm11279	
Tspoap1	TSPOAP1
Gm54453	
Gm11280	
Zfp184	
Il27ra	IL27RA
Gm8686	
C1galt1	C1GALT1
Gm54443	
Slain1os	
Rubcnl	RUBCNL
Gm43312	
Pvt1	
Gm43961	
Gm43313	
Gm43962	
Tmem270	TMEM270
Gm56083	
Mios	MIOS
Gm11281	
Gm11282	
Pom121l2	POM121L2
Prss16	PRSS16
Umodl1	UMODL1
Rln3	RLN3
Cldn13	CLDN4
Gm10643	
Rpa3	RPA3
Rfx1	RFX1
Gm50473	
Gm50474	
9030607J07Rik	
Mettl27	METTL27
Umad1	UMAD1
Gm49298	
Gm11290	
Rps12-ps2	
Spryd7	SPRYD7
Gm11292	
Gm54464	
H2ac12	
H2bc12	H2BC13
H4c9	
H2ac11	H2AC4
Gm45062	
Gm54471	
H2bc11	H2BC13
Gm48356	
Vmn1r-ps92	
Vmn1r-ps93	
Gm11285	
Vmn1r-ps136	
Gm54475	
Trim13	TRIM13
Vmn1r188	
Gm16055	
Gm8428	
Vmn1r-ps94	
Vmn1r189	
Gm16043	
Gm56084	
Gm26075	
Kcnrg	KCNRG
Glcci1	GLCCI1
Vmn1r-ps95	
Opn3	OPN3
Vmn1r-ps96	
Vmn1r-ps97	
Vmn1r190-ps	
Gm11284	
Vwa1	VWA1
Vmn1r191	
Gm27010	
Gm54465	
Gm26916	
Vmn1r-ps99	
Mir16-1	
Vmn1r192	
Mir15a	MIR15A
Gm54467	
Gm54468	
Gm54469	
Gm54477	
Gm37420	
Chml	CHML
Gm54478	
Gm37820	
Vmn1r193	
Gm49130	
Vmn1r194	
Ngdn	NGDN
Vmn1r195	
Wdr64	WDR64
Tmem88b	TMEM88B
Gm11295	
Gm55808	
Gm24907	SNORA11G
Mrpl20	MRPL20
Gm61913	
Mir709	
Itih6	ITIH6
Dcaf15	DCAF15
Aldh8a1	ALDH8A1
Vmn1r196	
Gm27191	
Gm8424	
Gm43609	
Vmn1r-ps100	
Gm61872	
4633401B06Rik	
Vmn1r197	
Gm42776	
Gnl3l	GNL3L
Gm48489	
Vmn1r198	
Gm42593	
Arhgap29	ARHGAP29
Vmn1r-ps101	
Gm48385	
Vmn1r199	
1700020N01Rik	
Gm10364	
Vmn1r-ps102	
Gm61400	
Gm60357	
Gm59720	
Zfhx2	ZFHX2
Gm23297	SNORA54
Cars1	CARS1
Gm61465	
Gm60656	
Gm29323	
Gm23839	
Egr2	EGR2
Gm61511	
Gm41070	
Gm60803	
Gm60807	
Gm53817	
Gm53818	
Thtpa	THTPA
Gm61353	
Cldn4	
Ccnl2	CCNL2
Gm61346	
Ap1g2	AP1G2
4930563N14Rik	
Cldn3	CLDN3
Gm16042	
Ica1	ICA1
Rps29-ps	
Gm43372	
Gzma	GZMA
Gm10797	
Abhd11	ABHD11
Gm47574	
Ado	ADO
Ptprb	PTPRB
Podnl1	PODNL1
Gm9848	
1700084D21Rik	
Gm49564	
Gzmk	GZMK
Cc2d1a	CC2D1A
Esm1	ESM1
Axin2	AXIN2
Cspg4b	
Gm55188	
Gm15152	
Gm41071	
Gm46690	
Fgd1	FGD1
Stx1a	STX1A
4921509O07Rik	
Gm55871	
Gm31191	
Gm50249	
Gm47426	
Gm34471	
Gm55872	
Aurkaip1	AURKAIP1
Kifc1	KIFC1
Gm25560	
Dbi	DBI
Snx18	SNX18
Gm34586	
Gm11670	
Gm11668	
Gm24149	RNU6-333P
E030025P04Rik	
Gm11658	
Nf2	NF2
Mxra8os	
Mxra8	MXRA8
Steap3	STEAP3
Jph4	JPH4
Gm26495	
Kcnmb4	KCNMB4
Gm42544	
Cnot2	CNOT2
Tdpoz9-ps1	SPOP
Ash1l	ASH1L
Hspb3	HSPB3
Adgre4	
Gm60856	
Gm60502	
Tsr2	TSR2
Gm53794	
1700074H08Rik	
Dvl1	DVL1
Gm49020	
Gm23596	
Gm46455	
Dhrs2	DHRS2
Bud23	BUD23
Gm60074	
Gm52026	
Gm41077	
Gm56589	
Gm61606	
C1ql2	C1QL2
Gm60192	
Brme1	BRME1
Gm49021	
Gm49022	
Gm47907	
Gm47909	
Gm61250	
Marco	MARCO
Gm47921	
Gm36161	
Mir3075	
Gm49319	
Gm18365	
Gm15149	
Rubie	
Gm18417	
Zfp119a	
Rps12-ps7	
Gm61693	
Gm15138	
Rpl21-ps15	
Zfp959	
Gm62172	
4933425B07Rik	
Gm26441	RNU6-1078P
Gm54821	
Gm14638	
Gm61700	
3830403N18Rik	SYCP3
Gm18761	
Rpl21-ps6	
D330046F09Rik	
Zfp119b	
Gm48924	
Cdkn3	CDKN3
Anxa2r1	
Ebi3	EBI3
Gm14639	
Gm773	SYCP3
Gm60380	
Yju2	YJU2
Gm60006	
Nxph1	NXPH1
Prokr2	PROKR2
Cd84	CD84
Gm60003	
Gm60608	
Gm60754	
Fam120aos	
Gm35736	
Gm60665	
Gm24403	
Gm5110	
Phf2	PHF2
Rusc1	RUSC1
Gm18421	
Gm2691	
Gm43960	
Gm26058	
Gm56087	
Tia1	TIA1
Gm54957	
Nanos3	NANOS3
Gm14627	
Gm62204	
Shd	SHD
Gm61659	
Mir181d	
Mir181c	MIR181C
Gm37352	
1600025M17Rik	SMIM10L2B-AS1
1600025M17Rik	
Mir23a	MIR23A
Mir27a	MIR27A
Gm14095	
Mir24-2	
Mir3074-2	
Prkaca	PRKACA
Mir7004	
Sall4	SALL4
Gm38625	
Zfp449	ZNF449
Mir7064	
Gm15580	
Tnfrsf26	TNFRSF10C
Tnfrsf26	TNFRSF10B
Tnfrsf26	TNFRSF10D
Slamf6	SLAMF6
Phf2os1	
Cnih1	CNIH1
Gm2155	
Smim10l2a	SMIM10L2B
Smim10l2a	SMIM10L2A
Tas1r3	TAS1R3
Fsd1	FSD1
Fam120a	FAM120A
Tnfrsf22	TNFRSF10C
Tnfrsf22	TNFRSF10B
Tnfrsf22	TNFRSF10D
Xlr5a	FAM9A
Xlr5a	FAM9C
Xlr5a	FAM9B
Cptp	CPTP
Smim46	SMIM46
Pgbd5	PGBD5
Gm25214	
Zfp64	ZFP64
Ints11	INTS11
Gm48933	
Gm48939	
Gmfb	GMFB
Stap2	STAP2
Dcun1d5	DCUN1D5
Capn9	CAPN9
Tnfrsf23	TNFRSF10C
Tnfrsf23	TNFRSF10B
Tnfrsf23	TNFRSF10D
Wnk2	WNK2
B4galt3	B4GALT3
Xlr5c	FAM9A
Xlr5c	FAM9C
Xlr5c	FAM9B
Gm47741	
Mmp13	MMP13
Gm14260	
Gm56443	
Gm14258	
Mpnd	MPND
Slc12a6	SLC12A6
Pwwp4-ps	
Osbpl5	OSBPL5
Gm8501	
Gm25492	
Gm45015	PNMA6E
Gm45015	PNMA6F
Dnajc30	DNAJC30
Zfp275	
Vps37d	VPS37D
2310022B05Rik	C1orf198
Gm62221	
Gm33203	
Mmp12	MMP12
Gm62224	
Gm41252	
Gm44799	
2900027M19Rik	
Gm44802	
Gm55737	
Gm62227	
Lig4	LIG4
Mlxipl	MLXIPL
Gm48105	
Abhd13	ABHD13
Pnma6e	PNMA6E
Pnma6e	PNMA6F
Gm62232	
Gm26726	
Gm62233	
Gm37741	
Zfp92	ZFP92
Tnfsf13b	TNFSF13B
Gm29266	
Gm62239	
Gm62241	
Fdps	FDPS
Ppox	PPOX
Gm62243	
4930433E05Rik	
Trex2	TREX2
Gm62244	
Gm15218	
Gm62246	
Haus7	HAUS7
Gm62248	
Gm44789	
Gm56862	
Gm9204	
Gm16573	
Gm26002	
Gm45746	
Itgb1	ITGB1
Pusl1	PUSL1
Gm62260	
Gm4632	
Mrgprg	MRGPRG
Gm48917	
Gm44998	
Mrgpre	MRGPRE
Gm62261	
Gm35468	
Gm62262	
Gm10860	
Gm56435	
Nadsyn1	NADSYN1
Gm62263	
Gm62264	
Gm6878	
Ccdc7a	
Gm62265	
Gm62266	
Gm62268	
Gm62269	
Gm62270	
Gm62271	
Gm62272	
Acap3	ACAP3
Gm62273	
Gm41243	
Ufc1	UFC1
4933432I03Rik	
Bgn	BGN
Gm62274	
Gm22935	
Gm29704	
Pklr	PKLR
Gm34643	
Gm62275	
Gm47202	
Gm34907	
Gm62279	
5830448L01Rik	
4831407H17Rik	
A330035P11Rik	
Gm26100	
Gm22545	
Ccdc7b	
Gm62288	
Gm25151	
Gm20045	
Gm56752	
Dedd	DEDD
Gm16276	
Gm62291	
Sh3gl1	SH3GL1
Dhcr7	DHCR7
Gm62292	
Gm62293	
4930529K09Rik	
Atp2b3	ATP2B3
Hcn3	HCN3
Chaf1a	CHAF1A
Mmp1b	MMP1
Gm55844	
Scamp3	SCAMP3
Ube2j2	UBE2J2
Zfp217	ZNF217
Gm22374	
Zfp1006	
Ubxn6	UBXN6
C87436	C2orf42
Gm22658	
Vstm5	VSTM5
Gm55815	
Gm49344	
Ier2	IER2
Gm46203	
Gm48403	
Gm26579	
Acte1	
Nacc1	NACC1
Myrfl	MYRFL
Gm62297	
Gm14270	
Gm21985	
Gm32815	
Med17	MED17
Gm32860	
Gm41158	
Arf4os	
Mpo	MPO
Gm62304	
Gm52118	
Tbl2	TBL2
Emc4	EMC4
Gm56750	
Nit1	NIT1
6330576A10Rik	
Gm62307	
Gm61773	
Ccnq-ps1	
Gm49200	
Gm61725	
Gm46680	
Gm62309	
Trmt1	TRMT1
Mir6404	
Dusp9	DUSP9
Slc25a22	SLC25A22
Gm62313	
Gm33450	
Gm62314	
Gm62316	
Entrep3	ENTREP3
Gm62317	
Gm62319	
Gm62320	
Katnbl1	KATNBL1
Gm26679	
Gm62321	
4931406C07Rik	C11orf54
Gm62322	
Gm62324	
Gm62326	
Gm52122	
Gm62329	
Pnck	PNCK
Gm62331	
Gm32912	
Gm48121	
Gm62334	
Gm4491	
Lats1	LATS1
Gm36060	
Hdgfl2	HDGFL2
Gm62335	
Gm62337	
Gm62338	
Gm56755	
Gm62341	
Gm35166	
4930449E01Rik	
Bcl7b	BCL7B
Zc3h12d	ZC3H12D
Gm13940	
Emc7	EMC7
Tab2	TAB2
Gm56444	
Gm23269	
Chrm5	CHRM5
Gba1	GBA1
Bcas1	BCAS1
Pfdn2	PFDN2
Taf1d	TAF1D
Gm53002	
Taar8a	TAAR8
Taar8b	TAAR8
Gm28720	
Gm28719	
Taar8c	TAAR8
Gm62353	
Pcbp1	PCBP1
Taar9	TAAR9
Gm31281	
Gm56098	
Rev3l	REV3L
Gm44369	
H2ac13	H2AC4
Asprv1	ASPRV1
H3c10	
Mxd1	MXD1
Gm62360	
Gm62361	
H2ac14-ps	
Gm62362	
H2bc14	H2BC5
Gm62363	
Gm62364	
Gm62365	
Gm62366	
Baz1b	BAZ1B
Gm37154	
Klhdc9	KLHDC9
Gm62367	
Gm62368	
Gm31804	
Rgs9	RGS9
Gm48526	
Gm37097	
Gm62371	
Gm62372	
Nectin4	NECTIN4
Gm62373	
Gm62374	
Gm62375	
Gm43737	
Rtca	RTCA
Gm36477	
Gm44292	
Snrnp27	SNRNP27
Gm62376	
Gm62379	
Gm62380	
Gm62381	
Gm62382	
C1qtnf12	C1QTNF12
Gm534	
Gm56765	
Gm62387	
Gm62388	
4933429O19Rik	
B3galt6	B3GALT6
Gm32261	
Sdf4	SDF4
Aven	AVEN
Gm44214	
Gmcl1	GMCL2
Gmcl1	GMCL1
Slc6a8	
Slc6a8	SLC6A8
Dbt	DBT
Gm56195	
Fzd9	FZD9
9430007M09Rik	
Fkbp6	FKBP6
Plin4	PLIN4
Gm62394	
Gm31393	
Mfsd4b3-ps	
Gm22676	
Gm56445	
Ssrp1	SSRP1
Gm62395	
Gm62396	
Gm62397	
Plin5	PLIN5
Gm33430	
Gm4596	
Gm62398	
Gm43651	
Gm9761	
Gm62399	
Lrrc39	LRRC39
Gm33025	
Mfsd4b5	MFSD4B
Arhgap30	ARHGAP30
Gm62400	
Gm62404	
Gm32729	
Anxa4	ANXA4
Gm42940	
Trmt13	TRMT13
Gm56153	
Mir7650	
Gm62405	
Gm24455	SNORA18
Gm24299	
Gm24299	SNORD5
Gm56154	
Gm62407	
Gm25791	
Gm25791	SNORA8
Gm22620	SNORA1
Gm22620	SNORA1B
Gm24357	SNORD6
Gm23455	
Gm22579	
Cep295	CEP295
Gm62412	
Gm62415	
Gm10398	
Usf1	USF1
Gm41183	
Lrg1	LRG1
Nipsnap1	NIPSNAP1
Tnfrsf4	TNFRSF4
Sema6b	SEMA6B
Gm62420	
Gm62421	
Gm62423	
Gm62424	
Mfsd4b1	MFSD4B
Gm62426	
Gm41095	
Gm27177	
Gm48839	
Gm8055	
Gm37090	
Gm25982	
Tnfrsf18	TNFRSF18
Gm62429	
Zbtb24	ZBTB24
Gm62430	
Gm62431	
4930455B14Rik	
Trim50	TRIM50
Tnfaip8l1	TNFAIP8L1
Gm54680	
Mydgf	MYDGF
Nsun5	NSUN5
Mical1	MICAL1
Dpp9	DPP9
Sass6	SASS6
Mir6918	
Tm4sf5	TM4SF5
Lpo	LPO
Tstd1	TSTD1
Ttll10	TTLL10
Gm31227	
F11r	F11R
Gm62439	
Gm41190	
Gm41191	
Pom121	POM121C
Pom121	POM121
Gm7644	
Gm62445	
Gm62446	
Gm62447	
Gm35164	
Gna13	GNA13
Gm49879	
A230051N06Rik	
Mir7b	
Fem1a	FEM1A
Gm62448	
Gm62449	
Usp21	USP21
A530076I17Rik	
Ticam1	TICAM1
Gm62453	
Gm52147	
Vmo1	VMO1
Gm56751	
Gm26782	
Mir7033	
Plin3	PLIN3
Hip1	HIP1
Gm12317	
9930022D16Rik	
Gltpd2	GLTPD2
Psmb6	PSMB6
Dok5	DOK5
Arrdc5	ARRDC5
Gm44153	
Gm44152	
Aup1	AUP1
Uhrf1	UHRF1
Gm62454	
Gm62456	
Nfix	NFIX
Gm42893	
Mfsd14a	MFSD14A
Gm62457	
Gm62458	
1700109G14Rik	
Gm61844	
Bcap31	BCAP31
Gm40193	C17orf114
Gm14263	
Gm14640	
Amz2	AMZ2
Gm26489	
Gm14272	
Cbln4	CBLN4
Gm14271	
Gm30556	
Gm14274	
Gm56446	
Mc3r	MC3R
Gm14273	
Fam210b	FAM210B
Mir429	
Mir200a	MIR200A
Mir200b	MIR200B
Ankrd65	ANKRD65
Abcd1	ABCD1
Gm42457	
Gm62464	
Gm62465	
Gm43191	
9330172E22Rik	
Gm12828	
4930512P04Rik	
Tnks1bp1	TNKS1BP1
Eri3	ERI3
Slc35a3	SLC35A3
Gm62466	
Capn8	CAPN8
Gm62467	
Mks1	MKS1
Gm48142	
Gm48141	
Gm62468	
Scarna9	
Gm24339	
Gm16568	
Gm31633	
Gm34973	
Gm62469	
Gm41188	
Gm2517	
Gm48634	
Gm16142	
Gm15217	
Gm9385	
Gm61833	
Gm62473	
Gm25226	
1700006F04Rik	
Plxnb3	PLXNB3
Tgfbr2	TGFBR2
Pidd1	PIDD1
Gm15222	
Gm62475	
Gm62477	
Gm32587	
Garin1b	GARIN1B
Gm62479	
Gm38620	
Gm62480	
Gm49046	
Gm55822	
Dmap1	DMAP1
Gm56759	
Agl	AGL
Gm62485	
Gm62486	
Gm62487	
4930556J02Rik	
Gm62494	
Gm32498	
Gm15642	
Epx	EPX
Calu	CALU
Gm62502	
Aplnr	APLNR
Gm12840	
Gm62504	
Gm62505	
Lyl1	LYL1
Klf18	
Gm32969	
Klf17	KLF17
Gm13712	
Nrg3os	
Lrrc55	LRRC55
Gm12842	
Kri1	KRI1
Slc6a9	SLC6A9
Gm62507	
Gm62508	
Gm13716	
Gm13714	
Or5ak4	
Dand5	DAND5
Or5ak20	
Gadd45gip1	GADD45GIP1
Or4d2b	OR4D2
Or5ai1-ps1	
Rad23a	RAD23A
Or5ak21-ps1	
Slc16a6	SLC16A6
Aurka	AURKA
Gm37516	
Ccdc185	CCDC185
Gm16741	
Susd4	SUSD4
Gm21154	
Gm62514	
Gm62517	
Gm31776	
Gm42731	
Ccl26	
Calr	CALR
Cdkn2d	CDKN2D
Gm62522	
Ccl24	CCL24
Srpk3	SRPK3
Gm62525	
Gm62527	
Gm62529	
Gm62531	
Gm62533	
Gm30783	
Or4d2	OR4D2
Gm33077	
Gm43520	
Ap1m2	AP1M2
1700087M22Rik	
Gm43521	
Pde5a	PDE5A
Gm56311	
Thoc5	THOC5
Gm43123	
Rplp2	RPLP2
Rhbdd2	RHBDD2
Gm62535	
4930521O11Rik	
Opn1sw	OPN1SW
Gm62540	
Gm37542	
Gm62542	
Tlr5	TLR5
Gm62544	
Farsa	FARSA
4933402J15Rik	
Gm62546	
2610318M16Rik	
Gm56359	
Disp1	DISP1
Gm56107	
Idh3g	IDH3G
Gm56108	
Flnc	FLNC
Or5aj1-ps1	
Gm36025	
Gpcpd1	GPCPD1
Gm62551	
Snora52	SNORA52
Gm35908	
Pnpla2	PNPLA2
Gm62553	
Gm62555	
Gm15607	
Gm62556	
Por	POR
Gm62558	
Gm62561	
Gm62562	
Gm62563	
Gm53822	
Kdm4b	KDM4B
Gm41234	
Gm32455	
Gm62564	
Gm62565	
Gm62566	
Gm62567	
Gm34139	
Gm30439	
Gm9364	
Fabp2	FABP2
Smpd2	SMPD2
Mir7069	
Syce2	SYCE2
Arln	ARLN
Slc44a2	SLC44A2
Usp53	USP53
Brox	BROX
Ssr4	SSR4
Gm62579	
Gm52148	
Gm62581	
Gm30926	
Gm62584	
1810041H14Rik	
Gcdh	GCDH
Ppil6	PPIL6
Gm62591	
Mhrt	
Or4d1	OR4D1
Cd164	CD164
Gm11504	
Gm11507	
AA413626	
Nefh	NEFH
Pdzd4	PDZD4
Dynll2	DYNLL2
Gm17114	
Ccdc24	CCDC24
Klf1	KLF1
Gm62607	
Gm5376	
Mir3473b	
Gm47099	
Cep57l1	CEP57L1
Gm56767	
Gm62608	
Gm14817	
Dnase2a	DNASE2
Gm23615	SNORD38B
Gm14946	
Gm14942	
Nap1l3	NAP1L3
Arsg	ARSG
Gm62611	
Gm14947	
Gm41240	
Gm62612	
Gm43285	
Myoz2	MYOZ2
Gm48977	
Gm16061	
Gm62616	
Gm62618	
Tmem120a	TMEM120A
Gm62619	
Gm62622	
Gm62623	
Gm62626	
Gm62629	
Gm56766	
Gm62634	
Gm62635	
Gm56758	
Gm49985	
Atl2	ATL2
Cracr2b	CRACR2B
Gm62637	
Gm62638	
Gm62639	
Gm62641	
Gm46490	
Gm35281	
B4galt2	B4GALT2
Mast1	MAST1
Gm54685	
Gm43286	
Gm43744	
Alx3	ALX3
Aida	AIDA
Gm62648	
Gm62649	
Gm62650	
Gm62651	
Gm62652	
Gm62653	
4930505G20Rik	
Strip1	STRIP1
Mir7034	
Gm53843	
Styxl1	STYXL1
Gm62654	
Gm35307	
Gm62655	
Gm62656	
Gm62657	
Gm62658	
Gm62659	
Gm31035	
Gm62660	
Gm27198	
Gm22378	RNU6-948P
Pld2	PLD2
Gm10575	
Cd151	CD151
Gm6552	
Hnrnpll	HNRNPLL
Gm62673	
Gm62674	
Gm62675	
Gm62676	
Ilf3	ILF3
Gm62677	
Gm62679	
Gm37986	
Gm62684	
Hhipl2	HHIPL2
Gm62685	
Gm62686	
Atp6v0b	ATP6V0B
Gm62688	
Gm62690	
Gm62692	
Gm62693	
Gm62694	
Gm62696	
Gm49304	
Gm62697	
Gm49048	
Gm62698	
Gm62699	
Gm41248	
Ahcyl1	AHCYL1
Gm55165	
Gm62700	
Gm45886	
Gm62701	
Gm45448	
Gm49042	
Ccdc136	CCDC136
Apela	
Gm36534	
Mdh2	MDH2
A430073I11Rik	
Mia3	MIA3
Gm62702	
Gm62703	
Gm31456	
Smim31	SMIM31
Gm16582	
Gm45445	
Gm48810	
Gm55340	
Cdk5r2	CDK5R2
Gm7619	
Snord71	SNORD71
Gm22215	
Gm25321	
Gm23125	
Phlpp2	PHLPP2
Galm	GALM
Fev	FEV
Dph2	DPH2
Polr2l	POLR2L
Cryba2	CRYBA2
Tspan4	TSPAN4
Gm62709	
1700128A07Rik	
Srrm3	SRRM3
Gm55655	RN7SKP220
Rpl31-ps16	
Ipo13	IPO13
9930024M15Rik	
Gm5231	
Pdss2	PDSS2
Gm55781	
Gm55782	
Mir375	MIR375
Gm16349	
Cfap65	CFAP65
Six3	SIX3
Marveld3	MARVELD3
Gm55783	
Csf1	CSF1
Gm55784	
Gm55785	
Gm54532	
Gm54533	
Gm28528	
Six2	SIX2
Tat	TAT
A230070E04Rik	
CJ186046Rik	
Gm4832	
4932415M13Rik	
Tgif2-ps2	
Gm63447	
Gm50433	
4930526A20Rik	
Gm62717	
Gm63448	
Tuba-rs1	
Gm62719	
Gm62721	
Gm63449	
Gm8373	
Gm62722	
Gm62723	
Gm62724	
Gm63450	
Gm8437	
Gm62725	
Phf8l	
Gm62726	
Gm45888	
Gm9320	
Chst4	CHST4
Gm62728	
Gm30531	
Gm62730	
Gm62732	
D130009I18Rik	
Srsf1	SRSF1
8030455M16Rik	
Cox7c-ps1	
Zfp612	ZNF23
Rps2-ps9	
Gm63453	
Gm63454	
Sox8	SOX8
Gm16546	
Gm47857	
Chid1	CHID1
Gm56202	
Rps19-ps11	
Artn	ARTN
Srrm3os	
Tle7	TLE7
Gm47856	
Gm22450	RNU6-280P
Prkn	PRKN
Bend3	BEND3
Hspb1	HSPB1
Gm15841	
Ihh	IHH
Gm62743	
Calb2	CALB2
Gm62746	
Gm62747	
Gm37744	
Gm42533	
Nhej1	NHEJ1
Gm62748	
Ywhag	YWHAG
Gm62749	
Gm20675	
Pam16l	PAM16
Gm62750	
Gm62751	
Dhcr24	DHCR24
1700100I10Rik	
Mtres1	MTRES1
Slc23a3	SLC23A3
Ssc4d	SSC4D
Vezf1	VEZF1
Cd24a	CD24
Rpl26-ps1	
Pla2g12b	PLA2G12B
Cmtr2	CMTR2
Brf2	BRF2
Cuedc1	CUEDC1
Oit3	OIT3
Mapk8ip3	MAPK8IP3
Cnppd1	CNPPD1
Gm31072	
Vhl	VHL
Rab11fip1	RAB11FIP1
Gm12744	
Gm26590	
Cimap2	CIMAP2
Gm62775	
Irak2	IRAK2
Gm62776	
Gm38418	
Gm62777	
Gm62778	
Gm62779	
Gm15918	
Mcu	MCU
Gm62781	
Gm62782	
Gm62784	
Zp3	POMZP3
Zp3	ZP3
Gm62785	
Gm52136	
Gm62786	
Gm62787	
Gm62788	
Gm62789	
Gm62790	
Or5ak22	
Gm62791	
Gm62793	
Gm35823	
Gm62797	
Gm62800	
Ttc22	TTC22
Gm49217	
Or5ak23	OR5AK2
Or5ak23	OR5AK3P
Gm62802	
Gm62804	
Gm62805	
Gm23716	
Ap1b1	AP1B1
Gm26536	
Cstf1	CSTF1
Gm45267	
Gm49791	
Gm45266	
Gm62806	
Got1l1	GOT1L1
Gm62807	
Gm62808	
Dtx2	DTX2
Gm62809	
Gm43233	
Gm62810	
Gm15986	
Gm62811	
Gm10322	
Hipk1	HIPK1
Gm62812	
Gm62813	
Micu1	MICU1
Pars2	PARS2
Or5ak24	OR5AK2
Or5ak24	OR5AK3P
Or5ak25	OR5AK2
Or5ak25	OR5AK3P
Rpl23a-ps4	
Gm14099	
Gm14098	
Fads2b	
Ttc4	TTC4
Adrb3	ADRB3
Retreg2	RETREG2
Gm62818	
Gm36107	
Gm48975	
Gm62819	
Gm62820	
Gm45470	
Gm62821	
Eif4ebp1	EIF4EBP1
Gm26630	
Shld1	SHLD1
5430430B14Rik	
Ccnq-ps2	
Chrnb3	CHRNB3
Gm22245	RNU6-390P
Chgb	CHGB
Cass4	CASS4
Qtrt1	QTRT1
Gm45416	
Ap2a2	AP2A2
Gm62823	
Gm62824	
Gm62827	
Gm52090	
Gm41233	
Gm62828	
Gm43963	
Gm43912	
Mir7042	
Gm26982	
Ghrl	GHRL
Chrna6	CHRNA6
Upk3b	UPK3B
Mroh7	MROH7
Mir199a-1	MIR199A1
Tmed1	TMED1
Gm24410	RNU6-632P
Mir7063	
Muc6	MUC6
Ankrd69	
Or9g19	
Upk3bl	UPK3BL2
Upk3bl	UPK3BL1
Gm28239	
Gm26866	
Gm9934	
Taf1a	TAF1A
Or9g8	
Gm25860	
Gm44715	
Fam181b	FAM181B
Gm49332	
Ccne1	CCNE1
Trmt6	TRMT6
Rd3	RD3
Gm44033	
Gm44053	
Sec13	SEC13
Gm20519	
Yipf2	YIPF2
Gm52123	
Gm31951	
2810402E24Rik	
Gm62840	
Gm34361	
Gm32460	
Gm56314	
Gm24958	SNORD125
Wipi1	WIPI1
Traf5	TRAF5
Gm62841	
Tex29	TEX29
Gm62842	
Gm62843	
Atp2b2	ATP2B2
Gm62844	
9630013A20Rik	
Mir3473c	
Gstp-ps	
Rasa4	RASA4
Rasa4	RASA4B
Chpf	CHPF
Gm43149	
Gm43387	
Olfml3	OLFML3
Fam151a	FAM151A
Gm17148	
Gm7399	
Gm49747	
Gm29175	
Gm23803	
Gm56998	
Gm31981	
Gm54669	
Dnajb12	DNAJB12
Gm45560	
Sox1	SOX1
Gm37719	
Gm19901	
Gm62845	
Gm37696	
Gm41130	
Rap2b	RAP2B
Gm52145	
Timm29	TIMM29
Gm8349	
Gm36953	
4933431J24Rik	
S100a11	S100A11
Gm7904	
Gm54672	
Mir1946b	
Spaca7	SPACA7
Gm56174	
Ldlr	LDLR
Obsl1	OBSL1
Gm29950	
S100a10	S100A10
Acot11	ACOT11
Or9g4b	
Gm5541	
Gm38207	
Gm62855	
Tdpoz2	SPOP
Tdpoz1	SPOP
Rtf2	RTF2
Gm62856	
Gm62857	
Gm55943	
Gm62858	
Tdpoz6	
Gm18433	
Gm38086	
Gm5852	
Tubgcp3	TUBGCP3
Gm5773	SPOP
Chd1l	CHD1L
Gm22203	
D530033B14Rik	
Gm34499	
1600014C10Rik	C19orf12
Mrps23	MRPS23
Gm62859	
Gm62860	
Gm62861	
3110083C13Rik	
Gm62862	
4930474H20Rik	
Prf1	PRF1
Gcnt7	GCNT7
Gm62863	
Gm62864	
Rpl27a-ps1	
Gm62865	
Gm62866	
Pald1	PALD1
Zmiz1os1	
Fam209	FAM209A
Fam209	FAM209B
Gm14303	
Or5m11b	OR5M11
Plekhf1	PLEKHF1
Or5m5	
Pop4	POP4
Mcm8	MCM8
Prkar1a	PRKAR1A
Gm49024	
Gm62872	
Gm62873	
Gm32645	
Gm48077	
Spc24	SPC24
Gm48074	
Nodal	NODAL
Gm48941	
Gm43075	
Fmo5	FMO5
Eif4ebp2	EIF4EBP2
4930594M22Rik	
Gas2l1	GAS2L1
Gm12745	
Gm48086	
Gm12742	
Gm62876	
Gm12740	
Lrrc20	LRRC20
Coa7	COA7
Gm28581	
Gm32379	
Gm4451	
Gm33769	
Gm22638	
Vmn1r87	
Gm17747	
Gm47595	
Kank2	KANK2
Gm47593	
Tmem198	TMEM198
Gm7965	
Gm62877	
Vmn1r88	
Gm62878	
Shisal2a	SHISAL2A
Gm62879	
Gm17829	
Gm47594	
Gm4879	
Gpx7	GPX7
Gm28447	
Gm47920	
Npffr1	NPFFR1
Gm45525	
Gm49779	
Vmn1r89	
Gm62880	
Prkab2	PRKAB2
Gm62881	
Ppa1	PPA1
Gm12738	
Gm36674	
Tut4	TUT4
Gm52093	
Vmn1r-ps69	
Pla2g4c	PLA2G4C
Gm62882	
Inha	INHA
Gm62883	
Gm62884	
Gm62885	
Gm62886	
Gm62887	
Gm33472	
Gm15181	
Stk11ip	STK11IP
Or5m8	OR5M8
Gm56207	RNU12-2P
Gm15701	
Or5m3	OR5M3
Mir7035	
Polr2j	POLR2J2
Polr2j	POLR2J
Polr2j	POLR2J3
Gm62888	
Gm41162	
Pde4dip	PDE4DIP
Gm54683	
Or5m3b	OR5M3
Atp11a	ATP11A
Gm62890	
AB124611	C19orf38
Gm62892	
Gm15932	
Rasl10a	RASL10A
Gm62895	
Sar1a	SAR1A
A730061H03Rik	
Gm32121	
Gm62896	
Tfap2c	TFAP2C
Gm62897	
Gm62898	
Gm35217	
Gm62899	
Gm62900	
Gm43604	
Gm62901	
Fam20a	FAM20A
Gm36924	
4930578M01Rik	
Lrwd1	LRWD1
Gm62902	
Gm62903	
Gm62904	
Gm62909	
Gm62912	
4930425P05Rik	
Gm62916	
Gm62917	
Gm62918	
Gm62919	
Gm62920	
Gm30467	
1700022A22Rik	
Gm62921	
4930538L07Rik	
Gadl1	GADL1
Gm24967	
Gm12739	
Gm23138	RNU6-198P
Gm12737	
4930428N03Rik	
Gm25827	RNU6-613P
Gm22345	RNU6-466P
Gm22345	RNU6-1289P
Gm22345	RNU6-402P
Prpf38a	PRPF38A
Gm29019	
Gm11684	
Col13a1	COL13A1
1700012B07Rik	
1700129L04Rik	
Or5m9	OR5M9
Gm44167	
Gm15082	
Gm15083	
Gm56447	
Or5m9b	OR5M9
Gm43911	
Gm43932	
Gm8132	
Or8u10	
Igkv4-69	
Gm36429	
Igkv4-68	
Igkv12-67	
Gm62926	
Gm13722	
Rprl1	
Or5al5	OR5AL1
Gm11683	
Igkv12-66	
Gm36899	
Ewsr1	EWSR1
Orc1	ORC1
Gm4285	
Igkv4-65	
Or5al6	OR5AL1
Igkv13-64	
Olfr1041-ps1	
Hoxa13	HOXA13
Or5al1	OR5AL1
4930542C16Rik	
Lrguk	LRGUK
Or5al7	
4930523O13Rik	
Crls1	CRLS1
Gm62929	
Gm62930	
Gm62931	
Alkbh4	ALKBH4
Gm15183	
Slc4a3	SLC4A3
Gm22304	
Rab39	RAB39A
Cul5	CUL5
Gm10631	
Gm45892	
Gm45887	
Gm45750	
Orai2	ORAI2
Tk2	TK2
Gm62937	
Gm62939	
Gm62940	
Gm62942	
Gm62945	
Rps8-ps4	
Gm56437	
Gm62946	
Pla2g4c-ps	
Gm62947	
Cc2d1b	CC2D1B
Gm62949	
Gm45268	
Gm56438	
Gm62950	
Cabp5	CABP5
Gm62951	
A930038B10Rik	
Prkrip1	PRKRIP1
Igsf9b	IGSF9B
Gm32618	
Slc35b4	SLC35B4
Rpl7a-ps14	
Bsph1	BSPH1
Gm62955	
Gm62956	
Gm62957	
Lichi	
1700085D07Rik	
Gm36026	
Gm36738	
Gm49417	
Gm56714	
Gm44254	
Or8u9	OR8U1
Gm63609	
Gm5050	
Bsph2-ps	
Sh2b2	SH2B2
Gm4459	
Rpl21-ps13	
Or8u8	
Gm7380	
Mir6401	
Adgra1	ADGRA1
Or8j3	OR8J1
Or8j3	OR8J3
Gm41177	
Lrrn4	LRRN4
Or8k1	OR8K1
Gm48858	
Spata19	SPATA19
Or8k3	OR8K3
Gm4974	
Or8k17	
Utf1	
Or8k18	
Mir7686	
Mir202	
Or8k1d-ps1	
Spef1l	
Cklf	CKLF
Cux1	CUX1
Or8k20	
Gm15180	
Gm20731	
Gm5696	
Gm17354	
Rims1	RIMS1
Zfyve9	ZFYVE9
Gm52101	
Or5j3	OR5J2
Gm62972	
Gm62974	
Fermt1	FERMT1
Cyp1a2	CYP1A2
Akr1b1	AKR1B1
Gm30008	
Adam8	ADAM8
Gm49032	
Gm62986	
Gm53866	
Gm5750	
Gm62987	
Gm43305	
Cyp1a1	CYP1A1
Gm47919	
Gm5424	
Gm41253	
Cmtm2a	CMTM2
Fam241b	FAM241B
Gm62989	
Gm62991	
Gm62994	
Mir7225	
Gm31305	
Gm15999	
Sec22b	SEC22B
Or8k21	OR8K5
Gm27017	
Gm13719	
Gm14101	
Gm4761	
Or8k22	OR8K3
Gm44083	
Gm25704	
Gm14103	
Gm48554	
Il23r	IL23R
Gm14094	
Gm27449	RNU6-1061P
Gm12741	
Or8k53	
Gm45711	
Btf3l4	
Edc3	EDC3
Gm14100	
Cmtm2b	CMTM2
Gm63005	
Or8k23	
Gm4861	
Or8j3b	
Gm55395	
Ddit4l	DDIT4L
Gm42889	
Gm45878	
Bmp2	BMP2
Cmtm3	CMTM3
Tacstd2	TACSTD2
Neurog3	NEUROG3
Gm63007	
Igkv2-137	
Gm41232	
Gm63008	
Gm23507	RNU6-414P
Scpep1	SCPEP1
Gm46464	
Tspan15	TSPAN15
Mir3090	
Gm25258	RNU6-959P
Gm30946	
Or8k24	OR8K3
Gm35196	
Gm42610	
4930515G16Rik	
Gm48321	
Gm25080	
Or8y1-ps1	
Mir6380	
Igkv1-136	
H2az1	
Gm20734	
Olfr1060-ps1	
Gm26552	
Igkv1-135	
Hao1	HAO1
Clk3	CLK3
Ing4	ING4
Gm63009	
Gm63010	
Gm63011	
Gm63012	
Gm48003	
Txndc12	TXNDC12
Gm49008	
Mir7662	
Tacr2	TACR2
n-TRacg6	
Gm63013	
Gm63014	
Elobl	
Gm63015	
Tmx4	TMX4
Coil	COIL
Gm63016	
Kti12	KTI12
Hk1	HK1
Rab3b	RAB3B
Gm63017	
Cmtm4	CMTM4
Gm63018	
Gm3386	
2410022M11Rik	
Gm10371	
Gm45877	
Dync1li2	DYNC1LI2
2210409E12Rik	
Gm12736	
Rhbdd3	RHBDD3
8030443G20Rik	
Gm42607	
Gm14037	
Gm42608	
Gm55125	RNU6-623P
Gm55125	RNU6-1294P
Gm14038	
Or8k36	
Gm25404	
Nrdc	NRDC
Spopfm3	SPOP
Or8k37	OR8K3
BC021767	
Or8k38	OR8K3
Gm30662	
Gm63032	
Or5t7	OR5T2
Selenbp2	SELENBP1
Gm63034	
Gm63036	
Or8k3b	OR8K3
Gm31107	
Or5n1-ps1	
Or8k39	OR8K3
Gm44597	
Or8k40	OR8K3
Gm63039	
Gm63040	
Or8e1-ps1	
Gm63041	
Or5av1-ps1	
Gm63043	
Gm63044	
Acrbp	ACRBP
Or5t5	OR5T1
Or5t5	OR5T3
Gm35907	
9330188P03Rik	
Or5t18	OR5T2
Gm18303	
Or5t9	OR5T1
Or5t9	OR5T3
Slc40a1	SLC40A1
Or5t15	OR5T2
Or8h6	OR8H1
Or8h6	OR8H2
Or8h6	OR8H3
Or8h7	OR8H1
Or8h7	OR8H2
Or8h7	OR8H3
Or8h8	OR8H1
Or8h8	OR8H2
Or8h8	OR8H3
Gm48002	
Or8h9	OR8H1
Or8h9	OR8H2
Or8h9	OR8H3
Or8h10	OR8H1
Or8h10	OR8H2
Or8h10	OR8H3
Gm37805	
Gm37374	
Gm57030	
Or5t16	OR5T2
Gm57036	
Gm57038	
Gm57044	
9430081H08Rik	
Gm43711	
Or5t17	OR5T1
Or5t17	OR5T3
Gm45731	
Gm57047	
Cgn	CGN
Terb1	TERB1
Or8g22	OR2T7
Nicn1	NICN1
Or8h11-ps1	
Or8i2	OR8I2
Lpar5	LPAR5
Gm26655	
Or5be3	OR5F1
Or5j1	
2010008C14Rik	
Gm63053	
Mir7045	
Gm23751	
Gm5884	
Gm63054	
Gm44420	
Gm44216	
Or5aq1b	
Gm6145	
Clec2h	CLEC2D
Olfr1108-ps1	
Gm9496	
Or5aq6	
Rpl23a-ps1	
Gm3852	
Or5aq7	
Gm5269	
Gm24553	
Serpinb2	SERPINB2
Amt	AMT
Gm13733	
Or5aq1	
Or5as1	OR5AS1
Nlk-ps1	
Gm44215	
Klrb1	KLRB1
Plcb1	PLCB1
Gm47212	
Trim25	TRIM25
Gm38113	
Tdrd5	TDRD5
Gm63056	
Gm63057	
Gm48058	
Tcta	TCTA
4930579G18Rik	
Gm63058	
Gm34934	
Klrb1a	KLRB1
Rhoa	RHOA
1700001G11Rik	
Gm22148	
Nae1	NAE1
Mir7062	
Tubgcp2	TUBGCP2
Dgke	DGKE
Gm32497	
Gm37568	
Gm37401	
Gpx1	GPX1
Gm63068	
Gm63070	
Gm63071	
Gm63073	
Usp4	USP4
Gm63074	
A430050A11Rik	
Gm63076	
Gm28651	
4930518J20Rik	
Gprc5a	GPRC5A
Nphs2	NPHS2
Gm63079	
Gm52116	
Gm63081	
Gm34060	
Gm47547	
Gm63082	
Gm41212	
Gprc5d	GPRC5D
Gm63083	
Gm15263	
Gm63084	
Psmb4	PSMB4
Emid1	EMID1
Gm52111	
Mir761	MIR761
Gm36218	
C8b	C8B
Gm29803	
Gm63087	
Hebp1	HEBP1
Gm63088	
Gm41244	
Gm22881	
Gm34391	
Gm19434	
Gm26279	RNU6-560P
Selenbp1	SELENBP1
Axdnd1	AXDND1
Fam234b	FAM234B
4930480K23Rik	
Gm63610	
Gm63611	
Gm63612	
Gm63613	
Gm32499	
Zfp511	ZNF511
1700110I01Rik	
Gm63615	
Gm63616	
A130051J06Rik	
C8a	C8A
Rfx5	RFX5
Gm6961	
Car7	CA7
Msx3	
Caly	CALY
Rpl35rt	RPL35
Gm56737	
4930524C18Rik	
Soat1	SOAT1
Gm63102	
Gm63103	
Gm63104	
Gm49729	
Gm17188	
Gsg1	GSG1
9230109A22Rik	
Fyb2	FYB2
Prap1	PRAP1
Gm45497	
Pdp2	PDP2
Gm49067	
Gm525	C17orf67
Cdh16	CDH16
Gm31003	
Fuom	FUOM
Gm63107	
Gm63108	
Gm52097	
Gm63109	
Gm63110	
4930543I03Rik	
Gm41192	
Gm22534	
Gm11497	
Hkdc1	HKDC1
Gm56323	
Nog	NOG
Gm63111	
Gm63112	
Gm63113	
Gm48433	
Gm2018	
Gm63117	
Mink1	MINK1
Gm63121	
Gm63122	
1700109I08Rik	
Or12e1	
Gm12721	
Gm13730	
Prkaa2	PRKAA2
Or10ag52	
Or10e1-ps1	
Gm63131	
Gm13735	
Gm63132	
Or10ag53	
Gm34059	
Rps2-ps11	
Gm37963	
1700102P08Rik	C3orf62
Gm56924	
Gm56728	
Pbp2	PEBP1
Gm44274	
Gm56448	
Gm13732	
Gm36582	
Or10ag54	OR10AG1
Gm17753	
Dynlt1-ps1	
Gm13728	
Hacd4	HACD4
Emp1	EMP1
Iho1	IHO1
Or10ag55	OR10AG1
Supv3l1	SUPV3L1
Gm13729	
Or10ag56	OR10AG1
Gm13737	
Gm13731	
Or12a1-ps1	
Or12e8	
2610037D02Rik	
Gm25456	
Or12e9	
BC048562	CIMIP7
Gm37648	
Or10ag57	OR10AG1
Gm8296	
Gm7063	
Gm1826	
Or10ag2	OR10AG1
Gm8304	
Klhdc8b	KLHDC8B
Gm23216	
Gm23974	SNORA55
Gm23984	
Or10ag58	
Wdr75	WDR75
Gm63137	
Gm46447	
Or12e7	
Gm25136	
Gm43907	
Echs1	ECHS1
Pramel7	PRAMEF17
Pramel7	PRAMEF12
Pramel7	PRAMEF1
Pramel7	PRAMEF19
Pramel7	PRAMEF20
Pramel7	PRAMEF6
Pramel7	PRAMEF18
Pramel7	PRAMEF10
Pramel7	PRAMEF2
Pramel7	PRAMEF33
Pramel7	PRAMEF11
Pramel7	PRAMEF26
Pramel7	PRAMEF9
Pramel7	PRAMEF13
Pramel7	PRAMEF5
Pramel7	PRAMEF4
Pramel7	PRAMEF25
Pramel7	PRAMEF14
Pramel7	PRAMEF8
Pramel7	PRAMEF15
Pramel7	PRAMEF27
Pramel7	PRAMEF7
Klrb1c	KLRB1
Gm63138	
Gm35248	
Slmapos2	
Pramel6	PRAMEF17
Pramel6	PRAMEF12
Pramel6	PRAMEF1
Pramel6	PRAMEF19
Pramel6	PRAMEF20
Pramel6	PRAMEF6
Pramel6	PRAMEF18
Pramel6	PRAMEF10
Pramel6	PRAMEF2
Pramel6	PRAMEF33
Pramel6	PRAMEF11
Pramel6	PRAMEF26
Pramel6	PRAMEF9
Pramel6	PRAMEF13
Pramel6	PRAMEF5
Pramel6	PRAMEF4
Pramel6	PRAMEF25
Pramel6	PRAMEF14
Pramel6	PRAMEF8
Pramel6	PRAMEF15
Pramel6	PRAMEF27
Pramel6	PRAMEF7
Pi4kb	PI4KB
4930507D05Rik	
Vps26a	VPS26A
Ifnb1	IFNB1
Ifna15	IFNA6
Ifna15	IFNA4
Ifna15	IFNA1
Ifna15	IFNA14
Ifna15	IFNA10
Ifna15	IFNA2
Ifna15	IFNA8
Ifna15	IFNA16
Ifna15	IFNA5
Ifna15	IFNA13
Ifna15	IFNA17
Ifna15	IFNA21
Ifna15	IFNA7
Ifna14	IFNA6
Ifna14	IFNA4
Ifna14	IFNA1
Ifna14	IFNA14
Ifna14	IFNA10
Ifna14	IFNA2
Ifna14	IFNA8
Ifna14	IFNA16
Ifna14	IFNA5
Ifna14	IFNA13
Ifna14	IFNA17
Ifna14	IFNA21
Ifna14	IFNA7
Paox	PAOX
Ifna-ps1	
Ifna9	IFNA6
Ifna9	IFNA4
Ifna9	IFNA1
Ifna9	IFNA14
Ifna9	IFNA10
Ifna9	IFNA2
Ifna9	IFNA8
Ifna9	IFNA16
Ifna9	IFNA5
Ifna9	IFNA13
Ifna9	IFNA17
Ifna9	IFNA21
Ifna9	IFNA7
Mrpl48-ps	
Ifna12	IFNA6
Ifna12	IFNA4
Ifna12	IFNA1
Ifna12	IFNA14
Ifna12	IFNA10
Ifna12	IFNA2
Ifna12	IFNA8
Ifna12	IFNA16
Ifna12	IFNA5
Ifna12	IFNA13
Ifna12	IFNA17
Ifna12	IFNA21
Ifna12	IFNA7
Gm12601	
Gm13738	
Pramel32	PRAMEF17
Pramel32	PRAMEF12
Pramel32	PRAMEF1
Pramel32	PRAMEF19
Pramel32	PRAMEF20
Pramel32	PRAMEF6
Pramel32	PRAMEF18
Pramel32	PRAMEF10
Pramel32	PRAMEF2
Pramel32	PRAMEF33
Pramel32	PRAMEF11
Pramel32	PRAMEF26
Pramel32	PRAMEF9
Pramel32	PRAMEF13
Pramel32	PRAMEF5
Pramel32	PRAMEF4
Pramel32	PRAMEF25
Pramel32	PRAMEF14
Pramel32	PRAMEF8
Pramel32	PRAMEF15
Pramel32	PRAMEF27
Pramel32	PRAMEF7
Or5w9-ps1	
Or5w22	
Or5w10	
Ccdc71	CCDC71
Gm13740	
Gm13744	
Gm13743	
Or10ag59	
Gm44511	
Gm37475	
Lamb2	LAMB2
Or10ag60	
Klrb1b	KLRB1
Or5w11	
Or8w1	OR5W2
Rrad	RRAD
Gm13742	
Or5w1b	
Ifna13	IFNA6
Ifna13	IFNA4
Ifna13	IFNA1
Ifna13	IFNA14
Ifna13	IFNA10
Ifna13	IFNA2
Ifna13	IFNA8
Ifna13	IFNA16
Ifna13	IFNA5
Ifna13	IFNA13
Ifna13	IFNA17
Ifna13	IFNA21
Ifna13	IFNA7
Gm13281	
Ifna16	IFNA6
Ifna16	IFNA4
Ifna16	IFNA1
Ifna16	IFNA14
Ifna16	IFNA10
Ifna16	IFNA2
Ifna16	IFNA8
Ifna16	IFNA16
Ifna16	IFNA5
Ifna16	IFNA13
Ifna16	IFNA17
Ifna16	IFNA21
Ifna16	IFNA7
Or5w1	
Ifna2	IFNA6
Ifna2	IFNA4
Ifna2	IFNA1
Ifna2	IFNA14
Ifna2	IFNA10
Ifna2	IFNA2
Ifna2	IFNA8
Ifna2	IFNA16
Ifna2	IFNA5
Ifna2	IFNA13
Ifna2	IFNA17
Ifna2	IFNA21
Ifna2	IFNA7
Srgn	SRGN
Ifnab	IFNA6
Ifnab	IFNA4
Ifnab	IFNA1
Ifnab	IFNA14
Ifnab	IFNA10
Ifnab	IFNA2
Ifnab	IFNA8
Ifnab	IFNA16
Ifnab	IFNA5
Ifnab	IFNA13
Ifnab	IFNA17
Ifnab	IFNA21
Ifnab	IFNA7
Mtg1	MTG1
Gm13273	
Gm13282	
Klhl9	KLHL9
Gm49884	
Gm13271	
Or5w12	
Gm13286	
Gm13283	
Ciao2b	CIAO2B
Or5w13	
Gm13290	
Gm13289	
Gm13272	
Or5w14	
Ifnz	
Gm13276	
Or5w15	
Gm13277	
Gm13278	
Gm13275	
Or5w16	
Gm13279	
Gm13285	
Gm13287	
Gm13288	
Olfr1139-ps1	
Gm16599	
Cdc34	CDC34
Ifna7	IFNA6
Ifna7	IFNA4
Ifna7	IFNA1
Ifna7	IFNA14
Ifna7	IFNA10
Ifna7	IFNA2
Ifna7	IFNA8
Ifna7	IFNA16
Ifna7	IFNA5
Ifna7	IFNA13
Ifna7	IFNA17
Ifna7	IFNA21
Ifna7	IFNA7
Gm44067	
Ryr3	RYR3
A430110C17Rik	
BC035044	
Ifna11	IFNA6
Ifna11	IFNA4
Ifna11	IFNA1
Ifna11	IFNA14
Ifna11	IFNA10
Ifna11	IFNA2
Ifna11	IFNA8
Ifna11	IFNA16
Ifna11	IFNA5
Ifna11	IFNA13
Ifna11	IFNA17
Ifna11	IFNA21
Ifna11	IFNA7
Mir721	
Smok3c	
Ifna6	IFNA6
Ifna6	IFNA4
Ifna6	IFNA1
Ifna6	IFNA14
Ifna6	IFNA10
Ifna6	IFNA2
Ifna6	IFNA8
Ifna6	IFNA16
Ifna6	IFNA5
Ifna6	IFNA13
Ifna6	IFNA17
Ifna6	IFNA21
Ifna6	IFNA7
Gm7208	
Ifna5	IFNA6
Ifna5	IFNA4
Ifna5	IFNA1
Ifna5	IFNA14
Ifna5	IFNA10
Ifna5	IFNA2
Ifna5	IFNA8
Ifna5	IFNA16
Ifna5	IFNA5
Ifna5	IFNA13
Ifna5	IFNA17
Ifna5	IFNA21
Ifna5	IFNA7
Sprn	SPRN
Ifna4	IFNA6
Ifna4	IFNA4
Ifna4	IFNA1
Ifna4	IFNA14
Ifna4	IFNA10
Ifna4	IFNA2
Ifna4	IFNA8
Ifna4	IFNA16
Ifna4	IFNA5
Ifna4	IFNA13
Ifna4	IFNA17
Ifna4	IFNA21
Ifna4	IFNA7
Gm44078	
Cnpy4	CNPY4
Ifna1	IFNA6
Ifna1	IFNA4
Ifna1	IFNA1
Ifna1	IFNA14
Ifna1	IFNA10
Ifna1	IFNA2
Ifna1	IFNA8
Ifna1	IFNA16
Ifna1	IFNA5
Ifna1	IFNA13
Ifna1	IFNA17
Ifna1	IFNA21
Ifna1	IFNA7
Gm8774	
Clec2i	CLEC2D
4930553M12Rik	
Or6ae1	
Ifne	IFNE
Gm63300	
Gm28906	
Mir31	MIR31
Gm26144	
Or6f2	
Actl7b	ACTL7B
Gm5159	
Gm28040	KISS1
Actl7a	ACTL7A
Qars1	QARS1
Elp1	ELP1
Gm63303	
Gm28040	
Or6b13	
Gm55898	
Gm52979	
9230110F11Rik	
Mblac1	MBLAC1
Kndc1	KNDC1
Ces2a	CES2
Gm22956	RNU4-30P
Gm22956	RNU4-48P
Gm22956	RNU4-77P
Gm22956	U4
Nxpe5	
Ren1	REN
Hcn2	HCN2
R3hdm4	R3HDM4
Gm63167	
Gm63168	
Gm17232	
Gm46445	
Gm35360	
Lamtor4	LAMTOR4
Etnk2	ETNK2
Gm63171	
2610017A05Rik	
Gm56952	
Gm63173	
Gm56976	
Gm63174	
Dlx6os1	
Gm63177	
4930572G02Rik	
Tjp3	TJP3
A730011C13Rik	
Trappc14	TRAPPC14
Gm15265	
Gm56984	
Gm56997	
Clec2m	KLRC4
Clec2m	KLRC3
Clec2m	KLRC2
Clec2m	KLRC1
Mir7013	
Zfp687	ZNF687
Gm63191	
2610035F20Rik	
Clec12a	CLEC12A
Sox13	SOX13
Gm6831	
Gm63326	
Gm45782	
Clec12b	CLEC12B
Ces2b	CES2
4930518C04Rik	
1700039M10Rik	
Psmd4	PSMD4
4833413E03Rik	
Gm63198	
Gm63199	
Gm63201	
Btnl2	BTNL2
Gm63203	
Gal3st4	GAL3ST4
Gm63204	
Gm63205	
Gm63206	
Gm63208	
Gm63211	
Gm8596	
Gm63212	
Gm28100	
Gm48239	
Gm18180	
Bnip3	BNIP3
Spata3	SPATA3
Matr3-ps2	
Clec1b	CLEC1B
Ces2c	CES2
Gm2916	
Gm63214	
Gm49431	
Gm26886	
H2-Q7	
Gm43720	
Gpc2	GPC2
Gm56698	
Gm32454	
Gm45507	
Gm63218	
Gm63220	
Gm18258	
Gm63221	
Gm45668	
Mipepos	
AU022793	
Dpysl4	DPYSL4
Gm56132	
Abitram	ABITRAM
Gm8798	
Gm63226	
Gm63227	
Gm63228	
Gm63229	
Gm63230	
Clec9a	CLEC9A
Gm63231	
Gm63232	
Gm63233	
Ces2e	CES2
Gm41238	
Gm63234	
Gm63235	
Pip5k1c	PIP5K1C
4930432J09Rik	
Gm47414	
Gm63236	
Gm10873	
4930449C09Rik	
Gm53857	
Trim26	TRIM26
Gm63239	
Gm35449	
Gm49171	
Ctnnal1	CTNNAL1
Gm63246	
Gm63247	
Gm63248	
2810459M11Rik	C2orf72
Gm63249	
Gm52130	
Gm10248	
Gm63629	
Gm56708	
Stag3	STAG3
Gm41392	
4930471C04Rik	
Gm52949	
Gm56717	
Psmd1	PSMD1
Ces2f	CES2
Gm43914	
Clec1a	CLEC1A
Gm63257	
Gm52129	
Gm41178	
Gm41169	
Gm63178	
Zfhx2os	
Gm62548	
Gm63309	
Gm63311	
Gm62347	
1100001I12Rik	
Gm62963	
Gm56699	
Pip5k1a	PIP5K1A
G930009F23Rik	
Clec7a	CLEC7A
Stk32c	STK32C
Azin1	AZIN1
Ces2g	CES2
Gnptg	GNPTG
Mir32	MIR32
Gm25053	SNORA17A
Gm25053	
Gm22300	
Gm13302	
Ccl21d	CCL21
Cfap92	CFAP92
Gm20878	
Gm22786	
Htr2b	HTR2B
Efcc1	EFCC1
Gm5743	
Gm37914	
Gm21972	
Gm63359	
Armc9	ARMC9
Ces2h	
Cacna1h	CACNA1H
Gm53862	
Gm63263	
Gm63264	
Gm63265	
Gm63266	
Spata31f1d	SPATA31F1
Gm56441	
Gm45328	
Gm5879	
Lrrc27	LRRC27
Gp9	GP9
Gm23904	
Gm24490	
Gm21093	
Rps13-ps1	
Gm37530	
Gm63267	
Ccl19-ps6	
D830025C05Rik	
1700044K19Rik	
Gm3893	
Rpl31-ps23	
Ccl21f	CCL21
Rab43	RAB43
Gm63268	
Gm63270	
Gm45626	
Gm63272	
Mir124a-1hg	
Gm21182	
Gm21112	
Potefam3b	POTEA
Ccl27al	CCL27
Gm63276	
Gm63277	
Gm63278	
Gm63279	
Gm20797	
Gm63281	
Gm46481	
Gm20945	
Gm48371	
Gm20796	
Defb33	
Gm15056	
Il11ra3	IL11RA
Gm44423	
9930120I10Rik	
Gm6040	
Isy1	ISY1
Gm63287	
Gm63288	
Gm63289	
Mir6951	
Gm36789	
AY761185	DEFA1
AY761185	DEFA5
AY761185	DEFA3
AY761185	DEFA1B
AY761185	DEFA4
AY761185	DEFA6
Gm49077	
Gm48029	
2310043O21Rik	
Defa21	DEFA1
Defa21	DEFA5
Defa21	DEFA3
Defa21	DEFA1B
Defa21	DEFA4
Defa21	DEFA6
Zfp157	
Gm63292	
Gm63293	
Gm23142	RNU6-708P
Gm23142	RNU6-187P
Gm23142	RNU6-1060P
Defa23	DEFA1
Defa23	DEFA5
Defa23	DEFA3
Defa23	DEFA1B
Defa23	DEFA4
Defa23	DEFA6
Pwwp2b	PWWP2B
Gm63294	
Gm63296	
Gm48857	
Defa35	DEFA1
Defa35	DEFA5
Defa35	DEFA3
Defa35	DEFA1B
Defa35	DEFA4
Defa35	DEFA6
Gm48912	
Gm29697	
Gm36146	
Adam32	ADAM32
Gm49090	
Siah1-ps2	
Tnfrsf13c	TNFRSF13C
Gm63299	
Gm63301	
Gm63302	
4930405A10Rik	
Gm5564	
Jakmip3	JAKMIP3
Vmn2r-ps24	
1700123K08Rik	
Gm63304	
4930563I02Rik	
Gm62282	
Gm62832	
1700045I11Rik	
Gm49503	
Gm62442	
Gm17167	
Gm13301	
Cenpm	CENPM
Zfp68	
Gm10600	
Gm5859	
Gm54215	
Eqtn	EQTN
Gm56768	
Pogz	POGZ
Gm41164	
Gm63315	
Gm63316	
Gm35116	
Gm63317	
Gm63318	
Gm56757	
B130021K23Rik	
Gm44064	
Muc2	
Gm63320	
Copg1	COPG1
Gm63321	
Gm63322	
Gm63323	
Gm30031	
Gm63324	
Gm63325	
Gm63327	
4930519K11Rik	
Zfp446	ZNF446
Gm63329	
Gm63330	
Gm49012	
Gm12693	
Mysm1	MYSM1
Gm16315	
Gm63331	
Gm52113	
Cactin	CACTIN
Gm56234	
Gm15497	
Gm42815	
Gm38232	
Fam20c	FAM20C
Smim45	SMIM45
Gm63332	
Gm63333	
Gm62369	
Septin3	SEPTIN3
Gm63334	
Gm55537	RNU6-158P
Gm63335	
Zdhhc2	ZDHHC2
Gm63337	
Gm63338	
Gm63339	
Gm63340	
Gm63341	
Gm63342	
9530047P18Rik	
Tbxa2r	TBXA2R
Gm33246	
Slc27a5	SLC27A5
Gm63343	
Gm12316	
Gipc3	GIPC3
Ankfn1	ANKFN1
Gm34874	
Gm56762	
Hmg20b	HMG20B
Gm63345	
Gm63347	
Gm63348	
Gm41230	
Foxl3	FOXL3
Pdgfa	PDGFA
Gm63352	
Gm9922	
Gm63354	
Gm63355	
Gm49225	
1810062O18Rik	
Cnot7	CNOT7
Gm12703	
Gm12704	
Gm55834	
Jun	JUN
Trim28	TRIM28
Chrne	CHRNE
Hmces	HMCES
B230110C06Rik	
Pla2g2a	PLA2G2A
Gm12969	
Trim62	TRIM62
Gm63358	
Gm33524	
4930544D05Rik	C17orf107
Rps19-ps9	
Gm54545	
Azin2	AZIN2
Gm44168	
4933412L11Rik	
Rab7	RAB7A
Gp1ba	GP1BA
Gm63360	
Npy1r	NPY1R
Gm63361	
Gm63362	
Gm41198	
Slc25a11	SLC25A11
Gm63364	
Gm56749	
Gm45911	
LOC665443	
Naf1	NAF1
Prkar1b	PRKAR1B
Gm63366	
Gm62356	
Wbp2nl	WBP2NL
Gm63368	
Gm48925	
Gm63370	
Gm30969	
Gm63371	
Gm41171	
Lrrc71	LRRC71
Gm25275	
Naga	NAGA
Gm7639	
Gm45827	
Qrich1	QRICH1
Gm24274	
Gm24677	
Gm45880	
Gm63372	
Gm10660	
Gm63373	
Gm63374	
Nat1	NAT1
Nat1	NAT2
Gm35247	
Nat2	NAT1
Nat2	NAT2
Gm63608	
Gm63375	
Tekt4	MAFIP
Tekt4	TEKT4
Gm52102	
Gm63377	
Gm9755	
Nat3	NAT1
Nat3	NAT2
Gm48970	
Gm35967	
Gm36247	
Gm63380	
Gm44391	
Gm46465	
Psd3	PSD3
Rnf167	RNF167
Chmp2a	CHMP2A
Gm63383	
Gm63384	
Gm30806	
Sstr5	SSTR5
Ak2	AK2
Ntrk1	NTRK1
Gm63390	
Gm50025	
Rpsa-ps6	
Gm50026	
B3gnt7	B3GNT7
Tsr3	TSR3
Gm15935	
Gm38135	
2610300A13Rik	
Lonrf2	LONRF2
Gm63394	
A430057M04Rik	
Baiap3	BAIAP3
Mfsd12	MFSD12
Ube2m	UBE2M
Sh2d2a	SH2D2A
Gm38366	
Gm37678	
Dnaaf5	DNAAF5
Impdh2	IMPDH2
Gm47774	
Gm63396	
Mir17hg	
Pfn1	PFN1
Chst10	CHST10
Pheta2	PHETA2
Gm63397	
Gm15221	
Tektip1	TEKTIP1
Gm44187	
Rpn1	RPN1
Gm41168	
Rnf19b	RNF19B
Gm63399	
Gm63400	
Gm63401	
Smdt1	SMDT1
Gm48447	
Eno3	ENO3
Gm63402	
Gm63403	
Fzr1	FZR1
Gm63406	
Gm48449	
D130079A08Rik	
Mir3547	
Ube2i	UBE2I
Prcc	PRCC
Mzf1	MZF1
n-R5s41	
Gm62022	
Ndufa6	NDUFA6
Gm63410	
Gm63411	
Gm41235	
Gm37707	
Mir6376	
H1f10	H1-10
Gm46483	
Gm6621	
Gm63413	
Nms	NMS
Slc6a1	SLC6A1
Gm63415	
Mrpl24	MRPL24
Gm63416	
Gm63417	
Ndufaf3	NDUFAF3
Sun1	SUN1
Gm63418	
Gm49965	
Gm56734	
Gm56730	
Cyp2d22	CYP2D6
Utp25	UTP25
Gm55600	MIR191
Mir191	
Mir425	MIR425
Dalrd3	DALRD3
Vmn1r85	
Gm17613	
Gm32068	
Gm45436	
Gm63419	
Gm4270	
Gm41219	
Vmn1r86	
Gm63420	
Tmem54	TMEM54
Zswim9	ZSWIM9
Gm63421	
Mettl25b	METTL25B
Gm62021	
Cyp2d11	CYP2D6
Bsph2	
Gm63422	
Gm63423	
Gm63424	
A130010J15Rik	C1orf74
Mir7684	
Cyp2d10	CYP2D6
Gm63425	
4930517O19Rik	
Gm41121	
Gm41138	
Lig1	LIG1
Gm41231	
Traf3ip3	TRAF3IP3
Or2a55-ps1	
A330044P14Rik	
Spag7	SPAG7
Gm22018	
Adam9	ADAM9
Hpca	HPCA
Gm63617	
Vmn1r-ps32	
Wdr6	WDR6
Gm48942	
Dohh	DOHH
Klrb1-ps1	
Gm63427	
Tm2d2	TM2D2
1700062C10Rik	
Gm63620	
Gm63428	
Isg20l2	ISG20L2
Gm26680	
P4htm	P4HTM
Klra13-ps	
Htra4	HTRA4
Crabp2	CRABP2
5430440P10Rik	
Gm6600	
Gm63429	
Gm33321	
Gm21940	
Map2k6	MAP2K6
Nes	NES
Gm44133	
Gm57774	
Gm63430	
Gm54393	
Gm54394	
Gm63431	
Gm19267	
Gm44134	
Gm49018	
Gm63622	
Gm48551	
Cyp2d9	CYP2D6
Gm5581	
Gm15906	
Gm57775	
Fndc5	FNDC5
Mir6913	
Gm48552	SMIM44
Gm16571	
Gm63623	
Smim24	SMIM24
Bcan	BCAN
Gm16933	
Gm5885	
Gm34702	
Plekha2	PLEKHA2
Vmn1r-ps14	
Vmn1r-ps15	
Gm63432	
Spr-ps1	
Gm38163	
Gm63627	
Gm34754	
S100pbp	S100PBP
Gm49209	
Gm19131	
Gm63433	
Arih2	ARIH2
Gm63434	
Gm63435	
Alms1-ps2	
Or5w17	
Gm48954	
Or5i1	OR5I1
Nfic	NFIC
Vmn1r-ps24	
Or8m1-ps1	
BC064078	
Or5w18	
Gm34848	
Hapln2	HAPLN2
Gm63436	
Gm63438	
Or12e15-ps1	
1700008A07Rik	
Or12e10	
Gm63439	
Zfp783	
Gm17778	
Or12e11-ps1	
Gm48940	
Or12e12-ps1	
Gm63441	
Gm63442	
Or12e13	
Gm5886	
Gm63443	
Gm10076	
Or12e16-ps1	
Or12e14	
E230015B07Rik	
Gm44034	
Or5w8	OR5W2
Gm63444	
Or2f1b	
Gm63445	
Or5w19	
Gm19439	
Gm22363	
Gm46501	
Hdgf	HDGF
Or2f2	
Gm62259	
Gm63446	
Gm13745	
Gm49421	
Or5w20	
Gm16677	
Gm49419	
Gm54398	
Or13m2	
Cyp2d32-ps	
Or2q1	
Or9m1	
Gm63386	
Gm54599	RNU6-426P
Gm31369	
Or6b1	OR6B1
Tmco5b	
Kcnj16	KCNJ16
Enthd1	ENTHD1
Gm4374	
Gm15872	
Gm56055	
Vmn1r-ps5	
Gm45477	
Gm47985	
Vmn1r261	
Gm45354	
Gm42959	
Gm8947	
Jkampl	JKAMP
Slc27a3	SLC27A3
Lbx2	LBX2
Gm23220	
Gm56370	
Nop2	NOP2
Gm19141	
Ivns1abp	IVNS1ABP
Grap2	GRAP2
Or5d16	OR5D16
Kcnj2	KCNJ2
Gm26505	
Or5l13	OR5L2
Or5l13	OR5L1
Gm11675	
Gm45745	
Gm11676	
Gm11677	
Gm11674	
Tacc1	TACC1
Kif2b	KIF2B
Or5l14	OR5L2
Or5l14	OR5L1
Gm48163	
Gm11498	
Gm11680	
Gm56335	
Or5d47	OR5D18
Gm11500	
Gm27174	
Gm11501	
Gm25113	
Sox9	SOX9
Or9m2	
Or5w21-ps1	
Gm55624	
Plcb4	PLCB4
Slc25a20	SLC25A20
Iffo1	IFFO1
Car10	CA10
Gm62768	
Gm63614	
Gm49553	
Mir6957	
Gm62557	
Fam83f	FAM83F
Sult2a5	SULT2A1
Gm24259	
A430088P11Rik	
Zbed4-ps1	
Usp19	USP19
Gm63455	
Kat6b-ps1	
Gm63456	
Gm53037	
Gm30363	
Pafah1b1-ps2	
Gm63216	
Gm6828	
Ints3	INTS3
Gm49512	
Gm27223	
Gm62964	
Zfp954	ZNF892
Gm62967	
C1qtnf3	C1QTNF3
Gm41161	
Gm44697	
Gm27175	
Zfp773	ZNF892
Yars1	YARS1
Gm63457	
Gm63458	
Gm24856	RNU6-1103P
Gm11502	
Gm63459	
Gm11506	
Amacr	AMACR
Slc39a11	SLC39A11
Gm56753	
Gm63460	
Gm63461	
Gm31392	
Vmn2r-ps35	
Meis3	MEIS3P2
Meis3	MEIS3
Gm63462	
Gm63463	
Gm52992	
Gm63464	
Slc45a2	SLC45A2
Gm63465	
Gm63466	
Gm63467	
Gm63468	
Gm63469	
Gm63470	
Rxfp3	
Adamts12	ADAMTS12
Gm63471	
Gm10032	
Nhsl3	NHSL3
Gapdh	GAPDH
Gm63472	
Gm63475	
Mir1191b	
Gm63476	
Celf5	CELF5
Gm63477	
Mir8108	
Gm63478	
Gm7730	
Sugp1	SUGP1
Gm63479	
Gm49120	
Gm63480	
Gm63481	
Gm63483	
Gm19301	
Gm34589	
Prss34	
Gm25921	
Gm63484	
Prss28	
4921522A10Rik	
Gm20642	
Gm63485	
Gm63486	
Gm47814	
Ncapd2	NCAPD2
Tm6sf2	TM6SF2
Prss29	
Gm24844	
Tars1	TARS1
Gm54758	
Sync	SYNC
Gm5430	
Gm50085	
Tpsab1	TPSAB1
Tpsab1	TPSB2
Tpsb2	TPSAB1
Tpsb2	TPSB2
Gm41153	
Gm41251	
Rbbp4	RBBP4
Gm63487	
4933428L12Rik	
Gm63488	
Gm56754	
Gm31658	
Gm10847	
Gm31577	
Hapln4	HAPLN4
Gm63489	
Gm63490	
Swt1	SWT1
Gm63491	
Fhitos	
Ncan	NCAN
Camta2	CAMTA2
Gm63492	
Gm63493	
Gm30716	
Gm63494	
Gm63495	
Gm63496	
Gm63497	
Gm63498	
4931407E12Rik	
Ptp4a3	PTP4A3
Gm16105	
Dhx34	DHX34
4930404K13Rik	
Ncln	NCLN
Zbtb8os	ZBTB8OS
Gm36583	
Gm63499	
Tpsg1	TPSG1
Npr1	NPR1
Mir7066	
Gm25906	
Gm14209	
Rfxank	RFXANK
Gm14211	
Gm26227	
Lamp5	LAMP5
Gm56760	
Gfer	GFER
4930447J18Rik	
Gm63500	
Gm10101	
Or5d41	
Ppifos	
Pak5	PAK5
Gm5142	
Btnl4	
Gm63501	
Gm63502	
2900040C04Rik	
Zbtb8a	ZBTB8A
Gm63503	
1700092C10Rik	
Gm22106	
Gm15332	
Mroh5	MROH5
Btnl5-ps	
Trmt1l	TRMT1L
Gm12980	
Gem	GEM
Gm15331	
Btnl6	
Gm16048	
Gm43595	
Gyg1	GYG1
Cdh17	CDH17
Nr2c2ap	NR2C2AP
Gm15329	
Gm14056	
Gm14054	
Notch4	
Ankef1	ANKEF1
Gm63504	
Gm63505	
Gm35419	
Gm45409	
C5ar2	C5AR2
1700128I11Rik	
Gm63506	
Gm26473	
Gm63507	
C5ar1	C5AR1
Gm30216	
Borcs8	BORCS8
Gm35361	
Gm63508	
Inafm1	INAFM1
Gm16835	
Ccdc9	CCDC9
Cpa3	CPA3
S1pr4	S1PR4
Gna15	GNA15
Ndufb4c	
Gm6569	C8orf90
Mef2b	MEF2B
Gm62913	
Gm52173	
Scarna10	SCARNA10
Gm32355	
Gm28967	
Mrpl51	MRPL51
Gm32405	
Gm11839	
Gm11841	
Gm11843	
Gm63149	
Rbm12b1	RBM12B
Gm63151	
Gm7935	
Gm16106	
Gm15387	
Gm32918	
Mir3098	
Mir7007	
Gm56270	
Gm44487	
Cpb1	CPB1
Gna11	GNA11
Vamp1	VAMP1
Cibar1	CIBAR1
Mir7682	
Gm37893	
Rnf2	RNF2
Gm43525	
Tle5	TLE5
Agtr1b	AGTR1
Gm18426	
Gm42594	
Gm18491	
Gm6558	
Kcnmb2	KCNMB2
Gm36967	
Snap25	SNAP25
Gm36527	
Gm29072	
Fcmr	FCMR
Tapbpl	TAPBPL
Gm52103	
Cd27	CD27
Gm63509	
Bbc3	BBC3
Gm34250	
Gm37834	
Gm37770	
Zmat3	ZMAT3
Gm20462	
Gpsm3	GPSM3
Gm63510	
Gm5425	
Nuak1	NUAK1
Gm41239	
Gm45186	
Clns1a	CLNS1A
Eif4g3	EIF4G3
Gm63511	
Gm63512	
Gm32093	
Gm32839	
Il24	IL24
Gm36990	
Gm63513	
Pik3ca	PIK3CA
Gm63514	
Gm53029	
Gm49146	
1700092E16Rik	
Gm62583	
Ckap4	CKAP4
Gm63515	
Adgrb1	ADGRB1
Gm63516	
Pbx2	PBX2
Gm63517	
Mir8113	
Gm24175	SNORA70
Gm49135	
Tuba3a	
Tcp11l2	TCP11L2
Gm53842	
Gm41142	
Nxnl1	NXNL1
Il20	IL20
Gm56877	
Gm18602	
Gm27207	
Cbln1	CBLN1
Ltbr	LTBR
Gm14053	
Mkks	MKKS
Gm63518	
4930597G03Rik	
4933402J07Rik	C16orf78
Gm63519	
Gm63520	
Gm25657	
Il19	IL19
Gm17249	
Aqp11	AQP11
Gm63521	
Gm49364	
Polr3b	POLR3B
Gm36641	
Gm63522	
Gm52099	
Gm49145	
Gm55366	
Ces1d	CES1
Gm18599	
Scnn1a	SCNN1A
Calcb	CALCB
Gm63523	
Gm56747	
Gm17173	
Gm56450	
Fbxw23	
Gm56451	
Gpsm1	GPSM1
Gm63649	
Gm44468	
Gm24942	
Rps13-ps7	
Ndufs1	NDUFS1
Gm46136	
Gnat1	GNAT1
Insc	INSC
Get4	GET4
Gm63524	
Gm63525	
Gm45909	
Gm16973	
Ces1e	
Ager	AGER
4930431P03Rik	
Gm26278	
Mgat4c	MGAT4C
Gm37123	
Kcnmb3	KCNMB3
Gm24982	
Gm41250	
Gm45017	
Gm10034	
Gm63527	
Rps4l-ps	
Gm63528	
Gm63529	
Zfp639	ZNF639
Gm63530	
Gm56110	
Gm63531	
Gm45020	
Gm63532	
Gm56756	
D830044D21Rik	
Insyn2a	INSYN2A
Gm45532	
A930036K24Rik	
Gm63533	
Gm45597	
Gm63534	
Aurkc	AURKC
Slc38a3	SLC38A3
Gm63535	
Gm63536	
Gm41189	
Gm41112	
Gm63537	
AA536875	
Gm45727	
Ces1f	
Tnfrsf1a	TNFRSF1A
Gm63540	
Adap1	ADAP1
Gm63541	
1700024B18Rik	
Gm37592	
Mfn1	MFN1
Gm26650	
Gm9392	
Gm5331	
Ldha	LDHA
Ces1g	CES1
Gm63543	
Gm5087	
Plekhg6	PLEKHG6
Gm63544	
Gm63545	
Gm47032	
Mir3059	
Gm47031	
Gm47033	
1700108J01Rik	
Gm47025	
Gm47101	
Gm26988	
Nts	NTS
Gm63546	
Cd9	CD9
Gm56242	Metazoa_SRP
Gm63547	
Cox19	COX19
Ces1h	CES1
Gm63548	
9930004E17Rik	
Gm63549	
Gm63550	
Gm63551	
Rassf9	RASSF9
Gm63552	
Gm63553	
Gm63554	
4930444M15Rik	
Gm45766	
Gm53022	
Kifc5c-ps	
Ces5a	CES5A
Gm63651	
Gm4780	
Gm44232	
Gm63652	
Cyp2w1	CYP2W1
Gm5422	
Fancd2os	FANCD2OS
Gm63653	
Gm18252	
Gm63654	
Gm63555	
Gm4925	
1700105F02Rik	
D630033A02Rik	
Gm63655	
4930503E24Rik	
Brk1	BRK1
Speer5-ps1	
Rnf5	RNF5
Chlsn	CHLSN
Gm47502	
Gm44200	
Gm63656	
Gm18409	
Gm44199	
Gnb4	GNB4
Zfa-ps	
Tatdn2	TATDN2
Gm15666	
Fmn1	FMN1
Gm63658	
Gm5176	
Gm45786	
Gm63659	
Zfp90	ZFP90
Gm17229	
Gm5779	
Gm63660	
Gm63556	
Agpat1	AGPAT1
Gm63557	
4930519F09Rik	
Gm63558	
Mir339	MIR339
Gpr146	GPR146
Gm63559	
Gm63560	
Or7e171	
Gm9797	
Gm53846	
Or7e172-ps1	
Gm63661	
Or8b41	
Gm30365	
Gpx4-ps2	
Gm63662	
Or8c13	
Gm10275	
Gm63561	
Gm63562	
Gm5177	
Gm17798	
Gm4291	
Lacc1	LACC1
Or8c14	
C130050O18Rik	
Or8c15	
E030030I06Rik	
Adgb	ADGB
Gm54686	
Mroh4	
Or8c16	
Cdh3	CDH3
Gm63648	
Gm44093	
Gper1	GPER1
Or8c8	
Gm44091	
Nfu1	NFU1
Or8c17	
Or8c19	
Gm26285	RNU6-39P
Or8c9	
Zfand2a	ZFAND2A
Or8c20	
Ccdc122	CCDC122
Or8c10	
Gm56063	
Eef1b2	EEF1B2
Or8c11	
Or8b3	OR8B2
Or8b3	OR8B3
Or8b42	
Or8b43	
Gm47102	
Nudt16l2	NUDT16
Serp2	SERP2
Egfl8	EGFL8
Gm37582	
Gm37640	
Gm20643	
Gm16114	
Or8b1d	
Slc25a31	SLC25A31
Gm49385	
Or8b51	
Gm10073	
Cdh1	CDH1
Uncx	UNCX
Gm47449	
Or8b52	
1700108F19Rik	
Gm47458	
Or8b3b	OR8B2
Or8b3b	OR8B3
Gm5010	
Or8g51	
Hspa4l	HSPA4L
Gm56244	
Gm42423	
Vwa5a	VWA5A
Elfn1	ELFN1
Gm56065	
Gm26457	SNORD51
Gm26457	snoZ196
Snora41	SNORA41
Cmklr2	CMKLR2
Gm43704	
Mad1l1	MAD1L1
Gm62409	
Gm56066	
Ino80d	INO80D
Arc	ARC
Tango6	TANGO6
Gm32994	
9230106D20Rik	
Gm63072	
Nkain2	NKAIN2
Jrk	JRK
Gfpt1	GFPT1
4933427E11Rik	
Gm62578	
Psca	PSCA
Sdk2	SDK2
Ldhc	LDHC
Gm28976	
Them6	THEM6
Slurp1	SLURP1
Cdk19os	
Ccdc162	
Lypd2	LYPD2
Gm20460	
Ppt2	PPT2
Gm33124	
Slurp2	LYNX1
Lynx1	
Gm63260	
2310069G16Rik	
Fkbp1a-ps1	
4930431P22Rik	
Gm43702	
Gm16122	
Gm16121	
Gm37759	
Mroh3	
Gm43195	
Gm43338	
Nudt1	NUDT1
Has3	HAS3
Gm49220	
Duxf3	
Gm56763	
Psap	PSAP
Gm19829	
Gm63563	
Gm47505	
Tsg101	TSG101
Chtf8	CHTF8
A430034D21Rik	
Gm37552	
Gm26781	
Gpr25	GPR25
Kif21b	KIF21B
Gm33852	
Or8b53	
Gm54860	U6
Gm23343	
Gm18153	
Gm5471	
Gm21430	
Gm47347	
Or8b54	
Scn8a	SCN8A
Gm63564	
Gm13967	
Dnlz	DNLZ
Gm6087	
Gm17030	
Gm49341	
Gm41102	
Derpc	DERPC
Or8g28	OR8G1
Or8g28	OR8G5
Utp4	UTP4
Or8g38-ps1	
Or8g29	OR2T7
Gm11689	
Rpl38	RPL38
Gm48931	
Gm63566	
Gm18368	
Gm63567	
Gm46474	
Gm63568	
Or8g30	OR8G1
Or8g30	OR8G5
Card9	CARD9
Mrm2	MRM2
Gm21041	
D6Ertd527e	
Gm7206	
Gm63569	
Or8g31	
Gm46475	
Or8ab1-ps1	
Gm63570	
Or8g32	OR8G1
Or8g32	OR8G5
Gm6580	
Antxr1	ANTXR1
Gm63571	
Or8g33	
Gm52991	
Snx8	SNX8
Or8ab2-ps1	
Or8g34	OR8G1
Or8g34	OR8G5
Plk4	PLK4
Gm8961	
Or8g35	
Gm63572	
Or8ad1-ps1	
Gm9637	
Or8g20	OR8G1
Or8g20	OR8G5
Gm63573	
Gm8584	
Gm63574	
Gm8582	
Or8g36	
Gm48781	
Gm24278	
Slx4ip	SLX4IP
Or10d3	OR10D3
Gm45628	
Uevld	UEVLD
Or10d1	
Rpl31-ps3	
Gm63575	
AW551984	VWA5A
Gm9800	
Gm63576	
Gm16525	
Inca1	INCA1
Rpl10-ps2	
Kcng4	KCNG4
Gm26991	
Gm63577	
Gm17046	
Gm63578	
Hsbp1	HSBP1
Gm3339	
Gm63579	
Gm10410	
Gm29344	
Gm63580	
Gm29347	
Gm37043	
Gm26898	
Gm29348	
Gm21965	
Slc11a1	SLC11A1
Gm45723	
Mlycd	MLYCD
Gm11109	
Gm45737	
Gm31941	
Misfa	
Osgin1	OSGIN1
Gm7565	
Jag1	JAG1
Gm63581	
Gm53005	
Gm63582	
Gm18962	
Gm63583	
Or10n1	
Spty2d1	SPTY2D1
Ear-ps2	
Gm63584	
Phf11	
Or10d4b	
Or10d4c	
Eif3b	EIF3B
Gm63585	
Gm8046	
Or10n8-ps1	
Gm63586	
Or10d4	
Gm48134	
Or10d1b	
Tmem86a	TMEM86A
Or8g52	
Gm8032	
Cbx3-ps6	
Or8ae1-ps1	
Or8g50	
Gm63587	
Rpl36a-ps1	
Gm5929	
Or8g4	
Ptpn5	PTPN5
Gm63588	
Necab2	NECAB2
Gm3008	
Or8g53	
Gm63589	
Or10n7	
Gm7439	
Or8g2	OR8G2P
Or8g2	OR8G3
Gm7152	
Gm47229	
Gm63590	
Or8d6	
Gm48217	
Gm63591	
Gm8065	
Or10d5	
Gm28214	
Gm14062	
Or10d5j	
Btbd3	BTBD3
Or10d5b	
Gm8068	
Gm6490	
Mir26a-1	MIR26A1
Vill	VILL
Gm3115	
Gm63592	
Gm3298	
Gm63593	
Mir6399	
Hp1bp3	HP1BP3
Gm33933	
Gm63594	
Gm3636	
Gm63595	
Gm6356	
Gm63596	
Ear-ps12	
Gm63597	
Slc38a8	SLC38A8
Gm7945	
Gm7991	
Ctdsp1	CTDSP1
Mir7038	
Ttyh2	TTYH2
Kif19b	
Gm44415	
Gm44416	
Gm44417	
Mir1952	
Gm14065	
Gm44418	
Gm14067	
Gm14069	
Gm14066	
Gm55805	
9530013L04Rik	
Gm14071	
Gm6536	
Gm21596	
Gm44414	
Gm63598	
Gkn1	GKN1
Gm42805	
4930568D16Rik	
Chst12	CHST12
Gm7954	
Gm2959	
Gm49110	
Gm32857	
Sptlc3	SPTLC3
Gm32158	
Grifin	GRIFIN
Gm8232	
Gm63599	
Gm8237	
Gm63600	
Gm8265	
Mbtps1	MBTPS1
Gm63601	
Gm8356	
Gm63602	
Gm8362	
Mir26b	MIR26B
Gm63603	
Vil1	VIL1
Gm20430	
Ear-ps3	
Gm43703	
Gm63604	
Lfng	LFNG
Gm4118	
Gm63605	
Mfsd8	MFSD8
Gm3287	
Kif1c	KIF1C
Prrt1	PRRT1
Gkn2	GKN2
Gm20461	
Fkbpl	FKBPL
Mir7056	
Gm14377	
Misfadt	
Ttyh3	TTYH3
Atf6b	ATF6B
Adamts9	ADAMTS9
Fadd	FADD
Gm56453	RNU6-1222P
Snapc4	SNAPC4
Ano1	ANO1
Abhd18	ABHD18
Cotl1	COTL1
Catip	CATIP
Sox21os1	
Rps26-ps1	
Defa-ps13	
Gm29103	
Gm63606	
Slc45a3	SLC45A3
Ccnb2-ps	
4933406F09Rik	
Gm63607	
Gm39147	
Clec4g	CLEC4G
Gm26893	
Iqce	
Elk4	ELK4
Dleu2	
Tnxb	TNXB
Gm44224	
Defa27	
Gm43913	
Mfsd4a	MFSD4A
Sinhcaf	SINHCAF
Vdac3	VDAC3
Fgfr1	FGFR1
Plcd1	PLCD1
4930402F06Rik	
Gm2011	
Gm44136	
Gm44524	
Fundc2b	FUNDC2
Gm25539	
Gm22043	
Dennd5b	DENND5B
Gm42436	
Gm42437	
Gm24503	
Gm37548	
Gm37843	
Gm37209	
Gm38246	
Noct	NOCT
Ism1	ISM1
Ggta1	
Dlec1	DLEC1
Gm38357	
Elf2	ELF2
Gm15779	
Gm15781	
Gm49058	
Sh2d5	SH2D5
Gm22578	
Gm15780	
Gm23462	RNU6-288P
Etfbkmt	ETFBKMT
Brat1	BRAT1
Tasp1	TASP1
Gm24389	
C4b	C4B
C4b	C4A
Gm55850	
Gm37120	
Mir135b	
Gm7241	
Kif17	KIF17
Klhdc8a	KLHDC8A
Gm28308	
5730596B20Rik	
Gm26501	RNU6-393P
Acaa1b	ACAA1
Kbtbd8	KBTBD8
Tmcc2	TMCC2
Gm10152	
Gm9711	
Fgf3	FGF3
Gm17822	
Gm5723	
AY512915	
Vmn2r-ps73	
Vmn2r72	
Mir6925	
Slc22a13	SLC22A13
Gm12318	
Gm56343	
Zfp3	ZFP3
Vmn2r-ps84	
Vmn2r75	
Suclg2	SUCLG2
Mir6904	
Ddost	DDOST
Lin9	LIN9
Scimp	SCIMP
Vmn2r-ps85	
Vmn2r-ps86	
Vmn2r76	
Slc22a13b	SLC22A13
Rabep1	RABEP1
Or14c46	OR14C36
Gm20480	
Oxsr1	OXSR1
Gm55326	
Or13g1	OR13G1
Pink1	PINK1
Or6f1	OR6F1
Or14a260	OR14A2
Gm43761	
Gm13444	
Or14o1-ps1	
Gm14070	
2900092C05Rik	C19orf18
Rps19-ps7	
Gm14073	
Esf1	ESF1
Gm15877	
Gm45475	
Vmn2r53	
Gm52176	
Tmdd1	
Gm15773	
Fignl2	FIGNL2
Vmn2r54	
Gm62031	
Mir7019	
Gm63136	
Gm55915	
Skiv2l-ps1	
Cda	CDA
Gm62209	
Gm54796	
Tnxa	
Ankrd33	ANKRD33
Prokr1	
Gm57191	
Gm9449	
Cyp21a1	CYP21A2
Or5p54	
Sel1l2	SEL1L2
Or5p55	
Fam43b	FAM43B
Or5p56	
Rpl38-ps1	
Mul1	MUL1
Gm6702	
Or5p6	OR5P2
Aplf	APLF
Or10ab4	
Gm56029	
Myd88	MYD88
Or5p57	OR5P3
Or5p4	
Gm45375	
Or5p58	OR5P2
Acvrl1	ACVRL1
Gm4199	
C4a	C4B
C4a	C4A
Or5p59	OR5P2
Amz1	AMZ1
Vmn2r55	
Camk2n1	CAMK2N1
Vmn2r56	
Txn1	TXN
Stk19	WHR1
Entr1	ENTR1
Gm6946	
Txndc8	TXNDC8
Gm18205	
Zscan18	ZSCAN18
Gna12	GNA12
Acaa1a	ACAA1
Card11	CARD11
1700047O18Rik	
Gm45315	
Gm24210	
Or51e2	OR51E2
Dxo	DXO
Gm45140	
4930577N17Rik	
Gm55039	
Gm37399	
Gm37203	
Gm16161	
Cpne9	CPNE9
Mgarp	MGARP
Svep1	SVEP1
Mixl1	MIXL1
Or51f23b	OR51C1
Or51f5	
Gm8101	
Acbd3	ACBD3
Or51f23c	
Or51u1-ps1	
Or51f23	
Or51f4-ps1	
Or51f1	OR51F1
Gm45689	
Or52r6-ps1	
Or51f2	OR51F2
Or52r1	OR52R1
Or51a8	
Gm37768	
Gm37125	
Gm57147	
Or51s1	OR51S1
5430414B12Rik	
Gm57176	
Gm57177	
Gm41914	
Gm57186	
Gm57189	
Gm18359	
Mettl18	METTL18
Gm44578	
Vmn2r-ps70	
Gm18360	
Vmn2r70	
Skic2	SKIC2
Gm16031	
Gm56254	
Gm56255	
Gm37119	
Sdk1	SDK1
Gm62433	
Vmn2r-ps72	
Sele	SELE
Acvr1b	ACVR1B
Clcn4	CLCN4
Gm9442	
Ndufc1	NDUFC1
Gm62432	
Mir6962	
AU021063	
Gm62484	
Gm43935	
Sell	SELL
Brpf1	BRPF1
Gm37646	
Ly6l	LY6L
Cypt4	
Golim4	GOLIM4
Gm36936	
Ly6h	LY6H
Prtg	PRTG
Lpar1	LPAR1
Galntl6	GALNTL6
Gpihbp1	GPIHBP1
Selp	SELP
Zfp41	ZFP41
Gm18428	
Ift80	IFT80
Gm56454	
Gm29234	
Macrod2	MACROD2
Gm27203	
A730062M13Rik	
Gm37234	
Pygo1	PYGO1
Gm46519	
Gm10033	
2810039B14Rik	
Top1mt	TOP1MT
Mau2	MAU2
Mir3095	
Gm12577	
Gm12578	
Gm12579	
Dnaaf4	DNAAF4
Mup18	
Mir5620	
Vmn2r30	
Gm18970	
Fmod	FMOD
Gm45415	
Gm38140	
Vmn2r31	
Gm8618	
Gm12573	
Mup19	
Chit1	CHIT1
Mrps12	MRPS12
Mir6971	
Mir6970	
Nelfe	NELFE
Gm15945	
Sars2	SARS2
Gm63143	
Gm62836	
Rhpn1	RHPN1
Gm44503	
Gm23567	RNU6-347P
Mup5	
Gm37710	
Ccpg1	CCPG1
Ccer2	CCER2
Chi3l1	CHI3L1
Mup-ps23	
Mup-ps17	
Mup-ps18	
Mup-ps21	
Nfkbib	NFKBIB
Mup20	
Mup3	
Gm23846	
Flrt3	FLRT3
Gm6433	
Gm43708	
Gm43556	
Gm43557	
Gm24131	RNU6-909P
Gm16036	
Gm26970	
Foxk1	FOXK1
Gm12910	
Mup21	
Sirt2	SIRT2
Calr-ps	
Zcchc9-ps	
Macrod2os2	
Macrod2os1	
Gm19967	
Zfp37	ZFP37
Gm48183	
Rpl23a-ps2	
Ogg1	OGG1
Smc4	SMC4
Gm12322	
Nup88	NUP88
Gm25583	
Fau-ps1	
Gm56455	
Rpl26-ps5	
Rbmx2-ps	
Pmpca	PMPCA
Ap5z1	AP5Z1
Gm62953	
Gm62966	
Mafa	MAFA
Gm23747	
Gm62084	
Gm63200	
Slc31a2	SLC31A2
Gm63051	
Gm62678	
Camk1	CAMK1
Gm62977	
Gm62980	
Gm62984	
Gm41406	
Gm62092	
Gm63135	
5730585A16Rik	
Gm28876	
Gm10830	
Mybph	MYBPH
Gm23148	
Dynlt5	DYNLT5
Gm28265	
D930007P13Rik	
Cmarr	
Smug1	SMUG1
Gm20589	
Gm56102	MIR628
Tada3	TADA3
Gm38192	
Pigbos1	PIGBOS1
Nhlh1	NHLH1
Cbx5	CBX5
Rab27a	RAB27A
Ncstn	NCSTN
Insl5	INSL5
Dnai4	DNAI4
Kcnn1	KCNN1
Dph6	DPH6
Mir15b	MIR15B
Mir16-2	MIR16-2
Trim59	TRIM59
Kpna4	KPNA4
Cfb	CFB
Hnrnpa1	HNRNPA1
Gm27186	
Khdc3	KHDC3L
Radil	RADIL
Arpc4	ARPC4
Rsl24d1	RSL24D1
Copa	COPA
Ttll3	TTLL3
Gm22009	
Gm37558	
Gm13972	
Pear1	PEAR1
Gm13975	
Gm28494	
Gm38215	
Gm28492	
Gm5745	
Pierce2	PIERCE2
Gm13973	
Gm28493	
Cdin1	CDIN1
Nudt16	NUDT16
Pcdh15	PCDH15
Gm12710	
Mier1	MIER1
Dusp7	DUSP7
Gtpbp3	GTPBP3
Rpl29	RPL29
Acy1	ACY1
Nfe2	NFE2
Mir1951	
Inpp5e	INPP5E
Rpain	RPAIN
Cyld	CYLD
Rinl	RINL
Rpusd3	RPUSD3
Copz1	COPZ1
Gm38164	
Pex19	PEX19
Papolb	PAPOLB
Gm43037	
Mir148b	MIR148B
Gm49482	
Gpr84	
Mmd2	MMD2
Zfp385a	ZNF385A
Kif16b	
Hnrnpl	HNRNPL
Gm31274	
Wipi2	WIPI2
Itga5	ITGA5
Mrpl58	MRPL58
Gm10171	
Dcaf8	DCAF8
Gm20547	
Gm44280	
Gm55760	
Cidec	CIDEC
Abhd14b	ABHD14B
Slc29a4	SLC29A4
C1qbp	C1QBP
Mir6972	
C2	C2
Gm43928	
Tnrc18	TNRC18
Jagn1	JAGN1
Il17re	IL17RE
Atp5pd	ATP5PD
Slc35d1	SLC35D1
Mir6963	
Gm37322	
Gtsf1	GTSF1
Pcbp4	PCBP4
Kctd2	KCTD2
Gm22310	
Snrpb2	SNRPB2
Gm44037	
4921539E11Rik	C1orf141
Gm15770	
Fbxl18	FBXL18
Dhx33	DHX33
Tagap1	TAGAP
Pea15a	PEA15
D430018E03Rik	
Otor	OTOR
Actb	ACTB
Rnaset2b	RNASET2
Ech1	ECH1
Gm14083	
Gm14082	
Gm11644	
Gm11645	
Pcsk2	PCSK2
Oma1	OMA1
Lgals4	LGALS4
Casq1	CASQ1
Gm49721	
Gm22297	
Rps6ka2	RPS6KA2
Trim80	
Gm56006	
Gm12716	
Gm56007	
Gm25877	
Gtsf2	
Bfsp1	BFSP1
Lrp8	LRP8
Mir3968	
Slc16a5	SLC16A5
Insrr	INSRR
Fscn1	FSCN1
Nckap1l	NCKAP1L
Vangl2	VANGL2
Armc7	ARMC7
Gm10286	
Cmtm1	CMTM1
Gm56263	
Gm10481	
Rps13-ps6	
Gm6641	
Derl2	DERL2
Gm25119	
Gm11673	
Gpr31a	
Gm11686	
Dstn	DSTN
Sema6c	SEMA6C
Sema3a	SEMA3A
Disc1	DISC1
Tcp10a	TCP10L
Lgals7	LGALS7B
Lgals7	LGALS7
Sec16a	SEC16A
Gm44700	
Gm37008	
Gm44878	
Gm57239	
Gm57242	
Gm57247	
Gm57248	
Gm10603	
Ccnd1	CCND1
Il17rc	IL17RC
LTO1	LTO1
Akp-ps1	
Pde1b	PDE1B
Slco6b1	
Gpr62	GPR62
Nt5c	NT5C
Parp3	PARP3
Gm7135	
Gm42680	
Mir139	MIR139
Gm7027	
Gm43130	
Gm42676	
Art2b	
Gm42675	
Gm43719	
Gm43718	
Gm18752	
Gm43340	
Mtrfr	MTRFR
Phkb	PHKB
Gm64267	
Sec1	
Gm20257	
Gm4956	
Ntn5	NTN5
Cdk2ap1	CDK2AP1
Gm11694	
Mis12	MIS12
Ptprv	
Prrt3	PRRT3
Ttll2	TTLL2
Car11	CA11
Gm49630	
Unc93a2	UNC93A
Emc3	EMC3
6330403K07Rik	
Gm12321	
Jpt1	JPT1
Gm55775	
Fancd2	FANCD2
Gm26057	
Gm6553	
Gm49632	
Sbno1	SBNO1
Tagap	TAGAP
Dbp	DBP
Ptpn7	PTPN7
Gm15377	
Nlrp1a	NLRP1
Rsph3a	RSPH3
Ppp1r1a	PPP1R1A
Sphk2	SPHK2
Sumo2	SUMO2
Glycam1	
Rrbp1	RRBP1
Arl8a	ARL8A
Rpl18	
Gm9108	
Gm49272	
Gm49273	
Gm49673	
Nlrp1b	NLRP1
Gm52196	
Gm62598	
Gm62212	
Gm62971	
Mirt2	
Gm22416	
Rnaset2a	RNASET2
Gm62154	
Gm62153	
Gm63162	
Gm56120	
Gm15445	
Rrp9	RRP9
Gpr37l1	GPR37L1
Wdr97	
Mroh1	MROH1
Slc9a2	SLC9A2
Gm16167	
Hm629797	
Smarca5	SMARCA5
Cep43	CEP43
Gm23266	
Gm23311	
Gm48818	
Gm12325	
Wscd1	WSCD1
Gm37623	
Serpinb10	SERPINB10
Iqcf1	IQCF1
Fam83e	FAM83E
Mlph	MLPH
Iqcf5	IQCF5
Iqcf4	
Spaca4	SPACA4
Sult2b1	SULT2B1
Gm13568	
Banf2	BANF2
Iqcf6	IQCF6
Gm54823	
Grm2	GRM2
Gm11687	
4930444E06Rik	
Snx5	SNX5
Prlh	PRLH
Gm28199	
Rab17	RAB17
Abhd14a	ABHD14A
Gm22927	
Gm23226	
Aipl1	AIPL1
Gm56812	
Gabpb2	GABPB2
Gm6473	
Gm2914	
Phf3	PHF3
Lmtk3	LMTK3
Gm45872	
Gab1	GAB1
Pimreg	PIMREG
Mllt11	MLLT11
Gm2950	
Faiml	FAIM
Gm11688	
Gm26165	
Notch1	NOTCH1
Gm38327	
Gm6312	
Cep70	CEP70
Sema4f	SEMA4F
Cdc42se1	CDC42SE1
Ccm2	CCM2
Gm7997	
Gm27048	
Gm4891	
Eps15l1	EPS15L1
Cul7	CUL7
Otx2os1	
Gm37522	
Gm37906	
Alyreffm3	ALYREF
Gm55778	
Gm7893	
Lgsn	LGSN
Gm128	C1orf56
Bnipl	BNIPL
Dnaaf6rt	DNAAF6
Gm45444	
Gm26145	
Gm24871	RNU5E-4P
Kcnj14	KCNJ14
Alyref2	ALYREF
Itln1	ITLN1
Grwd1	GRWD1
Grin2d	GRIN2D
Gm37450	
Cd244a	CD244
Gm30214	
Gm30275	
Gm43650	
Gm43647	
Gm47782	
E130202H07Rik	
M1ap	M1AP
Kdelr1	KDELR1
Nacad	NACAD
Prune1	PRUNE1
Gm19287	
Gm43985	
Gm43981	
Ly9	LY9
Dok1	DOK1
Gm56718	
Gm62403	
Gm62257	
Gm62519	
Gm47199	
Gm18914	
Mindy1	MINDY1
Gm62526	
Gm62976	
Gm37249	
Gm63133	
Esyt3	ESYT3
Gm62101	
Gm62765	
Gm62144	
Tgfa	TGFA
Gm63045	
Gm62428	
Pitpnm3	PITPNM3
Rpl7-ps8	
Gm7691	
Meis2	MEIS2
Gm36617	
Gm56237	RNU4-70P
Gm56237	RNU4-69P
Syngr4	SYNGR4
Tmem143	TMEM143
Zfp572	
Gm48910	
Sqle	SQLE
Gm41225	
Gm43917	
Gm7545	
Gm18862	
Fam136a	FAM136A
1700031C06Rik	
Gm63630	
Gm12849	
Efcab14	EFCAB14
Rrp36	RRP36
Snrpg	
Heatr3	HEATR3
Gm63631	
Gm63632	
Gm63634	
1700008A23Rik	
Gm28087	
Mras	MRAS
Gm63635	
Gm63636	
Gm63637	
Gm63638	
Gm63639	
Gm46458	
Washc5	WASHC5
Klhdc3	KLHDC3
Mir7683	
Gm9458	
Gm63640	
Gm63641	
Alyreffm1	ALYREF
Gm44941	
Pcyox1	PCYOX1
Emp3	EMP3
Gm63642	
Gm63643	
Gm63644	
Gm63645	
Gm53854	
Gm63646	
Anxa9	ANXA9
Gm63647	
4930438E09Rik	
Gm4850	
Gm28645	
Nme9	NME9
Alyreffm2	ALYREF
Btg2	BTG2
Odad1	
4933427D14Rik	KIAA0753
1700087I21Rik	
Armc8	ARMC8
Nuak2	NUAK2
Gm44790	
Klrh1	KLRC3
Klrh1	KLRC2
Klrh1	KLRC1
Mfsd9	MFSD9
Golt1a	GOLT1A
Gm37415	
Gm56269	
Kmt5a	KMT5A
Gm16242	
Klra17	
Cers2	CERS2
Mea1	MEA1
Kiss1	KISS1
Irf6	IRF6
4933427D14Rik	
Mir7071	
9430002A10Rik	
Gm26791	
Tent4b	TENT4B
Gm9712	
Abcc6	ABCC6
Gm49306	
Gm44248	
Gm23977	RNU6-232P
Klra5	
Txndc17	TXNDC17
4930452G13Rik	
Ascl5	ASCL5
Cacna1s	CACNA1S
Ppp2r5d	PPP2R5D
Med31	MED31
Adcy7	ADCY7
4930563E22Rik	C17orf100
Gm55402	RNU6-584P
Gm55402	RNU6-1114P
Klra6	
Tex38	TEX38
Tbrg4	TBRG4
Atpaf1	ATPAF1
Dbr1	DBR1
4930527F14Rik	
Rilpl2	RILPL2
Klra4	
Arnt	ARNT
Gm24676	RNU6-1206P
Gm45674	
Gm43988	
Gm22621	RNU6-232P
Nomo1	NOMO2
Nomo1	NOMO1
Nomo1	NOMO3
Klra8	
Gm15621	
Snrnp35	SNRNP35
Pex6	PEX6
Rilpl1	RILPL1
Gm49123	
Mob3c	MOB3C
Gm24712	RNU6-232P
Klra14-ps	
Gm41113	
Gm48255	
Gm48969	
Gm18377	
Gm23552	RNU6-232P
Mknk1	MKNK1
Gm55920	SNORA71A
Klra9	
E130101E03Rik	
Gnmt	GNMT
Gm48256	
Gm10180	
Herpud2	HERPUD2
Gm43034	
Tmed2	TMED2
Cnpy3	CNPY3
Gm8031	
Septin7	SEPTIN7
Gm55839	
Gm44010	
Gm56748	
Syn2	SYN2
Gm33525	
Gm17210	
Ddx55	DDX55
Gm49390	
Ptcra	PTCRA
Pex39	PEX39
Rpl7l1	RPL7L1
Bicral	BICRAL
Gm48272	
Myrip	MYRIP
Gm18706	
Kcnj11	KCNJ11
Gm41148	
Gm18325	
Calm3	CALM3
Timp4	TIMP4
Gm34756	
4930503F20Rik	
Gm24313	SNORA5A
Snora5c	SNORA5C
Wap	
Aebp2	AEBP2
Pnma8b	PNMA8B
Gm25815	
Pnma8a	PNMA8A
Gm56910	
Fahd1	FAHD1
Eif2b1	EIF2B1
Ift140	IFT140
Slc13a5	SLC13A5
Pnma8c	PNMA8C
Gm49099	
Ppp5c	PPP5C
Gm29434	
Kncn	KNCN
Dmbx1	DMBX1
Gm6999	
Gm15566	
Gm15565	
Gm7229	
Gm29899	
Entpd3	ENTPD3
Mir6996	
Gm13358	
2810405F15Rik	
Gm13991	
Dab2ip	DAB2IP
Faah	FAAH
Gtf2h3	GTF2H3
Gm4681	
Rpl14	RPL14
Brd7	BRD7
Hif3a	HIF3A
Gm38408	
5830454E08Rik	
Gm47062	
Gm47063	
Eif1b	EIF1B
Gm32123	
Gm42820	
Adam30	ADAM30
Gm9771	
Reg4	REG4
Ramp3	RAMP3
Gm64043	
Smad6	SMAD6
Gm42821	
Hmgcs2	HMGCS2
Tctn2	TCTN2
Gm56365	
Gm11980	
Gm11976	
Gm40332	
Gm11977	
Gm5089	
Gm55838	
Gm11979	
Lctl	LCTL
Xaf1	XAF1
Sfswap	SFSWAP
Nsun4	
Gm43189	
Phgdh	PHGDH
Gm37014	
Piezo1	PIEZO1
Camsap2	CAMSAP2
Gm48283	
Gng2	GNG2
Tmem204	TMEM204
Fbxo39	FBXO39
4833404L02Rik	
Psg16	
Telo2	TELO2
Gm56366	
Adcy1	ADCY1
Zfp697	ZNF697
Gm45219	
Gm7287	
Ceacam3	
Zwilch	ZWILCH
Hsd3b9	HSD3B2
Hsd3b9	HSD3B1
Uqcrh	UQCRHL
Uqcrh	UQCRH
Gm45032	
Psg29	
Gm43190	
Gm19210	
Hsd3b4	HSD3B2
Hsd3b4	HSD3B1
Ccdc8	CCDC8
Gm62780	
Gm6866	
Gm19211	
Gm65449	
Gm63405	
Gm63408	
Hsd3b8	HSD3B2
Hsd3b8	HSD3B1
Vmn2r-ps54	
Lrrc41	LRRC41
Gm63409	
Gm48339	
Saysd1	SAYSD1
Ccdc201	CCDC201
Or56b6	
Igfbp1	IGFBP1
Gm65450	
Vmn2r-ps87	
Gm56764	
Gm5853	
Gm65452	
Gm9678	
Kcnk5	KCNK5
Hsd3b5	HSD3B2
Hsd3b5	HSD3B1
Psg-ps1	
Igfbp3	IGFBP3
Gm12399	
Gm12400	
Hsd3b2	HSD3B2
Hsd3b2	HSD3B1
Gm42979	
Mmp17	MMP17
Gm10693	
Gm44013	
Rpl38-ps2	
Hsd3b3	HSD3B2
Hsd3b3	HSD3B1
Gm43925	
Gm62503	
Gm48394	
C1s2	C1S
Gm24912	
Gm48395	
Gm57504	
Gm53834	
2810047C21Rik1	
Gm2048	
Kcnk16	KCNK16
Hsd3b6	HSD3B2
Hsd3b6	HSD3B1
Gm3654	
Inava	INAVA
Gm65457	
Gm6139	
Zfp11	ZNF345
Gm3962	
Tekt1	TEKT1
Nudt13	NUDT13
Gm12427	
Gm12428	
Lpcat3	LPCAT3
Gm12431	
Rad54l	RAD54L
Gm12432	
Gm12433	
Gm43157	
Mrps17	MRPS17
Gm9361	
Gm65462	
Gm4609	
Gm54633	
Gclm	GCLM
Gm20482	
Vmn1r-ps47	
Gm7789	
Scgb1b21	
Gm65468	
Scgb2b23-ps	
Or52ab8-ps1	
Gm65469	
Gm18190	
Gm3912	
Gm31663	
Emg1	EMG1
Gvin-ps7	
Zfp939	
A930030B08Rik	
Gm22756	
Gm37671	
Rnf169	RNF169
Gm19087	
Atmin	ATMIN
Gm47995	
3110040M04Rik	
Gm47996	
Hdlbp	HDLBP
Mir6338	
Gm11986	
Gm18959	
Gm27393	
Gm17931	
Gm11987	
Xrra1	XRRA1
Gm56367	
1700030J22Rik	C16orf46
Gm11988	
Gm11989	
Phb2	PHB2
Smtnl2	SMTNL2
Nipsnap2	NIPSNAP2
Rpl4	RPL4
Gm17494	
Gcsh	GCSH
Gm6061	
Dnttip2	DNTTIP2
Ptx4	PTX4
Pomgnt1	POMGNT1
Pkd1l2	PKD1L2
Ggt6	GGT6
Clcn7	CLCN7
Mir760	
Bcar3	BCAR3
Tns3	TNS3
Gm44611	
Or5p73	OR5P2
Or5ag1-ps1	
Or5p74-ps1	
Or5p75	
Psph	PSPH
Or5p76	OR5P2
Gm23547	SCARNA12
Gm29008	
Gm5053	
Mir141	
Mir200c	MIR200C
Or52n4b	OR52N4
Ptpn6	PTPN6
Or56b1b	OR56B1
Gm18410	
Gm44865	
Or13a23	OR5F1
Gm63650	
Gm10638	
Gm23344	SNORD18A
Snord16a	SNORD16
Gm6376	
Gm22571	
Gm24781	
Gm23136	
Gm45804	
Gm22455	SNORD18C
Or2j6	
Snapc5	SNAPC5
C78859	
Mir138-2	MIR138-2
Ecd	ECD
Slc12a3	SLC12A3
Or13a21	
Map2k1	MAP2K1
Or12j4	
Gm42836	
Gm54652	
Mir7657	
Gm55225	
Gm43192	
Gm43193	
Cxxc4	CXXC4
Or13x1-ps1	
Or13a22	
Mir1895	
Gm43559	
Gm43558	
Gm23245	SNORA22C
Gm23245	SNORA22
Gm23245	SNORA22B
Gm6077	
Snora15	SNORA15B-2
Snora15	SNORA15
Snora15	SNORA15B-1
Sumf2	SUMF2
Gm43576	
Gm38068	
Gm43575	
Or12j5	
Adgrl2	ADGRL2
Fam149b	FAM149B1
Or13a24	
Or13a18	
Or13a28	
Or13a20	
Gm55857	
Gm48855	
Uchl4	UCHL3
Tipin	TIPIN
Or13a25	
Or12m1-ps1	
Or13a17	
Or13a26	
Mybbp1a	MYBBP1A
Or51f1d	OR51F1
Or52r1c	OR52R1
Or51f1e	OR51F1
Phkg1	PHKG1
Or51a5	
Herpud1	HERPUD1
Gm24289	SCARNA14
Dis3l	DIS3L
Gm15120	
Gm15116	
Or52e2	OR52E2
Dnajc19-ps	
Or51b17	
Or51b6	OR51B6
Or51m1	OR51M1
Or51ai2	
Gm45655	
Or51k2	
Or51k7	
Or51q1	OR51Q1
Gm4886	
Or51k3-ps1	
Or51k4-ps1	
Or51q1c	OR51Q1
Gm42790	
Or51k1	
Chchd2	CHCHD2
Or52e54-ps1	
Or52e53-ps1	
Septin2	SEPTIN2
Or52e8b	OR52E8
Or52e8b	OR52E6
Ap3s1-ps2	
Nlrc5	NLRC5
Ccdc154	CCDC154
Or52e7	
Or52e4	OR52E4
Zbed5	SCAND3
Gm8913	
Or52e5	OR52E5
Gm17989	
Gm45557	
Or56a3	OR56A3
Nupr2	NUPR2
Or56a41	
Gm17990	
Gm45558	
Or56a3b	OR56A3
Vkorc1l1	VKORC1L1
Or56a42	
Or52w1	OR52W1
Fhip1b	FHIP1B
Gm42986	
Gm43482	
Gusb	GUSB
Percc1	PERCC1
Uqcc4	UQCC4
Unkl	UNKL
Spns2	SPNS2
Gm20531	
Grcc10	C12orf57
Gm25127	
Gm10287	
Gm45234	
Gm5550	
Gm6520	
Cth	CTH
Rnu7	
Atn1	ATN1
Gm24492	
Gm24722	RNU6-5P
Plekhh2	PLEKHH2
Asl	ASL
Spns3	SPNS3
Gm20509	
Gm48129	
Eno2	ENO2
Gm48127	
Gm48114	
Gm5055	
Gm17540	
Gm35371	
Gm48288	
Clmp	CLMP
Gm43314	
Ankrd13c	ANKRD13C
Gm24349	
1700019A02Rik	
Gm48294	
Gm16095	
Gm48293	
Hspa8	HSPA8
Ttll11	TTLL11
Mir7072	
Pms1	PMS1
Dctn6	DCTN6
Ube2g1	UBE2G1
Gm64006	
Abcg5	ABCG5
Snord14c	SNORD14C
Snord14d	SNORD14D
Snord14e	SNORD14E
Gm48565	
Bsx	BSX
Gm30054	
Gm24143	
Gm56369	
Dnajc9	DNAJC9
Ankfy1	ANKFY1
Gm47932	
Gm47933	
Gm47934	
Gm37460	
Gm31326	
Gm57054	
Gm37562	
n-R5s88	
Gm37945	
9630041A04Rik	
Gm47137	
Gm8935	
4933417G07Rik	
Topaz1	TOPAZ1
Gm63945	
7530428D23Rik	
4931440P22Rik	
Gm43743	
Mrps16	MRPS16
Gm63946	
Gm42464	
Gm63948	
Gm5641	
Lurap1	LURAP1
Gm63949	
Gm8325	
Lrrc23	LRRC23
6330549D23Rik	
7330404K18Rik	
Ttc24	
Tspan1	TSPAN1
Cfap70	CFAP70
Gm43760	
Ormdl1	ORMDL1
Gm10829	
Ndufa8	NDUFA8
Gm35549	
Gm64138	
Erhrt-ps	ERH
Kif15	KIF15
Morn5	MORN5
Abcg8	ABCG8
Mboat4	MBOAT4
Gm63953	S100A9
Gm7166	
4930529C04Rik	
Gm28778	
S100a7l2	
Gm44116	
Gxylt2	GXYLT2
Gm55929	
Pglyrp3	PGLYRP3
Leprotl1	LEPROTL1
Osgepl1	OSGEPL1
Tmem69	TMEM69
Gm43764	
Nasp	NASP
Mif-ps3	
Gm28183	
Gm15576	
Gm45269	
Gm55930	
4930412B13Rik	
Loricrin	
Gm19692	
Ppp4r2	
Saraf	SARAF
Gm19739	
Gm36979	
S100a7a	
Gm25308	RNU1-98P
Thbs1	THBS1
S100a8	S100A8
S100a9	S100A9
Mir6395	
Gm9619	
Gm2875	
Irx3	IRX3
Gm42579	
Gm5284	
Pglyrp4	PGLYRP4
Gm5901	C11orf42
Cnga4	CNGA4
Irx3os	
Cyb5d2	CYB5D2
Gm28511	
Sec31a	SEC31A
Gm28551	
Gm28515	
Gm18800	
Hand2	HAND2
Asnsd1	ASNSD1
Gm4972	
Cavin3	CAVIN3
Gm35013	
Gm5849	S100A9
Gm34030	
4930595O18Rik	
Gm43941	
Gm43235	
Spsb2	SPSB2
Gm45667	
Gm63665	
Gm63964	S100A9
Gm63666	
Gm9023	
Gm4290	
Gm63667	
E2f5	E2F5
Gm29754	
Cyp2f2	CYP2F1
Gm63668	
Gm63669	
Upp1	UPP1
Gm45472	
Gm31786	
Tpi1	TPI1
Gm10728	
Supt20	SUPT20H
Gm29233	
Lhx6	LHX6
Gm44640	
Cyp2t4	
Lrpprc	LRPPRC
Egln2	EGLN2
Gm63670	
Asdurf	ASDURF
Gm63672	
Gm28779	
Gm51560	
Gm6799	
4930517G24Rik	
Gm6801	
Gm55384	
Rpl31-ps24	
Rpl10a-ps1	
Gm24788	
Akr1cl	
Akr1a1	AKR1A1
Gm63673	
Rab4b	RAB4B
Gm63674	
Gm63675	
Gm39251	
A330074K22Rik	
Usp5	USP5
Gm32389	
Gm45163	
Gm47148	
Tmem42	TMEM42
Gm16675	
Gm11993	
Abca13	ABCA13
Gm49323	
Tgm4	TGM4
Gm8550	
Gm63676	
Cryge	
Gm63677	
Gm63678	
Gm51564	
Anxa7	ANXA7
Gm39170	
Gm63679	
Gm63680	
Gm25137	RNU6-729P
Prdx1	PRDX1
Gm31172	
Crygd	
Gm21983	
Gm63681	
Gm63682	
Gm63683	
Gm63684	
Mir3101	
Mia	MIA
Gm39151	
Gm63685	
Gm63686	
Gm63687	
Gm63688	
Crygc	CRYGC
Gm39281	
Gm63689	
Gm63690	
Gm63691	
Gm63692	
Snrpa	SNRPA
Gm45505	
Gm63693	
Crygb	CRYGB
Gm7329	
Gm63694	
Cryga	CRYGA
Gm63695	
Gm63696	
Gm30397	
Gm63697	
Gm63698	
Gm63699	
Cdca3	CDCA3
Gm4791	
Gm39166	
Usp28	USP28
Gm63700	
D630023F18Rik	C2orf80
Gm35254	
1700047A11Rik	
Gm49979	
Ccpn-ps	
Fut4-ps1	
Gm30107	
Gm56460	
Gm26066	RNU6-464P
Fsip1	FSIP1
Dync2li1	DYNC2LI1
Man1c1	MAN1C1
Actmap	ACTMAP
Idh1	IDH1
Gm63701	
Gm38572	
Gnb3	GNB3
Gm63702	
Gm63703	
Gm63704	
Gm63705	
Ppp1r2-ps5	PPP1R2
Ppp1r2-ps5	PPP1R2B
Gm44621	
Dynlt1b	DYNLT1
Mir1191	
Itpkc	ITPKC
Gm56277	
Gm56278	
Gm56279	
K230015D01Rik	
Gm56280	
Lin54	LIN54
Tmem181b-ps	
Gm63706	
4930518J21Rik	
Gm36954	
Gm11996	
Gm11997	
Gm56281	
Vwc2	VWC2
Gm19620	
Gm56282	
Cops4	COPS4
P3h3	P3H3
Dynlt1c	DYNLT1
5033405D04Rik	
Coq8b	COQ8B
Gm63707	
Gm63708	
Gm30247	
Gm63709	
Gm63710	
Dynlt1f	DYNLT1
Gm63711	
Gm56461	
Gm10637	
Ldlrap1	LDLRAP1
Gm29232	
Plch1	PLCH1
A930104D05Rik	
Gm56371	
Zzef1	ZZEF1
Dtd1	DTD1
Gm39261	
Gm10232	
Gm63712	
Gm16569	
Gm63713	
Gm5479	
Gm63714	
Gm25909	
Gm63715	
Pisd-ps2	
Gm63716	
Gm63717	
Gm31774	
Pikfyve	PIKFYVE
Gm5679	
Gm63718	
Gm36271	
Gm4829	
Gm56834	
Gm21926	
Scaf8	SCAF8
Gm63719	
Gm63720	
Rnf186	RNF186
Gpr176	GPR176
Gm52138	
Gm63721	
Gm63722	
Gm63723	
Tmco4	TMCO4
Gm34025	
Gm63633	
Gm39219	
Gm63724	
Gm63006	
Gm56462	
Gm50494	
Gm11743	
Gm62631	
Gm63725	
Scp2d1	SCP2D1
Gm62621	
4933433F19Rik	
Gm63538	
Ear6	RNASE2
Ear6	RNASE3
Gm11746	
Rbm18	RBM18
Gm63726	
Gm53396	
Gm63727	
Mettl17	METTL17
Gm63728	
Gm39168	
Gpr162	GPR162
Gm63729	
Gm63730	
Gm63731	
Gm56849	
Gm49798	
4930579O11Rik	
Gm46578	
Gm6475	
Tiam2	TIAM2
Gm42045	
Cd4	CD4
Gm44641	
Gm63732	
Plac8	PLAC8
Gm63733	
Numbl	NUMBL
Gm45666	
Gm56857	
Gm38415	
Gm63734	
Gm63735	
Gm45703	
Fendrr	
Zw10	ZW10
Mrrf	MRRF
Gm63737	
Gm63738	
Gm63740	
Gm63741	
Gm63742	
Gm63743	
Gm63744	
Gm15570	
Gm63745	
Gm51570	
Shkbp1	SHKBP1
Gm63746	
Gm45305	
Gm32678	
Gm63747	
Gm63748	
Gm63749	
Gm51580	
Gm13428	
Lag3	LAG3
Slc24a3	SLC24A3
Gm63750	
Gm31367	
Coq2	COQ2
Gm63751	
Gm63753	
Gm45646	
Gm35542	
Tmprss5	TMPRSS5
Ptms	
Gm63754	
Gm39233	
Gm63755	
Gm63756	
Gm30712	
Htr6	HTR6
Gm63757	
Gm38555	
Gm63758	
Mlf2	MLF2
Gm45533	
Gm63759	
Nbl1	NBL1
Gm63761	
Gm63762	
Gm63763	
Gm63764	
Gm63765	
C130073E24Rik	
Hpse	HPSE
Micos10	MICOS10
Gm63766	
Gm63767	
Gm63768	
Gm63769	
Gm57158	
Gm16180	
Hspe1-ps4	
Gm63770	
Capzb	CAPZB
Gm63771	
Gm56464	
Gm63772	
Gm56465	
Gm63773	
Gm11759	
Ptgs1	PTGS1
Gm63774	
Gm63775	
Gm44956	
BC048644	
Lncbate1	
Gm63776	
Helq	HELQ
Gm39171	
Gm63777	
Gm63778	
Gm63780	
Gm32536	
Gm35543	
Cops7a	COPS7A
Gm63781	
Gm20479	
Gm63782	
Gm44924	
Gm63783	
Blvrb	BLVRB
Gm63785	
Gm63786	
Gm63787	
Gm63788	
Gm39150	
Gm43621	
Or1u1-ps1	
Gm11606	
Gm11605	
Or1j8	
Adam23	ADAM23
Slc39a2	SLC39A2
Egfl7	EGFL7
Gm63789	
Gm39206	
Gm46061	
Gm45584	
Ndrg2	NDRG2
Gm45572	
Pgam1-ps2	
Gm63792	
Sertad3	SERTAD3
Gm32327	
Sertad1	SERTAD1
Gm63793	
Gm63794	
Gm63795	
Gm63796	
Prx	PRX
Gm45708	
Gm39154	
Gm63797	
Gm63798	
Gm9951	
5430421F17Rik	
Gm49221	
Gm23851	RNU6-198P
Pianp	PIANP
Tfb1m	TFB1M
Zpbp	ZPBP
Drd2	DRD2
Gm63799	
Gm63800	
Gm40486	
Gm63801	
Gm63802	
Gm63803	
Gm15890	
Cldn20	CLDN20
Nox3	NOX3
Gm45740	
Ankk1	ANKK1
Hipk4	HIPK4
Gm63804	
Gm15889	
Mrps18c	MRPS18C
Gm12598	
Gm26458	
Gm12599	
Gm44788	
Gm56372	
Gm6733	
Ttc12	TTC12
Spmip7	SPMIP7
Pld3	PLD3
Gm63805	
Gm39139	
Capn13	CAPN13
Gm63806	
Gm33632	
Gm33577	
1700085D22Rik	
Zfp384	ZNF384
Gm63808	
1700040B14Rik	
Gm63809	
Gm34370	
Gm63810	
Gm26121	
Gm27016	
Gm56373	
4930512M02Rik	
Gm29896	
Gm20406	
Ddc	DDC
Gm43511	
2810030D12Rik	
Abraxas1	ABRAXAS1
Gm57029	
Mir101c	
Gm32390	
Gm48401	
Gm48407	
Gm63812	
Pate12	
Gm63813	
Gm63815	
Pate11	
Gm63816	
Gm27160	
Pate9	
Gm56825	
Gm49875	
Slc66a1	SLC66A1
Galnt14	GALNT14
1700120C18Rik	
Gm27218	
Gm20735	
Gm48431	
Pate8	
Gm46036	
Art2a	
4930535O05Rik	
Pate14	
Leat1	
Etv2	ETV2
Gm63817	
Gm63818	
Gm63819	
Gm63820	
Gm15350	
Rbm42	RBM42
Vsig10l2	VSIG10L2
Ddx25	DDX25
Gm43513	
Gm43514	
Gm33633	
Gm26286	
Gm63821	
Gpat3	GPAT3
Gm63822	
Gm63823	
Gm63824	
Gm63825	
4930555F03Rik	
Akr7a5	AKR7L
Gm21982	
Gm25058	
Atp2a3	ATP2A3
Pus3	PUS3
Gm55935	
Gm55936	
Ccnd3-ps	
Mrto4	MRTO4
Haus5	HAUS5
Gm49876	
Gm55377	
Gm49877	
Hyls1	HYLS1
Gm64381	
Ehd3	EHD3
Gm42987	
Pate2	PATE2
Rcc1l	RCC1L
Gm4948	
Gm64426	
Gm36684	
Gpr31c	
Tcp10c	TCP10L
Emc1	EMC1
Tppp2	TPPP2
Gm6762	
Gm10105	
Pate4	PATE4
Rnase13	RNASE13
Gm49076	
Chd4	CHD4
Arhgef40	ARHGEF40
Pate3	PATE3
B230377A18Rik	
Pate1	PATE1
Gtf2ird2	GTF2IRD2
Gtf2ird2	GTF2IRD2B
Pate10	
Gm19283	
Gm49934	
Pate7	
Gm30209	
Gm63826	
Gm34730	
Gm8597	
Gm27235	
4930405E02Rik	
Gm25730	
Rnu6	
2700054A10Rik	
Pate6	
Gm63827	
Gm32377	
Gm39183	
Gm63828	
Gm36974	
Pate5	
Gm63829	
Gm63830	
5033426E14Rik	
Gm49936	
Gm3428	
Gm63832	
Gm16050	
Gm31288	
9430091E24Rik	
Gm10505	
Gm53459	
Pate13	
Gm26832	
Pmis2	PMIS2
Gm48348	
Gm5916	
Gm46069	
Gm15418	
Gm3434	
2200002J24Rik	
Pigyl	PIGY
Gm4883	
Atp4a	ATP4A
Oaz3	OAZ3
E030037K01Rik	
Rpl15-ps3	
Zfp872	ZNF627
4831440D22Rik	
Gm56285	RN7SKP113
Ncf1	NCF1
Gm56913	
Gm63833	
Gm3235	
Gm18228	
Gm49906	
Gm39155	
Zfp809	
Gm63834	
Gm63835	
Vangl1	VANGL1
Gm56868	
Gm22281	RNU6-1314P
Gm22281	RNU6-89P
Gm64443	
Fam237a	FAM237A
Gm63836	
Dytn	DYTN
Gm63837	
Gm64444	
Gm48478	
Snhg9	
Zfp599	
Gm63838	
Gm63839	
Gm34773	
Gm51605	
Gm64447	
Gm64452	
Gm39307	
Gm63840	
Zfp810	
Gm41549	
E230013L22Rik	
Gm64454	
Gm3255	
Gm32728	
Gm12748	
Mdh1b	MDH1B
Gm63841	
Ubr4	UBR4
Gm10190	
Gm63842	
Gm64460	
Gm63843	
Gm48627	
Gm64462	
Gm63844	
Gm18225	
Gm64463	
Gm6607	
Gm63845	
A130014A01Rik	
Anln	ANLN
Gm6410	
Ntng1	NTNG1
Gm63846	
Gm63847	
Gm63848	
Fastkd2	FASTKD2
Gm39124	
4933416M07Rik	
Or1j9-ps1	
Gm63849	
Or1j10	
Gm63850	
Gm63851	
Gm45274	
Gm13430	
Or1j11	
Gm39130	
Gm63852	
Or1j12	
Gm63853	
Gm63854	
Gm63856	
Gm20532	
Gm63857	
Gm56859	
Gm63858	
Gm63859	
Gm63860	
Rin2	RIN2
Gm63861	
Gm39157	
Tmem147	TMEM147
Gm63862	
Gm39163	
Gm64477	
Gm64478	
Gm63863	
Gm64481	
1700041G16Rik	
Gm64482	
Gm2885	
Gm33687	
Gtf2i	GTF2I
Gm63864	
Gm63865	
Gm64491	
Gm13751	
Gm63866	
Mir6899	
Gm50242	
Snord89	SNORD89
Gm53446	
Rnf149	RNF149
Gm45075	
Gm48646	
Gm48652	
Rp9	RP9
Gm64495	
Gm64496	
Gm63867	
Gm38396	
Gm63868	
Gm63869	
Gm63870	
Gm63871	
Gm64505	
Gm21283	
Gm64507	
Gm52301	
Gm49853	
Gm53261	
Gm64510	
Gm64511	
Gm64512	
Gm36312	
Gm63872	
Gm63873	
Gm63874	
Gm63875	
Gm63876	
Gm64515	
Gm64516	
Gm16159	
Gm64518	
Gm64522	
Matcap2	MATCAP2
Gm64524	
Gm23722	
Gm5100	
Creg2	CREG2
Gm64525	
Gapdhs	GAPDHS
Gm15816	
4933426B08Rik	
Arhgef38	ARHGEF38
Rfx8	RFX8
Gm64528	
Gm34036	
B230317F23Rik	
Gm64533	
Gm64535	
8430430B14Rik	
Gm2976	
Gm63877	
Gm16165	
Mir126a	MIR126
Gm16164	
Or1j13	
Gm47181	
Gm63878	
Mir126b	
Gm63879	
Or1j14	
Gm63880	
Gm10319	
Gm11763	
Gm35520	
Gm47783	
Gm56466	
Pdlim5	PDLIM5
Gm11764	
Gm47179	
Or1ao1-ps1	
Or1j15	
Mug-ps1	
Gm64545	
Gm57241	
Map4k4	MAP4K4
Gm64546	
Cckbr	CCKBR
Gm64547	
Or1j16	
Gm64549	
Or1j17	
Gm53974	
Gm45814	
Or7g20	OR7G2
Or1j18	
Or7g21	
Agpat2	AGPAT2
Gm64554	
Gm32589	
Gm35204	
Or7g22	
Or7f1-ps1	
Or7g23	
Gm64555	
Gm64556	
Gm63881	
Or8c18	
Gm64560	
Gm63882	
Gm63883	
Gm64562	
Gm63884	
Gm56886	
Gm63885	
Gm64563	
Tent5a	TENT5A
Gm64565	
Gm63886	
Gm64567	
0610038B21Rik	
Gm64570	
Fgf15	FGF19
Gm64571	
Gm64573	
Gm64575	
4930548J01Rik	
Gm36927	
Gm48833	
Obox4-ps33	
Gm57035	
Gm23714	RNU6-86P
Gm23714	RNU6-822P
Obox4-ps34	
Carm1	CARM1
Ranbp2-ps11	
Gm54486	
Obox5	
Gm13438	
Gm63887	
Apobec1	APOBEC1
Or1j19	
Gm63888	
Gm63889	
Gm63890	
Gm63891	
Nudt12os	
Gm63892	
Gm63893	
P2rx1	P2RX1
Or1j21	
Gm45488	
1700014L14Rik	
Gm13436	
Ranbp2-ps12	
Naa20	NAA20
Gtpbp4-ps7	
Obox4-ps35	
Obox6	
Gm63894	
Gm64584	
Gm63895	
Gm6476	
Gm64585	
Crx	CRX
Gm63896	
Gm64586	
Gm16118	
Gm64587	
Gm64588	
Gm64589	
Gm64590	
9530057J20Rik	
Gm63897	
Gm63898	
Gm63899	
Gm63900	
Frs3os	
Gm31225	
Gdf3	GDF3
Gm56871	
Gm26168	
Dppa3	DPPA3
Gm64593	
Gm36798	
Ass-ps1	
Selenow	SELENOW
Gm64596	
Gm64597	
Gm64598	
Klrg1	KLRG1
Grb10	GRB10
Gm64599	
Gm64600	
Gm16116	
Gm64602	
Gm63901	
Gm64604	
Gm53404	
Gm63902	
Gm64605	
Gm63904	
Gm64607	
Gm63905	
Gm64613	
Gm63906	
Nop53	NOP53
Gm64614	
Gm64616	
Gm45307	
Gm54487	Metazoa_SRP
Gm44227	
Gm64617	
M6pr	M6PR
Gm64618	
Gm26747	
Or1j1	OR1J1
Gm64619	
Gm64621	
Dipk1b	DIPK1B
Gm17830	
Gm63907	
Gm33501	
Gm63908	
Gm63909	
Gm63910	
9530052E02Rik	
Phc1	PHC1
Or1v1-ps1	
AY702103	
Snora43	
Snora17	
Or1j4	OR1J4
Gm63911	
Snord23	SNORD23
Gm42032	
Gm24576	Metazoa_SRP
Ehd2	EHD2
Gm36392	
Or1n1	OR1N1
Gm63912	
Gm63913	
Gm39283	
Lcn4	OBP2A
Lcn4	OBP2B
Gm64628	
Gm64629	
4732491K20Rik	
Gm63914	
Bicra	BICRA
Or1j20	
Gm13359	
Gm28231	
Or1n1b	OR1N1
5430403N17Rik	
Gm5066	
Gm63915	
Gm47620	
Gm63916	
Crnkl1	CRNKL1
Gm63917	
Nt5e	NT5E
Gm63918	
Gm64632	
Gm63919	
Gm64633	
Gm56882	
Gm30509	
Gm63920	
D630011A20Rik	
Zfp541	ZNF541
Gm36200	
Gm64636	
Gm17276	
Gm63921	
Gm63922	
Gm63923	
Snx14	SNX14
Gm63924	
Gm63925	
Gm39236	
4930579D07Rik	
Gm63926	
Gm63927	
1700096P03Rik	
Gm50240	
Or1n2	OR1N2
Gm63928	
Gm63929	
Gm63930	
Gm64639	
Gm64640	
Abo	ABO
Gm63931	
Gm63932	
Gm27030	
Gm63933	
Gm53407	
Gm39185	
Gm63934	
Gm44516	
Gm63935	
Gm33175	
Napa	NAPA
Surf6	SURF6
4930453L07Rik	
Gm16617	
Zfp219	ZNF219
Gm24036	
Gm12001	
Camkk1	CAMKK1
1700015I17Rik	
Gm63936	
Gm64649	
Gm64650	
Gm63937	
1600022D10Rik	
Gm64652	
Gm35593	
Gm13437	
Or12k8	
Gm50000	
Kptn	KPTN
Gm64661	
Med22	MED22
Gm64663	
Gm41566	
Gm54007	
Gm36279	
Gm34507	
Gm55972	
Slc45a1	SLC45A1
Gm64672	
Gm64673	
Gm41640	
Or1b1	OR1B1
Tmem253	TMEM253
Olfr363-ps	
Or1l4b	
Spata20	SPATA20
Gm64683	
Gm63938	
Or1l4	
Gm39204	
Gm64684	
Slc8a2	SLC8A2
Gm13435	
Or1af1	
Gm64687	
Gm64688	
Cfap61	CFAP61
Gm49086	
Gm56923	
Gm56881	
Gm64689	
Gm49256	
Gm45469	
Gm56887	
Camta1	CAMTA1
Or5au1	OR5AU1
Gm64690	
Gm64691	
Gm64692	
Gm63939	
Gm63940	
Gm22354	SNORD58B
Gm8586	
Gm63941	
Gm19254	
Gm49258	
Gm33082	
Rimklb	RIMKLB
Hnrnpc	HNRNPCL1
Hnrnpc	HNRNPCL2
Hnrnpc	HNRNPCL3
Hnrnpc	HNRNPCL4
Hnrnpc	HNRNPC
Gm63943	
Gm63944	
Gm34751	
3110040N11Rik	C15orf40
Gm45602	
Gm45822	
Ncbp3	NCBP3
Gm64704	
Gm63947	
Gm33587	
Gm64705	
Gm53999	
Gm64710	
Proscos	
1700122H20Rik	
Gm45845	
Btbd1	BTBD1
Mfap5	MFAP5
Gm63950	
Gm39133	
Gm45430	
AA388235	
Gm31165	
Gm63951	
Gm63952	
Gm63954	
BC051226	
Gm30925	
Trim55	TRIM55
Gm64719	
Tm6sf1	TM6SF1
Gm64720	
Gm64721	
Gm64722	
Gm63955	
Gm19412	
Gm63956	
Gm39122	
Gm63957	
Gm64723	
Gm63958	
Itgae	ITGAE
Gm63959	
Gm64724	
Gm30504	
4930435F05Rik	
Clk2	CLK2
Gm64728	
Gm64729	
Gm34858	
Gm63960	
Gm6329	
Gm16348	
Gm64730	
Gm63962	
Gm64732	
Gm28516	
Gm64733	
Gm64735	
Gm33890	
Gm10163	
Gm20537	
Gm63963	
Aicda	AICDA
Gm64738	
Gm45014	
4930567H12Rik	
Gm45867	
Gm41645	
Hdgfl3	HDGFL3
Gm28229	
Syncrip	SYNCRIP
Gm64739	
Gm64740	
Gm22306	
Or5c1	OR5C1
Gm16557	
Creld1	CRELD1
Rpl7a	RPL7A
Gm64745	
Gm64747	
1700071M16Rik	
Gm37141	
Dnajc11	DNAJC11
Gm45088	
Gm45380	
Phox2a	PHOX2A
A230045G11Rik	
Moxd2	
Inppl1	INPPL1
Gm63965	
Insm1	INSM1
Gm63966	
Gm63967	
Pdcl	PDCL
Gm63968	
Gm63969	
Gm38276	
Trbv1	
Gm63970	
Gm63971	
Gm63972	
Gm39222	
4930506A18Rik	
Prss58	PRSS58
Gm63973	
Gm35228	
4933406B17Rik	
Gm16069	
Gm6073	
Gm63974	
Gm6204	
Prss59	
Gm26714	
Aqp10-ps	
4930456G14Rik	
Ilf2	ILF2
Il1r2	IL1R2
Gm64755	
Gm23969	SNORD24
Gm22879	SNORD36B
Gm64756	
Gm63975	
Gm24134	SNORD36A
Gm24134	SNORD36
Gm16168	
Eif2ak4	EIF2AK4
Gm30845	
Gm64757	
Gm41582	
Gm9984	
A230009B12Rik	
Gm45774	
Gm4744	
Gm63976	
Gm17491	
Gm64758	
Gm64759	
Gm41626	
Gm29588	
1810009J06Rik	
Gm30757	
Gm63977	
Gm64760	
Gm63978	
Gm64761	
Gm42056	
Gm64762	
Gm16169	
Gm37347	
Gm64763	
Gm28845	
Gm64765	
Gm28169	
Gm2663	
Gm7195	
Gm28168	
Gm34972	
Gm17777	
Gm24030	
Gm54705	
Gm28361	
Gm49926	
Zfp813-ps	
Gm38015	
Gm28362	
4933407O12Rik	
Gm37878	
Gm39140	
Gm28359	
Gm18182	
B020011L13Rik	ZNF775
Gm64773	
Gm64775	
Gm39129	
Gm64777	
Zfp658	
BC051537	
Gm63979	
Gm28358	
Gm29490	
Gm63980	
Haspin	HASPIN
Gm29104	
Gm63981	
Gm28360	
Gm39228	
Gm10521	
P2rx5	P2RX5
Gm23939	
Snrpe	SNRPE
Gm38294	
4833411C07Rik	
Prss3b	
Snapin	SNAPIN
Gm64783	
Gm64785	
Gm64787	
Gm15318	
Trbv2	
Trbv3	TRBV2
Trbv4	TRBV3-1
Dok2	DOK2
Thap3	THAP3
Trbv5	TRBV4-1
Trbv5	TRBV4-2
Trbv6	
Gm63982	
Chtop	CHTOP
Trbv7	
Gm49885	
Gm45237	
Trbv8	
Trbv9	
Trbv10	
Zbed6	ZBED6
Trbv11	
Trbv12-1	TRBV13
Phf13	PHF13
Trbv13-1	TRBV10-2
Trbv13-1	TRBV10-3
Trbv13-1	TRBV10-1
Gm63983	
Trbv12-2	TRBV13
Gm63984	
Gm62523	
Gm62521	
Gm63985	
Gm63986	
Trbv13-2	TRBV10-2
Trbv13-2	TRBV10-3
Trbv13-2	TRBV10-1
Gm63987	
Trbv12-3	
Gm63988	
Trbv13-3	TRBV10-2
Trbv13-3	TRBV10-3
Trbv13-3	TRBV10-1
Gm9768	
Gm34442	
Klhl21	KLHL21
Trbv14	TRBV11-1
Trbv14	TRBV11-3
Trbv14	TRBV11-2
Gm63989	
Gm31603	
Trbv15	TRBV12-4
Trbv15	TRBV12-3
Gm34500	
Emc6	EMC6
Trbv16	TRBV12-5
Zbtb48	ZBTB48
1700064F23Rik	
Trbv17	TRBV15
Tax1bp3	TAX1BP3
2410012E07Rik	
Trbv18	
Trbv19	TRBV19
Gm62973	
Gm63440	
Trbv20	TRBV20-1
Trbv20	TRBV20OR9-2
Gm63990	
Gfra2	GFRA2
Gm63991	
Gm63992	
Trbv21	
Lax1	LAX1
Gm63993	
Gm63994	
Trbv22	
Gm63995	
Trbv23	TRBV23-1
Tex24	
Trbv24	
Trbv25	
Trbv26	TRBV23-1
Gm2719	
Trbv27	
Trbv28	
Atp2b4	ATP2B4
Folr2	FOLR2
Gm38593	
Trbv29	TRBV28
Gm39226	
Cobl	COBL
Trbv30	TRBV29-1
Gm10494	
Gm39153	
Gm64810	
Try4	PRSS1
Try4	PRSS3
Try4	PRSS2
Gm64812	
Gm64813	
1810073O08Rik	
Gm63996	
Gm64816	
Gm64818	
Gm63997	
Gm63998	
Gm63999	
Gm18964	
Gm64819	
Gm64000	
Try5	PRSS1
Try5	PRSS3
Try5	PRSS2
Tas1r1	TAS1R1
Gm64001	
Gm45319	
Folr1	
Try10	PRSS1
Try10	PRSS3
Try10	PRSS2
Nol9	NOL9
Gm64002	
Gm64003	
Gm64004	
Gm39149	
S100a1	S100A1
Prss3	PRSS1
Prss3	PRSS3
Prss3	PRSS2
Gm64823	
Gm34588	
Gm64824	
Gm45335	
Gm64827	
Gm64005	
S100a13	S100A13
Prss1l	PRSS1
Prss1l	PRSS3
Prss1l	PRSS2
1700024P12Rik	
Gm35692	
S100a14	S100A14
Gm56839	
Gm38306	
Gm64007	
Gm64832	
Gm46054	
Gm64008	
Gm64834	
Gm64009	
Gm36437	
Gm34703	
Gm5409	
Gm64010	
6530411M01Rik	
Gm64011	
Gm63437	
Prss3l	PRSS1
Prss3l	PRSS3
Prss3l	PRSS2
Gm64012	
Gm45370	
Gm49289	
Gm63042	
S100a16	S100A16
Gm64013	
Gm4251	
Gm64839	
Gm64015	
Gm46609	
Gm64016	
Gm64017	
Gm64018	
Gm9908	
Gng12	GNG12
Gm64019	
Gm39199	
Gm62560	
Gm37455	
Gm41203	
4930429C20Rik	
Gm24593	RNU6-335P
Gm24593	RNU6-421P
S100a2	S100A2
Gm64020	
Gm64849	
Gm39280	
Gm64850	
Gm23464	
S100a3	S100A3
Gm64852	
Gm64021	
Gm41637	
Gm64854	
Gm56902	
Gm63414	
Gm64855	
Gm64022	
Gm30938	
Gm9192	
Gm42674	
S100a4	S100A4
Gm64023	
4930434J06Rik	
Gm64024	
Gm30931	
4930471L23Rik	
Gm56358	
Tomt	TOMT
S100a5	S100A5
Gm64026	
Gm64027	
Gm64028	
S100a6	S100A6
Gm35162	
Lamtor1	LAMTOR1
Gm13133	
Gm64030	
Gm13134	
Gm64031	
Prdm16os	
Gm64032	
Gm4566	
1700125H03Rik	
4930502C17Rik	
Gm27202	
Gm23175	
Gm9791	
Gm41635	
Gm15644	
Actrt2	ACTRT2
Gm64861	
Fxr1	FXR1
Gm29848	
Gm64862	
Tnfrsf14	TNFRSF14
Gm64863	
Gm25260	
Gadd45a	GADD45A
Gm64864	
Lrrc51	LRRC51
Gm64866	
Gm34801	
Gm64867	
Gm64868	
2410021H03Rik	
Gm64033	
Gm64034	
Gm63426	
Gm64035	
Gm56855	
Gm8566	
Gm64036	
Gm64871	
Gm53400	
Gm62524	
Gm35079	
Gm44052	
Gm27217	
Gm64037	
Gm41204	
Gm64038	
Serbp1	SERBP1
Gm23735	RNU1-101P
Gm41205	
Gm29821	
Gm49290	
Gm64873	
Gm62683	
Gm64874	
Gm64875	
Gm63328	
Gm31143	
Gm9195	
C330024C12Rik	
Gm64881	
Gm64882	
Gm20421	
Gm20098	
Gm63357	
Hes5	HES5
Gm63363	
Gm63565	
Gm49794	
Mlnr-ps	
Fndc3a	FNDC3A
Gm64884	
Gm64885	
Pank4	PANK4
Gm64886	
Gm64887	
Snord50a	
Gm64888	
Snord50b	
Gm22985	
Gm64889	
Gm39202	
Zfp949	
Gm56898	
Gm26693	
Gm45798	
Gm64892	
Numa1	NUMA1
Gm29050	
Gm32532	
Gm64896	
Gm64039	
Gm45349	
Gm22156	
Gm22789	
Gm26461	
Gm12003	
Trim43a	TRIM43
Trim43a	TRIM43B
Gm12005	
Gm64898	
Gm12006	
Pom121l12	POM121L12
Gm41603	
Gm12007	
Gm12008	
Gm12009	
Gm24707	RNU6-609P
Gm25490	
Gm64900	
Gm12010	
4933400B14Rik	
Gm37319	
Gm12011	
Ctns	CTNS
Gm64901	
Gm64903	
Gm64905	
Gm64040	
Gm64907	
Gm64910	
Gm64912	
Gm64041	
Gm64915	
Gm64917	
Gm64918	
Gm29603	
Gm23017	
Gm38214	
Gm64919	
Gm37226	
Smarca4	SMARCA4
Gm64920	
Gm64042	
Rab11bos1	
Gm30954	
Gm26749	
Gm16549	
Mir6903	
Gm37368	
Gm10537	
Gm63407	
Gm28363	
Gm25168	
Gm63412	
Gm6060	
Gm49293	
Gm35125	
Gm28669	
Terf1	TERF1
Gm35218	
Gm31645	
Gm41206	
Gm64929	
Gm64930	
Gm63404	
Gm32282	
Gm4606	
Gm41207	
Gm37509	
Sbspon	SBSPON
Gm36537	
A230065C20Rik	
Gm62226	
Tmem240	TMEM240
Gm64933	
Gm30244	
Gm9902	
Gm55274	
Gm7634	
Gm62231	
4930444P10Rik	C8orf89
Vstm2a	VSTM2A
Gm34265	
Zdhhc21	ZDHHC21
Rpp14	RPP14
Gm16347	
Htd2	HTD2
Gm48995	
Rpl7	
Ccdc202	
Gm44050	
Gm8523	
Il12rb2	IL12RB2
Gm45312	
Gm18885	
Gm45313	
Gm19099	
Il18bp	IL18BP
Gm62988	
Gm15515	
Gm46038	
Gm63482	
Gm33173	
Gm52124	
Gm62783	
Gm63474	
Shpk	SHPK
Gm63473	
Gm63388	
Gm63389	
Gm62438	
Gm63336	
Surf1	SURF1
Gm63291	
Gm18076	
Gm17215	
Gm9391	
Cer1	CER1
Ipo5	IPO5
Gm8574	
Gm44208	
Rdh10	RDH10
Gm24884	
Gm11248	
Igkv13-85	
Gm12727	
Rnf121	RNF121
Gm26047	
Gm64943	
Gm12731	
Gm41629	
Gm12730	
Gm39159	
Gm64947	
Gm37253	
Igkv13-84	
Gm11543	
Pcsk9	PCSK9
Gm12012	
Gm64949	
Gm16021	
Gm33158	
Igkv4-83	
Gm22456	RNU1-46P
Gm49860	
Sec61g	SEC61G
Igkv13-82	
Igkv4-81	
Gm38249	
Igkv13-80-1	
Gm28095	
Gm64955	
Igkv4-80	
Gm43667	
Gm64044	
Stau2	STAU2
Gm30139	
Dnajc19	DNAJC19
Gm33968	
Igkv4-79	
1110058D11Rik	
Igkv13-78-1	
Igkv4-78	
Gm64958	
Gm64959	
Gm43583	
Gm64961	
Gm64962	
Gm27168	
Gm64963	
Gm64964	
Igkv4-77	
Gm64965	
Bsnd	BSND
Gm64966	
Igkv13-76	
Gm64969	
Gm49984	
Igkv4-75	
Igkv13-74-1	
Gm53010	
Igkv4-74	
Tmem61	TMEM61
Gm64971	
Gm64972	
Gm64973	
Gm56905	
Igkv13-73-1	
Igkv4-73	
Gm64974	
Gm64975	
2700068H02Rik	
Gm64976	
Igkv4-72	
Rps15a-ps4	
Gm52296	
Gm65279	
Gm12691	
Gm64977	
Gm27167	
4930448K20Rik	
Gm64978	
Ptma-ps2	
2010106C02Rik	
Igkv13-71-1	
Gm65284	
Akt2-ps	
Igkv4-71	
Magoh	MAGOH
Gm12663	
Gm12664	
Gm56392	
Gm64979	
Gm25698	RNU6-536P
Gm25698	RNU6-1195P
Igkv4-70	
Gm43668	
Col1a1	COL1A1
Gm5708	
Gm64980	
Gm54564	
Gm54565	
Mir1897	
Gm64981	
Gm42692	
Gm64045	
Sox2	SOX2
Gm41541	
Igkv4-63	
Gm53435	
Gm54566	
Gm42693	
Igkv13-62-1	
Gm25487	
Igkv4-62	
Jade1	JADE1
Igkv13-61-1	
Rc3h2	RC3H2
Igkv4-61	
Gm64984	
Igkv4-59	
Anapc15	ANAPC15
Gm64985	
Igkv4-60	
Igkv4-58	
Airn	
5830468F06Rik	
Gm35572	
Rn7s6	RN7SL674P
Gm54521	
Igkv13-57-2	
Prss1	PRSS1
Prss1	PRSS3
Prss1	PRSS2
Czib	CZIB
Gm64046	
Gm45903	
1500004F05Rik	
Gm64047	
4930566D17Rik	
Gm37301	
Gm31727	
Gm29813	
Gm37841	
Gm64048	
Gm38018	
Gm64049	
Gm64050	
Gm19744	
Gm53991	
Prss2	PRSS1
Prss2	PRSS3
Prss2	PRSS2
Gm64996	
Trbd1	
Trbj1-1	
Farp1	FARP1
Gm30475	
Trbj1-2	
Gm41534	
Gm34155	
Trbj1-3	
Trbj1-4	
Gm45236	
Gm30984	
Gde1	GDE1
Trbj1-5	
Trbj1-6	
Gm64051	
Trbj1-7	
Gm64052	
Trbc1	TRBC2
Trbc1	TRBC1
Gm39258	
Trbd2	
Gm64053	
Gm64055	
Trbj2-1	
Gm33075	
Gm49959	
Gm49797	
Gm64057	
Trbj2-2	
C330016L05Rik	
Gm64058	
1700030M09Rik	
Trbj2-3	
Trbj2-4	
Ccp110	CCP110
Gm35256	
Trbj2-5	
Gm56906	
Stk24	STK24
Gm34208	
Trbj2-6	
Trbj2-7	
Gm65009	
Gm65010	
Gm34035	
Gm64059	
Gm64060	
Gm32567	
Trbc2	TRBC2
Trbc2	TRBC1
1190028D05Rik	
1700026F02Rik	
Gm38047	
Mir137	MIR137
Gm54528	
Gm9916	
Gm37773	
Gm49031	
Gm32444	
Gm33299	
Gm27549	
Srp14	SRP14
Gm32754	
Ephb6	EPHB6
Gm48314	
Gm34548	
Slc15a1	SLC15A1
Gm26249	
Tspan2os	
Atp5mg	ATP5MG
Atp5mg	ATP5MGL
Gm56908	
9330136K24Rik	
Gm64061	
Gm30871	
Gm64062	
Snord90	SNORD90
Gm13983	
Gm34623	
Zbtb6	ZBTB6
Gm65020	
Gm65021	
Gm65022	
Trpv1	TRPV1
Gm65023	
Zbtb26	ZBTB26
Gm65024	
Ube4a	UBE4A
Gm65025	
Gm65026	
Gm65027	
Gm65028	
Gm40112	
Bmf	BMF
Gm30510	
Vps35l	VPS35L
Gm64297	
Gm64298	
E230001N04Rik	
Gm64300	
Gm31596	
Gm30421	
Gm64303	
Gm64304	
Gm64063	
Gm64306	
Gm65032	
Gm43617	
Gm39172	
Gm65033	
Gm64064	
Gm64065	
Gm64066	
Gm31069	
Gm64309	
Gm35187	
Gm49870	
Gm15348	
Gm64312	
Gm64314	
Gm65040	
Gm64316	
Gm65042	
Gm64318	
Gm14016	
Gm49035	
Ralgapa2	RALGAPA2
Gm65043	
Gm32655	
Gm4529	
4930565D16Rik	
Trpv6	TRPV6
Synpo2l	SYNPO2L
Gm65046	
Gm33257	
Gm39143	
Gm65047	
Gm65048	
Gm62773	
1500004A13Rik	
Gm65049	
Gm56875	
4733401D01Rik	
Gm65050	
Gm64067	
Trpv5	TRPV5
Gm64068	
Gm65051	
Sec24c	SEC24C
4930563M20Rik	
Gm65052	
Gm20478	
Cpt2	CPT2
Gm65054	
Gm39167	
Gm65055	
Gm65056	
2410017I17Rik	
Gm64069	
Gm64070	
Gm64071	
Gm64072	
A930015D03Rik	
4930513N10Rik	
Gm64073	
Gm64074	
Gm64075	
Gm31659	
Gm65058	
Gm37173	
Slc1a7	SLC1A7
Six3os1	
Gm32098	
Llcfc1	LLCFC1
Egfr	EGFR
Kel	KEL
Gm64076	
Gm56845	
Gm35930	
Gm64077	
Gm45388	
Gm64078	
Gm64079	
Gm64080	
Gm64081	
Gm32507	
Gm42041	
Gm64082	
Gm64083	
Gm39266	
Gm64084	
Gm64338	
Gm39252	
Gm64085	
Gm39220	
Podn	PODN
Gm64087	
Gm37527	
Or9a2	OR9A2
Gm64088	
Gm56791	
Gm64341	
Gm64089	
Gm64090	
Gm42920	
Gm64091	
Ccdc77	CCDC77
Gm44761	
Gm53242	
Gm64092	
Gm64346	
Gm64093	
Gm64348	
1700128E19Rik	
Gm19121	
Gm21388	
Cd3g	CD3G
Gm64094	
Gm65065	
Gm64095	
Gm64096	
Gm64097	
Gm64098	
Gm45904	
Gm65066	
Gm65069	
4933408N05Rik	
Gm65071	
C330011F03Rik	
Gm39148	
Gm50103	
Gm56787	
Gm65075	
Gm64099	
Cd3d	CD3D
Gm65076	
Gm64350	
Gm32791	
Gm50050	
Gm43666	
Gm23354	RNU6-1020P
Scp2	SCP2
6230400D17Rik	
Gm56797	
Gm64101	
Gm64351	
Gm41565	
4930539C22Rik	
Gm46604	
Mir6946	
Fut11	FUT11
Gm64102	
Gm52950	
Gm31401	
Gm65087	
Gm37114	
Mir6344	
Irs1	IRS1
Gm65090	
Gm32735	
Gm64103	
Gm64104	
Gm65093	
Gm65094	
Gm65095	
Gm64105	
Gm25328	
Gm65097	
Gm30351	
Chchd1	CHCHD1
9330175E14Rik	
Gm20742	
Egfros	
Cd3e	CD3E
Rhbdd1	RHBDD1
Trpv3	TRPV3
Gm65099	
Gm4718	
Gm64106	
Gm65100	
Gm64107	
Gm29418	
Gm64355	
Gm64108	
Gm16237	
Zswim8	ZSWIM8
Gm45231	
Gm65103	
Gm65104	
Gm64109	
Gm34211	
Gm39121	
Gm64358	
Gm64359	
Kdm5a	KDM5A
Gm64110	
Gm29688	
Gm65105	
Gm64360	
Gm17115	
Gm19552	
Gm28940	
Gm64361	
Gm48719	
Gm64111	
Fbxo48	FBXO48
4930592C13Rik	
Gm54921	
Gm45462	
Gm48720	
Gm37618	
Mpzl2	MPZL2
Gm17813	
Gm65107	
Gm34324	
1700001G17Rik	
Gm45589	
Gm38173	
Rab23	RAB23
Plek	PLEK
Gm64363	
Gm64364	
Gm64365	
Gm65114	
Gm32148	
Gm65115	
A930019D19Rik	
Gm65117	
Gm65118	
Gm30140	
Gm14117	
Gm14111	
Bub1b	BUB1B
Gm32841	
Gm15496	
Gm64112	
Gm16208	
Gm48840	
Mpzl3	MPZL3
Gm65120	
Gm65121	
Gm65122	
Gm64367	
4933430N04Rik	
Gm65123	
Gm64368	
Gm16958	
Gm65124	
Gm65125	
Gm38551	
Gm64113	
Gm64114	
Gm65128	
Gm64115	
Jaml	
Gm12014	
Cnrip1	CNRIP1
Gm64116	
Gm35229	
Gm64117	
Gm64118	
Gm64120	
Bag2	BAG2
Gm64121	
Gm64122	
Gm51566	
5033426O07Rik	
Gm64123	
Gm64124	
Gm43481	
Gm64125	
Gm43480	
Gm64126	
Mir3965	
Gm12013	
Ppp3r1	PPP3R1
Gtf2ird1	GTF2IRD1
1700016B15Rik	
Gm44549	
Gm37905	
Gm64127	
Zfp451	ZNF451
Gm44550	
Gm38025	
Gm64128	
Gm39221	
Gm26147	
Gm64376	
Knop1	KNOP1
Gm41639	
Gm64377	
Gm64129	
Gm64378	
Gm64379	
Gm64131	
Gm64380	
Kiz	KIZ
Gm33831	
Gm52613	
Gm20750	
Gm46582	
Gm64132	
Gm64133	
Gm65130	
Gm64382	
Gm41638	
Gm64134	
Gm64135	
Gm53417	
Gm41608	
Gm52288	
Gm65131	
Gm44923	
Gm64383	
Gm52600	
Or1e22	
4931413I07Rik	
Gm65134	
Gm64384	
Gm41584	
Gm20752	
Dnaaf10	DNAAF10
Gm47596	
Gm64389	
Scn2b	SCN2B
Gm56810	
Gm15540	
4930542M03Rik	
Gm14107	
Gm30292	
Gm14106	
A530006G24Rik	
Gm65143	
1700011L03Rik	
Gm31903	
Scn4b	SCN4B
BC002059	
Gm25516	
Gm64392	
Foxa2	FOXA2
Gm64136	
Gm64137	
Gm64395	
Gm64396	
Gm45600	
Iqck	IQCK
Gm24592	
Gm65146	
Cecr2	CECR2
Gm32006	
Mir6397	
Echdc2	ECHDC2
Gm65147	
Zfp735	
Tmprss4	TMPRSS4
Gm56469	
Gm14108	
Gm24221	
Sstr4	SSTR4
Pno1	PNO1
Thbd	THBD
Gm43614	
Gm14119	
Gm15455	
Cd93	CD93
Gm64400	
Bend6	BEND6
Gm64401	
Gm64402	
Gm64403	
Gm15978	
Gm14120	
Gm64404	
Gm64405	
Gm65149	
Gm32900	
Rabgap1	RABGAP1
Gm65150	
Gm44763	
C030013G03Rik	
Gprc5b	GPRC5B
Gm65151	
Gm65152	
Gm65153	
Gm65154	
C1d	C1D
Gm65155	
Gm56914	
Gm65156	
Gm32055	
Gm65158	
1700008K24Rik	
Gm64408	
Vmn2r71	
Gm64409	
Gm17099	
Gm64410	
Smim35	SMIM35
Gm64411	
Gm37067	
Gm64139	
Tex36	TEX36
Gm56837	
Gm40121	
Dst	DST
Gm12015	
Gm56399	
Gm12016	
Or1e33	
Gm3134	
Etaa1	ETAA1
Edrf1	EDRF1
Gm57037	
Il10ra	IL10RA
Gm36211	
1700037N05Rik	
Gm50105	
Gm64412	
Gm65165	
Gm65166	
Gm56783	
Gm65167	
Gm5544	
Gm12017	
Gm12019	
Gm37869	
4930470H14Rik	
Gm12021	
Slc25a18	SLC25A18
Gm12024	
Gm12023	
Gm41616	
Gm23093	
Gm28401	
Gm64413	
Gm64414	
Gm23021	RNU1-130P
Or3a10	
Gm56776	
Gm64415	
Gm64416	
Gm35817	
Gm40128	
Gm30294	
Or3a4	
Gm64140	
Gm64417	
Gm64141	
Gm64418	
Gm64142	
Gm38324	
Zfp616	
Gm64143	
Gm64421	
Atp6v1e1	ATP6V1E1
Gm64423	
Gm20612	
Gm64144	
Mir7086	
Gm64425	
Gm47964	
Gm64145	
4930534D22Rik	
Tmprss13	TMPRSS13
Gm56850	
Gm64427	
Gm12331	
Or3a15-ps1	
Or3a1b	OR3A1
Gm56774	
Meis1	MEIS1
4930474M22Rik	
Gm65181	
Gm65183	
Gm56003	
Gm65185	
Bcl2l13	BCL2L13
Gm65187	
Fxyd6	FXYD6
Gm65188	
Gm43077	
Gm65189	
Gm49761	
Gm65190	
Gm31818	
Gm64146	
Gm64147	
Bid	BID
Gm64148	
Gm56860	
Gm64149	
4930579M01Rik	
Gm64150	
Zyg11a	ZYG11A
Gm64151	
Gm64152	
1700061N14Rik	
Gm49878	
Gm31759	
Gm17812	
Gm64429	
Gm44260	
Gm65197	
Gm31243	
Gm43916	
Gm64153	
Far2	FAR2
Gm65198	
Gm64154	
Gm46602	
Fxyd2	FXYD2
Gm64155	
D630014O11Rik	
Gm64156	
Gm64157	
Gm31692	
Ndst2	NDST2
4930452A19Rik	
Gm64159	
Gm36521	
Gm64160	
Mmp21	MMP21
Gm64430	
Gm64161	
Gm64431	
Gm36843	
Zyg11b	ZYG11B
Gm16325	
Gm64162	
Gm30968	
Gm40064	
Uros	UROS
Gm65209	
Gm64432	
Gm36541	
Gm64433	
Gm56866	
Gm39137	
Gm65213	
Gm35007	
Gm64434	
Gm64164	
4930431L21Rik	
Gm64165	
Gm32590	
Gm64436	
Gm49796	
Gm64437	
4930419G24Rik	
1700104B16Rik	
Gm52312	
Gm50039	
C430042M11Rik	
Gm56838	
Gm64166	
Gm64440	
Gm64167	
Gm64441	
Gm64442	
Gm32968	
Gm40071	
Gm15634	
Gm37818	
2900018N21Rik	
2610001A08Rik	
Gm45391	
Gm37439	
Rap1gap2	RAP1GAP2
Cylc2	CYLC2
Gm64168	
Gm56864	
Gm30633	
Ergic2	ERGIC2
Gm64170	
Fsd1l	FSD1L
Gm64171	
Gm64449	
Gm64451	
Gm15875	
Gm33590	
Gm64172	
Gm14132	
Gm45277	
Fndc10l	
Strbp	STRBP
Gm64173	
Gm64174	
Gm64175	
Gm64453	
Gm64176	
Camk2g	CAMK2G
Gm64177	
Gm64178	
Gm64456	
Gm64457	
Gm48135	
Gm64458	
Pigb	PIGB
Gm64179	
Gm64459	
Gm64180	
Gm64181	
Gm64461	
Gm64182	
Gm64183	
Gm64184	
Gm39165	
Gm30223	
Gm56843	
Gm10510	
Bccip	BCCIP
Gm65231	
Gm65232	
Gm65233	
Gm65234	
1700094M23Rik	
Gm35676	
Gm16712	
Gm64186	
Gm65235	
Gm26795	
Gm65236	
Gm50028	
Gm65238	
Gm65239	
Gm49912	
Musk	MUSK
Gm15483	
Fank1	FANK1
Gm65241	
Gm39267	
Gm64468	
Gm41600	
Gm64469	
Gm45890	
Gm64470	
Gm54205	
Gm34455	
Gm64473	
Gm33923	
Me1	ME1
Gm64187	
Gm64479	
Gm42214	
Gm36188	
Gm64484	
Gm65242	
Gm65243	
Gm56828	
Gm65244	
Gm65246	
Gm64488	
Gm64188	
Gm64489	
Gm65247	
Gm64189	
Gm65249	
Gm40155	
4932443L11Rik	
Runx2os3	
Gm65250	
Gm12025	
Runx2os2	
Gm12026	
Gm56405	Metazoa_SRP
Gm65251	
Gm23386	
Glns-ps1	
Gm64493	
Gm12028	
Ccdc92b	CCDC92B
Gm64190	
Gm43403	
Gm65252	
1810012K16Rik	
Gm65253	
Gm12029	
Gm32471	
Actr2	ACTR2
Gm30316	
Gm40078	
Gm64191	
Gm33199	
Gm51544	
Gm64498	
Gm64499	
Gm64500	
Gm30494	
Gm34647	
Dhx32	DHX32
Runx2os1	
Gm31224	
Gm30187	
Gm44515	
Gm64192	
Gm65254	
Gm38230	
Gm64193	
Gm55057	
Gm30255	
Gm22138	
Gm64194	
Gm64514	
Gm37484	
Gm64195	
Prss35	PRSS35
Gm34119	
Gm15895	
1700047G07Rik	
Snap91	SNAP91
Gm64517	
Gm64520	
Gm42201	
B930018H19Rik	
Gm17501	
Gm65255	
Gm34179	
Cst5	CST3
Gm56888	
Gm65256	
Gm65257	
Gm65258	
Gm12030	
Gm26253	
Rab1a	RAB1A
E430024P14Rik	
Gm64526	
Gm64527	
Gm64196	
Gm64530	
Gm44714	
Gm64532	
Gm64534	
Gm56470	
Gm17893	
Gm36670	
Gm65259	
Gpr21	GPR21
Gm65261	
Gm64536	
Gm65262	
Gm64539	
Gm44063	
Gm37350	
Gm65263	
Gm13543	
Gm50020	
Mir5128	
Crb2	CRB2
Gm64543	
Tle1	TLE1
Gm65264	
Gm65265	
Gm65266	
4930573H18Rik	
Gm65267	
Gm32954	
Gm64548	
Gm64550	
Gm65268	
Gm41601	
Gm64197	
Gm43470	
Gm56900	
Gm34096	
Gm26885	
Cluh	CLUH
Gm56795	
Gm64557	
Dennd1a	DENND1A
Gm64559	
Gm64198	
Gm64561	
A630076J17Rik	
Gm64199	
4930555M17Rik	
Gm64201	
Gm64202	
1700121C10Rik	
9630025H16Rik	
Gm64569	
Gm64572	
Gm53441	
Gm64574	
Gm12440	
Vmn2r-ps61	
Gm10649	
Gm22494	
Gm9445	
Gm32111	
Psmc4	PSMC4
Gm33538	
Gm64203	
Gm64576	
Gm39212	
Gm64577	
Gm36486	
Gm38505	
Gm46043	
Gm64204	
1700122E12Rik	
Gm65270	
Gm41527	
Gm65271	
Gm64205	
Gm64206	
Gm36199	
Gm64207	
Gm38250	
4732416N19Rik	
Gm17216	
Tmtc1	TMTC1
Gm44283	
Gm44443	
Gm44291	
Fcgbp	
Gm56471	
Gm13556	
Ccdc32	CCDC32
Gm40082	
4930535E02Rik	
Gm35368	
Gm64594	
G430095P16Rik	
Gm64595	
Gm35584	
Gm5914	
Gm64601	
Gm64208	
Gm64603	
Gm30575	
4933400L20Rik	
Rpusd2	RPUSD2
Gm64608	
Gm64609	
Gm64610	
Lhx2	LHX2
Gm64611	
Gm42205	
Gm24356	
Fcgbpl1	
Gm65272	
Gm19585	
Gm40180	
Gm16000	
Gm64622	
Gm64623	
Gm20515	
Knl1	KNL1
Gm65276	
Gm31024	
Gm19689	
Fbl	FBL
Gm64624	
Gm64625	
Gm52607	
Gm15763	
Rps4l	
Gm44021	
Gm64626	
Gm44022	
Gm64627	
Gm55131	SNORA6
Gm42547	
Gm42549	
Gm46828	
Gm42548	
Zfp800	ZNF800
Gm64209	
Gm64210	
Cep68	CEP68
Gm64211	
Gm34368	
Dyrk1b	DYRK1B
Gm64212	
Gm9939	
Gm64630	
Gm42891	
Gm65285	
Gm5303	
Gm65287	
Gm65289	
Gm37941	
Gcc1	GCC1
Plscr5	PLSCR5
Mpdz	MPDZ
Gm50218	
Gm64634	
Gm64213	
Gm3143	
Plscr1	PLSCR1
Gm64214	
Gm46597	
Gm64215	
Arf5	ARF5
Gm64216	
Gm64217	
Rpl12-ps2	
Pygb	PYGB
AU016765	
Gm64635	
Slc1a4	SLC1A4
Gm39214	
Gm52602	
Gm30108	
Gm33154	
Gm65293	
Gm6634	
Gm65294	
Fscn3	FSCN3
Gm65295	
Gm62636	
Gm63115	
Gm63119	
Plau	PLAU
Gm64218	
Gm46606	
Atp5k-ps1	
Gm36325	
Pax4	PAX4
Gm30471	
Gm46055	
Gm64221	
Gm64222	
Gm35098	
Mir6386	
Gm39232	
Plscr2	PLSCR1
Gm64637	
Gm35576	
Gm64638	
6430573P05Rik	
Gm15991	
Pafah1b1	PAFAH1B1
Gm45011	
Gm20686	
Gm18672	
Gm65297	
Eid2	EID2
Gm64223	
Gm65299	
Gm65301	
Gm65302	
Eid2b	EID2B
Gm65303	
Gm64224	
Selenov	SELENOV
Gm6128	
Gm5091	
Gm64642	
Gm63123	
Gm51557	
Gm30212	
Gm62763	
Vcl	VCL
Gm64225	
Gm56808	
Plscr1l1	PLSCR1
Gm64226	
Dll3	DLL3
Gm64644	
Gm30370	
Gm64227	
Gm40070	
Gm64228	
Gm64229	
Gm65313	
Gm56894	
Gm65314	
Gm27169	
Gm65315	
4930447N08Rik	
Gm65316	
A930035F09Rik	
Tbc1d22bos	
Gm41631	
Gm15493	
Plscr4	PLSCR4
Gm65323	
Gm64653	
Gm65325	
Gm64654	
2610029K11Rik	
Gm64655	
Gm40067	
Gm65326	
Gm53971	
Timm50	TIMM50
Gm65328	
Gm65330	
Gm65331	
Gm64230	
Gm65333	
Gm65334	
Gm65335	
Gm65336	
Gm64662	
Gm64664	
Gm36201	
Gm17225	
Gm12033	
Rad51	RAD51
Gm12034	
Gm31277	
Gm64665	
Gm64666	
Gm24211	RNU6-58P
Gm41533	
Gm16032	
Gm64667	
Gm64668	
Sertad2	SERTAD2
Ap3m1	AP3M1
Gm45790	
Gm65338	
Gm32643	
Gm65339	
Gm42901	
Gm65340	
Gm65341	
Gm25417	
B430319G15Rik	
Gm37545	
Gm65342	
Gm39164	
Plod2	PLOD2
Gm64674	
Gm65343	
Gm64675	
Gm12035	
Gm65344	
Mettl16	METTL16
Gm43803	
Gm65352	
Gm65353	
Gm64677	
Gm64678	
Gm65354	
Gm15551	
Gm65358	
Supt5	SUPT5H
BC023719	
Gm64231	
Gm65359	
Gm64686	
Gm65360	
5730460C07Rik	
BC026600	
Gm34917	
Gm40097	
Gm64232	
Gm64233	
Gm64234	
Gm36520	
Gm38414	
Gm64694	
Gm43109	
Gm65367	
Gm65368	
Gm65369	
Gm46835	
Gm65370	
Gm65371	
Gm65372	
Gm41561	
Gm64695	
Abhd12	ABHD12
Gm64696	
Gm64235	
Gm64697	
Gm20161	
Gm64698	
Gm64699	
Gm26994	
Gm64700	
Gm64701	
Gm56814	
Gm9937	
Gm64702	
Gm65376	
Gm43264	
Gm20939	
Gm37321	
Gm64703	
Gm64236	
Gm37978	
Gm6602	
Gm43748	
Gm53472	
Tmem140	TMEM140
Gm52616	
4933430A20Rik	
Gm65380	
Gm64706	
Gm65381	
Gm32632	
Gm65382	
Gm45271	
Gm20703	
Cyren	CYREN
Gm64237	
Gm64707	
Fam117a	FAM117A
Gm37354	
Gm29865	
Gm28631	
Gm64238	
Gm45490	
Gm23792	
Gm33086	
Gm38157	
Mir6896	
A930005N03Rik	
Gm37958	
Gm64239	
Gm37385	
Gm64240	
Gm5266	
Gm39284	
Gm65387	
Mir5103	
Ccdc115	VMA22
Gm56903	
Gm2495	
Gm65388	
Gm23856	RNU6-1137P
Gm65389	
Mst1r	MST1R
Gm64241	
Gm65390	
Gm64242	
Gm65391	
1700110C19Rik	
Gm33695	
Gm64243	
Gm64244	
Gm28306	
Gm64245	
Wdr91	WDR91
Imp4	IMP4
Gm30271	
Rmdn3	RMDN3
Gm39240	
Gm64246	
Gm64247	
Gm64248	
Gm32642	
Gm20513	
4932416K20Rik	
Gm35667	
Mnt	MNT
Gm42722	
Gm64249	
6030452D12Rik	
Gm64250	
Gm64251	
Gm56831	
Gm64716	
Gm64717	
Gm45805	
Gm64718	
Gm30382	
Gm56896	
Gm56893	
Actl11	
Camkv	CAMKV
Gm65393	
Aftph	AFTPH
Gm65394	
Gm65395	
Gm64252	
Gm65397	
Gm64253	
Gm65398	
Gm64254	
Gm65399	
Gm64255	
Gm65400	
Gm64256	
Gm65401	
Gm64257	
Gchfr	GCHFR
Gm64258	
Gm64259	
Gm39565	
Stra8	STRA8
Gm56911	
Gm64261	
Gm65402	
Gm64262	
Gm65403	
Gm65404	
Gm40123	
Gm65405	
Gm64263	
Gm65406	
Dnajc17	DNAJC17
Gm5493	
Gm64264	
Gm64265	
Gm64266	
Gm65409	
Gm39193	
A330072L02Rik	
Gm2148	
Gm31805	
1810013D15Rik	
Gm32464	
Gm64268	
Gm31278	
1700010K24Rik	
Ptpn18	PTPN18
Traip	TRAIP
4930512H18Rik	
Gm5149	
Gm14137	C15orf62
Gm65415	
Gm65416	
Gm14138	
Zfyve19	ZFYVE19
Gm32531	
Gm65419	
Slc23a4	
Gm65421	
Gm65422	
Gm65425	
Gm65426	
Gm65435	
Gm65436	
1700018P08Rik	
Gm66680	
Or13s1-ps1	
Gm64270	
Gm65439	
1600027J07Rik	
Cyp2e1	CYP2E1
Gm65440	
Gm49793	
Gm65442	
Gm65443	
Gm64271	
Gm56895	
Gm64272	
Gm64742	
Gm49895	
Gm64273	
A630039O03Rik	
Gm64274	
Gm64275	
Gm65447	
Cnot4	CNOT4
Gm39244	
Prss39	
Gm34371	
Gm8110	
Gm64276	
Gm45571	
Uba7	UBA7
Gm12036	
Gm64277	
Lgalsl	LGALSL
Gm51578	
Gm39275	
Gm52292	
Gm28416	
Gm45601	
Cfc1	CFC1
Cfc1	CFC1B
Gm35474	
Gm64279	
Syce1	SYCE1
Ppp1r14d	PPP1R14D
Gm33326	
Gm35400	
Gm28419	
Prss40	
Gm64280	
Gm45866	
Gm12038	
Gm22807	
Gm24868	
Gm56407	
Gm14150	
Sgsm2	SGSM2
Spint1	SPINT1
Gm65455	
Gm29799	
Gm64750	
Gm30713	
Gm65456	
Zfp941	ZNF519
Gm31881	
Gm30117	
Gm37506	
Gm38115	
Gm45785	
F830112A20Rik	
Rpl12-ps1	
Gm40072	
Gm35934	
Urah	URAD
n-R5s210	
Gm64752	
Vwa3b	VWA3B
Gm64753	
4732419C18Rik	
Gm64754	
1700017M07Rik	
3300005D01Rik	
Gm64281	
9630029G12Rik	
Scgb1c1	SCGB1C2
Scgb1c1	SCGB1C1
Gm64282	
Gm32975	
Gm64283	
Cimap1a	CIMAP1A
Gm36594	
Gm64284	
Gm64285	
Gm64286	
4921509C19Rik	
Gm64287	
Gm64288	
Gm34255	
Rhov	RHOV
Gm17344	
Bet1l	BET1L
Gm64766	
Gm14175	
Gm64767	
Vps18	VPS18
Gm35425	
Gm1653	
Gm64770	
Gm64772	
Gm65470	
Gm64774	
Cnga3	CNGA3
Gm64289	
Gm43569	
Gm65471	
Gm64290	
Gm65472	
Gm64291	
Gm56892	
Ric8a	RIC8A
Gm64292	
Gm43568	
Gm65473	
Gm65475	
Gm64293	
Nr6a1	NR6A1
Gm64294	
Gm36277	
Gm64295	
Gm65479	
F630040K05Rik	
Gm15351	
Peli1	PELI1
Gm64781	
Gm64296	
Gm45554	
Gm64782	
Gm64784	
Gm33433	
Gm64788	
1700074A21Rik	
Inpp4a	INPP4A
Gm64790	
Gm64299	
Gm64791	
Gm56861	
Gm64301	
Gm64792	
Gm64302	
Gm56785	
Nup205	NUP205
Gm51584	
Gm64305	
Gm30880	
Gm64307	
Gm64308	
Gm20557	
4931415C17Rik	
Gm31164	
Gm64311	
Gm64315	
Gm64317	
Gm64809	
Gm64319	
Mir6926	
2610024D14Rik	
Gm34866	
Gm56408	RN7SKP19
Gm64320	
Gm12040	
Sirt3	SIRT3
Gm12041	
Tsr1	TSR1
Gm64321	
Gm64322	
Gm64323	
Gm33103	
Gm64814	
Gm64815	
Gm40122	
Gm20661	
Gm567	
Gm27045	
Gm33052	
Gm64324	
5330413D20Rik	
Gm64820	
Gm32997	
Gm64821	
Dll4	DLL4
Gm64822	
Gm34490	
Gm31813	
Gm35456	
Gm32330	
Gm64325	
Gm44785	
Inka1	INKA1
Gm10614	
Gm65496	
Gm65497	
Gm46033	
Gm5817	
Gm55268	
Cdhr4	CDHR4
Gm64825	
Gm64326	
Gm64826	
Gm64327	
Gm64328	
Gm64329	
Chac1	CHAC1
Gm64828	
Gm35453	
4930593A02Rik	
Mir181a-2	
Gm44144	
Psmd13	PSMD13
Nsfl1c	NSFL1C
Gm64330	
Gm64331	
BE949265	
Gm45676	
4930465I24Rik	
Gm64332	
Gm34853	
Gm65504	
Gm65505	
Gm65506	
Gm46603	
4930509E22Rik	
Gm64333	
Snord91a	
Gm65509	
Gm22771	
Gm65510	
Vps54	VPS54
Gm64840	
Gm65511	
Gm64334	
Gm6712	
Gm27008	
Gm64335	
Gm45350	
Gm65512	
Gm41644	
Gm64336	
Gm34420	
Gm26873	
Gm15775	
Gm65514	
Gm64337	
Gm65515	
Gm53028	
Gm65516	
4930578M07Rik	
Gm65517	
Gm65518	
Gm20662	
Gm64339	
Gm65519	
Gm51567	
Gm41538	
Gm65520	
4930568E02Rik	
Gm39141	
Gm30476	
Ip6k1	IP6K1
Gm64340	
Gm23435	
Stmp1	STMP1
Gm64342	
Gm64343	
Mir181b-2	MIR181B2
Gm32709	
5730507A11Rik	
Olfml2a	OLFML2A
Slc13a4	SLC13A4
Gm64344	
Gm64345	
Gm64347	
Gm64857	
Gm6213	
Gm64858	
Gm33092	
Gm46805	
AI504432	
Gm41517	
Gm64860	
Gm33650	
Gm13473	
Gm13474	
Gm64865	
Gm13496	
Fkbp1a	FKBP1A
Fkbp1a	FKBP1C
Fam180a	FAM180A
Gm65529	
A930002I21Rik	
Gm65530	
Gm64349	
Gm35998	
Gm65531	
Mtpn	MTPN
Gm30420	
Gm1647	
Gm55910	
Gm42931	
Gm22122	
Gm7880	
Krba1	KRBA1
1700010I02Rik	
Gm38134	
Gmppb	GMPPB
Gm34625	
C130040N14Rik	
Gm65541	
Gm2921	
Gm50019	
Gm15542	
Gm64353	
B020031H02Rik	
Cox8b	COX8C
Wdr38	WDR38
Gm33638	
Gm64354	
Nlrp6	NLRP6
Gm45680	
Gm26612	
Gm65544	
Gm64356	
Gm51550	
Gm31499	
Gm36863	
Gm64357	
Gm65545	
Gm35352	
Gm32076	
Gm31784	
Gm31552	
Gm65546	
Rnf123	RNF123
1110020A21Rik	
Gm64891	
Gm64893	
Gm42199	
Sdcbp2	SDCBP2
Gm64362	
Gm64894	
4930429F11Rik	
Gm39132	
Gm64895	
Gm65551	
Gm15535	
D330041H03Rik	
Gm30132	
Gm29879	
Pgghg	PGGHG
Gm23582	
Gm12039	
Gm12042	
Rpl35	RPL35
Srr	SRR
Gm16351	
Ino80	INO80
Frem1	FREM1
Gm64908	
Gm64909	
Gm64911	
Gm64913	
Gm64914	
Gm65559	
Gm65561	
Gm65562	
Gm45702	
Gm64366	
Gm51529	
Gm39224	
Gm4890	
Gm34038	
Gm65563	
Gm65565	
1700106O07Rik	
Gm64924	
Gm50011	
Gm64925	
Gm64926	
Gm64927	
Gm65573	
Gm64928	
Gm65574	
Gm64369	
Gm56852	
Gm64370	
Gm65579	
Gm43731	
9630028I04Rik	
Gm64371	
4933401H06Rik	
Gm56826	
Gm64372	
Gm64373	
Gm64374	
Gm36741	
Ifitm5	IFITM5
Gm64375	
Gm45717	
Ifitm2	IFITM1
Ifitm2	IFITM3
Ifitm2	IFITM2
Ifitm2	
Gm54756	
Zfp467	ZNF467
Ifitm1	IFITM1
Ifitm1	IFITM3
Ifitm1	IFITM2
Ifitm1	
4930571O06Rik	
Gm64934	
Gm64935	
Gm30063	
Gm16183	
Gm64937	
Gm65598	
Gm34837	
Gm65599	
Gm33373	
Ifitm3	IFITM1
Ifitm3	IFITM3
Ifitm3	IFITM2
Ifitm3	
Gm64385	
Gm64386	
Gm64387	
Gm64388	
Gm65605	
Ifitm6	
BC028777	
Gm65606	
Gm64390	
B4galnt4	B4GALNT4
Gm42215	
Gm65607	
Gm65609	
Gm64391	
Gm65611	
A730098A19Rik	
Gm52305	
Gm31415	
Gm64393	
Gm64394	
Gm39188	
Gm52626	
Gm65613	
Gm64941	
Gm64397	
Gm64942	
Arpc5l	ARPC5L
Gm64398	
Gm54008	
Gm65616	
9530004M14Rik	
Sspo	
Gm64944	
Gm65617	
Gm64946	
Gm64399	
Gm64948	
Gm65620	
Gm40038	
Gm50336	
1700008N11Rik	
Ugp2	UGP2
Gm65624	
Gm65625	
Gm50335	
Gm14208	
Gm64951	
Exd1	EXD1
Gm56799	
6330562C20Rik	
Gm15395	
Gm49668	
Gm64956	
Pkp3	PKP3
Lef1os1	
4930470O06Rik	
Gm5103	
Usp24	USP24
Gm64960	
Gm30991	
Gm37135	
Coa5	COA5
Gm64406	
Gm64407	
Gm16793	
Gm35133	
Gm65631	
Gm10503	
1700030L20Rik	
Unc50	UNC50
Gm65636	
Gm41562	
Snph	SNPH
Gm41519	
A530088E08Rik	
D030068K23Rik	
Gm65637	
Gm65639	
Gm65640	
Gm17315	
Gm56883	
Gm65648	
Mir1933	
Gm12044	
Gm65649	
Gm12045	
Gm12046	
Gm65651	
Smg6	SMG6
Gm31704	
Gm15420	
Gm65657	
Gm65658	
Gm65660	
Gm65662	
Gm65663	
Gm56822	
Gm56919	
Gm64983	
Gm49801	
Gm56784	
Gm64986	
Gm65668	
Tmem275	TMEM275
Gm64987	
Gm27022	
4921521D15Rik	
Htr1d	
Gm35097	
Gm64419	
Gm64989	
Gm64420	
4930594C11Rik	
Gm64422	
Sigirr	SIGIRR
Gm43213	
Gm65673	
Gm64424	
Gm40089	
Il1r1	IL1R1
Gm65674	
6030445D17Rik	
Gm31083	
Gm64992	
Luzp1	LUZP1
Gm64993	
Gm41611	
Gm64995	
Gm64428	
Gm56870	
Gm26871	
Gm33006	
Gm34413	
Gm32005	
Gm65678	
Gm34597	
Gm4719	
Gm65680	
Rad21l	RAD21L1
Gm65682	
Gm65684	
Gm65685	
Gm38070	
Il1rl2	IL1RL2
Gm22733	RNU6-267P
Gm22733	RNU6-162P
Gm28180	
Gm65691	
Gm66057	
Gm12333	
Kdm1a	KDM1A
Gm12335	
Rps12-ps19	
Gm65693	
Mdh1	MDH1
Gm65694	
Gm65695	
Gm65696	
Gm64998	
Gm32122	
Gm64999	
E130008D07Rik	
Gm65000	
AY512931	
Ano9	ANO9
Phtf1os	
Gm65001	
Gm65002	
Gm36795	
Gm65003	
Chp1	CHP1
Gm30340	
Gm17970	
Il1rl1	IL1RL1
Gm65004	
Gm34474	
Gm65005	
Gm65006	
Gm31651	
Gm65007	
Gm65008	
Gm56409	
Wdpcp	WDPCP
Gm34736	
Gm52284	
Gm65704	
Gm65705	
Tmem74bos	C20orf202
Gm65707	
Gm65011	
Gm65710	
Gm14159	
Tmem74b	TMEM74B
Gm65012	
Gm56404	
Ccnb1-ps	
Vmn2r60	
Gm65013	
Gm20529	
Amigo3	AMIGO3
Gm64435	
Oip5	OIP5
Gm34533	
Mst1	MST1
Gm64438	
Atp6v0e2	ATP6V0E2
Gm31105	
Gm65715	
Gm2308	
Gm65717	
Gm44519	
Gm64439	
Vmn2r61	
Gm65718	
Gm65719	
Gm30256	
Gm30375	
Gm65014	
Gm5105	
Psmf1	PSMF1
Gm65721	
Lrrc61	LRRC61
Vmn2r-ps58	
Gm65722	
Gm5594	
Gm26637	
Gm65015	
Vmn2r-ps59	
Gm65017	
Vmn2r-ps60	
Gm65018	
4933421I07Rik	
Gm20540	
1700028M03Rik	
Gm65723	
Gm32465	
Gm64445	
Gm65724	
Gm56851	
Gm51559	
Gm53041	
Gm65725	
Il18r1	IL18R1
Rarres2	RARRES2
Gm56889	
Gm64448	
Zfp141	ZNF775
Gm64450	
Gm65726	
Gm5907	
Gm65727	
Gm41642	
Gm65029	
Gm64455	
Gm36569	
Gm19246	
Gm44523	
Gm65728	
Gm54949	
Zfp976	
Gm49969	
4933439N14Rik	
Zfp975	
Gm65729	
Gm65030	
4930500A05Rik	
Gm30692	
Nusap1	NUSAP1
Gm65031	
Gm17067	
Gm65034	
Gm65731	
Gm65035	
Gm65732	
Gm65036	
Il18rap	IL18RAP
Gm65037	
Pgam1-ps1	
Gm12047	
Rpl15-ps1	
Gm5111	
Otx1	OTX1
Gm18128	
Gm49691	
Gm6004	
Gm65038	
Gm65734	
Gm65039	
Vmn2r62	
Gm45021	
Gm65735	
Gm64464	
Gm65041	
Gm53963	
Gm64465	
Mir7088	
Repin1	REPIN1
Apeh	APEH
Gm65736	
Gm64466	
Gm65739	
Gm12987	
Gm12986	
1700082C02Rik	
Gm2381	
Gm22180	
Gm65044	
Tex46	TEX46
Gm65741	
Gm64467	
Gm56873	
Gm7211	
Gm65045	
Vmn2r63	
5031434O11Rik	
Lactbl1	LACTBL1
Gm64471	
Gm44965	
Gm64472	
Gm40493	
Gm37583	
Gm64474	
Zfp775	
Gm56212	RN7SKP42
Ehbp1	EHBP1
Gm56213	
Gm64476	
Pdp1	PDP1
Slc9a4	SLC9A4
Gm45788	
Gm9266	
Gm9294	
Gm3830	
AI854703	
Gm64480	
Gm54974	
Gm18124	
Gm65742	
Zscan4-ps2	
Gm64483	
Gm64485	
Gm65743	
Gm49918	KRTAP10-9
Gm49918	KRTAP10-6
Gm49918	KRTAP12-1
Gm49918	KRTAP12-2
Gm49918	KRTAP12-3
Gm49918	KRTAP9-1
Gm49918	KRTAP10-4
Gm49918	KRTAP10-11
Gm49918	KRTAP4-5
Gm64486	
Gm18640	
Gm65744	
Krtap10-31	KRTAP10-9
Krtap10-31	KRTAP10-6
Krtap10-31	KRTAP12-1
Krtap10-31	KRTAP12-2
Krtap10-31	KRTAP12-3
Krtap10-31	KRTAP9-1
Krtap10-31	KRTAP10-4
Krtap10-31	KRTAP10-11
Krtap10-31	KRTAP4-5
Gm65745	
Gm3816	
n-R5s204	
Gm7848	
Ndufaf1	NDUFAF1
Gm64487	
Gm7210	
Gimap8	GIMAP8
Mier2	MIER2
Gm65053	
Gm20468	
Gm43134	
Gm64490	
Tmem67	TMEM67
Gm46040	
Gm31678	
Gm45500	
Gm64492	
Zscan4-ps3	
Gm38430	
Gm37435	
Zscan4d	
Gm39231	
Gm56310	
Mir6351	
Tns1	TNS1
Gm65057	
Gm64494	
Snhg8	
Smyd1	SMYD1
H3f3c	
Gm64497	
1700016K05Rik	
Gm56842	
Gm14383	
Gm18204	
Golga1	GOLGA1
Gm6909	
Gm64501	
Gm64502	
Gm64503	
Gm9689	
Gm64504	
Gm65749	
Gm39481	
Gm17382	
Gm5996	
Gm64506	
C130013H08Rik	
Gm9652	
Gm45641	
Gm19683	
Gm56798	
Gm56245	
Zscan4e	
Gm64508	
Gm31519	
Gm31266	
Gm64509	
BC107364	
4930549P19Rik	
Gm64513	
Gm45870	
Gm38590	
Gm56248	
Gm45596	
Gm34684	
Gm45598	
C230057A21Rik	
Gm18123	
Gm65059	
Zscan4f	
Gm65060	
Gm64519	
Gm64521	
Gm65061	
Gm33727	
Gm64523	
Gm26812	
Gm16233	
Gm18639	
Gm52321	
Gm9604	
Gm7839	
Gm65062	
Gm65752	
Gm45382	
Gm65063	
Gm44997	
Gm65754	
Gm52621	
Gm65760	
Gm30944	
Zfp977	
Gm29999	
Gm65764	
Gm6209	
Mrps36-ps3	
Gm65767	
Crs-ps	
Gm65768	
Gm64529	
Gm65769	
Sult2a8	SULT2A1
Gm46579	
Gm64531	
Gm56918	
Gm65771	
Gm65772	
Bsn	BSN
Gm64537	
Gm65773	
Gm64540	
Gm64541	
Gm56781	
Gm64542	
Gm43539	
Gm32477	
Gm65064	
Gm65067	
Gm65776	
Gm65068	
Gm65777	
Gm64544	
Gm65070	
2810404M03Rik	
Gm26553	
Gm65778	
Gm65779	
Rpsa-ps3	
Gm12050	
Gm52291	
Gm46070	
Gm12051	
Gm65073	
Gm65780	
Gm64551	
Clca4c-ps	
Tmem17	TMEM17
Gm65782	
Cbarp	CBARP
Gm35551	
Gm64552	
Gm64553	
Gm65077	
Gm65079	
Rbm12b2	RBM12B
Gm65080	
Gm12053	
Gm65081	
Skap1	SKAP1
Gm65082	
Gm65084	
Gm65085	
Gm55396	
Gm37201	
Gm65086	
Vmn1r123	
Gm37247	
Gm37230	
Dag1	DAG1
Gm18054	
Ttc34	TTC34
Gm18460	
Gm4536	
Vmn1r124	
Vmn1r125	
Gm65784	
Vmn1r126	
Mir8112	
Gm35477	
Krcc1	KRCC1
Gm64564	
Vmn1r127	
Gm64566	
Gm64568	
Vmn1r128	
Gm32856	
Vmn1r129	
Mmel1	MMEL1
Vmn1r-ps75	
Gm18055	
Gm65089	
Gm18461	
Gm65091	
Gm4541	
Gm65092	
Vmn1r130	
Gm44321	
Gm1070	
Vmn1r-ps76	
Gm65096	
Vmn1r131	
Gm65098	
Cd8b1	CD8B
Cd8b1	CD8B2
Gm43242	
Gm18056	
Clasp2	CLASP2
Gm40107	
Gm4545	
Gm18462	
Vmn1r132	
Gm41998	
Or52z1	
Hbb-bt	
Gm65101	
Gm65102	
Gm64578	
Gm45843	
Gm64579	
4930509J09Rik	
Oaz1	OAZ1
Gm57232	
Gm64581	
Gm49967	
Hbb-bs	
Gm44111	
Cd8a	CD8A
Gm31718	
Gm56897	
C530020B09Rik	
Gm65106	
4933433H22Rik	
Gm42997	
Gm65108	
Gm65109	
Gm65110	
Gm65111	
Gm65112	
Gm65795	
Gm65113	
Gm65796	
Gm54200	
Gm65116	
Cfap54	CFAP54
Gm40062	
Gm65798	
Gm15115	
Gm65799	
Gm26127	
Hbb-bh3	
Gm65119	
Gm65800	
Scai	SCAI
Hbb-bh2	
4930519L02Rik	
Rmnd5a	RMND5A
Gm65801	
Gm65802	
Hbb-bh1	
Gm65803	
Gm65805	
Gm33801	
Hbb-bh0	
Hbb-y	HBE1
Or51b4	OR51B4
4930516K23Rik	
Tbx21	TBX21
Or51i1	OR51I1
Gm44130	
Gm44172	
Gm65806	
Or51i2	OR51I2
Gm44186	
Gm65807	
Rnf103	RNF103
Gm65808	
Gm65127	
Gm65129	
E330032C10Rik	
Or51a10	
Gm33758	
Or51a42	
Gm11572	
Tbkbp1	TBKBP1
Or51a43	
Gm44194	
Gm30818	
Chmp3	CHMP3
Or51a24	
Or52d1	OR52D1
Ubqln5	
Ubqln3	UBQLN3
Ubqlnl	UBQLNL
Olfm5	
Rufy4	RUFY4
4930517M08Rik	
Kdm3a	KDM3A
Gm65816	
Gm34854	
Gm65817	
Gm36715	
Gm33289	
Mir7235	
Kpnb1	KPNB1
Gm65818	
Or52f1-ps1	
Gm41589	
Gm65132	
Or52h1	OR52H1
Gm65819	
Gm65821	
Gm65133	
Gm42204	
Gm34799	
Or52h2	
Nup107	NUP107
Gm65135	
Gm65137	
Gm65138	
Or52b6	OR52B6
Trim6	TRIM6
Gm65139	
Gm65140	
Gm65141	
1700064H15Rik	
Gm65142	
Gm18791	
C230072F16Rik	
Gm65144	
Gm44027	
Ppp6c	PPP6C
Gm65145	
Gm65148	
Cxcr2	CXCR2
Prxl2b	PRXL2B
Cxcr1	CXCR1
Mir1928	
Gm25524	RNU6-752P
Gm25524	RNU6-1301P
Arpc2	ARPC2
Gm8667	
Trim34a	TRIM34
Gm30794	
Gm65157	
Gm45463	
Hspg2	HSPG2
Gm65828	
Gm39254	
Gm13511	
Gm56880	
Gm13504	
Gm65159	
Gm49808	
Vmn2r-ps2	
Gm13506	
Gm65160	
Gm13454	
Gm13451	
Gm13452	
Gm65829	
Gm43944	
Gm40050	
Gm65830	
Gm43970	
Gm13453	
Gm65831	
Gm13457	
Gm65161	
Gm13458	
Gm32352	
Gm13455	
Gm24467	
Gm13456	
Gm65162	
Gm65833	
Gm65834	
Lrp1b	LRP1B
Gm15952	
Gm65835	
Gm65836	
Gm65837	
Gm65838	
Gm65839	
Gm65840	
Gm41532	
Gm65163	
4933424H11Rik	
Gm65841	
Gm65842	
Gm65843	
Gm65164	
Gm41625	
Mccc1os	
Gm47248	
Gm24846	RNU6-261P
Npepps	NPEPPS
Trim12a	TRIM5
Gm64643	
Gm65844	
A630001O12Rik	
Gm65845	
Gm64645	
Gm65846	
Gm53463	
Gm65168	
Gm64646	
E330018M18Rik	
Gm64647	
Gm53447	
Gm6063	
Gm65169	
Gm44768	
Gm42921	
Gm26759	
Rpl19-ps9	
Cnbp	CNBP
Trim12c	TRIM5
Gm64651	
Gpbar1	GPBAR1
Prim1	PRIM1
Aamp	AAMP
Gm45425	
Gm51531	
Gm39286	
Gm65847	
Gm65849	
Gm65850	
Gm65851	
Gm65852	
Gm64656	
Gm65854	
Gm64657	
Gm65856	
Gm64658	
Gm64659	
Gm64660	
Gm65170	
Gm65171	
Gm65172	
Gm17484	
Gm65860	
Gm46587	
Gm65173	
Gm40075	
Gm65863	
Gm54952	RNU6-261P
Gm65864	
Trim30c	TRIM5
Gm64669	
Gm65174	
Gm65865	
Gm64670	
Gm65175	
Gm64671	
Gm64676	
Gm65176	
Gm9889	
Gm65866	
Gm45471	
Gm56922	
Gm64679	
Gm65867	
Gm65178	
Trim30a	TRIM5
Gm64680	
Gm65179	
Dreh	
Gm27208	
Gm65180	
Gm65182	
Gm64681	
Gm65184	
Gm16192	
Gm33596	
Gm65186	
Gm2447	
Gm64685	
B430010I23Rik	
Gm65874	
Gm65875	
Gm41570	
Gm65877	
Gm25405	
Trim30d	TRIM5
4930413E20Rik	
B230354K17Rik	
Stat2	STAT2
Gm34412	
Gm46044	
Gm11033	
Gm65884	
Gm65885	
Pnkd	PNKD
Gm33944	
Gm65191	
Gm65192	
Gm65886	
Gm30011	
B830042I05Rik	
Gm65887	
Gm49778	
Gm65193	
Gm36122	
Gm65194	
Gm65888	
Gm65195	
Gm41585	
Gm65196	
Gm31518	
Gm16464	
Gm65199	
Gm65200	
Gm6574	
Trim30e-ps1	
Gm65201	
Gm65202	
Gm65203	
Gm65204	
Gm65206	
Gm5157	
Gm6882	
Gm65890	
Gm39209	
Gm49805	
Sult1a1	
Gm65207	
Gm52633	
Gm65891	
Gm42827	
Gm65892	
Gm65893	
Gm64708	
4930480K15Rik	
4930505O20Rik	
Gm65897	
1700102H20Rik	
Gm65208	
Gm40164	
Gm31545	
Gm44203	
Gm65210	
Gm54671	
Plxna1	PLXNA1
Gm65211	
Gm35236	
Gm51604	
Gm65212	
Gm65214	
5830477G23Rik	
Gm50016	
Mir7018	
Pigo	PIGO
Gm6939	
Gm64709	
Gm31758	
Gm65215	
Gm45164	
Gm65216	
Gm65217	
Gm45368	
Slx1b	SLX1B
Slx1b	SLX1A
Gm31796	
Gm65909	
Chchd10	CHCHD10
Gm65218	
Gm65910	
Gm34049	
Gm33055	
Gm65220	
2010320M18Rik	
Gm65221	
Gm12531	
Gm64711	
Gm65918	
4930422C21Rik	
Gm65922	
Gm64712	
Gm867	C22orf15
Gm64713	
Bola2	BOLA2
Bola2	BOLA2B
Gm41624	
Mrpl45	MRPL45
Gm40485	
Vpreb3	VPREB3
Gm65222	
Gm65223	
Gm49719	
Gm65224	
Gm16221	
Gm64715	
Gm65225	
Gm51562	
Gm65226	
Gm65923	
Gm5134	
C030034I22Rik	
Gm56817	
Gm65227	
Gm32052	
Gm65228	
Coro1a	CORO1A
Gm65924	
Gm11594	
Gm56473	
Gm13462	
Gm11949	
Gm65925	
Gm13460	
Gm65926	
Gm13463	
Gm32720	
Gm11950	
Mir6336	
Gm65928	
Gm11951	
Gm57326	SNORA17A
Gm24350	
Gm56876	
Tug1	TUG1
Arhgap15	ARHGAP15
Gm65929	
Gm34419	
Gm65930	
Gm65229	
AI606473	
Gm20508	
Gm25059	
Mucl3	MUCL3
Ubp1	UBP1
Gm65230	
1700018B24Rik	
Gm44207	
Chchd6	CHCHD6
Gm64725	
Gm64726	
Gm41997	
Gm64727	
A330008L17Rik	
Gm31121	
Gm65934	
Gm37503	
Gm65935	
Gm56423	
Tmbim1	TMBIM1
Gm56424	
Gm65936	
Gm56425	
Gm65937	
Gm56426	
Gm16219	
Morc2a	MORC2
Gm32362	
Mir6409	
Zfp280b	ZNF280B
Gm19553	
Gm65938	
Gm65939	
Gm12870	
Gm41577	
Ndc1	NDC1
Gm16222	
Gm45625	
Prtn3	PRTN3
Gm20483	
Gm31717	
Gm65943	
Gm65944	
Gm20443	
Gm42185	
Gm20442	
Gm12522	
Pcnt	PCNT
Gm65952	
Gm43903	
Gm65955	
Gm64734	
Gm35525	
Txnrd3	TXNRD3
Gm64737	
Gm65957	
Gm36380	
2310008N11Rik	
Gm65245	
Gm65962	
Gm65248	
Gm65964	
Gm65966	
Serac1	SERAC1
Gm53207	
Gm39158	
Gm38416	
2610316D01Rik	
Gm64743	
1700123E06Rik	
Gm64744	
Gm64746	
4930488N15Rik	
Arhgap15os	
Gm56474	
Gm64748	
Gtdc1	GTDC1
Gm64749	
Gm42047	
1810019D21Rik	
Gm29358	
Gm37931	
Usp37	USP37
Vmn1r-ps25	
Vmn1r40	VN1R5
Snrp1c-ps1	
Gm44824	
Gm44855	
Vmn1r41	VN1R5
Mapk3	MAPK3
Gm56427	
Gm16518	
Gm11982	
Gm54853	
Glis1	GLIS1
Gm11984	
Gm11983	
Vmn1r-ps26	
Npm1	
Vmn1r-ps27	
Gm45215	
Fbxl2	FBXL2
Gm45217	
Slc6a6	SLC6A6
Gm13477	
Zeb2	ZEB2
Gtf2h5	GTF2H5
Gm10067	
Gm45709	
Tulp4	TULP4
Gm64768	
Gm64769	
Gm64771	
4921522P10Rik	
Gm64779	
Gm64780	
Gdpd3	GDPD3
Gm56835	
Gm64786	
Gm45580	
Dmrtb1	DMRTB1
Gm64793	
Gm64794	
Gm64795	
Gm35712	
Ypel3	YPEL3
Gm56872	
Gm64797	
Gm64798	
Gm64800	
Gm64801	
Gm12899	
Gm36243	
1700047F07Rik	
Gm64802	
4930517G19Rik	
Gm45828	
Gm44981	
Gm64803	
Grip2	GRIP2
Gm54855	
Gm12906	
Lrp8os2	
Gm31036	
Susd5	SUSD5
Gm64804	
Rps11-ps3	
Plekhf2	PLEKHF2
Gm64805	
Bcl2a1c	BCL2A1
Gm12115	
Gm64807	
Tlx3	TLX3
Gm64808	
Ctdspl	CTDSPL
Gm39162	
Gm12117	
Heatr9	HEATR9
Gm53412	
Ndufaf6	NDUFAF6
Gm37733	
Fbl-ps2	
Gm51555	
Cnot9	CNOT9
Gm55175	
Gm64817	
Gm56118	
Gm15590	
2610028H24Rik	C21orf58
Gm44717	
Gm55176	
Ppp1r2-ps6	PPP1R2
Ppp1r2-ps6	PPP1R2B
Tmem181a	TMEM181
Gm45321	
Tbx6	TBX6
Gm23247	
Ccl5	CCL5
Slc22a14	SLC22A14
Plcd4	PLCD4
Ccl9	CCL15
Ccl9	CCL23
Gm11829	
Mir684-2	
Ybey	YBEY
Trp53inp1	TP53INP1
Gm64829	
Ppp4c	PPP4C
Mcm3ap	MCM3AP
Gm64833	
Gm30330	
Ccl6	CCL15
Ccl6	CCL23
Xylb	XYLB
Gm64835	
Gm64836	
Gm64837	
Gm56865	
Gm64838	
Gm39211	
Gm64841	
Gm64842	
Ccl3	CCL3L3
Ccl3	CCL18
Ccl3	CCL3
Gm64843	
Gm64844	
Gm50464	
Gm35629	
Ccne2	CCNE2
Gm64845	
Gm7676	
Gm64847	
Gm9892	
Gm64848	
Dynlt1a	DYNLT1
Defa-ps14	
Ccl4	CCL4
Ccl4	CCL4L2
Gm64851	
Gm8734	
Gm64853	
Rpl19-ps11	
Gm6483	
Gm44712	
Ccdc174	CCDC174
Gm64856	
Gm11433	
Atp5k-ps3	
Tlcd3b	TLCD3B
Gm11432	
Ppp1r2-ps1	PPP1R2
Ppp1r2-ps1	PPP1R2B
Rpl9-ps1	
Nmt1	NMT1
Gm17879	
Gm7818	
Gm66028	
Gm9805	
Gm20008	
Gm56306	
Gm65273	
Gm56307	
Gm16386	
Gm42885	
Gm65274	
1700027H10Rik	
Gm10060	
Gm56890	
Gm42858	
Gm40466	
Nsg1	NSG1
Gm20778	
Gm64859	
Gm65275	
Gm40108	
Gm52630	
Lss	LSS
Gm21769	
Gm21811	
Defa-ps6	
Plcd3	PLCD3
Gm64869	
A530041M06Rik	
Defa-ps7	
Gm64870	
Mir5129	
Gm13467	
Gm13466	
Gm40102	
Gm23072	
Gm13469	
Gm15300	
Gm65277	
Gm25264	
Gm56479	
Gm65278	
Gm13471	
Gm13482	
Gm15305	
Gm25338	
Gm13472	
Gm65280	
Gm13489	
Gm44856	
Acvr2a	ACVR2A
Defa-ps18	
4930590J08Rik	C3orf20
Gm65282	
4930451I11Rik	C16orf92
Gm65283	
Gm64872	
Zbtb49	ZBTB49
Gm15311	
Gm30735	
Defa-ps9	
Defa-ps1	
Gm64877	
Gm44854	
Doc2a	DOC2A
Gm7432	
Gm64879	
Acvr2b	ACVR2B
Gm2716	
Gm64880	
Gm9406	
Gm66053	
Gm44711	
Gm40137	
Gm19465	
Fgd5	FGD5
Gm65286	
Gm65288	
Gm20627	
Gm66055	
Ints8	INTS8
Gm18735	
Gm65290	
Hexim1	HEXIM1
Gm65291	
Gm41597	
Gm16508	
Orc4	ORC4
Gm33102	
Hexim2	HEXIM2
Gm15234	
Gm19853	
Gm1976	
Gm65292	
Gm31095	
Gm33466	
Gm44634	
Fmnl1	FMNL1
Gm7346	
Gm16589	
Gm64897	
Ino80e	INO80E
Gm19164	
Gm64899	
Gm2448	
Gm31135	
Gm47320	
Scn10a	SCN10A
Lyar	LYAR
Spatc1l	SPATC1L
Gm65304	
Gm38509	
Gm65305	
Gm65306	
Gm1553	
Gm65307	
Gm65308	
Gm65309	
Gm19186	
Gm42196	
Ap3m1-ps	
Hcfc2	HCFC2
Gm18393	
Gm5913	
Gm64921	
Hmgb1-rs17	
1700125G22Rik	
Gm64922	
Gm4889	
Gm29243	
Gm31532	
Gm66098	
Gm44095	
4930466I24Rik	
Nfyb	NFYB
Zfp142	ZNF142
Mark1-ps2	
Gm65324	
Nr2c2	NR2C2
Hirip3	HIRIP3
C230034O21Rik	
Gm65327	
Gm65329	
2700069I18Rik	
Ccnq-ps4	
Gm64931	
Gm5345	
Gm35237	
Gm64932	
Taok2	TAOK2
Gm65337	
Aprt-ps	
Gm36069	
B930053N02Rik	
Gm3365	
Gm56780	
Gm43446	
Gm64936	
Mark1-ps1	
Gm66109	
Gm49919	
1700025K24Rik	
Gm47560	
Txnrd1	TXNRD1
Gm40163	
Gm65346	
Gm65347	
Gm65348	
Defa-ps12	
Gm64939	
Gm65349	
Gm45893	
Gm39197	
Gm65350	
Gm49792	
Gm66117	
Gm31999	
Gm49780	
Tmem128	TMEM128
Gm66118	
Gm49904	
Gm28543	
Gm44249	
Gm46595	
Mrps25	MRPS25
Gm56341	
Mbd5	MBD5
Gm35857	
Bcs1l	BCS1L
Gm17435	
Rbsn	RBSN
Gm21399	
Gm20541	
Gm64945	
Gm18833	
Gm18784	
Gm65356	
Gm66130	
Gm65357	
Gm16391	
Gm45795	
Gm31466	
Tmem219	TMEM219
Drd5	DRD5
Gm66131	
Gm64950	
Gm49752	
Vmn2r-ps120	
Slc2a9	SLC2A9
Gm45710	
Gm56205	
Gm66468	
Gm64952	
Gm49753	
Gm1667	
Gm11020	
Gm64953	
Klhdc7a	KLHDC7A
Gm31183	
Ces2d-ps	
Gm6811	
Mir2139	
Igsf21	IGSF21
Gm5092	
Gm65361	
Gm65362	
Spata32	SPATA32
Gm65363	
Gm65364	
Gm65365	
Gm64957	
Rnf25	RNF25
Gm65366	
Trh	TRH
Map3k14	MAP3K14
Gm13027	
Gm9867	
Gm13026	
Gm50453	
Gm40061	
Gm44803	
Gm21092	
Gm44024	
Arhgef10l	ARHGEF10L
Gm10420	
Gm7732	
A830019L24Rik	
Gm66140	
Nanog	NANOGP8
Nanog	NANOG
Gm56829	
Gm7736	
Scn11a	SCN11A
Gm66141	
Gm7740	
Gm66142	
Gm38186	
Gm7742	
Gm65374	
Gm41539	
Gm65375	
4930564C03Rik	
Gm40159	
Gm20650	
Gm23445	
Kctd13	KCTD13
Gm4601	
Gm66155	
Plekhm1	PLEKHM1
Gm65377	
Gm65378	
Gm6402	
Gm65379	
Gm65384	
Kpna2-ps	
Gm65385	
Gm65386	
Gm44735	
Gm66158	
Gm65392	
Gm21984	
H2-M6-ps	
Gm7031	
4933405D12Rik	
Asphd1	ASPHD1
Or11a2-ps1	
Slc2a3	
Gm20429	
Gm57228	
Sez6l2	SEZ6L2
Gm13510	
Gm13508	
Gm25215	
Gm4152	
Epc2	EPC2
Gm66175	
H2-Q3	
Wdr48	WDR48
Gm20946	
Arhgap27	ARHGAP27
Gm64988	
Gm20530	
Gm45910	
H2-T11-ps	
Gm66184	
Gm64990	
Stk36	STK36
Gm9574	
Gm66185	
Gm64991	
Gm6659	
Gm6623	
Gm64994	
Gm8835	
Hand2os1	
Gm47073	
Gm65407	
Eid3	EID3
Gm10074	
Gm33309	
Gm29402	
Ptbp1	PTBP1
Gm18604	
Gm5491	
Gm65408	
Gm65410	
Rbx1-ps	
Gm8801	
Gm40145	
Gm65411	
Gm56816	
Gm65412	
Gm4482	
Gm65413	
Gm5112	
Gm4134	
Gm26826	
Gm65414	
Gm66194	
Foxj2	FOXJ2
Gm5497	
Gm31610	
Gm66198	
Gm50041	
Gm7393	
A330069K06Rik	
Gm66201	
Gpx4-ps1	
Gm65417	
Gm66202	
Gm43821	
Gm27178	
Gm66203	
Gm65418	
Gm65420	
Btnl7-ps	
Gm37892	
Gm65423	
Gm46804	
Gm66205	
Gm66207	
Mir7231	
C3ar1	C3AR1
Gm65428	
Cyp21a2-ps	
Gm65429	
Gm65430	
Gm65431	
Gm65432	
Necap1	NECAP1
Gm65433	
Stk19-ps1	
Kif5c	KIF5C
Gm66209	
Gm4610	
Gm2808	
Gm65434	
Gm32458	
Gm15796	
Gm22249	RNU4-29P
Otop1	OTOP1
Gm29721	
Gm36888	
Gm36010	
Tmem181c-ps	
Gm66210	
Gm66211	
Gm65437	
Gm52994	
Gm65438	
Clec4a1	CLEC4A
Gm2792	
Gm65441	
Gm56309	
Gm16740	
Gm42589	
Gm29719	
Gm42588	
2810432F15Rik	
Gm42591	
Gm65444	
Gm43483	
Gm43824	
Gm42443	
Gm42442	
Gm65445	
C230071H17Rik	
Clec4a3	CLEC4C
Gm42441	
Gm65446	
5430410E06Rik	
Rnf187	
Gm42440	
Gm40103	
Gm42439	
Gm32803	
Gm66216	
Gm42438	
Gm66217	
Gm42991	
Gm42992	
Gm65448	
2610011E03Rik	
Trim17	TRIM17
9830132P13Rik	
Gm42993	
Gm66218	
Gm42995	
Gm66219	
Gm42996	
Gm42989	
Gm66220	
Gm43019	
Gm66221	
Gm43018	
Gm11131	
Gm43187	
Gm43188	
Gm43186	
Gm28616	
Gm42626	
Gm56433	
Cct6a	CCT6A
Clec4a4	CLEC4C
Trim11	TRIM11
Gm66223	
Gm32252	
Gm66225	
Gm66226	
Muc21	
Auts2	AUTS2
Gm56793	
4833427F10Rik	
Gm34701	
Gm33988	
Gm65532	
Gm66228	
Gm20426	
Gm66229	
1700073E17Rik	
Gm66231	
Gm6578	
Gm66232	
Ppp1r18os	
Cdiptos	
Gm4691	
Gm19065	
Gm66233	
Gm18537	
Gm16279	
H3f4	H3-4
Gm65537	
H2bc27	
H2bc26	H2BC26
Gm18422	
H2ac25	H2AC25
Gm65538	
Gm65454	
Gm8479	
Gm56434	
Gm12301	
Glp2r	GLP2R
Gm65539	
Gm66234	
Gm31520	
Cdipt	CDIPT
Gm13857	
Gm66235	
Gm7452	
Gm65540	
Gm66236	
Vmn1r-ps6	
4833418N02Rik	
Gm65542	
Col26a1	COL26A1
Gm5316	
Zfp862-ps	
Gm19391	
Peg10	PEG10
Peg10	RTL1
Gm65458	
Cadps2	CADPS2
Gm65459	
Gm65460	
Gm65461	
Itpr3os	
Gm65463	
Gm65464	
Gm65465	
Rcvrn	RCVRN
Gm65466	
A230001M10Rik	
Gsg1l2	GSG1L2
4930506C21Rik	
Dhrs7c	DHRS7C
Gm17994	
Pagr1b	
4930405O22Rik	
Gas7	GAS7
Pagr1a	PAGR1
Gm13525	
Lypd6	LYPD6
Gm42742	PAGR1
Gm20463	
Rab26os	
Cx3cr1	CX3CR1
Prrt2	PRRT2
Gm65474	
1700097N02Rik	
Gm65476	
Gm65477	
Gm65478	
Ttll4	TTLL4
Gm43241	
Gm65480	
Gorasp1	GORASP1
Gm40090	
Gm1604a	
Mmadhc	MMADHC
Gm65481	
Gm65482	
Maz	MAZ
Gm65483	
Gm65484	
Gm65485	
Gm13025	
Gm35185	
Gm65486	
Gm65487	
Gm55984	
Gm35535	
Rcc2	RCC2
Gm38335	
Gm19696	
Gm56806	
Gm65488	
Ttc21a	TTC21A
Gm65489	
Gm65490	
Gm65491	
Gm65492	
Gm43649	
Ift22	IFT22
Gm65493	
Gm65494	
Gm6135	
Crnde	
Kif22	KIF22
Mir212	
Mir132	MIR132
Ovca2	OVCA2
Gm65495	
Dph1	DPH1
Fis1	FIS1
Gm13488	
Gm13487	
Gm13485	
Gm13484	
Gm13498	
Rnd3	RND3
Gm55469	
Gm55470	
Zg16	ZG16
Platr10	
Gm28639	
Gm13500	
Gm13497	
Gm23505	
Cyp27a1	CYP27A1
Gm13494	
Tas2r134	
Gm13492	
Gm44939	
Gm65499	
Gm13493	
Rbm43	RBM43
Gm22747	
AI467606	C16orf54
Gm65500	
Gm42823	
Gm55986	
Eif2b3	EIF2B3
Gm65501	
Qprt	QPRT
Gm35507	
Gm30147	
Cldn15	CLDN15
Gm65502	
Gm33924	
Gm65503	
Spn	SPN
Gm65507	
Prkag3	PRKAG3
Gm65508	
Gm33987	
Gm44940	
Gm46834	
Gm25735	Metazoa_SRP
Gm29948	
Cd2bp2	CD2BP2
Znhit1	ZNHIT1
4931419H13Rik	
Rtn4rl1	RTN4RL1
Gm13495	
Hic1	HIC1
Nmi	NMI
Gm12000	
Gm22335	RNU6-583P
Ptch2	PTCH2
Gm46796	
Fignl1	FIGNL1
Gm65521	
Gm65522	
Gm65524	
C920021L13Rik	
Gm65525	
Gm65526	
Tbc1d10b	TBC1D10B
Csrnp1	CSRNP1
Gm65527	
Gm46815	
Ikzf1	IKZF1
2310015A16Rik	
Plod3	PLOD3
Gm37359	
Gm17690	
Gm50275	
Gm32738	
Gm33799	
Gm16559	
Gm65533	
Gm49427	
Gm15444	
Xirp1	XIRP1
Gm65535	
Gm54210	
Gm51425	
Gm65536	
Gm33189	
Gm33858	
Gm32875	
Btbd19	BTBD19
Ccr8	CCR8
Mylpf	MYL11
Gm47050	
Slc25a38	SLC25A38
Gm26594	
Gm56344	
Wnt6	WNT6
Tnfaip6	TNFAIP6
Gm17134	
Gm65543	
Gm33206	
Gm6729	
Gm9583	
Gm21027	
Gm48448	
Gm48450	
Gm29539	
Gm48451	
Gm48454	
Wnt10a	WNT10A
Gm48460	
4930590L14Rik	
Gm46191	
Gm48461	
Gm48463	
Gm48464	
4930442L01Rik	
Gm48465	
Dynlt4	DYNLT4
Gm48466	
Gm48473	
Gm48474	
Gm48475	
Mir702	
Vgf	VGF
Gm30044	
Gm19989	
Rif1	RIF1
Gm18876	
Gm5174	
Zfand2b	ZFAND2B
Gm65547	
Gm49358	
Gm65548	
Gm65549	
Gm7546	
Gm9054	
Tars3	TARS3
Plk3	PLK3
Ap1s1	AP1S1
Nt5dc3	NT5DC3
Gm65550	
Gm15689	
Gm65553	
Rpsa	RPSA2
Rpsa	RPSA
Mannr	
Gm65554	
Gm65555	
Gm65556	
Gm65557	
Gm16268	
Gm65558	
Gm16270	
Trim56	TRIM56
Uqcc6	UQCC6
Gm56819	
Gm65560	
Gm20633	
Krt32	KRT32
Gm20768	
Muc3a	MUC3A
Krt35	KRT35
Tm2d3	TM2D3
Ache	ACHE
1810014B01Rik	
Hsp90b1	HSP90B1
Gm24044	SNORA6
Gm26448	
Snora62	SNORA62
Iba57	IBA57
Mobp	MOBP
Gm65566	
Gm20632	
Gjc2	GJC2
Gm65567	
Gm65568	
Gm9052	
Gm56773	
Gm65569	
Guk1	GUK1
Gm65570	
Gm65571	
Gm65572	
Gm56782	
Mir8116	
Ufsp1	UFSP1
Mir7036	
Rps8	RPS8
Gm43013	
Gm65575	
Trip6	TRIP6
Gm65577	
Gm65578	
Gm65580	
Gm65581	
Gm36823	
Gm65582	
Abcb6	ABCB6
Gm65583	
Gm65584	
Gm65585	
Gm65586	
Gm65587	
Gm7551	
Pcsk6	PCSK6
Gm65588	
Gm65589	
Gm65590	
Gm65592	
Gm65593	
Gm65594	
Gm22980	
Gm22980	SNORD38D
Gm22980	SNORD38C
Snord38a	SNORD38A
Gm43349	
Gm26330	SNORD46
Snord55	SNORD55
Gm55786	
Kif2c	KIF2C
Gm65595	
Gm65596	
Gm65597	
Slc12a9	SLC12A9
Gm42743	
Neb	NEB
Gm65600	
Gm65601	
Gm65602	
Gm65603	
Gm38642	
Gm65604	
Gm37111	
Gm10961	
Tmem123	TMEM123
AI115009	
Mrpl55	MRPL55
Gm65608	
Gm65610	
A830092H15Rik	
Gm43574	
Gm29253	
Mir5618	
Birc2	BIRC2
Gm43012	
Ephb4	EPHB4
Gm65614	
2310033P09Rik	C1orf35
Atg9a	ATG9A
Gm15344	
Gm65615	
Gm54730	
Ttc41	
Gm65619	
Arf1	ARF1
Gm65621	
Gm65622	
Gm65623	
Gm65626	
Birc3	BIRC3
Gm65627	
Gm65628	
Gm65629	
Gm65630	
4930555A03Rik	
Elac2	ELAC2
Sox1ot	
Gm45213	
Gm65632	
Yap1	YAP1
Gm65633	
Gm65634	
Gm25099	
Snrpa1	SNRPA1
Gm23143	
Gm65635	
Gm23287	
1700012C08Rik	
Armh1	ARMH1
Gm54214	
Fabp3-ps1	
Gm6150	
Gm40178	
Gm48751	
Gm48753	
Samd5	SAMD5
Gm65638	
Gm9930	
Gm65641	
Gm48755	
Gm65643	
Gm48758	
Gm65644	
Gm48760	
Gm42468	
Tmem53	TMEM53
Gm19161	
Gm65646	
Gm16364	
Gm65647	
Rmst	
Gm65650	
Gm65652	
2500002B13Rik	
Gm65653	
Gm65655	
Gm65656	
Gm56813	
Nppb	NPPB
Dkkl1	DKKL1
Gm65659	
Gm65661	
Gm16160	
Nppa	NPPA
Gm65664	
Gm65665	
Gm65666	
Gm54168	
Clcn6	CLCN6
Gm65669	
Gm65670	
Tead2	TEAD2
Gm52636	
Gm36226	
Gm65672	
Gm65675	
Gm66556	
Gm32237	
1700036G14Rik	
Gm56809	
Gm31320	
Gm66567	
Gm65679	
Gm66569	
Gm66571	
Gm65681	
Gm30992	
Gm20416	
Hdnr	
Cfap300	CFAP300
Ankzf1	ANKZF1
Gm65686	
Gm65687	
Gm65688	
Gm65689	
Gm65690	
Gm65692	
Cep126	CEP126
Gm66586	
Gm66589	
Gm65697	
5730437C11Rik	
Arhgap44	ARHGAP44
Gm66592	
Gm66595	
Zan	ZAN
Gm65698	
Gm65699	
Gm65700	
Gm7495	
Gm65701	
Mir1899	
Gm47517	
Gm26671	
Gm66609	
Trpc6	TRPC6
Gm66610	
Gm66613	
Gm66614	
Gm66616	
Gm55043	
Mir135a-2	MIR135A2
Gm55044	
Gm65703	
Gm55045	
Gm40068	
Gm55046	
Glb1l	GLB1L
Gm55048	
Gm55049	
Gm29811	
Gm55050	
Gm55051	
Mir1251	MIR1251
Gm20757	
Gm66622	
Gm66623	
Gm20109	
Cd37	CD37
Gm65706	
Gm17040	
Gm41506	
Gm65708	
Gm9531	
Gm65709	
Gm10177	
Gm8512	
Gm13207	
Gm65989	
Gm47124	
Mthfr	MTHFR
Hebp2	HEBP2
1600029O15Rik	
Gm49871	
Gm65711	
Gm35550	
Gm41988	
3000002C10Rik	
Gm65712	
Gm65713	
Gm65993	
Gm38503	
Gm34424	
Gm10653	
Gm48297	
Arfgef3	ARFGEF3
Gm8093	
Gm7435	
Gm3867	
Gm65996	
Gm56885	
Gm48391	
Gm66645	
1700128F08Rik	
Dnm2	DNM2
Gm66646	
Gm66650	
Gm41609	
Trbv31	TRBV30
Igkv14-130	
Igkv9-129	
Chchd2-ps	
Agtrap	AGTRAP
Igkv11-125	
Igkv14-100	
Igkv1-99	
Igkv12-98	
Igkv19-93	
Slc6a16	SLC6A16
Draxin	DRAXIN
Igkv12-89	
Gm26510	
Igkv4-86	
Gm12294	
Gm55870	
Gm12293	
6530403H02Rik	
Myocd	MYOCD
Igkv12-38	
Igkv18-36	IGKV3D-20
Igkv18-36	IGKV3D-11
Igkv18-36	IGKV3OR2-268
Igkv18-36	IGKV3-11
Igkv18-36	IGKV3D-15
Igkv18-36	IGKV3-20
Igkv18-36	IGKV3-7
Igkv18-36	IGKV3-15
Igkv18-36	IGKV3D-7
Gm23585	
Slc6a21	
Mad2l2	MAD2L2
Igkv1-35	
1110028F18Rik	
Gm65894	
Gm65895	
Igkv7-33	IGKV4-1
Gm65896	
Gm47698	
Gm31378	
Igkv6-29	
Igkv8-16	IGKV4-1
Gm65901	
Gm43263	
Gm56948	
Gm32540	
Sh2d6	SH2D6
Gm65902	
Gm65903	
Gm65906	
Gm65907	
Rpl36-ps9	
Epo	EPO
Gm65908	
Gm4489	
Gm35021	
Trpm4	TRPM4
Gm56348	
Stk16	STK16
Gm40697	
Gm65917	
Gm65919	
Gm65920	
Gm65921	
E130307A14Rik	
Pop7	POP7
Fbxo6	FBXO6
5830408C22Rik	
9130604C24Rik	
Gm8066	
Gigyf1	GIGYF1
Gm26664	
Gm31235	
Gm56393	Y_RNA
Sgca	SGCA
Gm56848	
Tuba4a	TUBA4A
Gm56786	
Gm65746	
Gm34576	
Gnb2	GNB2
Gm49880	
A930029G22Rik	
Zfp638	ZNF638
Gm52615	
Gm56775	
H1f9	
Gm49894	
Gm35340	
Ppp1r9b	PPP1R9B
Gm56904	
Gm65941	
Gm65942	
Gm65747	
Gm65748	
Gm40066	
A630095N17Rik	
Gm65946	
Gm56481	
Gm13521	
Arl5a	ARL5A
Gm65750	
Gm36252	
Gm50472	
Gm42707	
Dnajb2	DNAJB2
Mir7022	
Fbxo44	FBXO44
Gm5427	
Gm31615	
Gm13541	
Bloc1s2-ps	
Cep83os	
Stam2	STAM2
Rpl14-ps1	
Hrc	HRC
Samd14	SAMD14
Ppfia3	PPFIA3
Gm40642	
Gm65751	
Gm65753	
Gm65755	
Gm40627	
Gm4577	
Gm65757	
Gm56917	
Gm65758	
Gm65971	
Gm20522	
Gm65762	
Gm65763	
Gm65765	
Gm65770	
Gm65383	
Pdk2	PDK2
Gm17705	
Gm65972	
Gm65973	
Gm65876	
Gm65873	
Gm65774	
Gm65911	
Gm65975	
Gm40125	
Gm65976	
Gm51808	
Gm65977	
Gm65978	
Gm56794	
Gm65979	
Gm56884	
Gm26752	
Gm16181	
Gm30122	
Prrc2a	PRRC2A
Gm65980	
Gm40140	
Gm65981	
Ptprn	PTPRN
Gm40590	
Gm65983	
Gm65984	
A930005H10Rik	
Gm65985	
Gm46212	
Itga3	ITGA3
Gm65987	
Gm40684	
Gm10747	
Gm65783	
Mir6418	
Gm17112	
4930412E21Rik	
Gm13548	
Actl6b	ACTL6B
Gm46210	
Prpf40a	PRPF40A
Fbxo2	FBXO2
Gm65990	
Gm40741	
Gm65994	
Gm47107	
Gm65785	
Lrrc69	LRRC69
A830029E22Rik	
Gm33066	
C030034L19Rik	
Gm32338	
Ncapd3	NCAPD3
Gm66002	
Gm66003	
Gm66004	
Gm66005	
Gm66007	
Gm66008	
Gm36628	
Gm65786	
Gm11838	
Gm66009	
Gm11837	C8orf88
Gm66010	
Gm31210	
D830005E20Rik	
Gm65787	
Gm65788	
Gm65789	
Gm65790	
Necab1	NECAB1
Gm2464	
Gm66012	
Gm66013	
Gm10824	
Gm31739	
Resp18	RESP18
Tfr2	TFR2
Gm65791	
Or14c47-ps1	
Gm7898	
Gm65792	
Gm66016	
4930539J05Rik	
Gm41543	
Gm66017	
Gm66018	
Lin7b	LIN7B
Gm66020	
Gm66021	
Gm28902	
n-TKctt14	
Gm65759	
Gm11845	
Gm66022	
Dnpep	DNPEP
Gm12419	
Gm12417	
6330415G19Rik	
Sh3gl2	SH3GL2
Gm66024	
Gm66026	
Gm34114	
Gm65677	
Gm53023	
Gm65889	
Grep1	GREP1
1700042O05Rik	
Gm45619	
Gm66027	
Snrnp70	SNRNP70
Gm46182	
Gm56803	
Gm65794	
Gm10685	
A430046D13Rik	
Gm65797	
Gm16685	
Agbl4	AGBL4
Gm65804	
Asb17os	
Gm9831	
Gm29916	
Gm40672	
2010016I18Rik	
Gm66032	
Gm66034	
Gm66035	
Gm66036	
Pkmyt1	PKMYT1
Dlx3	DLX3
Gm65809	
Gm26876	
Gm34297	
Gm65810	
Gm65811	
Gm11514	
Tac4	TAC4
Gm34924	
4933427D06Rik	
Gm33035	
Gm65298	
Gm65300	
Gm65812	
Paqr4	PAQR4
Gm65813	
Gm32177	
Gm11521	
Bahcc1	BAHCC1
Elmod1	ELMOD1
Kremen2	KREMEN2
Gm66039	
Efcab12	EFCAB12
Gm66040	
Gm66042	
Gm40076	
Gm12806	
Gm12807	
Gm12804	
Gm66044	
Gm12805	
Gm31504	
Bend5	BEND5
Arl6ip6	ARL6IP6
9530082P21Rik	
Gm65814	
Gm65310	
Gm65815	
Gm65311	
Gm40173	
Zfand4	ZFAND4
Gm65312	
Gm66047	
Gm53473	
Gm66049	
Gm66050	
Gm36089	
Gm25898	RNU6-922P
Gm13501	
Nptn	NPTN
Gm29230	
Flywch1	FLYWCH1
Gm13503	
Idi1-ps1	
Gm23315	
Rprm	RPRM
Gm22298	
Gm66052	
Gm13505	
Gm14035	
Gm14034	
Gm65319	
Gm43221	
Galnt13	GALNT13
Gm65320	
Gm56994	
Gm65822	
Gm56983	
Gm65322	
Gm15271	
Gm65823	
Gm65824	
Gm65825	
Gm66054	
Gm65826	
Gm35891	
Gm66056	
Gm66058	
Des	DES
Gm55364	
Spata6	SPATA6
Mospd3	MOSPD3
Gm49163	
Gm16275	
Gm66059	
Gm40153	
Flywch2	FLYWCH2
Gm66060	
Gm56109	
Kcna7	KCNA7
Gm55885	
1700082M22Rik	
Prpsap1	PRPSAP1
Klrd1	KLRD1
Ntf5	NTF4
Gm52285	
Gm38537	
Srrm2	SRRM2
Gm66062	
Gm33023	
Gm66064	
Gm66065	
Gm40728	
Lhb	SAXO3
Gm66067	
Gm17308	
Gm66068	
Gm66069	
Gm56990	
Gm66070	
Lhb	
Gm66071	
Gm6264	
Gm66072	
Gm42567	
Gm66074	
Pik3c2g	PIK3C2G
Gm7609	
Ruvbl2	RUVBL2
Gm66078	
Gm66079	
Myl2	MYL2
Gm66081	
4930403O15Rik	
Gm24549	
Gm25489	
Gm65848	
Gm16028	
Gm14032	
Sp110-ps1	
A730020M07Rik	
Gm53592	
Kcnj3	KCNJ3
Gm56821	
B530045E10Rik	
Rpl36-ps1	
Sphkos	
Gm13517	
Sphk1	SPHK1
Gm13615	
Gm13518	
Mir195b	
Gm16025	
Gm13527	
Gm29944	
Nr4a2	NR4A2
Gm7281	
Gm52955	
Gm7592	
Sp110	SP110
Gm48657	
Gm65857	
Gm65858	
Gm66084	
Tle3	TLE3
E230014E18Rik	
Gm65861	
Gm65738	
Gm65862	
Gm49911	
Gm56804	
Mir5125	
Elob	ELOB
Gm44622	
Gm56961	
Gm66088	
Gm40784	
Gm65868	
Gm20125	
Gm65869	
Gm65870	
Gm65871	
D030025E07Rik	
Gm27246	
Prss33	PRSS33
Gm33481	
Gm66102	
Gm65879	
Gm65880	
Gm16230	
Gm65881	
Gm40080	
Gm65882	
Gm33845	
Gm16094	
Sp140	
Prss41	PRSS41
Gm38411	
Gm66105	
4930567K20Rik	
Gm65883	
Gm56802	
Ccdc63	
Atp5k-ps4	
Gpd2	GPD2
Gys1	GYS1
Gm12961	
Gm12960	
Slc5a9	SLC5A9
Gm66106	
Gm66107	
Gm66108	
Prss32	
Gm40732	
Gm34983	
Igkv4-57-1	
Sp100	SP140
Tmem214	TMEM214
Igkv13-57-1	
Igkv4-57	
Gm46226	
Gm40612	
Gm15441	
Gm15947	
Gm19872	
Prss21	PRSS21
Igkv13-56-1	
Igkv4-56	
Gm66116	
Igkv13-55-1	
Gm35035	
Igkv4-55	
Gm66121	
Gm66122	
Ftl1	FTL
Igkv13-54-1	
Gm66123	
Igkv4-54	
Gm66124	
4933429H19Rik	
D030045P18Rik	
Gm65899	
Gm65900	
Gm11742	
Dcpp1	
A530020G20Rik	
Gm57354	
Igkv4-53	
Gm57395	
Gm57407	
Gm11714	
Gm66126	
Or2w25	
Gm42606	
Gm66127	
Igkv4-51	
Ten1	TEN1
Gm66128	
Gm66129	
Dcpp2	
Gm42958	
Gm65904	
Igkv4-50	
Gm65905	
Gm29771	
Igkv12-49	
Gm66132	
Gm66133	
Igkv5-48	IGKV6D-41
Igkv5-48	IGKV6D-21
Igkv5-48	IGKV6-21
Gm56125	
Gm2137	
Gm10252	
Gm34267	
Bax	BAX
Cdk3	CDK3
Gm50058	
Igkv12-47	
Gm50057	
Gm65912	
Gm41545	
Igkv12-46	
Gm50059	
Dcpp3	
Gm65914	
Gm66134	
Igkv5-45	IGKV6D-41
Igkv5-45	IGKV6D-21
Igkv5-45	IGKV6-21
Gm65915	
Evpl	EVPL
Gm65916	
Skint8	
Gm66135	
Gm66136	
Gm47710	
Sbp	
Igkv12-44	
4930570G19Rik	
Gm66137	
Gm13535	
Igkv5-43	IGKV6D-41
Igkv5-43	IGKV6D-21
Igkv5-43	IGKV6-21
Gm13531	
Gm13532	
Gm66138	
Gm13533	
Gm66139	
Gm25388	
Gm33594	
Galnt5	GALNT5
Gm48768	
Wrap53	WRAP53
Igkv12-42	
Skint7	
Igkv12-41	
Igkv5-40-1	
Igkv12-40	
Gm66149	
Gm66151	
Gm45808	
Gm66154	
Igkv5-39	IGKV6D-41
Igkv5-39	IGKV6D-21
Igkv5-39	IGKV6-21
Gm40709	
Dhdh	DHDH
Gm43220	
Ermn	ERMN
Grin2b	GRIN2B
Sbpl	ZG16B
Trp53	TP53
Gm13534	
Cytip	CYTIP
Gm55392	
Skint1	
Gm66160	
4930579P08Rik	
Tulp2	TULP2
1700030O20Rik	
Gm66161	
Gm66162	
Gm66163	
Gm43808	
3300002P09Rik	
Gm57556	
Agbl5	AGBL5
Gm40723	
Gm26689	
Prss30	
Gm65945	
Gm56985	
Gm65947	
Gm66165	
Gm66167	
Gm65948	
Gm66169	
Skint4	
Gm65949	
Gm66171	
Gm65950	
Gm30121	
Gm66174	
Gm65951	
Gm65953	
Gm65954	
Gm66176	
9230102K24Rik	
Gm33694	
Gm56847	
Gm65956	
Gm66178	
Gm65958	
Gm65959	
Gm65960	
Gm65961	
Gm65963	
Gm66181	
Gm65965	
Gm66182	
Gm33641	
Prss22	PRSS22
Gm48614	
Gm55601	
Gm14330	
Gm66186	
Gm65988	
Gm66187	
Gm65967	
Gm26105	RNU2-60P
Gm66189	
Gm65968	
Eif4a3l1	EIF4A3
Gm66190	
4930533K18Rik	
Gm15476	
Gm50066	
Ube2q2l	
Gm54607	
Gm65733	
Gm55605	RNU4-30P
Gm55605	RNU4-48P
Gm55605	RNU4-77P
Gm55605	U4
4933431K23Rik	
Gm6728	
Gm55438	
Prh1	
Gm25092	
Gm5225	
Gm64592	
Prss27	PRSS27
Gm55441	
Gm65969	
Prp2	
Acvr1c	ACVR1C
Gm65970	
Gm56811	
A630073D07Rik	
Gm19708	
Kctd5	KCTD5
Tas2r120	TAS2R50
Tas2r120	TAS2R19
Tas2r120	TAS2R31
Tas2r120	TAS2R20
Tas2r120	TAS2R30
Tas2r120	TAS2R43
Tas2r120	TAS2R46
Tas2r121	TAS2R13
Mir148a	
Nfe2l3	NFE2L3
Gm65974	
Mir124-2hg	
Gm66196	
Gm47922	
Pdpk1	PDPK1
Gm12820	
Skint3	
Gm66199	
Gm66200	
Hnrnpa2b1	HNRNPA2B1
Gm53617	
Gm66204	
Gm66206	
Gm56947	
Gm11241	
Gm45341	
Gm66208	
Ptprd	PTPRD
Gm40795	
Gm13545	
Gm30978	
Acvr1	ACVR1
Atp1b2	ATP1B2
Gm4189	
Gm55351	
A630001G21Rik	
Gm65997	
Gm65998	
Gm66212	
Gm2814	
Gm65999	
Gm35865	
Gm43689	
Shbg	SHBG
Gm66000	
Gm66213	
Gm66001	
Gm40190	
Nucb1	NUCB1
Gm66214	
Gm20492	
Gm66006	
Gm40696	
B230398E01Rik	
Gm35437	
Sat2	SAT2
Mir8096	
Gm55355	
Gm55356	Metazoa_SRP
Gm6153	
Inpp5d	INPP5D
Gm66222	
Gm40713	
Gm40791	
Gm12308	
Gm66224	
Gm42194	
Gm12309	
Mir467f	
Sox15	SOX15
Gm66015	
Gm44955	
Gm31057	
Gm66227	
Mpdu1	MPDU1
Gm66230	
4930481B07Rik	
Gm32795	
Gm17409	
Gm66023	
Gm40147	
Upp2	UPP2
Gm66025	
Cbx3	CBX3
Rbm46os	
Gm40631	
Gm66237	
AW046200	
Gm48485	
Gm66238	
Gm66240	
Gm66241	
Gm26586	
Mir1934	
Cd68	
Gm66244	
Gm66245	
5430427G11Rik	
Gm26535	
Pkp4	PKP4
Gm15347	
Gm50071	
Gm33409	
Gm66030	
Gm30097	
Gm66563	
Gm50070	
Gm64736	
Amdhd2	AMDHD2
Gm66251	
Gm66031	
Eif4a1	EIF4A1
Gm31202	
Snx10	SNX10
Gm66033	
A330015K06Rik	
Gm66254	
Gm31298	
Gm45478	
Gm57220	
Gm29895	
Ppp1r15a	PPP1R15A
Gm56777	
Gm40105	
Gm66037	
A730090N16Rik	
Gm66259	
Hsd17b14	HSD17B14
Gm66038	
Gm66260	
Gm37459	
Gm16212	
Gm15934	
Gm37933	
Gm31223	
Gm66262	
Gm66263	
Gm66041	
Gm66043	
4930422I22Rik	
5930420M18Rik	
Ost4	OST4
Gm35756	
Gm66045	
Gm66046	
Gm66566	
Emilin1	EMILIN1
Atp6v0c	ATP6V0C
Gm66048	
Gm66269	
Gm66271	
Gm66272	
Gm16998	
Gm55121	
Il17ra	IL17RA
Gm30193	
Gm24029	SNORA67
Gm25835	SNORD10
Gm22988	
Senp3	SENP3
Bcat2	BCAT2
Gm66275	
4930556N09Rik	
Slc26a8	SLC26A8
Gm34205	
Gm66061	
Khk	KHK
Gm30820	
Mecomos	
Tmem121b	TMEM121B
Gm34911	
Gm66283	
A730063M14Rik	
Gm66063	
Hdhd5	HDHD5
Gm36443	
Gm66287	
Gm35409	
Gm66289	
Gm66292	
Gm40764	
4930488L21Rik	
Gm52608	
Gm36412	
Gm66295	
Atcayos	
Gm66073	
Gm40166	
Gm66075	
Gm56789	
Gm66077	
Gm66080	
Gm66083	
Gm36000	
Gm20692	
Gm56000	RNU6-152P
Gm66096	
Gm44074	
Gm44124	
Cntnap2	CNTNAP2
Gm29836	
Tnfsfm13	
Gm12532	
Gm26947	
Fgf21	FGF21
Gm66085	
Gm66086	
Gm66087	
Gm66089	
Gm66090	
Gm66091	
Fut1	FUT1
Gm66092	
Gm43607	
Gm45765	
Gm32496	
Gm66093	
Mapk14	MAPK14
Gm66094	
Gm66095	
Izumo1	IZUMO1
Gm35963	
Gm66097	
Cgref1	CGREF1
Gm66099	
Gm66101	
Gm31983	
Preb	PREB
Igdcc4	IGDCC4
Pldi	
Gm30605	
Rasip1	RASIP1
Gm66103	
Gm66104	
Gm66331	
Gm40124	
Gm40624	
Gm66333	
Gm66110	
Gm66111	
Gm66112	
Gm31330	
Gm66113	
Gm66114	
Gm66337	
B230112I24Rik	
Gm66115	
Gm64158	
Gm43879	
Gm15886	
Gm66338	
Gm51533	
Gm43872	
Gm66341	
Gm43885	
Gm43889	
Gm40652	
Gm64169	
Gm43874	
Gm64830	
Gm43869	
6330419E04Rik	
Gm66343	
Gm64831	
Gm43882	
Tnfsf13	TNFSF13
Gm4129	
Gm63942	
Gm43884	
Gm43880	
Gm63784	
Gm43876	
Kxd1	KXD1
Gm43886	
Gm45437	
Gm54627	
Gm43871	
Gm43873	
Gm66346	
Gm43877	
Mamstr	MAMSTR
Gm13551	
Gm66348	
Gm13549	
Gm43888	
Gm34006	
Gm43887	
Dapl1	DAPL1
Gm43870	
Gm43881	
Gm25161	
Gm43875	
Gm66125	
Rbpj-ps3	
Gm66350	
Gm35065	
Gm18484	
Gm35931	
1700124M09Rik	
Gm43883	
Gm6352	
Gm66119	
Gm66120	
Gm18584	
Gm13552	
Cul1	CUL1
Tanc1	TANC1
Gm48671	
Gm37305	
Gm66355	
Gm66356	
Gm5547	
Gm51814	
Tcf23	TCF23
Tnfsf12	TNFSF12
Srsf9	SRSF9
Gm66365	
1700066D14Rik	
Gm66366	
Gm66367	
Gm40645	
Fut2	
Gatc	GATC
Gm56874	
Gm46224	
Gm12307	
Gm63779	
Gm57231	
Polr2a	POLR2A
Triap1	TRIAP1
Trim30b	TRIM5
Gm63790	
Gm34154	
Gm66379	
Cox6a1	COX6A1
Gm66381	
4930401A07Rik	
Oaz2	OAZ2
Or52h9	
Gm63671	
A930005G22Rik	
1700006J14Rik	
Gm43231	
Gm64086	
Msi1	MSI1
Gm66143	
Gm66144	
Or52h7	
Gm36531	
Gm66145	
Gm66146	
Gm66147	
Gm66148	
Or52d3	
Gm64538	
Gm36671	
Gm66150	
Gm64648	
Gm66152	
Gm39253	
Gm42197	
Ezh2	EZH2
Or52u1	
Cfdp1	CFDP1
Gm66156	
Gm66157	
Gm40117	
Or52ac1	
Tmem170	TMEM170A
Or52p1	OR52P1
Rfx7	RFX7
Or56b1	OR56B1
Gm55166	
BB187676	
Chst5	
Gm66396	
Or52n4	OR52N4
Tmem231	TMEM231
Gm51785	
Usp17le-ps	
Or52n20	
9230105E05Rik	
Or56b2l-ps1	
Gm66402	
Isoc2a	ISOC2
Gm66404	
Gm66405	
Gm56942	
Gabarapl2	GABARAPL2
Gm47438	
Gm27195	
Gm36210	C19orf85
Gm66166	
Gm66168	
Gm5320	
Gm66170	
Gm66172	
Zfp628	ZNF628
Gm66173	
Adat1	ADAT1
Tmcc3os	
Col6a5	COL6A5
Nat14	NAT14
Gm66177	
Gm66415	
Gm36180	
Gm66417	
Gm66418	
Gm66419	
Gm66421	
Gm66179	
Gm40151	
Gm31992	
Gm66180	
Gm66183	
Gm46825	
Ssc5d	SSC5D
Gm66188	
Gm66429	
Gm66435	
Gm66436	
2010002M09Rik	
Gm66439	
Gm43538	
Gm66441	
Gm66443	
Gm66191	
Gm66446	
Gm66192	
Gm66193	
Igf1os	
Pla2g1b	PLA2G1B
Platr4	
Wdsub1	WDSUB1
Sbk2	SBK2
Cacna2d2	CACNA2D2
Slc35g3	SLC35G6
Slc35g3	SLC35G4
Slc35g3	SLC35G3
Slc35g3	SLC35G5
Gm43027	
Gm43028	
Gm66454	
Grxcr1	GRXCR1
Gm48893	
Gm66455	
Kars1	KARS1
Gm66456	
Zbtb4	ZBTB4
Gm66457	
Gm66459	
Gm66460	
Zfp579	ZNF579
Gm66462	
Gm43025	
Gm66463	
Gm66464	
Rsrc2	RSRC2
Gm40725	
Gm16240	
Fiz1	FIZ1
Gm66470	
Gm66472	
Gm9744	
Gm66480	
Gm66484	
Gm66485	
Gm66489	
Gm66491	
Gm66492	
Gm66493	
Gm40674	
Chrnb1	CHRNB1
Gm66494	
Gm66495	
Gm48278	
Gm35552	
Baz2b	BAZ2B
Gm47028	
Atg16l1	ATG16L1
Gm48324	
Gm47568	
Gm66510	
Terf2ip	TERF2IP
Gm47729	
Zfp524	ZNF524
Gm6793	
Gm31904	
Gm9564	
Gm44973	
Gm22827	
Gm3635	
Gm57217	
Gipc1	GIPC1
Zfp865	ZNF865
Gm11252	
Gm11242	
Fgf11	FGF11
Gm11243	
Gm11244	
Gm11245	
Gm48281	
Gm11246	
Gm55410	
Gm53610	
Gabrd	GABRD
Ccdc106	CCDC106
Gm66529	
Gm35235	
Pkn1	PKN1
Gm66531	
Gm66532	
6720407P12Rik	
Tmem102	TMEM102
Gm20655	
Spem3	SPEM3
Spem2	SPEM2
Spem1	SPEM1
Cfap74	CFAP74
Nlgn2	NLGN2
Gng5c	GNG5B
Mapk13	MAPK13
Gm66538	
Gm66540	
Gm66541	
Zfp784	ZNF784
Gm66542	
Gm66543	
Gm48748	
Zfp580	ZNF580
Gm38941	
Gm45133	
Epn1	EPN1
Gm13574	
Gm13570	
Gm31616	
Gm13620	
Ldha-ps	
Marchf7	MARCHF7
1700027J07Rik	
Tmem256	TMEM256
Gm66550	
Gm40635	
Gm66551	
4933404K13Rik	
Gm44282	
Gm44141	
Plscr3	PLSCR3
Gm25283	Y_RNA
Gata2	GATA2
Gm40634	
Gm66555	
Gm66250	
1700113B09Rik	
1700052H01Rik	
Gm66557	
Tmem52	TMEM52
Gm66558	
Gm66560	
4930423D24Rik	
Cd302	CD302
Gm40769	
Gm48545	
Gm44388	
Dnajb8	DNAJB8
Gm66573	
Gm66578	
Gm66261	
Gm66580	
Gm35986	
Gm66583	
Gm16099	
Eefsec	EEFSEC
Gm66585	
Rfpl4	RFPL4A
Rfpl4	RFPL4AL1
Rpl10a-ps4	
Gm4065	
Tnk1	TNK1
Ly75	LY75
Gm66587	
Gm56962	
Gm55744	
Gnb1	GNB1
Gm66590	
Gm66591	
Gm16220	
6430590A07Rik	
Gm66598	
Gm66601	
Rasl2-9	
Gm66268	
Gm40698	
Gm47692	
Gm66270	
Gm66607	
Gm56144	
Gm49864	
Gm36065	
Gm66273	
Vmn1r55	
Brpf3	BRPF3
Vmn1r56	
Gm66611	
Gm66274	
Vmn1r57	
Gm40804	
Gm31058	
Gm66612	
Gm45146	
4933440J02Rik	
Gm23942	
Nlrp2	NLRP2
Gm66276	
Gm66277	
Gm66278	
Kntc1	KNTC1
Gm38326	
Gm66280	
Gm16235	
4930425O10Rik	
Gm66624	
Gm66625	
Gm66626	
Gm66627	
Gm66628	
Gm66629	
Gm66630	
Gm66631	
Gm66632	
B230208H11Rik	
Gm47524	
Gm66633	
Gm66291	
Gm66637	
Gm66293	
Gm44265	
Gm29674	
Gm54584	
Gm44264	
Klf14	KLF14
Gm66297	
Gm66299	
Mir29a	MIR29A
Mir29b-1	MIR29B1
Gm27019	
Gm66300	
Gm18757	
5330406M23Rik	
Gm45147	
Gm66640	
Zfp566	ZNF566
Gm66301	
Gm13835	
Ptger1	PTGER1
Gm37728	
Gm34607	
Gm43800	
Sox5os4	
Gm66648	
Sox5os5	
Gm66649	
Gm22792	
Gm54776	
Gm66653	
Tsks	TSKS
Hoxaas2	
Gm66654	
Gm66656	
Gm10644	
Gm46218	
Gm15050	
Gm66306	
Gm66307	
Gm66663	
Gm29430	
Gm47966	
Gm31693	
Hotairm1	
Gm66310	
Hoxaas3	
Gm36130	
Gm37316	
Gm66242	
Gm66315	
Tmem95	TMEM95
Gm66243	
Gm66316	
Gm13571	
4922502N22Rik	
Gm66317	
Gm66318	
Gm66671	
Gm66319	
Gm66672	
Gm66320	
Gm40797	
Gm46837	
Gm40138	
Gm66246	
Pla2r1	PLA2R1
Ddx39a	DDX39A
Gm53283	
Kctd11	KCTD11
Gm66321	
Gm66247	
Gm66322	
Gm66248	
Gm66323	
Gm33051	
Mir6924	
Fxr2	FXR2
Gm40621	
Gm66326	
Gm36873	
Gm66327	
Gm66328	
Gm66329	
Gm66330	
4930564D02Rik	
Gm66253	
Gm36041	
Gm66255	
Gm66256	
Gm66257	
Gm66258	
1700054K19Rik	
Cpt1c	CPT1C
Gm40044	
Gm66340	
Gm38542	
Gm66342	
Gm9989	
Gm25395	
Gm66264	
Scarna6	
Gm66265	
Sag	SAG
Gm66266	
Gm66267	
1700049E22Rik	
Adgre5	ADGRE5
Hcar2	HCAR2
Hcar2	HCAR3
Hcar1	HCAR1
Denr	DENR
Card14	CARD14
Gm66279	
Gm66357	
Gm66359	
Gm66361	
Gm13583	
Gm66363	
Gm35883	
Gm65667	
Gm66282	
1110015O18Rik	
Pnpla1os	
6530409C15Rik	
Gm13566	
Gm13567	
Pnpla1	PNPLA1
Itgb6	ITGB6
Gm66284	
Gm66285	
Gm66286	
Gm66288	
Gm66290	
Gm38761	
Gm66294	
Gm44764	
Hip1r	HIP1R
Dgkd	DGKD
Gm65269	
Gm66298	
4930477E14Rik	
Bnip5	BNIP5
Gm7932	
Gm56771	
Gm66302	
Gm66303	
Gm33275	
Gm66373	
Gm66375	
Gm13171	
Gm66725	
Fblim1	FBLIM1
Gm66726	
Gm66305	
Gm26654	
Gm40371	
Gm66728	
Gm66383	
Gm66384	
Gm66308	
Gm40113	
Gm66309	
Gm66732	
1700030A11Rik	
Gm66311	
Prmt1	PRMT1
Gm56977	
Gm66734	
Gm66385	
Gm66312	
Gm66313	
Gm40790	
Gm16191	
Kcnd3os	
Gm66314	
Gm66736	
A430035B10Rik	
Gm66737	
Pxt1	PXT1
Gm40715	
Gm48089	
Gm66739	
Gm66740	
Sgsh	SGSH
4930486F22Rik	
Gm49868	
Gm34777	
Gm66324	
1700063J08Rik	
Gm66325	
Gm46952	
Kctd20	KCTD20
1700060C16Rik	
Plxna4os1	
4833421G17Rik	
Gm38365	
Gm48884	
Usp40	USP40
Gm36753	
4930556H05Rik	
Gm66747	
Gm34921	
Gm66748	
Gm44000	
Gm66749	
Gm66332	
Gm32365	
Gm66397	
Gm10244	
Slc26a11	SLC26A11
Gm43468	
Gm66334	
Gm53599	
Gm66335	
1700030E10Rik	
Gm66399	
4930524B17Rik	
Gm66400	
Gm66401	
Gm66339	
Gm66403	
Gm66344	
Gm31244	
Gm66345	
Gm56968	
Gm66406	
Gm66759	
Gm54175	
Gm66407	
Gm66347	
Rbms1	RBMS1
Gm43351	
Gm48024	
Gm44957	
Gm32515	
Mir7032	
Vps37b	VPS37B
Gm66349	
Gm33215	
Gm66411	
Gm66413	
Gm54203	
Gm66351	
Gm66414	
1700017G19Rik	
4930591E09Rik	
Gm66352	
Gm66353	
E130317F20Rik	
BC049739	
Gm66354	
Gm66358	
Gm66360	
Gm38781	
Gm37939	
Gm32438	
Gm66362	
Gm7291	
Gm66764	
Gm66364	
Tmem82	TMEM82
Gm57555	
Gm56325	
Gm66368	
Rbak	RBAK
Gm66765	
Gm40770	
Gm66369	
Gm66370	
Gm38920	
Gm66372	
Gm56999	
Gm66374	
Gm66376	
Slc25a34	SLC25A34
Mir1668	
Gm46046	
Gm66377	
Gm64846	
Spdye4b	SPDYE10
Spdye4b	SPDYE13
Spdye4b	SPDYE14
Spdye4b	SPDYE8
Spdye4b	SPDYE2
Spdye4b	SPDYE12
Spdye4b	SPDYE16
Spdye4b	SPDYE9
Spdye4b	SPDYE2B
Spdye4b	SPDYE11
Spdye4b	SPDYE15
Spdye4b	SPDYE17
Spdye4b	SPDYE1
Spdye4b	SPDYE3
Spdye4b	SPDYE18
Spdye4b	SPDYE6
Spdye4b	SPDYE4
Spdye4b	SPDYE5
Spdye4b	SPDYE21
Gm45778	
Mir1932	
Gm66767	
Gm54868	
Endov	ENDOV
Gm66380	
Gm42030	
Gm66768	
Plekhm2	PLEKHM2
Gm32656	
Gm36328	
Gm48903	
Gm64776	
Gm66386	
Gm66387	
Gm64806	
Gm66388	
Gm64799	
Gm66770	
Gm66389	
Gm66430	
Gm64789	
Gm66390	
Gm66431	
Gm26721	
Gm66391	
Gm46800	
Gm66392	
4930532I03Rik	
Gm33576	
Gm56840	
Gm64200	
1700067K01Rik	C19orf67
Gm42217	
Gm31453	
Gm54187	
Spdye4a	SPDYE10
Spdye4a	SPDYE13
Spdye4a	SPDYE14
Spdye4a	SPDYE8
Spdye4a	SPDYE2
Spdye4a	SPDYE12
Spdye4a	SPDYE16
Spdye4a	SPDYE9
Spdye4a	SPDYE2B
Spdye4a	SPDYE11
Spdye4a	SPDYE15
Spdye4a	SPDYE17
Spdye4a	SPDYE1
Spdye4a	SPDYE3
Spdye4a	SPDYE18
Spdye4a	SPDYE6
Spdye4a	SPDYE4
Spdye4a	SPDYE5
Spdye4a	SPDYE21
Gm66776	
Gm66777	
Gm66779	
Gm66780	
Gm36097	
Gm42216	
Gm66449	
Gm66783	
Gm66784	
Gm43691	
Gm66786	
Gm66393	
Gm66787	
Gm66394	
Gm57003	
Gm66450	
Gm66788	
Gm66395	
Gm66789	
Gm66451	
Gm66791	
1700008P02Rik	
Gm38915	
Gm66792	
Gm66793	
Gm7292	
Gm47715	
C330011M18Rik	
Gm64778	
Gm66452	
Gm56830	
Gm44210	
Gm42184	
Gm15199	
Zfp12	ZNF12
Gm66797	
Gm66799	
Gm66801	
Gm66803	
Gm63791	
Gm66807	
Gm66809	
Gm56836	
Gm66810	
Gm64014	
Gm65345	
Gm66813	
Gm64130	
Gm56841	
Gm40357	
Gm17059	
Gm26532	
Gm66465	
Pou4f2	POU4F2
Gm36827	
Gm66408	
Gm66466	
Gm66409	
Gm66467	
Gm66410	
Nptx1	NPTX1
Gm31420	
Gm63807	
Gm66412	
Gm45969	
Zfp316	ZNF316
Gm66469	
Gm66471	
Gm66416	
Gm46839	
Gm2225	
Gm63811	
Gm66420	
Ddi2	RSC1A1
Gm55776	
Gm66422	
Chmp6	CHMP6
Gm35255	
Gm66423	
Rbmxl1	RBMXL1
Zfp853	ZNF853
Gm66425	
Gm66426	
Gm66819	
Gm6288	
Gm55888	
Gm66820	
Ints15	INTS15
Gm5832	
Slc10a7	SLC10A7
Gm33332	
Gm66477	
Gm15375	
Gm66478	
Gm52970	
Gm66823	
Gm66481	
Gm66483	
1700048P04Rik	
Gm66427	
Gm66487	
Stk38	STK38
Ugt1a10	UGT1A8
Ugt1a10	UGT1A9
Ugt1a10	UGT1A10
Ugt1a10	UGT1A7
Gm66488	
Gm66490	
Gm66428	
Gm32085	
Gm20714	
Gm56943	
Gm66828	
Gm42501	
Gm66830	
Zdhhc4	ZDHHC4
Gm66831	
Gm30853	
Gm13209	
Gm66497	
Gm66499	
Srm	SRM
Bcl2l12	BCL2L12
Gm66500	
Gm36237	
Gm66501	
Baiap2	BAIAP2
Gm43464	
Gm13582	
Gm66502	
Gm13579	
Gm66503	
Gm13581	
Gm66504	
Gm26422	
Gm56482	SNORA75B
Gm56482	SNORA75
Gm66505	
Tank	TANK
Gm66506	
Gm66432	
Gm66507	
Gm66434	
Gm66509	
Gm36244	
Gm66511	
Gm66437	
Gm66513	
Gm66440	
Gm66514	
Gm66442	
Gm35186	
Gm66444	
Gm66445	
Gm66515	
Gm66447	
Gm66517	
Gm9871	
Gm66519	
Gm66521	
2310039L15Rik	
Masp2	MASP2
Gm66522	
Gm66523	
Gm52971	
Gm56815	
Ugt1a9	UGT1A8
Ugt1a9	UGT1A9
Ugt1a9	UGT1A10
Ugt1a9	UGT1A7
Irf3	IRF3
1700007F19Rik	
Gm66448	
Gm47944	
5730420D15Rik	
Gm31108	
Gm66839	
Gm66840	
Ugt1a8	UGT1A8
Ugt1a8	UGT1A9
Ugt1a8	UGT1A10
Ugt1a8	UGT1A7
Gm66841	
Gm66842	
Gm66843	
Gm47760	
Ugt1a7c	UGT1A8
Ugt1a7c	UGT1A9
Ugt1a7c	UGT1A10
Ugt1a7c	UGT1A7
Gm66458	
Layn	LAYN
Gm66844	
Gm66845	
Gm40787	
Gm66846	
Gm66847	
Gm66848	
Gm66849	
Gm66850	
Tardbp	TARDBP
Gm66852	
Btg4	BTG4
Gm66853	
Gm66854	
Gm66856	
Gm66858	
Gm66473	
Gm30400	
Gm66474	
Gm66475	
Gm66476	
Gm66868	
Gm66870	
Gm66876	
Gm43397	
Gm32009	
Gm66877	
Grid2ip	GRID2IP
Gm66878	
Gm66486	
Gm47697	
Gm38921	
1700012C14Rik	
Gm56993	
Hoatz	HOATZ
Gm66880	
Gm66881	
Gm15373	
Gm66882	
Ugt1a6b	UGT1A6
Gm66883	
Platr7	
Gm2253	
Scaf1	SCAF1
Mir34c	MIR34C
Mir34b	MIR34B
Gm63814	
Gm32742	
Gm66496	
Gm47209	
Gm45446	
1700025N23Rik	
Lsm6	LSM6
Pou2af1	POU2AF1
Gm23887	
Trp53cor1	
Gm15200	
Gm47828	
Gm66508	
Pou2af3	POU2AF3
Gm66512	
Gm66885	
Gm57005	
Gm66886	
Gm66887	
Gm64025	
Gm8054	
Gm45326	
Aatk	AATK
Gm66516	
Gm66518	
Gm66888	
Gm15372	
Gm13626	
Pou2af2	POU2AF2
Gm66520	
Gm36719	
Psmd14	PSMD14
Gm63752	
Gm15370	
Gm30628	
Ugt1a6a	UGT1A6
Tmem161a	TMEM161A
Gm16195	
Gm56954	
Srsf3	SRSF3
Gm15767	
Gm66889	
Gm29915	
Gm15369	
Gm66524	
Gm15374	
Gm66525	
Gm15371	
Gm66526	
Gm40623	
Ugt1a5	UGT1A4
Ugt1a5	UGT1A5
Ugt1a5	UGT1A3
Gm66527	
Gm66528	
Mmp3	MMP3
Gm40409	
Gm66890	
Mir7054	
Rras	RRAS
Gm66891	
Gm8633	
Gm66895	
Gm66530	
Gm66896	
Gm30896	
Gm66897	
Gm66898	
Gm48249	
Gm66533	
Gm66534	
Gm52972	
Gm15368	
Gm47616	
Gm48843	
Gm53322	
Gm15376	
Gm66535	
Mmp20	MMP20
Ugt1a2	UGT1A4
Ugt1a2	UGT1A5
Ugt1a2	UGT1A3
Gm57000	
Prr12	PRR12
Gm66899	
Gm38780	
Gm66901	
Gm66903	
Gm33979	
Gm66536	
4930405J17Rik	
Gm66537	
Gm66572	
Gm15737	
Gm26691	
Gm66539	
Gm38809	
Gm56483	
Gm56484	
Gm66908	
Tbr1	TBR1
Gm51795	
AV064505	
Gm35721	
Gm19212	
Mmp7	MMP7
Gm42813	
1700015O11Rik	
Prrg2	PRRG2
4921539H07Rik	
Dnajb3	
Gm36229	
Ugt1a1	UGT1A1
Gm46959	
Cbx3-ps8	
Gm43398	
Gm10709	
Kdelr2	KDELR2
Polr2m	POLR2M
Gm41556	
Gm56801	
Gm13555	
Gm66594	
Gm4870	
Slc4a10	SLC4A10
Gm66596	
Gm9497	
Gm66599	
Daglb	DAGLB
Gm55841	
Gm64878	
Cdkn1a	CDKN1A
Gm66604	
Gm66606	
Gm66544	
Gm30648	
Gm66545	
Gm66546	
Mroh2a	MROH2A
Gm35195	
Gm35664	
Gm66547	
Gm66548	
4930525C09Rik	
Gm66549	
Gm52609	
Gm66615	
Gm66618	
Dino	
Gm34078	
Rab44	RAB44
Myzap	MYZAP
Hjurp	HJURP
Gm35017	
Gm66553	
Gm66554	
Rac1	RAC1
Gm44204	
Gm66921	
Gm66922	
Gm26748	
Gm40731	
1700080F18Rik	
Gm31358	
Nosip	NOSIP
4930473O22Rik	
Gm36409	
Gm34162	
Gm66559	
Gm66561	
Gm66562	
5830405F06Rik	
Rpl35a-ps3	
Gm66638	
Gm66564	
Gm18271	
Gm66565	
Gm42538	
Slc25a42	SLC25A42
Gm65396	
Gm66568	
Trpm8	TRPM8
Gm65740	
Gm40411	
Gm51765	
Gm41537	
4930563H07Rik	
Gm47425	
Gm66574	
Gm64615	
Gm66576	
Armc6	ARMC6
Gm65933	
Gm42502	
Gm6018	
Gm66577	
Fam220a	FAM220A
Gm57051	
Gm66579	
Spaca6	SPACA6
Atosa	ATOSA
Gm66581	
Gm66651	
Gm36341	
Gm36639	
Gm66655	
Gm66658	
Gm66660	
Gm66584	
Gm66661	
Gm66662	
Gm40054	
Gm19060	
Gm34753	
Gm66934	
Rest	REST
Gm30456	
Mir338	
Mir3065	
Gm66588	
Rptor	RPTOR
Gm30173	
Gm66593	
Gm56953	
1700022H01Rik	
Gm66597	
Gm66600	
Gm66602	
Gm66937	
Gm66603	
Gm56929	
Gm66605	
Gm66608	
Mir5098	
Noa1	NOA1
1700016J18Rik	
Gm52628	
Sugp2	SUGP2
Gm66673	
Gm66674	
Gm66943	
Gm34118	
Polr2b	POLR2B
Gm66617	
Gm66675	
Gm15398	
Gm66676	
Gm66619	
Mir99b	MIR99B
Gm55583	
Gm15998	
Mirlet7e	MIRLET7E
Mir125a	MIR125A
Gm66944	
Has1	HAS1
Gm66620	
Gm33439	
Gm66947	
Gm66677	
Gm66948	
Gm66621	
Gm33337	
1810044D09Rik	
Gm66678	
Gm66949	
Gm66679	
Gm66681	
Fpr1	FPR1
Gm66682	
Gm66953	
Rcn3	RCN3
Gm66954	
Gm66683	
Gm66684	
Gm40614	
Gm43542	
Gm66685	
Fpr2	FPR2
Gm66955	
Gm19243	
Gm19802	
Gm66686	
Gm66956	
Gm9946	
Gm66957	
Fpr3	FPR2
Gm3805	
Gm66959	
Gm66961	
Gm9762	
Gm30570	
Gm7531	
Gm7535	
Gm66687	
Gm5966	
Gm30690	
Gm38030	
Fpr-rs5	
Gm66634	
Gm66962	
Fpr-rs4	FPR2
Gm66636	
Gm20758	
4930471M09Rik	
Gm9790	
Gm65424	
Gm66691	
Gm65564	
Gm9845	
Gm66692	
Gm66964	
Gm34303	
Gm66965	
Gm572	CIROZ
Gm66966	
Gm66693	
Gm66639	
Gm66641	
Gm36123	
Gm66642	
Gm66968	
Gm66644	
Gm66969	
Gm6821	
Gm42758	
Gm31181	
Gm44115	
Cers1	CERS1
Gm66694	
Igfbp7	IGFBP7
Gm17934	
4930453O03Rik	
Arpp19	ARPP19
Casz1	
Gm66695	
Gm65576	
Spp2	SPP2
Gm66652	
Gm29938	
5930403N24Rik	
Gm7103	
Gm66657	
Gm66659	
Gm66700	
4930528G23Rik	
Fcgrt	FCGRT
Gm8860	
Gm32235	
Gm66664	
4930539M17Rik	
Gm66665	
Gm66666	
Gm42424	
Gm41591	
Rtraf-ps	
Micall2	MICALL2
Gm66709	
Gm6300	
Gm66710	
Gm66668	
Gm18867	
Gm66669	
Gm66670	
Gm32753	
Gm65427	
Gm20618	
Gm65513	
Gm65853	
Gm65855	
Glrp1	
Gm66980	
Gm2981	
Gm57009	
Gm7200	
Gm30068	
Myo5a	MYO5A
Tsn	TSN
Gm65878	
Gm66982	
Gm5843	
Gm66984	
Gm64954	
Gm66986	
Gm66715	
Gm66988	
Mir150	MIR150
Gm43725	
Rps11	RPS11
Gm66717	
Lockd	
Gm66992	
Gdf1	GDF1
Gm65373	
Gm66994	
Gm65654	
Gm20611	
Gm8234	
Gm65756	
Gm46806	
Gm30419	
Gm64620	
Gm10612	
AU022133	
Gm65612	
Gm63760	
Gm65332	
Gm66722	
Gm56921	
C230057M02Rik	
Gm64876	
Gm36313	
Gm64883	
Gm66999	
Gm64902	
Gm43726	
Gm66723	
Gm64682	
Gm65642	
Gm37317	
Gm67000	
Gm39271	
Gm64591	
Mdfi	MDFI
Gm48483	
Nifk	NIFK
Gm63961	
Snord35b	SNORD35B
Gm64940	
Gm38575	
Rpl13a	RPL13A
5830417I10Rik	
Gm63739	
Gm45894	
Gm66727	
Gm66729	
Gm64054	
Gm17771	
Gm66731	
Gm39272	
Gm53630	
Gm33707	
Gm67001	
2810013P06Rik	
Gm67003	
Gm37035	
Gm67004	
Gm66688	
Gm67005	
Gm38791	
Gm63855	
4930477N07Rik	
Gm35677	
Gm64029	
Gm44238	
Gm64352	
Gm28402	
Gm4316	
Gm26653	
Gm45842	
4933417D19Rik	
Ints1	INTS1
Gm64260	
Clasp1	CLASP1
Gm64163	
Gm40639	
Gm64313	
Gm20617	
Gm64278	
Gm67006	
Ankrd11	ANKRD11
Gm67007	
Gm13205	
Gm31763	
Gm66696	
Gm17029	
Gm66697	
Gm66698	
Gm66699	
Gm66701	
Gm66702	
Pex14	PEX14
Gm66703	
Gm66704	
Gm66705	
Gm25201	
n-R5s28	
Gm66706	
Foxp4	FOXP4
Gm66708	
Gm51792	
4930595L18Rik	
Gm40650	
Gm67009	
Gm66711	
Gm66713	
Gm44638	
Gm29571	
Or1e34	
Gm66714	
Gm44575	
Gm66716	
Or1e35	
Gm63903	
Gm66719	
Gm64119	
Gm66720	
Gm33242	
Gm66721	
Or1e17	
Or10k2	OR10K1
Gm44140	
Or1e1b	
Gm9506	
Or1e1f	
Gm18000	
Dffa	DFFA
Ndufb7	NDUFB7
Gm20656	
Gm66758	
Or1r1	OR1R1P
Gm43070	
Gm56790	
Aspa	ASPA
Tecr	TECR
Gm66724	
Gm57011	
Rpl36a-ps2	
Gm9515	
Dpp4	DPP4
Gm66730	
4933431E20Rik	
Gm66733	
Gm66735	
Gm23709	
Creb3	CREB3
Gm66738	
A730020E08Rik	
Gm38778	
Gm66741	
Gm66742	
Gm45713	
Gm36897	
Spata22	SPATA22
Gm16630	
Snord35a	SNORD35A
Snord34	SNORD34
Snord33	SNORD33
Mir5121	
Snord32a	SNORD32A
Snord32a	SNORD32B
Flt3l	FLT3LG
Gba2	GBA2
Gm66743	
Gm66744	
Gm66745	
Gm66746	
Gm30435	
Gm49340	
Or1e1	
Gm66750	
Gm66751	
Gm66752	
Or1e1c	
Gm66753	
Gm66754	
Gm66755	
Gm66756	
Gm66757	
Gm12489	
Gm66769	
Or1e18	
Gm9719	
Gm12494	
Gatm	GATM
Gm17811	
Gm16353	
Gm66760	
Or1e16	
Myo5c	MYO5C
Gm66761	
Gm10010	
Gm12497	
Gm66772	
Gm67033	
Gm44922	
Gm12502	
Or1e19	
Gm20597	
Gm66775	
Gm12499	
Gm12498	
Or1e21	
Gm40800	
Afg2b	AFG2B
Or1e20	
AA467197	C15orf48
Or1e23	
Gm36543	
Or1e24-ps1	
Gm6505	
Or1e26	
Gm12501	
Gm66782	
Gm32403	
Amy2b	
Or1e25	
Gm36908	
Gm12327	
Or1e27	
Amy2-ps1	
Gm67045	
Gm44665	
Or1e28	
Gm67046	
Gm66790	
4930528J18Rik	
Gm66762	
Gm40381	
Gm67047	
Gm22381	RNU6-180P
Gm12328	
Gm67048	
Or1e29	
Gm66794	
1700020G17Rik	
Gm20657	
Gm66763	
Gm66795	
Gm13782	
Gm9169	
Rgp1	RGP1
Mir147	MIR147B
Gm66796	
Slc30a4	SLC30A4
Or2q2-ps1	
Mirc35hg	
D830024N08Rik	
Gm66798	
Gm37428	
Or1e30	
Aldh16a1	ALDH16A1
Gm55835	
Gm8969	
Gm15264	
Gm66811	
Gm66766	
Gnb5	GNB5
Or1e31	
C1qtnf4	C1QTNF4
Mir7037	
Mafk	MAFK
Gm3745	
Gm31221	
Gm45823	
Gm10731	
Gm18001	
Or1e32	
Gm15704	
Dnajb1	DNAJB1
Gm66816	
Gm32514	
Gm43158	
Gm15556	
Mif-ps8	
Ndufs3	NDUFS3
Gm14871	
1700122O11Rik	
Gm32247	
Gm12329	
Gm20596	
Or2y7	
A730006G06Rik	
Gm67348	
Gm20163	
1700067P10Rik	
Nlrp1c-ps	
Tmem184a	TMEM184A
Gm49946	
Gm66771	
Elavl1	ELAVL1
Gm66773	
Trem5	
Gm66774	
Gm30362	
Kbtbd4	KBTBD4
Pisd-ps1	
Gm42647	
Gm49947	
Gm67052	
Gm66825	
Gm66778	
Trem4	
Or1e36-ps1	
Gm67359	
Gm14329	
Gm67053	
Gm6069	
Gm66781	
Msmp	MSMP
A530053G22Rik	
Gm67054	
Gm53618	
Or3a1c	OR3A1
Gm56257	
Gm12473	
Npr2	NPR2
Or1a1	OR1A1
Or1a1	OR1A2
Ccl25	
Gm67055	
Gm17196	
Gm5546	
Ptpmt1	PTPMT1
Or1a1b	OR1A1
Or1a1b	OR1A2
Gm67058	
Gm67060	
Trem1	TREM1
Gm67064	
1700061I17Rik	
Gm67065	
Gm51825	
Celf1	CELF1
Gm47823	
Or1p1b	OR1P1
Gm67375	
Gm35533	
Or1a5-ps1	
Or1p1c	OR1P1
Gm56981	
Gm67067	
Gm18679	
Gm67068	
Trem3	
Or1a7-ps1	
Gm66805	
Gm53623	
Gm26938	
Or1p1	OR1P1
4930589L23Rik	
Gm26577	
Psmg3	PSMG3
Gm66812	
Treml4	TREML4
Gm40673	
Gm15417	
Gm66814	
Gm67069	
Gm67070	
Gm67071	
Gm67072	
Gm15616	
Or1a6-ps1	
Gm67074	
Commd8	COMMD8
Gm67075	
n-R5s71	
Gm66815	
Gm12332	
Gm67080	
Gm56980	
Or3a1	OR3A1
Gm67081	
Gm66817	
Gm67088	
Gm20404	
Gm44869	
Gm45118	
Gm47561	
Or3a1d	
Gm66818	
Gm7434	
Gm45117	
Gm6070	
Or1d2	OR1D2
1700031F10Rik	
Gm67091	
Gm40727	
Gm39213	
Or1p4	OR1P1
Gm66821	
Gm67092	
Gm66822	
Alox15	ALOX15
Gm48677	
1700028I16Rik	
Mrpl4	MRPL4
Gm42569	
Pih1d1	PIH1D1
Gm25768	RNU6-1258P
Gm19560	
Gm23712	
Oas2	OAS2
Gm33201	
Gm66824	
Gm64220	
Gm66826	
Rtbdn	RTBDN
Ifngas1	
Gm38765	
Gm12312	
Pelp1	PELP1
4930594O21Rik	
Gm43068	
Oas3	OAS3
Rnaseh2a	RNASEH2A
Gm38820	
Gm38560	
Treml2	TREML2
Gm66833	
Gm66834	
4930412F09Rik	
Gm67101	
Gm16213	
Gm67102	
Gm31416	
Icam1	ICAM1
Gm66835	
Gm66836	
Gm66837	
Trem6l	
Gm16231	
1700015C17Rik	
Gm33651	
Gm12313	
Spag8	SPAG8
Gm12314	
Arrb2	ARRB2
Gm43069	
Gm67104	
Oas1e	OAS1
Gm47865	
Slc17a7	SLC17A7
Gm67105	
Gm67106	
1110002J07Rik	
Trem2	TREM2
Hint2	HINT2
Gm40763	
Gm67108	
Gm67110	
Gm67111	
Gm66851	
Oas1c	OAS1
4930545H06Rik	
Gm38843	
1700012D16Rik	
Icam4	ICAM4
Sox2ot	
Gm67116	
4930579H20Rik	
Gm66855	
Fam221b	FAM221B
Gm67119	
Icam5	ICAM5
Gm66857	
Gm67120	
Gm26576	
Gm66859	
Gm66862	
Treml1	TREML1
Gm66863	
Gm47078	
Gm49661	THSD8
Gm66865	
Gm66866	
Prdx2	PRDX2
Gm66867	
Oas1b	OAS1
Gm66871	
Gm13861	
Gm12481	
Tmem8b	TMEM8B
Gm67123	
Gm2566	
Mir7055	
Gm66873	
Gm67124	
Gfy	GFY
Gm66874	
Gm67125	
Gm66875	
Gm47900	
Wdr95	
4933411E08Rik	
Mir1900	
Gm44317	
Zglp1	ZGLP1
Pth2	PTH2
Gm66879	
Kash5	KASH5
Gm49373	
Gm36352	
Gm38431	
2610300M13Rik	
Gm66884	
Nfya	NFYA
Gm30165	
Gm67134	
Gm35126	
Gm67135	
Gm5577	
Gm67136	
Gm67137	
Fdx2	FDX2
Gm67138	
Tbcb	TBCB
Gm32663	
Junb	JUNB
Gm65321	
Gm56846	
Raver1	RAVER1
Hook2	HOOK2
Polr2i	POLR2I
Gm56261	
Or13e8	
Gm36640	
Gm48844	
Or13j1	OR13J1
Gm67147	
Gm67148	
Gm67149	
Hsph1	HSPH1
Gm25010	
Atp8b5	
Gm67152	
Gm38855	
Gm67153	
Gm67155	
Gm67156	
Gm38821	
Gm67159	
Gm67161	
Gm33263	
Gm66892	
Gm52922	
Gm66893	
Gm67162	
Gm66894	
Gm67163	
Vax2os	
Gm43714	
Mir7082	
Tyk2	TYK2
Gm6639	
Ovol3	OVOL3
Gm67167	
Gm67168	
Wdr62	WDR62
Gm67169	
Gm67170	
Gm67172	
Gm40802	
Gm47962	
Gm66900	
Gm66902	
Gm66904	
Gm66905	
Gm67173	
Gm66906	
Gm66907	
Gm34933	
Gm67174	
Gm35636	
Gm52896	
Gm67175	
Gm67176	
Gm40761	
Gm66909	
Gm33243	
Gm66910	
Gm67181	
1700124L16Rik	
Gm56807	
Gm67182	
Mir7115	
Med11	MED11
Gm67183	
Gm67184	
Gm67185	
Gm67186	
Gm67187	
Gm67188	
4930432O09Rik	
Zmynd15	ZMYND15
Gm66911	
Gm66912	
Gm66913	
Gm31592	
Gm66914	
Gm13777	
Rapsn	RAPSN
Gm66915	
Gm66916	
Gm53635	
Gm67192	
4930551I15Rik	
Gm66963	
Gm51756	
Gm32328	
Gm67195	
Rusc2	RUSC2
Gm67196	
Gm66919	
Gm67197	
Gm30498	
Gm67198	
Gm67199	
4930555G07Rik	
Ap5s1	AP5S1
Gm66920	
Gm32246	
Oard1	OARD1
Gm66976	
Kbtbd8os	
Gm66977	
Gm33169	
Gm67202	
Gm53321	
Gm66923	
Gm5420	
Gm66924	
Actg1	ACTG1
Gm30524	
Gm66995	
Gm32950	
Gm49893	
Gm67203	
Gm53320	
Gm35404	
Gm66925	
Apobec2	APOBEC2
Gm44110	
Gm64219	
Mavs	MAVS
Gm67208	
Best2	BEST2
Gm38860	
Gm66926	
Gm52901	
Tspo2	TSPO2
Gm66927	
Gm16271	
Gm66928	
1700112D23Rik	
Gm66930	
Gm38810	
Gm40796	
Gm32838	
Gm66931	
Gm66932	
Gm45922	
Gm67216	
Gm35028	
Gm66933	
Unc5cl	UNC5CL
Rps12-ps5	
Clip3	CLIP3
2900060L22Rik	
Cdc37	CDC37
Gm44278	
4933406J09Rik	
Gm55891	
Mir6935	
Fscn2	FSCN2
Gm66935	
Gm66936	
Nme-ps1	
Gm66938	
Gm67225	
Sox5it	
B3glct	B3GLCT
Gm43573	
Gm3942	
Faap100	FAAP100
Gm66939	
Gm66940	
Gm66941	
Gm66942	
Get3	GET3
Gm34441	
Alkbh6	ALKBH6
Gm67230	
Gm67232	
Gm67233	
Gm67234	
Gm53582	
Gm66945	
Pde4a	PDE4A
Gm49896	
Gm66946	
Gm24071	
4933431G14Rik	
Gm54595	
Gm45330	
Trir	TRIR
Gm42650	
Pank2	PANK2
Gm65872	
Gm66950	
Gm36884	
Gm66951	
Gm63831	
1110038B12Rik	
Gm66952	
Gm67237	
Gm40402	
Gm36601	
Gm40699	
Tnpo2	TNPO2
Gm67238	
Brdt	BRDT
Gm67239	
Tspan10	TSPAN10
Gm67240	
4930406D18Rik	
Gm36158	
Gm36440	
Gm32481	
Pde6g	PDE6G
Gm38901	
Gm67244	
Gm67245	
Gm36283	
Gm12474	
Gm56160	
Gm36228	
Syne4	SYNE4
Oxld1	OXLD1
Gm67246	
Gm66967	
Gm67247	
4930473D10Rik	
Gm67248	
Gm36172	
Gm53319	
Gm8152	
Ccdc137	CCDC137
Gm42695	
n-R5s173	
Gm66971	
Ephx4	EPHX4
Gm15723	
Gm66972	
Gm56996	
Gm66973	
Gm56949	
Mir103-2	MIR103A2
Gm35299	
Rnf24	RNF24
Gm66974	
Gm67253	
Gm66975	
Gm67255	
Gm67256	
Gm35765	
Gm67257	
Gm67258	
Gm67259	
Gm67260	
Gm56959	
Gm46976	
Gm38353	
Gm67261	
Gm67262	
Lpcat2b	
Gm67263	
Gm32364	
Gm66979	
Cimip2b	CIMIP2B
Gm38839	
Arl16	ARL16
Btbd8	BTBD8
Gm26811	
Gm66983	
Gm66985	
Gm67264	
Gm34416	
Gm67265	
Gm66987	
Gm67266	
4930563J15Rik	
Gm66989	
Gm66990	
Gm66993	
Keap1	KEAP1
Gm67267	
Gm67268	
Sdhaf1	SDHAF1
Gm66996	
Gm50483	
Gm66997	
Gm56956	
Lrfn3	LRFN3
Gm66998	
Gm67269	
Gm36831	
Gm67271	
Gm67272	
Gm67274	
Gm10787	
Gm25259	RNU2-9P
Tyrobp	TYROBP
Tesk1	TESK1
Hgs	HGS
Gm14233	
Gm25506	SNORD41
Gm25506	
Gm67275	
A230103J11Rik	
Snrpert	
AU015228	
Gm43646	
Tgm6	TGM6
Gm40637	
Gm9727	
Gm67280	
Hcst	HCST
1700028K03Rik	C1orf146
Fbxw9	FBXW9
Gm34574	
Gm35467	
Gm6260	
S1pr5	S1PR5
Gm67002	
Nfkbid	NFKBID
Gm67282	
Gm67283	
Gm67284	
Gm51783	
Gm44206	
Gm48303	
Gm36284	
Atg4d	ATG4D
4930433B08Rik	
Gm40740	
Gm33981	
1700063H04Rik	
Cd72	CD72
Snrpb	SNRPB
Gm30041	
Gm42209	
Mir7070	
Gng14	
Ppp2r3d	
Gm56867	
Vmn2r10	
Gm30646	
Aplp1	APLP1
Dhps	DHPS
Gm5871	
Tmc2	TMC2
Gm67008	
Vmn2r11	
Jhy	JHY
Gm839	
1700040D17Rik	
Vmn2r12	
Gm67010	
Gm67291	
Gm67011	
Gm18586	
Gm44175	
Crtam	CRTAM
Gm67293	
Vmn2r15	
Gm67012	
Gm35585	
Gm40793	
Gm44174	
Nop56	NOP56
Gm33024	
Wdr83	WDR83
Gm67295	
Gm67013	
Gm67014	
Gm67296	
Gm44169	
Gm35439	
Gm67297	
Vmn2r16	
Mrpl12	MRPL12
Gm67298	
Kirrel2	KIRREL2
Gm67299	
Gm67300	
Gm67015	
Gm51766	
Gm67303	
Gm67016	
1700025N21Rik	
Gm38811	
Gm7171	
Vmn2r-ps26	
Gm3294	
4930471E19Rik	
Vmn2r18	
Gm38132	
Ubash3b	UBASH3B
Slc25a10	SLC25A10
Rfc5	RFC5
Gm37202	
Gm67315	
Gm67017	
Gm67318	
Gm67018	
Gm47614	
Gm67019	
Gm35062	
Gm67020	
Sit1	SIT1
Gm67021	
Gm67022	
Gm38832	
Gm67023	
Gm37584	
Gm38864	
Gm67324	
5330438D12Rik	
Gm38899	
Wdr83os	WDR83OS
Gm43357	
Rmrp	
Ccdc107	CCDC107
Gm38917	
Gm38878	
Gm67024	
Gm17089	
Man2b1	MAN2B1
Gm43672	
Ksr2	KSR2
Gcgr	GCGR
Gm66100	
Gm67025	
Nphs1	NPHS1
Adar	ADAR
Gm67026	
Gm67027	
Gm67028	
Gm67029	
4930587E11Rik	
Arhgef39	ARHGEF39
Gm67030	
Gm67031	
Gm20481	
Gm10501	
Gm42550	
Gm37028	
Gm64967	
Gm43173	
Gm67032	
Gm43267	
Gm56899	
Gm67034	
Gm9958	
Gm30784	
Gm64968	
Gm64970	
Gm64906	
Ncr3-ps	
Gm57322	
Cxcl11	
Gm38762	
Gm67334	
Smok4a	
Gm67037	
Gm40750	
Gm48611	
Gm67038	
Gm65618	
Gm48710	
Gm67040	
Gm66195	
Sorl1	SORL1
Gm67041	
Gm65737	
Abhd1	ABHD1
Sox5os2	
Gm67336	
Gm67043	
Gm34107	
Gm67044	
Gm47926	
Gm38874	
Gm26636	
Gm65136	
Gm67338	
Gm65126	
Gm67339	
Gm64582	
Gm51800	
Atp10d	ATP10D
Gm66197	
Gm67049	
Gm67342	
Kcnmb4os1	
Gm67050	
Gm44145	
Gm34426	
Gm47156	
Gm67346	
Nploc4	NPLOC4
Gm64446	
Gm65683	
Gm65088	
Gm67349	
Gm8603	
Gm32141	
Gm26375	RNU6-801P
Gm64580	
Gm67352	
Snord110	SNORD110
D17H6S56E-5	
Gm24451	
Gm67353	
Gm23187	SNORD86
Gm38786	
Gm23650	SNORD56
Gm34346	
Gm67051	
Snord57	SNORD57
Idh3b	IDH3B
9330158H04Rik	
Mettl4-ps1	
Gm67356	
Gm67357	
Gm47927	
Kcnmb4os2	
Gm16214	
Car9	CA9
Sc5d	SC5D
Spdya	SPDYA
Gm67360	
Ctbp1	CTBP1
Gm67361	
Gm67362	
Gm47915	
Gm67363	
Zfp791	ZNF791
Gm67365	
Gm67367	
Gm67369	
4921515L22Rik	
Gm55286	
Gm45317	
Gm42031	
Gm67371	
Gm45316	
Cks1brt	CKS1B
Gm67373	
Gm67374	
Gm33296	
Gm67376	
Gm67377	
Gm67378	
Or7c19	
Gm48061	
Gm48759	
4930517N10Rik	
Gm67381	
Gm67382	
Grip1os1	
Iqcf3	IQCF3
Raly	RALY
Gm48757	
Trmt61b	
Gm34545	
Gm67057	
Gm67059	
Gm67385	
Gm67061	
Gm67386	
Gm67063	
Gm67387	
Gm67388	
Gm67389	
Gm67066	
Gm67390	
Gm67391	
Gm67392	
Cldn25	CLDN25
Gm53603	
Tpm2	TPM2
Nphs1os	
Gm67056	
Mir6236	
Gm67393	
Elp6	ELP6
Gm67394	
Prodh2	PRODH2
Gm51788	
Gm13860	
Gm67395	
Gm10415	
Gm67397	
Gm30164	
A730049H05Rik	
Gm30091	
Gm50047	
Gm67073	
Gm67398	
Wdr43	WDR43
Gm67076	
Gm49766	
Gm36023	
Dlx4os	
Gm67079	
Gm67082	
Gm67083	
Cd300lf	CD300LF
Gm42638	
Gm67085	
Scap	SCAP
Gm67086	
Gm67087	
Gm67089	
Gm67090	
Gm33934	
Gm32673	
Arhgap33os	
Gm67407	
Gm34952	
Arhgap33	ARHGAP33
Gm67410	
Gm67093	
Gm67411	
Gm26911	
Gm43850	
Gm35206	
Gm454	
Gm67095	
Gm68007	
Tln1	TLN1
Gm44026	
D630030B08Rik	
Gm42466	
Gm42736	
Gm34045	
Gm15921	
Gm67096	
Gm67097	
Tmem248	TMEM248
Gm67098	
Gm67099	
Gm67100	
1700021L22Rik	
Gm32284	
Gm67103	
E330012B07Rik	
Gm67419	
Gm40768	
Nherf1	NHERF1
Gm33982	
Gm10445	
4930597O21Rik	
5830462I19Rik	
Snord92	SNORD92
Ptpn23	PTPN23
Snord53	SNORD53
Gm22858	SNORD53B
Gm26627	
Sfta2	SFTA2
Gm67420	
Gm57004	
4930599N23Rik	
Gm47480	
Gm64997	
4930455C13Rik	
Gm56912	
Gm42467	
Nat9	NAT9
Sbds	SBDS
Gm64731	
1700031A10Rik	
Gm65528	
Gm33803	
4632404H12Rik	
Gm66159	
Gm15756	
Gm67422	
Gm34712	
Gm66804	
Gm65793	
Gm66808	
Gm40730	
Gm64714	
Gm42809	
Gm56796	
Gm35722	
Gm19710	
Tyw1	TYW1B
Tyw1	TYW1
Gm64751	
Tpm3	TPM3
Ngp	
Gm56966	
Gm14214	
Plcb2	PLCB2
Gm65260	
Gm65720	
Gm33861	
Gm65355	
Gm67107	
Klhl18	KLHL18
Gm66164	
Gm67431	
Gm30228	
Polr1has	
Gm67109	
Gm57001	
Acbd4	ACBD4
Gm67113	
Cerox1	
Gm67114	
Gm56958	
Gm67115	
Gm67117	
Gm67118	
4930425L21Rik	
Gm67433	
Gm67435	
Gm47082	
4933408J17Rik	
Gm67121	
Gm67122	
Gm26080	
Proser3	PROSER3
Rnu4atac	
Gm28466	
Gm67437	
Gm67438	
Tfcp2l1	TFCP2L1
Gm67439	
Gm67441	
Gm67442	
Kif9	KIF9
Tpst1	TPST1
Gm67444	
Gm67126	
Gm67127	
Gm47531	
Gm67128	
Gm56982	
Gm16155	
Gm67129	
Gm15543	
Gm67445	
Gm40743	
Gm67130	
Gm67446	
Gm67447	
Gm67448	
Gm52871	
Gm67449	
Gm67131	
4930541O19Rik	
Gm67450	
Gm67132	
Gm67133	
1700019A23Rik	
Gm34148	
Hspb6	HSPB6
Gm55135	
Gm64558	
Gm67451	
Gm23497	
Gm28467	
1700080C20Rik	
Gm67452	
Gm53299	
Cdk18	CDK18
Gm41550	
Gm36595	
Gm65913	
Gm65927	
Mir340	MIR340
Gm12194	
2210412B16Rik	
Tbc1d9b	TBC1D9B
Ndufa12-ps	
Gm65932	
Gm16272	
Gm56915	
Gm29064	
Rpl21	
Cort	CORT
Mir9769	
Gm65016	
Lin37	LIN37
Gm66066	
Gm67139	
Gm63452	
Gm38805	
Cenps	CENPS
Gm65931	
4930534H03Rik	
Gm16278	
Gm65083	
4930537H20Rik	
D630044L22Rik	
Gm66802	
Gm64982	
Gm67140	
Gm35639	
1700022N22Rik	
Lce6a	
Gm35699	
Gm67462	
Gm40594	
Gm51757	
Lce1a1	
Gm35386	
Gm67463	
Gm29987	
Gm67464	
Lce1b	
Gm67465	
4930452L12Rik	
Adora1	ADORA1
Gm67141	
Gm67142	
Rpl13-ps4	
Gm67467	
Gm67143	
Gm56960	
Lce1a2	
Gng13	GNG13
Gm67144	
1700009J07Rik	
Psenen	PSENEN
Gm67145	
Gm67146	
Gm67150	
Gm67151	
Lce1c	
Gm67468	
Gm67154	
Rpsa-ps12	
Lce1d	
Gm25091	SNORD102
Gm23202	SNORA27
Pgd	PGD
Gm57107	
Gtf3a	GTF3A
Gm67470	
Gm4202	
Gm4204	
Gm67157	
Gm67158	
Gm26642	
Gm48727	
Lce1e	LCE5A
Gm67160	
Elf3	ELF3
Gm38872	
Lce1f	
Gm64764	
Gm67472	
Ptprs	PTPRS
Gm48728	
Gm67473	
Gm67474	
Gm38119	
Gm47599	
Lce1g	LCE5A
Gm67164	
Gm67165	
Gm67166	
Gm67475	
Inafm2	INAFM2
Gm34147	
4930432B10Rik	
U2af1l4	U2AF1L4
D830026I12Rik	
Lce1h	
Ccdc9b	CCDC9B
Lce1i	
Gm67476	
Gm67478	
Lce1j	
Lce1k	
Gm67481	
Kprp	KPRP
Gm67483	
Gm67484	
Gm15663	
Gm38201	
Lce1l	
Kplce	KPLCE
Lce3a	
Lce3b	
Gm67486	
Disp2	DISP2
Kif1b	KIF1B
Gm67487	
Gm38078	
Gm67488	
Gm67489	
Rnpep	RNPEP
Lce3c	
Gm67177	
Gm67178	
Gm67179	
Gm24481	
Lce3d	
Gm52892	
Gm67491	
2310069B03Rik	
Gm22577	
Gm32255	
Lce3e	
Lce3f	
V1rg10	
Gm67492	
Gm3027	
Mrnip	MRNIP
Gm67493	
Gm18187	
Setd2	SETD2
Crct1	
Gm67494	
Gm8706	
Gm43529	
Gm16104	
Gm43530	
Gm8715	
Gm36355	
Gm22740	
Lce1m	
Crybb2	CRYBB2
Gm67500	
Gm34113	
Gm38040	
Gm32176	
Tdpoz8	SPOP
Gm67502	
Gm53593	
Sqstm1	SQSTM1
Gm67503	
Gm65827	
Gm67505	
Gm67507	
Gm35785	
A230054N11Rik	
Gm37361	
Gm67510	
Gm16143	
Crnn	CRNN
Gm43247	
Gm67189	
Gm38777	
Crybb3	CRYBB3
Gm45145	
Gm48202	
Gm67190	
Gm37501	
Gm67191	
Gm53326	
Flg2	FLG2
Gm18432	
Gm6507	
Gm67193	
Flg	FLG
Knstrn	KNSTRN
Gm67194	
Timm17a	TIMM17A
Rplp0-ps1	
Gm37922	
Gm37913	
Gm67524	
Gm37245	
Gm67200	
Hrnr	HRNR
Gm38404	
Gm67201	
Mgat4b	MGAT4B
Gm15862	
Gm44196	
4921513I03Rik	
Gm55939	
Gm37857	
Rptn	RPTN
Gm18296	
Gm55940	
Gm5278	
Lmod1	LMOD1
Gm66249	
Tchh	TCHH
Gm40670	
Gm53067	
Gm67532	
Gm56800	
Gm56137	
Tchhl1	TCHHL1
Shisa4	SHISA4
Gm65671	
Gm67204	
Gm65591	
Gm67205	
Gm67533	
Gm67206	
Gm35917	
Gm67207	
Gm40093	
Gm67209	
Gm67210	
2900026A02Rik	KIAA1671
Gm31562	
Gm67211	
Gm64475	
Gm67212	
Gm15910	
Ipo9	IPO9
Gm64923	
Gm64890	
Gm67213	
Gm67536	
1700111E14Rik	
Gm15961	
Gm24435	
Acp6	ACP6
Gm67538	
Gm40607	
Gm67539	
Gm67545	
Gm67214	
Gm67546	
Gm67547	
Gm67215	
Gm67548	
Gm67217	
Mir6919	
Ltc4s	LTC4S
Gm67549	
Gm32592	
Gm67552	
Gm8460	
Gm67218	
Gm67219	
Gm67220	
Gm67554	
Gm38804	
Gm67555	
Gm67556	
Gm32926	
Gm67221	
Gm67222	
Gm67223	
Gm67224	
Gm43246	
Gm42763	
F830115B05Rik	
4930557B06Rik	
Nradd	
Gm43094	
Lhfpl7	LHFPL7
1700026J14Rik	
Maml1	MAML1
Gm67226	
Sgsm1	SGSM1
Gm67227	
Gm67228	
Gm67229	
Gm67231	
Gm21284	
Bcl9	BCL9
Gm67562	
Gm67564	
Gm38845	
Ivd	IVD
Gm67235	
Nbeal2	NBEAL2
Canx	CANX
Gm67236	
0610033M10Rik	
Grip1os3	
Gm67241	
Gm67242	
Gm67578	
4930444F02Rik	
Gm67243	
Gm36406	
Gm67589	
Gm67590	
1700025F24Rik	
Gm42508	
Gm28277	
Gm43073	
Gm22889	SNORA55
Nav1	NAV1
Gm14245	
Mall	MALL
Gm65072	
Gm30293	
Gm67249	
Gm26771	
Gm67250	
Gm31521	
Gm33200	
Gm67251	
Mtln	MTLN
Gm67252	
Sox5os1	
Gm66689	
Gm56485	
Bub1	BUB1
Gm12196	
Gm66690	
Cby3	CBY3
Gm67254	
Gm65019	
Mir804	
4930417O13Rik	
Gm7115	
Hnrnph1	HNRNPH1
Tlr2	TLR2
Gm3788	
Gm65205	
Gm37876	
Dclk2	DCLK2
Gm67608	
Gm67610	
Gm67611	
Gm67612	
Gm48882	
Gm67614	
Gm67616	
Gm67617	
Gm67619	
Gm40608	
Gm67621	
Gm67623	
Gm67624	
Gm33619	
Gm36751	
Gm67628	
4921516A02Rik	
Gm67270	
Gm38911	
Gm67273	
Gm38882	
Gm49396	
Gm67632	
Gm67635	
Gm67638	
BB019430	
Gm67276	
Ube4b	UBE4B
Gm67277	
Gm67278	
Gm67281	
Gm33318	
Gm19757	
Gm22902	
Gm14283	
D6Ertd474e	
Smox	SMOX
Igflr1	IGFLR1
Gm67649	
Gm67650	
A630066F11Rik	
Gm67651	
D830039M14Rik	
Kmt2b	KMT2B
Gm67652	
Gm67285	
C330004P14Rik	
4930407I02Rik	
Grip1os2	
Gm34776	
Gm46207	
Gm67286	
Rufy1	RUFY1
Gm51774	
Gm17733	
Gm67660	
Gm67662	
Gm19064	
Gm40638	
Gm67668	
1700054O05Rik	
Gm67287	
Gm67288	
Gm67670	
Gm40630	
Gm67289	
Mir1231	
2610012C04Rik	
Gm67290	
Gm37333	
Gm4793	
Spehd	
Csrp1	CSRP1
Gm20470	
Gm55856	
Gm12198	
Gm67681	
Gm12200	
Gm51798	
Gm67292	
Gm9964	
Gm67686	
Mir6977	
Nf1	NF1
Gm65781	
Gm33089	
Gm67690	
Gm1965	
Phlda3	PHLDA3
Gm67693	
Gm65451	
1700021G15Rik	
Tnni1	TNNI1
Mir7229	
Mir7230	
Aym1	
Gm33258	
4930471D02Rik	
Znrf4	ZNRF4
Septin11	SEPTIN11
Tincr	TINCR
Gm47253	
Safb2	SAFB2
Gm67702	
Gm40651	
Gm67305	
Gm67704	
Gm67706	
Gm56927	
Gm67709	
Gm67712	
1700010J16Rik	
Gm67306	
Gm44386	
Gm67308	
Gm67309	
Gm67310	
Gm67311	
6430584L05Rik	
Gm67312	
Gm67313	
Gm67314	
Gm67316	
Gm67317	
Gm67319	
Gm52874	
Gm67715	
Gm67716	
Gm67717	
Gm67718	
Gm67320	
Gm67321	
Gm67719	
Gm67322	
Gm40716	
Gm67323	
Gm67325	
Gm26710	
Gm67721	
Gm45051	
Gm32552	
Gm67326	
Gm44081	
Gm40773	
Gm67327	
Gm67724	
Gm67725	
Gm34312	
Gm67727	
Gm40794	
Mir3569	
Zbtb32	ZBTB32
Gm15917	
Ube4bos3	
Ube4bos2	
Ube4bos1	
Rbp7	RBP7
Gm67328	
4930594A02Rik	
Gm67329	
Lad1	LAD1
Gm38773	
Upk1a	UPK1A
Gm56970	
Gm43950	
Gm67730	
Gm67731	
Gm53595	
Trmt112-ps2	
4933411G06Rik	
Nmnat1	NMNAT1
Gm67330	
Gm52860	
Gm67739	
Gm67332	
Gm67741	
Gm67333	
Gm30782	
Gm67745	
Mir8107	
Gm42470	
Cox6b1	COX6B1
9030616G12Rik	
Ccdc12	CCDC12
Gm67752	
Gm67756	
Tnnt2	TNNT2
Gm34659	
Rrm1	RRM1
Gm67760	
Gm32468	
Tmem274	
Lzic	LZIC
Gm67335	
Gm35851	
Gm43682	
Ccni	CCNI
Gm67337	
Gm37025	
Gm67761	
Gm23376	
Gm67762	
Gm37207	
Gm67340	
Gm66978	
Gm35715	
Gm67763	
Gm67341	
A430078I02Rik	
Gm40739	
Gm24896	
Gm67307	
Casp1	CARD16
Casp1	CASP1
Gm67764	
Gm67765	
Gm13071	
Safb	SAFB
Gm24381	
Gm67767	
Mir5616	
Gm68071	
Gm67343	
Gm67769	
Gm68072	
Gm67770	
Rap1gapos	
4933406P04Rik	
Gm68078	
Gm52682	
Gm67772	
Gm67345	
Gm68082	
Gm30322	
Gm67347	
Gm68085	
Gm40767	
Gm68087	
Gm13016	
Platr6	
Gm67350	
Gm45399	
Gm67351	
1700112K13Rik	
Or55b3	
Gm13855	
Gm68092	
Gm43681	
Casp4	
Gm54270	
Gm2986	
Or55b4	
Gm68093	
2010109A12Rik	
Or55b10	
Gm68096	
Gm32105	
Gm68097	
Ccng2	CCNG2
Cd1d2	CD1D
Gm33057	
Gm31182	
Gm8556	
Adra1d	ADRA1D
Or52b4j-ps1	
Or52b4	OR52B4
Gm13902	
Arl14ep	ARL14EP
Or52b4i	
Gm31267	
Or52b3	
Cd1d1	CD1D
Gm43964	
Gm52902	
Gm67364	
Gm5339	
Gm67366	
Or51r1	
Gm68102	
Gm68104	
A630031M04Rik	
Or52p2	
Gm67370	
Gm30769	
Gm33959	
Or52k2	OR52K2
Gm67778	
Gm33945	
Or52m2	
Gm13900	
Gm13904	
Gm67779	
Fshb	FSHB
Slc26a6	SLC26A6
Gm48065	
Or51t4	OR51T1
Gm36503	
Gm24885	
Or51a6	
Gm46981	
Gm13903	
Gm23925	SNORA71
Gm25187	SNORA71E
Gm25129	SNORA60
Gm67379	
Ralgapb	RALGAPB
Gm67380	
Gm8869	
Gm18403	
Gm67383	
Or51a7	OR51A7
Gm37575	
B230319C09Rik	
Gm24472	
Kirrel1	KIRREL1
Gm67780	
1700021A07Rik	
Or51g2	OR51G2
Gm38875	
Kat2b-ps	
Gm18118	
Or51g1	OR51G1
Gm67384	
Gm43224	
Gm53625	
Gm56005	RN7SKP252
Gm43225	
4933432G23Rik	
Or51a3-ps1	
Gm67781	
Gm67782	
Gm38815	
Or51a41-ps1	
Gm22479	RNU4-91P
Gm43226	
Eomes	EOMES
Gm67783	
Gm7919	
Or51a44-ps1	
Micos13	MICOS13
Gm33892	
Gm44071	
Or51h7	
Or51p1	
Gm43227	
Gm30906	
Gm56397	
Or52z13	
Gm6346	
Gm67784	
Or52z14	
Gm67785	
Gm44036	
Gm3089	
Rpl36	RPL36
Gm35837	
Or51v14	OR51V1
BC080696	
Lonp1	LONP1
Gm3176	
Gm7647	
Or51v15-ps1	
Gm33392	
Or52a33	
Gm42661	
Gm67787	
Gm7939	
Or51b6b	OR51B6
Gm32072	
Gm67791	
Gm7961	
4930477O03Rik	
Or51v8	OR51V1
Gm68131	
Gm42662	
2310026L22Rik	
Gm3302	
Or52z15	
Gm49454	
Or51v16-ps1	
Gm42714	
Gm18935	
Or52ae6-ps1	
Gm67396	
Gm25401	
Gm68134	
Gm33429	
Gm48742	
Or52a20	
Gm52885	
Gm48736	
Gm5559	
Mir100	MIR100
Mirlet7a-2	
Mir125b-1	MIR125B1
Gm25937	
Gm48737	
Cxcl13	CXCL13
Or2ag19	OR2AG1
Or2ag19	OR2AG2
Gm68137	
Gm8707	
Gm20383	
Gm68138	
Shfl	SHFL
Or2ag20	OR2AG1
Or2ag20	OR2AG2
Gm13070	
Gm10941	
Or2ag1	OR2AG1
Or2ag1	OR2AG2
Gm13017	
Gm44202	
Gm7993	
Or2ag2	OR2AG1
Or2ag2	OR2AG2
Cnot6l	CNOT6L
Gm67399	
Gm67400	
Catsperd	CATSPERD
Gm67401	
Gm67793	
Gm67402	
Gm15915	
Or2d3	
Gm30391	
Gm68146	
Gm67403	
Gm68147	
Gm31065	
Gm13112	
Gm67404	
Gm7457	
Gm37855	
Or2d3b	
Gm64310	
Gm31226	
Gm67798	
Gm64938	
Gm67801	
Gm10705	
Or2d3c	
Gm48023	
Or2d4	
Gm31879	
Angptl6	ANGPTL6
Gm44582	
Gm67802	
Gm67803	
Or6b9	
Gm68150	
Gm67804	
Gm68151	
Gm67405	
Gm67805	
Bach2it1	
Gm67406	
Gm31940	
4930511E03Rik	
Gm67806	
Gm67807	
Gm46878	
Gm67808	
Or6b6	
Gm67811	
Gm68159	
Ppan	PPAN
Bach2os	
Fcrl1	FCRL1
Gm67813	
Gm67408	
Gm67409	
Gm67815	
Gm67817	
Gm33893	
Or6i1-ps1	
AW011738	
Gm67413	
Or6a2	OR6A2
Gm33461	
Ranbp3	RANBP3
Gm67414	
Gm35359	
Gm68168	
Gm40704	
Gm42306	
A330049N07Rik	
Gm67415	
Gm68169	
Gm67416	
Gm68170	
Gm67417	
Gm68171	
Gm67418	
G830015F12Rik	
Gm12688	
1700009C05Rik	
Gm24067	SNORD105
Or10a5	OR10A5
Or10a5	OR10A2
Gm23008	SNORD105B
Gm14200	
Gm50491	
Gm24379	
Adig	ADIG
Eif3g	EIF3G
Gm17991	
Or51l1	OR51L1
Or56b2	OR56B2
Gm40683	
Gm6593	
Or52n21-ps1	
Slc32a1	SLC32A1
Gm67834	
Or56b2j	OR56B2
Gm67835	
Gm67836	
Or52n1	OR52N1
Gm11198	
Gm32872	
Gm11199	
Gm4887	
Omg	OMG
Actr5	ACTR5
Usp17lb	
Gm40775	
Gm67846	
Evi2	
Gm68182	
Gm47358	
Gm68183	
Gm57221	
Gm57124	
Ascl2	ASCL2
Evi2b	EVI2B
Gm46205	
Dnmt1	DNMT1
Gm68186	
Evi2a	EVI2A
Tspan32os	
Gm68187	
Gm68188	
Gm67853	
Gm68189	
Tspan32	TSPAN32
Gm67854	
Gm68191	
Gm30676	
Gm67421	
Gm68192	
Gm2840	
Rab11fip4	RAB11FIP4
Foxd3os	
Gm21814	
Gm42605	
Gm30941	
Pramel34	PRAMEF17
Pramel34	PRAMEF12
Pramel34	PRAMEF1
Pramel34	PRAMEF19
Pramel34	PRAMEF20
Pramel34	PRAMEF6
Pramel34	PRAMEF18
Pramel34	PRAMEF10
Pramel34	PRAMEF2
Pramel34	PRAMEF33
Pramel34	PRAMEF11
Pramel34	PRAMEF26
Pramel34	PRAMEF9
Pramel34	PRAMEF13
Pramel34	PRAMEF5
Pramel34	PRAMEF4
Pramel34	PRAMEF25
Pramel34	PRAMEF14
Pramel34	PRAMEF8
Pramel34	PRAMEF15
Pramel34	PRAMEF27
Pramel34	PRAMEF7
Gm68197	
Gm68201	
Gm12786	
Mir3474	
Ppp1r16b	PPP1R16B
Gm6559	
Gm68207	
Gm35527	
Gm68210	
Gm67423	
Gm68212	
Gm68214	
Gm67424	
Vmac	VMAC
Pramel35	PRAMEF17
Pramel35	PRAMEF12
Pramel35	PRAMEF1
Pramel35	PRAMEF19
Pramel35	PRAMEF20
Pramel35	PRAMEF6
Pramel35	PRAMEF18
Pramel35	PRAMEF10
Pramel35	PRAMEF2
Pramel35	PRAMEF33
Pramel35	PRAMEF11
Pramel35	PRAMEF26
Pramel35	PRAMEF9
Pramel35	PRAMEF13
Pramel35	PRAMEF5
Pramel35	PRAMEF4
Pramel35	PRAMEF25
Pramel35	PRAMEF14
Pramel35	PRAMEF8
Pramel35	PRAMEF15
Pramel35	PRAMEF27
Pramel35	PRAMEF7
Gm12907	
1700094J05Rik	
Gm67425	
Gm23293	
Pramel36	PRAMEF17
Pramel36	PRAMEF12
Pramel36	PRAMEF1
Pramel36	PRAMEF19
Pramel36	PRAMEF20
Pramel36	PRAMEF6
Pramel36	PRAMEF18
Pramel36	PRAMEF10
Pramel36	PRAMEF2
Pramel36	PRAMEF33
Pramel36	PRAMEF11
Pramel36	PRAMEF26
Pramel36	PRAMEF9
Pramel36	PRAMEF13
Pramel36	PRAMEF5
Pramel36	PRAMEF4
Pramel36	PRAMEF25
Pramel36	PRAMEF14
Pramel36	PRAMEF8
Pramel36	PRAMEF15
Pramel36	PRAMEF27
Pramel36	PRAMEF7
Gm25867	RNU6-570P
Gm68217	
Gm67426	
Gm24887	RNU6-95P
Gm68218	
Mir193a	MIR193A
Mir365-2	
Gm67427	
Gm52672	
Gm24454	
Gm67428	
Cxcl16	CXCL16
Gm68220	
Gm31686	
Pramel38	PRAMEF17
Pramel38	PRAMEF12
Pramel38	PRAMEF1
Pramel38	PRAMEF19
Pramel38	PRAMEF20
Pramel38	PRAMEF6
Pramel38	PRAMEF18
Pramel38	PRAMEF10
Pramel38	PRAMEF2
Pramel38	PRAMEF33
Pramel38	PRAMEF11
Pramel38	PRAMEF26
Pramel38	PRAMEF9
Pramel38	PRAMEF13
Pramel38	PRAMEF5
Pramel38	PRAMEF4
Pramel38	PRAMEF25
Pramel38	PRAMEF14
Pramel38	PRAMEF8
Pramel38	PRAMEF15
Pramel38	PRAMEF27
Pramel38	PRAMEF7
Ndufa11	NDUFA11
Gm40372	
Gm68226	
Gm55574	RNU6-638P
Pramel40	PRAMEF17
Pramel40	PRAMEF12
Pramel40	PRAMEF1
Pramel40	PRAMEF19
Pramel40	PRAMEF20
Pramel40	PRAMEF6
Pramel40	PRAMEF18
Pramel40	PRAMEF10
Pramel40	PRAMEF2
Pramel40	PRAMEF33
Pramel40	PRAMEF11
Pramel40	PRAMEF26
Pramel40	PRAMEF9
Pramel40	PRAMEF13
Pramel40	PRAMEF5
Pramel40	PRAMEF4
Pramel40	PRAMEF25
Pramel40	PRAMEF14
Pramel40	PRAMEF8
Pramel40	PRAMEF15
Pramel40	PRAMEF27
Pramel40	PRAMEF7
Usp36	USP36
Gm67430	
Gm35099	
Gm52906	
Pramel41	PRAMEF17
Pramel41	PRAMEF12
Pramel41	PRAMEF1
Pramel41	PRAMEF19
Pramel41	PRAMEF20
Pramel41	PRAMEF6
Pramel41	PRAMEF18
Pramel41	PRAMEF10
Pramel41	PRAMEF2
Pramel41	PRAMEF33
Pramel41	PRAMEF11
Pramel41	PRAMEF26
Pramel41	PRAMEF9
Pramel41	PRAMEF13
Pramel41	PRAMEF5
Pramel41	PRAMEF4
Pramel41	PRAMEF25
Pramel41	PRAMEF14
Pramel41	PRAMEF8
Pramel41	PRAMEF15
Pramel41	PRAMEF27
Pramel41	PRAMEF7
Gm68230	
Fcrl5	
Gm52699	
Gm68247	
Pramel44	PRAMEF17
Pramel44	PRAMEF12
Pramel44	PRAMEF1
Pramel44	PRAMEF19
Pramel44	PRAMEF20
Pramel44	PRAMEF6
Pramel44	PRAMEF18
Pramel44	PRAMEF10
Pramel44	PRAMEF2
Pramel44	PRAMEF33
Pramel44	PRAMEF11
Pramel44	PRAMEF26
Pramel44	PRAMEF9
Pramel44	PRAMEF13
Pramel44	PRAMEF5
Pramel44	PRAMEF4
Pramel44	PRAMEF25
Pramel44	PRAMEF14
Pramel44	PRAMEF8
Pramel44	PRAMEF15
Pramel44	PRAMEF27
Pramel44	PRAMEF7
Gm68248	
Gm36771	
Gm68251	
Gm56925	
Pramel58	
Nrtn	NRTN
Gm68253	
Pramel49	PRAMEF17
Pramel49	PRAMEF12
Pramel49	PRAMEF1
Pramel49	PRAMEF19
Pramel49	PRAMEF20
Pramel49	PRAMEF6
Pramel49	PRAMEF18
Pramel49	PRAMEF10
Pramel49	PRAMEF2
Pramel49	PRAMEF33
Pramel49	PRAMEF11
Pramel49	PRAMEF26
Pramel49	PRAMEF9
Pramel49	PRAMEF13
Pramel49	PRAMEF5
Pramel49	PRAMEF4
Pramel49	PRAMEF25
Pramel49	PRAMEF14
Pramel49	PRAMEF8
Pramel49	PRAMEF15
Pramel49	PRAMEF27
Pramel49	PRAMEF7
Gm67434	
Gm67867	
Pramel54	PRAMEF17
Pramel54	PRAMEF12
Pramel54	PRAMEF1
Pramel54	PRAMEF19
Pramel54	PRAMEF20
Pramel54	PRAMEF6
Pramel54	PRAMEF18
Pramel54	PRAMEF10
Pramel54	PRAMEF2
Pramel54	PRAMEF33
Pramel54	PRAMEF11
Pramel54	PRAMEF26
Pramel54	PRAMEF9
Pramel54	PRAMEF13
Pramel54	PRAMEF5
Pramel54	PRAMEF4
Pramel54	PRAMEF25
Pramel54	PRAMEF14
Pramel54	PRAMEF8
Pramel54	PRAMEF15
Pramel54	PRAMEF27
Pramel54	PRAMEF7
Gm30583	
Dus3l	DUS3L
Gm67868	
Gm33919	
Gm67870	
Gm33980	
Gm68257	
Gm32435	
5330439M10Rik	
Pramel33	PRAMEF17
Pramel33	PRAMEF12
Pramel33	PRAMEF1
Pramel33	PRAMEF19
Pramel33	PRAMEF20
Pramel33	PRAMEF6
Pramel33	PRAMEF18
Pramel33	PRAMEF10
Pramel33	PRAMEF2
Pramel33	PRAMEF33
Pramel33	PRAMEF11
Pramel33	PRAMEF26
Pramel33	PRAMEF9
Pramel33	PRAMEF13
Pramel33	PRAMEF5
Pramel33	PRAMEF4
Pramel33	PRAMEF25
Pramel33	PRAMEF14
Pramel33	PRAMEF8
Pramel33	PRAMEF15
Pramel33	PRAMEF27
Pramel33	PRAMEF7
Gm67873	
Gm67436	
Gm68263	
Gm54719	
Pramel37	PRAMEF17
Pramel37	PRAMEF12
Pramel37	PRAMEF1
Pramel37	PRAMEF19
Pramel37	PRAMEF20
Pramel37	PRAMEF6
Pramel37	PRAMEF18
Pramel37	PRAMEF10
Pramel37	PRAMEF2
Pramel37	PRAMEF33
Pramel37	PRAMEF11
Pramel37	PRAMEF26
Pramel37	PRAMEF9
Pramel37	PRAMEF13
Pramel37	PRAMEF5
Pramel37	PRAMEF4
Pramel37	PRAMEF25
Pramel37	PRAMEF14
Pramel37	PRAMEF8
Pramel37	PRAMEF15
Pramel37	PRAMEF27
Pramel37	PRAMEF7
Gm68264	
Gm68266	
Gm68267	
Gm67875	
Gm46882	
Gm40601	
Pramel53	PRAMEF17
Pramel53	PRAMEF12
Pramel53	PRAMEF1
Pramel53	PRAMEF19
Pramel53	PRAMEF20
Pramel53	PRAMEF6
Pramel53	PRAMEF18
Pramel53	PRAMEF10
Pramel53	PRAMEF2
Pramel53	PRAMEF33
Pramel53	PRAMEF11
Pramel53	PRAMEF26
Pramel53	PRAMEF9
Pramel53	PRAMEF13
Pramel53	PRAMEF5
Pramel53	PRAMEF4
Pramel53	PRAMEF25
Pramel53	PRAMEF14
Pramel53	PRAMEF8
Pramel53	PRAMEF15
Pramel53	PRAMEF27
Pramel53	PRAMEF7
Gm30658	
Gm67877	
Gm67880	
4930404I20Rik	
Gm35137	
Gm67882	
Pramel42	PRAMEF17
Pramel42	PRAMEF12
Pramel42	PRAMEF1
Pramel42	PRAMEF19
Pramel42	PRAMEF20
Pramel42	PRAMEF6
Pramel42	PRAMEF18
Pramel42	PRAMEF10
Pramel42	PRAMEF2
Pramel42	PRAMEF33
Pramel42	PRAMEF11
Pramel42	PRAMEF26
Pramel42	PRAMEF9
Pramel42	PRAMEF13
Pramel42	PRAMEF5
Pramel42	PRAMEF4
Pramel42	PRAMEF25
Pramel42	PRAMEF14
Pramel42	PRAMEF8
Pramel42	PRAMEF15
Pramel42	PRAMEF27
Pramel42	PRAMEF7
Gm57105	
Gm67884	
Gm36208	
Gm68276	
Gm68277	
Gm67443	
Pramel43	PRAMEF17
Pramel43	PRAMEF12
Pramel43	PRAMEF1
Pramel43	PRAMEF19
Pramel43	PRAMEF20
Pramel43	PRAMEF6
Pramel43	PRAMEF18
Pramel43	PRAMEF10
Pramel43	PRAMEF2
Pramel43	PRAMEF33
Pramel43	PRAMEF11
Pramel43	PRAMEF26
Pramel43	PRAMEF9
Pramel43	PRAMEF13
Pramel43	PRAMEF5
Pramel43	PRAMEF4
Pramel43	PRAMEF25
Pramel43	PRAMEF14
Pramel43	PRAMEF8
Pramel43	PRAMEF15
Pramel43	PRAMEF27
Pramel43	PRAMEF7
Prr22	PRR22
Gm56486	
BC048559	
Arhgap40	ARHGAP40
Gm42561	
Gm68282	
1700069P05Rik	
Rfx2	RFX2
Gm67890	
Gm7663	
Gm35179	
Pramel56	PRAMEF17
Pramel56	PRAMEF12
Pramel56	PRAMEF1
Pramel56	PRAMEF19
Pramel56	PRAMEF20
Pramel56	PRAMEF6
Pramel56	PRAMEF18
Pramel56	PRAMEF10
Pramel56	PRAMEF2
Pramel56	PRAMEF33
Pramel56	PRAMEF11
Pramel56	PRAMEF26
Pramel56	PRAMEF9
Pramel56	PRAMEF13
Pramel56	PRAMEF5
Pramel56	PRAMEF4
Pramel56	PRAMEF25
Pramel56	PRAMEF14
Pramel56	PRAMEF8
Pramel56	PRAMEF15
Pramel56	PRAMEF27
Pramel56	PRAMEF7
Gt(ROSA)26Sor	
Gm40646	
Fam83c	FAM83C
Gm40085	
Pramel45	PRAMEF17
Pramel45	PRAMEF12
Pramel45	PRAMEF1
Pramel45	PRAMEF19
Pramel45	PRAMEF20
Pramel45	PRAMEF6
Pramel45	PRAMEF18
Pramel45	PRAMEF10
Pramel45	PRAMEF2
Pramel45	PRAMEF33
Pramel45	PRAMEF11
Pramel45	PRAMEF26
Pramel45	PRAMEF9
Pramel45	PRAMEF13
Pramel45	PRAMEF5
Pramel45	PRAMEF4
Pramel45	PRAMEF25
Pramel45	PRAMEF14
Pramel45	PRAMEF8
Pramel45	PRAMEF15
Pramel45	PRAMEF27
Pramel45	PRAMEF7
Gm28883	
Pkp1	PKP1
Pramel60	PRAMEF17
Pramel60	PRAMEF12
Pramel60	PRAMEF1
Pramel60	PRAMEF19
Pramel60	PRAMEF20
Pramel60	PRAMEF6
Pramel60	PRAMEF18
Pramel60	PRAMEF10
Pramel60	PRAMEF2
Pramel60	PRAMEF33
Pramel60	PRAMEF11
Pramel60	PRAMEF26
Pramel60	PRAMEF9
Pramel60	PRAMEF13
Pramel60	PRAMEF5
Pramel60	PRAMEF4
Pramel60	PRAMEF25
Pramel60	PRAMEF14
Pramel60	PRAMEF8
Pramel60	PRAMEF15
Pramel60	PRAMEF27
Pramel60	PRAMEF7
Gm68295	
Pramel46	PRAMEF17
Pramel46	PRAMEF12
Pramel46	PRAMEF1
Pramel46	PRAMEF19
Pramel46	PRAMEF20
Pramel46	PRAMEF6
Pramel46	PRAMEF18
Pramel46	PRAMEF10
Pramel46	PRAMEF2
Pramel46	PRAMEF33
Pramel46	PRAMEF11
Pramel46	PRAMEF26
Pramel46	PRAMEF9
Pramel46	PRAMEF13
Pramel46	PRAMEF5
Pramel46	PRAMEF4
Pramel46	PRAMEF25
Pramel46	PRAMEF14
Pramel46	PRAMEF8
Pramel46	PRAMEF15
Pramel46	PRAMEF27
Pramel46	PRAMEF7
Lgals3bp	LGALS3BP
Gm68296	
Gm68297	
Uqcc1	UQCC1
Pramel47	PRAMEF17
Pramel47	PRAMEF12
Pramel47	PRAMEF1
Pramel47	PRAMEF19
Pramel47	PRAMEF20
Pramel47	PRAMEF6
Pramel47	PRAMEF18
Pramel47	PRAMEF10
Pramel47	PRAMEF2
Pramel47	PRAMEF33
Pramel47	PRAMEF11
Pramel47	PRAMEF26
Pramel47	PRAMEF9
Pramel47	PRAMEF13
Pramel47	PRAMEF5
Pramel47	PRAMEF4
Pramel47	PRAMEF25
Pramel47	PRAMEF14
Pramel47	PRAMEF8
Pramel47	PRAMEF15
Pramel47	PRAMEF27
Pramel47	PRAMEF7
1700085G17Rik	
Gm68301	
Gm56788	
Gm40742	
Gm68302	
Gm68304	
Gm67902	
Pramel48	PRAMEF17
Pramel48	PRAMEF12
Pramel48	PRAMEF1
Pramel48	PRAMEF19
Pramel48	PRAMEF20
Pramel48	PRAMEF6
Pramel48	PRAMEF18
Pramel48	PRAMEF10
Pramel48	PRAMEF2
Pramel48	PRAMEF33
Pramel48	PRAMEF11
Pramel48	PRAMEF26
Pramel48	PRAMEF9
Pramel48	PRAMEF13
Pramel48	PRAMEF5
Pramel48	PRAMEF4
Pramel48	PRAMEF25
Pramel48	PRAMEF14
Pramel48	PRAMEF8
Pramel48	PRAMEF15
Pramel48	PRAMEF27
Pramel48	PRAMEF7
Platr9	
Gm67905	
Gm67907	
Gm42252	
Cant1	CANT1
Hk1os	
Gm68310	
Gm67453	
Gm67454	
Gm68311	
Pramel50	PRAMEF17
Pramel50	PRAMEF12
Pramel50	PRAMEF1
Pramel50	PRAMEF19
Pramel50	PRAMEF20
Pramel50	PRAMEF6
Pramel50	PRAMEF18
Pramel50	PRAMEF10
Pramel50	PRAMEF2
Pramel50	PRAMEF33
Pramel50	PRAMEF11
Pramel50	PRAMEF26
Pramel50	PRAMEF9
Pramel50	PRAMEF13
Pramel50	PRAMEF5
Pramel50	PRAMEF4
Pramel50	PRAMEF25
Pramel50	PRAMEF14
Pramel50	PRAMEF8
Pramel50	PRAMEF15
Pramel50	PRAMEF27
Pramel50	PRAMEF7
Gm68312	
Gm67455	
Gm13093	
Gm67456	
Pramel55	PRAMEF17
Pramel55	PRAMEF12
Pramel55	PRAMEF1
Pramel55	PRAMEF19
Pramel55	PRAMEF20
Pramel55	PRAMEF6
Pramel55	PRAMEF18
Pramel55	PRAMEF10
Pramel55	PRAMEF2
Pramel55	PRAMEF33
Pramel55	PRAMEF11
Pramel55	PRAMEF26
Pramel55	PRAMEF9
Pramel55	PRAMEF13
Pramel55	PRAMEF5
Pramel55	PRAMEF4
Pramel55	PRAMEF25
Pramel55	PRAMEF14
Pramel55	PRAMEF8
Pramel55	PRAMEF15
Pramel55	PRAMEF27
Pramel55	PRAMEF7
Gm12374	
Gm67457	
Gm67918	
Gm67458	
Gm53632	
Gm67459	
Etv3	ETV3
Mrpl1	MRPL1
Gm67460	
Gm67461	
Gm67923	
Gm67924	
Gm67925	
Gm36938	
Igfn1	IGFN1
Gm46888	
Gm32209	
Gm67926	
Gm35113	
Gm64631	
Gm41604	
Gm64811	
Etv3l	ETV3L
Gm64612	
Gm67466	
Acsbg2	ACSBG2
Gm30688	
Gm67931	
C1qtnf1	C1QTNF1
Gm67932	
Gm25167	
Gm55000	
Cd81	CD81
Gm32931	
Arhgef11	ARHGEF11
Gm56974	
Gm68315	
Gm67469	
Gm67471	
Gm46984	
Gm68316	
Gm54244	
4930557K07Rik	
Gm12992	
Kctd7	KCTD7
Gm65730	
Acsbg3	
Gm11747	
Gm68327	
Gm11748	
4930423M02Rik	
Rasl11a	RASL11A
Engase	ENGASE
Gm56995	
Gm67943	
Spon2	SPON2
Gm33728	
Gm32191	
Gm67951	
Gm10459	
Tmem129	TMEM129
Gm47257	
Trpm5	TRPM5
Gm67955	
5730435O14Rik	
Gm67480	
Mllt1	MLLT1
Gm68339	
Gm15706	
Gm30095	
Gm67496	
Gm67498	
Gm67960	
Gm67962	
Far2os1	
Gm51802	
Gm68346	
Gm67501	
Gm67967	
Gm68348	
Gm32319	
Gm42287	
Tacc3	TACC3
Tmem9	TMEM9
1700019G24Rik	
Gm52732	
Gm54235	
Gm57082	
Acer1	ACER1
Gm32662	
Gm49887	
Gm33509	
Gm42288	
Gm67978	
Gm67979	
Gm67980	
Clpp	CLPP
Gm67981	
Gm67514	
Gm17172	
Gm67982	
Gm47343	
4930579D09Rik	
Gm15557	
Gm67983	
Gm67984	
Gdf5	GDF5
Alkbh7	ALKBH7
Gm67987	
Gm67517	
1700025K04Rik	
Cep250	CEP250
Gm68364	
Gm32999	
Gm67991	
Gm68366	
Gm37856	
Gm52919	
Gm67992	
Gm68367	
Pou2f1	POU2F1
Gm67518	
Gm68369	
Gm67993	
Gm68370	
Gm67996	
Gm67519	
Gm67520	
Far2os2	
Pspn	PSPN
Timp2	TIMP2
Gm67521	
Gm15647	
Gm35875	
Gm67998	
Gm67522	
Gm67999	
1700101I11Rik	
4930467K11Rik	
Gtf2f1	GTF2F1
Gm68376	
Gm68377	
Gm68378	
Gm32605	
Gm31566	
Gm68379	
Gm68380	
Gm68382	
2310075K07Rik	
Cep295nl	CEP295NL
Gm17949	
Gm68013	
Gm32487	
Gm48084	
Gm68384	
Gm68385	
Khsrp	KHSRP
Gm68386	
Gm68019	
Dnai2	DNAI2
Gm68387	
Gm12932	
Gm68022	
Gm38868	
Gm68389	
Gm68023	
Gm68391	
Gm68392	
Gm43154	
Gm11264	
Gm68025	
Gm15608	
Gm65523	
Gm66453	
Gm64606	
Gm66252	
Gm65498	
Gm66438	
Gm68026	
Gm68027	
Gm68028	
Gm30823	
Gm42320	
Gm5860	
Gm68031	
Gm68032	
Gm68033	
Gm68034	
Gm68036	
Gm68037	
Gm47895	
Gm68038	
Gm68039	
Gm68040	
Kif19a	KIF19
Gm68041	
Gm68043	
Gm68044	
Gm16280	
Gm47398	
Gm68409	
4930548K13Rik	
Gm68410	
Tssc4	TSSC4
C630043F03Rik	
Gm64904	
Slc25a41	SLC25A41
4930431F10Rik	
Gm32894	
Gm68052	
Gm35920	
Gm68411	
Gm68412	
Gm68414	
Gm68415	
Gm68417	
Gm68419	
Gm68421	
Gm68423	
Gm12472	
Gm65859	
Gm68426	
Gm64796	
Gm33435	
Gm67553	
Gm30145	
Plxna4os3	
Gm68428	
Gm35531	
Gm12434	
Gm17168	
Kcnq1	KCNQ1
Slc25a23	SLC25A23
Gm68431	
1700065J11Rik	
Gm68434	
Gm68057	
Gm42279	
4930463O16Rik	
Mir7081	
S1pr2	S1PR2
Gm13021	
Gm68058	
Gm68060	
Gm68061	
Gm35430	
Gm46148	
Btbd17	BTBD17
Gm42965	
G630022F23Rik	
Gm67479	
Fgfr3	FGFR3
Gm27164	
Gm13848	
Gm67485	
Gm56779	
Gm36170	
Gm43293	
Crb3	CRB3
Gm67563	
Gpr142	GPR142
Gm67495	
Gm40513	
Gm67565	
2010013B24Rik	
Gm48057	
Gprc5c	GPRC5C
Gm67504	
Gm48486	
Gm67506	
Gm53325	
Gm57018	
1700113A16Rik	
Gm45604	
Gm67511	
Gm67570	
Gm67572	
Gm44148	
Gm68077	
Gm67512	
Gm31847	
Gm68079	
Gm68081	
Gm67513	
Gm68083	
Gm67574	
Gm67515	
Gm38321	
Gm68088	
Gm67575	
Gm39403	
Gm68089	
Gm37235	
Gm67576	
Gm68090	
Gm56428	
Gm67577	
Gm56429	
Gm56430	
Gm30034	
Gm67580	
Gm56431	
Gm67516	
Gm37364	
1700024N05Rik	
Gm38095	
Gm38065	
Gm56432	
Gm57015	
Cdkn1c	CDKN1C
Gm67583	
Gm30699	
Gm67585	
Gm35446	
Cd300a	CD300A
Cd300a	CD300LD
Dennd1c	DENND1C
Gm33192	
Gm17055	
4930407I19Rik	
AI849053	
Gm68447	
Gm12536	
Gm67591	
AW047730	
Gm20186	
1700095J12Rik	
Gm68103	
Gm3764	
Gm44732	
Gm68449	
Slc22a18	SLC67A1
Gm10936	
Gm67596	
Gm68107	
Gm30213	
Gm33646	
Gm67597	
Cd300lb	CD300LB
Gm35051	
6430550D23Rik	C20orf173
Gm67599	
Gm38599	
Gm67601	
Gm67603	
Gm52913	
Gm10145	
Gm67605	
Gm68114	
Gm35649	
Gm6713	
Gm52494	
Gm68458	
Gm68116	
Gm32544	
Gm6721	
Gm68459	
Gm68119	
Supt4b	
Gm68461	
Gm18777	
Gm34218	
Gm11699	
Gm67606	
Gm68123	
Cd300c	CD300C
Gm16166	
Gm38768	
Gm4473	
Gm67607	
Gm19417	
Gm68462	
Gm17976	
Cd300ld	CD300LF
Gm26665	
Gm49888	
Ergic3	ERGIC3
Gm7626	
Gm56907	
Gm9111	
Gm37923	
Gm68464	
Gm68465	
4930484H19Rik	
Styxl2	STYXL2
Cd300c2	CD300C
Gm68470	
B330016D10Rik	
Gm57073	
Gm67525	
Gm68472	
Gm67526	
Gm67527	
Gm12676	
Gm67528	
Gm67613	
Gm44097	
A530072M11Rik	
Gpa33	GPA33
Phlda2	PHLDA2
Tubb4a	TUBB4A
Gm67529	
Gm67615	
Gm67530	
Gm35454	
Gm67618	
Gm11110	
Gm67620	
Gm3189	
Gm5878	
Gm7363	
Gm15928	
Gm23741	RNU1-130P
Gm3571	
Ttyh1	TTYH1
Gm34470	
Gm18669	
Cd300ld2	CD300LF
Gm57027	
Gm68130	
Gm67622	
Cd300ld4	CD300LF
Gm34655	
Gm4795	
Gm32479	
Cd300ld5	CD300LF
Gm68133	
Cd300ld3	CD300LF
Mael	MAEL
Tnfsf9	TNFSF9
Gm48788	
Cd300e	CD300E
Gm68135	
Gm56926	
Gm67627	
Gm49892	
Gm67629	
Cd70	CD70
Tmem104	TMEM104
Gm67631	
Gm14546	
Tnfsf14	TNFSF14
Gm65552	
C3	C3
Gm2164	
Fer1l4	
Gm68489	
Gm33408	
Gm68490	
Gm30622	
Gm67640	
Gm15900	
Gm67642	
Gm67534	
Ildr2	ILDR2
Gm67643	
Gm67535	
Gm67644	
Gm15581	
Gm57059	
Gm67537	
Gm67540	
Gm67541	
Rps8-ps1	
4930540M03Rik	
Gm67645	
Grin2c	GRIN2C
Gm68148	
Gm35417	
Gm6336	
Gm68494	
Rpsa-ps2	
Gm65761	
Gm68495	
Mir3093	
Gm21321	
Mir9b-1	
Gm68496	
Mir9-1	MIR9-1
Gm65775	
Gm68149	
Gm65766	
Gm68499	
Gm68501	
Gm65702	
Gm15987	
Gm47699	
Gm68502	
Rhbg	RHBG
Gm68503	
Gm48229	
Gm68156	
Gm68504	
Gm68505	
Rpl32l	
Gm68506	
Gm68158	
Gm8540	
Gm68160	
Gm7672	
Gm1972	
Gm16531	
Gm68512	
Gm56352	
Gm68513	
Fdxr	
Gm10825	
Gm68515	
Gm68517	
Gm13110	
Gm68521	
8030453O22Rik	
Gm68522	
Gm38392	
Gm67558	
Gm40692	
Gm68523	
Gm67559	
Gm39295	
Gm68524	
Gm68172	
Gm68525	
Gm18119	
Gm67561	
Gm67656	
Gm31751	
Gm12364	
Gm68173	
Gm67657	
Gm9824	
Tsacc	TSACC
Gm67658	
Gm36574	
Gm68174	
Idi1-ps3	
Gm67566	
4930547M16Rik	
Gm67567	
Gm67665	
Gm68528	
Gm68529	
Gm44176	
Gm26881	
Gm67568	
Gm67667	
Gm67669	
Gm37116	
Gm46149	
Gm14240	
Gm65645	
Fads6	FADS6
Gm67571	
Spag4	SPAG4
Cct3	CCT3
Gm13853	
Gm67573	
4930447F24Rik	
Gm19791	
Gm68533	
Gm67579	
Gm68534	
Gm67581	
Gm46853	
Gm12909	
Gm67582	
Gm67584	
Otop2	OTOP2
Gm67586	
Gm67587	
Gm47950	
Gm67588	
5330438I03Rik	
Ccdc121rt1	
Gm57021	
Dnah14	DNAH14
Gm68547	
Gm67684	
Gm32208	
Gm8711	
Gm68190	
Gm67592	
Gm8723	
Gm67687	
Gm68193	
Ush1g	USH1G
Gm68551	
Gm68552	
Gm4781	
Gm68194	
Gm68555	
Mir6978	
Gm17088	
Gm65714	
Gm67594	
Otop3	OTOP3
Gm68557	
Gm5781	
Gm67595	
Gpr108	GPR108
Gm8274	
Gm68558	
Gm6627	
Gm48801	
0610025J13Rik	
Fkbp1a-ps2	
Gm68199	
Gm36301	
Gm48386	
Gm67691	
Gm67598	
Gm68202	
Gm27234	
Gm3699	
Gm10273	
Gm7413	
Gm68209	
Gm67600	
Gm67602	
Cpne1	
Gm67604	
1700095A21Rik	
Lyzl4os	
Gm52899	
Gm18251	
Letm1	LETM1
Gm67699	
Gm67700	
Hid1	HID1
Gm52870	
Gm15499	
Gm67609	
C430002N11Rik	
Gm67707	
Gm67710	
4930554P06Rik	
Gm68563	
Gm67713	
Gm68564	
Gm68565	
Gm36669	
Gm68566	
Gm56931	
Gm48750	
Gm10059	
Gm48749	
Gm30708	
Nsd2	NSD2
Degs1	DEGS1
Gm20705	
Gm57058	
4930432J01Rik	
Gm67625	
Gm67626	
Gm10754	
A930001A20Rik	
Gm34770	
Gm68569	
Gm67630	
D030047H15Rik	
Fbxo28	FBXO28
Leng8	LENG8
Gm68570	
Gm65074	
Gm68571	
Gm67634	
Trip10	TRIP10
Gm68572	
Gm67636	
Gm12414	
Gm67639	
Gm36278	
Gm67722	
Gm15270	
Gm68575	
Gm53328	
Gm68576	
Gm68577	
Gm68579	
Gm65676	
Gm67641	
Gm7132	
Gm68581	
Kctd3	KCTD3
Gm29891	
Gm33819	
Gm36685	
Gm68582	
Gm57084	
Gm32710	
Sirpd	SIRPG
Sirpd	SIRPA
Sirpd	SIRPB1
Gm68583	
Gm27243	
Sirpb1a	SIRPG
Sirpb1a	SIRPA
Sirpb1a	SIRPB1
Gm67646	
Gm57070	
Gm67647	
Rny1	
Gm67729	
Gm67732	
Gm67734	
Gm67648	
Gm68584	
Gm67738	
Gm68585	
Cdr2l	CDR2L
Gm68586	
Gm67653	
Gm67744	
Gm68587	
Gm67654	
Gm45216	
Sirpb1b	SIRPG
Sirpb1b	SIRPA
Sirpb1b	SIRPB1
Gm67655	
D030055H07Rik	
1700086P04Rik	
Gm67747	
Gm67751	
Ict1os	
B930049P21Rik	
Rab37	RAB37
Gm67754	
Gm67755	
3010003L21Rik	
Gm67659	
Gm68588	
Gm67661	
Gm12724	
Gm67663	
Gm67757	
Gm67664	
Gm68589	
Gm67758	
Gm67666	
Gm47077	
Gm54249	
Lncpint	
Gm65177	
Gm68590	
Gm37468	
Gm30126	
Gm10827	
Gm46124	
Gm33814	
Gm54196	
Gm68593	
Gm67671	
Gm68595	
Gm67672	
Gm53507	
Gm15904	
Gm67673	
Gm38139	
Gm26581	
Gm67674	
Erich3	ERICH3
Gm67675	
Gm67676	
Gm67677	
Gm35024	
Clpb	CLPB
Gm67679	
Gm11782	
Gm67680	
Gm26740	
Gm68598	
Gm68599	
Gm37178	
Gm18698	
Kcnk2	KCNK2
Gm68600	
Dlx4	DLX4
Gm33901	
Gm67683	
Gm68601	
Gm48831	
Gm67689	
Gm20389	
Gm26797	
C530005A16Rik	
Gm11652	
Gm11653	
Cyb561	CYB561
Gm68607	
Gm39449	
Gm68608	
Gm68609	
Gm68610	
Gm68611	
1700060J05Rik	
Gm68612	
Gm67694	
Gm67695	
Gm67697	
Gm20559	
Tnni3k	TNNI3K
Gm67701	
Gm67703	
Gm67705	
Gm67708	
Gm67711	
Gm68613	
Gm51676	
Gm57066	
Gm46575	
Gm68614	
Gm65240	
Gm54226	
Vav1	VAV1
Gm68615	
Gm32823	
Gm67714	
Gm2449	
Gm68617	
Gm19272	
Gm30734	
2900042K21Rik	
Gm42250	
Gm55800	
Gm37664	
Gm9910	
Gm23690	RNU6-46P
Lbr	LBR
Ace	ACE
Gm68618	
Gm68619	
2210414B05Rik	
Gm68620	
Gm42258	
B930092H01Rik	
Gm68621	
Gm68622	
Gm68623	
Gm33259	
Gm68624	
Gm67720	
Gm68625	
Gm40523	
Gm68626	
Gm31180	
Gm68627	
Gm68628	
Gm67723	
Gm12454	
Gm56933	
Gm53530	
Fbxl12os	
Gm32035	
Gm55354	
Enah	ENAH
Gm68630	
Gm68632	
Gm12648	
Mkln1os	
Gm68633	
Gm68634	
Gm68635	
Gm67733	
Gm68636	
Gm67735	
Gm12542	
Gm67736	
Gm67737	
Gm68637	
Gm67740	
Gm68638	
Gm67742	
Gm18589	
Gm67743	
Gm68639	
Gm31617	
Gm37890	
Gm68640	
Gm67746	
Fpgt	FPGT
Gm68641	
Sult2a-ps4	
Gm68642	
Gm28036	
Gm67748	
Gm68643	
Gm67749	
Rpap3-ps1	
Gm68644	
Gm39447	
Gm68645	
Sult2a6	SULT2A1
Gm42307	
Gm67786	
Gm68646	
Gm67788	
Gm67753	
Gm67789	
Gm68647	
Gm67790	
Gm31529	
Gm57128	
Gm29642	
Rpap3-ps2	
Phf20-ps	
Gm68648	
Obox8	
Gm57113	
Gm68649	
Sult2a7	SULT2A1
Gm68650	
Gm26456	Y_RNA
Gm26456	RNY1P14
Lrriq3	LRRIQ3
Gm68651	
Gm68652	
Gm68653	
Gm68654	
Gm57156	
Nelfa	NELFA
Ace3	
Gm68655	
Obox4-ps1	
Obox4-ps2	
Vmn1r90	
Gm68657	
Gm68658	
Gm37274	
Gm68660	
Rbm12	
Gm35008	
1700023F02Rik	
Gm68661	
Kcnh6	KCNH6
Gm11934	
Gm67792	
Gm68662	
Nlrp5-ps	
Gm38782	
Gm30731	
Gm67794	
Gm67795	
Gm67796	
Gm68664	
Gm68665	
Gm67797	
Gm67766	
Gm68668	
Gm13833	
Gm68669	
Gm67768	
Zfp-ps	
Gm67771	
Gm67799	
Gm67809	
Ranbp2-ps1	
Obox7	
Gm67810	
Gm15492	
Gm67773	
Gm67774	
Gm67775	
Nfs1	NFS1
Gm39439	
Mir7024	
Gm42849	
Gm42847	
Gm67776	
Nat8l	NAT8L
Gm37482	
Gm66498	
Gm29824	
Gm67812	
Gm5285	
Mir344	
Gm67814	
Gm19032	
Gm12655	
Gm67816	
Gm3257	
Gm67821	
Mir344-2	
Mir344g	
Gm23431	
Mir344f	
Gm54977	
Mir344i	
Gm67822	
Gm9696	
Ndn	NDN
Gm19798	
Gm56937	
Gm43459	
Gm67823	
Nicol1	NICOL1
Magel2	MAGEL2
Gm56938	
Gm5709	
Dcaf7	DCAF7
Mkrn3	MKRN3
Gm67825	
Gm67777	
Gm55917	
Zfp329	ZNF329
Gm37926	
Gm67828	
Gm27211	
Aadacl2fm2	
Gm67829	
Gm67830	
2810048H02Rik	
Gm67831	
Gm38208	
Gm37579	
Zbtb45	ZBTB45
Gm5539	
Gm67832	
Gm2756	
Gm68678	
Gm16527	
Gm40397	
Gm6117	
Gm68679	
Gm42303	
Gm68680	
Gm11646	
Aadacl2fm3	
AA545190	
Taco1	TACO1
Gm68683	
Gm36893	
Aadacl2fm1	
Gm68684	
Gtpbp4-ps5	
Map3k3	MAP3K3
Obox4-ps25	
Thoc2l	THOC2
Obox4-ps26	
Gm26763	
Gm52917	
Ranbp2-ps7	
Obox2	
Gm67837	
Gm67840	
Gm67841	
Gm33104	
Aadacl2	AADACL2
Gm46957	
Gm29838	
Gm67842	
Gm67843	
Gm67845	
Gm67847	
Gm67848	
Gm18427	
Romo1	ROMO1
Aadac	AADAC
Gm68687	
Gm67850	
1700049E15Rik	
4930552P06Rik	
Gm55006	
Zfp33b	
Sucnr1	SUCNR1
Gm11672	
Gm57402	
Limd2	LIMD2
Gm67851	
Il36b	IL36B
Fam133b	FAM133B
Gm24382	U6
Gm67852	
Fcrl2	
Gm15762	
4930412C18Rik	
Gm33741	
Obox1	
Gm13410	
Gm67858	
Il36g	IL36G
A230083G16Rik	
Cd5l	CD5L
Gm10840	
2700078F05Rik	
Gm32511	
Gm38359	
Strada	STRADA
Gm37018	
Gm37258	
Gm37177	
Srp9	SRP9
Il36a	IL36A
Gm44127	
Gm48215	
Gm53332	
Gm67864	
Gm37703	
Gm67865	
Gm13409	
Gm17968	
Il36rn	IL36RN
Gm43017	
Vmn1r1	VN1R5
Gm54797	
1700109H08Rik	
Ranbp2-ps8	
Gm35822	
Obox4-ps27	
Abl2	ABL2
Obox4-ps29	
Obox3	
Gm47889	
Gm57062	
Gm34544	
Gm3458	
Pex1	PEX1
Gm56222	
Ccdc47	CCDC47
Gm67871	
Gm67872	
Gm30262	
Il1f10	IL1F10
Gm67874	
Gm13961	
Or4f52	
Gm67876	
Gm67878	
Gm38043	
Tor3a	TOR3A
Or4f53	
Gm67881	
Gm67883	
Or4k35	
Obox3-ps6	
Gm67885	
Obox4-ps30	
Gm67886	
Ranbp2-ps9	
Gm54225	
Or4f54	
Ranbp2-ps10	
Obox4-ps31	
Gm67887	
Gm25354	RNU6-20P
Obox4-ps32	
Gm32404	
Gm68702	
Gtpbp4-ps6	
Gm67889	
Gm68703	
Sae1	SAE1
Gm68704	
Gm33202	
Gm68705	
Gm67891	
Or4g16	
Gm68706	
Gm67892	
Gm68707	
Gm67893	
Gm68708	
Gm5232	
Lnpep	LNPEP
Gm68710	
Gm67895	
Or4k36	
Gm67896	
Gm67897	
Gm57087	
Gm68715	
Gm67898	
Or4k37	
Gm68717	
Gm67899	
Gm68719	
Gm68721	
Ddx42	DDX42
Or4k38	
Gm68723	
B230208B08Rik	
Potefam1	POTEA
Gm68725	
Gm11844	
Fam20b	FAM20B
Gm67901	
Gm68726	
Gm67904	
BC039966	
Gm67909	
Gm38579	
Gm67819	
Gm67820	
Gm32714	
Gm67913	
Gm32462	
Gm57198	
Gm67915	
Arhgap35	ARHGAP35
Gm67917	
Gm13850	
Gm39336	
Gm68727	
Gm68728	
Gm68729	
2610306M01Rik	
Gm68730	
Gm49784	
Gm67826	
Gm67827	
Ftsj3	FTSJ3
Gm68732	
Gm7513	
Gm34249	
Gm17981	
Gm29478	
Gm49787	
BC049688	
Gm68733	
Vmn2r90	
Gm67921	
Gm44589	
Gm29442	
Gm52907	
Gatad1	GATAD1
Gm24708	
Gm67922	
Gm29725	
Gm12602	
Gm69329	
Gm32534	
1700095J07Rik	
Gm19918	
Ceacam-ps1	
Gm15428	
Gm67833	
Ceacam15	CEACAM21
Ralgps2	RALGPS2
Gm31497	
Gm55578	RN7SKP266
Gm33889	
Gm8209	
Gm5586	
Ceacam9	CEACAM21
Atp5f1c	ATP5F1C
Gm67927	
Ap2s1	AP2S1
Gm34772	
Gm67929	
Gm67839	
Tmbim7	
Gm52280	
Gm54264	
Gm67930	
Gm31587	
Gm24867	
Gm67933	
Gm16046	
Gm67934	
Psmc5	PSMC5
Gm67936	
Gm67937	
Gm67844	
Tcte2	
Gm30936	
Gm67849	
Gm30779	
Slc1a5	SLC1A5
Gm31957	
Gm4651	
Gm48867	
Afdn	AFDN
Gm67938	
Gm67939	
Gm30624	
Gm67940	
Gm6313	
Gm68740	
Gm54818	
Gm23645	
Ankib1	ANKIB1
Gm30681	
Smarcd2	SMARCD2
4930401C15Rik	
Gm67855	
Gm67856	
Gm67857	
Gm29139	
Gm67946	
Gm67947	
Fkrp	FKRP
Gm32549	
Gm1559	
Gm67948	
Gm67859	
Gm67949	
Gm67950	
Gm67860	
Gm68527	
Gm67952	
Gm67953	
Gm67954	
Gm12927	
F630040L22Rik	
Gm4872	
Gm67861	
Strn4	STRN4
Gm29826	
Gm67862	
Gm67863	
Gm42738	
Gm67956	
Gm34802	
Gm47051	
Gm67957	
Gm67958	
Gm46868	
Gm68531	
Gm67959	
Gm68748	
Gm67866	
Gm12709	
Gm23608	
Kin	KIN
Gm67961	
4930568E12Rik	
Gm67963	
Gm68750	
Gm67965	
BB031773	
Gm57002	
Gm56928	
Gm67966	
Gm67968	
Gm68542	
Gm67969	
Gm68543	
Gm67970	
Gm68544	
Itih2	ITIH2
Gm68545	
Gm67971	
Gm67973	
Gm568	
Sspnos	
Gm68546	
Gm68548	
Gm32297	
Gm67976	
Gm68553	
Gm32930	
Gm67977	
Gm68556	
9130019P16Rik	
Gm40223	
Gm16004	
4930598N05Rik	
Gm68753	
Gm68754	
Gm54837	
Gm15511	
Gm52710	
Gm43679	
Tcam1	
Krit1	KRIT1
Gm68756	
4930528H21Rik	
Gm16023	
Gm38914	
Gm67985	
Gm67986	
Gm67888	
Gm54250	
Gh	GH1
Gh	CSH1
Gh	GH2
Gh	CSH2
Gh	CSHL1
Gm67988	
Gm67990	
Gm52725	
Gm67894	
Gm68762	
Gm52743	
Gm15864	
Gm36365	
Gm68764	
Cd79b	CD79B
Gm46889	
Gm47757	
Gm33752	
Gm67997	
Sox5os3	
Gm13727	
Cwc22	CWC22
A230083N12Rik	
Gm68000	
Gm68002	
Gm68004	
Gm34738	
Gm28905	
Gm68006	
Gm68768	
Gm67903	
Scn4a	SCN4A
Gm68008	
Gm68773	
Gm67906	
Gm42350	
Gm67908	
Gm67910	
Gm68776	
Gm39331	
Gm68777	
Gm67911	
Gm68011	
Gm44427	
Gm68778	
Gm68014	
Gm68779	
Gm67912	
Gm68016	
Gm68780	
Gm67914	
Gm68017	
Gm68781	
Gm67916	
Gm38879	
Gm42756	
Gm68020	
Gm68782	
Gm38870	
Gm33091	
Gm67919	
Gm67920	
Gm68783	
Gm36855	
Gm68784	
Ccdc142os	
Gm68785	
Gm11802	
Gm15343	
9330179D12Rik	
Gm68786	
Gm68787	
Gm68789	
Prr29	PRR29
Gm40242	
Gm68790	
Gm68791	
Gm47960	
Gm68030	
Gm68792	
Gm38826	
Gm68793	
Gm12409	
Gm67935	
Prkd2	PRKD2
Gm16322	
Gm57157	
4933423K11Rik	
Gm68794	
4930512J16Rik	
Icam2	ICAM2
Gm68795	
Gm56957	
Gm68796	
Gm3355	
Gm49121	
C730027H18Rik	
Gm7168	
Dhrs13os	
Dhrs13	DHRS13
Gm7356	
Gm67941	
Gm7358	
Gm67942	
4930488N24Rik	
Gm39311	
Gm49903	
Dact2	DACT2
Gm68045	
Gm68046	
Gm68047	
Gm48716	
Gm36735	
Gm48393	
Gm68048	
Gm68051	
Cirbil	
Gm34510	
Gm43775	
Flot2	FLOT2
Gm43323	
Gm22929	
Gm43772	
Gm68053	
4930504D19Rik	
Gm15794	
Gm34567	
Gm56941	
Gm3822	
Nsun7	NSUN7
Gm30539	
Gm68054	
Gm39329	
Gm68808	
Gm67974	
Gm67975	
Gimap1os	
Gm68811	
Gm56965	
Gm13726	
Gm68812	
Or8k25	OR8K3
Dact3	DACT3
4930448E22Rik	
Gm57098	
Gm68055	
Or8j3c	
Gm68056	
Gm47769	
Hoxa11os	
Or8k26-ps1	
2700080J24Rik	
Or8y2-ps1	
Gng8	GNG8
Or8k27	OR8K3
Gm68823	
Gm68824	
Gm30911	
Gm34288	
Or8k28	OR8K3
Gm56955	
Or8k29-ps1	
Gm48628	
Or8z1-ps1	
Ptgir	PTGIR
Or8k41	OR8K3
Or8k42-ps1	
Or8z2-ps1	
Gm68065	
Gm5023	
Ercc2	ERCC2
Gm67989	
Gm43790	
Or8k30	OR8K3
Gm29521	
Gm56151	
Or8aa1-ps1	
Gm43793	
Or8k32	OR8K3
Gm16273	
Gm43792	
Gm40649	
Gm68068	
Gm43794	
Gm43343	
Gm44077	
Gm43795	
C530043K16Rik	
Or8k33	OR8K3
Uchl1	UCHL1
Gm67994	
Or8k34-ps1	
Gm67995	
Or8k35	OR8K3
Gm38571	
Gm3289	
Gm20610	
Lypd6b	LYPD6B
Gm68074	
Gm57151	
Gm68080	
Gm68837	
Gm46842	
Gm30270	
Gm68001	
Gm68003	
Gm10680	
Mir144	MIR144
Gm43279	
Mir451b	
Mir451a	
Gm43280	
Eral1	ERAL1
Gm40520	
Gm68765	
Pcolce	PCOLCE
Gm13480	
Gm68091	
Gm44040	
8030451A03Rik	
Gm68009	
Gm56480	Y_RNA
Gm56480	RNY1P14
Gm57016	
Or4x13	OR4X2
Gm68010	
Gm68094	
Gm68012	
Gm20387	
Gm13464	
Gm68015	
Kynu	KYNU
Gm68018	
Gm68021	
Gm68100	
Gm46130	
Gm68101	
Gm48845	
Gm44731	
Gm40536	
Gm26728	
1700072B07Rik	
Gm68849	
Gm11816	
F930017D23Rik	
Fam222b	FAM222B
Gm68851	
Gm68852	
Gm68853	
Traf4	TRAF4
Gm68854	
4933424C08Rik	
Gm68111	
Gm52676	
Gm68112	
Gm830	
Gm68113	
Gm68029	
Gm26588	
Gm46123	
Gm68856	
Gm28809	
Nek8	NEK8
Gm68857	
Gm12707	
Gm68122	
Gm68125	
Fbxo24	FBXO24
B230110G15Rik	
Gm68858	
Gm34428	
Gm68859	
C530044C16Rik	
Gm46886	
1700042G15Rik	
Gm68042	
4930593C16Rik	
Gm35101	
Gm57419	
Gm57443	
Gm16089	
Gm57449	
Gm68860	
Gm57451	
Lrch4	LRCH4
Gm68861	
Gm57454	
Gm57462	
Gm57470	
4930577H14Rik	
Gm57472	
Or8u3	OR8U3
Gm56946	
Or5g27	
Tlcd1	TLCD1
Gm68864	
Or5g28-ps1	
Gm68865	
Or5g29	
Gm68050	
Gm26852	
Or5g30-ps1	
Gm68866	
Mir343	
Or5g23	
Gm11820	
Klc3	KLC3
Gm2087	
4921529L05Rik	
Or5g24	
Or5g25	
Gm35779	
4933412E12Rik	
Or9b1-ps1	
Or9g21-ps	
Or5g26	
Gm831	
Or9b2-ps1	
Or9g4	OR9G4
Gm68869	
Gm33712	
Gm12510	
Olfr1007-ps1	
Or8k16	OR8K5
Angptl1	ANGPTL1
A830011K09Rik	
Or5g9	
Gm68870	
Gm68871	
AV051173	
Or9g10	
Or9g3	
Mir7653	
Rpl23a	RPL23A
Gm37802	
Or9g20	OR9G1
Gm37943	
Gm52742	
Gm17916	
Gm44109	
Gm5069	
Gm12596	
Or9c1-ps1	
Gm13720	
Gm7804	
Or2ah1	
Ckm	CKM
Gm8197	
BC085271	
Snord42a	SNORD42A
Or5ar1	OR5AR1
Stk-ps2	
Snord4a	SNORD4A
Snord42b	SNORD42B
5033404E19Rik	
Rab34	RAB34
2810025M15Rik	
Or5ap2	OR5AP2
Gm3052	
Gm32688	
Gm68671	
Gm68152	
Gm28693	
Or5ap2b	
Gm68672	
Gm68153	
Or5m10b	OR5M10
Or5m10b	OR5M1
Kif14	KIF14
Gm56973	
Gm68062	
Gm24037	RNU2-54P
Or5m10	OR5M10
Or5m10	OR5M1
Gm68157	
Gm40020	
Gm68063	
Or5m12	
Gm68064	
Gm33285	
Or5m13b	
Mark4	MARK4
Gm33677	
Gm47262	
Or5m11d-ps1	
Gm56988	
Gm20605	
Gm68161	
Or5m11	OR5M11
Gm68163	
Or8k31	OR8K3
Gm68165	
Gm15631	
Gm68873	
Or9m1b	
Gm35578	
Or5d35	OR5D18
Gm68066	
Gm68874	
Gm68067	
Gm68875	
Sap25	SAP25
Gm68876	
Or5d18	OR5D18
AI507597	
Gm68070	
A730043L09Rik	
Or5d14	OR5D14
Or5d36	OR5D14
Gm68073	
Gm68877	
Gm68075	
Or5d37	
Gm68076	
Gm57019	
Or5d20	OR5G3
7630403G23Rik	
Irs3	
Gm20139	
Or5d38	
Gm68878	
Gm68084	
Gm33070	
Gm68086	
Gm15527	
Or5d39	
Agfg2	AGFG2
Gm38623	
Or5d40	
Cacna1e	CACNA1E
Proca1	PROCA1
Gm68180	
Gm68181	
Olfr1169-ps1	
Gm47861	
Or4c126	OR4C45
Gm23099	RNVU1-34
Gm68095	
Gm45167	
Bloc1s3	BLOC1S3
Gm57085	
Gm57072	
Gm68098	
Trappc6a	TRAPPC6A
Gm68880	
Gm68882	
Gm68099	
Or4c127	OR4C45
Supt6	SUPT6H
Gm68883	
Gm32392	
Gm32756	
D430036J16Rik	
Gm68885	
Gm68887	
Or4c52	OR4C45
Gm46848	
Gm68889	
Or4c3	OR4C3
Or4x11	OR4X2
Gm68195	
Gm68196	
Or4c3d	
Gm48724	
Gm68108	
Gm38873	
9130004C02Rik	
Gm68200	
Gm68895	
Olfr1266-ps1	
4930434O05Rik	
Gm48722	
Gm68110	
Or4x12	OR4X2
Gm39354	
Or4x5	OR4X1
Gm35194	
Gm10658	
Nkpd1	NKPD1
Gm40604	
Gm68897	
Or4x6	OR4X2
Gm68898	
Gm68899	
Gm68900	
Nyap1	NYAP1
Or4b1d	OR4B1
Gm68115	
Ppp1r37	PPP1R37
Gm68117	
Gm68118	
A430085M09Rik	
Gm68215	
Gm68120	
Gm68903	
Gm68216	
Gm68121	
Gm68904	
Gm40249	
Gm68124	
Gm68219	
Gm53543	
5330439B14Rik	
Gm35154	
Gm20275	
Gm68908	
Gm68221	
Gm68223	
Gm68909	
Gm68225	
Gm68910	
Gm52916	
Gm13201	
Or4b1	OR4B1
Gm68126	
Gm39364	
Gemin7	GEMIN7
Gm68235	
Gm68237	
Bltp2	BLTP2
Gm68127	
Gm4222	
Ppp1r35	PPP1R35
Gm68128	
Or4x15	OR4X2
Mtarc1	MTARC1
Gm68129	
Gm68244	
Gm39369	
Gm68245	
Gm18953	
Zfp296	ZNF296
Halr1	
Or4b13	OR4B1
Or4b12	OR4B1
Mepce	MEPCE
Gm13054	
Gm68919	
Gm51673	
Or4b1b	OR4B1
Clasrp	CLASRP
Gm57007	
Gm19057	
Gm12970	
Gm36366	
Or4b1c	OR4B1
Gm37383	
Gm68136	
Gm23744	
Gm9694	
Gm26592	
Or4k46-ps1	
Tor1aip1	TOR1AIP1
Or4k47	
Gm68140	
2210414F02Rik	
Gm68921	
Zcwpw1	ZCWPW1
Gm68141	
Or4k48	
Gm57064	
Gm30791	
Or4k49	
Gm68143	
Gm68144	
Gm44840	
Gm68145	
Gm16754	
Or4k50	
Gm13922	
Or8u37-ps1	
Gm46204	
Gm68268	
Gm69815	
Gm68269	
4930479D17Rik	
Or5d42-ps1	
Gm69818	
Or1j22-ps1	
Gm68928	
Gm69821	
Gm68271	
Or7c74	
Gm68272	
Gm56986	
Gm12972	
Gm68273	
Pilra	
Or4c101	
Gm68274	
Gm68154	
Gm68278	
Gm68155	
Gm68280	
Gm13758	
Gm29246	
Or4c102	OR4C6
Gm68281	
Gm39327	
1700126G02Rik	
Gm29884	
Gm47581	
Or4p4b	
Gm47844	
1700084C06Rik	
Gm20304	
Or4s2	OR4S2
Gm47908	
Clvs2	CLVS2
Gm68937	
Or4p4	OR4P4
Gm68162	
Gm40358	
Gm11192	
Gm68164	
Gm68944	
Gm68166	
Rskr	RSKR
Gm68946	
Gm39448	
Or4s2b	OR4S2
Gm68947	
Fam219aos	
6530413G14Rik	
D830050J10Rik	
Gm31747	
Or4c103	OR4C16
Gm32908	
Gm68175	
Gm68176	
Gm9869	
Pilrb1	
Or4a66	
Gm68298	
Gm68177	
Gm68300	
Gm68178	
Alx4	ALX4
Gm68179	
Gm68303	
Gm26614	
Gm68305	
Gm47910	
Gm68307	
Gm47911	
Gm15939	
Gm33046	
Gm66011	
Gm68184	
Gm47929	
Gm68185	
Gm68059	
Sult3a2	
Ext2	EXT2
Gm39450	
9430034N14Rik	
Tor1aip2	TOR1AIP2
Pilrb2	
Spag5	SPAG5
Gm10327	
1700110K17Rik	
Sult3a1	
Gm46953	
Gm39340	
Gm45218	
Gm68198	
Gm68203	
Gm68204	
Gm68314	
Gm68206	
Gm34170	
Gm68208	
Gm47935	
Gm35216	
Gm47940	
Gm68211	
Rsph4a	RSPH4A
Gm68213	
Gm43494	
Gm3103	
Cyp3a13	CYP3A4
Cyp3a13	CYP3A7
Cyp3a13	CYP3A43
Cyp3a13	CYP3A5
Gm16096	
Zup1	ZUP1
Gm34071	
Gm68222	
Gm68224	
Gm32240	
Gm68227	
Gm68229	
Gm68231	
Gm68233	
Gm68234	
Gm68236	
Gm68238	
Gm68239	
Gm68240	
Gm68747	
Gm68241	
Gm68749	
Gm68242	
Cnnm4	CNNM4
Gm68243	
4930516B21Rik	
Gm68961	
Gm15502	
Gm68965	
Gm8099	
Gm39352	
Gjc3	GJC3
Gm68967	
Aldoc	ALDOC
Gm68320	
Gm68969	
Gm43904	
Gm68250	
Gm68970	
Gm68252	
Gm37909	
Gm39363	
Gm68323	
Gm56056	
Cnnm3	CNNM3
Azgp1	AZGP1
Gm68255	
Relb	RELB
Gm16499	
Gm68258	
Gm68260	
Gm13818	
Gm4963	
Gm68261	
Accs	ACCS
Smok3a	
Gm12708	
Gm68262	
Smok3b	
Gm68974	
Gm68923	
Gm68975	
Gm13841	
Gm46870	
Cit	CIT
Gm68334	
Gm68335	
Gm68336	
Gm68337	
Gm68977	
Gm68338	
Gm33716	
Gm68340	
Gm68978	
Pigs	PIGS
Gm68979	
Gm68341	
Gm12496	
Gm68342	
Gm68980	
Gm68343	
Gm68283	
Gm42340	
Gm68344	
Gm44020	
Gm68284	
Gm68286	
Gm68287	
Gm68288	
Gm26628	
Gm68289	
Gm48018	
Gm68290	
Gm38033	
Gm68291	
Gm68292	
Ankrd23	ANKRD23
Gm68293	
Gm7940	
Gm68294	
Gm48034	
A830082N09Rik	
Gm53512	
Gm68351	
Rwdd1	RWDD1
Gm33143	
Lexis1	
Gm68353	
Gm68354	
Gm68355	
Clptm1	CLPTM1
Unc119	UNC119
Gm68306	
Gm68356	
Gm68308	
Gm39430	
1700027I24Rik	
Gm48045	
Gm13003	
Trappc3l	TRAPPC3L
Gm68358	
Gm42417	
Gm68359	
Gm51659	
Gm68361	
Gm31492	
Gm68362	
Gm34873	
Gm68313	
Ankrd39	ANKRD39
4933422A05Rik	
Calhm4	CALHM4
Gm56932	
Gm57155	
Calhm5	CALHM5
Gm68996	
Foxn1	FOXN1
Gm68998	
Gm68999	
Gm69000	
Calhm6	CALHM6
Gm69002	
Gm68371	
Gm69003	
Gm68372	
Gm69004	
Gm68373	
Gm68374	
Gm69005	
Sema4c	SEMA4C
Dse	DSE
Accsl	ACCSL
Gm69006	
Gm69007	
Gm69008	
Gm68402	
Apoc2	APOC2
Slc13a2	SLC13A2
Gm68404	
Gm69009	
Gm68405	
Gm56967	
Gm68406	
Gm68407	
Gm68408	
Gm68413	
Gm68416	
Gm68420	
Gm68422	
Gm68317	
Apoc2l	
Gm68424	
Gm47445	
Gm68318	
Gm18346	
Gm47512	
Gm68319	
Gm34133	
Gm68425	
Gm47800	
Gm11195	
Gm68427	
Apoc4	APOC4
Sdf2	SDF2
Gm32591	
Gm68321	
Gm69011	
Gm30318	
Gm68322	
Gm35884	
Apoc1	APOC1
Gm57043	
Gm34072	
Gm11790	
Ogfod3	OGFOD3
Gm68429	
Gm68325	
Gm69012	
Gm68432	
Gm47957	
Gm47485	
Gm69014	
Tspyl1	TSPYL1
Gm68435	
Gm69016	
Gm68329	
Gm13856	
Nt5dc1	NT5DC1
Gm68436	
Gm31756	
Gm69017	
Gm68330	
Apoe	APOE
Gm68437	
Gm69019	
Gm68438	
Gm68331	
Gm69021	
Gm69023	
Gm68439	
Gm68332	
Gm35752	
Gm68442	
Hexd	HEXD
Gm68333	
Gm34358	
Gm35746	
Gm13889	C11orf96
4933400C23Rik	
Gm46851	
Gm27027	
Gm69028	
Alkbh3	ALKBH3
Gm69030	
Gm69031	
Gm68446	
Gm69034	
5430402O13Rik	
Gm33260	
Gm36073	
Gm33106	
Gm38398	
Gm12866	
Gm29054	
Gm33857	
Gm69036	
Gm68350	
Gm69037	
4930504B08Rik	
Gm68352	
Gm52738	
2900079G21Rik	
Gm45952	
Gm69038	
Gm69040	
Fam178b	FAM178B
Lincred2	
Tomm40	TOMM40
Gm69042	
Gm69044	
Gm69045	
4933428C19Rik	
Gm68357	
Gm35860	
Gm69046	
Gm69047	
Gm69048	
Gm69049	
2310075C17Rik	
9130410C08Rik	
Gm68365	
Gm68368	
Lncbate3	
Gm69050	
Gm12830	
Gm68450	
Gm68451	
Gm34213	
Nectin2	NECTIN2
Gm68452	
Gm68453	
Gm69052	
Cybc1	CYBC1
Gm68454	
Hrh3	HRH3
Gm68455	
Gm69053	
Gm35025	
Gm34289	
Gm68456	
Gm68457	
Gm52493	
Gm47508	
Tspyl4	TSPYL4
Gm69057	
Gm35707	
Gm69058	
Gm69059	
Gm68460	
Gm69060	
Gm31055	
Col10a1	
Gm68383	
Gm30405	
Gm10635	
2610028E06Rik	
Gm68463	
Or9k2b	OR9K2
Gm68388	
Gm56934	
Gm68390	
Gm68466	
Gm37974	
Or9k7	
Gm68468	
Gm10690	
Gm68469	
Gm54515	
Gm27204	
Gm17180	
Gm20400	
Neurod4	NEUROD4
Osbpl2	OSBPL2
Tespa1	TESPA1
Or2a53-ps1	
Gm68393	
Gm44262	
Gm68394	
Gm68473	
4930506F14Rik	
Gm39469	
Gm6428	
Gm5305	
Bcam	BCAM
Gm68474	
Gm56095	
Cox5b	COX5B
Gm44411	
Gm68395	
Gm7618	
Gm68396	
Gm57042	
Gm21893	
Gm68397	
Gm68475	
Gm15784	
Gm68476	
Gm68398	
Gm68399	
Gm44223	
Gm35289	
Gm42573	
Actr1b	ACTR1B
Gm28424	
Gm68400	
Gm68478	
Gm68401	
Tpt1-ps3	
Gm32133	
Gm18691	
Tas2r141-ps4	
Gm68433	
Gm68484	
Rpl36-ps12	
Vmn1r-ps22	
Gm35077	
Vmn2r84	
Lama5	LAMA5
Gm68440	
Gm68441	
1700037J18Rik	
Narf	NARF
Gm68443	
Gm68444	
Ctdsp2-ps	
4930434F21Rik	
Vmn2r85	
Npm3-ps1	
Gm68492	
Gm68445	
Gm10444	
4921528I07Rik	
Gm68493	
Vmn2r86	
Gm32858	
4933424G06Rik	C2orf92
Gm18755	
Alms1-ps1	
Vmn2r87	
Gm45114	
Cblc	CBLC
Gm68537	
Zap70	ZAP70
Gm6134	
Gm68519	
Gm8213	
Gm36488	
9530062K07Rik	
Gm35405	
Gm30851	
Gm31793	
Gm69071	
Gm33786	
Gm36438	
Gm23793	
Foxk2	FOXK2
Gm55836	
Ftl1-ps2	
Gm42961	
Gm30963	
Gm69073	
Gm69074	
Gm46846	
Gm8579	
Gm69075	
Gm66296	
Gm67750	
Sec61g-ps1	
Gm69077	
Gas2l3	GAS2L3
Gm69078	
Gm36435	
Gm32897	
Gm8652	
Gm68477	
Wdr45b	WDR45B
Gm69080	
Gm69081	
Gm18828	
Gm69082	
Nyap2	NYAP2
Gm46887	
Gm68479	
Gm68481	
Gm32707	
Gm68482	
Rusf1	RUSF1
Gm68483	
Gm33009	
Gm68485	
Rnps1-ps	
Gm68540	
Gm31563	
Gm68486	
Gm69085	
Gm44478	
Gm68488	
BE691133	
Gm42642	
Gm35398	
Gm69086	
Gm44259	
Gm53066	
Gm52736	
Gm68491	
Aknaos	
4930545L08Rik	
Mir7005	
Rps21	RPS21
Gm10443	
Gm15854	
Gm68550	
Gm68497	
Gm68500	
Gm69090	
Klra11-ps	
Gm39319	
Gm69091	
Gm40579	
Gm69092	
Optc	OPTC
8430436N08Rik	
Mir3091	
Cables2	CABLES2
Mir7236	
Gm11866	
Gm68509	
Gm69094	
Fn3krp	FN3KRP
4930441N18Rik	
Gm68510	
Gm6637	
Gm69095	
Gm40251	
Gm68516	
Nr1h4	NR1H4
Gm42473	
Gm68518	
Gm42471	
Gm68520	
Gm14508	
Gm39383	
Prkab1	PRKAB1
Fn3k	FN3K
1700023A20Rik	
Gm46102	
Gm50492	
Gm68526	
Gm29629	
Gm16794	
Gm15849	
Gm68560	
Dstyk	DSTYK
Rbbp8nl	RBBP8NL
Gm48834	
Mcmbp	MCMBP
Gm33410	
Gm33480	
Zfp750	ZNF750
Gm57057	
Gm35761	
Gata5	GATA5
Gm27227	
Rab40b	RAB40B
Gm68532	
Gm68567	
Gm39361	
Gm68536	
Gm47716	
Gm12371	
Mir1a-1	MIR1-1
Mir133a-2	
Adrm1	ADRM1
Gm68538	
Gm68539	
Gm2396	
Gm12056	
Gm12057	
Tmem233	TMEM233
B3gnt2	B3GNT2
Rps27a-ps3	
Gm68568	
Gm35701	
Gm8459	
Gm48087	
Slc17a8	SLC17A8
N4bp2	N4BP2
Gm12911	
Gm16556	
Gm69109	
Gm12367	
Gm44673	
Gm44674	
Gm12058	
Commd1b	
Gm56024	
Gm44672	
Sec23ip	SEC23IP
Gm20456	
Gm69112	
Gm56414	SNORA63
Gm10243	
Gm24917	
Commd1	COMMD1
Gm54231	
Cimip1	CIMIP1
Gm7887	
Gm68573	
Rbbp5	RBBP5
Gm10224	
Gm68549	
Gm46120	
Scyl2	SCYL2
Gm68578	
Gm44131	
Rab22a	RAB22A
Gm68580	
Rpl36a-ps3	
Evx1os	
Gm39325	
Gm68559	
Cct4	CCT4
Gm10634	
Gm69114	
Gm42359	
Gm57102	
Gm69116	
Gm15884	
Gm57101	
Gm69117	
Gm40225	
Gm33011	
4930533I22Rik	
Gm69118	
Gm49890	
Gm69119	
Gm69120	
Gm69121	
Gm69122	
Mir6340	
Vapb	VAPB
Gm56128	SNORA73
Tmem51os1	
Gm42648	
Gm56034	RNA5SP526
Gm56034	5S_rRNA
Gm68561	
Gm56035	
Gm42645	
Gm4768	
Gm42646	
9330159M07Rik	
Gm53047	
Gm43004	
Ifnl3	IFNL3
Ifnl3	IFNL2
Rhoh	RHOH
Gm19880	
Gm43769	
Gm57103	
Sycn	SYCN
Chrna9	CHRNA9
Gm18917	
Gm14336	
Nccrp1	NCCRP1
Spata2	SPATA2
1500026H17Rik	
Pak4	PAK4
Gm67688	
Gm67692	
4930480C01Rik	
Efnb3	EFNB3
Gm68069	
Gm43771	
Rnf114	RNF114
Gm56135	
Ankrd61	ANKRD61
Gm66860	
Gm66864	
Gm11832	
Gm66869	
Gm66643	
Gm69125	
Gm66635	
Gm11234	
Gm66647	
Gm67800	
1700020K04Rik	
Gm69126	
Gm30644	
Gm35693	
Nme2	NME2
Gm66433	
Gm68024	
Mir7049	
Acp7	ACP7
Gm68554	
Tmem81	TMEM81
Gm67482	
Aimp2	AIMP2
Gm38063	
Atoh7	ATOH7
Gm69130	
Cntn2	CNTN2
Mypn	MYPN
Gm57080	
Gm34231	
Gm69132	
Gm46874	
Pms2	PMS2
Snai1	SNAI1
Gm52714	
Nme1	NME1
Gm69133	
Gm11475	
Ube2v1	UBE2V1
Gm30888	
Gm12853	
1700120B22Rik	
Gm11518	
Tob1	TOB1
Gm69135	
Gm69137	
Wfikkn2	WFIKKN2
Gm69140	
Herc4	HERC4
Gm42281	
Ankrd40cl	ANKRD40CL
Luc7l3	LUC7L3
Gm35581	
Gm69142	
9530077C14Rik	
Gm20431	
Peds1	PEDS1
Gm11210	
Gm44617	
Fbxo27	FBXO27
Gm69143	
Gm69144	
Gm39302	
Gm69146	
Gm69147	
Gm11211	
Gm68591	
Gm68592	
Gm69148	
Gm34106	
Gm56415	
Gm69149	
Gm14320	
Gm40232	
Gm69151	
Gm68594	
Cebpb	CEBPB
Gm69152	
Gm42253	
Gm68596	
Gm55408	RNU6-551P
Tm9sf4	TM9SF4
Gm39427	
Gm68597	
1600020E01Rik	
Gm26567	
Gm12408	
Gm31432	
Gm56362	
Cebpa	CEBPA
Gm68602	
Gm68603	
Slc7a10	SLC7A10
Gm68604	
Pi15	PI15
Gm68605	
Gm68606	
9430037G07Rik	
Gm69157	
Gm69158	
Gm69159	
Gm69160	
Gm69161	
Gm15853	
C330020E22Rik	
Tada1	TADA1
Gm69165	
Gm69166	
Gm40252	
Gm12973	
Pogk	POGK
Lrp3	LRP3
Gm69173	
Gm69174	
Gm30763	
Gm69175	
Gm69176	
Gm19337	
Gm69177	
Gm47615	
Tspyl3	
Gm26789	
Sirt1	SIRT1
Plagl2	PLAGL2
Gm42421	
Gm69178	
Rsph10b	RSPH10B2
Rsph10b	RSPH10B
Gm16418	
Gm33354	
Sned1	SNED1
Pofut1	POFUT1
Gm24505	
Wdr88	WDR88
Gm69179	
Gm69181	
Gpatch1	GPATCH1
Gm69183	
A930031H19Rik	
Ankrd40	ANKRD40
Gm57106	
Gm69184	
Gm57092	
Gm13091	
Ccz1	CCZ1
Ccz1	CCZ1B
Gm52741	
Gm69187	
Gm69188	
5830444B04Rik	
Kif3b	KIF3B
Gm16145	
Dnajc12	DNAJC12
Abcc3	ABCC3
Gm69192	
Gm69193	
Gm69194	
Gm24311	
Ocm	OCM2
Ocm	OCM
Gm69195	
Asxl1	ASXL1
Gm39460	
Gm12718	
Gm68656	
Gm68659	
Gm10910	
Gm43615	
Lmtk2	LMTK2
Gm7530	
Rnf7l	RNF7
Gm29825	
Ctnna3	CTNNA3
Gm69196	
Gm42357	
2310081O03Rik	
Gm26925	
Ccdc62	CCDC62
Gm69198	
Nol4l	NOL4L
Gm44636	
Gm69200	
Gm40211	
Rhpn2	RHPN2
Gm69202	
2310001H17Rik	
Gm69203	
Gm69205	
Gm69206	
Gm57065	
Gm53511	
Gm34086	
Mir6901	
Mterf4	MTERF4
Gm68673	
Abcb9	ABCB9
Gm69209	
Gm68674	
Gm68675	
1700123O12Rik	
Gm10118	
Lrrtm3	LRRTM3
Gm68676	
Gm68677	
Gm29415	
Gm57041	
Gm54816	
Gm28881	
Gm68681	
Gm68682	
Gm7867	
Faap24	FAAP24
4930520K02Rik	
Pask	PASK
Gm68685	
Gm39300	
Gm68686	
Scarletltr	
Gm14472	
Commd7	COMMD7
Gm66239	
Gm67696	
Gm35291	
Cep89	CEP89
Gm39360	
1700055C04Rik	
Gm66482	
1700042D02Rik	
Rps12	
Gm68688	
Gm39314	
Dnmt3b	DNMT3B
Ogfod2	OGFOD2
Gm68689	
Gm68690	
Gm68691	
Gm68692	
Gm48901	
Gm32769	
Snora33	
Snord100	SNORD100
Gm23130	SNORD101
Gm56964	
Gm69221	
Slc18b1	SLC18B1
Ppp1r7	
Gm69222	
Gm69223	
Gm68693	
Gm68694	
Gm69225	
Gm68695	
Gm13067	
Gm68696	
Gm68697	
BC049987	
Gm69228	
Gm12976	
Gm68698	
Gm18254	
Vnn3	
Slc7a9	SLC7A9
Gm57017	
Gm68699	
Gm68700	
Gm69229	
Gm68701	
Gm69230	
Mir6902	
Mir6345	
Gm39321	
Gm26446	RNU6-430P
Gm38545	
Cacna1g	CACNA1G
Ano7	ANO7
Arl6ip4	ARL6IP4
Vnn1	VNN1
Gm68709	
Gm68712	
Gm36523	
Gm68714	
Gm68716	
Gm68718	
Gm68720	
4930456L15Rik	
Gm68722	
Taar1	TAAR1
Cyp4x1os	
4933411E02Rik	
Taar2	TAAR2
Taar3	
Gm69232	
Taar4	
Gm52729	
Taar5	TAAR5
1700041C23Rik	
4930430E12Rik	
Taar6	
Taar7a	
Oasl2	
Taar7b	
Gm69233	
Gm69235	
Taar7c-ps	
Gm69236	
Gm15136	
Gm69237	
Taar7d	
Gm69238	
Taar7e	
Gm30092	
Gm6884	
Taar7f	
Gm67301	
Gm69240	
Gm67304	
Gm69241	
Gm66958	
Gm35294	
Taf7l2	TAF7L
Gm22937	
1700049L16Rik	JPT2
Gm69243	
Gm40690	
Gm42316	
Gm47060	
Gm69244	
Gm65898	
Gm69245	
Gm34609	
Gm68731	
Gm31292	
Gm69247	
Gm69248	
Gm10687	
Oasl1	OASL
Gm67759	
Gm69250	
Gm69251	
Gm69254	
Gm66800	
Farp2	FARP2
Gm46239	
Tdrd12	TDRD12
Gm68106	
Gm68105	
Gm33336	
Gm47667	
Gm69255	
Gm69256	
Gm47708	
Gm69258	
2210016L21Rik	C12orf43
Gm69260	
BC062258	
Gm68735	
Gm42308	
Gm31115	
Gm36367	
Gm47671	
Gm37250	
1110019B22Rik	
Stk25	STK25
Gm69262	
Gm69264	
Gm57097	
Hnf1a	HNF1A
Gm11217	
Gm68736	
4732465J04Rik	
Gm39437	
Gm69266	
Gm69267	
Gm68737	
Gm68738	
1700125G02Rik	
Gm30254	
Gm39438	
Gm49891	
Gm57032	
Gm68743	
Gm69269	
Gm69271	
Gm36251	
Gm69272	
Hnf1aos1	
Bok	BOK
Hnf1aos2	
Wincr1	
1810017P11Rik	
Sppl3	SPPL3
9530026P05Rik	
Gm32955	
Gm18558	
Izumo2	IZUMO2
Gm69274	
Gm52681	
Uap1	UAP1
Gm69275	
Gm69276	
Gm28874	
Gm69278	
Gm42326	
Gm69281	
Gm12915	
Zfp473	ZNF473
C730045M19Rik	
Gm13827	
Acads	ACADS
Gm69283	
Gm12381	
Gm68751	
Gm46126	
Gm69288	
2810405F17Rik	
Unc119b	UNC119B
Gm32117	
Gm46133	
Gm69290	
Gm69291	
Gm829	
Gm42317	
Vrk3	VRK3
Gm5298	
Gm69294	
Mir6414	
Gm20156	
Gm34863	
Gm17655	
Gm35315	
Gtpbp6	GTPBP6
Gm68752	
Gm69299	
Gm69300	
Gm69301	
Gm68755	
2010007H06Rik	
Gm69302	
Gm37502	
Gm69303	
Uhmk1	UHMK1
Gm69304	
Gm13010	
Gm69305	
Gm52687	
Gm68757	
Gm39388	
Gm69307	
Gm68758	
Gm68759	
Zfp605	ZNF605
Gm68760	
4930500M09Rik	
Gm68761	
Atf5	ATF5
A830035O19Rik	
Sh2d1b2	SH2D1B
Gm68763	
1110019D14Rik	
Gm4894	
Gm46143	
Gm6345	
Gm32074	
Sh2d1b1	SH2D1B
Gm15484	
Uvssa	UVSSA
Nup62	NUP62
Gm13206	
Gm7694	
Gm68766	
Spata46	SPATA46
Gm67544	
Gm53529	
Gm47718	
3110009E18Rik	C2orf76
Gm68769	
Il4i1	IL4I1
Gm68770	
Gm33543	
Gm68772	
Gm68774	
2010310C07Rik	
Gm68775	
4930579C12Rik	
Gm65986	
Gm30211	
Gm67838	
Gm66827	
4930459C07Rik	
Gm15675	
Cd55	CD55
Nkx1-1	NKX1-1
Gm43851	
Fam53a	FAM53A
Gm69320	
Gm69321	
1700012J15Rik	
Gm69322	
Gm69323	
Tbc1d17	TBC1D17
Gm69324	
Slc25a25	SLC25A25
Gm69325	
Gm11269	
Gm37109	
Gm37283	
Zp3r	
Gm69326	
Gm55227	
1700040L08Rik	
Gm40747	
1700065L07Rik	
Gm66832	
Gm48427	
Gm31614	
Gm9903	
Slbp	SLBP
Gm69328	
1700120G11Rik	
Gm30781	
Gm68798	
2900052N01Rik	
Gm40748	
Gm23623	
Gm69332	
C4bp	C4BPA
Gm48428	
Gm69334	
Gm46961	
Gm30842	
Gm66336	
Gm56972	
Gm20091	
Gm67062	
Akt1s1	AKT1S1
Gm8601	
Gm47064	
Gm33843	
Gm68801	
Gm68802	
Gm68803	
Lrp8os3	
Gm68804	
Gm40544	
Cmklr1	CMKLR1
Gm69340	
Gm67551	
Gm68805	
Gm69341	
Btg1	BTG1
Gm68806	
Gm42342	
Gm48702	
Gm69342	
Gm68807	
Pigr	PIGR
Gm68810	
Gm67869	
Gm69343	
Gm30933	
Gm66215	
Gm67042	
Ficd	FICD
Gm48507	
Lrp8os1	
Gm67440	
Gm33897	
Sart3	SART3
Arhgap20os	
Gm6859	
Gm69345	
Gm48509	
Gm12951	
Gm55229	
Gm66861	
Naif1	NAIF1
Gm69346	
Gm11884	
Mir707	
Gm37169	
Pnkp	PNKP
Eeig1	EEIG1
Gm66872	
Gm68813	
Gm68814	
Gm68815	
Gm69348	
Gm68816	
Gm56936	
Gm56940	
Gm68817	
Il10	IL10
Gm69350	
Gm68799	
Gm66981	
Gm68819	
Gm66014	
Gm47043	
Gm66582	
Gm68820	
Gm42354	
Gm66575	
Gm68821	
Gm68822	
Gm67557	
Gm33004	
Gm67550	
Gm67542	
Gm47047	
Gm69352	
Gm56945	
Actr6	ACTR6
4930509E16Rik	
Gm32658	
Gm69355	
Mapkapk2	MAPKAPK2
Gm69357	
Gm69358	
Gm68825	
Gt(pU21)107Imeg	
Gm16343	
Gm12637	
Gm68826	
Gm68829	
Gm68831	
Gm68833	
Dpm2	DPM2
Gm68834	
Gm68835	
Gm16759	
Gm3511	
Iscu	ISCU
Gm35634	
Gm69362	
Gm69363	
Bltp3b	BLTP3B
1700029M20Rik	
Gm68836	
Pip5kl1	PIP5KL1
4930502A04Rik	
Gm25549	RNU6-399P
Gm25549	RNU6-167P
Gm37084	
Gm55664	RN7SKP123
Gm55664	RN7SKP141
Gm55664	RN7SKP195
Dyrk3	DYRK3
Eif2d	EIF2D
Gm31379	
4930429P21Rik	
Gm69371	
Gm11899	
Tmem119	TMEM119
Gm69375	
St6galnac4	ST6GALNAC4
Gm69376	
Gm68850	
Gm69379	
Gm35548	
Gm52720	
Gm19931	
9530080O11Rik	
Selplg	SELPLG
Gm26868	
Coro1c	CORO1C
Gm68827	
Gm69386	
Gm40226	
Gm69388	
Gm23369	
Gm26180	
Gm69392	
St6galnac6	ST6GALNAC6
Gm68855	
Gm57093	
Gm53525	
Gm69394	
Anks1b	ANKS1B
Gm33053	
Gm69395	
Gm69398	
Gm69399	
Gm54241	
Utp18	UTP18
Gm69401	
Gm68838	
Gm69403	
Gm68839	
Gm68840	
Gm69404	
Gm69405	
Gm68841	
Gm69406	
Gm68842	
Gm69407	
Gm68843	
Gm68844	
Gm68846	
4933407E24Rik	
Gm68847	
Gm31586	
Gm68862	
Gm68848	
Gm38825	
Gm68863	
Gm6980	
Mbtd1	MBTD1
Gm69410	
Gm69411	
Gm69412	
Gm17122	
Gm36816	
Gm43335	
Gm43336	
Gm22056	RNU6-192P
Gm55468	
Gm15407	
Gm69413	
Gm4876	
Gm69415	
1700063D05Rik	
Katnal1	KATNAL1
Gm69416	
Gm69418	
Gm69420	
Gm57086	
Gm69422	
Gm32611	
Gm42791	
Gm43600	
Ak1	AK1
Gm15406	
Gm15473	
5930430L01Rik	
Gm15613	
Ptov1	PTOV1
Gm15614	
Gm42964	
Gm69265	
1700030F04Rik	
Gm43812	
Gm10461	
Yes1	YES1
4933407I05Rik	
Eng	ENG
1700041M05Rik	
Gm31828	
Gm68881	
Gm10655	
Gm68884	
Gm51707	
Gm39297	
Gm40246	
Nme1nme2	
G6pc3	G6PC3
Med25	MED25
Gm69444	
Gm38529	
Gm69447	
Gm69452	
Gm43694	
Gm43852	
Gm69282	
Gm69454	
Gm68890	
Gm2420	
Gm68891	
Gm36134	
Gm68892	
Gm69457	
Gm68893	
Gm17796	
Gm36013	
Lemd1	LEMD1
Gm68894	
Gm69458	
Gm69459	
Gm13200	
Hdac5	HDAC5
Gm68896	
Pisd	PISD
Gm17396	
Gm69464	
Gm68901	
Gm69466	
Gm57127	
2310040G24Rik	
Gm68902	
Gm48529	
Gm29695	
Gm12426	
Gm68906	
Mir1954	
Gm29427	
Gm56382	
Gm26236	
Gm26236	SNORA8
Fpgs	FPGS
Gm39476	
Gm69474	
Gm69475	
Pfkfb2	PFKFB2
Gm69479	
Gm69480	
Gm68913	
Gm69481	
Gm36799	
Gm69482	
2900080M03Rik	
Gm69484	
Gm20619	
Gm69485	
Gm69487	
Gm68914	
Gm68915	
Gm69488	
Gm68916	
Gm69489	
Gm68917	
Gm11266	
Gm68918	
Gm68920	
Gm68924	
Gm13174	
Gm69491	
Gm69492	
Gm69493	
Gm69494	
Gm69496	
Gm69499	
Gm69502	
Gm69503	
Gm69504	
Gm68925	
Gm69505	
Gm68926	
Gm68927	
4930546K05Rik	
Gm43695	
Prr14l	PRR14L
Gm12811	
Mir8093	
Cdk9	CDK9
Gm69508	
Gm40216	
Gm32696	
Gm69510	
Gm47141	
Gm69511	
Gm69512	
Gm42262	
Gm39299	
Gm10684	
Gm69513	
Gm43692	
Gm2623	
Gm5780	
Depdc5	DEPDC5
Gm69514	
Gm54979	RNU6-1042P
Gm47591	
Gm69515	
Gm18670	
Gm47589	
Gm68929	
Gm47592	
Gm36390	
Gm47590	
Gm69517	
Apaf1	APAF1
Gm42327	
Gm68930	
Gm68931	
Gm33007	
Gm68932	
Gm68934	
Gm68935	
Gm69519	
Gm47059	
Gm12354	
Gm40508	
Mir2861	
Mir3960	
Sh2d3c	SH2D3C
Gm68940	
Gm35574	
Gm68942	
D7Bwg0826e	
Gm68943	
Fuz	FUZ
Gm68945	
Gm69527	
Gm31409	
Gm69528	
Gm34132	
Gm69529	
4833445I07Rik	
Gm69530	
Gm69531	
Gm69532	
Gm69533	
Gm54237	
Gm69537	
Gm52683	
Gm27187	
Gm69546	
Gm13012	
Gm68950	
Gm57045	
Gm68951	
Gm69552	
Gm68952	
Gm68953	
1700025O08Rik	
4930422M22Rik	
Gm69566	
Gm69568	
Gm52715	
Gm69570	
1700057H15Rik	
Ttc16	TTC16
Gm68954	
Gm68957	
Yod1	YOD1
Gm37163	
AA986860	C1orf116
Gm69573	
Gm69574	
Gm28856	
Gm68958	
Gm31830	
Fcamr	FCAMR
Gm68959	
Gm42356	
Gm68960	
Gm69575	
4930579K19Rik	
Gm31769	
2700016F22Rik	
1700045H11Rik	
Gm47409	
Gm68962	
Gm68963	
Gm68964	
Gm68966	
Gm68968	
Gm25390	
Gm68971	
Ikbip	IKBIP
1700034K08Rik	
Gm69578	
Gm69580	
Cenpl	CENPL
Gm13049	
Gm12446	
Gm69588	
Slc25a3	SLC25A3
Gm69590	
Gm69592	
Gm30102	
Mir8101	
Hrob	HROB
Gm35402	
Gm68972	
Ap2a1	AP2A1
Gm39362	
Gm69600	
Gm52716	
Gm27226	
Gm54236	
Gm12746	
Gm68973	
Gm57025	
Tor2a	TOR2A
Gm68976	
Gm35940	
1700065D16Rik	
Gm69607	
Gm69608	
Gm31125	
Gm69613	
Asb16	ASB16
Gm69615	
Gm57856	
Gm69617	
Gm69618	
Gm57159	
Ptrh1	PTRH1
Klhl20	KLHL20
Gm68981	
Gm68982	
4933427I22Rik	
Gm24119	SNORA53
Gm66479	
Gm68984	
Gm66838	
Gm68985	
Tmub2	TMUB2
Gm68986	
Gm34298	
Cfap157	CFAP157
Gm39386	
Gm68988	
Gm68989	
Gm30589	
Gm33838	
Gm13028	
Gm69629	
Foxd2os	
Stxbp1	STXBP1
Gm68990	
Gm66970	
Gm33974	
Atxn7l3	ATXN7L3
Gm47143	
Gm68991	
Gm68992	
E230016M11Rik	
Gm57053	
Gm68993	
Gm68994	
Foxl2os	
Gm47142	
Gm5175	
Alx1	ALX1
Gm68995	
Gm33125	
Ankrd45	ANKRD45
Gm69641	
Gm69643	
Gm69644	
Gm33840	
Gm69645	
Gm69646	
1700094M24Rik	
Gm17028	
Gm69648	
Gm11840	
Lrriq1	LRRIQ1
Tex50	TEX50
SLC9C2	SLC9C2
Gm69010	
1810064F22Rik	
Prdx6	PRDX6
Gm31639	
Gm69654	
Gm69656	
Cyth2	CYTH2
Gm48277	
Gm11184	
Gm38883	
Gm35177	
Gm69676	
0610040F04Rik	
Gm69677	
Dmrta2os	
Gm69013	
Gm69015	
Gm47499	
Gm34158	
4930510E17Rik	
Gm69020	
Gm25376	
Gm69022	
Gm47164	
Gm69024	
Slc6a15	SLC6A15
Gm69025	
Gm39341	
Gm69686	
Gm69689	
Gm54222	
Gm57077	
Gm10531	
Gm69693	
Tex35	TEX35
Gm12841	
Gm47271	
Gm69029	
1700017I07Rik	
Saxo1os	
Gm57050	
Gm69033	
Ubtf	UBTF
Gm57028	
Gm69699	
Gm69041	
Gm69701	
Gm40509	
Gm69703	
Gm69704	
Gm42296	
Gm27201	
Gm8768	
Gm24003	
Gm69706	
Gm43693	
Gm47223	
Gm48832	
Ywhah	YWHAH
1700072O05Rik	
Gm47221	
Gm16188	
Gm47220	
Gm30905	
Gm47222	
Gm26923	
Gm67171	
Gm42264	
Gm40685	
Gm43849	
Rpl35a-ps5	
Gm51680	
Slc5a1	SLC5A1
Gm13073	
Gm69713	
Gm67084	
Gm13068	
Gm33460	
Gm69718	
Gm69719	
Gm67078	
Gm57071	
Gm24165	SNORA31
Gata3	GATA3
4930423B08Rik	
Gm69722	
Gm66019	
Gm32603	
Gm65940	
Gm69728	
Gm67294	
Gm33464	
Gm67077	
Gm69729	
4930407G08Rik	
Gm67344	
Gm67355	
Gm68035	
Gm65982	
Gm69055	
Gm51771	
Gm3279	
Gm69056	
Gm57126	
Gm69730	
Gm15936	
Gm2415	
Gm13256	
Gm69732	
Gm66076	
Pvrig	PVRIG
Gm30694	
Gm69733	
Taf3	TAF3
Gm67509	
Gm69736	
Gm66806	
Gm69737	
Gm15851	
Pvrig-ps	
Gm9877	
Gm69739	
Got2-ps1	
Prelp	PRELP
Gm67523	
Gm69740	
Gm25525	U6
Gm69742	
Cyp3a61-ps1	
Ahsp	AHSP
Gm12869	
2210408F21Rik	
Gm47324	
Gm69746	
Gm42570	
Atg16l2	ATG16L2
Gm69748	
Gm56020	
Prox1	PROX1
Gm43117	
Dnajb6	DNAJB6
Gm33699	
Gm69755	
Gm38646	
Gm69756	
Gm67879	
Gm69758	
Gm66424	
Gm69760	
Gm56969	
Gm57079	
Gm69765	
Gm69766	
Gm69061	
Ank3	ANK3
Gm69767	
4921509A06Rik	
Gm69768	
Gm52698	
Gm16295	
Gm5122	
Gm29678	
1700039I01Rik	
Gm56068	
C630004M23Rik	
Zdbf2	ZDBF2
Mir6419	
Gm69062	
Gm13323	
Gm69775	
H2al2a	H2AL1Q
H2al2a	H2AL3
Gm32807	
Gm13329	
Mllt10	MLLT10
Gm69779	
Gm57104	
Gm69780	
Gm69063	
Gm69782	
Gm69064	
Gm69784	
Gm69065	
Gm23448	RNU6-701P
Gm22727	
Gm37099	
Gm37293	
Gm37124	
A130050O07Rik	
D130019J16Rik	
Gm69066	
Gm37534	
Gm27162	
Mir181a-1	MIR181A1
Mir181b-1	MIR181B1
Gm37632	
Gm69789	
Gm69790	
Gm56272	
Ptprc	PTPRC
Gm69796	
Gm69797	
Gm69798	
Gm69799	
Gm69067	
Gm69068	
Gm69801	
Gm69802	
Gm69803	
Gm69804	
Gm69805	
Gm33542	
Gm69806	
Gm69807	
Gm40247	
Gm52685	
Gm69069	
Gm36686	
Gm69808	
Gm69076	
Gm69809	
Gm12690	
Mir7655	
Gm56018	
4930442G15Rik	
Gm25147	U6
Gm13351	
Gm69812	
Gm13350	
Gm47204	
Gm28635	
4930455G09Rik	
Gm69079	
Btbd18	BTBD18
Gm69083	
Gm30762	
Selenoh	
Gm29909	
Gm5552	
Gm69087	
Gm13029	
Gm2213	
1700019L13Rik	
Gm1969	
AB041806	
Gm43386	
Il6	IL6
Gm69831	
Gm69833	
Gm69088	
Gm69835	
Gm69089	
Gm69837	
Gm45699	
Gm69838	
Gm69840	
4921518B13Rik	
Gm39289	
Gm69844	
Gm69846	
Tmx2	TMX2
Gm69853	
Gm69855	
Gm69860	
Stard10	STARD10
Gm69861	
Gm69093	
Gm69862	
9330154J02Rik	
Gm69863	
Gm52703	
Tyms	TYMS
Gm69866	
Gm69869	
Gm69096	
Gm69872	
Gm69873	
Gm69097	
Gm32581	
Gm26737	
Gm69099	
Gm69874	
Gm40533	
Gm69875	
Gm69876	
Gm69877	
Gm69879	
Gm45957	
Gm69880	
Gm42283	
Gm12984	
Gm30313	
A330041J22Rik	
Gm69885	
Gm30701	
Gm69100	
Garem2	GAREM2
Gm69101	
Gm69886	
Med19	MED19
Gm69102	
Gm69103	
Gm69104	
Gm57060	
Gm12679	
Hadha	HADHA
Gm69105	
Gm69106	
Gm69888	
Gm31408	
Gm13203	
Gm69107	
Zdhhc5	ZDHHC5
1700036A12Rik	
Gm54266	
Gm12493	
Gm833	
Gm39384	
Gm57095	
Gm69111	
Gm33302	
Gm45344	
Gm69893	
Gm57069	
Arap1	ARAP1
Gm69896	
Gm69897	
Gm52726	
Gm34074	
4933438K21Rik	
Gm69113	
Gm30934	
Gm39326	
Gm69903	
Gm69904	
Gm57024	
D630033O11Rik	
Gm69910	
Gm42312	
Gm56439	
Hadhb	HADHB
Gm56440	RNU6-613P
Ypel4	YPEL4
Gm57088	
Gm69924	
Gm69925	
Gm57075	
Gm69928	
Gm35379	
Gm69930	
Ube2uos	
Mir130a	MIR130A
Gm69935	
Gm57423	
Serping1	SERPING1
Gm6297	
Gm69938	
Gm69939	
4930546J17Rik	
Gm69949	
Gm69951	
Gm69952	
Gm69954	
Gm69955	
Gm69956	
Gm69957	
Gm69958	
Gm33105	
Gm69124	
Gm47153	
Gm16126	
A130071D04Rik	
Tent2-ps2	
Gm37047	
Gm69127	
Gm39459	
Pantr1	
Ube2l6	UBE2L6
Gm40256	
Gm69128	
Gm69965	
Gm69968	
Gm69129	
4930556G01Rik	
Gm47069	
Gm45897	
Gm19385	
Gm47663	
Gm69974	
Smtnl1	SMTNL1
Gm69976	
Gm69978	
Gm69131	
Gm39376	
Gm35227	
Gm31698	
Timm10	TIMM10
Gm42271	
Kank4os	
Gm46119	
Gm69990	
4933424M12Rik	
Slc43a1	SLC43A1
D830035M03Rik	
Gm16853	
Gm69992	
Slc4a1	SLC4A1
Gm69136	
B230104I21Rik	
Gm69138	
Gm69139	
Mir1960	
Adgrf3	ADGRF3
Gm69141	
Gm69994	
Gm69996	
Gm36198	
Gm69997	
Gm69998	
Gm69999	
Gm70000	
Gm5627	
Gm70002	
Gm70003	
Gm70004	
Gm52689	
Pantr2	
Gm70006	
4930420N18Rik	
Gm70012	
Selenoi	SELENOI
Pou3f3	POU3F3
Gm70013	
Gm70015	
Gm57100	
Gm52688	
Dalir	
Gm70018	
Gm69364	
Gm12843	
4930590L20Rik	
Gm70022	
4930589P08Rik	
Gm70026	
Gm30422	
Gm69150	
Gm70028	
Gm69153	
Gm70029	
Gm69154	
Gm42333	
4930525D18Rik	
Gm70033	
Gm33655	
Gm6403	
Gm69370	
Gm69373	
Gm69155	
Gm16288	
Gm53569	
Gm69156	
Gm70034	
Pramel57	PRAMEF17
Pramel57	PRAMEF12
Pramel57	PRAMEF1
Pramel57	PRAMEF19
Pramel57	PRAMEF20
Pramel57	PRAMEF6
Pramel57	PRAMEF18
Pramel57	PRAMEF10
Pramel57	PRAMEF2
Pramel57	PRAMEF33
Pramel57	PRAMEF11
Pramel57	PRAMEF26
Pramel57	PRAMEF9
Pramel57	PRAMEF13
Pramel57	PRAMEF5
Pramel57	PRAMEF4
Pramel57	PRAMEF25
Pramel57	PRAMEF14
Pramel57	PRAMEF8
Pramel57	PRAMEF15
Pramel57	PRAMEF27
Pramel57	PRAMEF7
Gm69374	
Gm70036	
4930520O04Rik	
Gm12829	
Gm69377	
Gm17937	
Gm69378	
Zfp644	ZNF644
Gm69382	
Gm70038	
Gm28380	
Gm70042	
Gm70044	
Gm70045	
Gm70046	
Gm37587	
Gm69385	
Gm69387	
Gm34207	
Gm70047	
Gm70048	
Gm69389	
Gm69390	
Gm69391	
Gm69163	
Gm53608	
Gm69164	
Gm32128	
Gm69396	
Gm31348	
Gm69167	
Gm69168	
Gm69169	
Gm69170	
D730003K21Rik	
Gm26788	
Gm70049	
Gm12720	
Gm69400	
Rtn4rl2	RTN4RL2
Gm70051	
Gm69402	
Gm53227	
Gm57111	
Gm70054	
Gm35034	
Gm56442	
Slc43a3	SLC43A3
Gm70057	
Gm33764	
Gm70059	
Gm43421	
Gm70061	
Celrr	
Gm55054	
Rundc3a	RUNDC3A
Rnf216	RNF216
Gm48814	
Gm27200	
Gm70063	
Gm70064	
Gm70066	
Gm33088	
Gm12610	
Gm36118	
Gm69180	
Gm69182	
Prg2	PRG2
Gm69417	
Gm57139	
Mir205hg	
Prg3	PRG3
Gm69185	
Gm51709	
Gm69421	
Gm69186	
Gm32940	
Gm69189	
4933436E23Rik	
Gm69190	
Gm69191	
4930581F22Rik	
P2rx3	P2RX3
Gm39595	
Gm12930	
Gm69423	
Gm69424	
Gm45548	
Gm45837	
Gm31159	
Gm69425	
Gm31078	
Gm70077	
Gm70079	
Gm29455	
Slc25a39	SLC25A39
Pde2a	PDE2A
Gm69426	
Gm46843	
Gm30487	
Gm69427	
Gm69428	
Gm32099	
Gm69429	
Gm69430	
Gm43378	
Gm69431	
Gm43380	
4930428G15Rik	
Gm69432	
Or10ah1-ps1	
Gm47070	
4930562F17Rik	
Gm69197	
Cfap299	CFAP299
Tbc1d13	TBC1D13
Gm29260	
Gm51705	
Gm70089	
Gm57046	
Gm70090	
Gm70091	
Gm70092	
Gm70093	
Gm24279	
Smr2	
Gm69199	
Gm69204	
Gm69207	
Gm69208	
Gm9917	
Gm42622	
Gm7048	
Smr2l	
Mexis	
Prol1	
Gm69438	
Gm69210	
Gm32333	
Amtn	AMTN
Gm69211	
Gm69440	
Gm39458	
Gm69442	
Gm69445	
Gm69446	
Gm43431	
Gm69213	
Gm26670	
Gm7721	
Endog	ENDOG
Gm69215	
Ambn	AMBN
Gm5922	
Spout1	SPOUT1
Gm69455	
Gm48853	
Gm31973	
Gm69216	
Gm70100	
Gm31118	
Gm69217	
Gm69218	
Gm69219	
Enam	ENAM
Gm70107	
Gm69220	
Gm70110	
Gm33645	
4930522O17Rik	
Gm28548	
Gm33693	
Gm69224	
Gm69226	
Jchain	JCHAIN
Gm69227	
A730085K08Rik	
Gm69469	
Gm69471	
Gm39707	
Gm69473	
Gm30886	
2310043L19Rik	
AU023762	
Crlf2	CRLF2
Junos	
Mir6930	
Gm57400	
Gm51635	
Grn	GRN
Gm57020	
Gm45494	
Gm69231	
Gm69476	
Gm31469	
Gm69478	
Gm32334	
Gm69483	
Gm69486	
Gm26787	
Vmn2r-ps23	
Gm55472	
Zfp1007	
4930522L14Rik	
Kyat1	KYAT1
Gm8508	
Gm10416	
Gm26779	
Gm38631	
AB010352	
Gm15446	
Gm53548	
Gm69495	
Gm69500	
Zfp932	
Gm31344	
Gm69239	
Gm10646	
Gm69242	
Gm35212	
Gm41981	
Gm40528	
Gm42832	
Gm69506	
Gm6586	
Gm5715	
Gm69507	
Gm35686	
Gm10482	
Gm69509	
Gm69246	
Gm28685	
Gm30639	
Speer1c	
Gm26879	
Gm29755	
Gm31114	
Speer1m	
Gm69252	
Gm69253	
Fam171a2	FAM171A2
Gm31772	
Gm5288	
Speer1a	
Gm70123	
Gm34885	
Gm13074	
Gm8896	
Gm29745	
Gm43540	
Gm70124	
Speer1j	
Gm35742	
Gm70125	
Gm69257	
Gm70126	
Gm21040	
Gm70127	
Speer1h	
Gm30764	
Itga2b	ITGA2B
Gm70129	
4930551L18Rik	
Gm69518	
Gm69261	
Gm36033	
Gm8920	
Speer1n	
Gm69520	
Gm70131	
Gm69521	
Lrrc8a	LRRC8A
Gm51623	
Gm70132	
Gm70133	
Gm69522	
Gm8924	
Gm70134	
Speer1f	
Gm69523	
Gm70135	
Gm69524	
Gm37233	
Gm70137	
Speer1i	
Gm57090	
Gm44969	
Gm28035	
Gm70142	
Mrgpra6	MRGPRX3
Mrgpra6	MRGPRX4
Mrgpra6	MRGPRX2
Mrgpra6	MRGPRX1
Gm54265	
Mrgpra9	MRGPRX3
Mrgpra9	MRGPRX4
Mrgpra9	MRGPRX2
Mrgpra9	MRGPRX1
Gm42335	
Gm8861	
Gm8874	
Gm69526	
Gm70144	
Speer1g	
Mrgprx3-ps	
9230116N13Rik	
Dolk	DOLK
Gm70145	
Gm39350	
Gm45085	
Smpd1	SMPD1
Gm14471	
Gm3360	
Gm70147	
Sh3glb2	SH3GLB2
Speer1e	
Gm57078	
Gm19582	
Gm47350	
Gm57175	
Speer1d	
Plet1os	
4933411E06Rik	
Gm69534	
Gm8891	
Speer1k	
Gm69535	
Gm70151	
Gm39642	
Erp29	ERP29
Gm42364	
Apbb1	APBB1
Gm70153	
Gm57162	
Gm70155	
Gm52705	
Gm13090	
Gm69268	
Gm69538	
Gm52713	
Gm69270	
Gm57168	
Gm17098	
Gm69539	
Tmem116	TMEM116
Gm57052	
Gm28867	
Gm34425	
Gm54228	
Gm69542	
Gm69543	
Gm70161	
2900060B14Rik	
Gm69273	
Gm70162	
Gm70163	
4930461G14Rik	
Gm70164	
Gm56028	Metazoa_SRP
Gpatch8	GPATCH8
Gm70166	
Gm69547	
Gm70167	
6030471H07Rik	
Gm70168	
Gm70169	
Gm69549	
Gm69554	
1700021J08Rik	
Gm69558	
Gm57076	
Gm69561	
Gm37083	
Gm69279	
Gm69280	
Gm32768	
Gm11628	
Gm34053	
Mdk-ps1	
Gm70173	
Gm25337	RNU6-83P
Gm25337	RNU6-1274P
Fzd2	FZD2
Gm33286	
Gm70176	
Gm11636	
Psmb5-ps	
Gm56048	
Meioc	MEIOC
Gm41912	
Gm20764	
Gm69571	
Gm70177	
Gm70178	
Gm13075	
Gm28294	
Gm69284	
Gm69286	
Gm70180	
Adam11	ADAM11
Gm69287	
Gm70182	
Gm32820	
Gm70183	
Pinc	
Gm70184	
Gm34322	
Gm42318	
Gm15179	
Gm69292	
Gm69293	
Miga2	MIGA2
Gm69295	
Gm69296	
Gm70190	
Gm69297	
Gm33656	
Gm28167	
Gm15546	
Gm70192	
Adam1b	
Gm12827	
4930477O15Rik	
Adam1a	
Gm42878	
Gm69298	
Gm70196	
Gm70198	
Gm70199	
Gm69577	
Gm57099	
Gm69581	
Gm70201	
Gm69583	
Gm69585	
Gm36459	
Gm45060	
Gm69591	
Gm33710	
Gm69593	
Gm70204	
Gm69595	
Gm15969	
Gm69597	
Gm69599	
Gm12925	
Gm41927	
Mapkapk5	MAPKAPK5
1700007P06Rik	
Gm70207	
Gm70208	
Gm70209	
Gm15509	
Gm70210	
Gm70211	
Gm70212	
Gm69604	
Gm12503	
Gm69605	
Gjc1	GJC1
Gm69606	
Gm70213	
Gm36424	
Ccl19-ps2	
Gm69609	
Gm69308	
Gm69610	
Gm33750	
Gm69611	
Gm69616	
Gm69619	
Gm69620	
Gm69621	
Gm22683	
M5C1000I18Rik	
Gm69623	
Gpr179	GPR179
Gm69624	
Gm69625	
Gm57033	
Gm56186	
Gm69309	
Gm69626	
Dolpp1	DOLPP1
Gm69310	
Gm69627	
Gm69311	
Gm31869	
Gm27224	
Socs7	SOCS7
Gm30849	
Gm30377	
Gm69631	
Gm32014	
Gm70232	
Gm69633	
Gm69634	
Gm9991	
Gm51622	
Arhgap23	ARHGAP23
Gm69312	
Gm70234	
Gm69313	
Gm29829	
Gm69314	
Gm69635	
Gm69315	
Gm29883	
Gm69637	
Gm34535	
Gm69316	
Gm42293	
Gm69317	
Gm44442	
Gm46107	
Gm69318	
Gm69638	
Gm69319	
Gm39719	
Gm17399	
Gm21980	
Crat	CRAT
4930570N18Rik	
Gm70249	
Gm70252	
Gm35222	
Srcin1	SRCIN1
Gm33725	
Gm69327	
4930433N12Rik	
Gm15547	
Gm69851	
Aldh2	ALDH2
Gm69655	
Gm70256	
2610027F03Rik	
Gm11827	
Hpx	HPX
Gm15687	
Gm69330	
4930528J11Rik	
Strip2	STRIP2
Gm69660	
Gm69661	
Gm69331	
Gm69333	
Gm40228	
Gm29514	
Gm69336	
Gm70259	
Gm16323	
Gm69337	
Gm70260	
Ptpa	PTPA
Gm39429	
Gm70261	
Trim3	TRIM3
Gm70262	
Gm48193	
Gm70263	
Gm70264	
Gm70265	
Gm2192	
4930562D21Rik	
Gm69339	
Gm69670	
Gm35658	
Gm69671	
Gm34352	
Gm42775	
5730403I07Rik	
Gm57171	
Gm69680	
Gm69681	
Gm34732	
Gm69344	
Gm39291	
Gm70276	
Gm70277	
Gm52697	
Gm53504	
Gm69347	
Gm42879	
Gm70279	
Acad12	ACAD10
Gm69349	
Gm70280	
Gm70281	
Gm69687	
Gm70282	
Gm17644	
Gm70283	
Gm69353	
Gm69354	
Gm69356	
Gm39343	
Gm70285	
Gm70286	
Gm11611	
Gm70287	
Epop	EPOP
Acad10	ACAD10
Gm69359	
Gm54799	
Mllt6	MLLT6
Gm69360	
Gm70288	
Gm69690	
Ier5l	IER5L
Gm45632	
Gm69361	
Phyhd1	PHYHD1
Gm69691	
Gm70289	
Arfip2	ARFIP2
Gm53539	
Gm31816	
0610009K14Rik	
Gm69694	
Gm12958	
Gm29663	
Gm70290	
Gm70291	
Gm70292	
Gm69695	
Gm33030	
Gm70293	
Gm70295	
Gm70296	
Gm70297	
Gm70298	
Gm41923	
Gm70299	
Gm12530	
Gm69714	
Gm57183	
A730004F24Rik	
Gm57063	
Mir6927	
Gm33612	
Cisd3	CISD3
Gm70300	
Gm69721	
Gm70301	
Gm12415	
Gm69723	
Gm69724	
Gm12801	
Gm35546	
Gm53181	
Gm70302	
Gm12796	
Pcgf2	PCGF2
Gm57141	
Gm70303	
Gm69367	
Gm69368	
Gm12694	
Gm69369	
Gm52897	
Gm69372	
Gm57055	
Gm54243	
Gm70305	
Gm13724	
Gm70306	
Brap	BRAP
Gm24536	
Gm13725	
Gm12678	
Gm67094	
Gm69380	
Gm69383	
Gm39351	
Gm57083	
Gm70307	
Gm69384	
Gm36648	
1700018M17Rik	
Timm10b	TIMM10B
Gm47465	
Gm11842	
Gm55811	
Smkr-ps	
Gm66991	
Psmb3	PSMB3
Gm67499	
1700080G18Rik	
Nrf1	NRF1
Gm46231	
Ccdc6	CCDC6
Gm70308	
Gm69747	
Gm69749	
Gm16225	
Gm70309	
9630028B13Rik	
Gm16731	
Nup188	NUP188
Gm69757	
Gm69759	
Gm35482	
Gm69762	
Gm45799	
Gm10535	
Gm70311	
Gm70313	
Gm55260	
Gm12266	
Gm12631	
Mrln	MRLN
Atpaf2	ATPAF2
Gm69769	
Gm2061	
Gm34482	
Gm11482	
Slc16a9	SLC16A9
Gm36992	
Gm43571	
Gm16552	
Gm42866	
Gm7097	
C430019N01Rik	
Gm20108	
Gm22504	
Gm42759	
Dnhd1	DNHD1
Gm57130	
Gm42760	
Gm69781	
Gm8041	
Gm8048	
Prdm8	PRDM8
Gid4	GID4
Gm37184	
Gm70323	
Gm70324	
Gm69408	
Gm70325	
Gm69409	
Gm70326	
4930524O08Rik	
A730035I17Rik	
Gm15423	
Fgf5	FGF5
Gm36945	
Gm11415	
Gm70327	
Gm70328	
Mrps36-ps2	
Gm70329	
Rrp8	RRP8
Gm70330	
E030032P16Rik	
Hmga2-ps1	
9530034E10Rik	
Gm43767	
1700063A18Rik	
Mir703	
Cimip2c	CIMIP2C
Gm12268	
Gm12267	
Gm69795	
Drg2	DRG2
F730311O21Rik	
Gm70331	
Gm13773	
Gm69419	
Cib4	CIB4
Gm70335	
Gm38632	
Ilk	ILK
Gm56091	RNU6-542P
Gm69672	
Gm70337	
Gm42765	
Il13	IL13
Gm70339	
Gm70342	
Gm9899	
Rps2-ps4	
0610043K17Rik	
Kcnk3	KCNK3
Rad50	RAD50
Slc35f6	SLC35F6
Gm5532	
Gm35058	
Ebf4	EBF4
Gm70348	
E130102H24Rik	
Gm69836	
Gm69839	
Gm70349	
Gm69841	
Gm26663	
Gm69842	
Mir5625	
Cenpa	CENPA
Gm69843	
Gm69845	
Gm70350	
Gm70352	
Gm69847	
Gm70356	
Gm69848	
Gm70364	
Gm70365	
Gm69850	
Gm70366	
Ino80dos	
Gm70367	
Gm69433	
Gm70368	
Gm69434	
Gm70371	
Gm36600	
C130032M10Rik	
Gm69435	
Gm69436	
Gm69437	
Gm39345	
Gm53523	
Gm70374	
Taf10	TAF10
Gm70376	
Gm69439	
Gm69441	
Gm29388	
Gm69443	
Gm70377	
Gm1715	
Gm70378	
Gm70379	
Gm69449	
Gm70380	
Gm69868	
Gm69450	
Gm70381	
Gm69870	
Tpp1	TPP1
Gm69871	
Gm70383	
Gm39637	
Dpysl5	DPYSL5
Gm69451	
Gm46880	
1700065J18Rik	
Gm69453	
Gm53519	
Gm69456	
Gm12514	
Gm47785	
Gm70386	
Gm69878	
Gm32173	
Gm69460	
Gm70387	
Gm69882	
Gm12743	
Gm69461	
Gm33280	
Gm69462	
Gm70388	
Gm70389	
Gm19531	
Gm55999	RN7SKP95
Il5	IL5
C030007H22Rik	
Gm70390	
Gm69463	
Gm70391	
Gm69465	
Gm70392	
Gm31046	
Gm69467	
Gm12580	
Gm69468	
Gm12213	
Gm70394	
Gm69470	
Mir7671	
Gm69887	
Gm69472	
Irf1	IRF1
Gm69889	
Gm70395	
Gm57013	
Or2k2	OR2K2
Gm41913	
Gm69890	
Gm12368	
Gm12370	
Gm69891	
Mir876	MIR876
Mir873a	
Mir873b	MIR873
Gm70398	
1110002O04Rik	
Gm12380	
Gm70399	
Gm11922	
Gm70400	
Gm42764	
Gm19409	
Gm43490	
Gm29346	
Gm69477	
Gm43491	
Gm8984	
Gm56016	
4632411P08Rik	
Gm42315	
Nom1	NOM1
Gm55823	
Mir182	
Mir96	MIR96
Gm67593	
Gm12722	
Gm66371	
Gm70401	
Gm67726	
Mup-ps4	
Gm31249	
Gm70402	
Gm67112	
Gm69899	
Gm46150	
Gm37591	
Mnx1	MNX1
Gm28055	
Gm14044	
Gm66304	
Gm68279	
Cpxm1	CPXM1
Mup-ps9	
Gm66712	
Gm24538	RNU6-917P
Gm70403	
Gm43836	
Gm43835	
Gm69902	
Gm42566	
Gm28893	
Gm42564	
Mup-ps10	
Gm66707	
Gm69490	
Gm42565	
Gm68275	
2610303G11Rik	
Gm56088	
Gm70404	
4930432L08Rik	
Retsat	RETSAT
Mup-ps11	
Dchs1	DCHS1
4930533D04Rik	
Gm70405	
Nmu	NMU
Mup-ps12	
Gm69497	
Gm39683	
Gm69498	
Gm69905	
Gm69501	
Gm69906	
Mup-ps13	
Gm32510	
Gm69908	
Mup-ps14	
Gm11223	
Gm70406	
Gm69913	
Gm14042	
Gm5287	
Tmem239	TMEM239
Gm70407	
Gm9947	
Gm53544	
Gm13867	
Gm11240	
Pced1a	PCED1A
Gm33459	
Gm42666	
Gm42665	
Exoc1l	EXOC1L
Exoc1	EXOC1
Mrpl17	MRPL17
Gm28387	
Gm69922	
Gm69923	
Gm17334	
Slc22a5	SLC22A5
Gm69926	
Gm69516	
Cyp4a28-ps	
Gm32920	
Gm53514	
Gvin-ps1	
Vps16	VPS16
4930430J02Rik	
Gm70419	
Septin1	SEPTIN1
Cyp4b1-ps2	
Gm70421	
4921534H16Rik	
Gm45053	
Tgoln1	TGOLN2
Gm69937	
Gm12551	
Gm51708	
1810006J02Rik	
Gm69525	
Gm13006	
Gm12217	
Gm70428	
Gm12218	
Gm50459	
Gm20536	
Tcf7l1	TCF7L1
Phykpl	PHYKPL
Platr11	
Rpl36-ps8	
Gm70430	
Gm12994	
Gm12996	
Gm7160	
Gm12692	
Gm70434	
Gm12857	
Gm70435	
Gm12897	
Gm70437	
Rgs10	RGS10
Gm13228	
Gm69540	
Gm70447	
Gm13231	
Gm13243	
Gm69541	
Vmn2r-ps15	
Znf41-ps	
Gm13168	
Vmn2r-ps17	
Gm13166	
Gm69544	
Gm69548	
Gm69961	
Gm69966	
Gm69550	
Gm69551	
Gm69967	
Gm69969	
1700043A12Rik	
Gm69971	
Gm15503	
Gm69972	
Gm31812	
Gm69553	
Tial1	TIAL1
Gm69555	
Gm69557	
Cep135	CEP135
Gm69562	
Gm69977	
Gm69563	
Gm69564	
Gm69979	
Gm69565	
Gm69980	
Gm69567	
Hnrnpab	HNRNPAB
Gm69982	
Gm69983	
4930500F10Rik	
Gm69984	
Gm69985	
Gm69986	
Gm15401	
Gm69987	
4930488B22Rik	
Ptpra	PTPRA
2210011K15Rik	
Gm69988	
Gm69989	
Gm37969	
3110045C21Rik	
Gm38114	
Gm38320	
Gm15402	
Nhp2	NHP2
Gm37736	
Kcmf1	KCMF1
Gm13240	
Gm13161	
Gm12933	
Gm12948	
Gm70463	
Gm12512	
Gm70464	
Rmnd5b	RMND5B
Gm12516	
Gm12505	
Gm28777	
Gm69993	
Gm69995	
2810414N06Rik	
Gm11889	
Gm31085	
D530018E20Rik	
Gm26640	
Gm70001	
Tmsb10	
N4bp3	N4BP3
A730089K16Rik	
Gm11783	
Gm70465	
Cracd	CRACD
Gm11786	
Gm11784	
Gm70005	
Gm41969	
Gm70008	
Gm70009	
4930429F24Rik	
Gm10561	
Gm11780	
Trappc2b	
Gm18402	
Gm12754	
Gm70467	
Gm20560	
Sec24a	SEC24A
Mup-ps1	
Mup-ps2	
Gm69584	
Gm12361	
Gm69586	
Gm70468	
Gm69587	
Gm12378	
Dnah6	DNAH6
Gm70469	
Gm57023	
Gm70016	
Gm70017	
Gm56001	
Bag3	BAG3
Gm69589	
Gm70019	
Gm12919	
Gm70472	
Gm70020	
Gm11847	
Gm70021	
Gm70475	
Gm70023	
Gm50471	
Gm70024	
2610306O10Rik	
Gm70025	
Gm3883	
Gm7258	
Gm70027	
Inpp5f	INPP5F
Gm70477	
Gm19299	
Ccl19-ps4	
Gm12463	
A430027H14Rik	
Gm70479	
Gm69601	
Gm69602	
Tmc4-ps	
Gm7494	
Smc2os	
Gm70032	
Gm69603	
Aasdh	AASDH
Gm30744	
9230112J17Rik	
Gm28723	
Gm12482	
Ccl19-ps5	
Gm10601	
Gm31140	
9530056E24Rik	
Gm56376	
Mrps26	MRPS26
Gm12937	
Gm70480	
Gm13100	
Gm28119	
Gm70482	
Gm13058	
Gm69622	
Gm51679	
Gm13162	
Gm13146	
B930082K07Rik	
Gm12826	
Gm70486	
Gm28979	
Oxt	OXT
Gm12844	
Gm70488	
Gm26903	
Gm13284	
Ccl19-ps1	
4933409K07Rik	
Avp	AVP
Gm70491	
Ubox5	UBOX5
Gm69632	
Gm57061	
Gm39411	
4930519F24Rik	
Fastkd5	FASTKD5
Gm70050	
Lzts3	LZTS3
Gm25291	
Gm43580	
Sar1b	SAR1B
Gm16044	
Gm69639	
Gm70052	
Gm45499	
Ccl19-ps3	
Gm70053	
Mup-ps15	
Ebf3	EBF3
Gm70055	
Mup-ps16	
Gm24533	
Gm40377	
Gm69640	
Gm70058	
Mup-ps19	
Suclg1	SUCLG1
Gm69642	
Gm13878	
Mup-ps20	
Gm53533	
Gm13880	
Gm30115	
Gm13877	
Gm13875	
Gm56363	
Gm12715	
Gm13879	
Gm70496	
Gm56364	
Lmo2	LMO2
Ppat	PPAT
Jade2	JADE2
Gm69647	
Gm12854	
Gm70065	
Gm69649	
Gm57150	
Gm37748	
Gm39353	
Gm69650	
Gm48803	
Gm52956	
Gm69652	
Gm70497	
Gm69653	
Gm46111	
Gm13019	
Gm70501	
Gm70068	
Gm70069	
Hspd1-ps4	
Gm70070	
Gm57180	
Gm12729	
Gm69657	
Gm70071	
Gm69658	
Gm70072	
Gm69659	
Gm70073	
Gm34397	
Gm70074	
Gm44475	
Gm54886	
Or6g1-ps1	
Gm70141	
Gm4736	
2310040G07Rik	
Gm43976	
Paics	PAICS
Gm43978	
Prb1a	
Gm69662	
Gm44687	
Gm69663	
Gm43979	
Fbxo3	FBXO3
Gm69664	
Prb1b	
Gm26061	RNU6-769P
Cdkn2aipnl	CDKN2AIPNL
Gm69666	
Gm69667	
Gm44990	
Gm69668	
Gm44727	
Ube2b	UBE2B
Prb1c	
Gm69669	
Gm53563	
Gm15600	
Gm44726	
Gm44003	
Gm69673	
Gm68480	
Gm16124	
Gm5154	
Thsd7a	THSD7A
Gm51664	
Gm69679	
Gm70075	
Gm12204	
Gm12205	
Gm29500	
Mir5110	
Gm56240	
Tbx2	TBX2
Gm70076	
Gm70078	
Gm69682	
Gm69683	
Gm70080	
Gm69684	
Man2c1os	
Gm70081	
Gm35426	
Gm70082	
Gm57118	
Srp72	SRP72
Gm70083	
Gm69685	
Tbx4	TBX4
Gm70084	
Gm35152	
Gm70085	
Gm70086	
Gm70087	
Gm16564	
Gm57040	
2700012I20Rik	
Gm31985	
Gm31410	
Gm70088	
Gm34194	
Gm57026	
Gm33210	
Gm69692	
Gm11443	
Gm45278	
Epn3	EPN3
Gm45514	
Gm17841	
9430038I01Rik	C10orf143
Gm34649	
Gm38583	
Gm69696	
Gm69697	
Gm69698	
Gm16123	
Gm69700	
Gm44129	
Glrx3	GLRX3
Gm69702	
Gm4668	
Gm54938	5S_rRNA
Gm15529	
Gm44472	
Mycbpap	MYCBPAP
Gm5300	
Tmem106b	TMEM106B
Arl9	ARL9
Gm70094	
1700067G17Rik	
Spmap2l	SPMAP2L
Gm29208	
Gm70095	
Gm31406	
Gm70096	
Gm11830	
Gm70097	
Gm70515	
Gm70098	
Hopx	HOPX
Gm39747	
Gm69709	
Rnh1	RNH1
Gm24985	
Gm69710	
Gm35303	
Best4-ps	
Vwde	
Gm53524	
Gm70516	
Gm13015	
Gm12413	
Gm70517	
Gm12815	
Gm69711	
Gm70101	
Gm70519	
Gm11942	
D030028M11Rik	
Gm70102	
Gm24644	
Rragd	RRAGD
Gm69712	
Cd59a	CD59
Gm70103	
Gm48038	
Gm70104	
Gm70105	
Gm70106	
Gm70108	
Gm20268	
Gm69715	
Gm69716	
Gm48284	
Rsad1	RSAD1
2810442N19Rik	
Spink2	SPINK2
5730419F03Rik	
1700039M15Rik	
A930018P22Rik	C11orf91
Gm69726	
Gm69727	
Gm725	
Gm67928	
Gm22501	
1700016P04Rik	
Or5m13	
Gm28086	
Gm39456	
Gm22019	
Mir133c	
Chfr	CHFR
Hras	HRAS
Gm13401	
Rapgef1	RAPGEF1
Gm11943	
Gm70111	
4933421O10Rik	
Gm70112	
Gm70113	
Acsf2	ACSF2
Gm35252	
Gm70114	
Gm36767	
Gm70115	
Gm31955	
Gm3331	
Gm2796	
4933417E11Rik	
Gm25737	
Tmem168	TMEM168
Gm70523	
Gm69731	
Gm34323	
Gm69735	
Gm70526	
Gm69741	
Gm56975	
Gm69743	
Gm67497	
D830015G05Rik	
Gm69744	
Gm69745	
Chad	CHAD
Gm31325	
9630013D21Rik	
Gm69750	
Gm47772	
Gm11540	
Gm69752	
Lrrc56	LRRC56
4930556G22Rik	
Lrrc59	LRRC59
Gm69754	
Gm30448	
Gm70116	
Gm69761	
Gm69763	
Gm70117	
Gm69764	
Gm68418	
Gm57022	
Gm56979	
2010001M07Rik	
Gm67279	
C1rb	C1R
Gm39317	
Gm68403	
Gm69770	
Gm69771	
Gm66718	
Gm68049	
Eme1	EME1
Gm69772	
Gm70118	
Gm69773	
Gm68541	
Gm70119	
Gm69774	
Gm70120	
Gm36539	
Gm67302	
Gm34755	
Gm69777	
Gm69778	
Gm44066	
Gm47079	
Gm4319	
Gm34849	
Mrpl27	MRPL27
Gm69783	
Gm69785	
Gm10069	
Gm70121	
Gm17508	
Gm20743	
Gm28703	
Gm69786	
Gm69787	
Xylt2	XYLT2
Gm70128	
Gm69788	
Gm31233	
Gm69791	
Lmntd2	LMNTD2
Gm69792	
Gm33724	
Gm69793	
Gm57049	
Gm69794	
Gm34157	
Gm69800	
BC065403	
Gm70136	
Gm70139	
Gm70140	
Gm36347	
Gm39349	
Rassf7	RASSF7
Cdc34b	CDC34
Gm53572	
Tmem92	TMEM92
Gm69810	
Gm70146	
Gm69811	
Gm27188	
Gm70148	
4921525D07Rik	
Gm69813	
Gm69814	
Golga3	GOLGA3
Gm70149	
Gm69816	
Gm70150	
Gm69817	
Gm69819	
Gm29601	
Gm69820	
Gm69822	
Mir210	
Gm27166	
Phrf1	PHRF1
Stambp-ps1	
Gm8719	
Gm70152	
Gm13775	
Pzp	
5530401A14Rik	
Gm69824	
Gm70154	
Gm69825	
Gm70157	
Ccl2	CCL2
Gm69826	
Gm69827	
Gm69828	
Gm70158	
Gm33042	
Gm69829	
Gm33054	
Gm70159	
Ccl7	CCL7
Gm70160	
Gm69832	
Gm70170	
Gm70172	
Gm47575	
Gm70174	
Gm5533	
Ccl11	CCL11
Gm34177	
Gm69849	
Gm17749	
Ccl12	CCL8
Gm69852	
Gm40545	
Gm70179	
Gm70181	
Gm10518	
Gm69854	
Gm69856	
Gm32313	
Gm12281	
Zfp287	ZNF287
Gm69858	
Gm69859	
Gm70185	
Gm57034	
Gm31982	
Gm5318	
Gm8724	
Gm70186	
A2ml1	
Gm69864	
Gm69865	
Gm69867	
Gm70187	
Gm28783	
Wsb2-ps	
Gm47128	
Zfp286	ZNF286A
Gm70188	
Gm39339	
Gm69884	
Gm27216	
Gm70189	
Gm39686	
Gm41966	
Gm70193	
Gm70194	
Gm70195	
Gm43138	
Ankle2	ANKLE2
Prrt1b	PRRT1B
Gm70197	
Gm26143	
Syt8	SYT8
Trub2	TRUB2
Gm70200	
Gm39717	
Gm24151	
Myl7	MYL7
Gm70202	
Gm70203	
Gm57185	
Gck	GCK
Gm44009	
Clec2j	
Gm70205	
Gm63618	
Gm70206	
Gm31636	
Gm66929	
Vmn2r-ps34	
Gm23554	
Vmn2r27	
Gm70215	
Gm70216	
Gm70217	
Pgam5	PGAM5
Gm6423	
Gm70218	
Gm69892	
Gm70220	
Gm43971	
Gm69895	
Gm69898	
Gm70222	
Gm53640	
Gm6308	
Gm25311	
Gm41905	
Cd163	CD163
Gm47066	
Gm69900	
Gm70226	
Tnni2	TNNI2
Gm69901	
Gm70227	
E330023G01Rik	
Gm70228	
Coq4	COQ4
Gm70230	
Ykt6	YKT6
Gm28694	
Gm57039	
Gm10701	
Gm15788	
Pxmp2	PXMP2
Gm69909	
Gm69911	
Gm33610	
Nudcd3	NUDCD3
Gm69912	
Gm69914	
Lsp1	LSP1
Gm36227	
Gm69915	
Gm69916	
Gm51745	
Gm70239	
Gm69917	
Gm70240	
Gm69918	
Gm70241	
Gm70243	
Gm69920	
Pole	POLE
Gm70251	
Gm70253	
Gm70254	
Slc27a4	SLC27A4
Gm70255	
Gm57120	
Gm69927	
Gm69931	
1700013D24Rik	
Gm69933	
Gm69934	
Gm11969	
Npc1l1	NPC1L1
Gm31771	
Gm69936	
4930563M21Rik	
Gm70257	
1700027F06Rik	
Gm69942	
Gm14140	
Gm69943	
Zfp1004	
Gm69945	
Gm70258	
Gm69946	
Gm37839	
Gm69948	
Gm21013	
Gm69950	
Gm11401	
Zfp937	
Ddx56	DDX56
Zfp1005	
Gm35090	
3300002I08Rik	
Gm44006	
Efhd1os	
Gm70266	
Zfp1001	
Gm14126	
Gm70267	
Gm14122	
Gm13804	
Gm7244	
Gm13806	
Gm14298	
Gm4631	
Gm69959	
Gm70268	
Gm44007	
Gm70269	
Pex5	PEX5
Gm70270	
Gm16894	
Zfp968	
Gm47481	
Gm69960	
Gm27163	
Gm47680	
Gm14297	
Gm4724	
Gm28982	
Gm70271	
Gm70272	
Gm18874	
Zfp965	
Prr33	PRR33
Gm70273	
Gm70274	
Gm70278	
1700034P13Rik	
Mrpl23	
Mrpl23	MRPL23
Gm16359	
Zfp969	
Tmed4	TMED4
Gm6981	
Gm16358	
Rps8-ps2	
Gm6710	
Gm48346	
Gm16356	
Gm48345	
Zfp966	
Tmem41b-ps	
Gm69975	
Gm26277	
Gm15791	
Gm2026	
Gm15792	
Gm56420	
Mir675	MIR675
Gm56421	
P2rx2	P2RX2
Igf2	IGF2
Gm19174	
Gm56346	
Gm5612	
Ogdh	OGDH
Gm17853	
Gm49334	
Gm14322	
Gm14325	
Gm14429	
Rps8-ps5	
Zfp972	
Gm14326	
Zfp971	
Gm49394	
Gm29143	
Mir483	
Igf2os	
Gm29387	
Zfp931	
Ins2	INS
Ppp1r2-ps4	
Gm14130	
Syndig1	SYNDIG1
BC050972	
Clstn3	CLSTN3
Gm14127	
Zfp345	
Gm14121	
Gm14128	
Cst7	CST7
Gm16024	
AI838599	
Gm7290	
Gm4978	
Th	TH
Gm70010	
Gm10157	
Apmap	APMAP
Gm70011	
Gm7863	
1700123M08Rik	
Gm47130	
Or2n2-ps1	
Gm31138	
Gm28800	
Gm70304	
Lrcol1	LRCOL1
2610203C22Rik	
Gm14123	
Galnt9	GALNT9
Acss1	ACSS1
Gm50463	
Gm44096	
Gm17137	
Gm70829	
Ppp1ccb	
C1rl	C1RL
Gm28453	
1700010N08Rik	
Gm5590	
Gm18194	
Gm70830	
Gm15500	
Gm70833	
Noc4l	NOC4L
4930431P19Rik	
Gm10175	
Rps6-ps3	
Gm70834	
C1ra	C1R
Gm15501	
Gm10608	
Gm47289	
Gm45299	
Gm18227	
Gm70035	
Gm29791	
Gm15645	
Gm10182	
Gm6916	
Gm70037	
Gm4275	
Gm52983	
Pira13	LILRA2
Pira13	LILRA5
Pira13	LILRB2
Pira13	LILRB1
Pira13	LILRA4
Pira13	LILRA1
Pira13	LILRB4
Pira13	LILRB3
Pira13	LILRA6
Pira13	LILRB5
Gm70310	
Gm70043	
Gm70312	
Gm12519	
Gm70315	
Gm70316	
Gm19324	
1700018P22Rik	
Gm70317	
Gm70318	
Gm70320	
Gm28342	
Gm70321	
Gm70322	
Vsx1	VSX1
C1s1	C1S
Gm3646	
Gm37068	
Gm6885	
Lair1	LAIR1
Gm35657	
Platr15	
Gm28450	
Entpd6	ENTPD6
Ddx51	DDX51
Gm48739	
C030014I23Rik	
Gm10770	
Bcas1os1	
Cyp24a1	CYP24A1
Gm70332	
Gm42595	
1700121L03Rik	
Gm70333	
Ep400	EP400
4930434B07Rik	
Gm16567	
Gm18840	
Gm16551	
Gm67824	
Gm33496	
Gm70334	
Gm70336	
Zmiz2	ZMIZ2
Gm20528	
Gm70338	
Gm70340	
Gm70341	
Pfdn4	PFDN4
Gm70343	
Gm15825	
Gm70344	
Gm16565	
Gm67818	
Gm56971	
Gm68845	
Gm70345	
Gm66281	
U2af2	U2AF2
Gm70346	
Gm67432	
Gm70347	
Gm35355	
B230216N24Rik	
Gm16796	
Gm67429	
Gm14264	
Gldnos	
Or4c118	OR4C15
Gm33581	
Hmgb4os	
Or4c119	OR4C15
Gm20190	
Mir100hg	
Gm67331	
Gm67036	
Gm13307	
Or4c120	OR4C15
Gm67039	
Gm13761	
Gm56978	
Or4c121	OR4C15
Gm51640	
Kcna5	KCNA5
Gm70351	
Gm45869	
Gm70353	
Gm70355	
Gm70358	
Gm70359	
Gm33320	
Gm70360	
Gm5035	
Kcna1	KCNA1
Gm18164	
Gm70362	
Gm18165	
Gm18166	
Gm70363	
Or4ad2-ps1	
9330175M20Rik	
Or4c122	OR4C15
Kcna6	KCNA6
Or4c15b	OR4C15
Gm26673	
Gm29788	
Or6z1	
1700018A23Rik	
Or4c123	OR4C6
Or4c1	
Or4k77	
Or4g17	
Ndufa9	NDUFA9
Gm70855	
Gm70370	
Or4k39	
Or4k40	
Psg20	
Gm36148	
Gm13052	
Gm16079	
Or4k41	
Exoc3l2	EXOC3L2
Or4g7	
Or4f4b	OR4F4
Or4f4b	OR4F17
Or4f4b	OR4F5
Gm70372	
Gm13274	
Vmn1r113	
Gm70373	
9130221H12Rik	
Gm70375	
Or4k42	
Cxcl17	CXCL17
Gm20646	
Ltbp4	LTBP4
Or4f4-ps1	OR4F4
Or4f4-ps1	OR4F17
Or4f4-ps1	OR4F5
Or4k43-ps1	
Gm44713	
Or4k44	
Akap3	AKAP3
Snhg12	
9330185C12Rik	
Or4k45	
Mir7651	
Ppia	
Or4f14d	
Gm70382	
Or4f47	
Or4f62	
Dyrk4	DYRK4
Olfr1319-ps1	
Gm70384	
Lpcat4	LPCAT4
Gm53575	
Gm70385	
Gm19589	
H2az2	H2AZ2
Gm37273	
Gm70393	
Gm11970	
Gm70396	
Gm11971	
Gm11972	
Gm70397	
Purb	PURB
Gm46202	
Nutm1	NUTM1
Rad51ap1	RAD51AP1
Gm22123	MIR4657
Myo1g	MYO1G
Mir181a-1hg	
Nop10	NOP10
Mir7026	
Gm22716	RNU6-708P
Gm22716	RNU6-187P
Gm22716	RNU6-1060P
Gm26079	SNORA49
Or4f14c	
Gm22583	RNU6-266P
Gm22583	RNU6-550P
Gm22583	RNU6-767P
Pus1	PUS1
a	ASIP
Gm14226	
Ahcy	AHCY
Gm17808	
D6Wsu163e	FERRY3
Gm57163	
Gm28836	
Gm13165	
2310005A03Rik	
Gm70408	
Gm23598	
Gins1	GINS1
Gm70409	
Gm70410	
Gm13236	
Gm11149	
Gm70411	
Gm70412	
Gm19461	
Gm14143	
Nat8	
Ninl	NINL
Ulk1	ULK1
Snhg5	
Gm68507	
Gm32947	
Gm70415	
Gm70417	
Gm70418	
Ptges3-ps	
Gm29017	
Gm67358	
Gm70422	
Gm55759	
Gm70423	
Gm33667	
Gm38847	
Gm70424	
Gm70425	
Gm70426	
Nat8f2	
Gm70427	
Gm70429	
Gm43309	
Nat8f4	
Gm70431	
Gm70432	
Gm70433	
Snora9	
Gm24000	
Gm11975	
Ascc2	ASCC2
Nat8f1	
Gm57174	
Tprkb	TPRKB
Sptbn4	SPTBN4
Gm70436	
Gm14142	
Gm14141	
Gm70438	
Nanp	NANP
4930487H11Rik	
Gm22187	
Gm24199	
Gm1992	
Gm14151	
4732440D04Rik	
Gm14147	
Gm22517	
Gm70440	
Gm23005	
Gm24077	
Gm23261	
Gm70442	
Gm14148	
Cd59b	CD59
Gm70444	
Gm70445	
1700101I19Rik	
Gm26611	
Gm70452	
Gm70453	
Gm70454	
Gm70455	
Gm70456	
Gm3892	
Gm70457	
Gm14006	
Gm14008	
Gm31640	
Spdye4c	
Gm70458	
Gm70459	
Gm70461	
Gm14239	
Gm14238	
Gm41935	
Ggt7	GGT7
Gm27002	
Hscb	HSCB
1700047M11Rik	
Uqcr10	UQCR10
1700063H06Rik	
Gm35510	
Gm29154	
Zmat5	ZMAT5
Chek2	CHEK2
Cabp7	CABP7
Gm18290	
Acss2	ACSS2
Gm68514	
Nat8b-ps	
Gm70645	
Gm7542	
Gm12105	
Gm12106	
Dusp11	DUSP11
Gm42266	
Or1e1d	
Kat7	KAT7
Gm42779	
Gm15989	
P2rx4	P2RX4
Gm70651	
Ryr1	RYR1
Gm70470	
Gm70471	
Gm70652	
Gm19265	
Gm70473	
Gm70474	
Gm70476	
Gm39741	
Gm33319	
Gm70478	
Gm32391	
Gm66378	
Figla	FIGLA
Mipep-ps	
Gm20637	
Gss	GSS
2310003N18Rik	
Gm70481	
Gm70484	
Gm48740	
Gm70485	
Gm39690	
Gm31013	
Gm70489	
Gm70492	
Gm33774	
Gm70493	
Gm37885	
Gm29012	
Gm41938	
Gm57048	
Gm33887	
Gm70223	
Camkk2	CAMKK2
Gm70224	
1700024K11Rik	
Gm41937	
Gm70229	
Gm70231	
Gssos2	
Gm70233	
Gssos1	
Gm14257	
Myh7b	MYH7B
Gm35023	
Gm70235	
Gm70236	
Gm70237	
Gm70242	
Gm70498	
Gm70499	
Gm70245	
Gm70500	
Gm70248	
4930503O07Rik	
Gm70250	
4930535L15Rik	
Mir499	
Trpc4ap	TRPC4AP
Nsg2	NSG2
Gm12109	
Il9r	IL9R
B230323A14Rik	
Vmn2r-ps158	
Myh14	MYH14
Snrnp25	SNRNP25
Gm31988	
Gm70502	
Gm70503	
Gm70504	
Gm34004	
Gm57152	
Gm34477	
Rhbdf1	RHBDF1
Gm43684	
Gm70505	
Anapc5	ANAPC5
Gm70506	
Gm70507	
4930444A19Rik	
Gm33914	
Gm47133	
Gm22334	
Gm70508	
Edem2	EDEM2
Gm70509	
Gm70510	
Gm28706	
1700061E17Rik	
Gm70511	
Gm32767	
Gm70512	
Gm70513	
Mpg	MPG
Gm35242	
Gm70669	
Gm29083	
Procr	PROCR
Gm70670	
Mir3062	
Gm25819	RNU6-88P
Gm25819	RNU6-1106P
Ctc1	CTC1
Gm70671	
Gm54267	
Mmp24	MMP24
Gm70514	
Gm70673	
Gm29483	
Gm70674	
Gm42341	
Gm70675	
Gm70676	
Gm70518	
Mmp24os1	
Gm70520	
Gm70521	
Gm34294	
Tshz2	TSHZ2
AY702102	
9530059O14Rik	
Nelfcd	NELFCD
Gm70522	
Gm52739	
Gm26685	
Gm70678	
Gm70524	
Gm70525	
Ctsz	CTSZ
Gm16287	
Gm70527	
Gm70528	
D330037F02Rik	
Rpl30-ps5	
Tubb1	TUBB1
Gm70529	
Gm70530	
Hspa12b	HSPA12B
Nav2	NAV2
Gm70531	
Gm35835	
Gm70532	
Gm70533	
Gm70691	
Gm57153	
Gm70534	
Gm70535	
Gm39616	
Gm51653	
Gm70536	
Gm53549	
Gm70700	
Adissp	ADISSP
Gm70702	
Gm70537	
Gm70538	
Gm70539	
Gm70540	
4930578G10Rik	
Gm37323	
Gm32281	
Spef1	SPEF1
Gm57031	
Aurkb	AURKB
Gm31557	
Cenpb	CENPB
9930111H07Rik	
Ndufaf5	NDUFAF5
Fam169b	
Gm30015	
Gm35992	
Borcs6	BORCS6
Trim5	TRIM5
Tmem107	TMEM107
Gm70541	
Gm70543	
Trim34b	TRIM34
Gm70544	
Xirp2	XIRP2
Gm57112	
Gm31101	
Usp17le	
Muc5ac	MUC5AC
Gm16080	
Snord118	
Gm12306	
Apol7d	
Gm56054	RNU6-1024P
Vamp2	VAMP2
Gm36485	
Per1	PER1
Krtap5-2	KRTAP10-9
Krtap5-2	KRTAP10-6
Krtap5-2	KRTAP4-11
Krtap5-2	KRTAP4-9
Krtap5-2	KRTAP4-8
Krtap5-2	KRTAP4-16
Krtap5-2	KRTAP4-4
Krtap5-2	KRTAP2-1
Krtap5-2	KRTAP2-4
Krtap5-2	KRTAP2-3
Krtap5-2	KRTAP2-2
Krtap5-2	KRTAP9-1
Krtap5-2	KRTAP10-4
Krtap5-2	KRTAP10-11
Krtap5-2	KRTAP4-5
Krtap5-2	KRTAP4-2
Krtap5-2	KRTAP4-1
Gm10153	KRTAP29-1
Krtap5-3	
Krtap5-1	KRTAP5-2
Gm12406	
Tnnt3	TNNT3
Gm12860	
Gm47790	
Gm70545	
1700019P21Rik	
Gm70546	
Gm70547	
Prox1os	
Gm39323	
Gm23328	
Gm13601	
Mir7224	
Gm26743	
Gm13604	
Gm12865	
Pfkfb3	PFKFB3
Gm4665	
Gm13001	
4930554C24Rik	
Gm34343	
Rnf34	RNF34
Kdm2b	KDM2B
Gm29724	
Gm57074	
4933435F18Rik	
Hes7	HES7
Gm13299	
Gm70548	
Gm28178	
Aloxe3	ALOXE3
Gm70549	
Gm27230	
Gm70550	
Gm70551	
Gm29822	
Gm70552	
Gm70553	
Gm35171	
Gm51638	
Gm32171	
Gm38161	
Gm29374	
A530053M12Rik	
Gm70554	
Gm70555	
Gm15584	
Alox12b	ALOX12B
Gm67944	
Gm57068	
Gm69883	
Gm69919	
Gm50605	
Gm68498	
Gm11917	
Gm68941	
Gm34156	
Gm68724	
Gm69576	
Gm69894	
Gm52482	
Gm68309	
Gm69366	
Gm67637	
Gm46719	
Gm69172	
Gm70556	
Gm69973	
Gm70557	
Gm68270	
Gm67964	
Gm33817	
Gm51768	
Gm68265	
Gm68562	
Gm70559	
Gm70354	
Gm68956	
Gm70560	
Gm57138	
Gm68912	
Gm68349	
Gm69306	
Gm47557	
Gm31870	
Alox8	ALOX15B
1700019J19Rik	
Gm68535	
Gm69991	
Padi4	PADI4
Gm47559	
Gm47564	
Gm47565	
Gm34069	
Gm51648	
Sesn3	SESN3
Gm16150	
Padi3	PADI3
Gm70561	
Gm70562	
Gm70563	
Gm70564	
4930448I06Rik	
Gucy2e	GUCY2D
Gm70565	
Gm70566	
Gm13032	
Gm41926	
Padi1	PADI1
Gm47326	
Endod1	ENDOD1
Gm70568	
Gm53520	
Gm47321	
Gm47319	
Gm70569	
Gm47318	
Gm47317	
Kdm4dl	
Gm70570	
Gm36561	
Kdm4d	KDM4D
4930515B02Rik	
Cwc15	CWC15
Gm70572	
Gm23194	
Cntrob	CNTROB
Gm70573	
Gm70574	
Gm70575	
Padi2	PADI2
Gm70577	
Gm57160	
Gm70579	
Gm43411	
Gm70580	
Gm47090	
Gm44574	
Amotl1	AMOTL1
Gm29345	
Orai1	ORAI1
Gm31986	
Gm33970	
4930599A14Rik	
Morn3	MORN3
Gm36184	
Gm28556	
Teshl	
Gm26226	RNU6-943P
Gm13031	
4930584E12Rik	
Gm34263	
Sdhb	SDHB
Gm43412	
Gm6444	
Tmem120b	TMEM120B
Trappc1	TRAPPC1
Gm7607	
Gm19790	
Gm18997	
Piwil4	PIWIL4
Atp13a2	ATP13A2
Kcnab3	KCNAB3
Gm10706	
Rnf227	RNF227
Gm15586	
Fut4	FUT4
1700012B09Rik	C11orf97
Gm70583	
Chd3	CHD3
Gm37280	
Gm70584	
Gm70585	
Gm70586	
Gm70587	
Ankrd49	ANKRD49
Gm70590	
Gm70591	
Gm15486	
Rhof	RHOF
Gm10851	
Gm37975	
Rbm17	RBM17
Mre11a	MRE11
Gm70592	
Gm70593	
Gm70594	
Gm36102	
Gm43413	
Rpl31-ps6	
Gm13260	
Il2ra	IL2RA
Il31	IL31
Gm70595	
Gm70596	
Gm29482	
Lrrc43	LRRC43
Gm70597	
Gm70598	
Gm39646	
Gm70599	
Gm70600	
Gm70602	
Gm70603	
Gm31974	
Gm37881	
Gm70604	
Il15ra	IL15RA
Gm57145	
Gm70605	
Gm70606	
Gm70607	
Mfap2	MFAP2
Gm70609	
Gm29185	
Crocc	CROCC
Gm70610	
Gm70611	
Gm31254	
Diablo	DIABLO
Gm47154	
Gm16302	
Mif-ps6	
Gpr83	GPR83
Gm70613	
Gm51631	
Gm70614	
Gm70615	
Gm39697	
Izumo1r	IZUMO1R
Gm57140	
Gm70616	
Gm70617	
Gm70618	
Gm70619	
Gm70620	
Gm31373	
Gm70621	
Gm70622	
Gm22442	SCARNA21
Cyb5d1	CYB5D1
Gm36358	
B3gnt4	B3GNT4
Gm70623	
Gm49027	
Gm18789	
Naa38	NAA38
Gm55317	
Mir7647	
Gm47214	
Vps33a	VPS33A
Panx1	PANX1
Gm70624	
Gm70625	
A230020J21Rik	
Gm70626	
Gm28818	
Tmem88	TMEM88
Gm70627	
Gm53488	
Kdm6b	KDM6B
4930556I23Rik	
Hephl1	HEPHL1
Gm35243	
Gm70631	
Gm70632	
Gm46242	
Gm13749	
Gm70634	
Gm70635	
Gm43133	
Gm67678	
Gm39714	
Clip1	CLIP1
Gm68430	
Gm69289	
Gm69285	
Gm68132	
Fbh1	FBH1
Gm68256	
Gm69070	
Gm70636	
Gm56124	
Car4	CA4
Gm57108	
Gm70638	
Gm69084	
Gm35192	
Gm68254	
Gm70640	
Mapk6	MAPK6
6720483E21Rik	
Gm15834	
Gm70642	
Gm70643	
Gm53485	
Gm18015	
Gm34882	
Gm5366	
4933433G15Rik	
Usp32	USP6
Usp32	USP32
Gm70644	
1700034H15Rik	
Necap2	NECAP2
Ankrd16	ANKRD16
Gm11439	
Gm23506	RNU6-930P
Chct1	CHCT1
Leo1	LEO1
Appbp2	APPBP2
Gm70646	
Gm13047	
Gm70648	
Spata21	SPATA21
Gm70649	
Gm70650	
Gm29630	
Gm7972	
Gm56383	
Gm57184	
Gm56384	
Gm56385	
Gm56386	
Wt1	WT1
Gm34654	
Akirin1-ps	
Szrd1	SZRD1
Gm56214	
Ppm1d	PPM1D
Ankrd48	
4921514A10Rik	
Fbxo42	FBXO42
Vmn2r-ps37	
Vmn2r34	
Gm70653	
Vmn2r-ps38	
Vmn2r-ps36	
Vmn2r32	
Gm47818	
Gm19572	
Gm68936	
Gm47824	
Elovl5	ELOVL5
Gm3563	
Vmn2r33	
Cplane2	CPLANE2
Gm11964	
Gm11965	
Gm70654	
Mrps24	MRPS24
Gm53541	
Gm7648	
Gm7651	
Zc3h4	ZC3H4
C630004L07Rik	
Arhgef19	ARHGEF19
Gm34771	
Gm34829	
Gm70655	
Gm70656	
Edn3	EDN3
Gm70657	
Gm69108	
Urgcp	URGCP
Gm70658	
Gm23609	
Gm51630	
Gm39375	
Gm47829	
Gcm1	GCM1
Gm29570	
Gm14617	
Gm28154	
Gm70659	
Gm14618	
Gm8058	
Gm16354	
Gm53554	
Gm14393	
Fbxo9	FBXO9
Gm30974	
Gm70660	
Gm14439	
Gm14387	
Gm70661	
Gm14399	
Gm70662	
Gm45508	
Gm45509	
Gm57148	
Gm45510	
Tmem160	TMEM160
Gm16355	
Gm14443	
Gm70663	
Gm70664	
Gm14391	
Ube2d-ps	
Gm70665	
Npas1	NPAS1
Gm46117	
Dbnl	DBNL
4933409D19Rik	
Gm13055	
Gm13056	
Gm24840	RNU2-53P
Gm42651	
Gm70667	
Gm14438	
Gm43797	
Gm14390	
Zcchc8	ZCCHC8
Gm14295	
Gm70668	
Gm68905	
Gm69707	
Gm19705	
Gm14405	
Gm68938	
Gm14296	
Gm68948	
Gm57089	
Gm57133	
1700108I11Rik	
n-R5s151	
Gm17826	
Gm14417	
Gm14402	
Mvp	MVP
Gm14407	
Gm14411	
Gm14416	
Gm70138	
Gm14413	
Gm14400	
Gm14412	
Gm68487	
Gm14414	
Gm54260	
Gm14307	
Gm14308	
1500002C15Rik	
Gm64583	
Gm68828	
C920006O11Rik	
Zfp973	
Atad3aos	
Gm14305	
Gm14301	
Gm14401	
Gm45593	
Zfp110	ZNF274
Zfp970	
Gm68326	
Gm68345	
Gm68629	
Gm16363	
Gm14408	
Gm68249	
Gm70039	
Gm16008	
Zfp1010	
Gm14410	
Gm70238	
Septin14	SEPTIN14
Sp3	SP3
Zfp128	ZNF8
Gsta5	
Serpine1	SERPINE1
Zscan22	ZSCAN22
Gm13648	
Gm69145	
Gm68232	
Rps5	RPS5
Srrt	SRRT
Omt2a	
Snora73b	
Gm70294	
Gm68741	
Gm69675	
Gm69628	
Gm70165	
Gm69414	
Gm70413	
Gm70041	
Gm69717	
Gm8074	
Omt2b	
Gm36518	
Gm56026	
Hspe1-ps5	
Gm11007	
Rnf225	RNF225
Gm26325	
Gm2007	
Gsta2	
Zfp324	ZNF324
Zfp324	ZNF324B
Gm14419	
Gm36599	
Gm14418	
Gm68631	
Gm69932	
Gm14406	
Gm69953	
Gm2004	
Gm69964	
Gm69940	
Plekha4	PLEKHA4
Gm6182	
2210418O10Rik	
Gm69072	
Pgam2	PGAM2
Gm70414	
Gm69026	
Dppa5a	DPPA5
Gm1980	
Gm69027	
Gm11009	
Gm42322	
Gm16362	
Gm68797	
Gm11966	
Gm14434	
Polm	POLM
Gm68667	
Gm69753	
Gm42324	
Ooep	OOEP
Gm69725	
Gm70416	
Zfp967	
Gm69039	
Gm8087	
Gm69043	
4930542C12Rik	
Gm57081	
Gm30019	
Cilk1	CILK1
Gm13559	
Ccdc148	CCDC148
Gm70677	
Gm37896	
Gm34296	
Aebp1	AEBP1
Gm70143	
Gm68381	
Gm69032	
Snhg3	
Gm70680	
Gm34056	
Gm70681	
Gm13560	
Gm70682	
Gm13557	
Gm17300	
Gm13550	
Gm70683	
Zfp968-ps	
Snora73a	
Phactr4	PHACTR4
Gm70684	
Gm33994	
Gm14444	
Gm70685	
Zfp1009	
Gm70686	
Gm70687	
Gm14288	
Gm51620	
Gm70688	
Zfp1003	
Platr23	
Rn7sk	7SK
Abca15	
Hacd1	HACD1
Gm30308	
Gsta4	
Gm70689	
Gm33222	
Uso1	USO1
Gm70690	
Gm31867	
Gm70692	
4930535G08Rik	
Gm3126	
Gsta1	
Gm70694	
Gm70695	
Gm70696	
Gm70698	
Gm57117	
Gm70701	
Gm37799	
Dppa5b	
Gsta13	
Gm32793	
Dppa5c	
Gm69944	
Or10g7	OR10G4
Or10g7	OR10G7
Or10g7	OR10G8
Or10g7	OR10G9
D930036K23Rik	
Gm37894	
Gm57420	
Or10g9	OR10G4
Or10g9	OR10G7
Or10g9	OR10G8
Or10g9	OR10G9
Stam	STAM
Gm46099	
Or10g9b	OR10G4
Or10g9b	OR10G7
Or10g9b	OR10G8
Or10g9b	OR10G9
Gm70703	
Gm69941	
Gm35741	
Or10g6	OR10G6
Gm70706	
4930439A04Rik	
Gm18892	
Gm65991	RNF19A
Or10s1	OR10S1
Pold2	POLD2
D930019O06Rik	
Or8b57	
Gm70708	
Gm70711	
Gm70712	
Or4d5	OR4D5
Gm70716	
Gm70717	
Gm70718	
Or8d4	OR8D4
Gm57161	
Abca16	
Gm69947	
Tmem225	TMEM225
Gm70719	
Gm70720	
Or6x1	OR6X1
Gm70721	
Gm70722	
Camk2b	CAMK2B
Gm47160	
Gm47161	
Gm55262	
Gm23055	
Gm57012	
Med18	MED18
Gm9165	
Gm32916	
Gm22286	
Gm70723	
Cadm1	CADM1
Gm37499	
Gm70724	
Tmem236	TMEM236
Gm70726	
Sesn2	SESN2
Gm30932	
Gm43040	
Gm25290	
Gm13320	
Ppef2	PPEF2
Mrc1	MRC1
E130201H02Rik	
Gm45113	
1700072G22Rik	
Gm45112	
Uqcrc2	UQCRC2
Gm70727	
Gm70728	
Gm70729	
Gm30472	
Gm70730	
Gm57143	
Gm70731	
Gm70732	
Gm70733	
Gm51739	
Gm12981	
Atp5if1	ATP5IF1
Gm37950	
Gm8615	
Gm70734	
Gm70704	
Gm70736	
Gm2287	
Gm70705	
Gm70737	
Gm15421	
Gm29186	
1700022A21Rik	
Gm70739	
Gm12999	
Pea15b-ps	
Gm70740	
Gm70707	
Gm70741	
Gm34583	
Mir511	MIR513A2
Mir511	MIR513B
Rpl37rt	
Gm37697	
Dnajc8	DNAJC8
Gm70743	
5033423K11Rik	
Slc39a12	SLC39A12
Gm70744	
Gm70709	
Abhd11os	
Gm32311	
Pramel59	
Gm70713	
Gm70745	
Pramel39-ps	
Pramel52-ps	
Gm70746	
Gm37650	
Cacna2d1	CACNA2D1
5830405M20Rik	
Gm70748	
Gm15832	
Gm70749	
Pdzd9	PDZD9
2900024J01Rik	
6030442K20Rik	
Gm70750	
Gm70751	
Gm45093	
Glud-ps	
Gm38293	
Skida1	SKIDA1
Gm21957	
Gm70753	
4930533L02Rik	
4930571K23Rik	
Gm70754	
Kdm8	KDM8
Gm70756	
Gm13216	
Cdc123	CDC123
Gm70757	
Gm57187	
Gm70758	
Gm70759	
1700003I22Rik	
Snhg6	
Nsmce1	NSMCE1
Gm4973	
Il4ra	IL4R
Gm70246	
Gm69834	
Gm70247	
Gm68142	
Gm68809	
Nudt5	NUDT5
Gm47198	
Gm47197	
Gm68005	
Gm68711	
Gm32016	
Gm24762	RNU6-395P
Gm24762	RNU6-386P
Ptafr	PTAFR
Gm47213	
Gm47215	
Eya3	EYA3
Gm47236	
Gm67477	
A730065G17Rik	
Gm40518	
Nxpe4	NXPE4
Gm13199	
Sec61a2	SEC61A2
Gm51672	
Gm67508	
Nxpe2	NXPE2
Gm44876	
Il21r	IL21R
Gm57014	
Dhtkd1	DHTKD1
Gtf3c1	GTF3C1
Gm67490	
Gm70760	
Gm39696	
Upf2	UPF2
Gm70761	
Gm70762	
Nxpe1-ps	
Gm5616	
Gm37294	
Rexo2	REXO2
Proser2	PROSER2
Gm70225	
Gm13384	
Gm10857	
Gm13349	
Gm13353	
Gm13355	
Commd3	COMMD3
Rbm7	RBM7
Fam161a	FAM161A
Gm5617	C11orf71
Gm54701	
Gm67682	
Nnmt	NNMT
Gm70763	
4930562F07Rik	
Gm67685	
Bmi1	BMI1
Gm56416	
Gm24398	
Xpo1	XPO1
Gm53521	
A930006A01Rik	
Zbtb16	ZBTB16
Xkr8	XKR8
Gm70764	
Gm41964	
Smpdl3b	SMPDL3B
Gm22753	RNU6-682P
Gm32280	
Ahsa2	
Gm68375	
Gm34448	
Gm68109	
Gm69929	
Gm70765	
Gm70766	
Gm70767	
Gm32335	
Gm36920	
Htr3a	HTR3A
Gm70768	
Gm70769	
Rpa2	RPA2
Gm29906	
Gm71276	
Gm70770	
Trim21	TRIM21
Spag6	SPAG6
Gm70772	
Gm70773	
Gm70774	
9130227L01Rik	
Gm68324	
Gm68832	
Gm68259	
Gm69214	
Gm68983	
E530011L22Rik	
Gm29461	
Gm13333	
Carlr	
Themis2	THEMIS2
Pip4k2a	PIP4K2A
Gm70776	
Zbtb47	ZBTB47
Gm39625	
Gm70777	
4930513N20Rik	
Gm6108	
Btbd16	BTBD16
Gm57173	
Gm13022	
Gm47279	
Ppp1r8	PPP1R8
Gm32949	
1700093K21Rik	C2orf74
Gm70778	
Gm53578	
Gm47108	
Klhl40	KLHL40
Gm70779	
5033417F24Rik	
4930426L09Rik	
Gm13332	
Il1rn	IL1RN
Gm70781	
Gm70782	
Gm70783	
Hhatl	HHATL
Gm70784	
D630008O14Rik	
Selenok-ps1	
Sanbr	SANBR
Plekha1	PLEKHA1
Gm70787	
Gm70788	
Gm70789	
Gm70790	
Gm15867	
Gm70791	
Gm41908	
Gm70792	
Gm22767	
Stx12	STX12
Gm70793	
Gm70794	
Gm70795	
Gm57144	
Gm70796	
Gm70797	
Gm57135	
Gm70798	
Cd55os	
Ccdc13	CCDC13
Psd4	PSD4
Gm70799	
Gm70800	
Gm70801	
Gm37712	
Mir7061	
Gm71295	
Gm13033	
Htra1	HTRA1
Fam76a	FAM76A
Gm28536	
Gm70802	
Gm70803	
Gm17163	
Gm37223	
Gm47111	
Higd1a	HIGD1A
Dmbt1	DMBT1
Gm70804	
Gm70805	
Gm70806	
Gm70807	
Gm29099	
4930486I03Rik	
1700112H15Rik	
Pax8	PAX8
Gm70809	
Gm55363	
Gm47112	
Gm28382	
Fgr	FGR
Gm16083	
Ackr2	ACKR2
Gm46173	
Gm70810	
Gm70811	
Gm70812	
Gm70813	
Gm54897	
Pex13	PEX13
Cyp8b1	CYP8B1
Gm47115	
1700048O20Rik	
Gm39643	
Gm15852	
Pus10	PUS10
Gm31728	
Gm70814	
Gm37336	
Gm27193	
Ahdc1	AHDC1
Gm13417	
Gm38383	
Gm13416	
Gm70816	
Gm56283	RN7SKP199
Gm39713	
Cacna1b	CACNA1B
Gm70818	
Gm28512	
Gm70819	
Gm70820	
Gm57116	
Gm70821	
Gm33401	
4933402N03Rik	C10orf120
Gm70822	
Gm70823	
Gm70824	
Gm70825	
Gm70826	
Cdcp3	
Rel	REL
Gm33454	
Gm13257	
Tent5b	TENT5B
Gm70827	
Gm28364	
Gm29254	
Trnp1	TRNP1
Gm24422	
Clnk	CLNK
Gm12182	
Gm12183	
Gm39735	
Rack1	RACK1
Gm49343	
Gm70828	
Kdf1	KDF1
Gask1a	GASK1A
4933400F21Rik	
Gm25296	SNORD95
Snord96a	SNORD96B
Snord96a	SNORD96A
Snord95	SNORD95
Trim41	TRIM41
Gm70831	
Gm52996	
Gm70832	
Rps16	RPS16
Nudc	NUDC
Gm70835	
Gm70836	
Pomgnt2	POMGNT2
Gm34968	
Gm70838	
Gm33669	
Gm10048	
Apbb2	APBB2
Gm70840	
AF357399	
Gm31668	
Plekhg2	PLEKHG2
Gm70842	
Cdk2ap1rt	CDK2AP1
Gm70844	
Trim7	TRIM7
Gm39463	
Gm70845	
Gm70846	
Gm47117	
Gm70847	
Gm34306	
Gm39465	
Gm70848	
Gm39464	
Gm70849	
Snrk	SNRK
Gm70850	
Nr0b2	NR0B2
Gm30013	
Gm70851	
Gm37306	
Gm55423	
Gpatch3	GPATCH3
Gm39715	
Gm16170	
Irgm1	IRGM
Gm70854	
Gm26801	
Gm5431	
Gpn2	GPN2
Gm32199	
Gm12185	
Gm29856	
Psme2b	PSME2
9930111J21Rik1	
Sfn	SFN
Zdhhc18	ZDHHC18
Gm70856	
Gm70857	
Tgtp1	
Gm70858	
Gm70859	
Gm41932	
Gm39666	
Gm47122	
Gm51627	
4632418H02Rik	
Gm47121	
Gm70860	
Gm36958	
Gm12186	
Gm70861	
Gm47416	
9930111J21Rik2	
Gm46151	
Gm69665	
Gm68911	
Gm35341	
Gm18655	
Ryk	RYK
Gm57410	
Or2v1	OR2V1
Gm13213	
Gm55425	Metazoa_SRP
Gm70862	
Pigv	PIGV
Gm51643	
Gm70863	
Tgtp2	
Gm70864	
Gm70865	
Gm70866	
Gm12187	
Gm70867	
Gm70868	
Gm51644	
Ifi47	
Gm70869	
Gm70871	
Gm28913	
Gm70872	
Gm70873	
Gm70874	
Or2v2	OR2V2
Gm70875	
Gm70876	
Gm70877	
Arid1a	ARID1A
Gm70878	
Or2t26	
Gm70879	
Gm37915	
Or2o1	
Btnl9	BTNL9
Gm70880	
Gm47427	
Gm68285	
Zfp36	ZFP36
Gm70881	
Gm68228	
Gm70883	
Gm70884	
Gm69338	
Gm10138	
Slco2a1	SLCO2A1
Gm44710	
Med29	MED29
Paf1	PAF1
Gm70885	
Zfp62	ZFP62
Gm39732	
Gm13459	
Gm38147	
Gm37139	
Arrdc1	ARRDC1
Gm37800	
Gm70886	
Gm55788	
Gm55789	
Gm22595	
Gm47468	
Rab6b	RAB6B
Samd4b	SAMD4B
1700023G09Rik	
Mir7227	
Gm12974	
Mgat1	MGAT1
Gm51658	
Gm9870	
Spata18	SPATA18
Gm37166	
Srprb	SRPRB
Gmfg	GMFG
Gm25270	RNU4-34P
Grhpr	GRHPR
Gm56339	
Traf2	TRAF2
Or2y1g	
Gm70887	
Gm70888	
Gm39597	
Gm70889	
Gm69171	
Or2y1f	
Trf	TF
Gm70890	
Gm39662	
Or2y1b	
Or2y1e	
Gm70891	
Gm10516	
Or2y17	
Adgrl3	ADGRL3
Lrfn1	LRFN1
Or2y1d	OR2Y1
Gm16341	
Or2y16	OR2Y1
Or2y15	OR2Y1
Zbtb5	ZBTB5
Or2y1c	
1700028B04Rik	
Ifnl2	IFNL3
Ifnl2	IFNL2
Or2y1	
Gm70892	
Gm38647	
Or2y14	
Tex101	TEX101
Or2y13	
Or2y12	
Gm39640	
1700055D18Rik	
Gm70893	
Or2y11	
Gm70894	
Gm9530	
Polr1e	POLR1E
Or2y10	
Gm12190	
Flt4	FLT4
Gm44971	
Gm1096	
Gm36776	
Lypd10	
2310016D23Rik	
Lypd11	
Gm70895	
Gm70896	
D430040D24Rik	
Gm13433	
Edf1	EDF1
Gm44972	
Inhca	
Cd177	CD177
Gm51651	
Gm11579	
Pirt	PIRT
Gm35244	
Tmem238l	TMEM238L
Gm70899	
Gm70900	
Gm12299	
Gm70901	
Tmem220	TMEM220
Gm57182	
Mamdc4	MAMDC4
Gm38648	
Ceacam10	
Gm70902	
Adprm	ADPRM
Gm5893	
Gm17767	
Gm68879	
Topbp1	TOPBP1
Gm18207	
Tmsb10b	TMSB10
Gm70903	
Lypd4	LYPD4
Fbxo10	FBXO10
Gm51637	
Sco1	SCO1
Gm37982	
Dmrtc2	DMRTC2
Gm70904	
Gm70905	
Gm70906	
Gm2453	
Myh3	MYH3
Gm70907	
Rps19	
Gm70909	
Gm51747	
Gm70910	
Gm70911	
Gm70912	
Gm5099	
Phpt1	PHPT1
Gm70913	
Gm70914	
Ajm1	AJM1
Tomm5	
Gm70915	
Gm70916	
Gm70917	
Gm70918	
Rabl6	RABL6
Gm12566	
Frmpd1	FRMPD1
Gm70919	
Cd79a	CD79A
Mir6923	
Gm70920	
Myh2	
Gm70921	
Platr5	
Arhgef1	ARHGEF1
Cdv3	CDV3
Gm41934	
Gm70923	
Gm70924	
Gm70925	
Gm70926	
Gm41930	
Gm70927	
Gm70928	
Gm29456	
Ccdc183	
Frmpd1os	
Gm10538	
Gm33388	
Trmt10b	TRMT10B
Gm70930	
Gm70931	
Gm69201	
Tmem141	TMEM141
Gm70932	
Gm29600	
Gm47328	
Gm35201	
9530026F06Rik	
5830418P13Rik	
Bfsp2	BFSP2
Myh1	MYH1
Gm70933	
Fcna	
Gm70934	
Exosc3	EXOSC3
Gm70935	
Gm70936	
Gm70937	
Gm70939	
Gm16252	
Gm70940	
Gm57142	
Gm68922	
Gm12585	
Tmem108	TMEM108
Gm30548	
	PPT1
Gm70941	
Gm39693	
Lcn15	
Gm12872	
Lcn8	LCN8
Gm69598	
Gm70942	
Ppt1	PPT1
Gm28784	
Gm70943	
Gm70945	
Gm70946	
Lcn5	
Gm37754	
Gm67560	
Gm67569	
Gm32743	
Gm55827	RNU6-1222P
Gm37649	
4932413F04Rik	
Gm38032	
Gm67543	
Gm46129	
Gm68987	
Atp1b3	ATP1B3
Lcn6	LCN6
Gm34098	
Gm70947	
Gm30847	
Gm70948	
Gm70949	
Gm70950	
Gm70951	
Gm30788	
Cap1	CAP1
Lcn10	LCN10
Gm68867	
Gm68800	
BC043934	
Myh4	
Obp2a	OBP2A
Obp2a	OBP2B
Gm50488	
Gm68666	
Rnf7	RNF7
Gm70952	
Gm70953	
A230005M16Rik	
Gm35993	
Gm69110	
Gm68713	
Lrrc78	
Bmyc	
Gm55540	
Gm69381	
Obp2b	OBP2A
Obp2b	OBP2B
Gm8495	
Gm55548	
Gm19280	
Lcn3	
Gm70954	
Gm70955	
Gm70956	
Gm70957	
Gm28959	
2900009J06Rik	
Gm68508	
Lcn11	
Gm68511	
Gm39420	
Gm13539	
Glt6d1	GLT6D1
Myh8	MYH8
Gm69123	
Gm70244	
Gm28111	
Gm70958	
Lcn9	LCN9
Gm70959	
Gm70960	
Tex264	TEX264
Gm70962	
Sohlh1	SOHLH1
Gm70963	
Gm70964	
Gm57091	
Gm57179	
Gm69594	
Gm70965	
Gm28888	
Gm68574	
Gm12891	
Mfsd2a	MFSD2A
Kcnt1	KCNT1
Gm30446	
Rad54l2	RAD54L2
4933421A08Rik	
Gm68771	
Gm68767	
Gm54255	
Mycl	MYCL
Myh13	MYH13
Trit1	TRIT1
Gm67531	
Gm54843	
Gm68347	
Dcaf1	DCAF1
Gm70967	
Gm70968	
Gm70969	
Gm70970	
4930528A17Rik	
Faxc	FAXC
Gm70971	
Gm29538	
A430105J06Rik	
Gm39736	
Gm11885	
Gm42260	
Gm69263	
Gm70972	
Gm70973	
Gm11880	
Igf2bp1	IGF2BP1
Slc7a13	SLC7A13
Gm36472	
Gm70974	
Gm70975	
Gm69234	
Gm15389	
Gm68467	
Atp6v0d2	ATP6V0D2
Gm70976	
Gm70977	
Gm57172	
Gm70978	
Gm34331	
Gm69115	
Gm57167	
Gm70979	
Gm70980	
4930480G23Rik	
Gm69259	
Gm37422	
Manf	MANF
Ttpa	TTPA
Gm46144	
Hoxb13	HOXB13
4930568A12Rik	
Gm56412	
Gm56413	
Mir196a-1	
Hoxb9	HOXB9
4930598A11Rik	
Hoxb8	HOXB8
Gm37612	
Rbm15b	RBM15B
Ggh	GGH
Hoxb7	HOXB7
4930524O07Rik	
Hoxb6	HOXB6
Gm68933	
Gm69830	
Gm26511	
Gm68167	
Hoxb5	HOXB5
Gm69559	
Dock6	DOCK6
Mir10a	MIR10A
Hoxb4	HOXB4
Nkain3	NKAIN3
Hoxb3	HOXB3
Gm11872	
Gm70981	
Gm11536	
Gm11873	
Gm11871	
Gm20471	
Gm69705	
Hoxb2	HOXB2
Gm69018	
Gm11875	
Gm11876	
Prdm13	PRDM13
Gm70982	
Hoxb1	HOXB1
Gm20753	
Pecam1	PECAM1
Ccnc	CCNC
Gm70983	
Gm28417	
Erfl	ERFL
Spcs2	SPCS2
Gm70984	
Gm70985	
Gm32566	
Gm28375	
Gm70986	
Gm70987	
Gm70988	
Gm41909	
Gm70989	
Gm70990	
Gm70991	
Tmem147os	
Gm70992	
Gm70993	
Tstd3	
Sbsn	SBSN
Gm70995	
Gm70996	
Usp45	USP45
Gm39305	
Gm70997	
Mir7083	
Angptl8	ANGPTL8
Gm70998	
Dmkn	DMKN
Gm47873	
Rab3d	RAB3D
Gm70999	
Gm29152	
Milr1	MILR1
Gm69212	
Tmem205	TMEM205
Gm71000	
1700029M03Rik	
Ccdc159	CCDC159
Gm36360	
Gm71001	
Gm71002	
Gm41979	
Pnisr	PNISR
Gm71003	
Gm39692	
Gm33668	
Gm71004	
Gm71005	
2010103J01Rik	
Gm71006	
Gm71007	
Gm41907	
Gm46176	
4930403P22Rik	
Gm27184	
Gm71009	
H3f3aos	
Gm71010	
Gm71011	
Gm53631	
Gm71012	
Gm71014	
Gm71015	
Gm71017	
Gm71018	
Plppr2	PLPPR2
Gm56259	
Gm71019	
Polg2	POLG2
Gm71020	
Gm71021	
Gm57109	
Gm71022	
4930587A21Rik	
Camsap1	CAMSAP1
Gm35935	
Gm71024	
Gm71025	
Ddx5	DDX5
Gm39624	
Gm39633	
Swsap1	SWSAP1
Coq3	COQ3
Gm71028	
Epor	EPOR
Gm71029	
Gm71030	
Gm71031	
Gm71032	
Gm39623	
Gm29018	
Krtdap	KRTDAP
Samd11	SAMD11
Gm71033	
Gm71034	
Gm71035	
Rgl3	RGL3
Gm71036	
Gm32651	
Gm15391	
Gm57146	
Mir3064	
Gm56260	
Cep95	CEP95
Gm47252	
Vmn2r129	
Ffar2	FFAR2
Gm71037	
Vmn2r125	
Ankrd17	ANKRD17
Or13c3	OR13C3
Gm34698	
Gm11706	
Gm69751	
Smurf2	SMURF2
Or13c9	
Zbtb8b	ZBTB8B
Ffar3	GPR42
Ffar3	FFAR3
Gm36414	
Odad3	ODAD3
Ffar1	FFAR1
Gm57094	
Gm13542	
Cd22	CD22
Ubac1	UBAC1
Gm57166	
Gm39738	
Gm28822	
Gm24621	
Bsdc1	BSDC1
Gm71038	
Gm71039	
Gm28981	
Gm71040	
Gm71041	
Gm35803	
Gm30521	
Gm71043	
Platr12	
Prkcsh	PRKCSH
Tssk3	TSSK3
Nacc2	NACC2
Fam229a	FAM229A
Gm56268	
Gm53574	
Kpna2	KPNA2
Gm71044	
Gm71045	
Gm41976	
Gm12979	
Gm71046	
Gm71047	
Gm57067	
Gm68818	
Marcksl1	MARCKSL1
Gm53573	
Hdac1	HDAC1
Gm39682	
Gm13554	
Tmem250	TMEM250
Gm17634	
Gm13553	
Lhx3	LHX3
Gm71048	
Gm71049	
Gm71050	
Gm71051	
Gm11708	
Gm11608	
1810010H24Rik	C17orf58
Lck	LCK
Bptf	BPTF
Gm27196	
Qsox2	QSOX2
Gm71052	
Gm71053	
Gm71054	
Gm30307	
Gm71055	
Gm35393	
Gm71056	
Gm71057	
Elavl3	ELAVL3
Gm71058	
Mir8119	
Fam167b	FAM167B
Gm71059	
Gm28626	
Eif3i	EIF3I
Gm71060	
Gm71061	
Gm29040	
Gm49318	
Ccdc187	CCDC187
Zfp653	ZNF653
Gm11715	
Nol11	NOL11
U90926	
Cfap251	CFAP251
Tmem234	TMEM234
Brd3os	
Gm71062	
Gm71063	
Gm71064	
Brd3	BRD3
Gm29371	
Gm16845	
Ecsit	ECSIT
Gm71067	
Gm71068	
Gm71070	
A430033K04Rik	ZNF713
Gm71071	
Gm71072	
Gm29439	
Gm71073	
Mapk10	MAPK10
Mag	MAG
Gm71074	
Gm36678	
Gm71075	
Gm6581	
Cnn1	CNN1
Gm30088	
Gm71076	
Rps12-ps26	
Gm11718	
Abca8b	ABCA8
Gm34992	
Gm29506	
Gm71077	
Dcdc2b	DCDC2B
Elof1	ELOF1
1810073J14Rik	
Gm71078	
Iqcc	IQCC
Gm71079	
Gm71080	
Mir7084	
Gm29016	
Gm69674	
Gm67698	
Gm71081	
Gm71082	
Ccdc28b	CCDC28B
Gm46101	
Gm30442	
Gm71083	
Gm46100	
Panct2	
Gm5363	
Gm45860	
Gm56141	
Aasdhppt	AASDHPPT
Mir7578	
Wdr5	WDR5
Gm71084	
Gm71085	
Gm39592	
Irf7	IRF7
Txlna	TXLNA
Gm71086	
4930596I21Rik	
Gm71087	
Kbtbd3	KBTBD3
Gm37020	
1700020N18Rik	
Gm56142	
Msantd4	MSANTD4
Gm71088	
Gm29283	
Gria4	GRIA4
Gm51626	
Gm25541	RNU6ATAC19P
Rxra	RXRA
Gm28609	
Kpna6	KPNA6
Abca8a	
Gm16092	
Gm71089	
Gm71090	
Gm53062	
Gm30242	
Cdhr5	CDHR5
Gm71091	
Gm71092	
Gm30153	
Gm71093	
Gm71094	
Gm71095	
Gm71096	
Gm71098	
Gm37027	
Gm34320	
Gapvd1	GAPVD1
Gm71099	
Gm71100	
Gm30602	
Tmem39b	TMEM39B
Gm71102	
Gm71103	
Gm71104	
Gm71105	
Gm16070	
Gm37469	
Gm17017	
Gm71106	
Gm71107	
Gm71108	
Gm71109	
Mir7016	
Khdrbs1	KHDRBS1
Gm56143	
Gm7390	
Gm71110	
Gm68139	
Gm15848	
Gm47134	
Mir138-1	
Gm47135	
Gm47136	
Gm69162	
Sct	SCT
Gm68205	
A530083I20Rik	
Gm12967	
Gm54810	
Ptp4a2	PTP4A2
Drd4	DRD4
Zfp660	
Deaf1	DEAF1
Abca9	ABCA9
Gm23845	
Gm12966	
E330017L17Rik	
Gm42522	
1110059G10Rik	KIAA1143
Gm43789	
Gm18702	
Cyp51	CYP51A1
Gm35691	
Spocd1	SPOCD1
1700003M07Rik	
Gm71112	
Gm9856	
Gm71113	
Gm71114	
Gm71115	
Zdhhc3	ZDHHC3
Bmncr	
Mterf1b	MTERF1
Gm51754	
Gm7337	
Plcxd1	PLCXD1
Gm71116	
Gm71117	
Gm71118	
Gm71119	
Gm71120	
Gm53643	
Adgrb2	ADGRB2
Gm71121	
Abca6	ABCA6
Gm71122	
Gm53492	
Gm71123	
Gm71124	
Gm71125	
Gm7568	
Tmem80	TMEM80
Dnajc2	DNAJC2
Exosc7	EXOSC7
Gm71126	
Gm31713	
Eps8l2	EPS8L2
D030040B21Rik	
Gm71127	
Gm10552	
Gm39659	
Gm71128	
Gm39669	
Gm29337	
Gm39661	
Gm57169	
Gm41943	
Gm39631	
Gm47159	
Abca5	ABCA5
Clec3b	CLEC3B
Gm71129	
Gm71130	
Gm71131	
Gm68363	
Gm71132	
Gm23323	
Cdcp1	CDCP1
Gm71133	
Hspa5	HSPA5
Gm71134	
Gm25725	
Taldo1	TALDO1
Gm71135	
Gm71136	
Gm38037	
Gm71137	
Gm71138	
Gm71139	
Gm69335	
Tmem158	TMEM158
1700066B17Rik	
Psmc2	PSMC2
Gm67945	
Gm67972	
Gm47162	
Scp2-ps2	
Gm4535	
Gatd1	GATD1
Rabepk	RABEPK
Pttg1ip2	PTTG1IP2
Cend1	CEND1
Gm71637	
Gm71639	
Gm71640	
Cldn12	CLDN12
Gm71641	
Gm42375	
Fbxw2	FBXW2
Tmc6	TMC6
Gm71649	
Gm44808	
Gm71650	
Gtpbp10	GTPBP10
Gm29919	
Gm71655	
Gm71658	
Gm71660	
Gm44689	
Gm30652	
Gm38995	
Fam237b	FAM237B
Gm71140	
Gm71661	
Gm36586	
Cfap69	CFAP69
Gm38405	
Gm71141	
Gm71662	
Gm35600	
Gm71663	
Gm71664	
Gm71142	
Gm71143	
Gm38996	
Gm4208	
Gm71667	
Gm71668	
Gm71671	
Gm71144	
Gm33204	
Gm71145	
Gm71677	
Gm71146	
Gm38998	
Gm71147	
Gm71148	
Gm13419	
B3galt9	B3GALT9
Gm71680	
Psmd5	PSMD5
Gm71149	
Kcnq1ot1	
Gm71150	
Gm71151	
Gm71152	
Gm35894	
Gm71153	
Gm71689	
Gm36536	
Gm71690	
Gm71691	
Gm71154	
Gm71155	
Gm34821	
Gm71156	
Gm28340	
Gm28821	
Gm32539	
Tmc8	TMC8
Cutal	
Gm71157	
Gm32700	
Gm71158	
Gm71159	
Gm71160	
Gm57170	
Gm71161	
Gm71162	
Gm71163	
Gm71164	
Gm57129	
Phf19	PHF19
Gm71693	
Gm71166	
Gm71694	
Pard3bos1	
Gm71695	
Gm71696	
Gm71697	
Gm20501	
Gm71167	
Gm34624	
E330020D12Rik	
Gm71698	
Gm71168	
Gm13448	
Gm71169	
Gm24905	RNU6-249P
Gm24905	RNU6-442P
Gm71701	
Traf1	TRAF1
Gm71170	
Gm71702	
Gm71171	
Gm71705	
Gm71172	
Gm71706	
4933404I11Rik	
Gm28497	
Gm71707	
Gm35567	
Gm11723	
Gm71174	
6030468B19Rik	C17orf99
Gm15669	
Gm34744	
Gm12963	
Gm42369	
Gm71175	
Syngr2	SYNGR2
Gm35801	
Lncob1	
Steap2	STEAP2
Gm71717	
Gm71718	
Gm13450	
Gm71176	
Hc	C5
Gm71719	
Col16a1	COL16A1
Gm71177	
Gm26600	
Gm71178	
Gm71179	
Gm45442	
Gm71180	
Gm33533	
4930452N14Rik	
Gm20708	
Gm71723	
Gm71724	
Tk1	TK1
Gm71725	
Gm71726	
Gm45272	
Gm71181	
Gm71727	
Gm51632	
Gm71728	
Gm71182	
4930532M18Rik	
Gm71729	
Gm71731	
Gm71734	
Gm71736	
Gm71737	
Gm71184	
Gm43219	
Gm71742	
Steap1	STEAP1
Steap1	STEAP1B
Gm71744	
Gm57237	
4933436I20Rik	
Afmid	AFMID
Gm42377	
Gm71749	
Gm71750	
Gm71751	
Gm71185	
Gm71186	
Gm15459	
Gm44662	
Gm71187	
Gm71188	
Gm38697	
Gm42435	
Rbm48	RBM48
Gm71189	
1700012E03Rik	
Gm71190	
AI182371	C5
C130036L24Rik	
Gm53358	
2510017J16Rik	
Gm71762	
Gm43825	
Gm71763	
Gm46154	
4833413G10Rik	
Gm71765	
Birc5	BIRC5
Ube3b	UBE3B
Gm57227	
Gm29336	
Gm71767	
Gm71768	
Gm71191	
Gm71192	
Gm71193	
Tmem235	TMEM235
Gm71195	
Gm71197	
Gm71198	
Gm35378	
Tha1	
Gm26568	
G730003C15Rik	
Gm71199	
Gm71771	
Gm71772	
Gm30725	
6330420H09Rik	
Cntrl	CNTRL
Gm11726	
Socs3	SOCS3
Gm51442	
Gm45241	
6030442E23Rik	
Gm71775	
Pgs1	PGS1
Gm71777	
Gm71778	
Gm71200	
Gm36849	
Gm53479	
Gm28756	
Gm71780	
Gm71783	
C330022C24Rik	
Gm71206	
4632427E13Rik	
Gm71207	
Gm51655	
Gm71208	
Gm30388	
Gm51663	
Gm46161	
2810408I11Rik	
Mir6933	
Gm11738	
Cyth1	CYTH1
Gm33721	
Gm71800	
Mir7027	
1810019N24Rik	
Mmab	MMAB
Gm33490	
Gm5600	
Gm71806	
Gm71808	
Gm71809	
Gm71810	
Gm57203	
Gm71219	
Gm35353	
Gm71220	
Gm71221	
Gm71815	
Gm71222	
Gm71817	
4933439K11Rik	
Gm57205	
4921513I08Rik	
Gm71226	
Gm71228	
Gm34052	
Gm71229	
Gm71823	
Gm71824	
4933402D24Rik	
Gm71825	
Mvk	MVK
Gm36847	
Gm28535	
Gm46177	
Gm71828	
1700112H04Rik	
Gm71831	
Gm71833	
Gm71834	
Gm46013	
Gm71836	
Gm71231	
Gm71837	
Mtag2	
Gm17224	
Gm34822	
Gm71233	
Teddm2	
Gm71842	
Gm11978	
Gm8624	
Gm11960	
Btnl10	
Gm33627	
Gm15567	
Teddm1b	TEDDM1
Gm38352	
Teddm1a	TEDDM1
Mir8114	
Glul	GLUL
Gm30751	
Drc3	DRC3
Gm71849	
Gm71851	
Gm71853	
Gm71856	
Gm71857	
Gm71858	
Gm71862	
Gm32765	
Gm71866	
Gm70130	
Gm71867	
Gm40258	
Gm32816	
Gm13790	
Fam222a	FAM222A
Pef1	PEF1
Trpv4	TRPV4
Gm57246	
Gm57215	
Gm71873	
Gm71874	
Gm71878	
Gm34964	
Gm53376	
Bc1	
Hcrtr1	HCRTR1
Gm71882	
Gm29290	
Gm71883	
4921520J07Rik	
A530017D24Rik	
Gm71887	
Gm71889	
Pitpna	PITPNA
Gm71891	
Gm71895	
Gm71897	
Gm71899	
Gm19897	
Gm45004	
Gm71900	
Tinagl1	TINAGL1
Gm71901	
Gm20684	
Gm71250	
Gm25336	
Gm71251	
Gm71913	
Gm71252	
Gm71253	
Gm71914	
Gm18406	
Gm71915	
Gm32353	
5730455P16Rik	C17orf75
Gm71917	
Gm26707	
Gm35970	
Gm19503	
Gm71919	
Gm28181	
Gm57207	
Gm71921	
Gltp	GLTP
Gm53382	
Gm9962	
Gm38328	
Gm71922	
Lig3	LIG3
Tchp	
Gm31597	
Gm18849	
Gm71255	
Gm71923	
Gm69351	
Gm32486	
Ldc1	
Gm18036	
Rab14	RAB14
Gm71256	
Gm71928	
Gm53056	
Gm71929	
Gm71257	
Gm71930	
Gm44899	
Gm46724	
Gm71931	
Gm2389	
Gm33109	
Gm71258	
Gm70109	
Gm3551	
Gm70122	
Gm71933	
Gm28209	
Serinc2	SERINC2
Gm42789	
Gm6606	
Mir7028	
Git2	GIT2
Gm37406	
Gm68616	
Gm10570	
Gm5976	
Gsn	GSN
Gm71259	
Fabp3	FABP3
Rps27a-ps1	
C230062I16Rik	
Gm53065	
Zcchc17	ZCCHC17
Gm71950	
Gm71953	
Gm32772	
Gm35074	
Gm68328	
Gm68788	
Gm31309	
Gm70284	
Gm70462	
Gm69134	
Gm69857	
Gm40241	
Gm5251	
Gm71968	
Gm71261	
Akirin1	AKIRIN1
Gm33898	
Defb44-ps	
Gm71262	
Gm2693	
Rhbdl2	RHBDL2
Gm7094	
Gm71267	
Gm21909	
1700121C08Rik	
Gm34664	
Gm16329	
Gm16327	
Gm6822	
Gm16328	
Gm71268	
Gm28802	
Gm12904	
4933427I04Rik	
Gm12905	
Gm71275	
Gm71281	
Gm43128	
Stom	STOM
Gm71981	
Ankrd13a	ANKRD13A
Gm15429	
Gm12903	
Mycbp	MYCBP
Gm71988	
Gm71989	
Gm57235	
Gm71990	
Glo1-ps	
Gm13592	
Gm13593	
1700058P15Rik	
Gm29257	
Slc38a11	SLC38A11
Gm71285	
Spag9	SPAG9
Gm11578	
Gm71992	
Gm39085	
Gm71995	
Gm45168	
Rragc	RRAGC
Gm72000	
Gm72001	
Gm72003	
Gm11577	
Gm20083	
Gm57165	
Eif4a-ps4	
Gm11582	
Gm71289	
Gm12902	
Gm57857	
Gm11591	
Rps6ka1	RPS6KA1
Gm71290	
Gm37732	
Gm72013	
Gm45441	
Ywhaq-ps2	
Gm13821	
Mir6240	
4930519G04Rik	
Mir6337	
Gm24138	
Scn3a	SCN3A
Gm45282	
Gm72022	
Gm72023	
Gm72028	
Gm72031	
Gm72033	
Gm72035	
Gm72036	
Gm38969	
Gm31735	
Gm34767	
Gm71296	
Gm7133	
Gm9936	
Gm72038	
Gm13823	
Gm71310	
Gm43433	
Gm20239	
Gm71311	
Gm72039	
Htr5a	HTR5A
Gm57244	
Gm29460	
1700048C15Rik	
Gm43096	
Scn2a	SCN2A
Gm72042	
Gm7967	
Gm5551	
Gm72044	
Spata31h-ps1	SPATA31H1
Gm72045	
Gm4865	
Gm43611	
Insig1	INSIG1
Gm72050	
Gm57226	
En2	EN2
Gm72051	
Gm72054	
Prdx2-ps1	
Gm36736	
Gm51641	
Gm43610	
Cnpy1	CNPY1
Cnpy1	
Gm39040	
Gm29718	
Platr22	
Psapl1	PSAPL1
Gm45079	
Gm56078	
Tbx3	TBX3
Gm72076	
Gm72077	
Gm7369	
1700025J12Rik	
Gm72104	
Gm72106	
A230077H06Rik	
Gm52953	
Gm28638	
Gm13616	
Ttc21b	TTC21B
Gm28500	
Gm71328	
Tbx5	TBX5
Gm28282	
Gm71330	
Gm7417	
Gm33015	
Gm71332	
Gm72116	
Gm45669	
Gm51479	
Cfhr3	
Gm72124	
Gm72127	
Gm31097	
Usp46	USP46
Gm72128	
Gm72129	
Gm72130	
Gm72131	
Gm45552	
Gm72132	
Gm72133	
Gm72134	
1700011C11Rik	
Gm5834	
Gm71340	
Gm15583	
Gm72138	
Gm38051	
Ifi203-ps	
Gm72139	
Usp46os1	
Gm71342	
Usp46os2	
Gm71343	
Gm72144	
Gm43417	
Gm43415	
Gm12977	
Gm43416	
Snora26	
A330058E17Rik	
Rpl27-ps1	
Rasl11b	RASL11B
Gm37339	
Gm72146	
Gm12985	
Gm8307	
Gm72147	
Gm22523	
Gm71348	
Hmgn2	
Gm72149	
Gm5526	
Rps27-ps1	
Gm13618	
Gm72150	
Gm71349	
Gm21269	
Gm8941	
Scn1a	SCN1A
Gm42599	
Gm17415	
Gm71201	
Gm71202	
Gm71351	
Gm34722	
Gm72156	
Gm13822	
Gm13754	
Gm72158	
Gm72159	
Gm33027	
Gm71203	
Gm71204	
Gm71354	
Gm71205	
Gm38987	
Mir9-3hg	
Gm29489	
Gm7516	
Gm71209	
Gm71210	
Gm71360	
Gm71211	
Gm52951	
Gm71212	
Gm2427	
Gm71213	
Gm71214	
Gm36740	
Gm71215	
Gm71363	
Gm71216	
Gm55258	
Gm71217	
Gm71218	
Gm28882	
Gm7854	
Gm71366	
Pdcd5-ps	
Csnk2a1-ps3	
Dhdds	DHDDS
Gas5	
Gm40347	
Gm71223	
Gm71224	
Gm71225	
Gm57279	
Gm36386	
Gm35541	
Gm71230	
Gm52830	
Gm36434	
Cdk6os1	
Gm72180	
Gm44781	
Gm72182	
Gm31740	
1700025L06Rik	
Rpl35-ps1	
Gm13627	
Gm55494	RN7SKP235
Scn7a	SCN7A
4933402C06Rik	
Gm36548	
Gm13600	
Gm13602	
Gm40325	
Itprid2	ITPRID2
Gm71235	
Gm72201	
Gm71236	
Atp6v0a1	ATP6V0A1
Gm29868	
Gm72206	
Gm72207	
Gm72208	
Gm72209	
Gm72210	
Gm72212	
Gm9801	
Gm71237	
Lin28a	LIN28A
Gm71239	
Gm72216	
Gm17590	
Gm72217	
Gm71240	
Gm72218	
Gm71242	
Gm13061	
Gm71243	
Gm10390	
Gm72221	
Gm69688	
Gm32945	
Zfp683	
Gm31653	
Gm71244	
Crybg2	CRYBG2
Gm36076	
Gm71245	
Gm71246	
Gm71247	
Gm72229	
Gm71248	
Gm72234	
Gm71249	
Gm5984	
Gm42134	
C030029H02Rik	
Gm20457	
Gm72241	
Gm32263	
Gm38966	
4930543N07Rik	
Cd52	CD52
Gm71254	
Prdx6b	PRDX6
Gm42012	
Gm72246	
9430085M18Rik	
Gm72247	
Dnajc10	DNAJC10
4930505M18Rik	
Gm68745	
Gm38965	
Gm68746	
Gm68739	
Ubxn11	UBXN11
Gm72252	
Gm72253	
Gm72257	
5033403H07Rik	
Gm72259	
Gm36809	
Gm72260	
Gm72262	
Gm72264	
Gm72267	
Gm72272	
Gm72273	
Gm72276	
Gm72281	
Gm72283	
Gm72288	
Gm72290	
Gm72291	
6530437J22Rik	
Gm72301	
Gm72303	
Gm72306	
Gm57216	
Gm36584	
Gm71260	
Gm30808	
Gm42133	
Gm29796	
Sh3bgrl3	SH3BGRL3
Gm34079	
Gm19583	
Gm68742	
Cep85	CEP85
Gm30301	
Gm13692	
Gm13702	
Gm56349	
Gm13711	
Calcrl	CALCRL
Gm72323	
Gm72324	
Gm72326	
Gm72327	
Gm57194	
Gm38554	
Gm72329	
Gm57210	
Ccdc43	CCDC43
1600010M07Rik	
Tfpi	TFPI
Gm72344	
Gm72345	
Gm51451	
Gm34844	
Efcab15	
Gm72348	
Gm71263	
Gm72350	
Gm71264	
Gm71265	
Gm72352	
Gm72353	
A530021J07Rik	
Gm71266	
D5Ertd605e	
Gm31773	
8030423F21Rik	
Prcd	PRCD
Gm72357	
Gm45613	
Gm71270	
Gm71271	
Gm68744	
Gm71273	
Gm68734	
Gm72361	
0610006L08Rik	
Dnah17	DNAH17
Gm71277	
Gm71278	
Gm55577	
Gm71279	
Zpld2	
Gm71280	
Gm42123	
Gm39039	
Ppp2r2cos	
Gm72370	
Gm72371	
Gm13131	
Gm71282	
Catsper4	CATSPER4
Gm71283	
AU020206	
Gm29707	
Gm16982	
Gm71284	
Gm72378	
Gm72381	
Gm42800	
Gm39066	
Gm72382	
Gm52947	
Gm70014	
Gm52948	
Gm32061	
Cnksr1	CNKSR1
Gm39103	
Ctnnd1	CTNND1
Gm71286	
Gm72389	
Gm71287	
Gm72390	
2310014F06Rik	
Gm54334	
Gm71288	
Gm57283	
Gm15997	
Zfp593	ZNF593
Gm71291	
Gm71292	
Gm53354	
Gm35999	
Gm72402	
Gm45121	
Gm71293	
Gm72403	
Zfp593os	ZNF593OS
Gm72404	
Gm72405	
Rnf213	RNF213
Gm72406	
Gm71294	
Gm45144	
B230112J18Rik	
Gm72411	
Gm72414	
Rsf1os2	
Gm30191	C1orf232
Fam110d	FAM110D
Gm42325	
Gm69738	
Gm69734	
Pdik1l	PDIK1L
Gm72421	
Rsf1os1	
Gm71298	
Gm71299	
Cep131	CEP131
Gm54316	
Gm71301	
Gm68907	
Gm72429	
Trim63	TRIM63
Gm71303	
Gm72430	
Gm54328	
4930557J02Rik	
Gm72431	
Gm72432	
Gm72433	
Gm71305	
Gm71306	
Gm72434	
Gm71307	
Gm72436	
Gm71308	
Gm71309	
Gm68246	
Gm13195	
Slc30a2	SLC30A2
Gm32962	
Gm39069	
Gm35724	
Gm71312	
Gm43450	
Gm72454	
Gm72455	
Gm40330	
Gm35665	
Extl1	EXTL1
Gm71314	
Gm32780	
Gm72465	
Gm72466	
Gm36234	
Gm72468	
Gm72469	
Gm12764	
Gm72472	
Gm71315	
Gm71316	
Gm72473	
Gm71317	
Gm12762	
Gm3960	
Spred2	SPRED2
Gm12758	
Gm72477	
Pafah2	PAFAH2
Gm57208	
Gm36086	
Gm33122	
Gm71318	
Gm72481	
Gm71319	
Gm71320	
Gm51499	
5430435K18Rik	
Gm71321	
Gm45091	
Gm71322	
Gm71238	
Mtmr3	MTMR3
Gm72488	
Gm72492	
Gm71323	
Gm72495	
Gm71324	
Gm32579	
Gm71325	
Gm71326	
Gm36722	
Gm71327	
Gm42154	
Gm71329	
Gm71331	
Gm42146	
Gm71333	
Gm71334	
Gm71335	
Gm32119	
Gm71336	
Gm71338	
Gm72501	
Gm30453	
Gm43763	
Gm72502	
Gm34999	
Gm34563	
Gm71339	
Gm72506	
Gm31314	
Gm68939	
Gm72509	
Gm72510	
Gm6567	
Gm72511	
1700021N21Rik	
Gm72512	
Gm51448	
Gm45155	
Plut	
Gm72516	
Gm35394	
Gm72519	
Gm72521	
Gm31423	
Gm68949	
4930458B22Rik	
Gm71344	
Stmn1	STMN1
Gm17135	
Gm71345	
Gm29264	
Gm72526	
Gm32884	
2310010J17Rik	
Gm71350	
Hopxos	
Gm50598	
Gm55612	
Gm13250	
Gm71352	
Gm68997	
Gm15831	
Gm71353	
Paqr7	PAQR7
Gm71355	
Gm42912	
Gm71356	
Gm11948	
Gm71357	
Rnf185	RNF185
Gm71358	
Gm71359	
Gm72542	
Gm53349	
Gm72544	
Gm71361	
Gm69001	
Gm39045	
Gm71362	
Aunip	AUNIP
Gm72545	
Gm40296	
Gm71364	
Gm71365	
1700064N11Rik	
Gm69776	
Gm72549	
Mtfr1l	MTFR1L
Gm53361	
Gm43091	
Gm36567	
Gm71367	
Gm13838	
Gm71368	
Gm53206	
Gm72560	
Gm11945	
Gm56239	U8
Gm72561	
Gm71369	
Pla2g3	PLA2G3
Gm72563	
Gm72564	
Gm71370	
Gm31284	
Gm72568	
Gm71371	
Gm44933	
Gm71372	
Gm72569	
Gm57263	
Gm71373	
4933406I18Rik	
Gm71374	
Gm71375	
Inpp5j	INPP5J
Gm30519	
Gm68471	
Selenon	SELENON
Gm71377	
4933439J24Rik	
Gm71378	
Gm3716	
Gm72577	
Gm45175	
Gm44618	
Gm29931	
Gm45096	
Gm34445	
Mir6403	
Gm69051	
Pramel13os	
Gm72588	
Gm72589	
1700034G24Rik	
Gm72590	
Aadacl4fm1	AADACL4
Gm57192	
Gm72593	
Gm51453	
Gm72595	
Gm13121	
Selenom	SELENOM
Gm13126	
Gm72598	
Aadacl4fm2	
Gm33148	
Gm13127	
Aadacl4	AADACL4
Aadacl4fm4	AADACL4
Gm71380	
Gm71381	
AAdacl4fm3	AADACL4
Smtn	SMTN
Gm25938	
Aadacl4fm5	AADACL4
9230114K14Rik	
Prdx2-ps2	
Gm57096	
Gm69569	
Dhrs3	DHRS3
Gm72614	
Nctc1	
Gm71382	
Gm72615	
Gm40277	
Gm72616	
Gm72617	
Gm72618	
H19	
Gm71383	
Gm69556	
Gm38074	
Gm71384	
Gm71385	
Vps13d	VPS13D
Gm71386	
Gm71387	
Gm33442	
Gm71388	
Gm36011	
Gm34057	
Gm46925	
Gm72631	
Gm72632	
Gm72633	
Gm72635	
Gm38978	
Gm72637	
Gm72639	
Gm72641	
4930573C15Rik	
A030001D20Rik	
Gm51461	
Gm72643	
Gm72645	
Gm71389	
4930402F11Rik	
Gm71390	
Gm71391	
Gm71392	
Gm71393	
Gm71394	
4921504P13Rik	
Gm71395	
Gm30492	
Gm38612	
Gm16120	
Gm43476	
Gm33570	
Gm71397	
1700028E10Rik	
C230079O03Rik	
Gm10578	
Gm72658	
Gm11947	
Gm40452	
Gm37179	
Gip	GIP
Gm28077	
5830432E09Rik	
Gm68663	
Tnfrsf1b	TNFRSF1B
Gm71398	
Gm72662	
Gm71399	
Gm53385	
Gm71400	
Gm51497	
Gm71401	
Gm45169	
Gm36447	
Gm24949	
Snf8	SNF8
Gm35592	
Gm72665	
Gm71402	
Gm72667	
Gm71403	
Gm72669	
D730045B01Rik	
Gm72671	
Gm72673	
Gm72674	
Gm68888	
Gm68886	
Gm20052	
Gm72678	
Gm36233	
Gm72681	
Gm72682	
Gm72685	
Tnfrsf8	TNFRSF8
Gm72687	
Mypopos	
Gm72692	
Gm6471	
Gm71404	
Ube2z	UBE2Z
Gm71405	
Gm71406	
Gm71407	
Gm71408	
1700014F14Rik	
Gm72703	
Gm71409	
Gm72705	
Gm71410	
Gm69277	
Gm71411	
Gm28863	
Gm13024	
4930568A13Rik	
Platr16	
Gm39117	
Atp5mc1	
Gm72717	
Gm72719	
4933427G23Rik	
Gm72723	
Gm72725	
Gm72726	
Gm72728	
4930554H23Rik	
Gm71412	
Gm71413	
Gm57285	
Gm13224	
Gm13230	
Gm13223	
Gm65281	
Smarca5-ps	
Gm72734	
Gm70672	
Gm72735	
Gm13229	
Gm39068	
Wasf2	WASF2
Gm71414	
Gm71415	
Gm21123	
Gm22423	RNU2-23P
Gm72747	
Calcoco2	CALCOCO2
B130024G19Rik	
Gm71416	
Gm71417	
Gm43700	
Ttll6	TTLL6
Gm55379	
Mir7017	
Gpr3	GPR3
Gm71418	
Gm71419	
Gm71420	
Gm33093	
Cd164l2	CD164L2
Gm42557	
Map3k6	MAP3K6
Gm11990	
Pkd1l1	PKD1L1
Gm71421	
AV356131	
Gm31048	
Gm33836	
Gm71423	
Gm40304	
Gm28258	
Gm38755	
Gm72772	
Gm44867	
Gm71424	
Gm71425	
Gm11991	
Gm71426	
Hus1	HUS1
1700112N08Rik	
Gm72773	
Gm72775	
1700029E06Rik	
Sytl1	SYTL1
D930028M14Rik	
Gm40283	
Gm72781	
Gm72783	
Gm72785	
Gm71428	
Clp1	CLP1
Gm72786	
Gm3970	
Gm72787	
Gm72789	
Gm72791	
Gm39112	
Gm30241	
D7Ertd128e	
AI314278	
Gm71429	
Chrm4	CHRM4
Mdk	MDK
Gm71430	
Gm71431	
Gm57311	
Gm71432	
Gm33474	
Gm72796	
Gm44995	
Sun3	SUN3
Gm39074	
Gm20744	
Gm72798	
Gm53389	
Gm72800	
Gm72801	
Gm57284	
Gm72802	
1500012K07Rik	
Tmem222	TMEM222
Gm71434	
Gm71435	
Gm34333	
Gm11992	C7orf57
Gm71436	
Gm42118	
Gm72805	
Gm72806	
Gm9929	
Gm38997	
Gm34496	
Cdc27	CDC27
Dgkz	DGKZ
A530040E14Rik	
Gm33847	
Gm72815	
Gm72819	
Gm72820	
Gm13259	
Gm72821	
Wdtc1	WDTC1
Gm72823	
Gm30059	
A230056P14Rik	
Gm40321	
Gm71437	
Gm71438	
Prss23os	
Gm71439	
Gm71440	
Gm39017	
Gm71441	
Gm39070	
Gm71442	
Gm71443	
Gm71444	
Gm71445	
Gm15690	
Gm71446	
Gm71447	
Gm42808	
Gm15850	
Gm71448	
Gm71449	
Gm30603	
Gm72838	
Slc9a1	SLC9A1
Gm72839	
Gm39071	
Gm57225	
Myl4	MYL4
Gm16054	
Gm71450	
Gm52763	
Gm71451	
Gm38728	
Gm2619	
Gm71452	
Gm71453	
Gm71454	
Gm5602	
Gm36702	
Gm72842	
Gm10610	
4930563F08Rik	
Gm71456	
D130058E05Rik	
Gm46926	
Gm71457	
Gm72852	
Gm33327	
1700029B22Rik	
Gm71458	
Gm71459	
Gm71460	
A330023F24Rik	
Gm11661	
Gm32736	
Gm11663	
Itgb3	ITGB3
Mir5122	
Gm71461	
Gm30928	
Gm71462	
Gm71464	
Gm71465	
Gm11620	
Gm71466	
Tlk2	TLK2
Gm57314	
1700112J16Rik	
4930532G15Rik	
Gm71467	
Gm71468	
Gm38751	
Gm8883	
Gm71469	
Gm71471	
Gm15984	
Gm72875	
Gm16158	
Gm71472	
Gm34960	
Gm71473	
Gm32304	
Gm71474	
Mir6999	
Gm71475	
Gm9821	
Gm36141	
Creb3l1	CREB3L1
Gm72880	
D830032E09Rik	
Gm72882	
Gm38991	
1700041I07Rik	
Gm33031	
Gm34612	
Faddos	
Gm71476	
Gm28075	
Gm71477	
Gm72893	
Gm71478	
Gm35611	
Gm15903	
Gm43701	
Gm13780	
Gm71479	
Gm71480	
Phf21a	PHF21A
Gm72902	
Gm42596	
Gm72903	
Gm71481	
Gm71482	
Gm72905	
Gm36830	
Gm71483	
Gm71484	
C330024D21Rik	
Gm39063	
Gm72910	
Gm32571	
Gm72911	
Gm32695	
Gm72912	
Gm45016	
Gm72914	
Gm72915	
Gm72916	
Gm72917	
Gm71485	
Gm71486	
Gm72918	
Gm72919	
Gm71487	
Gm72920	
Gm71489	
Gm43016	
Gm72921	
Gm35524	
Gm57325	
Gm72927	
Gm52828	
Gm72928	
Gm72929	
Gm72930	
Gm71491	
Gm28403	
Gm39035	
Gm72932	
Gm40302	
1700016C19Rik	
Gm11662	
Efcab3	EFCAB13
Gm39084	
Gm28175	
Gm71492	
Gm43177	
Gm39105	
Gm71493	
Gm32554	
Gm72938	
Gm72940	
A930016O22Rik	
Gm71494	
Gm72942	
Gm32727	
Gm72944	
Gm72947	
Gm72949	
Gm72950	
Gm72951	
Gm71495	
Gm72952	
Gm36814	
Gm72953	
Gm72954	
Mir1955	
Gm13786	
Gm13785	
Large2	LARGE2
Gm39008	
Gm11623	
Gm11621	
Gm44691	
Gm11622	
Gm11624	
Gm25362	
Mettl2	METTL2A
Mettl2	METTL2B
Gm37267	
Gm32200	
Gm71496	
Gm71497	
Gm72959	
Gm72960	
Gm71498	
Gm72962	
Gm71499	
Gm30874	
Gm32529	
Gm56172	RN7SKP225
1700041A01Rik	
Acly	ACLY
Gm39037	
Gm71500	
Gm71501	
Tbx3os2	
Gm33247	
Gm7580	
Gm72974	
Gm72976	
Gm72977	
Gm71502	
Gm71504	
Gm72980	
Gm72981	
Crxos	
Gm37432	
Gm72984	
Gm72985	
Gm71505	
Gm71506	
A730056A06Rik	
Gm71508	
Gm71509	
Gm71510	
Gm19497	
Gm71511	
Gm71512	
Gm72986	
Gm10475	
Gm72988	
Gm46004	
Gm71513	
Gm71514	
1700123J17Rik	
Gm30003	
Gm57131	
Gm51474	
Gm72999	
Gm10369	
Gm73001	
Gm33989	
Gm71515	
Gm38748	
Gm71516	
Gm71560	
Odad4	ODAD4
Gm71517	
Gm71518	
Gm57291	
Gm53567	
Gm20005	
Gm73018	
Gm33586	
Gm71519	
Gm71569	
Gm71520	
Gm71521	
Gm53036	
Gm42604	
Cnp	CNP
Gm71522	
Gm34145	
Gm73020	
Pex16	PEX16
1700120G07Rik	
1700095B10Rik	
Dnajc7	DNAJC7
Gm57196	
Gm73024	
Frey1	FREY1
Gm73026	
Gm73028	
Gm73030	
Gm73032	
5430400D12Rik	
Gm43001	
Mapk8ip1	MAPK8IP1
Gm73037	
Gm44686	
Gm73040	
Gm57236	
Gm73042	
Gm34908	
Gm73045	
Gm43597	
Gm73046	
Gm73048	
Gm73050	
Gm73053	
Gm71523	
Gm73054	
Gm5	
Gm35309	
Gm57306	
Gm71525	
Gm71526	
Gm71527	
Gm34226	
Gm43156	
Gm73068	
Gm71528	
Gm35083	
Gm71529	
Gm71530	
Gm71531	
Mir7000	
Gm13873	
Ehf	EHF
Gm15728	
Gm36140	
Gm73077	
Gm57262	
Gm71533	
Gm73083	
Gm36431	
Gm71534	
Gm42952	
1700108N06Rik	
Nkiras2	NKIRAS2
Gm71535	
Gm73096	
Gm71536	
Gm71538	
Gm54300	
Gm40331	
Gm29328	
Zfp385c	ZNF385C
A930006I01Rik	
Gm37220	
Elf5	ELF5
Gm44544	
Dhx58	DHX58
Gm15985	
Gm71539	
Gm33050	
Gm73112	
Gm42223	
Gm36260	
Gm71540	
Gm30464	
1700085B13Rik	
Gm73113	
Gm73114	
Gm30459	
Cat	CAT
Gm73116	
Gm73117	
Kat2a	KAT2A
Gm73118	
Gm73119	
Gm73121	
Gm40337	
Gm73124	
Gm73125	
Gm73127	
Gm33926	
Gm73128	
Gm73130	
Gm71541	
Gm34121	
Gm9970	
Gm71542	
Clnkos	
Gm15133	
A330070K13Rik	
Gm71543	
Gm13996	
Abtb2	ABTB2
Gm15559	
Gm71544	
Gm42488	
Hspb9	HSPB9
Gm51462	
Gm73142	
Rab5c	RAB5C
Gm73144	
Gm35325	
Gm13966	
Gm73149	
Gm56452	
Grem1	GREM1
Gm26515	
Scg5	SCG5
Gm73160	
Gm71545	
Gm71546	
Gm73163	
Gm73164	
Gm73165	
Mm2pr	
1700003G18Rik	
Kcnh4	KCNH4
Gm52792	
Gm71547	
Gm71548	
Arhgap11a	ARHGAP11A
Gm71549	
Gm71550	
Gm71551	
Gm71552	
Gm71553	
Gm36880	
Gm73176	
Hcrt	HCRT
Gm36528	
Ghdc	GHDC
Tmco5	TMCO5A
Gm73178	
Gm73179	
Gm73180	
Gm71554	
Gm38752	
Gm34645	
Gm29935	
Gm73181	
Gm39067	
Gm73182	
Gm73183	
Gm71555	
Gm73184	
Gm73185	
Gm55417	
Stat5b	STAT5B
Gm71556	
Gm10619	
Gm42156	
AI480526	
Gm73196	
Gm73198	
Gm73201	
Gm56456	
Gm25514	
Gm73202	
Spred1	SPRED1
Gm71632	
Gm73203	
Gm73204	
Gm71633	
Gm73206	
Gm71634	
Gm73208	
Gm71635	
Gm45670	
Gm71636	
Gm73213	
Gm71638	
Gm73214	
Mir674	
Rap1a-ps2	
Gm73215	
Gm25189	
Fam98b	FAM98B
Gm44987	
Gm71642	
Stat5a	STAT5A
Gm73217	
Gm71644	
Gm73219	
Gm71646	
Gm35601	
Gm73220	
Rasgrp1	RASGRP1
Gm46017	
Gm39079	
Gm30395	
Gm71652	
Gm73244	
Gm73245	
Gm28857	
Gm73246	
Gm51489	
Gm73247	
Gm73248	
Gm73249	
Gm73250	
Gm73252	
Gm73257	
Gm35209	
Gm73262	
Gm73265	
Gm17751	
Gm15579	
Gm10648	
Gm73273	
Gm13982	
Gm16548	
Gm73275	
Gm73276	
Snap23	SNAP23
Gm45885	
Gm57245	
Gm73280	
Gm73282	
Gm73283	
Gm73285	
Stat3	STAT3
Gm73286	
Gm73287	
Etos1	
Gm73291	
Gm73293	
Gm73294	
Gm26891	
4930433J02Rik	
Gm73301	
Gm73303	
Gm73305	
Gm29128	
Gm32903	
Gm53355	
B230311B06Rik	
Lrrc57	LRRC57
A830008E24Rik	
4833412C05Rik	
Haus2	HAUS2
Gm73324	
Gm73326	
Gm32630	
Gm73329	
Stard9	
Gm32652	
Gm51456	
Gm73333	
Gm34350	
Gm73334	
Gm73335	
9330171B17Rik	
Gm73337	
Gm73338	
2010004M13Rik	
Gm73340	
Gm73341	
Gm57787	
Gm26944	
Gm55774	
Cdan1	CDAN1
Gm28513	
9430041J12Rik	
Gm73350	
Gm10858	
Gm73352	
Gm71557	
Gm71558	
A330076H08Rik	
Gm71559	
Gm33591	
Gm57136	
Gm31858	
Gm71561	
Gm32647	
Gm71562	
Gm16701	
Gm71563	
Gm71565	
Gm71566	
Gm36481	
Gm73366	
Gm30078	
Gm73372	
Gm71567	
Gm45564	
Gm43122	
Gm31127	
Gm73375	
0610005C13Rik	
Gm71570	
Gm71571	
Gm71572	
Gm71573	
Cavin1	CAVIN1
Gm71574	
Gm30835	
Kremen1	KREMEN1
1700016L21Rik	
Gm29926	
Gm29843	
6330418K02Rik	
Gm25142	
Gm30172	
Znrf3	ZNRF3
Ttbk2	TTBK2
Gm73392	
Gm73395	
Gm73397	
Gm73398	
Gm11962	
Xbp1	XBP1
Gm33098	
Gm71575	
Gm71577	
Gm71578	
Gm73408	
Gm73410	
Gm42135	
Gm57313	
Gm71579	
Gm42797	
Gm53387	
Ccdc117	CCDC117
Gm26936	
Dancr	
Gm22471	
Kcnmb1	KCNMB1
Gm73419	
Gm73421	
Gm73423	
Gm31479	
4930469K13Rik	
Gm15396	
Gm73426	
Gm21057	
Lcp2	LCP2
Gm71580	
Gm71581	
Gm71582	
4930439D14Rik	
Gm71583	
Gm52829	
Gm39098	
Gm44832	
Gm34342	
Gm73428	
Gm73429	
Gm38204	
Gm73430	
Gm32877	
Ubr1	UBR1
E230032D23Rik	
Gm73431	
Gm73433	
Gm32786	
Foxi1	FOXI1
Gm71584	
Gm71585	
Dock2	DOCK2
Gm71586	
Far1os	
Gm71587	
Gm29183	
Gm71588	
Gm71590	
Gm71591	
B230206H07Rik	
Gm71592	
Gm15410	
Gm71593	
Gm73443	
Gm33607	
Gm73446	
4933406J10Rik	
Gm26597	
D730003I15Rik	
8430423G03Rik	
Gm73449	
Gm71594	
Gm29972	
Gm4265	
Gm71595	
Gm71596	
Gm30028	
Gm31925	
Tmem62	TMEM62
Gm71597	
Gm71598	
Gm43057	
Insyn2b	INSYN2B
Gm73462	
Gm36222	
Gm73463	
Spdl1	SPDL1
Gm73465	
1810049I09Rik	
Gm71599	
Gm71600	
Gm15734	
Gm15883	
Gm71602	
Gm73472	
Gm73473	
Gm73476	
Gm22022	
Gm12711	
Gm32309	
Gm25799	
Smarce1	SMARCE1
Gm28747	
Gm73477	
Gm38990	
Gm73478	
Gm71603	
Gm71604	
Gm71605	
Gm73480	
Gm71606	
Gm55820	
Snord3b-ps2	
Ccndbp1	CCNDBP1
Gm71607	
Gm39092	
N4bp2os	
Gm73487	
Gm44737	
Krt222	KRT222
4930505K13Rik	
Gm71609	
9830004L10Rik	
Gm71610	
Gm71611	
4930520M14Rik	
Gm32633	
Gm32558	
4930568G15Rik	
Gm71612	
Gm71613	
Krt24	KRT24
Gm71615	
Gm71616	
Gm71617	
Gm73505	
Gm16897	
Gm16001	
Gm44734	
Gm73506	
Gm39011	
Gm12358	
Krt25	KRT25
Gm15777	
Gm45052	
Gm40299	
Gm71619	
Gm10874	
Gm73511	
Gm73512	
Krt26	KRT26
Gm71620	
Gm39036	
Gm71622	
Gm37073	
Gm73513	
Gm38725	
Gm73514	
Gm27252	
Gm71623	
Gm71624	
Gm26345	
Gm69963	
Krt27	KRT27
Gm24224	
Gm42112	
Gm73518	
Gm71625	
Gm31510	
Gm10566	
Kcnb2	
Gm71626	
Krt28	KRT28
Epb42	EPB42
Gm40327	
Gm70219	
Gm38116	
Gm37138	
Gm51617	
Gm71627	
Krt10	KRT10
Gm71628	
Gm43358	
Gm25227	
Gm70576	
Gm73528	
Gm73529	
Gm73530	
Gm70578	
Gm73531	
Gm73532	
Gm73533	
Gm73534	
Gm73535	
Gm73537	
Gm73538	
Gm73541	
Gm57218	
Gm11940	
Gm73547	
Gm70582	
Gm73548	
Krt12	KRT12
Gm69614	
Gm53346	
Gm70853	
Gm71629	
Gm70898	
Gm71630	
Gm70780	
Gm71341	
Gm6455	
Gm41967	
Krt20	KRT20
4932437C15Rik	
Gm71196	
Gm36297	
Gm35364	
1700019F05Rik	
Gm73553	
Krt23	KRT23
Gm73556	
Gm71643	
Gm73558	
Gm73560	
Tgm5	TGM5
Gm71645	
C730036E19Rik	
Lhx5as1	
Gm73562	
Gm45682	
Krt39	KRT39
Gm73567	
Gm73569	
Gm73573	
Gm34140	
Gm4034	
Krt40	KRT40
Gm44724	
Gm29022	
Gm5703	
Gm15443	
Gm18751	
Gm29020	
Gm14213	
Gm18701	
Tgm7	TGM7
Gm37630	
Krtap3-3	KRTAP3-2
Krtap3-3	KRTAP3-3
Gm38189	
Krtap3-2	KRTAP3-2
Krtap3-2	KRTAP3-3
Gm29398	
Gm11939	
Krtap3-1	KRTAP3-1
Gm71651	
Krtap1-5	KRTAP1-3
Krtap1-5	KRTAP1-1
Krtap1-5	KRTAP1-5
Krtap1-5	KRTAP1-4
Krtap1-4	KRTAP10-4
Krtap1-4	KRTAP10-11
Lcmt2	LCMT2
Gm71653	
Krtap1-3	KRTAP10-4
Krtap1-3	KRTAP10-11
Gm73574	
Gm42113	
Krtap9-3	KRTAP10-4
Krtap9-3	KRTAP10-11
Gm73575	
Gm23858	RNU6-325P
Krtap2-22	KRTAP10-4
Krtap2-22	KRTAP10-11
Gm40288	
Adal	MAPDA
Gm37096	
Krtap2-21	KRTAP10-4
Krtap2-21	KRTAP10-11
Gm37775	
Gm73577	
Krtap2-4	KRTAP10-4
Krtap2-4	KRTAP10-11
Gm23535	RNU6-1170P
Gm23535	RNU6-795P
Gm23535	U6
Gm12781	
Gm56330	
Krtap2-20	KRTAP10-4
Krtap2-20	KRTAP10-11
Pla2g4a	PLA2G4A
Krtap4-1	KRTAP4-3
Gm71657	
Krtap4-2	KRTAP4-3
Krtap4-7	KRTAP4-6
Krtap4-7	KRTAP4-7
Krtap4-7	KRTAP4-12
Gm71659	
Krtap4-24	KRTAP4-6
Krtap4-24	KRTAP4-7
Krtap4-24	KRTAP4-12
Krtap4-25	KRTAP4-3
Gm71665	
Gm14182	
Gm33293	
Krtap4-6	KRTAP4-3
Gm11557	
Gm71670	
4930415H17Rik	
Gm14190	
Gm73584	
Gm71672	
Gm52959	
Gm73585	
Gm52961	
Gm52962	
Gm73586	
Gm71673	
Gm14186	
Gm14193	
Gm73587	
Gm14180	
Gm36187	
Gm73589	
Gm52963	
Gm14188	
Gm73591	
Krtap4-22	KRTAP4-3
Gm38977	
Krtap4-8	KRTAP4-3
Krtap4-9	KRTAP4-3
Gm73593	
Krtap4-23	KRTAP4-3
Krtap4-21	KRTAP4-3
Krtap4-20	KRTAP4-3
Krtap4-13	KRTAP4-3
Krtap4-26	KRTAP4-3
Krtap4-27	
Gm11556	
Gm45474	
Krtap4-16	KRTAP4-2
Krtap4-16	KRTAP4-1
Gm26324	
Gm71679	
Krtap9-21	
4930588G17Rik	
Krtap9-20	
Krtap9-1	
Gm71681	
Gm21221	
Gm73595	
Krtap9-22	
9030407P20Rik	
Gm11566	
Krtap31-1	
Krtap31-3	
Gm11560	
Krtap31-2	
Krtap9-5	KRTAP9-1
Krtap9-5	KRTAP10-4
Krtap9-5	KRTAP10-11
Gm11561	
Gm31831	
Gm11553	
Krtap29-1	KRTAP29-1
Krtap16-1	KRTAP16-1
Gm73601	
Gm11558	
Gm73603	
Krtap17-1	
Gm73604	
Krt33a	KRT33A
Gm56332	
Gm73606	
Gm19136	
Ptgs2os	
Gm36732	
Gm73608	
9330104G04Rik	
Gm71683	
Gm71684	
Gm71685	
Gm71687	
Gm73611	
Zscan29	ZSCAN29
Gm73613	
Gm71688	
Gm56333	
Ptgs2	PTGS2
Krt33b	KRT33A
Gm73614	
Gm39072	
C130026L21Rik	
Krt34	KRT34
Gm44968	
Tubgcp4	TUBGCP4
Krt31	KRT33A
Gm73621	
Gm11571	
Gm45037	
Gm52966	
Krt36	KRT36
Gm9687	
Ptgs2os2	
Gm73624	
Gm73626	
Gm35363	
Gm12347	
Krt13	
Gm73633	
Gm73635	
Gm73637	
Gm9885	
Rbm3-ps	
Gm4322	
Gm73638	
Pdc	PDC
Gm73639	
Gm73640	
Gm73641	
Gm73642	
Krt15	KRT15
Gm26793	
Gm73645	
Gm73646	
2310030A07Rik	
Gm37764	
Gm28807	
Odr4	ODR4
D830036C21Rik	
Krt19	KRT19
Gm73649	
Gm71699	
Gm73651	
Gm71700	
Gm73652	
Krt9	KRT9
Gm57197	
Gm73653	
Gm73654	
4933436H12Rik	
Gm71704	
Krt14	KRT14
Gm71709	
Gm73659	
Gm71710	
Gm71711	
Nell1os	
Gm11597	
Gm71712	
Gm11598	
Gm42121	
Krt16	KRT16
Gm71714	
Gm71715	
Gm71716	
Gm71720	
Gm71721	
Gm34994	
Gm71722	
Gm57269	
Krt17	KRT17
Gm73666	
Gm57321	
Gm73668	
6330403L08Rik	
Gm73671	
Gm39093	
Gm73685	
1700040P09Rik	
Gm73693	
Gm73697	
Gm30873	
Gm35249	
Gm16251	
Krt42	
5830416I19Rik	
Gm73704	
Gm73706	
Gm15489	
Gm57292	
Trp53bp1	TP53BP1
Gm34598	
Eif1	EIF1
Gm71730	
Gm71732	
Gm71733	
Gm26633	
Gm6598	
Gm71739	
Gm71740	
Gm71741	
Gm71743	
Gm71745	
Gm71746	
Gm30544	
Gm71747	
Gast	GAST
Gm71748	
Hap1	HAP1
Gm53374	
Gm73719	
Gm42400	
Tpr	TPR
Gm73725	
Gm73726	
Gm73727	
Gm34621	
Gm32059	
Gm45024	
Gm73731	
Gm71755	
Gm71756	
Gm73732	
1700095J03Rik	
Gm71758	
Gm71759	
Gm15747	
Gm73733	
Gm51502	
Gm73738	
Gm71761	
1700096K18Rik	
Gm29296	
Gm71766	
Gm73742	
Gm32183	
Gm36737	
Gm33290	
Gm15929	
Gm71769	
Gm73748	
Gm33234	
Gm73756	
Zbed5-ps	
Gm43640	
Gm20394	
Gm10039	
Jup	JUP
Gm35994	
Gm71789	
Gm71791	
Gm73765	
Gm30032	
Gm57201	
Gm73768	
C230038L03Rik	
4930513D17Rik	
P3h4	P3H4
Secisbp2l	SECISBP2L
Gm71804	
Gm57240	
Gm39027	
Gm71807	
Fkbp10	FKBP10
Gm71811	
Gm30812	
Gm39119	
Gm73781	
Gm73782	
Gm71814	
Gm73783	
Gm71816	
Gm73785	
Gm2479	
Gm73786	
Gm32850	
Gm71822	
Nt5c3b	NT5C3B
Gm57261	
Cops2	COPS2
Gm71826	
Gm71827	
Gm73790	
1700095K22Rik	
Gm42875	
Gm46018	
Gm42023	
Gm44570	
Gm71832	
Gm45056	
Gm35735	
Gm57214	
Gm73793	
4933408A14Rik	
Gm73795	
Gm42378	
2900089D17Rik	
Gm73797	
Gm73798	
Gm73799	
Gm73801	
Gm73803	
Gm40323	
Gm57251	
Gm57193	
Gm36446	
Gm36783	
Prg4	PRG4
Gm73809	
Gm73810	
Gm38989	
Gm6249	
Gm71847	
Gm32701	
Gm26560	
Klhl10	KLHL10
Gm55321	
Klhl11	KLHL11
Mir7116	
Slc35b1	SLC35B1
Gm39114	
Gm71863	
Gm71864	
Gm73824	
Gm71865	
Gm73827	
Gm71869	
Gm73828	
Gm71870	
Gm73829	
Gm15751	
Gm73831	
Gm71872	
4930431F12Rik	
Galk2	GALK2
Gm73836	
Gm73841	
Gm71877	
Gm73845	
Gm44649	
Gm71881	
A430072P03Rik	
Ska2l-ps	
Hmcn1	HMCN1
Spop	SPOP
Gm71886	
Gm57275	
Gm71888	
Gm10382	
Snhg14	
C330018A13Rik	
Gm71902	
Gm71903	
Gm71904	
Gm71905	
Gm71906	
Gm57271	
Gm42114	
Gm71909	
Gm57253	
Gm71916	
Gm42231	
Gm71918	
Gm57270	
Gm11522	
Gm71920	
Nxph3	NXPH3
Fam227b	FAM227B
Gm40292	
Ngfr	NGFR
Gm73860	
Gm32963	
Phb1	PHB1
Gm52819	
4930456A14Rik	
Gm71924	
Gm71925	
Gm71926	
Fgf7	FGF7
Gm71927	
Gm73863	
Gm36535	
Gm73865	
Gm73867	
Gm57238	
Gm73873	
Gm73876	
Gm73879	
Gm26496	
Gm73880	
Dtwd1	DTWD1
Zfp652	ZNF652
1700102J08Rik	
Gm73883	
Gm29443	
Gm56266	RN7SKP248
Atp8b4	ATP8B4
Gm57267	
Gm71934	
Gm42010	
Gm71935	
Polr2k-ps	
Phospho1	PHOSPHO1
Gm13842	
Gm73894	
Gm73898	
Abi3	ABI3
Gm73899	
Gm44947	
Gm71937	
Gm73902	
Gm71939	
Gm38944	
Gm71940	
Gm26604	
Gm28050	
Gm73904	
Gm73905	
4930583K01Rik	
Gm73908	
Gm73912	
Gm71945	
Gm73913	
Gm71951	
2310016G11Rik	
Gngt2	GNGT2
Gm73915	
Gm73916	
Gm73917	
Gm73919	
Gm73920	
Gm73921	
Gm73922	
Gm35297	
Gm53379	
Gm71959	
Gm73923	
Gm71960	
Gm52818	
Gm73924	
Gm71961	
Gm73926	
Acoxl	ACOXL
3100003L05Rik	
B4galnt2	B4GALNT2
Gm71963	
Gm71964	
Gm20631	
Gm71967	
Gm29188	
Gm57280	
Gm11534	
Gm24725	
Mir3063	
Gm6685	
Gm69397	
Gm12081	
Ccdc85a	CCDC85A
Gm70633	
Gm9884	
Gm73932	
Gm31076	
Gm73933	
Gm19123	
Gm73936	
Gm24064	
Gm33323	
Gm31136	
Gm33398	
Ddrgk1	DDRGK1
Gm71970	
Gm73938	
Gm71971	
Gm71972	
Spata31e2	
Gm71973	
Gm71974	
Gm71975	
Gm45092	
n-R5s209	
Gm70629	
2810471M01Rik	
2610206C17Rik	
Gm19641	
Gm71976	
Gm70420	
Gm71978	
Gm33017	
Mir216b	MIR216B
Mir216c	
Mir216a	MIR216A
Mir217	
Efemp1	EFEMP1
Gm71979	
Gm5524	
Itpa	ITPA
Gm71980	
Gm18776	
Gm73942	
Gm19028	
Gm73943	
Gm71983	
Gm20670	
Gm71985	
Gm70369	
Gm71986	
Gm71042	
Gm35112	
Gm70966	
Gm71987	
Gm38089	
Gm7846	
Gm45942	
Gm57273	
Rpsa-ps5	
Cycl	
Gm73946	
Gm71752	
Gm36430	
Gm71753	
Gm71754	
Slc4a11	SLC4A11
Spata31e5	
Gm30413	
Gm5697	
Gm6462	
Gm53035	
Gm73948	
Gm36614	
Gm69651	
Gm73950	
Gm71757	
Gm18033	
Slc36a1os	
Gm55767	Y_RNA
Gm55767	RNY1P14
Gm55769	
Gm55770	
Gm70221	
Gm73954	
Mir6342	
Gm73955	
Gm5525	
Gm71760	
Gm69536	
Gm73956	
Gm7858	
Gm73957	
Gm55771	
Gm73959	
Gm53366	
Gm12279	
Gm73961	
Gm73962	
Gm73964	
Gm72008	
Gm73967	
Gm56378	RN7SKP241
Gm14057	
Gm14048	
Gm55772	
Mir219a-2	MIR219A2
Mir219b	
Cercam	CERCAM
Gm31581	
Gm72010	
Gm72011	
Gm72014	
4930515G01Rik	
Gm44889	
Gm72015	
Gm72016	
Gm30408	
Gm72018	
Gm73973	
Gm71774	
Gm72019	
Gm73975	
Gm72020	
Gm36411	
Gm73977	
Gm72021	
Gm54299	
Gm71776	
Gm72024	
Brip1os	
Gm73981	
Gm57319	
Gm72027	
Gm9898	
Gm73982	
Gm72029	
Gm72030	
Gm72032	
Odf2	ODF2
Gm73983	
Gm73984	
Gm73985	
Gm71111	
Gm73986	
Gm71779	
Gm70275	
Gm71781	
4732471J01Rik	
Gm20465	
Gm71782	
Gm53209	
Gm71784	
Gm70817	
Gm71785	
Gm33099	
Gm70815	
Gm70581	
Gm71008	
Gm71194	
Gm72040	
Gm53475	
Gm72041	
Gm72043	
Gm36186	
Gm71787	
Gm71788	
Gm57290	
Lyrm7os	
Tmem132cos	
Gm70031	
Gm57114	
Gm70870	
Gm41954	
Gm71793	
Gm28441	
Gm71794	
Gm71795	
Gm71796	
Gm71797	
Gm73999	
Gm71798	
Gm74000	
Gm71802	
Gm70214	
Gm74001	
Gm72052	
Zc3h11a	ZC3H11A
Zc3h11a	ZC3H11B
Zc3h11a	ZC3H11C
Gm74002	
Gm72053	
1500002F19Rik	
Gm11444	
Gm72055	
Gm57305	
Gm71803	
Gm71805	
Gm11542	
Gm72058	
Gm11635	
Gm74005	
Gm57298	
Gm57223	
Gm72060	
Gm72061	
Gm72064	
Gm72065	
Gm72067	
Gm72069	
Gm72071	
Gm71813	
Gm12144	
Gm74009	
Gm72072	
Gm74011	
Gm33370	
Gm11541	
Gm71818	
Gm74012	
Gm74013	
Gm71820	
Gm74014	
Gm34488	
Gm74015	
Gm74016	
Gm71269	
Gm74018	
Gm70099	
Gm70601	
Gm70361	
Gm45502	
Gm74019	
Gm71173	
Gm74020	
Gm70487	
Gm71272	
Gm69393	
Gm74021	
Gm71830	
Gm74023	
Gm39392	
Gm74025	
Gm15412	
Gm71835	
Gm26418	
Tubb4b-ps2	
Gm30009	
Gm28439	
Gm10222	
Gm74026	
Gm28438	
Gm28437	
Gm74027	
Gm71838	
Gm74028	
Atp6-ps	
Gm71839	
Gm53367	
Gm71840	
Gm28661	
Gm38950	
Gm29216	
Gm30061	
Lmbrd1	LMBRD1
4933409L14Rik	
Gm71843	
4930543E12Rik	
Gm71844	
Gm72093	
Gm71845	
Gm39440	
Gm72095	
Gm72097	
Gm72098	
Gm72101	
Gm42110	
Gm71846	
Gm12065	
Gm71848	
Gm38963	
Gm71852	
Gm71854	
Gm71855	
1010001B22Rik	
Gm46302	
Gm71859	
Gm71861	
Gm46268	
1700016B01Rik	
Gm74038	
Gm31152	
Gm72112	
Gm74041	
Gm72113	
Gm74043	
Gm72114	
Gm72115	
Gm74044	
Gm74048	
Gm74052	
Gm74053	
1810008I18Rik	
Gm46285	
Gm35089	
Gm72120	
Gm72121	
Gm26725	
Gm71875	
Gm71879	
4930483O08Rik	
Sox6os	
Gm71880	
Gm12107	
Parvaos	
Gm74057	
Gm74058	
Gm31318	
Gm38972	
Gm28594	
Gm71890	
Gm28237	
Gm71892	
Gm9443	
Gm71893	
Gm29414	
Gm71896	
Gm71898	
Gm74059	
Adgrb3	ADGRB3
Gm71907	
Gm15541	
Gm57234	
Gm71908	
2310022A10Rik	C19orf47
Gm71910	
Gm46301	
Gm71912	
Gm51860	
4930554G24Rik	
Gm43507	
Gm72137	
Gm26808	
A930037H05Rik	
Gm72140	
1700069L16Rik	
Gm31522	
Gm72153	
Gm72154	
Gm72157	
Gm40297	
Gm72161	
Gm72162	
Gm74065	
Gm72164	
Gm72165	
Gm74066	
1700028D13Rik	
Akt2	AKT2
Gm71932	
Gm11419	
Gm35251	
E130006D01Rik	
Gm71938	
Gm71941	
Gm71942	
Gm15702	
Gm12236	
Gm20172	
Gm71943	
Gm22260	
Gm37543	
4931413K12Rik	
Gm37331	
Gm37211	
Gm37862	
Gm71944	
Gm38286	
Gm71946	
Gm37880	
Gm25294	RNU6-1310P
Gm71947	
Gm37011	
Gm71948	
Gm29214	
Gm71949	
Gm37051	
Gm71952	
Gm38260	
Gm71954	
Gm37628	
Gm71955	
8030445P17Rik	
Gm38198	
Gm71956	
Gm37077	
Gm31190	
Gm55846	
Gm71957	
Gm37895	
Gle1	GLE1
Gm71958	
Gm36952	
Gm37602	
2900022M07Rik	
Gm72184	
2900002M20Rik	
Gm72185	
Gm18443	
Gm72186	
Gm72187	
Gm70314	
Gm40286	
Gm33152	
Gm72188	
Gm72189	
Gm72190	
Gm54317	
Gm72191	
Gm70060	
Gm72195	
Gm72196	
Gm70908	
Gm72197	
Pax3	PAX3
Gm54323	
Gm71962	
4933434M16Rik	
Gm72200	
Gm72202	
Gm46947	
Gm71966	
Gm72211	
Gm38942	
Sptan1	SPTAN1
Gm74097	
Gm52980	
Gm38973	
Ttc9b	TTC9B
1700012H19Rik	
Gm72215	
Gm46923	
Map3k10	MAP3K10
4930404A12Rik	
Gm53649	
Gm71969	
Gm72219	
2810001G20Rik	
Gm72220	
Gm29982	
Gm2102	RNF228
Sgpp2	SGPP2
Gm28410	
Gm37884	
Gm28995	
Gm72231	
Gm44684	
Gm71977	
Ptp4a1	PTP4A1
Gm74105	
Arhgap27os2	
Gm31317	
Gm72233	
Gm51866	
Zfp607b	ZNF780A
Gm51880	
Gm72235	
Gm30305	
Gm72236	
Gm20484	
Gm74110	
Srrm4os	
Zfp60	ZNF780A
Gm70494	
Gm34000	
Gm70641	
Gm72243	
Gm71991	
Gm71993	
Gm74114	
Gm71016	
Gm72244	
Gm74115	
Gm71994	
Gm72245	
Gm71996	
Gm71026	
Gm71997	
Gm71013	
B430105G09Rik	
Gm71999	
Gm69708	
Gm72002	
Gm57391	
Gm72004	
Gm72005	
Gm70171	
Gm72248	
Gm51906	
Gm35380	
Gm57385	
Gm10046	
Gm74120	
Gm72007	
Gm30866	
Fzd7	FZD7
Zfp626	ZNF780A
Gm26813	
Gm72009	
Gm74121	
Gm74122	
Gm973	KIAA2012
Gm15495	
Gm74125	
Topbp1-ps2	
Gm9239	
Gm74128	
Gm6820	
Gm74131	
Gm44520	
Topbp1-ps1	
Gm4607	
Gm74134	
Gm39612	
Gm7367	
Gm5900	
Gm72266	
Gm74136	
Gm57276	
Gm72025	
Gm6112	
4930562A09Rik	
Gm72026	
4933430H16Rik	
Gm39441	
Gm72268	
Gm72269	
Gm28411	
Gm72047	
Gm36223	
Cyp2b27-ps	
Gm72048	
Rptoros	
Gm74143	
Gm10440	
Gm53674	
Gm44964	
Gm72049	
Sult2a-ps1	
Gm39607	
Gm74145	
Cyp2a21-ps	
Gm72056	
Sumo1	SUMO1
Gm72057	
Gm32142	
Klk1b14-ps	
Gm72059	
Gm6155	
Gm42009	
Gm74148	
Gm19203	
Gm72274	
Gm72062	
Gm74150	
Gm55879	RN7SKP100
Gm72063	
Gm72275	
Gm29596	
Gm72279	
Nop58	NOP58
Gm72068	
Gm27149	
Gm72282	
Gm72070	
Gm74151	
Gvin-ps4	
Gm72284	
Gm74153	
Gvin-ps6	
Gm74155	
Gm72287	
Gm72073	
Gvin3	
Gm72293	
Gm57206	
Gm57362	
Gm33371	
Gm72298	
Gm72074	
Gm72300	
1700030C12Rik	
Gm72304	
Gm72305	
Gm72307	
Gm2546	
Gm31255	
Gm45064	
Gm72310	
Gm44887	
2210417A02Rik	
Gm74157	
Gm57356	
Gm72078	
Gm5334	
Gm72079	
Gm72080	
Gm74158	
Gm72081	
Gm72312	
Gm12315	
Gm45007	
Gm15522	
Gm72082	
Gm74159	
Gm72083	
Gm72313	
Gm72084	
Gm74162	
Gm72085	
Gm72086	
Gm57272	
Gm72088	
Gm72089	
Pira2-ps1	
Gm72090	
Gm42235	
Gm72091	
Fzd10os	
Gm72092	
Gm74163	
Gm72094	
Gm72096	
Gm4501	
Gm74165	
Gm72100	
Gm33828	
Gm72102	
Gm74166	
Gm72103	
Gm15544	
Gm74167	
Rpl19-ps10	
Gm39606	
Gm72105	
Gm57399	
Ndufs6b	
Gm72107	
Gm74168	
Gm72108	
Gm72109	
Zfp419	
Gm74170	
Gm72110	
Gm45351	
Snord70	SNORD70
Gm12224	
Gm26293	SNORD70B
Gm26287	SNORD11B
Snord11	SNORD11
Snord11	
Bmpr2	BMPR2
Zscan4a	
Gm72117	
Gm72119	
Gm74175	
Gm11767	
Gm7151	
Gm74176	
Zscan4-ps4	
Gm74177	
Gm8463	
Gm74178	
Gm3200	
Gm38125	
Gm74179	
Gm37977	
Fam117b	FAM117B
Saa-ps	
Gm72325	
Gm74180	
Gm72328	
Gm72330	
Gm72331	
Gm44966	
Gm72332	
Gm74181	
Gm72333	
Gm18350	
Gm57274	
Gm37531	
Gm72334	
Gm18829	
Gm74182	
Gm72335	
Mrgprb11-ps	
Gm42761	
Ica1l	ICA1L
Gm45086	
Gm72336	
Gm52832	
Scgb2b10	
Gm74183	
Gm72338	
Pitpnm2os1	
Scgb2b22-ps	
Gm72340	
Gm72135	
Gm72136	
Gm51861	
Gm72343	
Gm43661	
Gm72346	
Gm33885	
Gm11762	
Gm72347	
Gm72349	
Gm72351	
Gm72141	
Gm72142	
Gm43131	
Gm72143	
Gm11766	
Gm29977	
Wdr12	WDR12
Gm72145	
Gm9211	
Gm72148	
Gm72152	
Gm57332	
Gm57343	
Gm72160	
Gm57357	
Gm72359	
Gm11657	
Gm72360	
Gm6605	
Gm72362	
Gm26964	
Gm74185	
Gm4454	
Gm42008	
Gm74186	
Gm72363	
Gm36185	
Gm21276	
Gm74187	
Gm35828	
Gm42670	
Gm72168	
Gm21142	
2610027K06Rik	
Gm74188	
Gm72367	
Gm1988	
Gm31656	
Gm74189	
Gm6124	
Gm74190	
Gm16387	
Gm74191	
Gm72169	
Bcas3os1	
Gm9271	
Gm74192	
Gm28455	
Gm72385	
Gm72388	
Bcas3os2	
Gm72391	
Gm47762	
Gm72170	
Gm15464	
Gm72171	
Gm70929	
Gm30837	
Gm9220	
Gm72173	
Gm74194	
Gm57164	
Gm12199	
Gm6818	
Gm71297	
Gm72174	
Gm74197	
Gm72175	
Gm9358	
Gm72176	
Gm74199	
Gm44583	
Gm71302	
Gm72392	
Gm11732	
Gm19248	
Gm54310	
1700016F12Rik	
Gm36274	
LOC102637012	
Gm72397	
Gm74204	
Gm72398	
Gm4247	
Gm72177	
Gm74205	
Gm72178	
Gm50480	
Gm72179	
Gm34418	
Gm72401	
Gm70056	
Gm72407	
Gm72408	
Gm70852	
Potefam2	
Gm74208	
Atg4b	ATG4B
Gm72412	
Gm72413	
Gm72181	
Gm7514	
Gm57199	
Gm72183	
Gm3521	
Dgkeos	
4930448I18Rik	
Gm6887	
Gm45549	
Gm18561	
Gm74213	
Gm44600	
Gm15408	
Rps12-ps4	
Obox4-ps3	
Gm57195	
Gm72192	
Gm72419	
Gm72420	
Gm15409	
Gm72203	
Gm72205	
Gm72422	
Gm11729	
Gm72423	
Gm72425	
Gm57415	
Dtymk	DTYMK
Gm11733	
4921504A21Rik	
Gm57367	
Gm72213	
4933427E13Rik	
Obox3-ps7	
Gm74240	
Ing5	ING5
Obox4-ps28	
Gm74241	
Gm44650	
Gm72437	
Gm72439	
Gm5905	
Gm54295	
Gm72223	
Gm72224	
Gm72225	
Gm72226	
Gm15736	
Gm72227	
Gm72228	
Gm46298	
Gm72441	
Gm6842	
Gm74249	
Gm72442	
Gm22089	
Gm72445	
D2hgdh	D2HGDH
Gm6518	
Gm72446	
Gm74250	
Gm72448	
Gm72230	
1700010L04Rik	
Gm72449	
Gm72232	
Gm12022	
Gm15469	
Gm72457	
Gm72237	
Gm31068	
Gm72238	
Gm72459	
Gm38937	
Gm72461	
Gm72239	
Gm72240	
Gm33528	
Gm72464	
1700047L14Rik	
Platr28	
Gm72242	
Gm11520	
R74862	
Gm72470	
Gal3st2	GAL3ST2
Gm36667	
A230006K03Rik	
Gm30325	
Gm18666	
Gm72249	
Gm72250	
Gm72251	
Zfp286os	
Gal3st2b	GAL3ST2
Gm72482	
Gm11750	
Gm72484	
Gm7889	
Gm72487	
Gm72254	
Gm72491	
Gm72255	
Gm72493	
Gm72256	
Gal3st2c	GAL3ST2
Gm11731	
Gm33969	
Gm15927	
Gm72261	
Neu4	NEU4
Gm72263	
Zfp652os	
Gm72498	
Gm42530	
Gm72499	
Gm72500	
Gm42004	
Gm30550	
Pdcd1	PDCD1
Gm12763	
Gm72503	
Gm7891	
Gm72504	
Gm7895	
Gm72505	
Gm23389	
Gm72507	
Gm72508	
4930440C22Rik	
4930551E15Rik	
Gm40028	
Gm72270	
Gm2788	
Gm72271	
Gm38935	
Gm32921	
Gm57324	
Gm72277	
Gm72278	
Gm30206	
Gm72280	
Gm39445	
Gm72513	
Gm35063	
Gm72514	
Gm72515	
Gm72289	
Gm72517	
Gm57364	
Gm72518	
Gm72292	
1700025M24Rik	
Gm72295	
Gm72297	
Gm23181	
Gm5264	
Gm72299	
Gm72302	
Fam174a	FAM174A
1700092K14Rik	
BC055308	
Gm15427	
Gm69720	
Gm72311	
St8sia4	ST8SIA4
Gm35932	
Mir6997	
Dync2i2	DYNC2I2
Gm72529	
E130111B04Rik	
Gm43101	
Gm72314	
Gm39425	
Gm37642	
Gm30431	
4930598F16Rik	
Gm40316	
Set	SETSIP
B130011K05Rik	
Gm37761	
Gm70944	
Gm36772	
Gm72541	
Gm57110	
Altre	
Gm72316	
Gm42984	
Gm70156	
Gm72317	
Gm72318	
Gm70175	
Gm53555	
Gm72319	
Gm70699	
2210008F06Rik	
Gm70495	
Gm70357	
4932435O22Rik	
Gm57188	
Gm71065	
Hsfy2	HSFY2
Hsfy2	HSFY1
Satb2	SATB2
Gm34475	
Pkn3	PKN3
Gm72322	
Gm72554	
Gm72555	
Gm57369	
Gm72557	
Gm20511	
Gm15545	
1700010H22Rik	
0610009L18Rik	
Gm17102	
Gm72565	
Gm72567	
1700071G01Rik	
Gm72571	
Gm42122	
Gm31399	
Gm72573	
9130024F11Rik	
2900076A07Rik	
4930505K14Rik	
Gm57381	
Gm46293	
Gm72337	
Gm72579	
Gm32064	
Gm72580	
Gm72583	
Gm72585	
Gm4081	
Gm72587	
Gm55536	
Gm72341	
Spats2l	SPATS2L
Gm72342	
Zdhhc12	ZDHHC12
Gm57359	
Gm72591	
Gm72592	
4933425D22Rik	
Gm11696	
Gm72594	
Gm72596	
Gm72597	
Gm72600	
Gm38745	
Gm72604	
Gm72606	
Gm72608	
Gm72610	
1700061D14Rik	
Zer1	ZER1
Gm20033	
Gm72354	
Gm72355	
Gm72356	
Gm72358	
Gm30875	
4933417O13Rik	
1700096J18Rik	
Gm72364	
Gm72365	
Gm72366	
Gm72368	
Gm72369	
Gm72372	
Gm72373	
2210402C17Rik	
Gm72374	
Gm72375	
Gm72377	
Chaserr	
Gm12061	
Gm19590	
Gm35602	
Kcnab3os	
Gm72379	
Gm72380	
Gm72623	
Gm72625	
Gm11508	
Gm25866	
Nxt1	NXT1
Gm72626	
Gm40289	
Ccdc42os	
Gm72627	
Gzf1	GZF1
Gm72628	
1700081B01Rik	
Gm72383	
Gm72384	
Gm72386	
Gm72387	
Gm51871	
Napb	NAPB
Gm38610	
Gm72394	
Gm72396	
Gm29681	
4933402J10Rik	
Gm30771	
Gm11529	
Gm72399	
Gm39038	
Gm72400	
Gm32293	
Gm32846	
Gm17234	
Gm72663	
Gm72664	
Kctd18	KCTD18
Gm72666	
Cstl1	CSTL1
Gm72670	
Gm72672	
Gm72676	
Gm72679	
Gm72409	
Gm72410	
Gm72684	
1700007J10Rik	
Gm72686	
Gm26761	
Gm72690	
Gm72694	
Gm30075	
Gm72696	
Cst11	CST11
Gm72697	
Gm72700	
Gm72701	
Cstdc1	
Gm72702	
4930429H19Rik	
Gm57414	
Gm42138	
Cst12	
Gm72706	
Gm46273	
Gm72707	
Gm72709	
Gm72416	
Gm72710	
Gm57389	
Gm72712	
Sgo2a	SGO2
Gm72418	
Gm72713	
Cst8	CST8
Gm72714	
Gm72716	
Gm31005	
Gm72720	
Gm72722	
Gm72724	
Gm72727	
Gm72731	
Gm72732	
Gm31555	
Gm72424	
Gm72733	
Cst13	
Gm3519	
Gm72427	
Gm70775	
Gm72736	
Gm71066	
Gm26648	
Gm34286	
Cst9	CST9L
Gm72740	
Gm57317	
Gm72741	
Cstdc2	CST9L
Gm72742	
Gm42234	
Gm57342	
Gm33662	
Gm72744	
Gm72745	
Cst3	CST3
Gm72435	
Gm72749	
Gm72750	
Gm29851	
Gm72751	
Gm39094	
Gm72752	
Gm72438	
Gm38221	
Gm71069	
Gm42654	
Gm14129	
Gm72440	
Gm44581	
Gm1330	
Gm34450	
Gm10750	
Gm14135	
Tcf15	TCF15
Gm35040	
Gm39671	
Rps15a-ps7	
Gm72443	
Csnk2a1	CSNK2A1
Csnk2a1	CSNK2A3
Gm72444	
Gm11752	
Gm40457	
Gm72447	
Gm70735	
Gm72450	
Gm36111	
Gm72451	
Gm39819	
Gm72456	
4930441H08Rik	
Gm70786	
Gm72458	
Gm71165	
Gm72460	
Gm72462	
Gm47959	
Gm72463	
Gm7553	
Slc19a3	SLC19A3
Gm57377	
Gm44970	
A630028G03Rik	
Gm30684	
Gm72467	
Gm46937	
Gm33998	
Gm72471	
Gm7539	
Krtap28-10	
Gm47969	
Gm34902	
Gm72474	
A030005K14Rik	
Gm22000	
Krtap28-13	
Gm29518	
Gm72766	
Gm44777	
Gm72475	
Ccl20	CCL20
Gm72767	
Gm72476	
Gm72768	
Gm72769	
Gm11665	
Gm54318	
Tbc1d20	TBC1D20
Gm72479	
Gm72480	
4930533N22Rik	
Gm31109	
Gm33938	
Gm72483	
Gm72486	
4933432K03Rik	
Gm42745	
Gm70319	
Gm70450	
Gm72494	
Gm72496	
Gm34097	
Gm29519	
Gm72497	
Daw1	DAW1
Gm19619	
Rbck1	RBCK1
Gm35082	
Gm57310	
Gm16223	
B230209E15Rik	
Gm72792	
Gm6244	
Gm55129	
Gm70742	
Gm70738	
Gm57300	
Gm6374	
Gm37517	
Gm57122	
Gm70882	
Gm72797	
Gm70062	
Gm35620	
Gm70067	
Gm39589	
Gm36017	
Gm70752	
Gm70755	
Gm30360	
Gm69579	
Cep112os1	
Gm69572	
Gm31612	
Trib3	TRIB3
Gm72520	
Gm30719	
Myadml2os	
Gm38979	
Gm37108	
Gm72808	
Gm42093	
Gm37275	
Gm44812	
Gm72522	
Gm38753	
Nrsn2	NRSN2
Gm37225	
Gm72812	
Gm37489	
Gm57351	
Gm5694	
9530046B11Rik	
Gm72523	
Gm72524	
Pcmtd1	PCMTD1
Sox12	SOX12
Gm72525	
Gm72817	
Gm72527	
Zcchc3	ZCCHC3
Gm72528	
6820408C15Rik	C20orf96
Gm44753	
Gm36395	
Gm72822	
Gm42074	
Gm35704	
Gm72530	
Gm72833	
Gm72532	
Gm32474	
Gm72533	
Gm72535	
Gm35723	
Gm26983	
Gm38372	
Gm9826	
Gm32031	
Gm72834	
Gm72536	
Nras-ps2	
Gm72537	
Gm72835	
Gm23274	
Gm57277	
Gm72538	
Gm26901	
Gm11659	
Gm27343	
Gm14158	
Defb23	DEFB129
4930555O08Rik	
Gm14156	
Defb20	DEFB128
Gm72539	
Gm72837	
Gm45027	
Gm54291	
Defb22	DEFB127
Defb22	DEFB108B
Defb22	DEFB108C
Defb22	DEFB104A
Defb22	DEFB104B
Defb22	DEFB132
Defb22	DEFB134
Defb22	DEFB121
Gm32849	
Gm32556	
Defb26	DEFB125
Gm44659	
Defb28	DEFB115
Gm72543	
Gm72840	
Defb29	DEFB116
4930567K12Rik	
1700112J05Rik	
Gm17416	
Gm11728	
A230057D06Rik	
Defb21	DEFB118
Defb19	DEFB119
Gm72546	
Gm72547	
Gm72548	
Gm55214	
Defb45	
Gm72550	
Gm72843	
9230009I02Rik	
Defb36	DEFB123
Gm57265	
Gm72844	
Gm19002	
Gm72846	
Gm14163	
Defb25	DEFB124
Gm18984	
Gm57353	
Gm36182	
Gm30414	
Rem1	REM1
Gm72556	
Gm31157	
Gm37791	
Gm72559	
Gm7470	
9430073C21Rik	
Gm72850	
Rps2-ps2	
Gm72851	
Gm38216	
Gm72853	
Gm72854	
Sntg1	SNTG1
Gm72855	
Gm72856	
Gm72857	
H13	HM13
Gm72858	
Gm36356	
Gm72859	
Gm72860	
Gm72861	
Gm72575	
Gm72862	
Gm72578	
Map2k3os	
Gm72863	
Gm72864	
BC024386	
Gm72582	
Gm72586	
Gm12298	
D130017N08Rik	
Gm38957	
Gm72865	
Gm72599	
Gm72602	
Gm72603	
Gm72607	
Gm72609	
Gm43698	
Gm72611	
Gm72612	
Gm72613	
Gm72867	
Gm12239	
Gm72869	
Gm72870	
Gm43020	
C130046K22Rik	
Gm72871	
Gm38024	
Gm16284	
Gm72872	
Gm38259	
Gm54704	
Gm72873	
Gm37005	
Gm15452	
Gm36964	
Gm54706	
Gm6152	
Gm46260	
Gm7445	
Gm72874	
Gm7493	
Gm46941	
Gm37629	
Gm38008	
Gm72876	
Gm37143	
Gm72877	
Gm6187	
Gm57297	
Gm54314	
Gm18299	
Gm72878	
Gm7512	
Gm72879	
Gm69636	
Gm20548	
Desi2	DESI2
Gm40263	
Gm72619	
Mcts2	
Gm72620	
Zfp341	ZNF341
Gm72621	
Gm72622	
Gm72624	
1700025D23Rik	
Gm8023	
1700008B11Rik	
4930527J03Rik	C1orf202
Gm72884	
B230369F24Rik	
Gm72885	
4732490B19Rik	
Gm72887	
Gm72888	
Gm72889	
Gm72891	
Gm3510	
Gm72894	
Gm72630	
Gm43269	
Chmp4b	CHMP4B
Chmp4b	CHMP4BP1
Gm72896	
Gm43000	
9330160F10Rik	
Gm72634	
Gm72636	
Gm42750	
Gm72899	
Gm36385	
Gm42225	
Gm14206	
A630023P12Rik	
Rpl5-ps2	
Gm72640	
Gm51919	
Gm14215	
Eif2s2	EIF2S2
Gm72642	
Gm12349	
Gm37486	
Gm12121	
Cox20	COX20
Spns2os	
Gm72646	
Gm72648	
Gm53683	
Hnrnpu	HNRNPU
Gm72650	
Gm33964	
Ptgis	PTGIS
Gm72651	
Gm12324	
Gm30337	
Dhx58os	
Gm38948	
2410004I01Rik	
Gm38947	
Gm14291	
Gm72922	
Gm57212	
Gm11473	
Gm52786	
Gm72653	
B4galt5	B4GALT5
Gm12292	
Gm15637	
4930478P22Rik	
Gm12068	
Gm72654	
Gm40025	
Slc9a8	SLC9A8
Gm10466	
Gm57204	
Gm30423	
Gm57309	
Gm72655	
Gm42151	
Gm72656	
Gm72657	
Gm72936	
Gm72661	
Gm40281	
Gm57224	
Gm38300	
Gm69582	
Gm32506	
Gm71097	
Gm71101	
Gm70639	
Gm69448	
Gm70897	
Gm72943	
Gm72945	
Gm69907	
4930403D09Rik	
Gm32164	
Gm70808	
Gm57287	
Gm72955	
Gm70628	
4930425K10Rik	
Gm69630	
Gm70007	
Gm72675	
Gm32622	
Gm72677	
Gm72680	
Gm40032	
Gm72683	
Gm72956	
Gm69612	
Gm72958	
Speg	SPEG
Gm72688	
Gm42096	
Gm72689	
Gm72961	
Gm72691	
Gm72963	
Gm72693	
Gm72695	
Gm72965	
Gm72966	
Gm72967	
Gm72698	
Gm72968	
Gm72699	
4933438B17Rik	
Gm72711	
Gm74407	
Gm72715	
Bmp7	BMP7
Gm32046	
Gm72729	
Gm72730	
Spo11	SPO11
Gm12162	
Gm11946	
Gm74411	
Gm72737	
Gm74419	
Gm72739	
Gm74422	
Gm74424	
Gm72743	
Gm7596	
Gm32213	
Gm46943	
Gm72990	
Gm33491	
Gm72993	
Gm74426	
Gm72995	
Gm72996	
Gm72997	
Gm72998	
Gm29924	
Gm73000	
1700012M20Rik	
Gm73002	
Gm73003	
1110006O24Rik	
Gm72753	
Gm72754	
Gm43782	
Gm72755	
Gm72756	
Gm42136	
Gm30560	
Gm11592	
Gm73008	
Gm73010	
Gm73011	
Gm72757	
Gm39608	
Gm57404	
Gm73014	
Gm72759	
Gm73015	
Gm72761	
Gm72763	
Rae1	RAE1
Gm12037	
Gm73016	
Gm73017	
Gm72764	
Dnah2os	
Gm73019	
Gm31752	
Gm11773	
Gm42088	
Gm39601	
Gm72770	
Bloodlinc	
Gm72771	
Gm34253	
Rbm38	RBM38
Gm57390	
Gm11690	
Gm72776	
Gm72777	
Gm72778	
Gm72779	
Gm72780	
Gm29903	
Gm72782	
Gm20490	
Gm14453	
Ctcfl	CTCFL
Gm74429	
Gm72788	
Gm15178	
Gm74430	
Gm72790	
Gmppa	GMPPA
Gm38627	
2810433D01Rik	
Gm40262	
1700014B07Rik	
Usp6nl	USP6NL
Gm73027	
Gm73029	
Gm72793	
Gm73031	
Gm73033	
Gm72794	
Gm72795	
Gm57307	
Gm12296	
Gm73034	
Gm73035	
8430419K02Rik	
Gm73036	
Gm34931	
Gm43449	
Gm73038	
Gm73039	
Gm35763	
Gm73041	
Gm30807	
Gm73043	
Gm74431	
Gm42529	
Gm30149	
Gm72804	
Gm73047	
Gm73049	
Gm73051	
Gm72807	
Gm73052	
9130230L23Rik	
Gm72809	
Gm13388	
Gm38386	
Gm16140	
Celf2	CELF2
Gm72813	
D030016M11Rik	
Gm73059	
Gm38958	
Gm38562	
Gm72814	
Gm72816	
Gm72818	
Gm11961	
Gm33821	
Gm33277	
Asic4	ASIC4
Gm72824	
Gm72826	
Gm72827	
Gm38732	
Gm72828	
Gm73073	
Gm72829	
Gm73074	
Gm72830	
Gm73076	
Gm72832	
Gm73078	
Gm73081	
Gm32483	
Gm28865	
Gm37264	
Gm15182	
Gm73089	
Gm5257	
Gm73091	
Gm29065	
Gm73092	
Gm29068	
Gm52806	
Gm73093	
Apoa2	APOA2
Gm46912	
Gm51934	
Gm73095	
Gm73099	
Gm73100	
Gm72836	
Gm73101	
Gm51903	
Gm73102	
Gm73103	
Gm12665	
Gm73104	
Gm73105	
Gm73108	
Gm71631	
Gm73109	
Gm26703	
Fcer1g	FCER1G
Gm73111	
4932441J04Rik	
Ndufs2	NDUFS2
Gm74434	
Gm72845	
Gm72847	
Gm72848	
Gm72849	
Gm46003	
Eldr	
Gm74439	
Gm51485	
Gm73126	
4933424C09Rik	
Gm34225	
Gm73129	
Gm26953	
Gm45846	
Gm45847	
Gm38584	
Gm73136	
Gm73137	
Gm35881	
Adamts4	ADAMTS4
Gm73138	
Gm36764	
Gm34838	
Gm34549	
Gm73140	
Gm73141	
Gm73145	
Gm73146	
Gm73147	
Gm73148	
Gm73151	
Gm73152	
Gm15461	
Gm73162	
Gm54305	
Gm57119	
Gm71346	
Gm70666	
Gm73166	
Gm70460	
Gm70558	
Gm70747	
Gm73167	
Gm73169	
Gm73170	
Gm26641	
Gm73171	
Gm73172	
B930036N10Rik	
Gm9765	
Gm32422	
Gm73173	
Gm73174	
Gm35200	
4930572K03Rik	
Slamf7	SLAMF7
Gm72883	
Gm57330	
Gm11423	
Gm72892	
AU040972	
Gm72895	
Gm72897	
Gm37787	
Gm70589	
A630035G10Rik	
Gm73188	
Gm57346	
Gm37981	
Gm13840	
Gm72900	
Cd48	CD48
Gm73190	
Gm72901	
Gm73192	
Kdm6bos	
Gm73194	
Gm39605	
Gm10855	
Gm73195	
Gm37340	
Gm72907	
Gm73197	
Gm11496	
Gm10115	
Pitpnm2os2	
Gm44767	
Gm55636	
Gm24340	
Gm28641	
Gm37010	
Tma7-ps	
Gm13210	
Gm13211	
Gm37693	
Gm57345	
Gm19030	
Gm73199	
Gm56305	RNU6-907P
Psmc3	PSMC3
Gm22950	RNU6-771P
Gm22950	RNU6-1323P
Gm22950	RNU6-1072P
Gm73200	
Slamf1	SLAMF1
Reno1	
4930429D17Rik	
Gm37065	
Gm11973	
Gm73216	
Gm30443	
Gm72923	
Gm72925	
Gm70710	
Gm70938	
Gm72926	
Gm73224	
Gm69881	
Gm35710	
Gm73226	
1700021F02Rik	
Gm37756	
Gm73229	
Gm36196	
Gm72931	
Gm64269	
Gm71183	
Gm72933	
Gm73231	
Gm72934	
Gm73232	
Gm72935	
Gm73233	
Gm57132	
Gm73234	
Gm69981	
Slc39a13	SLC39A13
Gm73235	
Or10aa1	
Gm53671	
Gm73236	
Gm73237	
Gm73238	
4932414J04Rik	
Or10aa3	
Gm73240	
Gm35628	
Gm73241	
Or10aa4-ps1	
Gm73242	
Or6n2	OR6N2
Gm73243	
Gm72937	
Gm11707	
2210406O10Rik	
Or6n1	OR6N1
Or6h1-ps1	
Or6k14	
Olfr1566-ps1	
Or6k6	OR6K6
Gm26542	
Or6k4	OR6K3
Gm31129	
Gm72946	
Gm11789	
Or6k3	
Gm73251	
Gm73253	
Or6k8	
Gm52783	
Or6k2	OR6K2
Gm73259	
Gm43440	
Gm42884	
Spta1	SPTA1
Gm73278	
Gm40329	
Gm34648	
Pacsin3	PACSIN3
Gm73288	
Gm73289	
Gm73290	
Gm43645	
Gm73292	
Gm42155	
4930518C09Rik	
Gm16175	
Gm73295	
Gm43132	
Gm57360	
Gm72969	
Gm72970	
Gm20475	
Gm40261	
Gm72972	
Gm57219	
Gm72973	
Gm32988	
Gm12195	
Gm12145	
Gm72975	
Or10z1	OR10Z1
Gm72978	
Gm72979	
Gm57209	
Gm72982	
Gm73309	
Mptx1	
Gm72983	
Gm73310	
Slc36a3os	
Gm30205	
Gm31601	
Col4a3	COL4A3
Gm73311	
Gm36556	
Gm73312	
Gm72989	
Gm72991	
Gm36084	
Gm72992	
4930566F21Rik	
Gm72994	
Gm44633	
2900041M22Rik	
4933440M02Rik	
Gm10836	
Gm73314	
Gm73005	
Gm73006	
Gm11772	
Gm32185	
Gm73007	
Gm39446	
Gm73009	
Gm73315	
Gm11788	
Gm73316	
Gm73317	
Gm73012	
Gm57254	
Gm73013	
Arfgap2	ARFGAP2
Gm73320	
Gm42016	
Gm73321	
Gm35338	
Gm73322	
Gm73323	
Gm73325	
Gm73327	
Gm73328	
Gm36405	
Gm54925	
C430014B12Rik	
Gm36793	
Mff	MFF
Gm73331	
4930437M23Rik	
Gm73021	
Gm73022	
B230206L02Rik	
Gm73336	
Gm36619	
Gm27040	
4930458D05Rik	
Gm73342	
1700110I07Rik	
Gm73343	
4833439F03Rik	
Gm73345	
Cstpp1	CSTPP1
Gm73347	
Gm52779	
Gm73351	
Gm57301	
Gm42918	
Gm73355	
Gm73356	
Gm73357	
Gm73358	
Gm73359	
Gm73361	
Gm73363	
Gm40328	
Gm42945	
Gm73368	
Gm73369	
Gm40264	
Gm28941	
Tm4sf20	TM4SF20
Gm13787	
Gm56105	
Gm14267	
Gm16523	
Gm14125	
Gm74099	
Gm13547	
Gm47791	
Gm19257	
Ehmt1	EHMT1
Gm36999	
Gm73379	
Gm28942	
Gm73381	
Gm17764	
Gm73057	
Gm54947	
Gm12116	
Gm73384	
Agfg1	AGFG1
Gm73385	
Gm73060	
Gm73061	
Gm73062	
Gm38730	
Gm73063	
Gm73064	
Gm57334	
Gm73388	
Gm73065	
Gm40303	
Gm73066	
Gm73067	
Gm12043	
Gm73069	
Gm73072	
4930405L22Rik	
Gm73391	
Gm73079	
Gm73082	
Gm54329	
Gm73084	
Rab11fip4os1	
Gm73085	
Gm73400	
Gm11739	
Gm40290	
Gm73403	
Gm73404	
Gm73086	
Gm73405	
Gm73088	
Gm33044	
Gm57373	
Gm73406	
Gm73407	
Gm73094	
Gm73409	
Gm73411	
Gm73097	
Gm73412	
Snhg15	
Gm73413	
Gm15860	
Gm45620	
Gm73415	
A930024E05Rik	
Gm73424	
Gm36851	
Gm33118	
Gm44644	
Gm73427	
Gm15787	
E230029C05Rik	
Gm73120	
Gm73432	
Gm73122	
Gm73123	
Gm73434	
Gm35012	
Gm73435	
Gm73436	
Gm73437	
Gm73438	
Gm73131	
Gm73132	
A030005L19Rik	
A030014E15Rik	
Gm73133	
Gm39672	
Gm6217	
A030003K21Rik	
Gm7544	
Gm5106	
Gm47955	
Gm70608	
Gm70612	
1700027F09Rik	
Gm70443	
Gm73134	
Gm70697	
Gm73135	
Gm70922	
Gm11651	
Gm70571	
Gm46158	
Gm70647	
Gm69560	
Gm32221	
Gm73452	
Gm73453	
Gm53477	
Gm73454	
Gm70637	
Gm73455	
Gm73150	
Gm73457	
Gm73458	
Gm73154	
Gm73459	
Gm73155	
Gm73157	
Gm73460	
Gm33714	
Gm73159	
Gm11734	
Gm73461	
Gm30895	
Gm57134	
Gm32670	
Gm71232	
Gm71027	
Gm24517	
Myog	MYOG
Ppfia4	PPFIA4
Gm73466	
Gm73467	
Gm31034	
Gm73469	
Gm52808	
Gm73471	
Gm30396	
Gm73475	
1700013M08Rik	
4930467D21Rik	
Gm33453	
Gm46280	
Gm12348	
Gm73488	
Ntng2	NTNG2
Gm42131	
Gm73490	
Gm73491	
C030013E06Rik	
Gm73186	
Gm73495	
Gm73496	
Gm73187	
Gm73497	
Gm73498	
Gm73189	
Gm43100	
Gm73191	
Tmem183a	TMEM183A
Gm73193	
Gm73499	
Gm73500	
Gm73502	
Gm53701	
Gm73503	
Gm6116	
Gm33351	
Gm73207	
Gm73209	
Mgat4f	
4930405N21Rik	
Gm12018	
Gm40308	
Cyb5r1	CYB5R1
Gm73210	
Cacnb4	CACNB4
Gm73211	
Gm73509	
Gm73212	
4930573I07Rik	
9230020A06Rik	
Gm32002	
Gm57361	
Gm73221	
Gm73223	
Gm73225	
Gm73227	
Gm43353	
Gm73520	
Gm73228	
Gm73522	
Gm35971	
Gm73525	
Gm44787	
Gm73526	
Gm42980	
Gm31954	
Gm73527	
Gm30219	
5930411N13Rik	
Gm42161	
Gm26862	
Fmnl2	FMNL2
Uchl1os	
Adipor1	ADIPOR1
1700003C15Rik	
Gm17586	
Gm73255	
Gm73258	
Gm73260	
Gm73261	
Gm73263	
Gm42397	
Gm73264	
Gm73267	
Gm73268	
Gm73269	
Gm73270	
Gm73271	
Gm15627	
Gm12089	
Gm73272	
Gm39613	
Platr1	
Gm73277	
Gm37935	
Gm53653	
Gm73557	
Klhl12	KLHL12
Gm73559	
Gm73281	
Gm73284	
Gm73561	
Gm31724	
Gm73563	
Gm40340	
1700048F04Rik	
Gm28076	
C78283	
Gm73296	
Gm73297	
Gm39472	
Gm73298	
Gm73299	
Gm40333	
Gm73576	
Gm73578	
Gm73302	
Rabif	RABIF
Gm73304	
Gm73306	
Gm73307	
Gm25612	
Gm53670	
Gm15454	
Tuba5-ps	
Gm73308	
Mgat4e	
1700001J04Rik	
Kdm5b	KDM5B
Scn9a	SCN9A
E130304I02Rik	
D630024D03Rik	
Gm34468	
Gm35625	
Gm73598	
Gm73599	
Gm26756	
Gm73602	
G630030J09Rik	
Gm73605	
Gm33151	
Gm73612	
Gm73615	
Gm73617	
Gm73330	
Gm57200	
9530036O11Rik	
Gm12326	
Abcb11	ABCB11
Gm57371	
Gm29202	
Gm26783	
Syt2	SYT2
Gm30561	
Gm73339	
Gm44930	
Gm73627	
Gm73628	
Gm73629	
Gm73631	
Gm30802	
Gm19610	
Gm73636	
Gm29683	
Ppp1r12b	PPP1R12B
1700081H04Rik	
Gm73344	
Gm73346	
Gm73348	
Gm73349	
Ubr3	UBR3
Gm57366	
Gm44992	
Gm73354	
Gm12320	
Gm42851	
Gm26608	
Gm73360	
Gm73362	
Gm73364	
Gm73365	
Gm73367	
Gm57331	
Gm73370	
Gm11615	
Gm51910	
Gm73650	
Gm57386	
1500035N22Rik	
Gm73373	
Gm73376	
Gm57249	
4931418L13Rik	
Gm24596	
Gm25579	
Gm73377	
Cln3	CLN3
Gm73380	
Gm73382	
Gm73383	
Gm73656	
Gm73386	
Gm73658	
Gm73387	
Gm11650	
Gm36665	
Prkag2os1	
Gm73389	
Gm37949	
Gm56117	
Gm73390	
Gm37677	
Gm73664	
Gm28892	
Gm73665	
Ube2t	UBE2T
Gm73667	
2900005J15Rik	
Gm36220	
Gm73393	
Gm73396	
Gm73399	
Gm73401	
Gm73402	
Gm53660	
Gm73674	
Gm73679	
Gm37218	
Gm73683	
Gm73684	
Gm42232	
Gm70630	
Gm71227	
Cirpil	
Gm70567	
Gm70839	
Gm70771	
Gm69962	
Gm73687	
Gm70490	
Gm35055	
Gm57411	
Gm73416	
Gm68670	
Gm70785	
Gm70030	
Gm16035	
Gm11505	
Gm34102	
Gm51890	
Gm52767	
Gm73418	
Gm73688	
Gm73420	
Gm71347	
Gm73690	
Gm73422	
Gm33765	
Gm33973	
Gm52789	
Mir142hg	
Gm43391	
Gm73425	
Gm39724	
Gm21149	
1700061J23Rik	
Gm69921	
Ttn	TTN
Gm34130	
Gm21847	
9930105H17Rik	
Gm21190	
Gm30613	
Gm70725	
Gm70448	
Gm70441	
Gm73699	
Gm70449	
Gm70446	
Gm21083	
Gm70451	
Gm69596	
Gm70693	
Speer4d	
Fam177b	
Gm8214	
Gm34068	
Gm38332	
Gm38108	
Dusp10	DUSP10
Speer4c2	
4930553C11Rik	
Speer4cos	
Speer4c1	
1700056E22Rik	
Gm42452	
1700126A01Rik	
Gm42454	
4930519H02Rik	
Mir7059	
Apobr	APOBR
BC055402	
Gm73439	
Gm73441	
Gm73442	
Gm42453	
Il27	IL27
Gm73444	
Gm42451	
Gm73718	
Gm57303	
Gm5254	
Gm73720	
Gm73447	
Gm73448	
4930558J18Rik	
Gm72551	
Rbakdn	
Gm73450	
Gm72552	
Gm11190	
Gm39087	
Nupr1	NUPR1
Gm73456	
Gm73464	
Gm29979	
Gm73730	
4930448H16Rik	
2510046G10Rik	
1700066M21Rik	C2orf69
Sgf29	SGF29
Gm73470	
Gm38735	
Tyw5	TYW5
Gm29932	
Gm12092	
BC030343	
0610040B10Rik	
Gm73479	
Gm73481	
Gm57396	
Discn	
Gm73482	
Gm73484	
Gm73743	
Gm73486	
4930448A20Rik	
Gm35148	
Gm15750	
Gm73746	
Gm9967	
Gm6272	
Gm73489	
Gm73749	
Zar1-ps	
Gm73492	
Gm73493	
Gm73494	
1700024J04Rik	
Gm15653	
Gm73755	
Gm73501	
Aldoa	ALDOA
Cyp3a63-ps	
Gm73504	
Gm31674	
Gm73759	
Maip1	MAIP1
Gm73507	
Gm9850	
Gm73762	
Gm73508	
Gm73510	
Gm18345	
Gm73770	
Gm22371	
Gm55546	
Gm8581	
Gm17091	
Gm37373	
Gm17929	
Gm73773	
Gm6647	
Gm73515	
Gm73516	
Gm73517	
Gm73519	
Gm11685	
Gm6650	
Gm73521	
Gm73523	
Gm6673	
Gm32730	
Gm40318	
Gm73776	
Gm3527	
Gm73777	
Gm43752	
Gm73778	
Gm4868	
Gm73779	
Gm73544	
Gm73545	
Hmgn2-ps1	
Gm11724	
Gm73784	
Gm35650	
4930421P07Rik	
Gm57854	
Gm73787	
Gm43456	
Gm73550	
Gm40293	
Gm74420	
Gm73551	
Gm73869	
Gm73552	
Gm72721	
Gm72718	
Gm30586	
Gm73941	
Gm53372	
Gm31749	
Gm73935	
Gm32680	
Gm73564	
Gm73565	
Gm73566	
Gm72309	
Gm73568	
Gm73571	
Gm73570	
Gm2044	
Gm73572	
Gm53042	
Gm73023	
Gm16201	
Gm33851	
Gm39478	
Gm20121	
Gm73811	
Gm12002	
Gm21049	
Gm73813	
Gm9534	
Gm5575	
Gm73825	
Gm73579	
Gm73580	
Gm73581	
Gm73582	
Gm10221	
Gm73583	
Gm7931	
1700072I22Rik	
Gm72908	
Gm13836	
Gm73833	
Gm72941	
Gm43142	
Gm73834	
Gm72939	
Gm7832	
Gm7205	
Gm73588	
Gm73590	
Gm74243	
Gm73592	
Gm57229	
Gm57328	
Gm73554	
Gm73158	
Zfp553	ZNF48
Zfp771	ZNF771
Gm29933	
Gm11958	
Dctpp1	DCTPP1
Sephs2	SEPHS2
Gm73596	
Gm42459	
Gm44729	
Gm73597	
Gm17511	
Gm5067	
Gm73600	
Gm31897	
Gm12160	
Gm11725	
Gm20072	
Itgal	ITGAL
Gm10108	
Gm73848	
Gm73609	
Gm43510	
Gm16020	
Gm73610	
Gm42882	
Arhgap27os1	
Timd7-ps	
Gm7284	
Gm73616	
Gm12027	
Gm73618	
Gm73619	
Gm11491	
Gm6486	
Gm73870	
Gm3053	
Gm73875	
Gm73620	
Gm6468	
Gm73622	
Gm73881	
Gm73623	
Notumos	
Gm73625	
1700028N14Rik	
Gm6348	
Gm73885	
Gm73630	
Sp110-ps2	
Gm29127	
Gm50482	
Gm73891	
Gm42621	
Gm42164	
Gm8493	
Gm12159	
Gm73895	
Gm73643	
Gm73644	
Gm11749	
Gm73648	
Gm11730	
Gm6465	
Gm73901	
Gm6083	
Gm73903	
Gm7285	
Gm73910	
Ccdc18	CCDC18
Cdrt4os1	
Gm73655	
Gm73657	
Gm36874	
Gm39442	
Zfp768	ZNF768
Gm73660	
Cdrt4os2	
Zfp747	
Zfp120	
Gm73662	
Gm73663	
Gm73673	
Gm40192	
Gm73678	
Gm73680	
Zfp747l1	
Gm73681	
Gm73682	
Zfp442	
4930417O22Rik	
Spint5	
Gm11008	
Gm14403	
Gm7118	
Zfp764l1	ZNF764
Zfp764l1	ZNF747
Gm8190	
Fahd2a	FAHD2A
Gm73686	
Gm43083	
Dr1	DR1
Snhg20	
Gm71786	
Gm43081	
Gm10602	
Pigg	PIGG
Gm73546	
Gm73543	
Gm73549	
Gm72746	
Kcnip3	KCNIP3
Gm73692	
Gm73705	
Gm57213	
Gm57384	
Xndc1	XNDC1N
Gm73694	
Gm73695	
Gm57387	
Gm73698	
Gm73700	
Gm73931	
Gm12059	
9330198I05Rik	
Gm73701	
Gm73702	
Gm42518	
Tmem271rt	TMEM271
Gm73707	
Gm57264	
Pde6b	PDE6B
Gm73708	
Gm73709	
Gm73710	
Gm73711	
Gm39572	
Xntrpc	
Gm73712	
2610507I01Rik	
Gm73714	
Gm56334	RN7SKP220
Gm52974	
Prom2	PROM2
Gm35598	
Gm73715	
Gm73717	
Gm73721	
Gm73723	
Gm20659	
Gm35169	
Gm73728	
1700086D15Rik	
Gm57401	
4933439C10Rik	
Atp5me	ATP5ME
Gm73734	
Gm73960	
Gm73735	
Gm73736	
Gm73737	
Gm73739	
Gm73740	
Gm73741	
Gm11959	
Gm34319	
Slc49a3	SLC49A3
Gm73745	
Gm73747	
Gm73750	
Gm73754	
Trpc2	
Gm73757	
Gm73758	
4732414G09Rik	
Gm14229	
Zfp661	ZNF2
Gm73761	
Pcgf3	PCGF3
Gm73763	
Gm73764	
Gm73766	
Gm73769	
1700003D09Rik	
Gm73771	
Gm73772	
Gm12108	
Art5	ART5
Mrps5	MRPS5
Gm40823	
Gm10086	
Cplx1	CPLX1
Art1	ART1
Tvp23bos	
Gm36876	
Gm73995	
Gm33078	
Gm43364	
Gm73788	
Gm73996	
Gm73789	
Gm43365	
Gm73998	
Chrna10	CHRNA10
Gm73791	
Gm73792	
4930584F24Rik	
Myo3a	MYO3A
Gm40816	
Nup98	NUP98
Gm73794	
Gm73796	
Gm73800	
Gm73802	
Gm73804	
Gm73805	
Gm73808	
Gm13342	
Gm13341	
Gm13340	
A630052C17Rik	
Gad2	GAD2
Gm57392	
Gm73814	
Gm73815	
Gm73816	
Gm73817	
Gm73818	
Gm73819	
Gm12148	
Gm40026	
Gm73820	
Gm73821	
Gm73822	
Gm40036	
Gm73823	
1700023C21Rik	
Mir3967	
Gm56175	
Gm13338	
Spi1	SPI1
Gm57403	
3110004A20Rik	
Gm34252	
Gm33963	
Gm73835	
1700051A21Rik	
Mybpc3	MYBPC3
Gm73838	
Gm73839	
Gm73842	
Gm73843	
Gm73844	
Gm53657	
Gm11754	
Gm53654	
Gm73846	
Gm10419	
Gm39482	
Gm73847	
Gm35878	
Gm73849	
Gm73850	
Gm73851	
Gm73852	
Gm57380	
Gm73853	
Gm73854	
4921501M06Rik	
Gm57363	
Gm73855	
Pgap2	PGAP2
Gm73856	
Gm73857	
Gm30786	
Gm73859	
A830036E02Rik	
Gm73861	
4833417C18Rik	
Gm73864	
Gm11527	
Gm73871	
Gm73872	
Gm73874	
Gm73877	
Gm39417	
Gm57408	
Gm73886	
Gm11638	
Gm73889	
Gm73890	
Gm73892	
Gm73893	
Madd	MADD
Lhx1os	
Gm57190	
Rhog	RHOG
Gm18255	
Gm72428	
Gm44744	
Gm73807	
Gm73882	
Gm44709	
Gm73837	
Gm74146	
Gm72638	
Gm71936	
Gm30440	
Gm73332	
Gm16019	
Gm39044	
Gm15672	
Gm73703	
Tmc3	TMC3
Tbx3os1	
Gm73925	
Gm36565	
Gm57379	
Gm16638	
Gm73927	
Gm35117	
Gm73929	
Stard5	STARD5
Gm20647	
Gm73930	
2700038G22Rik	
Gm57406	
Gm45838	
Il16	IL16
6030443J06Rik	
Gm73939	
Gm11769	
Gm73940	
Gm73944	
Gm11999	
Gm73945	
Gm33585	
Gm73947	
Gm46251	
Gm73949	
Gm34075	
Gm73951	
Gm73952	
Gm73953	
Gm57348	
9130204K15Rik	
2310044K18Rik	
Gm73963	
Phgdh-ps1	
Gm7964	
Cfap161	CFAP161
Gm73965	
Gm73966	
Gm73968	
Gm73969	
Gm73970	
Gm73971	
Gm73972	
Gm44993	
Gm73974	
Gm39043	
Gm73976	
Gm73978	
Gm73979	
Gm73980	
Gm57370	
3110009M11Rik	
Gm44531	
Gm44530	
Tlnrd1	TLNRD1
Mesd	MESD
Gm11716	
Gm73988	
Tnfsf13os	
Gm49493	
Cemip	CEMIP
Gm73989	
Gm11712	
Gm73990	
Gm73991	
Gm73992	
4930434J08Rik	
Miat	
Gm73994	
Gm73997	
Gm36615	
Gm74003	
Etaa1os	
Gm74006	
Gm74007	
Gm74008	
Gm30927	
Dmrt1i	
Gm39985	
Gm32585	
Gm74017	
Scpep1os	
Gm74024	
Gm31460	
Gm53681	
4930459L07Rik	
Abhd17c	ABHD17C
AI506816	
Gm74030	
Gm74031	
Gm26708	
Gm74032	
Gm74033	
4930500L23Rik	
Gm74034	
Gm74035	
Gm74036	
Gm74037	
Gm36763	
Gm33347	
Gm74039	
Gm74040	
Gm35102	
4930432H08Rik	
Gm22177	
Gm44826	
Gm44827	
Gm74047	
Gm44872	
Gm74050	
Zfp260	ZNF260
Gm74051	
Gm74054	
Gm74056	
Gm36709	
Gm56129	
Chaer1	
Zfp382	ZNF382
Snhg16	
Gm10988	
4930487D11Rik	
Zfp146	ZNF146
Gm5113	
1700126H18Rik	
Gm53356	
4930413E15Rik	
Cox7a1	COX7A1
Gm43500	
Gm57257	
Capns1	CAPNS1
Gm57318	
Gm74060	
Gm74061	
Gm74062	
Gm74063	
Gm12153	
Gm74203	
Gm74206	
Gm26810	
Gm74064	
Gm74215	
Gm39393	
Gm74067	
Gm74068	
Gm74069	
Gm74070	
Gm74071	
Gm71678	
1700020L13Rik	
Gm74210	
Gm74211	
4930479H17Rik	
Gm12589	
Gm30601	
Gm42376	
Gm32029	
Gm73911	
Gm71682	
Gm11655	
Gm74217	
Gm74218	
Gm74220	
Gm74222	
Gm74072	
Gm74073	
Gm74074	
Gm74224	
Gm74075	
Gm74076	
Gm74077	
Gm74078	
Smt3h2-ps2	
Gm36241	
Gm32080	
Gm15643	
Zfp764	ZNF764
Zfp764	ZNF747
Gm74079	
Gm74080	
4930500F04Rik	
Gm33080	
Gm74081	
Zfp688	ZNF688
Gm74082	
Gm74083	
Gm74084	
Gm11697	
Gm34620	
Gm45184	
Gm74085	
Gm74086	
Zfp689	ZNF689
Arhgap27os3	
Gm39822	
B130055M24Rik	
Gm74088	
Gm74090	
Gm74091	
Gm74092	
Gm29477	
Gm45110	
Prr14	PRR14
Gm29958	
4933430M04Rik	
Gm15411	
Gm74093	
Gm74094	
Gm74095	
Gm74096	
Gm53678	
Gm74100	
Gm74101	
Gm57394	
Gm74102	
Gm3948	
Fbrs	FBRS
1810059H22Rik	
Gm74103	
Gm35829	
Gm74104	
Gm74106	
Gm74107	
Gm11418	
Gm74108	
Gm74109	
Gm57580	
Gm74111	
Gm57295	
Gm74112	
Gm74113	
Gm31228	
Gm74116	
Gm74117	
Mir7060	
Gm55644	
1700008J07Rik	
Gm74118	
Gm74119	
Srcap	SRCAP
Gm45606	
Gm15755	
Gm20488	
BC028471	
Gm74123	
Gm74126	
Gm74129	
Gm74132	
Gm74133	
Gm12359	
Gm74137	
Gm74138	
Gm74139	
Gm74141	
Gm74142	
Gm57383	
Gm74144	
Gm51856	
Gm74147	
1700046C09Rik	
Gm74152	
Gm74154	
Gm74156	
Hoxb5os	
2310047D07Rik	
Nr1h3	NR1H3
Gm42715	
Snora30	
Gm28198	
Gm57259	
Tmem265	
Phkg2	PHKG2
Gm34317	
Gm13783	
Gm23390	
Acp2	ACP2
Gm74169	
Gm74171	
Cfap119	CFAP119
Gm17202	
Gm74172	
Gm74173	
BC006965	
Gm42500	
Rnf40	RNF40
Gm38102	
Gm28271	
Gm42865	
Ddb2	DDB2
Gm44759	
1700120K04Rik	
Zfp629	ZNF629
9530056K15Rik	
Gm23101	
Gm43050	
Bcl2l11	BCL2L11
Gm51458	
Gm44760	
Bcl7c	BCL7C
Gm57397	
Gm74184	
9130213A22Rik	
Gm12280	
Gm11681	
Gm39090	
Gm74510	
Mir762	
Nphp1	NPHP1
Ctf1	CTF1
4930502E09Rik	
Ctf2	
Gm74193	
Gm57352	
Gm44590	
Gdpd4	GDPD4
Gm8013	
Gm74196	
Gm74198	
Gm57350	
Gm74200	
Gm11535	
Gm74202	
Myo7a	MYO7A
Gm39583	
Gm30084	
Gm74207	
Gm11538	
Myhas	
Gm74212	
Gm74214	
Gm11431	
Adap2os	
Ppp1r1c	PPP1R1C
Gm74216	
A930041C12Rik	
Gm74219	
Gm74223	
Gm46295	
Gm74225	
Gm33609	
Gm74227	
Gm74228	
Gm74229	
Gm74230	
Pde1a	PDE1A
Gm40822	
Gm74231	
Cntrobos	
Gm53669	
Gm74232	
Gm74233	
Gm40039	
Gm74234	
Gm74236	
Gm74237	
Gm74238	
Gm74239	
Gm11627	
Gm13674	
Pck1	PCK1
Gm35469	
4930458A03Rik	
Gm31194	
Gm74244	
Gm74245	
Gm74246	
Zbp1	ZBP1
Gm35198	
Gm74247	
Gm74248	
Gm34411	
Gm74252	
Gm33791	
Pmepa1	PMEPA1
Ptprj	PTPRJ
Gm74253	
8430429K09Rik	
Gm15477	
D5Ertd615e	
Gm74255	
Gm74256	
Gm34823	
AI839979	
Gm74257	
Gm12592	
Slc13a2os	
Gm74258	
Gm51920	
1700020A23Rik	
Gm74259	
Gm74260	
6820445E23Rik	
Gm53661	
Gm74261	
Gm25081	RNU6-327P
Gm13588	
Gm44062	
Nek6	NEK6
Gm74262	
Gm12064	
Gm74263	
Gm74264	
Gm74265	
4930538E20Rik	
Gm30470	
Gm16063	
Gm11205	
Gm74266	
Gm74267	
Gm74268	
Gm74269	
4930597A21Rik	
4930558F17Rik	
Gm74270	
Gm12063	
Gm33028	
Gm74271	
Gm35808	
Gm74272	
Gm44183	
Gm74273	
Psmb7	PSMB7
Gm39575	
1700109G15Rik	
Gm43838	
Gm74274	
Gm74275	
Gm74276	
Gm74277	
Atp5k-ps2	
Gm11691	
Vamp7-ps	
Stx16	STX16
Gm74278	
Gm74279	
Gm11967	
Gm74282	
Gm74283	
Gm74284	
Gm74286	
Gm74287	
1700042O10Rik	
Npepl1	NPEPL1
Gm74289	
Gm74290	
Gm74291	
Gm74292	
1700052K11Rik	
Gm74294	
Gm12167	
Gm74295	
Gm74297	
Gm74298	
Gm74300	
Gm33937	
1700017L05Rik	
Capn5	CAPN5
Lrrc75aos1	
Gm56449	
Mir296	
Mir298	
Gnas	GNAS
Gm12111	
Gm36266	
Gm71686	
Gm15498	
Gm72825	
2410006H16Rik	
Gm72810	
Gm72841	
Gm54308	
Gm73887	
Gm57848	TSC22D4
Gm9975	
Tsc22d4	TSC22D4
Gm74302	
Gm74303	
Omp	OMP
Gm73274	
Gm16938	
Lrrc75aos2	
Gm38577	
B3gnt6	B3GNT6
Acer3	ACER3
Gm74304	
Gm36551	
Gm46294	
Gm74307	
Gm57337	
Gm43495	
Gm73888	
Gm74308	
Tsc22d4	SPACDR
Gm74309	
Gm74310	
Gm74311	
Gm74312	
Gm74313	
Gm73830	
Gm74314	
Gm71304	
Gm57376	
Gm71313	
Gm73689	
Gm73884	
Gm38985	
Gm33476	
Gm73485	
Gm71601	
Tsku	TSKU
Gm71871	
Gm71568	
Gm9836	
Gm15589	
Kcnh2	KCNH2
Gm39022	
Gm74315	
Gm74316	
Gm74318	
Gm74319	
Gm44507	
Gm74320	
2810468A05Rik	
Gm74321	
Gm74322	
Gm74323	
Gm74324	
Gm34502	
Gm74325	
2010001A14Rik	
Nos3	NOS3
Gm72553	
Gm39053	
Gm74326	
Gm74327	
Gm44980	
Gm53707	
Gucy2d	
Gm74328	
Gm39816	
Gm15587	
Gm11528	
Atg9b	ATG9B
Gm74329	
Gm74330	
Gm74331	
Gm74332	
Gm2926	
Gm74333	
Gm44978	
Gm74334	
Gm38588	
Gm74335	
Gm12130	
Gm35282	
Gm71884	
Lrrc32	LRRC32
Gm73044	
Gm33394	
4933405E24Rik	
Gm23040	
Gm71876	
A630091E08Rik	
Abcb8	ABCB8
Gm74004	
Gm74010	
Gm74337	
Gm74338	
Emsy	EMSY
Gm57335	
Gm74339	
Gm74340	
Gm11586	
Gm39567	
Gm74341	
Gm51865	
Gm74342	
Gm74343	
Gm74344	
Gm74346	
Gm74347	
Gm74348	
Gm38956	
Asic3	ASIC3
Gm74349	
Gm74350	
Gm57341	
Gm11998	
Cdk5	CDK5
4930558N01Rik	
Gm32915	
Gm45132	
Gm15506	
Slc4a2	SLC4A2
Gm53255	
Gm10387	
Gm38534	
Gm72647	
Gm57488	
Gm29945	
Thap12	THAP12
Gm74352	
Gm11515	
Gm74353	
Gm39486	
Gm19656	
Gm44934	
Gm33720	
Gm39054	
Gm33770	
Wnt11	WNT11
Gm8398	
Gm33827	
Gm12305	
Gm73878	
Gm74354	
Uvrag	UVRAG
Gm74355	
Gm46278	
Gm74356	
Med9os	
Gm57368	
Gm57338	
Gm74357	
Gm74358	
Gm74359	
Gm74360	
Gm74361	
Gm39484	
Gm51900	
Gm39461	
Gm45188	
Gm45187	
Gm23479	
Fastk	FASTK
Gm30060	
Gm33882	
Gm44975	
Gm12714	
Gm71850	
Appbp2os	
Gm45185	
Dgat2	DGAT2
Gm56457	
Gm56458	
Gm56459	
4930401C12Rik	
Gm13586	
Gm56472	
Gm74362	
Adgrd2-ps	
Gm74363	
Gm33249	
Nr5a1	NR5A1
Gm16062	
Gm71735	
Gm74364	
Gm71738	
Gm45012	
Gm31862	
Mogat2	MOGAT2
Gm18943	
1810063I02Rik	
Gm26705	
Nr5a1os	
Gm74365	
Gm44146	
Gm74366	
Map6	MAP6
Rpl15-ps4	
Gm74527	
Gm12031	
Xrn2	XRN2
Gm74367	
Gm33862	
Gm74368	
Gm74369	
Gm74370	
Gm74371	
Gm74372	
Gm74373	
Gm32946	
Gm12069	
Gm22333	
Tmub1	TMUB1
Gm12119	
Gm35337	
Gm74374	
Gm73862	
Gm51874	
Gm35391	
Gm45591	
D930048N14Rik	
Serpinh1	SERPINH1
Gm35131	
2310074N15Rik	
Gm10472	
Gm74377	
Gm74378	
Agap3	AGAP3
Gm40200	
Gm12319	
Taco1os	
Gm74379	
Gm57365	
1700029K24Rik	
Gm74380	
4933424L21Rik	
Gm57252	
Gdpd5	GDPD5
Gm74381	
Gm74382	
Gm74383	
Gm74384	
Gm74385	
Rab11fip4os2	
Gbx1	GBX1
Gm57409	
Gm74386	
Nkx2-4	NKX2-4
Gm74387	
Gm74389	
Gm72601	
Gm74390	
Gm14116	
Gm74391	
Nkx2-2	NKX2-2
Gm57268	
Gm19911	
Gm74392	
Gm74393	
Gm12052	
Gm71564	
Gm57320	
Gm56467	
Gm14115	
Gm14113	
A430102K17Rik	
Gm56468	
4930401G09Rik	
Pax1	PAX1
Gm74394	
Gm13832	
4930507D10Rik	
Gm74395	
Gm14109	
Gm56475	
Gm72784	
Gm56476	
Gm56477	
Klhl35	KLHL35
Gm56478	
Gm13475	
Gm13479	
Gm13478	
BC046401	
Gm56375	
Gm11461	
Gm11462	
Gm11464	
Ncoa3	NCOA3
Rps3	
4930430O22Rik	
Gm71503	
Gm74396	
Mlec	MLEC
Gm74397	
Cabp1	CABP1
Gm74398	
Gm11682	
4930412M03Rik	
Gm74399	
Snord15b	SNORD15B
Gm12265	
Snord15a	SNORD15A
Gm72125	
Gm74400	
Gm56176	
Gm46300	
Gm34172	
Gm57413	
Gm74401	
Gm74402	
Gm74403	
9130017K11Rik	
Gm13828	
Pop5	POP5
Gm15892	
Gm74405	
Gm74406	
Gm35624	
Rnf10	RNF10
Arrb1	ARRB1
Sulf2	SULF2
Gm74408	
Gm11513	
Gm74409	
Gm53644	
Gm74410	
Gm32013	
Gm51908	
Gm32273	
Gm11695	
Gm74412	
Gm51902	
Gm74413	
Gm34793	
Gm56377	
Nat10	NAT10
Gm16013	
Gm74414	
Gm74415	
Gm74416	
Gm74417	
Gm74418	
Gm74421	
Gm74423	
Gm11479	
Gm11981	
Gm74425	
Gm74427	
Mir326	MIR326
Gm44914	
1700016P03Rik	
Tpbgl	TPBGL
Gm10605	
Gm74428	
Gm13831	
Coq5	COQ5
Galr2	GALR2
Zacn-ps	
Gm25409	SNORA41B
Gm15635	
Exoc7	EXOC7
Slco2b1	SLCO2B1
Gm13829	
Dynll1	DYNLL1
Gm13830	
Caprin1	CAPRIN1
Spata31h2	
Gm57286	
Gm72704	
Gm57294	
Gm72868	
Gm42951	
5031425E22Rik	
Gm34280	
Gm71885	
Gm44551	
Or2at4	OR2AT4
Gm19182	
Or2at1	
Gm71801	
F730035P03Rik	
Gm72644	
Neu3	NEU3
Gm73826	
Gm73156	
Fus	FUS
Gm43722	
4930580E04Rik	
Gm43058	
Gm42509	
Gm26730	
Kmt2e	KMT2E
Gm74432	
Gm55312	
Foxj1	FOXJ1
Sirpa	SIRPG
Sirpa	SIRPA
Sirpa	SIRPB1
Gm74433	
Rnf157	RNF157
Pycard	PYCARD
Gm45205	
Gm15533	
Trim72	TRIM72
Gm19366	
Gm5738	
Gm73918	
Gm9299	
Gm22809	
Itgam	ITGAM
Gm55876	
Gm71984	
Gm31785	
Gm43302	
Rps11-ps2	
Gm74436	
Gbp10	GBP6
Gm74437	
Gm57347	
Ubald2	UBALD2
Gm14205	
Gm13708	
Chrna1	CHRNA1
Gm11737	
Gm12622	
Gm74441	
Gm12627	
Gm74442	
Gm12615	
Gm74443	
Gm12625	
Gm74444	
Gbp6	GBP6
Gm12616	
Gm74445	
Gm12617	
Gm74446	
Gm12134	
Gm74447	
Chrna1os	
Gm12611	
Gm74448	
Gm12164	
F630206G17Rik	
Gm53265	
Chn1os3	
Chn1	CHN1
Gm11619	
Gm74449	
Gbp11	GBP6
Gm12191	
Rpl27-ps2	
Gm74450	
Hmgb1-ps3	
Gm74451	
Gm11196	
Gm12203	
Gm12206	
Gm74452	
Gm72395	
Gm32051	
Gm72415	
4930542N06Rik	
Gm12209	
Gm74453	
Gm11771	
Gm74454	
Lrrc8b	LRRC8B
1700071K01Rik	
Gm12226	
Mup-ps22	
Gm74455	
Gm12240	
Gm32500	
Gm42141	
Gm71455	
Gm72163	
Lrrc8c	LRRC8C
Gm72123	
Gm12241	
Gm74456	
Gm72166	
Gm72155	
Gm12245	
Gm57340	
C230066G23Rik	
Gm74226	
Gm73607	
Gm11478	
Gm32230	
Gm12311	
Gm74459	
Gm57256	
Gm11679	
Gm74461	
Gm11692	
Gm74462	
Gm12712	
Gm74463	
Eif3s6-ps1	
Gm74209	
Gm12004	
Gm57323	
Gm74464	
Gm71463	
Gm38082	
Gm73168	
Gm71524	
Myl10	MYL10
Gm11544	
Gm74465	
A430060F13Rik	
Gm74466	
Gm12020	
Gm74467	
Gm11430	
Gm11761	
Gm74469	
Btf3-ps13	
Gm74470	
Gm71422	
Gm12571	
Gm74471	
Gm71427	
Gm11637	
Gm30654	
Gm74472	
Gm20485	
4933404O12Rik	
Gm16342	
Gm49368	
Gm74473	
Gm11545	
Gm74474	
Gm11546	
Gm74475	
AA623943	
Gm45700	
Itgax	ITGAX
Rps15a-ps6	
Gm11440	
Rpl13-ps1	
Gm12188	
Gm74477	
Gm12189	
Chn1os1	
Gm74478	
Gm13640	
Gjd2	GJD2
Gm11539	
Gm11531	
Gm11660	
Gjd2os	
Gm57388	
Gm74481	
Gm11186	
Gm74482	
Gm11189	
Gm74483	
Hspa4	HSPA4
Gm73353	
Gm72034	
Gm73866	
Gm73868	
Gm26989	
Actc1	ACTC1
Gm57316	
Gm57281	
Gm71379	
Gm72194	
Gm71234	
Gm72948	
Gm71532	
Gm73300	
Gm74484	
Gm71241	
Gm74485	
Zcchc10	ZCCHC10
Smim10l3	SMIM10L3
Actc1dt	
Gm73106	
Gm74486	
Gm72904	
Gm72898	
Gm11188	
5430416N02Rik	
Aff4	AFF4
Gm17831	
Aqr	AQR
Itgad	ITGAD
Gm42690	
Gm71911	
Gm71829	
Gm71819	
Gm73858	
Gm71488	
Gm73175	
Gm72566	
Gm72581	
2310034O05Rik	
Gm74487	
Gm74488	
Gm25930	
Mir6920	
Leap2	LEAP2
Uqcrq	UQCRQ
Gm73672	
Gdf9	GDF9
Gm57308	
Gm74489	
Mir7002	
Zfp770	ZNF770
Gm74490	
Shroom1	SHROOM1
Gm39091	
Rpl9-ps7	
4931431B13Rik	
Sp5	SP5
Gad1os	
Cox6a2	COX6A2
Erich2os	
Gm8091	
Erich2	ERICH2
Gm44850	
Gm71792	
Zfp696	
Gm42128	
Gm71790	
Armc5	ARMC5
Gm45913	
Gm71799	
Gm19649	
Gm43596	
Gm5558	
Gm12212	
Gm72540	
Gm36303	
Gm9837	
Sowaha	SOWAHA
Gm74491	
Tgfb1i1	TGFB1I1
Gm9945	
Gm19835	
Gm36357	
Gm74492	
Rpl9-ps3	
Septin8	SEPTIN8
Gm37026	
Gad1	GAD1
Gm43688	
Rchy1	RCHY1
Gm43039	
Thap6	
Gm26558	
Gorasp2	GORASP2
Gm71621	
Gm55980	
Odaph	ODAPH
A430108G06Rik	
Cdkl2	CDKL2
Kif3a	KIF3A
Slc5a2	SLC5A2
Il4	IL4
Mir3103	
Gm57243	
Gm73075	
Gm73056	
Gm74493	
Gm73080	
Gm74221	
Pak6	PAK6
Gm12216	
Gm71618	
Gm71666	
G3bp2	G3BP2
Gm74164	
Gm71894	
Gm73647	
Gm73143	
Gm74049	
Gm74046	
Gm74055	
Leng9	LENG9
Cdc42ep5	CDC42EP5
Gm12214	
Gm5319	
Gm74494	
Gm44807	
Gm74495	
Ankrd63	ANKRD63
Gm57339	
Gm15926	
Lilra5	LILRA2
Lilra5	LILRA5
Lilra5	LILRB2
Lilra5	LILRB1
Lilra5	LILRA4
Lilra5	LILRA1
Lilra5	LILRB4
Lilra5	LILRB3
Lilra5	LILRA6
Lilra5	LILRB5
Gm74496	
Phgr1	
Gm74497	
Gm74499	
Gm74500	
Gm74501	
Bahd1	BAHD1
Gm15923	
Gm57378	
Gm74502	
Gm15931	
Gm74503	
Gm44881	
Ncr1	NCR1
Gm57375	
Chst14	CHST14
Gm38961	
Gm35948	
Gm74504	
Gm74505	
Gm74506	
A130094D17Rik	
Gm51916	
Gm74528	
Gm45013	
Gm74529	
Gp6	GP6
Gm74507	
Gm74530	
Gm74508	
Gm74531	
Gm74532	
Gm74509	
4930591A17Rik	
Gm51917	
Gm11537	
Snx11	SNX11
Gm55946	
Gm55948	
Atp6v0c-ps1	
Gm74534	
Rdh13	RDH13
Gm74535	
Gm74536	
Cbx1	CBX1
Gm39887	
Gm74537	
Gm74538	
Gm74539	
Gm74542	
Gm55952	
Gm15494	
Gm74543	
Gm74545	
Gm74546	
Eps8l1	EPS8L1
Gm11517	
Gm13617	
Nfe2l1	NFE2L1
Gm74548	
Gm32434	
Gm13605	
Gm22728	
Gm71647	
Gm54140	
Gm71656	
Gm55997	
Gm74550	
Gm71614	
9430021M05Rik	
D430040L24Rik	
Gm14486	
Gm15710	
Copz2	COPZ2
Muc17	MUC17
Mir152	MIR152
Gm11523	
Ppp1r12c	PPP1R12C
Gm11524	
Cdk5rap3	CDK5RAP3
Gm40348	
Gm74551	
Gm74552	
Gm74553	
Gm57431	
Gm57463	
Gm74554	
Gm74555	
Gm57432	
1810010K12Rik	
Gm74556	
Gm74557	
Muc12	
A930012O16Rik	
Gm57304	
Gm14144	
Gm57299	
Gm71654	
Gm71965	
Gm52791	
Tnnt1	TNNT1
Gm26411	RNU6-1198P
Hrk	HRK
Rnft2	RNFT2
Gm74558	
Dreg1	
Gm74559	
Gm11525	
Gm14161	
Prr15l	PRR15L
Gm74560	
Gm74561	
Gm30067	
Gm10822	
Pnpo	PNPO
Gm13528	
Gm14244	
Gm74562	
Gm74563	
Sp2	SP2
Gm74564	
Gm74565	
Gm73107	
Gm46762	
Gm56071	RN7SKP125
Spring1	SPRING1
Gm9873	
Gm25076	
Gm73266	
Gm73524	
Gm73318	
Gm74566	
Gm74567	
Gm73254	
Gm74568	
Gm74569	
Gm46942	
Gm11476	
Gm71576	
Gm30604	
Gm74570	
Gm74571	
Gm74572	
Gm74573	
Sp6	SP6
Gm74575	
Gm74576	
Gm74577	
Gm11532	
Gm74578	
Gm74579	
Gm74580	
Gm74581	
Gm28563	
Gm74582	
Gm74583	
Scrn2	SCRN2
Gm74584	
Gm74585	
Gm74586	
4921531C22Rik	
Gm72957	
Gm56073	
Gm71507	
Gm30746	
Zeb2os	
Lrrc46	LRRC46
Gm46921	
Gm74589	
Gm71713	
Gm74590	
Gm74591	
Gm11533	
Gm74592	
Mrpl10	MRPL10
Btf3-ps11	
Gm71537	
Gm74593	
Gm14167	
Gm57293	
Gm11574	
Tnni3	TNNI3
Osbpl7	OSBPL7
Gm71773	
Gm73110	
Med13l	MED13L
Gm74594	
Gm74595	
Gm39959	
Mir8103	
Gm11573	
4930528P14Rik	
D030028A08Rik	
Dnaaf3	DNAAF3
Gm74596	
Gm74597	
Gm13976	
Gm15873	
Syt5	SYT5
Gm33841	
Gm46748	
Pmepa1os	
Gm73896	
Gm15510	
Gm74599	
Gm74600	
Gm72881	
Gm74601	
Gm72886	
Lgalsl2	LGALSL
Gm74602	
Vmn1r58	
Gm44543	
E030013I19Rik	
Vmn1r59	
Gm74603	
Vmn2r28	
Gm74604	
Gm74605	
Gm74606	
Gm74607	
Gm74608	
Gm39886	
Vmn1r60	
Gm74609	
Gm53	
Gm43785	
Gm43788	
Vmn1r-ps40	
1700026D11Rik	
Vmn1r61	
Gm43275	
Gm43274	
Gm43052	
Gm43051	
Vmn1r62	
Gm72339	
Gm72452	
Gm44821	
Vmn1r63	
Gm71470	
Gm44820	
Gm42015	
Vmn1r64	
Gm20399	
Vmn1r-ps45	
Gm72012	
Vmn1r-ps46	
Vmn1r65	
Gm72006	
Gm5321	
Gm71490	
4933402C05Rik	
Qdpr	QDPR
Gm44733	
Nlrp4c	NLRP4
Hoxb3os	
Gm35807	
Gm54096	
Gm73934	
Zfp787	ZNF787
Gm74610	
Gm74611	
Gm74612	
Gm11656	
Bloc1s6os	
Gm42413	
C030013C21Rik	
Clrn2	CLRN2
Gm12295	
Gm71433	
Lap3	LAP3
Gm46752	
4933431C10Rik	
Gm73937	
Gm74613	
Gm45841	
Gm36371	
Gm73928	
1700056I18Rik	
Zfp444	ZNF444
Gm52538	
Gm31619	
4930401O10Rik	
Gm74614	
Gm74615	
Gm74616	
Gm74617	
Gm74618	
Gm74619	
Gm74620	
Gm74621	
Gm13523	
Gm13389	
Gm57475	
Gm74622	
Gm74623	
Gm74624	
Gm34325	
Gm45148	
Gm30069	
Galp	GALP
Gm11753	
1110028F11Rik	
Gm72913	
Zscan5b	ZSCAN5C
Zscan5b	ZSCAN5A
Zscan5b	ZSCAN5B
4930441J16Rik	
Platr20	
Med28	MED28
Eddm13	EDDM13
Gm74625	
Fam184b	FAM184B
Gm74626	
Gm74627	
Gm45069	
Gm74628	
4930529I22Rik	
Zfp667	ZNF667
Gm36337	
Gm54133	
Gm13175	
Gm74629	
Gm74630	
Gm74631	
Gm40001	
Zfp583	ZNF583
Gm42521	
Gm74632	
Gm42520	
9630001P10Rik	
Gm54134	
Gm74633	
Gm14152	
Gm43367	
Gm71675	
Gm43366	
1600023N17Rik	
Ncapg	NCAPG
Gm72660	
Gm73691	
Zim3	
Gm73840	
Gm73812	
Gm74201	
2610035D17Rik	
Or5bw2	
Zim2	
Gm36401	
Zim1	
Gm43201	
Gm29036	
Gm43200	
Gm72629	
Gm72659	
Gm72668	
Klf3	KLF3
Peg3	PEG3
C230096K16Rik	
Gm71589	
Gm31889	
Gm21011	
Gm73906	
Usp29	USP29
Gm71300	
Tlr1	TLR1
Gm14210	
Gm74635	
Gm36649	
Gm56178	
Gm44862	
Gm44863	
Gm73222	
Mir3099	
Gm44585	
Tlr6	TLR6
Gm44584	
Gm22649	RN7SL597P
Gm44586	
2310065F04Rik	
Gm44587	
Gm74636	
Gm73098	
Gm36417	
Zfp264	
Gm74637	
Mir574	
Gm43627	
AA543186	
Wbscr25	
Gm74638	
Zfp418	
Gm57416	
Gm74639	
Gm35478	
Gm31113	
Gm73239	
Zfp772	ZNF892
Gm72122	
Gm72198	
Gm13184	
Gm72199	
Gm73071	
Gm45844	
Gm36462	
Gm73087	
Gm35900	
Gm57444	
Gm39397	
Gm74640	
Gm72570	
Gm43021	
Gm32659	
C1qtnf7	C1QTNF7
Gm74641	
Gm34430	
Gm74642	
Vmn2r29	
Gm74511	
Gm43022	
Gm15866	
Gm13657	
Gm43023	
Cc2d2a	CC2D2A
Gm45631	
Gm72987	
Gm72258	
Gm72075	
Gm74643	
Gm73371	
Gm57250	
Alkbh3os1	
Gm74160	
Gm74161	
Gm72286	
Gm13563	
Gm72296	
Gm44473	
Gm3104	
Gm18198	
Gm6727	
Gm74644	
Gm7353	
Gm44451	
Gm74645	
Gm44459	
Gm74646	
Speer9-ps1	
Gm74647	
Gm39764	
Gm74648	
Gm38630	
Gm14223	
Gm74649	
Gm29708	
AU018091	
Gm14616	
Gm14342	
Gm74650	
Gm3375	
Gm14041	
Mir290a	
Mir290b	
Nlrp12	NLRP12
Gm74512	
Gm74513	
Gm14344	
Fbxl5	FBXL5
Gm74514	
Mir291a	
Mir292	MIR371A
Mir292b	
Mir291b	MIR372
Mir293	MIR371A
Gm74651	
Mir294	MIR372
1600015H23Rik	
Mir295	
Gm20553	
Gm35582	
Gm5340	
Gm74515	
Myadm	MYADM
Gm74516	
Gm57805	
Gm74652	
Gm74653	
Gm74517	
Prkcg	PRKCG
2810461L16Rik	
Gm74654	
Gm54095	
Gm74518	
Gm27032	
Gm74655	
Gm74656	
Gm36906	
Gm74520	
Gm17250	
Gm74522	
Gm74523	
Gm74524	
Cacng7	CACNG7
Gm33440	
2700052C19Rik	
Gm74657	
Gm74658	
Gm44257	
Gm74659	
Gm34769	
Cacng8	CACNG8
Gm74660	
Gm74661	
Gm74662	
Gm74663	
Gm39918	
Gm44151	
Mir935	
3300002P13Rik	
Gm74664	
Gm74665	
Gm42085	
Gm31117	
Gm74666	
Gm74667	
2900052L18Rik	
Gm13403	
Cacng6	CACNG6
Gm74668	
Gm74669	
Gm74670	
Gm45920	
Gm74671	
Gm42462	
Gm74672	
Gm43182	
Gm74673	
Gm43181	
Gm74674	
Gm42555	
Gm35037	
Bst1	BST1
Gm16141	
Tarm1	TARM1
Gm74675	
Gm74676	
Gm74677	
Gm74678	
Gm74679	
Gm74680	
Gm57349	
Gm44165	
Gm51440	
Gm14317	
Cd38	CD38
Gm71703	
Gm72265	
Gm74438	
Gm72222	
Gm74149	
Gm39902	
Gm71708	
Gm39001	
Gm74681	
Gm74682	
Gm73483	
Gm36090	
Gm16014	
Gm73058	
Gm45127	
Gm16015	
Klk1b22	KLK3
Klk1b22	KLK2
Klk1b22	KLK1
Gm74683	
Gm57398	
Gm74684	
Gm74685	
Gm31473	
Gm45126	
Gm45122	
Klk1b23-ps	
Klk1b16	KLK3
Klk1b16	KLK2
Klk1b16	KLK1
Gm45136	
Gm13270	
Klk1b24	KLK3
Klk1b24	KLK2
Klk1b24	KLK1
Ppihl	
Gm44779	
Klk1b3	KLK3
Klk1b3	KLK2
Klk1b3	KLK1
Gm7882	
Gm5292	
Gm43183	
Gm43184	
Fgfbp1	FGFBP1
Gm44605	
Klk1b4	KLK3
Klk1b4	KLK2
Klk1b4	KLK1
Gm74686	
Gm74687	
Prom1	PROM1
Gm74688	
Gm45134	
Gm57412	
Gm74689	
Klk1b5	KLK3
Klk1b5	KLK2
Klk1b5	KLK1
Gm74690	
Gm74691	
Gm74692	
Gm74693	
A830035A12Rik	
Gm74694	
Gm74404	
Gm13564	
Gm74695	
Gm13561	
Gm74696	
Gm10109	
Gm74698	
Klk1	KLK3
Klk1	KLK2
Klk1	KLK1
Gm74699	
Gm74700	
Gm74526	
Gm74702	
Gm74703	
Gm36254	
Gm57329	
1700028J19Rik	
Gm74704	
Gm74705	
Gm30374	
Gm74706	
Gm74708	
Gm57460	
Gm74709	
Gm36864	
Gm74710	
Gm14033	
Gm55192	
2410002F23Rik	
Gm74711	
Gm74351	
Gm34677	
Gm74712	
Pctp	PCTP
Gm46738	
Gm74713	
4930443O20Rik	
Gm74124	
Tmem100	TMEM100
Gm74029	
Gm34726	
Gm74715	
2900093K20Rik	
Gm39859	
Gm11494	
Gm56326	
Smim36	
Gm74716	
Gm74717	
Gm74718	
Gm45883	
Gm14437	
Gm74719	
Gm42089	
Gm39961	
Mmd	MMD
Gm39799	
Gm74720	
Gm40003	
Gm57461	
Gm74721	
Gm74722	
Hlf	HLF
Gm74723	
Gm13267	
Gm72315	
Gm74045	
Gm73677	
Stxbp4	STXBP4
Gm28496	
2900072N19Rik	
Gm74724	
Gm74725	
Gm74726	
Gm74727	
Gm26247	SNORD88C
Gm74728	
Snord88c	SNORD88B
Snord88c	SNORD88A
Snord88a	SNORD88B
Snord88a	SNORD88A
Gm23991	SNORD88B
Gm23991	SNORD88A
A230056K03Rik	
Acp4	ACP4
Gm74729	
Gm36744	
2810036E18Rik	
Gm32360	
Gm74730	
1700017J07Rik	
Gm15517	SMIM47
Gm18905	
Gm18307	
Gm7238	
Gm74731	
Gm11511	
Clec11a	CLEC11A
Gm74732	
Gm11512	
Cox11	COX11
Gm39854	
Gm14064	
Tom1l1	TOM1L1
Shank1	SHANK1
2310001K24Rik	
Gm74733	
Gm74734	
Gm74735	
Gm74736	
Gm13814	
Gm74737	
A330043C09Rik	
Gm74738	
Gm74739	
Gm74740	
Gm74741	
Gm13817	
Gm42716	
Gm44757	
Gm16401	
1700008O03Rik	C19orf81
Gm42966	
Gm42429	
Gm57405	
Gm42428	
Gm42427	
Gm34938	
Tapt1	TAPT1
Gm22762	
4930405D11Rik	
Gm44780	
Syt3	SYT3
Gm11516	
Gm39391	
Gm45124	
E430021H15Rik	
Lrrc4b	LRRC4B
Gm42982	
Gm42983	
Gm71841	
Gm50458	
Arpc1a	ARPC1A
Gm74336	
Gm57393	
Gm73055	
Gm73540	
4933428G20Rik	
Aspdh	ASPDH
Gm74296	
Gm74299	
Gm74235	
2410003L11Rik	
Arpc1b	ARPC1B
Josd2	JOSD2
Gm38962	
Gm72489	
Gm72172	
Gm11613	
Gm74388	
Gm74087	
Gm74089	
Gm72111	
Gm72118	
Gm14249	
Pip4k2b	PIP4K2B
Gm11614	
Mir8102	
Cwc25	CWC25
Gm74742	
4930550I04Rik	
Pdap1	PDAP1
Gm52566	
Gm34112	
Gm74743	
Gm74140	
Mir7052	
Gm74744	
Atp5l2-ps	
5430431A17Rik	
Bud31	BUD31
Spmap1	SPMAP1
Gm74745	
Gm36066	
Gm73670	
Gm74746	
Rpl23	RPL23
Gm74747	
Emc10	EMC10
Gm74748	
Gm74749	
Gm74751	
Gm74752	
Gm54825	SNORA21B
Snora21	SNORA21
Lasp1	LASP1
Gm57425	
Gm74753	
Gm74754	
Gm74755	
Gm74756	
Ptcd1	PTCD1
Gm74757	
Gm13441	
Gm74758	
Gm39853	
Garin5a	GARIN5A
Gm74759	
Gm14340	
Gm74760	
Cpsf4	CPSF4
Gm39993	
Gm74762	
Gm74763	
Gm74764	
Gm44646	
Gm74766	
Gm72046	
B230217C12Rik	
Mybpc2	MYBPC2
Gm74767	
Gm74769	
Gm30136	
Fbxo47	FBXO47
Gm13572	
Gm74770	
Gm39870	
Gm14302	
Gm11630	
Gm28643	
Gm72924	
Plxdc1	PLXDC1
Gm74771	
Gm74772	
Gm74774	
Gm74775	
Gm32546	
Gm74776	
Gm33262	
Spib	SPIB
Atp5mf	ATP5MF
Gm74778	
Gm14218	
Gm74780	
Gm54848	
Gm74440	
Gm39992	
Gm11633	
Gm74242	
Gm74781	
Pold1	POLD1
Gm71812	
Gm74782	
Arl5c	ARL5C
2600006K01Rik	
Zkscan14	ZNF394
Gm74783	
Gm39804	
Gm74195	
Cacnb1	CACNB1
Gm74784	
Gm74785	
4933437I04Rik	
Zkscan5	ZKSCAN5
Gm39845	
Gm13923	
Gm39843	
Gm34293	
Gm57434	
Gm74786	
Gm57417	
Gm74787	
Gm74788	
Gm74789	
Gm74790	
Gm74791	
Gm13322	
Zfp655	ZNF655
Gm74792	
Gm39960	
Gm74793	
4930405A21Rik	
Gm74794	
Gm74795	
Gm9710	
Zscan25	ZSCAN25
Gm74796	
Mir7053	
Gm44833	
Gm74797	
Gm42636	
Il11	IL11
Gm54164	
Cyp3a57	CYP3A4
Cyp3a57	CYP3A7
Cyp3a57	CYP3A43
Cyp3a57	CYP3A5
Gm74798	
Gm74799	
Gm74800	
Gm74801	
9430097D07Rik	
Tmem190	TMEM190
Gm74802	
Gm35033	
Gm74803	
Tmem238	TMEM238
Gm2314	
Gm74804	
Gm42859	
Gm74805	
Cyp3a16	CYP3A4
Cyp3a16	CYP3A7
Cyp3a16	CYP3A43
Cyp3a16	CYP3A5
Gm35479	
Rpl28	RPL28
Gm74806	
Gm74807	
Gm11629	
Gm33647	
Gm73256	
Rpl19	RPL19
Gm13874	
Gm72531	
Gm72017	
Ube2s	UBE2S
Gm71669	
Gm72803	
Cpz	CPZ
Gm57464	
Gm39956	
Gm74808	
Gm74809	
Gm57202	
Gm74810	
Gm74811	
A230108P19Rik	
Gm43860	
Plk-ps1	
Shisa7	SHISA7
Gm54878	
Stac2	STAC2
Trmt44	TRMT44
Gm74812	
Gm74813	
Gm35129	
Gm74814	
Gm13375	
Gm36127	
Gm16751	
Gm74815	
Isoc2b	ISOC2
Gm74816	
Gm74817	
Gm74818	
Gm74819	
Gm73414	
Gm72393	
Gm74820	
4931431C16Rik	
Gm11454	
Gm11631	
Gm72087	
Gm11632	
Acox3	ACOX3
A430102A20Rik	
Gm73958	
Gm44983	
Gm74822	
Gm72151	
Gm74823	
Slc16a3	SLC16A3
Gm74824	
Sbk3	SBK3
Gm74826	
Gm74827	
Gm74828	
Gm74829	
Gm72866	
Gm72167	
Gm73440	
Gm74830	
Gm39951	
Gm73445	
Gm73451	
Gm73729	
Gm45977	
Gm74831	
Gm74832	
Gm74833	
Gm73897	
Gm34372	
Gm74834	
Gm73900	
Gm74835	
Gm73753	
1700080N15Rik	
Gm73752	
Csnk1d	CSNK1D
Gm72126	
Gm73115	
Gm73539	
Gm74435	
Gm73909	
Gm70843	
Gm72971	
Gm72321	
Gm46732	
Mir1963	
Rasgrp4	RASGRP4
Gm74836	
Gm74837	
Gm74838	
Gm74839	
Gm74840	
Gm74841	
Gm13189	
Gm74842	
Gm74843	
Gata3un	
Gm74844	
Gm74845	
4930556L07Rik	
Gm28192	
Gm57327	
Gm11774	
Gata3os	
Gm11775	
Gm22152	
Cd7	CD7
Htra3	HTRA3
Gm13715	
Sectm1b	SECTM1
5031425F14Rik	
Sectm1a	SECTM1
Gm74846	
Gm74847	
Sh3tc1	SH3TC1
Gm74848	
Gm54129	
9630028H03Rik	
Gm74375	
Gm57428	
Gm72485	
Gm11792	
Gm11791	
Gm11793	
Tex19.2	TEX19
Gm72562	
Gm30143	
Gm72574	
Tex19.1	TEX19
Gm74849	
Gm32600	
Uts2r	
Gm72762	
Gm72758	
Gm73987	
4930539H15Rik	
Gm72534	
Gm72605	
Gm73374	
Gm73378	
Gm72376	
Gm39468	
Gm74852	
Gm74376	
Gm72906	
Gm74853	
Sstr2	SSTR2
Gm39912	
Gm74854	
Gm74855	
Gm74856	
Gm31324	
Cog1	COG1
Gm74858	
Gm74859	
Gm74860	
Gm74861	
Gm15650	
Gm73139	
Gm73153	
Gm71982	
Gm73319	
Gm35172	
Gm30908	
Gm16227	
Gm74862	
Gm16228	
4930405H06Rik	
Gm38455	
Gm56119	
Gm16226	
Gm35719	
Gm74863	
Gm74864	
Gm40006	
Gm74866	
Gm74868	
Gm38413	
Gm74869	
Gm74871	
Gm74872	
Gm74873	
Dbhos	
Vcf1	VCF2
Gm11693	
Mtnap1	MTNAP1
Gm40002	
Gm13963	
Gm74876	
Gm16282	
Gm74877	
Gm74878	
Fam98c	FAM98C
Gm74879	
Gm74880	
Cpsf4l	CPSF4L
BB557941	
Gm43249	
Gm56121	
Vamp9	
Gm40030	
Gm74881	
4930555B11Rik	
Gm56122	RNU6-313P
Hnrnpd	HNRNPD
Gm74882	
Gm74883	
Gm74884	
Gm74885	
2500004C02Rik	
1110035H17Rik	
Cdc42ep4	CDC42EP4
Spred3	SPRED3
Gm74886	
Gm10714	
Gm11736	
Ggn	GGN
Kcnj12	KCNJ18
Kcnj12	KCNJ12
Gm74887	
Gm14455	
Gm71998	
Gm74888	
Gm74317	
Tnfrsf13b	TNFRSF13B
Psmd8	PSMD8
Gm74889	
Gm74890	
Gm74891	
Gm74892	
Gm74893	
Gm74894	
Gm74895	
Gm74896	
Gm74897	
Gm74898	
Gm74899	
Gm74900	
Gm12269	
Gm13710	
Usp22	USP22
Gm39984	
Catsperg1	CATSPERG
Gm74901	
Gm30761	
Gm74902	
Gm32745	
Gm17092	
Gm42080	
Hnrnpdl	
Gm74903	
Rps13-ps5	
Aldh3a1	ALDH3A1
Gm74904	
Gm74905	
Gm74906	
Gm74907	
Gm74908	
Gm74909	
Gm74910	
Gm74911	
Gm74912	
Gm74913	
Gm74914	
Gm74915	
Gm74916	
Gm52564	
Aldh3a2	ALDH3A2
A630050E04Rik	
Gm30848	
Gm33702	
Gm39962	
Enoph1	ENOPH1
Gm28640	
Gm74917	
Gm74918	
Gm74919	
Gm74920	
Gm53264	
Gm74921	
Gm74922	
Gm56136	
Tmem150c	TMEM150C
Gm14396	
Gm71868	
Gm40005	
Gm71860	
Slc47a2	
Gm74923	
Gm74924	
Gm74925	
Gm52519	
Gm17113	
Tmem150cos	
Kcnk6	KCNK6
Gm52518	
Pcsk2os2	
Gm25929	
Slc47a1	SLC47A1
Zkscan1	ZKSCAN1
Gm33806	
Yif1b	YIF1B
Gm57471	
Gm74926	
Gm74927	
Gm74928	
Pcsk2os1	
Gm57302	
Gm74929	
Gm43493	
Gm35815	
Zscan21	ZSCAN21
Gm74930	
Gm74931	
Gm74932	
Gm74933	
Gm74934	
Gm74935	
2200002D01Rik	C19orf33
Gm74936	
Gm74937	
Gm42081	
Gm71396	
Spint2	SPINT2
Gm45605	
Zfp113	
Gm12271	
Gm74938	
Rnf112	RNF112
Gm74939	
Gm74940	
Gm74941	
Gm74942	
Gm74943	
Gm30796	
Cops6	COPS6
Gm74944	
Gm74945	
Gm74946	
Gm53240	
Ppp1r14a	PPP1R14A
Dpf1	DPF1
Gm46777	
Gm74947	
4930470P17Rik	
Gm74948	
Mcm7	MCM7
Gm13261	
Gm74949	
Gm74950	
Gm73632	
Gm14637	
Mfap4	MFAP4
Gm36156	
Gm74951	
0610039K10Rik	
Gm74952	
Gm74953	
Gm74954	
Gm74955	
Gm74956	
Gm74957	
Gm19426	
Mapk7	MAPK7
Gm74958	
Gm74959	
Gm44632	
Gm40000	
Sipa1l3	SIPA1L3
Gm35630	
Gm74960	
Gm74961	
Gm74962	
Gm74963	
Mir25	MIR25
Mir93	
Mir106b	MIR106B
Ap4m1	AP4M1
Gm74964	
Gm11465	
Gm74965	
Gm13538	
Gm74966	
Gm74967	
Gm74968	
1810021M19Rik	
Gm13794	
Gm74969	
Gm74970	
Gm52569	
B9d1os	
B9d1	B9D1
Gm74972	
Gm14104	
Gm74973	
Gm74974	
Gm74976	
Gm74977	
5330411J11Rik	
Gm35528	
Taf6	TAF6
Gm74978	
Epn2	EPN2
Gm74979	
Gm31204	
Gm74980	
C530025M09Rik	
Gm74981	
Gm73907	
Gm74982	
Gm34889	
A330087D11Rik	
1700039O17Rik	
Gm74983	
Gm35579	
Gm74984	
Gm74985	
Wdr87-ps	
Gm70841	
Gm13661	
4930432E11Rik	
Gm14261	
Gm56100	
Catsperg2	CATSPERG
Gm46788	
Gm57473	
Gm14216	
Gm42245	
Gm5129	
Gm72214	
Gm72193	
BC016548	
Gm72204	
Gm42450	
Gm40017	
Gm4961	
Gm74986	
3110082J24Rik	
Gm74987	
Gm52572	
Gm74988	
Gm74989	
Gm57315	
Gm39852	
4930533B01Rik	
Csn2	CSN2
Gm12272	
Gm73090	
Gm74990	
Gm74991	
Grap	GRAP
Grap	GRAPL
Gm13391	
Slc5a10	SLC5A10
Gm74992	
Gm54097	
Gm23103	
Gm44954	
Zfp84	
Gm46757	
Gm74993	
Gm37565	
Mir1964	
Zfp30	ZFP30
Fam83g	FAM83G
Prpsap2	PRPSAP2
Gm6579	
Gm52546	
Zfp790	
Gm54148	
Gm13490	
Zfp940	
Gm74994	
Gm74995	
Gm74996	
Gm74998	
Gm14019	
Gm26554	
Gm17199	
Gm35588	
Pax6os1	
Gm72799	
Gm73177	
Gm12055	
Gm73070	
Gm72490	
Gm71676	
9130230N09Rik	
Gm39000	
Gm74999	
Gm36393	
Gm72285	
Gm25066	
Gm72294	
Gm42845	
Gm73751	
Gm42794	
Gm73744	
Gm74519	
Gm74042	
Gm72748	
Klk2-ps	
Gm73394	ZRSR2
Gm73696	
Gm24314	
Gm72738	
Csn1s2a	
Gm72774	
Gm75000	
Gm72760	
Gm75001	
Gm73993	
Gm75002	
4930527A07Rik	
Gm56201	
Gm12249	
Larp1	LARP1
Gm75003	
Gm75004	
Cldnd2	CLDND2
Gm75006	
Gm75007	
Gm35946	
Etfb	ETFB
Gm75009	
Gm75010	
Gm75011	
Gm75012	
Gm14051	
Gm73724	
Faxdc2	FAXDC2
Csn1s2b	
Etfbl	
Gm57333	
Gm44816	
Mir7051	
Vsig10l	VSIG10L
Gm74457	
Gm12247	
Gm75013	
Gm72037	
Gm75014	
AV099323	
Iglon5	IGLON5
Cnot8	CNOT8
Gm29720	
Gm75016	
Gm75017	
Gm13599	
Gm54132	
Gm54115	
Gm75018	
Gm75019	
Gm75020	
Gemin5	GEMIN5
Gm46786	
Prr27	PRR27
Siglecl2	
Gm75021	
9130231A04Rik	
Gm75022	
Gm75023	
Gm75024	
Gm75025	
Gm75026	
Odam	ODAM
Gm75027	
Gm75028	
Gm75029	
Gm75030	
Gm75031	
Gm75032	
Gm75033	
Gm75034	
Gm75035	
Gm75036	
Gm30904	
Gm36153	
Gm9278	
Siglecl1	SIGLECL1
1700066N21Rik	
Gm75037	
Gm34861	
Cd33	
Fdcsp	FDCSP
Gm40010	
Csn3	CSN3
Gm75038	
Gm75039	
Acss2os	
Gm75040	
Gm39970	
Gm75041	
Gm75042	
Gm35396	
BC051076	
2310003L06Rik	
Gm28434	
Gm44818	
Cabs1	CABS1
Zfp175	
Smr3a	
Gm75043	
Gm14091	
Zfp719	ZNF775
Gm12246	
Gm7709	
Gm73594	
Gm42623	
Mrpl22	MRPL22
Gm75044	
Gm75045	
Gm75046	
Zfp819	ZNF510
Gm75047	
Nr6a1os	
Gm12250	
C130021I20Rik	
Igtp	IRGM
Ceacam18	CEACAM18
Gm75048	
Siglece	SIGLEC12
Siglece	SIGLEC8
Siglece	SIGLEC7
Siglece	SIGLEC9
Gm75049	
Irgm2	IRGM
Gm75050	
Gm75051	
Gm34948	
Gm5038	
Gm72576	
Gm57344	
Gm75052	
Gm36546	
Gm13990	
Ctu1	CTU1
4930438A08Rik	
Klk14	KLK14
Gm71821	
Zfp692	ZNF692
Gm44817	
2310002F09Rik	
1700047K16Rik	
Gm75053	
Klk13	KLK13
Zfp672	ZNF672
Gm75054	
Gm75055	
Gm31201	
Gm44814	
Gm13544	
Klk12	KLK12
Gm75056	
Sh3bp5l	SH3BP5L
Gm75057	
Lincred1	
Klk11	KLK11
Gm33660	
Lypd8	LYPD8
Klk10	KLK10
Gm12251	
Gm12252	
Gm72831	
1810065E05Rik	
D330050G23Rik	
Klk9	KLK9
Gm12253	
Lypd9	
Klk8	KLK8
Or2z2	
Gm67354	
Or2av10-ps1	
Or2av9	
Or2t49	OR2T5
Or2t49	OR2T4
Or2t49	OR2T29
Klk7	KLK7
Gm12254	
Or2t48	OR2T5
Or2t48	OR2T4
Or2t48	OR2T29
Gm12255	
Or2t29	OR2T5
Or2t29	OR2T4
Or2t29	OR2T29
Klk6	KLK6
Or2t47	OR2T5
Or2t47	OR2T4
Or2t47	OR2T29
Gm31080	
Gm75058	
Gm13546	
Or2t43	OR2T5
Or2t43	OR2T4
Or2t43	OR2T29
Or2t50-ps1	
Gm75059	
Or2t46	OR2T5
Or2t46	OR2T4
Or2t46	OR2T29
Gm29340	
Or2ab1	
Gm75060	
Lypd8l	
Gm75061	
Klk5	KLK5
Gm75062	
Gm75063	
Platr26	
Gm44707	
Or11l3	OR11L1
Gm45173	
Klk4	KLK4
Trim58	TRIM58
Or2w3	OR2W3
Klk15	KLK15
Gm22599	
Or2ak7	OR2AK2
Gm44756	
Gm12570	
Klk1b7-ps	
Or2ak6	OR2AK2
Or2ak5	OR2AK2
Gm44945	
Klk1b8	KLK3
Klk1b8	KLK2
Klk1b8	KLK1
Or2w3b	OR2W3
Or2ak4	OR2AK2
Klk1b2-ps	
Or2t45	
Klk1b1	KLK3
Klk1b1	KLK2
Klk1b1	KLK1
Or2t44	OR2T33
Or2t44	OR2T12
Or2t44	OR2T8
Gm32287	
Cfap144	CFAP144P1
Cfap144	CFAP144
Gm75064	
Gm75065	
Gm45198	
Gm75066	
Klk1b9	KLK3
Klk1b9	KLK2
Klk1b9	KLK1
Gm75067	
Gm75068	
Gm75069	
Gm75070	
Gm75071	
Gm75072	
Gm39944	
Gm75073	
Gm75074	
Or5af2	
Gm45135	
Klk1b10-ps	
Or5af1	
Gm13524	
Gm75075	
Klk1b11	KLK3
Klk1b11	KLK2
Klk1b11	KLK1
Or9e1	
Gm75077	
Gm75078	
Gm75079	
Gm12258	
Gm75080	
Gm45195	
Gm75081	
Gm12259	
Klk1b12-ps	
2810021J22Rik	
Klk1b26	KLK3
Klk1b26	KLK2
Klk1b26	KLK1
Gm75082	
Gm75084	
Gm75085	
Gm13324	
Gm12256	
Klk1b18-ps	
Gm75086	
Gm71648	
Gm44538	
Zfp39	ZNF570
Gm75087	
Gm17768	
Gm75088	
Gm75089	
Rpl18a-ps4	
Gm14133	
Gm10351	
Gm12257	
Zfp936	
Gm73760	
2310058D17Rik	
Gm54989	
EU599041	
Gm73780	
Gm73767	
Gm75090	
Gm57442	
Gm75091	
Gm74293	
Gm75092	
Gm10435	
1110018N20Rik	
Slfnlnc	
Zfp715	
Gm13598	
Gm75093	
Gm44539	
Siglecf	
Gm75094	
Gm54101	
Gm11427	
Gm23444	RNU2-2
Slfn14	SLFN14
AA465934	
Gm75095	
Gm46785	
Gm36038	
Gm14149	
Snord7	SNORD7
Pex12	PEX12
Gm75096	
Gm75098	
Gm75099	
Gm35864	
Gm75100	
Gm75101	
Gm73914	
Gm35982	
Gm75104	
Gm10298	
Gm54142	
Gm44540	
Siglecg	SIGLEC11
Siglecg	SIGLEC10
Siglecg	SIGLEC16
Ap2b1	AP2B1
A330069E16Rik	
Gm75105	
Gm75106	
Gm75107	
Gm75109	
Gm75110	
Gm46782	
Gm32683	
Gm29993	
Gm52993	
Gm75111	
Gm75112	
Gm38999	C19orf84
Gm75113	
Lim2	LIM2
Gm11457	
Gm13799	
Nkg7	NKG7
Gm46743	
Gm75116	
Gm75118	
Gnasas1	
Gm73474	
Gm73468	
Gm38964	
Gm71692	
Gm74022	
Vmn1r183	
Gm36694	
Ptma-ps1	
Gm75120	
Gm44943	
Vis1	
Zfp180	ZNF180
Zfp112	ZNF112
Gm75121	
4930447M23Rik	
Gm44793	
Zfp235	ZNF233
Zfp114	ZNF233
Zfp111	
Gm44796	
Zfp109	ZNF233
Zfp108	ZNF233
Zfp93	ZNF233
Gm50477	
Gm18126	
Zfp61	ZNF226
Gm23951	
Gm73661	
Gm73676	
Gm72478	
Rasl10b	RASL10B
Gm36171	
Gm75122	
Zfp94	ZNF45
Gm75123	
Gm30189	
Gm75124	
Gm75125	
Gm33940	
Gas2l2	GAS2L2
Snhg7os	
Gm44513	
1700020L24Rik	C17orf50
Gm15465	
Gm17982	
Tescl	TESC
Gm56074	
Lypd5	LYPD5
Mmp28	MMP28
Kcnn4	KCNN4
Gm75126	
Gm75127	
Smg9	SMG9
Gm57466	
Gm13964	
Gm72652	
Taf15	TAF15
Gm75129	
Gm30728	
Gm75130	
Gm75131	
Gm75132	
Gm46728	
Gm30792	
Gm75133	
Gm75134	
Gm75135	
Gm39772	
Gm75136	
Gm75137	
Gm75139	
Gm72964	
Gm38598	
Gm36159	
Gm73713	
Gm73716	
Gm72320	
Gm73555	
Gm74480	
Plaur	PLAUR
Gm74479	
E230016K23Rik	
Gm75140	
Gm75141	
Gm38933	
Gm73004	
Gm75143	
Gm53692	
Gm36389	
Cadm4	CADM4
Gm51868	
Gm72584	
Gm74468	
Gm11429	
Wfdc17	
Wfdc18	
Zfp428	ZNF428
1700016C23Rik	
Gm74127	
Gm75144	
Gm74130	
Gm75145	
Wfdc21	
Gm75146	
Gm75148	
Gm75149	
Gm57372	
Gm50092	SRRM5
Gm53033	
Gm35433	
Gm74251	
Heatr6	HEATR6
Irgq	IRGQ
Gm39833	
Pinlyp	PINLYP
Gm75150	
Xrcc1	XRCC1
Gm75151	
Gm75152	
Gm75153	
Gm75154	
Gm75155	
Gm31729	
Gm75156	
Gm75157	
Gm75158	
Gm75159	
Gm75160	
Gm75161	
Gm14002	
Gm75162	
Gm56156	
Gm75163	
Gm72453	
Gm31852	
Gm73806	
Gm13962	
Gm74301	
Gm51887	
Gm57427	
Gm8098	
Gm52536	
Gm75165	
Gm75166	
AV039307	
Gm73279	
Cimip6	CIMIP6
Zfp575	ZNF575
Ethe1	ETHE1
Acyp2	ACYP2
Gm12096	
Gm12098	
Phldb3	PHLDB3
Gm12097	
Gm12099	
Gm12100	
Gm12101	
Gm57374	
Psme4	PSME4
Gm26550	
Lypd3	LYPD3
Gm4598	
2200007N16Rik	
Gm75167	
Gm75168	
Gm75169	
Gm75170	
Gm17619	
Gm75171	
Gm75173	
Gm75174	
Gm75175	
Gm30319	
Gm75176	
Gm75177	
Gm75179	
Gm33540	
Gm75180	
Gm13793	
Gm75181	
Gm13421	
Gm75182	
Gm75183	
Gm11468	
Platr29	
Gm52577	
0610009E02Rik	
Gm72811	
Gm12103	
Gpr75	GPR75
Gm12104	
Erlec1	ERLEC1
Gm75184	
Gm75185	
Gm75186	
Gm39909	
Gm75187	
4930547E08Rik	
Gm75188	
Chac2	CHAC2
Gm75189	
Gm75190	
Gm75191	
Gm75193	
Gm12102	
Gm11583	
Gm75194	
Morrbid	
Gm5782	
Gm73722	
Pttg1	PTTG2
Pttg1	PTTG1
Gm75196	
Gm45609	
Gm75197	
Gm75198	
Gm54109	
Gm75199	
Gm75200	
AU019990	
Slu7	SLU7
Gm14009	
Gm75201	
Gm39774	
Gm75202	
Gm75203	
Gm14010	
Gm75204	
Gm13595	
Gm46771	
Gm75206	
Gm75207	
Gm75209	
Gm75210	
9030622O22Rik	
Gm12151	
C1qtnf2	C1QTNF2
Ccnjl	CCNJL
Gm12150	
4933415A04Rik	
Fabp6	FABP6
Gm12149	
Gm72909	
Gm74306	
Gm74460	
Gm73218	
4931406E20Rik	
Gm73230	
0610039H22Rik	
Gm72649	
Gm73536	
Gm73542	
Gm72426	
Ccdc182	CCDC182
Gm11509	
Msi2	MSI2
Mir378b	
Gm15893	
Gm11510	
C030037D09Rik	
Gm75211	
Gm75212	
Gm54166	
Gm75213	
4930404H24Rik	
Gm75214	
Gm75215	
Gm75216	
4931402G19Rik	
Gm11493	
Gm75219	
Akap1	AKAP1
Gm75220	
Gm75221	
Gm75222	
Gm32020	
Gm75224	
Gm75225	
5330413P13Rik	
Gm75226	
Gm75227	
Gm75228	
Gm30986	
Gm54102	
Gm75229	
Gm75230	
Gm75231	
Gm75232	
4930556N13Rik	
Gm52513	
Gm73161	
Gm11434	
Gm12576	
Gm9875	
Gm56157	
Hnf1b	HNF1B
Gm39792	
Gm75233	
Gm75234	
Gm39952	
2700079J08Rik	
Gm75235	
Gm75236	
Gm13219	
Gm52528	
Gm39837	
Gm75237	
Gm35181	
Gm75238	
Gm75239	
Gm75240	
Gm75241	
Gm75242	
Gm57422	
1700054M17Rik	
Gm13264	
Gm75243	
Ddx52	DDX52
Gm75244	
Gm57469	
Gm75245	
Gm75246	
Gm31993	
4930442J19Rik	
Synrg	SYNRG
Gm75247	
Gm75249	
Gm36004	
Gm13656	
4930519P11Rik	
Gm75250	
Gm75251	
Gm46736	
E030042O20Rik	
Gm75252	
Gm31731	
Gm75253	
Gm75254	
Gm75255	
Gm75256	
Gm75257	
Gm75258	
Gm13530	
Gm75259	
Gm57440	
Gm75260	
Gm14343	
Gm75261	
Dusp14	DUSP14
Gm75262	
Gm75263	
Gm75264	
Gm14221	
Tada2a	TADA2A
Gm75265	
Gm75266	
Gm14055	
Gm11437	C17orf78
Gm37391	
Gm72558	
Gm74281	
Gm74280	
Gm75267	
Gm74285	
Gm74288	
Fndc8	FNDC8
Gm75268	
Gm75269	
Gm13791	
Nle1	NLE1
Gm75270	
Gm75271	
Gm75272	
Gm30286	
Unc45b	UNC45B
Gm75273	
Gm75274	
Gm75275	
Gm36282	
Gm35695	
Gm75276	
Gm14222	
Gm39840	
Gm75277	
Gm75278	
Gm39940	
1200007C13Rik	
Gm75279	
Gm75280	
Gm75281	
Gm57435	
Gm75283	
Gm75284	
A530010F05Rik	
Gm75285	
Gm75286	
Gm14488	
Unc45bos	
Gm75287	
Slfn5os	
Gm34483	
Gm75288	
Gm75289	
Gm75291	
Gm39911	
Slfn5	SLFN5
Gm75292	
Gm75294	
Gm75295	
Gm30957	
Gm11424	
1190001M18Rik	
Slfn9	SLFN13
Slfn9	SLFN11
Gm54165	
Gm75296	
Gm75297	
Gm75299	
Gm75300	
Gm32746	
Mir7679	
Slfn8	SLFN13
Slfn8	SLFN11
Gm75302	
Gm75303	
Gm75304	
Gm31472	
Gm39858	
Gm75305	
Gm11425	
Gm75306	
Slfn10	SLFN13
Slfn10	SLFN11
Gm75307	
Gm75309	
Gm20234	
Gm39877	
Gm57477	
Gm35888	
Gm56115	
Gm48434	
Slfn2	SLFN12
Slfn2	SLFN12L
Gm14487	
Gm57447	
Gm54141	
Bcas1os2	
Gm75310	
Gm75311	
Platr8	
4930421P05Rik	
Gm75312	
Gm75313	
Gm75314	
Gm14146	
Rapgef4os1	
Gm75315	
Gm75316	
Gm75317	
Gm75318	
Gm75319	
Gm75320	
Gm75321	
Gm75322	
Gm75323	
Gm57455	
Gm75325	
Gm57476	
Gm31851	
Gm75327	
Gm75328	
Gm75329	
Gm75330	
Gm14198	
Gm75331	
Gm75332	
Gm30455	
2410087M07Rik	
D230022J07Rik	
Gm75333	
Gm45346	
Gm75334	
Gm75335	
Gm13709	
Gm75337	
Gm75338	
Gm35748	
Gm75339	
Gm13707	
Gm75340	
Gm75341	
Gm31496	
Gm75342	
Gm75344	
Gm13703	
Gm75345	
Gm75346	
Gm75347	
Gm75348	
Gm75349	
Gm35434	
Gm75351	
Gm75352	
Gm75353	
Gm13427	
4930515L03Rik	
Gm14092	
Gm75354	
Gm16098	
Gm75355	
Gm75356	
Gm75357	
Gm75358	
Gm75359	
Gm75360	
Nron	
Gm75362	
Kif16bos	
Mir670hg	
Gm75363	
Gm34041	
Gm13974	
Gm75364	
Gm75365	
Gm75366	
Gm52511	
Gm75367	
Gm36690	
Gm11467	
Gm75368	
Mettl5os	
Gm13562	
Gm75369	
Gm75370	
Gm75371	
Gm54159	
Gm75372	
Gm75373	
Gm75375	
Gm46770	
Gm75376	
Gm39835	
Gm75377	
4930573O16Rik	
Gm75378	
Gm13522	
Dlx1as	
Gm75380	
Gm75381	
Gm75382	
Gm30225	
Platr27	
Gm75383	
Gm75384	
Gm75385	
1700100M05Rik	
Gm75386	
Gm75387	
Gm75388	
Gm75389	
Gm39933	
Gm75390	
Gm75391	
Gm75392	
Gm75393	
Gm75394	
Gm75395	
Gm75396	
Gm75397	
Gm57436	
Gm75399	
Gm39866	
Gm75400	
Gm34110	
Gm34805	
Gm75401	
Gm36749	
Gm35813	
9330198N18Rik	
Gm75403	
Gm13411	
Gm75404	
Gm75405	
Gm13999	
Gm75406	
Gm75407	
Gm75408	
Gm75409	
Gm75410	
Gm75411	
Gm13686	
Gm75412	
Gm31534	
Gm75413	
Gm57430	
Gm75414	
Gm75415	
Gm75417	
Gm75418	
Gm52531	
Gm75419	
Gm75420	
Gm57426	
Gm75421	
Gm75422	
Gm75423	
Gm46779	
Gm75424	
Gm75425	
Gm75426	
Gm10848	
Gm75427	
Gm75428	
Gm75429	
Gm75430	
Gm34542	
Gm75431	
Gm75432	
Gm75433	
1810059C17Rik	
Gm75434	
Gm75435	
Gm57467	
Gm75436	
Gm75437	
A430018G15Rik	
Gm75439	
Gm32210	
Gm75440	
Gm75441	
A430048G15Rik	
Gm75442	
Gm75443	
Gm29857	
Gm75444	
Gm75445	
Gm75446	
Gm75447	
Gm75448	
Gm13629	
Gm39767	
A530013C23Rik	
Gm75449	
9030204H09Rik	
Gm75450	
Gm75451	
Gm75452	
Gm13630	
Gm75453	
4931422A03Rik	
Gm75454	
Gm75455	
Gm13565	
Gm75456	
Gm75457	
Gm75458	
Gm75459	
Gm75460	
Gm75461	
Gm75462	
Gm75463	
Gm75464	
Gm5535	
Gm75465	
Gm75466	
Gm75467	
Gm75468	
Gm75469	
Banf2os	
Gm39994	
Gm75470	
Gm75471	
Gm14268	
Gm75472	
Gm75473	
Gm14250	
Gm75474	
Gm31618	
Gm75475	
Pax1dt	
Gm30940	
Gm75476	
Gm75477	
Gm75478	
Gm75479	
Gm75480	
Ccdc34os	
Gm75481	
Gm31791	
Gm75482	
1700012O15Rik	
Gm75483	
Gm75484	
Gm75485	
Gm75486	
Gm75487	
Gm14319	
Ptprjos1	
Gm75488	
Gm75489	
Gm54125	
Gm75491	
Gm14114	
Gm75492	
Gm14285	
Gm57437	
Gm39943	
Gm30679	
Gm34978	
Gm75493	
Gm13348	
1810012K08Rik	
Gm75494	
Gm75495	
Gm75496	
Gm75497	
Gm75498	
Gm75499	
Gm75503	
Gm75504	
1700057D03Rik	
Gm75505	
Gm11466	
Norad	
Gm33977	
Gm30536	
Gm75508	
Gm75510	
Gm30320	
4930445N08Rik	
Gm75511	
Gm32798	
Gm75512	
Gm75513	
Gm75514	
Gm75515	
A930004D18Rik	
Gm75516	
Gm75517	
Gm75518	
Gm75519	
D330023K18Rik	
Gm14199	
Gm75520	
Gm75521	
Gm39786	
Gm29985	
Gm75522	
Gm75523	
Platr14	
Gm75524	
Gm75525	
Gm75526	
Gm13405	
Gm75527	
Gm34833	
G630016G05Rik	
Gm75528	
Gm57456	
Gm75529	
Gm75530	
Gm75531	
2700033N17Rik	
Gm75532	
2810002D19Rik	
Gm75533	
Gm75534	
Gm75535	
Gm75536	
Gm75537	
Gm75538	
Gm75539	
Gm54146	
Gm36174	
Gm14164	
Gm36231	
Gm13383	
Gm57421	
Gm52515	
Gm75540	
Gm75541	
Gm46730	
Gm75542	
Gm30138	
C030014O09Rik	
Gm75543	
Gm75544	
Gm8541	
Gm75545	
4631405J19Rik	
Gm39842	
Gm75546	
Gm75547	
Gm75548	
Gm75549	
Gm75550	
Gm75551	
Gm75552	
Gm75553	
Gm75554	
Gm52543	
Gm75555	
B230312C02Rik	
Gm13536	
E130215H24Rik	
Gm13778	
Gm75556	
Mir1a-1hg	
Gm75557	
Gm45447	
Gata5os	
Gm75558	
Gm57424	
Gm75559	
Gm75560	
Gm29886	
4933406D12Rik	
Gm52502	
Gm75561	
Gm46740	
Gm35265	
Gm75562	
Gm75563	
1700092C17Rik	
Gm75564	
Gm57452	
Gm14641	
Gm75566	
Gm75567	
Gm75568	
Gm75569	
Gm75570	
Gm75571	
Gm75572	
Gm39872	
Gm75573	
Gm14102	
Gm75574	
Gm75575	
Gm75576	
Gm75577	
Gm75578	
Gm75579	
Gm54155	
Gm75580	
Gm35431	
Gm39783	
Gm75581	
Gm75582	
Gm75583	
Gm13807	
4930527E20Rik	
Gm75585	
4930473A02Rik	
Gm34689	
Gm75587	
Gm75588	
Gm75589	
Gm34739	
Gm36882	
Gm75590	
Gm75591	
Gm75592	
Gm75593	
Gm75594	
Gm75595	
Gm75596	
Zfas1	
1700061F12Rik	
Gm75597	
Gm75598	
Gm75599	
Gm75600	
2410164B09Rik	
Wt1os	
Gm75601	
Sp3os	
Gm75602	
Gm75603	
Gm75604	
4921508D12Rik	
Gm39903	
4933416E03Rik	
Gm39914	
Gm75605	
Gm75606	
Gm75607	
Gm75609	
Gm75610	
Gm75611	
Gm75612	
Platr3	
Gm75613	
Gm75614	
Gm75615	
Gm32137	
Gm75616	
Gm75617	
Gm40008	
Gm14232	
Gm75618	
Gm75619	
Gm75620	
Gm14275	
Gm75621	
Gm75623	
Gm75624	
Gm75625	
Gm75626	
Gm75627	
Gm75628	
Gm38546	
Gm75629	
Gm75630	
Gm52540	
Gm31990	
Gm75631	
Gm75632	
8030442B05Rik	
Gm75633	
Gm75634	
Gm13291	
Gm50616	
Gm54112	
Gm13293	
Gm75635	
Hnf4aos	
Gm75636	
Gm75637	
Gm13262	
Gm16316	
Gm75638	
Gm75639	
9430093N23Rik	
Gm33061	
Gm75640	
Gm52554	
Gm75641	
Gm75642	
1700030C14Rik	
5430405H02Rik	
Gm75644	
Gm13869	
Gm75645	
Gm75646	
Gm75647	
Gm75648	
Gm75649	
Gm75650	
Gm52521	
Gm75651	
Gm33436	
Gm75652	
Gm34268	
Gm75654	
Gm52561	
Gm75656	
2310047K21Rik	
Gm75657	
Gm75658	
Gm57459	
Gm75659	
Gm75660	
Gm75661	
Gm39885	
Gm13415	
Stamos	
Gm13752	
6330409D20Rik	
Gm75662	
Gm75664	
Gm75665	
Gm34291	
Gm75667	
Gm35606	
Zfp335os	
Gm75668	
Hoxd3os1	
Gm13919	
Gm75670	
Gm46750	
Gm75671	
Gm75673	
Gm75674	
Gm13905	
Gm75675	
Gm75676	
Gm75677	
Gm75678	
Gm53202	
Gm75679	
Gm13412	
Gm75680	
Gm75681	
Gm75682	
Gm75684	
Gm75685	
Gm13652	
Fcnaos	
Gm75686	
Gm75687	
Gm75688	
Gm75689	
Gm75690	
Gm13594	
Gm13266	
Gm75692	
Gm57448	
Gm75693	
Gm32741	
Gm75694	
Gm13816	
Gm46781	
Gm75695	
Gm75696	
Gm75697	
Gm75698	
Gm75699	
Gm39974	
Gm75700	
Gm10804	
Gm13470	
Gm75701	
Gm75702	
Gm39760	
1700084E18Rik	
D930015M05Rik	
Gm75704	
Gm75705	
Stk35os1	
Gm75706	
Gm75707	
Gm35374	
Gm75708	
Gm75709	
Gm75710	
Gm75711	
Gm75712	
Gm75713	
Gm75714	
Gm75715	
Nkx2-2os	
Gm75716	
Gm33753	
Haglr	
Gm39955	
Gm75717	
4930401B11Rik	
Gm75718	
Gm13180	
Gm75719	
Gm14110	
6430710C18Rik	
Gm75720	
Gm57418	
Gm75721	
AA645442	
Gm75722	
Gm39848	
Gm57446	
Gm13872	
Gm75723	
Gm75724	
Gm75725	
Gm13346	
Gm30257	
Gm75726	
Gm75727	
Gm33592	
Gm39809	
Gm75728	
Gm75730	
Gm35202	
Gm75731	
Gm75732	
Gm75733	
Gm30378	
Gm75734	
4930551O13Rik	
Gm75735	
Gm75736	
Gm75737	
Gm75738	
Gm75739	
Gm75740	
Gm75741	
Gm75742	
Gm13404	
4930545L23Rik	
Gm75743	
Gm75744	
Gm29943	
Gm13580	
Gm75746	
Gm75747	
9130007G19Rik	
Gm75748	
Gm75749	
Gm75750	
Gm57450	
Gm57468	
Gm75751	
Gm75752	
Gm75753	
9130015L21Rik	
Gm75754	
Gm75755	
Gm75756	
Gm75757	
Gm75758	
Gm75760	
Gm13481	
Gm75761	
Gm57465	
Gm75762	
Gm75763	
4930583P06Rik	
Gm75764	
Gm75765	
Gm13373	
Gm14145	
Gm39811	
Gm39803	
Gm52551	
Gm32232	
Gm75766	
Gm52558	
Gm75767	
Gm52982	
Gm75768	
Gm13767	
Gm75769	
Gm14292	
Gm75770	
Gm13394	
Gm13623	
Gm13292	
Gm75771	
Gm34768	
Gm75772	
Gm13313	
Gm75773	
Gm14018	
Gm75774	
Gm14020	
Gm75775	
Gm14251	
Gm14231	
5730471H19Rik	
Gm14278	
Gm14247	
Gm13655	
Gm13669	
Gm75776	
Gm5270	
Gm75777	
Gm11448	
Gm75778	
Gm11451	
Cisd3b	
Gm13426	
Gm32952	
Gm17014	
Gm75779	
Gm13813	
Gm75780	
Gm13688	
Gm75781	
Gm4735	
Gm75782	
Gm11470	
Gm75783	
Gm75784	
Gm11471	
Gm75785	
Gm14036	
Gm13736	
Gm75786	
Gm13445	
Gm14153	
Gm75787	
Gm13461	
Ap2m1-ps	
Gm13486	
Gm13491	
Gm75788	
Gm14304	
Gm75789	
Gm14201	
Gm14202	
Gm13768	
Gm1335	
Gm75791	
Gm11474	
Gm75792	
Slc39a1-ps	
Gm75793	
Gm13876	
Gm75794	
Gm2020	
Gm75795	
Gm14324	
Gm75796	
Gm14428	
Gm75797	
Gm14269	
Gm13296	
Gm75798	
Gm14445	
Gm75799	
Gm14392	
Gm14442	
Gm75800	
Gm14421	
Gm75801	
Gm14415	
Gm75802	
Gm14404	
Gm75803	
Gm16357	
Gm75804	
Gm13352	
Gm13418	
Gm75805	
Gm13432	
Gm13408	
Gm13414	
Gm75806	
Gm13981	
Gm75807	
Gm14165	
Gm13339	
Gm75808	
Gm14371	
Gm75809	
Gm16510	
Uqcrh-ps2	
Gm14089	
Or4f17	OR4F4
Or4f17	OR4F17
Or4f17	OR4F5
Gm75811	
Gm57438	
Gm13377	
Gm13376	
Gm75812	
Gm56168	
Enkur	ENKUR
Gm56169	
Thnsl1	THNSL1
Gm13378	
Gm75813	
Gm54105	
Gm13327	
Gm13379	
Gm14461	
Gm14207	
6530402F18Rik	
Lrrc55os	
Oip5os1	
Gm14061	
Gm13589	
Gm13558	
Gm13446	
1700028P15Rik	
4930417H01Rik	
Gm14004	
Gm14093	
Ctcflos	
2600014E21Rik	
Gm37814	
Gm29010	
Gm35287	
Snhg7	
Gm57458	
Gm75815	
Gm75816	
Gm75817	
Gm75818	
Gm75819	
1700007J24Rik	
Gm75820	
Gm52571	
Gm75821	
Gm75822	
Gm13431	
Gm13429	
Gm32800	
Gm33033	
1700057H21Rik	
Gm13483	
Gm13449	
9230111E07Rik	
C230014O12Rik	
Gm13584	
3110099E03Rik	
Gm38171	
Gm14174	
Gm14266	
Gm13465	
Gm13986	
Gm13330	
Gm3363	
Gm14424	
Gm14341	
Arfgap1	ARFGAP1
9230112E08Rik	
Col20a1	COL20A1
Gm75745	
Gm74971	
Gm74598	
Gm74714	
Gm75115	
Gm75119	
Gm74821	
Gm74697	
Gm14398	
Fndc11	FNDC11
Helz2	HELZ2
Gmeb2	GMEB2
Gm7645	
Gm75308	
Gm75586	
Gm39922	
Gm57433	
Gm75500	
Gm74750	
Hdc	HDC
Gabpb1	GABPB1
Gm56297	
Gm27003	
Usp8	USP8
Usp50	USP50
Gm10774	
Trpm7	TRPM7
Gm14212	
Sppl2a	SPPL2A
Mir3473g	
Ap4e1	AP4E1
Gm56315	
Blvra	BLVRA
Ncaph	NCAPH
Itpripl1	ITPRIPL1
Immp1l	IMMP1L
Dnajc24	DNAJC24
Gm56410	
Gm56411	
Gm74997	
Gm13992	
Dcdc5	
Gm29053	
Gm75005	
Gm75008	
Gm75015	
Gm14013	
Gm74975	
Gm75759	
Gm14015	
Gm14014	
BB218582	
Mpped2	MPPED2
Gm22813	
Gm33126	
Gm75192	
Gm75195	
Gm74541	
Gm74547	
Gm75653	
Gm75655	
Aif1l	AIF1L
Gm13442	
Nup214	NUP214
Gm13608	
Gm13609	
Fam78a	FAM78A
Gm16534	
Mir7674	
Plpp7	PLPP7
Prrc2b	PRRC2B
Gm56324	
Gm22192	SNORD62B
Gm22192	SNORD62A
Gm25632	SNORD62
Gm13610	
Pomt1	POMT1
Uck1	UCK1
Gm13611	
Swi5	SWI5
Golga2	GOLGA8Q
Golga2	GOLGA2
Golga2	GOLGA6C
Golga2	GOLGA8H
Golga2	GOLGA8A
Golga2	GOLGA8K
Golga2	GOLGA6B
Golga2	GOLGA8O
Golga2	GOLGA8N
Golga2	GOLGA8B
Golga2	GOLGA6A
Golga2	GOLGA8M
Golga2	GOLGA8R
Golga2	GOLGA6D
Golga2	GOLGA8S
Golga2	GOLGA8T
Golga2	GOLGA8F
Golga2	GOLGA8J
Golga2	GOLGA8G
Dnm1	DNM1
Mir3154	
Mir199b	MIR199B
Ciz1	CIZ1
Bbln	BBLN
Lcn2	LCN2
Dph7	DPH7
Mrpl41	MRPL41
Pnpla7	PNPLA7
Gm13370	
Gm13369	
Gm25518	RNU6-940P
Gm24875	RNU6-274P
Nsmf	NSMF
Gm56360	
Mir7664	
Gm39770	
Entpd8	ENTPD8
Noxa1	NOXA1
Gm75083	
Gm53031	
Gm13387	
Nrarp	NRARP
Gm38287	
Tor4a	TOR4A
Gm74768	
Nelfb	NELFB
Gm22572	
Stpg3	STPG3
Gm75438	
Cimip2a	CIMIP2A
Tubb4b	TUBB4B
Gm75691	
Gm75683	
Slc34a3	SLC34A3
Rnf224	RNF224
Cysrt1	CYSRT1
Gm75666	
Rnf208	RNF208
Ndor1	
Ndor1	NDOR1
Tmem203	TMEM203
Tprn	TPRN
Ssna1	SSNA1
Anapc2	ANAPC2
Gm75663	
Tmem210	TMEM210
Lrrc26	LRRC26
Grin1	GRIN1
Grin1os	
Gm75108	
Gm74777	
Gm74773	
Gm74779	
Uckl1	UCKL1
Uckl1os	
Zfp512b	ZNF512B
Mir7006	
Prpf6	PRPF6
Samd10	SAMD10
Gm74533	
Gm29797	C20orf204
Gm25879	
Sox18	SOX18
Gm74574	
Gm74857	
Gm75164	
Tcea2	TCEA2
Rgs19	RGS19
Lkaaear1	LKAAEAR1
Oprl1	OPRL1
Gm14489	
Myt1	MYT1
Pcmtd2	PCMTD2
Gm57457	
Polr3k	POLR3K
Gm5466	
Gm40034	
Gm40035	
Gm14496	
Rtel1	RTEL1
Gm52976	
Arfrp1	ARFRP1
Zgpat	ZGPAT
Lime1	LIME1
Slc2a4rg-ps	
Zbtb46	ZBTB46
Gm22708	RNU6-615P
Abhd16b	ABHD16B
Tpd52l2	TPD52L2
Gm25184	
Dnajc5	DNAJC5
Gm75102	
Gm75097	
Gm57474	
Gm75103	
Gm13596	
Gm55539	
Gm13597	
Gm49462	
Gm74875	
4933409G03Rik	
Gm36002	
Gm75672	
Chrna4	CHRNA4
Kcnq2	KCNQ2
Eef1a2	EEF1A2
Gm24892	RNU6-1188P
Ppdpf	PPDPF
Ptk6	PTK6
Srms	SRMS
Gm75374	
Gm75398	
Gm75402	
Gm75502	
Gm75117	
Gm75114	
Gm31475	
9230118N01Rik	
Angpt4	ANGPT4
Gm14154	
Mir1953	
Fam110a	FAM110A
Slc52a3	SLC52A3
AA387200	
Scrt2	SCRT2
Srxn1	SRXN1
Gm75703	
Gm39932	
Gm74587	
Gm74588	
Gm75343	
Gm75810	
Gm74825	
Gm75729	
Gm14023	
Il1bos	
Gm14039	
Il1b	IL1B
Spcs2-ps	
F830045P16Rik	
Gm14040	
Gm14236	
Gm57439	
Gm33108	
Gm56418	
Gm75584	
Gm39990	
Gm75217	
Pard6b	PARD6B
Gm75669	
Gm52960	
Gm75643	
E130018N17Rik	
Gm39991	
Gm56419	
Adnp	ADNP
Gm20716	
Gm75172	
Gm75509	
Dpm1	DPM1
Gm75507	
Mocs3	MOCS3
Gm14237	
Gm75076	
Kcng1	KCNG1
Gm75506	
Gm14262	
Btf3-ps9	
Or1l8	
Or1ak2	
Or1q1	OR1Q1
Or12k5	
Or12k6-ps1	
Gm13439	
Or12k7	
Gm39797	
Gm14642	
Gm75622	
Gm75282	
Ankrd60	ANKRD60
Gm74867	
Gm74874	
Ppp4r1l-ps	
Gm75336	
Gm75290	
1700010B08Rik	
Gm75223	
Gm39929	
Gm14007	
Anapc1	ANAPC1
Gm75490	
Gm39931	
Mertk	MERTK
Gm14011	
Gm56345	
Tmem87b	TMEM87B
Fbln7	FBLN7
Gm75416	
Gm56347	
Zc3h8	ZC3H8
Gm14028	
4933427J07Rik	
Gm10762	
Zc3h6	ZC3H6
Gm14027	
Vinac1	
Gm14022	
Ttl	TTL
Gm46764	
Polr1b	POLR1B
Chchd5	CHCHD5
Gm14029	
Gm14026	
Gm4430	
Gm56350	
Slc20a1	SLC20A1
9830144P21Rik	
A730036I17Rik	
Gm14024	
Ckap2l	CKAP2L
Il1a	IL1A
Gm25703	
Zfp133-ps	
Gm75326	
Gm75324	
Snord17	SNORD17
Mgme1	MGME1
Ovol2	OVOL2
1700108N11Rik	
Gm11700	
Gm11701	
Kat14	KAT14
Pet117	PET117
Dzank1	DZANK1
Polr3f	POLR3F
Rbbp9	RBBP9
Sec23b	SEC23B
Smim26	SMIM26
Gm56463	
Rprd1b	RPRD1B
2010009K17Rik	
Tgm2	TGM2
Gm20412	
Gm74870	
Gm74701	
Gm34514	
D630003M21Rik	KIAA1755
1700060C20Rik	
Mir7685	
Gm34571	
Bpi	BPI
Lbp	LBP
Gm75379	
Snhg17	
Gm24411	
Gm26003	SNORA71A
Gm75361	
Snhg11	
Gm75350	
Gm75790	
Gm74707	
Gm75301	
Gm14204	
Gm75565	
Gm75208	
Gm75218	
Gm75205	
Gm75178	
Dnmt3bos	
Gm75128	
Dnmt3c	DNMT3B
Gm74761	
Mapre1	MAPRE1
Gm75501	
Efcab8	EFCAB8
Gm14494	
Sun5	SUN5
Bpifb2	BPIFB2
Bpifb6	BPIFB6
Bpifb3	BPIFB3
Bpifb4	BPIFB4
Bpifa6	
Bpifa2	BPIFA2
Gm52978	
Gm21850	
Gm75138	
Gm75142	
Gm14497	
Gm75147	
Bpifa3	BPIFA3
Bpifa1	BPIFA1
Bpifa5	BPIFA1
Bpifb1	BPIFB1
Gm74549	
Bpifb5	
Bpifb9a	
Gm14197	
Gm74540	
Bpifb9b	
Gm74544	
Gm39777	
Gm74851	
2810430I11Rik	
Col5a1	COL5A1
Gm13372	
Fcnb	FCN1
Gm13371	
F730016J06Rik	
Gm74850	
Olfm1	OLFM1
