GENE	sumZ	numObs	normZ	pval_synth	rank_synth	fdr_synth	pval_supp	rank_supp	fdr_supp
RNMT	-25.45	8	-5.70	6.07e-09	1	0.00011	1	18052	1
FAM96B	-24.63	8	-5.49	2e-08	2	0.000137	1	18051	1
ALG1	-24.53	8	-5.47	2.28e-08	3	0.000137	1	18050	1
C7orf55-LUC7L2	-23.89	8	-5.30	5.65e-08	4	0.000255	1	18049	1
DOLK	-23.42	8	-5.19	1.07e-07	5	0.000367	1	18048	1
BUB3	-23.32	8	-5.16	1.22e-07	6	0.000367	1	18047	1
DBR1	-23.09	8	-5.11	1.65e-07	7	0.000426	1	18046	1
CPSF3L	-22.76	8	-5.02	2.55e-07	8	0.000577	1	18045	1
RPL14	-22.40	8	-4.93	4.09e-07	9	0.000732	1	18044	1
MKLN1	-22.38	8	-4.93	4.21e-07	10	0.000732	1	18043	1
PRMT1	-22.33	8	-4.91	4.46e-07	11	0.000732	1	18042	1
RPP21	-21.96	8	-4.82	7.19e-07	12	0.00108	1	18041	1
CTPS1	-21.76	8	-4.77	9.21e-07	13	0.00128	1	18040	1
PUM1	-21.20	8	-4.63	1.84e-06	14	0.0023	1	18039	1
GNB2L1	-21.14	8	-4.61	1.98e-06	15	0.0023	1	18038	1
CUL2	-21.12	8	-4.61	2.03e-06	16	0.0023	1	18037	1
STRAP	-20.83	8	-4.53	2.88e-06	17	0.00288	1	18036	1
TOP2A	-20.79	8	-4.53	3.01e-06	18	0.00288	1	18035	1
TCEB2	-20.75	8	-4.52	3.15e-06	19	0.00288	1	18034	1
SOD2	-20.74	8	-4.51	3.2e-06	20	0.00288	1	18033	1
RNASEH2A	-20.60	8	-4.48	3.78e-06	21	0.00325	1	18032	1
GINS2	-20.55	8	-4.46	4.01e-06	22	0.00327	1	18031	1
PPP2R4	-20.52	8	-4.46	4.17e-06	23	0.00327	1	18030	1
GINS3	-20.43	8	-4.43	4.63e-06	24	0.00339	1	18029	1
NUDCD3	-20.40	8	-4.43	4.76e-06	25	0.00339	1	18028	1
POLR3H	-20.36	8	-4.42	4.98e-06	26	0.00339	1	18027	1
DMAP1	-20.35	8	-4.41	5.07e-06	27	0.00339	1	18026	1
LAGE3	-20.20	8	-4.38	6.02e-06	28	0.00388	1	18025	1
CDIPT	-20.14	8	-4.36	6.45e-06	29	0.00397	1	18024	1
RMND5A	-20.11	8	-4.35	6.7e-06	30	0.00397	1	18023	1
VMP1	-20.09	8	-4.35	6.82e-06	31	0.00397	1	18022	1
TADA2A	-20.04	8	-4.34	7.27e-06	32	0.0041	1	18021	1
POLR3C	-19.98	8	-4.32	7.78e-06	33	0.00426	1	18020	1
GNB1L	-17.24	6	-4.30	8.38e-06	34	0.00445	1	18019	1
DNAJC9	-19.88	8	-4.30	8.64e-06	35	0.00446	1	18018	1
ENO1	-19.81	8	-4.28	9.44e-06	36	0.00473	1	18017	1
SOD1	-19.67	8	-4.24	1.1e-05	37	0.00537	1	18016	1
CENPN	-19.65	8	-4.24	1.13e-05	38	0.00537	1	18015	1
SSU72	-19.61	8	-4.23	1.18e-05	39	0.00545	1	18014	1
NARFL	-19.48	8	-4.20	1.36e-05	40	0.00602	1	18013	1
RAD9A	-19.47	8	-4.19	1.38e-05	41	0.00602	1	18012	1
NAA10	-19.45	8	-4.19	1.4e-05	42	0.00602	1	18011	1
SRP14	-19.38	8	-4.17	1.52e-05	43	0.00637	1	18010	1
CPSF4	-19.34	8	-4.16	1.58e-05	44	0.0065	1	18009	1
LCMT1	-19.30	8	-4.15	1.66e-05	45	0.00662	1	18008	1
DHDDS	-19.28	8	-4.15	1.69e-05	46	0.00662	1	18007	1
TRAPPC1	-19.12	8	-4.10	2.03e-05	47	0.00777	1	18006	1
WDR74	-19.09	8	-4.10	2.09e-05	48	0.00777	1	18005	1
CDCA8	-19.08	8	-4.10	2.11e-05	49	0.00777	1	18004	1
POLR1B	-18.99	8	-4.07	2.34e-05	50	0.00832	1	18003	1
ZNF407	-18.98	8	-4.07	2.35e-05	51	0.00832	1	18002	1
ZNHIT2	-18.96	8	-4.06	2.41e-05	52	0.00838	1	18001	1
COPS6	-18.87	8	-4.04	2.64e-05	53	0.009	1	18000	1
WDR33	-18.68	8	-3.99	3.24e-05	54	0.0108	1	17999	1
RPS5	-18.65	8	-3.99	3.36e-05	55	0.011	1	17998	1
HEATR1	-18.58	8	-3.97	3.61e-05	56	0.0115	1	17997	1
MCM4	-18.55	8	-3.96	3.72e-05	57	0.0115	1	17996	1
RTCB	-18.52	8	-3.95	3.83e-05	58	0.0115	1	17995	1
FXN	-18.52	8	-3.95	3.85e-05	59	0.0115	1	17994	1
SBDS	-18.51	8	-3.95	3.87e-05	60	0.0115	1	17993	1
ARL2	-18.51	8	-3.95	3.88e-05	61	0.0115	1	17992	1
FTSJ3	-18.47	8	-3.94	4.06e-05	62	0.0117	1	17991	1
VHL	-18.47	8	-3.94	4.07e-05	63	0.0117	1	17990	1
SZRD1	-18.43	8	-3.93	4.2e-05	64	0.0119	1	17989	1
PKMYT1	-18.35	8	-3.91	4.58e-05	65	0.0127	1	17988	1
PTPMT1	-18.33	8	-3.91	4.71e-05	66	0.0129	1	17987	1
ALDOA	-18.23	8	-3.88	5.21e-05	67	0.0139	1	17986	1
EIF4E	-18.22	8	-3.88	5.24e-05	68	0.0139	1	17985	1
CSTF3	-18.18	8	-3.87	5.47e-05	69	0.0143	1	17984	1
SYMPK	-18.14	8	-3.86	5.7e-05	70	0.0146	1	17983	1
CPSF1	-18.13	8	-3.86	5.74e-05	71	0.0146	1	17982	1
RTEL1	-18.10	8	-3.85	5.92e-05	72	0.0148	1	17981	1
RPS3	-17.93	8	-3.81	7.05e-05	73	0.0174	1	17980	1
TBCA	-17.88	8	-3.79	7.46e-05	74	0.018	1	17979	1
EXOSC7	-17.87	8	-3.79	7.49e-05	75	0.018	1	17978	1
CNOT3	-17.86	8	-3.79	7.58e-05	76	0.018	1	17977	1
TIPRL	-17.78	8	-3.77	8.25e-05	77	0.0193	1	17976	1
IMP3	-17.75	8	-3.76	8.45e-05	78	0.0196	1	17975	1
C18orf21	-17.72	8	-3.75	8.74e-05	79	0.0197	1	17974	1
MYRF	-17.71	8	-3.75	8.82e-05	80	0.0197	1	17973	1
CMPK1	-17.71	8	-3.75	8.85e-05	81	0.0197	1	17972	1
CSTF1	-17.63	8	-3.73	9.55e-05	82	0.021	1	17971	1
HNRNPK	-17.61	8	-3.72	9.78e-05	83	0.0213	1	17970	1
HSPA14	-17.50	8	-3.70	0.000109	84	0.0234	1	17969	1
PGK1	-17.49	8	-3.69	0.00011	85	0.0234	1	17968	1
POLR2L	-17.47	8	-3.69	0.000112	86	0.0235	1	17967	1
CCNF	-15.07	6	-3.67	0.000119	87	0.0244	1	17966	1
XRCC6	-17.40	8	-3.67	0.00012	88	0.0244	1	17965	1
SMG5	-17.40	8	-3.67	0.00012	89	0.0244	1	17964	1
RPS2	-17.36	8	-3.66	0.000126	90	0.0252	1	17963	1
DPH1	-17.32	8	-3.65	0.00013	91	0.0258	1	17962	1
CCT5	-17.31	8	-3.65	0.000132	92	0.0259	1	17961	1
CHORDC1	-17.29	8	-3.64	0.000134	93	0.0261	1	17960	1
PPP6C	-17.26	8	-3.64	0.000137	94	0.0262	1	17959	1
HDAC3	-17.26	8	-3.64	0.000138	95	0.0262	1	17958	1
DTL	-17.24	8	-3.63	0.000141	96	0.0265	1	17957	1
INTS6	-17.22	8	-3.63	0.000144	97	0.0266	1	17956	1
OXCT2	-17.21	8	-3.63	0.000144	98	0.0266	1	17955	1
UBE2C	-17.15	8	-3.61	0.000153	99	0.028	1	17954	1
NHLRC2	-17.13	8	-3.61	0.000156	100	0.0281	1	17953	1
TRMT61A	-17.12	8	-3.60	0.000158	101	0.0281	1	17952	1
WDR25	-17.11	8	-3.60	0.000159	102	0.0281	1	17951	1
NDNL2	-17.10	8	-3.60	0.000162	103	0.0283	1	17950	1
DDX10	-17.09	8	-3.59	0.000163	104	0.0283	1	17949	1
PPP4C	-17.07	8	-3.59	0.000166	105	0.0285	1	17948	1
SRP19	-17.04	8	-3.58	0.00017	106	0.029	1	17947	1
DUT	-17.03	8	-3.58	0.000173	107	0.0291	1	17946	1
URB1	-17.02	8	-3.58	0.000175	108	0.0291	1	17945	1
EED	-17.01	8	-3.57	0.000176	109	0.0291	1	17944	1
JMJD6	-16.98	8	-3.57	0.00018	110	0.0296	1	17943	1
NOC4L	-16.97	8	-3.56	0.000183	111	0.0298	1	17942	1
ORAOV1	-16.94	8	-3.56	0.000188	112	0.0298	1	17941	1
SMC2	-16.94	8	-3.56	0.000188	113	0.0298	1	17940	1
SACM1L	-16.94	8	-3.56	0.000188	114	0.0298	1	17939	1
RAE1	-16.90	8	-3.55	0.000195	115	0.0306	1	17938	1
YARS	-16.86	8	-3.54	0.000203	116	0.0315	1	17937	1
BANF1	-16.83	8	-3.53	0.000208	117	0.0321	1	17936	1
DPAGT1	-16.81	8	-3.52	0.000213	118	0.0325	1	17935	1
NAA20	-16.78	8	-3.52	0.000219	119	0.0332	1	17934	1
SAE1	-16.76	8	-3.51	0.000223	120	0.0336	1	17933	1
ALYREF	-16.72	8	-3.50	0.000232	121	0.0347	1	17932	1
SUZ12	-16.70	8	-3.50	0.000237	122	0.0351	1	17931	1
DDOST	-16.67	8	-3.49	0.000242	123	0.0355	1	17930	1
UBE2S	-16.66	8	-3.49	0.000244	124	0.0355	1	17929	1
NLE1	-16.63	8	-3.48	0.000252	125	0.036	1	17928	1
RIOK2	-16.62	8	-3.47	0.000256	126	0.036	1	17927	1
DKC1	-16.61	8	-3.47	0.000257	127	0.036	1	17926	1
CSNK1A1	-16.61	8	-3.47	0.000257	128	0.036	1	17925	1
PPP1R11	-16.61	8	-3.47	0.000257	129	0.036	1	17924	1
SPATA5	-16.57	8	-3.46	0.000268	130	0.0372	1	17923	1
RCL1	-16.56	8	-3.46	0.00027	131	0.0372	1	17922	1
SEC63	-16.54	8	-3.46	0.000273	132	0.0374	1	17921	1
SETD2	-16.53	8	-3.45	0.000277	133	0.0375	1	17920	1
SLC35B1	-16.52	8	-3.45	0.000278	134	0.0375	1	17919	1
NVL	-16.51	8	-3.45	0.000282	135	0.0376	1	17918	1
WAPAL	-16.50	8	-3.45	0.000283	136	0.0376	1	17917	1
ATP6V0C	-16.48	8	-3.44	0.000291	137	0.0383	1	17916	1
HSCB	-16.44	8	-3.43	0.0003	138	0.0393	1	17915	1
DSCC1	-16.40	8	-3.42	0.000312	139	0.0405	1	17914	1
KIF23	-16.36	8	-3.41	0.000325	140	0.0419	1	17913	1
FBXW11	-16.32	8	-3.40	0.000337	141	0.0427	1	17912	1
SUPT16H	-16.31	8	-3.40	0.000338	142	0.0427	1	17911	1
INPP5K	-16.31	8	-3.40	0.000338	143	0.0427	1	17910	1
TRAPPC11	-16.26	8	-3.39	0.000355	144	0.0445	1	17909	1
XRCC5	-16.25	8	-3.38	0.000358	145	0.0445	1	17908	1
ZNF638	-16.24	8	-3.38	0.000362	146	0.0446	1	17907	1
CREBBP	-16.24	8	-3.38	0.000363	147	0.0446	1	17906	1
POP5	-16.21	8	-3.37	0.000373	148	0.0454	1	17905	1
RPE	-16.20	8	-3.37	0.000375	149	0.0454	1	17904	1
TYMS	-16.19	8	-3.37	0.00038	150	0.0458	1	17903	1
FBL	-16.17	8	-3.36	0.000385	151	0.0461	1	17902	1
PSMB4	-16.16	8	-3.36	0.00039	152	0.0463	1	17901	1
RPS19BP1	-16.15	8	-3.36	0.000393	153	0.0463	1	17900	1
CCDC86	-16.14	8	-3.36	0.000396	154	0.0464	1	17899	1
ILK	-16.13	8	-3.35	0.000401	155	0.0467	1	17898	1
SUGT1	-16.10	8	-3.34	0.000412	156	0.0474	1	17897	1
ATP6V1D	-16.10	8	-3.34	0.000412	157	0.0474	1	17896	1
ARID4B	-16.05	8	-3.33	0.000428	158	0.049	1	17895	1
DDX59	-13.87	6	-3.32	0.000442	159	0.0498	1	17894	1
CCT7	-16.02	8	-3.32	0.000443	160	0.0498	1	17893	1
THG1L	-16.01	8	-3.32	0.000445	161	0.0498	1	17892	1
TPT1	-15.99	8	-3.32	0.000454	162	0.0505	1	17891	1
RPL5	-11.30	4	-3.32	0.000456	163	0.0505	1	17890	1
MST1	-15.96	8	-3.31	0.000466	164	0.0508	1	17889	1
PRPF38B	-15.96	8	-3.31	0.000466	165	0.0508	1	17888	1
NDOR1	-15.96	8	-3.31	0.000467	166	0.0508	1	17887	1
DOHH	-15.94	8	-3.31	0.000473	167	0.0511	1	17886	1
WEE1	-15.92	8	-3.30	0.000484	168	0.052	1	17885	1
DHX33	-15.91	8	-3.30	0.000489	169	0.052	1	17884	1
GMPPB	-15.90	8	-3.30	0.000491	170	0.052	1	17883	1
DNLZ	-15.90	8	-3.29	0.000492	171	0.052	1	17882	1
NHP2	-15.87	8	-3.29	0.000508	172	0.0533	0.999	17881	1
NOB1	-15.85	8	-3.28	0.000513	173	0.0535	0.999	17880	1
LSG1	-15.84	8	-3.28	0.000521	174	0.0541	0.999	17879	1
HSF1	-15.81	8	-3.27	0.000536	175	0.0552	0.999	17878	1
ERCC2	-15.71	8	-3.25	0.000584	176	0.0598	0.999	17877	1
DRD5	-15.70	8	-3.25	0.000587	177	0.0598	0.999	17876	1
GUK1	-15.69	8	-3.24	0.000592	178	0.06	0.999	17875	1
SPATA5L1	-15.69	8	-3.24	0.000595	179	0.06	0.999	17874	1
ATP6AP2	-15.67	8	-3.24	0.000607	180	0.0607	0.999	17873	1
KIAA1429	-15.66	8	-3.23	0.00061	181	0.0607	0.999	17872	1
GPN1	-15.65	8	-3.23	0.000615	182	0.0607	0.999	17871	1
GTF3C5	-15.65	8	-3.23	0.000617	183	0.0607	0.999	17870	1
RPS11	-15.64	8	-3.23	0.000619	184	0.0607	0.999	17869	1
TIMM50	-15.63	8	-3.23	0.000624	185	0.0609	0.999	17868	1
HMGCS1	-15.57	8	-3.21	0.000659	186	0.0638	0.999	17867	1
LSM2	-15.57	8	-3.21	0.000661	187	0.0638	0.999	17866	1
CDC123	-15.53	8	-3.20	0.000685	188	0.0654	0.999	17865	1
EXOSC4	-15.52	8	-3.20	0.000689	189	0.0654	0.999	17864	1
TUT1	-15.52	8	-3.20	0.00069	190	0.0654	0.999	17863	1
RNGTT	-15.51	8	-3.20	0.000693	191	0.0654	0.999	17862	1
SAMM50	-15.51	8	-3.20	0.000696	192	0.0654	0.999	17861	1
ECD	-15.49	8	-3.19	0.000705	193	0.0659	0.999	17860	1
DDX51	-15.43	8	-3.18	0.000743	194	0.0691	0.999	17859	1
SNAPC3	-15.42	8	-3.17	0.00075	195	0.0694	0.999	17858	1
NOP16	-15.41	8	-3.17	0.000755	196	0.0695	0.999	17857	1
TIMM10	-15.39	8	-3.17	0.000772	197	0.0707	0.999	17856	1
PRMT5	-15.37	8	-3.16	0.000782	198	0.0713	0.999	17855	1
HUS1	-15.36	8	-3.16	0.00079	199	0.0714	0.999	17854	1
CIRH1A	-15.36	8	-3.16	0.000791	200	0.0714	0.999	17853	1
PRKRIR	-13.28	6	-3.15	0.000808	201	0.0726	0.999	17852	1
NGDN	-15.32	8	-3.15	0.000817	202	0.073	0.999	17851	1
COPS8	-15.30	8	-3.14	0.000837	203	0.0744	0.999	17850	1
PRRC2A	-15.23	8	-3.13	0.000888	204	0.0785	0.999	17849	1
COPS4	-15.21	8	-3.12	0.000898	205	0.0791	0.999	17848	1
TELO2	-15.20	8	-3.12	0.000905	206	0.0793	0.999	17847	1
DDX46	-15.18	8	-3.11	0.00092	207	0.0801	0.999	17846	1
NUMA1	-15.18	8	-3.11	0.000923	208	0.0801	0.999	17845	1
GFER	-15.17	8	-3.11	0.000934	209	0.0807	0.999	17844	1
HJURP	-15.16	8	-3.11	0.000939	210	0.0807	0.999	17843	1
CTNNBIP1	-15.15	8	-3.11	0.000949	211	0.0812	0.999	17842	1
TRAPPC3	-15.14	8	-3.10	0.000954	212	0.0812	0.999	17841	1
NOP9	-15.13	8	-3.10	0.00096	213	0.0814	0.999	17840	1
PPA1	-15.13	8	-3.10	0.000967	214	0.0816	0.999	17839	1
TKT	-15.12	8	-3.10	0.000973	215	0.0817	0.999	17838	1
ATP1A1	-15.10	8	-3.09	0.000986	216	0.0821	0.999	17837	1
UBE2I	-14.12	7	-3.09	0.00099	217	0.0821	0.999	17836	1
ERH	-15.10	8	-3.09	0.000991	218	0.0821	0.999	17835	1
SRSF11	-15.09	8	-3.09	0.000997	219	0.0822	0.999	17834	1
RFC3	-15.06	8	-3.08	0.00102	220	0.0833	0.999	17833	1
UBA2	-15.06	8	-3.08	0.00102	221	0.0833	0.999	17832	1
EIF2B5	-15.06	8	-3.08	0.00102	222	0.0833	0.999	17831	1
EMC1	-15.00	8	-3.07	0.00107	223	0.087	0.999	17830	1
OGT	-14.98	8	-3.06	0.00109	224	0.0881	0.999	17829	1
NEDD1	-14.96	8	-3.06	0.00112	225	0.0894	0.999	17828	1
PES1	-14.95	8	-3.06	0.00112	226	0.0894	0.999	17827	1
GPN3	-14.95	8	-3.06	0.00112	227	0.0894	0.999	17826	1
CINP	-14.92	8	-3.05	0.00115	228	0.0911	0.999	17825	1
C9orf114	-14.89	8	-3.04	0.00118	229	0.0927	0.999	17824	1
TSEN2	-14.89	8	-3.04	0.00118	230	0.0927	0.999	17823	1
CBLL1	-14.86	8	-3.03	0.00121	231	0.0944	0.999	17822	1
EEFSEC	-14.80	8	-3.02	0.00127	232	0.0988	0.999	17821	1
SKA2	-14.78	8	-3.01	0.00129	233	0.1	0.999	17820	1
EFTUD1	-14.78	8	-3.01	0.0013	234	0.1	0.999	17819	1
RPL8	-14.76	8	-3.01	0.00131	235	0.101	0.999	17818	1
RPP25L	-14.73	8	-3.00	0.00134	236	0.103	0.999	17817	1
CRAMP1L	-14.72	8	-3.00	0.00136	237	0.103	0.999	17816	1
GPX4	-14.72	8	-3.00	0.00136	238	0.103	0.999	17815	1
FNTB	-14.71	8	-2.99	0.00137	239	0.103	0.999	17814	1
DHPS	-14.71	8	-2.99	0.00137	240	0.103	0.999	17813	1
NAF1	-14.69	8	-2.99	0.00139	241	0.104	0.999	17812	1
ELP3	-14.67	8	-2.98	0.00142	242	0.106	0.999	17811	1
PSMA6	-14.67	8	-2.98	0.00142	243	0.106	0.999	17810	1
INTS9	-14.65	8	-2.98	0.00144	244	0.107	0.999	17809	1
ATP2A2	-14.63	8	-2.98	0.00146	245	0.108	0.999	17808	1
CTNNBL1	-14.62	8	-2.97	0.00148	246	0.109	0.999	17807	1
DDX19A	-14.61	8	-2.97	0.00149	247	0.109	0.999	17806	1
EIF2S1	-14.59	8	-2.97	0.00151	248	0.109	0.998	17805	1
NUDT21	-14.59	8	-2.97	0.00151	249	0.109	0.998	17804	1
RPS14	-14.58	8	-2.96	0.00153	250	0.11	0.998	17803	1
IPO11	-14.57	8	-2.96	0.00154	251	0.111	0.998	17802	1
EEF1A1	-12.59	6	-2.95	0.00159	252	0.114	0.998	17801	1
WDR75	-14.52	8	-2.95	0.00161	253	0.115	0.998	17800	1
WDR24	-14.51	8	-2.94	0.00162	254	0.115	0.998	17799	1
OSBP	-14.50	8	-2.94	0.00162	255	0.115	0.998	17798	1
PRPF38A	-14.48	8	-2.94	0.00165	256	0.116	0.998	17797	1
EIF1AD	-14.48	8	-2.94	0.00166	257	0.116	0.998	17796	1
DDX55	-14.44	8	-2.93	0.00171	258	0.119	0.998	17795	1
CLNS1A	-14.44	8	-2.93	0.00171	259	0.119	0.998	17794	1
CDK9	-14.42	8	-2.92	0.00174	260	0.121	0.998	17793	1
PSMA2	-14.41	8	-2.92	0.00174	261	0.121	0.998	17792	1
MTOR	-14.41	8	-2.92	0.00175	262	0.121	0.998	17791	1
RPSA	-14.37	8	-2.91	0.00181	263	0.124	0.998	17790	1
TAF1C	-14.34	8	-2.90	0.00185	264	0.126	0.998	17789	1
GPS1	-14.34	8	-2.90	0.00185	265	0.126	0.998	17788	1
TADA1	-14.33	8	-2.90	0.00187	266	0.127	0.998	17787	1
SF3A3	-14.32	8	-2.90	0.00188	267	0.127	0.998	17786	1
GEMIN7	-14.30	8	-2.89	0.00191	268	0.129	0.998	17785	1
DTYMK	-14.29	8	-2.89	0.00192	269	0.129	0.998	17784	1
INTS3	-14.29	8	-2.89	0.00192	270	0.129	0.998	17783	1
MCM3	-14.28	8	-2.89	0.00194	271	0.129	0.998	17782	1
CDT1	-14.28	8	-2.89	0.00194	272	0.129	0.998	17781	1
ZNF207	-14.28	8	-2.89	0.00195	273	0.129	0.998	17780	1
C16orf80	-14.23	8	-2.87	0.00202	274	0.133	0.998	17779	1
YAE1D1	-14.23	8	-2.87	0.00202	275	0.133	0.998	17778	1
KIF11	-14.22	8	-2.87	0.00204	276	0.133	0.998	17777	1
ALG13	-14.21	8	-2.87	0.00206	277	0.134	0.998	17776	1
CCAR1	-14.20	8	-2.87	0.00207	278	0.134	0.998	17775	1
TICRR	-14.18	8	-2.86	0.0021	279	0.135	0.998	17774	1
NARS	-14.18	8	-2.86	0.0021	280	0.135	0.998	17773	1
PSTK	-14.18	8	-2.86	0.00211	281	0.135	0.998	17772	1
TOMM40	-14.18	8	-2.86	0.00211	282	0.135	0.998	17771	1
PRPF19	-14.18	8	-2.86	0.00211	283	0.135	0.998	17770	1
SOCS3	-14.15	8	-2.86	0.00215	284	0.137	0.998	17769	1
SNUPN	-14.14	8	-2.85	0.00218	285	0.138	0.998	17768	1
RPS23	-14.14	8	-2.85	0.00218	286	0.138	0.998	17767	1
PPP2R1A	-14.12	8	-2.85	0.0022	287	0.138	0.998	17766	1
CENPM	-14.12	8	-2.85	0.0022	288	0.138	0.998	17765	1
CDAN1	-14.12	8	-2.85	0.00222	289	0.138	0.998	17764	1
ALG2	-14.11	8	-2.84	0.00223	290	0.139	0.998	17763	1
WDR12	-14.07	8	-2.83	0.00229	291	0.142	0.998	17762	1
DDX3X	-14.07	8	-2.83	0.0023	292	0.142	0.998	17761	1
RPL3	-14.06	8	-2.83	0.00232	293	0.143	0.998	17760	1
ESPN	-14.05	8	-2.83	0.00234	294	0.143	0.998	17759	1
TSR1	-14.04	8	-2.83	0.00235	295	0.143	0.998	17758	1
VPS4B	-14.04	8	-2.83	0.00235	296	0.143	0.998	17757	1
NOP58	-13.13	7	-2.83	0.00235	297	0.143	0.998	17756	1
PSMG4	-14.04	8	-2.83	0.00236	298	0.143	0.998	17755	1
C9orf41	-14.03	8	-2.82	0.00238	299	0.144	0.998	17754	1
SMG1	-14.02	8	-2.82	0.00239	300	0.144	0.998	17753	1
ZNF574	-13.98	8	-2.81	0.00247	301	0.148	0.998	17752	1
MVD	-13.97	8	-2.81	0.00248	302	0.148	0.998	17751	1
RNF4	-13.97	8	-2.81	0.00248	303	0.148	0.998	17750	1
DIS3	-13.96	8	-2.81	0.0025	304	0.148	0.998	17749	1
CFDP1	-13.95	8	-2.80	0.00252	305	0.149	0.997	17748	1
NELFA	-13.95	8	-2.80	0.00253	306	0.149	0.997	17747	1
RABGGTB	-13.92	8	-2.80	0.00259	307	0.152	0.997	17746	1
THOC3	-13.91	8	-2.79	0.00261	308	0.153	0.997	17745	1
AIFM1	-13.90	8	-2.79	0.00263	309	0.153	0.997	17744	1
WDR77	-13.90	8	-2.79	0.00263	310	0.153	0.997	17743	1
UTP23	-13.89	8	-2.79	0.00263	311	0.153	0.997	17742	1
EIF3E	-13.89	8	-2.79	0.00264	312	0.153	0.997	17741	1
ATP6V1A	-12.02	6	-2.79	0.00265	313	0.153	0.997	17740	1
NOL7	-13.87	8	-2.78	0.00268	314	0.154	0.997	17739	1
EIF5	-13.85	8	-2.78	0.00273	315	0.156	0.997	17738	1
USE1	-13.85	8	-2.78	0.00273	316	0.156	0.997	17737	1
MSTO1	-13.84	8	-2.78	0.00274	317	0.156	0.997	17736	1
RPS19	-11.97	6	-2.77	0.00279	318	0.158	0.997	17735	1
GSPT1	-13.79	8	-2.76	0.00285	319	0.161	0.997	17734	1
CHAF1B	-13.79	8	-2.76	0.00286	320	0.162	0.997	17733	1
POP7	-13.78	8	-2.76	0.00289	321	0.162	0.997	17732	1
LRWD1	-13.76	8	-2.76	0.00292	322	0.163	0.997	17731	1
DET1	-13.76	8	-2.76	0.00293	323	0.163	0.997	17730	1
SMC4	-13.76	8	-2.76	0.00293	324	0.163	0.997	17729	1
INTS4	-13.75	8	-2.75	0.00294	325	0.163	0.997	17728	1
RPLP0	-13.74	8	-2.75	0.00297	326	0.165	0.997	17727	1
RPF1	-13.73	8	-2.75	0.00299	327	0.165	0.997	17726	1
MZT1	-9.70	4	-2.75	0.00301	328	0.165	0.997	17725	1
NRD1	-13.72	8	-2.75	0.00301	329	0.165	0.997	17724	1
TUBB	-13.72	8	-2.75	0.00301	330	0.165	0.997	17723	1
MIS18A	-11.88	6	-2.74	0.00303	331	0.165	0.997	17722	1
GOSR2	-13.70	8	-2.74	0.00305	332	0.166	0.997	17721	1
ACTR10	-13.69	8	-2.74	0.0031	333	0.168	0.997	17720	1
KRI1	-13.68	8	-2.74	0.0031	334	0.168	0.997	17719	1
KARS	-13.67	8	-2.73	0.00314	335	0.169	0.997	17718	1
HSPA9	-13.65	8	-2.73	0.00319	336	0.171	0.997	17717	1
TBCE	-13.64	8	-2.73	0.0032	337	0.171	0.997	17716	1
SF1	-13.64	8	-2.73	0.0032	338	0.171	0.997	17715	1
EIF3H	-13.61	8	-2.72	0.00327	339	0.173	0.997	17714	1
EXOSC2	-13.61	8	-2.72	0.00327	340	0.173	0.997	17713	1
ISG20L2	-13.61	8	-2.72	0.00329	341	0.173	0.997	17712	1
ELP6	-13.61	8	-2.72	0.00329	342	0.173	0.997	17711	1
CDC45	-13.61	8	-2.72	0.00329	343	0.173	0.997	17710	1
DPY30	-13.59	8	-2.71	0.00333	344	0.175	0.997	17709	1
LSM6	-11.74	6	-2.70	0.00342	345	0.179	0.997	17708	1
SRF	-13.52	8	-2.70	0.00351	346	0.183	0.996	17707	1
FCGR1A	-13.52	8	-2.70	0.00351	347	0.183	0.996	17706	1
EGLN1	-13.51	8	-2.69	0.00354	348	0.183	0.996	17705	1
GRPEL1	-13.50	8	-2.69	0.00356	349	0.183	0.996	17704	1
XAB2	-11.69	6	-2.69	0.00357	350	0.183	0.996	17703	1
HTATSF1	-13.50	8	-2.69	0.00357	351	0.183	0.996	17702	1
ANAPC7	-13.50	8	-2.69	0.00357	352	0.183	0.996	17701	1
CCT6A	-13.49	8	-2.69	0.00359	353	0.184	0.996	17700	1
ILF3	-13.46	8	-2.68	0.00366	354	0.186	0.996	17699	1
ARPC4	-13.46	8	-2.68	0.00366	355	0.186	0.996	17698	1
PSMG3	-13.46	8	-2.68	0.00367	356	0.186	0.996	17697	1
COPS2	-13.45	8	-2.68	0.00371	357	0.187	0.996	17696	1
PHB2	-13.44	8	-2.68	0.00372	358	0.187	0.996	17695	1
RBM17	-13.44	8	-2.68	0.00372	359	0.187	0.996	17694	1
PDCL	-13.43	8	-2.67	0.00376	360	0.188	0.996	17693	1
LAS1L	-13.43	8	-2.67	0.00376	361	0.188	0.996	17692	1
PPP1R15B	-13.43	8	-2.67	0.00377	362	0.188	0.996	17691	1
CENPK	-11.62	6	-2.67	0.00381	363	0.189	0.996	17690	1
RC3H1	-13.41	8	-2.67	0.00381	364	0.189	0.996	17689	1
METTL16	-13.37	8	-2.66	0.00392	365	0.193	0.996	17688	1
CHMP4B	-13.37	8	-2.66	0.00392	366	0.193	0.996	17687	1
UTP20	-13.36	8	-2.66	0.00395	367	0.194	0.996	17686	1
RUVBL2	-13.36	8	-2.66	0.00395	368	0.194	0.996	17685	1
PMPCA	-13.36	8	-2.65	0.00397	369	0.194	0.996	17684	1
RPL37A	-9.44	4	-2.65	0.00398	370	0.194	0.996	17683	1
RPP40	-13.35	8	-2.65	0.004	371	0.194	0.996	17682	1
IDI1	-13.34	8	-2.65	0.00403	372	0.195	0.996	17681	1
SRP54	-13.33	8	-2.65	0.00405	373	0.196	0.996	17680	1
POLR3K	-13.32	8	-2.65	0.00407	374	0.196	0.996	17679	1
NSMCE1	-13.31	8	-2.64	0.0041	375	0.198	0.996	17678	1
RPL27A	-13.28	8	-2.64	0.00421	376	0.202	0.996	17677	1
RPS25	-13.28	8	-2.63	0.00421	377	0.202	0.996	17676	1
MCM6	-13.25	8	-2.63	0.0043	378	0.205	0.996	17675	1
VARS	-13.23	8	-2.62	0.00435	379	0.207	0.996	17674	1
UTP3	-13.23	8	-2.62	0.00435	380	0.207	0.996	17673	1
CHD8	-13.22	8	-2.62	0.00439	381	0.208	0.996	17672	1
CTDNEP1	-13.21	8	-2.62	0.00441	382	0.208	0.996	17671	1
NOP14	-13.20	8	-2.62	0.00445	383	0.209	0.996	17670	1
WDR43	-13.20	8	-2.62	0.00445	384	0.209	0.996	17669	1
ICMT	-13.20	8	-2.61	0.00447	385	0.209	0.996	17668	1
DNAJA3	-13.20	8	-2.61	0.00447	386	0.209	0.996	17667	1
TLN1	-13.19	8	-2.61	0.00449	387	0.209	0.996	17666	1
TRMT6	-13.18	8	-2.61	0.00451	388	0.209	0.995	17665	1
RPL36	-13.18	8	-2.61	0.00451	389	0.209	0.995	17664	1
FBXO5	-13.18	8	-2.61	0.00453	390	0.209	0.995	17663	1
ACTR3	-13.18	8	-2.61	0.00453	391	0.209	0.995	17662	1
FEN1	-13.17	8	-2.61	0.00457	392	0.21	0.995	17661	1
TIMM22	-13.16	8	-2.61	0.00458	393	0.21	0.995	17660	1
PABPN1	-13.16	8	-2.61	0.00459	394	0.21	0.995	17659	1
RNASEH2C	-13.15	8	-2.60	0.00463	395	0.211	0.995	17658	1
TBCB	-13.15	8	-2.60	0.00463	396	0.211	0.995	17657	1
TRIM37	-13.13	8	-2.60	0.0047	397	0.214	0.995	17656	1
MASTL	-13.12	8	-2.60	0.00471	398	0.214	0.995	17655	1
PSMG1	-13.12	8	-2.59	0.00474	399	0.214	0.995	17654	1
EEF1G	-13.11	8	-2.59	0.00476	400	0.214	0.995	17653	1
MMGT1	-13.11	8	-2.59	0.00476	401	0.214	0.995	17652	1
RRM1	-13.11	8	-2.59	0.00477	402	0.214	0.995	17651	1
EXOSC8	-13.09	8	-2.59	0.00482	403	0.216	0.995	17650	1
RPS13	-13.08	8	-2.59	0.00486	404	0.217	0.995	17649	1
PDCD7	-13.08	8	-2.58	0.00487	405	0.217	0.995	17648	1
PCM1	-13.07	8	-2.58	0.0049	406	0.217	0.995	17647	1
SKA3	-13.07	8	-2.58	0.0049	407	0.217	0.995	17646	1
SKIV2L2	-13.06	8	-2.58	0.00494	408	0.218	0.995	17645	1
VBP1	-13.05	8	-2.58	0.00499	409	0.22	0.995	17644	1
PAXBP1	-13.04	8	-2.58	0.00501	410	0.221	0.995	17643	1
RANGAP1	-13.03	8	-2.57	0.00503	411	0.221	0.995	17642	1
THOC2	-13.02	8	-2.57	0.00507	412	0.222	0.995	17641	1
FERMT2	-13.01	8	-2.57	0.00514	413	0.224	0.995	17640	1
CCDC84	-13.00	8	-2.57	0.00515	414	0.224	0.995	17639	1
CHERP	-13.00	8	-2.57	0.00515	415	0.224	0.995	17638	1
NDC1	-13.00	8	-2.56	0.00518	416	0.225	0.995	17637	1
UFC1	-12.99	8	-2.56	0.00521	417	0.225	0.995	17636	1
AARS	-12.99	8	-2.56	0.00521	418	0.225	0.995	17635	1
SF3B3	-12.95	8	-2.55	0.00534	419	0.23	0.995	17634	1
THOC1	-12.95	8	-2.55	0.00534	420	0.23	0.995	17633	1
EIF3M	-12.95	8	-2.55	0.00536	421	0.23	0.995	17632	1
FDX1L	-12.95	8	-2.55	0.00537	422	0.23	0.995	17631	1
LSM3	-12.93	8	-2.55	0.00541	423	0.231	0.995	17630	1
SF3B4	-12.93	8	-2.55	0.00544	424	0.231	0.995	17629	1
POLR1C	-12.92	8	-2.55	0.00545	425	0.231	0.995	17628	1
PSMA3	-12.92	8	-2.55	0.00546	426	0.231	0.995	17627	1
RPL38	-12.92	8	-2.54	0.00548	427	0.231	0.995	17626	1
HNRNPU	-12.89	8	-2.54	0.00558	428	0.235	0.994	17625	1
UROD	-12.88	8	-2.54	0.00561	429	0.236	0.994	17624	1
CALML6	-12.87	8	-2.53	0.00568	430	0.239	0.994	17623	1
KAT2A	-12.85	8	-2.53	0.00574	431	0.239	0.994	17622	1
WDR46	-12.85	8	-2.53	0.00574	432	0.239	0.994	17621	1
MOB4	-12.85	8	-2.53	0.00575	433	0.239	0.994	17620	1
NIP7	-12.85	8	-2.53	0.00576	434	0.239	0.994	17619	1
MEPCE	-12.84	8	-2.53	0.00578	435	0.24	0.994	17618	1
TRAIP	-12.82	8	-2.52	0.00586	436	0.243	0.994	17617	1
ILF2	-12.81	8	-2.52	0.0059	437	0.244	0.994	17616	1
ELP5	-12.81	8	-2.52	0.00591	438	0.244	0.994	17615	1
NCAPG2	-12.80	8	-2.51	0.00598	439	0.246	0.994	17614	1
EFTUD2	-12.79	8	-2.51	0.00599	440	0.246	0.994	17613	1
NFATC2IP	-12.76	8	-2.51	0.00612	441	0.25	0.994	17612	1
RPL10A	-11.05	6	-2.50	0.00613	442	0.25	0.994	17611	1
PRPF8	-12.75	8	-2.50	0.00615	443	0.251	0.994	17610	1
PRPF4	-12.75	8	-2.50	0.00616	444	0.251	0.994	17609	1
PSMD4	-12.75	8	-2.50	0.00618	445	0.251	0.994	17608	1
TMX2	-12.75	8	-2.50	0.00619	446	0.251	0.994	17607	1
LEMD2	-12.74	8	-2.50	0.00623	447	0.252	0.994	17606	1
GTF2A2	-12.73	8	-2.50	0.00627	448	0.253	0.994	17605	1
PRKCZ	-12.72	8	-2.50	0.00629	449	0.253	0.994	17604	1
KRR1	-12.72	8	-2.49	0.0063	450	0.253	0.994	17603	1
NAPG	-12.71	8	-2.49	0.00637	451	0.255	0.994	17602	1
NDUFAB1	-12.70	8	-2.49	0.00637	452	0.255	0.994	17601	1
USP39	-12.70	8	-2.49	0.00642	453	0.256	0.994	17600	1
UBE2H	-12.69	8	-2.49	0.00643	454	0.256	0.994	17599	1
SARS	-12.69	8	-2.49	0.00646	455	0.256	0.994	17598	1
CCDC115	-12.67	8	-2.48	0.00653	456	0.259	0.993	17597	1
DPH3	-12.66	8	-2.48	0.00659	457	0.26	0.993	17596	1
RPS16	-12.66	8	-2.48	0.00659	458	0.26	0.993	17595	1
RPS3A	-8.94	4	-2.47	0.00667	459	0.262	0.993	17594	1
DYNC1I2	-12.64	8	-2.47	0.00669	460	0.263	0.993	17593	1
PMVK	-12.61	8	-2.47	0.00683	461	0.267	0.993	17592	1
DOT1L	-12.60	8	-2.46	0.00685	462	0.267	0.993	17591	1
RPL7A	-12.60	8	-2.46	0.00686	463	0.267	0.993	17590	1
DHFR	-10.91	6	-2.46	0.0069	464	0.268	0.993	17589	1
SSRP1	-12.59	8	-2.46	0.00691	465	0.268	0.993	17588	1
RPL7	-10.90	6	-2.46	0.00692	466	0.268	0.993	17587	1
TEAD1	-12.57	8	-2.46	0.007	467	0.271	0.993	17586	1
TTI2	-12.57	8	-2.46	0.00703	468	0.271	0.993	17585	1
MCMBP	-12.56	8	-2.46	0.00704	469	0.271	0.993	17584	1
EFR3A	-12.55	8	-2.45	0.00711	470	0.273	0.993	17583	1
PCNA	-12.55	8	-2.45	0.00711	471	0.273	0.993	17582	1
SRSF1	-12.53	8	-2.45	0.0072	472	0.275	0.993	17581	1
DENR	-12.53	8	-2.45	0.00721	473	0.275	0.993	17580	1
NCAPG	-12.52	8	-2.45	0.00724	474	0.276	0.993	17579	1
RFC5	-12.52	8	-2.44	0.00726	475	0.276	0.993	17578	1
CSE1L	-12.52	8	-2.44	0.00728	476	0.276	0.993	17577	1
POLE	-12.51	8	-2.44	0.0073	477	0.276	0.993	17576	1
DIDO1	-12.51	8	-2.44	0.0073	478	0.276	0.993	17575	1
SNF8	-12.49	8	-2.44	0.0074	479	0.278	0.993	17574	1
POLR1A	-12.49	8	-2.44	0.0074	480	0.278	0.993	17573	1
KMT2A	-12.47	8	-2.43	0.00749	481	0.281	0.993	17572	1
FBXW2	-12.47	8	-2.43	0.0075	482	0.281	0.992	17571	1
SKA1	-12.47	8	-2.43	0.00752	483	0.281	0.992	17570	1
DDX47	-12.47	8	-2.43	0.00753	484	0.281	0.992	17569	1
ANLN	-10.78	6	-2.43	0.00763	485	0.283	0.992	17568	1
SRP68	-12.45	8	-2.43	0.00764	486	0.283	0.992	17567	1
FAU	-12.45	8	-2.43	0.00764	487	0.283	0.992	17566	1
NT5C1A	-12.43	8	-2.42	0.00772	488	0.286	0.992	17565	1
EIF1AX	-12.37	8	-2.41	0.00803	489	0.296	0.992	17564	1
DHX37	-12.37	8	-2.41	0.00804	490	0.296	0.992	17563	1
PPIL4	-12.37	8	-2.41	0.00804	491	0.296	0.992	17562	1
TMEM208	-12.37	8	-2.41	0.00807	492	0.296	0.992	17561	1
NCKAP1	-12.36	8	-2.40	0.00811	493	0.297	0.992	17560	1
ABCF1	-12.36	8	-2.40	0.00812	494	0.297	0.992	17559	1
ETF1	-12.33	8	-2.40	0.00826	495	0.301	0.992	17558	1
PPP1R8	-12.33	8	-2.40	0.00829	496	0.301	0.992	17557	1
POLR3A	-12.33	8	-2.40	0.00829	497	0.301	0.992	17556	1
NUDC	-12.33	8	-2.40	0.00831	498	0.301	0.992	17555	1
DDX49	-12.32	8	-2.39	0.00834	499	0.302	0.992	17554	1
NSF	-12.30	8	-2.39	0.00845	500	0.305	0.992	17553	1
GRWD1	-12.29	8	-2.39	0.00849	501	0.306	0.992	17552	1
RANBP9	-12.28	8	-2.39	0.00854	502	0.307	0.991	17551	1
DNAJC17	-12.28	8	-2.38	0.00855	503	0.307	0.991	17550	1
EXOC2	-12.28	8	-2.38	0.00859	504	0.308	0.991	17549	1
PPRC1	-12.26	8	-2.38	0.00868	505	0.31	0.991	17548	1
DDX39B	-12.25	8	-2.38	0.00872	506	0.311	0.991	17547	1
TMED10	-12.25	8	-2.38	0.00876	507	0.312	0.991	17546	1
SNRPA1	-12.24	8	-2.37	0.0088	508	0.312	0.991	17545	1
EMC2	-12.24	8	-2.37	0.00881	509	0.312	0.991	17544	1
ZMYND19	-12.24	8	-2.37	0.00882	510	0.312	0.991	17543	1
ARF4	-12.24	8	-2.37	0.00883	511	0.312	0.991	17542	1
RABGGTA	-12.23	8	-2.37	0.00885	512	0.312	0.991	17541	1
CTR9	-12.22	8	-2.37	0.00892	513	0.314	0.991	17540	1
CIAO1	-12.22	8	-2.37	0.00895	514	0.314	0.991	17539	1
RRP1	-12.21	8	-2.37	0.00896	515	0.314	0.991	17538	1
THOC7	-12.21	8	-2.37	0.00898	516	0.314	0.991	17537	1
RPL31	-8.62	4	-2.36	0.00911	517	0.318	0.991	17536	1
RACGAP1	-12.17	8	-2.36	0.00921	518	0.321	0.991	17535	1
ACTR6	-12.17	8	-2.36	0.00922	519	0.321	0.991	17534	1
TEX10	-12.16	8	-2.35	0.00928	520	0.321	0.991	17533	1
GID8	-12.16	8	-2.35	0.00928	521	0.321	0.991	17532	1
DCST2	-12.16	8	-2.35	0.00929	522	0.321	0.991	17531	1
MNAT1	-12.15	8	-2.35	0.00933	523	0.322	0.991	17530	1
NOL9	-12.15	8	-2.35	0.00935	524	0.322	0.991	17529	1
PPP1R12A	-12.15	8	-2.35	0.00936	525	0.322	0.991	17528	1
NUF2	-12.15	8	-2.35	0.00938	526	0.322	0.991	17527	1
GUCA2B	-12.14	8	-2.35	0.0094	527	0.322	0.991	17526	1
C19orf53	-12.14	8	-2.35	0.00944	528	0.323	0.991	17525	1
PPME1	-12.13	8	-2.35	0.00948	529	0.324	0.991	17524	1
TMA16	-12.11	8	-2.34	0.0096	530	0.327	0.99	17523	1
UBR4	-12.10	8	-2.34	0.00965	531	0.328	0.99	17522	1
MAD2L1	-12.09	8	-2.34	0.00977	532	0.331	0.99	17521	1
CTDSPL2	-12.07	8	-2.33	0.00988	533	0.334	0.99	17520	1
RPL12	-12.06	8	-2.33	0.00996	534	0.336	0.99	17519	1
COPS5	-12.06	8	-2.33	0.00997	535	0.336	0.99	17518	1
ZNF76	-12.04	8	-2.32	0.0101	536	0.339	0.99	17517	1
TAF8	-12.04	8	-2.32	0.0101	537	0.339	0.99	17516	1
FARSA	-12.03	8	-2.32	0.0101	538	0.339	0.99	17515	1
MAK16	-12.02	8	-2.32	0.0102	539	0.34	0.99	17514	1
USP5	-12.02	8	-2.32	0.0102	540	0.34	0.99	17513	1
HYOU1	-12.02	8	-2.32	0.0102	541	0.34	0.99	17512	1
PSMA5	-12.02	8	-2.32	0.0102	542	0.341	0.99	17511	1
MCM5	-12.00	8	-2.31	0.0103	543	0.343	0.99	17510	1
THAP1	-12.00	8	-2.31	0.0103	544	0.343	0.99	17509	1
PRELID1	-12.00	8	-2.31	0.0104	545	0.343	0.99	17508	1
PNN	-12.00	8	-2.31	0.0104	546	0.343	0.99	17507	1
SIAH1	-11.99	8	-2.31	0.0104	547	0.344	0.99	17506	1
EPRS	-11.98	8	-2.31	0.0105	548	0.346	0.989	17505	1
CCT2	-11.98	8	-2.31	0.0105	549	0.346	0.989	17504	1
C14orf80	-11.97	8	-2.31	0.0106	550	0.347	0.989	17503	1
IMP4	-11.97	8	-2.31	0.0106	551	0.347	0.989	17502	1
NUP50	-11.96	8	-2.30	0.0107	552	0.349	0.989	17501	1
PRPF31	-11.95	8	-2.30	0.0107	553	0.349	0.989	17500	1
ORC3	-11.95	8	-2.30	0.0107	554	0.349	0.989	17499	1
AAMP	-11.93	8	-2.29	0.0109	555	0.354	0.989	17498	1
IARS	-11.91	8	-2.29	0.011	556	0.356	0.989	17497	1
PLK4	-11.90	8	-2.29	0.011	557	0.358	0.989	17496	1
ABT1	-11.90	8	-2.29	0.0111	558	0.359	0.989	17495	1
CCNH	-11.88	8	-2.28	0.0112	559	0.361	0.989	17494	1
MARS	-11.87	8	-2.28	0.0112	560	0.361	0.989	17493	1
FNTA	-11.87	8	-2.28	0.0113	561	0.361	0.989	17492	1
NELFB	-11.87	8	-2.28	0.0113	562	0.361	0.989	17491	1
RIF1	-11.87	8	-2.28	0.0113	563	0.361	0.989	17490	1
PPP2R2A	-11.87	8	-2.28	0.0113	564	0.361	0.989	17489	1
PDCD2	-11.87	8	-2.28	0.0113	565	0.361	0.989	17488	1
XRN2	-11.84	8	-2.27	0.0115	566	0.367	0.988	17487	1
HSPA5	-11.84	8	-2.27	0.0115	567	0.367	0.988	17486	1
TAF1A	-11.84	8	-2.27	0.0115	568	0.367	0.988	17485	1
SESN2	-11.83	8	-2.27	0.0116	569	0.368	0.988	17484	1
NOL6	-11.82	8	-2.27	0.0116	570	0.368	0.988	17483	1
ZNF259	-11.81	8	-2.26	0.0118	571	0.371	0.988	17482	1
TTC1	-11.81	8	-2.26	0.0118	572	0.371	0.988	17481	1
PSMB1	-11.80	8	-2.26	0.0118	573	0.371	0.988	17480	1
PSMD13	-11.80	8	-2.26	0.0118	574	0.371	0.988	17479	1
YY1	-11.80	8	-2.26	0.0118	575	0.371	0.988	17478	1
RMI1	-11.80	8	-2.26	0.0118	576	0.371	0.988	17477	1
DYRK1A	-11.79	8	-2.26	0.0119	577	0.373	0.988	17476	1
FARSB	-11.78	8	-2.26	0.012	578	0.374	0.988	17475	1
TIGD3	-11.76	8	-2.25	0.0121	579	0.376	0.988	17474	1
ATP6V1B2	-11.76	8	-2.25	0.0122	580	0.376	0.988	17473	1
RPL13A	-8.31	4	-2.25	0.0122	581	0.376	0.988	17472	1
TLK2	-11.75	8	-2.25	0.0122	582	0.376	0.988	17471	1
RNPC3	-11.75	8	-2.25	0.0122	583	0.376	0.988	17470	1
HARS	-11.75	8	-2.25	0.0122	584	0.376	0.988	17469	1
FDXR	-11.75	8	-2.25	0.0122	585	0.376	0.988	17468	1
C1orf109	-11.74	8	-2.25	0.0123	586	0.376	0.988	17467	1
LARS	-11.74	8	-2.25	0.0123	587	0.376	0.988	17466	1
UBL5	-11.74	8	-2.25	0.0123	588	0.376	0.988	17465	1
ZNHIT3	-11.74	8	-2.25	0.0123	589	0.376	0.988	17464	1
MIS18BP1	-11.74	8	-2.25	0.0123	590	0.376	0.988	17463	1
RPL30	-8.30	4	-2.25	0.0123	591	0.376	0.988	17462	1
TARS	-11.73	8	-2.25	0.0123	592	0.376	0.988	17461	1
C11orf57	-11.73	8	-2.25	0.0124	593	0.377	0.988	17460	1
PSMG2	-11.72	8	-2.24	0.0124	594	0.378	0.988	17459	1
CYB5R4	-11.72	8	-2.24	0.0124	595	0.378	0.988	17458	1
BRF1	-11.71	8	-2.24	0.0125	596	0.379	0.987	17457	1
SF3B1	-11.71	8	-2.24	0.0126	597	0.38	0.987	17456	1
TBP	-11.70	8	-2.24	0.0126	598	0.38	0.987	17455	1
BAG6	-11.69	8	-2.24	0.0127	599	0.382	0.987	17454	1
NUP205	-11.68	8	-2.23	0.0127	600	0.383	0.987	17453	1
C3orf38	-11.68	8	-2.23	0.0128	601	0.384	0.987	17452	1
GPR157	-11.68	8	-2.23	0.0128	602	0.384	0.987	17451	1
NCL	-11.67	8	-2.23	0.0128	603	0.384	0.987	17450	1
ZNF622	-11.64	8	-2.22	0.0131	604	0.39	0.987	17449	1
RIOK1	-11.64	8	-2.22	0.0131	605	0.39	0.987	17448	1
DRG1	-11.64	8	-2.22	0.0131	606	0.391	0.987	17447	1
NUBP1	-11.64	8	-2.22	0.0131	607	0.391	0.987	17446	1
MOGS	-11.63	8	-2.22	0.0132	608	0.391	0.987	17445	1
HAUS1	-10.06	6	-2.22	0.0133	609	0.395	0.987	17444	1
INTS2	-11.59	8	-2.21	0.0136	610	0.401	0.986	17443	1
POLE3	-11.59	8	-2.21	0.0136	611	0.401	0.986	17442	1
GABARAP	-11.58	8	-2.21	0.0136	612	0.401	0.986	17441	1
TRIM28	-11.58	8	-2.21	0.0137	613	0.402	0.986	17440	1
TONSL	-11.57	8	-2.20	0.0137	614	0.404	0.986	17439	1
TSEN54	-11.55	8	-2.20	0.0139	615	0.408	0.986	17438	1
GNL3	-11.55	8	-2.20	0.0139	616	0.408	0.986	17437	1
CKAP5	-11.54	8	-2.20	0.014	617	0.408	0.986	17436	1
ERCC6L	-11.54	8	-2.20	0.014	618	0.408	0.986	17435	1
RNASEH2B	-11.54	8	-2.20	0.014	619	0.409	0.986	17434	1
SRPRB	-11.53	8	-2.20	0.0141	620	0.41	0.986	17433	1
SMARCA5	-11.53	8	-2.19	0.0141	621	0.41	0.986	17432	1
STT3A	-11.53	8	-2.19	0.0141	622	0.41	0.986	17431	1
CCDC22	-11.52	8	-2.19	0.0142	623	0.411	0.986	17430	1
GTF3C3	-11.50	8	-2.19	0.0144	624	0.416	0.986	17429	1
RPF2	-11.47	8	-2.18	0.0146	625	0.422	0.985	17428	1
RPLP1	-8.10	4	-2.18	0.0147	626	0.423	0.985	17427	1
DHX29	-11.46	8	-2.18	0.0147	627	0.423	0.985	17426	1
TBKBP1	-11.46	8	-2.18	0.0147	628	0.423	0.985	17425	1
COPA	-11.46	8	-2.18	0.0148	629	0.423	0.985	17424	1
PYROXD1	-11.46	8	-2.18	0.0148	630	0.423	0.985	17423	1
TXNL4A	-11.44	8	-2.17	0.0149	631	0.426	0.985	17422	1
KTI12	-11.43	8	-2.17	0.015	632	0.428	0.985	17421	1
LONP1	-11.43	8	-2.17	0.015	633	0.429	0.985	17420	1
FPGS	-11.42	8	-2.17	0.0151	634	0.429	0.985	17419	1
ADSL	-11.42	8	-2.17	0.0151	635	0.429	0.985	17418	1
MARK2	-11.41	8	-2.17	0.0152	636	0.43	0.985	17417	1
NUP93	-11.39	8	-2.16	0.0154	637	0.438	0.985	17416	1
RAD1	-11.38	8	-2.16	0.0155	638	0.438	0.985	17415	1
NCR2	-11.37	8	-2.16	0.0156	639	0.438	0.984	17414	1
SEC13	-11.37	8	-2.15	0.0156	640	0.438	0.984	17413	1
BOP1	-11.37	8	-2.15	0.0156	641	0.438	0.984	17412	1
ORC2	-11.36	8	-2.15	0.0157	642	0.438	0.984	17411	1
SF3B5	-11.36	8	-2.15	0.0157	643	0.438	0.984	17410	1
CSNK2B	-11.36	8	-2.15	0.0157	644	0.438	0.984	17409	1
TTI1	-11.36	8	-2.15	0.0157	645	0.438	0.984	17408	1
RBM14	-11.36	8	-2.15	0.0157	646	0.438	0.984	17407	1
TOMM22	-11.36	8	-2.15	0.0157	647	0.438	0.984	17406	1
TMEM151A	-11.35	8	-2.15	0.0158	648	0.439	0.984	17405	1
ZBTB17	-11.35	8	-2.15	0.0158	649	0.44	0.984	17404	1
TRMT5	-11.33	8	-2.14	0.016	650	0.445	0.984	17403	1
RPL18A	-9.81	6	-2.14	0.0161	651	0.445	0.984	17402	1
LUC7L3	-11.32	8	-2.14	0.0161	652	0.445	0.984	17401	1
NCBP2	-11.31	8	-2.14	0.0162	653	0.447	0.984	17400	1
SRPR	-11.31	8	-2.14	0.0162	654	0.447	0.984	17399	1
KCNA3	-11.31	8	-2.14	0.0162	655	0.447	0.984	17398	1
EMC7	-11.28	8	-2.13	0.0165	656	0.454	0.983	17397	1
SMC6	-11.26	8	-2.13	0.0167	657	0.458	0.983	17396	1
SMG6	-11.26	8	-2.13	0.0167	658	0.459	0.983	17395	1
GPN2	-11.24	8	-2.12	0.0169	659	0.464	0.983	17394	1
ACTR1A	-11.23	8	-2.12	0.017	660	0.465	0.983	17393	1
POLR3B	-11.23	8	-2.12	0.0171	661	0.466	0.983	17392	1
PSMB7	-11.21	8	-2.12	0.0172	662	0.468	0.983	17391	1
PCNXL3	-11.21	8	-2.11	0.0173	663	0.468	0.983	17390	1
BARD1	-11.20	8	-2.11	0.0173	664	0.468	0.983	17389	1
RNF40	-11.20	8	-2.11	0.0173	665	0.468	0.983	17388	1
XRN1	-11.20	8	-2.11	0.0173	666	0.468	0.983	17387	1
MIOS	-11.20	8	-2.11	0.0173	667	0.468	0.983	17386	1
ARMC5	-11.20	8	-2.11	0.0173	668	0.468	0.983	17385	1
CDC23	-11.19	8	-2.11	0.0175	669	0.471	0.983	17384	1
ANKRD49	-11.16	8	-2.10	0.0178	670	0.478	0.982	17383	1
POLA1	-11.15	8	-2.10	0.0179	671	0.48	0.982	17382	1
COL1A1	-11.14	8	-2.10	0.018	672	0.482	0.982	17381	1
PPP2CB	-11.14	8	-2.10	0.018	673	0.482	0.982	17380	1
RRS1	-11.14	8	-2.10	0.018	674	0.482	0.982	17379	1
GEMIN4	-11.12	8	-2.09	0.0182	675	0.484	0.982	17378	1
ATP6V1G1	-11.12	8	-2.09	0.0182	676	0.484	0.982	17377	1
GGPS1	-11.12	8	-2.09	0.0182	677	0.484	0.982	17376	1
PPP1CA	-11.12	8	-2.09	0.0182	678	0.484	0.982	17375	1
WDR70	-11.12	8	-2.09	0.0182	679	0.484	0.982	17374	1
TPBGL	-11.12	8	-2.09	0.0182	680	0.484	0.982	17373	1
SIPA1	-11.11	8	-2.09	0.0184	681	0.487	0.982	17372	1
ZNHIT6	-11.10	8	-2.09	0.0184	682	0.487	0.982	17371	1
NUTF2	-11.10	8	-2.09	0.0184	683	0.487	0.982	17370	1
RPS8	-9.61	6	-2.09	0.0185	684	0.489	0.981	17369	1
TRAPPC8	-11.09	8	-2.08	0.0186	685	0.49	0.981	17368	1
SLC25A22	-11.07	8	-2.08	0.0188	686	0.493	0.981	17367	1
SKI	-11.06	8	-2.08	0.0189	687	0.496	0.981	17366	1
CMTR1	-11.06	8	-2.08	0.0189	688	0.496	0.981	17365	1
ORC5	-11.05	8	-2.08	0.019	689	0.496	0.981	17364	1
SS18L2	-11.05	8	-2.07	0.019	690	0.496	0.981	17363	1
ATP6V1F	-11.05	8	-2.07	0.019	691	0.496	0.981	17362	1
NHP2L1	-11.05	8	-2.07	0.019	692	0.496	0.981	17361	1
PFDN5	-11.05	8	-2.07	0.019	693	0.496	0.981	17360	1
LRP5	-11.03	8	-2.07	0.0192	694	0.5	0.981	17359	1
ALX3	-11.02	8	-2.07	0.0194	695	0.503	0.981	17358	1
NSMCE2	-11.01	8	-2.07	0.0195	696	0.503	0.981	17357	1
EIF3G	-11.01	8	-2.06	0.0195	697	0.503	0.981	17356	1
WDR5	-11.01	8	-2.06	0.0195	698	0.503	0.981	17355	1
KANSL3	-11.01	8	-2.06	0.0195	699	0.503	0.98	17354	1
TGIF1	-11.01	8	-2.06	0.0195	700	0.503	0.98	17353	1
YTHDF2	-11.00	8	-2.06	0.0196	701	0.504	0.98	17352	1
DPH2	-11.00	8	-2.06	0.0196	702	0.505	0.98	17351	1
NUP214	-11.00	8	-2.06	0.0197	703	0.505	0.98	17350	1
ETAA1	-10.99	8	-2.06	0.0197	704	0.505	0.98	17349	1
CENPA	-10.99	8	-2.06	0.0198	705	0.507	0.98	17348	1
BANP	-10.98	8	-2.06	0.0199	706	0.507	0.98	17347	1
CCT8	-10.98	8	-2.06	0.0199	707	0.507	0.98	17346	1
RPA3	-10.97	8	-2.06	0.0199	708	0.507	0.98	17345	1
METTL3	-10.97	8	-2.06	0.0199	709	0.507	0.98	17344	1
ZC3HAV1	-10.97	8	-2.05	0.02	710	0.507	0.98	17343	1
TAF6L	-10.97	8	-2.05	0.02	711	0.507	0.98	17342	1
ZNRD1	-10.97	8	-2.05	0.02	712	0.507	0.98	17341	1
CLCC1	-10.96	8	-2.05	0.02	713	0.508	0.98	17340	1
SLMO2	-10.96	8	-2.05	0.0201	714	0.509	0.98	17339	1
EIF1	-7.74	4	-2.05	0.0202	715	0.51	0.98	17338	1
TMED2	-10.94	8	-2.05	0.0203	716	0.512	0.98	17337	1
UQCRH	-10.93	8	-2.04	0.0205	717	0.516	0.979	17336	1
AKAP1	-10.92	8	-2.04	0.0205	718	0.516	0.979	17335	1
NUP155	-10.92	8	-2.04	0.0206	719	0.517	0.979	17334	1
EP300	-10.92	8	-2.04	0.0206	720	0.518	0.979	17333	1
DDX11	-10.90	8	-2.04	0.0208	721	0.521	0.979	17332	1
IPO13	-10.90	8	-2.04	0.0208	722	0.521	0.979	17331	1
SCFD1	-10.89	8	-2.03	0.021	723	0.524	0.979	17330	1
EIF3B	-10.88	8	-2.03	0.0211	724	0.524	0.979	17329	1
VMA21	-10.88	8	-2.03	0.0211	725	0.524	0.979	17328	1
OR4D10	-10.88	8	-2.03	0.0211	726	0.524	0.979	17327	1
LYRM4	-10.88	8	-2.03	0.0211	727	0.524	0.979	17326	1
NUPL1	-10.88	8	-2.03	0.0211	728	0.524	0.979	17325	1
ROMO1	-10.17	7	-2.03	0.0212	729	0.524	0.979	17324	1
RPL18	-10.87	8	-2.03	0.0212	730	0.525	0.979	17323	1
ZC2HC1C	-10.86	8	-2.03	0.0213	731	0.527	0.979	17322	1
RPL23	-10.86	8	-2.03	0.0214	732	0.528	0.979	17321	1
SRBD1	-10.85	8	-2.02	0.0215	733	0.53	0.978	17320	1
FZR1	-10.84	8	-2.02	0.0216	734	0.53	0.978	17319	1
HCFC1	-10.84	8	-2.02	0.0216	735	0.53	0.978	17318	1
MRPS23	-10.84	8	-2.02	0.0216	736	0.53	0.978	17317	1
PUF60	-10.83	8	-2.02	0.0217	737	0.532	0.978	17316	1
PSMB6	-10.83	8	-2.02	0.0218	738	0.533	0.978	17315	1
DCTN5	-10.81	8	-2.01	0.022	739	0.537	0.978	17314	1
TMEM53	-10.81	8	-2.01	0.022	740	0.538	0.978	17313	1
NELFCD	-10.79	8	-2.01	0.0222	741	0.541	0.978	17312	1
DDX24	-10.79	8	-2.01	0.0222	742	0.541	0.978	17311	1
LAMTOR5	-10.79	8	-2.01	0.0223	743	0.541	0.978	17310	1
SRP9	-10.79	8	-2.01	0.0223	744	0.542	0.978	17309	1
RUVBL1	-10.78	8	-2.01	0.0224	745	0.542	0.978	17308	1
ZC3H4	-10.78	8	-2.01	0.0224	746	0.542	0.978	17307	1
WDR7	-10.78	8	-2.01	0.0224	747	0.542	0.978	17306	1
RPL19	-10.77	8	-2.00	0.0225	748	0.542	0.978	17305	1
COMMD7	-10.77	8	-2.00	0.0225	749	0.542	0.977	17304	1
CDC27	-10.77	8	-2.00	0.0225	750	0.542	0.977	17303	1
NOC3L	-10.77	8	-2.00	0.0226	751	0.543	0.977	17302	1
RBM7	-10.76	8	-2.00	0.0227	752	0.544	0.977	17301	1
NETO2	-10.76	8	-2.00	0.0227	753	0.544	0.977	17300	1
EIF6	-10.75	8	-2.00	0.0229	754	0.547	0.977	17299	1
TMED5	-10.74	8	-2.00	0.0229	755	0.547	0.977	17298	1
RPN1	-10.74	8	-2.00	0.0229	756	0.547	0.977	17297	1
IGBP1	-10.74	8	-2.00	0.0229	757	0.547	0.977	17296	1
ARGLU1	-10.73	8	-1.99	0.0231	758	0.549	0.977	17295	1
RPL10	-9.29	6	-1.99	0.0232	759	0.55	0.977	17294	1
ZFPM1	-10.72	8	-1.99	0.0232	760	0.55	0.977	17293	1
AKIRIN2	-10.72	8	-1.99	0.0232	761	0.55	0.977	17292	1
EIF2S3	-10.72	8	-1.99	0.0232	762	0.55	0.977	17291	1
RPP30	-10.72	8	-1.99	0.0233	763	0.55	0.977	17290	1
UFSP2	-10.71	8	-1.99	0.0234	764	0.552	0.977	17289	1
AASDHPPT	-10.71	8	-1.99	0.0234	765	0.552	0.977	17288	1
VWA1	-10.71	8	-1.99	0.0234	766	0.552	0.977	17287	1
ALG9	-10.70	8	-1.99	0.0234	767	0.552	0.977	17286	1
SLC35D3	-10.70	8	-1.99	0.0235	768	0.553	0.976	17285	1
PPP1CB	-10.70	8	-1.99	0.0235	769	0.553	0.976	17284	1
COG1	-10.67	8	-1.98	0.0239	770	0.56	0.976	17283	1
TBCD	-10.67	8	-1.98	0.0239	771	0.56	0.976	17282	1
ZNF131	-10.67	8	-1.98	0.024	772	0.56	0.976	17281	1
LSM10	-10.67	8	-1.98	0.024	773	0.56	0.976	17280	1
MAD2L2	-10.66	8	-1.98	0.024	774	0.56	0.976	17279	1
MCM3AP	-10.65	8	-1.97	0.0241	775	0.562	0.976	17278	1
PGLYRP1	-10.65	8	-1.97	0.0242	776	0.562	0.976	17277	1
IMPDH1	-10.64	8	-1.97	0.0244	777	0.567	0.976	17276	1
PLEKHG6	-9.21	6	-1.97	0.0244	778	0.567	0.976	17275	1
FBXW7	-10.62	8	-1.97	0.0247	779	0.571	0.975	17274	1
DHX9	-10.62	8	-1.97	0.0247	780	0.571	0.975	17273	1
ORC6	-10.62	8	-1.97	0.0247	781	0.571	0.975	17272	1
ARCN1	-10.61	8	-1.96	0.0248	782	0.571	0.975	17271	1
FANCM	-10.60	8	-1.96	0.0249	783	0.573	0.975	17270	1
VPS29	-10.60	8	-1.96	0.0249	784	0.573	0.975	17269	1
MPDU1	-10.60	8	-1.96	0.025	785	0.573	0.975	17268	1
PSMB5	-10.60	8	-1.96	0.025	786	0.573	0.975	17267	1
RNF139	-10.60	8	-1.96	0.025	787	0.573	0.975	17266	1
KRTAP10-5	-7.49	4	-1.96	0.0251	788	0.574	0.975	17265	1
SEC61B	-10.59	8	-1.96	0.0251	789	0.574	0.975	17264	1
CCDC43	-10.58	8	-1.96	0.0252	790	0.576	0.975	17263	1
PSMD7	-10.57	8	-1.95	0.0253	791	0.577	0.975	17262	1
TUBGCP4	-10.57	8	-1.95	0.0253	792	0.577	0.975	17261	1
LSM7	-10.57	8	-1.95	0.0253	793	0.577	0.975	17260	1
MSH5	-10.55	8	-1.95	0.0257	794	0.584	0.974	17259	1
RPL11	-10.54	8	-1.95	0.0258	795	0.585	0.974	17258	1
UBA52	-9.13	6	-1.95	0.0259	796	0.586	0.974	17257	1
MRPL12	-10.54	8	-1.94	0.0259	797	0.586	0.974	17256	1
NAA38	-10.53	8	-1.94	0.0259	798	0.586	0.974	17255	1
PIK3C3	-10.53	8	-1.94	0.026	799	0.587	0.974	17254	1
NCAPH2	-10.53	8	-1.94	0.026	800	0.587	0.974	17253	1
CHAMP1	-10.52	8	-1.94	0.0261	801	0.589	0.974	17252	1
LTA	-10.52	8	-1.94	0.0262	802	0.59	0.974	17251	1
UPF2	-10.50	8	-1.94	0.0264	803	0.593	0.974	17250	1
RPS6KA1	-10.50	8	-1.94	0.0264	804	0.593	0.974	17249	1
CWC25	-10.49	8	-1.93	0.0265	805	0.595	0.973	17248	1
FIG4	-10.49	8	-1.93	0.0266	806	0.595	0.973	17247	1
WDR55	-10.48	8	-1.93	0.0267	807	0.597	0.973	17246	1
EXOSC5	-10.48	8	-1.93	0.0267	808	0.597	0.973	17245	1
HIST1H1C	-10.48	8	-1.93	0.0267	809	0.597	0.973	17244	1
STARD10	-10.47	8	-1.93	0.0269	810	0.599	0.973	17243	1
ETV7	-10.47	8	-1.93	0.0269	811	0.599	0.973	17242	1
LIF	-10.47	8	-1.93	0.027	812	0.6	0.973	17241	1
EXOC4	-10.46	8	-1.93	0.0271	813	0.601	0.973	17240	1
CXorf56	-10.46	8	-1.92	0.0271	814	0.602	0.973	17239	1
AFG3L2	-10.45	8	-1.92	0.0272	815	0.602	0.973	17238	1
PAFAH1B1	-10.45	8	-1.92	0.0273	816	0.603	0.973	17237	1
CCDC101	-10.44	8	-1.92	0.0273	817	0.603	0.973	17236	1
ATXN7L3	-10.44	8	-1.92	0.0273	818	0.603	0.973	17235	1
NRF1	-10.44	8	-1.92	0.0274	819	0.605	0.973	17234	1
CARS	-10.43	8	-1.92	0.0275	820	0.606	0.972	17233	1
OR4B1	-10.43	8	-1.92	0.0276	821	0.606	0.972	17232	1
C17orf82	-10.43	8	-1.92	0.0276	822	0.606	0.972	17231	1
TRMT112	-10.42	8	-1.92	0.0276	823	0.606	0.972	17230	1
ZNF236	-10.42	8	-1.91	0.0278	824	0.608	0.972	17229	1
OPRD1	-10.41	8	-1.91	0.0279	825	0.611	0.972	17228	1
TBL3	-10.40	8	-1.91	0.028	826	0.611	0.972	17227	1
PLA2G2F	-10.40	8	-1.91	0.028	827	0.611	0.972	17226	1
KPNA6	-10.40	8	-1.91	0.028	828	0.611	0.972	17225	1
ZBTB1	-10.39	8	-1.91	0.0282	829	0.613	0.972	17224	1
ZFP36	-10.39	8	-1.91	0.0282	830	0.613	0.972	17223	1
OR6K6	-10.39	8	-1.91	0.0282	831	0.613	0.972	17222	1
SRM	-10.38	8	-1.91	0.0284	832	0.615	0.972	17221	1
HGS	-10.38	8	-1.90	0.0284	833	0.615	0.972	17220	1
TRNAU1AP	-10.37	8	-1.90	0.0285	834	0.616	0.972	17219	1
NUFIP1	-10.37	8	-1.90	0.0285	835	0.616	0.971	17218	1
ANAPC11	-10.37	8	-1.90	0.0285	836	0.616	0.971	17217	1
C21orf59	-10.36	8	-1.90	0.0286	837	0.616	0.971	17216	1
ACAP3	-10.36	8	-1.90	0.0286	838	0.616	0.971	17215	1
POLR2E	-10.36	8	-1.90	0.0286	839	0.616	0.971	17214	1
MIS12	-10.36	8	-1.90	0.0287	840	0.617	0.971	17213	1
IKBKAP	-10.35	8	-1.90	0.0289	841	0.617	0.971	17212	1
MYSM1	-10.35	8	-1.90	0.0289	842	0.617	0.971	17211	1
POLR1D	-10.35	8	-1.90	0.0289	843	0.617	0.971	17210	1
PIH1D1	-10.35	8	-1.90	0.0289	844	0.617	0.971	17209	1
DYNC1H1	-10.35	8	-1.90	0.0289	845	0.617	0.971	17208	1
HYPK	-10.34	8	-1.90	0.0289	846	0.617	0.971	17207	1
UPF1	-9.67	7	-1.90	0.029	847	0.618	0.971	17206	1
POLA2	-10.33	8	-1.89	0.0292	848	0.622	0.971	17205	1
ADPRHL2	-10.32	8	-1.89	0.0293	849	0.623	0.971	17204	1
U2AF1	-10.31	8	-1.89	0.0295	850	0.626	0.971	17203	1
USP20	-10.31	8	-1.89	0.0295	851	0.627	0.97	17202	1
POLR1E	-10.30	8	-1.89	0.0296	852	0.627	0.97	17201	1
WDR82	-10.30	8	-1.89	0.0297	853	0.627	0.97	17200	1
TSPYL5	-10.30	8	-1.89	0.0297	854	0.627	0.97	17199	1
TSR2	-10.30	8	-1.89	0.0297	855	0.627	0.97	17198	1
SRCAP	-10.30	8	-1.88	0.0297	856	0.627	0.97	17197	1
DSN1	-10.29	8	-1.88	0.0298	857	0.627	0.97	17196	1
TM7SF2	-10.28	8	-1.88	0.03	858	0.632	0.97	17195	1
IER3IP1	-10.27	8	-1.88	0.0302	859	0.635	0.97	17194	1
TSHZ3	-10.26	8	-1.88	0.0303	860	0.635	0.97	17193	1
COPS3	-10.26	8	-1.88	0.0303	861	0.635	0.97	17192	1
RHOA	-10.26	8	-1.88	0.0303	862	0.635	0.97	17191	1
RBM23	-10.26	8	-1.88	0.0304	863	0.635	0.97	17190	1
ZNF830	-10.25	8	-1.87	0.0305	864	0.637	0.97	17189	1
MAT2A	-10.25	8	-1.87	0.0305	865	0.637	0.969	17188	1
SMARCAL1	-10.24	8	-1.87	0.0306	866	0.638	0.969	17187	1
ARMC7	-10.24	8	-1.87	0.0307	867	0.638	0.969	17186	1
RPAP2	-10.24	8	-1.87	0.0307	868	0.638	0.969	17185	1
EIF5B	-10.23	8	-1.87	0.0309	869	0.64	0.969	17184	1
NAA25	-10.23	8	-1.87	0.0309	870	0.64	0.969	17183	1
HSPA8	-10.23	8	-1.87	0.0309	871	0.64	0.969	17182	1
COMMD9	-10.22	8	-1.87	0.031	872	0.641	0.969	17181	1
RLF	-10.22	8	-1.87	0.031	873	0.642	0.969	17180	1
PTPRCAP	-10.21	8	-1.86	0.0313	874	0.646	0.969	17179	1
PRPF3	-10.20	8	-1.86	0.0315	875	0.649	0.969	17178	1
DHX8	-10.19	8	-1.86	0.0315	876	0.65	0.968	17177	1
PRSS37	-10.19	8	-1.86	0.0317	877	0.651	0.968	17176	1
ZRANB2	-10.18	8	-1.86	0.0317	878	0.651	0.968	17175	1
FCN3	-10.18	8	-1.86	0.0317	879	0.651	0.968	17174	1
HINFP	-10.18	8	-1.86	0.0317	880	0.651	0.968	17173	1
RPL35	-10.18	8	-1.85	0.0318	881	0.651	0.968	17172	1
TXN	-5.09	2	-1.85	0.0319	882	0.651	0.968	17171	1
GEMIN5	-10.18	8	-1.85	0.0319	883	0.651	0.968	17170	1
WDR87	-10.17	8	-1.85	0.0319	884	0.651	0.968	17169	1
GNL2	-10.17	8	-1.85	0.0319	885	0.651	0.968	17168	1
MED4	-10.16	8	-1.85	0.0321	886	0.653	0.968	17167	1
RER1	-10.16	8	-1.85	0.0321	887	0.653	0.968	17166	1
PDZK1	-10.15	8	-1.85	0.0323	888	0.657	0.968	17165	1
RRP7A	-10.15	8	-1.85	0.0324	889	0.657	0.968	17164	1
INTS5	-10.13	8	-1.84	0.0327	890	0.662	0.967	17163	1
TAF7	-10.13	8	-1.84	0.0327	891	0.662	0.967	17162	1
SP2	-10.13	8	-1.84	0.0327	892	0.662	0.967	17161	1
SERPINB6	-10.12	8	-1.84	0.0329	893	0.665	0.967	17160	1
MEN1	-10.11	8	-1.84	0.033	894	0.666	0.967	17159	1
SCAF4	-10.11	8	-1.84	0.033	895	0.666	0.967	17158	1
SMG7	-10.11	8	-1.84	0.0331	896	0.667	0.967	17157	1
ZNF768	-10.10	8	-1.84	0.0332	897	0.669	0.967	17156	1
PPP1R35	-10.10	8	-1.83	0.0333	898	0.669	0.967	17155	1
EIF3D	-10.09	8	-1.83	0.0333	899	0.669	0.967	17154	1
POLR2F	-10.09	8	-1.83	0.0334	900	0.67	0.967	17153	1
AURKB	-10.08	8	-1.83	0.0336	901	0.673	0.966	17152	1
KCMF1	-10.08	8	-1.83	0.0336	902	0.673	0.966	17151	1
PRCC	-10.08	8	-1.83	0.0337	903	0.673	0.966	17150	1
TTC27	-10.07	8	-1.83	0.0337	904	0.673	0.966	17149	1
GNB1	-10.07	8	-1.83	0.0339	905	0.676	0.966	17148	1
UXT	-10.06	8	-1.82	0.034	906	0.678	0.966	17147	1
PSMA7	-9.40	7	-1.82	0.0342	907	0.68	0.966	17146	1
NOP2	-10.05	8	-1.82	0.0342	908	0.68	0.966	17145	1
CCDC94	-10.04	8	-1.82	0.0343	909	0.681	0.966	17144	1
KDM2A	-10.04	8	-1.82	0.0343	910	0.681	0.966	17143	1
OLFML3	-10.04	8	-1.82	0.0343	911	0.681	0.966	17142	1
RPL35A	-8.69	6	-1.82	0.0345	912	0.682	0.966	17141	1
C19orf24	-10.03	8	-1.82	0.0345	913	0.682	0.965	17140	1
NEIL1	-10.03	8	-1.82	0.0346	914	0.683	0.965	17139	1
RDH12	-10.03	8	-1.82	0.0346	915	0.683	0.965	17138	1
PISD	-10.01	8	-1.81	0.0349	916	0.687	0.965	17137	1
CEND1	-10.01	8	-1.81	0.0349	917	0.687	0.965	17136	1
CDC6	-10.01	8	-1.81	0.035	918	0.687	0.965	17135	1
DCTN6	-10.01	8	-1.81	0.035	919	0.687	0.965	17134	1
MPI	-10.00	8	-1.81	0.0352	920	0.689	0.965	17133	1
SETD3	-10.00	8	-1.81	0.0352	921	0.689	0.965	17132	1
SEC16A	-10.00	8	-1.81	0.0352	922	0.689	0.965	17131	1
SYNGR3	-9.99	8	-1.81	0.0352	923	0.689	0.965	17130	1
MLLT4	-9.99	8	-1.81	0.0353	924	0.69	0.965	17129	1
FAM98B	-9.99	8	-1.81	0.0354	925	0.69	0.965	17128	1
TCP1	-9.98	8	-1.80	0.0355	926	0.692	0.964	17127	1
KPNB1	-9.98	8	-1.80	0.0356	927	0.692	0.964	17126	1
WT1	-9.98	8	-1.80	0.0356	928	0.692	0.964	17125	1
SPOCD1	-9.97	8	-1.80	0.0357	929	0.694	0.964	17124	1
ASH2L	-9.97	8	-1.80	0.0357	930	0.694	0.964	17123	1
POLD4	-9.96	8	-1.80	0.0359	931	0.697	0.964	17122	1
TPI1	-9.96	8	-1.80	0.036	932	0.697	0.964	17121	1
ATP6AP1	-9.94	8	-1.80	0.0363	933	0.702	0.964	17120	1
GTPBP4	-9.92	8	-1.79	0.0367	934	0.708	0.963	17119	1
TAF1B	-9.92	8	-1.79	0.0367	935	0.708	0.963	17118	1
EMC4	-9.92	8	-1.79	0.0367	936	0.708	0.963	17117	1
CHEK1	-9.91	8	-1.79	0.0369	937	0.709	0.963	17116	1
PFDN1	-9.91	8	-1.79	0.0369	938	0.709	0.963	17115	1
KIAA1524	-9.91	8	-1.79	0.0369	939	0.709	0.963	17114	1
TAF11	-9.91	8	-1.79	0.0369	940	0.709	0.963	17113	1
NR2F2	-9.91	8	-1.79	0.0369	941	0.709	0.963	17112	1
HSD17B12	-9.91	8	-1.79	0.037	942	0.709	0.963	17111	1
CNEP1R1	-9.91	8	-1.79	0.037	943	0.709	0.963	17110	1
CHCHD4	-9.90	8	-1.79	0.0371	944	0.709	0.963	17109	1
PTDSS2	-9.90	8	-1.78	0.0372	945	0.71	0.963	17108	1
RPTOR	-9.89	8	-1.78	0.0373	946	0.71	0.963	17107	1
METAP1	-9.89	8	-1.78	0.0374	947	0.71	0.963	17106	1
KIF14	-9.89	8	-1.78	0.0374	948	0.71	0.963	17105	1
RAB42	-9.89	8	-1.78	0.0374	949	0.71	0.963	17104	1
BCCIP	-9.89	8	-1.78	0.0374	950	0.71	0.963	17103	1
DAP3	-9.89	8	-1.78	0.0374	951	0.71	0.963	17102	1
WWTR1	-9.88	8	-1.78	0.0375	952	0.71	0.963	17101	1
CEBPZ	-9.88	8	-1.78	0.0375	953	0.71	0.963	17100	1
OGFOD3	-9.87	8	-1.78	0.0377	954	0.713	0.962	17099	1
RPA1	-9.87	8	-1.78	0.0377	955	0.713	0.962	17098	1
GAPDH	-9.87	8	-1.78	0.0378	956	0.713	0.962	17097	1
POT1	-9.87	8	-1.78	0.0378	957	0.713	0.962	17096	1
STK11	-9.87	8	-1.78	0.0379	958	0.713	0.962	17095	1
ATAD5	-9.86	8	-1.77	0.038	959	0.714	0.962	17094	1
PFN1	-9.86	8	-1.77	0.038	960	0.714	0.962	17093	1
NOSIP	-9.86	8	-1.77	0.038	961	0.714	0.962	17092	1
EIF3F	-9.86	8	-1.77	0.038	962	0.714	0.962	17091	1
PSMC6	-9.85	8	-1.77	0.0381	963	0.714	0.962	17090	1
KIAA1107	-9.85	8	-1.77	0.0381	964	0.714	0.962	17089	1
PAX8	-9.85	8	-1.77	0.0382	965	0.714	0.962	17088	1
EIF2B1	-9.84	8	-1.77	0.0384	966	0.716	0.962	17087	1
PI4KB	-9.84	8	-1.77	0.0384	967	0.716	0.962	17086	1
ALG14	-9.84	8	-1.77	0.0384	968	0.716	0.962	17085	1
ALG8	-9.83	8	-1.77	0.0386	969	0.719	0.961	17084	1
CYFIP1	-9.83	8	-1.77	0.0386	970	0.719	0.961	17083	1
MBTD1	-9.83	8	-1.77	0.0387	971	0.719	0.961	17082	1
TMEM240	-8.51	6	-1.77	0.0387	972	0.719	0.961	17081	1
DDX42	-9.82	8	-1.76	0.0389	973	0.72	0.961	17080	1
RBX1	-9.81	8	-1.76	0.0389	974	0.72	0.961	17079	1
ETS1	-9.81	8	-1.76	0.0389	975	0.72	0.961	17078	1
KIAA0196	-9.81	8	-1.76	0.039	976	0.721	0.961	17077	1
SLC25A39	-9.81	8	-1.76	0.039	977	0.721	0.961	17076	1
LETM1	-8.49	6	-1.76	0.0392	978	0.723	0.961	17075	1
FEM1B	-9.80	8	-1.76	0.0393	979	0.724	0.961	17074	1
SPDL1	-9.79	8	-1.76	0.0394	980	0.724	0.961	17073	1
C6orf25	-9.79	8	-1.76	0.0394	981	0.724	0.961	17072	1
DCDC2	-9.79	8	-1.76	0.0394	982	0.724	0.961	17071	1
PTCD3	-9.79	8	-1.76	0.0394	983	0.724	0.961	17070	1
ELAC2	-9.79	8	-1.76	0.0395	984	0.724	0.961	17069	1
FAM89B	-9.79	8	-1.76	0.0395	985	0.724	0.96	17068	1
TUBB3	-9.79	8	-1.76	0.0395	986	0.724	0.96	17067	1
AURKAIP1	-9.78	8	-1.76	0.0396	987	0.724	0.96	17066	1
EIF3A	-9.77	8	-1.75	0.0398	988	0.727	0.96	17065	1
CTSF	-9.77	8	-1.75	0.0398	989	0.727	0.96	17064	1
STYX	-9.77	8	-1.75	0.0399	990	0.728	0.96	17063	1
TOM1L1	-9.77	8	-1.75	0.04	991	0.728	0.96	17062	1
MEGF11	-9.76	8	-1.75	0.04	992	0.728	0.96	17061	1
PRPF39	-9.76	8	-1.75	0.0401	993	0.728	0.96	17060	1
MLX	-9.76	8	-1.75	0.0401	994	0.728	0.96	17059	1
SYNCRIP	-9.76	8	-1.75	0.0401	995	0.728	0.96	17058	1
RPL27	-6.90	4	-1.75	0.0402	996	0.729	0.96	17057	1
NOL10	-9.75	8	-1.75	0.0403	997	0.729	0.96	17056	1
SOX9	-9.75	8	-1.75	0.0404	998	0.73	0.96	17055	1
MRPS18B	-9.74	8	-1.74	0.0406	999	0.733	0.959	17054	1
GANAB	-9.74	8	-1.74	0.0406	1000	0.733	0.959	17053	1
TBCC	-9.73	8	-1.74	0.0408	1001	0.734	0.959	17052	1
NOL12	-9.73	8	-1.74	0.0408	1002	0.734	0.959	17051	1
C1orf27	-9.73	8	-1.74	0.0408	1003	0.734	0.959	17050	1
MYC	-9.72	8	-1.74	0.0409	1004	0.734	0.959	17049	1
NUBP2	-9.72	8	-1.74	0.0409	1005	0.734	0.959	17048	1
PSMA4	-9.72	8	-1.74	0.0411	1006	0.737	0.959	17047	1
HADHA	-9.71	8	-1.74	0.0411	1007	0.737	0.959	17046	1
DDX5	-9.71	8	-1.74	0.0412	1008	0.737	0.959	17045	1
VPS28	-9.71	8	-1.74	0.0412	1009	0.737	0.959	17044	1
CHMP5	-9.71	8	-1.74	0.0412	1010	0.737	0.959	17043	1
PLOD1	-9.71	8	-1.74	0.0413	1011	0.737	0.959	17042	1
TBC1D10B	-9.70	8	-1.73	0.0414	1012	0.738	0.959	17041	1
EXOSC9	-9.70	8	-1.73	0.0414	1013	0.738	0.959	17040	1
NUP88	-9.69	8	-1.73	0.0416	1014	0.74	0.958	17039	1
CCDC28B	-9.69	8	-1.73	0.0416	1015	0.74	0.958	17038	1
NOL11	-9.69	8	-1.73	0.0416	1016	0.74	0.958	17037	1
HAUS2	-9.69	8	-1.73	0.0417	1017	0.74	0.958	17036	1
TIMM23	-9.68	8	-1.73	0.0418	1018	0.741	0.958	17035	1
PWP1	-9.68	8	-1.73	0.0419	1019	0.742	0.958	17034	1
BMS1	-9.67	8	-1.73	0.042	1020	0.742	0.958	17033	1
COL25A1	-9.67	8	-1.73	0.042	1021	0.742	0.958	17032	1
B3GNT8	-9.67	8	-1.73	0.042	1022	0.742	0.958	17031	1
WTAP	-9.67	8	-1.73	0.042	1023	0.742	0.958	17030	1
LRR1	-9.67	8	-1.73	0.0421	1024	0.743	0.958	17029	1
MVK	-9.66	8	-1.72	0.0423	1025	0.745	0.958	17028	1
RAB7A	-9.66	8	-1.72	0.0423	1026	0.745	0.958	17027	1
SPC24	-8.36	6	-1.72	0.0424	1027	0.745	0.958	17026	1
NUP85	-9.65	8	-1.72	0.0425	1028	0.746	0.958	17025	1
LTV1	-9.65	8	-1.72	0.0425	1029	0.746	0.957	17024	1
USP48	-9.64	8	-1.72	0.0427	1030	0.749	0.957	17023	1
ACTB	-8.35	6	-1.72	0.0428	1031	0.749	0.957	17022	1
EML3	-9.64	8	-1.72	0.0428	1032	0.749	0.957	17021	1
RFT1	-9.63	8	-1.72	0.0429	1033	0.749	0.957	17020	1
WRB	-9.63	8	-1.72	0.0429	1034	0.749	0.957	17019	1
RFWD2	-9.62	8	-1.72	0.0431	1035	0.752	0.957	17018	1
EIF2B3	-9.62	8	-1.71	0.0432	1036	0.753	0.957	17017	1
E2F3	-9.62	8	-1.71	0.0433	1037	0.753	0.957	17016	1
RBBP5	-9.61	8	-1.71	0.0434	1038	0.755	0.957	17015	1
TOP3A	-9.61	8	-1.71	0.0434	1039	0.755	0.957	17014	1
CNN3	-9.61	8	-1.71	0.0435	1040	0.756	0.956	17013	1
WIZ	-9.60	8	-1.71	0.0437	1041	0.758	0.956	17012	1
ZC3H18	-9.60	8	-1.71	0.0438	1042	0.759	0.956	17011	1
PDPK1	-9.59	8	-1.71	0.0439	1043	0.76	0.956	17010	1
RAD17	-9.59	8	-1.71	0.044	1044	0.76	0.956	17009	1
ATP5D	-9.59	8	-1.71	0.044	1045	0.76	0.956	17008	1
RPA2	-9.58	8	-1.70	0.0441	1046	0.76	0.956	17007	1
ANAPC2	-9.58	8	-1.70	0.0442	1047	0.76	0.956	17006	1
TTF2	-9.58	8	-1.70	0.0442	1048	0.76	0.956	17005	1
ANKRD11	-9.57	8	-1.70	0.0443	1049	0.76	0.956	17004	1
PSMC4	-9.57	8	-1.70	0.0443	1050	0.76	0.956	17003	1
SHANK3	-9.57	8	-1.70	0.0444	1051	0.76	0.956	17002	1
SRP72	-9.57	8	-1.70	0.0444	1052	0.76	0.956	17001	1
IPO5	-9.57	8	-1.70	0.0444	1053	0.76	0.956	17000	1
BNIP1	-9.57	8	-1.70	0.0445	1054	0.76	0.956	16999	1
TPRG1L	-9.57	8	-1.70	0.0445	1055	0.76	0.956	16998	1
NAT10	-9.56	8	-1.70	0.0445	1056	0.76	0.955	16997	1
PPP2CA	-9.56	8	-1.70	0.0445	1057	0.76	0.955	16996	1
PTPN23	-9.56	8	-1.70	0.0446	1058	0.76	0.955	16995	1
DR1	-9.56	8	-1.70	0.0446	1059	0.76	0.955	16994	1
TXNL4B	-9.56	8	-1.70	0.0447	1060	0.76	0.955	16993	1
SEH1L	-9.56	8	-1.70	0.0447	1061	0.76	0.955	16992	1
CRCP	-9.56	8	-1.70	0.0447	1062	0.76	0.955	16991	1
RFC4	-9.55	8	-1.70	0.0448	1063	0.761	0.955	16990	1
EXOSC6	-9.55	8	-1.70	0.0449	1064	0.762	0.955	16989	1
BAP1	-9.54	8	-1.69	0.0451	1065	0.764	0.955	16988	1
ANAPC4	-9.54	8	-1.69	0.0451	1066	0.764	0.955	16987	1
KIAA1430	-9.53	8	-1.69	0.0452	1067	0.765	0.955	16986	1
SSR2	-9.52	8	-1.69	0.0455	1068	0.768	0.955	16985	1
MTBP	-9.52	8	-1.69	0.0456	1069	0.768	0.954	16984	1
SNRPB	-9.52	8	-1.69	0.0456	1070	0.768	0.954	16983	1
NECAP2	-9.52	8	-1.69	0.0456	1071	0.768	0.954	16982	1
RPL13	-7.52	5	-1.69	0.0456	1072	0.769	0.954	16981	1
NCALD	-9.52	8	-1.69	0.0457	1073	0.769	0.954	16980	1
ZNHIT1	-9.51	8	-1.69	0.0457	1074	0.769	0.954	16979	1
PGD	-9.51	8	-1.69	0.0458	1075	0.77	0.954	16978	1
WBP11	-9.50	8	-1.68	0.046	1076	0.772	0.954	16977	1
MTHFD1	-9.50	8	-1.68	0.0461	1077	0.772	0.954	16976	1
KDM1B	-9.50	8	-1.68	0.0461	1078	0.772	0.954	16975	1
TOPBP1	-9.50	8	-1.68	0.0462	1079	0.772	0.954	16974	1
MYCBP	-9.49	8	-1.68	0.0464	1080	0.775	0.954	16973	1
SMC1A	-9.49	8	-1.68	0.0464	1081	0.775	0.954	16972	1
ATM	-9.47	8	-1.68	0.0467	1082	0.779	0.953	16971	1
C15orf41	-9.47	8	-1.68	0.0468	1083	0.78	0.953	16970	1
GBP4	-9.47	8	-1.68	0.0469	1084	0.781	0.953	16969	1
EEF2	-9.45	8	-1.67	0.0472	1085	0.785	0.953	16968	1
NUP188	-9.44	8	-1.67	0.0475	1086	0.79	0.952	16967	1
ZZZ3	-9.44	8	-1.67	0.0476	1087	0.791	0.952	16966	1
GEMIN8	-9.44	8	-1.67	0.0477	1088	0.791	0.952	16965	1
HENMT1	-9.43	8	-1.67	0.0477	1089	0.791	0.952	16964	1
KL	-9.43	8	-1.67	0.0478	1090	0.791	0.952	16963	1
NUP43	-9.43	8	-1.67	0.0479	1091	0.792	0.952	16962	1
SNRPD1	-9.42	8	-1.67	0.048	1092	0.793	0.952	16961	1
VKORC1L1	-9.42	8	-1.66	0.048	1093	0.793	0.952	16960	1
ZNF217	-9.42	8	-1.66	0.0482	1094	0.795	0.952	16959	1
TAF5	-9.41	8	-1.66	0.0482	1095	0.795	0.952	16958	1
NXF1	-9.41	8	-1.66	0.0484	1096	0.796	0.952	16957	1
MED16	-9.40	8	-1.66	0.0485	1097	0.796	0.952	16956	1
H2AFZ	-9.40	8	-1.66	0.0485	1098	0.796	0.952	16955	1
TRAPPC4	-9.40	8	-1.66	0.0485	1099	0.796	0.952	16954	1
DYNLRB1	-9.39	8	-1.66	0.0488	1100	0.8	0.951	16953	1
LCN8	-9.39	8	-1.66	0.0488	1101	0.8	0.951	16952	1
EXOSC3	-9.38	8	-1.65	0.049	1102	0.802	0.951	16951	1
PCBP1	-9.38	8	-1.65	0.049	1103	0.802	0.951	16950	1
SPEN	-9.38	8	-1.65	0.0491	1104	0.802	0.951	16949	1
EIF3I	-9.38	8	-1.65	0.0491	1105	0.802	0.951	16948	1
TARDBP	-9.38	8	-1.65	0.0492	1106	0.802	0.951	16947	1
PDAP1	-9.37	8	-1.65	0.0493	1107	0.804	0.951	16946	1
CPSF3	-9.36	8	-1.65	0.0495	1108	0.807	0.95	16945	1
CHAF1A	-9.36	8	-1.65	0.0496	1109	0.808	0.95	16944	1
ALG11	-9.35	8	-1.65	0.0498	1110	0.809	0.95	16943	1
C1QTNF4	-9.35	8	-1.65	0.0499	1111	0.81	0.95	16942	1
C19orf52	-9.35	8	-1.65	0.0499	1112	0.81	0.95	16941	1
ELF3	-9.35	8	-1.65	0.05	1113	0.81	0.95	16940	1
KCTD14	-9.34	8	-1.64	0.0501	1114	0.811	0.95	16939	1
SUPT20H	-9.34	8	-1.64	0.0501	1115	0.811	0.95	16938	1
NRARP	-9.34	8	-1.64	0.0501	1116	0.811	0.95	16937	1
VPS25	-9.32	8	-1.64	0.0506	1117	0.818	0.949	16936	1
ZFR	-9.32	8	-1.64	0.0507	1118	0.818	0.949	16935	1
LYPLA2	-9.31	8	-1.64	0.0509	1119	0.818	0.949	16934	1
LMNA	-9.31	8	-1.64	0.0509	1120	0.818	0.949	16933	1
PSMD11	-9.31	8	-1.64	0.0509	1121	0.818	0.949	16932	1
C6orf89	-9.31	8	-1.64	0.0509	1122	0.818	0.949	16931	1
ERCC3	-9.31	8	-1.64	0.0509	1123	0.818	0.949	16930	1
ZSWIM2	-9.30	8	-1.63	0.0511	1124	0.821	0.949	16929	1
PDCD11	-9.30	8	-1.63	0.0512	1125	0.821	0.949	16928	1
YEATS4	-9.29	8	-1.63	0.0514	1126	0.824	0.949	16927	1
NBN	-9.28	8	-1.63	0.0516	1127	0.826	0.948	16926	1
N6AMT1	-9.28	8	-1.63	0.0516	1128	0.826	0.948	16925	1
C1orf170	-9.28	8	-1.63	0.0518	1129	0.828	0.948	16924	1
NIPA2	-9.27	8	-1.63	0.0521	1130	0.832	0.948	16923	1
C11orf58	-9.26	8	-1.62	0.0522	1131	0.832	0.948	16922	1
MBLAC1	-9.26	8	-1.62	0.0523	1132	0.832	0.948	16921	1
GEMIN2	-9.26	8	-1.62	0.0523	1133	0.832	0.948	16920	1
NOL8	-9.26	8	-1.62	0.0523	1134	0.832	0.948	16919	1
CORO1B	-9.25	8	-1.62	0.0525	1135	0.835	0.947	16918	1
BRD2	-9.24	8	-1.62	0.0527	1136	0.837	0.947	16917	1
TTLL10	-9.24	8	-1.62	0.0529	1137	0.839	0.947	16916	1
CWC22	-9.22	8	-1.61	0.0532	1138	0.843	0.947	16915	1
BLM	-9.22	8	-1.61	0.0532	1139	0.843	0.947	16914	1
CDC16	-9.22	8	-1.61	0.0533	1140	0.843	0.947	16913	1
TMEM52	-9.22	8	-1.61	0.0533	1141	0.843	0.947	16912	1
AGTRAP	-9.22	8	-1.61	0.0533	1142	0.843	0.947	16911	1
KDM4C	-9.21	8	-1.61	0.0535	1143	0.845	0.946	16910	1
MMACHC	-9.20	8	-1.61	0.0537	1144	0.848	0.946	16909	1
TYRO3	-9.20	8	-1.61	0.0539	1145	0.849	0.946	16908	1
KIF26A	-9.20	8	-1.61	0.0539	1146	0.849	0.946	16907	1
PREB	-9.19	8	-1.61	0.054	1147	0.85	0.946	16906	1
THOC5	-9.18	8	-1.60	0.0543	1148	0.854	0.946	16905	1
CHMP7	-9.18	8	-1.60	0.0545	1149	0.854	0.946	16904	1
RPN2	-9.18	8	-1.60	0.0545	1150	0.854	0.945	16903	1
TEN1	-9.17	8	-1.60	0.0545	1151	0.854	0.945	16902	1
ZBTB3	-9.17	8	-1.60	0.0546	1152	0.854	0.945	16901	1
C9orf50	-9.17	8	-1.60	0.0546	1153	0.854	0.945	16900	1
QRSL1	-9.17	8	-1.60	0.0546	1154	0.854	0.945	16899	1
VAMP8	-9.17	8	-1.60	0.0547	1155	0.856	0.945	16898	1
HNRNPAB	-9.17	8	-1.60	0.0548	1156	0.856	0.945	16897	1
IRF6	-9.15	8	-1.60	0.0552	1157	0.861	0.945	16896	1
ENSA	-9.14	8	-1.59	0.0555	1158	0.863	0.945	16895	1
RBM27	-9.14	8	-1.59	0.0555	1159	0.863	0.945	16894	1
PCID2	-9.14	8	-1.59	0.0555	1160	0.863	0.945	16893	1
TRIAP1	-9.13	8	-1.59	0.0557	1161	0.865	0.944	16892	1
PLK1	-9.13	8	-1.59	0.0557	1162	0.865	0.944	16891	1
PDCD5	-9.12	8	-1.59	0.056	1163	0.869	0.944	16890	1
STX12	-9.12	8	-1.59	0.0561	1164	0.871	0.944	16889	1
GTF2F2	-8.52	7	-1.59	0.0563	1165	0.872	0.944	16888	1
ZNF814	-9.11	8	-1.59	0.0563	1166	0.872	0.944	16887	1
CDC20	-9.11	8	-1.59	0.0564	1167	0.873	0.944	16886	1
C12orf45	-9.11	8	-1.59	0.0565	1168	0.873	0.944	16885	1
PWP2	-9.10	8	-1.58	0.0567	1169	0.876	0.943	16884	1
FAM69A	-9.09	8	-1.58	0.057	1170	0.879	0.943	16883	1
SMU1	-9.09	8	-1.58	0.0571	1171	0.88	0.943	16882	1
MRPL48	-9.08	8	-1.58	0.0572	1172	0.881	0.943	16881	1
PHAX	-9.08	8	-1.58	0.0573	1173	0.881	0.943	16880	1
ERCC4	-9.07	8	-1.58	0.0575	1174	0.884	0.943	16879	1
PAQR4	-9.07	8	-1.58	0.0576	1175	0.884	0.942	16878	1
COMMD3	-7.85	6	-1.58	0.0576	1176	0.884	0.942	16877	1
ORC4	-9.06	8	-1.57	0.0577	1177	0.885	0.942	16876	1
SEPSECS	-9.04	8	-1.57	0.0583	1178	0.893	0.942	16875	1
BRI3	-9.04	8	-1.57	0.0585	1179	0.893	0.942	16874	1
DHX15	-9.04	8	-1.57	0.0585	1180	0.893	0.942	16873	1
PA2G4	-9.04	8	-1.57	0.0585	1181	0.893	0.941	16872	1
PPP1R26	-9.03	8	-1.57	0.0586	1182	0.893	0.941	16871	1
RCC1	-9.03	8	-1.57	0.0586	1183	0.893	0.941	16870	1
NDC80	-9.03	8	-1.57	0.0586	1184	0.893	0.941	16869	1
CDK7	-9.02	8	-1.56	0.0589	1185	0.898	0.941	16868	1
POLR2B	-9.01	8	-1.56	0.0593	1186	0.901	0.941	16867	1
UBA1	-9.01	8	-1.56	0.0594	1187	0.901	0.941	16866	1
DDX52	-9.00	8	-1.56	0.0594	1188	0.901	0.941	16865	1
RFC2	-9.00	8	-1.56	0.0595	1189	0.901	0.941	16864	1
VARS2	-9.00	8	-1.56	0.0595	1190	0.901	0.94	16863	1
SLC25A25	-9.00	8	-1.56	0.0595	1191	0.901	0.94	16862	1
C1orf35	-9.00	8	-1.56	0.0595	1192	0.901	0.94	16861	1
PCSK9	-9.00	8	-1.56	0.0596	1193	0.901	0.94	16860	1
PUSL1	-9.00	8	-1.56	0.0596	1194	0.901	0.94	16859	1
LYSMD1	-8.99	8	-1.56	0.0598	1195	0.904	0.94	16858	1
CENPT	-8.99	8	-1.56	0.0599	1196	0.904	0.94	16857	1
IFITM3	-8.99	8	-1.56	0.0599	1197	0.904	0.94	16856	1
TRIM29	-8.98	8	-1.55	0.06	1198	0.904	0.94	16855	1
USPL1	-8.98	8	-1.55	0.0601	1199	0.904	0.94	16854	1
KCNK16	-8.98	8	-1.55	0.0603	1200	0.907	0.94	16853	1
ZNF281	-8.97	8	-1.55	0.0604	1201	0.907	0.94	16852	1
TIPIN	-8.97	8	-1.55	0.0605	1202	0.907	0.94	16851	1
CCDC109B	-8.97	8	-1.55	0.0605	1203	0.907	0.939	16850	1
BAZ1B	-8.97	8	-1.55	0.0605	1204	0.907	0.939	16849	1
TUSC1	-8.97	8	-1.55	0.0605	1205	0.907	0.939	16848	1
POLE2	-8.96	8	-1.55	0.0606	1206	0.907	0.939	16847	1
NEK2	-6.34	4	-1.55	0.0607	1207	0.907	0.939	16846	1
DNAJC7	-8.96	8	-1.55	0.0607	1208	0.907	0.939	16845	1
ZC3H8	-8.96	8	-1.55	0.0608	1209	0.908	0.939	16844	1
HIRA	-8.96	8	-1.55	0.0608	1210	0.908	0.939	16843	1
NFYC	-8.95	8	-1.55	0.0609	1211	0.908	0.939	16842	1
XPA	-8.95	8	-1.55	0.0611	1212	0.908	0.939	16841	1
ADAT2	-7.75	6	-1.55	0.0611	1213	0.908	0.939	16840	1
TUBGCP3	-8.95	8	-1.55	0.0611	1214	0.908	0.939	16839	1
INTS7	-8.95	8	-1.55	0.0611	1215	0.908	0.939	16838	1
C19orf25	-8.95	8	-1.54	0.0612	1216	0.909	0.939	16837	1
GARS	-8.94	8	-1.54	0.0614	1217	0.91	0.939	16836	1
RAB11FIP3	-8.94	8	-1.54	0.0615	1218	0.911	0.939	16835	1
DDX21	-8.93	8	-1.54	0.0616	1219	0.912	0.938	16834	1
TAF6	-8.93	8	-1.54	0.0616	1220	0.912	0.938	16833	1
ELP4	-8.92	8	-1.54	0.0619	1221	0.914	0.938	16832	1
SAMD5	-8.92	8	-1.54	0.062	1222	0.914	0.938	16831	1
NF1	-8.92	8	-1.54	0.062	1223	0.914	0.938	16830	1
DGCR8	-8.92	8	-1.54	0.0621	1224	0.915	0.938	16829	1
TMEM258	-8.91	8	-1.54	0.0623	1225	0.915	0.938	16828	1
POLRMT	-8.91	8	-1.53	0.0624	1226	0.915	0.938	16827	1
AXIN1	-8.91	8	-1.53	0.0624	1227	0.915	0.938	16826	1
SRSF7	-8.90	8	-1.53	0.0625	1228	0.915	0.938	16825	1
BNC2	-8.90	8	-1.53	0.0625	1229	0.915	0.938	16824	1
RRP15	-8.90	8	-1.53	0.0625	1230	0.915	0.937	16823	1
ENTPD2	-8.90	8	-1.53	0.0626	1231	0.915	0.937	16822	1
CTC1	-8.90	8	-1.53	0.0626	1232	0.915	0.937	16821	1
QSOX2	-8.90	8	-1.53	0.0626	1233	0.915	0.937	16820	1
TP53BP1	-8.90	8	-1.53	0.0627	1234	0.915	0.937	16819	1
AHNAK2	-8.90	8	-1.53	0.0627	1235	0.915	0.937	16818	1
ATP5O	-8.89	8	-1.53	0.0628	1236	0.915	0.937	16817	1
USP35	-8.89	8	-1.53	0.0628	1237	0.915	0.937	16816	1
PRPF4B	-8.89	8	-1.53	0.0629	1238	0.915	0.937	16815	1
VPS35	-8.89	8	-1.53	0.0629	1239	0.915	0.937	16814	1
OTUB1	-8.89	8	-1.53	0.063	1240	0.915	0.937	16813	1
MRPL28	-8.88	8	-1.53	0.0631	1241	0.915	0.937	16812	1
CD3EAP	-8.88	8	-1.53	0.0632	1242	0.915	0.937	16811	1
ATR	-8.88	8	-1.53	0.0632	1243	0.915	0.937	16810	1
NCAPH	-8.88	8	-1.53	0.0632	1244	0.915	0.937	16809	1
ZBTB8OS	-8.88	8	-1.53	0.0632	1245	0.915	0.937	16808	1
ZDHHC5	-8.88	8	-1.53	0.0633	1246	0.915	0.937	16807	1
MNX1	-8.88	8	-1.53	0.0633	1247	0.915	0.937	16806	1
RSPH6A	-8.88	8	-1.53	0.0633	1248	0.915	0.937	16805	1
STUB1	-8.88	8	-1.53	0.0633	1249	0.915	0.937	16804	1
TMEM41B	-8.87	8	-1.53	0.0634	1250	0.915	0.937	16803	1
DIAPH3	-8.87	8	-1.53	0.0634	1251	0.915	0.937	16802	1
HARS2	-8.87	8	-1.53	0.0635	1252	0.916	0.936	16801	1
HNRNPL	-8.86	8	-1.52	0.0639	1253	0.92	0.936	16800	1
UCHL3	-8.85	8	-1.52	0.0641	1254	0.923	0.936	16799	1
MRGPRE	-8.85	8	-1.52	0.0642	1255	0.923	0.936	16798	1
GINS1	-8.85	8	-1.52	0.0642	1256	0.923	0.936	16797	1
ADO	-8.85	8	-1.52	0.0643	1257	0.923	0.936	16796	1
DNTTIP2	-8.84	8	-1.52	0.0645	1258	0.925	0.936	16795	1
ADAT3	-8.83	8	-1.52	0.0648	1259	0.929	0.935	16794	1
ATOH7	-8.83	8	-1.52	0.0648	1260	0.929	0.935	16793	1
DMWD	-8.82	8	-1.51	0.065	1261	0.93	0.935	16792	1
MAFA	-8.82	8	-1.51	0.0651	1262	0.93	0.935	16791	1
MED21	-8.82	8	-1.51	0.0651	1263	0.93	0.935	16790	1
SLC29A2	-8.81	8	-1.51	0.0654	1264	0.933	0.935	16789	1
AGO3	-8.81	8	-1.51	0.0654	1265	0.933	0.935	16788	1
CCT3	-8.81	8	-1.51	0.0654	1266	0.933	0.935	16787	1
RPS18	-6.23	4	-1.51	0.0656	1267	0.934	0.934	16786	1
CLPB	-8.80	8	-1.51	0.0657	1268	0.934	0.934	16785	1
MUS81	-8.80	8	-1.51	0.0657	1269	0.934	0.934	16784	1
CTSW	-8.80	8	-1.51	0.0658	1270	0.935	0.934	16783	1
VTA1	-8.80	8	-1.51	0.0658	1271	0.935	0.934	16782	1
PGAP2	-8.79	8	-1.50	0.0662	1272	0.939	0.934	16781	1
C1QTNF8	-8.78	8	-1.50	0.0663	1273	0.939	0.934	16780	1
VAX1	-8.78	8	-1.50	0.0663	1274	0.939	0.934	16779	1
SUPT6H	-8.78	8	-1.50	0.0665	1275	0.941	0.933	16778	1
RBL1	-8.78	8	-1.50	0.0666	1276	0.941	0.933	16777	1
MMS19	-8.78	8	-1.50	0.0666	1277	0.941	0.933	16776	1
FUBP3	-8.77	8	-1.50	0.0668	1278	0.942	0.933	16775	1
MED14	-8.77	8	-1.50	0.0668	1279	0.942	0.933	16774	1
DHX16	-8.77	8	-1.50	0.0668	1280	0.942	0.933	16773	1
NCF1	-8.77	8	-1.50	0.0668	1281	0.942	0.933	16772	1
HES3	-8.76	8	-1.50	0.067	1282	0.942	0.933	16771	1
TPR	-8.76	8	-1.50	0.067	1283	0.942	0.933	16770	1
TIMELESS	-8.76	8	-1.50	0.0671	1284	0.943	0.933	16769	1
SYVN1	-8.75	8	-1.50	0.0672	1285	0.945	0.933	16768	1
WDR61	-8.75	8	-1.50	0.0673	1286	0.945	0.933	16767	1
ACACA	-8.75	8	-1.50	0.0674	1287	0.945	0.933	16766	1
SLC39A1	-8.75	8	-1.50	0.0674	1288	0.945	0.933	16765	1
OSBPL1A	-8.75	8	-1.49	0.0675	1289	0.945	0.932	16764	1
SMNDC1	-8.74	8	-1.49	0.0676	1290	0.945	0.932	16763	1
GTF3C1	-8.74	8	-1.49	0.0676	1291	0.945	0.932	16762	1
DMRTC2	-8.74	8	-1.49	0.0678	1292	0.947	0.932	16761	1
NUS1	-8.73	8	-1.49	0.0682	1293	0.951	0.932	16760	1
MTRR	-8.72	8	-1.49	0.0682	1294	0.952	0.932	16759	1
FGR	-8.72	8	-1.49	0.0683	1295	0.952	0.932	16758	1
ZNF367	-8.71	8	-1.49	0.0686	1296	0.955	0.931	16757	1
SUN2	-8.71	8	-1.49	0.0686	1297	0.955	0.931	16756	1
AMBRA1	-8.71	8	-1.49	0.0686	1298	0.955	0.931	16755	1
RIPK1	-8.71	8	-1.49	0.0687	1299	0.955	0.931	16754	1
C8orf82	-8.70	8	-1.48	0.0691	1300	0.959	0.931	16753	1
POLR2C	-8.70	8	-1.48	0.0691	1301	0.959	0.931	16752	1
PI4KA	-8.70	8	-1.48	0.0691	1302	0.959	0.931	16751	1
OR2A2	-8.69	8	-1.48	0.0693	1303	0.96	0.931	16750	1
MED18	-8.69	8	-1.48	0.0694	1304	0.96	0.931	16749	1
WDR3	-8.68	8	-1.48	0.0696	1305	0.963	0.93	16748	1
CNOT6	-8.68	8	-1.48	0.0698	1306	0.964	0.93	16747	1
MRPL41	-8.68	8	-1.48	0.0698	1307	0.964	0.93	16746	1
HEY2	-8.67	8	-1.48	0.07	1308	0.966	0.93	16745	1
DNAJC2	-8.66	8	-1.47	0.0705	1309	0.966	0.929	16744	1
UBIAD1	-8.65	8	-1.47	0.0706	1310	0.966	0.929	16743	1
MEF2B	-8.65	8	-1.47	0.0707	1311	0.966	0.929	16742	1
PGGT1B	-8.65	8	-1.47	0.0708	1312	0.966	0.929	16741	1
PTCH1	-8.64	8	-1.47	0.071	1313	0.966	0.929	16740	1
SUV420H1	-8.64	8	-1.47	0.071	1314	0.966	0.929	16739	1
ATG16L1	-8.64	8	-1.47	0.0711	1315	0.966	0.929	16738	1
SLC7A6OS	-8.63	8	-1.47	0.0714	1316	0.966	0.929	16737	1
HIST1H4C	-7.47	6	-1.47	0.0714	1317	0.966	0.929	16736	1
YIPF3	-8.63	8	-1.47	0.0714	1318	0.966	0.929	16735	1
VPS13D	-8.63	8	-1.47	0.0715	1319	0.966	0.929	16734	1
CBFB	-8.63	8	-1.46	0.0715	1320	0.966	0.929	16733	1
SNRPD3	-8.62	8	-1.46	0.0717	1321	0.966	0.928	16732	1
DDX56	-8.62	8	-1.46	0.0717	1322	0.966	0.928	16731	1
SLC35D2	-8.62	8	-1.46	0.0718	1323	0.966	0.928	16730	1
RAC3	-8.62	8	-1.46	0.0719	1324	0.966	0.928	16729	1
KBTBD11	-8.61	8	-1.46	0.072	1325	0.966	0.928	16728	1
TNPO3	-8.61	8	-1.46	0.072	1326	0.966	0.928	16727	1
DACT3	-8.61	8	-1.46	0.0721	1327	0.966	0.928	16726	1
C1orf147	-8.61	8	-1.46	0.0722	1328	0.966	0.928	16725	1
NRSN1	-8.60	8	-1.46	0.0724	1329	0.966	0.928	16724	1
KIF20A	-8.60	8	-1.46	0.0725	1330	0.966	0.928	16723	1
METAP2	-8.60	8	-1.46	0.0725	1331	0.966	0.927	16722	1
FBXW12	-8.59	8	-1.46	0.0728	1332	0.966	0.927	16721	1
CAPZB	-8.59	8	-1.45	0.0729	1333	0.966	0.927	16720	1
DCTN1	-8.59	8	-1.45	0.0729	1334	0.966	0.927	16719	1
DONSON	-8.57	8	-1.45	0.0734	1335	0.966	0.927	16718	1
NPLOC4	-8.57	8	-1.45	0.0735	1336	0.966	0.926	16717	1
POLE4	-8.57	8	-1.45	0.0735	1337	0.966	0.926	16716	1
BRMS1	-7.42	6	-1.45	0.0736	1338	0.966	0.926	16715	1
TNFAIP3	-8.56	8	-1.45	0.0737	1339	0.966	0.926	16714	1
APOC1	-8.56	8	-1.45	0.0738	1340	0.966	0.926	16713	1
HIST1H1D	-8.56	8	-1.45	0.074	1341	0.966	0.926	16712	1
ATP6V1H	-8.56	8	-1.45	0.074	1342	0.966	0.926	16711	1
MARCO	-8.55	8	-1.44	0.0744	1343	0.966	0.926	16710	1
GNL3L	-8.54	8	-1.44	0.0745	1344	0.966	0.926	16709	1
CCDC93	-8.53	8	-1.44	0.0748	1345	0.966	0.925	16708	1
CLSPN	-8.53	8	-1.44	0.0749	1346	0.966	0.925	16707	1
HMGA1	-6.03	4	-1.44	0.075	1347	0.966	0.925	16706	1
TAF12	-8.52	8	-1.44	0.0751	1348	0.966	0.925	16705	0.999
XPO6	-8.52	8	-1.44	0.0752	1349	0.966	0.925	16704	0.999
COG3	-8.52	8	-1.44	0.0753	1350	0.966	0.925	16703	0.999
NCAPD2	-8.51	8	-1.44	0.0756	1351	0.966	0.924	16702	0.999
TBC1D22B	-8.51	8	-1.44	0.0756	1352	0.966	0.924	16701	0.999
CCNA2	-8.51	8	-1.43	0.0757	1353	0.966	0.924	16700	0.999
AQR	-8.51	8	-1.43	0.0757	1354	0.966	0.924	16699	0.999
PTPRJ	-8.51	8	-1.43	0.0757	1355	0.966	0.924	16698	0.999
SLC7A5	-8.50	8	-1.43	0.0759	1356	0.966	0.924	16697	0.999
CTBP2	-8.50	8	-1.43	0.0761	1357	0.966	0.924	16696	0.999
ZNF28	-7.35	6	-1.43	0.0763	1358	0.966	0.924	16695	0.999
DUSP28	-8.49	8	-1.43	0.0763	1359	0.966	0.924	16694	0.999
FAM60A	-8.49	8	-1.43	0.0765	1360	0.966	0.924	16693	0.999
CEACAM7	-8.48	8	-1.43	0.0765	1361	0.966	0.923	16692	0.999
VRTN	-8.48	8	-1.43	0.0766	1362	0.966	0.923	16691	0.999
CENPP	-8.48	8	-1.43	0.0767	1363	0.966	0.923	16690	0.999
SRSF10	-8.48	8	-1.43	0.0767	1364	0.966	0.923	16689	0.999
MLST8	-8.48	8	-1.43	0.0767	1365	0.966	0.923	16688	0.999
VRK1	-8.47	8	-1.43	0.0769	1366	0.966	0.923	16687	0.999
STRA13	-8.47	8	-1.43	0.0769	1367	0.966	0.923	16686	0.999
GBF1	-8.47	8	-1.43	0.0771	1368	0.966	0.923	16685	0.999
B4GALNT4	-8.47	8	-1.42	0.0772	1369	0.966	0.923	16684	0.998
SCAP	-8.46	8	-1.42	0.0774	1370	0.966	0.923	16683	0.998
TFDP1	-8.46	8	-1.42	0.0774	1371	0.966	0.923	16682	0.998
RCN1	-8.45	8	-1.42	0.0777	1372	0.966	0.922	16681	0.998
DCAF7	-4.22	2	-1.42	0.078	1373	0.966	0.922	16680	0.998
ZNF251	-8.44	8	-1.42	0.078	1374	0.966	0.922	16679	0.998
LARS2	-8.44	8	-1.42	0.0781	1375	0.966	0.922	16678	0.998
DBF4	-8.44	8	-1.42	0.0782	1376	0.966	0.922	16677	0.998
PRAMEF8	-8.44	8	-1.42	0.0783	1377	0.966	0.922	16676	0.998
SMC5	-8.43	8	-1.42	0.0784	1378	0.966	0.922	16675	0.998
ZBTB7B	-8.43	8	-1.42	0.0785	1379	0.966	0.922	16674	0.998
AHCTF1	-8.43	8	-1.42	0.0785	1380	0.966	0.922	16673	0.998
E4F1	-8.43	8	-1.42	0.0785	1381	0.966	0.922	16672	0.998
UBE2A	-7.30	6	-1.41	0.0788	1382	0.966	0.921	16671	0.998
MCM7	-8.42	8	-1.41	0.0789	1383	0.966	0.921	16670	0.997
CCDC9	-8.42	8	-1.41	0.0789	1384	0.966	0.921	16669	0.997
MBTPS2	-7.29	6	-1.41	0.079	1385	0.966	0.921	16668	0.997
HIST1H4D	-8.42	8	-1.41	0.0791	1386	0.966	0.921	16667	0.997
COPE	-8.41	8	-1.41	0.0792	1387	0.966	0.921	16666	0.997
CENPC	-8.41	8	-1.41	0.0793	1388	0.966	0.921	16665	0.997
SURF4	-8.41	8	-1.41	0.0793	1389	0.966	0.921	16664	0.997
ARHGAP11A	-8.41	8	-1.41	0.0794	1390	0.966	0.921	16663	0.997
ZNF436	-8.40	8	-1.41	0.0797	1391	0.966	0.92	16662	0.997
CYB5R2	-8.40	8	-1.41	0.0797	1392	0.966	0.92	16661	0.997
EIF2B2	-8.40	8	-1.41	0.0797	1393	0.966	0.92	16660	0.997
DPH7	-8.40	8	-1.41	0.0798	1394	0.966	0.92	16659	0.997
SLC35F1	-8.39	8	-1.41	0.0799	1395	0.966	0.92	16658	0.997
BUB1B	-8.39	8	-1.41	0.08	1396	0.966	0.92	16657	0.997
RAB2B	-8.39	8	-1.41	0.08	1397	0.966	0.92	16656	0.997
NAA15	-8.39	8	-1.41	0.08	1398	0.966	0.92	16655	0.997
LPAR1	-8.39	8	-1.40	0.0802	1399	0.966	0.92	16654	0.997
HILPDA	-8.39	8	-1.40	0.0802	1400	0.966	0.92	16653	0.997
TOR3A	-8.38	8	-1.40	0.0805	1401	0.966	0.919	16652	0.997
ATP5A1	-8.37	8	-1.40	0.0807	1402	0.966	0.919	16651	0.997
PTGFRN	-8.37	8	-1.40	0.0807	1403	0.966	0.919	16650	0.997
SLC25A19	-8.37	8	-1.40	0.0808	1404	0.966	0.919	16649	0.997
FBRS	-8.37	8	-1.40	0.0808	1405	0.966	0.919	16648	0.997
IGSF6	-8.36	8	-1.40	0.0813	1406	0.966	0.919	16647	0.996
TIMM44	-8.36	8	-1.40	0.0813	1407	0.966	0.919	16646	0.996
CLPS	-8.36	8	-1.40	0.0813	1408	0.966	0.919	16645	0.996
ABCE1	-8.35	8	-1.40	0.0814	1409	0.966	0.919	16644	0.996
KHSRP	-8.35	8	-1.40	0.0815	1410	0.966	0.918	16643	0.996
SRFBP1	-8.35	8	-1.39	0.0816	1411	0.966	0.918	16642	0.996
ERO1L	-8.34	8	-1.39	0.0818	1412	0.966	0.918	16641	0.996
DHX34	-8.34	8	-1.39	0.082	1413	0.966	0.918	16640	0.996
KIAA0020	-8.33	8	-1.39	0.0821	1414	0.966	0.918	16639	0.996
RAX2	-8.33	8	-1.39	0.0822	1415	0.966	0.918	16638	0.996
DNM1	-8.33	8	-1.39	0.0822	1416	0.966	0.918	16637	0.996
OARD1	-8.33	8	-1.39	0.0824	1417	0.966	0.918	16636	0.996
SNRPA	-8.33	8	-1.39	0.0824	1418	0.966	0.918	16635	0.996
LEUTX	-8.32	8	-1.39	0.0826	1419	0.966	0.917	16634	0.996
STIL	-8.32	8	-1.39	0.0826	1420	0.966	0.917	16633	0.996
WDR89	-8.32	8	-1.39	0.0826	1421	0.966	0.917	16632	0.996
FAM26D	-8.32	8	-1.39	0.0827	1422	0.966	0.917	16631	0.996
HAUS5	-8.32	8	-1.39	0.0828	1423	0.966	0.917	16630	0.996
CRTC3	-8.31	8	-1.39	0.0829	1424	0.966	0.917	16629	0.996
INSM2	-8.31	8	-1.39	0.0829	1425	0.966	0.917	16628	0.996
LIPT1	-8.31	8	-1.39	0.083	1426	0.966	0.917	16627	0.996
DERL3	-8.31	8	-1.38	0.0831	1427	0.966	0.917	16626	0.996
ZKSCAN5	-8.31	8	-1.38	0.0831	1428	0.966	0.917	16625	0.996
UBE2J2	-8.30	8	-1.38	0.0833	1429	0.966	0.917	16624	0.995
ZCCHC9	-8.30	8	-1.38	0.0833	1430	0.966	0.917	16623	0.995
C2orf76	-8.30	8	-1.38	0.0833	1431	0.966	0.917	16622	0.995
UFL1	-8.30	8	-1.38	0.0834	1432	0.966	0.917	16621	0.995
ZNF598	-8.30	8	-1.38	0.0834	1433	0.966	0.917	16620	0.995
CASKIN2	-8.30	8	-1.38	0.0835	1434	0.966	0.917	16619	0.995
FAM63A	-8.30	8	-1.38	0.0835	1435	0.966	0.916	16618	0.995
TMEM244	-8.30	8	-1.38	0.0836	1436	0.966	0.916	16617	0.995
CDC42BPG	-8.29	8	-1.38	0.0837	1437	0.966	0.916	16616	0.995
CTRC	-8.29	8	-1.38	0.0837	1438	0.966	0.916	16615	0.995
MDN1	-8.29	8	-1.38	0.0837	1439	0.966	0.916	16614	0.995
PELP1	-8.29	8	-1.38	0.0838	1440	0.966	0.916	16613	0.995
PRODH2	-8.29	8	-1.38	0.084	1441	0.966	0.916	16612	0.995
TAF13	-8.29	8	-1.38	0.084	1442	0.966	0.916	16611	0.995
OR6P1	-8.28	8	-1.38	0.0843	1443	0.966	0.916	16610	0.995
GTF2H4	-8.28	8	-1.38	0.0843	1444	0.966	0.916	16609	0.995
ESPL1	-8.28	8	-1.38	0.0843	1445	0.966	0.916	16608	0.995
RCOR1	-8.27	8	-1.38	0.0844	1446	0.966	0.916	16607	0.995
SND1	-8.27	8	-1.38	0.0845	1447	0.966	0.916	16606	0.995
PSPN	-8.27	8	-1.38	0.0845	1448	0.966	0.915	16605	0.995
MEX3A	-8.27	8	-1.38	0.0845	1449	0.966	0.915	16604	0.995
C16orf11	-8.27	8	-1.37	0.0848	1450	0.966	0.915	16603	0.995
H6PD	-8.27	8	-1.37	0.0848	1451	0.966	0.915	16602	0.995
DBNDD1	-8.26	8	-1.37	0.0849	1452	0.966	0.915	16601	0.995
HAPLN3	-8.26	8	-1.37	0.0849	1453	0.966	0.915	16600	0.995
DUSP2	-8.26	8	-1.37	0.085	1454	0.966	0.915	16599	0.995
FOSL2	-8.26	8	-1.37	0.0852	1455	0.966	0.915	16598	0.995
WDR92	-8.25	8	-1.37	0.0854	1456	0.966	0.915	16597	0.995
GLUD1	-8.25	8	-1.37	0.0855	1457	0.966	0.915	16596	0.995
VPS72	-8.25	8	-1.37	0.0855	1458	0.966	0.915	16595	0.995
EML5	-8.25	8	-1.37	0.0855	1459	0.966	0.915	16594	0.995
ACTL10	-8.25	8	-1.37	0.0856	1460	0.966	0.914	16593	0.995
HCRTR1	-8.24	8	-1.37	0.0856	1461	0.966	0.914	16592	0.995
SAMD8	-8.24	8	-1.37	0.0857	1462	0.966	0.914	16591	0.995
DIEXF	-8.24	8	-1.37	0.0857	1463	0.966	0.914	16590	0.995
ELMO2	-8.24	8	-1.37	0.0857	1464	0.966	0.914	16589	0.995
RPAP1	-8.23	8	-1.37	0.0861	1465	0.966	0.914	16588	0.995
MAN1C1	-8.23	8	-1.36	0.0862	1466	0.966	0.914	16587	0.995
TFB2M	-8.23	8	-1.36	0.0863	1467	0.966	0.914	16586	0.994
MARCKSL1	-8.22	8	-1.36	0.0864	1468	0.966	0.914	16585	0.994
FOLR2	-8.22	8	-1.36	0.0865	1469	0.966	0.913	16584	0.994
JOSD1	-8.22	8	-1.36	0.0866	1470	0.966	0.913	16583	0.994
DENND5A	-8.22	8	-1.36	0.0866	1471	0.966	0.913	16582	0.994
GTF2B	-8.22	8	-1.36	0.0866	1472	0.966	0.913	16581	0.994
MOCS3	-8.22	8	-1.36	0.0866	1473	0.966	0.913	16580	0.994
ARRDC1	-8.22	8	-1.36	0.0867	1474	0.966	0.913	16579	0.994
CALR3	-8.21	8	-1.36	0.0868	1475	0.966	0.913	16578	0.994
TUB	-8.21	8	-1.36	0.0868	1476	0.966	0.913	16577	0.994
TMEM106A	-8.21	8	-1.36	0.0868	1477	0.966	0.913	16576	0.994
TEKT4	-8.21	8	-1.36	0.0868	1478	0.966	0.913	16575	0.994
THRSP	-8.21	8	-1.36	0.0869	1479	0.966	0.913	16574	0.994
CNR2	-8.21	8	-1.36	0.087	1480	0.966	0.913	16573	0.994
PHF19	-8.21	8	-1.36	0.0871	1481	0.966	0.913	16572	0.994
GAB2	-8.21	8	-1.36	0.0871	1482	0.966	0.913	16571	0.994
UTP6	-8.21	8	-1.36	0.0871	1483	0.966	0.913	16570	0.994
RNF20	-8.21	8	-1.36	0.0871	1484	0.966	0.913	16569	0.994
UTP11L	-8.20	8	-1.36	0.0872	1485	0.966	0.913	16568	0.994
FKBP3	-8.20	8	-1.36	0.0874	1486	0.966	0.913	16567	0.994
SLC25A33	-8.19	8	-1.36	0.0876	1487	0.966	0.912	16566	0.994
HNRNPA2B1	-8.19	8	-1.36	0.0876	1488	0.966	0.912	16565	0.994
NTMT1	-8.19	8	-1.36	0.0877	1489	0.966	0.912	16564	0.994
POMC	-8.19	8	-1.36	0.0877	1490	0.966	0.912	16563	0.994
BDKRB2	-8.19	8	-1.35	0.0877	1491	0.966	0.912	16562	0.994
SFI1	-8.19	8	-1.35	0.088	1492	0.966	0.912	16561	0.994
DUSP12	-8.18	8	-1.35	0.0881	1493	0.966	0.912	16560	0.994
GAL	-8.18	8	-1.35	0.0882	1494	0.966	0.912	16559	0.994
TNFRSF25	-8.18	8	-1.35	0.0883	1495	0.966	0.912	16558	0.994
NKD2	-8.18	8	-1.35	0.0884	1496	0.966	0.912	16557	0.994
PPM1F	-8.17	8	-1.35	0.0884	1497	0.966	0.912	16556	0.994
OTUD3	-8.17	8	-1.35	0.0884	1498	0.966	0.912	16555	0.994
RPL34	-4.09	2	-1.35	0.0885	1499	0.966	0.912	16554	0.994
CDK11A	-8.17	8	-1.35	0.0885	1500	0.966	0.911	16553	0.994
RIOK3	-8.17	8	-1.35	0.0886	1501	0.966	0.911	16552	0.994
STRIP2	-8.17	8	-1.35	0.0887	1502	0.966	0.911	16551	0.994
SETD1A	-8.16	8	-1.35	0.089	1503	0.966	0.911	16550	0.994
MPHOSPH8	-8.16	8	-1.35	0.089	1504	0.966	0.911	16549	0.994
CNDP2	-8.16	8	-1.35	0.089	1505	0.966	0.911	16548	0.994
CLDN3	-8.16	8	-1.35	0.0891	1506	0.966	0.911	16547	0.994
COPS7A	-8.15	8	-1.35	0.0893	1507	0.966	0.911	16546	0.994
PALB2	-8.15	8	-1.34	0.0895	1508	0.966	0.911	16545	0.993
CDC73	-8.14	8	-1.34	0.0896	1509	0.966	0.91	16544	0.993
MARVELD1	-8.14	8	-1.34	0.0897	1510	0.966	0.91	16543	0.993
GEN1	-8.14	8	-1.34	0.0897	1511	0.966	0.91	16542	0.993
KCNU1	-8.14	8	-1.34	0.0898	1512	0.966	0.91	16541	0.993
LIG1	-8.14	8	-1.34	0.0899	1513	0.966	0.91	16540	0.993
YWHAG	-8.14	8	-1.34	0.09	1514	0.966	0.91	16539	0.993
TREML1	-8.13	8	-1.34	0.0902	1515	0.966	0.91	16538	0.993
CRX	-8.13	8	-1.34	0.0902	1516	0.966	0.91	16537	0.993
TMEM199	-8.13	8	-1.34	0.0902	1517	0.966	0.91	16536	0.993
CFL1	-8.12	8	-1.34	0.0905	1518	0.966	0.91	16535	0.993
SAP18	-8.12	8	-1.34	0.0905	1519	0.966	0.91	16534	0.993
EYA3	-8.12	8	-1.34	0.0908	1520	0.966	0.909	16533	0.993
THOC6	-8.11	8	-1.33	0.091	1521	0.966	0.909	16532	0.993
CCL25	-8.11	8	-1.33	0.091	1522	0.966	0.909	16531	0.993
GALK1	-8.11	8	-1.33	0.091	1523	0.966	0.909	16530	0.993
MRPL39	-8.11	8	-1.33	0.0911	1524	0.966	0.909	16529	0.993
RNF25	-8.11	8	-1.33	0.0912	1525	0.966	0.909	16528	0.993
SNW1	-8.10	8	-1.33	0.0913	1526	0.966	0.909	16527	0.993
ITGAV	-8.10	8	-1.33	0.0913	1527	0.966	0.909	16526	0.993
ACTR2	-8.10	8	-1.33	0.0913	1528	0.966	0.909	16525	0.993
KIAA1549	-8.10	8	-1.33	0.0914	1529	0.966	0.909	16524	0.993
SLC17A2	-8.10	8	-1.33	0.0915	1530	0.966	0.908	16523	0.993
NAIF1	-8.09	8	-1.33	0.0917	1531	0.966	0.908	16522	0.992
IPO9	-8.09	8	-1.33	0.0918	1532	0.966	0.908	16521	0.992
TBX10	-8.09	8	-1.33	0.0919	1533	0.966	0.908	16520	0.992
FBXO3	-8.08	8	-1.33	0.0921	1534	0.966	0.908	16519	0.992
UPF3B	-8.08	8	-1.33	0.0922	1535	0.966	0.908	16518	0.992
PHF5A	-7.00	6	-1.33	0.0923	1536	0.966	0.908	16517	0.992
MAP2K7	-8.08	8	-1.33	0.0923	1537	0.966	0.908	16516	0.992
EGLN2	-8.08	8	-1.33	0.0924	1538	0.966	0.908	16515	0.992
SLC38A10	-8.07	8	-1.33	0.0925	1539	0.966	0.908	16514	0.992
PSMC3	-8.07	8	-1.33	0.0925	1540	0.966	0.907	16513	0.992
SPTB	-8.07	8	-1.33	0.0925	1541	0.966	0.907	16512	0.992
RBM34	-8.07	8	-1.32	0.0926	1542	0.966	0.907	16511	0.992
API5	-8.07	8	-1.32	0.0927	1543	0.966	0.907	16510	0.992
TOE1	-8.07	8	-1.32	0.0927	1544	0.966	0.907	16509	0.992
HSPA6	-8.07	8	-1.32	0.0928	1545	0.966	0.907	16508	0.992
EIF5A	-5.70	4	-1.32	0.0931	1546	0.966	0.907	16507	0.992
NOV	-8.06	8	-1.32	0.0932	1547	0.966	0.907	16506	0.992
HSP90AB1	-8.06	8	-1.32	0.0933	1548	0.966	0.907	16505	0.992
SASS6	-8.05	8	-1.32	0.0934	1549	0.966	0.907	16504	0.992
IFI35	-8.05	8	-1.32	0.0934	1550	0.966	0.907	16503	0.992
HEATR6	-8.05	8	-1.32	0.0934	1551	0.966	0.907	16502	0.992
PQBP1	-8.05	8	-1.32	0.0936	1552	0.966	0.906	16501	0.992
SCYL1	-8.05	8	-1.32	0.0936	1553	0.966	0.906	16500	0.992
KCNG4	-8.05	8	-1.32	0.0937	1554	0.966	0.906	16499	0.992
B2M	-8.05	8	-1.32	0.0937	1555	0.966	0.906	16498	0.992
PARK7	-8.04	8	-1.32	0.0938	1556	0.966	0.906	16497	0.992
ALDH3B2	-6.97	6	-1.32	0.0938	1557	0.966	0.906	16496	0.992
ANXA10	-8.04	8	-1.32	0.0939	1558	0.966	0.906	16495	0.992
RNF8	-8.04	8	-1.32	0.0941	1559	0.966	0.906	16494	0.991
MPHOSPH10	-8.03	8	-1.31	0.0943	1560	0.966	0.906	16493	0.991
TEKT5	-8.03	8	-1.31	0.0944	1561	0.966	0.906	16492	0.991
C1orf101	-8.03	8	-1.31	0.0945	1562	0.966	0.906	16491	0.991
TUBD1	-8.02	8	-1.31	0.0947	1563	0.966	0.905	16490	0.991
PTPRF	-8.02	8	-1.31	0.095	1564	0.966	0.905	16489	0.991
PIAS4	-8.01	8	-1.31	0.0951	1565	0.966	0.905	16488	0.991
DNAJC8	-8.01	8	-1.31	0.0952	1566	0.966	0.905	16487	0.991
YEATS2	-8.01	8	-1.31	0.0952	1567	0.966	0.905	16486	0.991
CLDN9	-8.01	8	-1.31	0.0952	1568	0.966	0.905	16485	0.991
LDHC	-8.01	8	-1.31	0.0953	1569	0.966	0.905	16484	0.991
RBM33	-8.01	8	-1.31	0.0953	1570	0.966	0.905	16483	0.991
DARS	-8.01	8	-1.31	0.0954	1571	0.966	0.905	16482	0.991
HYKK	-8.01	8	-1.31	0.0954	1572	0.966	0.905	16481	0.991
PTGS1	-8.00	8	-1.31	0.0955	1573	0.966	0.904	16480	0.991
ABCB7	-8.00	8	-1.31	0.0956	1574	0.966	0.904	16479	0.991
FLII	-8.00	8	-1.31	0.0957	1575	0.966	0.904	16478	0.991
IPO7	-8.00	8	-1.31	0.0958	1576	0.966	0.904	16477	0.991
EID2	-8.00	8	-1.31	0.0958	1577	0.966	0.904	16476	0.991
CCBL2	-7.99	8	-1.30	0.096	1578	0.966	0.904	16475	0.991
BCL3	-7.99	8	-1.30	0.096	1579	0.966	0.904	16474	0.991
DLL3	-7.99	8	-1.30	0.0962	1580	0.966	0.904	16473	0.99
CLP1	-7.99	8	-1.30	0.0962	1581	0.966	0.904	16472	0.99
SNX7	-7.98	8	-1.30	0.0963	1582	0.966	0.904	16471	0.99
S100A5	-7.98	8	-1.30	0.0964	1583	0.966	0.904	16470	0.99
EXOSC10	-7.98	8	-1.30	0.0964	1584	0.966	0.904	16469	0.99
DHX35	-7.98	8	-1.30	0.0965	1585	0.966	0.903	16468	0.99
PSMD6	-7.98	8	-1.30	0.0965	1586	0.966	0.903	16467	0.99
NUP62	-7.98	8	-1.30	0.0965	1587	0.966	0.903	16466	0.99
SLC35C1	-7.98	8	-1.30	0.0966	1588	0.966	0.903	16465	0.99
IARS2	-7.98	8	-1.30	0.0967	1589	0.966	0.903	16464	0.99
IER5	-7.97	8	-1.30	0.0969	1590	0.966	0.903	16463	0.99
CCDC27	-7.96	8	-1.30	0.0972	1591	0.966	0.903	16462	0.99
NOP56	-7.96	8	-1.30	0.0973	1592	0.966	0.903	16461	0.99
HHAT	-7.96	8	-1.30	0.0973	1593	0.966	0.903	16460	0.99
METTL10	-7.96	8	-1.30	0.0974	1594	0.966	0.903	16459	0.99
CABP4	-7.96	8	-1.30	0.0975	1595	0.966	0.902	16458	0.99
MDC1	-7.95	8	-1.29	0.0978	1596	0.966	0.902	16457	0.99
POLG2	-7.95	8	-1.29	0.0979	1597	0.966	0.902	16456	0.99
PAQR6	-7.95	8	-1.29	0.0979	1598	0.966	0.902	16455	0.99
LBH	-7.95	8	-1.29	0.0979	1599	0.966	0.902	16454	0.99
DDX27	-7.95	8	-1.29	0.098	1600	0.966	0.902	16453	0.99
PRKACA	-7.94	8	-1.29	0.0981	1601	0.966	0.902	16452	0.99
SERPINA12	-7.94	8	-1.29	0.0981	1602	0.966	0.902	16451	0.99
F11R	-7.94	8	-1.29	0.0981	1603	0.966	0.902	16450	0.99
TCOF1	-7.94	8	-1.29	0.0982	1604	0.966	0.902	16449	0.99
SEC61A1	-7.94	8	-1.29	0.0984	1605	0.966	0.902	16448	0.99
PTAFR	-7.94	8	-1.29	0.0984	1606	0.966	0.902	16447	0.99
APTX	-7.93	8	-1.29	0.0986	1607	0.966	0.901	16446	0.989
NET1	-7.93	8	-1.29	0.0987	1608	0.966	0.901	16445	0.989
OIP5	-7.93	8	-1.29	0.0989	1609	0.966	0.901	16444	0.989
SNRPD2	-7.93	8	-1.29	0.0989	1610	0.966	0.901	16443	0.989
IRF2BP2	-7.92	8	-1.29	0.099	1611	0.966	0.901	16442	0.989
RAN	-7.92	8	-1.29	0.0991	1612	0.966	0.901	16441	0.989
HUWE1	-7.92	8	-1.29	0.0992	1613	0.966	0.901	16440	0.989
KIAA2013	-7.92	8	-1.29	0.0992	1614	0.966	0.901	16439	0.989
BRCA1	-7.92	8	-1.29	0.0992	1615	0.966	0.901	16438	0.989
ANO7	-7.91	8	-1.28	0.0995	1616	0.966	0.9	16437	0.989
C6orf1	-7.91	8	-1.28	0.0996	1617	0.966	0.9	16436	0.989
NYAP1	-7.91	8	-1.28	0.0996	1618	0.966	0.9	16435	0.989
IL17D	-7.91	8	-1.28	0.0996	1619	0.966	0.9	16434	0.989
C2orf40	-7.91	8	-1.28	0.0997	1620	0.966	0.9	16433	0.989
NFKBIA	-7.90	8	-1.28	0.0998	1621	0.966	0.9	16432	0.989
NCMAP	-7.90	8	-1.28	0.0998	1622	0.966	0.9	16431	0.989
BRPF3	-7.90	8	-1.28	0.0998	1623	0.966	0.9	16430	0.989
TAP2	-7.90	8	-1.28	0.1	1624	0.966	0.9	16429	0.989
AKAP12	-7.90	8	-1.28	0.1	1625	0.966	0.9	16428	0.989
CIAPIN1	-7.89	8	-1.28	0.1	1626	0.966	0.9	16427	0.989
SNRNP48	-7.89	8	-1.28	0.1	1627	0.966	0.9	16426	0.989
MATN1	-7.89	8	-1.28	0.1	1628	0.966	0.9	16425	0.989
PGBD2	-7.89	8	-1.28	0.1	1629	0.966	0.9	16424	0.989
RNH1	-7.88	8	-1.28	0.101	1630	0.966	0.899	16423	0.988
NOTO	-7.88	8	-1.28	0.101	1631	0.966	0.899	16422	0.988
USP7	-7.88	8	-1.28	0.101	1632	0.966	0.899	16421	0.988
COG6	-7.88	8	-1.28	0.101	1633	0.966	0.899	16420	0.988
SPC25	-7.88	8	-1.28	0.101	1634	0.966	0.899	16419	0.988
SF3A1	-7.88	8	-1.28	0.101	1635	0.966	0.899	16418	0.988
POGZ	-7.88	8	-1.28	0.101	1636	0.966	0.899	16417	0.988
PLEC	-7.87	8	-1.27	0.101	1637	0.966	0.899	16416	0.988
CCDC25	-7.87	8	-1.27	0.101	1638	0.966	0.899	16415	0.988
CLPP	-7.87	8	-1.27	0.101	1639	0.966	0.899	16414	0.988
ATOH8	-7.87	8	-1.27	0.101	1640	0.966	0.899	16413	0.988
WDR20	-7.87	8	-1.27	0.101	1641	0.966	0.899	16412	0.988
OR52K2	-7.87	8	-1.27	0.101	1642	0.966	0.899	16411	0.988
TMEM167A	-3.93	2	-1.27	0.102	1643	0.966	0.898	16410	0.988
DFFA	-7.86	8	-1.27	0.102	1644	0.966	0.898	16409	0.988
FAM83E	-7.86	8	-1.27	0.102	1645	0.966	0.898	16408	0.988
CD83	-7.85	8	-1.27	0.102	1646	0.966	0.898	16407	0.988
PPWD1	-7.85	8	-1.27	0.102	1647	0.966	0.898	16406	0.988
EMC6	-7.85	8	-1.27	0.102	1648	0.966	0.898	16405	0.988
SDE2	-7.85	8	-1.27	0.102	1649	0.966	0.898	16404	0.988
FOXC1	-7.85	8	-1.27	0.102	1650	0.966	0.898	16403	0.988
MTMR4	-7.85	8	-1.27	0.102	1651	0.966	0.898	16402	0.988
RAMP1	-7.84	8	-1.27	0.102	1652	0.966	0.898	16401	0.988
WDR65	-7.84	8	-1.27	0.103	1653	0.966	0.897	16400	0.988
HTR1E	-7.84	8	-1.27	0.103	1654	0.966	0.897	16399	0.988
DACT1	-7.83	8	-1.26	0.103	1655	0.966	0.897	16398	0.987
MAPK1IP1L	-7.83	8	-1.26	0.103	1656	0.966	0.897	16397	0.987
DEPDC1	-7.82	8	-1.26	0.103	1657	0.966	0.897	16396	0.987
RPS6KA2	-7.82	8	-1.26	0.104	1658	0.966	0.896	16395	0.987
THAP10	-7.82	8	-1.26	0.104	1659	0.966	0.896	16394	0.987
PTBP1	-7.82	8	-1.26	0.104	1660	0.966	0.896	16393	0.987
RAD21	-7.82	8	-1.26	0.104	1661	0.966	0.896	16392	0.987
BPTF	-7.82	8	-1.26	0.104	1662	0.966	0.896	16391	0.987
BBC3	-7.81	8	-1.26	0.104	1663	0.966	0.896	16390	0.987
PKNOX1	-7.81	8	-1.26	0.104	1664	0.966	0.896	16389	0.987
ISCU	-7.81	8	-1.26	0.104	1665	0.966	0.896	16388	0.987
DAD1	-7.81	8	-1.26	0.104	1666	0.966	0.896	16387	0.987
RDH10	-7.80	8	-1.26	0.104	1667	0.966	0.896	16386	0.987
PAK1IP1	-7.80	8	-1.26	0.104	1668	0.966	0.896	16385	0.987
SNX17	-7.80	8	-1.26	0.105	1669	0.966	0.895	16384	0.987
MRS2	-7.80	8	-1.26	0.105	1670	0.966	0.895	16383	0.987
DYNC1LI1	-7.79	8	-1.25	0.105	1671	0.966	0.895	16382	0.986
FBXO9	-7.79	8	-1.25	0.105	1672	0.966	0.895	16381	0.986
GBP1	-7.79	8	-1.25	0.105	1673	0.966	0.895	16380	0.986
MALL	-7.79	8	-1.25	0.105	1674	0.966	0.895	16379	0.986
ECE1	-7.79	8	-1.25	0.105	1675	0.966	0.895	16378	0.986
SLC35A1	-7.79	8	-1.25	0.105	1676	0.966	0.895	16377	0.986
SYF2	-7.78	8	-1.25	0.105	1677	0.966	0.895	16376	0.986
HEXIM1	-7.78	8	-1.25	0.105	1678	0.966	0.895	16375	0.986
KCNN3	-7.78	8	-1.25	0.106	1679	0.966	0.894	16374	0.986
TMEM176B	-7.78	8	-1.25	0.106	1680	0.966	0.894	16373	0.986
CYP2E1	-7.78	8	-1.25	0.106	1681	0.966	0.894	16372	0.986
TRIM25	-7.77	8	-1.25	0.106	1682	0.966	0.894	16371	0.986
PRKAG2	-7.77	8	-1.25	0.106	1683	0.966	0.894	16370	0.986
NRL	-7.77	8	-1.25	0.106	1684	0.966	0.894	16369	0.986
UBE2D4	-7.77	8	-1.25	0.106	1685	0.966	0.894	16368	0.986
PDE2A	-6.73	6	-1.25	0.106	1686	0.966	0.894	16367	0.986
YAP1	-7.77	8	-1.25	0.106	1687	0.966	0.894	16366	0.986
GSK3A	-7.76	8	-1.25	0.106	1688	0.966	0.894	16365	0.986
HP1BP3	-7.76	8	-1.25	0.106	1689	0.966	0.894	16364	0.986
PACS1	-7.76	8	-1.25	0.106	1690	0.966	0.894	16363	0.986
PARD6B	-7.76	8	-1.25	0.106	1691	0.966	0.894	16362	0.986
C6orf120	-7.76	8	-1.25	0.106	1692	0.966	0.894	16361	0.986
DBX1	-7.76	8	-1.25	0.106	1693	0.966	0.894	16360	0.986
OAT	-7.75	8	-1.24	0.107	1694	0.966	0.893	16359	0.986
ANKDD1A	-7.75	8	-1.24	0.107	1695	0.966	0.893	16358	0.986
AKR7A2	-7.75	8	-1.24	0.107	1696	0.966	0.893	16357	0.986
KIAA1755	-7.75	8	-1.24	0.107	1697	0.966	0.893	16356	0.986
CEP192	-7.75	8	-1.24	0.107	1698	0.966	0.893	16355	0.986
STPG2	-7.74	8	-1.24	0.107	1699	0.966	0.893	16354	0.986
CST6	-7.74	8	-1.24	0.107	1700	0.966	0.893	16353	0.986
OR7A17	-7.74	8	-1.24	0.107	1701	0.966	0.893	16352	0.986
LPAR3	-7.74	8	-1.24	0.107	1702	0.966	0.893	16351	0.986
C6orf123	-7.74	8	-1.24	0.107	1703	0.966	0.893	16350	0.986
CCNK	-7.74	8	-1.24	0.107	1704	0.966	0.893	16349	0.986
CUL3	-7.73	8	-1.24	0.108	1705	0.966	0.892	16348	0.985
KPNA2	-7.73	8	-1.24	0.108	1706	0.966	0.892	16347	0.985
RIPPLY3	-7.72	8	-1.24	0.108	1707	0.966	0.892	16346	0.985
ATP8A2	-7.72	8	-1.24	0.108	1708	0.966	0.892	16345	0.985
KCND3	-7.72	8	-1.24	0.108	1709	0.966	0.892	16344	0.985
ATG9A	-7.72	8	-1.24	0.108	1710	0.966	0.892	16343	0.985
NSL1	-7.72	8	-1.24	0.108	1711	0.966	0.892	16342	0.985
MEX3D	-7.72	8	-1.24	0.108	1712	0.966	0.892	16341	0.985
KRTCAP2	-7.72	8	-1.24	0.108	1713	0.966	0.892	16340	0.985
FOXF2	-7.72	8	-1.24	0.108	1714	0.966	0.892	16339	0.985
HSD17B3	-7.72	8	-1.24	0.108	1715	0.966	0.892	16338	0.985
DIMT1	-7.71	8	-1.23	0.108	1716	0.966	0.892	16337	0.985
PSMB3	-7.71	8	-1.23	0.109	1717	0.966	0.891	16336	0.985
PEX12	-7.71	8	-1.23	0.109	1718	0.966	0.891	16335	0.985
ATP8B2	-7.70	8	-1.23	0.109	1719	0.966	0.891	16334	0.985
ZCCHC5	-7.70	8	-1.23	0.109	1720	0.966	0.891	16333	0.985
RESP18	-7.20	7	-1.23	0.109	1721	0.966	0.891	16332	0.985
ID3	-7.69	8	-1.23	0.11	1722	0.966	0.89	16331	0.984
SEC61G	-6.66	6	-1.23	0.11	1723	0.966	0.89	16330	0.984
ATP6V1G2	-7.69	8	-1.23	0.11	1724	0.966	0.89	16329	0.984
RANBP2	-7.69	8	-1.23	0.11	1725	0.966	0.89	16328	0.984
PPP1R16B	-7.68	8	-1.23	0.11	1726	0.966	0.89	16327	0.984
TAZ	-7.68	8	-1.23	0.11	1727	0.966	0.89	16326	0.984
PSMA1	-7.68	8	-1.23	0.11	1728	0.966	0.89	16325	0.984
MEAF6	-7.68	8	-1.23	0.11	1729	0.966	0.89	16324	0.984
SHE	-7.68	8	-1.23	0.11	1730	0.966	0.89	16323	0.984
ANAPC1	-7.68	8	-1.23	0.11	1731	0.966	0.89	16322	0.984
EIF2D	-7.68	8	-1.23	0.11	1732	0.966	0.89	16321	0.984
GPR179	-7.68	8	-1.23	0.11	1733	0.966	0.89	16320	0.984
MRPS34	-7.67	8	-1.22	0.11	1734	0.966	0.89	16319	0.984
SURF6	-7.67	8	-1.22	0.11	1735	0.966	0.89	16318	0.984
RIC8A	-7.67	8	-1.22	0.11	1736	0.966	0.89	16317	0.984
DKK3	-7.67	8	-1.22	0.111	1737	0.966	0.889	16316	0.984
LZIC	-7.67	8	-1.22	0.111	1738	0.966	0.889	16315	0.984
APEX1	-7.67	8	-1.22	0.111	1739	0.966	0.889	16314	0.984
WDR34	-7.67	8	-1.22	0.111	1740	0.966	0.889	16313	0.984
ANKH	-7.67	8	-1.22	0.111	1741	0.966	0.889	16312	0.984
SETX	-7.66	8	-1.22	0.111	1742	0.966	0.889	16311	0.984
MESP1	-7.66	8	-1.22	0.111	1743	0.966	0.889	16310	0.984
IL4I1	-7.66	8	-1.22	0.111	1744	0.966	0.889	16309	0.984
PEAK1	-7.66	8	-1.22	0.111	1745	0.966	0.889	16308	0.984
FSD1L	-7.66	8	-1.22	0.111	1746	0.966	0.889	16307	0.984
F11	-7.66	8	-1.22	0.111	1747	0.966	0.889	16306	0.984
GCM2	-7.65	8	-1.22	0.111	1748	0.966	0.889	16305	0.984
LINGO3	-7.65	8	-1.22	0.111	1749	0.966	0.889	16304	0.984
EPB41L4B	-7.65	8	-1.22	0.111	1750	0.966	0.889	16303	0.984
GOT1	-7.65	8	-1.22	0.111	1751	0.966	0.889	16302	0.984
HIST1H1A	-7.65	8	-1.22	0.111	1752	0.966	0.889	16301	0.984
FAM210A	-7.65	8	-1.22	0.112	1753	0.966	0.888	16300	0.984
TEAD3	-7.64	8	-1.22	0.112	1754	0.966	0.888	16299	0.984
SLC22A7	-7.64	8	-1.22	0.112	1755	0.966	0.888	16298	0.984
SAMD11	-7.64	8	-1.22	0.112	1756	0.966	0.888	16297	0.984
UBQLN4	-7.64	8	-1.22	0.112	1757	0.966	0.888	16296	0.984
ZFP69	-7.64	8	-1.22	0.112	1758	0.966	0.888	16295	0.984
SMURF2	-7.64	8	-1.22	0.112	1759	0.966	0.888	16294	0.984
CDC26	-7.63	8	-1.21	0.112	1760	0.966	0.888	16293	0.984
SYCP1	-7.63	8	-1.21	0.112	1761	0.966	0.888	16292	0.984
ABCD3	-7.63	8	-1.21	0.112	1762	0.966	0.888	16291	0.984
FBXW9	-7.63	8	-1.21	0.112	1763	0.966	0.888	16290	0.984
SPRED2	-7.63	8	-1.21	0.112	1764	0.966	0.888	16289	0.984
KRTAP12-4	-7.63	8	-1.21	0.112	1765	0.966	0.888	16288	0.984
GLTPD1	-7.63	8	-1.21	0.113	1766	0.966	0.887	16287	0.984
PHRF1	-7.63	8	-1.21	0.113	1767	0.966	0.887	16286	0.984
PSMC1	-7.63	8	-1.21	0.113	1768	0.966	0.887	16285	0.984
DND1	-7.63	8	-1.21	0.113	1769	0.966	0.887	16284	0.984
CYBRD1	-7.62	8	-1.21	0.113	1770	0.966	0.887	16283	0.984
EPN1	-7.62	8	-1.21	0.113	1771	0.966	0.887	16282	0.984
ESCO1	-7.62	8	-1.21	0.113	1772	0.966	0.887	16281	0.983
SNRNP200	-7.62	8	-1.21	0.113	1773	0.966	0.887	16280	0.983
ACY3	-7.61	8	-1.21	0.113	1774	0.966	0.887	16279	0.983
CRK	-7.61	8	-1.21	0.113	1775	0.966	0.887	16278	0.983
PRMT2	-7.61	8	-1.21	0.113	1776	0.966	0.887	16277	0.983
DKKL1	-7.61	8	-1.21	0.113	1777	0.966	0.887	16276	0.983
GTF3C2	-7.61	8	-1.21	0.113	1778	0.966	0.887	16275	0.983
CFLAR	-7.61	8	-1.21	0.113	1779	0.966	0.887	16274	0.983
GTF2I	-7.61	8	-1.21	0.114	1780	0.966	0.886	16273	0.983
PDIA3	-7.61	8	-1.21	0.114	1781	0.966	0.886	16272	0.983
NADSYN1	-7.60	8	-1.21	0.114	1782	0.966	0.886	16271	0.983
IL21	-7.59	8	-1.20	0.114	1783	0.966	0.886	16270	0.983
NEDD8	-6.58	6	-1.20	0.114	1784	0.966	0.886	16269	0.983
BIRC5	-7.59	8	-1.20	0.114	1785	0.966	0.886	16268	0.983
ZMAT2	-7.59	8	-1.20	0.115	1786	0.966	0.885	16267	0.983
SNRNP27	-7.59	8	-1.20	0.115	1787	0.966	0.885	16266	0.983
SCT	-7.59	8	-1.20	0.115	1788	0.966	0.885	16265	0.983
PSMD3	-7.58	8	-1.20	0.115	1789	0.966	0.885	16264	0.983
DPH5	-7.58	8	-1.20	0.115	1790	0.966	0.885	16263	0.983
SAMD14	-7.58	8	-1.20	0.115	1791	0.966	0.885	16262	0.983
UBAP2L	-7.58	8	-1.20	0.115	1792	0.966	0.885	16261	0.983
CAPN1	-7.58	8	-1.20	0.115	1793	0.966	0.885	16260	0.983
LELP1	-7.58	8	-1.20	0.115	1794	0.966	0.885	16259	0.983
PDE4DIP	-7.58	8	-1.20	0.115	1795	0.966	0.885	16258	0.983
PDRG1	-7.58	8	-1.20	0.115	1796	0.966	0.885	16257	0.983
CPSF2	-7.57	8	-1.20	0.115	1797	0.966	0.885	16256	0.983
NSMCE4A	-7.57	8	-1.20	0.115	1798	0.966	0.885	16255	0.983
UBL4B	-7.57	8	-1.20	0.115	1799	0.966	0.885	16254	0.983
MEGF9	-7.57	8	-1.20	0.115	1800	0.966	0.885	16253	0.983
PNMT	-7.57	8	-1.20	0.115	1801	0.966	0.885	16252	0.983
ARRDC4	-7.57	8	-1.20	0.116	1802	0.966	0.884	16251	0.982
GPR116	-7.57	8	-1.20	0.116	1803	0.966	0.884	16250	0.982
TMC8	-7.57	8	-1.20	0.116	1804	0.966	0.884	16249	0.982
CDCA5	-7.56	8	-1.20	0.116	1805	0.966	0.884	16248	0.982
NARG2	-7.56	8	-1.20	0.116	1806	0.966	0.884	16247	0.982
GMIP	-7.56	8	-1.20	0.116	1807	0.966	0.884	16246	0.982
PRSS36	-7.56	8	-1.19	0.116	1808	0.966	0.884	16245	0.982
GZMM	-7.55	8	-1.19	0.116	1809	0.966	0.884	16244	0.982
EAPP	-7.55	8	-1.19	0.116	1810	0.966	0.884	16243	0.982
SLC13A3	-7.55	8	-1.19	0.116	1811	0.966	0.884	16242	0.982
WNK1	-7.55	8	-1.19	0.116	1812	0.966	0.884	16241	0.982
PRR5L	-7.55	8	-1.19	0.116	1813	0.966	0.884	16240	0.982
PPP1R2	-7.55	8	-1.19	0.116	1814	0.966	0.884	16239	0.982
KCNT1	-7.55	8	-1.19	0.117	1815	0.966	0.883	16238	0.982
PPP1R14B	-3.77	2	-1.19	0.117	1816	0.966	0.883	16237	0.982
C9orf131	-7.54	8	-1.19	0.117	1817	0.966	0.883	16236	0.982
GLRX3	-7.54	8	-1.19	0.117	1818	0.966	0.883	16235	0.982
ELP2	-7.54	8	-1.19	0.117	1819	0.966	0.883	16234	0.982
ZNF443	-3.77	2	-1.19	0.117	1820	0.966	0.883	16233	0.982
SERAC1	-7.54	8	-1.19	0.117	1821	0.966	0.883	16232	0.982
TMEM27	-7.54	8	-1.19	0.117	1822	0.966	0.883	16231	0.982
GPR137B	-7.53	8	-1.19	0.117	1823	0.966	0.883	16230	0.982
SLFN14	-7.53	8	-1.19	0.117	1824	0.966	0.883	16229	0.982
TMEM8B	-7.53	8	-1.19	0.117	1825	0.966	0.883	16228	0.982
MED20	-7.53	8	-1.19	0.118	1826	0.966	0.882	16227	0.982
NUDT17	-7.52	8	-1.19	0.118	1827	0.966	0.882	16226	0.982
CCS	-7.52	8	-1.19	0.118	1828	0.966	0.882	16225	0.982
LMAN1	-7.52	8	-1.19	0.118	1829	0.966	0.882	16224	0.982
MLC1	-7.52	8	-1.19	0.118	1830	0.966	0.882	16223	0.982
SRRD	-7.52	8	-1.18	0.118	1831	0.966	0.882	16222	0.981
LY6K	-7.51	8	-1.18	0.118	1832	0.966	0.882	16221	0.981
SPCS2	-7.51	8	-1.18	0.118	1833	0.966	0.882	16220	0.981
EIF3J	-7.51	8	-1.18	0.118	1834	0.966	0.882	16219	0.981
TINF2	-7.50	8	-1.18	0.119	1835	0.966	0.881	16218	0.981
RNASEK	-7.50	8	-1.18	0.119	1836	0.966	0.881	16217	0.981
CRISP1	-7.50	8	-1.18	0.119	1837	0.966	0.881	16216	0.981
ADAM30	-7.50	8	-1.18	0.119	1838	0.966	0.881	16215	0.981
CDH2	-7.50	8	-1.18	0.119	1839	0.966	0.881	16214	0.981
MFSD3	-7.50	8	-1.18	0.119	1840	0.966	0.881	16213	0.981
CHD5	-7.49	8	-1.18	0.119	1841	0.966	0.881	16212	0.981
ROM1	-7.49	8	-1.18	0.119	1842	0.966	0.881	16211	0.981
ADAMTSL1	-7.49	8	-1.18	0.119	1843	0.966	0.881	16210	0.981
ANAPC13	-7.49	8	-1.18	0.119	1844	0.966	0.881	16209	0.981
C6orf223	-7.49	8	-1.18	0.12	1845	0.966	0.88	16208	0.981
CHMP6	-6.48	6	-1.18	0.12	1846	0.966	0.88	16207	0.981
GADD45GIP1	-7.48	8	-1.18	0.12	1847	0.966	0.88	16206	0.981
TRRAP	-7.48	8	-1.18	0.12	1848	0.966	0.88	16205	0.981
ZNF180	-7.48	8	-1.18	0.12	1849	0.966	0.88	16204	0.981
ARHGEF33	-7.48	8	-1.18	0.12	1850	0.966	0.88	16203	0.981
STRIP1	-7.48	8	-1.18	0.12	1851	0.966	0.88	16202	0.981
ACER2	-7.48	8	-1.18	0.12	1852	0.966	0.88	16201	0.981
RTF1	-7.47	8	-1.17	0.12	1853	0.966	0.88	16200	0.98
ZNF335	-7.47	8	-1.17	0.12	1854	0.966	0.88	16199	0.98
WDR18	-7.47	8	-1.17	0.12	1855	0.966	0.88	16198	0.98
SCG2	-7.47	8	-1.17	0.12	1856	0.966	0.88	16197	0.98
CNIH2	-7.47	8	-1.17	0.12	1857	0.966	0.88	16196	0.98
NDNF	-7.47	8	-1.17	0.12	1858	0.966	0.88	16195	0.98
NKAIN1	-7.47	8	-1.17	0.12	1859	0.966	0.88	16194	0.98
LRRC3C	-7.46	8	-1.17	0.121	1860	0.966	0.879	16193	0.98
NPR2	-7.46	8	-1.17	0.121	1861	0.966	0.879	16192	0.98
C19orf55	-7.46	8	-1.17	0.121	1862	0.966	0.879	16191	0.98
CCDC130	-7.46	8	-1.17	0.121	1863	0.966	0.879	16190	0.98
TICAM1	-7.46	8	-1.17	0.121	1864	0.966	0.879	16189	0.98
PIN4	-7.46	8	-1.17	0.121	1865	0.966	0.879	16188	0.98
ATAD2B	-7.45	8	-1.17	0.121	1866	0.966	0.879	16187	0.98
PARP1	-7.45	8	-1.17	0.121	1867	0.966	0.879	16186	0.98
DCAF11	-7.45	8	-1.17	0.121	1868	0.966	0.879	16185	0.98
ORC1	-7.45	8	-1.17	0.121	1869	0.966	0.879	16184	0.98
SART3	-7.45	8	-1.17	0.121	1870	0.966	0.879	16183	0.98
PRDM8	-7.44	8	-1.17	0.122	1871	0.966	0.878	16182	0.98
ICAM5	-7.44	8	-1.17	0.122	1872	0.966	0.878	16181	0.98
KLHL21	-7.44	8	-1.17	0.122	1873	0.966	0.878	16180	0.98
JUND	-7.44	8	-1.16	0.122	1874	0.966	0.878	16179	0.98
ERG	-7.43	8	-1.16	0.122	1875	0.966	0.878	16178	0.979
RNF214	-7.43	8	-1.16	0.122	1876	0.966	0.878	16177	0.979
R3HCC1L	-7.43	8	-1.16	0.122	1877	0.966	0.878	16176	0.979
ZNF396	-7.43	8	-1.16	0.122	1878	0.966	0.878	16175	0.979
SLC2A4RG	-7.43	8	-1.16	0.122	1879	0.966	0.878	16174	0.979
SLC39A7	-7.43	8	-1.16	0.123	1880	0.966	0.877	16173	0.979
PTK7	-7.43	8	-1.16	0.123	1881	0.966	0.877	16172	0.979
MOB1B	-7.42	8	-1.16	0.123	1882	0.966	0.877	16171	0.979
LILRB5	-7.42	8	-1.16	0.123	1883	0.966	0.877	16170	0.979
ANAPC15	-7.42	8	-1.16	0.123	1884	0.966	0.877	16169	0.979
HES2	-7.42	8	-1.16	0.123	1885	0.966	0.877	16168	0.979
RPL4	-7.42	8	-1.16	0.123	1886	0.966	0.877	16167	0.979
SMC3	-7.41	8	-1.16	0.123	1887	0.966	0.877	16166	0.979
NOG	-7.41	8	-1.16	0.123	1888	0.966	0.877	16165	0.979
GAA	-7.41	8	-1.16	0.123	1889	0.966	0.877	16164	0.979
GPR31	-7.41	8	-1.16	0.123	1890	0.966	0.877	16163	0.979
PKN2	-7.41	8	-1.16	0.123	1891	0.966	0.877	16162	0.979
COMMD5	-7.41	8	-1.16	0.123	1892	0.966	0.877	16161	0.979
C17orf70	-7.41	8	-1.16	0.123	1893	0.966	0.877	16160	0.979
CYTIP	-7.41	8	-1.16	0.123	1894	0.966	0.877	16159	0.979
STX18	-7.41	8	-1.16	0.124	1895	0.966	0.876	16158	0.979
TXLNA	-7.40	8	-1.16	0.124	1896	0.966	0.876	16157	0.979
FAM178A	-7.40	8	-1.16	0.124	1897	0.966	0.876	16156	0.979
CRP	-7.40	8	-1.16	0.124	1898	0.966	0.876	16155	0.979
DNPH1	-7.40	8	-1.16	0.124	1899	0.966	0.876	16154	0.979
TDRD6	-7.40	8	-1.16	0.124	1900	0.966	0.876	16153	0.979
ABHD16A	-7.40	8	-1.16	0.124	1901	0.966	0.876	16152	0.979
ARHGDIA	-7.40	8	-1.16	0.124	1902	0.966	0.876	16151	0.979
BRF2	-7.40	8	-1.15	0.124	1903	0.966	0.876	16150	0.979
LENG9	-7.39	8	-1.15	0.124	1904	0.966	0.876	16149	0.979
MMP23B	-7.39	8	-1.15	0.124	1905	0.966	0.876	16148	0.979
PNRC1	-7.39	8	-1.15	0.124	1906	0.966	0.876	16147	0.979
NKPD1	-7.39	8	-1.15	0.124	1907	0.966	0.876	16146	0.979
TTF1	-7.39	8	-1.15	0.125	1908	0.966	0.875	16145	0.979
ABR	-7.39	8	-1.15	0.125	1909	0.966	0.875	16144	0.979
RXFP3	-7.39	8	-1.15	0.125	1910	0.966	0.875	16143	0.979
DNHD1	-7.38	8	-1.15	0.125	1911	0.966	0.875	16142	0.979
TAF4	-7.38	8	-1.15	0.125	1912	0.966	0.875	16141	0.979
GIPC2	-7.38	8	-1.15	0.125	1913	0.966	0.875	16140	0.979
SSR4	-7.38	8	-1.15	0.125	1914	0.966	0.875	16139	0.979
MBD3	-7.38	8	-1.15	0.125	1915	0.966	0.875	16138	0.979
GTF2E2	-7.38	8	-1.15	0.125	1916	0.966	0.875	16137	0.979
DCTD	-7.38	8	-1.15	0.125	1917	0.966	0.875	16136	0.979
CENPW	-7.38	8	-1.15	0.125	1918	0.966	0.875	16135	0.979
KIFC1	-7.38	8	-1.15	0.125	1919	0.966	0.875	16134	0.979
TAGLN2	-7.37	8	-1.15	0.125	1920	0.966	0.875	16133	0.979
WNT10A	-7.37	8	-1.15	0.125	1921	0.966	0.875	16132	0.979
SYNGR2	-7.37	8	-1.15	0.125	1922	0.966	0.875	16131	0.979
PLA2G16	-7.37	8	-1.15	0.126	1923	0.966	0.874	16130	0.978
TNFSF4	-7.36	8	-1.15	0.126	1924	0.966	0.874	16129	0.978
CNTD2	-7.36	8	-1.15	0.126	1925	0.966	0.874	16128	0.978
HEATR2	-7.36	8	-1.15	0.126	1926	0.966	0.874	16127	0.978
TMEM104	-7.36	8	-1.15	0.126	1927	0.966	0.874	16126	0.978
VAC14	-7.36	8	-1.15	0.126	1928	0.966	0.874	16125	0.978
NOLC1	-7.36	8	-1.15	0.126	1929	0.966	0.874	16124	0.978
RFX8	-7.36	8	-1.14	0.126	1930	0.966	0.874	16123	0.978
DPP7	-7.35	8	-1.14	0.126	1931	0.966	0.874	16122	0.978
PSMD14	-7.35	8	-1.14	0.127	1932	0.966	0.873	16121	0.978
SPCS3	-7.35	8	-1.14	0.127	1933	0.966	0.873	16120	0.978
N4BP2L2	-7.35	8	-1.14	0.127	1934	0.966	0.873	16119	0.978
ESCO2	-7.34	8	-1.14	0.127	1935	0.966	0.873	16118	0.978
C3orf17	-7.34	8	-1.14	0.127	1936	0.966	0.873	16117	0.978
SRRM1	-7.34	8	-1.14	0.127	1937	0.966	0.873	16116	0.978
FAM35A	-7.34	8	-1.14	0.127	1938	0.966	0.873	16115	0.978
CD7	-7.34	8	-1.14	0.127	1939	0.966	0.873	16114	0.978
DMKN	-7.34	8	-1.14	0.127	1940	0.966	0.873	16113	0.978
CETP	-7.33	8	-1.14	0.127	1941	0.966	0.873	16112	0.978
PRMT10	-7.33	8	-1.14	0.127	1942	0.966	0.873	16111	0.978
MRPS6	-7.33	8	-1.14	0.127	1943	0.966	0.873	16110	0.978
LTBP3	-7.33	8	-1.14	0.128	1944	0.966	0.872	16109	0.978
C9orf78	-7.33	8	-1.14	0.128	1945	0.966	0.872	16108	0.978
RAP1A	-7.31	8	-1.13	0.129	1946	0.966	0.871	16107	0.977
KPNA4	-7.31	8	-1.13	0.129	1947	0.966	0.871	16106	0.977
CENPBD1	-7.31	8	-1.13	0.129	1948	0.966	0.871	16105	0.977
DCXR	-7.30	8	-1.13	0.129	1949	0.966	0.871	16104	0.976
SYT11	-7.30	8	-1.13	0.129	1950	0.966	0.871	16103	0.976
DDX1	-7.30	8	-1.13	0.129	1951	0.966	0.871	16102	0.976
CENPI	-7.30	8	-1.13	0.129	1952	0.966	0.871	16101	0.976
AMZ2	-7.30	8	-1.13	0.129	1953	0.966	0.871	16100	0.976
TBC1D29	-7.30	8	-1.13	0.129	1954	0.966	0.871	16099	0.976
APPBP2	-7.29	8	-1.13	0.129	1955	0.966	0.871	16098	0.976
CORO6	-7.29	8	-1.13	0.13	1956	0.966	0.87	16097	0.976
CLASRP	-7.29	8	-1.13	0.13	1957	0.966	0.87	16096	0.976
RPL37	-5.15	4	-1.13	0.13	1958	0.966	0.87	16095	0.976
KCNH1	-7.29	8	-1.13	0.13	1959	0.966	0.87	16094	0.976
EXO5	-7.29	8	-1.13	0.13	1960	0.966	0.87	16093	0.976
MAEA	-7.29	8	-1.13	0.13	1961	0.966	0.87	16092	0.976
RNPS1	-7.29	8	-1.13	0.13	1962	0.966	0.87	16091	0.976
RPS9	-7.29	8	-1.13	0.13	1963	0.966	0.87	16090	0.976
FAM104A	-7.29	8	-1.13	0.13	1964	0.966	0.87	16089	0.976
RAB1B	-7.29	8	-1.13	0.13	1965	0.966	0.87	16088	0.976
NIT1	-7.28	8	-1.13	0.13	1966	0.966	0.87	16087	0.976
NUP98	-7.28	8	-1.13	0.13	1967	0.966	0.87	16086	0.976
COL5A1	-7.28	8	-1.13	0.13	1968	0.966	0.87	16085	0.976
VASH2	-7.28	8	-1.12	0.13	1969	0.966	0.87	16084	0.976
SHQ1	-7.28	8	-1.12	0.13	1970	0.966	0.87	16083	0.976
DMRTB1	-7.27	8	-1.12	0.13	1971	0.966	0.87	16082	0.976
TOMM20L	-7.27	8	-1.12	0.131	1972	0.966	0.869	16081	0.976
RPIA	-7.27	8	-1.12	0.131	1973	0.966	0.869	16080	0.976
RPP14	-7.27	8	-1.12	0.131	1974	0.966	0.869	16079	0.976
CEACAM21	-7.27	8	-1.12	0.131	1975	0.966	0.869	16078	0.976
GNA15	-7.27	8	-1.12	0.131	1976	0.966	0.869	16077	0.976
PECR	-7.27	8	-1.12	0.131	1977	0.966	0.869	16076	0.976
FANCA	-7.26	8	-1.12	0.131	1978	0.966	0.869	16075	0.976
AHCY	-7.26	8	-1.12	0.131	1979	0.966	0.869	16074	0.976
ATP5J	-7.26	8	-1.12	0.131	1980	0.966	0.869	16073	0.976
ZDHHC8	-7.26	8	-1.12	0.131	1981	0.966	0.869	16072	0.976
DSCR4	-7.26	8	-1.12	0.131	1982	0.966	0.869	16071	0.976
ZC3HC1	-7.26	8	-1.12	0.132	1983	0.966	0.868	16070	0.976
ACTN1	-7.25	8	-1.12	0.132	1984	0.966	0.868	16069	0.976
MAST2	-7.25	8	-1.12	0.132	1985	0.966	0.868	16068	0.976
CDS2	-7.25	8	-1.12	0.132	1986	0.966	0.868	16067	0.976
RNASE1	-7.25	8	-1.12	0.132	1987	0.966	0.868	16066	0.976
CDKN3	-7.25	8	-1.12	0.132	1988	0.966	0.868	16065	0.976
PACSIN1	-7.25	8	-1.12	0.132	1989	0.966	0.868	16064	0.976
SUDS3	-7.25	8	-1.12	0.132	1990	0.966	0.868	16063	0.976
HCST	-7.25	8	-1.12	0.132	1991	0.966	0.868	16062	0.976
SERF2	-7.24	8	-1.12	0.132	1992	0.966	0.868	16061	0.975
TGFA	-7.24	8	-1.12	0.132	1993	0.966	0.868	16060	0.975
MORN1	-7.24	8	-1.12	0.132	1994	0.966	0.868	16059	0.975
VASP	-7.24	8	-1.12	0.132	1995	0.966	0.868	16058	0.975
CCR8	-7.24	8	-1.12	0.132	1996	0.966	0.868	16057	0.975
MRPL15	-7.24	8	-1.12	0.132	1997	0.966	0.868	16056	0.975
NXNL1	-7.24	8	-1.12	0.132	1998	0.966	0.868	16055	0.975
PTGER2	-7.24	8	-1.11	0.133	1999	0.966	0.867	16054	0.975
TK1	-7.23	8	-1.11	0.133	2000	0.966	0.867	16053	0.975
PNLIP	-7.23	8	-1.11	0.133	2001	0.966	0.867	16052	0.975
ZYX	-7.23	8	-1.11	0.133	2002	0.966	0.867	16051	0.975
MFSD11	-7.22	8	-1.11	0.133	2003	0.966	0.867	16050	0.975
LSS	-7.22	8	-1.11	0.133	2004	0.966	0.867	16049	0.975
XPO5	-7.22	8	-1.11	0.133	2005	0.966	0.867	16048	0.975
AC007431.1	-7.22	8	-1.11	0.133	2006	0.966	0.867	16047	0.975
POLH	-7.22	8	-1.11	0.134	2007	0.966	0.866	16046	0.975
GAS8	-7.21	8	-1.11	0.134	2008	0.966	0.866	16045	0.975
CAMSAP1	-7.21	8	-1.11	0.134	2009	0.966	0.866	16044	0.975
CCDC91	-7.21	8	-1.11	0.134	2010	0.966	0.866	16043	0.975
RBBP8NL	-7.21	8	-1.11	0.134	2011	0.966	0.866	16042	0.975
IFNLR1	-7.21	8	-1.11	0.134	2012	0.966	0.866	16041	0.975
MCOLN3	-7.21	8	-1.11	0.134	2013	0.966	0.866	16040	0.975
MROH1	-7.21	8	-1.11	0.134	2014	0.966	0.866	16039	0.975
FADS1	-7.20	8	-1.11	0.134	2015	0.966	0.866	16038	0.974
MOV10L1	-7.20	8	-1.11	0.134	2016	0.966	0.866	16037	0.974
TRAF3	-7.20	8	-1.11	0.135	2017	0.966	0.865	16036	0.974
TEFM	-7.19	8	-1.10	0.135	2018	0.966	0.865	16035	0.974
CANT1	-7.19	8	-1.10	0.135	2019	0.966	0.865	16034	0.974
VCP	-7.19	8	-1.10	0.135	2020	0.966	0.865	16033	0.974
DMPK	-7.19	8	-1.10	0.135	2021	0.966	0.865	16032	0.974
APOLD1	-7.19	8	-1.10	0.135	2022	0.966	0.865	16031	0.974
PSME4	-7.18	8	-1.10	0.135	2023	0.966	0.865	16030	0.974
STT3B	-7.18	8	-1.10	0.135	2024	0.966	0.865	16029	0.974
SCGB1C1	-7.18	8	-1.10	0.136	2025	0.966	0.864	16028	0.974
SPTSSA	-7.18	8	-1.10	0.136	2026	0.966	0.864	16027	0.974
INTS12	-7.18	8	-1.10	0.136	2027	0.966	0.864	16026	0.974
ATP6V1E1	-7.18	8	-1.10	0.136	2028	0.966	0.864	16025	0.974
AKNA	-7.18	8	-1.10	0.136	2029	0.966	0.864	16024	0.974
LRIG2	-7.17	8	-1.10	0.136	2030	0.966	0.864	16023	0.973
ZNF516	-7.17	8	-1.10	0.136	2031	0.966	0.864	16022	0.973
NAA35	-7.17	8	-1.10	0.136	2032	0.966	0.864	16021	0.973
SPACA4	-7.17	8	-1.10	0.136	2033	0.966	0.864	16020	0.973
YWHAE	-7.17	8	-1.10	0.136	2034	0.966	0.864	16019	0.973
KLKB1	-7.17	8	-1.10	0.136	2035	0.966	0.864	16018	0.973
GINS4	-7.17	8	-1.10	0.136	2036	0.966	0.864	16017	0.973
FBXO2	-7.16	8	-1.10	0.136	2037	0.966	0.864	16016	0.973
ZNF26	-7.16	8	-1.10	0.137	2038	0.966	0.863	16015	0.973
STXBP5	-7.16	8	-1.10	0.137	2039	0.966	0.863	16014	0.973
TULP1	-7.16	8	-1.10	0.137	2040	0.966	0.863	16013	0.973
SAR1A	-7.16	8	-1.10	0.137	2041	0.966	0.863	16012	0.973
CASQ1	-7.16	8	-1.10	0.137	2042	0.966	0.863	16011	0.973
TMEM253	-7.16	8	-1.09	0.137	2043	0.966	0.863	16010	0.973
ZSCAN10	-7.15	8	-1.09	0.137	2044	0.966	0.863	16009	0.973
WNT3A	-7.15	8	-1.09	0.137	2045	0.966	0.863	16008	0.973
MAX	-7.15	8	-1.09	0.137	2046	0.966	0.863	16007	0.973
ENY2	-7.15	8	-1.09	0.137	2047	0.966	0.863	16006	0.973
KAT8	-6.68	7	-1.09	0.137	2048	0.966	0.863	16005	0.973
HIST1H1B	-7.14	8	-1.09	0.138	2049	0.966	0.862	16004	0.973
NDUFS5	-7.14	8	-1.09	0.138	2050	0.966	0.862	16003	0.973
KCTD1	-7.14	8	-1.09	0.138	2051	0.966	0.862	16002	0.973
ZNF696	-7.14	8	-1.09	0.138	2052	0.966	0.862	16001	0.973
PPP2R5B	-7.14	8	-1.09	0.138	2053	0.966	0.862	16000	0.973
RAI2	-7.14	8	-1.09	0.138	2054	0.966	0.862	15999	0.973
RPL28	-7.13	8	-1.09	0.138	2055	0.966	0.862	15998	0.972
GNAS	-7.13	8	-1.09	0.138	2056	0.966	0.862	15997	0.972
SPRY2	-7.13	8	-1.09	0.138	2057	0.966	0.862	15996	0.972
CD44	-7.13	8	-1.09	0.139	2058	0.966	0.861	15995	0.972
ASB16	-7.13	8	-1.09	0.139	2059	0.966	0.861	15994	0.972
C21orf58	-7.12	8	-1.09	0.139	2060	0.966	0.861	15993	0.972
ABHD17A	-6.17	6	-1.09	0.139	2061	0.966	0.861	15992	0.972
PCGF1	-6.17	6	-1.09	0.139	2062	0.966	0.861	15991	0.972
HMGCR	-7.12	8	-1.09	0.139	2063	0.966	0.861	15990	0.972
GCM1	-7.12	8	-1.09	0.139	2064	0.966	0.861	15989	0.972
MID1IP1	-7.12	8	-1.09	0.139	2065	0.966	0.861	15988	0.972
YIF1A	-7.12	8	-1.09	0.139	2066	0.966	0.861	15987	0.972
SOX10	-7.12	8	-1.08	0.139	2067	0.966	0.861	15986	0.972
SLC25A37	-7.12	8	-1.08	0.139	2068	0.966	0.861	15985	0.972
LIG4	-7.11	8	-1.08	0.139	2069	0.966	0.861	15984	0.972
PMPCB	-7.11	8	-1.08	0.139	2070	0.966	0.861	15983	0.972
FLOT1	-7.11	8	-1.08	0.139	2071	0.966	0.861	15982	0.972
PLA2G12A	-7.11	8	-1.08	0.139	2072	0.966	0.861	15981	0.972
SOCS4	-7.11	8	-1.08	0.139	2073	0.966	0.861	15980	0.972
RASGRP2	-7.11	8	-1.08	0.14	2074	0.966	0.86	15979	0.972
SERINC2	-7.10	8	-1.08	0.14	2075	0.966	0.86	15978	0.972
BRD4	-7.10	8	-1.08	0.14	2076	0.966	0.86	15977	0.972
ARFGAP2	-7.10	8	-1.08	0.14	2077	0.966	0.86	15976	0.972
DDX23	-7.10	8	-1.08	0.14	2078	0.966	0.86	15975	0.972
TLR3	-7.10	8	-1.08	0.14	2079	0.966	0.86	15974	0.972
USP14	-7.10	8	-1.08	0.14	2080	0.966	0.86	15973	0.972
KDM8	-7.09	8	-1.08	0.14	2081	0.966	0.86	15972	0.972
RGS7	-7.09	8	-1.08	0.141	2082	0.966	0.859	15971	0.971
CRCT1	-7.09	8	-1.08	0.141	2083	0.966	0.859	15970	0.971
CSF2RB	-7.08	8	-1.08	0.141	2084	0.966	0.859	15969	0.971
RPL32	-3.54	2	-1.08	0.141	2085	0.966	0.859	15968	0.971
EZH2	-7.08	8	-1.08	0.141	2086	0.966	0.859	15967	0.971
CRELD2	-7.08	8	-1.07	0.141	2087	0.966	0.859	15966	0.971
TLE4	-7.08	8	-1.07	0.141	2088	0.966	0.859	15965	0.971
IWS1	-6.61	7	-1.07	0.142	2089	0.966	0.858	15964	0.971
GALC	-7.07	8	-1.07	0.142	2090	0.966	0.858	15963	0.971
SLC43A1	-7.07	8	-1.07	0.142	2091	0.966	0.858	15962	0.97
PLXNA2	-7.07	8	-1.07	0.142	2092	0.966	0.858	15961	0.97
ZMAT5	-6.12	6	-1.07	0.142	2093	0.966	0.858	15960	0.97
KLRG2	-7.07	8	-1.07	0.142	2094	0.966	0.858	15959	0.97
SLC25A10	-7.06	8	-1.07	0.142	2095	0.966	0.858	15958	0.97
PNPO	-7.06	8	-1.07	0.142	2096	0.966	0.858	15957	0.97
TM2D3	-7.06	8	-1.07	0.143	2097	0.966	0.857	15956	0.97
SWT1	-7.06	8	-1.07	0.143	2098	0.966	0.857	15955	0.97
C6orf164	-7.05	8	-1.07	0.143	2099	0.966	0.857	15954	0.97
ALG12	-7.05	8	-1.07	0.143	2100	0.966	0.857	15953	0.97
RPLP2	-6.11	6	-1.07	0.143	2101	0.966	0.857	15952	0.97
SMAD4	-7.05	8	-1.07	0.143	2102	0.966	0.857	15951	0.97
CAPN5	-7.05	8	-1.07	0.143	2103	0.966	0.857	15950	0.97
ANP32B	-7.05	8	-1.07	0.143	2104	0.966	0.857	15949	0.97
SLURP1	-7.05	8	-1.07	0.143	2105	0.966	0.857	15948	0.97
CCDC71	-7.05	8	-1.07	0.143	2106	0.966	0.857	15947	0.97
C8G	-7.04	8	-1.07	0.143	2107	0.966	0.857	15946	0.97
SNRNP70	-7.04	8	-1.07	0.143	2108	0.966	0.857	15945	0.97
MMP27	-7.04	8	-1.07	0.143	2109	0.966	0.857	15944	0.97
ENDOV	-7.04	8	-1.06	0.144	2110	0.966	0.856	15943	0.97
OR56A1	-7.04	8	-1.06	0.144	2111	0.966	0.856	15942	0.97
RABEP2	-7.03	8	-1.06	0.144	2112	0.966	0.856	15941	0.97
SLC22A18	-7.03	8	-1.06	0.144	2113	0.966	0.856	15940	0.97
TRIM50	-7.03	8	-1.06	0.144	2114	0.966	0.856	15939	0.97
KIAA1614	-7.03	8	-1.06	0.144	2115	0.966	0.856	15938	0.969
AKIP1	-7.02	8	-1.06	0.144	2116	0.966	0.856	15937	0.969
KRTAP16-1	-7.02	8	-1.06	0.144	2117	0.966	0.856	15936	0.969
TAS1R2	-7.02	8	-1.06	0.145	2118	0.966	0.855	15935	0.969
MED8	-7.02	8	-1.06	0.145	2119	0.966	0.855	15934	0.969
DAXX	-7.02	8	-1.06	0.145	2120	0.966	0.855	15933	0.969
CYP4B1	-7.02	8	-1.06	0.145	2121	0.966	0.855	15932	0.969
SHISA7	-7.02	8	-1.06	0.145	2122	0.966	0.855	15931	0.969
NBPF3	-7.01	8	-1.06	0.145	2123	0.966	0.855	15930	0.969
TAF2	-7.01	8	-1.06	0.145	2124	0.966	0.855	15929	0.969
SCGB2B2	-7.01	8	-1.06	0.145	2125	0.966	0.855	15928	0.969
HNRNPR	-7.01	8	-1.06	0.145	2126	0.966	0.855	15927	0.969
DNAJB2	-7.00	8	-1.06	0.146	2127	0.966	0.854	15926	0.968
LIN7C	-7.00	8	-1.05	0.146	2128	0.966	0.854	15925	0.968
BTBD17	-7.00	8	-1.05	0.146	2129	0.966	0.854	15924	0.968
PGM3	-7.00	8	-1.05	0.146	2130	0.966	0.854	15923	0.968
SYNDIG1L	-7.00	8	-1.05	0.146	2131	0.966	0.854	15922	0.968
RAD50	-6.06	6	-1.05	0.146	2132	0.966	0.854	15921	0.968
CCNL2	-7.00	8	-1.05	0.146	2133	0.966	0.854	15920	0.968
C9orf16	-7.00	8	-1.05	0.146	2134	0.966	0.854	15919	0.968
EDN2	-7.00	8	-1.05	0.146	2135	0.966	0.854	15918	0.968
PHIP	-7.00	8	-1.05	0.146	2136	0.966	0.854	15917	0.968
STK40	-6.99	8	-1.05	0.146	2137	0.966	0.854	15916	0.968
CYB561D1	-6.99	8	-1.05	0.146	2138	0.966	0.854	15915	0.968
CLTC	-6.99	8	-1.05	0.146	2139	0.966	0.854	15914	0.968
CNTNAP3	-3.49	2	-1.05	0.146	2140	0.966	0.854	15913	0.968
NMT1	-6.99	8	-1.05	0.146	2141	0.966	0.854	15912	0.968
ADCK3	-6.99	8	-1.05	0.146	2142	0.966	0.854	15911	0.968
STRN	-6.99	8	-1.05	0.146	2143	0.966	0.854	15910	0.968
TTC7A	-6.99	8	-1.05	0.146	2144	0.966	0.854	15909	0.968
CNOT6L	-6.99	8	-1.05	0.147	2145	0.966	0.853	15908	0.968
PDCD2L	-6.98	8	-1.05	0.147	2146	0.966	0.853	15907	0.968
CTNS	-6.98	8	-1.05	0.147	2147	0.966	0.853	15906	0.968
GGA1	-6.98	8	-1.05	0.147	2148	0.966	0.853	15905	0.968
AMER1	-6.98	8	-1.05	0.147	2149	0.966	0.853	15904	0.968
LMBR1	-6.98	8	-1.05	0.147	2150	0.966	0.853	15903	0.968
C15orf40	-6.98	8	-1.05	0.147	2151	0.966	0.853	15902	0.968
WDR62	-6.97	8	-1.05	0.147	2152	0.966	0.853	15901	0.968
TMEM119	-6.97	8	-1.05	0.147	2153	0.966	0.853	15900	0.968
BTBD10	-6.97	8	-1.05	0.147	2154	0.966	0.853	15899	0.968
SIX5	-6.97	8	-1.05	0.148	2155	0.966	0.852	15898	0.968
MZF1	-6.97	8	-1.05	0.148	2156	0.966	0.852	15897	0.968
PFDN4	-6.97	8	-1.05	0.148	2157	0.966	0.852	15896	0.968
EEF1A2	-6.97	8	-1.05	0.148	2158	0.966	0.852	15895	0.968
IL1F10	-6.97	8	-1.05	0.148	2159	0.966	0.852	15894	0.968
C22orf34	-6.96	8	-1.05	0.148	2160	0.966	0.852	15893	0.968
NADK	-6.96	8	-1.05	0.148	2161	0.966	0.852	15892	0.968
VN1R4	-6.96	8	-1.05	0.148	2162	0.966	0.852	15891	0.968
ELOVL2	-6.96	8	-1.05	0.148	2163	0.966	0.852	15890	0.968
TSEN15	-6.96	8	-1.04	0.148	2164	0.966	0.852	15889	0.968
USP6	-6.03	6	-1.04	0.148	2165	0.966	0.852	15888	0.968
WDR73	-6.96	8	-1.04	0.148	2166	0.966	0.852	15887	0.968
DDHD1	-6.96	8	-1.04	0.148	2167	0.966	0.852	15886	0.968
MKRN3	-6.96	8	-1.04	0.148	2168	0.966	0.852	15885	0.968
KIAA1984	-6.95	8	-1.04	0.148	2169	0.966	0.852	15884	0.968
INCENP	-6.95	8	-1.04	0.148	2170	0.966	0.852	15883	0.968
NBR1	-6.95	8	-1.04	0.148	2171	0.966	0.852	15882	0.968
CCDC88B	-6.95	8	-1.04	0.149	2172	0.966	0.851	15881	0.968
INTS1	-6.95	8	-1.04	0.149	2173	0.966	0.851	15880	0.968
POLR2I	-6.94	8	-1.04	0.149	2174	0.966	0.851	15879	0.967
XYLT2	-6.94	8	-1.04	0.149	2175	0.966	0.851	15878	0.967
SMIM12	-6.94	8	-1.04	0.149	2176	0.966	0.851	15877	0.967
G6PD	-6.94	8	-1.04	0.149	2177	0.966	0.851	15876	0.967
MS4A6E	-6.94	8	-1.04	0.149	2178	0.966	0.851	15875	0.967
CAMTA1	-6.94	8	-1.04	0.149	2179	0.966	0.851	15874	0.967
CNKSR1	-6.01	6	-1.04	0.149	2180	0.966	0.851	15873	0.967
CHD4	-6.94	8	-1.04	0.149	2181	0.966	0.851	15872	0.967
KRT222	-6.94	8	-1.04	0.149	2182	0.966	0.851	15871	0.967
GTF3C4	-6.00	6	-1.04	0.15	2183	0.966	0.85	15870	0.967
SNAPC2	-6.93	8	-1.04	0.15	2184	0.966	0.85	15869	0.967
TRAPPC2L	-6.93	8	-1.04	0.15	2185	0.966	0.85	15868	0.967
TRPT1	-6.93	8	-1.04	0.15	2186	0.966	0.85	15867	0.967
NAE1	-6.93	8	-1.04	0.15	2187	0.966	0.85	15866	0.967
CENPO	-6.92	8	-1.04	0.15	2188	0.966	0.85	15865	0.967
ZNF783	-6.92	8	-1.04	0.15	2189	0.966	0.85	15864	0.967
KCNAB2	-6.92	8	-1.04	0.15	2190	0.966	0.85	15863	0.967
ASNS	-6.92	8	-1.04	0.15	2191	0.966	0.85	15862	0.967
ZNF747	-6.92	8	-1.03	0.15	2192	0.966	0.85	15861	0.967
RPS6KB2	-6.92	8	-1.03	0.15	2193	0.966	0.85	15860	0.967
PEX11B	-6.92	8	-1.03	0.15	2194	0.966	0.85	15859	0.967
LCN2	-6.92	8	-1.03	0.151	2195	0.966	0.849	15858	0.967
FOXJ3	-6.92	8	-1.03	0.151	2196	0.966	0.849	15857	0.967
KLHDC2	-6.91	8	-1.03	0.151	2197	0.966	0.849	15856	0.967
ENTPD5	-6.91	8	-1.03	0.151	2198	0.966	0.849	15855	0.967
ITFG3	-6.91	8	-1.03	0.151	2199	0.966	0.849	15854	0.967
FLNA	-6.90	8	-1.03	0.151	2200	0.966	0.849	15853	0.966
BCL2L11	-6.90	8	-1.03	0.151	2201	0.966	0.849	15852	0.966
XPO7	-6.90	8	-1.03	0.151	2202	0.966	0.849	15851	0.966
SCGB1D4	-6.90	8	-1.03	0.152	2203	0.966	0.848	15850	0.966
C11orf88	-6.89	8	-1.03	0.152	2204	0.966	0.848	15849	0.966
CDH22	-5.97	6	-1.03	0.152	2205	0.966	0.848	15848	0.966
ITLN2	-6.89	8	-1.03	0.152	2206	0.966	0.848	15847	0.966
FIS1	-6.89	8	-1.03	0.152	2207	0.966	0.848	15846	0.966
CXCR5	-6.88	8	-1.03	0.152	2208	0.966	0.848	15845	0.966
RFFL	-6.88	8	-1.03	0.152	2209	0.966	0.848	15844	0.966
NPAT	-6.88	8	-1.03	0.152	2210	0.966	0.848	15843	0.966
FAM132A	-6.88	8	-1.03	0.153	2211	0.966	0.847	15842	0.966
KDM3B	-6.88	8	-1.03	0.153	2212	0.966	0.847	15841	0.966
FBXO33	-6.88	8	-1.03	0.153	2213	0.966	0.847	15840	0.966
GPR183	-6.88	8	-1.03	0.153	2214	0.966	0.847	15839	0.966
SH3BP1	-6.88	8	-1.03	0.153	2215	0.966	0.847	15838	0.966
CDH4	-6.88	8	-1.02	0.153	2216	0.966	0.847	15837	0.966
BMP2K	-6.88	8	-1.02	0.153	2217	0.966	0.847	15836	0.966
DEXI	-6.88	8	-1.02	0.153	2218	0.966	0.847	15835	0.966
AGMAT	-6.88	8	-1.02	0.153	2219	0.966	0.847	15834	0.966
CASP8	-6.88	8	-1.02	0.153	2220	0.966	0.847	15833	0.966
HNRNPUL2	-6.88	8	-1.02	0.153	2221	0.966	0.847	15832	0.966
EIF2S2	-4.86	4	-1.02	0.153	2222	0.966	0.847	15831	0.966
UFM1	-6.87	8	-1.02	0.153	2223	0.966	0.847	15830	0.966
TJP1	-6.43	7	-1.02	0.153	2224	0.966	0.847	15829	0.966
MYO16	-5.95	6	-1.02	0.153	2225	0.966	0.847	15828	0.966
PSME1	-6.87	8	-1.02	0.154	2226	0.966	0.846	15827	0.965
OR9A4	-6.86	8	-1.02	0.154	2227	0.966	0.846	15826	0.965
OR2C3	-6.86	8	-1.02	0.154	2228	0.966	0.846	15825	0.965
CAP1	-6.86	8	-1.02	0.154	2229	0.966	0.846	15824	0.965
TTK	-6.86	8	-1.02	0.154	2230	0.966	0.846	15823	0.965
IP6K3	-6.86	8	-1.02	0.154	2231	0.966	0.846	15822	0.965
PLA2G4E	-6.86	8	-1.02	0.154	2232	0.966	0.846	15821	0.965
MGAT1	-6.86	8	-1.02	0.154	2233	0.966	0.846	15820	0.965
AKT2	-6.86	8	-1.02	0.154	2234	0.966	0.846	15819	0.965
ETV6	-6.85	8	-1.02	0.154	2235	0.966	0.846	15818	0.965
WDR59	-6.85	8	-1.02	0.154	2236	0.966	0.846	15817	0.965
SYTL1	-6.85	8	-1.02	0.155	2237	0.966	0.845	15816	0.965
HIST1H2AB	-5.93	6	-1.02	0.155	2238	0.966	0.845	15815	0.965
TUBGCP2	-6.85	8	-1.02	0.155	2239	0.966	0.845	15814	0.965
TMEM107	-6.85	8	-1.02	0.155	2240	0.966	0.845	15813	0.965
YPEL3	-6.85	8	-1.02	0.155	2241	0.966	0.845	15812	0.965
PLD2	-6.85	8	-1.02	0.155	2242	0.966	0.845	15811	0.965
SLC30A6	-6.85	8	-1.02	0.155	2243	0.966	0.845	15810	0.965
ZNF101	-6.85	8	-1.02	0.155	2244	0.966	0.845	15809	0.965
OR10G2	-6.84	8	-1.02	0.155	2245	0.966	0.845	15808	0.965
IGDCC4	-6.84	8	-1.01	0.155	2246	0.966	0.845	15807	0.965
C2orf53	-6.83	8	-1.01	0.156	2247	0.966	0.844	15806	0.964
PSMC5	-6.83	8	-1.01	0.156	2248	0.966	0.844	15805	0.964
KCNG2	-6.83	8	-1.01	0.156	2249	0.966	0.844	15804	0.964
SH3BP5L	-6.83	8	-1.01	0.156	2250	0.966	0.844	15803	0.964
01-Mar	-9.66	16	-1.01	0.156	2251	0.966	0.844	15802	0.964
DDX26B	-6.83	8	-1.01	0.156	2252	0.966	0.844	15801	0.964
NR0B2	-6.83	8	-1.01	0.156	2253	0.966	0.844	15800	0.964
FANCF	-6.83	8	-1.01	0.156	2254	0.966	0.844	15799	0.964
DMRTA1	-6.82	8	-1.01	0.156	2255	0.966	0.844	15798	0.964
MYBPC2	-6.82	8	-1.01	0.156	2256	0.966	0.844	15797	0.964
B4GALNT2	-6.82	8	-1.01	0.156	2257	0.966	0.844	15796	0.964
BUD31	-6.82	8	-1.01	0.156	2258	0.966	0.844	15795	0.964
C1QA	-6.38	7	-1.01	0.156	2259	0.966	0.844	15794	0.964
OR5D18	-6.82	8	-1.01	0.156	2260	0.966	0.844	15793	0.964
PELI3	-6.82	8	-1.01	0.157	2261	0.966	0.843	15792	0.964
CSTF2	-6.82	8	-1.01	0.157	2262	0.966	0.843	15791	0.964
SNRPF	-4.82	4	-1.01	0.157	2263	0.966	0.843	15790	0.964
DDX31	-5.90	6	-1.01	0.157	2264	0.966	0.843	15789	0.964
TOB2	-6.81	8	-1.01	0.157	2265	0.966	0.843	15788	0.964
PPIL2	-6.81	8	-1.01	0.157	2266	0.966	0.843	15787	0.964
AURKA	-6.81	8	-1.01	0.157	2267	0.966	0.843	15786	0.964
PCSK7	-6.81	8	-1.01	0.157	2268	0.966	0.843	15785	0.964
ATXN10	-6.81	8	-1.01	0.157	2269	0.966	0.843	15784	0.964
POU3F2	-6.81	8	-1.01	0.157	2270	0.966	0.843	15783	0.964
ADC	-6.81	8	-1.01	0.157	2271	0.966	0.843	15782	0.964
SSH3	-6.80	8	-1.01	0.157	2272	0.966	0.843	15781	0.964
PPP1R7	-6.80	8	-1.00	0.158	2273	0.966	0.842	15780	0.964
UBC	-6.79	8	-1.00	0.158	2274	0.966	0.842	15779	0.963
ARL8A	-6.79	8	-1.00	0.158	2275	0.966	0.842	15778	0.963
SNX33	-6.79	8	-1.00	0.158	2276	0.966	0.842	15777	0.963
RUNDC3A	-6.79	8	-1.00	0.158	2277	0.966	0.842	15776	0.963
PFDN2	-6.79	8	-1.00	0.158	2278	0.966	0.842	15775	0.963
SLC25A24	-6.79	8	-1.00	0.158	2279	0.966	0.842	15774	0.963
HCRT	-6.78	8	-1.00	0.158	2280	0.966	0.842	15773	0.963
EDC3	-6.78	8	-1.00	0.158	2281	0.966	0.842	15772	0.963
DNAJC10	-6.78	8	-1.00	0.159	2282	0.966	0.841	15771	0.963
GPR63	-6.78	8	-1.00	0.159	2283	0.966	0.841	15770	0.963
SPR	-6.78	8	-1.00	0.159	2284	0.966	0.841	15769	0.963
CYP20A1	-6.78	8	-1.00	0.159	2285	0.966	0.841	15768	0.963
ADPRHL1	-6.77	8	-1.00	0.159	2286	0.966	0.841	15767	0.963
VAPB	-6.77	8	-1.00	0.159	2287	0.966	0.841	15766	0.963
PARS2	-6.77	8	-1.00	0.159	2288	0.966	0.841	15765	0.963
BNIP3	-6.77	8	-1.00	0.159	2289	0.966	0.841	15764	0.963
NRDE2	-6.77	8	-1.00	0.159	2290	0.966	0.841	15763	0.963
ZNF577	-6.77	8	-1.00	0.159	2291	0.966	0.841	15762	0.963
USP37	-6.77	8	-1.00	0.159	2292	0.966	0.841	15761	0.963
MFGE8	-6.77	8	-1.00	0.16	2293	0.966	0.84	15760	0.963
VGLL1	-6.77	8	-1.00	0.16	2294	0.966	0.84	15759	0.963
GTF2H3	-6.77	8	-1.00	0.16	2295	0.966	0.84	15758	0.963
TMCC2	-6.76	8	-1.00	0.16	2296	0.966	0.84	15757	0.963
ATAD3B	-6.76	8	-1.00	0.16	2297	0.966	0.84	15756	0.963
EGFL8	-6.76	8	-1.00	0.16	2298	0.966	0.84	15755	0.963
TTC39A	-6.76	8	-1.00	0.16	2299	0.966	0.84	15754	0.963
EWSR1	-6.76	8	-0.99	0.16	2300	0.966	0.84	15753	0.963
SLC22A6	-6.76	8	-0.99	0.16	2301	0.966	0.84	15752	0.963
TRAF3IP2	-6.76	8	-0.99	0.16	2302	0.966	0.84	15751	0.962
PSMD12	-6.76	8	-0.99	0.16	2303	0.966	0.84	15750	0.962
FAM83H	-5.85	6	-0.99	0.16	2304	0.966	0.84	15749	0.962
COL4A2	-6.75	8	-0.99	0.16	2305	0.966	0.84	15748	0.962
RNF157	-6.75	8	-0.99	0.161	2306	0.966	0.839	15747	0.962
MYOC	-6.75	8	-0.99	0.161	2307	0.966	0.839	15746	0.962
CCBL1	-6.75	8	-0.99	0.161	2308	0.966	0.839	15745	0.962
NAA50	-6.75	8	-0.99	0.161	2309	0.966	0.839	15744	0.962
MED6	-6.75	8	-0.99	0.161	2310	0.966	0.839	15743	0.962
CCDC122	-5.84	6	-0.99	0.161	2311	0.966	0.839	15742	0.962
LRRC32	-6.74	8	-0.99	0.161	2312	0.966	0.839	15741	0.962
PTP4A2	-6.74	8	-0.99	0.161	2313	0.966	0.839	15740	0.962
MRPL45	-6.74	8	-0.99	0.161	2314	0.966	0.839	15739	0.962
CLDN12	-6.74	8	-0.99	0.161	2315	0.966	0.839	15738	0.962
SPRTN	-6.73	8	-0.99	0.162	2316	0.966	0.838	15737	0.962
MEPE	-6.73	8	-0.99	0.162	2317	0.966	0.838	15736	0.962
ZFYVE1	-6.73	8	-0.99	0.162	2318	0.966	0.838	15735	0.962
MXRA8	-6.73	8	-0.99	0.162	2319	0.966	0.838	15734	0.962
TIMM9	-6.73	8	-0.99	0.162	2320	0.966	0.838	15733	0.961
MAN1B1	-6.72	8	-0.99	0.162	2321	0.966	0.838	15732	0.961
CATSPER1	-6.72	8	-0.99	0.162	2322	0.966	0.838	15731	0.961
MOG	-6.72	8	-0.99	0.162	2323	0.966	0.838	15730	0.961
PKM	-6.72	8	-0.98	0.162	2324	0.966	0.838	15729	0.961
PLEKHD1	-6.72	8	-0.98	0.163	2325	0.966	0.837	15728	0.961
PLS3	-6.72	8	-0.98	0.163	2326	0.966	0.837	15727	0.961
SCGB2A1	-5.82	6	-0.98	0.163	2327	0.966	0.837	15726	0.961
VPS36	-6.71	8	-0.98	0.163	2328	0.966	0.837	15725	0.961
CD300LG	-6.71	8	-0.98	0.163	2329	0.966	0.837	15724	0.961
SLC16A8	-6.71	8	-0.98	0.163	2330	0.966	0.837	15723	0.961
SORCS1	-6.71	8	-0.98	0.163	2331	0.966	0.837	15722	0.961
GLDC	-6.71	8	-0.98	0.163	2332	0.966	0.837	15721	0.961
RAB22A	-6.71	8	-0.98	0.163	2333	0.966	0.837	15720	0.961
C1D	-4.75	4	-0.98	0.163	2334	0.966	0.837	15719	0.961
KIF2B	-5.81	6	-0.98	0.163	2335	0.966	0.837	15718	0.961
FMO1	-6.70	8	-0.98	0.163	2336	0.966	0.837	15717	0.961
PLEKHA6	-6.70	8	-0.98	0.163	2337	0.966	0.837	15716	0.961
FBXO17	-6.70	8	-0.98	0.164	2338	0.966	0.836	15715	0.961
MASP2	-6.70	8	-0.98	0.164	2339	0.966	0.836	15714	0.961
CYP21A2	-6.70	8	-0.98	0.164	2340	0.966	0.836	15713	0.961
ADAMTSL4-AS1	-6.70	8	-0.98	0.164	2341	0.966	0.836	15712	0.961
COL4A3BP	-6.70	8	-0.98	0.164	2342	0.966	0.836	15711	0.961
PFDN6	-6.70	8	-0.98	0.164	2343	0.966	0.836	15710	0.961
ATP6V1G3	-6.70	8	-0.98	0.164	2344	0.966	0.836	15709	0.961
AKAP8	-6.70	8	-0.98	0.164	2345	0.966	0.836	15708	0.961
TRIM15	-6.70	8	-0.98	0.164	2346	0.966	0.836	15707	0.961
SRD5A3	-6.69	8	-0.98	0.164	2347	0.966	0.836	15706	0.961
GLT6D1	-6.69	8	-0.98	0.164	2348	0.966	0.836	15705	0.961
TRIM46	-6.69	8	-0.98	0.164	2349	0.966	0.836	15704	0.961
ST6GALNAC5	-6.69	8	-0.98	0.164	2350	0.966	0.836	15703	0.961
F2	-6.69	8	-0.98	0.164	2351	0.966	0.836	15702	0.961
02-Sep	-6.69	8	-0.98	0.164	2352	0.966	0.836	15701	0.961
RNF113A	-6.69	8	-0.98	0.164	2353	0.966	0.836	15700	0.961
NRBP2	-6.69	8	-0.98	0.164	2354	0.966	0.836	15699	0.961
TUBE1	-6.69	8	-0.98	0.164	2355	0.966	0.836	15698	0.961
RAET1E	-6.69	8	-0.98	0.165	2356	0.966	0.835	15697	0.961
RHEB	-6.68	8	-0.98	0.165	2357	0.966	0.835	15696	0.961
EFCAB7	-6.68	8	-0.98	0.165	2358	0.966	0.835	15695	0.961
C1QB	-6.68	8	-0.98	0.165	2359	0.966	0.835	15694	0.961
WDR26	-5.78	6	-0.97	0.165	2360	0.966	0.835	15693	0.96
C21orf119	-6.68	8	-0.97	0.165	2361	0.966	0.835	15692	0.96
KIAA0430	-6.67	8	-0.97	0.165	2362	0.966	0.835	15691	0.96
ITGA10	-6.67	8	-0.97	0.165	2363	0.966	0.835	15690	0.96
C15orf53	-6.67	8	-0.97	0.165	2364	0.966	0.835	15689	0.96
CD58	-6.67	8	-0.97	0.165	2365	0.966	0.835	15688	0.96
SNRPB2	-6.67	8	-0.97	0.166	2366	0.966	0.834	15687	0.96
C16orf59	-6.67	8	-0.97	0.166	2367	0.966	0.834	15686	0.96
MTMR3	-6.67	8	-0.97	0.166	2368	0.966	0.834	15685	0.96
SLC35E1	-6.67	8	-0.97	0.166	2369	0.966	0.834	15684	0.96
P2RX3	-6.66	8	-0.97	0.166	2370	0.966	0.834	15683	0.96
HIST3H2BB	-6.66	8	-0.97	0.166	2371	0.966	0.834	15682	0.96
TCP11L1	-6.66	8	-0.97	0.166	2372	0.966	0.834	15681	0.96
C1orf86	-6.66	8	-0.97	0.166	2373	0.966	0.834	15680	0.96
ACOXL	-6.66	8	-0.97	0.166	2374	0.966	0.834	15679	0.96
PLEKHG4B	-6.66	8	-0.97	0.166	2375	0.966	0.834	15678	0.96
ZFP64	-6.66	8	-0.97	0.166	2376	0.966	0.834	15677	0.96
RPP38	-6.66	8	-0.97	0.166	2377	0.966	0.834	15676	0.96
RAPGEF1	-6.66	8	-0.97	0.166	2378	0.966	0.834	15675	0.96
CENPL	-6.65	8	-0.97	0.166	2379	0.966	0.834	15674	0.96
KCNE3	-6.65	8	-0.97	0.167	2380	0.966	0.833	15673	0.96
GUSB	-6.65	8	-0.97	0.167	2381	0.966	0.833	15672	0.96
FUT1	-6.65	8	-0.97	0.167	2382	0.966	0.833	15671	0.96
TMCO3	-6.65	8	-0.97	0.167	2383	0.966	0.833	15670	0.96
PDXDC1	-6.65	8	-0.97	0.167	2384	0.966	0.833	15669	0.96
TMEM69	-6.64	8	-0.96	0.167	2385	0.966	0.833	15668	0.959
MICB	-6.64	8	-0.96	0.167	2386	0.966	0.833	15667	0.959
TIMM13	-6.64	8	-0.96	0.167	2387	0.966	0.833	15666	0.959
OSGIN1	-6.64	8	-0.96	0.167	2388	0.966	0.833	15665	0.959
NSUN4	-6.64	8	-0.96	0.167	2389	0.966	0.833	15664	0.959
HDAC8	-6.64	8	-0.96	0.168	2390	0.966	0.832	15663	0.959
SLC39A13	-6.64	8	-0.96	0.168	2391	0.966	0.832	15662	0.959
OR13F1	-6.64	8	-0.96	0.168	2392	0.966	0.832	15661	0.959
TUBGCP5	-6.63	8	-0.96	0.168	2393	0.966	0.832	15660	0.959
DCLRE1B	-6.63	8	-0.96	0.168	2394	0.966	0.832	15659	0.959
CSF1	-6.63	8	-0.96	0.168	2395	0.966	0.832	15658	0.959
FAM98C	-6.63	8	-0.96	0.168	2396	0.966	0.832	15657	0.959
KCTD3	-6.63	8	-0.96	0.168	2397	0.966	0.832	15656	0.959
TMEM246	-6.63	8	-0.96	0.168	2398	0.966	0.832	15655	0.959
CACNA1E	-6.63	8	-0.96	0.168	2399	0.966	0.832	15654	0.959
ECT2	-6.63	8	-0.96	0.168	2400	0.966	0.832	15653	0.959
MLLT10	-5.74	6	-0.96	0.168	2401	0.966	0.832	15652	0.959
RTDR1	-6.62	8	-0.96	0.168	2402	0.966	0.832	15651	0.959
SHC3	-6.62	8	-0.96	0.168	2403	0.966	0.832	15650	0.959
OLAH	-6.62	8	-0.96	0.169	2404	0.966	0.831	15649	0.959
PGS1	-6.62	8	-0.96	0.169	2405	0.966	0.831	15648	0.959
WDR1	-6.62	8	-0.96	0.169	2406	0.966	0.831	15647	0.959
MPV17	-6.62	8	-0.96	0.169	2407	0.966	0.831	15646	0.959
TIMM10B	-6.62	8	-0.96	0.169	2408	0.966	0.831	15645	0.959
HIPK1	-6.62	8	-0.96	0.169	2409	0.966	0.831	15644	0.959
C8orf58	-6.61	8	-0.96	0.169	2410	0.966	0.831	15643	0.959
PLEK2	-6.61	8	-0.96	0.169	2411	0.966	0.831	15642	0.959
RPUSD2	-6.61	8	-0.96	0.169	2412	0.966	0.831	15641	0.959
PSORS1C1	-6.61	8	-0.96	0.169	2413	0.966	0.831	15640	0.959
OR4X2	-6.61	8	-0.96	0.169	2414	0.966	0.831	15639	0.959
OR4N4	-6.61	8	-0.96	0.169	2415	0.966	0.831	15638	0.959
CCT4	-6.61	8	-0.96	0.169	2416	0.966	0.831	15637	0.959
MFSD12	-6.61	8	-0.96	0.169	2417	0.966	0.831	15636	0.959
KIAA0391	-6.61	8	-0.96	0.17	2418	0.966	0.83	15635	0.959
ACP2	-6.61	8	-0.96	0.17	2419	0.966	0.83	15634	0.959
GARNL3	-6.60	8	-0.96	0.17	2420	0.966	0.83	15633	0.959
EXOC3L4	-6.60	8	-0.95	0.17	2421	0.966	0.83	15632	0.959
EBNA1BP2	-5.72	6	-0.95	0.17	2422	0.966	0.83	15631	0.959
PSMB2	-6.60	8	-0.95	0.17	2423	0.966	0.83	15630	0.959
ADD2	-6.60	8	-0.95	0.17	2424	0.966	0.83	15629	0.959
SOX4	-6.60	8	-0.95	0.17	2425	0.966	0.83	15628	0.959
RNF170	-6.60	8	-0.95	0.17	2426	0.966	0.83	15627	0.959
KLHDC10	-6.59	8	-0.95	0.17	2427	0.966	0.83	15626	0.958
OSGIN2	-6.59	8	-0.95	0.17	2428	0.966	0.83	15625	0.958
FAM84A	-6.59	8	-0.95	0.17	2429	0.966	0.83	15624	0.958
TMEM88B	-6.59	8	-0.95	0.171	2430	0.966	0.829	15623	0.958
ARHGDIG	-6.59	8	-0.95	0.171	2431	0.966	0.829	15622	0.958
RASL12	-6.59	8	-0.95	0.171	2432	0.966	0.829	15621	0.958
COX6B2	-6.59	8	-0.95	0.171	2433	0.966	0.829	15620	0.958
STMN1	-6.59	8	-0.95	0.171	2434	0.966	0.829	15619	0.958
SMEK2	-6.59	8	-0.95	0.171	2435	0.966	0.829	15618	0.958
SLFN13	-6.59	8	-0.95	0.171	2436	0.966	0.829	15617	0.958
PABPC4	-6.58	8	-0.95	0.171	2437	0.966	0.829	15616	0.958
TSC22D1	-6.58	8	-0.95	0.171	2438	0.966	0.829	15615	0.958
HYLS1	-6.58	8	-0.95	0.171	2439	0.966	0.829	15614	0.958
CDCA2	-6.58	8	-0.95	0.171	2440	0.966	0.829	15613	0.958
CNTRL	-6.58	8	-0.95	0.171	2441	0.966	0.829	15612	0.958
DNM3	-6.58	8	-0.95	0.171	2442	0.966	0.829	15611	0.958
SLC17A7	-6.58	8	-0.95	0.172	2443	0.966	0.828	15610	0.958
MCM2	-6.58	8	-0.95	0.172	2444	0.966	0.828	15609	0.958
MIA3	-6.58	8	-0.95	0.172	2445	0.966	0.828	15608	0.958
CDYL	-6.57	8	-0.95	0.172	2446	0.966	0.828	15607	0.958
SULT1C3	-6.57	8	-0.95	0.172	2447	0.966	0.828	15606	0.958
NUP160	-6.57	8	-0.95	0.172	2448	0.966	0.828	15605	0.958
MAMSTR	-6.56	8	-0.95	0.172	2449	0.966	0.828	15604	0.958
ACSM4	-6.56	8	-0.95	0.172	2450	0.966	0.828	15603	0.958
ZBTB43	-6.56	8	-0.95	0.172	2451	0.966	0.828	15602	0.958
TSPAN32	-6.56	8	-0.94	0.172	2452	0.966	0.828	15601	0.958
MAN1A1	-6.56	8	-0.94	0.173	2453	0.966	0.827	15600	0.957
LIN7B	-6.56	8	-0.94	0.173	2454	0.966	0.827	15599	0.957
TMEM134	-6.56	8	-0.94	0.173	2455	0.966	0.827	15598	0.957
EXTL1	-6.55	8	-0.94	0.173	2456	0.966	0.827	15597	0.957
PDS5A	-6.55	8	-0.94	0.173	2457	0.966	0.827	15596	0.957
KRT9	-6.55	8	-0.94	0.173	2458	0.966	0.827	15595	0.957
PRKRA	-6.55	8	-0.94	0.173	2459	0.966	0.827	15594	0.957
GSTT1	-6.55	8	-0.94	0.173	2460	0.966	0.827	15593	0.957
DEK	-6.55	8	-0.94	0.173	2461	0.966	0.827	15592	0.957
MIA2	-6.55	8	-0.94	0.173	2462	0.966	0.827	15591	0.957
MRPL16	-6.55	8	-0.94	0.173	2463	0.966	0.827	15590	0.957
DPT	-6.55	8	-0.94	0.173	2464	0.966	0.827	15589	0.957
CHTF18	-6.55	8	-0.94	0.173	2465	0.966	0.827	15588	0.957
KDELR1	-6.54	8	-0.94	0.174	2466	0.966	0.826	15587	0.957
SNX11	-6.54	8	-0.94	0.174	2467	0.966	0.826	15586	0.957
EHBP1L1	-6.54	8	-0.94	0.174	2468	0.966	0.826	15585	0.957
SCRT1	-6.54	8	-0.94	0.174	2469	0.966	0.826	15584	0.957
PTGES2	-6.54	8	-0.94	0.174	2470	0.966	0.826	15583	0.957
OR7G3	-6.54	8	-0.94	0.174	2471	0.966	0.826	15582	0.957
CERS2	-6.54	8	-0.94	0.174	2472	0.966	0.826	15581	0.957
ZNF593	-6.54	8	-0.94	0.174	2473	0.966	0.826	15580	0.957
C17orf89	-6.53	8	-0.94	0.174	2474	0.966	0.826	15579	0.957
GRAMD2	-6.53	8	-0.94	0.174	2475	0.966	0.826	15578	0.957
GTF2A1	-6.53	8	-0.94	0.174	2476	0.966	0.826	15577	0.957
MESDC2	-6.53	8	-0.94	0.174	2477	0.966	0.826	15576	0.957
AC079612.1	-6.53	8	-0.94	0.174	2478	0.966	0.826	15575	0.957
SPI1	-6.53	8	-0.94	0.175	2479	0.966	0.825	15574	0.957
DFNB31	-6.53	8	-0.94	0.175	2480	0.966	0.825	15573	0.957
XDH	-6.53	8	-0.94	0.175	2481	0.966	0.825	15572	0.957
NDE1	-6.53	8	-0.94	0.175	2482	0.966	0.825	15571	0.957
BAIAP3	-6.52	8	-0.94	0.175	2483	0.966	0.825	15570	0.957
EXOC1	-6.52	8	-0.93	0.175	2484	0.966	0.825	15569	0.957
SLC35G1	-6.52	8	-0.93	0.175	2485	0.966	0.825	15568	0.957
USP10	-6.52	8	-0.93	0.175	2486	0.966	0.825	15567	0.957
NCOA6	-6.52	8	-0.93	0.175	2487	0.966	0.825	15566	0.957
UPK3A	-6.52	8	-0.93	0.175	2488	0.966	0.825	15565	0.956
SPTLC2	-6.51	8	-0.93	0.176	2489	0.966	0.824	15564	0.956
POFUT1	-6.51	8	-0.93	0.176	2490	0.966	0.824	15563	0.956
FBXO30	-6.51	8	-0.93	0.176	2491	0.966	0.824	15562	0.956
RBM25	-6.51	8	-0.93	0.176	2492	0.966	0.824	15561	0.956
FAM155B	-6.51	8	-0.93	0.176	2493	0.966	0.824	15560	0.956
USP33	-6.50	8	-0.93	0.176	2494	0.966	0.824	15559	0.956
PRKCG	-6.50	8	-0.93	0.176	2495	0.966	0.824	15558	0.956
AKAP11	-6.50	8	-0.93	0.176	2496	0.966	0.824	15557	0.956
TTC9C	-6.50	8	-0.93	0.176	2497	0.966	0.824	15556	0.956
HIST1H3A	-6.50	8	-0.93	0.177	2498	0.966	0.823	15555	0.955
LZTR1	-6.49	8	-0.93	0.177	2499	0.966	0.823	15554	0.955
PNPT1	-6.49	8	-0.93	0.177	2500	0.966	0.823	15553	0.955
EXOC3	-6.48	8	-0.93	0.177	2501	0.966	0.823	15552	0.955
CPLX1	-6.48	8	-0.93	0.177	2502	0.966	0.823	15551	0.955
EXOC5	-6.48	8	-0.93	0.177	2503	0.966	0.823	15550	0.955
DDX6	-6.48	8	-0.92	0.178	2504	0.966	0.822	15549	0.955
KLF1	-6.48	8	-0.92	0.178	2505	0.966	0.822	15548	0.955
EME2	-6.48	8	-0.92	0.178	2506	0.966	0.822	15547	0.955
TAF1D	-6.48	8	-0.92	0.178	2507	0.966	0.822	15546	0.955
GIPR	-6.48	8	-0.92	0.178	2508	0.966	0.822	15545	0.955
UBTD1	-6.48	8	-0.92	0.178	2509	0.966	0.822	15544	0.955
ZMYND11	-6.47	8	-0.92	0.178	2510	0.966	0.822	15543	0.955
HIVEP3	-6.47	8	-0.92	0.178	2511	0.966	0.822	15542	0.955
MRPS35	-6.47	8	-0.92	0.178	2512	0.966	0.822	15541	0.955
PKLR	-6.47	8	-0.92	0.178	2513	0.966	0.822	15540	0.955
C1orf198	-6.47	8	-0.92	0.178	2514	0.966	0.822	15539	0.955
FAM174B	-6.47	8	-0.92	0.178	2515	0.966	0.822	15538	0.955
UBD	-6.47	8	-0.92	0.178	2516	0.966	0.822	15537	0.955
GPR98	-6.47	8	-0.92	0.178	2517	0.966	0.822	15536	0.955
GRIK5	-6.47	8	-0.92	0.178	2518	0.966	0.822	15535	0.955
KRT12	-6.47	8	-0.92	0.178	2519	0.966	0.822	15534	0.955
GRIK4	-6.47	8	-0.92	0.179	2520	0.966	0.821	15533	0.955
COL17A1	-6.46	8	-0.92	0.179	2521	0.966	0.821	15532	0.954
COASY	-6.46	8	-0.92	0.179	2522	0.966	0.821	15531	0.954
AGPAT2	-6.46	8	-0.92	0.179	2523	0.966	0.821	15530	0.954
C5AR2	-6.46	8	-0.92	0.179	2524	0.966	0.821	15529	0.954
C14orf166	-6.46	8	-0.92	0.179	2525	0.966	0.821	15528	0.954
PRKD2	-6.46	8	-0.92	0.179	2526	0.966	0.821	15527	0.954
FAM160B1	-6.46	8	-0.92	0.179	2527	0.966	0.821	15526	0.954
WBSCR22	-6.46	8	-0.92	0.179	2528	0.966	0.821	15525	0.954
ZNF581	-6.46	8	-0.92	0.179	2529	0.966	0.821	15524	0.954
GAS7	-6.46	8	-0.92	0.179	2530	0.966	0.821	15523	0.954
OR56A4	-6.46	8	-0.92	0.179	2531	0.966	0.821	15522	0.954
SVIP	-4.57	4	-0.92	0.179	2532	0.966	0.821	15521	0.954
FABP3	-6.45	8	-0.92	0.179	2533	0.966	0.821	15520	0.954
TDRD10	-6.45	8	-0.92	0.179	2534	0.966	0.821	15519	0.954
NLRP14	-6.45	8	-0.92	0.179	2535	0.966	0.821	15518	0.954
TTLL7	-6.45	8	-0.92	0.179	2536	0.966	0.821	15517	0.954
EMC10	-6.45	8	-0.92	0.18	2537	0.966	0.82	15516	0.954
ANXA2	-6.45	8	-0.92	0.18	2538	0.966	0.82	15515	0.954
DDX54	-6.45	8	-0.92	0.18	2539	0.966	0.82	15514	0.954
RIMS3	-6.45	8	-0.92	0.18	2540	0.966	0.82	15513	0.954
MED30	-6.44	8	-0.92	0.18	2541	0.966	0.82	15512	0.954
MPO	-6.44	8	-0.91	0.18	2542	0.966	0.82	15511	0.954
NFS1	-6.44	8	-0.91	0.18	2543	0.966	0.82	15510	0.954
DESI2	-6.44	8	-0.91	0.18	2544	0.966	0.82	15509	0.954
SLC25A48	-6.44	8	-0.91	0.18	2545	0.966	0.82	15508	0.954
FBXW5	-6.44	8	-0.91	0.18	2546	0.966	0.82	15507	0.954
NEURL	-6.44	8	-0.91	0.18	2547	0.966	0.82	15506	0.954
DSCR3	-6.44	8	-0.91	0.18	2548	0.966	0.82	15505	0.954
SUGP1	-6.44	8	-0.91	0.181	2549	0.966	0.819	15504	0.954
DUS1L	-6.43	8	-0.91	0.181	2550	0.966	0.819	15503	0.954
CCDC85A	-6.43	8	-0.91	0.181	2551	0.966	0.819	15502	0.954
PCK2	-6.43	8	-0.91	0.181	2552	0.966	0.819	15501	0.954
LGI4	-6.43	8	-0.91	0.181	2553	0.966	0.819	15500	0.954
ZC3H10	-6.43	8	-0.91	0.181	2554	0.966	0.819	15499	0.954
CLDN6	-6.43	8	-0.91	0.181	2555	0.966	0.819	15498	0.954
PPM1J	-6.43	8	-0.91	0.181	2556	0.966	0.819	15497	0.954
CDK2	-6.43	8	-0.91	0.181	2557	0.966	0.819	15496	0.954
PTPN5	-6.43	8	-0.91	0.181	2558	0.966	0.819	15495	0.954
FAM167B	-6.43	8	-0.91	0.181	2559	0.966	0.819	15494	0.954
PHLDA3	-6.43	8	-0.91	0.181	2560	0.966	0.819	15493	0.954
TRMT12	-6.43	8	-0.91	0.181	2561	0.966	0.819	15492	0.954
DNM2	-6.42	8	-0.91	0.181	2562	0.966	0.819	15491	0.954
TAF10	-6.42	8	-0.91	0.181	2563	0.966	0.819	15490	0.954
POLR3E	-6.42	8	-0.91	0.181	2564	0.966	0.819	15489	0.954
SLC5A2	-6.42	8	-0.91	0.181	2565	0.966	0.819	15488	0.954
PPP1R18	-6.42	8	-0.91	0.182	2566	0.966	0.818	15487	0.954
MIA	-6.42	8	-0.91	0.182	2567	0.966	0.818	15486	0.954
TRAPPC9	-6.42	8	-0.91	0.182	2568	0.966	0.818	15485	0.954
ANKS1A	-6.42	8	-0.91	0.182	2569	0.966	0.818	15484	0.954
ALK	-6.42	8	-0.91	0.182	2570	0.966	0.818	15483	0.954
OR51Q1	-6.42	8	-0.91	0.182	2571	0.966	0.818	15482	0.954
TOR1B	-6.42	8	-0.91	0.182	2572	0.966	0.818	15481	0.954
CDKN2AIP	-6.41	8	-0.91	0.182	2573	0.966	0.818	15480	0.954
BRK1	-6.41	8	-0.91	0.182	2574	0.966	0.818	15479	0.954
ATP6V0A4	-6.41	8	-0.91	0.182	2575	0.966	0.818	15478	0.954
RHOV	-6.41	8	-0.91	0.182	2576	0.966	0.818	15477	0.954
LYPD4	-6.41	8	-0.91	0.183	2577	0.966	0.817	15476	0.954
PPAP2C	-6.41	8	-0.91	0.183	2578	0.966	0.817	15475	0.954
GDF10	-6.40	8	-0.91	0.183	2579	0.966	0.817	15474	0.953
ATRIP	-6.40	8	-0.90	0.183	2580	0.966	0.817	15473	0.953
UTP14A	-6.40	8	-0.90	0.183	2581	0.966	0.817	15472	0.953
CTXN1	-6.39	8	-0.90	0.183	2582	0.966	0.817	15471	0.953
IDH2	-6.39	8	-0.90	0.183	2583	0.966	0.817	15470	0.953
DPF2	-6.39	8	-0.90	0.184	2584	0.966	0.816	15469	0.953
KIN	-6.39	8	-0.90	0.184	2585	0.966	0.816	15468	0.952
VPS26B	-6.38	8	-0.90	0.184	2586	0.966	0.816	15467	0.952
PARD3	-6.38	8	-0.90	0.184	2587	0.966	0.816	15466	0.952
ZNF200	-6.38	8	-0.90	0.184	2588	0.966	0.816	15465	0.952
LIG3	-6.38	8	-0.90	0.184	2589	0.966	0.816	15464	0.952
CHPF	-6.38	8	-0.90	0.184	2590	0.966	0.816	15463	0.952
SLC6A16	-6.38	8	-0.90	0.184	2591	0.966	0.816	15462	0.952
ZNF470	-6.38	8	-0.90	0.184	2592	0.966	0.816	15461	0.952
OR9A2	-6.38	8	-0.90	0.185	2593	0.966	0.815	15460	0.952
PSMD1	-6.38	8	-0.90	0.185	2594	0.966	0.815	15459	0.952
CHTOP	-6.38	8	-0.90	0.185	2595	0.966	0.815	15458	0.952
NEU4	-6.38	8	-0.90	0.185	2596	0.966	0.815	15457	0.952
LAMTOR2	-6.38	8	-0.90	0.185	2597	0.966	0.815	15456	0.952
ARHGEF40	-6.37	8	-0.90	0.185	2598	0.966	0.815	15455	0.952
MOGAT3	-6.37	8	-0.90	0.185	2599	0.966	0.815	15454	0.952
AQPEP	-6.37	8	-0.90	0.185	2600	0.966	0.815	15453	0.952
PDCD1	-6.37	8	-0.90	0.185	2601	0.966	0.815	15452	0.952
NCBP1	-6.36	8	-0.90	0.185	2602	0.966	0.815	15451	0.952
SLC45A1	-6.36	8	-0.89	0.185	2603	0.966	0.815	15450	0.952
FAM46C	-6.36	8	-0.89	0.185	2604	0.966	0.815	15449	0.952
POLR2D	-5.51	6	-0.89	0.185	2605	0.966	0.815	15448	0.952
FCRL5	-6.36	8	-0.89	0.186	2606	0.966	0.814	15447	0.952
GCG	-6.36	8	-0.89	0.186	2607	0.966	0.814	15446	0.952
TRMU	-6.36	8	-0.89	0.186	2608	0.966	0.814	15445	0.952
CDR1	-6.36	8	-0.89	0.186	2609	0.966	0.814	15444	0.952
WFIKKN2	-6.36	8	-0.89	0.186	2610	0.966	0.814	15443	0.952
TNFAIP8	-6.36	8	-0.89	0.186	2611	0.966	0.814	15442	0.952
AMBP	-6.35	8	-0.89	0.186	2612	0.966	0.814	15441	0.951
KCNN2	-6.35	8	-0.89	0.186	2613	0.966	0.814	15440	0.951
DOC2A	-6.34	8	-0.89	0.187	2614	0.966	0.813	15439	0.951
SPTLC1	-6.34	8	-0.89	0.187	2615	0.966	0.813	15438	0.951
PRTFDC1	-6.34	8	-0.89	0.187	2616	0.966	0.813	15437	0.951
OR1D2	-6.34	8	-0.89	0.187	2617	0.966	0.813	15436	0.951
TEF	-6.34	8	-0.89	0.187	2618	0.966	0.813	15435	0.951
SH3YL1	-6.34	8	-0.89	0.187	2619	0.966	0.813	15434	0.951
PM20D1	-6.34	8	-0.89	0.187	2620	0.966	0.813	15433	0.951
NUP54	-6.33	8	-0.89	0.187	2621	0.966	0.813	15432	0.951
MC4R	-6.33	8	-0.89	0.187	2622	0.966	0.813	15431	0.951
ZNF285	-6.33	8	-0.89	0.187	2623	0.966	0.813	15430	0.951
TAF3	-6.33	8	-0.89	0.187	2624	0.966	0.813	15429	0.951
PNO1	-6.33	8	-0.89	0.187	2625	0.966	0.813	15428	0.951
PDZD8	-6.33	8	-0.89	0.187	2626	0.966	0.813	15427	0.951
TP53I13	-6.33	8	-0.89	0.188	2627	0.966	0.812	15426	0.951
TSHB	-6.33	8	-0.89	0.188	2628	0.966	0.812	15425	0.951
CBFA2T3	-6.33	8	-0.89	0.188	2629	0.966	0.812	15424	0.951
NR1H3	-6.33	8	-0.89	0.188	2630	0.966	0.812	15423	0.951
CETN3	-6.33	8	-0.89	0.188	2631	0.966	0.812	15422	0.951
DIO2	-6.33	8	-0.89	0.188	2632	0.966	0.812	15421	0.951
CHADL	-6.32	8	-0.88	0.188	2633	0.966	0.812	15420	0.95
POLR3F	-6.32	8	-0.88	0.188	2634	0.966	0.812	15419	0.95
IAH1	-6.32	8	-0.88	0.188	2635	0.966	0.812	15418	0.95
COL11A2	-6.32	8	-0.88	0.188	2636	0.966	0.812	15417	0.95
RHOQ	-6.32	8	-0.88	0.188	2637	0.966	0.812	15416	0.95
C14orf93	-6.32	8	-0.88	0.188	2638	0.966	0.812	15415	0.95
EXOSC1	-6.32	8	-0.88	0.189	2639	0.966	0.811	15414	0.95
MRPS18C	-6.31	8	-0.88	0.189	2640	0.966	0.811	15413	0.95
FOXR1	-6.31	8	-0.88	0.189	2641	0.966	0.811	15412	0.95
NUMBL	-6.31	8	-0.88	0.189	2642	0.966	0.811	15411	0.95
GATA4	-6.31	8	-0.88	0.189	2643	0.966	0.811	15410	0.95
CCNG1	-6.31	8	-0.88	0.189	2644	0.966	0.811	15409	0.95
GPR25	-6.31	8	-0.88	0.189	2645	0.966	0.811	15408	0.95
PTPRE	-6.31	8	-0.88	0.189	2646	0.966	0.811	15407	0.95
MRPL33	-6.31	8	-0.88	0.189	2647	0.966	0.811	15406	0.95
MAGT1	-6.31	8	-0.88	0.189	2648	0.966	0.811	15405	0.95
TTLL4	-6.31	8	-0.88	0.189	2649	0.966	0.811	15404	0.95
DCTN3	-6.31	8	-0.88	0.189	2650	0.966	0.811	15403	0.95
FAM168B	-6.31	8	-0.88	0.189	2651	0.966	0.811	15402	0.95
MTPAP	-6.31	8	-0.88	0.189	2652	0.966	0.811	15401	0.95
FAM134C	-6.31	8	-0.88	0.189	2653	0.966	0.811	15400	0.95
DEFB130	-5.46	6	-0.88	0.189	2654	0.966	0.811	15399	0.95
CBR1	-6.30	8	-0.88	0.189	2655	0.966	0.811	15398	0.95
MGST3	-6.30	8	-0.88	0.19	2656	0.966	0.81	15397	0.95
ADIPOR1	-6.30	8	-0.88	0.19	2657	0.966	0.81	15396	0.95
OVCA2	-6.30	8	-0.88	0.19	2658	0.966	0.81	15395	0.95
C15orf39	-6.30	8	-0.88	0.19	2659	0.966	0.81	15394	0.95
RPS6KB1	-6.30	8	-0.88	0.19	2660	0.966	0.81	15393	0.95
RARS2	-6.30	8	-0.88	0.19	2661	0.966	0.81	15392	0.95
NUDT3	-6.30	8	-0.88	0.19	2662	0.966	0.81	15391	0.95
SERPIND1	-6.30	8	-0.88	0.19	2663	0.966	0.81	15390	0.95
MESDC1	-6.30	8	-0.88	0.19	2664	0.966	0.81	15389	0.95
MMEL1	-6.30	8	-0.88	0.19	2665	0.966	0.81	15388	0.95
PELO	-6.29	8	-0.88	0.19	2666	0.966	0.81	15387	0.95
RBM42	-6.29	8	-0.88	0.19	2667	0.966	0.81	15386	0.95
HSP90AA1	-6.29	8	-0.88	0.19	2668	0.966	0.81	15385	0.95
ST3GAL1	-6.29	8	-0.88	0.19	2669	0.966	0.81	15384	0.95
SIGLECL1	-6.29	8	-0.88	0.19	2670	0.966	0.81	15383	0.95
MCTS1	-6.29	8	-0.88	0.19	2671	0.966	0.81	15382	0.95
MRPL13	-6.29	8	-0.88	0.19	2672	0.966	0.81	15381	0.95
FANCC	-6.29	8	-0.88	0.19	2673	0.966	0.81	15380	0.95
GJA4	-6.29	8	-0.88	0.19	2674	0.966	0.81	15379	0.95
A1BG	-6.29	8	-0.88	0.191	2675	0.966	0.809	15378	0.95
PRKRIP1	-6.28	8	-0.88	0.191	2676	0.966	0.809	15377	0.95
SLC2A5	-6.28	8	-0.87	0.191	2677	0.966	0.809	15376	0.95
MTX1	-6.28	8	-0.87	0.191	2678	0.966	0.809	15375	0.95
SH2D1B	-6.28	8	-0.87	0.191	2679	0.966	0.809	15374	0.95
ARFGAP3	-6.28	8	-0.87	0.191	2680	0.966	0.809	15373	0.95
FOXD2	-6.28	8	-0.87	0.191	2681	0.966	0.809	15372	0.95
FBXL16	-6.28	8	-0.87	0.191	2682	0.966	0.809	15371	0.95
ESYT2	-6.28	8	-0.87	0.191	2683	0.966	0.809	15370	0.95
C9orf85	-4.44	4	-0.87	0.191	2684	0.966	0.809	15369	0.95
ANKZF1	-6.28	8	-0.87	0.191	2685	0.966	0.809	15368	0.95
CBLC	-6.28	8	-0.87	0.191	2686	0.966	0.809	15367	0.95
SLC17A1	-6.28	8	-0.87	0.191	2687	0.966	0.809	15366	0.95
FAM213B	-6.28	8	-0.87	0.191	2688	0.966	0.809	15365	0.95
CCL16	-6.28	8	-0.87	0.191	2689	0.966	0.809	15364	0.95
CHMP2A	-6.28	8	-0.87	0.191	2690	0.966	0.809	15363	0.95
TAF5L	-6.28	8	-0.87	0.191	2691	0.966	0.809	15362	0.95
GDI1	-6.27	8	-0.87	0.192	2692	0.966	0.808	15361	0.95
IL36A	-6.27	8	-0.87	0.192	2693	0.966	0.808	15360	0.95
DBT	-6.27	8	-0.87	0.192	2694	0.966	0.808	15359	0.95
PPP2R5E	-6.27	8	-0.87	0.192	2695	0.966	0.808	15358	0.95
PINK1	-6.27	8	-0.87	0.192	2696	0.966	0.808	15357	0.95
PRR19	-6.27	8	-0.87	0.192	2697	0.966	0.808	15356	0.95
TRAM1L1	-6.27	8	-0.87	0.192	2698	0.966	0.808	15355	0.95
PALD1	-6.27	8	-0.87	0.192	2699	0.966	0.808	15354	0.95
POLM	-6.27	8	-0.87	0.192	2700	0.966	0.808	15353	0.95
ARHGAP8	-6.26	8	-0.87	0.192	2701	0.966	0.808	15352	0.95
TPRKB	-6.26	8	-0.87	0.192	2702	0.966	0.808	15351	0.95
HTR1B	-6.26	8	-0.87	0.192	2703	0.966	0.808	15350	0.95
CELSR2	-6.26	8	-0.87	0.193	2704	0.966	0.807	15349	0.95
CCDC136	-5.85	7	-0.87	0.193	2705	0.966	0.807	15348	0.95
SLC52A2	-6.25	8	-0.87	0.193	2706	0.966	0.807	15347	0.949
C8orf17	-6.25	8	-0.87	0.193	2707	0.966	0.807	15346	0.949
IGF2BP1	-6.25	8	-0.87	0.193	2708	0.966	0.807	15345	0.949
TRIM62	-6.25	8	-0.87	0.193	2709	0.966	0.807	15344	0.949
WDR45B	-6.25	8	-0.87	0.193	2710	0.966	0.807	15343	0.949
DCTN2	-6.25	8	-0.87	0.193	2711	0.966	0.807	15342	0.949
BHLHE23	-6.24	8	-0.86	0.194	2712	0.966	0.806	15341	0.949
RNF103	-6.24	8	-0.86	0.194	2713	0.966	0.806	15340	0.949
UNC50	-6.24	8	-0.86	0.194	2714	0.966	0.806	15339	0.949
CHST15	-6.24	8	-0.86	0.194	2715	0.966	0.806	15338	0.949
C8orf76	-6.24	8	-0.86	0.194	2716	0.966	0.806	15337	0.949
CCDC71L	-6.24	8	-0.86	0.194	2717	0.966	0.806	15336	0.949
UPF3A	-6.24	8	-0.86	0.194	2718	0.966	0.806	15335	0.949
ARHGAP27	-6.23	8	-0.86	0.194	2719	0.966	0.806	15334	0.949
KLF16	-6.23	8	-0.86	0.194	2720	0.966	0.806	15333	0.949
DMTF1	-6.23	8	-0.86	0.194	2721	0.966	0.806	15332	0.948
CPT1C	-6.23	8	-0.86	0.195	2722	0.966	0.805	15331	0.948
HCFC1R1	-6.23	8	-0.86	0.195	2723	0.966	0.805	15330	0.948
MOXD1	-6.23	8	-0.86	0.195	2724	0.966	0.805	15329	0.948
TAS1R3	-6.23	8	-0.86	0.195	2725	0.966	0.805	15328	0.948
CEACAM8	-6.22	8	-0.86	0.195	2726	0.966	0.805	15327	0.948
INPP5J	-6.22	8	-0.86	0.195	2727	0.966	0.805	15326	0.948
PC	-6.22	8	-0.86	0.195	2728	0.966	0.805	15325	0.948
ACSM5	-6.22	8	-0.86	0.195	2729	0.966	0.805	15324	0.948
STK38	-6.22	8	-0.86	0.195	2730	0.966	0.805	15323	0.948
CD6	-6.22	8	-0.86	0.195	2731	0.966	0.805	15322	0.948
NPAS1	-6.21	8	-0.86	0.196	2732	0.966	0.804	15321	0.948
TGM1	-6.21	8	-0.86	0.196	2733	0.966	0.804	15320	0.948
ZKSCAN1	-6.21	8	-0.86	0.196	2734	0.966	0.804	15319	0.947
PRUNE	-6.21	8	-0.86	0.196	2735	0.966	0.804	15318	0.947
USP49	-6.20	8	-0.85	0.196	2736	0.966	0.804	15317	0.947
GABARAPL2	-6.20	8	-0.85	0.196	2737	0.966	0.804	15316	0.947
C17orf53	-6.20	8	-0.85	0.196	2738	0.966	0.804	15315	0.947
PLG	-6.20	8	-0.85	0.196	2739	0.966	0.804	15314	0.947
SIRT5	-6.20	8	-0.85	0.197	2740	0.966	0.803	15313	0.947
NIPBL	-6.20	8	-0.85	0.197	2741	0.966	0.803	15312	0.947
GUCA1A	-6.20	8	-0.85	0.197	2742	0.966	0.803	15311	0.947
ITPA	-6.20	8	-0.85	0.197	2743	0.966	0.803	15310	0.947
CAT	-6.20	8	-0.85	0.197	2744	0.966	0.803	15309	0.947
ACVR1	-6.19	8	-0.85	0.197	2745	0.966	0.803	15308	0.947
RAD54L	-6.19	8	-0.85	0.197	2746	0.966	0.803	15307	0.947
DMBX1	-6.19	8	-0.85	0.197	2747	0.966	0.803	15306	0.947
IGHMBP2	-6.19	8	-0.85	0.197	2748	0.966	0.803	15305	0.947
ATP5C1	-6.19	8	-0.85	0.197	2749	0.966	0.803	15304	0.947
PNPLA7	-6.19	8	-0.85	0.197	2750	0.966	0.803	15303	0.947
PEX14	-6.19	8	-0.85	0.197	2751	0.966	0.803	15302	0.947
AAMDC	-6.19	8	-0.85	0.197	2752	0.966	0.803	15301	0.947
CECR6	-6.19	8	-0.85	0.197	2753	0.966	0.803	15300	0.947
TBC1D16	-6.19	8	-0.85	0.198	2754	0.966	0.802	15299	0.947
SHKBP1	-6.18	8	-0.85	0.198	2755	0.966	0.802	15298	0.946
LACTBL1	-6.18	8	-0.85	0.198	2756	0.966	0.802	15297	0.946
GALR3	-6.18	8	-0.85	0.198	2757	0.966	0.802	15296	0.946
NR4A3	-6.18	8	-0.85	0.198	2758	0.966	0.802	15295	0.946
FAM208A	-6.18	8	-0.85	0.198	2759	0.966	0.802	15294	0.946
CYSLTR1	-6.18	8	-0.85	0.198	2760	0.966	0.802	15293	0.946
MAF1	-6.18	8	-0.85	0.198	2761	0.966	0.802	15292	0.946
ALDH1A3	-6.17	8	-0.85	0.198	2762	0.966	0.802	15291	0.946
SHFM1	-6.17	8	-0.85	0.198	2763	0.966	0.802	15290	0.946
CRYBA2	-6.17	8	-0.85	0.199	2764	0.966	0.801	15289	0.946
ZNF770	-6.17	8	-0.85	0.199	2765	0.966	0.801	15288	0.946
IKZF5	-6.17	8	-0.85	0.199	2766	0.966	0.801	15287	0.946
LCN10	-6.17	8	-0.85	0.199	2767	0.966	0.801	15286	0.946
DAZAP1	-6.17	8	-0.85	0.199	2768	0.966	0.801	15285	0.946
SETD4	-6.17	8	-0.85	0.199	2769	0.966	0.801	15284	0.946
ANAPC5	-6.17	8	-0.85	0.199	2770	0.966	0.801	15283	0.946
TSPAN4	-6.17	8	-0.85	0.199	2771	0.966	0.801	15282	0.946
C14orf166B	-6.16	8	-0.84	0.199	2772	0.966	0.801	15281	0.946
EGFL7	-6.16	8	-0.84	0.199	2773	0.966	0.801	15280	0.946
ZNF512B	-6.16	8	-0.84	0.199	2774	0.966	0.801	15279	0.946
DDX20	-6.16	8	-0.84	0.199	2775	0.966	0.801	15278	0.946
TNFRSF12A	-6.16	8	-0.84	0.2	2776	0.966	0.8	15277	0.946
C19orf40	-6.16	8	-0.84	0.2	2777	0.966	0.8	15276	0.946
OR2A25	-6.16	8	-0.84	0.2	2778	0.966	0.8	15275	0.946
HMGCLL1	-6.16	8	-0.84	0.2	2779	0.966	0.8	15274	0.946
PAX6	-6.15	8	-0.84	0.2	2780	0.966	0.8	15273	0.946
RRAGA	-6.15	8	-0.84	0.2	2781	0.966	0.8	15272	0.946
PAK4	-5.33	6	-0.84	0.2	2782	0.966	0.8	15271	0.946
TYW3	-6.15	8	-0.84	0.2	2783	0.966	0.8	15270	0.946
FOXP4	-6.15	8	-0.84	0.2	2784	0.966	0.8	15269	0.946
ARID3B	-6.15	8	-0.84	0.2	2785	0.966	0.8	15268	0.946
ODF1	-6.15	8	-0.84	0.2	2786	0.966	0.8	15267	0.946
SARS2	-6.15	8	-0.84	0.2	2787	0.966	0.8	15266	0.946
TACC3	-6.15	8	-0.84	0.2	2788	0.966	0.8	15265	0.946
PLAGL1	-6.14	8	-0.84	0.201	2789	0.966	0.799	15264	0.946
MANBAL	-6.14	8	-0.84	0.201	2790	0.966	0.799	15263	0.946
RAPGEF2	-6.14	8	-0.84	0.201	2791	0.966	0.799	15262	0.946
KLK8	-6.14	8	-0.84	0.201	2792	0.966	0.799	15261	0.945
OR5B21	-6.14	8	-0.84	0.201	2793	0.966	0.799	15260	0.945
FLRT1	-6.14	8	-0.84	0.201	2794	0.966	0.799	15259	0.945
S100B	-6.14	8	-0.84	0.201	2795	0.966	0.799	15258	0.945
TMPRSS11A	-6.14	8	-0.84	0.201	2796	0.966	0.799	15257	0.945
NAP1L4	-6.14	8	-0.84	0.201	2797	0.966	0.799	15256	0.945
TNFRSF9	-6.14	8	-0.84	0.201	2798	0.966	0.799	15255	0.945
KLC2	-6.14	8	-0.84	0.201	2799	0.966	0.799	15254	0.945
SLC22A25	-6.14	8	-0.84	0.201	2800	0.966	0.799	15253	0.945
KLC3	-6.13	8	-0.84	0.201	2801	0.966	0.799	15252	0.945
KCNA6	-6.13	8	-0.84	0.201	2802	0.966	0.799	15251	0.945
VSX2	-6.13	8	-0.84	0.201	2803	0.966	0.799	15250	0.945
METTL14	-6.13	8	-0.84	0.202	2804	0.966	0.798	15249	0.945
GPR62	-6.13	8	-0.84	0.202	2805	0.966	0.798	15248	0.945
RDM1	-6.13	8	-0.84	0.202	2806	0.966	0.798	15247	0.945
FAM110A	-6.13	8	-0.84	0.202	2807	0.966	0.798	15246	0.945
AFF2	-6.12	8	-0.83	0.202	2808	0.966	0.798	15245	0.945
PRUNE2	-6.12	8	-0.83	0.202	2809	0.966	0.798	15244	0.945
TXLNG	-6.12	8	-0.83	0.202	2810	0.966	0.798	15243	0.945
ZNF394	-6.12	8	-0.83	0.202	2811	0.966	0.798	15242	0.945
ASS1	-6.12	8	-0.83	0.202	2812	0.966	0.798	15241	0.945
SAMHD1	-6.12	8	-0.83	0.202	2813	0.966	0.798	15240	0.945
MPP2	-6.12	8	-0.83	0.202	2814	0.966	0.798	15239	0.945
CSNK1G1	-6.12	8	-0.83	0.202	2815	0.966	0.798	15238	0.945
RPL15	-3.06	2	-0.83	0.202	2816	0.966	0.798	15237	0.945
FBXL8	-6.12	8	-0.83	0.202	2817	0.966	0.798	15236	0.945
REV3L	-6.12	8	-0.83	0.202	2818	0.966	0.798	15235	0.945
IQCC	-6.12	8	-0.83	0.202	2819	0.966	0.798	15234	0.945
SLC7A1	-6.12	8	-0.83	0.203	2820	0.966	0.797	15233	0.945
WNT7A	-6.11	8	-0.83	0.203	2821	0.966	0.797	15232	0.945
DSG1	-6.11	8	-0.83	0.203	2822	0.966	0.797	15231	0.945
SRL	-5.29	6	-0.83	0.203	2823	0.966	0.797	15230	0.945
SLC3A2	-6.11	8	-0.83	0.203	2824	0.966	0.797	15229	0.945
C1orf180	-6.11	8	-0.83	0.203	2825	0.966	0.797	15228	0.945
PUS10	-6.11	8	-0.83	0.203	2826	0.966	0.797	15227	0.945
EARS2	-6.11	8	-0.83	0.203	2827	0.966	0.797	15226	0.945
TNFSF18	-6.11	8	-0.83	0.203	2828	0.966	0.797	15225	0.945
DSP	-6.11	8	-0.83	0.203	2829	0.966	0.797	15224	0.945
TMEM121	-6.10	8	-0.83	0.203	2830	0.966	0.797	15223	0.945
ITFG1	-6.10	8	-0.83	0.203	2831	0.966	0.797	15222	0.945
SLC25A34	-6.10	8	-0.83	0.203	2832	0.966	0.797	15221	0.945
DENND3	-6.10	8	-0.83	0.203	2833	0.966	0.797	15220	0.945
PMM1	-6.10	8	-0.83	0.204	2834	0.966	0.796	15219	0.945
C17orf105	-6.10	8	-0.83	0.204	2835	0.966	0.796	15218	0.945
LacZ	-29.87	192	-0.83	0.204	2836	0.966	0.796	15217	0.944
STMN3	-6.10	8	-0.83	0.204	2837	0.966	0.796	15216	0.944
RRAGC	-6.10	8	-0.83	0.204	2838	0.966	0.796	15215	0.944
RBM18	-6.10	8	-0.83	0.204	2839	0.966	0.796	15214	0.944
ACADL	-6.09	8	-0.83	0.204	2840	0.966	0.796	15213	0.944
GEMIN6	-6.09	8	-0.83	0.204	2841	0.966	0.796	15212	0.944
ZSCAN29	-6.09	8	-0.83	0.204	2842	0.966	0.796	15211	0.944
CTSA	-6.09	8	-0.83	0.204	2843	0.966	0.796	15210	0.944
VEZF1	-6.09	8	-0.83	0.204	2844	0.966	0.796	15209	0.944
TSG101	-6.09	8	-0.83	0.204	2845	0.966	0.796	15208	0.944
PRR14	-6.09	8	-0.83	0.204	2846	0.966	0.796	15207	0.944
C1orf228	-6.09	8	-0.83	0.205	2847	0.966	0.795	15206	0.944
SCAI	-6.09	8	-0.83	0.205	2848	0.966	0.795	15205	0.944
C1orf137	-6.09	8	-0.82	0.205	2849	0.966	0.795	15204	0.944
ZSCAN18	-6.08	8	-0.82	0.205	2850	0.966	0.795	15203	0.944
SEC14L5	-6.08	8	-0.82	0.205	2851	0.966	0.795	15202	0.944
SCN1B	-6.08	8	-0.82	0.205	2852	0.966	0.795	15201	0.944
OGFRL1	-6.08	8	-0.82	0.205	2853	0.966	0.795	15200	0.944
PCNXL2	-6.08	8	-0.82	0.205	2854	0.966	0.795	15199	0.944
F2RL3	-6.08	8	-0.82	0.205	2855	0.966	0.795	15198	0.944
DCAF13	-6.08	8	-0.82	0.205	2856	0.966	0.795	15197	0.944
DPPA5	-6.08	8	-0.82	0.205	2857	0.966	0.795	15196	0.944
OPA1	-6.07	8	-0.82	0.205	2858	0.966	0.795	15195	0.944
ARTN	-6.07	8	-0.82	0.205	2859	0.966	0.795	15194	0.944
KAT5	-6.07	8	-0.82	0.206	2860	0.966	0.794	15193	0.944
ABHD17C	-6.07	8	-0.82	0.206	2861	0.966	0.794	15192	0.944
KBTBD4	-5.26	6	-0.82	0.206	2862	0.966	0.794	15191	0.944
SDAD1	-6.07	8	-0.82	0.206	2863	0.966	0.794	15190	0.944
ZNF648	-6.07	8	-0.82	0.206	2864	0.966	0.794	15189	0.944
RAB36	-6.07	8	-0.82	0.206	2865	0.966	0.794	15188	0.944
ATF6	-6.07	8	-0.82	0.206	2866	0.966	0.794	15187	0.944
PIGS	-6.07	8	-0.82	0.206	2867	0.966	0.794	15186	0.944
FARS2	-6.07	8	-0.82	0.206	2868	0.966	0.794	15185	0.944
FNDC8	-6.07	8	-0.82	0.206	2869	0.966	0.794	15184	0.944
RNF126	-6.06	8	-0.82	0.206	2870	0.966	0.794	15183	0.944
UGP2	-6.06	8	-0.82	0.206	2871	0.966	0.794	15182	0.944
ALLC	-6.06	8	-0.82	0.206	2872	0.966	0.794	15181	0.944
TGS1	-6.06	8	-0.82	0.206	2873	0.966	0.794	15180	0.944
SMEK1	-6.06	8	-0.82	0.206	2874	0.966	0.794	15179	0.944
TTC22	-6.06	8	-0.82	0.207	2875	0.966	0.793	15178	0.944
STC2	-6.06	8	-0.82	0.207	2876	0.966	0.793	15177	0.944
GNMT	-6.06	8	-0.82	0.207	2877	0.966	0.793	15176	0.944
HTR1D	-6.06	8	-0.82	0.207	2878	0.966	0.793	15175	0.943
LLGL2	-6.05	8	-0.82	0.207	2879	0.966	0.793	15174	0.943
LRRC8B	-6.05	8	-0.82	0.207	2880	0.966	0.793	15173	0.943
RELT	-6.05	8	-0.82	0.207	2881	0.966	0.793	15172	0.943
LDLRAD3	-6.05	8	-0.82	0.207	2882	0.966	0.793	15171	0.943
MRPL54	-6.05	8	-0.82	0.207	2883	0.966	0.793	15170	0.943
C15orf61	-6.05	8	-0.82	0.207	2884	0.966	0.793	15169	0.943
RAC1	-6.05	8	-0.82	0.207	2885	0.966	0.793	15168	0.943
ATP5G3	-6.05	8	-0.82	0.207	2886	0.966	0.793	15167	0.943
PPP1R15A	-6.05	8	-0.82	0.207	2887	0.966	0.793	15166	0.943
KAT7	-6.05	8	-0.82	0.207	2888	0.966	0.793	15165	0.943
TAS1R1	-6.04	8	-0.81	0.208	2889	0.966	0.792	15164	0.943
GAL3ST4	-6.04	8	-0.81	0.208	2890	0.966	0.792	15163	0.943
NID1	-6.04	8	-0.81	0.208	2891	0.966	0.792	15162	0.943
THEMIS	-6.04	8	-0.81	0.208	2892	0.966	0.792	15161	0.943
CELA2A	-6.04	8	-0.81	0.208	2893	0.966	0.792	15160	0.943
PTPRC	-6.04	8	-0.81	0.208	2894	0.966	0.792	15159	0.943
FLVCR2	-6.04	8	-0.81	0.208	2895	0.966	0.792	15158	0.943
GMFG	-6.04	8	-0.81	0.208	2896	0.966	0.792	15157	0.943
NUP133	-6.04	8	-0.81	0.208	2897	0.966	0.792	15156	0.943
CIDEA	-6.03	8	-0.81	0.208	2898	0.966	0.792	15155	0.943
FCF1	-4.27	4	-0.81	0.209	2899	0.966	0.791	15154	0.943
TNS4	-6.03	8	-0.81	0.209	2900	0.966	0.791	15153	0.943
ADAR	-6.03	8	-0.81	0.209	2901	0.966	0.791	15152	0.943
TEX22	-6.03	8	-0.81	0.209	2902	0.966	0.791	15151	0.943
SETDB1	-6.03	8	-0.81	0.209	2903	0.966	0.791	15150	0.943
KLF12	-6.03	8	-0.81	0.209	2904	0.966	0.791	15149	0.943
ADSS	-6.03	8	-0.81	0.209	2905	0.966	0.791	15148	0.943
PDX1	-6.03	8	-0.81	0.209	2906	0.966	0.791	15147	0.943
AQP9	-6.03	8	-0.81	0.209	2907	0.966	0.791	15146	0.943
ARHGAP39	-6.03	8	-0.81	0.209	2908	0.966	0.791	15145	0.943
PAPOLG	-6.03	8	-0.81	0.209	2909	0.966	0.791	15144	0.943
UBFD1	-6.02	8	-0.81	0.209	2910	0.966	0.791	15143	0.943
HORMAD1	-6.02	8	-0.81	0.209	2911	0.966	0.791	15142	0.943
C2orf44	-6.02	8	-0.81	0.209	2912	0.966	0.791	15141	0.943
TSC22D4	-6.02	8	-0.81	0.21	2913	0.966	0.79	15140	0.942
CTU1	-6.02	8	-0.81	0.21	2914	0.966	0.79	15139	0.942
SF3A2	-6.02	8	-0.81	0.21	2915	0.966	0.79	15138	0.942
TAS2R1	-5.21	6	-0.81	0.21	2916	0.966	0.79	15137	0.942
NCS1	-6.01	8	-0.81	0.21	2917	0.966	0.79	15136	0.942
CCDC142	-6.01	8	-0.81	0.21	2918	0.966	0.79	15135	0.942
EZH1	-6.01	8	-0.81	0.21	2919	0.966	0.79	15134	0.942
MAML1	-6.01	8	-0.81	0.21	2920	0.966	0.79	15133	0.942
CCL5	-6.01	8	-0.80	0.21	2921	0.966	0.79	15132	0.942
ACTL6B	-6.00	8	-0.80	0.211	2922	0.966	0.789	15131	0.942
LONRF1	-6.00	8	-0.80	0.211	2923	0.966	0.789	15130	0.942
TMEM8A	-6.00	8	-0.80	0.211	2924	0.966	0.789	15129	0.942
KIF17	-6.00	8	-0.80	0.211	2925	0.966	0.789	15128	0.942
DNAJC24	-6.00	8	-0.80	0.211	2926	0.966	0.789	15127	0.942
DGCR2	-6.00	8	-0.80	0.211	2927	0.966	0.789	15126	0.942
PTPRU	-6.00	8	-0.80	0.211	2928	0.966	0.789	15125	0.942
LGALS14	-6.00	8	-0.80	0.211	2929	0.966	0.789	15124	0.942
SLC7A7	-6.00	8	-0.80	0.211	2930	0.966	0.789	15123	0.942
SLMAP	-6.00	8	-0.80	0.211	2931	0.966	0.789	15122	0.942
SIX4	-5.99	8	-0.80	0.212	2932	0.966	0.788	15121	0.941
GNAQ	-5.99	8	-0.80	0.212	2933	0.966	0.788	15120	0.941
SEPN1	-5.99	8	-0.80	0.212	2934	0.966	0.788	15119	0.941
ZMYM4	-5.99	8	-0.80	0.212	2935	0.966	0.788	15118	0.941
FRAT1	-5.98	8	-0.80	0.212	2936	0.966	0.788	15117	0.941
DYNLL2	-5.98	8	-0.80	0.212	2937	0.966	0.788	15116	0.941
KRTAP1-5	-5.98	8	-0.80	0.213	2938	0.966	0.787	15115	0.94
SCN3B	-5.98	8	-0.80	0.213	2939	0.966	0.787	15114	0.94
NPY5R	-5.98	8	-0.80	0.213	2940	0.966	0.787	15113	0.94
GOLGA2	-5.97	8	-0.80	0.213	2941	0.966	0.787	15112	0.94
NSRP1	-5.97	8	-0.80	0.213	2942	0.966	0.787	15111	0.94
VAV3	-5.97	8	-0.80	0.213	2943	0.966	0.787	15110	0.94
NUP35	-5.97	8	-0.80	0.213	2944	0.966	0.787	15109	0.94
VWCE	-5.97	8	-0.80	0.213	2945	0.966	0.787	15108	0.94
GOLGA1	-5.97	8	-0.80	0.213	2946	0.966	0.787	15107	0.94
PRKAR2B	-5.97	8	-0.80	0.213	2947	0.966	0.787	15106	0.94
ETV2	-5.97	8	-0.80	0.213	2948	0.966	0.787	15105	0.94
TTR	-5.97	8	-0.80	0.213	2949	0.966	0.787	15104	0.94
A4GALT	-5.97	8	-0.80	0.213	2950	0.966	0.787	15103	0.94
SLC16A10	-5.97	8	-0.80	0.213	2951	0.966	0.787	15102	0.94
GDF7	-5.97	8	-0.80	0.213	2952	0.966	0.787	15101	0.94
H3F3B	-4.22	4	-0.79	0.213	2953	0.966	0.787	15100	0.94
FAM96A	-5.97	8	-0.79	0.213	2954	0.966	0.787	15099	0.94
TRIM40	-5.97	8	-0.79	0.213	2955	0.966	0.787	15098	0.94
FSCB	-5.96	8	-0.79	0.213	2956	0.966	0.787	15097	0.94
MAPK4	-5.96	8	-0.79	0.214	2957	0.966	0.786	15096	0.94
OR10G3	-5.96	8	-0.79	0.214	2958	0.966	0.786	15095	0.94
AK7	-5.96	8	-0.79	0.214	2959	0.966	0.786	15094	0.94
C9orf135	-5.96	8	-0.79	0.214	2960	0.966	0.786	15093	0.94
HEATR3	-5.96	8	-0.79	0.214	2961	0.966	0.786	15092	0.94
ECHDC2	-5.96	8	-0.79	0.214	2962	0.966	0.786	15091	0.94
ADAM17	-5.57	7	-0.79	0.214	2963	0.966	0.786	15090	0.94
PHLDA2	-5.96	8	-0.79	0.214	2964	0.966	0.786	15089	0.94
HMGN2	-5.16	6	-0.79	0.214	2965	0.966	0.786	15088	0.94
FAM220A	-5.95	8	-0.79	0.214	2966	0.966	0.786	15087	0.94
MEGF8	-5.95	8	-0.79	0.215	2967	0.966	0.785	15086	0.94
INPP5E	-5.95	8	-0.79	0.215	2968	0.966	0.785	15085	0.94
SULT2B1	-5.95	8	-0.79	0.215	2969	0.966	0.785	15084	0.94
ARIH1	-5.95	8	-0.79	0.215	2970	0.966	0.785	15083	0.94
MYPOP	-5.95	8	-0.79	0.215	2971	0.966	0.785	15082	0.94
OLA1	-5.95	8	-0.79	0.215	2972	0.966	0.785	15081	0.94
XRRA1	-5.95	8	-0.79	0.215	2973	0.966	0.785	15080	0.94
LRRC14	-5.95	8	-0.79	0.215	2974	0.966	0.785	15079	0.94
RAB10	-5.95	8	-0.79	0.215	2975	0.966	0.785	15078	0.94
POU3F1	-5.95	8	-0.79	0.215	2976	0.966	0.785	15077	0.94
FAM166A	-5.95	8	-0.79	0.215	2977	0.966	0.785	15076	0.94
CTDSP1	-5.95	8	-0.79	0.215	2978	0.966	0.785	15075	0.94
AP2A2	-5.95	8	-0.79	0.215	2979	0.966	0.785	15074	0.94
CYP46A1	-5.95	8	-0.79	0.215	2980	0.966	0.785	15073	0.94
TMEM130	-5.94	8	-0.79	0.215	2981	0.966	0.785	15072	0.94
SIKE1	-5.94	8	-0.79	0.215	2982	0.966	0.785	15071	0.94
PFAS	-5.94	8	-0.79	0.215	2983	0.966	0.785	15070	0.94
FRMPD1	-5.94	8	-0.79	0.215	2984	0.966	0.785	15069	0.94
CCDC78	-5.94	8	-0.79	0.215	2985	0.966	0.785	15068	0.94
FOXA1	-5.94	8	-0.79	0.215	2986	0.966	0.785	15067	0.94
FRRS1	-5.94	8	-0.79	0.215	2987	0.966	0.785	15066	0.94
EIF2B4	-5.94	8	-0.79	0.216	2988	0.966	0.784	15065	0.94
SLC10A6	-5.93	8	-0.79	0.216	2989	0.966	0.784	15064	0.94
GPR176	-5.93	8	-0.79	0.216	2990	0.966	0.784	15063	0.94
SMCP	-5.93	8	-0.79	0.216	2991	0.966	0.784	15062	0.94
ANKLE2	-5.93	8	-0.79	0.216	2992	0.966	0.784	15061	0.94
LSM4	-5.93	8	-0.79	0.216	2993	0.966	0.784	15060	0.94
RUNX2	-5.93	8	-0.79	0.216	2994	0.966	0.784	15059	0.94
CYC1	-5.93	8	-0.79	0.216	2995	0.966	0.784	15058	0.94
STRADB	-5.93	8	-0.78	0.216	2996	0.966	0.784	15057	0.94
ERAL1	-5.93	8	-0.78	0.216	2997	0.966	0.784	15056	0.94
CAPN12	-5.92	8	-0.78	0.216	2998	0.966	0.784	15055	0.94
DAOA	-5.92	8	-0.78	0.216	2999	0.966	0.784	15054	0.94
AHNAK	-5.92	8	-0.78	0.217	3000	0.966	0.783	15053	0.94
RPRD1A	-5.92	8	-0.78	0.217	3001	0.966	0.783	15052	0.94
TUBG1	-5.92	8	-0.78	0.217	3002	0.966	0.783	15051	0.94
PODXL	-5.92	8	-0.78	0.217	3003	0.966	0.783	15050	0.94
FASN	-5.92	8	-0.78	0.217	3004	0.966	0.783	15049	0.939
MRPL44	-5.92	8	-0.78	0.217	3005	0.966	0.783	15048	0.939
LIMS1	-5.91	8	-0.78	0.217	3006	0.966	0.783	15047	0.939
TSPAN16	-5.91	8	-0.78	0.217	3007	0.966	0.783	15046	0.939
RBBP8	-5.91	8	-0.78	0.218	3008	0.966	0.782	15045	0.939
C4orf36	-5.91	8	-0.78	0.218	3009	0.966	0.782	15044	0.939
TCEB3B	-5.91	8	-0.78	0.218	3010	0.966	0.782	15043	0.939
THAP6	-5.91	8	-0.78	0.218	3011	0.966	0.782	15042	0.939
RHBDF1	-5.91	8	-0.78	0.218	3012	0.966	0.782	15041	0.939
FFAR1	-5.90	8	-0.78	0.218	3013	0.966	0.782	15040	0.939
MUTYH	-5.90	8	-0.78	0.218	3014	0.966	0.782	15039	0.939
CYP2A7	-2.95	2	-0.78	0.218	3015	0.966	0.782	15038	0.939
BOD1L1	-5.90	8	-0.78	0.218	3016	0.966	0.782	15037	0.939
TMEM179B	-5.90	8	-0.78	0.218	3017	0.966	0.782	15036	0.939
DCTPP1	-5.90	8	-0.78	0.218	3018	0.966	0.782	15035	0.939
VWA2	-5.90	8	-0.78	0.218	3019	0.966	0.782	15034	0.939
PANX2	-5.90	8	-0.78	0.218	3020	0.966	0.782	15033	0.939
MIXL1	-5.90	8	-0.78	0.218	3021	0.966	0.782	15032	0.939
FAM134B	-5.90	8	-0.78	0.218	3022	0.966	0.782	15031	0.939
SHF	-5.90	8	-0.78	0.218	3023	0.966	0.782	15030	0.939
ZBTB14	-5.90	8	-0.78	0.218	3024	0.966	0.782	15029	0.939
RAD23A	-5.90	8	-0.78	0.218	3025	0.966	0.782	15028	0.939
CHD2	-5.90	8	-0.78	0.218	3026	0.966	0.782	15027	0.939
SKIV2L	-5.90	8	-0.78	0.218	3027	0.966	0.782	15026	0.939
VSIG8	-5.89	8	-0.78	0.219	3028	0.966	0.781	15025	0.939
ZNF235	-5.89	8	-0.78	0.219	3029	0.966	0.781	15024	0.939
TANGO6	-5.89	8	-0.78	0.219	3030	0.966	0.781	15023	0.939
SNRNP40	-5.89	8	-0.78	0.219	3031	0.966	0.781	15022	0.939
ZNF615	-5.89	8	-0.78	0.219	3032	0.966	0.781	15021	0.939
BOLA1	-5.89	8	-0.78	0.219	3033	0.966	0.781	15020	0.939
GALM	-5.89	8	-0.78	0.219	3034	0.966	0.781	15019	0.939
OPN5	-5.89	8	-0.78	0.219	3035	0.966	0.781	15018	0.939
MMD	-5.89	8	-0.78	0.219	3036	0.966	0.781	15017	0.939
WARS	-5.89	8	-0.78	0.219	3037	0.966	0.781	15016	0.939
HNRNPH2	-5.89	8	-0.78	0.219	3038	0.966	0.781	15015	0.939
DRG2	-5.89	8	-0.78	0.219	3039	0.966	0.781	15014	0.939
HEXA	-5.89	8	-0.78	0.219	3040	0.966	0.781	15013	0.939
TPPP2	-5.88	8	-0.77	0.219	3041	0.966	0.781	15012	0.939
COX5A	-5.88	8	-0.77	0.22	3042	0.966	0.78	15011	0.939
LANCL2	-5.88	8	-0.77	0.22	3043	0.966	0.78	15010	0.939
SETD7	-5.88	8	-0.77	0.22	3044	0.966	0.78	15009	0.939
MAPRE3	-5.88	8	-0.77	0.22	3045	0.966	0.78	15008	0.939
POLR3D	-5.88	8	-0.77	0.22	3046	0.966	0.78	15007	0.939
CERS3	-5.88	8	-0.77	0.22	3047	0.966	0.78	15006	0.939
ZNF596	-5.88	8	-0.77	0.22	3048	0.966	0.78	15005	0.939
GMDS	-5.88	8	-0.77	0.22	3049	0.966	0.78	15004	0.939
MTCH1	-5.88	8	-0.77	0.22	3050	0.966	0.78	15003	0.939
GORAB	-5.87	8	-0.77	0.22	3051	0.966	0.78	15002	0.938
NUP153	-5.87	8	-0.77	0.22	3052	0.966	0.78	15001	0.938
CCDC8	-5.87	8	-0.77	0.22	3053	0.966	0.78	15000	0.938
TSSK3	-5.87	8	-0.77	0.22	3054	0.966	0.78	14999	0.938
REM2	-5.87	8	-0.77	0.22	3055	0.966	0.78	14998	0.938
ATP10A	-5.87	8	-0.77	0.22	3056	0.966	0.78	14997	0.938
TRAF7	-5.87	8	-0.77	0.22	3057	0.966	0.78	14996	0.938
ASPM	-5.87	8	-0.77	0.22	3058	0.966	0.78	14995	0.938
ZADH2	-5.87	8	-0.77	0.22	3059	0.966	0.78	14994	0.938
KRT24	-5.87	8	-0.77	0.221	3060	0.966	0.779	14993	0.938
DHX36	-5.87	8	-0.77	0.221	3061	0.966	0.779	14992	0.938
PPIE	-5.87	8	-0.77	0.221	3062	0.966	0.779	14991	0.938
CTCF	-5.86	8	-0.77	0.221	3063	0.966	0.779	14990	0.938
TRIML2	-5.86	8	-0.77	0.221	3064	0.966	0.779	14989	0.938
LDLRAD1	-5.08	6	-0.77	0.221	3065	0.966	0.779	14988	0.938
TENM3	-5.86	8	-0.77	0.221	3066	0.966	0.779	14987	0.938
LRRC9	-5.86	8	-0.77	0.221	3067	0.966	0.779	14986	0.938
TMEM33	-5.86	8	-0.77	0.221	3068	0.966	0.779	14985	0.938
MUL1	-5.86	8	-0.77	0.221	3069	0.966	0.779	14984	0.938
CAMTA2	-5.86	8	-0.77	0.221	3070	0.966	0.779	14983	0.938
TMEM62	-5.86	8	-0.77	0.222	3071	0.966	0.778	14982	0.938
PZP	-5.85	8	-0.77	0.222	3072	0.966	0.778	14981	0.938
TRPM5	-5.85	8	-0.77	0.222	3073	0.966	0.778	14980	0.938
TRA2B	-5.85	8	-0.77	0.222	3074	0.966	0.778	14979	0.938
C1orf172	-5.85	8	-0.77	0.222	3075	0.966	0.778	14978	0.938
MGRN1	-5.85	8	-0.77	0.222	3076	0.966	0.778	14977	0.938
LYRM2	-5.85	8	-0.77	0.222	3077	0.966	0.778	14976	0.938
KIAA0355	-5.85	8	-0.77	0.222	3078	0.966	0.778	14975	0.938
JPH1	-5.85	8	-0.77	0.222	3079	0.966	0.778	14974	0.938
LCN15	-5.85	8	-0.77	0.222	3080	0.966	0.778	14973	0.938
AK2	-5.85	8	-0.76	0.222	3081	0.966	0.778	14972	0.938
CCDC83	-5.84	8	-0.76	0.222	3082	0.966	0.778	14971	0.938
RIN1	-5.84	8	-0.76	0.222	3083	0.966	0.778	14970	0.938
PPP3R2	-5.47	7	-0.76	0.222	3084	0.966	0.778	14969	0.938
METTL9	-5.84	8	-0.76	0.223	3085	0.966	0.777	14968	0.938
HSPB7	-5.84	8	-0.76	0.223	3086	0.966	0.777	14967	0.937
MBTPS1	-5.84	8	-0.76	0.223	3087	0.966	0.777	14966	0.937
IGFBP4	-5.83	8	-0.76	0.223	3088	0.966	0.777	14965	0.937
TP73	-5.83	8	-0.76	0.223	3089	0.966	0.777	14964	0.937
LAX1	-5.83	8	-0.76	0.223	3090	0.966	0.777	14963	0.937
FGF4	-5.83	8	-0.76	0.223	3091	0.966	0.777	14962	0.937
AKAP5	-5.83	8	-0.76	0.223	3092	0.966	0.777	14961	0.937
MEI1	-5.83	8	-0.76	0.223	3093	0.966	0.777	14960	0.937
OAZ1	-5.83	8	-0.76	0.223	3094	0.966	0.777	14959	0.937
WDR4	-5.83	8	-0.76	0.223	3095	0.966	0.777	14958	0.937
FAM134A	-5.83	8	-0.76	0.224	3096	0.966	0.776	14957	0.937
TAC4	-5.83	8	-0.76	0.224	3097	0.966	0.776	14956	0.937
ZC3H13	-5.05	6	-0.76	0.224	3098	0.966	0.776	14955	0.937
RBM19	-5.82	8	-0.76	0.224	3099	0.966	0.776	14954	0.937
ZP3	-5.82	8	-0.76	0.224	3100	0.966	0.776	14953	0.937
ITSN1	-5.82	8	-0.76	0.224	3101	0.966	0.776	14952	0.937
HOXA10	-5.82	8	-0.76	0.224	3102	0.966	0.776	14951	0.937
RBM11	-5.82	8	-0.76	0.224	3103	0.966	0.776	14950	0.937
COL9A3	-5.82	8	-0.76	0.224	3104	0.966	0.776	14949	0.937
SLC37A2	-5.82	8	-0.76	0.224	3105	0.966	0.776	14948	0.937
SERPINA11	-5.82	8	-0.76	0.224	3106	0.966	0.776	14947	0.937
MRE11A	-5.82	8	-0.76	0.224	3107	0.966	0.776	14946	0.937
C19orf12	-5.82	8	-0.76	0.224	3108	0.966	0.776	14945	0.937
MAGEA4	-5.82	8	-0.76	0.224	3109	0.966	0.776	14944	0.937
CBX6	-5.82	8	-0.76	0.224	3110	0.966	0.776	14943	0.937
AASS	-5.82	8	-0.76	0.224	3111	0.966	0.776	14942	0.937
RPS6KA4	-5.82	8	-0.76	0.224	3112	0.966	0.776	14941	0.937
MCPH1	-5.81	8	-0.76	0.225	3113	0.966	0.775	14940	0.937
TSPYL4	-5.81	8	-0.76	0.225	3114	0.966	0.775	14939	0.937
C8B	-5.81	8	-0.76	0.225	3115	0.966	0.775	14938	0.937
PON1	-5.81	8	-0.76	0.225	3116	0.966	0.775	14937	0.937
C9orf96	-5.81	8	-0.76	0.225	3117	0.966	0.775	14936	0.937
OSGEP	-5.81	8	-0.76	0.225	3118	0.966	0.775	14935	0.937
BRIX1	-5.80	8	-0.75	0.226	3119	0.966	0.774	14934	0.936
CSF3R	-5.80	8	-0.75	0.226	3120	0.966	0.774	14933	0.936
ADAM23	-5.80	8	-0.75	0.226	3121	0.966	0.774	14932	0.936
ATAD3A	-5.02	6	-0.75	0.226	3122	0.966	0.774	14931	0.936
SRSF2	-5.80	8	-0.75	0.226	3123	0.966	0.774	14930	0.936
MTSS1L	-5.80	8	-0.75	0.226	3124	0.966	0.774	14929	0.936
COQ9	-5.80	8	-0.75	0.226	3125	0.966	0.774	14928	0.936
GLIPR2	-5.80	8	-0.75	0.226	3126	0.966	0.774	14927	0.936
SCAMP5	-5.80	8	-0.75	0.226	3127	0.966	0.774	14926	0.936
PTPRN	-5.79	8	-0.75	0.226	3128	0.966	0.774	14925	0.936
CDK5RAP2	-5.79	8	-0.75	0.226	3129	0.966	0.774	14924	0.936
KIAA1462	-5.79	8	-0.75	0.227	3130	0.966	0.773	14923	0.936
RAD51	-5.79	8	-0.75	0.227	3131	0.966	0.773	14922	0.935
SYPL2	-5.79	8	-0.75	0.227	3132	0.966	0.773	14921	0.935
HIST1H3B	-4.09	4	-0.75	0.227	3133	0.966	0.773	14920	0.935
FAM129B	-5.78	8	-0.75	0.227	3134	0.966	0.773	14919	0.935
TEAD2	-5.78	8	-0.75	0.227	3135	0.966	0.773	14918	0.935
SH2D4B	-5.78	8	-0.75	0.227	3136	0.966	0.773	14917	0.935
APOA4	-5.78	8	-0.75	0.227	3137	0.966	0.773	14916	0.935
NMB	-5.78	8	-0.75	0.227	3138	0.966	0.773	14915	0.935
WDR76	-5.78	8	-0.75	0.227	3139	0.966	0.773	14914	0.935
MAFF	-5.78	8	-0.75	0.227	3140	0.966	0.773	14913	0.935
TRAM2	-5.78	8	-0.75	0.227	3141	0.966	0.773	14912	0.935
RPS29	-4.08	4	-0.75	0.228	3142	0.966	0.772	14911	0.935
ZNF329	-5.78	8	-0.75	0.228	3143	0.966	0.772	14910	0.935
NOTCH2NL	-2.89	2	-0.75	0.228	3144	0.966	0.772	14909	0.935
SOX3	-5.77	8	-0.75	0.228	3145	0.966	0.772	14908	0.935
COX6A1P2	-5.77	8	-0.75	0.228	3146	0.966	0.772	14907	0.935
MECR	-5.77	8	-0.75	0.228	3147	0.966	0.772	14906	0.935
PRPF18	-5.77	8	-0.75	0.228	3148	0.966	0.772	14905	0.935
PNRC2	-5.77	8	-0.75	0.228	3149	0.966	0.772	14904	0.935
LRFN4	-5.77	8	-0.75	0.228	3150	0.966	0.772	14903	0.935
PKN3	-5.77	8	-0.75	0.228	3151	0.966	0.772	14902	0.935
CAPN10	-5.77	8	-0.75	0.228	3152	0.966	0.772	14901	0.935
GNA14	-5.77	8	-0.75	0.228	3153	0.966	0.772	14900	0.935
SH3BGR	-5.77	8	-0.75	0.228	3154	0.966	0.772	14899	0.935
JMJD7	-5.77	8	-0.74	0.228	3155	0.966	0.772	14898	0.935
HIST2H2AB	-5.77	8	-0.74	0.228	3156	0.966	0.772	14897	0.935
PGC	-5.77	8	-0.74	0.228	3157	0.966	0.772	14896	0.935
ZNF664	-5.76	8	-0.74	0.229	3158	0.966	0.771	14895	0.935
MRPL38	-5.76	8	-0.74	0.229	3159	0.966	0.771	14894	0.935
CEP152	-5.39	7	-0.74	0.229	3160	0.966	0.771	14893	0.935
PDK2	-5.76	8	-0.74	0.229	3161	0.966	0.771	14892	0.935
TACC2	-5.76	8	-0.74	0.229	3162	0.966	0.771	14891	0.935
DPM1	-5.76	8	-0.74	0.229	3163	0.966	0.771	14890	0.935
FAM122A	-5.75	8	-0.74	0.229	3164	0.966	0.771	14889	0.934
TRIM47	-5.75	8	-0.74	0.229	3165	0.966	0.771	14888	0.934
TSPAN9	-5.75	8	-0.74	0.23	3166	0.966	0.77	14887	0.934
RBM28	-5.75	8	-0.74	0.23	3167	0.966	0.77	14886	0.934
SRSF5	-5.75	8	-0.74	0.23	3168	0.966	0.77	14885	0.934
TERF2	-5.75	8	-0.74	0.23	3169	0.966	0.77	14884	0.934
ELN	-5.75	8	-0.74	0.23	3170	0.966	0.77	14883	0.934
ASB6	-5.74	8	-0.74	0.23	3171	0.966	0.77	14882	0.934
EPOR	-5.74	8	-0.74	0.23	3172	0.966	0.77	14881	0.934
CALM1	-5.74	8	-0.74	0.23	3173	0.966	0.77	14880	0.934
GPR68	-4.97	6	-0.74	0.23	3174	0.966	0.77	14879	0.934
BCL6B	-5.74	8	-0.74	0.23	3175	0.966	0.77	14878	0.934
PSMD8	-5.74	8	-0.74	0.23	3176	0.966	0.77	14877	0.934
HDAC1	-5.74	8	-0.74	0.23	3177	0.966	0.77	14876	0.934
GPLD1	-5.74	8	-0.74	0.23	3178	0.966	0.77	14875	0.934
LNX1	-5.74	8	-0.74	0.23	3179	0.966	0.77	14874	0.934
INIP	-5.74	8	-0.74	0.23	3180	0.966	0.77	14873	0.934
RXFP2	-5.74	8	-0.74	0.231	3181	0.966	0.769	14872	0.934
OR2B3	-5.74	8	-0.74	0.231	3182	0.966	0.769	14871	0.934
PHF23	-5.74	8	-0.74	0.231	3183	0.966	0.769	14870	0.934
DHCR7	-5.73	8	-0.74	0.231	3184	0.966	0.769	14869	0.934
VDAC3	-5.73	8	-0.74	0.231	3185	0.966	0.769	14868	0.934
ING1	-5.73	8	-0.74	0.231	3186	0.966	0.769	14867	0.934
MB21D1	-5.73	8	-0.74	0.231	3187	0.966	0.769	14866	0.934
TNKS1BP1	-5.73	8	-0.74	0.231	3188	0.966	0.769	14865	0.934
CLCA2	-5.73	8	-0.74	0.231	3189	0.966	0.769	14864	0.934
PIGV	-5.73	8	-0.73	0.231	3190	0.966	0.769	14863	0.934
GNAI1	-5.73	8	-0.73	0.231	3191	0.966	0.769	14862	0.934
DENND5B	-5.73	8	-0.73	0.231	3192	0.966	0.769	14861	0.934
C2orf48	-5.73	8	-0.73	0.231	3193	0.966	0.769	14860	0.934
SARNP	-5.73	8	-0.73	0.231	3194	0.966	0.769	14859	0.934
PYCARD	-5.72	8	-0.73	0.232	3195	0.966	0.768	14858	0.934
BCAS4	-5.72	8	-0.73	0.232	3196	0.966	0.768	14857	0.934
DHRS1	-5.72	8	-0.73	0.232	3197	0.966	0.768	14856	0.934
FSCN2	-5.72	8	-0.73	0.232	3198	0.966	0.768	14855	0.934
RNF115	-5.72	8	-0.73	0.232	3199	0.966	0.768	14854	0.934
ADAMTS4	-5.72	8	-0.73	0.232	3200	0.966	0.768	14853	0.934
IFI27L2	-5.72	8	-0.73	0.232	3201	0.966	0.768	14852	0.934
EN2	-5.72	8	-0.73	0.232	3202	0.966	0.768	14851	0.934
HES4	-5.72	8	-0.73	0.232	3203	0.966	0.768	14850	0.934
UGCG	-5.72	8	-0.73	0.232	3204	0.966	0.768	14849	0.934
RUFY4	-5.72	8	-0.73	0.232	3205	0.966	0.768	14848	0.934
GPRC5A	-5.72	8	-0.73	0.232	3206	0.966	0.768	14847	0.934
COL27A1	-5.72	8	-0.73	0.232	3207	0.966	0.768	14846	0.934
HIST1H1T	-5.72	8	-0.73	0.232	3208	0.966	0.768	14845	0.934
FUT3	-5.72	8	-0.73	0.232	3209	0.966	0.768	14844	0.934
MGAT5B	-5.71	8	-0.73	0.232	3210	0.966	0.768	14843	0.934
MED11	-5.71	8	-0.73	0.232	3211	0.966	0.768	14842	0.934
TARS2	-5.71	8	-0.73	0.232	3212	0.966	0.768	14841	0.934
LPCAT4	-5.71	8	-0.73	0.232	3213	0.966	0.768	14840	0.934
PRPSAP1	-5.71	8	-0.73	0.233	3214	0.966	0.767	14839	0.934
B4GALT3	-5.71	8	-0.73	0.233	3215	0.966	0.767	14838	0.934
PNMA3	-5.71	8	-0.73	0.233	3216	0.966	0.767	14837	0.933
MEF2BNB	-5.71	8	-0.73	0.233	3217	0.966	0.767	14836	0.933
XPO1	-5.71	8	-0.73	0.233	3218	0.966	0.767	14835	0.933
TNF	-5.71	8	-0.73	0.233	3219	0.966	0.767	14834	0.933
SEPHS2	-5.71	8	-0.73	0.233	3220	0.966	0.767	14833	0.933
AATF	-5.71	8	-0.73	0.233	3221	0.966	0.767	14832	0.933
RABGAP1L	-5.71	8	-0.73	0.233	3222	0.966	0.767	14831	0.933
ARF5	-5.71	8	-0.73	0.233	3223	0.966	0.767	14830	0.933
ACCSL	-5.70	8	-0.73	0.233	3224	0.966	0.767	14829	0.933
TLN2	-5.70	8	-0.73	0.233	3225	0.966	0.767	14828	0.933
VGF	-5.70	8	-0.73	0.233	3226	0.966	0.767	14827	0.933
TMEM160	-5.70	8	-0.73	0.233	3227	0.966	0.767	14826	0.933
CCHCR1	-5.70	8	-0.73	0.233	3228	0.966	0.767	14825	0.933
HUS1B	-5.70	8	-0.73	0.233	3229	0.966	0.767	14824	0.933
NAA40	-5.70	8	-0.73	0.234	3230	0.966	0.766	14823	0.933
DYNLT3	-5.70	8	-0.73	0.234	3231	0.966	0.766	14822	0.933
CHI3L2	-5.70	8	-0.73	0.234	3232	0.966	0.766	14821	0.933
SPTAN1	-5.70	8	-0.73	0.234	3233	0.966	0.766	14820	0.933
C14orf182	-5.69	8	-0.73	0.234	3234	0.966	0.766	14819	0.933
OR1G1	-5.69	8	-0.73	0.234	3235	0.966	0.766	14818	0.933
SLN	-4.03	4	-0.73	0.234	3236	0.966	0.766	14817	0.933
ZNF287	-5.69	8	-0.73	0.234	3237	0.966	0.766	14816	0.933
MRPL23	-5.69	8	-0.73	0.234	3238	0.966	0.766	14815	0.933
TECPR2	-5.69	8	-0.73	0.234	3239	0.966	0.766	14814	0.933
NDRG1	-5.69	8	-0.73	0.234	3240	0.966	0.766	14813	0.933
TIRAP	-5.69	8	-0.73	0.234	3241	0.966	0.766	14812	0.933
ANXA9	-5.69	8	-0.73	0.234	3242	0.966	0.766	14811	0.933
PRM2	-5.69	8	-0.73	0.234	3243	0.966	0.766	14810	0.933
ETV3	-5.69	8	-0.73	0.234	3244	0.966	0.766	14809	0.933
MROH7	-5.69	8	-0.72	0.234	3245	0.966	0.766	14808	0.933
SLC29A1	-5.69	8	-0.72	0.234	3246	0.966	0.766	14807	0.933
MPP5	-5.69	8	-0.72	0.234	3247	0.966	0.766	14806	0.933
ZNF185	-5.69	8	-0.72	0.234	3248	0.966	0.766	14805	0.933
BCAS2	-5.69	8	-0.72	0.234	3249	0.966	0.766	14804	0.933
ASF1B	-5.69	8	-0.72	0.234	3250	0.966	0.766	14803	0.933
ZNF792	-5.68	8	-0.72	0.234	3251	0.966	0.766	14802	0.933
ZNF383	-5.68	8	-0.72	0.234	3252	0.966	0.766	14801	0.933
ATL3	-5.68	8	-0.72	0.235	3253	0.966	0.765	14800	0.933
ATXN1	-5.68	8	-0.72	0.235	3254	0.966	0.765	14799	0.933
RBM22	-5.68	8	-0.72	0.235	3255	0.966	0.765	14798	0.933
ZBTB7C	-5.68	8	-0.72	0.235	3256	0.966	0.765	14797	0.933
FAM180B	-5.68	8	-0.72	0.235	3257	0.966	0.765	14796	0.933
UPK1A	-5.68	8	-0.72	0.235	3258	0.966	0.765	14795	0.933
SLC5A8	-5.67	8	-0.72	0.235	3259	0.966	0.765	14794	0.933
SCRG1	-5.67	8	-0.72	0.235	3260	0.966	0.765	14793	0.933
KIAA1522	-5.67	8	-0.72	0.236	3261	0.966	0.764	14792	0.933
ZNF582	-5.30	7	-0.72	0.236	3262	0.966	0.764	14791	0.933
KIF3C	-5.67	8	-0.72	0.236	3263	0.966	0.764	14790	0.933
PLA2G12B	-5.67	8	-0.72	0.236	3264	0.966	0.764	14789	0.933
POLD3	-5.67	8	-0.72	0.236	3265	0.966	0.764	14788	0.933
UQCRFS1	-5.67	8	-0.72	0.236	3266	0.966	0.764	14787	0.933
RNF150	-5.67	8	-0.72	0.236	3267	0.966	0.764	14786	0.933
KLK4	-5.67	8	-0.72	0.236	3268	0.966	0.764	14785	0.933
DICER1	-5.67	8	-0.72	0.236	3269	0.966	0.764	14784	0.933
DNTTIP1	-5.67	8	-0.72	0.236	3270	0.966	0.764	14783	0.933
GSDMA	-5.67	8	-0.72	0.236	3271	0.966	0.764	14782	0.933
NUP62CL	-5.67	8	-0.72	0.236	3272	0.966	0.764	14781	0.933
SAPCD2	-5.67	8	-0.72	0.236	3273	0.966	0.764	14780	0.933
CTAG2	-5.66	8	-0.72	0.236	3274	0.966	0.764	14779	0.933
PNPLA3	-5.66	8	-0.72	0.236	3275	0.966	0.764	14778	0.933
GPR137C	-5.66	8	-0.72	0.236	3276	0.966	0.764	14777	0.933
THAP3	-5.66	8	-0.72	0.236	3277	0.966	0.764	14776	0.933
HPCAL4	-5.66	8	-0.72	0.236	3278	0.966	0.764	14775	0.933
SIK3	-5.66	8	-0.72	0.236	3279	0.966	0.764	14774	0.933
HLA-DMB	-5.66	8	-0.72	0.236	3280	0.966	0.764	14773	0.933
HIAT1	-5.66	8	-0.72	0.237	3281	0.966	0.763	14772	0.933
SUPV3L1	-5.66	8	-0.72	0.237	3282	0.966	0.763	14771	0.933
MRPL37	-5.65	8	-0.72	0.237	3283	0.966	0.763	14770	0.933
RBM24	-5.65	8	-0.72	0.237	3284	0.966	0.763	14769	0.933
AGL	-5.65	8	-0.72	0.237	3285	0.966	0.763	14768	0.933
ZPBP2	-5.65	8	-0.72	0.237	3286	0.966	0.763	14767	0.933
KIF2C	-5.65	8	-0.72	0.237	3287	0.966	0.763	14766	0.933
ZNF865	-5.65	8	-0.72	0.237	3288	0.966	0.763	14765	0.933
TLL1	-5.65	8	-0.72	0.237	3289	0.966	0.763	14764	0.933
CCBE1	-5.65	8	-0.72	0.237	3290	0.966	0.763	14763	0.933
ZAR1L	-5.65	8	-0.72	0.237	3291	0.966	0.763	14762	0.933
SMIM11	-4.89	6	-0.72	0.237	3292	0.966	0.763	14761	0.933
GTF2F1	-5.65	8	-0.72	0.237	3293	0.966	0.763	14760	0.933
MTL5	-5.65	8	-0.71	0.238	3294	0.966	0.762	14759	0.933
IKBKG	-5.65	8	-0.71	0.238	3295	0.966	0.762	14758	0.933
TTC24	-5.64	8	-0.71	0.238	3296	0.966	0.762	14757	0.933
HOXA3	-5.64	8	-0.71	0.238	3297	0.966	0.762	14756	0.933
TMEM87B	-5.64	8	-0.71	0.238	3298	0.966	0.762	14755	0.933
ITGAL	-5.64	8	-0.71	0.238	3299	0.966	0.762	14754	0.933
RASL10B	-5.64	8	-0.71	0.238	3300	0.966	0.762	14753	0.933
DNMT3L	-5.64	8	-0.71	0.238	3301	0.966	0.762	14752	0.933
RASSF6	-5.64	8	-0.71	0.238	3302	0.966	0.762	14751	0.933
FKBPL	-5.64	8	-0.71	0.238	3303	0.966	0.762	14750	0.933
PHB	-5.64	8	-0.71	0.238	3304	0.966	0.762	14749	0.933
FN3K	-5.64	8	-0.71	0.238	3305	0.966	0.762	14748	0.933
FITM1	-5.64	8	-0.71	0.238	3306	0.966	0.762	14747	0.933
MALT1	-5.64	8	-0.71	0.238	3307	0.966	0.762	14746	0.933
C15orf32	-4.88	6	-0.71	0.238	3308	0.966	0.762	14745	0.933
FAM163B	-5.64	8	-0.71	0.238	3309	0.966	0.762	14744	0.933
ATP4B	-5.63	8	-0.71	0.238	3310	0.966	0.762	14743	0.933
KCNK7	-5.63	8	-0.71	0.239	3311	0.966	0.761	14742	0.932
LHFPL1	-5.63	8	-0.71	0.239	3312	0.966	0.761	14741	0.932
MYCT1	-5.63	8	-0.71	0.239	3313	0.966	0.761	14740	0.932
CACNG2	-5.63	8	-0.71	0.239	3314	0.966	0.761	14739	0.932
MRPL10	-5.63	8	-0.71	0.239	3315	0.966	0.761	14738	0.932
CASQ2	-5.63	8	-0.71	0.239	3316	0.966	0.761	14737	0.932
SFR1	-5.63	8	-0.71	0.239	3317	0.966	0.761	14736	0.932
BDH2	-5.63	8	-0.71	0.239	3318	0.966	0.761	14735	0.932
TMEM175	-5.63	8	-0.71	0.239	3319	0.966	0.761	14734	0.932
LENG8	-5.63	8	-0.71	0.239	3320	0.966	0.761	14733	0.932
YPEL2	-5.63	8	-0.71	0.239	3321	0.966	0.761	14732	0.932
NR1D1	-5.63	8	-0.71	0.239	3322	0.966	0.761	14731	0.932
TXNDC2	-5.62	8	-0.71	0.239	3323	0.966	0.761	14730	0.932
ZCCHC7	-5.62	8	-0.71	0.239	3324	0.966	0.761	14729	0.932
LCMT2	-5.62	8	-0.71	0.239	3325	0.966	0.761	14728	0.932
SH3TC2	-5.62	8	-0.71	0.239	3326	0.966	0.761	14727	0.932
OR2H1	-5.62	8	-0.71	0.239	3327	0.966	0.761	14726	0.932
SOWAHB	-5.62	8	-0.71	0.239	3328	0.966	0.761	14725	0.932
CYTH3	-5.62	8	-0.71	0.239	3329	0.966	0.761	14724	0.932
C9orf37	-5.62	8	-0.71	0.239	3330	0.966	0.761	14723	0.932
GSG1L	-5.62	8	-0.71	0.239	3331	0.966	0.761	14722	0.932
RBM15	-5.62	8	-0.71	0.239	3332	0.966	0.761	14721	0.932
ARL4C	-5.62	8	-0.71	0.239	3333	0.966	0.761	14720	0.932
NKX2-8	-5.62	8	-0.71	0.239	3334	0.966	0.761	14719	0.932
RIPPLY2	-5.62	8	-0.71	0.239	3335	0.966	0.761	14718	0.932
GPR124	-5.62	8	-0.71	0.239	3336	0.966	0.761	14717	0.932
ATRNL1	-5.62	8	-0.71	0.239	3337	0.966	0.761	14716	0.932
RUNX3	-5.62	8	-0.71	0.239	3338	0.966	0.761	14715	0.932
METTL1	-5.62	8	-0.71	0.239	3339	0.966	0.761	14714	0.932
CAPZA2	-5.62	8	-0.71	0.24	3340	0.966	0.76	14713	0.932
KLHL31	-5.62	8	-0.71	0.24	3341	0.966	0.76	14712	0.932
ALG5	-5.62	8	-0.71	0.24	3342	0.966	0.76	14711	0.932
FAM160B2	-5.61	8	-0.71	0.24	3343	0.966	0.76	14710	0.932
ZNF576	-5.61	8	-0.71	0.24	3344	0.966	0.76	14709	0.932
BRPF1	-5.61	8	-0.71	0.24	3345	0.966	0.76	14708	0.932
C10orf2	-5.61	8	-0.71	0.24	3346	0.966	0.76	14707	0.932
PLEKHN1	-5.61	8	-0.71	0.24	3347	0.966	0.76	14706	0.932
ZDHHC2	-5.61	8	-0.71	0.24	3348	0.966	0.76	14705	0.932
IL19	-5.61	8	-0.71	0.24	3349	0.966	0.76	14704	0.932
PRDM2	-5.61	8	-0.70	0.241	3350	0.966	0.759	14703	0.932
C1orf64	-5.61	8	-0.70	0.241	3351	0.966	0.759	14702	0.932
HIST1H3I	-5.61	8	-0.70	0.241	3352	0.966	0.759	14701	0.932
TREM2	-5.61	8	-0.70	0.241	3353	0.966	0.759	14700	0.932
OR51L1	-5.60	8	-0.70	0.241	3354	0.966	0.759	14699	0.932
ZBTB37	-5.60	8	-0.70	0.241	3355	0.966	0.759	14698	0.932
SLC22A31	-5.60	8	-0.70	0.241	3356	0.966	0.759	14697	0.932
SHROOM3	-5.60	8	-0.70	0.241	3357	0.966	0.759	14696	0.932
LMOD2	-5.60	8	-0.70	0.241	3358	0.966	0.759	14695	0.932
DSEL	-5.60	8	-0.70	0.241	3359	0.966	0.759	14694	0.932
GPC4	-5.60	8	-0.70	0.241	3360	0.966	0.759	14693	0.932
ZBTB11	-5.60	8	-0.70	0.241	3361	0.966	0.759	14692	0.932
PRSS23	-5.60	8	-0.70	0.241	3362	0.966	0.759	14691	0.932
VPS16	-5.60	8	-0.70	0.241	3363	0.966	0.759	14690	0.932
USP22	-5.60	8	-0.70	0.241	3364	0.966	0.759	14689	0.932
SLC6A8	-5.60	8	-0.70	0.241	3365	0.966	0.759	14688	0.932
CLCN1	-5.59	8	-0.70	0.242	3366	0.966	0.758	14687	0.932
SLC13A2	-5.59	8	-0.70	0.242	3367	0.966	0.758	14686	0.932
SNAPC4	-5.59	8	-0.70	0.242	3368	0.966	0.758	14685	0.932
OR1J2	-5.59	8	-0.70	0.242	3369	0.966	0.758	14684	0.932
RHBDF2	-5.59	8	-0.70	0.242	3370	0.966	0.758	14683	0.932
ACSL3	-5.59	8	-0.70	0.242	3371	0.966	0.758	14682	0.932
CHKA	-5.59	8	-0.70	0.242	3372	0.966	0.758	14681	0.932
BTBD2	-5.59	8	-0.70	0.242	3373	0.966	0.758	14680	0.932
FAM118A	-5.59	8	-0.70	0.242	3374	0.966	0.758	14679	0.932
C7orf61	-5.59	8	-0.70	0.242	3375	0.966	0.758	14678	0.932
ZFPL1	-5.59	8	-0.70	0.242	3376	0.966	0.758	14677	0.932
DENND6B	-5.58	8	-0.70	0.242	3377	0.966	0.758	14676	0.932
CMTR2	-5.58	8	-0.70	0.242	3378	0.966	0.758	14675	0.932
NPTX2	-5.58	8	-0.70	0.242	3379	0.966	0.758	14674	0.932
VAMP4	-5.58	8	-0.70	0.242	3380	0.966	0.758	14673	0.932
PRRC2C	-5.58	8	-0.70	0.242	3381	0.966	0.758	14672	0.932
MTPN	-5.58	8	-0.70	0.242	3382	0.966	0.758	14671	0.932
FAM222B	-5.58	8	-0.70	0.242	3383	0.966	0.758	14670	0.932
BOD1L2	-5.58	8	-0.70	0.242	3384	0.966	0.758	14669	0.932
FAM124B	-5.58	8	-0.70	0.243	3385	0.966	0.757	14668	0.932
FCGBP	-5.58	8	-0.70	0.243	3386	0.966	0.757	14667	0.932
ZMYM2	-5.58	8	-0.70	0.243	3387	0.966	0.757	14666	0.932
DLGAP2	-5.58	8	-0.70	0.243	3388	0.966	0.757	14665	0.932
ASCC3	-5.58	8	-0.70	0.243	3389	0.966	0.757	14664	0.932
CDK5	-5.58	8	-0.70	0.243	3390	0.966	0.757	14663	0.932
SNAI2	-5.58	8	-0.70	0.243	3391	0.966	0.757	14662	0.932
OR52M1	-5.58	8	-0.70	0.243	3392	0.966	0.757	14661	0.932
RAPH1	-5.58	8	-0.70	0.243	3393	0.966	0.757	14660	0.932
TMEM8C	-5.57	8	-0.70	0.243	3394	0.966	0.757	14659	0.932
MRPS21	-5.57	8	-0.70	0.243	3395	0.966	0.757	14658	0.932
ZDHHC24	-5.57	8	-0.70	0.243	3396	0.966	0.757	14657	0.932
ZMAT1	-5.57	8	-0.70	0.243	3397	0.966	0.757	14656	0.932
ZSCAN20	-5.57	8	-0.70	0.243	3398	0.966	0.757	14655	0.932
FAM216B	-5.57	8	-0.70	0.243	3399	0.966	0.757	14654	0.932
ERVFRD-1	-5.57	8	-0.70	0.243	3400	0.966	0.757	14653	0.932
INPP5F	-5.57	8	-0.70	0.243	3401	0.966	0.757	14652	0.932
PATE3	-5.57	8	-0.70	0.243	3402	0.966	0.757	14651	0.932
KIAA0586	-5.57	8	-0.70	0.243	3403	0.966	0.757	14650	0.932
B4GALT2	-5.57	8	-0.70	0.243	3404	0.966	0.757	14649	0.932
TPGS2	-5.57	8	-0.70	0.243	3405	0.966	0.757	14648	0.932
BCAS3	-5.21	7	-0.69	0.244	3406	0.966	0.756	14647	0.932
TSPAN17	-5.57	8	-0.69	0.244	3407	0.966	0.756	14646	0.932
MAGEL2	-5.57	8	-0.69	0.244	3408	0.966	0.756	14645	0.932
LGALS3	-5.57	8	-0.69	0.244	3409	0.966	0.756	14644	0.932
ESF1	-5.57	8	-0.69	0.244	3410	0.966	0.756	14643	0.932
MRPL18	-5.56	8	-0.69	0.244	3411	0.966	0.756	14642	0.932
GSTA4	-5.56	8	-0.69	0.244	3412	0.966	0.756	14641	0.932
SMIM13	-5.56	8	-0.69	0.244	3413	0.966	0.756	14640	0.932
RBM44	-5.56	8	-0.69	0.244	3414	0.966	0.756	14639	0.932
PGRMC2	-5.56	8	-0.69	0.244	3415	0.966	0.756	14638	0.932
SET	-5.56	8	-0.69	0.244	3416	0.966	0.756	14637	0.932
HFE2	-5.56	8	-0.69	0.244	3417	0.966	0.756	14636	0.932
MTHFR	-5.56	8	-0.69	0.244	3418	0.966	0.756	14635	0.932
SLC2A11	-5.56	8	-0.69	0.244	3419	0.966	0.756	14634	0.932
CAPG	-5.56	8	-0.69	0.244	3420	0.966	0.756	14633	0.932
CCDC148	-5.56	8	-0.69	0.245	3421	0.966	0.755	14632	0.932
PRX	-5.55	8	-0.69	0.245	3422	0.966	0.755	14631	0.932
SF3B2	-5.55	8	-0.69	0.245	3423	0.966	0.755	14630	0.932
PAPL	-5.55	8	-0.69	0.245	3424	0.966	0.755	14629	0.932
TMEM169	-5.55	8	-0.69	0.245	3425	0.966	0.755	14628	0.932
VPS4A	-5.55	8	-0.69	0.245	3426	0.966	0.755	14627	0.932
SPANXD	-4.81	6	-0.69	0.245	3427	0.966	0.755	14626	0.932
03-Mar	-5.55	8	-0.69	0.245	3428	0.966	0.755	14625	0.932
COMMD4	-5.55	8	-0.69	0.245	3429	0.966	0.755	14624	0.932
ERMP1	-5.55	8	-0.69	0.245	3430	0.966	0.755	14623	0.932
KCTD17	-5.55	8	-0.69	0.245	3431	0.966	0.755	14622	0.932
NR5A1	-5.55	8	-0.69	0.245	3432	0.966	0.755	14621	0.932
HECTD3	-5.55	8	-0.69	0.245	3433	0.966	0.755	14620	0.932
HIST2H2AC	-2.77	2	-0.69	0.245	3434	0.966	0.755	14619	0.932
DNAJB6	-4.81	6	-0.69	0.245	3435	0.966	0.755	14618	0.932
CDK14	-5.55	8	-0.69	0.245	3436	0.966	0.755	14617	0.932
ADAMTS15	-5.55	8	-0.69	0.245	3437	0.966	0.755	14616	0.932
CALHM1	-5.55	8	-0.69	0.245	3438	0.966	0.755	14615	0.932
FAM215A	-5.55	8	-0.69	0.245	3439	0.966	0.755	14614	0.932
STARD13	-5.55	8	-0.69	0.245	3440	0.966	0.755	14613	0.932
ZNF526	-5.55	8	-0.69	0.245	3441	0.966	0.755	14612	0.932
DLL1	-5.55	8	-0.69	0.245	3442	0.966	0.755	14611	0.932
SBK1	-5.55	8	-0.69	0.245	3443	0.966	0.755	14610	0.932
STX5	-5.54	8	-0.69	0.245	3444	0.966	0.755	14609	0.932
YTHDC1	-5.54	8	-0.69	0.246	3445	0.966	0.754	14608	0.932
RNF14	-5.54	8	-0.69	0.246	3446	0.966	0.754	14607	0.932
SH3BP5	-5.54	8	-0.69	0.246	3447	0.966	0.754	14606	0.932
GPATCH1	-5.54	8	-0.69	0.246	3448	0.966	0.754	14605	0.932
CABLES1	-5.54	8	-0.69	0.246	3449	0.966	0.754	14604	0.932
TLL2	-5.54	8	-0.69	0.246	3450	0.966	0.754	14603	0.932
AAK1	-5.54	8	-0.69	0.246	3451	0.966	0.754	14602	0.932
PDCD6	-5.54	8	-0.69	0.246	3452	0.966	0.754	14601	0.932
HMX1	-5.54	8	-0.69	0.246	3453	0.966	0.754	14600	0.932
ADAM11	-5.54	8	-0.69	0.246	3454	0.966	0.754	14599	0.932
LMOD1	-5.54	8	-0.69	0.246	3455	0.966	0.754	14598	0.932
DGKH	-5.54	8	-0.69	0.246	3456	0.966	0.754	14597	0.932
RASGEF1C	-5.54	8	-0.69	0.246	3457	0.966	0.754	14596	0.932
PLRG1	-5.53	8	-0.69	0.246	3458	0.966	0.754	14595	0.932
C16orf62	-5.53	8	-0.69	0.246	3459	0.966	0.754	14594	0.932
KLF4	-5.53	8	-0.69	0.246	3460	0.966	0.754	14593	0.932
BYSL	-5.53	8	-0.69	0.246	3461	0.966	0.754	14592	0.932
CD300LF	-5.53	8	-0.69	0.246	3462	0.966	0.754	14591	0.932
SMPD2	-5.53	8	-0.69	0.246	3463	0.966	0.754	14590	0.932
WARS2	-5.53	8	-0.69	0.246	3464	0.966	0.754	14589	0.932
STXBP2	-5.53	8	-0.69	0.247	3465	0.966	0.753	14588	0.932
KIAA1211	-5.53	8	-0.69	0.247	3466	0.966	0.753	14587	0.932
ITGA11	-5.53	8	-0.69	0.247	3467	0.966	0.753	14586	0.932
MARS2	-5.53	8	-0.68	0.247	3468	0.966	0.753	14585	0.932
CDCA4	-5.53	8	-0.68	0.247	3469	0.966	0.753	14584	0.932
IL27	-5.53	8	-0.68	0.247	3470	0.966	0.753	14583	0.932
NAT16	-5.52	8	-0.68	0.247	3471	0.966	0.753	14582	0.932
CIRBP	-5.52	8	-0.68	0.247	3472	0.966	0.753	14581	0.932
C17orf62	-5.52	8	-0.68	0.247	3473	0.966	0.753	14580	0.932
RAB3B	-5.52	8	-0.68	0.247	3474	0.966	0.753	14579	0.932
TUSC2	-5.52	8	-0.68	0.248	3475	0.966	0.752	14578	0.932
TMEM54	-5.52	8	-0.68	0.248	3476	0.966	0.752	14577	0.932
KCNK4	-5.52	8	-0.68	0.248	3477	0.966	0.752	14576	0.932
BECN1	-5.52	8	-0.68	0.248	3478	0.966	0.752	14575	0.932
SYCE3	-5.52	8	-0.68	0.248	3479	0.966	0.752	14574	0.932
SIPA1L3	-5.52	8	-0.68	0.248	3480	0.966	0.752	14573	0.932
RSPO3	-5.52	8	-0.68	0.248	3481	0.966	0.752	14572	0.932
RAD51D	-5.51	8	-0.68	0.248	3482	0.966	0.752	14571	0.932
TIMM8B	-5.51	8	-0.68	0.248	3483	0.966	0.752	14570	0.932
SSC5D	-5.51	8	-0.68	0.248	3484	0.966	0.752	14569	0.932
TRIM58	-5.51	8	-0.68	0.248	3485	0.966	0.752	14568	0.932
MSH4	-5.51	8	-0.68	0.248	3486	0.966	0.752	14567	0.932
WDYHV1	-5.51	8	-0.68	0.248	3487	0.966	0.752	14566	0.932
RRP12	-5.15	7	-0.68	0.249	3488	0.966	0.751	14565	0.931
ADAM12	-5.51	8	-0.68	0.249	3489	0.966	0.751	14564	0.931
GMEB1	-5.51	8	-0.68	0.249	3490	0.966	0.751	14563	0.931
NOM1	-5.50	8	-0.68	0.249	3491	0.966	0.751	14562	0.931
C1orf74	-5.50	8	-0.68	0.249	3492	0.966	0.751	14561	0.931
MYBBP1A	-5.50	8	-0.68	0.249	3493	0.966	0.751	14560	0.931
COMMD6	-5.50	8	-0.68	0.249	3494	0.966	0.751	14559	0.931
RPH3AL	-5.50	8	-0.68	0.249	3495	0.966	0.751	14558	0.931
ARHGEF16	-5.50	8	-0.68	0.249	3496	0.966	0.751	14557	0.931
VAT1	-5.50	8	-0.68	0.249	3497	0.966	0.751	14556	0.931
PCYT1A	-5.50	8	-0.68	0.249	3498	0.966	0.751	14555	0.931
SERTAD3	-5.50	8	-0.68	0.249	3499	0.966	0.751	14554	0.931
TNIP1	-5.50	8	-0.68	0.249	3500	0.966	0.751	14553	0.931
VPS13C	-5.50	8	-0.68	0.249	3501	0.966	0.751	14552	0.931
PRSS54	-5.50	8	-0.68	0.249	3502	0.966	0.751	14551	0.931
TXLNB	-5.50	8	-0.68	0.249	3503	0.966	0.751	14550	0.931
ITM2B	-5.50	8	-0.68	0.249	3504	0.966	0.751	14549	0.931
GCAT	-5.50	8	-0.68	0.249	3505	0.966	0.751	14548	0.931
SLC38A6	-5.50	8	-0.68	0.249	3506	0.966	0.751	14547	0.931
GLE1	-5.49	8	-0.68	0.249	3507	0.966	0.751	14546	0.931
VPS26A	-5.49	8	-0.68	0.249	3508	0.966	0.751	14545	0.931
PAIP1	-5.49	8	-0.68	0.249	3509	0.966	0.751	14544	0.931
TMEM147	-5.49	8	-0.68	0.25	3510	0.966	0.75	14543	0.931
POP1	-5.14	7	-0.68	0.25	3511	0.966	0.75	14542	0.931
OR2Y1	-5.49	8	-0.68	0.25	3512	0.966	0.75	14541	0.931
PHF6	-5.49	8	-0.68	0.25	3513	0.966	0.75	14540	0.931
GOLGA6L2	-5.49	8	-0.68	0.25	3514	0.966	0.75	14539	0.931
OPA3	-4.76	6	-0.68	0.25	3515	0.966	0.75	14538	0.931
OR4K15	-5.49	8	-0.68	0.25	3516	0.966	0.75	14537	0.931
KLHL14	-5.49	8	-0.68	0.25	3517	0.966	0.75	14536	0.931
OAF	-5.49	8	-0.68	0.25	3518	0.966	0.75	14535	0.931
FKBP10	-5.49	8	-0.67	0.25	3519	0.966	0.75	14534	0.931
PNMA2	-5.49	8	-0.67	0.25	3520	0.966	0.75	14533	0.931
ABCC1	-5.49	8	-0.67	0.25	3521	0.966	0.75	14532	0.931
PACSIN2	-5.49	8	-0.67	0.25	3522	0.966	0.75	14531	0.931
C1orf194	-5.49	8	-0.67	0.25	3523	0.966	0.75	14530	0.931
FEV	-5.49	8	-0.67	0.25	3524	0.966	0.75	14529	0.931
MKS1	-5.49	8	-0.67	0.25	3525	0.966	0.75	14528	0.931
MED9	-5.48	8	-0.67	0.25	3526	0.966	0.75	14527	0.931
ABCC10	-5.48	8	-0.67	0.25	3527	0.966	0.75	14526	0.931
MAFK	-5.48	8	-0.67	0.25	3528	0.966	0.75	14525	0.931
OTUD5	-5.48	8	-0.67	0.251	3529	0.966	0.749	14524	0.931
PIGC	-5.48	8	-0.67	0.251	3530	0.966	0.749	14523	0.931
WDR47	-4.75	6	-0.67	0.251	3531	0.966	0.749	14522	0.931
FGA	-5.48	8	-0.67	0.251	3532	0.966	0.749	14521	0.931
C15orf48	-5.48	8	-0.67	0.251	3533	0.966	0.749	14520	0.931
TRMT1L	-5.48	8	-0.67	0.251	3534	0.966	0.749	14519	0.931
HOXC12	-5.48	8	-0.67	0.251	3535	0.966	0.749	14518	0.931
SMTN	-5.48	8	-0.67	0.251	3536	0.966	0.749	14517	0.931
OR2V1	-5.48	8	-0.67	0.251	3537	0.966	0.749	14516	0.931
TET3	-5.48	8	-0.67	0.251	3538	0.966	0.749	14515	0.931
CYP2U1	-5.47	8	-0.67	0.251	3539	0.966	0.749	14514	0.931
ZNF283	-5.47	8	-0.67	0.251	3540	0.966	0.749	14513	0.931
TWISTNB	-5.47	8	-0.67	0.251	3541	0.966	0.749	14512	0.931
OPRM1	-5.47	8	-0.67	0.251	3542	0.966	0.749	14511	0.931
OR10Q1	-5.47	8	-0.67	0.251	3543	0.966	0.749	14510	0.931
VPS37A	-5.47	8	-0.67	0.251	3544	0.966	0.749	14509	0.931
RNF146	-5.47	8	-0.67	0.251	3545	0.966	0.749	14508	0.931
MRPS7	-5.47	8	-0.67	0.251	3546	0.966	0.749	14507	0.931
UPK3B	-5.47	8	-0.67	0.251	3547	0.966	0.749	14506	0.931
TSPO	-5.47	8	-0.67	0.251	3548	0.966	0.749	14505	0.931
MAMDC4	-5.47	8	-0.67	0.251	3549	0.966	0.749	14504	0.931
SLC4A2	-5.47	8	-0.67	0.251	3550	0.966	0.749	14503	0.931
ANAPC10	-5.47	8	-0.67	0.252	3551	0.966	0.748	14502	0.931
CENPJ	-5.47	8	-0.67	0.252	3552	0.966	0.748	14501	0.931
MRPL27	-5.47	8	-0.67	0.252	3553	0.966	0.748	14500	0.931
CYP2A13	-5.47	8	-0.67	0.252	3554	0.966	0.748	14499	0.931
ZNF124	-5.47	8	-0.67	0.252	3555	0.966	0.748	14498	0.931
WBP1L	-5.47	8	-0.67	0.252	3556	0.966	0.748	14497	0.931
C11orf83	-5.47	8	-0.67	0.252	3557	0.966	0.748	14496	0.931
DDX18	-5.47	8	-0.67	0.252	3558	0.966	0.748	14495	0.931
SOX14	-5.47	8	-0.67	0.252	3559	0.966	0.748	14494	0.931
NLK	-5.46	8	-0.67	0.252	3560	0.966	0.748	14493	0.931
WDR36	-5.46	8	-0.67	0.252	3561	0.966	0.748	14492	0.931
PPM1D	-5.46	8	-0.67	0.252	3562	0.966	0.748	14491	0.931
RUSC2	-5.46	8	-0.67	0.252	3563	0.966	0.748	14490	0.931
STRN3	-5.46	8	-0.67	0.252	3564	0.966	0.748	14489	0.931
KISS1R	-5.46	8	-0.67	0.252	3565	0.966	0.748	14488	0.931
SYT12	-5.46	8	-0.67	0.252	3566	0.966	0.748	14487	0.931
CLU	-5.46	8	-0.67	0.253	3567	0.966	0.747	14486	0.931
CPA5	-5.46	8	-0.67	0.253	3568	0.966	0.747	14485	0.931
TPD52L2	-5.45	8	-0.67	0.253	3569	0.966	0.747	14484	0.931
CCNT2	-5.45	8	-0.67	0.253	3570	0.966	0.747	14483	0.931
FXYD7	-5.45	8	-0.67	0.253	3571	0.966	0.747	14482	0.931
SEMA4F	-5.45	8	-0.67	0.253	3572	0.966	0.747	14481	0.931
COL7A1	-5.45	8	-0.67	0.253	3573	0.966	0.747	14480	0.931
PGR	-5.45	8	-0.67	0.253	3574	0.966	0.747	14479	0.931
RNF169	-5.45	8	-0.66	0.253	3575	0.966	0.747	14478	0.931
EZR	-5.45	8	-0.66	0.253	3576	0.966	0.747	14477	0.931
SMOC1	-5.45	8	-0.66	0.253	3577	0.966	0.747	14476	0.931
ANTXR1	-5.45	8	-0.66	0.253	3578	0.966	0.747	14475	0.931
NECAB3	-5.44	8	-0.66	0.253	3579	0.966	0.747	14474	0.931
CCDC18	-5.44	8	-0.66	0.254	3580	0.966	0.746	14473	0.931
KLHL5	-5.44	8	-0.66	0.254	3581	0.966	0.746	14472	0.931
ATP6V0D1	-5.44	8	-0.66	0.254	3582	0.966	0.746	14471	0.931
OR51H1P	-5.44	8	-0.66	0.254	3583	0.966	0.746	14470	0.931
RRM2	-5.44	8	-0.66	0.254	3584	0.966	0.746	14469	0.931
TMEM132A	-5.44	8	-0.66	0.254	3585	0.966	0.746	14468	0.931
GGNBP2	-4.71	6	-0.66	0.254	3586	0.966	0.746	14467	0.931
FGF14	-5.43	8	-0.66	0.254	3587	0.966	0.746	14466	0.931
PON2	-5.43	8	-0.66	0.254	3588	0.966	0.746	14465	0.931
MAPK11	-5.43	8	-0.66	0.254	3589	0.966	0.746	14464	0.931
LMO2	-5.43	8	-0.66	0.254	3590	0.966	0.746	14463	0.931
GTPBP2	-5.43	8	-0.66	0.255	3591	0.966	0.745	14462	0.931
KRTAP5-1	-5.43	8	-0.66	0.255	3592	0.966	0.745	14461	0.93
MMP14	-5.43	8	-0.66	0.255	3593	0.966	0.745	14460	0.93
CASP9	-5.43	8	-0.66	0.255	3594	0.966	0.745	14459	0.93
DDO	-5.42	8	-0.66	0.255	3595	0.966	0.745	14458	0.93
KLHDC7B	-5.42	8	-0.66	0.255	3596	0.966	0.745	14457	0.93
OTOP1	-5.42	8	-0.66	0.255	3597	0.966	0.745	14456	0.93
ZNF444	-5.42	8	-0.66	0.255	3598	0.966	0.745	14455	0.93
TMEM92	-5.42	8	-0.66	0.255	3599	0.966	0.745	14454	0.93
TM2D2	-5.42	8	-0.66	0.255	3600	0.966	0.745	14453	0.93
PCOLCE	-5.42	8	-0.66	0.256	3601	0.966	0.744	14452	0.93
LRIT3	-5.42	8	-0.66	0.256	3602	0.966	0.744	14451	0.93
RHBDD2	-5.42	8	-0.66	0.256	3603	0.966	0.744	14450	0.93
TSHR	-5.42	8	-0.66	0.256	3604	0.966	0.744	14449	0.93
TMEM234	-5.41	8	-0.66	0.256	3605	0.966	0.744	14448	0.93
SAP30	-5.41	8	-0.66	0.256	3606	0.966	0.744	14447	0.93
VEGFB	-5.41	8	-0.66	0.256	3607	0.966	0.744	14446	0.93
FAM133B	-2.71	2	-0.66	0.256	3608	0.966	0.744	14445	0.93
SMAD2	-5.41	8	-0.66	0.256	3609	0.966	0.744	14444	0.93
PRIM1	-5.41	8	-0.65	0.256	3610	0.966	0.744	14443	0.93
GCSH	-5.41	8	-0.65	0.256	3611	0.966	0.744	14442	0.929
MOGAT2	-5.41	8	-0.65	0.257	3612	0.966	0.743	14441	0.929
PIGB	-5.41	8	-0.65	0.257	3613	0.966	0.743	14440	0.929
ABCD4	-5.41	8	-0.65	0.257	3614	0.966	0.743	14439	0.929
TRPV6	-5.40	8	-0.65	0.257	3615	0.966	0.743	14438	0.929
NCSTN	-5.40	8	-0.65	0.257	3616	0.966	0.743	14437	0.929
PSMB11	-5.40	8	-0.65	0.257	3617	0.966	0.743	14436	0.929
VEGFA	-5.40	8	-0.65	0.257	3618	0.966	0.743	14435	0.929
ANKRD34A	-5.40	8	-0.65	0.257	3619	0.966	0.743	14434	0.929
TRAF2	-5.40	8	-0.65	0.257	3620	0.966	0.743	14433	0.929
NUDCD2	-5.40	8	-0.65	0.257	3621	0.966	0.743	14432	0.929
GLIS3	-5.40	8	-0.65	0.257	3622	0.966	0.743	14431	0.929
PLEKHB1	-5.40	8	-0.65	0.257	3623	0.966	0.743	14430	0.929
BCAT2	-5.40	8	-0.65	0.257	3624	0.966	0.743	14429	0.929
LPHN2	-5.39	8	-0.65	0.258	3625	0.966	0.742	14428	0.929
VSIG4	-5.39	8	-0.65	0.258	3626	0.966	0.742	14427	0.929
PHF1	-5.39	8	-0.65	0.258	3627	0.966	0.742	14426	0.929
PIGO	-5.39	8	-0.65	0.258	3628	0.966	0.742	14425	0.929
C2orf88	-5.39	8	-0.65	0.258	3629	0.966	0.742	14424	0.929
ELOVL1	-5.39	8	-0.65	0.258	3630	0.966	0.742	14423	0.929
SLC43A2	-5.39	8	-0.65	0.258	3631	0.966	0.742	14422	0.929
TFAM	-5.39	8	-0.65	0.258	3632	0.966	0.742	14421	0.929
HOXA6	-5.39	8	-0.65	0.258	3633	0.966	0.742	14420	0.929
TIAL1	-5.39	8	-0.65	0.258	3634	0.966	0.742	14419	0.929
NQO1	-5.39	8	-0.65	0.258	3635	0.966	0.742	14418	0.929
PPP1R21	-5.39	8	-0.65	0.258	3636	0.966	0.742	14417	0.929
ATAT1	-5.39	8	-0.65	0.258	3637	0.966	0.742	14416	0.929
RPUSD3	-5.39	8	-0.65	0.258	3638	0.966	0.742	14415	0.929
HRAS	-5.39	8	-0.65	0.258	3639	0.966	0.742	14414	0.929
FGGY	-5.39	8	-0.65	0.258	3640	0.966	0.742	14413	0.929
MUSK	-5.38	8	-0.65	0.258	3641	0.966	0.742	14412	0.929
RFNG	-5.38	8	-0.65	0.258	3642	0.966	0.742	14411	0.929
FBXO25	-5.38	8	-0.65	0.259	3643	0.966	0.741	14410	0.929
C4orf17	-5.38	8	-0.65	0.259	3644	0.966	0.741	14409	0.929
PYGL	-5.38	8	-0.65	0.259	3645	0.966	0.741	14408	0.929
TUFT1	-5.38	8	-0.65	0.259	3646	0.966	0.741	14407	0.929
KATNB1	-5.38	8	-0.65	0.259	3647	0.966	0.741	14406	0.929
IFNGR2	-5.38	8	-0.65	0.259	3648	0.966	0.741	14405	0.929
UCP2	-5.37	8	-0.65	0.259	3649	0.966	0.741	14404	0.928
HRH1	-5.37	8	-0.65	0.259	3650	0.966	0.741	14403	0.928
ADCK1	-5.37	8	-0.65	0.259	3651	0.966	0.741	14402	0.928
COPRS	-5.37	8	-0.65	0.259	3652	0.966	0.741	14401	0.928
AP3D1	-5.37	8	-0.65	0.259	3653	0.966	0.741	14400	0.928
SLU7	-5.37	8	-0.65	0.259	3654	0.966	0.741	14399	0.928
HPN	-5.37	8	-0.65	0.259	3655	0.966	0.741	14398	0.928
DPF1	-5.37	8	-0.65	0.259	3656	0.966	0.741	14397	0.928
FAM217A	-5.37	8	-0.64	0.26	3657	0.966	0.74	14396	0.928
STK33	-5.37	8	-0.64	0.26	3658	0.966	0.74	14395	0.928
C4orf33	-4.65	6	-0.64	0.26	3659	0.966	0.74	14394	0.928
NME4	-5.36	8	-0.64	0.26	3660	0.966	0.74	14393	0.928
DRAXIN	-5.36	8	-0.64	0.26	3661	0.966	0.74	14392	0.928
PRRG2	-5.36	8	-0.64	0.26	3662	0.966	0.74	14391	0.928
CSPG4	-5.36	8	-0.64	0.26	3663	0.966	0.74	14390	0.928
ZNF326	-5.36	8	-0.64	0.26	3664	0.966	0.74	14389	0.928
TMPRSS2	-5.36	8	-0.64	0.26	3665	0.966	0.74	14388	0.928
MLLT11	-5.36	8	-0.64	0.261	3666	0.966	0.739	14387	0.928
RNF187	-5.36	8	-0.64	0.261	3667	0.966	0.739	14386	0.928
NHLRC1	-5.36	8	-0.64	0.261	3668	0.966	0.739	14385	0.928
RNF148	-5.35	8	-0.64	0.261	3669	0.966	0.739	14384	0.928
DNAJA1	-5.35	8	-0.64	0.261	3670	0.966	0.739	14383	0.928
REN	-5.35	8	-0.64	0.261	3671	0.966	0.739	14382	0.928
L2HGDH	-5.35	8	-0.64	0.261	3672	0.966	0.739	14381	0.928
FSHB	-5.35	8	-0.64	0.261	3673	0.966	0.739	14380	0.928
CHL1	-5.35	8	-0.64	0.261	3674	0.966	0.739	14379	0.927
KIF12	-5.35	8	-0.64	0.261	3675	0.966	0.739	14378	0.927
PEX2	-5.35	8	-0.64	0.261	3676	0.966	0.739	14377	0.927
GNAT2	-5.35	8	-0.64	0.261	3677	0.966	0.739	14376	0.927
ARHGAP29	-5.35	8	-0.64	0.261	3678	0.966	0.739	14375	0.927
RSPH3	-5.35	8	-0.64	0.261	3679	0.966	0.739	14374	0.927
FOS	-5.35	8	-0.64	0.262	3680	0.966	0.738	14373	0.927
GNAO1	-5.35	8	-0.64	0.262	3681	0.966	0.738	14372	0.927
PPP2R2B	-5.35	8	-0.64	0.262	3682	0.966	0.738	14371	0.927
TH	-5.34	8	-0.64	0.262	3683	0.966	0.738	14370	0.927
RABIF	-5.34	8	-0.64	0.262	3684	0.966	0.738	14369	0.927
GOLM1	-5.34	8	-0.64	0.262	3685	0.966	0.738	14368	0.927
DST	-5.34	8	-0.64	0.262	3686	0.966	0.738	14367	0.927
TMEM14B	-4.62	6	-0.64	0.262	3687	0.966	0.738	14366	0.927
POLR2G	-5.34	8	-0.64	0.262	3688	0.966	0.738	14365	0.927
PLEKHG2	-5.34	8	-0.64	0.262	3689	0.966	0.738	14364	0.927
C21orf2	-5.34	8	-0.64	0.262	3690	0.966	0.738	14363	0.927
MPDZ	-5.34	8	-0.64	0.262	3691	0.966	0.738	14362	0.927
GLCCI1	-5.34	8	-0.64	0.262	3692	0.966	0.738	14361	0.927
RBM15B	-5.34	8	-0.64	0.262	3693	0.966	0.738	14360	0.927
C10orf68	-5.33	8	-0.64	0.262	3694	0.966	0.738	14359	0.927
HAUS4	-5.33	8	-0.64	0.263	3695	0.966	0.737	14358	0.927
HOXA1	-5.33	8	-0.64	0.263	3696	0.966	0.737	14357	0.927
SLC9A6	-5.33	8	-0.64	0.263	3697	0.966	0.737	14356	0.927
GP1BB	-5.33	8	-0.64	0.263	3698	0.966	0.737	14355	0.927
DNAJC13	-5.33	8	-0.64	0.263	3699	0.966	0.737	14354	0.927
NEURL1B	-5.33	8	-0.63	0.263	3700	0.966	0.737	14353	0.927
NUTM1	-5.33	8	-0.63	0.263	3701	0.966	0.737	14352	0.927
OR4A5	-3.77	4	-0.63	0.263	3702	0.966	0.737	14351	0.927
COLEC12	-5.33	8	-0.63	0.263	3703	0.966	0.737	14350	0.927
RNF5	-5.33	8	-0.63	0.263	3704	0.966	0.737	14349	0.927
UXS1	-4.61	6	-0.63	0.263	3705	0.966	0.737	14348	0.927
MRPS16	-5.32	8	-0.63	0.263	3706	0.966	0.737	14347	0.927
CHKB	-5.32	8	-0.63	0.263	3707	0.966	0.737	14346	0.927
ZBTB2	-5.32	8	-0.63	0.263	3708	0.966	0.737	14345	0.927
PLEKHJ1	-5.32	8	-0.63	0.263	3709	0.966	0.737	14344	0.927
AOC3	-5.32	8	-0.63	0.263	3710	0.966	0.737	14343	0.927
TRMT13	-5.32	8	-0.63	0.263	3711	0.966	0.737	14342	0.927
MDS2	-5.32	8	-0.63	0.264	3712	0.966	0.736	14341	0.927
TPP2	-5.32	8	-0.63	0.264	3713	0.966	0.736	14340	0.927
OTOF	-5.32	8	-0.63	0.264	3714	0.966	0.736	14339	0.927
AGMO	-5.32	8	-0.63	0.264	3715	0.966	0.736	14338	0.927
C1orf87	-5.32	8	-0.63	0.264	3716	0.966	0.736	14337	0.927
SLC25A38	-5.32	8	-0.63	0.264	3717	0.966	0.736	14336	0.927
COPB2	-5.31	8	-0.63	0.264	3718	0.966	0.736	14335	0.927
TBX4	-5.31	8	-0.63	0.264	3719	0.966	0.736	14334	0.927
TBC1D24	-5.31	8	-0.63	0.264	3720	0.966	0.736	14333	0.927
CDK5RAP3	-5.31	8	-0.63	0.264	3721	0.966	0.736	14332	0.927
CCDC108	-5.31	8	-0.63	0.264	3722	0.966	0.736	14331	0.927
OTOS	-5.31	8	-0.63	0.264	3723	0.966	0.736	14330	0.927
MRPS14	-5.31	8	-0.63	0.265	3724	0.966	0.735	14329	0.926
SIGLEC5	-5.31	8	-0.63	0.265	3725	0.966	0.735	14328	0.926
NIPAL3	-5.31	8	-0.63	0.265	3726	0.966	0.735	14327	0.926
RANBP1	-5.30	8	-0.63	0.265	3727	0.966	0.735	14326	0.926
ETNK2	-5.30	8	-0.63	0.265	3728	0.966	0.735	14325	0.926
RALGPS2	-4.59	6	-0.63	0.265	3729	0.966	0.735	14324	0.926
AKAP14	-5.30	8	-0.63	0.265	3730	0.966	0.735	14323	0.926
ZBTB22	-5.30	8	-0.63	0.265	3731	0.966	0.735	14322	0.926
ACTG1	-5.30	8	-0.63	0.265	3732	0.966	0.735	14321	0.926
FBXO22	-5.30	8	-0.63	0.265	3733	0.966	0.735	14320	0.926
DVL1	-5.30	8	-0.63	0.265	3734	0.966	0.735	14319	0.926
DCDC2B	-5.30	8	-0.63	0.265	3735	0.966	0.735	14318	0.926
SOGA2	-5.30	8	-0.63	0.265	3736	0.966	0.735	14317	0.926
BAK1	-5.30	8	-0.63	0.266	3737	0.966	0.734	14316	0.926
TATDN2	-5.30	8	-0.63	0.266	3738	0.966	0.734	14315	0.926
HYAL2	-5.30	8	-0.63	0.266	3739	0.966	0.734	14314	0.926
APC	-5.29	8	-0.63	0.266	3740	0.966	0.734	14313	0.926
RTTN	-5.29	8	-0.63	0.266	3741	0.966	0.734	14312	0.926
ETFB	-5.29	8	-0.63	0.266	3742	0.966	0.734	14311	0.926
TRIM45	-5.29	8	-0.63	0.266	3743	0.966	0.734	14310	0.926
LRRC3	-5.29	8	-0.63	0.266	3744	0.966	0.734	14309	0.926
CEP135	-5.29	8	-0.63	0.266	3745	0.966	0.734	14308	0.926
UBXN6	-5.29	8	-0.63	0.266	3746	0.966	0.734	14307	0.926
RBM6	-5.29	8	-0.63	0.266	3747	0.966	0.734	14306	0.926
F5	-5.29	8	-0.62	0.266	3748	0.966	0.734	14305	0.926
SORD	-5.29	8	-0.62	0.266	3749	0.966	0.734	14304	0.926
KCNA7	-5.29	8	-0.62	0.266	3750	0.966	0.734	14303	0.926
QSOX1	-5.29	8	-0.62	0.266	3751	0.966	0.734	14302	0.926
SLC22A1	-5.28	8	-0.62	0.266	3752	0.966	0.734	14301	0.926
THEG	-5.28	8	-0.62	0.267	3753	0.966	0.733	14300	0.926
HLCS	-5.28	8	-0.62	0.267	3754	0.966	0.733	14299	0.926
RTN2	-5.28	8	-0.62	0.267	3755	0.966	0.733	14298	0.926
SLC4A1	-5.28	8	-0.62	0.267	3756	0.966	0.733	14297	0.925
RAVER2	-5.28	8	-0.62	0.267	3757	0.966	0.733	14296	0.925
XAF1	-5.28	8	-0.62	0.267	3758	0.966	0.733	14295	0.925
TSSK1B	-5.28	8	-0.62	0.267	3759	0.966	0.733	14294	0.925
HTR4	-5.28	8	-0.62	0.267	3760	0.966	0.733	14293	0.925
TCF24	-5.27	8	-0.62	0.267	3761	0.966	0.733	14292	0.925
DLD	-5.27	8	-0.62	0.267	3762	0.966	0.733	14291	0.925
GOLT1B	-5.27	8	-0.62	0.267	3763	0.966	0.733	14290	0.925
WNT2B	-5.27	8	-0.62	0.267	3764	0.966	0.733	14289	0.925
GSTA1	-3.73	4	-0.62	0.268	3765	0.966	0.732	14288	0.925
C11orf82	-5.27	8	-0.62	0.268	3766	0.966	0.732	14287	0.925
ZW10	-5.27	8	-0.62	0.268	3767	0.966	0.732	14286	0.925
FXYD3	-5.27	8	-0.62	0.268	3768	0.966	0.732	14285	0.925
UGT2B10	-3.73	4	-0.62	0.268	3769	0.966	0.732	14284	0.925
C20orf166	-5.27	8	-0.62	0.268	3770	0.966	0.732	14283	0.925
MAD2L1BP	-5.27	8	-0.62	0.268	3771	0.966	0.732	14282	0.925
GTF2H1	-5.27	8	-0.62	0.268	3772	0.966	0.732	14281	0.925
IL16	-5.27	8	-0.62	0.268	3773	0.966	0.732	14280	0.925
FAM3C	-5.27	8	-0.62	0.268	3774	0.966	0.732	14279	0.925
CARHSP1	-5.27	8	-0.62	0.268	3775	0.966	0.732	14278	0.925
SMYD5	-4.56	6	-0.62	0.268	3776	0.966	0.732	14277	0.925
ONECUT1	-5.27	8	-0.62	0.268	3777	0.966	0.732	14276	0.925
KRTAP15-1	-5.27	8	-0.62	0.268	3778	0.966	0.732	14275	0.925
PTGR1	-5.26	8	-0.62	0.268	3779	0.966	0.732	14274	0.925
ZNF800	-5.26	8	-0.62	0.268	3780	0.966	0.732	14273	0.925
FGF19	-5.26	8	-0.62	0.268	3781	0.966	0.732	14272	0.925
PLCH2	-5.26	8	-0.62	0.268	3782	0.966	0.732	14271	0.925
FKBP5	-5.26	8	-0.62	0.268	3783	0.966	0.732	14270	0.925
EDF1	-5.26	8	-0.62	0.268	3784	0.966	0.732	14269	0.925
LGALS1	-5.26	8	-0.62	0.268	3785	0.966	0.732	14268	0.925
SERPINB12	-5.26	8	-0.62	0.268	3786	0.966	0.732	14267	0.925
OR6B1	-5.26	8	-0.62	0.268	3787	0.966	0.732	14266	0.925
MREG	-5.26	8	-0.62	0.268	3788	0.966	0.732	14265	0.925
DPEP1	-5.26	8	-0.62	0.268	3789	0.966	0.732	14264	0.925
SRPK1	-5.26	8	-0.62	0.269	3790	0.966	0.731	14263	0.925
SMARCAD1	-5.26	8	-0.62	0.269	3791	0.966	0.731	14262	0.925
AMTN	-5.26	8	-0.62	0.269	3792	0.966	0.731	14261	0.925
POGK	-5.26	8	-0.62	0.269	3793	0.966	0.731	14260	0.925
RAI1	-5.25	8	-0.62	0.269	3794	0.966	0.731	14259	0.925
TOX	-5.25	8	-0.62	0.269	3795	0.966	0.731	14258	0.925
MRGPRD	-5.25	8	-0.62	0.269	3796	0.966	0.731	14257	0.925
TMEM145	-5.25	8	-0.62	0.269	3797	0.966	0.731	14256	0.925
FCGR2A	-5.25	8	-0.61	0.269	3798	0.966	0.731	14255	0.925
CHRM1	-5.25	8	-0.61	0.269	3799	0.966	0.731	14254	0.925
RP9	-5.25	8	-0.61	0.27	3800	0.966	0.73	14253	0.925
H1F0	-5.25	8	-0.61	0.27	3801	0.966	0.73	14252	0.925
DDAH2	-5.25	8	-0.61	0.27	3802	0.966	0.73	14251	0.925
PRLH	-4.54	6	-0.61	0.27	3803	0.966	0.73	14250	0.925
APLN	-5.24	8	-0.61	0.27	3804	0.966	0.73	14249	0.925
PRCD	-5.24	8	-0.61	0.27	3805	0.966	0.73	14248	0.925
KCNIP1	-5.24	8	-0.61	0.27	3806	0.966	0.73	14247	0.925
MLPH	-5.24	8	-0.61	0.27	3807	0.966	0.73	14246	0.925
C1orf229	-5.24	8	-0.61	0.27	3808	0.966	0.73	14245	0.925
ALPK1	-5.24	8	-0.61	0.27	3809	0.966	0.73	14244	0.925
SELENBP1	-5.24	8	-0.61	0.27	3810	0.966	0.73	14243	0.925
IGSF21	-5.24	8	-0.61	0.27	3811	0.966	0.73	14242	0.925
TRABD	-5.24	8	-0.61	0.271	3812	0.966	0.729	14241	0.925
RHOT2	-5.24	8	-0.61	0.271	3813	0.966	0.729	14240	0.925
SH3GL3	-5.23	8	-0.61	0.271	3814	0.966	0.729	14239	0.925
PLXNB3	-5.23	8	-0.61	0.271	3815	0.966	0.729	14238	0.925
SLX4	-4.90	7	-0.61	0.271	3816	0.966	0.729	14237	0.925
MAP3K2	-5.23	8	-0.61	0.271	3817	0.966	0.729	14236	0.925
DHDH	-5.23	8	-0.61	0.271	3818	0.966	0.729	14235	0.925
CECR5	-5.23	8	-0.61	0.271	3819	0.966	0.729	14234	0.925
AMOT	-5.23	8	-0.61	0.271	3820	0.966	0.729	14233	0.925
SETD8	-5.23	8	-0.61	0.271	3821	0.966	0.729	14232	0.924
OR14I1	-5.23	8	-0.61	0.271	3822	0.966	0.729	14231	0.924
KCNC4	-5.23	8	-0.61	0.271	3823	0.966	0.729	14230	0.924
MIOX	-5.23	8	-0.61	0.271	3824	0.966	0.729	14229	0.924
HEBP2	-5.22	8	-0.61	0.271	3825	0.966	0.729	14228	0.924
LSR	-5.22	8	-0.61	0.272	3826	0.966	0.728	14227	0.924
ZHX3	-5.22	8	-0.61	0.272	3827	0.966	0.728	14226	0.924
GPX2	-5.22	8	-0.61	0.272	3828	0.966	0.728	14225	0.924
MRPS24	-5.22	8	-0.61	0.272	3829	0.966	0.728	14224	0.924
RAMP3	-5.22	8	-0.61	0.272	3830	0.966	0.728	14223	0.924
BICD2	-5.22	8	-0.61	0.272	3831	0.966	0.728	14222	0.924
MRPL11	-5.22	8	-0.61	0.272	3832	0.966	0.728	14221	0.924
ACCS	-5.22	8	-0.61	0.272	3833	0.966	0.728	14220	0.924
FAM173B	-5.22	8	-0.61	0.272	3834	0.966	0.728	14219	0.924
WDR83	-5.22	8	-0.61	0.272	3835	0.966	0.728	14218	0.924
ABCA12	-5.22	8	-0.61	0.272	3836	0.966	0.728	14217	0.924
UBR2	-5.22	8	-0.61	0.272	3837	0.966	0.728	14216	0.924
KAT6A	-5.22	8	-0.61	0.272	3838	0.966	0.728	14215	0.924
HYDIN	-5.22	8	-0.61	0.272	3839	0.966	0.728	14214	0.924
C19orf68	-5.21	8	-0.61	0.272	3840	0.966	0.728	14213	0.924
KCNH2	-5.21	8	-0.61	0.272	3841	0.966	0.728	14212	0.924
PHF17	-5.21	8	-0.61	0.273	3842	0.966	0.727	14211	0.924
ARHGAP24	-5.21	8	-0.61	0.273	3843	0.966	0.727	14210	0.924
TMEM129	-5.21	8	-0.61	0.273	3844	0.966	0.727	14209	0.924
SLC24A2	-5.21	8	-0.60	0.273	3845	0.966	0.727	14208	0.924
LAMTOR4	-5.21	8	-0.60	0.273	3846	0.966	0.727	14207	0.924
CRIP3	-5.21	8	-0.60	0.273	3847	0.966	0.727	14206	0.924
GCKR	-5.21	8	-0.60	0.273	3848	0.966	0.727	14205	0.924
FGD3	-5.21	8	-0.60	0.273	3849	0.966	0.727	14204	0.924
CCDC114	-5.21	8	-0.60	0.273	3850	0.966	0.727	14203	0.924
USP50	-5.21	8	-0.60	0.273	3851	0.966	0.727	14202	0.924
C11orf84	-5.20	8	-0.60	0.273	3852	0.966	0.727	14201	0.924
CISD3	-5.20	8	-0.60	0.273	3853	0.966	0.727	14200	0.924
TALDO1	-5.20	8	-0.60	0.273	3854	0.966	0.727	14199	0.924
RAB40B	-5.20	8	-0.60	0.273	3855	0.966	0.727	14198	0.924
UBASH3A	-5.20	8	-0.60	0.273	3856	0.966	0.727	14197	0.924
CD164L2	-5.20	8	-0.60	0.273	3857	0.966	0.727	14196	0.924
CEMP1	-5.20	8	-0.60	0.273	3858	0.966	0.727	14195	0.924
PSORS1C2	-5.20	8	-0.60	0.273	3859	0.966	0.727	14194	0.924
OR4X1	-5.20	8	-0.60	0.274	3860	0.966	0.726	14193	0.924
OGG1	-5.20	8	-0.60	0.274	3861	0.966	0.726	14192	0.924
ITGB4	-5.20	8	-0.60	0.274	3862	0.966	0.726	14191	0.924
CXXC1	-5.20	8	-0.60	0.274	3863	0.966	0.726	14190	0.924
MKL2	-5.20	8	-0.60	0.274	3864	0.966	0.726	14189	0.924
OR51I2	-5.20	8	-0.60	0.274	3865	0.966	0.726	14188	0.924
SERINC1	-5.20	8	-0.60	0.274	3866	0.966	0.726	14187	0.924
F13B	-5.20	8	-0.60	0.274	3867	0.966	0.726	14186	0.924
GALNT13	-5.20	8	-0.60	0.274	3868	0.966	0.726	14185	0.924
SARDH	-5.19	8	-0.60	0.274	3869	0.966	0.726	14184	0.924
PTP4A1	-5.19	8	-0.60	0.274	3870	0.966	0.726	14183	0.924
HRH2	-5.19	8	-0.60	0.274	3871	0.966	0.726	14182	0.924
UFD1L	-5.19	8	-0.60	0.274	3872	0.966	0.726	14181	0.924
LEMD1	-5.19	8	-0.60	0.274	3873	0.966	0.726	14180	0.924
APBA1	-5.19	8	-0.60	0.274	3874	0.966	0.726	14179	0.924
AGPAT3	-5.19	8	-0.60	0.274	3875	0.966	0.726	14178	0.924
PTGDS	-5.19	8	-0.60	0.274	3876	0.966	0.726	14177	0.924
FADS2	-5.19	8	-0.60	0.274	3877	0.966	0.726	14176	0.924
CCDC17	-5.19	8	-0.60	0.274	3878	0.966	0.726	14175	0.924
GMPR	-5.19	8	-0.60	0.274	3879	0.966	0.726	14174	0.924
04-Mar	-5.19	8	-0.60	0.274	3880	0.966	0.726	14173	0.924
PSMC2	-5.19	8	-0.60	0.274	3881	0.966	0.726	14172	0.924
PCGF6	-5.19	8	-0.60	0.275	3882	0.966	0.725	14171	0.924
LSM1	-5.19	8	-0.60	0.275	3883	0.966	0.725	14170	0.924
IMPACT	-5.19	8	-0.60	0.275	3884	0.966	0.725	14169	0.924
SRCIN1	-5.19	8	-0.60	0.275	3885	0.966	0.725	14168	0.924
ISOC2	-5.18	8	-0.60	0.275	3886	0.966	0.725	14167	0.924
SLC12A7	-5.18	8	-0.60	0.275	3887	0.966	0.725	14166	0.924
NRBP1	-5.18	8	-0.60	0.275	3888	0.966	0.725	14165	0.924
GALE	-5.18	8	-0.60	0.275	3889	0.966	0.725	14164	0.924
C1orf56	-5.18	8	-0.60	0.275	3890	0.966	0.725	14163	0.924
SLBP	-5.18	8	-0.60	0.275	3891	0.966	0.725	14162	0.924
HPGD	-5.18	8	-0.60	0.275	3892	0.966	0.725	14161	0.924
SP8	-5.18	8	-0.60	0.275	3893	0.966	0.725	14160	0.924
NPBWR2	-5.18	8	-0.60	0.276	3894	0.966	0.724	14159	0.924
TMEM241	-5.18	8	-0.60	0.276	3895	0.966	0.724	14158	0.924
KATNA1	-5.18	8	-0.60	0.276	3896	0.966	0.724	14157	0.924
ZCWPW2	-5.17	8	-0.60	0.276	3897	0.966	0.724	14156	0.924
C11orf86	-5.17	8	-0.60	0.276	3898	0.966	0.724	14155	0.924
SSR1	-5.17	8	-0.60	0.276	3899	0.966	0.724	14154	0.924
ASCL2	-5.17	8	-0.60	0.276	3900	0.966	0.724	14153	0.924
SOX17	-5.17	8	-0.59	0.276	3901	0.966	0.724	14152	0.924
KIF7	-5.17	8	-0.59	0.276	3902	0.966	0.724	14151	0.924
LUC7L	-5.17	8	-0.59	0.276	3903	0.966	0.724	14150	0.924
C19orf26	-5.17	8	-0.59	0.276	3904	0.966	0.724	14149	0.924
ARF6	-5.17	8	-0.59	0.276	3905	0.966	0.724	14148	0.924
TMEM125	-5.17	8	-0.59	0.276	3906	0.966	0.724	14147	0.924
VSTM1	-5.17	8	-0.59	0.276	3907	0.966	0.724	14146	0.924
ALDOB	-5.17	8	-0.59	0.276	3908	0.966	0.724	14145	0.923
RASL10A	-5.16	8	-0.59	0.277	3909	0.966	0.723	14144	0.923
PSIP1	-5.16	8	-0.59	0.277	3910	0.966	0.723	14143	0.923
BEND6	-5.16	8	-0.59	0.277	3911	0.966	0.723	14142	0.923
CHRNB2	-5.16	8	-0.59	0.277	3912	0.966	0.723	14141	0.923
TMC5	-5.16	8	-0.59	0.277	3913	0.966	0.723	14140	0.923
LTB4R2	-5.16	8	-0.59	0.277	3914	0.966	0.723	14139	0.923
MYCBPAP	-5.16	8	-0.59	0.277	3915	0.966	0.723	14138	0.923
EGR4	-5.16	8	-0.59	0.277	3916	0.966	0.723	14137	0.923
DOK7	-5.16	8	-0.59	0.277	3917	0.966	0.723	14136	0.923
GCLC	-5.16	8	-0.59	0.277	3918	0.966	0.723	14135	0.923
TMEM229A	-5.16	8	-0.59	0.277	3919	0.966	0.723	14134	0.923
MCHR2	-5.15	8	-0.59	0.277	3920	0.966	0.723	14133	0.923
ST7	-5.15	8	-0.59	0.277	3921	0.966	0.723	14132	0.923
TSPAN33	-5.15	8	-0.59	0.278	3922	0.966	0.722	14131	0.923
SCP2	-5.15	8	-0.59	0.278	3923	0.966	0.722	14130	0.923
CHRAC1	-5.15	8	-0.59	0.278	3924	0.966	0.722	14129	0.923
DENND1C	-5.15	8	-0.59	0.278	3925	0.966	0.722	14128	0.923
MCCD1	-5.15	8	-0.59	0.278	3926	0.966	0.722	14127	0.923
FMR1NB	-5.15	8	-0.59	0.278	3927	0.966	0.722	14126	0.923
FCGR2B	-5.15	8	-0.59	0.278	3928	0.966	0.722	14125	0.923
SPAG17	-5.15	8	-0.59	0.278	3929	0.966	0.722	14124	0.923
NXT1	-5.15	8	-0.59	0.278	3930	0.966	0.722	14123	0.923
TEKT2	-5.14	8	-0.59	0.278	3931	0.966	0.722	14122	0.923
BCLAF1	-5.14	8	-0.59	0.278	3932	0.966	0.722	14121	0.923
SRRM2	-5.14	8	-0.59	0.278	3933	0.966	0.722	14120	0.923
MGAT3	-5.14	8	-0.59	0.278	3934	0.966	0.722	14119	0.923
SEMA6B	-5.14	8	-0.59	0.279	3935	0.966	0.721	14118	0.922
BMP5	-5.14	8	-0.59	0.279	3936	0.966	0.721	14117	0.922
LY6H	-5.14	8	-0.59	0.279	3937	0.966	0.721	14116	0.922
RGS4	-5.14	8	-0.59	0.279	3938	0.966	0.721	14115	0.922
TAL2	-5.14	8	-0.59	0.279	3939	0.966	0.721	14114	0.922
LAMP1	-5.14	8	-0.59	0.279	3940	0.966	0.721	14113	0.922
DDHD2	-5.14	8	-0.59	0.279	3941	0.966	0.721	14112	0.922
TBX15	-5.14	8	-0.59	0.279	3942	0.966	0.721	14111	0.922
SCNM1	-5.14	8	-0.59	0.279	3943	0.966	0.721	14110	0.922
SLC3A1	-5.14	8	-0.59	0.279	3944	0.966	0.721	14109	0.922
SAP30BP	-4.45	6	-0.59	0.279	3945	0.966	0.721	14108	0.922
TOR4A	-5.14	8	-0.59	0.279	3946	0.966	0.721	14107	0.922
SOX12	-5.14	8	-0.59	0.279	3947	0.966	0.721	14106	0.922
CADPS2	-5.13	8	-0.59	0.279	3948	0.966	0.721	14105	0.922
SNPH	-5.13	8	-0.59	0.279	3949	0.966	0.721	14104	0.922
CHST1	-5.13	8	-0.59	0.279	3950	0.966	0.721	14103	0.922
ZNF337	-5.13	8	-0.59	0.279	3951	0.966	0.721	14102	0.922
APBB1IP	-5.13	8	-0.59	0.279	3952	0.966	0.721	14101	0.922
TAPBPL	-5.13	8	-0.58	0.279	3953	0.966	0.721	14100	0.922
GCNT2	-5.13	8	-0.58	0.279	3954	0.966	0.721	14099	0.922
URM1	-5.13	8	-0.58	0.28	3955	0.966	0.72	14098	0.922
APOH	-5.13	8	-0.58	0.28	3956	0.966	0.72	14097	0.922
C1orf162	-5.13	8	-0.58	0.28	3957	0.966	0.72	14096	0.922
FAM189B	-5.13	8	-0.58	0.28	3958	0.966	0.72	14095	0.922
SORT1	-5.13	8	-0.58	0.28	3959	0.966	0.72	14094	0.922
GPR113	-5.13	8	-0.58	0.28	3960	0.966	0.72	14093	0.922
ST6GALNAC1	-5.13	8	-0.58	0.28	3961	0.966	0.72	14092	0.922
FSBP	-5.13	8	-0.58	0.28	3962	0.966	0.72	14091	0.922
AOX1	-5.13	8	-0.58	0.28	3963	0.966	0.72	14090	0.922
SAFB2	-5.13	8	-0.58	0.28	3964	0.966	0.72	14089	0.922
ZNF7	-5.13	8	-0.58	0.28	3965	0.966	0.72	14088	0.922
ERBB4	-5.12	8	-0.58	0.28	3966	0.966	0.72	14087	0.922
PTPN1	-5.12	8	-0.58	0.28	3967	0.966	0.72	14086	0.922
RABAC1	-5.12	8	-0.58	0.28	3968	0.966	0.72	14085	0.922
PIF1	-5.12	8	-0.58	0.28	3969	0.966	0.72	14084	0.922
BCL2L1	-5.12	8	-0.58	0.28	3970	0.966	0.72	14083	0.922
VWA9	-5.12	8	-0.58	0.28	3971	0.966	0.72	14082	0.922
GPR56	-5.12	8	-0.58	0.28	3972	0.966	0.72	14081	0.922
LMX1B	-5.12	8	-0.58	0.281	3973	0.966	0.719	14080	0.922
EMP2	-5.11	8	-0.58	0.281	3974	0.966	0.719	14079	0.922
H2BFM	-5.11	8	-0.58	0.281	3975	0.966	0.719	14078	0.922
LIX1L	-5.11	8	-0.58	0.281	3976	0.966	0.719	14077	0.922
HBZ	-5.11	8	-0.58	0.281	3977	0.966	0.719	14076	0.922
RARS	-5.11	8	-0.58	0.281	3978	0.966	0.719	14075	0.922
ANKRD52	-5.11	8	-0.58	0.281	3979	0.966	0.719	14074	0.922
PHGDH	-5.11	8	-0.58	0.281	3980	0.966	0.719	14073	0.922
HERC6	-5.11	8	-0.58	0.281	3981	0.966	0.719	14072	0.922
HIST1H2AA	-5.11	8	-0.58	0.281	3982	0.966	0.719	14071	0.922
ZNF93	-3.61	4	-0.58	0.281	3983	0.966	0.719	14070	0.922
RBM39	-5.11	8	-0.58	0.281	3984	0.966	0.719	14069	0.922
CDK3	-5.11	8	-0.58	0.281	3985	0.966	0.719	14068	0.922
PADI4	-5.11	8	-0.58	0.281	3986	0.966	0.719	14067	0.922
ZNF79	-5.11	8	-0.58	0.281	3987	0.966	0.719	14066	0.922
MIB2	-5.11	8	-0.58	0.281	3988	0.966	0.719	14065	0.922
GPR35	-5.11	8	-0.58	0.281	3989	0.966	0.719	14064	0.922
ANKRD39	-5.11	8	-0.58	0.281	3990	0.966	0.719	14063	0.922
C1orf192	-5.11	8	-0.58	0.281	3991	0.966	0.719	14062	0.922
ASAH2	-5.11	8	-0.58	0.282	3992	0.966	0.718	14061	0.922
HIBCH	-5.10	8	-0.58	0.282	3993	0.966	0.718	14060	0.922
TBX20	-5.10	8	-0.58	0.282	3994	0.966	0.718	14059	0.922
ANKRD36C	-5.10	8	-0.58	0.282	3995	0.966	0.718	14058	0.922
EPHA1	-5.10	8	-0.58	0.282	3996	0.966	0.718	14057	0.922
SHISA9	-5.10	8	-0.58	0.282	3997	0.966	0.718	14056	0.922
KLK1	-5.10	8	-0.58	0.282	3998	0.966	0.718	14055	0.922
SLC25A1	-5.10	8	-0.58	0.282	3999	0.966	0.718	14054	0.922
ZMIZ2	-5.10	8	-0.58	0.282	4000	0.966	0.718	14053	0.922
IBTK	-5.10	8	-0.58	0.282	4001	0.966	0.718	14052	0.922
IVNS1ABP	-5.10	8	-0.58	0.282	4002	0.966	0.718	14051	0.922
OR14J1	-5.09	8	-0.58	0.282	4003	0.966	0.718	14050	0.922
GATSL3	-5.09	8	-0.58	0.282	4004	0.966	0.718	14049	0.922
PDHX	-5.09	8	-0.58	0.282	4005	0.966	0.718	14048	0.922
SEMA4B	-5.09	8	-0.58	0.282	4006	0.966	0.718	14047	0.922
TJP3	-5.09	8	-0.58	0.282	4007	0.966	0.718	14046	0.922
PABPC1	-5.09	8	-0.58	0.283	4008	0.966	0.717	14045	0.922
GJA8	-5.09	8	-0.58	0.283	4009	0.966	0.717	14044	0.922
CSMD3	-5.09	8	-0.58	0.283	4010	0.966	0.717	14043	0.922
ZNF219	-5.09	8	-0.58	0.283	4011	0.966	0.717	14042	0.922
PLA2G10	-5.09	8	-0.57	0.283	4012	0.966	0.717	14041	0.922
HES6	-5.09	8	-0.57	0.283	4013	0.966	0.717	14040	0.922
SLC38A7	-5.09	8	-0.57	0.283	4014	0.966	0.717	14039	0.922
ZNF226	-5.09	8	-0.57	0.283	4015	0.966	0.717	14038	0.922
ORAI3	-5.09	8	-0.57	0.283	4016	0.966	0.717	14037	0.922
HNRNPUL1	-5.09	8	-0.57	0.283	4017	0.966	0.717	14036	0.922
CTSV	-5.09	8	-0.57	0.283	4018	0.966	0.717	14035	0.922
KIF20B	-5.09	8	-0.57	0.283	4019	0.966	0.717	14034	0.922
ASGR2	-5.09	8	-0.57	0.283	4020	0.966	0.717	14033	0.922
TDP2	-5.09	8	-0.57	0.283	4021	0.966	0.717	14032	0.922
SRSF4	-5.09	8	-0.57	0.283	4022	0.966	0.717	14031	0.922
SIRT1	-5.09	8	-0.57	0.283	4023	0.966	0.717	14030	0.922
FBXO44	-5.09	8	-0.57	0.283	4024	0.966	0.717	14029	0.922
IDNK	-5.09	8	-0.57	0.283	4025	0.966	0.717	14028	0.922
HIST1H1E	-5.09	8	-0.57	0.283	4026	0.966	0.717	14027	0.922
KCTD20	-5.09	8	-0.57	0.283	4027	0.966	0.717	14026	0.922
C16orf58	-5.08	8	-0.57	0.283	4028	0.966	0.717	14025	0.922
DLX6	-5.08	8	-0.57	0.283	4029	0.966	0.717	14024	0.922
IBA57-AS1	-5.08	8	-0.57	0.283	4030	0.966	0.717	14023	0.922
WIPF1	-5.08	8	-0.57	0.284	4031	0.966	0.716	14022	0.922
CD164	-5.08	8	-0.57	0.284	4032	0.966	0.716	14021	0.922
ADAMTSL3	-5.08	8	-0.57	0.284	4033	0.966	0.716	14020	0.922
TIFAB	-5.08	8	-0.57	0.284	4034	0.966	0.716	14019	0.922
CORO1A	-5.08	8	-0.57	0.284	4035	0.966	0.716	14018	0.922
PGLYRP4	-5.08	8	-0.57	0.284	4036	0.966	0.716	14017	0.922
TDRP	-5.07	8	-0.57	0.284	4037	0.966	0.716	14016	0.922
CRH	-5.07	8	-0.57	0.284	4038	0.966	0.716	14015	0.922
SOX13	-5.07	8	-0.57	0.284	4039	0.966	0.716	14014	0.922
PREPL	-5.07	8	-0.57	0.284	4040	0.966	0.716	14013	0.922
BCL9L	-5.07	8	-0.57	0.285	4041	0.966	0.715	14012	0.922
NUDT14	-4.39	6	-0.57	0.285	4042	0.966	0.715	14011	0.922
CHST8	-5.07	8	-0.57	0.285	4043	0.966	0.715	14010	0.922
ATP5H	-5.07	8	-0.57	0.285	4044	0.966	0.715	14009	0.922
MIIP	-5.07	8	-0.57	0.285	4045	0.966	0.715	14008	0.922
RIN3	-5.07	8	-0.57	0.285	4046	0.966	0.715	14007	0.922
ZNF211	-5.07	8	-0.57	0.285	4047	0.966	0.715	14006	0.922
PARN	-5.07	8	-0.57	0.285	4048	0.966	0.715	14005	0.922
ABCC8	-5.07	8	-0.57	0.285	4049	0.966	0.715	14004	0.922
BPHL	-5.07	8	-0.57	0.285	4050	0.966	0.715	14003	0.922
LACTB2	-5.06	8	-0.57	0.285	4051	0.966	0.715	14002	0.922
DTX4	-5.06	8	-0.57	0.285	4052	0.966	0.715	14001	0.922
ALPK2	-5.06	8	-0.57	0.285	4053	0.966	0.715	14000	0.922
XKR8	-5.06	8	-0.57	0.285	4054	0.966	0.715	13999	0.922
ITGB3BP	-3.58	4	-0.57	0.285	4055	0.966	0.715	13998	0.922
RELN	-5.06	8	-0.57	0.285	4056	0.966	0.715	13997	0.922
UCN2	-5.06	8	-0.57	0.285	4057	0.966	0.715	13996	0.922
OR51S1	-5.06	8	-0.57	0.285	4058	0.966	0.715	13995	0.922
TNFAIP8L2	-5.06	8	-0.57	0.285	4059	0.966	0.715	13994	0.922
PPT2	-5.06	8	-0.57	0.286	4060	0.966	0.714	13993	0.922
OVOL2	-5.06	8	-0.57	0.286	4061	0.966	0.714	13992	0.922
PTGES	-5.06	8	-0.57	0.286	4062	0.966	0.714	13991	0.922
C21orf33	-5.06	8	-0.57	0.286	4063	0.966	0.714	13990	0.922
RHOC	-5.06	8	-0.57	0.286	4064	0.966	0.714	13989	0.922
TP53	-5.06	8	-0.57	0.286	4065	0.966	0.714	13988	0.922
FAM155A	-5.05	8	-0.57	0.286	4066	0.966	0.714	13987	0.922
TRMT11	-5.05	8	-0.57	0.286	4067	0.966	0.714	13986	0.922
ANAPC16	-5.05	8	-0.56	0.286	4068	0.966	0.714	13985	0.922
ENTPD8	-5.05	8	-0.56	0.286	4069	0.966	0.714	13984	0.921
MTMR7	-5.05	8	-0.56	0.286	4070	0.966	0.714	13983	0.921
AK5	-5.05	8	-0.56	0.286	4071	0.966	0.714	13982	0.921
TBC1D10C	-5.05	8	-0.56	0.286	4072	0.966	0.714	13981	0.921
UBE3D	-5.05	8	-0.56	0.286	4073	0.966	0.714	13980	0.921
NACA	-5.05	8	-0.56	0.287	4074	0.966	0.713	13979	0.921
XRCC3	-5.05	8	-0.56	0.287	4075	0.966	0.713	13978	0.921
EXOC3L1	-5.05	8	-0.56	0.287	4076	0.966	0.713	13977	0.921
U2AF2	-5.05	8	-0.56	0.287	4077	0.966	0.713	13976	0.921
LGALS3BP	-5.04	8	-0.56	0.287	4078	0.966	0.713	13975	0.921
ASPN	-5.04	8	-0.56	0.287	4079	0.966	0.713	13974	0.921
VTI1B	-5.04	8	-0.56	0.287	4080	0.966	0.713	13973	0.921
GPR26	-5.04	8	-0.56	0.287	4081	0.966	0.713	13972	0.921
RPS27	-2.52	2	-0.56	0.287	4082	0.966	0.713	13971	0.921
ACER3	-5.04	8	-0.56	0.287	4083	0.966	0.713	13970	0.921
SLC22A3	-5.04	8	-0.56	0.287	4084	0.966	0.713	13969	0.921
PABPN1L	-5.04	8	-0.56	0.287	4085	0.966	0.713	13968	0.921
ARMCX4	-5.04	8	-0.56	0.287	4086	0.966	0.713	13967	0.921
PQLC2	-5.04	8	-0.56	0.287	4087	0.966	0.713	13966	0.921
SURF2	-5.04	8	-0.56	0.287	4088	0.966	0.713	13965	0.921
TST	-5.04	8	-0.56	0.287	4089	0.966	0.713	13964	0.921
ZMYND10	-5.04	8	-0.56	0.288	4090	0.966	0.712	13963	0.921
HAUS3	-5.03	8	-0.56	0.288	4091	0.966	0.712	13962	0.921
LACC1	-5.03	8	-0.56	0.288	4092	0.966	0.712	13961	0.921
NPW	-5.03	8	-0.56	0.288	4093	0.966	0.712	13960	0.921
C1orf226	-5.03	8	-0.56	0.288	4094	0.966	0.712	13959	0.921
TOMM40L	-5.03	8	-0.56	0.288	4095	0.966	0.712	13958	0.921
SLC25A42	-5.03	8	-0.56	0.288	4096	0.966	0.712	13957	0.921
PEX16	-5.03	8	-0.56	0.288	4097	0.966	0.712	13956	0.921
GOLPH3L	-5.03	8	-0.56	0.288	4098	0.966	0.712	13955	0.921
AMIGO1	-5.03	8	-0.56	0.288	4099	0.966	0.712	13954	0.921
LAMB4	-5.03	8	-0.56	0.288	4100	0.966	0.712	13953	0.921
SELRC1	-5.03	8	-0.56	0.288	4101	0.966	0.712	13952	0.921
SLC6A9	-5.03	8	-0.56	0.288	4102	0.966	0.712	13951	0.921
CYP7A1	-5.02	8	-0.56	0.288	4103	0.966	0.712	13950	0.921
BSCL2	-5.02	8	-0.56	0.289	4104	0.966	0.711	13949	0.921
ALKBH1	-5.02	8	-0.56	0.289	4105	0.966	0.711	13948	0.921
CYB5D1	-5.02	8	-0.56	0.289	4106	0.966	0.711	13947	0.921
ZNF672	-5.02	8	-0.56	0.289	4107	0.966	0.711	13946	0.921
WWP2	-5.02	8	-0.56	0.289	4108	0.966	0.711	13945	0.921
LOXL2	-5.02	8	-0.56	0.289	4109	0.966	0.711	13944	0.921
DAGLA	-4.35	6	-0.56	0.289	4110	0.966	0.711	13943	0.921
C6orf226	-5.02	8	-0.56	0.289	4111	0.966	0.711	13942	0.921
SPDEF	-5.02	8	-0.56	0.289	4112	0.966	0.711	13941	0.921
IRX5	-5.02	8	-0.56	0.289	4113	0.966	0.711	13940	0.921
C14orf177	-5.02	8	-0.56	0.289	4114	0.966	0.711	13939	0.921
GCLM	-5.02	8	-0.56	0.289	4115	0.966	0.711	13938	0.921
NDUFS1	-5.02	8	-0.56	0.289	4116	0.966	0.711	13937	0.921
CHM	-5.01	8	-0.56	0.289	4117	0.966	0.711	13936	0.921
PDXP	-5.01	8	-0.55	0.29	4118	0.966	0.71	13935	0.92
ZNF711	-5.01	8	-0.55	0.29	4119	0.966	0.71	13934	0.92
RABL5	-5.01	8	-0.55	0.29	4120	0.966	0.71	13933	0.92
FAM192A	-5.01	8	-0.55	0.29	4121	0.966	0.71	13932	0.92
SFSWAP	-5.01	8	-0.55	0.29	4122	0.966	0.71	13931	0.92
UGT8	-5.01	8	-0.55	0.29	4123	0.966	0.71	13930	0.92
PXT1	-5.01	8	-0.55	0.29	4124	0.966	0.71	13929	0.92
NEXN	-5.01	8	-0.55	0.29	4125	0.966	0.71	13928	0.92
DDA1	-5.01	8	-0.55	0.29	4126	0.966	0.71	13927	0.92
SH3RF1	-5.01	8	-0.55	0.29	4127	0.966	0.71	13926	0.92
AZI1	-5.01	8	-0.55	0.29	4128	0.966	0.71	13925	0.92
CSK	-5.01	8	-0.55	0.29	4129	0.966	0.71	13924	0.92
TCF23	-5.01	8	-0.55	0.29	4130	0.966	0.71	13923	0.92
ZNF551	-5.01	8	-0.55	0.29	4131	0.966	0.71	13922	0.92
ACSL4	-5.00	8	-0.55	0.29	4132	0.966	0.71	13921	0.92
VNN1	-4.33	6	-0.55	0.29	4133	0.966	0.71	13920	0.92
CLEC4G	-5.00	8	-0.55	0.29	4134	0.966	0.71	13919	0.92
BPI	-5.00	8	-0.55	0.291	4135	0.966	0.709	13918	0.92
ZCWPW1	-5.00	8	-0.55	0.291	4136	0.966	0.709	13917	0.92
NAGS	-5.00	8	-0.55	0.291	4137	0.966	0.709	13916	0.92
KIAA0408	-5.00	8	-0.55	0.291	4138	0.966	0.709	13915	0.92
IFI27L1	-5.00	8	-0.55	0.291	4139	0.966	0.709	13914	0.92
OR52B2	-4.99	8	-0.55	0.291	4140	0.966	0.709	13913	0.92
PTPRZ1	-4.99	8	-0.55	0.291	4141	0.966	0.709	13912	0.92
HSPBP1	-4.99	8	-0.55	0.291	4142	0.966	0.709	13911	0.92
NTPCR	-4.99	8	-0.55	0.291	4143	0.966	0.709	13910	0.92
RWDD2B	-4.99	8	-0.55	0.291	4144	0.966	0.709	13909	0.92
TEKT3	-4.99	8	-0.55	0.291	4145	0.966	0.709	13908	0.92
RCC2	-4.32	6	-0.55	0.292	4146	0.966	0.708	13907	0.92
ACOT4	-4.99	8	-0.55	0.292	4147	0.966	0.708	13906	0.92
RENBP	-4.99	8	-0.55	0.292	4148	0.966	0.708	13905	0.92
ABCB8	-4.99	8	-0.55	0.292	4149	0.966	0.708	13904	0.92
ZDHHC11	-4.99	8	-0.55	0.292	4150	0.966	0.708	13903	0.92
NAP1L5	-4.99	8	-0.55	0.292	4151	0.966	0.708	13902	0.92
MC1R	-4.98	8	-0.55	0.292	4152	0.966	0.708	13901	0.92
SNX10	-4.98	8	-0.55	0.292	4153	0.966	0.708	13900	0.92
ERCC1	-4.98	8	-0.55	0.292	4154	0.966	0.708	13899	0.92
CIR1	-4.98	8	-0.55	0.292	4155	0.966	0.708	13898	0.919
PPP2R5D	-4.98	8	-0.55	0.292	4156	0.966	0.708	13897	0.919
FAM65C	-4.98	8	-0.55	0.292	4157	0.966	0.708	13896	0.919
TRIB2	-4.98	8	-0.55	0.292	4158	0.966	0.708	13895	0.919
C1orf213	-4.98	8	-0.55	0.292	4159	0.966	0.708	13894	0.919
CAMKK1	-4.98	8	-0.55	0.292	4160	0.966	0.708	13893	0.919
DHX32	-4.98	8	-0.55	0.293	4161	0.966	0.707	13892	0.919
CTU2	-4.98	8	-0.55	0.293	4162	0.966	0.707	13891	0.919
OR5AP2	-4.97	8	-0.55	0.293	4163	0.966	0.707	13890	0.919
POTEC	-2.49	2	-0.55	0.293	4164	0.966	0.707	13889	0.919
TGM5	-4.65	7	-0.55	0.293	4165	0.966	0.707	13888	0.919
ZNF517	-4.97	8	-0.55	0.293	4166	0.966	0.707	13887	0.919
HELQ	-4.97	8	-0.54	0.293	4167	0.966	0.707	13886	0.919
ATG13	-4.97	8	-0.54	0.293	4168	0.966	0.707	13885	0.919
PLXDC1	-4.97	8	-0.54	0.293	4169	0.966	0.707	13884	0.919
MUC15	-4.97	8	-0.54	0.293	4170	0.966	0.707	13883	0.919
PPAN	-4.97	8	-0.54	0.293	4171	0.966	0.707	13882	0.919
FAM221B	-4.97	8	-0.54	0.293	4172	0.966	0.707	13881	0.919
HORMAD2	-4.97	8	-0.54	0.293	4173	0.966	0.707	13880	0.919
DNMT1	-4.97	8	-0.54	0.293	4174	0.966	0.707	13879	0.919
ZNF346	-4.97	8	-0.54	0.293	4175	0.966	0.707	13878	0.919
PTPRS	-4.97	8	-0.54	0.293	4176	0.966	0.707	13877	0.919
BUB1	-4.97	8	-0.54	0.294	4177	0.966	0.706	13876	0.919
TRPM2	-4.97	8	-0.54	0.294	4178	0.966	0.706	13875	0.919
SGOL1	-4.97	8	-0.54	0.294	4179	0.966	0.706	13874	0.919
TXNRD2	-4.96	8	-0.54	0.294	4180	0.966	0.706	13873	0.919
ING2	-4.96	8	-0.54	0.294	4181	0.966	0.706	13872	0.919
NKAPL	-4.96	8	-0.54	0.294	4182	0.966	0.706	13871	0.919
PPIL1	-4.96	8	-0.54	0.294	4183	0.966	0.706	13870	0.919
EFHD1	-4.96	8	-0.54	0.294	4184	0.966	0.706	13869	0.919
CDR2	-4.96	8	-0.54	0.294	4185	0.966	0.706	13868	0.919
CNPY4	-4.96	8	-0.54	0.294	4186	0.966	0.706	13867	0.919
UHRF1BP1	-4.96	8	-0.54	0.294	4187	0.966	0.706	13866	0.919
TMEM30A	-4.96	8	-0.54	0.294	4188	0.966	0.706	13865	0.919
C1orf174	-4.96	8	-0.54	0.294	4189	0.966	0.706	13864	0.919
HOXD12	-4.96	8	-0.54	0.294	4190	0.966	0.706	13863	0.919
DNA2	-4.96	8	-0.54	0.294	4191	0.966	0.706	13862	0.919
CPNE9	-4.95	8	-0.54	0.295	4192	0.966	0.705	13861	0.919
APOBEC2	-4.95	8	-0.54	0.295	4193	0.966	0.705	13860	0.919
MRPL47	-4.95	8	-0.54	0.295	4194	0.966	0.705	13859	0.919
FAM115C	-4.95	8	-0.54	0.295	4195	0.966	0.705	13858	0.919
JARID2	-4.95	8	-0.54	0.295	4196	0.966	0.705	13857	0.919
POLI	-4.95	8	-0.54	0.295	4197	0.966	0.705	13856	0.919
C13orf35	-4.95	8	-0.54	0.295	4198	0.966	0.705	13855	0.919
RNF207	-4.95	8	-0.54	0.295	4199	0.966	0.705	13854	0.919
BACH1	-4.95	8	-0.54	0.295	4200	0.966	0.705	13853	0.919
STIP1	-4.95	8	-0.54	0.295	4201	0.966	0.705	13852	0.919
FAM149B1	-4.95	8	-0.54	0.295	4202	0.966	0.705	13851	0.919
C1orf63	-4.95	8	-0.54	0.295	4203	0.966	0.705	13850	0.919
PRSS16	-4.95	8	-0.54	0.295	4204	0.966	0.705	13849	0.919
SAMD10	-4.95	8	-0.54	0.295	4205	0.966	0.705	13848	0.919
OR8D1	-4.95	8	-0.54	0.295	4206	0.966	0.705	13847	0.919
ATP8B1	-4.95	8	-0.54	0.295	4207	0.966	0.705	13846	0.919
TMPRSS3	-4.95	8	-0.54	0.295	4208	0.966	0.705	13845	0.919
ZNF232	-4.94	8	-0.54	0.295	4209	0.966	0.705	13844	0.919
RNASEH1	-4.94	8	-0.54	0.295	4210	0.966	0.705	13843	0.919
SLC35A2	-4.94	8	-0.54	0.296	4211	0.966	0.704	13842	0.919
IKZF2	-4.94	8	-0.54	0.296	4212	0.966	0.704	13841	0.919
LAMC3	-4.94	8	-0.54	0.296	4213	0.966	0.704	13840	0.919
ARFIP1	-4.94	8	-0.54	0.296	4214	0.966	0.704	13839	0.919
CHST3	-4.94	8	-0.54	0.296	4215	0.966	0.704	13838	0.918
CCDC127	-4.94	8	-0.54	0.296	4216	0.966	0.704	13837	0.918
RBM26	-4.94	8	-0.54	0.296	4217	0.966	0.704	13836	0.918
WLS	-4.93	8	-0.54	0.296	4218	0.966	0.704	13835	0.918
C1orf233	-4.93	8	-0.54	0.296	4219	0.966	0.704	13834	0.918
CDC42	-4.27	6	-0.54	0.296	4220	0.966	0.704	13833	0.918
SH3PXD2A	-4.93	8	-0.54	0.296	4221	0.966	0.704	13832	0.918
PLCE1	-4.93	8	-0.53	0.296	4222	0.966	0.704	13831	0.918
MS4A12	-4.93	8	-0.53	0.296	4223	0.966	0.704	13830	0.918
ATF3	-4.93	8	-0.53	0.297	4224	0.966	0.703	13829	0.918
FAM89A	-4.93	8	-0.53	0.297	4225	0.966	0.703	13828	0.918
HNRNPH3	-4.93	8	-0.53	0.297	4226	0.966	0.703	13827	0.918
LRRC70	-4.93	8	-0.53	0.297	4227	0.966	0.703	13826	0.918
NKX1-2	-4.93	8	-0.53	0.297	4228	0.966	0.703	13825	0.918
LOR	-4.93	8	-0.53	0.297	4229	0.966	0.703	13824	0.918
OLFML2A	-4.93	8	-0.53	0.297	4230	0.966	0.703	13823	0.918
POLD2	-4.93	8	-0.53	0.297	4231	0.966	0.703	13822	0.918
SPATA2	-4.93	8	-0.53	0.297	4232	0.966	0.703	13821	0.918
MED29	-4.92	8	-0.53	0.297	4233	0.966	0.703	13820	0.918
CLEC16A	-4.92	8	-0.53	0.297	4234	0.966	0.703	13819	0.918
B3GALT5	-4.92	8	-0.53	0.297	4235	0.966	0.703	13818	0.918
ANGPTL4	-4.92	8	-0.53	0.297	4236	0.966	0.703	13817	0.918
FERMT3	-4.92	8	-0.53	0.297	4237	0.966	0.703	13816	0.918
MRPL35	-4.92	8	-0.53	0.297	4238	0.966	0.703	13815	0.918
APOA5	-4.92	8	-0.53	0.297	4239	0.966	0.703	13814	0.918
FAM151B	-4.92	8	-0.53	0.297	4240	0.966	0.703	13813	0.918
NAALAD2	-4.92	8	-0.53	0.297	4241	0.966	0.703	13812	0.918
HEATR5A	-4.92	8	-0.53	0.297	4242	0.966	0.703	13811	0.918
LYPD5	-4.92	8	-0.53	0.297	4243	0.966	0.703	13810	0.918
FREM3	-4.92	8	-0.53	0.297	4244	0.966	0.703	13809	0.918
ST8SIA2	-4.92	8	-0.53	0.298	4245	0.966	0.702	13808	0.918
AKR7A3	-4.92	8	-0.53	0.298	4246	0.966	0.702	13807	0.918
MS4A6A	-4.92	8	-0.53	0.298	4247	0.966	0.702	13806	0.918
CKAP4	-4.92	8	-0.53	0.298	4248	0.966	0.702	13805	0.918
GPR61	-4.92	8	-0.53	0.298	4249	0.966	0.702	13804	0.918
DACT2	-4.92	8	-0.53	0.298	4250	0.966	0.702	13803	0.918
MRO	-4.92	8	-0.53	0.298	4251	0.966	0.702	13802	0.918
MRPL36	-4.91	8	-0.53	0.298	4252	0.966	0.702	13801	0.918
CNBD2	-4.91	8	-0.53	0.298	4253	0.966	0.702	13800	0.918
ZKSCAN4	-4.91	8	-0.53	0.298	4254	0.966	0.702	13799	0.918
PARP2	-4.91	8	-0.53	0.298	4255	0.966	0.702	13798	0.918
GCSAML	-4.91	8	-0.53	0.298	4256	0.966	0.702	13797	0.918
ZNF425	-4.91	8	-0.53	0.298	4257	0.966	0.702	13796	0.918
SIGMAR1	-4.91	8	-0.53	0.298	4258	0.966	0.702	13795	0.918
KCTD13	-4.91	8	-0.53	0.298	4259	0.966	0.702	13794	0.918
PRR7	-4.25	6	-0.53	0.298	4260	0.966	0.702	13793	0.918
ALDH5A1	-4.91	8	-0.53	0.299	4261	0.966	0.701	13792	0.918
FSCN1	-4.91	8	-0.53	0.299	4262	0.966	0.701	13791	0.918
ATAD2	-4.91	8	-0.53	0.299	4263	0.966	0.701	13790	0.918
FOXQ1	-4.91	8	-0.53	0.299	4264	0.966	0.701	13789	0.918
MYO5B	-4.91	8	-0.53	0.299	4265	0.966	0.701	13788	0.918
CUL7	-4.91	8	-0.53	0.299	4266	0.966	0.701	13787	0.918
ARMCX6	-4.91	8	-0.53	0.299	4267	0.966	0.701	13786	0.918
EFNA1	-4.91	8	-0.53	0.299	4268	0.966	0.701	13785	0.918
SIGLEC6	-4.90	8	-0.53	0.299	4269	0.966	0.701	13784	0.918
REEP4	-4.90	8	-0.53	0.299	4270	0.966	0.701	13783	0.918
IGSF3	-4.90	8	-0.53	0.299	4271	0.966	0.701	13782	0.918
ACAT2	-4.90	8	-0.53	0.299	4272	0.966	0.701	13781	0.918
TTC18	-4.90	8	-0.53	0.299	4273	0.966	0.701	13780	0.918
ATP9A	-4.90	8	-0.53	0.299	4274	0.966	0.701	13779	0.918
KCNS2	-4.90	8	-0.53	0.299	4275	0.966	0.701	13778	0.918
SLC45A4	-4.90	8	-0.53	0.299	4276	0.966	0.701	13777	0.918
SEMA3C	-4.90	8	-0.53	0.299	4277	0.966	0.701	13776	0.918
RDH13	-4.90	8	-0.53	0.299	4278	0.966	0.701	13775	0.918
NMU	-4.90	8	-0.53	0.3	4279	0.966	0.7	13774	0.918
MFSD10	-4.89	8	-0.53	0.3	4280	0.966	0.7	13773	0.918
TCFL5	-4.89	8	-0.52	0.3	4281	0.966	0.7	13772	0.918
OR2AJ1	-4.89	8	-0.52	0.3	4282	0.966	0.7	13771	0.918
EPB41L3	-4.89	8	-0.52	0.3	4283	0.966	0.7	13770	0.918
AURKC	-4.89	8	-0.52	0.3	4284	0.966	0.7	13769	0.918
RPS6KA5	-4.89	8	-0.52	0.3	4285	0.966	0.7	13768	0.918
LMO3	-4.89	8	-0.52	0.3	4286	0.966	0.7	13767	0.918
KIF22	-4.89	8	-0.52	0.3	4287	0.966	0.7	13766	0.918
FAM214A	-4.89	8	-0.52	0.3	4288	0.966	0.7	13765	0.918
ZNF587B	-4.23	6	-0.52	0.3	4289	0.966	0.7	13764	0.918
NCDN	-4.89	8	-0.52	0.3	4290	0.966	0.7	13763	0.918
EIF3K	-4.89	8	-0.52	0.3	4291	0.966	0.7	13762	0.918
PLB1	-4.89	8	-0.52	0.3	4292	0.966	0.7	13761	0.918
INTU	-4.89	8	-0.52	0.3	4293	0.966	0.7	13760	0.918
DSCAML1	-4.89	8	-0.52	0.3	4294	0.966	0.7	13759	0.918
TMEM194A	-4.89	8	-0.52	0.301	4295	0.966	0.699	13758	0.918
TFAP2A	-4.89	8	-0.52	0.301	4296	0.966	0.699	13757	0.918
TNFAIP8L1	-4.89	8	-0.52	0.301	4297	0.966	0.699	13756	0.918
FCGRT	-4.89	8	-0.52	0.301	4298	0.966	0.699	13755	0.918
OXA1L	-4.88	8	-0.52	0.301	4299	0.966	0.699	13754	0.918
PRMT6	-4.88	8	-0.52	0.301	4300	0.966	0.699	13753	0.918
IGDCC3	-4.88	8	-0.52	0.301	4301	0.966	0.699	13752	0.918
RAB17	-4.88	8	-0.52	0.301	4302	0.966	0.699	13751	0.918
TINAGL1	-4.88	8	-0.52	0.301	4303	0.966	0.699	13750	0.918
ISYNA1	-4.88	8	-0.52	0.301	4304	0.966	0.699	13749	0.918
RPRD2	-4.88	8	-0.52	0.301	4305	0.966	0.699	13748	0.918
PTGDR	-4.88	8	-0.52	0.301	4306	0.966	0.699	13747	0.918
COLCA2	-4.88	8	-0.52	0.301	4307	0.966	0.699	13746	0.918
NFATC4	-4.88	8	-0.52	0.301	4308	0.966	0.699	13745	0.918
PEX1	-4.88	8	-0.52	0.301	4309	0.966	0.699	13744	0.918
ADAMTS1	-4.88	8	-0.52	0.301	4310	0.966	0.699	13743	0.918
TNFRSF11B	-4.88	8	-0.52	0.301	4311	0.966	0.699	13742	0.918
TOMM5	-4.88	8	-0.52	0.301	4312	0.966	0.699	13741	0.918
TOP1	-4.88	8	-0.52	0.301	4313	0.966	0.699	13740	0.918
DHRS12	-4.88	8	-0.52	0.301	4314	0.966	0.699	13739	0.918
KRT25	-4.88	8	-0.52	0.301	4315	0.966	0.699	13738	0.918
VANGL2	-4.87	8	-0.52	0.301	4316	0.966	0.699	13737	0.918
PRSS12	-4.87	8	-0.52	0.301	4317	0.966	0.699	13736	0.918
OR1J4	-4.87	8	-0.52	0.302	4318	0.966	0.698	13735	0.918
BRAP	-4.87	8	-0.52	0.302	4319	0.966	0.698	13734	0.918
RHBG	-4.87	8	-0.52	0.302	4320	0.966	0.698	13733	0.918
MN1	-4.87	8	-0.52	0.302	4321	0.966	0.698	13732	0.918
SPINT1	-4.87	8	-0.52	0.302	4322	0.966	0.698	13731	0.918
RGS2	-4.87	8	-0.52	0.302	4323	0.966	0.698	13730	0.918
FTH1	-2.44	2	-0.52	0.302	4324	0.966	0.698	13729	0.918
PPFIBP2	-4.87	8	-0.52	0.302	4325	0.966	0.698	13728	0.918
TMEM99	-4.87	8	-0.52	0.302	4326	0.966	0.698	13727	0.918
MEFV	-4.87	8	-0.52	0.302	4327	0.966	0.698	13726	0.918
CA4	-4.86	8	-0.52	0.302	4328	0.966	0.698	13725	0.918
RBM5	-4.86	8	-0.52	0.302	4329	0.966	0.698	13724	0.918
KIF1B	-4.86	8	-0.52	0.302	4330	0.966	0.698	13723	0.918
HSF2	-4.86	8	-0.52	0.302	4331	0.966	0.698	13722	0.918
MYOCD	-4.86	8	-0.52	0.303	4332	0.966	0.697	13721	0.918
HLA-DMA	-4.86	8	-0.52	0.303	4333	0.966	0.697	13720	0.918
DRD4	-4.86	8	-0.52	0.303	4334	0.966	0.697	13719	0.918
MROH6	-4.86	8	-0.52	0.303	4335	0.966	0.697	13718	0.918
HBS1L	-4.86	8	-0.52	0.303	4336	0.966	0.697	13717	0.918
TBC1D2B	-4.86	8	-0.52	0.303	4337	0.966	0.697	13716	0.918
PHKG2	-4.86	8	-0.52	0.303	4338	0.966	0.697	13715	0.918
ITM2C	-4.86	8	-0.52	0.303	4339	0.966	0.697	13714	0.918
RNASE7	-4.21	6	-0.52	0.303	4340	0.966	0.697	13713	0.918
USP45	-4.86	8	-0.52	0.303	4341	0.966	0.697	13712	0.918
LRTM1	-4.86	8	-0.52	0.303	4342	0.966	0.697	13711	0.918
GATA6	-4.54	7	-0.52	0.303	4343	0.966	0.697	13710	0.918
FXYD6	-2.43	2	-0.52	0.303	4344	0.966	0.697	13709	0.918
CWF19L2	-4.85	8	-0.52	0.303	4345	0.966	0.697	13708	0.918
CSNK1E	-4.85	8	-0.51	0.303	4346	0.966	0.697	13707	0.918
KEAP1	-4.85	8	-0.51	0.303	4347	0.966	0.697	13706	0.918
ZNF397	-4.85	8	-0.51	0.303	4348	0.966	0.697	13705	0.918
SLC25A27	-4.85	8	-0.51	0.303	4349	0.966	0.697	13704	0.918
RDH14	-4.85	8	-0.51	0.303	4350	0.966	0.697	13703	0.918
ENOPH1	-4.85	8	-0.51	0.303	4351	0.966	0.697	13702	0.918
GALT	-4.85	8	-0.51	0.303	4352	0.966	0.697	13701	0.918
LHFPL4	-4.85	8	-0.51	0.304	4353	0.966	0.696	13700	0.918
SNX22	-4.85	8	-0.51	0.304	4354	0.966	0.696	13699	0.918
PIRT	-4.85	8	-0.51	0.304	4355	0.966	0.696	13698	0.918
ARHGEF10	-4.85	8	-0.51	0.304	4356	0.966	0.696	13697	0.918
APOL2	-4.85	8	-0.51	0.304	4357	0.966	0.696	13696	0.918
CNST	-4.85	8	-0.51	0.304	4358	0.966	0.696	13695	0.918
TNFRSF10A	-4.85	8	-0.51	0.304	4359	0.966	0.696	13694	0.918
PRR15L	-4.85	8	-0.51	0.304	4360	0.966	0.696	13693	0.918
NXPE4	-4.85	8	-0.51	0.304	4361	0.966	0.696	13692	0.918
OBSCN	-4.85	8	-0.51	0.304	4362	0.966	0.696	13691	0.918
PPP4R1	-4.84	8	-0.51	0.304	4363	0.966	0.696	13690	0.918
CD2	-4.84	8	-0.51	0.304	4364	0.966	0.696	13689	0.918
GLO1	-4.84	8	-0.51	0.304	4365	0.966	0.696	13688	0.918
ZNF331	-4.53	7	-0.51	0.304	4366	0.966	0.696	13687	0.918
BATF2	-4.84	8	-0.51	0.304	4367	0.966	0.696	13686	0.918
PCBP3	-4.84	8	-0.51	0.304	4368	0.966	0.696	13685	0.918
IDO2	-4.84	8	-0.51	0.304	4369	0.966	0.696	13684	0.918
SCAND3	-4.84	8	-0.51	0.304	4370	0.966	0.696	13683	0.918
MUT	-4.84	8	-0.51	0.304	4371	0.966	0.696	13682	0.918
CCNE1	-4.84	8	-0.51	0.304	4372	0.966	0.696	13681	0.918
FECH	-4.84	8	-0.51	0.304	4373	0.966	0.696	13680	0.918
OR10AG1	-4.84	8	-0.51	0.305	4374	0.966	0.695	13679	0.918
MORN2	-4.19	6	-0.51	0.305	4375	0.966	0.695	13678	0.918
MS4A7	-4.84	8	-0.51	0.305	4376	0.966	0.695	13677	0.918
CDKN2AIPNL	-4.84	8	-0.51	0.305	4377	0.966	0.695	13676	0.918
PDLIM4	-4.84	8	-0.51	0.305	4378	0.966	0.695	13675	0.918
C17orf77	-4.84	8	-0.51	0.305	4379	0.966	0.695	13674	0.918
GABPB1	-4.84	8	-0.51	0.305	4380	0.966	0.695	13673	0.918
PTGIR	-4.84	8	-0.51	0.305	4381	0.966	0.695	13672	0.918
TBC1D7	-4.84	8	-0.51	0.305	4382	0.966	0.695	13671	0.918
SMOC2	-4.83	8	-0.51	0.305	4383	0.966	0.695	13670	0.918
OLFM1	-4.83	8	-0.51	0.305	4384	0.966	0.695	13669	0.918
MR1	-4.83	8	-0.51	0.305	4385	0.966	0.695	13668	0.918
C8orf48	-4.83	8	-0.51	0.305	4386	0.966	0.695	13667	0.918
IFRD2	-4.83	8	-0.51	0.305	4387	0.966	0.695	13666	0.918
FAM196B	-4.83	8	-0.51	0.305	4388	0.966	0.695	13665	0.918
LYPD2	-4.83	8	-0.51	0.305	4389	0.966	0.695	13664	0.918
ZNF536	-4.83	8	-0.51	0.305	4390	0.966	0.695	13663	0.918
MIB1	-4.83	8	-0.51	0.305	4391	0.966	0.695	13662	0.918
ZNF90	-4.83	8	-0.51	0.305	4392	0.966	0.695	13661	0.918
CKB	-4.83	8	-0.51	0.305	4393	0.966	0.695	13660	0.918
SLC14A2	-4.83	8	-0.51	0.306	4394	0.966	0.694	13659	0.918
CAPN15	-4.83	8	-0.51	0.306	4395	0.966	0.694	13658	0.918
TAS2R3	-4.83	8	-0.51	0.306	4396	0.966	0.694	13657	0.918
SPA17	-4.83	8	-0.51	0.306	4397	0.966	0.694	13656	0.918
MYADML2	-4.82	8	-0.51	0.306	4398	0.966	0.694	13655	0.918
SPTBN1	-4.82	8	-0.51	0.306	4399	0.966	0.694	13654	0.918
FEZ1	-4.82	8	-0.51	0.306	4400	0.966	0.694	13653	0.918
LOXHD1	-4.82	8	-0.51	0.306	4401	0.966	0.694	13652	0.918
CRYZ	-4.82	8	-0.51	0.306	4402	0.966	0.694	13651	0.917
ADAM28	-4.82	8	-0.51	0.306	4403	0.966	0.694	13650	0.917
MAPK8IP2	-4.82	8	-0.51	0.306	4404	0.966	0.694	13649	0.917
B3GNT6	-4.82	8	-0.51	0.306	4405	0.966	0.694	13648	0.917
GPM6B	-4.82	8	-0.51	0.306	4406	0.966	0.694	13647	0.917
IDUA	-4.82	8	-0.51	0.306	4407	0.966	0.694	13646	0.917
MCRS1	-4.82	8	-0.51	0.306	4408	0.966	0.694	13645	0.917
LRP8	-4.82	8	-0.51	0.307	4409	0.966	0.693	13644	0.917
ZFP57	-4.82	8	-0.51	0.307	4410	0.966	0.693	13643	0.917
SMAP1	-4.82	8	-0.51	0.307	4411	0.966	0.693	13642	0.917
FICD	-4.82	8	-0.51	0.307	4412	0.966	0.693	13641	0.917
MYLK3	-4.81	8	-0.51	0.307	4413	0.966	0.693	13640	0.917
CRIP1	-4.81	8	-0.50	0.307	4414	0.966	0.693	13639	0.917
CHRND	-4.81	8	-0.50	0.307	4415	0.966	0.693	13638	0.917
SLC5A7	-4.81	8	-0.50	0.307	4416	0.966	0.693	13637	0.917
PIDD	-4.81	8	-0.50	0.307	4417	0.966	0.693	13636	0.917
ZCCHC16	-4.81	8	-0.50	0.307	4418	0.966	0.693	13635	0.917
PNKP	-4.81	8	-0.50	0.307	4419	0.966	0.693	13634	0.917
CCL21	-4.81	8	-0.50	0.307	4420	0.966	0.693	13633	0.917
NT5M	-4.81	8	-0.50	0.307	4421	0.966	0.693	13632	0.917
NEDD4L	-4.81	8	-0.50	0.307	4422	0.966	0.693	13631	0.917
NPC2	-4.81	8	-0.50	0.307	4423	0.966	0.693	13630	0.917
LMO1	-4.81	8	-0.50	0.307	4424	0.966	0.693	13629	0.917
RINT1	-4.81	8	-0.50	0.307	4425	0.966	0.693	13628	0.917
NKX6-3	-4.81	8	-0.50	0.307	4426	0.966	0.693	13627	0.917
FBP2	-4.81	8	-0.50	0.307	4427	0.966	0.693	13626	0.917
PRAP1	-4.81	8	-0.50	0.308	4428	0.966	0.692	13625	0.917
MANF	-4.81	8	-0.50	0.308	4429	0.966	0.692	13624	0.917
NTRK2	-4.81	8	-0.50	0.308	4430	0.966	0.692	13623	0.917
MS4A15	-4.80	8	-0.50	0.308	4431	0.966	0.692	13622	0.917
KIAA0907	-4.80	8	-0.50	0.308	4432	0.966	0.692	13621	0.917
SMARCE1	-4.80	8	-0.50	0.308	4433	0.966	0.692	13620	0.917
C19orf43	-4.80	8	-0.50	0.308	4434	0.966	0.692	13619	0.917
ARID5A	-4.80	8	-0.50	0.308	4435	0.966	0.692	13618	0.917
HAAO	-4.80	8	-0.50	0.308	4436	0.966	0.692	13617	0.917
JPH2	-4.80	8	-0.50	0.308	4437	0.966	0.692	13616	0.917
PCMT1	-4.80	8	-0.50	0.308	4438	0.966	0.692	13615	0.917
TFB1M	-4.80	8	-0.50	0.308	4439	0.966	0.692	13614	0.917
HSPA12A	-4.80	8	-0.50	0.308	4440	0.966	0.692	13613	0.917
NPAS4	-4.80	8	-0.50	0.308	4441	0.966	0.692	13612	0.917
MRPS10	-4.80	8	-0.50	0.308	4442	0.966	0.692	13611	0.917
MYLIP	-4.80	8	-0.50	0.308	4443	0.966	0.692	13610	0.917
ZNF704	-4.80	8	-0.50	0.308	4444	0.966	0.692	13609	0.917
RHBDD3	-4.79	8	-0.50	0.309	4445	0.966	0.691	13608	0.917
LHB	-4.79	8	-0.50	0.309	4446	0.966	0.691	13607	0.917
MVP	-4.79	8	-0.50	0.309	4447	0.966	0.691	13606	0.917
LTK	-4.79	8	-0.50	0.309	4448	0.966	0.691	13605	0.917
ACSF2	-4.79	8	-0.50	0.309	4449	0.966	0.691	13604	0.917
OR4C12	-4.79	8	-0.50	0.309	4450	0.966	0.691	13603	0.917
ENPP2	-4.79	8	-0.50	0.309	4451	0.966	0.691	13602	0.917
WFDC9	-4.79	8	-0.50	0.309	4452	0.966	0.691	13601	0.917
PNLIPRP1	-4.79	8	-0.50	0.309	4453	0.966	0.691	13600	0.917
ZNF691	-4.79	8	-0.50	0.309	4454	0.966	0.691	13599	0.917
B3GNTL1	-4.79	8	-0.50	0.309	4455	0.966	0.691	13598	0.917
KLLN	-4.78	8	-0.50	0.309	4456	0.966	0.691	13597	0.917
CEACAM19	-4.78	8	-0.50	0.309	4457	0.966	0.691	13596	0.917
C22orf24	-4.78	8	-0.50	0.31	4458	0.966	0.69	13595	0.917
TMEM186	-4.78	8	-0.50	0.31	4459	0.966	0.69	13594	0.917
PADI1	-4.78	8	-0.50	0.31	4460	0.966	0.69	13593	0.917
ADM	-4.78	8	-0.50	0.31	4461	0.966	0.69	13592	0.917
WDR38	-4.78	8	-0.50	0.31	4462	0.966	0.69	13591	0.917
PAFAH2	-4.78	8	-0.50	0.31	4463	0.966	0.69	13590	0.917
ZDHHC3	-4.78	8	-0.50	0.31	4464	0.966	0.69	13589	0.917
SYCP2L	-4.78	8	-0.50	0.31	4465	0.966	0.69	13588	0.917
PLA2G2D	-4.78	8	-0.50	0.31	4466	0.966	0.69	13587	0.917
SH2D5	-4.78	8	-0.50	0.31	4467	0.966	0.69	13586	0.917
GRP	-4.78	8	-0.50	0.31	4468	0.966	0.69	13585	0.917
CEP57L1	-4.78	8	-0.50	0.31	4469	0.966	0.69	13584	0.917
TTC6	-4.77	8	-0.50	0.31	4470	0.966	0.69	13583	0.917
ADD1	-4.77	8	-0.49	0.31	4471	0.966	0.69	13582	0.917
CACNA1H	-4.77	8	-0.49	0.31	4472	0.966	0.69	13581	0.917
OR4D11	-4.77	8	-0.49	0.311	4473	0.966	0.689	13580	0.917
RASSF8	-4.77	8	-0.49	0.311	4474	0.966	0.689	13579	0.916
OR7E24	-4.77	8	-0.49	0.311	4475	0.966	0.689	13578	0.916
RXRA	-4.13	6	-0.49	0.311	4476	0.966	0.689	13577	0.916
FTO	-4.77	8	-0.49	0.311	4477	0.966	0.689	13576	0.916
FAM175A	-4.77	8	-0.49	0.311	4478	0.966	0.689	13575	0.916
TMEM249	-4.77	8	-0.49	0.311	4479	0.966	0.689	13574	0.916
INTS8	-4.77	8	-0.49	0.311	4480	0.966	0.689	13573	0.916
CPPED1	-4.77	8	-0.49	0.311	4481	0.966	0.689	13572	0.916
LPPR5	-4.77	8	-0.49	0.311	4482	0.966	0.689	13571	0.916
ART3	-4.77	8	-0.49	0.311	4483	0.966	0.689	13570	0.916
UCP1	-4.77	8	-0.49	0.311	4484	0.966	0.689	13569	0.916
CCDC90B	-4.77	8	-0.49	0.311	4485	0.966	0.689	13568	0.916
HACE1	-4.76	8	-0.49	0.311	4486	0.966	0.689	13567	0.916
C2CD2L	-4.76	8	-0.49	0.311	4487	0.966	0.689	13566	0.916
WDR54	-4.76	8	-0.49	0.311	4488	0.966	0.689	13565	0.916
FAM131C	-4.76	8	-0.49	0.311	4489	0.966	0.689	13564	0.916
LAMA5	-4.76	8	-0.49	0.311	4490	0.966	0.689	13563	0.916
P2RY2	-4.76	8	-0.49	0.311	4491	0.966	0.689	13562	0.916
YPEL1	-4.76	8	-0.49	0.312	4492	0.966	0.688	13561	0.916
LCP2	-4.76	8	-0.49	0.312	4493	0.966	0.688	13560	0.916
PHF13	-4.76	8	-0.49	0.312	4494	0.966	0.688	13559	0.916
DNAJC3	-4.76	8	-0.49	0.312	4495	0.966	0.688	13558	0.916
MPZL1	-4.76	8	-0.49	0.312	4496	0.966	0.688	13557	0.916
CCDC28A	-4.76	8	-0.49	0.312	4497	0.966	0.688	13556	0.916
SCGB1A1	-4.76	8	-0.49	0.312	4498	0.966	0.688	13555	0.916
CCDC163P	-4.76	8	-0.49	0.312	4499	0.966	0.688	13554	0.916
CDK5R2	-4.75	8	-0.49	0.312	4500	0.966	0.688	13553	0.916
RBMX2	-4.75	8	-0.49	0.312	4501	0.966	0.688	13552	0.916
SETD6	-4.75	8	-0.49	0.312	4502	0.966	0.688	13551	0.916
SLC25A16	-4.75	8	-0.49	0.312	4503	0.966	0.688	13550	0.916
C19orf38	-4.75	8	-0.49	0.312	4504	0.966	0.688	13549	0.916
MET	-4.75	8	-0.49	0.313	4505	0.966	0.687	13548	0.916
RGMA	-4.75	8	-0.49	0.313	4506	0.966	0.687	13547	0.916
BAZ1A	-4.75	8	-0.49	0.313	4507	0.966	0.687	13546	0.916
SLC4A3	-4.75	8	-0.49	0.313	4508	0.966	0.687	13545	0.916
UBE2V2	-4.75	8	-0.49	0.313	4509	0.966	0.687	13544	0.916
CDCP2	-4.75	8	-0.49	0.313	4510	0.966	0.687	13543	0.916
ZNF350	-4.75	8	-0.49	0.313	4511	0.966	0.687	13542	0.916
BPIFB6	-4.75	8	-0.49	0.313	4512	0.966	0.687	13541	0.916
FAM159A	-4.74	8	-0.49	0.313	4513	0.966	0.687	13540	0.916
PDDC1	-4.74	8	-0.49	0.313	4514	0.966	0.687	13539	0.916
FNBP4	-4.74	8	-0.49	0.313	4515	0.966	0.687	13538	0.916
SAMD9L	-4.74	8	-0.49	0.313	4516	0.966	0.687	13537	0.916
OR3A3	-4.74	8	-0.49	0.313	4517	0.966	0.687	13536	0.916
ALKBH3	-4.74	8	-0.49	0.313	4518	0.966	0.687	13535	0.916
CLN8	-4.74	8	-0.49	0.313	4519	0.966	0.687	13534	0.916
TRIM43	-4.74	8	-0.49	0.313	4520	0.966	0.687	13533	0.916
OR5H14	-4.10	6	-0.49	0.313	4521	0.966	0.687	13532	0.916
GFI1	-4.74	8	-0.49	0.314	4522	0.966	0.686	13531	0.916
SPAST	-4.74	8	-0.49	0.314	4523	0.966	0.686	13530	0.916
CTDSPL	-4.74	8	-0.49	0.314	4524	0.966	0.686	13529	0.916
RPL26L1	-4.74	8	-0.49	0.314	4525	0.966	0.686	13528	0.916
QRICH2	-4.74	8	-0.49	0.314	4526	0.966	0.686	13527	0.916
PRPS1	-4.74	8	-0.49	0.314	4527	0.966	0.686	13526	0.916
C11orf35	-4.74	8	-0.49	0.314	4528	0.966	0.686	13525	0.916
BMP4	-4.73	8	-0.48	0.314	4529	0.966	0.686	13524	0.916
TMEM203	-4.73	8	-0.48	0.314	4530	0.966	0.686	13523	0.916
DOK6	-4.73	8	-0.48	0.314	4531	0.966	0.686	13522	0.916
BMPR1B	-4.43	7	-0.48	0.314	4532	0.966	0.686	13521	0.916
WDHD1	-4.73	8	-0.48	0.314	4533	0.966	0.686	13520	0.916
BAG5	-4.73	8	-0.48	0.314	4534	0.966	0.686	13519	0.916
RASSF4	-4.73	8	-0.48	0.314	4535	0.966	0.686	13518	0.916
TMEM255B	-4.73	8	-0.48	0.314	4536	0.966	0.686	13517	0.916
TRIM16	-4.73	8	-0.48	0.314	4537	0.966	0.686	13516	0.916
C2CD4C	-4.73	8	-0.48	0.314	4538	0.966	0.686	13515	0.916
MPPED1	-4.73	8	-0.48	0.314	4539	0.966	0.686	13514	0.916
PAPD4	-4.73	8	-0.48	0.314	4540	0.966	0.686	13513	0.916
TXNDC17	-4.73	8	-0.48	0.314	4541	0.966	0.686	13512	0.916
TM9SF1	-4.73	8	-0.48	0.314	4542	0.966	0.686	13511	0.916
HINT3	-4.73	8	-0.48	0.314	4543	0.966	0.686	13510	0.916
QPRT	-4.73	8	-0.48	0.314	4544	0.966	0.686	13509	0.916
COLEC10	-4.73	8	-0.48	0.314	4545	0.966	0.686	13508	0.916
TYMP	-4.73	8	-0.48	0.315	4546	0.966	0.685	13507	0.916
MIEN1	-4.73	8	-0.48	0.315	4547	0.966	0.685	13506	0.916
CDC5L	-4.73	8	-0.48	0.315	4548	0.966	0.685	13505	0.916
DPM3	-4.72	8	-0.48	0.315	4549	0.966	0.685	13504	0.916
KIF26B	-4.72	8	-0.48	0.315	4550	0.966	0.685	13503	0.916
SNX19	-4.72	8	-0.48	0.315	4551	0.966	0.685	13502	0.916
ODF2	-4.72	8	-0.48	0.315	4552	0.966	0.685	13501	0.916
SAYSD1	-4.72	8	-0.48	0.315	4553	0.966	0.685	13500	0.916
IL13RA1	-4.72	8	-0.48	0.315	4554	0.966	0.685	13499	0.916
HIVEP1	-4.72	8	-0.48	0.315	4555	0.966	0.685	13498	0.916
HMGN3	-4.72	8	-0.48	0.315	4556	0.966	0.685	13497	0.916
INS	-4.72	8	-0.48	0.315	4557	0.966	0.685	13496	0.916
CD151	-4.72	8	-0.48	0.315	4558	0.966	0.685	13495	0.916
DAAM1	-4.72	8	-0.48	0.315	4559	0.966	0.685	13494	0.916
C16orf54	-4.71	8	-0.48	0.316	4560	0.966	0.684	13493	0.916
PATL1	-4.71	8	-0.48	0.316	4561	0.966	0.684	13492	0.916
MTSS1	-4.71	8	-0.48	0.316	4562	0.966	0.684	13491	0.916
SLFNL1	-4.71	8	-0.48	0.316	4563	0.966	0.684	13490	0.916
LST1	-4.71	8	-0.48	0.316	4564	0.966	0.684	13489	0.916
POU4F1	-4.71	8	-0.48	0.316	4565	0.966	0.684	13488	0.916
PRICKLE4	-4.71	8	-0.48	0.316	4566	0.966	0.684	13487	0.916
FOXH1	-4.71	8	-0.48	0.316	4567	0.966	0.684	13486	0.916
IFITM1	-4.71	8	-0.48	0.316	4568	0.966	0.684	13485	0.916
PRAMEF12	-4.71	8	-0.48	0.316	4569	0.966	0.684	13484	0.916
WRAP53	-4.71	8	-0.48	0.316	4570	0.966	0.684	13483	0.916
ISL2	-4.71	8	-0.48	0.316	4571	0.966	0.684	13482	0.916
PACRG	-4.71	8	-0.48	0.316	4572	0.966	0.684	13481	0.916
RMDN3	-4.71	8	-0.48	0.316	4573	0.966	0.684	13480	0.916
BRICD5	-4.71	8	-0.48	0.316	4574	0.966	0.684	13479	0.916
TMEM63B	-4.71	8	-0.48	0.316	4575	0.966	0.684	13478	0.916
NWD1	-4.71	8	-0.48	0.316	4576	0.966	0.684	13477	0.916
LRRC41	-4.70	8	-0.48	0.316	4577	0.966	0.684	13476	0.916
NFKBIL1	-4.70	8	-0.48	0.317	4578	0.966	0.683	13475	0.915
SPOCK2	-4.70	8	-0.48	0.317	4579	0.966	0.683	13474	0.915
UTS2B	-4.70	8	-0.48	0.317	4580	0.966	0.683	13473	0.915
CBL	-4.70	8	-0.48	0.317	4581	0.966	0.683	13472	0.915
C14orf1	-4.70	8	-0.48	0.317	4582	0.966	0.683	13471	0.915
PTPRN2	-4.70	8	-0.48	0.317	4583	0.966	0.683	13470	0.915
DCAF6	-4.70	8	-0.48	0.317	4584	0.966	0.683	13469	0.915
VPS52	-4.70	8	-0.48	0.317	4585	0.966	0.683	13468	0.915
RCAN2	-4.70	8	-0.48	0.317	4586	0.966	0.683	13467	0.915
CBLN4	-4.70	8	-0.48	0.317	4587	0.966	0.683	13466	0.915
AGO1	-4.70	8	-0.48	0.317	4588	0.966	0.683	13465	0.915
G6PC	-4.69	8	-0.47	0.317	4589	0.966	0.683	13464	0.915
PIN1	-4.69	8	-0.47	0.318	4590	0.966	0.682	13463	0.915
URB2	-4.69	8	-0.47	0.318	4591	0.966	0.682	13462	0.915
ABCC3	-4.69	8	-0.47	0.318	4592	0.966	0.682	13461	0.915
HIP1	-4.69	8	-0.47	0.318	4593	0.966	0.682	13460	0.915
ZNF222	-4.06	6	-0.47	0.318	4594	0.966	0.682	13459	0.915
PBOV1	-4.06	6	-0.47	0.318	4595	0.966	0.682	13458	0.915
SAMD1	-4.69	8	-0.47	0.318	4596	0.966	0.682	13457	0.915
C2orf78	-4.69	8	-0.47	0.318	4597	0.966	0.682	13456	0.915
RFPL2	-4.69	8	-0.47	0.318	4598	0.966	0.682	13455	0.915
CEP41	-4.68	8	-0.47	0.318	4599	0.966	0.682	13454	0.915
VIMP	-4.68	8	-0.47	0.318	4600	0.966	0.682	13453	0.915
MTIF2	-4.68	8	-0.47	0.318	4601	0.966	0.682	13452	0.915
RNF135	-4.68	8	-0.47	0.319	4602	0.966	0.681	13451	0.914
RPS21	-4.68	8	-0.47	0.319	4603	0.966	0.681	13450	0.914
NEMF	-4.68	8	-0.47	0.319	4604	0.966	0.681	13449	0.914
C3orf67	-4.68	8	-0.47	0.319	4605	0.966	0.681	13448	0.914
ZNF214	-4.68	8	-0.47	0.319	4606	0.966	0.681	13447	0.914
CYP2D6	-4.68	8	-0.47	0.319	4607	0.966	0.681	13446	0.914
UBE3A	-4.67	8	-0.47	0.319	4608	0.966	0.681	13445	0.914
TXNDC12	-4.67	8	-0.47	0.319	4609	0.966	0.681	13444	0.914
RNF39	-4.67	8	-0.47	0.319	4610	0.966	0.681	13443	0.914
AGK	-4.67	8	-0.47	0.319	4611	0.966	0.681	13442	0.914
ZSWIM8	-4.67	8	-0.47	0.319	4612	0.966	0.681	13441	0.914
TP53INP2	-4.67	8	-0.47	0.319	4613	0.966	0.681	13440	0.914
PCBD1	-4.67	8	-0.47	0.319	4614	0.966	0.681	13439	0.914
ASIC3	-4.67	8	-0.47	0.319	4615	0.966	0.681	13438	0.914
ARFRP1	-4.67	8	-0.47	0.319	4616	0.966	0.681	13437	0.914
MGAT4B	-4.67	8	-0.47	0.32	4617	0.966	0.68	13436	0.914
ETV1	-4.67	8	-0.47	0.32	4618	0.966	0.68	13435	0.914
AFAP1L2	-4.67	8	-0.47	0.32	4619	0.966	0.68	13434	0.914
KMT2C	-4.67	8	-0.47	0.32	4620	0.966	0.68	13433	0.914
ATG4B	-4.67	8	-0.47	0.32	4621	0.966	0.68	13432	0.914
DYX1C1	-4.67	8	-0.47	0.32	4622	0.966	0.68	13431	0.914
SECTM1	-4.67	8	-0.47	0.32	4623	0.966	0.68	13430	0.914
RGS8	-4.67	8	-0.47	0.32	4624	0.966	0.68	13429	0.914
CCDC141	-3.30	4	-0.47	0.32	4625	0.966	0.68	13428	0.914
ARFGEF1	-4.67	8	-0.47	0.32	4626	0.966	0.68	13427	0.914
WWC2	-4.66	8	-0.47	0.32	4627	0.966	0.68	13426	0.914
WDR44	-4.66	8	-0.47	0.32	4628	0.966	0.68	13425	0.914
PCP2	-4.66	8	-0.47	0.32	4629	0.966	0.68	13424	0.914
KIF13A	-4.66	8	-0.47	0.32	4630	0.966	0.68	13423	0.914
COG8	-4.66	8	-0.47	0.32	4631	0.966	0.68	13422	0.914
RTKN2	-4.66	8	-0.47	0.32	4632	0.966	0.68	13421	0.914
SLC39A14	-4.66	8	-0.47	0.32	4633	0.966	0.68	13420	0.914
ZFYVE27	-4.66	8	-0.47	0.321	4634	0.966	0.679	13419	0.914
SMAD7	-4.66	8	-0.47	0.321	4635	0.966	0.679	13418	0.914
ZBTB18	-4.66	8	-0.47	0.321	4636	0.966	0.679	13417	0.914
SGPP2	-4.66	8	-0.47	0.321	4637	0.966	0.679	13416	0.914
CPAMD8	-4.66	8	-0.47	0.321	4638	0.966	0.679	13415	0.914
EFS	-4.66	8	-0.47	0.321	4639	0.966	0.679	13414	0.914
SIGLEC8	-4.66	8	-0.47	0.321	4640	0.966	0.679	13413	0.914
TFPI	-4.65	8	-0.46	0.321	4641	0.966	0.679	13412	0.914
GLTSCR1	-4.65	8	-0.46	0.321	4642	0.966	0.679	13411	0.914
CEBPA	-4.65	8	-0.46	0.321	4643	0.966	0.679	13410	0.914
C9orf53	-4.65	8	-0.46	0.321	4644	0.966	0.679	13409	0.914
FOXA3	-4.65	8	-0.46	0.321	4645	0.966	0.679	13408	0.914
AMT	-4.65	8	-0.46	0.321	4646	0.966	0.679	13407	0.914
CRBN	-4.65	8	-0.46	0.321	4647	0.966	0.679	13406	0.914
ANKRD40	-4.65	8	-0.46	0.321	4648	0.966	0.679	13405	0.914
TMEM201	-4.65	8	-0.46	0.321	4649	0.966	0.679	13404	0.914
KLK12	-4.65	8	-0.46	0.321	4650	0.966	0.679	13403	0.914
NMI	-4.65	8	-0.46	0.321	4651	0.966	0.679	13402	0.914
DLST	-4.65	8	-0.46	0.321	4652	0.966	0.679	13401	0.914
DNASE1L2	-4.65	8	-0.46	0.321	4653	0.966	0.679	13400	0.914
PPP6R1	-4.65	8	-0.46	0.321	4654	0.966	0.679	13399	0.914
SSBP4	-4.65	8	-0.46	0.321	4655	0.966	0.679	13398	0.914
PLCB3	-4.65	8	-0.46	0.322	4656	0.966	0.678	13397	0.914
ZMPSTE24	-4.65	8	-0.46	0.322	4657	0.966	0.678	13396	0.914
NUDT22	-4.65	8	-0.46	0.322	4658	0.966	0.678	13395	0.914
NAPRT1	-4.65	8	-0.46	0.322	4659	0.966	0.678	13394	0.914
HSPA13	-4.65	8	-0.46	0.322	4660	0.966	0.678	13393	0.914
GUCY2F	-4.65	8	-0.46	0.322	4661	0.966	0.678	13392	0.914
GGCX	-4.64	8	-0.46	0.322	4662	0.966	0.678	13391	0.914
KHNYN	-4.64	8	-0.46	0.322	4663	0.966	0.678	13390	0.914
PKP4	-4.64	8	-0.46	0.322	4664	0.966	0.678	13389	0.914
C9orf139	-4.64	8	-0.46	0.322	4665	0.966	0.678	13388	0.914
OR4D6	-4.64	8	-0.46	0.323	4666	0.966	0.677	13387	0.914
TAAR6	-4.64	8	-0.46	0.323	4667	0.966	0.677	13386	0.913
WBSCR28	-4.64	8	-0.46	0.323	4668	0.966	0.677	13385	0.913
HMOX2	-4.64	8	-0.46	0.323	4669	0.966	0.677	13384	0.913
SPATA2L	-4.63	8	-0.46	0.323	4670	0.966	0.677	13383	0.913
VHLL	-4.63	8	-0.46	0.323	4671	0.966	0.677	13382	0.913
FANCG	-4.63	8	-0.46	0.323	4672	0.966	0.677	13381	0.913
RAB4B	-4.63	8	-0.46	0.323	4673	0.966	0.677	13380	0.913
HCRTR2	-4.63	8	-0.46	0.323	4674	0.966	0.677	13379	0.913
CNOT7	-4.63	8	-0.46	0.323	4675	0.966	0.677	13378	0.913
EML6	-4.63	8	-0.46	0.323	4676	0.966	0.677	13377	0.913
COL10A1	-4.63	8	-0.46	0.324	4677	0.966	0.676	13376	0.913
TMIGD2	-4.63	8	-0.46	0.324	4678	0.966	0.676	13375	0.913
CYB5B	-4.63	8	-0.46	0.324	4679	0.966	0.676	13374	0.913
LRFN3	-4.63	8	-0.46	0.324	4680	0.966	0.676	13373	0.913
CHIA	-4.62	8	-0.46	0.324	4681	0.966	0.676	13372	0.913
EXOC8	-4.62	8	-0.46	0.324	4682	0.966	0.676	13371	0.913
TRUB1	-4.00	6	-0.46	0.324	4683	0.966	0.676	13370	0.913
CARD8	-4.62	8	-0.46	0.324	4684	0.966	0.676	13369	0.913
CCDC40	-4.62	8	-0.46	0.324	4685	0.966	0.676	13368	0.913
CLCN3	-4.62	8	-0.46	0.324	4686	0.966	0.676	13367	0.913
AKR1B1	-4.62	8	-0.46	0.324	4687	0.966	0.676	13366	0.913
OR56B4	-4.62	8	-0.46	0.324	4688	0.966	0.676	13365	0.912
SGK494	-4.61	8	-0.45	0.325	4689	0.966	0.675	13364	0.912
ANO9	-4.61	8	-0.45	0.325	4690	0.966	0.675	13363	0.912
ANKRD27	-4.61	8	-0.45	0.325	4691	0.966	0.675	13362	0.912
FN3KRP	-4.61	8	-0.45	0.325	4692	0.966	0.675	13361	0.912
EPN3	-4.61	8	-0.45	0.325	4693	0.966	0.675	13360	0.912
DUSP5	-4.61	8	-0.45	0.325	4694	0.966	0.675	13359	0.912
COMMD10	-4.61	8	-0.45	0.325	4695	0.966	0.675	13358	0.912
MED17	-4.61	8	-0.45	0.325	4696	0.966	0.675	13357	0.912
CXCL16	-4.61	8	-0.45	0.325	4697	0.966	0.675	13356	0.912
TCN1	-4.61	8	-0.45	0.325	4698	0.966	0.675	13355	0.912
GREB1	-4.61	8	-0.45	0.325	4699	0.966	0.675	13354	0.912
GDF6	-4.61	8	-0.45	0.325	4700	0.966	0.675	13353	0.912
SYCE2	-4.61	8	-0.45	0.325	4701	0.966	0.675	13352	0.912
FIBP	-4.61	8	-0.45	0.325	4702	0.966	0.675	13351	0.912
AOC1	-4.61	8	-0.45	0.325	4703	0.966	0.675	13350	0.912
GNAT1	-4.61	8	-0.45	0.325	4704	0.966	0.675	13349	0.912
C7orf10	-4.61	8	-0.45	0.325	4705	0.966	0.675	13348	0.912
TRNT1	-4.61	8	-0.45	0.325	4706	0.966	0.675	13347	0.912
IVL	-4.61	8	-0.45	0.325	4707	0.966	0.675	13346	0.912
CLPTM1	-4.60	8	-0.45	0.326	4708	0.966	0.674	13345	0.912
JAGN1	-4.60	8	-0.45	0.326	4709	0.966	0.674	13344	0.912
ARG2	-4.60	8	-0.45	0.326	4710	0.966	0.674	13343	0.912
METTL2A	-3.25	4	-0.45	0.326	4711	0.966	0.674	13342	0.912
LRTOMT	-4.60	8	-0.45	0.326	4712	0.966	0.674	13341	0.912
U2SURP	-4.60	8	-0.45	0.326	4713	0.966	0.674	13340	0.912
SLCO3A1	-4.60	8	-0.45	0.326	4714	0.966	0.674	13339	0.912
HOXD9	-4.60	8	-0.45	0.326	4715	0.966	0.674	13338	0.912
NEK1	-4.60	8	-0.45	0.326	4716	0.966	0.674	13337	0.912
ALDH4A1	-4.60	8	-0.45	0.326	4717	0.966	0.674	13336	0.912
NUP210	-4.60	8	-0.45	0.326	4718	0.966	0.674	13335	0.912
LY9	-4.60	8	-0.45	0.326	4719	0.966	0.674	13334	0.912
PLEKHO2	-4.60	8	-0.45	0.326	4720	0.966	0.674	13333	0.912
ZNF197	-4.60	8	-0.45	0.326	4721	0.966	0.674	13332	0.912
TPP1	-4.60	8	-0.45	0.326	4722	0.966	0.674	13331	0.912
IFRD1	-4.60	8	-0.45	0.326	4723	0.966	0.674	13330	0.912
GAST	-3.98	6	-0.45	0.326	4724	0.966	0.674	13329	0.912
MCM9	-4.60	8	-0.45	0.326	4725	0.966	0.674	13328	0.912
BRSK2	-4.60	8	-0.45	0.326	4726	0.966	0.674	13327	0.912
PABPC1L	-4.59	8	-0.45	0.326	4727	0.966	0.674	13326	0.912
ODF4	-4.59	8	-0.45	0.326	4728	0.966	0.674	13325	0.912
PPP1R3F	-4.59	8	-0.45	0.326	4729	0.966	0.674	13324	0.912
S100A16	-4.59	8	-0.45	0.327	4730	0.966	0.673	13323	0.912
SCN1A	-4.59	8	-0.45	0.327	4731	0.966	0.673	13322	0.912
TCIRG1	-4.59	8	-0.45	0.327	4732	0.966	0.673	13321	0.912
RRNAD1	-4.59	8	-0.45	0.327	4733	0.966	0.673	13320	0.912
ZDHHC18	-4.59	8	-0.45	0.327	4734	0.966	0.673	13319	0.912
HLA-G	-4.59	8	-0.45	0.327	4735	0.966	0.673	13318	0.912
C1orf106	-4.59	8	-0.45	0.327	4736	0.966	0.673	13317	0.912
ARHGAP19	-4.59	8	-0.45	0.327	4737	0.966	0.673	13316	0.912
C19orf77	-4.59	8	-0.45	0.327	4738	0.966	0.673	13315	0.912
EIF4A3	-4.59	8	-0.45	0.327	4739	0.966	0.673	13314	0.912
MAN1A2	-4.59	8	-0.45	0.327	4740	0.966	0.673	13313	0.912
FAM8A1	-4.59	8	-0.45	0.327	4741	0.966	0.673	13312	0.912
RYR2	-4.59	8	-0.45	0.327	4742	0.966	0.673	13311	0.912
CYP2S1	-4.59	8	-0.45	0.327	4743	0.966	0.673	13310	0.912
TRIM67	-4.59	8	-0.45	0.327	4744	0.966	0.673	13309	0.912
PI16	-4.59	8	-0.45	0.327	4745	0.966	0.673	13308	0.912
SNX29	-4.59	8	-0.45	0.327	4746	0.966	0.673	13307	0.912
PPIA	-3.24	4	-0.45	0.327	4747	0.966	0.673	13306	0.912
CASP1	-4.59	8	-0.45	0.327	4748	0.966	0.673	13305	0.912
GPR18	-4.59	8	-0.45	0.327	4749	0.966	0.673	13304	0.912
ZNF30	-4.59	8	-0.45	0.327	4750	0.966	0.673	13303	0.912
CHMP1A	-4.59	8	-0.45	0.327	4751	0.966	0.673	13302	0.912
SETBP1	-4.59	8	-0.45	0.327	4752	0.966	0.673	13301	0.912
LIMK1	-4.59	8	-0.45	0.327	4753	0.966	0.673	13300	0.912
HIVEP2	-4.58	8	-0.45	0.327	4754	0.966	0.673	13299	0.912
C5orf17	-3.24	4	-0.45	0.327	4755	0.966	0.673	13298	0.912
HEATR4	-4.58	8	-0.45	0.327	4756	0.966	0.673	13297	0.912
RPAIN	-4.58	8	-0.45	0.327	4757	0.966	0.673	13296	0.912
VSIG1	-4.58	8	-0.45	0.328	4758	0.966	0.672	13295	0.912
SBF1	-4.58	8	-0.45	0.328	4759	0.966	0.672	13294	0.912
FAM71F1	-4.58	8	-0.45	0.328	4760	0.966	0.672	13293	0.912
FUT8	-4.58	8	-0.45	0.328	4761	0.966	0.672	13292	0.912
KIFC2	-4.58	8	-0.45	0.328	4762	0.966	0.672	13291	0.912
BMPR1A	-4.58	8	-0.45	0.328	4763	0.966	0.672	13290	0.912
KCTD16	-4.58	8	-0.45	0.328	4764	0.966	0.672	13289	0.912
ELTD1	-4.58	8	-0.45	0.328	4765	0.966	0.672	13288	0.912
SRSF3	-4.58	8	-0.45	0.328	4766	0.966	0.672	13287	0.912
HIBADH	-4.58	8	-0.45	0.328	4767	0.966	0.672	13286	0.912
BABAM1	-4.58	8	-0.45	0.328	4768	0.966	0.672	13285	0.912
RCE1	-4.58	8	-0.45	0.328	4769	0.966	0.672	13284	0.912
ZC3H3	-4.57	8	-0.44	0.328	4770	0.966	0.672	13283	0.912
PPIB	-4.57	8	-0.44	0.328	4771	0.966	0.672	13282	0.912
PGM1	-4.57	8	-0.44	0.329	4772	0.966	0.671	13281	0.912
LANCL3	-4.57	8	-0.44	0.329	4773	0.966	0.671	13280	0.912
PRC1	-4.57	8	-0.44	0.329	4774	0.966	0.671	13279	0.912
NPY4R	-4.57	8	-0.44	0.329	4775	0.966	0.671	13278	0.912
RECK	-4.57	8	-0.44	0.329	4776	0.966	0.671	13277	0.912
C11orf73	-4.57	8	-0.44	0.329	4777	0.966	0.671	13276	0.912
OR4K13	-4.57	8	-0.44	0.329	4778	0.966	0.671	13275	0.912
PHF20	-4.57	8	-0.44	0.329	4779	0.966	0.671	13274	0.912
RGL1	-4.57	8	-0.44	0.329	4780	0.966	0.671	13273	0.912
SLC30A10	-4.57	8	-0.44	0.329	4781	0.966	0.671	13272	0.912
GBX2	-4.57	8	-0.44	0.329	4782	0.966	0.671	13271	0.912
PCDHB11	-4.57	8	-0.44	0.329	4783	0.966	0.671	13270	0.912
DENND1B	-4.56	8	-0.44	0.329	4784	0.966	0.671	13269	0.912
RNF121	-4.56	8	-0.44	0.329	4785	0.966	0.671	13268	0.912
ARL5C	-4.56	8	-0.44	0.329	4786	0.966	0.671	13267	0.912
GUCA2A	-4.56	8	-0.44	0.329	4787	0.966	0.671	13266	0.912
CSRP1	-4.56	8	-0.44	0.329	4788	0.966	0.671	13265	0.912
SPINT2	-4.56	8	-0.44	0.329	4789	0.966	0.671	13264	0.912
SIRPB1	-4.56	8	-0.44	0.33	4790	0.966	0.67	13263	0.912
ADH6	-4.56	8	-0.44	0.33	4791	0.966	0.67	13262	0.912
OXER1	-4.56	8	-0.44	0.33	4792	0.966	0.67	13261	0.912
TRNP1	-4.56	8	-0.44	0.33	4793	0.966	0.67	13260	0.912
ITGBL1	-4.56	8	-0.44	0.33	4794	0.966	0.67	13259	0.912
RYR1	-4.56	8	-0.44	0.33	4795	0.966	0.67	13258	0.912
M1AP	-4.56	8	-0.44	0.33	4796	0.966	0.67	13257	0.912
GPR162	-4.56	8	-0.44	0.33	4797	0.966	0.67	13256	0.912
CAPRIN1	-4.55	8	-0.44	0.33	4798	0.966	0.67	13255	0.912
HID1	-4.55	8	-0.44	0.33	4799	0.966	0.67	13254	0.912
KLHDC1	-4.55	8	-0.44	0.33	4800	0.966	0.67	13253	0.912
AQP10	-4.55	8	-0.44	0.33	4801	0.966	0.67	13252	0.912
BARX1	-4.55	8	-0.44	0.33	4802	0.966	0.67	13251	0.912
RPL9	-2.28	2	-0.44	0.33	4803	0.966	0.67	13250	0.912
OR5M8	-4.55	8	-0.44	0.33	4804	0.966	0.67	13249	0.912
CYHR1	-4.55	8	-0.44	0.33	4805	0.966	0.67	13248	0.912
H2AFX	-4.55	8	-0.44	0.331	4806	0.966	0.669	13247	0.912
FBF1	-4.55	8	-0.44	0.331	4807	0.966	0.669	13246	0.912
SH2B1	-4.55	8	-0.44	0.331	4808	0.966	0.669	13245	0.912
SEL1L	-4.55	8	-0.44	0.331	4809	0.966	0.669	13244	0.912
PPP1R1B	-4.55	8	-0.44	0.331	4810	0.966	0.669	13243	0.912
GOLGA7	-4.55	8	-0.44	0.331	4811	0.966	0.669	13242	0.912
DBF4B	-4.55	8	-0.44	0.331	4812	0.966	0.669	13241	0.912
DNAJC12	-4.55	8	-0.44	0.331	4813	0.966	0.669	13240	0.912
FFAR2	-4.55	8	-0.44	0.331	4814	0.966	0.669	13239	0.912
C14orf142	-3.94	6	-0.44	0.331	4815	0.966	0.669	13238	0.912
ZNF483	-4.54	8	-0.44	0.331	4816	0.966	0.669	13237	0.912
XIRP1	-4.54	8	-0.44	0.331	4817	0.966	0.669	13236	0.912
NLRP5	-4.54	8	-0.44	0.331	4818	0.966	0.669	13235	0.912
ZNF267	-4.54	8	-0.44	0.331	4819	0.966	0.669	13234	0.912
PGM2	-4.54	8	-0.44	0.331	4820	0.966	0.669	13233	0.912
AASDH	-4.54	8	-0.44	0.331	4821	0.966	0.669	13232	0.912
ANKS4B	-4.54	8	-0.44	0.331	4822	0.966	0.669	13231	0.912
FBXL3	-4.54	8	-0.44	0.331	4823	0.966	0.669	13230	0.912
RNF10	-4.54	8	-0.44	0.331	4824	0.966	0.669	13229	0.912
RBAK-RBAKDN	-4.54	8	-0.44	0.331	4825	0.966	0.669	13228	0.912
CYB561	-4.54	8	-0.44	0.332	4826	0.966	0.668	13227	0.912
ST7L	-3.93	6	-0.44	0.332	4827	0.966	0.668	13226	0.912
GPSM2	-4.54	8	-0.44	0.332	4828	0.966	0.668	13225	0.912
SEMA4D	-4.54	8	-0.43	0.332	4829	0.966	0.668	13224	0.912
KATNBL1	-3.21	4	-0.43	0.332	4830	0.966	0.668	13223	0.912
ACP6	-4.54	8	-0.43	0.332	4831	0.966	0.668	13222	0.912
AKR1E2	-4.54	8	-0.43	0.332	4832	0.966	0.668	13221	0.912
RBL2	-4.54	8	-0.43	0.332	4833	0.966	0.668	13220	0.912
PLEKHF1	-4.54	8	-0.43	0.332	4834	0.966	0.668	13219	0.912
RAB15	-4.53	8	-0.43	0.332	4835	0.966	0.668	13218	0.912
C4A	-3.21	4	-0.43	0.332	4836	0.966	0.668	13217	0.912
SLC22A17	-3.93	6	-0.43	0.332	4837	0.966	0.668	13216	0.912
RAB3GAP1	-4.53	8	-0.43	0.332	4838	0.966	0.668	13215	0.912
WNT5B	-4.53	8	-0.43	0.332	4839	0.966	0.668	13214	0.912
UPK3BL	-4.53	8	-0.43	0.332	4840	0.966	0.668	13213	0.912
ST8SIA3	-4.53	8	-0.43	0.332	4841	0.966	0.668	13212	0.912
NFKBIB	-4.53	8	-0.43	0.332	4842	0.966	0.668	13211	0.912
TTC31	-4.53	8	-0.43	0.333	4843	0.966	0.667	13210	0.912
DAZL	-4.53	8	-0.43	0.333	4844	0.966	0.667	13209	0.912
ANGPTL7	-4.53	8	-0.43	0.333	4845	0.966	0.667	13208	0.912
ACYP2	-4.53	8	-0.43	0.333	4846	0.966	0.667	13207	0.912
HNMT	-4.53	8	-0.43	0.333	4847	0.966	0.667	13206	0.912
C8orf47	-4.53	8	-0.43	0.333	4848	0.966	0.667	13205	0.912
MATN3	-4.53	8	-0.43	0.333	4849	0.966	0.667	13204	0.912
UBA5	-4.53	8	-0.43	0.333	4850	0.966	0.667	13203	0.912
SCN5A	-4.52	8	-0.43	0.333	4851	0.966	0.667	13202	0.912
SULT4A1	-4.52	8	-0.43	0.333	4852	0.966	0.667	13201	0.912
HAUS6	-4.52	8	-0.43	0.333	4853	0.966	0.667	13200	0.912
BEGAIN	-4.52	8	-0.43	0.333	4854	0.966	0.667	13199	0.912
USP8	-4.52	8	-0.43	0.333	4855	0.966	0.667	13198	0.912
ULBP2	-3.20	4	-0.43	0.333	4856	0.966	0.667	13197	0.912
CECR1	-4.52	8	-0.43	0.333	4857	0.966	0.667	13196	0.912
KIAA1737	-4.52	8	-0.43	0.333	4858	0.966	0.667	13195	0.912
PPAPDC1B	-4.52	8	-0.43	0.333	4859	0.966	0.667	13194	0.912
TCF25	-4.52	8	-0.43	0.333	4860	0.966	0.667	13193	0.912
C17orf72	-4.52	8	-0.43	0.333	4861	0.966	0.667	13192	0.912
CSF1R	-4.52	8	-0.43	0.334	4862	0.966	0.666	13191	0.912
FRMD3	-4.22	7	-0.43	0.334	4863	0.966	0.666	13190	0.912
YIPF2	-4.51	8	-0.43	0.334	4864	0.966	0.666	13189	0.912
WRAP73	-4.22	7	-0.43	0.334	4865	0.966	0.666	13188	0.912
RNF215	-4.51	8	-0.43	0.334	4866	0.966	0.666	13187	0.912
GAREM	-4.51	8	-0.43	0.334	4867	0.966	0.666	13186	0.912
POLR2H	-4.51	8	-0.43	0.334	4868	0.966	0.666	13185	0.912
RGS17	-3.91	6	-0.43	0.334	4869	0.966	0.666	13184	0.912
CHRDL2	-4.51	8	-0.43	0.334	4870	0.966	0.666	13183	0.912
FUT6	-4.51	8	-0.43	0.334	4871	0.966	0.666	13182	0.912
AVPR2	-4.51	8	-0.43	0.334	4872	0.966	0.666	13181	0.912
RP11-389E17.1	-3.91	6	-0.43	0.334	4873	0.966	0.666	13180	0.912
SLC16A3	-4.51	8	-0.43	0.334	4874	0.966	0.666	13179	0.912
WBP1	-4.51	8	-0.43	0.334	4875	0.966	0.666	13178	0.912
MAEL	-4.51	8	-0.43	0.334	4876	0.966	0.666	13177	0.912
GBGT1	-4.51	8	-0.43	0.334	4877	0.966	0.666	13176	0.912
TNKS	-4.51	8	-0.43	0.334	4878	0.966	0.666	13175	0.912
ZNF839	-4.51	8	-0.43	0.334	4879	0.966	0.666	13174	0.912
NASP	-4.51	8	-0.43	0.334	4880	0.966	0.666	13173	0.912
C11orf94	-4.51	8	-0.43	0.334	4881	0.966	0.666	13172	0.912
ATG5	-4.51	8	-0.43	0.334	4882	0.966	0.666	13171	0.912
PBXIP1	-4.51	8	-0.43	0.334	4883	0.966	0.666	13170	0.912
PLA2G4A	-4.51	8	-0.43	0.334	4884	0.966	0.666	13169	0.912
METTL13	-4.50	8	-0.43	0.335	4885	0.966	0.665	13168	0.912
MINK1	-4.50	8	-0.43	0.335	4886	0.966	0.665	13167	0.912
ZDHHC14	-4.50	8	-0.43	0.335	4887	0.966	0.665	13166	0.912
NEDD4	-4.50	8	-0.43	0.335	4888	0.966	0.665	13165	0.912
C6orf47	-4.50	8	-0.43	0.335	4889	0.966	0.665	13164	0.912
MESP2	-4.50	8	-0.43	0.335	4890	0.966	0.665	13163	0.912
ABRACL	-4.50	8	-0.43	0.335	4891	0.966	0.665	13162	0.912
SFN	-4.50	8	-0.43	0.335	4892	0.966	0.665	13161	0.912
SH3D19	-4.50	8	-0.43	0.335	4893	0.966	0.665	13160	0.912
CD33	-4.50	8	-0.43	0.335	4894	0.966	0.665	13159	0.912
MAN2A2	-4.50	8	-0.43	0.335	4895	0.966	0.665	13158	0.912
MKI67	-4.50	8	-0.43	0.335	4896	0.966	0.665	13157	0.912
KLK14	-4.50	8	-0.43	0.335	4897	0.966	0.665	13156	0.912
FH	-4.50	8	-0.43	0.335	4898	0.966	0.665	13155	0.912
BPIFB1	-4.50	8	-0.43	0.335	4899	0.966	0.665	13154	0.912
TOR2A	-4.50	8	-0.43	0.335	4900	0.966	0.665	13153	0.912
AKR1A1	-4.50	8	-0.43	0.335	4901	0.966	0.665	13152	0.912
SLC33A1	-4.50	8	-0.43	0.335	4902	0.966	0.665	13151	0.912
MFAP1	-4.50	8	-0.43	0.335	4903	0.966	0.665	13150	0.912
XKRX	-4.50	8	-0.43	0.335	4904	0.966	0.665	13149	0.912
MFSD2B	-4.50	8	-0.43	0.335	4905	0.966	0.665	13148	0.912
PCDHA1	-4.50	8	-0.43	0.335	4906	0.966	0.665	13147	0.912
SPINK1	-4.50	8	-0.43	0.335	4907	0.966	0.665	13146	0.912
PHACTR3	-4.50	8	-0.42	0.335	4908	0.966	0.665	13145	0.912
COG7	-4.50	8	-0.42	0.335	4909	0.966	0.665	13144	0.912
CD81	-4.50	8	-0.42	0.336	4910	0.966	0.664	13143	0.912
CD27	-4.49	8	-0.42	0.336	4911	0.966	0.664	13142	0.912
APLP1	-4.49	8	-0.42	0.336	4912	0.966	0.664	13141	0.912
RD3	-4.49	8	-0.42	0.336	4913	0.966	0.664	13140	0.912
EFCAB11	-4.49	8	-0.42	0.336	4914	0.966	0.664	13139	0.912
AP1S1	-4.49	8	-0.42	0.336	4915	0.966	0.664	13138	0.912
PNISR	-4.49	8	-0.42	0.336	4916	0.966	0.664	13137	0.912
ADAMTS13	-4.49	8	-0.42	0.336	4917	0.966	0.664	13136	0.912
ZNF831	-4.49	8	-0.42	0.336	4918	0.966	0.664	13135	0.912
CUL5	-4.49	8	-0.42	0.336	4919	0.966	0.664	13134	0.912
HELB	-4.49	8	-0.42	0.336	4920	0.966	0.664	13133	0.912
TDRD15	-4.49	8	-0.42	0.336	4921	0.966	0.664	13132	0.912
KANK3	-4.49	8	-0.42	0.336	4922	0.966	0.664	13131	0.912
PRR12	-4.49	8	-0.42	0.336	4923	0.966	0.664	13130	0.912
TUFM	-4.49	8	-0.42	0.336	4924	0.966	0.664	13129	0.912
PRG2	-4.49	8	-0.42	0.336	4925	0.966	0.664	13128	0.912
FFAR4	-4.49	8	-0.42	0.336	4926	0.966	0.664	13127	0.912
HELZ	-4.48	8	-0.42	0.336	4927	0.966	0.664	13126	0.912
OR5L1	-4.48	8	-0.42	0.337	4928	0.966	0.663	13125	0.912
FAM160A1	-4.48	8	-0.42	0.337	4929	0.966	0.663	13124	0.912
CD244	-4.48	8	-0.42	0.337	4930	0.966	0.663	13123	0.912
FAM24A	-4.48	8	-0.42	0.337	4931	0.966	0.663	13122	0.912
INPPL1	-4.48	8	-0.42	0.337	4932	0.966	0.663	13121	0.912
JSRP1	-4.48	8	-0.42	0.337	4933	0.966	0.663	13120	0.912
AIM2	-4.48	8	-0.42	0.337	4934	0.966	0.663	13119	0.912
ONECUT2	-4.48	8	-0.42	0.337	4935	0.966	0.663	13118	0.912
CHPF2	-4.48	8	-0.42	0.337	4936	0.966	0.663	13117	0.912
ZNF160	-4.48	8	-0.42	0.337	4937	0.966	0.663	13116	0.912
AMER3	-4.48	8	-0.42	0.337	4938	0.966	0.663	13115	0.912
TIAM1	-4.48	8	-0.42	0.337	4939	0.966	0.663	13114	0.912
ZFAND6	-4.48	8	-0.42	0.337	4940	0.966	0.663	13113	0.912
PABPC4L	-4.48	8	-0.42	0.337	4941	0.966	0.663	13112	0.912
FCRLB	-4.47	8	-0.42	0.337	4942	0.966	0.663	13111	0.912
UNCX	-4.47	8	-0.42	0.337	4943	0.966	0.663	13110	0.912
PNLDC1	-4.47	8	-0.42	0.337	4944	0.966	0.663	13109	0.912
CLEC4F	-4.47	8	-0.42	0.337	4945	0.966	0.663	13108	0.912
UAP1	-4.47	8	-0.42	0.337	4946	0.966	0.663	13107	0.912
SRCRB4D	-4.47	8	-0.42	0.338	4947	0.966	0.662	13106	0.912
CACNA1A	-4.47	8	-0.42	0.338	4948	0.966	0.662	13105	0.912
PTK6	-4.47	8	-0.42	0.338	4949	0.966	0.662	13104	0.912
ADAMTS12	-4.47	8	-0.42	0.338	4950	0.966	0.662	13103	0.912
JUN	-4.47	8	-0.42	0.338	4951	0.966	0.662	13102	0.912
TGFB1I1	-4.47	8	-0.42	0.338	4952	0.966	0.662	13101	0.912
USP54	-4.47	8	-0.42	0.338	4953	0.966	0.662	13100	0.912
KCNJ4	-4.47	8	-0.42	0.338	4954	0.966	0.662	13099	0.912
CTTNBP2NL	-4.47	8	-0.42	0.338	4955	0.966	0.662	13098	0.912
MAPKAP1	-4.47	8	-0.42	0.338	4956	0.966	0.662	13097	0.912
RB1CC1	-4.47	8	-0.42	0.338	4957	0.966	0.662	13096	0.912
P4HB	-4.47	8	-0.42	0.338	4958	0.966	0.662	13095	0.912
STH	-4.47	8	-0.42	0.338	4959	0.966	0.662	13094	0.912
ZNF100	-3.16	4	-0.42	0.338	4960	0.966	0.662	13093	0.912
GCC1	-4.47	8	-0.42	0.338	4961	0.966	0.662	13092	0.912
ACY1	-4.47	8	-0.42	0.338	4962	0.966	0.662	13091	0.912
SERPINI1	-4.47	8	-0.42	0.338	4963	0.966	0.662	13090	0.912
FRMD4A	-4.46	8	-0.42	0.338	4964	0.966	0.662	13089	0.912
MSRA	-4.46	8	-0.42	0.338	4965	0.966	0.662	13088	0.912
SLC8A3	-4.46	8	-0.42	0.339	4966	0.966	0.661	13087	0.912
OTUD1	-4.46	8	-0.42	0.339	4967	0.966	0.661	13086	0.912
RND3	-4.46	8	-0.42	0.339	4968	0.966	0.661	13085	0.912
CEP104	-4.46	8	-0.42	0.339	4969	0.966	0.661	13084	0.912
HIST1H2BI	-2.23	2	-0.42	0.339	4970	0.966	0.661	13083	0.912
CD37	-4.46	8	-0.42	0.339	4971	0.966	0.661	13082	0.912
RASAL2	-4.46	8	-0.42	0.339	4972	0.966	0.661	13081	0.912
HIST1H4B	-2.23	2	-0.42	0.339	4973	0.966	0.661	13080	0.912
SRRT	-4.46	8	-0.42	0.339	4974	0.966	0.661	13079	0.912
CLCN6	-4.46	8	-0.42	0.339	4975	0.966	0.661	13078	0.912
IDE	-4.46	8	-0.42	0.339	4976	0.966	0.661	13077	0.912
LGR4	-4.46	8	-0.42	0.339	4977	0.966	0.661	13076	0.912
SERTM1	-4.46	8	-0.42	0.339	4978	0.966	0.661	13075	0.912
11-Sep	-4.46	8	-0.42	0.339	4979	0.966	0.661	13074	0.912
SHISA6	-4.46	8	-0.42	0.339	4980	0.966	0.661	13073	0.912
RNF166	-4.46	8	-0.41	0.339	4981	0.966	0.661	13072	0.912
AKT1S1	-4.46	8	-0.41	0.339	4982	0.966	0.661	13071	0.912
CERCAM	-4.45	8	-0.41	0.339	4983	0.966	0.661	13070	0.912
NIPSNAP3A	-4.45	8	-0.41	0.339	4984	0.966	0.661	13069	0.912
HRNR	-4.45	8	-0.41	0.339	4985	0.966	0.661	13068	0.912
TMEM167B	-4.45	8	-0.41	0.339	4986	0.966	0.661	13067	0.912
TRIM64B	-2.23	2	-0.41	0.339	4987	0.966	0.661	13066	0.912
ZBTB8B	-4.45	8	-0.41	0.339	4988	0.966	0.661	13065	0.912
TBC1D9	-4.45	8	-0.41	0.34	4989	0.966	0.66	13064	0.912
CEP72	-4.45	8	-0.41	0.34	4990	0.966	0.66	13063	0.912
BCL7A	-4.45	8	-0.41	0.34	4991	0.966	0.66	13062	0.912
PROK2	-4.45	8	-0.41	0.34	4992	0.966	0.66	13061	0.912
TDO2	-4.45	8	-0.41	0.34	4993	0.966	0.66	13060	0.912
HS2ST1	-4.45	8	-0.41	0.34	4994	0.966	0.66	13059	0.912
IL17RA	-4.45	8	-0.41	0.34	4995	0.966	0.66	13058	0.912
DNPEP	-4.45	8	-0.41	0.34	4996	0.966	0.66	13057	0.912
CDC37	-4.45	8	-0.41	0.34	4997	0.966	0.66	13056	0.912
GPBP1	-4.45	8	-0.41	0.34	4998	0.966	0.66	13055	0.912
VENTX	-4.45	8	-0.41	0.34	4999	0.966	0.66	13054	0.912
NUDT6	-4.45	8	-0.41	0.34	5000	0.966	0.66	13053	0.912
ZNF571	-4.45	8	-0.41	0.34	5001	0.966	0.66	13052	0.912
C14orf178	-4.45	8	-0.41	0.34	5002	0.966	0.66	13051	0.912
PRF1	-4.44	8	-0.41	0.34	5003	0.966	0.66	13050	0.912
PEX7	-4.44	8	-0.41	0.34	5004	0.966	0.66	13049	0.912
SLC16A9	-4.44	8	-0.41	0.34	5005	0.966	0.66	13048	0.912
ZDHHC21	-4.44	8	-0.41	0.34	5006	0.966	0.66	13047	0.912
HTR3A	-4.44	8	-0.41	0.34	5007	0.966	0.66	13046	0.912
IRF2BPL	-4.44	8	-0.41	0.341	5008	0.966	0.659	13045	0.912
RPP25	-4.44	8	-0.41	0.341	5009	0.966	0.659	13044	0.912
RABL3	-4.44	8	-0.41	0.341	5010	0.966	0.659	13043	0.912
OR5T2	-4.44	8	-0.41	0.341	5011	0.966	0.659	13042	0.912
PCDH1	-4.44	8	-0.41	0.341	5012	0.966	0.659	13041	0.912
PGPEP1	-4.44	8	-0.41	0.341	5013	0.966	0.659	13040	0.912
PTCH2	-4.44	8	-0.41	0.341	5014	0.966	0.659	13039	0.912
NCOA5	-4.43	8	-0.41	0.341	5015	0.966	0.659	13038	0.912
IFITM2	-3.84	6	-0.41	0.341	5016	0.966	0.659	13037	0.912
SLC25A53	-4.43	8	-0.41	0.341	5017	0.966	0.659	13036	0.912
TAF1	-4.43	8	-0.41	0.341	5018	0.966	0.659	13035	0.912
TAS2R5	-4.43	8	-0.41	0.341	5019	0.966	0.659	13034	0.912
PMS1	-4.43	8	-0.41	0.341	5020	0.966	0.659	13033	0.912
CLCA4	-4.43	8	-0.41	0.341	5021	0.966	0.659	13032	0.912
RPL39	-2.22	2	-0.41	0.342	5022	0.966	0.658	13031	0.912
EMR1	-4.43	8	-0.41	0.342	5023	0.966	0.658	13030	0.912
CSRP2BP	-4.43	8	-0.41	0.342	5024	0.966	0.658	13029	0.912
EPX	-4.43	8	-0.41	0.342	5025	0.966	0.658	13028	0.912
PCDHGB7	-4.43	8	-0.41	0.342	5026	0.966	0.658	13027	0.912
FHAD1	-4.43	8	-0.41	0.342	5027	0.966	0.658	13026	0.912
KCNJ2	-4.43	8	-0.41	0.342	5028	0.966	0.658	13025	0.912
TAF1L	-4.43	8	-0.41	0.342	5029	0.966	0.658	13024	0.912
AVEN	-4.43	8	-0.41	0.342	5030	0.966	0.658	13023	0.912
LYPD6	-4.42	8	-0.41	0.342	5031	0.966	0.658	13022	0.912
CEP89	-4.42	8	-0.41	0.342	5032	0.966	0.658	13021	0.912
MAP7D2	-4.42	8	-0.41	0.342	5033	0.966	0.658	13020	0.912
CCRN4L	-4.42	8	-0.41	0.342	5034	0.966	0.658	13019	0.912
CABYR	-4.42	8	-0.41	0.342	5035	0.966	0.658	13018	0.912
PLCB2	-4.42	8	-0.41	0.342	5036	0.966	0.658	13017	0.912
IPO8	-4.42	8	-0.41	0.342	5037	0.966	0.658	13016	0.912
HOOK1	-4.42	8	-0.41	0.342	5038	0.966	0.658	13015	0.912
GNPTG	-4.42	8	-0.41	0.342	5039	0.966	0.658	13014	0.912
FAM47A	-4.42	8	-0.41	0.342	5040	0.966	0.658	13013	0.912
DLGAP3	-4.42	8	-0.41	0.342	5041	0.966	0.658	13012	0.912
KIF25	-4.42	8	-0.41	0.343	5042	0.966	0.657	13011	0.912
MCFD2	-4.42	8	-0.41	0.343	5043	0.966	0.657	13010	0.912
C9orf64	-4.42	8	-0.41	0.343	5044	0.966	0.657	13009	0.912
SRRM3	-4.42	8	-0.41	0.343	5045	0.966	0.657	13008	0.912
PIGH	-4.42	8	-0.40	0.343	5046	0.966	0.657	13007	0.912
RNASE6	-4.42	8	-0.40	0.343	5047	0.966	0.657	13006	0.912
MRPS5	-4.42	8	-0.40	0.343	5048	0.966	0.657	13005	0.912
GKN2	-4.42	8	-0.40	0.343	5049	0.966	0.657	13004	0.912
SERPINB1	-4.42	8	-0.40	0.343	5050	0.966	0.657	13003	0.912
RPS27L	-3.82	6	-0.40	0.343	5051	0.966	0.657	13002	0.912
MAP3K6	-4.41	8	-0.40	0.343	5052	0.966	0.657	13001	0.912
PRAMEF2	-3.82	6	-0.40	0.343	5053	0.966	0.657	13000	0.912
FAM19A1	-4.41	8	-0.40	0.343	5054	0.966	0.657	12999	0.912
GLP1R	-3.82	6	-0.40	0.343	5055	0.966	0.657	12998	0.912
NGB	-4.41	8	-0.40	0.343	5056	0.966	0.657	12997	0.912
C20orf197	-4.41	8	-0.40	0.343	5057	0.966	0.657	12996	0.912
FASLG	-4.41	8	-0.40	0.343	5058	0.966	0.657	12995	0.912
NAPSA	-4.41	8	-0.40	0.343	5059	0.966	0.657	12994	0.912
CREB3L2	-4.41	8	-0.40	0.343	5060	0.966	0.657	12993	0.912
PET117	-4.41	8	-0.40	0.343	5061	0.966	0.657	12992	0.912
TRIM68	-4.41	8	-0.40	0.343	5062	0.966	0.657	12991	0.912
CEP95	-4.41	8	-0.40	0.344	5063	0.966	0.656	12990	0.912
TAAR5	-4.41	8	-0.40	0.344	5064	0.966	0.656	12989	0.912
IGLL1	-4.41	8	-0.40	0.344	5065	0.966	0.656	12988	0.912
DUSP23	-4.41	8	-0.40	0.344	5066	0.966	0.656	12987	0.912
XPR1	-4.40	8	-0.40	0.344	5067	0.966	0.656	12986	0.912
LNX2	-4.40	8	-0.40	0.344	5068	0.966	0.656	12985	0.912
SGPP1	-4.40	8	-0.40	0.344	5069	0.966	0.656	12984	0.912
TNP2	-4.40	8	-0.40	0.344	5070	0.966	0.656	12983	0.912
KCNIP3	-4.40	8	-0.40	0.344	5071	0.966	0.656	12982	0.912
PPM1N	-4.40	8	-0.40	0.344	5072	0.966	0.656	12981	0.912
MSH2	-4.40	8	-0.40	0.344	5073	0.966	0.656	12980	0.912
CLDND2	-4.40	8	-0.40	0.344	5074	0.966	0.656	12979	0.912
C14orf180	-4.40	8	-0.40	0.344	5075	0.966	0.656	12978	0.912
C20orf24	-4.40	8	-0.40	0.344	5076	0.966	0.656	12977	0.912
EPB41L5	-4.40	8	-0.40	0.344	5077	0.966	0.656	12976	0.912
SH3BGRL3	-3.81	6	-0.40	0.344	5078	0.966	0.656	12975	0.912
BACE2	-4.40	8	-0.40	0.344	5079	0.966	0.656	12974	0.912
HAP1	-4.40	8	-0.40	0.345	5080	0.966	0.655	12973	0.912
SHCBP1	-4.40	8	-0.40	0.345	5081	0.966	0.655	12972	0.912
FAM154A	-4.39	8	-0.40	0.345	5082	0.966	0.655	12971	0.912
LAT	-4.39	8	-0.40	0.345	5083	0.966	0.655	12970	0.912
NME1	-4.39	8	-0.40	0.345	5084	0.966	0.655	12969	0.912
C6orf58	-4.39	8	-0.40	0.345	5085	0.966	0.655	12968	0.912
C11orf21	-4.39	8	-0.40	0.345	5086	0.966	0.655	12967	0.912
PPID	-4.39	8	-0.40	0.345	5087	0.966	0.655	12966	0.912
POLK	-4.39	8	-0.40	0.345	5088	0.966	0.655	12965	0.912
PRR4	-4.39	8	-0.40	0.345	5089	0.966	0.655	12964	0.912
MOK	-4.39	8	-0.40	0.345	5090	0.966	0.655	12963	0.912
WDR27	-4.39	8	-0.40	0.345	5091	0.966	0.655	12962	0.912
IGSF23	-4.39	8	-0.40	0.346	5092	0.966	0.654	12961	0.912
TLK1	-4.39	8	-0.40	0.346	5093	0.966	0.654	12960	0.911
NR2F6	-3.80	6	-0.40	0.346	5094	0.966	0.654	12959	0.911
ZNF395	-4.38	8	-0.40	0.346	5095	0.966	0.654	12958	0.911
SYT6	-4.38	8	-0.40	0.346	5096	0.966	0.654	12957	0.911
NACAD	-4.38	8	-0.40	0.346	5097	0.966	0.654	12956	0.911
FN1	-4.38	8	-0.40	0.346	5098	0.966	0.654	12955	0.911
GSTM4	-4.38	8	-0.40	0.346	5099	0.966	0.654	12954	0.911
ARID3C	-4.38	8	-0.40	0.346	5100	0.966	0.654	12953	0.911
SLCO2B1	-4.38	8	-0.40	0.346	5101	0.966	0.654	12952	0.911
IL3	-4.38	8	-0.40	0.346	5102	0.966	0.654	12951	0.911
PAQR3	-4.38	8	-0.40	0.346	5103	0.966	0.654	12950	0.911
CNTFR	-4.38	8	-0.40	0.346	5104	0.966	0.654	12949	0.911
OR52L1	-4.38	8	-0.40	0.346	5105	0.966	0.654	12948	0.911
AHSP	-4.38	8	-0.40	0.346	5106	0.966	0.654	12947	0.911
TBX18	-4.38	8	-0.40	0.346	5107	0.966	0.654	12946	0.911
CLDN17	-4.38	8	-0.39	0.346	5108	0.966	0.654	12945	0.911
CUL4A	-4.38	8	-0.39	0.346	5109	0.966	0.654	12944	0.911
PPBP	-4.38	8	-0.39	0.346	5110	0.966	0.654	12943	0.911
GPSM1	-4.38	8	-0.39	0.346	5111	0.966	0.654	12942	0.911
EPCAM	-4.38	8	-0.39	0.346	5112	0.966	0.654	12941	0.911
MRPL1	-4.37	8	-0.39	0.347	5113	0.966	0.653	12940	0.911
MGEA5	-4.37	8	-0.39	0.347	5114	0.966	0.653	12939	0.911
VKORC1	-4.37	8	-0.39	0.347	5115	0.966	0.653	12938	0.911
C1QTNF1	-4.37	8	-0.39	0.347	5116	0.966	0.653	12937	0.911
EPHA5	-4.37	8	-0.39	0.347	5117	0.966	0.653	12936	0.911
CHRM2	-4.37	8	-0.39	0.347	5118	0.966	0.653	12935	0.911
CAAP1	-4.37	8	-0.39	0.347	5119	0.966	0.653	12934	0.911
PPM1B	-4.37	8	-0.39	0.347	5120	0.966	0.653	12933	0.911
ZIC5	-4.37	8	-0.39	0.347	5121	0.966	0.653	12932	0.911
PRIMA1	-4.37	8	-0.39	0.347	5122	0.966	0.653	12931	0.911
APOBEC4	-4.37	8	-0.39	0.347	5123	0.966	0.653	12930	0.911
MORN4	-4.37	8	-0.39	0.347	5124	0.966	0.653	12929	0.911
EBLN2	-4.37	8	-0.39	0.347	5125	0.966	0.653	12928	0.911
RNF43	-4.37	8	-0.39	0.347	5126	0.966	0.653	12927	0.911
ZNF513	-4.37	8	-0.39	0.347	5127	0.966	0.653	12926	0.911
GRIN2A	-4.37	8	-0.39	0.347	5128	0.966	0.653	12925	0.911
MEF2D	-4.36	8	-0.39	0.348	5129	0.966	0.652	12924	0.911
GJA3	-4.36	8	-0.39	0.348	5130	0.966	0.652	12923	0.911
RICTOR	-4.36	8	-0.39	0.348	5131	0.966	0.652	12922	0.911
CA7	-4.36	8	-0.39	0.348	5132	0.966	0.652	12921	0.911
MRPL50	-4.36	8	-0.39	0.348	5133	0.966	0.652	12920	0.911
BPGM	-4.36	8	-0.39	0.348	5134	0.966	0.652	12919	0.911
WDTC1	-4.36	8	-0.39	0.348	5135	0.966	0.652	12918	0.911
GART	-4.36	8	-0.39	0.348	5136	0.966	0.652	12917	0.911
BCL2L15	-4.36	8	-0.39	0.348	5137	0.966	0.652	12916	0.911
IPPK	-4.36	8	-0.39	0.348	5138	0.966	0.652	12915	0.911
SLC26A11	-4.36	8	-0.39	0.348	5139	0.966	0.652	12914	0.911
DDB1	-4.35	8	-0.39	0.348	5140	0.966	0.652	12913	0.911
NIPAL2	-4.35	8	-0.39	0.348	5141	0.966	0.652	12912	0.911
MSI2	-4.35	8	-0.39	0.349	5142	0.966	0.651	12911	0.911
SPPL2C	-4.35	8	-0.39	0.349	5143	0.966	0.651	12910	0.911
CIDEC	-4.35	8	-0.39	0.349	5144	0.966	0.651	12909	0.911
ADORA2B	-4.35	8	-0.39	0.349	5145	0.966	0.651	12908	0.911
BTBD8	-4.35	8	-0.39	0.349	5146	0.966	0.651	12907	0.911
TSSC1	-4.35	8	-0.39	0.349	5147	0.966	0.651	12906	0.911
TMSB10	-3.77	6	-0.39	0.349	5148	0.966	0.651	12905	0.911
NKRF	-4.35	8	-0.39	0.349	5149	0.966	0.651	12904	0.911
SERPINF1	-4.35	8	-0.39	0.349	5150	0.966	0.651	12903	0.911
TRUB2	-4.35	8	-0.39	0.349	5151	0.966	0.651	12902	0.911
TYW5	-4.35	8	-0.39	0.349	5152	0.966	0.651	12901	0.911
H2AFY2	-4.35	8	-0.39	0.349	5153	0.966	0.651	12900	0.911
TMC6	-4.35	8	-0.39	0.349	5154	0.966	0.651	12899	0.911
HPCA	-3.76	6	-0.39	0.349	5155	0.966	0.651	12898	0.911
DNASE2	-4.35	8	-0.39	0.349	5156	0.966	0.651	12897	0.911
EBF1	-4.35	8	-0.39	0.349	5157	0.966	0.651	12896	0.911
NSMAF	-4.34	8	-0.39	0.349	5158	0.966	0.651	12895	0.911
LINGO2	-4.34	8	-0.39	0.35	5159	0.966	0.65	12894	0.911
MRRF	-4.34	8	-0.39	0.35	5160	0.966	0.65	12893	0.911
MEP1A	-4.34	8	-0.39	0.35	5161	0.966	0.65	12892	0.911
PPP1R3A	-4.34	8	-0.39	0.35	5162	0.966	0.65	12891	0.911
CBY1	-4.34	8	-0.39	0.35	5163	0.966	0.65	12890	0.911
CD3G	-4.34	8	-0.39	0.35	5164	0.966	0.65	12889	0.911
PPP5D1	-4.34	8	-0.39	0.35	5165	0.966	0.65	12888	0.911
DLX3	-4.34	8	-0.39	0.35	5166	0.966	0.65	12887	0.911
GJA1	-4.34	8	-0.39	0.35	5167	0.966	0.65	12886	0.911
TSSK6	-4.34	8	-0.39	0.35	5168	0.966	0.65	12885	0.911
SUB1	-3.76	6	-0.39	0.35	5169	0.966	0.65	12884	0.911
KDM3A	-4.34	8	-0.39	0.35	5170	0.966	0.65	12883	0.911
TRAPPC6B	-4.34	8	-0.39	0.35	5171	0.966	0.65	12882	0.911
AFTPH	-4.34	8	-0.38	0.35	5172	0.966	0.65	12881	0.911
EPS8L2	-4.34	8	-0.38	0.35	5173	0.966	0.65	12880	0.911
TIGD2	-4.34	8	-0.38	0.35	5174	0.966	0.65	12879	0.911
LYAR	-4.34	8	-0.38	0.35	5175	0.966	0.65	12878	0.911
SLC30A1	-4.34	8	-0.38	0.35	5176	0.966	0.65	12877	0.911
GAL3ST3	-4.33	8	-0.38	0.35	5177	0.966	0.65	12876	0.911
GJB5	-4.33	8	-0.38	0.35	5178	0.966	0.65	12875	0.911
FAXDC2	-4.33	8	-0.38	0.35	5179	0.966	0.65	12874	0.911
TSPYL1	-4.33	8	-0.38	0.35	5180	0.966	0.65	12873	0.911
PDSS2	-4.33	8	-0.38	0.35	5181	0.966	0.65	12872	0.911
HTR3B	-4.33	8	-0.38	0.351	5182	0.966	0.649	12871	0.911
SLC6A12	-4.33	8	-0.38	0.351	5183	0.966	0.649	12870	0.911
FRMD1	-4.33	8	-0.38	0.351	5184	0.966	0.649	12869	0.911
C12orf71	-4.33	8	-0.38	0.351	5185	0.966	0.649	12868	0.911
ZNF789	-4.33	8	-0.38	0.351	5186	0.966	0.649	12867	0.911
UGT1A4	-4.33	8	-0.38	0.351	5187	0.966	0.649	12866	0.911
C1QC	-4.33	8	-0.38	0.351	5188	0.966	0.649	12865	0.911
LRCH2	-4.33	8	-0.38	0.351	5189	0.966	0.649	12864	0.911
SAMD13	-4.33	8	-0.38	0.351	5190	0.966	0.649	12863	0.911
DCPS	-4.33	8	-0.38	0.351	5191	0.966	0.649	12862	0.911
LTB4R	-4.33	8	-0.38	0.351	5192	0.966	0.649	12861	0.911
NDFIP2	-4.33	8	-0.38	0.351	5193	0.966	0.649	12860	0.911
TUBB4B	-4.33	8	-0.38	0.351	5194	0.966	0.649	12859	0.911
SCN2A	-4.33	8	-0.38	0.351	5195	0.966	0.649	12858	0.911
LY6G5B	-4.32	8	-0.38	0.351	5196	0.966	0.649	12857	0.911
C1orf200	-4.32	8	-0.38	0.351	5197	0.966	0.649	12856	0.911
ASTL	-4.32	8	-0.38	0.351	5198	0.966	0.649	12855	0.911
ZNF843	-4.32	8	-0.38	0.352	5199	0.966	0.648	12854	0.911
MEA1	-4.32	8	-0.38	0.352	5200	0.966	0.648	12853	0.911
C1orf122	-4.32	8	-0.38	0.352	5201	0.966	0.648	12852	0.911
SHB	-4.32	8	-0.38	0.352	5202	0.966	0.648	12851	0.911
TMEM213	-4.32	8	-0.38	0.352	5203	0.966	0.648	12850	0.911
KLK5	-4.32	8	-0.38	0.352	5204	0.966	0.648	12849	0.911
TMEM68	-4.32	8	-0.38	0.352	5205	0.966	0.648	12848	0.91
PET112	-4.32	8	-0.38	0.352	5206	0.966	0.648	12847	0.91
C10orf54	-4.32	8	-0.38	0.352	5207	0.966	0.648	12846	0.91
ACTR8	-4.32	8	-0.38	0.352	5208	0.966	0.648	12845	0.91
MPHOSPH9	-4.32	8	-0.38	0.352	5209	0.966	0.648	12844	0.91
ATP1B1	-4.32	8	-0.38	0.352	5210	0.966	0.648	12843	0.91
ASF1A	-4.32	8	-0.38	0.352	5211	0.966	0.648	12842	0.91
PLP1	-4.32	8	-0.38	0.352	5212	0.966	0.648	12841	0.91
NHLRC4	-4.31	8	-0.38	0.352	5213	0.966	0.648	12840	0.91
KCNJ15	-4.31	8	-0.38	0.352	5214	0.966	0.648	12839	0.91
PAEP	-4.31	8	-0.38	0.352	5215	0.966	0.648	12838	0.91
HTR2A	-4.31	8	-0.38	0.352	5216	0.966	0.648	12837	0.91
SLITRK5	-4.31	8	-0.38	0.353	5217	0.966	0.647	12836	0.91
EID2B	-4.31	8	-0.38	0.353	5218	0.966	0.647	12835	0.91
MMS22L	-4.31	8	-0.38	0.353	5219	0.966	0.647	12834	0.91
EFCAB5	-4.31	8	-0.38	0.353	5220	0.966	0.647	12833	0.91
MTHFS	-4.31	8	-0.38	0.353	5221	0.966	0.647	12832	0.91
MANBA	-4.31	8	-0.38	0.353	5222	0.966	0.647	12831	0.91
FAM117B	-4.31	8	-0.38	0.353	5223	0.966	0.647	12830	0.91
RABEPK	-4.31	8	-0.38	0.353	5224	0.966	0.647	12829	0.91
OTUD7B	-4.31	8	-0.38	0.353	5225	0.966	0.647	12828	0.91
DDI2	-4.31	8	-0.38	0.353	5226	0.966	0.647	12827	0.91
TMSB4X	-2.15	2	-0.38	0.353	5227	0.966	0.647	12826	0.91
THBS3	-4.30	8	-0.38	0.353	5228	0.966	0.647	12825	0.91
PHKA1	-4.30	8	-0.38	0.353	5229	0.966	0.647	12824	0.91
LY6G6D	-4.30	8	-0.38	0.353	5230	0.966	0.647	12823	0.91
KDSR	-4.30	8	-0.38	0.353	5231	0.966	0.647	12822	0.91
ZNF469	-4.30	8	-0.38	0.354	5232	0.966	0.646	12821	0.91
GGT6	-4.30	8	-0.38	0.354	5233	0.966	0.646	12820	0.91
BIRC6	-4.30	8	-0.38	0.354	5234	0.966	0.646	12819	0.91
STOML1	-4.30	8	-0.38	0.354	5235	0.966	0.646	12818	0.91
KLHL40	-4.30	8	-0.38	0.354	5236	0.966	0.646	12817	0.91
OPTC	-4.30	8	-0.38	0.354	5237	0.966	0.646	12816	0.91
YES1	-4.30	8	-0.37	0.354	5238	0.966	0.646	12815	0.91
NEK7	-4.30	8	-0.37	0.354	5239	0.966	0.646	12814	0.91
MRC2	-4.30	8	-0.37	0.354	5240	0.966	0.646	12813	0.91
OR4K1	-4.30	8	-0.37	0.354	5241	0.966	0.646	12812	0.91
PPM1G	-4.30	8	-0.37	0.354	5242	0.966	0.646	12811	0.91
IL15RA	-4.30	8	-0.37	0.354	5243	0.966	0.646	12810	0.91
ZNF541	-4.30	8	-0.37	0.354	5244	0.966	0.646	12809	0.91
C6orf100	-4.29	8	-0.37	0.354	5245	0.966	0.646	12808	0.91
SNX32	-4.29	8	-0.37	0.354	5246	0.966	0.646	12807	0.91
RNASE8	-4.29	8	-0.37	0.354	5247	0.966	0.646	12806	0.91
LANCL1	-4.29	8	-0.37	0.354	5248	0.966	0.646	12805	0.91
AVPR1B	-4.29	8	-0.37	0.354	5249	0.966	0.646	12804	0.91
HHIPL2	-4.29	8	-0.37	0.354	5250	0.966	0.646	12803	0.91
PDCD1LG2	-4.29	8	-0.37	0.354	5251	0.966	0.646	12802	0.91
MYLK2	-4.29	8	-0.37	0.355	5252	0.966	0.645	12801	0.91
NSUN5	-4.29	8	-0.37	0.355	5253	0.966	0.645	12800	0.91
ITGB1BP1	-4.29	8	-0.37	0.355	5254	0.966	0.645	12799	0.91
C9orf129	-4.29	8	-0.37	0.355	5255	0.966	0.645	12798	0.91
TMEM81	-4.29	8	-0.37	0.355	5256	0.966	0.645	12797	0.91
ZNF610	-4.29	8	-0.37	0.355	5257	0.966	0.645	12796	0.91
TCL1B	-4.29	8	-0.37	0.355	5258	0.966	0.645	12795	0.91
SLC39A11	-4.29	8	-0.37	0.355	5259	0.966	0.645	12794	0.91
STAT5A	-4.29	8	-0.37	0.355	5260	0.966	0.645	12793	0.91
NXNL2	-4.29	8	-0.37	0.355	5261	0.966	0.645	12792	0.91
MLF1IP	-4.29	8	-0.37	0.355	5262	0.966	0.645	12791	0.91
MAP3K7	-4.28	8	-0.37	0.355	5263	0.966	0.645	12790	0.91
PITPNA	-4.28	8	-0.37	0.355	5264	0.966	0.645	12789	0.91
OR52E2	-4.28	8	-0.37	0.355	5265	0.966	0.645	12788	0.91
MRPL14	-4.28	8	-0.37	0.355	5266	0.966	0.645	12787	0.91
BTBD9	-4.28	8	-0.37	0.355	5267	0.966	0.645	12786	0.91
GBP5	-4.28	8	-0.37	0.355	5268	0.966	0.645	12785	0.91
EVA1A	-4.28	8	-0.37	0.355	5269	0.966	0.645	12784	0.91
STEAP1B	-4.28	8	-0.37	0.355	5270	0.966	0.645	12783	0.91
NBPF6	-2.14	2	-0.37	0.355	5271	0.966	0.645	12782	0.91
NARS2	-4.28	8	-0.37	0.356	5272	0.966	0.644	12781	0.91
EHF	-4.28	8	-0.37	0.356	5273	0.966	0.644	12780	0.91
PTPN3	-4.28	8	-0.37	0.356	5274	0.966	0.644	12779	0.91
YPEL4	-4.28	8	-0.37	0.356	5275	0.966	0.644	12778	0.91
NAPA	-4.28	8	-0.37	0.356	5276	0.966	0.644	12777	0.91
MMP28	-4.28	8	-0.37	0.356	5277	0.966	0.644	12776	0.91
PCDHB16	-4.28	8	-0.37	0.356	5278	0.966	0.644	12775	0.91
TAB1	-4.28	8	-0.37	0.356	5279	0.966	0.644	12774	0.91
TSSC4	-4.28	8	-0.37	0.356	5280	0.966	0.644	12773	0.91
MICAL2	-4.28	8	-0.37	0.356	5281	0.966	0.644	12772	0.91
TEX19	-4.28	8	-0.37	0.356	5282	0.966	0.644	12771	0.91
AMOTL1	-4.28	8	-0.37	0.356	5283	0.966	0.644	12770	0.91
PPAPDC3	-4.27	8	-0.37	0.356	5284	0.966	0.644	12769	0.91
RMI2	-4.27	8	-0.37	0.356	5285	0.966	0.644	12768	0.91
ZMYM3	-4.27	8	-0.37	0.356	5286	0.966	0.644	12767	0.91
CADM3	-4.27	8	-0.37	0.356	5287	0.966	0.644	12766	0.91
RSBN1L	-4.27	8	-0.37	0.356	5288	0.966	0.644	12765	0.91
TMEM45B	-4.27	8	-0.37	0.356	5289	0.966	0.644	12764	0.91
APPL2	-4.27	8	-0.37	0.356	5290	0.966	0.644	12763	0.91
SFXN2	-4.27	8	-0.37	0.356	5291	0.966	0.644	12762	0.91
JPH4	-4.27	8	-0.37	0.356	5292	0.966	0.644	12761	0.91
FAM213A	-4.27	8	-0.37	0.356	5293	0.966	0.644	12760	0.91
ACKR2	-4.27	8	-0.37	0.356	5294	0.966	0.644	12759	0.91
GPR37	-4.27	8	-0.37	0.356	5295	0.966	0.644	12758	0.91
ZSCAN21	-4.27	8	-0.37	0.356	5296	0.966	0.644	12757	0.91
CENPE	-4.27	8	-0.37	0.357	5297	0.966	0.643	12756	0.91
CSDE1	-4.27	8	-0.37	0.357	5298	0.966	0.643	12755	0.91
ST6GALNAC4	-4.27	8	-0.37	0.357	5299	0.966	0.643	12754	0.91
KRTAP4-4	-3.02	4	-0.37	0.357	5300	0.966	0.643	12753	0.91
ZNF276	-4.27	8	-0.37	0.357	5301	0.966	0.643	12752	0.91
HLF	-4.27	8	-0.37	0.357	5302	0.966	0.643	12751	0.91
CHST10	-4.27	8	-0.37	0.357	5303	0.966	0.643	12750	0.91
GHDC	-4.26	8	-0.37	0.357	5304	0.966	0.643	12749	0.91
MSN	-4.26	8	-0.37	0.357	5305	0.966	0.643	12748	0.91
RIMS4	-4.26	8	-0.37	0.357	5306	0.966	0.643	12747	0.91
IL36RN	-4.26	8	-0.37	0.357	5307	0.966	0.643	12746	0.91
GAL3ST1	-4.26	8	-0.37	0.357	5308	0.966	0.643	12745	0.91
HS3ST3B1	-4.26	8	-0.37	0.357	5309	0.966	0.643	12744	0.91
TCEAL8	-4.26	8	-0.37	0.357	5310	0.966	0.643	12743	0.91
KRTAP19-2	-2.13	2	-0.37	0.357	5311	0.966	0.643	12742	0.91
PIK3C2G	-4.26	8	-0.37	0.357	5312	0.966	0.643	12741	0.91
CD300A	-4.26	8	-0.37	0.357	5313	0.966	0.643	12740	0.91
MKL1	-4.26	8	-0.37	0.357	5314	0.966	0.643	12739	0.91
GLUD2	-4.26	8	-0.37	0.357	5315	0.966	0.643	12738	0.91
PGF	-4.26	8	-0.37	0.357	5316	0.966	0.643	12737	0.91
TRIM3	-4.26	8	-0.37	0.358	5317	0.966	0.642	12736	0.91
C1orf85	-4.26	8	-0.36	0.358	5318	0.966	0.642	12735	0.91
SAMD15	-4.26	8	-0.36	0.358	5319	0.966	0.642	12734	0.91
SERINC4	-4.26	8	-0.36	0.358	5320	0.966	0.642	12733	0.91
IPP	-4.25	8	-0.36	0.358	5321	0.966	0.642	12732	0.91
RNF208	-4.25	8	-0.36	0.358	5322	0.966	0.642	12731	0.91
PYCR2	-4.25	8	-0.36	0.358	5323	0.966	0.642	12730	0.91
TENM1	-4.25	8	-0.36	0.358	5324	0.966	0.642	12729	0.91
BSDC1	-4.25	8	-0.36	0.358	5325	0.966	0.642	12728	0.91
UNC13B	-4.25	8	-0.36	0.358	5326	0.966	0.642	12727	0.91
C1QTNF7	-4.25	8	-0.36	0.358	5327	0.966	0.642	12726	0.91
IL36B	-4.25	8	-0.36	0.359	5328	0.966	0.641	12725	0.91
MAP3K11	-4.25	8	-0.36	0.359	5329	0.966	0.641	12724	0.91
ITGB1	-4.25	8	-0.36	0.359	5330	0.966	0.641	12723	0.91
QTRT1	-4.25	8	-0.36	0.359	5331	0.966	0.641	12722	0.91
NPPC	-4.25	8	-0.36	0.359	5332	0.966	0.641	12721	0.91
RTN3	-4.25	8	-0.36	0.359	5333	0.966	0.641	12720	0.91
REM1	-4.25	8	-0.36	0.359	5334	0.966	0.641	12719	0.91
PRMT3	-4.25	8	-0.36	0.359	5335	0.966	0.641	12718	0.91
MYCN	-4.25	8	-0.36	0.359	5336	0.966	0.641	12717	0.91
BTD	-4.24	8	-0.36	0.359	5337	0.966	0.641	12716	0.91
PLAC8	-4.24	8	-0.36	0.359	5338	0.966	0.641	12715	0.91
ANKRD31	-4.24	8	-0.36	0.359	5339	0.966	0.641	12714	0.91
IRF7	-4.24	8	-0.36	0.359	5340	0.966	0.641	12713	0.91
C1orf131	-4.24	8	-0.36	0.359	5341	0.966	0.641	12712	0.91
FAM71E1	-4.24	8	-0.36	0.359	5342	0.966	0.641	12711	0.91
HSD17B6	-4.24	8	-0.36	0.359	5343	0.966	0.641	12710	0.91
MRFAP1	-4.24	8	-0.36	0.359	5344	0.966	0.641	12709	0.91
AP1G1	-4.24	8	-0.36	0.359	5345	0.966	0.641	12708	0.91
DEFB114	-2.12	2	-0.36	0.359	5346	0.966	0.641	12707	0.91
DCAF15	-4.24	8	-0.36	0.359	5347	0.966	0.641	12706	0.91
ARSE	-4.24	8	-0.36	0.359	5348	0.966	0.641	12705	0.91
TMEM245	-4.24	8	-0.36	0.359	5349	0.966	0.641	12704	0.91
MIPEP	-4.24	8	-0.36	0.36	5350	0.966	0.64	12703	0.91
TULP2	-4.23	8	-0.36	0.36	5351	0.966	0.64	12702	0.91
AMACR	-4.23	8	-0.36	0.36	5352	0.966	0.64	12701	0.91
HDAC5	-4.23	8	-0.36	0.36	5353	0.966	0.64	12700	0.91
CYP4F12	-4.23	8	-0.36	0.36	5354	0.966	0.64	12699	0.91
C8orf37	-4.23	8	-0.36	0.36	5355	0.966	0.64	12698	0.91
AGBL1	-4.23	8	-0.36	0.36	5356	0.966	0.64	12697	0.91
NIPSNAP1	-4.23	8	-0.36	0.36	5357	0.966	0.64	12696	0.91
PRSS35	-4.23	8	-0.36	0.36	5358	0.966	0.64	12695	0.91
OXLD1	-4.23	8	-0.36	0.36	5359	0.966	0.64	12694	0.91
SLC10A3	-4.23	8	-0.36	0.36	5360	0.966	0.64	12693	0.91
OR52D1	-3.96	7	-0.36	0.36	5361	0.966	0.64	12692	0.91
UTP15	-4.23	8	-0.36	0.36	5362	0.966	0.64	12691	0.91
ICOS	-4.23	8	-0.36	0.361	5363	0.966	0.639	12690	0.91
TSGA10	-4.23	8	-0.36	0.361	5364	0.966	0.639	12689	0.91
FAM177A1	-4.23	8	-0.36	0.361	5365	0.966	0.639	12688	0.91
FUBP1	-4.22	8	-0.36	0.361	5366	0.966	0.639	12687	0.91
LY6G6C	-4.22	8	-0.36	0.361	5367	0.966	0.639	12686	0.909
IQSEC1	-4.22	8	-0.36	0.361	5368	0.966	0.639	12685	0.909
RNASE2	-4.22	8	-0.36	0.361	5369	0.966	0.639	12684	0.909
RP11-93B14.6	-4.22	8	-0.36	0.361	5370	0.966	0.639	12683	0.909
SPATC1L	-4.22	8	-0.36	0.361	5371	0.966	0.639	12682	0.909
CPEB3	-4.22	8	-0.36	0.361	5372	0.966	0.639	12681	0.909
SIRT3	-4.22	8	-0.36	0.361	5373	0.966	0.639	12680	0.909
CCDC144A	-3.65	6	-0.36	0.361	5374	0.966	0.639	12679	0.909
HIST2H2BF	-2.98	4	-0.36	0.361	5375	0.966	0.639	12678	0.909
OR2A12	-4.22	8	-0.35	0.361	5376	0.966	0.639	12677	0.909
MKI67IP	-3.65	6	-0.35	0.361	5377	0.966	0.639	12676	0.909
HBD	-4.22	8	-0.35	0.361	5378	0.966	0.639	12675	0.909
PHOSPHO2	-4.22	8	-0.35	0.361	5379	0.966	0.639	12674	0.909
NFAM1	-4.22	8	-0.35	0.361	5380	0.966	0.639	12673	0.909
PMS2	-3.65	6	-0.35	0.361	5381	0.966	0.639	12672	0.909
TGFB2	-4.22	8	-0.35	0.361	5382	0.966	0.639	12671	0.909
CA6	-4.22	8	-0.35	0.361	5383	0.966	0.639	12670	0.909
COX16	-4.22	8	-0.35	0.362	5384	0.966	0.638	12669	0.909
SLC16A14	-4.21	8	-0.35	0.362	5385	0.966	0.638	12668	0.909
CCDC175	-4.21	8	-0.35	0.362	5386	0.966	0.638	12667	0.909
TMEM170A	-4.21	8	-0.35	0.362	5387	0.966	0.638	12666	0.909
PLAUR	-4.21	8	-0.35	0.362	5388	0.966	0.638	12665	0.909
PARD3B	-4.21	8	-0.35	0.362	5389	0.966	0.638	12664	0.909
APP	-4.21	8	-0.35	0.362	5390	0.966	0.638	12663	0.909
RNF144A	-4.21	8	-0.35	0.362	5391	0.966	0.638	12662	0.909
ZNF528	-4.21	8	-0.35	0.362	5392	0.966	0.638	12661	0.909
AADAT	-4.21	8	-0.35	0.362	5393	0.966	0.638	12660	0.909
NTSR1	-4.21	8	-0.35	0.362	5394	0.966	0.638	12659	0.909
TGFB3	-4.21	8	-0.35	0.362	5395	0.966	0.638	12658	0.909
CCNO	-4.21	8	-0.35	0.362	5396	0.966	0.638	12657	0.909
C17orf50	-4.21	8	-0.35	0.362	5397	0.966	0.638	12656	0.909
RHOD	-4.21	8	-0.35	0.362	5398	0.966	0.638	12655	0.909
COMMD8	-4.20	8	-0.35	0.363	5399	0.966	0.637	12654	0.909
MYADM	-4.20	8	-0.35	0.363	5400	0.966	0.637	12653	0.909
SAA4	-4.20	8	-0.35	0.363	5401	0.966	0.637	12652	0.909
PRDX2	-4.20	8	-0.35	0.363	5402	0.966	0.637	12651	0.909
UTP18	-4.20	8	-0.35	0.363	5403	0.966	0.637	12650	0.909
DOK2	-4.20	8	-0.35	0.363	5404	0.966	0.637	12649	0.909
C11orf85	-4.20	8	-0.35	0.363	5405	0.966	0.637	12648	0.909
NTAN1	-4.20	8	-0.35	0.363	5406	0.966	0.637	12647	0.909
WNT3	-4.20	8	-0.35	0.363	5407	0.966	0.637	12646	0.909
ARHGEF1	-4.20	8	-0.35	0.363	5408	0.966	0.637	12645	0.909
ZNF8	-4.20	8	-0.35	0.363	5409	0.966	0.637	12644	0.909
ARRDC2	-4.20	8	-0.35	0.363	5410	0.966	0.637	12643	0.909
TM6SF2	-4.20	8	-0.35	0.363	5411	0.966	0.637	12642	0.909
CEP57	-4.20	8	-0.35	0.363	5412	0.966	0.637	12641	0.909
ICAM2	-4.20	8	-0.35	0.363	5413	0.966	0.637	12640	0.909
TRIM54	-4.20	8	-0.35	0.363	5414	0.966	0.637	12639	0.909
ACSM3	-4.19	8	-0.35	0.364	5415	0.966	0.636	12638	0.909
HIST1H3J	-4.19	8	-0.35	0.364	5416	0.966	0.636	12637	0.909
DUSP14	-4.19	8	-0.35	0.364	5417	0.966	0.636	12636	0.909
SLC45A2	-4.19	8	-0.35	0.364	5418	0.966	0.636	12635	0.909
TMEM184A	-4.19	8	-0.35	0.364	5419	0.966	0.636	12634	0.909
TMEM229B	-4.19	8	-0.35	0.364	5420	0.966	0.636	12633	0.909
TMEM183A	-4.19	8	-0.35	0.364	5421	0.966	0.636	12632	0.909
CDH17	-4.19	8	-0.35	0.364	5422	0.966	0.636	12631	0.909
PHACTR2	-4.19	8	-0.35	0.364	5423	0.966	0.636	12630	0.909
YIPF5	-4.19	8	-0.35	0.364	5424	0.966	0.636	12629	0.909
PHF21B	-4.19	8	-0.35	0.364	5425	0.966	0.636	12628	0.909
CATSPER3	-4.19	8	-0.35	0.364	5426	0.966	0.636	12627	0.909
ZNF486	-2.96	4	-0.35	0.364	5427	0.966	0.636	12626	0.909
MPP3	-4.19	8	-0.35	0.364	5428	0.966	0.636	12625	0.909
TMEM165	-4.19	8	-0.35	0.364	5429	0.966	0.636	12624	0.909
SLA2	-4.19	8	-0.35	0.364	5430	0.966	0.636	12623	0.909
CELSR3	-4.19	8	-0.35	0.364	5431	0.966	0.636	12622	0.909
CTSK	-4.18	8	-0.35	0.364	5432	0.966	0.636	12621	0.909
TMED9	-4.18	8	-0.35	0.364	5433	0.966	0.636	12620	0.909
GDPD5	-4.18	8	-0.35	0.364	5434	0.966	0.636	12619	0.909
C2CD4A	-4.18	8	-0.35	0.365	5435	0.966	0.635	12618	0.909
TSTD1	-4.18	8	-0.35	0.365	5436	0.966	0.635	12617	0.909
HMG20B	-4.18	8	-0.35	0.365	5437	0.966	0.635	12616	0.909
TMEFF2	-4.18	8	-0.35	0.365	5438	0.966	0.635	12615	0.909
KANSL2	-4.18	8	-0.35	0.365	5439	0.966	0.635	12614	0.909
BTRC	-4.18	8	-0.35	0.365	5440	0.966	0.635	12613	0.909
PRR5	-4.18	8	-0.35	0.365	5441	0.966	0.635	12612	0.909
ZNF440	-4.18	8	-0.35	0.365	5442	0.966	0.635	12611	0.909
ZNF358	-4.18	8	-0.35	0.365	5443	0.966	0.635	12610	0.909
TUBGCP6	-4.18	8	-0.35	0.365	5444	0.966	0.635	12609	0.909
NEU3	-4.18	8	-0.35	0.365	5445	0.966	0.635	12608	0.909
SYNGR4	-4.18	8	-0.35	0.365	5446	0.966	0.635	12607	0.909
SEMA5A	-4.18	8	-0.35	0.365	5447	0.966	0.635	12606	0.909
C2CD3	-3.91	7	-0.35	0.365	5448	0.966	0.635	12605	0.909
IQCH	-4.18	8	-0.34	0.365	5449	0.966	0.635	12604	0.909
STYK1	-4.18	8	-0.34	0.365	5450	0.966	0.635	12603	0.909
CHMP4A	-4.18	8	-0.34	0.365	5451	0.966	0.635	12602	0.909
HAUS8	-4.18	8	-0.34	0.365	5452	0.966	0.635	12601	0.909
HOXB6	-4.18	8	-0.34	0.365	5453	0.966	0.635	12600	0.909
HSPB8	-4.18	8	-0.34	0.365	5454	0.966	0.635	12599	0.909
C18orf25	-4.18	8	-0.34	0.365	5455	0.966	0.635	12598	0.909
EPHB2	-4.17	8	-0.34	0.365	5456	0.966	0.635	12597	0.909
FKTN	-3.62	6	-0.34	0.365	5457	0.966	0.635	12596	0.909
LSM11	-4.17	8	-0.34	0.365	5458	0.966	0.635	12595	0.909
ZNF709	-2.95	4	-0.34	0.365	5459	0.966	0.635	12594	0.909
S100A13	-4.17	8	-0.34	0.365	5460	0.966	0.635	12593	0.909
SDC1	-4.17	8	-0.34	0.366	5461	0.966	0.634	12592	0.909
PRRT1	-3.61	6	-0.34	0.366	5462	0.966	0.634	12591	0.909
PXMP2	-4.17	8	-0.34	0.366	5463	0.966	0.634	12590	0.909
IRF2BP1	-4.17	8	-0.34	0.366	5464	0.966	0.634	12589	0.909
YWHAH	-4.17	8	-0.34	0.366	5465	0.966	0.634	12588	0.909
NAV1	-4.17	8	-0.34	0.366	5466	0.966	0.634	12587	0.909
OR6N2	-4.17	8	-0.34	0.366	5467	0.966	0.634	12586	0.909
MAP3K10	-4.17	8	-0.34	0.366	5468	0.966	0.634	12585	0.909
ZNF646	-4.17	8	-0.34	0.366	5469	0.966	0.634	12584	0.909
NAMPT	-4.17	8	-0.34	0.366	5470	0.966	0.634	12583	0.909
FGF21	-4.17	8	-0.34	0.366	5471	0.966	0.634	12582	0.909
C14orf164	-4.17	8	-0.34	0.366	5472	0.966	0.634	12581	0.909
CRHR1	-4.17	8	-0.34	0.366	5473	0.966	0.634	12580	0.909
ANKRD61	-4.17	8	-0.34	0.366	5474	0.966	0.634	12579	0.909
PCNX	-4.17	8	-0.34	0.366	5475	0.966	0.634	12578	0.909
LAT2	-4.17	8	-0.34	0.366	5476	0.966	0.634	12577	0.909
DMTN	-4.17	8	-0.34	0.366	5477	0.966	0.634	12576	0.909
FNBP1L	-4.17	8	-0.34	0.366	5478	0.966	0.634	12575	0.909
CYP27C1	-4.17	8	-0.34	0.366	5479	0.966	0.634	12574	0.909
LRAT	-4.16	8	-0.34	0.366	5480	0.966	0.634	12573	0.909
OR6B2	-3.61	6	-0.34	0.366	5481	0.966	0.634	12572	0.909
DDAH1	-4.16	8	-0.34	0.367	5482	0.966	0.633	12571	0.909
ENOSF1	-4.16	8	-0.34	0.367	5483	0.966	0.633	12570	0.909
SLC22A24	-4.16	8	-0.34	0.367	5484	0.966	0.633	12569	0.909
DHX38	-4.16	8	-0.34	0.367	5485	0.966	0.633	12568	0.909
SLC35A3	-4.16	8	-0.34	0.367	5486	0.966	0.633	12567	0.909
CACNB4	-4.16	8	-0.34	0.367	5487	0.966	0.633	12566	0.909
AP1S3	-4.16	8	-0.34	0.367	5488	0.966	0.633	12565	0.909
NAPEPLD	-4.16	8	-0.34	0.367	5489	0.966	0.633	12564	0.909
DMRT2	-4.16	8	-0.34	0.367	5490	0.966	0.633	12563	0.909
C16orf92	-4.16	8	-0.34	0.367	5491	0.966	0.633	12562	0.909
ERMN	-4.16	8	-0.34	0.367	5492	0.966	0.633	12561	0.909
CEACAM5	-4.16	8	-0.34	0.367	5493	0.966	0.633	12560	0.909
RASGRP4	-4.16	8	-0.34	0.367	5494	0.966	0.633	12559	0.909
UQCRC2	-4.16	8	-0.34	0.367	5495	0.966	0.633	12558	0.909
TIMP2	-4.15	8	-0.34	0.367	5496	0.966	0.633	12557	0.909
PLCXD3	-4.15	8	-0.34	0.367	5497	0.966	0.633	12556	0.909
ATG4C	-4.15	8	-0.34	0.367	5498	0.966	0.633	12555	0.909
DENND2A	-4.15	8	-0.34	0.367	5499	0.966	0.633	12554	0.909
TAAR1	-4.15	8	-0.34	0.368	5500	0.966	0.632	12553	0.909
CTTN	-4.15	8	-0.34	0.368	5501	0.966	0.632	12552	0.909
SOX8	-4.15	8	-0.34	0.368	5502	0.966	0.632	12551	0.909
PPP1R9A	-4.15	8	-0.34	0.368	5503	0.966	0.632	12550	0.909
GPR107	-3.60	6	-0.34	0.368	5504	0.966	0.632	12549	0.909
OAZ2	-4.15	8	-0.34	0.368	5505	0.966	0.632	12548	0.909
GALNT7	-4.15	8	-0.34	0.368	5506	0.966	0.632	12547	0.909
FOXN2	-4.15	8	-0.34	0.368	5507	0.966	0.632	12546	0.909
AFP	-4.15	8	-0.34	0.368	5508	0.966	0.632	12545	0.909
GPR6	-4.15	8	-0.34	0.368	5509	0.966	0.632	12544	0.909
GNA12	-4.15	8	-0.34	0.368	5510	0.966	0.632	12543	0.909
USP38	-4.15	8	-0.34	0.368	5511	0.966	0.632	12542	0.909
C3	-4.15	8	-0.34	0.368	5512	0.966	0.632	12541	0.909
AGER	-4.15	8	-0.34	0.368	5513	0.966	0.632	12540	0.909
HIST1H4A	-4.15	8	-0.34	0.368	5514	0.966	0.632	12539	0.909
SH3GLB1	-4.15	8	-0.34	0.368	5515	0.966	0.632	12538	0.909
ZRSR2	-3.59	6	-0.34	0.368	5516	0.966	0.632	12537	0.909
CPEB4	-4.15	8	-0.34	0.368	5517	0.966	0.632	12536	0.909
COBLL1	-4.15	8	-0.34	0.368	5518	0.966	0.632	12535	0.909
NTNG2	-4.15	8	-0.34	0.368	5519	0.966	0.632	12534	0.909
FAM189A2	-4.15	8	-0.34	0.368	5520	0.966	0.632	12533	0.909
AGBL4	-4.15	8	-0.34	0.368	5521	0.966	0.632	12532	0.909
CD1D	-4.14	8	-0.34	0.368	5522	0.966	0.632	12531	0.909
MRAP2	-4.14	8	-0.34	0.368	5523	0.966	0.632	12530	0.909
KHDC3L	-4.14	8	-0.34	0.368	5524	0.966	0.632	12529	0.909
WDR88	-4.14	8	-0.34	0.368	5525	0.966	0.632	12528	0.909
CLCNKB	-4.14	8	-0.34	0.368	5526	0.966	0.632	12527	0.909
LAMTOR3	-4.14	8	-0.34	0.368	5527	0.966	0.632	12526	0.909
C10orf131	-4.14	8	-0.34	0.368	5528	0.966	0.632	12525	0.909
LPO	-3.88	7	-0.34	0.368	5529	0.966	0.632	12524	0.909
LRRIQ3	-4.14	8	-0.34	0.368	5530	0.966	0.632	12523	0.909
TRIP4	-4.14	8	-0.34	0.368	5531	0.966	0.632	12522	0.909
GABPA	-4.14	8	-0.34	0.368	5532	0.966	0.632	12521	0.909
SPRR3	-4.14	8	-0.34	0.369	5533	0.966	0.631	12520	0.909
DPEP3	-4.14	8	-0.34	0.369	5534	0.966	0.631	12519	0.909
BARX2	-4.14	8	-0.34	0.369	5535	0.966	0.631	12518	0.909
PPFIA3	-4.14	8	-0.34	0.369	5536	0.966	0.631	12517	0.909
ADAMTSL4	-4.14	8	-0.33	0.369	5537	0.966	0.631	12516	0.909
CX3CL1	-4.14	8	-0.33	0.369	5538	0.966	0.631	12515	0.909
ZSCAN30	-4.14	8	-0.33	0.369	5539	0.966	0.631	12514	0.909
KRTAP20-1	-2.93	4	-0.33	0.369	5540	0.966	0.631	12513	0.909
DYRK3	-4.14	8	-0.33	0.369	5541	0.966	0.631	12512	0.909
PLAC1L	-3.58	6	-0.33	0.369	5542	0.966	0.631	12511	0.909
UCK1	-4.14	8	-0.33	0.369	5543	0.966	0.631	12510	0.909
ZNF250	-4.14	8	-0.33	0.369	5544	0.966	0.631	12509	0.909
CLEC19A	-4.14	8	-0.33	0.369	5545	0.966	0.631	12508	0.909
ANKRD29	-4.13	8	-0.33	0.369	5546	0.966	0.631	12507	0.909
GAMT	-4.13	8	-0.33	0.369	5547	0.966	0.631	12506	0.909
CENPH	-4.13	8	-0.33	0.369	5548	0.966	0.631	12505	0.909
PDE6D	-4.13	8	-0.33	0.369	5549	0.966	0.631	12504	0.909
VPS45	-4.13	8	-0.33	0.369	5550	0.966	0.631	12503	0.909
NOS2	-4.13	8	-0.33	0.369	5551	0.966	0.631	12502	0.909
MTR	-4.13	8	-0.33	0.369	5552	0.966	0.631	12501	0.909
FAT4	-4.13	8	-0.33	0.37	5553	0.966	0.63	12500	0.909
TULP4	-4.13	8	-0.33	0.37	5554	0.966	0.63	12499	0.909
ACAP1	-4.13	8	-0.33	0.37	5555	0.966	0.63	12498	0.909
CIB1	-4.13	8	-0.33	0.37	5556	0.966	0.63	12497	0.909
AGPAT5	-4.13	8	-0.33	0.37	5557	0.966	0.63	12496	0.909
SMIM2	-4.13	8	-0.33	0.37	5558	0.966	0.63	12495	0.909
NDRG4	-4.13	8	-0.33	0.37	5559	0.966	0.63	12494	0.909
GLTSCR2	-4.13	8	-0.33	0.37	5560	0.966	0.63	12493	0.909
THBS1	-4.13	8	-0.33	0.37	5561	0.966	0.63	12492	0.909
ZNF263	-4.13	8	-0.33	0.37	5562	0.966	0.63	12491	0.909
PLEKHH2	-4.13	8	-0.33	0.37	5563	0.966	0.63	12490	0.909
ADAMTS8	-4.12	8	-0.33	0.37	5564	0.966	0.63	12489	0.909
ABHD6	-4.12	8	-0.33	0.37	5565	0.966	0.63	12488	0.909
ESRP2	-4.12	8	-0.33	0.37	5566	0.966	0.63	12487	0.909
HNF4G	-4.12	8	-0.33	0.37	5567	0.966	0.63	12486	0.909
C16orf86	-4.12	8	-0.33	0.37	5568	0.966	0.63	12485	0.909
SSBP3	-4.12	8	-0.33	0.37	5569	0.966	0.63	12484	0.909
DDX60	-4.12	8	-0.33	0.37	5570	0.966	0.63	12483	0.909
NEFH	-4.12	8	-0.33	0.371	5571	0.966	0.629	12482	0.909
EXD1	-4.12	8	-0.33	0.371	5572	0.966	0.629	12481	0.909
CTSL	-4.12	8	-0.33	0.371	5573	0.966	0.629	12480	0.909
C22orf23	-4.12	8	-0.33	0.371	5574	0.966	0.629	12479	0.909
LRGUK	-4.12	8	-0.33	0.371	5575	0.966	0.629	12478	0.909
TBR1	-4.12	8	-0.33	0.371	5576	0.966	0.629	12477	0.909
RASSF5	-4.12	8	-0.33	0.371	5577	0.966	0.629	12476	0.909
NFE2L2	-4.12	8	-0.33	0.371	5578	0.966	0.629	12475	0.909
ARR3	-4.12	8	-0.33	0.371	5579	0.966	0.629	12474	0.909
MALSU1	-4.12	8	-0.33	0.371	5580	0.966	0.629	12473	0.909
MRPL24	-4.12	8	-0.33	0.371	5581	0.966	0.629	12472	0.909
NEIL3	-4.12	8	-0.33	0.371	5582	0.966	0.629	12471	0.909
SUPT3H	-4.12	8	-0.33	0.371	5583	0.966	0.629	12470	0.909
IFFO2	-4.12	8	-0.33	0.371	5584	0.966	0.629	12469	0.909
ANKRD42	-4.11	8	-0.33	0.371	5585	0.966	0.629	12468	0.909
TPPP	-4.11	8	-0.33	0.371	5586	0.966	0.629	12467	0.909
LRRC36	-4.11	8	-0.33	0.371	5587	0.966	0.629	12466	0.909
SCUBE1	-4.11	8	-0.33	0.371	5588	0.966	0.629	12465	0.909
CTSO	-4.11	8	-0.33	0.371	5589	0.966	0.629	12464	0.909
TRIP6	-4.11	8	-0.33	0.371	5590	0.966	0.629	12463	0.909
NNMT	-4.11	8	-0.33	0.371	5591	0.966	0.629	12462	0.909
MUC21	-4.11	8	-0.33	0.371	5592	0.966	0.629	12461	0.909
GATA5	-4.11	8	-0.33	0.371	5593	0.966	0.629	12460	0.909
ANKRD13B	-4.11	8	-0.33	0.371	5594	0.966	0.629	12459	0.909
CHODL	-4.11	8	-0.33	0.372	5595	0.966	0.628	12458	0.909
APOA1BP	-4.11	8	-0.33	0.372	5596	0.966	0.628	12457	0.909
DBN1	-4.11	8	-0.33	0.372	5597	0.966	0.628	12456	0.909
PARP10	-4.11	8	-0.33	0.372	5598	0.966	0.628	12455	0.909
RASEF	-4.11	8	-0.33	0.372	5599	0.966	0.628	12454	0.909
STAM2	-4.11	8	-0.33	0.372	5600	0.966	0.628	12453	0.909
IAPP	-4.10	8	-0.33	0.372	5601	0.966	0.628	12452	0.909
ARHGEF11	-4.10	8	-0.33	0.372	5602	0.966	0.628	12451	0.909
GSPT2	-4.10	8	-0.33	0.372	5603	0.966	0.628	12450	0.909
SYDE1	-4.10	8	-0.33	0.372	5604	0.966	0.628	12449	0.909
CELF3	-4.10	8	-0.33	0.372	5605	0.966	0.628	12448	0.909
C12orf49	-4.10	8	-0.33	0.372	5606	0.966	0.628	12447	0.909
PCDH9	-4.10	8	-0.33	0.372	5607	0.966	0.628	12446	0.909
ARFIP2	-4.10	8	-0.33	0.372	5608	0.966	0.628	12445	0.909
NCOA4	-4.10	8	-0.33	0.372	5609	0.966	0.628	12444	0.909
BLOC1S4	-4.10	8	-0.33	0.372	5610	0.966	0.628	12443	0.909
TFAP2B	-4.10	8	-0.33	0.372	5611	0.966	0.628	12442	0.909
HDAC9	-4.10	8	-0.33	0.373	5612	0.966	0.627	12441	0.909
RXRB	-4.10	8	-0.33	0.373	5613	0.966	0.627	12440	0.909
SRGAP3	-4.10	8	-0.33	0.373	5614	0.966	0.627	12439	0.909
CDKL4	-4.10	8	-0.32	0.373	5615	0.966	0.627	12438	0.909
NDUFS3	-4.10	8	-0.32	0.373	5616	0.966	0.627	12437	0.909
IFNGR1	-4.10	8	-0.32	0.373	5617	0.966	0.627	12436	0.909
ZNF780A	-2.90	4	-0.32	0.373	5618	0.966	0.627	12435	0.909
SPTBN4	-4.10	8	-0.32	0.373	5619	0.966	0.627	12434	0.909
CKMT2	-4.10	8	-0.32	0.373	5620	0.966	0.627	12433	0.909
ZSCAN12	-4.10	8	-0.32	0.373	5621	0.966	0.627	12432	0.909
SLC11A1	-4.09	8	-0.32	0.373	5622	0.966	0.627	12431	0.909
THEGL	-4.09	8	-0.32	0.373	5623	0.966	0.627	12430	0.909
ABI2	-4.09	8	-0.32	0.373	5624	0.966	0.627	12429	0.909
USP24	-4.09	8	-0.32	0.373	5625	0.966	0.627	12428	0.909
ZNF181	-3.54	6	-0.32	0.373	5626	0.966	0.627	12427	0.909
C9orf171	-4.09	8	-0.32	0.373	5627	0.966	0.627	12426	0.909
NELFE	-4.09	8	-0.32	0.373	5628	0.966	0.627	12425	0.909
C20orf96	-4.09	8	-0.32	0.373	5629	0.966	0.627	12424	0.909
ZNF420	-4.09	8	-0.32	0.373	5630	0.966	0.627	12423	0.909
CACNB1	-4.09	8	-0.32	0.373	5631	0.966	0.627	12422	0.909
KCNF1	-4.09	8	-0.32	0.373	5632	0.966	0.627	12421	0.909
PVALB	-4.09	8	-0.32	0.373	5633	0.966	0.627	12420	0.909
TMPRSS11B	-4.09	8	-0.32	0.373	5634	0.966	0.627	12419	0.909
CERS4	-4.09	8	-0.32	0.374	5635	0.966	0.626	12418	0.909
UBALD2	-4.09	8	-0.32	0.374	5636	0.966	0.626	12417	0.909
GIMAP5	-4.09	8	-0.32	0.374	5637	0.966	0.626	12416	0.909
PEAR1	-4.09	8	-0.32	0.374	5638	0.966	0.626	12415	0.909
SCOC	-4.09	8	-0.32	0.374	5639	0.966	0.626	12414	0.909
PAPPA	-4.09	8	-0.32	0.374	5640	0.966	0.626	12413	0.909
ZNF468	-2.04	2	-0.32	0.374	5641	0.966	0.626	12412	0.909
ATP2B4	-4.09	8	-0.32	0.374	5642	0.966	0.626	12411	0.909
C20orf202	-4.09	8	-0.32	0.374	5643	0.966	0.626	12410	0.909
ZDHHC22	-4.09	8	-0.32	0.374	5644	0.966	0.626	12409	0.909
HMGB2	-4.09	8	-0.32	0.374	5645	0.966	0.626	12408	0.909
AATK	-4.09	8	-0.32	0.374	5646	0.966	0.626	12407	0.909
CYP2F1	-4.09	8	-0.32	0.374	5647	0.966	0.626	12406	0.909
CHAT	-4.09	8	-0.32	0.374	5648	0.966	0.626	12405	0.909
SLC39A9	-4.09	8	-0.32	0.374	5649	0.966	0.626	12404	0.909
GPNMB	-4.08	8	-0.32	0.374	5650	0.966	0.626	12403	0.909
TBC1D4	-4.08	8	-0.32	0.374	5651	0.966	0.626	12402	0.909
PPA2	-4.08	8	-0.32	0.374	5652	0.966	0.626	12401	0.909
CR1	-4.08	8	-0.32	0.374	5653	0.966	0.626	12400	0.909
DNAJC11	-3.82	7	-0.32	0.374	5654	0.966	0.626	12399	0.909
SLC25A29	-4.08	8	-0.32	0.374	5655	0.966	0.626	12398	0.909
C1orf105	-4.08	8	-0.32	0.374	5656	0.966	0.626	12397	0.909
DCAF5	-4.08	8	-0.32	0.374	5657	0.966	0.626	12396	0.909
FAM57B	-4.08	8	-0.32	0.374	5658	0.966	0.626	12395	0.909
SMPDL3A	-4.08	8	-0.32	0.374	5659	0.966	0.626	12394	0.909
RAB14	-4.08	8	-0.32	0.374	5660	0.966	0.626	12393	0.909
SOWAHD	-4.08	8	-0.32	0.374	5661	0.966	0.626	12392	0.909
BCL2L10	-4.08	8	-0.32	0.374	5662	0.966	0.626	12391	0.909
ANO1	-4.08	8	-0.32	0.375	5663	0.966	0.625	12390	0.909
TMEM210	-4.08	8	-0.32	0.375	5664	0.966	0.625	12389	0.909
CCDC170	-4.08	8	-0.32	0.375	5665	0.966	0.625	12388	0.909
CACNA1C	-4.08	8	-0.32	0.375	5666	0.966	0.625	12387	0.909
SLC16A4	-4.08	8	-0.32	0.375	5667	0.966	0.625	12386	0.909
NMBR	-4.08	8	-0.32	0.375	5668	0.966	0.625	12385	0.909
LRSAM1	-4.08	8	-0.32	0.375	5669	0.966	0.625	12384	0.909
GJA9	-4.08	8	-0.32	0.375	5670	0.966	0.625	12383	0.909
CYP8B1	-4.08	8	-0.32	0.375	5671	0.966	0.625	12382	0.909
NFATC1	-3.81	7	-0.32	0.375	5672	0.966	0.625	12381	0.909
HIST1H2BL	-2.04	2	-0.32	0.375	5673	0.966	0.625	12380	0.909
CCDC135	-4.07	8	-0.32	0.375	5674	0.966	0.625	12379	0.909
DOCK10	-4.07	8	-0.32	0.375	5675	0.966	0.625	12378	0.909
RLBP1	-4.07	8	-0.32	0.375	5676	0.966	0.625	12377	0.909
C17orf99	-4.07	8	-0.32	0.375	5677	0.966	0.625	12376	0.909
RMDN2	-4.07	8	-0.32	0.375	5678	0.966	0.625	12375	0.909
NGF	-4.07	8	-0.32	0.375	5679	0.966	0.625	12374	0.909
PEPD	-4.07	8	-0.32	0.376	5680	0.966	0.624	12373	0.909
FAM20A	-4.07	8	-0.32	0.376	5681	0.966	0.624	12372	0.909
CCR5	-4.07	8	-0.32	0.376	5682	0.966	0.624	12371	0.909
RNF175	-4.07	8	-0.32	0.376	5683	0.966	0.624	12370	0.909
PSMD2	-4.07	8	-0.32	0.376	5684	0.966	0.624	12369	0.909
CXorf64	-4.06	8	-0.32	0.376	5685	0.966	0.624	12368	0.909
GBE1	-4.06	8	-0.32	0.376	5686	0.966	0.624	12367	0.909
MBOAT2	-4.06	8	-0.32	0.376	5687	0.966	0.624	12366	0.909
INPP5B	-4.06	8	-0.32	0.376	5688	0.966	0.624	12365	0.909
FBXO32	-4.06	8	-0.32	0.376	5689	0.966	0.624	12364	0.909
BEST1	-4.06	8	-0.32	0.376	5690	0.966	0.624	12363	0.909
OR5B12	-4.06	8	-0.31	0.376	5691	0.966	0.624	12362	0.909
SHPRH	-4.06	8	-0.31	0.376	5692	0.966	0.624	12361	0.909
FLG	-4.06	8	-0.31	0.377	5693	0.966	0.623	12360	0.909
CALM2	-2.03	2	-0.31	0.377	5694	0.966	0.623	12359	0.909
OPN1SW	-4.06	8	-0.31	0.377	5695	0.966	0.623	12358	0.909
CALHM3	-4.06	8	-0.31	0.377	5696	0.966	0.623	12357	0.909
SDCCAG8	-4.05	8	-0.31	0.377	5697	0.966	0.623	12356	0.909
PSAT1	-4.05	8	-0.31	0.377	5698	0.966	0.623	12355	0.909
SGSM2	-4.05	8	-0.31	0.377	5699	0.966	0.623	12354	0.909
TMEM138	-4.05	8	-0.31	0.377	5700	0.966	0.623	12353	0.909
CRY2	-4.05	8	-0.31	0.377	5701	0.966	0.623	12352	0.909
GALNT12	-4.05	8	-0.31	0.377	5702	0.966	0.623	12351	0.909
SHD	-4.05	8	-0.31	0.377	5703	0.966	0.623	12350	0.909
PEX5	-4.05	8	-0.31	0.377	5704	0.966	0.623	12349	0.909
ATIC	-4.05	8	-0.31	0.377	5705	0.966	0.623	12348	0.909
KLHDC8A	-4.05	8	-0.31	0.377	5706	0.966	0.623	12347	0.909
PNPLA5	-4.05	8	-0.31	0.377	5707	0.966	0.623	12346	0.909
GPR52	-4.05	8	-0.31	0.377	5708	0.966	0.623	12345	0.909
PCDHA13	-4.05	8	-0.31	0.377	5709	0.966	0.623	12344	0.909
MGAT2	-4.05	8	-0.31	0.377	5710	0.966	0.623	12343	0.909
DNAL1	-4.05	8	-0.31	0.377	5711	0.966	0.623	12342	0.909
NRN1	-4.05	8	-0.31	0.378	5712	0.966	0.622	12341	0.909
TMPPE	-3.50	6	-0.31	0.378	5713	0.966	0.622	12340	0.909
OR10D3	-4.04	8	-0.31	0.378	5714	0.966	0.622	12339	0.909
NCR3	-3.50	6	-0.31	0.378	5715	0.966	0.622	12338	0.909
ID4	-4.04	8	-0.31	0.378	5716	0.966	0.622	12337	0.909
C16orf90	-4.04	8	-0.31	0.378	5717	0.966	0.622	12336	0.909
INSIG2	-4.04	8	-0.31	0.378	5718	0.966	0.622	12335	0.909
KIAA0319L	-4.04	8	-0.31	0.378	5719	0.966	0.622	12334	0.909
RAMP2	-4.04	8	-0.31	0.378	5720	0.966	0.622	12333	0.909
HECW2	-4.04	8	-0.31	0.378	5721	0.966	0.622	12332	0.909
RNF168	-4.04	8	-0.31	0.378	5722	0.966	0.622	12331	0.909
ARRB2	-4.04	8	-0.31	0.378	5723	0.966	0.622	12330	0.909
AIDA	-4.04	8	-0.31	0.378	5724	0.966	0.622	12329	0.909
TMEM135	-4.04	8	-0.31	0.378	5725	0.966	0.622	12328	0.909
UBAC2	-4.04	8	-0.31	0.378	5726	0.966	0.622	12327	0.909
PDZD9	-4.04	8	-0.31	0.379	5727	0.966	0.621	12326	0.909
RASGRF2	-4.04	8	-0.31	0.379	5728	0.966	0.621	12325	0.909
UCN	-4.04	8	-0.31	0.379	5729	0.966	0.621	12324	0.909
HIST1H2BK	-3.50	6	-0.31	0.379	5730	0.966	0.621	12323	0.909
UBE2G2	-4.04	8	-0.31	0.379	5731	0.966	0.621	12322	0.909
TTC37	-4.04	8	-0.31	0.379	5732	0.966	0.621	12321	0.909
EREG	-4.03	8	-0.31	0.379	5733	0.966	0.621	12320	0.909
FRZB	-4.03	8	-0.31	0.379	5734	0.966	0.621	12319	0.909
SIRT7	-4.03	8	-0.31	0.379	5735	0.966	0.621	12318	0.909
ESD	-4.03	8	-0.31	0.379	5736	0.966	0.621	12317	0.909
C19orf70	-4.03	8	-0.31	0.379	5737	0.966	0.621	12316	0.909
FANCD2	-4.03	8	-0.31	0.379	5738	0.966	0.621	12315	0.909
RNF151	-4.03	8	-0.31	0.379	5739	0.966	0.621	12314	0.909
WDR31	-4.03	8	-0.31	0.379	5740	0.966	0.621	12313	0.909
C11orf48	-4.03	8	-0.31	0.379	5741	0.966	0.621	12312	0.909
IST1	-4.03	8	-0.31	0.379	5742	0.966	0.621	12311	0.909
ZFP37	-4.03	8	-0.31	0.379	5743	0.966	0.621	12310	0.909
ACOT2	-4.03	8	-0.31	0.379	5744	0.966	0.621	12309	0.909
DRAP1	-4.03	8	-0.31	0.379	5745	0.966	0.621	12308	0.909
VSIG10	-4.03	8	-0.31	0.379	5746	0.966	0.621	12307	0.909
NPHP4	-4.03	8	-0.31	0.379	5747	0.966	0.621	12306	0.909
TM2D1	-4.03	8	-0.31	0.379	5748	0.966	0.621	12305	0.909
IVD	-4.03	8	-0.31	0.38	5749	0.966	0.62	12304	0.909
VPS37C	-4.02	8	-0.31	0.38	5750	0.966	0.62	12303	0.909
AP2A1	-4.02	8	-0.31	0.38	5751	0.966	0.62	12302	0.909
GRIK2	-4.02	8	-0.31	0.38	5752	0.966	0.62	12301	0.909
SUCO	-4.02	8	-0.31	0.38	5753	0.966	0.62	12300	0.909
MRPL17	-4.02	8	-0.31	0.38	5754	0.966	0.62	12299	0.909
YRDC	-4.02	8	-0.31	0.38	5755	0.966	0.62	12298	0.909
ZNF462	-4.02	8	-0.31	0.38	5756	0.966	0.62	12297	0.909
PDZD11	-4.02	8	-0.31	0.38	5757	0.966	0.62	12296	0.909
OR5F1	-4.02	8	-0.31	0.38	5758	0.966	0.62	12295	0.909
FIGLA	-4.02	8	-0.31	0.38	5759	0.966	0.62	12294	0.909
UEVLD	-4.02	8	-0.31	0.38	5760	0.966	0.62	12293	0.909
S1PR4	-4.02	8	-0.30	0.38	5761	0.966	0.62	12292	0.909
ARMS2	-4.02	8	-0.30	0.38	5762	0.966	0.62	12291	0.909
CLYBL	-4.02	8	-0.30	0.38	5763	0.966	0.62	12290	0.909
ICA1L	-4.02	8	-0.30	0.38	5764	0.966	0.62	12289	0.909
CRELD1	-4.02	8	-0.30	0.38	5765	0.966	0.62	12288	0.909
ZNF319	-4.02	8	-0.30	0.38	5766	0.966	0.62	12287	0.909
ALDH2	-4.02	8	-0.30	0.38	5767	0.966	0.62	12286	0.909
FAM217B	-4.02	8	-0.30	0.38	5768	0.966	0.62	12285	0.909
MYL3	-4.02	8	-0.30	0.381	5769	0.966	0.619	12284	0.909
KCTD7	-4.02	8	-0.30	0.381	5770	0.966	0.619	12283	0.909
SPANXN4	-4.01	8	-0.30	0.381	5771	0.966	0.619	12282	0.909
CAP2	-4.01	8	-0.30	0.381	5772	0.966	0.619	12281	0.909
LHX8	-4.01	8	-0.30	0.381	5773	0.966	0.619	12280	0.909
CAB39	-4.01	8	-0.30	0.381	5774	0.966	0.619	12279	0.909
C1orf95	-4.01	8	-0.30	0.381	5775	0.966	0.619	12278	0.909
TUBA3C	-2.84	4	-0.30	0.381	5776	0.966	0.619	12277	0.909
GJB1	-4.01	8	-0.30	0.381	5777	0.966	0.619	12276	0.909
TERF2IP	-4.01	8	-0.30	0.381	5778	0.966	0.619	12275	0.909
TRIM10	-4.01	8	-0.30	0.381	5779	0.966	0.619	12274	0.909
STARD3NL	-4.01	8	-0.30	0.381	5780	0.966	0.619	12273	0.909
ANKRD35	-4.01	8	-0.30	0.381	5781	0.966	0.619	12272	0.909
TMEM159	-4.01	8	-0.30	0.381	5782	0.966	0.619	12271	0.909
UBE2L3	-4.01	8	-0.30	0.381	5783	0.966	0.619	12270	0.909
03-Sep	-4.01	8	-0.30	0.381	5784	0.966	0.619	12269	0.909
SYT3	-4.01	8	-0.30	0.381	5785	0.966	0.619	12268	0.909
TRAF4	-4.01	8	-0.30	0.382	5786	0.966	0.618	12267	0.909
SLC51B	-4.01	8	-0.30	0.382	5787	0.966	0.618	12266	0.909
TUBA4A	-4.00	8	-0.30	0.382	5788	0.966	0.618	12265	0.909
KATNAL1	-4.00	8	-0.30	0.382	5789	0.966	0.618	12264	0.909
ARHGEF39	-4.00	8	-0.30	0.382	5790	0.966	0.618	12263	0.909
TFRC	-4.00	8	-0.30	0.382	5791	0.966	0.618	12262	0.909
SEC22C	-4.00	8	-0.30	0.382	5792	0.966	0.618	12261	0.909
TTC9B	-4.00	8	-0.30	0.382	5793	0.966	0.618	12260	0.909
KMO	-4.00	8	-0.30	0.382	5794	0.966	0.618	12259	0.909
CGREF1	-4.00	8	-0.30	0.382	5795	0.966	0.618	12258	0.909
DUXA	-4.00	8	-0.30	0.382	5796	0.966	0.618	12257	0.909
KLHL32	-4.00	8	-0.30	0.382	5797	0.966	0.618	12256	0.909
DNER	-4.00	8	-0.30	0.382	5798	0.966	0.618	12255	0.909
UBL7	-4.00	8	-0.30	0.382	5799	0.966	0.618	12254	0.909
GLTP	-4.00	8	-0.30	0.382	5800	0.966	0.618	12253	0.909
CABLES2	-4.00	8	-0.30	0.382	5801	0.966	0.618	12252	0.909
PRSS8	-4.00	8	-0.30	0.382	5802	0.966	0.618	12251	0.909
FADS3	-4.00	8	-0.30	0.382	5803	0.966	0.618	12250	0.909
EDEM3	-4.00	8	-0.30	0.382	5804	0.966	0.618	12249	0.909
DPYSL2	-4.00	8	-0.30	0.382	5805	0.966	0.618	12248	0.909
CBLN2	-4.00	8	-0.30	0.383	5806	0.966	0.617	12247	0.909
ZFYVE9	-3.99	8	-0.30	0.383	5807	0.966	0.617	12246	0.909
SDF2	-3.99	8	-0.30	0.383	5808	0.966	0.617	12245	0.909
SCMH1	-3.99	8	-0.30	0.383	5809	0.966	0.617	12244	0.909
SEPHS1	-3.99	8	-0.30	0.383	5810	0.966	0.617	12243	0.909
STRN4	-3.99	8	-0.30	0.383	5811	0.966	0.617	12242	0.909
STAC	-3.99	8	-0.30	0.383	5812	0.966	0.617	12241	0.909
DOPEY2	-3.99	8	-0.30	0.383	5813	0.966	0.617	12240	0.909
PIK3R3	-3.99	8	-0.30	0.383	5814	0.966	0.617	12239	0.909
CXCL13	-3.99	8	-0.30	0.383	5815	0.966	0.617	12238	0.909
USF1	-3.99	8	-0.30	0.383	5816	0.966	0.617	12237	0.909
DDX60L	-3.99	8	-0.30	0.383	5817	0.966	0.617	12236	0.909
ESR1	-3.99	8	-0.30	0.383	5818	0.966	0.617	12235	0.909
MAGEB10	-3.99	8	-0.30	0.383	5819	0.966	0.617	12234	0.909
MBOAT1	-3.99	8	-0.30	0.383	5820	0.966	0.617	12233	0.909
DXO	-3.99	8	-0.30	0.383	5821	0.966	0.617	12232	0.909
ARMC12	-3.99	8	-0.30	0.383	5822	0.966	0.617	12231	0.909
OR1M1	-3.98	8	-0.30	0.383	5823	0.966	0.617	12230	0.909
RNF114	-3.98	8	-0.30	0.384	5824	0.966	0.616	12229	0.909
SLC22A2	-3.98	8	-0.30	0.384	5825	0.966	0.616	12228	0.909
OPALIN	-3.98	8	-0.30	0.384	5826	0.966	0.616	12227	0.909
TADA3	-3.98	8	-0.30	0.384	5827	0.966	0.616	12226	0.909
CYR61	-3.98	8	-0.30	0.384	5828	0.966	0.616	12225	0.909
ECH1	-3.98	8	-0.30	0.384	5829	0.966	0.616	12224	0.909
KRT26	-3.98	8	-0.30	0.384	5830	0.966	0.616	12223	0.909
ITCH	-3.98	8	-0.30	0.384	5831	0.966	0.616	12222	0.909
NUDT1	-3.98	8	-0.30	0.384	5832	0.966	0.616	12221	0.909
FAHD1	-3.98	8	-0.30	0.384	5833	0.966	0.616	12220	0.909
APOO	-3.98	8	-0.30	0.384	5834	0.966	0.616	12219	0.909
PHF16	-3.98	8	-0.30	0.384	5835	0.966	0.616	12218	0.909
PARD6A	-3.98	8	-0.30	0.384	5836	0.966	0.616	12217	0.909
MYO9A	-3.98	8	-0.29	0.384	5837	0.966	0.616	12216	0.909
COA3	-3.98	8	-0.29	0.384	5838	0.966	0.616	12215	0.909
AP1S2	-3.98	8	-0.29	0.384	5839	0.966	0.616	12214	0.909
PRKCD	-3.98	8	-0.29	0.384	5840	0.966	0.616	12213	0.909
WDR16	-3.98	8	-0.29	0.384	5841	0.966	0.616	12212	0.909
GET4	-3.98	8	-0.29	0.384	5842	0.966	0.616	12211	0.909
PAOX	-3.98	8	-0.29	0.384	5843	0.966	0.616	12210	0.909
PCDHA9	-3.97	8	-0.29	0.384	5844	0.966	0.616	12209	0.909
CC2D2A	-3.97	8	-0.29	0.385	5845	0.966	0.615	12208	0.909
DNAJA2	-3.97	8	-0.29	0.385	5846	0.966	0.615	12207	0.909
ZCCHC10	-3.97	8	-0.29	0.385	5847	0.966	0.615	12206	0.909
KLK3	-3.97	8	-0.29	0.385	5848	0.966	0.615	12205	0.909
MAP2K1	-3.97	8	-0.29	0.385	5849	0.966	0.615	12204	0.909
C5orf47	-3.97	8	-0.29	0.385	5850	0.966	0.615	12203	0.909
PLD3	-3.97	8	-0.29	0.385	5851	0.966	0.615	12202	0.909
CYB561A3	-3.97	8	-0.29	0.385	5852	0.966	0.615	12201	0.909
LIPK	-3.97	8	-0.29	0.385	5853	0.966	0.615	12200	0.909
PPAP2B	-3.97	8	-0.29	0.385	5854	0.966	0.615	12199	0.909
SATB1	-3.97	8	-0.29	0.385	5855	0.966	0.615	12198	0.909
PAX4	-3.97	8	-0.29	0.385	5856	0.966	0.615	12197	0.909
TMX3	-3.97	8	-0.29	0.385	5857	0.966	0.615	12196	0.909
C1orf54	-3.97	8	-0.29	0.385	5858	0.966	0.615	12195	0.909
ZNF322	-3.97	8	-0.29	0.385	5859	0.966	0.615	12194	0.909
C11orf89	-3.97	8	-0.29	0.385	5860	0.966	0.615	12193	0.909
ACOT6	-3.97	8	-0.29	0.385	5861	0.966	0.615	12192	0.909
ARSF	-3.96	8	-0.29	0.386	5862	0.966	0.614	12191	0.909
HSF2BP	-3.96	8	-0.29	0.386	5863	0.966	0.614	12190	0.909
SCRN3	-3.96	8	-0.29	0.386	5864	0.966	0.614	12189	0.909
LAMB2	-3.96	8	-0.29	0.386	5865	0.966	0.614	12188	0.909
TOLLIP	-3.96	8	-0.29	0.386	5866	0.966	0.614	12187	0.909
VCPKMT	-3.96	8	-0.29	0.386	5867	0.966	0.614	12186	0.909
LRRC4B	-3.96	8	-0.29	0.386	5868	0.966	0.614	12185	0.909
MSTN	-3.96	8	-0.29	0.386	5869	0.966	0.614	12184	0.909
TP53I3	-3.96	8	-0.29	0.386	5870	0.966	0.614	12183	0.909
PTPRD	-3.96	8	-0.29	0.386	5871	0.966	0.614	12182	0.909
PIK3R2	-3.96	8	-0.29	0.386	5872	0.966	0.614	12181	0.909
LDLRAP1	-3.96	8	-0.29	0.386	5873	0.966	0.614	12180	0.909
GIMAP7	-3.96	8	-0.29	0.386	5874	0.966	0.614	12179	0.909
MYO1H	-3.96	8	-0.29	0.386	5875	0.966	0.614	12178	0.909
PERP	-3.96	8	-0.29	0.386	5876	0.966	0.614	12177	0.909
SHCBP1L	-3.96	8	-0.29	0.386	5877	0.966	0.614	12176	0.909
CCDC36	-3.96	8	-0.29	0.386	5878	0.966	0.614	12175	0.909
LUZP4	-3.95	8	-0.29	0.386	5879	0.966	0.614	12174	0.909
FAM46B	-3.95	8	-0.29	0.386	5880	0.966	0.614	12173	0.909
C1orf177	-3.95	8	-0.29	0.387	5881	0.966	0.613	12172	0.909
FOXE1	-3.95	8	-0.29	0.387	5882	0.966	0.613	12171	0.909
KRT31	-3.95	8	-0.29	0.387	5883	0.966	0.613	12170	0.909
LIAS	-3.95	8	-0.29	0.387	5884	0.966	0.613	12169	0.909
TRAF5	-3.95	8	-0.29	0.387	5885	0.966	0.613	12168	0.909
UPK2	-3.95	8	-0.29	0.387	5886	0.966	0.613	12167	0.909
KRTAP5-11	-1.98	2	-0.29	0.387	5887	0.966	0.613	12166	0.909
TTLL11	-3.95	8	-0.29	0.387	5888	0.966	0.613	12165	0.909
DNAJC5B	-3.95	8	-0.29	0.387	5889	0.966	0.613	12164	0.909
UMOD	-3.95	8	-0.29	0.387	5890	0.966	0.613	12163	0.909
KIAA0753	-3.95	8	-0.29	0.387	5891	0.966	0.613	12162	0.909
LIMD1	-3.95	8	-0.29	0.387	5892	0.966	0.613	12161	0.909
NDUFC2	-1.97	2	-0.29	0.387	5893	0.966	0.613	12160	0.909
AKR1D1	-3.94	8	-0.29	0.387	5894	0.966	0.613	12159	0.909
TRIM17	-3.94	8	-0.29	0.387	5895	0.966	0.613	12158	0.909
SZT2	-3.94	8	-0.29	0.387	5896	0.966	0.613	12157	0.909
GIPC3	-3.94	8	-0.29	0.387	5897	0.966	0.613	12156	0.909
LRRC53	-3.94	8	-0.29	0.387	5898	0.966	0.613	12155	0.909
NOC2L	-3.94	8	-0.29	0.388	5899	0.966	0.612	12154	0.909
SQRDL	-3.94	8	-0.29	0.388	5900	0.966	0.612	12153	0.909
CXCR4	-3.94	8	-0.29	0.388	5901	0.966	0.612	12152	0.909
TPSD1	-3.94	8	-0.29	0.388	5902	0.966	0.612	12151	0.909
H2BFWT	-3.94	8	-0.29	0.388	5903	0.966	0.612	12150	0.909
ATP6V0B	-3.94	8	-0.29	0.388	5904	0.966	0.612	12149	0.909
FMO5	-3.94	8	-0.29	0.388	5905	0.966	0.612	12148	0.909
ZNF202	-3.94	8	-0.28	0.388	5906	0.966	0.612	12147	0.909
PCYT2	-3.94	8	-0.28	0.388	5907	0.966	0.612	12146	0.909
ZFP3	-3.94	8	-0.28	0.388	5908	0.966	0.612	12145	0.909
GDF5	-3.94	8	-0.28	0.388	5909	0.966	0.612	12144	0.909
GP2	-3.94	8	-0.28	0.388	5910	0.966	0.612	12143	0.909
PSD3	-3.94	8	-0.28	0.388	5911	0.966	0.612	12142	0.909
YWHAQ	-3.93	8	-0.28	0.388	5912	0.966	0.612	12141	0.909
HBM	-3.93	8	-0.28	0.388	5913	0.966	0.612	12140	0.909
NPL	-3.93	8	-0.28	0.388	5914	0.966	0.612	12139	0.909
FAM83C	-3.93	8	-0.28	0.388	5915	0.966	0.612	12138	0.909
ZNF692	-3.93	8	-0.28	0.388	5916	0.966	0.612	12137	0.909
N6AMT2	-3.93	8	-0.28	0.388	5917	0.966	0.612	12136	0.909
FOXRED2	-3.93	8	-0.28	0.389	5918	0.966	0.611	12135	0.909
SART1	-3.93	8	-0.28	0.389	5919	0.966	0.611	12134	0.909
TMEM133	-3.68	7	-0.28	0.389	5920	0.966	0.611	12133	0.909
ERP44	-3.93	8	-0.28	0.389	5921	0.966	0.611	12132	0.909
FAM170B	-3.93	8	-0.28	0.389	5922	0.966	0.611	12131	0.909
ZFP42	-3.93	8	-0.28	0.389	5923	0.966	0.611	12130	0.909
E2F4	-3.93	8	-0.28	0.389	5924	0.966	0.611	12129	0.909
PTOV1	-3.93	8	-0.28	0.389	5925	0.966	0.611	12128	0.909
ME2	-3.93	8	-0.28	0.389	5926	0.966	0.611	12127	0.909
SC5D	-3.93	8	-0.28	0.389	5927	0.966	0.611	12126	0.909
LHX3	-3.93	8	-0.28	0.389	5928	0.966	0.611	12125	0.909
PGPEP1L	-3.93	8	-0.28	0.389	5929	0.966	0.611	12124	0.909
ASPDH	-3.93	8	-0.28	0.389	5930	0.966	0.611	12123	0.909
PTCHD4	-3.93	8	-0.28	0.389	5931	0.966	0.611	12122	0.909
ARHGEF17	-3.93	8	-0.28	0.389	5932	0.966	0.611	12121	0.909
RAPGEF5	-3.92	8	-0.28	0.389	5933	0.966	0.611	12120	0.909
EPC2	-3.92	8	-0.28	0.389	5934	0.966	0.611	12119	0.909
ALPL	-3.92	8	-0.28	0.389	5935	0.966	0.611	12118	0.909
GPC6	-3.92	8	-0.28	0.39	5936	0.966	0.61	12117	0.909
CCL7	-3.40	6	-0.28	0.39	5937	0.966	0.61	12116	0.909
MERTK	-3.92	8	-0.28	0.39	5938	0.966	0.61	12115	0.909
FAM227B	-3.92	8	-0.28	0.39	5939	0.966	0.61	12114	0.909
PLA2G15	-3.92	8	-0.28	0.39	5940	0.966	0.61	12113	0.909
ACOT7	-3.92	8	-0.28	0.39	5941	0.966	0.61	12112	0.909
PNKD	-3.92	8	-0.28	0.39	5942	0.966	0.61	12111	0.909
ZNF284	-3.92	8	-0.28	0.39	5943	0.966	0.61	12110	0.909
HLA-DQB2	-3.92	8	-0.28	0.39	5944	0.966	0.61	12109	0.909
LRRC71	-3.92	8	-0.28	0.39	5945	0.966	0.61	12108	0.909
NKAIN3	-3.92	8	-0.28	0.39	5946	0.966	0.61	12107	0.909
KANSL1	-3.92	8	-0.28	0.39	5947	0.966	0.61	12106	0.909
LHX6	-3.92	8	-0.28	0.39	5948	0.966	0.61	12105	0.909
XRCC1	-3.92	8	-0.28	0.39	5949	0.966	0.61	12104	0.909
LZTFL1	-3.91	8	-0.28	0.39	5950	0.966	0.61	12103	0.909
D2HGDH	-3.91	8	-0.28	0.39	5951	0.966	0.61	12102	0.909
PRIMPOL	-3.91	8	-0.28	0.39	5952	0.966	0.61	12101	0.909
TAX1BP1	-3.91	8	-0.28	0.39	5953	0.966	0.61	12100	0.909
HAPLN2	-3.91	8	-0.28	0.39	5954	0.966	0.61	12099	0.909
C17orf67	-3.91	8	-0.28	0.39	5955	0.966	0.61	12098	0.909
HEPHL1	-3.91	8	-0.28	0.39	5956	0.966	0.61	12097	0.909
ASPG	-3.91	8	-0.28	0.39	5957	0.966	0.61	12096	0.909
ATP5F1	-3.91	8	-0.28	0.391	5958	0.966	0.609	12095	0.909
SFT2D2	-3.91	8	-0.28	0.391	5959	0.966	0.609	12094	0.909
IQCF2	-3.91	8	-0.28	0.391	5960	0.966	0.609	12093	0.909
PIK3CD	-3.91	8	-0.28	0.391	5961	0.966	0.609	12092	0.909
IP6K2	-3.91	8	-0.28	0.391	5962	0.966	0.609	12091	0.909
CCL26	-3.91	8	-0.28	0.391	5963	0.966	0.609	12090	0.909
TAAR2	-3.91	8	-0.28	0.391	5964	0.966	0.609	12089	0.909
TNFRSF19	-3.91	8	-0.28	0.391	5965	0.966	0.609	12088	0.909
ZNF548	-3.91	8	-0.28	0.391	5966	0.966	0.609	12087	0.909
LILRA4	-3.91	8	-0.28	0.391	5967	0.966	0.609	12086	0.909
TTLL12	-3.91	8	-0.28	0.391	5968	0.966	0.609	12085	0.909
IGFL4	-3.91	8	-0.28	0.391	5969	0.966	0.609	12084	0.909
OR11G2	-3.91	8	-0.28	0.391	5970	0.966	0.609	12083	0.909
SLC31A1	-3.91	8	-0.28	0.391	5971	0.966	0.609	12082	0.909
GADL1	-3.90	8	-0.28	0.391	5972	0.966	0.609	12081	0.909
CAMSAP2	-3.90	8	-0.28	0.391	5973	0.966	0.609	12080	0.909
ITGB3	-3.90	8	-0.28	0.391	5974	0.966	0.609	12079	0.909
BFAR	-3.90	8	-0.28	0.391	5975	0.966	0.609	12078	0.909
CYP1B1	-3.90	8	-0.28	0.391	5976	0.966	0.609	12077	0.909
TES	-3.90	8	-0.28	0.391	5977	0.966	0.609	12076	0.909
GFI1B	-3.90	8	-0.28	0.391	5978	0.966	0.609	12075	0.909
KCNJ16	-3.90	8	-0.28	0.391	5979	0.966	0.609	12074	0.909
DUSP3	-3.90	8	-0.28	0.391	5980	0.966	0.609	12073	0.909
HAGH	-3.90	8	-0.28	0.391	5981	0.966	0.609	12072	0.909
RNF223	-3.90	8	-0.28	0.392	5982	0.966	0.608	12071	0.909
METRN	-3.90	8	-0.28	0.392	5983	0.966	0.608	12070	0.909
PPARA	-3.90	8	-0.27	0.392	5984	0.966	0.608	12069	0.909
IL32	-3.90	8	-0.27	0.392	5985	0.966	0.608	12068	0.909
GPR152	-3.90	8	-0.27	0.392	5986	0.966	0.608	12067	0.909
GRIP1	-3.90	8	-0.27	0.392	5987	0.966	0.608	12066	0.909
FITM2	-3.90	8	-0.27	0.392	5988	0.966	0.608	12065	0.909
CD74	-3.90	8	-0.27	0.392	5989	0.966	0.608	12064	0.909
CD247	-3.90	8	-0.27	0.392	5990	0.966	0.608	12063	0.909
CTSE	-3.90	8	-0.27	0.392	5991	0.966	0.608	12062	0.909
ENOX1	-3.90	8	-0.27	0.392	5992	0.966	0.608	12061	0.909
NTNG1	-3.64	7	-0.27	0.392	5993	0.966	0.608	12060	0.909
HMBOX1	-3.89	8	-0.27	0.392	5994	0.966	0.608	12059	0.909
KAL1	-3.89	8	-0.27	0.392	5995	0.966	0.608	12058	0.909
ROCK2	-3.89	8	-0.27	0.392	5996	0.966	0.608	12057	0.909
RARRES3	-3.89	8	-0.27	0.392	5997	0.966	0.608	12056	0.909
VANGL1	-3.89	8	-0.27	0.392	5998	0.966	0.608	12055	0.909
BMPER	-3.89	8	-0.27	0.392	5999	0.966	0.608	12054	0.909
ANKRD50	-3.89	8	-0.27	0.393	6000	0.966	0.607	12053	0.909
COX6B1	-3.89	8	-0.27	0.393	6001	0.966	0.607	12052	0.909
PAICS	-3.89	8	-0.27	0.393	6002	0.966	0.607	12051	0.909
ICK	-3.89	8	-0.27	0.393	6003	0.966	0.607	12050	0.909
GUCY1A3	-3.89	8	-0.27	0.393	6004	0.966	0.607	12049	0.909
SOX15	-3.89	8	-0.27	0.393	6005	0.966	0.607	12048	0.909
CSNK2A1	-3.37	6	-0.27	0.393	6006	0.966	0.607	12047	0.909
ZNF879	-3.89	8	-0.27	0.393	6007	0.966	0.607	12046	0.909
KIF3B	-3.89	8	-0.27	0.393	6008	0.966	0.607	12045	0.909
ATP6V1C1	-3.89	8	-0.27	0.393	6009	0.966	0.607	12044	0.909
EPHA8	-3.89	8	-0.27	0.393	6010	0.966	0.607	12043	0.909
CHRNA3	-3.89	8	-0.27	0.393	6011	0.966	0.607	12042	0.909
PLCG2	-3.89	8	-0.27	0.393	6012	0.966	0.607	12041	0.909
HOGA1	-3.89	8	-0.27	0.393	6013	0.966	0.607	12040	0.909
FLCN	-3.89	8	-0.27	0.393	6014	0.966	0.607	12039	0.909
NLRP10	-3.88	8	-0.27	0.393	6015	0.966	0.607	12038	0.909
IMMT	-3.88	8	-0.27	0.393	6016	0.966	0.607	12037	0.909
RP11-89N17.1	-3.88	8	-0.27	0.393	6017	0.966	0.607	12036	0.909
PLEKHM2	-3.88	8	-0.27	0.393	6018	0.966	0.607	12035	0.909
SIGLEC7	-3.88	8	-0.27	0.393	6019	0.966	0.607	12034	0.909
RSU1	-3.88	8	-0.27	0.393	6020	0.966	0.607	12033	0.909
OR52B6	-3.88	8	-0.27	0.393	6021	0.966	0.607	12032	0.909
PPFIA1	-3.88	8	-0.27	0.393	6022	0.966	0.607	12031	0.909
NRCAM	-3.88	8	-0.27	0.394	6023	0.966	0.606	12030	0.909
RANBP6	-3.88	8	-0.27	0.394	6024	0.966	0.606	12029	0.909
ADCYAP1	-3.88	8	-0.27	0.394	6025	0.966	0.606	12028	0.909
CNRIP1	-3.88	8	-0.27	0.394	6026	0.966	0.606	12027	0.909
COMT	-3.88	8	-0.27	0.394	6027	0.966	0.606	12026	0.909
CNGB3	-3.88	8	-0.27	0.394	6028	0.966	0.606	12025	0.909
ZNF628	-3.88	8	-0.27	0.394	6029	0.966	0.606	12024	0.909
SMARCD2	-3.88	8	-0.27	0.394	6030	0.966	0.606	12023	0.909
THEM5	-3.88	8	-0.27	0.394	6031	0.966	0.606	12022	0.909
PGLS	-3.36	6	-0.27	0.394	6032	0.966	0.606	12021	0.909
CYP17A1	-3.88	8	-0.27	0.394	6033	0.966	0.606	12020	0.909
SLAMF8	-3.88	8	-0.27	0.394	6034	0.966	0.606	12019	0.909
MTO1	-3.88	8	-0.27	0.394	6035	0.966	0.606	12018	0.909
HTRA4	-3.88	8	-0.27	0.394	6036	0.966	0.606	12017	0.909
CALML5	-3.88	8	-0.27	0.394	6037	0.966	0.606	12016	0.909
KYNU	-3.88	8	-0.27	0.394	6038	0.966	0.606	12015	0.909
FRS3	-3.88	8	-0.27	0.394	6039	0.966	0.606	12014	0.909
TTC36	-3.87	8	-0.27	0.394	6040	0.966	0.606	12013	0.909
SLC5A10	-3.87	8	-0.27	0.394	6041	0.966	0.606	12012	0.909
TOPAZ1	-3.87	8	-0.27	0.394	6042	0.966	0.606	12011	0.909
SLC13A4	-3.87	8	-0.27	0.394	6043	0.966	0.606	12010	0.909
NRXN2	-3.87	8	-0.27	0.394	6044	0.966	0.606	12009	0.909
TRIM66	-3.87	8	-0.27	0.394	6045	0.966	0.606	12008	0.909
CLDN5	-3.87	8	-0.27	0.394	6046	0.966	0.606	12007	0.909
ITGAE	-3.87	8	-0.27	0.394	6047	0.966	0.606	12006	0.909
DNAH3	-3.87	8	-0.27	0.394	6048	0.966	0.606	12005	0.909
VPS33A	-3.87	8	-0.27	0.394	6049	0.966	0.606	12004	0.909
JMJD8	-3.87	8	-0.27	0.394	6050	0.966	0.606	12003	0.909
SFMBT2	-3.87	8	-0.27	0.394	6051	0.966	0.606	12002	0.909
SELPLG	-3.87	8	-0.27	0.395	6052	0.966	0.605	12001	0.909
ADK	-3.87	8	-0.27	0.395	6053	0.966	0.605	12000	0.909
C5orf38	-3.87	8	-0.27	0.395	6054	0.966	0.605	11999	0.909
DIRC3	-3.87	8	-0.27	0.395	6055	0.966	0.605	11998	0.909
ZNF75D	-3.87	8	-0.27	0.395	6056	0.966	0.605	11997	0.909
PMEPA1	-3.87	8	-0.27	0.395	6057	0.966	0.605	11996	0.909
REG4	-3.87	8	-0.27	0.395	6058	0.966	0.605	11995	0.909
IFITM10	-3.87	8	-0.27	0.395	6059	0.966	0.605	11994	0.909
PLEKHA7	-3.87	8	-0.27	0.395	6060	0.966	0.605	11993	0.909
LAMB1	-3.87	8	-0.27	0.395	6061	0.966	0.605	11992	0.909
AKAP6	-3.87	8	-0.27	0.395	6062	0.966	0.605	11991	0.909
MS4A10	-3.87	8	-0.27	0.395	6063	0.966	0.605	11990	0.909
BAD	-3.87	8	-0.27	0.395	6064	0.966	0.605	11989	0.909
MAPK8	-3.87	8	-0.27	0.395	6065	0.966	0.605	11988	0.909
COG5	-3.87	8	-0.27	0.395	6066	0.966	0.605	11987	0.909
STRA8	-3.86	8	-0.27	0.395	6067	0.966	0.605	11986	0.909
ARMC6	-3.86	8	-0.27	0.395	6068	0.966	0.605	11985	0.909
ARMCX2	-3.86	8	-0.27	0.395	6069	0.966	0.605	11984	0.909
IFNL1	-3.86	8	-0.27	0.395	6070	0.966	0.605	11983	0.909
SAT2	-3.86	8	-0.27	0.395	6071	0.966	0.605	11982	0.909
SLC22A11	-3.86	8	-0.27	0.395	6072	0.966	0.605	11981	0.909
RND2	-3.86	8	-0.27	0.395	6073	0.966	0.605	11980	0.909
PCDHB5	-3.86	8	-0.27	0.395	6074	0.966	0.605	11979	0.909
LRRN3	-3.86	8	-0.27	0.395	6075	0.966	0.605	11978	0.909
MAP1LC3C	-3.86	8	-0.26	0.396	6076	0.966	0.604	11977	0.909
MAPK3	-3.86	8	-0.26	0.396	6077	0.966	0.604	11976	0.909
CTDP1	-3.86	8	-0.26	0.396	6078	0.966	0.604	11975	0.909
TNFRSF10B	-3.86	8	-0.26	0.396	6079	0.966	0.604	11974	0.909
DHRS7	-3.86	8	-0.26	0.396	6080	0.966	0.604	11973	0.909
ACRC	-3.86	8	-0.26	0.396	6081	0.966	0.604	11972	0.909
MC3R	-3.86	8	-0.26	0.396	6082	0.966	0.604	11971	0.909
POP4	-3.86	8	-0.26	0.396	6083	0.966	0.604	11970	0.909
MYLPF	-3.86	8	-0.26	0.396	6084	0.966	0.604	11969	0.909
SLC32A1	-3.86	8	-0.26	0.396	6085	0.966	0.604	11968	0.909
SYNRG	-3.86	8	-0.26	0.396	6086	0.966	0.604	11967	0.909
COPB1	-3.86	8	-0.26	0.396	6087	0.966	0.604	11966	0.909
POU4F3	-3.86	8	-0.26	0.396	6088	0.966	0.604	11965	0.909
FAM161B	-3.85	8	-0.26	0.396	6089	0.966	0.604	11964	0.909
AQP4	-3.85	8	-0.26	0.396	6090	0.966	0.604	11963	0.909
SSB	-3.85	8	-0.26	0.396	6091	0.966	0.604	11962	0.909
ELMO3	-3.85	8	-0.26	0.396	6092	0.966	0.604	11961	0.909
GDAP1	-3.85	8	-0.26	0.396	6093	0.966	0.604	11960	0.909
SH3BGRL2	-3.85	8	-0.26	0.396	6094	0.966	0.604	11959	0.909
BSPH1	-3.85	8	-0.26	0.396	6095	0.966	0.604	11958	0.909
TM7SF3	-3.85	8	-0.26	0.396	6096	0.966	0.604	11957	0.909
TIGD4	-3.85	8	-0.26	0.396	6097	0.966	0.604	11956	0.909
GAR1	-3.85	8	-0.26	0.397	6098	0.966	0.603	11955	0.909
ZAP70	-3.85	8	-0.26	0.397	6099	0.966	0.603	11954	0.909
CDX1	-3.85	8	-0.26	0.397	6100	0.966	0.603	11953	0.909
LIN28B	-3.85	8	-0.26	0.397	6101	0.966	0.603	11952	0.909
MGMT	-3.85	8	-0.26	0.397	6102	0.966	0.603	11951	0.909
ATXN7	-3.85	8	-0.26	0.397	6103	0.966	0.603	11950	0.909
TMEM89	-3.85	8	-0.26	0.397	6104	0.966	0.603	11949	0.909
PSMB8	-3.85	8	-0.26	0.397	6105	0.966	0.603	11948	0.909
SIDT2	-3.84	8	-0.26	0.397	6106	0.966	0.603	11947	0.909
ITPKB	-3.84	8	-0.26	0.397	6107	0.966	0.603	11946	0.909
CPT2	-3.84	8	-0.26	0.397	6108	0.966	0.603	11945	0.909
FAM47E	-3.84	8	-0.26	0.397	6109	0.966	0.603	11944	0.909
POMGNT1	-3.84	8	-0.26	0.397	6110	0.966	0.603	11943	0.909
RBM20	-3.84	8	-0.26	0.397	6111	0.966	0.603	11942	0.909
PAPOLB	-3.84	8	-0.26	0.397	6112	0.966	0.603	11941	0.909
MOB3B	-3.84	8	-0.26	0.398	6113	0.966	0.602	11940	0.909
NPEPPS	-3.84	8	-0.26	0.398	6114	0.966	0.602	11939	0.909
GON4L	-3.84	8	-0.26	0.398	6115	0.966	0.602	11938	0.909
CD109	-3.84	8	-0.26	0.398	6116	0.966	0.602	11937	0.909
C1QBP	-3.84	8	-0.26	0.398	6117	0.966	0.602	11936	0.909
ACR	-3.84	8	-0.26	0.398	6118	0.966	0.602	11935	0.909
OR5AU1	-3.84	8	-0.26	0.398	6119	0.966	0.602	11934	0.909
PLA2G4C	-3.84	8	-0.26	0.398	6120	0.966	0.602	11933	0.909
FRMPD2	-3.84	8	-0.26	0.398	6121	0.966	0.602	11932	0.909
SPOPL	-3.84	8	-0.26	0.398	6122	0.966	0.602	11931	0.909
CD59	-3.84	8	-0.26	0.398	6123	0.966	0.602	11930	0.909
SOX21	-3.84	8	-0.26	0.398	6124	0.966	0.602	11929	0.909
C10orf95	-3.84	8	-0.26	0.398	6125	0.966	0.602	11928	0.909
GPR143	-3.84	8	-0.26	0.398	6126	0.966	0.602	11927	0.909
CHCHD5	-3.84	8	-0.26	0.398	6127	0.966	0.602	11926	0.909
QARS	-3.83	8	-0.26	0.398	6128	0.966	0.602	11925	0.909
SMARCA2	-3.83	8	-0.26	0.398	6129	0.966	0.602	11924	0.909
TRA2A	-3.83	8	-0.26	0.398	6130	0.966	0.602	11923	0.909
SLC5A1	-3.83	8	-0.26	0.398	6131	0.966	0.602	11922	0.909
ATF5	-3.83	8	-0.26	0.398	6132	0.966	0.602	11921	0.909
12-Sep	-3.83	8	-0.26	0.398	6133	0.966	0.602	11920	0.909
SLC15A1	-3.83	8	-0.26	0.398	6134	0.966	0.602	11919	0.909
ZNF304	-3.83	8	-0.26	0.398	6135	0.966	0.602	11918	0.909
TSGA13	-3.83	8	-0.26	0.398	6136	0.966	0.602	11917	0.909
SMCO1	-3.83	8	-0.26	0.398	6137	0.966	0.602	11916	0.909
FNDC3B	-3.83	8	-0.26	0.398	6138	0.966	0.602	11915	0.909
C6orf136	-3.83	8	-0.26	0.398	6139	0.966	0.602	11914	0.909
LMTK3	-3.83	8	-0.26	0.398	6140	0.966	0.602	11913	0.909
ATP2A1	-3.83	8	-0.26	0.398	6141	0.966	0.602	11912	0.909
OR6S1	-3.83	8	-0.26	0.398	6142	0.966	0.602	11911	0.909
SLC40A1	-3.83	8	-0.26	0.399	6143	0.966	0.601	11910	0.909
PLEKHS1	-3.83	8	-0.26	0.399	6144	0.966	0.601	11909	0.909
APOBEC3H	-3.83	8	-0.26	0.399	6145	0.966	0.601	11908	0.909
PTCRA	-3.83	8	-0.26	0.399	6146	0.966	0.601	11907	0.909
PANK3	-3.83	8	-0.26	0.399	6147	0.966	0.601	11906	0.909
NCBP2L	-3.83	8	-0.26	0.399	6148	0.966	0.601	11905	0.909
SLC25A32	-3.83	8	-0.26	0.399	6149	0.966	0.601	11904	0.909
ZBTB5	-3.83	8	-0.26	0.399	6150	0.966	0.601	11903	0.909
GPR4	-3.83	8	-0.26	0.399	6151	0.966	0.601	11902	0.909
BBS12	-3.83	8	-0.26	0.399	6152	0.966	0.601	11901	0.909
RNF149	-3.83	8	-0.26	0.399	6153	0.966	0.601	11900	0.909
SALL2	-3.82	8	-0.26	0.399	6154	0.966	0.601	11899	0.909
HMGXB4	-3.82	8	-0.26	0.399	6155	0.966	0.601	11898	0.909
CASC4	-3.82	8	-0.26	0.399	6156	0.966	0.601	11897	0.909
FAM211B	-3.82	8	-0.25	0.399	6157	0.966	0.601	11896	0.909
SLAMF1	-3.82	8	-0.25	0.399	6158	0.966	0.601	11895	0.909
RALYL	-3.82	8	-0.25	0.399	6159	0.966	0.601	11894	0.909
FNDC7	-3.82	8	-0.25	0.399	6160	0.966	0.601	11893	0.909
OSTF1	-3.82	8	-0.25	0.4	6161	0.966	0.6	11892	0.909
MAFB	-3.82	8	-0.25	0.4	6162	0.966	0.6	11891	0.909
PLA2G2E	-3.82	8	-0.25	0.4	6163	0.966	0.6	11890	0.909
SRPX2	-3.82	8	-0.25	0.4	6164	0.966	0.6	11889	0.909
COX7C	-3.82	8	-0.25	0.4	6165	0.966	0.6	11888	0.909
ZNF511	-3.82	8	-0.25	0.4	6166	0.966	0.6	11887	0.909
MBD5	-3.82	8	-0.25	0.4	6167	0.966	0.6	11886	0.909
FANCE	-3.82	8	-0.25	0.4	6168	0.966	0.6	11885	0.909
RAB26	-3.82	8	-0.25	0.4	6169	0.966	0.6	11884	0.909
HMMR	-3.81	8	-0.25	0.4	6170	0.966	0.6	11883	0.909
FADD	-3.81	8	-0.25	0.4	6171	0.966	0.6	11882	0.909
OR2T4	-3.81	8	-0.25	0.4	6172	0.966	0.6	11881	0.909
CLDN8	-3.81	8	-0.25	0.4	6173	0.966	0.6	11880	0.909
LARP1	-3.81	8	-0.25	0.4	6174	0.966	0.6	11879	0.909
TCEAL7	-3.81	8	-0.25	0.4	6175	0.966	0.6	11878	0.909
FADS6	-3.81	8	-0.25	0.4	6176	0.966	0.6	11877	0.909
KRT33A	-3.81	8	-0.25	0.4	6177	0.966	0.6	11876	0.909
PROKR1	-3.81	8	-0.25	0.4	6178	0.966	0.6	11875	0.909
PLA2R1	-3.81	8	-0.25	0.401	6179	0.966	0.599	11874	0.909
CD276	-3.81	8	-0.25	0.401	6180	0.966	0.599	11873	0.909
GKN1	-3.81	8	-0.25	0.401	6181	0.966	0.599	11872	0.909
GPAA1	-3.81	8	-0.25	0.401	6182	0.966	0.599	11871	0.909
DAPK2	-3.81	8	-0.25	0.401	6183	0.966	0.599	11870	0.909
KPTN	-3.81	8	-0.25	0.401	6184	0.966	0.599	11869	0.909
PPIL6	-3.80	8	-0.25	0.401	6185	0.966	0.599	11868	0.909
ANKRD9	-3.80	8	-0.25	0.401	6186	0.966	0.599	11867	0.909
SERPINB2	-3.80	8	-0.25	0.401	6187	0.966	0.599	11866	0.909
SH3D21	-3.29	6	-0.25	0.401	6188	0.966	0.599	11865	0.909
ZNF155	-3.80	8	-0.25	0.401	6189	0.966	0.599	11864	0.909
CYB5D2	-3.80	8	-0.25	0.401	6190	0.966	0.599	11863	0.909
TTC5	-3.80	8	-0.25	0.401	6191	0.966	0.599	11862	0.909
SPATA33	-3.80	8	-0.25	0.401	6192	0.966	0.599	11861	0.909
NKX6-1	-3.80	8	-0.25	0.401	6193	0.966	0.599	11860	0.909
GLI4	-3.80	8	-0.25	0.401	6194	0.966	0.599	11859	0.909
OR2W3	-3.80	8	-0.25	0.401	6195	0.966	0.599	11858	0.909
ANKRD18A	-1.90	2	-0.25	0.401	6196	0.966	0.599	11857	0.909
CD300C	-3.80	8	-0.25	0.401	6197	0.966	0.599	11856	0.909
ZNF558	-3.80	8	-0.25	0.401	6198	0.966	0.599	11855	0.909
SYT9	-3.80	8	-0.25	0.401	6199	0.966	0.599	11854	0.909
CCND1	-3.80	8	-0.25	0.401	6200	0.966	0.599	11853	0.909
SERHL2	-3.80	8	-0.25	0.402	6201	0.966	0.598	11852	0.909
GUCA1B	-3.80	8	-0.25	0.402	6202	0.966	0.598	11851	0.909
SHISA4	-3.80	8	-0.25	0.402	6203	0.966	0.598	11850	0.909
SAMD4B	-3.80	8	-0.25	0.402	6204	0.966	0.598	11849	0.909
TMEM181	-3.80	8	-0.25	0.402	6205	0.966	0.598	11848	0.909
SLC2A7	-3.80	8	-0.25	0.402	6206	0.966	0.598	11847	0.909
CYB5RL	-3.79	8	-0.25	0.402	6207	0.966	0.598	11846	0.909
PRDM7	-1.90	2	-0.25	0.402	6208	0.966	0.598	11845	0.909
CLPX	-3.79	8	-0.25	0.402	6209	0.966	0.598	11844	0.909
ITGAM	-3.79	8	-0.25	0.402	6210	0.966	0.598	11843	0.909
TSPAN3	-3.79	8	-0.25	0.402	6211	0.966	0.598	11842	0.909
FMO3	-3.79	8	-0.25	0.402	6212	0.966	0.598	11841	0.909
PAK1	-3.79	8	-0.25	0.402	6213	0.966	0.598	11840	0.909
CDK1	-3.79	8	-0.25	0.402	6214	0.966	0.598	11839	0.909
SS18	-3.79	8	-0.25	0.402	6215	0.966	0.598	11838	0.909
GALNTL6	-3.79	8	-0.25	0.402	6216	0.966	0.598	11837	0.909
KCNA10	-3.79	8	-0.25	0.402	6217	0.966	0.598	11836	0.909
DNAI2	-3.79	8	-0.25	0.403	6218	0.966	0.597	11835	0.909
ADNP2	-3.79	8	-0.25	0.403	6219	0.966	0.597	11834	0.909
COX11	-3.79	8	-0.25	0.403	6220	0.966	0.597	11833	0.909
PTGER3	-3.79	8	-0.25	0.403	6221	0.966	0.597	11832	0.909
02-Mar	-5.36	16	-0.25	0.403	6222	0.966	0.597	11831	0.909
TATDN1	-3.79	8	-0.25	0.403	6223	0.966	0.597	11830	0.909
ZNF324B	-3.79	8	-0.25	0.403	6224	0.966	0.597	11829	0.909
KIRREL2	-3.79	8	-0.25	0.403	6225	0.966	0.597	11828	0.909
MICU1	-3.79	8	-0.25	0.403	6226	0.966	0.597	11827	0.909
COX8C	-3.79	8	-0.25	0.403	6227	0.966	0.597	11826	0.909
TMEM248	-3.79	8	-0.25	0.403	6228	0.966	0.597	11825	0.909
B3GALT1	-3.79	8	-0.25	0.403	6229	0.966	0.597	11824	0.909
MAP3K19	-3.78	8	-0.25	0.403	6230	0.966	0.597	11823	0.909
SIK1	-3.78	8	-0.25	0.403	6231	0.966	0.597	11822	0.909
TGFB1	-3.78	8	-0.25	0.403	6232	0.966	0.597	11821	0.909
ABCG8	-3.78	8	-0.25	0.403	6233	0.966	0.597	11820	0.909
CATSPERG	-3.78	8	-0.25	0.403	6234	0.966	0.597	11819	0.909
SLC35A4	-3.78	8	-0.25	0.403	6235	0.966	0.597	11818	0.909
SLC4A5	-3.78	8	-0.25	0.403	6236	0.966	0.597	11817	0.909
AKAP3	-3.78	8	-0.25	0.403	6237	0.966	0.597	11816	0.909
ODF3L1	-3.78	8	-0.25	0.403	6238	0.966	0.597	11815	0.909
JAKMIP3	-3.78	8	-0.25	0.403	6239	0.966	0.597	11814	0.909
CEACAM3	-3.78	8	-0.25	0.403	6240	0.966	0.597	11813	0.909
METTL8	-3.78	8	-0.25	0.403	6241	0.966	0.597	11812	0.909
KLK11	-3.78	8	-0.24	0.403	6242	0.966	0.597	11811	0.909
TSPAN6	-3.78	8	-0.24	0.403	6243	0.966	0.597	11810	0.909
NEURL4	-3.78	8	-0.24	0.403	6244	0.966	0.597	11809	0.909
CCR6	-3.78	8	-0.24	0.403	6245	0.966	0.597	11808	0.909
SPTY2D1	-3.78	8	-0.24	0.403	6246	0.966	0.597	11807	0.909
PODNL1	-3.78	8	-0.24	0.403	6247	0.966	0.597	11806	0.909
FRMD5	-3.78	8	-0.24	0.403	6248	0.966	0.597	11805	0.909
GSDMD	-3.78	8	-0.24	0.404	6249	0.966	0.596	11804	0.909
HSPB6	-3.78	8	-0.24	0.404	6250	0.966	0.596	11803	0.909
OR4C16	-3.78	8	-0.24	0.404	6251	0.966	0.596	11802	0.909
RPS10	-3.27	6	-0.24	0.404	6252	0.966	0.596	11801	0.909
CCSER2	-3.78	8	-0.24	0.404	6253	0.966	0.596	11800	0.909
ZACN	-3.78	8	-0.24	0.404	6254	0.966	0.596	11799	0.909
TCHHL1	-3.78	8	-0.24	0.404	6255	0.966	0.596	11798	0.909
LRIF1	-3.78	8	-0.24	0.404	6256	0.966	0.596	11797	0.909
BTG3	-3.77	8	-0.24	0.404	6257	0.966	0.596	11796	0.909
ORM2	-3.77	8	-0.24	0.404	6258	0.966	0.596	11795	0.909
TRIM31	-3.77	8	-0.24	0.404	6259	0.966	0.596	11794	0.909
DGCR14	-3.77	8	-0.24	0.404	6260	0.966	0.596	11793	0.909
ADNP	-3.77	8	-0.24	0.404	6261	0.966	0.596	11792	0.909
PCDHGA9	-3.77	8	-0.24	0.404	6262	0.966	0.596	11791	0.909
PLLP	-3.77	8	-0.24	0.404	6263	0.966	0.596	11790	0.909
WASF1	-3.77	8	-0.24	0.404	6264	0.966	0.596	11789	0.909
SIRT2	-3.77	8	-0.24	0.404	6265	0.966	0.596	11788	0.909
TMPRSS9	-3.77	8	-0.24	0.404	6266	0.966	0.596	11787	0.909
DIRAS2	-3.77	8	-0.24	0.404	6267	0.966	0.596	11786	0.909
BCL7C	-3.77	8	-0.24	0.404	6268	0.966	0.596	11785	0.909
PTBP3	-3.77	8	-0.24	0.404	6269	0.966	0.596	11784	0.909
OR1F1	-3.77	8	-0.24	0.404	6270	0.966	0.596	11783	0.909
HERC5	-3.77	8	-0.24	0.404	6271	0.966	0.596	11782	0.909
SLC27A5	-3.26	6	-0.24	0.404	6272	0.966	0.596	11781	0.909
IBA57	-3.77	8	-0.24	0.405	6273	0.966	0.595	11780	0.909
TC2N	-3.77	8	-0.24	0.405	6274	0.966	0.595	11779	0.909
HIST1H2AE	-3.77	8	-0.24	0.405	6275	0.966	0.595	11778	0.909
CACNG1	-3.76	8	-0.24	0.405	6276	0.966	0.595	11777	0.909
SMIM6	-3.76	8	-0.24	0.405	6277	0.966	0.595	11776	0.909
AXIN2	-3.76	8	-0.24	0.405	6278	0.966	0.595	11775	0.909
CYLD	-3.76	8	-0.24	0.405	6279	0.966	0.595	11774	0.909
PSD2	-3.76	8	-0.24	0.405	6280	0.966	0.595	11773	0.909
PRSS53	-3.76	8	-0.24	0.405	6281	0.966	0.595	11772	0.909
ZNF2	-3.76	8	-0.24	0.405	6282	0.966	0.595	11771	0.909
C11orf16	-3.76	8	-0.24	0.405	6283	0.966	0.595	11770	0.909
BCL2L2	-3.26	6	-0.24	0.405	6284	0.966	0.595	11769	0.909
KIAA0319	-3.76	8	-0.24	0.405	6285	0.966	0.595	11768	0.909
SALL4	-3.76	8	-0.24	0.406	6286	0.966	0.594	11767	0.909
SYNPR	-3.76	8	-0.24	0.406	6287	0.966	0.594	11766	0.909
COL18A1	-3.75	8	-0.24	0.406	6288	0.966	0.594	11765	0.909
RNF111	-3.75	8	-0.24	0.406	6289	0.966	0.594	11764	0.909
C19orf47	-3.75	8	-0.24	0.406	6290	0.966	0.594	11763	0.909
PLIN3	-3.75	8	-0.24	0.406	6291	0.966	0.594	11762	0.909
TXK	-3.75	8	-0.24	0.406	6292	0.966	0.594	11761	0.909
TMEM237	-3.75	8	-0.24	0.406	6293	0.966	0.594	11760	0.909
ACTR3C	-2.65	4	-0.24	0.406	6294	0.966	0.594	11759	0.909
MPP1	-3.75	8	-0.24	0.406	6295	0.966	0.594	11758	0.909
SLC5A3	-3.75	8	-0.24	0.406	6296	0.966	0.594	11757	0.909
TOMM20	-3.75	8	-0.24	0.406	6297	0.966	0.594	11756	0.909
C4orf21	-3.75	8	-0.24	0.406	6298	0.966	0.594	11755	0.909
RBMXL2	-3.75	8	-0.24	0.406	6299	0.966	0.594	11754	0.909
NLRX1	-3.75	8	-0.24	0.406	6300	0.966	0.594	11753	0.909
BRINP1	-3.75	8	-0.24	0.406	6301	0.966	0.594	11752	0.909
GATA3	-3.75	8	-0.24	0.406	6302	0.966	0.594	11751	0.909
DHRS3	-3.75	8	-0.24	0.406	6303	0.966	0.594	11750	0.909
TNFRSF21	-3.25	6	-0.24	0.406	6304	0.966	0.594	11749	0.909
COQ4	-3.75	8	-0.24	0.406	6305	0.966	0.594	11748	0.909
TTC9	-3.75	8	-0.24	0.407	6306	0.966	0.593	11747	0.909
E2F5	-3.75	8	-0.24	0.407	6307	0.966	0.593	11746	0.909
NDUFA3	-3.75	8	-0.24	0.407	6308	0.966	0.593	11745	0.909
C11orf24	-3.75	8	-0.24	0.407	6309	0.966	0.593	11744	0.909
WIPF3	-3.75	8	-0.24	0.407	6310	0.966	0.593	11743	0.909
TNMD	-3.75	8	-0.24	0.407	6311	0.966	0.593	11742	0.909
VRK3	-3.74	8	-0.24	0.407	6312	0.966	0.593	11741	0.909
GPR174	-3.74	8	-0.24	0.407	6313	0.966	0.593	11740	0.909
STATH	-3.24	6	-0.24	0.407	6314	0.966	0.593	11739	0.909
LENG1	-3.74	8	-0.24	0.407	6315	0.966	0.593	11738	0.909
NMNAT1	-3.74	8	-0.24	0.407	6316	0.966	0.593	11737	0.909
UGT1A3	-2.65	4	-0.23	0.407	6317	0.966	0.593	11736	0.909
INPP4B	-3.74	8	-0.23	0.407	6318	0.966	0.593	11735	0.909
NDUFB10	-3.74	8	-0.23	0.407	6319	0.966	0.593	11734	0.909
ASCC2	-3.74	8	-0.23	0.407	6320	0.966	0.593	11733	0.909
SPATA7	-3.74	8	-0.23	0.407	6321	0.966	0.593	11732	0.909
DHRS7B	-3.74	8	-0.23	0.407	6322	0.966	0.593	11731	0.909
ADPGK	-3.74	8	-0.23	0.407	6323	0.966	0.593	11730	0.909
LRRC8E	-3.74	8	-0.23	0.408	6324	0.966	0.592	11729	0.909
TTC4	-3.74	8	-0.23	0.408	6325	0.966	0.592	11728	0.909
GPR110	-3.74	8	-0.23	0.408	6326	0.966	0.592	11727	0.909
XYLB	-3.74	8	-0.23	0.408	6327	0.966	0.592	11726	0.909
CAD	-3.73	8	-0.23	0.408	6328	0.966	0.592	11725	0.909
THUMPD3	-3.73	8	-0.23	0.408	6329	0.966	0.592	11724	0.909
GABRR1	-3.73	8	-0.23	0.408	6330	0.966	0.592	11723	0.909
CES5A	-3.73	8	-0.23	0.408	6331	0.966	0.592	11722	0.909
SLC24A1	-3.73	8	-0.23	0.408	6332	0.966	0.592	11721	0.909
GOLGA5	-3.49	7	-0.23	0.408	6333	0.966	0.592	11720	0.909
KIAA1731	-3.73	8	-0.23	0.408	6334	0.966	0.592	11719	0.909
SUSD3	-3.73	8	-0.23	0.408	6335	0.966	0.592	11718	0.909
ISCA2	-3.73	8	-0.23	0.408	6336	0.966	0.592	11717	0.909
ADAL	-3.73	8	-0.23	0.408	6337	0.966	0.592	11716	0.909
ZNF812	-3.73	8	-0.23	0.408	6338	0.966	0.592	11715	0.909
OR51B6	-3.73	8	-0.23	0.408	6339	0.966	0.592	11714	0.909
USH1G	-3.73	8	-0.23	0.408	6340	0.966	0.592	11713	0.909
DNAI1	-3.23	6	-0.23	0.409	6341	0.966	0.591	11712	0.909
FAM71F2	-3.72	8	-0.23	0.409	6342	0.966	0.591	11711	0.909
BBIP1	-3.72	8	-0.23	0.409	6343	0.966	0.591	11710	0.909
PPP4R4	-3.72	8	-0.23	0.409	6344	0.966	0.591	11709	0.909
TCP11	-3.22	6	-0.23	0.409	6345	0.966	0.591	11708	0.909
LCP1	-3.72	8	-0.23	0.409	6346	0.966	0.591	11707	0.909
DHRS11	-3.72	8	-0.23	0.409	6347	0.966	0.591	11706	0.909
PYCRL	-3.72	8	-0.23	0.409	6348	0.966	0.591	11705	0.909
AUP1	-3.72	8	-0.23	0.409	6349	0.966	0.591	11704	0.909
C14orf105	-3.72	8	-0.23	0.409	6350	0.966	0.591	11703	0.909
CDC42EP5	-3.72	8	-0.23	0.409	6351	0.966	0.591	11702	0.909
EPPK1	-3.72	8	-0.23	0.409	6352	0.966	0.591	11701	0.909
LRRTM4	-3.72	8	-0.23	0.409	6353	0.966	0.591	11700	0.909
GPR126	-3.72	8	-0.23	0.409	6354	0.966	0.591	11699	0.909
SREBF2	-3.72	8	-0.23	0.409	6355	0.966	0.591	11698	0.909
CD8A	-3.72	8	-0.23	0.409	6356	0.966	0.591	11697	0.909
ST7-OT4	-3.72	8	-0.23	0.409	6357	0.966	0.591	11696	0.909
TFIP11	-3.72	8	-0.23	0.409	6358	0.966	0.591	11695	0.909
EGR3	-3.72	8	-0.23	0.409	6359	0.966	0.591	11694	0.909
IL17F	-3.72	8	-0.23	0.41	6360	0.966	0.59	11693	0.909
SVEP1	-3.72	8	-0.23	0.41	6361	0.966	0.59	11692	0.909
NUB1	-3.72	8	-0.23	0.41	6362	0.966	0.59	11691	0.909
ADSSL1	-3.72	8	-0.23	0.41	6363	0.966	0.59	11690	0.909
CSNK2A2	-3.72	8	-0.23	0.41	6364	0.966	0.59	11689	0.909
CCDC30	-3.72	8	-0.23	0.41	6365	0.966	0.59	11688	0.909
GATAD2A	-3.72	8	-0.23	0.41	6366	0.966	0.59	11687	0.909
SRGN	-3.72	8	-0.23	0.41	6367	0.966	0.59	11686	0.909
CATSPER2	-3.71	8	-0.23	0.41	6368	0.966	0.59	11685	0.909
ZNF540	-3.71	8	-0.23	0.41	6369	0.966	0.59	11684	0.909
NPM2	-3.71	8	-0.23	0.41	6370	0.966	0.59	11683	0.909
SERPINA7	-3.71	8	-0.23	0.41	6371	0.966	0.59	11682	0.909
BEX2	-2.62	4	-0.23	0.41	6372	0.966	0.59	11681	0.909
ZNRF2	-3.71	8	-0.23	0.41	6373	0.966	0.59	11680	0.909
BRIP1	-3.71	8	-0.23	0.41	6374	0.966	0.59	11679	0.909
RNF17	-3.71	8	-0.23	0.41	6375	0.966	0.59	11678	0.909
C11orf45	-3.71	8	-0.23	0.41	6376	0.966	0.59	11677	0.909
SLC1A5	-3.71	8	-0.23	0.41	6377	0.966	0.59	11676	0.909
P4HA2	-3.71	8	-0.23	0.41	6378	0.966	0.59	11675	0.909
GPD2	-3.71	8	-0.23	0.41	6379	0.966	0.59	11674	0.909
PIAS3	-3.71	8	-0.23	0.41	6380	0.966	0.59	11673	0.909
GPR3	-3.71	8	-0.23	0.41	6381	0.966	0.59	11672	0.909
ZZEF1	-3.71	8	-0.23	0.41	6382	0.966	0.59	11671	0.909
KLHL1	-3.71	8	-0.23	0.411	6383	0.966	0.589	11670	0.909
TNFRSF14	-3.71	8	-0.23	0.411	6384	0.966	0.589	11669	0.909
C10orf113	-3.70	8	-0.23	0.411	6385	0.966	0.589	11668	0.909
FAM86A	-1.85	2	-0.23	0.411	6386	0.966	0.589	11667	0.909
FEZ2	-3.70	8	-0.23	0.411	6387	0.966	0.589	11666	0.909
PLA2G2C	-3.70	8	-0.23	0.411	6388	0.966	0.589	11665	0.909
SUPT7L	-3.70	8	-0.23	0.411	6389	0.966	0.589	11664	0.909
CDADC1	-3.70	8	-0.23	0.411	6390	0.966	0.589	11663	0.909
KCTD21	-3.70	8	-0.22	0.411	6391	0.966	0.589	11662	0.909
PRKAR1A	-3.70	8	-0.22	0.411	6392	0.966	0.589	11661	0.909
INO80B	-3.70	8	-0.22	0.411	6393	0.966	0.589	11660	0.909
CA14	-3.70	8	-0.22	0.411	6394	0.966	0.589	11659	0.909
SPDYE3	-3.70	8	-0.22	0.411	6395	0.966	0.589	11658	0.909
NOX5	-3.70	8	-0.22	0.411	6396	0.966	0.589	11657	0.909
DEFB136	-3.70	8	-0.22	0.411	6397	0.966	0.589	11656	0.909
GRID2	-3.70	8	-0.22	0.411	6398	0.966	0.589	11655	0.909
FGF11	-3.69	8	-0.22	0.412	6399	0.966	0.588	11654	0.909
BORA	-3.69	8	-0.22	0.412	6400	0.966	0.588	11653	0.909
NSFL1C	-3.69	8	-0.22	0.412	6401	0.966	0.588	11652	0.909
KRT28	-3.69	8	-0.22	0.412	6402	0.966	0.588	11651	0.909
ZNF24	-3.69	8	-0.22	0.412	6403	0.966	0.588	11650	0.909
VCAM1	-3.69	8	-0.22	0.412	6404	0.966	0.588	11649	0.909
CFD	-3.69	8	-0.22	0.412	6405	0.966	0.588	11648	0.909
ABCA7	-3.69	8	-0.22	0.412	6406	0.966	0.588	11647	0.909
A1CF	-3.69	8	-0.22	0.412	6407	0.966	0.588	11646	0.909
TEX26	-3.69	8	-0.22	0.412	6408	0.966	0.588	11645	0.909
C9orf117	-3.69	8	-0.22	0.412	6409	0.966	0.588	11644	0.909
SP9	-3.69	8	-0.22	0.412	6410	0.966	0.588	11643	0.909
MZT2B	-3.69	8	-0.22	0.412	6411	0.966	0.588	11642	0.909
PNP	-3.69	8	-0.22	0.412	6412	0.966	0.588	11641	0.909
PRDM1	-3.69	8	-0.22	0.412	6413	0.966	0.588	11640	0.909
DCUN1D2	-3.69	8	-0.22	0.412	6414	0.966	0.588	11639	0.909
LCK	-3.69	8	-0.22	0.412	6415	0.966	0.588	11638	0.909
TRIM63	-3.69	8	-0.22	0.412	6416	0.966	0.588	11637	0.909
C3orf18	-3.69	8	-0.22	0.412	6417	0.966	0.588	11636	0.909
PDCL2	-3.68	8	-0.22	0.413	6418	0.966	0.587	11635	0.909
LGR6	-3.68	8	-0.22	0.413	6419	0.966	0.587	11634	0.909
ZNF580	-3.68	8	-0.22	0.413	6420	0.966	0.587	11633	0.909
TTLL3	-3.68	8	-0.22	0.413	6421	0.966	0.587	11632	0.909
TECTA	-3.68	8	-0.22	0.413	6422	0.966	0.587	11631	0.909
STPG1	-3.68	8	-0.22	0.413	6423	0.966	0.587	11630	0.909
SLFN11	-3.68	8	-0.22	0.413	6424	0.966	0.587	11629	0.909
DFFB	-3.68	8	-0.22	0.413	6425	0.966	0.587	11628	0.909
TCN2	-3.68	8	-0.22	0.413	6426	0.966	0.587	11627	0.909
MTFR1L	-3.68	8	-0.22	0.413	6427	0.966	0.587	11626	0.909
HEXIM2	-3.68	8	-0.22	0.413	6428	0.966	0.587	11625	0.909
ZNF282	-3.68	8	-0.22	0.413	6429	0.966	0.587	11624	0.909
PHKA2	-3.68	8	-0.22	0.413	6430	0.966	0.587	11623	0.909
SRSF12	-3.68	8	-0.22	0.413	6431	0.966	0.587	11622	0.909
BCL11A	-3.68	8	-0.22	0.413	6432	0.966	0.587	11621	0.909
TEX36	-3.68	8	-0.22	0.413	6433	0.966	0.587	11620	0.909
HSD17B13	-3.68	8	-0.22	0.413	6434	0.966	0.587	11619	0.909
ZNF570	-3.68	8	-0.22	0.413	6435	0.966	0.587	11618	0.909
PODN	-3.68	8	-0.22	0.413	6436	0.966	0.587	11617	0.909
RAC2	-3.68	8	-0.22	0.413	6437	0.966	0.587	11616	0.909
HDLBP	-3.68	8	-0.22	0.413	6438	0.966	0.587	11615	0.909
CYP2C18	-3.68	8	-0.22	0.413	6439	0.966	0.587	11614	0.909
HDHD3	-3.68	8	-0.22	0.413	6440	0.966	0.587	11613	0.909
MFSD4	-3.68	8	-0.22	0.414	6441	0.966	0.586	11612	0.909
SH3GL2	-3.67	8	-0.22	0.414	6442	0.966	0.586	11611	0.909
PSEN2	-3.67	8	-0.22	0.414	6443	0.966	0.586	11610	0.909
DAB2IP	-3.67	8	-0.22	0.414	6444	0.966	0.586	11609	0.909
CASP7	-3.67	8	-0.22	0.414	6445	0.966	0.586	11608	0.909
PBK	-3.67	8	-0.22	0.414	6446	0.966	0.586	11607	0.909
MMADHC	-3.67	8	-0.22	0.414	6447	0.966	0.586	11606	0.909
CXorf38	-3.67	8	-0.22	0.414	6448	0.966	0.586	11605	0.909
ARPC5L	-3.67	8	-0.22	0.414	6449	0.966	0.586	11604	0.909
FGFRL1	-3.67	8	-0.22	0.414	6450	0.966	0.586	11603	0.909
MON1A	-3.67	8	-0.22	0.414	6451	0.966	0.586	11602	0.909
SYP	-3.67	8	-0.22	0.414	6452	0.966	0.586	11601	0.909
DMC1	-3.67	8	-0.22	0.414	6453	0.966	0.586	11600	0.909
GLYATL2	-3.67	8	-0.22	0.415	6454	0.966	0.585	11599	0.909
FBLN1	-3.66	8	-0.22	0.415	6455	0.966	0.585	11598	0.909
PPP5C	-3.66	8	-0.22	0.415	6456	0.966	0.585	11597	0.909
OBFC1	-3.66	8	-0.22	0.415	6457	0.966	0.585	11596	0.909
PTPN21	-3.66	8	-0.22	0.415	6458	0.966	0.585	11595	0.909
ADAP1	-3.66	8	-0.22	0.415	6459	0.966	0.585	11594	0.909
PBX1	-3.66	8	-0.21	0.415	6460	0.966	0.585	11593	0.909
FAM227A	-3.17	6	-0.21	0.415	6461	0.966	0.585	11592	0.909
FAM160A2	-3.66	8	-0.21	0.415	6462	0.966	0.585	11591	0.909
AGO4	-3.66	8	-0.21	0.415	6463	0.966	0.585	11590	0.909
TAMM41	-3.66	8	-0.21	0.415	6464	0.966	0.585	11589	0.909
LRP11	-3.66	8	-0.21	0.415	6465	0.966	0.585	11588	0.909
PRDM10	-3.66	8	-0.21	0.415	6466	0.966	0.585	11587	0.909
ZNF764	-3.66	8	-0.21	0.415	6467	0.966	0.585	11586	0.909
PCDHB12	-3.66	8	-0.21	0.415	6468	0.966	0.585	11585	0.909
B3GNT7	-3.66	8	-0.21	0.415	6469	0.966	0.585	11584	0.909
CARM1	-3.66	8	-0.21	0.415	6470	0.966	0.585	11583	0.909
GPRASP2	-3.66	8	-0.21	0.415	6471	0.966	0.585	11582	0.909
PMM2	-3.66	8	-0.21	0.415	6472	0.966	0.585	11581	0.909
COLGALT2	-3.66	8	-0.21	0.415	6473	0.966	0.585	11580	0.909
UTS2	-3.66	8	-0.21	0.416	6474	0.966	0.584	11579	0.909
BAG1	-3.66	8	-0.21	0.416	6475	0.966	0.584	11578	0.909
LRRC66	-3.66	8	-0.21	0.416	6476	0.966	0.584	11577	0.909
GLRX2	-3.66	8	-0.21	0.416	6477	0.966	0.584	11576	0.909
RFX2	-3.66	8	-0.21	0.416	6478	0.966	0.584	11575	0.909
PHKB	-3.65	8	-0.21	0.416	6479	0.966	0.584	11574	0.909
PHACTR1	-3.65	8	-0.21	0.416	6480	0.966	0.584	11573	0.909
14-Sep	-3.65	8	-0.21	0.416	6481	0.966	0.584	11572	0.909
TNN	-3.65	8	-0.21	0.416	6482	0.966	0.584	11571	0.909
VAMP5	-3.65	8	-0.21	0.416	6483	0.966	0.584	11570	0.909
AGFG2	-3.65	8	-0.21	0.416	6484	0.966	0.584	11569	0.909
ERGIC3	-3.65	8	-0.21	0.416	6485	0.966	0.584	11568	0.909
FGF17	-3.65	8	-0.21	0.416	6486	0.966	0.584	11567	0.909
DNAL4	-3.65	8	-0.21	0.416	6487	0.966	0.584	11566	0.909
MPV17L	-3.65	8	-0.21	0.416	6488	0.966	0.584	11565	0.909
GLRX5	-3.65	8	-0.21	0.416	6489	0.966	0.584	11564	0.909
KIAA1009	-3.65	8	-0.21	0.416	6490	0.966	0.584	11563	0.909
C9orf24	-3.65	8	-0.21	0.416	6491	0.966	0.584	11562	0.909
ATRAID	-3.65	8	-0.21	0.416	6492	0.966	0.584	11561	0.909
HLA-DQA2	-3.65	8	-0.21	0.416	6493	0.966	0.584	11560	0.909
NDP	-3.65	8	-0.21	0.416	6494	0.966	0.584	11559	0.909
INO80	-3.65	8	-0.21	0.416	6495	0.966	0.584	11558	0.909
GYG2	-3.65	8	-0.21	0.416	6496	0.966	0.584	11557	0.909
OR13C5	-1.82	2	-0.21	0.416	6497	0.966	0.584	11556	0.909
REPIN1	-3.65	8	-0.21	0.416	6498	0.966	0.584	11555	0.909
OIT3	-3.65	8	-0.21	0.416	6499	0.966	0.584	11554	0.909
HDAC2	-3.65	8	-0.21	0.416	6500	0.966	0.584	11553	0.909
MTRNR2L6	-1.82	2	-0.21	0.417	6501	0.966	0.583	11552	0.909
TDRD1	-3.64	8	-0.21	0.417	6502	0.966	0.583	11551	0.909
ATP6V1C2	-3.64	8	-0.21	0.417	6503	0.966	0.583	11550	0.909
TRANK1	-3.64	8	-0.21	0.417	6504	0.966	0.583	11549	0.909
ABCB5	-3.64	8	-0.21	0.417	6505	0.966	0.583	11548	0.909
ASCC1	-3.64	8	-0.21	0.417	6506	0.966	0.583	11547	0.909
NAT14	-3.64	8	-0.21	0.417	6507	0.966	0.583	11546	0.909
MSX1	-3.64	8	-0.21	0.417	6508	0.966	0.583	11545	0.909
SOGA1	-3.64	8	-0.21	0.417	6509	0.966	0.583	11544	0.909
EVI2B	-3.64	8	-0.21	0.417	6510	0.966	0.583	11543	0.909
ATP6V0A2	-3.64	8	-0.21	0.417	6511	0.966	0.583	11542	0.909
PSPH	-3.64	8	-0.21	0.417	6512	0.966	0.583	11541	0.909
NDUFV3	-3.64	8	-0.21	0.417	6513	0.966	0.583	11540	0.909
CTIF	-3.64	8	-0.21	0.417	6514	0.966	0.583	11539	0.909
HIST1H2BB	-1.82	2	-0.21	0.417	6515	0.966	0.583	11538	0.909
IL18BP	-3.64	8	-0.21	0.417	6516	0.966	0.583	11537	0.909
LEPRE1	-3.64	8	-0.21	0.417	6517	0.966	0.583	11536	0.909
OR9G1	-3.63	8	-0.21	0.418	6518	0.966	0.582	11535	0.909
SLC28A2	-3.63	8	-0.21	0.418	6519	0.966	0.582	11534	0.909
DARS2	-3.63	8	-0.21	0.418	6520	0.966	0.582	11533	0.909
GPR55	-3.63	8	-0.21	0.418	6521	0.966	0.582	11532	0.909
NINJ1	-3.63	8	-0.21	0.418	6522	0.966	0.582	11531	0.909
BRSK1	-3.63	8	-0.21	0.418	6523	0.966	0.582	11530	0.909
SHANK2	-3.63	8	-0.21	0.418	6524	0.966	0.582	11529	0.909
ARL14EP	-3.63	8	-0.21	0.418	6525	0.966	0.582	11528	0.909
IFIT1	-3.63	8	-0.21	0.418	6526	0.966	0.582	11527	0.909
APCDD1L	-3.63	8	-0.21	0.418	6527	0.966	0.582	11526	0.909
GALNT3	-3.63	8	-0.21	0.418	6528	0.966	0.582	11525	0.909
SLC26A8	-3.63	8	-0.21	0.418	6529	0.966	0.582	11524	0.909
MFHAS1	-3.63	8	-0.21	0.418	6530	0.966	0.582	11523	0.909
TNFRSF8	-3.63	8	-0.21	0.418	6531	0.966	0.582	11522	0.909
TMEM192	-3.63	8	-0.21	0.418	6532	0.966	0.582	11521	0.909
CLDN19	-3.63	8	-0.21	0.418	6533	0.966	0.582	11520	0.909
COL1A2	-3.63	8	-0.21	0.418	6534	0.966	0.582	11519	0.909
CRYL1	-3.63	8	-0.21	0.418	6535	0.966	0.582	11518	0.909
FAIM3	-3.62	8	-0.21	0.419	6536	0.966	0.581	11517	0.909
WDR86	-3.62	8	-0.21	0.419	6537	0.966	0.581	11516	0.909
NR2C2AP	-3.62	8	-0.21	0.419	6538	0.966	0.581	11515	0.909
ATP7B	-3.62	8	-0.21	0.419	6539	0.966	0.581	11514	0.909
DOCK9	-3.62	8	-0.21	0.419	6540	0.966	0.581	11513	0.909
WRNIP1	-3.62	8	-0.20	0.419	6541	0.966	0.581	11512	0.909
SH3GLB2	-3.62	8	-0.20	0.419	6542	0.966	0.581	11511	0.909
TMEM9	-3.62	8	-0.20	0.419	6543	0.966	0.581	11510	0.909
SUSD2	-3.62	8	-0.20	0.419	6544	0.966	0.581	11509	0.909
BCL2L12	-3.62	8	-0.20	0.419	6545	0.966	0.581	11508	0.909
ANKRD34C	-3.13	6	-0.20	0.419	6546	0.966	0.581	11507	0.909
DPYS	-3.62	8	-0.20	0.419	6547	0.966	0.581	11506	0.909
RSAD2	-3.62	8	-0.20	0.419	6548	0.966	0.581	11505	0.909
CKS2	-3.62	8	-0.20	0.419	6549	0.966	0.581	11504	0.909
TNK1	-3.62	8	-0.20	0.419	6550	0.966	0.581	11503	0.909
CCDC24	-3.62	8	-0.20	0.419	6551	0.966	0.581	11502	0.909
THOP1	-3.62	8	-0.20	0.419	6552	0.966	0.581	11501	0.909
EPHA7	-3.62	8	-0.20	0.419	6553	0.966	0.581	11500	0.909
GNPNAT1	-3.62	8	-0.20	0.419	6554	0.966	0.581	11499	0.909
AFAP1	-3.62	8	-0.20	0.419	6555	0.966	0.581	11498	0.909
LEO1	-3.62	8	-0.20	0.419	6556	0.966	0.581	11497	0.909
SERPINA10	-3.62	8	-0.20	0.419	6557	0.966	0.581	11496	0.909
SUMF2	-3.62	8	-0.20	0.419	6558	0.966	0.581	11495	0.909
PITPNB	-3.62	8	-0.20	0.419	6559	0.966	0.581	11494	0.909
ZNF697	-3.13	6	-0.20	0.42	6560	0.966	0.58	11493	0.909
NLN	-3.61	8	-0.20	0.42	6561	0.966	0.58	11492	0.909
PHLDB3	-3.61	8	-0.20	0.42	6562	0.966	0.58	11491	0.909
PTPRG	-3.61	8	-0.20	0.42	6563	0.966	0.58	11490	0.909
SSSCA1	-3.61	8	-0.20	0.42	6564	0.966	0.58	11489	0.909
OR52R1	-3.61	8	-0.20	0.42	6565	0.966	0.58	11488	0.909
KIAA1841	-3.61	8	-0.20	0.42	6566	0.966	0.58	11487	0.909
ENPP1	-3.61	8	-0.20	0.42	6567	0.966	0.58	11486	0.909
NAA16	-3.61	8	-0.20	0.42	6568	0.966	0.58	11485	0.909
IL17RE	-3.61	8	-0.20	0.42	6569	0.966	0.58	11484	0.909
PDF	-3.61	8	-0.20	0.42	6570	0.966	0.58	11483	0.909
GRTP1	-3.61	8	-0.20	0.42	6571	0.966	0.58	11482	0.909
OSBPL7	-3.61	8	-0.20	0.42	6572	0.966	0.58	11481	0.909
LRRC56	-3.61	8	-0.20	0.42	6573	0.966	0.58	11480	0.909
SYT7	-3.61	8	-0.20	0.42	6574	0.966	0.58	11479	0.909
NGFR	-3.61	8	-0.20	0.42	6575	0.966	0.58	11478	0.909
VEGFC	-3.61	8	-0.20	0.42	6576	0.966	0.58	11477	0.909
GBP3	-3.61	8	-0.20	0.42	6577	0.966	0.58	11476	0.909
ZNF566	-3.61	8	-0.20	0.42	6578	0.966	0.58	11475	0.909
FPR1	-3.61	8	-0.20	0.42	6579	0.966	0.58	11474	0.909
KIAA1199	-3.61	8	-0.20	0.42	6580	0.966	0.58	11473	0.909
CRYGA	-3.61	8	-0.20	0.42	6581	0.966	0.58	11472	0.909
TAL1	-3.61	8	-0.20	0.42	6582	0.966	0.58	11471	0.909
KLHL9	-3.61	8	-0.20	0.42	6583	0.966	0.58	11470	0.909
RAG2	-3.60	8	-0.20	0.42	6584	0.966	0.58	11469	0.909
PRRT2	-3.60	8	-0.20	0.421	6585	0.966	0.579	11468	0.909
MFSD2A	-3.60	8	-0.20	0.421	6586	0.966	0.579	11467	0.909
PIP5KL1	-3.60	8	-0.20	0.421	6587	0.966	0.579	11466	0.909
AHCYL1	-3.60	8	-0.20	0.421	6588	0.966	0.579	11465	0.909
CATSPERB	-3.60	8	-0.20	0.421	6589	0.966	0.579	11464	0.909
CDK5R1	-3.60	8	-0.20	0.421	6590	0.966	0.579	11463	0.909
MCAM	-3.60	8	-0.20	0.421	6591	0.966	0.579	11462	0.909
LHPP	-3.60	8	-0.20	0.421	6592	0.966	0.579	11461	0.909
RSL1D1	-3.60	8	-0.20	0.421	6593	0.966	0.579	11460	0.909
FAM106A	-3.60	8	-0.20	0.421	6594	0.966	0.579	11459	0.909
PLAC9	-3.60	8	-0.20	0.421	6595	0.966	0.579	11458	0.909
ACO2	-3.60	8	-0.20	0.421	6596	0.966	0.579	11457	0.909
FKBP2	-3.60	8	-0.20	0.421	6597	0.966	0.579	11456	0.909
OR1A2	-3.60	8	-0.20	0.421	6598	0.966	0.579	11455	0.909
MPP4	-3.60	8	-0.20	0.421	6599	0.966	0.579	11454	0.909
CISH	-3.60	8	-0.20	0.421	6600	0.966	0.579	11453	0.909
DPRX	-3.60	8	-0.20	0.421	6601	0.966	0.579	11452	0.909
COX6A2	-3.59	8	-0.20	0.421	6602	0.966	0.579	11451	0.909
ZNF333	-3.59	8	-0.20	0.421	6603	0.966	0.579	11450	0.909
NSD1	-3.11	6	-0.20	0.422	6604	0.966	0.578	11449	0.909
KNCN	-3.59	8	-0.20	0.422	6605	0.966	0.578	11448	0.909
SNAPC1	-3.59	8	-0.20	0.422	6606	0.966	0.578	11447	0.909
PKIG	-3.59	8	-0.20	0.422	6607	0.966	0.578	11446	0.909
SASH1	-3.59	8	-0.20	0.422	6608	0.966	0.578	11445	0.909
F3	-3.59	8	-0.20	0.422	6609	0.966	0.578	11444	0.909
SAFB	-3.59	8	-0.20	0.422	6610	0.966	0.578	11443	0.909
OVGP1	-3.59	8	-0.20	0.422	6611	0.966	0.578	11442	0.909
TMEM64	-3.59	8	-0.20	0.422	6612	0.966	0.578	11441	0.909
RGAG4	-3.59	8	-0.20	0.422	6613	0.966	0.578	11440	0.909
PPCS	-3.59	8	-0.20	0.422	6614	0.966	0.578	11439	0.909
GPATCH4	-3.59	8	-0.20	0.422	6615	0.966	0.578	11438	0.909
SLC22A15	-3.59	8	-0.20	0.422	6616	0.966	0.578	11437	0.909
FAM171B	-3.59	8	-0.20	0.422	6617	0.966	0.578	11436	0.909
UBA6	-3.59	8	-0.20	0.422	6618	0.966	0.578	11435	0.909
SLC7A11	-3.59	8	-0.20	0.422	6619	0.966	0.578	11434	0.909
CHCHD7	-3.59	8	-0.20	0.422	6620	0.966	0.578	11433	0.909
ZDHHC7	-3.58	8	-0.20	0.423	6621	0.966	0.577	11432	0.909
TMEM150A	-3.58	8	-0.20	0.423	6622	0.966	0.577	11431	0.909
PROZ	-3.58	8	-0.20	0.423	6623	0.966	0.577	11430	0.909
C1QTNF5	-3.58	8	-0.20	0.423	6624	0.966	0.577	11429	0.909
FAM173A	-3.58	8	-0.19	0.423	6625	0.966	0.577	11428	0.909
SPP1	-3.58	8	-0.19	0.423	6626	0.966	0.577	11427	0.909
LIMK2	-3.58	8	-0.19	0.423	6627	0.966	0.577	11426	0.909
CHID1	-3.58	8	-0.19	0.423	6628	0.966	0.577	11425	0.909
RSF1	-3.58	8	-0.19	0.423	6629	0.966	0.577	11424	0.909
FLOT2	-3.58	8	-0.19	0.423	6630	0.966	0.577	11423	0.909
TBC1D21	-3.58	8	-0.19	0.423	6631	0.966	0.577	11422	0.909
NDST2	-3.58	8	-0.19	0.423	6632	0.966	0.577	11421	0.909
ASNA1	-3.58	8	-0.19	0.423	6633	0.966	0.577	11420	0.909
SPAG8	-3.58	8	-0.19	0.423	6634	0.966	0.577	11419	0.909
GPR137	-3.58	8	-0.19	0.423	6635	0.966	0.577	11418	0.909
KRTAP22-2	-3.58	8	-0.19	0.423	6636	0.966	0.577	11417	0.909
PYDC1	-3.58	8	-0.19	0.423	6637	0.966	0.577	11416	0.909
NR0B1	-3.57	8	-0.19	0.424	6638	0.966	0.576	11415	0.909
SAP130	-3.57	8	-0.19	0.424	6639	0.966	0.576	11414	0.909
SPAG4	-3.57	8	-0.19	0.424	6640	0.966	0.576	11413	0.909
DCLRE1C	-3.57	8	-0.19	0.424	6641	0.966	0.576	11412	0.909
PRKAG3	-3.57	8	-0.19	0.424	6642	0.966	0.576	11411	0.909
PTPN12	-3.57	8	-0.19	0.424	6643	0.966	0.576	11410	0.909
MUC5B	-3.57	8	-0.19	0.424	6644	0.966	0.576	11409	0.909
ASB4	-3.57	8	-0.19	0.424	6645	0.966	0.576	11408	0.909
SPO11	-3.57	8	-0.19	0.424	6646	0.966	0.576	11407	0.909
PRKAB2	-3.57	8	-0.19	0.424	6647	0.966	0.576	11406	0.909
C20orf196	-3.57	8	-0.19	0.424	6648	0.966	0.576	11405	0.909
CPA2	-3.57	8	-0.19	0.424	6649	0.966	0.576	11404	0.909
TF	-3.57	8	-0.19	0.424	6650	0.966	0.576	11403	0.909
RTFDC1	-3.57	8	-0.19	0.424	6651	0.966	0.576	11402	0.909
PPDPF	-3.57	8	-0.19	0.424	6652	0.966	0.576	11401	0.909
PNPLA2	-3.57	8	-0.19	0.424	6653	0.966	0.576	11400	0.909
C2orf50	-3.57	8	-0.19	0.424	6654	0.966	0.576	11399	0.909
DEFB116	-3.57	8	-0.19	0.424	6655	0.966	0.576	11398	0.909
KDELC2	-3.56	8	-0.19	0.424	6656	0.966	0.576	11397	0.909
CACHD1	-3.56	8	-0.19	0.424	6657	0.966	0.576	11396	0.909
INHBA	-3.56	8	-0.19	0.424	6658	0.966	0.576	11395	0.909
IRF5	-3.56	8	-0.19	0.425	6659	0.966	0.575	11394	0.909
GPR27	-3.56	8	-0.19	0.425	6660	0.966	0.575	11393	0.909
GDAP1L1	-3.56	8	-0.19	0.425	6661	0.966	0.575	11392	0.909
ENO3	-3.56	8	-0.19	0.425	6662	0.966	0.575	11391	0.909
METTL21A	-3.56	8	-0.19	0.425	6663	0.966	0.575	11390	0.909
AIM1	-3.56	8	-0.19	0.425	6664	0.966	0.575	11389	0.909
SLC30A4	-3.56	8	-0.19	0.425	6665	0.966	0.575	11388	0.909
GNLY	-3.56	8	-0.19	0.425	6666	0.966	0.575	11387	0.909
SPDYA	-3.56	8	-0.19	0.425	6667	0.966	0.575	11386	0.909
FAM73A	-3.56	8	-0.19	0.425	6668	0.966	0.575	11385	0.909
ERO1LB	-3.56	8	-0.19	0.425	6669	0.966	0.575	11384	0.909
ERI1	-3.56	8	-0.19	0.425	6670	0.966	0.575	11383	0.909
SLC35E3	-3.56	8	-0.19	0.425	6671	0.966	0.575	11382	0.909
DHODH	-3.56	8	-0.19	0.425	6672	0.966	0.575	11381	0.909
CLEC2L	-3.56	8	-0.19	0.425	6673	0.966	0.575	11380	0.909
ZNF428	-3.56	8	-0.19	0.425	6674	0.966	0.575	11379	0.909
ZNF433	-3.56	8	-0.19	0.425	6675	0.966	0.575	11378	0.909
RXFP4	-3.56	8	-0.19	0.425	6676	0.966	0.575	11377	0.909
GPR20	-3.56	8	-0.19	0.425	6677	0.966	0.575	11376	0.909
KCNN4	-3.56	8	-0.19	0.425	6678	0.966	0.575	11375	0.909
AS3MT	-3.56	8	-0.19	0.425	6679	0.966	0.575	11374	0.909
RECQL	-3.55	8	-0.19	0.425	6680	0.966	0.575	11373	0.909
EID1	-3.55	8	-0.19	0.425	6681	0.966	0.575	11372	0.909
LAMTOR1	-3.55	8	-0.19	0.426	6682	0.966	0.574	11371	0.909
HOXA2	-3.55	8	-0.19	0.426	6683	0.966	0.574	11370	0.909
GJA5	-3.55	8	-0.19	0.426	6684	0.966	0.574	11369	0.909
OSTC	-3.55	8	-0.19	0.426	6685	0.966	0.574	11368	0.909
GNG8	-3.55	8	-0.19	0.426	6686	0.966	0.574	11367	0.909
DENND2D	-3.55	8	-0.19	0.426	6687	0.966	0.574	11366	0.909
DLGAP5	-3.55	8	-0.19	0.426	6688	0.966	0.574	11365	0.909
TMEM170B	-3.55	8	-0.19	0.426	6689	0.966	0.574	11364	0.909
TAS2R60	-3.55	8	-0.19	0.426	6690	0.966	0.574	11363	0.909
ZPBP	-3.55	8	-0.19	0.426	6691	0.966	0.574	11362	0.909
SERTAD1	-3.55	8	-0.19	0.426	6692	0.966	0.574	11361	0.909
CCDC140	-3.55	8	-0.19	0.426	6693	0.966	0.574	11360	0.909
FAM32A	-3.55	8	-0.19	0.426	6694	0.966	0.574	11359	0.909
CABP2	-3.55	8	-0.19	0.426	6695	0.966	0.574	11358	0.909
OTX1	-3.55	8	-0.19	0.426	6696	0.966	0.574	11357	0.909
GGCT	-3.55	8	-0.19	0.426	6697	0.966	0.574	11356	0.909
CCDC152	-3.55	8	-0.19	0.426	6698	0.966	0.574	11355	0.909
CEBPE	-3.55	8	-0.19	0.426	6699	0.966	0.574	11354	0.909
ULK4	-3.55	8	-0.19	0.426	6700	0.966	0.574	11353	0.909
APCDD1	-3.55	8	-0.19	0.426	6701	0.966	0.574	11352	0.909
PRR18	-3.54	8	-0.19	0.426	6702	0.966	0.574	11351	0.909
ATP5S	-3.54	8	-0.19	0.426	6703	0.966	0.574	11350	0.909
BEND7	-3.54	8	-0.19	0.426	6704	0.966	0.574	11349	0.909
OR6F1	-3.54	8	-0.19	0.427	6705	0.966	0.573	11348	0.909
TNFRSF1B	-3.54	8	-0.19	0.427	6706	0.966	0.573	11347	0.909
PLD4	-3.54	8	-0.19	0.427	6707	0.966	0.573	11346	0.909
ENDOD1	-3.54	8	-0.19	0.427	6708	0.966	0.573	11345	0.909
GMPS	-3.54	8	-0.18	0.427	6709	0.966	0.573	11344	0.909
FIGNL1	-3.54	8	-0.18	0.427	6710	0.966	0.573	11343	0.909
GPR135	-3.54	8	-0.18	0.427	6711	0.966	0.573	11342	0.909
KHDRBS3	-3.54	8	-0.18	0.427	6712	0.966	0.573	11341	0.909
HCN1	-3.54	8	-0.18	0.427	6713	0.966	0.573	11340	0.909
ADIRF	-3.54	8	-0.18	0.427	6714	0.966	0.573	11339	0.909
RNF144B	-3.54	8	-0.18	0.427	6715	0.966	0.573	11338	0.909
CACUL1	-3.54	8	-0.18	0.427	6716	0.966	0.573	11337	0.909
YIF1B	-3.54	8	-0.18	0.427	6717	0.966	0.573	11336	0.909
ECM1	-3.54	8	-0.18	0.427	6718	0.966	0.573	11335	0.909
ZNF205	-3.54	8	-0.18	0.427	6719	0.966	0.573	11334	0.909
CDSN	-3.54	8	-0.18	0.427	6720	0.966	0.573	11333	0.909
MAP3K7CL	-3.54	8	-0.18	0.427	6721	0.966	0.573	11332	0.909
POPDC3	-3.54	8	-0.18	0.427	6722	0.966	0.573	11331	0.909
OTOP2	-3.54	8	-0.18	0.427	6723	0.966	0.573	11330	0.909
TLE1	-3.54	8	-0.18	0.427	6724	0.966	0.573	11329	0.909
DCTN4	-3.54	8	-0.18	0.427	6725	0.966	0.573	11328	0.909
EXOC3L2	-3.54	8	-0.18	0.427	6726	0.966	0.573	11327	0.909
MCF2	-3.54	8	-0.18	0.427	6727	0.966	0.573	11326	0.909
PCDHAC1	-3.53	8	-0.18	0.427	6728	0.966	0.573	11325	0.909
LLPH	-3.06	6	-0.18	0.428	6729	0.966	0.572	11324	0.909
GPKOW	-3.53	8	-0.18	0.428	6730	0.966	0.572	11323	0.909
MIER3	-3.53	8	-0.18	0.428	6731	0.966	0.572	11322	0.909
PLIN4	-3.53	8	-0.18	0.428	6732	0.966	0.572	11321	0.909
ITGB5	-3.53	8	-0.18	0.428	6733	0.966	0.572	11320	0.909
RAB1A	-3.53	8	-0.18	0.428	6734	0.966	0.572	11319	0.909
ERICH1	-3.53	8	-0.18	0.428	6735	0.966	0.572	11318	0.909
CD1C	-3.53	8	-0.18	0.428	6736	0.966	0.572	11317	0.909
GCH1	-3.53	8	-0.18	0.428	6737	0.966	0.572	11316	0.909
TEX13B	-3.53	8	-0.18	0.428	6738	0.966	0.572	11315	0.909
LAMP5	-3.53	8	-0.18	0.428	6739	0.966	0.572	11314	0.909
TRIM38	-3.53	8	-0.18	0.428	6740	0.966	0.572	11313	0.909
ACSL1	-3.53	8	-0.18	0.428	6741	0.966	0.572	11312	0.909
CITED2	-3.53	8	-0.18	0.428	6742	0.966	0.572	11311	0.909
PID1	-3.53	8	-0.18	0.428	6743	0.966	0.572	11310	0.909
ASB10	-3.30	7	-0.18	0.428	6744	0.966	0.572	11309	0.909
INSL6	-3.53	8	-0.18	0.428	6745	0.966	0.572	11308	0.909
DLK1	-3.53	8	-0.18	0.428	6746	0.966	0.572	11307	0.909
CLCA1	-3.53	8	-0.18	0.428	6747	0.966	0.572	11306	0.909
TLE6	-3.53	8	-0.18	0.428	6748	0.966	0.572	11305	0.909
NPHS1	-3.52	8	-0.18	0.428	6749	0.966	0.572	11304	0.909
BET1	-3.05	6	-0.18	0.428	6750	0.966	0.572	11303	0.909
NUCB1	-3.52	8	-0.18	0.428	6751	0.966	0.572	11302	0.909
SLC44A3	-3.52	8	-0.18	0.429	6752	0.966	0.571	11301	0.909
C17orf85	-3.52	8	-0.18	0.429	6753	0.966	0.571	11300	0.909
PADI2	-3.52	8	-0.18	0.429	6754	0.966	0.571	11299	0.909
TLCD1	-3.52	8	-0.18	0.429	6755	0.966	0.571	11298	0.909
GGA3	-3.52	8	-0.18	0.429	6756	0.966	0.571	11297	0.909
TNPO1	-3.52	8	-0.18	0.429	6757	0.966	0.571	11296	0.909
RCN2	-3.52	8	-0.18	0.429	6758	0.966	0.571	11295	0.909
PTGES3L-AARSD1	-1.76	2	-0.18	0.429	6759	0.966	0.571	11294	0.909
ELAVL1	-3.52	8	-0.18	0.429	6760	0.966	0.571	11293	0.909
AP1G2	-3.52	8	-0.18	0.429	6761	0.966	0.571	11292	0.909
MAGEA11	-3.52	8	-0.18	0.429	6762	0.966	0.571	11291	0.909
NLRP4	-3.52	8	-0.18	0.429	6763	0.966	0.571	11290	0.909
NCAM2	-3.52	8	-0.18	0.429	6764	0.966	0.571	11289	0.909
RAB39A	-3.52	8	-0.18	0.429	6765	0.966	0.571	11288	0.909
ZFP36L1	-3.52	8	-0.18	0.429	6766	0.966	0.571	11287	0.909
C16orf70	-3.52	8	-0.18	0.429	6767	0.966	0.571	11286	0.909
SRRM5	-3.51	8	-0.18	0.429	6768	0.966	0.571	11285	0.909
NAV2	-3.51	8	-0.18	0.429	6769	0.966	0.571	11284	0.909
CFB	-3.51	8	-0.18	0.43	6770	0.966	0.57	11283	0.909
ARNT2	-3.51	8	-0.18	0.43	6771	0.966	0.57	11282	0.909
C16orf13	-3.51	8	-0.18	0.43	6772	0.966	0.57	11281	0.909
KRTCAP3	-3.51	8	-0.18	0.43	6773	0.966	0.57	11280	0.909
PALM2-AKAP2	-3.51	8	-0.18	0.43	6774	0.966	0.57	11279	0.909
COL13A1	-3.51	8	-0.18	0.43	6775	0.966	0.57	11278	0.909
AKAP7	-3.51	8	-0.18	0.43	6776	0.966	0.57	11277	0.909
CXCL5	-3.51	8	-0.18	0.43	6777	0.966	0.57	11276	0.909
SLC1A4	-3.51	8	-0.18	0.43	6778	0.966	0.57	11275	0.909
CLUL1	-3.51	8	-0.18	0.43	6779	0.966	0.57	11274	0.909
SMYD4	-3.51	8	-0.18	0.43	6780	0.966	0.57	11273	0.909
CDK18	-3.51	8	-0.18	0.43	6781	0.966	0.57	11272	0.909
GJC3	-3.51	8	-0.18	0.43	6782	0.966	0.57	11271	0.909
BCL7B	-3.51	8	-0.18	0.43	6783	0.966	0.57	11270	0.909
MTMR11	-3.51	8	-0.18	0.43	6784	0.966	0.57	11269	0.909
LY86	-3.51	8	-0.18	0.43	6785	0.966	0.57	11268	0.909
COL4A4	-3.51	8	-0.18	0.43	6786	0.966	0.57	11267	0.909
OR5T3	-3.04	6	-0.18	0.43	6787	0.966	0.57	11266	0.909
OXR1	-3.50	8	-0.18	0.43	6788	0.966	0.57	11265	0.909
DEDD	-3.50	8	-0.18	0.43	6789	0.966	0.57	11264	0.909
CRYGB	-3.50	8	-0.17	0.431	6790	0.966	0.569	11263	0.909
P2RX2	-3.50	8	-0.17	0.431	6791	0.966	0.569	11262	0.909
ZNF260	-3.50	8	-0.17	0.431	6792	0.966	0.569	11261	0.909
TPD52	-3.50	8	-0.17	0.431	6793	0.966	0.569	11260	0.909
ABCA13	-3.50	8	-0.17	0.431	6794	0.966	0.569	11259	0.909
C2orf69	-3.50	8	-0.17	0.431	6795	0.966	0.569	11258	0.909
SLC35F5	-3.50	8	-0.17	0.431	6796	0.966	0.569	11257	0.909
PCDHA11	-3.27	7	-0.17	0.431	6797	0.966	0.569	11256	0.909
EHD1	-3.50	8	-0.17	0.431	6798	0.966	0.569	11255	0.909
MED25	-3.50	8	-0.17	0.431	6799	0.966	0.569	11254	0.909
ERRFI1	-3.50	8	-0.17	0.431	6800	0.966	0.569	11253	0.909
CACYBP	-3.49	8	-0.17	0.432	6801	0.966	0.568	11252	0.909
GABRR2	-3.49	8	-0.17	0.432	6802	0.966	0.568	11251	0.909
SYT5	-3.49	8	-0.17	0.432	6803	0.966	0.568	11250	0.909
FREM1	-3.49	8	-0.17	0.432	6804	0.966	0.568	11249	0.909
MRPL20	-3.49	8	-0.17	0.432	6805	0.966	0.568	11248	0.909
EGLN3	-3.49	8	-0.17	0.432	6806	0.966	0.568	11247	0.909
ZMYM1	-3.49	8	-0.17	0.432	6807	0.966	0.568	11246	0.909
GVQW1	-3.49	8	-0.17	0.432	6808	0.966	0.568	11245	0.909
SEMA3A	-3.49	8	-0.17	0.432	6809	0.966	0.568	11244	0.909
C1QL2	-3.49	8	-0.17	0.432	6810	0.966	0.568	11243	0.909
LRRC4	-3.49	8	-0.17	0.432	6811	0.966	0.568	11242	0.909
HLA-E	-3.48	8	-0.17	0.432	6812	0.966	0.568	11241	0.909
GLRB	-3.48	8	-0.17	0.432	6813	0.966	0.568	11240	0.909
NRTN	-3.48	8	-0.17	0.432	6814	0.966	0.568	11239	0.909
GIT1	-3.48	8	-0.17	0.432	6815	0.966	0.568	11238	0.909
LRRC47	-3.48	8	-0.17	0.432	6816	0.966	0.568	11237	0.909
KLHL30	-3.48	8	-0.17	0.433	6817	0.966	0.567	11236	0.909
SGCE	-3.48	8	-0.17	0.433	6818	0.966	0.567	11235	0.909
TMBIM1	-3.48	8	-0.17	0.433	6819	0.966	0.567	11234	0.909
ZNF782	-3.48	8	-0.17	0.433	6820	0.966	0.567	11233	0.909
GMEB2	-3.48	8	-0.17	0.433	6821	0.966	0.567	11232	0.909
NGLY1	-3.48	8	-0.17	0.433	6822	0.966	0.567	11231	0.909
DNAH7	-3.48	8	-0.17	0.433	6823	0.966	0.567	11230	0.909
YBX2	-3.48	8	-0.17	0.433	6824	0.966	0.567	11229	0.909
CYS1	-3.48	8	-0.17	0.433	6825	0.966	0.567	11228	0.909
TPX2	-3.48	8	-0.17	0.433	6826	0.966	0.567	11227	0.909
FAM69C	-3.48	8	-0.17	0.433	6827	0.966	0.567	11226	0.909
PPP2R1B	-3.48	8	-0.17	0.433	6828	0.966	0.567	11225	0.909
GLB1L3	-3.48	8	-0.17	0.433	6829	0.966	0.567	11224	0.909
UGT1A8	-3.48	8	-0.17	0.433	6830	0.966	0.567	11223	0.909
KRTAP19-1	-1.74	2	-0.17	0.433	6831	0.966	0.567	11222	0.909
KHDRBS1	-3.48	8	-0.17	0.433	6832	0.966	0.567	11221	0.909
DECR2	-3.48	8	-0.17	0.433	6833	0.966	0.567	11220	0.909
TMPRSS11D	-3.48	8	-0.17	0.433	6834	0.966	0.567	11219	0.909
DOCK7	-3.48	8	-0.17	0.433	6835	0.966	0.567	11218	0.909
LRRC42	-3.47	8	-0.17	0.433	6836	0.966	0.567	11217	0.909
DAB2	-3.47	8	-0.17	0.433	6837	0.966	0.567	11216	0.909
CNGB1	-3.47	8	-0.17	0.433	6838	0.966	0.567	11215	0.909
PLA2G5	-3.47	8	-0.17	0.433	6839	0.966	0.567	11214	0.909
RAB13	-3.47	8	-0.17	0.433	6840	0.966	0.567	11213	0.909
TOP3B	-3.47	8	-0.17	0.433	6841	0.966	0.567	11212	0.909
COPS7B	-3.47	8	-0.17	0.434	6842	0.966	0.566	11211	0.909
07-Sep	-1.74	2	-0.17	0.434	6843	0.966	0.566	11210	0.909
TNFRSF4	-3.47	8	-0.17	0.434	6844	0.966	0.566	11209	0.909
GALNTL5	-3.47	8	-0.17	0.434	6845	0.966	0.566	11208	0.909
KCNH4	-3.47	8	-0.17	0.434	6846	0.966	0.566	11207	0.909
SYBU	-3.47	8	-0.17	0.434	6847	0.966	0.566	11206	0.909
IRAK1	-3.47	8	-0.17	0.434	6848	0.966	0.566	11205	0.909
AES	-3.47	8	-0.17	0.434	6849	0.966	0.566	11204	0.909
TMEM194B	-3.47	8	-0.17	0.434	6850	0.966	0.566	11203	0.909
BCL10	-3.47	8	-0.17	0.434	6851	0.966	0.566	11202	0.909
ERCC5	-3.47	8	-0.17	0.434	6852	0.966	0.566	11201	0.909
BLK	-3.47	8	-0.17	0.434	6853	0.966	0.566	11200	0.909
CCDC11	-3.47	8	-0.17	0.434	6854	0.966	0.566	11199	0.909
KLB	-3.47	8	-0.17	0.434	6855	0.966	0.566	11198	0.909
CDC42SE2	-3.47	8	-0.17	0.434	6856	0.966	0.566	11197	0.909
EBPL	-3.47	8	-0.17	0.434	6857	0.966	0.566	11196	0.909
FKBP14	-3.47	8	-0.17	0.434	6858	0.966	0.566	11195	0.909
SSX2IP	-3.47	8	-0.17	0.434	6859	0.966	0.566	11194	0.909
ZFP41	-3.47	8	-0.17	0.434	6860	0.966	0.566	11193	0.909
CCDC151	-3.47	8	-0.17	0.434	6861	0.966	0.566	11192	0.909
COPZ1	-3.46	8	-0.17	0.434	6862	0.966	0.566	11191	0.909
TRAK2	-3.46	8	-0.17	0.434	6863	0.966	0.566	11190	0.909
BDNF	-3.46	8	-0.17	0.434	6864	0.966	0.566	11189	0.909
NDUFS8	-3.46	8	-0.17	0.434	6865	0.966	0.566	11188	0.909
HSD3B7	-3.46	8	-0.17	0.434	6866	0.966	0.566	11187	0.909
RAET1L	-1.73	2	-0.17	0.434	6867	0.966	0.566	11186	0.909
ACSL5	-3.46	8	-0.16	0.434	6868	0.966	0.566	11185	0.909
GRM5	-3.46	8	-0.16	0.435	6869	0.966	0.565	11184	0.909
RARRES2	-3.46	8	-0.16	0.435	6870	0.966	0.565	11183	0.909
LYPD3	-3.46	8	-0.16	0.435	6871	0.966	0.565	11182	0.909
RPRML	-3.46	8	-0.16	0.435	6872	0.966	0.565	11181	0.909
CTBS	-3.46	8	-0.16	0.435	6873	0.966	0.565	11180	0.909
SAMD3	-3.46	8	-0.16	0.435	6874	0.966	0.565	11179	0.909
TRAP1	-3.46	8	-0.16	0.435	6875	0.966	0.565	11178	0.909
PEX26	-3.46	8	-0.16	0.435	6876	0.966	0.565	11177	0.909
OR51I1	-3.46	8	-0.16	0.435	6877	0.966	0.565	11176	0.909
USP18	-3.46	8	-0.16	0.435	6878	0.966	0.565	11175	0.909
C19orf59	-3.46	8	-0.16	0.435	6879	0.966	0.565	11174	0.909
EMP3	-3.46	8	-0.16	0.435	6880	0.966	0.565	11173	0.909
FAM120A	-3.46	8	-0.16	0.435	6881	0.966	0.565	11172	0.909
NME2	-3.00	6	-0.16	0.435	6882	0.966	0.565	11171	0.909
C2orf72	-3.46	8	-0.16	0.435	6883	0.966	0.565	11170	0.909
MSL3	-3.46	8	-0.16	0.435	6884	0.966	0.565	11169	0.909
CTD-2368P22.1	-3.46	8	-0.16	0.435	6885	0.966	0.565	11168	0.909
AADACL3	-3.46	8	-0.16	0.435	6886	0.966	0.565	11167	0.909
SPATA21	-3.46	8	-0.16	0.435	6887	0.966	0.565	11166	0.909
C21orf62	-3.46	8	-0.16	0.435	6888	0.966	0.565	11165	0.909
SEMA3G	-3.46	8	-0.16	0.435	6889	0.966	0.565	11164	0.909
ZNF785	-3.46	8	-0.16	0.435	6890	0.966	0.565	11163	0.909
MLXIPL	-3.46	8	-0.16	0.435	6891	0.966	0.565	11162	0.909
CCL18	-3.46	8	-0.16	0.435	6892	0.966	0.565	11161	0.909
COL24A1	-3.45	8	-0.16	0.435	6893	0.966	0.565	11160	0.909
SYS1	-3.45	8	-0.16	0.435	6894	0.966	0.565	11159	0.909
FAM171A1	-3.45	8	-0.16	0.435	6895	0.966	0.565	11158	0.909
NABP1	-3.45	8	-0.16	0.435	6896	0.966	0.565	11157	0.909
ZFP30	-3.45	8	-0.16	0.435	6897	0.966	0.565	11156	0.909
SLC6A17	-3.45	8	-0.16	0.436	6898	0.966	0.564	11155	0.909
UNC13D	-3.45	8	-0.16	0.436	6899	0.966	0.564	11154	0.909
DCAKD	-3.45	8	-0.16	0.436	6900	0.966	0.564	11153	0.909
KRT10	-3.45	8	-0.16	0.436	6901	0.966	0.564	11152	0.909
LYRM5	-1.73	2	-0.16	0.436	6902	0.966	0.564	11151	0.909
ZCCHC3	-3.45	8	-0.16	0.436	6903	0.966	0.564	11150	0.909
SLC36A1	-3.45	8	-0.16	0.436	6904	0.966	0.564	11149	0.909
RETN	-2.99	6	-0.16	0.436	6905	0.966	0.564	11148	0.909
TMOD1	-3.45	8	-0.16	0.436	6906	0.966	0.564	11147	0.909
C2orf80	-3.45	8	-0.16	0.436	6907	0.966	0.564	11146	0.909
ZDHHC6	-3.45	8	-0.16	0.436	6908	0.966	0.564	11145	0.909
MDK	-3.45	8	-0.16	0.436	6909	0.966	0.564	11144	0.909
CPNE2	-3.44	8	-0.16	0.436	6910	0.966	0.564	11143	0.909
SNX8	-3.44	8	-0.16	0.436	6911	0.966	0.564	11142	0.909
RSAD1	-3.44	8	-0.16	0.436	6912	0.966	0.564	11141	0.909
OR2AE1	-3.44	8	-0.16	0.436	6913	0.966	0.564	11140	0.909
EIF5AL1	-2.98	6	-0.16	0.436	6914	0.966	0.564	11139	0.909
TROVE2	-3.44	8	-0.16	0.437	6915	0.966	0.563	11138	0.909
ZSCAN2	-3.44	8	-0.16	0.437	6916	0.966	0.563	11137	0.909
SYNJ1	-3.44	8	-0.16	0.437	6917	0.966	0.563	11136	0.909
ITGB2	-3.44	8	-0.16	0.437	6918	0.966	0.563	11135	0.909
RXRG	-3.44	8	-0.16	0.437	6919	0.966	0.563	11134	0.909
RFESD	-3.44	8	-0.16	0.437	6920	0.966	0.563	11133	0.909
COL20A1	-3.44	8	-0.16	0.437	6921	0.966	0.563	11132	0.909
SPINK9	-3.44	8	-0.16	0.437	6922	0.966	0.563	11131	0.909
PIFO	-3.44	8	-0.16	0.437	6923	0.966	0.563	11130	0.909
ZNF74	-3.44	8	-0.16	0.437	6924	0.966	0.563	11129	0.909
RTN4RL1	-3.44	8	-0.16	0.437	6925	0.966	0.563	11128	0.909
ASB17	-3.44	8	-0.16	0.437	6926	0.966	0.563	11127	0.909
SGOL2	-3.44	8	-0.16	0.437	6927	0.966	0.563	11126	0.909
UCP3	-3.44	8	-0.16	0.437	6928	0.966	0.563	11125	0.909
IL36G	-2.98	6	-0.16	0.437	6929	0.966	0.563	11124	0.909
ZCCHC2	-3.44	8	-0.16	0.437	6930	0.966	0.563	11123	0.909
LAMA3	-3.44	8	-0.16	0.437	6931	0.966	0.563	11122	0.909
BOK	-3.44	8	-0.16	0.437	6932	0.966	0.563	11121	0.909
SNAP29	-3.44	8	-0.16	0.437	6933	0.966	0.563	11120	0.909
POLN	-3.43	8	-0.16	0.437	6934	0.966	0.563	11119	0.909
C17orf47	-3.43	8	-0.16	0.437	6935	0.966	0.563	11118	0.909
HDGF	-3.43	8	-0.16	0.437	6936	0.966	0.563	11117	0.909
WASF2	-3.43	8	-0.16	0.437	6937	0.966	0.563	11116	0.909
HS6ST2	-3.43	8	-0.16	0.437	6938	0.966	0.563	11115	0.909
NOSTRIN	-3.43	8	-0.16	0.437	6939	0.966	0.563	11114	0.909
DTNB	-3.43	8	-0.16	0.437	6940	0.966	0.563	11113	0.909
MIF	-3.43	8	-0.16	0.437	6941	0.966	0.563	11112	0.909
TGFBR1	-3.43	8	-0.16	0.438	6942	0.966	0.562	11111	0.909
HECA	-3.43	8	-0.16	0.438	6943	0.966	0.562	11110	0.909
GLYAT	-3.43	8	-0.16	0.438	6944	0.966	0.562	11109	0.909
BBOX1	-3.43	8	-0.16	0.438	6945	0.966	0.562	11108	0.909
ZNF404	-3.43	8	-0.16	0.438	6946	0.966	0.562	11107	0.909
SFTPB	-3.43	8	-0.16	0.438	6947	0.966	0.562	11106	0.909
CDR2L	-3.43	8	-0.16	0.438	6948	0.966	0.562	11105	0.909
ZNF775	-3.43	8	-0.16	0.438	6949	0.966	0.562	11104	0.909
ZBTB26	-3.43	8	-0.16	0.438	6950	0.966	0.562	11103	0.909
OSBP2	-3.42	8	-0.16	0.438	6951	0.966	0.562	11102	0.909
PRRG3	-3.42	8	-0.16	0.438	6952	0.966	0.562	11101	0.909
FAM76A	-3.42	8	-0.15	0.438	6953	0.966	0.562	11100	0.909
MRPL34	-3.42	8	-0.15	0.438	6954	0.966	0.562	11099	0.909
MMP9	-3.42	8	-0.15	0.439	6955	0.966	0.561	11098	0.909
ATP4A	-3.42	8	-0.15	0.439	6956	0.966	0.561	11097	0.909
ISM2	-3.42	8	-0.15	0.439	6957	0.966	0.561	11096	0.909
SGK1	-2.96	6	-0.15	0.439	6958	0.966	0.561	11095	0.909
XRCC2	-3.42	8	-0.15	0.439	6959	0.966	0.561	11094	0.909
ELF2	-3.42	8	-0.15	0.439	6960	0.966	0.561	11093	0.909
RAB3IL1	-3.42	8	-0.15	0.439	6961	0.966	0.561	11092	0.909
COX8A	-3.42	8	-0.15	0.439	6962	0.966	0.561	11091	0.909
RIT1	-3.42	8	-0.15	0.439	6963	0.966	0.561	11090	0.909
USP47	-3.42	8	-0.15	0.439	6964	0.966	0.561	11089	0.909
ABCB4	-3.42	8	-0.15	0.439	6965	0.966	0.561	11088	0.909
ZNF707	-3.42	8	-0.15	0.439	6966	0.966	0.561	11087	0.909
ZHX2	-3.42	8	-0.15	0.439	6967	0.966	0.561	11086	0.909
LCN1	-3.42	8	-0.15	0.439	6968	0.966	0.561	11085	0.909
MUC20	-3.42	8	-0.15	0.439	6969	0.966	0.561	11084	0.909
C9orf170	-3.42	8	-0.15	0.439	6970	0.966	0.561	11083	0.909
DGAT2	-3.42	8	-0.15	0.439	6971	0.966	0.561	11082	0.909
WDR17	-3.42	8	-0.15	0.439	6972	0.966	0.561	11081	0.909
TBXA2R	-3.41	8	-0.15	0.439	6973	0.966	0.561	11080	0.909
MS4A4A	-3.41	8	-0.15	0.439	6974	0.966	0.561	11079	0.909
NCK2	-3.41	8	-0.15	0.439	6975	0.966	0.561	11078	0.909
TOM1L2	-3.41	8	-0.15	0.44	6976	0.966	0.56	11077	0.909
C21orf37	-1.71	2	-0.15	0.44	6977	0.966	0.56	11076	0.909
COX19	-3.41	8	-0.15	0.44	6978	0.966	0.56	11075	0.909
VASH1	-3.41	8	-0.15	0.44	6979	0.966	0.56	11074	0.909
FJX1	-3.41	8	-0.15	0.44	6980	0.966	0.56	11073	0.909
ZNF506	-2.95	6	-0.15	0.44	6981	0.966	0.56	11072	0.909
NPPB	-3.41	8	-0.15	0.44	6982	0.966	0.56	11071	0.909
DNAJC4	-3.41	8	-0.15	0.44	6983	0.966	0.56	11070	0.909
CYP26C1	-3.41	8	-0.15	0.44	6984	0.966	0.56	11069	0.909
ADORA1	-3.41	8	-0.15	0.44	6985	0.966	0.56	11068	0.909
T	-3.41	8	-0.15	0.44	6986	0.966	0.56	11067	0.909
STX3	-3.41	8	-0.15	0.44	6987	0.966	0.56	11066	0.909
ZSCAN5B	-3.41	8	-0.15	0.44	6988	0.966	0.56	11065	0.909
SUGP2	-3.40	8	-0.15	0.44	6989	0.966	0.56	11064	0.909
FPR2	-3.40	8	-0.15	0.44	6990	0.966	0.56	11063	0.909
C19orf48	-3.40	8	-0.15	0.44	6991	0.966	0.56	11062	0.909
RECQL5	-3.40	8	-0.15	0.44	6992	0.966	0.56	11061	0.909
DNAH12	-3.40	8	-0.15	0.44	6993	0.966	0.56	11060	0.909
ADAMDEC1	-3.40	8	-0.15	0.44	6994	0.966	0.56	11059	0.909
ZKSCAN2	-3.40	8	-0.15	0.441	6995	0.966	0.559	11058	0.909
NUSAP1	-3.40	8	-0.15	0.441	6996	0.966	0.559	11057	0.909
GAB4	-3.40	8	-0.15	0.441	6997	0.966	0.559	11056	0.909
HPCAL1	-3.40	8	-0.15	0.441	6998	0.966	0.559	11055	0.909
GIGYF1	-3.40	8	-0.15	0.441	6999	0.966	0.559	11054	0.909
PTTG1	-3.40	8	-0.15	0.441	7000	0.966	0.559	11053	0.909
SDHAF2	-3.40	8	-0.15	0.441	7001	0.966	0.559	11052	0.909
MSH6	-3.40	8	-0.15	0.441	7002	0.966	0.559	11051	0.909
SLC2A6	-3.40	8	-0.15	0.441	7003	0.966	0.559	11050	0.909
OR52N2	-3.40	8	-0.15	0.441	7004	0.966	0.559	11049	0.909
ZCCHC17	-3.40	8	-0.15	0.441	7005	0.966	0.559	11048	0.909
SPATA6L	-3.40	8	-0.15	0.441	7006	0.966	0.559	11047	0.909
C1orf189	-3.39	8	-0.15	0.441	7007	0.966	0.559	11046	0.909
SPIC	-3.39	8	-0.15	0.441	7008	0.966	0.559	11045	0.909
USP9Y	-3.39	8	-0.15	0.441	7009	0.966	0.559	11044	0.909
PEF1	-3.39	8	-0.15	0.442	7010	0.966	0.558	11043	0.909
BTG2	-3.39	8	-0.15	0.442	7011	0.966	0.558	11042	0.909
SLC30A7	-3.39	8	-0.15	0.442	7012	0.966	0.558	11041	0.909
USHBP1	-3.39	8	-0.15	0.442	7013	0.966	0.558	11040	0.909
CSF3	-3.39	8	-0.15	0.442	7014	0.966	0.558	11039	0.909
HSD17B10	-3.39	8	-0.15	0.442	7015	0.966	0.558	11038	0.909
PFKP	-3.39	8	-0.15	0.442	7016	0.966	0.558	11037	0.909
WDR91	-3.39	8	-0.15	0.442	7017	0.966	0.558	11036	0.909
SYN3	-3.39	8	-0.15	0.442	7018	0.966	0.558	11035	0.909
MYO1F	-3.39	8	-0.15	0.442	7019	0.966	0.558	11034	0.909
PAIP2B	-3.39	8	-0.15	0.442	7020	0.966	0.558	11033	0.909
CCDC54	-3.39	8	-0.15	0.442	7021	0.966	0.558	11032	0.909
LRRC10B	-3.39	8	-0.15	0.442	7022	0.966	0.558	11031	0.909
TMEM88	-3.39	8	-0.15	0.442	7023	0.966	0.558	11030	0.909
CCDC124	-3.39	8	-0.15	0.442	7024	0.966	0.558	11029	0.909
PINLYP	-3.39	8	-0.15	0.442	7025	0.966	0.558	11028	0.909
RSPH1	-3.39	8	-0.15	0.442	7026	0.966	0.558	11027	0.909
RIBC2	-3.39	8	-0.15	0.442	7027	0.966	0.558	11026	0.909
LRRN4	-3.38	8	-0.15	0.442	7028	0.966	0.558	11025	0.909
LARP7	-3.38	8	-0.15	0.442	7029	0.966	0.558	11024	0.909
PPP3CC	-3.38	8	-0.15	0.442	7030	0.966	0.558	11023	0.909
CAMK2D	-3.38	8	-0.15	0.442	7031	0.966	0.558	11022	0.909
AP4E1	-3.38	8	-0.15	0.442	7032	0.966	0.558	11021	0.909
LRBA	-3.38	8	-0.14	0.442	7033	0.966	0.558	11020	0.909
CNNM4	-3.38	8	-0.14	0.442	7034	0.966	0.558	11019	0.909
LYVE1	-3.38	8	-0.14	0.443	7035	0.966	0.557	11018	0.909
DEFA4	-3.38	8	-0.14	0.443	7036	0.966	0.557	11017	0.909
SAMD4A	-3.38	8	-0.14	0.443	7037	0.966	0.557	11016	0.909
SUPT4H1	-3.38	8	-0.14	0.443	7038	0.966	0.557	11015	0.909
GSS	-3.38	8	-0.14	0.443	7039	0.966	0.557	11014	0.909
ZNF681	-2.93	6	-0.14	0.443	7040	0.966	0.557	11013	0.909
ART1	-3.38	8	-0.14	0.443	7041	0.966	0.557	11012	0.909
MKKS	-3.38	8	-0.14	0.443	7042	0.966	0.557	11011	0.909
NEK3	-3.38	8	-0.14	0.443	7043	0.966	0.557	11010	0.909
TSTD2	-3.38	8	-0.14	0.443	7044	0.966	0.557	11009	0.909
PHLDB1	-3.38	8	-0.14	0.443	7045	0.966	0.557	11008	0.909
OTOG	-3.38	8	-0.14	0.443	7046	0.966	0.557	11007	0.909
FIP1L1	-3.38	8	-0.14	0.443	7047	0.966	0.557	11006	0.909
HTR1F	-3.38	8	-0.14	0.443	7048	0.966	0.557	11005	0.909
GAS1	-3.38	8	-0.14	0.443	7049	0.966	0.557	11004	0.909
OR13C8	-3.38	8	-0.14	0.443	7050	0.966	0.557	11003	0.909
DEFB123	-3.37	8	-0.14	0.443	7051	0.966	0.557	11002	0.909
FAM110D	-3.37	8	-0.14	0.443	7052	0.966	0.557	11001	0.909
ADAMTS14	-3.37	8	-0.14	0.443	7053	0.966	0.557	11000	0.909
SLC47A1	-3.37	8	-0.14	0.443	7054	0.966	0.557	10999	0.909
THSD1	-3.37	8	-0.14	0.443	7055	0.966	0.557	10998	0.909
ZSWIM4	-3.37	8	-0.14	0.444	7056	0.966	0.556	10997	0.909
TRIM33	-3.37	8	-0.14	0.444	7057	0.966	0.556	10996	0.909
05-Mar	-3.37	8	-0.14	0.444	7058	0.966	0.556	10995	0.909
LCE3A	-3.37	8	-0.14	0.444	7059	0.966	0.556	10994	0.909
VPS33B	-3.37	8	-0.14	0.444	7060	0.966	0.556	10993	0.909
HIST1H2AC	-3.37	8	-0.14	0.444	7061	0.966	0.556	10992	0.909
ZER1	-3.37	8	-0.14	0.444	7062	0.966	0.556	10991	0.909
NXPE1	-3.37	8	-0.14	0.444	7063	0.966	0.556	10990	0.909
ZNF345	-3.37	8	-0.14	0.444	7064	0.966	0.556	10989	0.909
OR2M4	-3.37	8	-0.14	0.444	7065	0.966	0.556	10988	0.909
TSEN34	-3.37	8	-0.14	0.444	7066	0.966	0.556	10987	0.909
OR4C46	-3.37	8	-0.14	0.444	7067	0.966	0.556	10986	0.909
MEOX1	-3.37	8	-0.14	0.444	7068	0.966	0.556	10985	0.909
GPT	-3.37	8	-0.14	0.444	7069	0.966	0.556	10984	0.909
FBXO4	-2.91	6	-0.14	0.444	7070	0.966	0.556	10983	0.909
GLYR1	-3.36	8	-0.14	0.444	7071	0.966	0.556	10982	0.909
C11orf31	-3.36	8	-0.14	0.444	7072	0.966	0.556	10981	0.909
MPLKIP	-3.36	8	-0.14	0.444	7073	0.966	0.556	10980	0.909
TRAPPC6A	-3.36	8	-0.14	0.444	7074	0.966	0.556	10979	0.909
EHD3	-3.36	8	-0.14	0.444	7075	0.966	0.556	10978	0.909
ZBTB6	-3.36	8	-0.14	0.444	7076	0.966	0.556	10977	0.909
AR	-3.36	8	-0.14	0.444	7077	0.966	0.556	10976	0.909
MAGEB17	-3.36	8	-0.14	0.444	7078	0.966	0.556	10975	0.909
MPPE1	-3.36	8	-0.14	0.445	7079	0.966	0.555	10974	0.909
CD79B	-3.36	8	-0.14	0.445	7080	0.966	0.555	10973	0.909
S100A12	-3.36	8	-0.14	0.445	7081	0.966	0.555	10972	0.909
MATK	-3.36	8	-0.14	0.445	7082	0.966	0.555	10971	0.909
GABRB3	-3.36	8	-0.14	0.445	7083	0.966	0.555	10970	0.909
LHX4	-3.36	8	-0.14	0.445	7084	0.966	0.555	10969	0.909
C11orf54	-3.36	8	-0.14	0.445	7085	0.966	0.555	10968	0.909
SESTD1	-3.36	8	-0.14	0.445	7086	0.966	0.555	10967	0.909
TTYH1	-3.36	8	-0.14	0.445	7087	0.966	0.555	10966	0.909
WDR60	-3.36	8	-0.14	0.445	7088	0.966	0.555	10965	0.909
FAM214B	-3.35	8	-0.14	0.445	7089	0.966	0.555	10964	0.909
MACC1	-3.35	8	-0.14	0.445	7090	0.966	0.555	10963	0.909
MRTO4	-3.35	8	-0.14	0.445	7091	0.966	0.555	10962	0.909
SACS	-3.35	8	-0.14	0.445	7092	0.966	0.555	10961	0.909
ZNF408	-3.35	8	-0.14	0.445	7093	0.966	0.555	10960	0.909
FBXL19	-3.35	8	-0.14	0.445	7094	0.966	0.555	10959	0.909
ZNF418	-3.35	8	-0.14	0.446	7095	0.966	0.554	10958	0.909
E2F2	-3.35	8	-0.14	0.446	7096	0.966	0.554	10957	0.909
MKNK2	-3.35	8	-0.14	0.446	7097	0.966	0.554	10956	0.909
TMEM2	-3.35	8	-0.14	0.446	7098	0.966	0.554	10955	0.909
C21orf67	-3.35	8	-0.14	0.446	7099	0.966	0.554	10954	0.909
C1orf185	-3.35	8	-0.14	0.446	7100	0.966	0.554	10953	0.909
PCNT	-3.35	8	-0.14	0.446	7101	0.966	0.554	10952	0.909
ZNF354C	-3.35	8	-0.14	0.446	7102	0.966	0.554	10951	0.909
MSX2	-3.35	8	-0.14	0.446	7103	0.966	0.554	10950	0.909
THAP11	-3.35	8	-0.14	0.446	7104	0.966	0.554	10949	0.909
HMG20A	-3.35	8	-0.14	0.446	7105	0.966	0.554	10948	0.909
FGF2	-3.35	8	-0.14	0.446	7106	0.966	0.554	10947	0.909
UNK	-3.35	8	-0.14	0.446	7107	0.966	0.554	10946	0.909
HMGN1	-1.67	2	-0.14	0.446	7108	0.966	0.554	10945	0.909
PGP	-3.34	8	-0.13	0.446	7109	0.966	0.554	10944	0.909
NUDT16L1	-3.34	8	-0.13	0.447	7110	0.966	0.553	10943	0.909
HOXB8	-3.34	8	-0.13	0.447	7111	0.966	0.553	10942	0.909
C16orf52	-3.34	8	-0.13	0.447	7112	0.966	0.553	10941	0.909
CCDC85C	-3.34	8	-0.13	0.447	7113	0.966	0.553	10940	0.909
AIF1L	-3.34	8	-0.13	0.447	7114	0.966	0.553	10939	0.909
S100PBP	-3.34	8	-0.13	0.447	7115	0.966	0.553	10938	0.909
UBTF	-3.34	8	-0.13	0.447	7116	0.966	0.553	10937	0.909
C6orf141	-3.34	8	-0.13	0.447	7117	0.966	0.553	10936	0.909
ZNF446	-3.34	8	-0.13	0.447	7118	0.966	0.553	10935	0.909
HMGB4	-3.34	8	-0.13	0.447	7119	0.966	0.553	10934	0.909
AARD	-3.34	8	-0.13	0.447	7120	0.966	0.553	10933	0.909
SYNGAP1	-3.34	8	-0.13	0.447	7121	0.966	0.553	10932	0.909
LRRC4C	-3.34	8	-0.13	0.447	7122	0.966	0.553	10931	0.909
MRPS27	-3.34	8	-0.13	0.447	7123	0.966	0.553	10930	0.909
CILP	-3.34	8	-0.13	0.447	7124	0.966	0.553	10929	0.909
HOXA11	-3.34	8	-0.13	0.447	7125	0.966	0.553	10928	0.909
CARD11	-3.34	8	-0.13	0.447	7126	0.966	0.553	10927	0.909
RNF216	-3.34	8	-0.13	0.447	7127	0.966	0.553	10926	0.909
CUX1	-3.33	8	-0.13	0.447	7128	0.966	0.553	10925	0.909
AP3B2	-3.33	8	-0.13	0.447	7129	0.966	0.553	10924	0.909
NDRG3	-3.33	8	-0.13	0.447	7130	0.966	0.553	10923	0.909
CHRNA7	-3.33	8	-0.13	0.447	7131	0.966	0.553	10922	0.909
FOLR3	-3.33	8	-0.13	0.447	7132	0.966	0.553	10921	0.909
RFPL3S	-3.33	8	-0.13	0.447	7133	0.966	0.553	10920	0.909
DRAM2	-3.33	8	-0.13	0.447	7134	0.966	0.553	10919	0.909
RDX	-3.33	8	-0.13	0.447	7135	0.966	0.553	10918	0.909
SLC34A3	-3.33	8	-0.13	0.448	7136	0.966	0.552	10917	0.909
CELA3B	-1.67	2	-0.13	0.448	7137	0.966	0.552	10916	0.909
CLTB	-3.33	8	-0.13	0.448	7138	0.966	0.552	10915	0.909
KLF11	-3.33	8	-0.13	0.448	7139	0.966	0.552	10914	0.909
FAM149A	-3.33	8	-0.13	0.448	7140	0.966	0.552	10913	0.909
ESR2	-3.33	8	-0.13	0.448	7141	0.966	0.552	10912	0.909
TXNDC5	-3.33	8	-0.13	0.448	7142	0.966	0.552	10911	0.909
MTMR8	-3.33	8	-0.13	0.448	7143	0.966	0.552	10910	0.909
ACSBG2	-3.33	8	-0.13	0.448	7144	0.966	0.552	10909	0.909
IFI27	-3.33	8	-0.13	0.448	7145	0.966	0.552	10908	0.909
ENPEP	-3.33	8	-0.13	0.448	7146	0.966	0.552	10907	0.909
CGNL1	-3.33	8	-0.13	0.448	7147	0.966	0.552	10906	0.909
OXGR1	-3.33	8	-0.13	0.448	7148	0.966	0.552	10905	0.909
PRSS55	-3.33	8	-0.13	0.448	7149	0.966	0.552	10904	0.909
SLC7A8	-3.33	8	-0.13	0.448	7150	0.966	0.552	10903	0.909
IL22RA2	-3.33	8	-0.13	0.448	7151	0.966	0.552	10902	0.909
KCNK13	-3.33	8	-0.13	0.448	7152	0.966	0.552	10901	0.909
HSPG2	-3.33	8	-0.13	0.448	7153	0.966	0.552	10900	0.909
ZMIZ1	-3.33	8	-0.13	0.448	7154	0.966	0.552	10899	0.909
ZSCAN16	-3.33	8	-0.13	0.448	7155	0.966	0.552	10898	0.909
STX7	-3.32	8	-0.13	0.448	7156	0.966	0.552	10897	0.909
VMAC	-3.32	8	-0.13	0.448	7157	0.966	0.552	10896	0.909
CNKSR3	-3.32	8	-0.13	0.448	7158	0.966	0.552	10895	0.909
MFSD7	-3.32	8	-0.13	0.448	7159	0.966	0.552	10894	0.909
PPP1R3E	-3.32	8	-0.13	0.448	7160	0.966	0.552	10893	0.909
KBTBD13	-3.32	8	-0.13	0.448	7161	0.966	0.552	10892	0.909
ZNF554	-3.32	8	-0.13	0.448	7162	0.966	0.552	10891	0.909
POM121	-3.32	8	-0.13	0.448	7163	0.966	0.552	10890	0.909
C7orf66	-3.32	8	-0.13	0.448	7164	0.966	0.552	10889	0.909
GSTCD	-3.32	8	-0.13	0.448	7165	0.966	0.552	10888	0.909
REEP1	-3.32	8	-0.13	0.449	7166	0.966	0.551	10887	0.909
TLDC1	-3.32	8	-0.13	0.449	7167	0.966	0.551	10886	0.909
NKG7	-3.32	8	-0.13	0.449	7168	0.966	0.551	10885	0.909
CLK3	-3.32	8	-0.13	0.449	7169	0.966	0.551	10884	0.909
RAX	-3.32	8	-0.13	0.449	7170	0.966	0.551	10883	0.909
SGCZ	-3.32	8	-0.13	0.449	7171	0.966	0.551	10882	0.909
NYNRIN	-3.32	8	-0.13	0.449	7172	0.966	0.551	10881	0.909
DSPP	-3.32	8	-0.13	0.449	7173	0.966	0.551	10880	0.909
NKTR	-3.32	8	-0.13	0.449	7174	0.966	0.551	10879	0.909
ISLR	-3.32	8	-0.13	0.449	7175	0.966	0.551	10878	0.909
CRLS1	-3.32	8	-0.13	0.449	7176	0.966	0.551	10877	0.909
C2orf43	-3.32	8	-0.13	0.449	7177	0.966	0.551	10876	0.909
ETNPPL	-3.32	8	-0.13	0.449	7178	0.966	0.551	10875	0.909
PEG3	-3.32	8	-0.13	0.449	7179	0.966	0.551	10874	0.909
TRPV4	-3.32	8	-0.13	0.449	7180	0.966	0.551	10873	0.909
SPATA6	-3.32	8	-0.13	0.449	7181	0.966	0.551	10872	0.909
HAS1	-3.32	8	-0.13	0.449	7182	0.966	0.551	10871	0.909
CD4	-3.31	8	-0.13	0.449	7183	0.966	0.551	10870	0.909
GHR	-3.31	8	-0.13	0.449	7184	0.966	0.551	10869	0.909
ZFP69B	-3.31	8	-0.13	0.449	7185	0.966	0.551	10868	0.909
ADH5	-3.31	8	-0.13	0.449	7186	0.966	0.551	10867	0.909
EDN1	-3.31	8	-0.13	0.449	7187	0.966	0.551	10866	0.909
AGBL5	-3.31	8	-0.13	0.449	7188	0.966	0.551	10865	0.909
SGCA	-3.31	8	-0.13	0.449	7189	0.966	0.551	10864	0.909
TESK2	-3.31	8	-0.13	0.449	7190	0.966	0.551	10863	0.909
BRAF	-3.31	8	-0.13	0.45	7191	0.966	0.55	10862	0.909
HFM1	-3.31	8	-0.13	0.45	7192	0.966	0.55	10861	0.909
ACOX1	-3.31	8	-0.13	0.45	7193	0.966	0.55	10860	0.909
HSBP1L1	-1.65	2	-0.13	0.45	7194	0.966	0.55	10859	0.909
CTNND1	-3.31	8	-0.13	0.45	7195	0.966	0.55	10858	0.909
TDRD9	-3.31	8	-0.13	0.45	7196	0.966	0.55	10857	0.909
IER3	-2.86	6	-0.13	0.45	7197	0.966	0.55	10856	0.909
TRIM23	-3.31	8	-0.13	0.45	7198	0.966	0.55	10855	0.909
TMEFF1	-3.31	8	-0.13	0.45	7199	0.966	0.55	10854	0.909
MLH3	-3.31	8	-0.13	0.45	7200	0.966	0.55	10853	0.909
EPB41L2	-3.31	8	-0.13	0.45	7201	0.966	0.55	10852	0.909
FBXL2	-3.31	8	-0.13	0.45	7202	0.966	0.55	10851	0.909
KLF3	-3.30	8	-0.12	0.45	7203	0.966	0.55	10850	0.909
MRPS2	-3.30	8	-0.12	0.45	7204	0.966	0.55	10849	0.909
PHGR1	-3.30	8	-0.12	0.451	7205	0.966	0.549	10848	0.909
RPS27A	-1.65	2	-0.12	0.451	7206	0.966	0.549	10847	0.909
LPP	-3.30	8	-0.12	0.451	7207	0.966	0.549	10846	0.909
ATP5I	-3.30	8	-0.12	0.451	7208	0.966	0.549	10845	0.909
CPO	-2.86	6	-0.12	0.451	7209	0.966	0.549	10844	0.909
PIP5K1A	-3.30	8	-0.12	0.451	7210	0.966	0.549	10843	0.909
ZNF16	-3.30	8	-0.12	0.451	7211	0.966	0.549	10842	0.909
PTPN13	-3.30	8	-0.12	0.451	7212	0.966	0.549	10841	0.909
RRP9	-3.30	8	-0.12	0.451	7213	0.966	0.549	10840	0.909
TEX264	-3.30	8	-0.12	0.451	7214	0.966	0.549	10839	0.909
B3GNT3	-3.30	8	-0.12	0.451	7215	0.966	0.549	10838	0.909
MEP1B	-3.30	8	-0.12	0.451	7216	0.966	0.549	10837	0.909
POR	-3.30	8	-0.12	0.451	7217	0.966	0.549	10836	0.909
OSCP1	-3.30	8	-0.12	0.451	7218	0.966	0.549	10835	0.909
TRIM26	-3.29	8	-0.12	0.451	7219	0.966	0.549	10834	0.909
FAIM	-3.29	8	-0.12	0.451	7220	0.966	0.549	10833	0.909
RBMS3	-3.29	8	-0.12	0.452	7221	0.966	0.548	10832	0.909
TP53BP2	-3.29	8	-0.12	0.452	7222	0.966	0.548	10831	0.909
CCNB1IP1	-2.85	6	-0.12	0.452	7223	0.966	0.548	10830	0.909
GABRA4	-3.29	8	-0.12	0.452	7224	0.966	0.548	10829	0.909
TLCD2	-3.29	8	-0.12	0.452	7225	0.966	0.548	10828	0.909
XBP1	-3.29	8	-0.12	0.452	7226	0.966	0.548	10827	0.909
SCD5	-3.29	8	-0.12	0.452	7227	0.966	0.548	10826	0.909
RLN1	-3.29	8	-0.12	0.452	7228	0.966	0.548	10825	0.909
DNAAF2	-3.29	8	-0.12	0.452	7229	0.966	0.548	10824	0.909
KCNJ5	-3.29	8	-0.12	0.452	7230	0.966	0.548	10823	0.909
GHRH	-3.29	8	-0.12	0.452	7231	0.966	0.548	10822	0.909
PEX6	-3.29	8	-0.12	0.452	7232	0.966	0.548	10821	0.909
OR2A5	-3.29	8	-0.12	0.452	7233	0.966	0.548	10820	0.909
AGT	-3.28	8	-0.12	0.452	7234	0.966	0.548	10819	0.909
GRHPR	-3.28	8	-0.12	0.452	7235	0.966	0.548	10818	0.909
GPR112	-3.28	8	-0.12	0.452	7236	0.966	0.548	10817	0.909
PYGM	-3.28	8	-0.12	0.452	7237	0.966	0.548	10816	0.909
MAP4	-3.28	8	-0.12	0.452	7238	0.966	0.548	10815	0.909
APOD	-3.28	8	-0.12	0.452	7239	0.966	0.548	10814	0.909
TMEM59L	-3.28	8	-0.12	0.452	7240	0.966	0.548	10813	0.909
WDFY1	-3.28	8	-0.12	0.452	7241	0.966	0.548	10812	0.909
TDRKH	-3.28	8	-0.12	0.453	7242	0.966	0.547	10811	0.909
TNNT3	-3.28	8	-0.12	0.453	7243	0.966	0.547	10810	0.909
SYT8	-3.28	8	-0.12	0.453	7244	0.966	0.547	10809	0.909
MLIP	-3.28	8	-0.12	0.453	7245	0.966	0.547	10808	0.909
EME1	-3.28	8	-0.12	0.453	7246	0.966	0.547	10807	0.909
DLC1	-3.28	8	-0.12	0.453	7247	0.966	0.547	10806	0.909
SUSD5	-3.28	8	-0.12	0.453	7248	0.966	0.547	10805	0.909
SLC17A5	-3.28	8	-0.12	0.453	7249	0.966	0.547	10804	0.909
C22orf15	-3.28	8	-0.12	0.453	7250	0.966	0.547	10803	0.909
USP34	-2.84	6	-0.12	0.453	7251	0.966	0.547	10802	0.909
PRKCH	-3.28	8	-0.12	0.453	7252	0.966	0.547	10801	0.909
ANKRD32	-3.28	8	-0.12	0.453	7253	0.966	0.547	10800	0.909
ZNF37A	-3.28	8	-0.12	0.453	7254	0.966	0.547	10799	0.909
NSUN6	-3.28	8	-0.12	0.453	7255	0.966	0.547	10798	0.909
MANEAL	-3.28	8	-0.12	0.453	7256	0.966	0.547	10797	0.909
C5orf28	-3.28	8	-0.12	0.453	7257	0.966	0.547	10796	0.909
CDKN1C	-3.28	8	-0.12	0.453	7258	0.966	0.547	10795	0.909
ZNF652	-3.28	8	-0.12	0.453	7259	0.966	0.547	10794	0.909
UAP1L1	-3.28	8	-0.12	0.453	7260	0.966	0.547	10793	0.909
SFXN3	-3.28	8	-0.12	0.453	7261	0.966	0.547	10792	0.909
NR2E1	-3.28	8	-0.12	0.453	7262	0.966	0.547	10791	0.909
PROSER1	-3.28	8	-0.12	0.453	7263	0.966	0.547	10790	0.909
HARBI1	-3.27	8	-0.12	0.453	7264	0.966	0.547	10789	0.909
TMEM61	-3.27	8	-0.12	0.453	7265	0.966	0.547	10788	0.909
LGSN	-3.27	8	-0.12	0.453	7266	0.966	0.547	10787	0.909
S1PR5	-3.27	8	-0.12	0.453	7267	0.966	0.547	10786	0.909
OR5B2	-3.27	8	-0.12	0.453	7268	0.966	0.547	10785	0.909
OTUD4	-3.27	8	-0.12	0.453	7269	0.966	0.547	10784	0.909
SLC45A3	-3.27	8	-0.12	0.453	7270	0.966	0.547	10783	0.909
KCNH6	-3.27	8	-0.12	0.454	7271	0.966	0.546	10782	0.909
ERV3-1	-3.27	8	-0.12	0.454	7272	0.966	0.546	10781	0.909
FSIP1	-3.27	8	-0.12	0.454	7273	0.966	0.546	10780	0.909
AP3S2	-2.83	6	-0.12	0.454	7274	0.966	0.546	10779	0.909
PTGER4	-3.27	8	-0.12	0.454	7275	0.966	0.546	10778	0.909
NRROS	-3.27	8	-0.12	0.454	7276	0.966	0.546	10777	0.909
CAPN7	-3.27	8	-0.12	0.454	7277	0.966	0.546	10776	0.909
DUSP16	-3.27	8	-0.12	0.454	7278	0.966	0.546	10775	0.909
CLDN20	-3.26	8	-0.11	0.454	7279	0.966	0.546	10774	0.909
TRPM8	-3.26	8	-0.11	0.454	7280	0.966	0.546	10773	0.909
GRAP	-3.26	8	-0.11	0.454	7281	0.966	0.546	10772	0.909
AMD1	-3.26	8	-0.11	0.455	7282	0.966	0.545	10771	0.909
RCBTB2	-3.26	8	-0.11	0.455	7283	0.966	0.545	10770	0.909
OSBPL9	-3.26	8	-0.11	0.455	7284	0.966	0.545	10769	0.909
BMP8A	-2.82	6	-0.11	0.455	7285	0.966	0.545	10768	0.909
GRB7	-3.26	8	-0.11	0.455	7286	0.966	0.545	10767	0.909
ZBTB49	-3.26	8	-0.11	0.455	7287	0.966	0.545	10766	0.909
GPRC5B	-3.26	8	-0.11	0.455	7288	0.966	0.545	10765	0.909
SCAMP4	-3.26	8	-0.11	0.455	7289	0.966	0.545	10764	0.909
JTB	-3.26	8	-0.11	0.455	7290	0.966	0.545	10763	0.909
AMN	-3.26	8	-0.11	0.455	7291	0.966	0.545	10762	0.909
FCER1A	-3.26	8	-0.11	0.455	7292	0.966	0.545	10761	0.909
GMFB	-3.26	8	-0.11	0.455	7293	0.966	0.545	10760	0.909
ELMO1	-3.26	8	-0.11	0.455	7294	0.966	0.545	10759	0.909
RIPK3	-3.26	8	-0.11	0.455	7295	0.966	0.545	10758	0.909
PRSS56	-3.26	8	-0.11	0.455	7296	0.966	0.545	10757	0.909
P2RX4	-3.26	8	-0.11	0.455	7297	0.966	0.545	10756	0.909
HSD3B2	-3.26	8	-0.11	0.455	7298	0.966	0.545	10755	0.909
TMEM47	-3.26	8	-0.11	0.455	7299	0.966	0.545	10754	0.909
RPRD1B	-3.25	8	-0.11	0.455	7300	0.966	0.545	10753	0.909
SH3GL1	-3.25	8	-0.11	0.455	7301	0.966	0.545	10752	0.909
ENPP5	-3.25	8	-0.11	0.455	7302	0.966	0.545	10751	0.909
GABBR1	-3.25	8	-0.11	0.456	7303	0.966	0.544	10750	0.909
AGRN	-3.25	8	-0.11	0.456	7304	0.966	0.544	10749	0.909
MB	-3.25	8	-0.11	0.456	7305	0.966	0.544	10748	0.909
SLC39A5	-3.25	8	-0.11	0.456	7306	0.966	0.544	10747	0.909
IQGAP3	-3.25	8	-0.11	0.456	7307	0.966	0.544	10746	0.909
SHISA3	-3.25	8	-0.11	0.456	7308	0.966	0.544	10745	0.909
KCTD18	-3.25	8	-0.11	0.456	7309	0.966	0.544	10744	0.909
GALNT15	-3.25	8	-0.11	0.456	7310	0.966	0.544	10743	0.909
C16orf93	-3.25	8	-0.11	0.456	7311	0.966	0.544	10742	0.909
ARL4D	-3.25	8	-0.11	0.456	7312	0.966	0.544	10741	0.909
SIMC1	-3.25	8	-0.11	0.456	7313	0.966	0.544	10740	0.909
ZNF565	-3.25	8	-0.11	0.456	7314	0.966	0.544	10739	0.909
PRSS38	-3.25	8	-0.11	0.456	7315	0.966	0.544	10738	0.909
SOCS1	-3.24	8	-0.11	0.456	7316	0.966	0.544	10737	0.909
SNRK	-3.24	8	-0.11	0.456	7317	0.966	0.544	10736	0.909
LDHD	-3.24	8	-0.11	0.456	7318	0.966	0.544	10735	0.909
OR6A2	-3.24	8	-0.11	0.456	7319	0.966	0.544	10734	0.909
ABL1	-3.24	8	-0.11	0.456	7320	0.966	0.544	10733	0.909
SLC9A3	-3.24	8	-0.11	0.456	7321	0.966	0.544	10732	0.909
EFR3B	-3.24	8	-0.11	0.456	7322	0.966	0.544	10731	0.909
MLTK	-3.24	8	-0.11	0.456	7323	0.966	0.544	10730	0.909
PEX3	-3.24	8	-0.11	0.457	7324	0.966	0.543	10729	0.909
SALL1	-3.24	8	-0.11	0.457	7325	0.966	0.543	10728	0.909
PSMA8	-3.24	8	-0.11	0.457	7326	0.966	0.543	10727	0.909
SOGA3	-3.24	8	-0.11	0.457	7327	0.966	0.543	10726	0.909
LRRC23	-3.24	8	-0.11	0.457	7328	0.966	0.543	10725	0.909
HADHB	-3.24	8	-0.11	0.457	7329	0.966	0.543	10724	0.909
SLC25A31	-3.24	8	-0.11	0.457	7330	0.966	0.543	10723	0.909
MPND	-3.24	8	-0.11	0.457	7331	0.966	0.543	10722	0.909
ARFGAP1	-3.24	8	-0.11	0.457	7332	0.966	0.543	10721	0.909
C17orf75	-3.24	8	-0.11	0.457	7333	0.966	0.543	10720	0.909
KCNH5	-3.24	8	-0.11	0.457	7334	0.966	0.543	10719	0.909
CAPZA1	-3.24	8	-0.11	0.457	7335	0.966	0.543	10718	0.909
PIGT	-3.24	8	-0.11	0.457	7336	0.966	0.543	10717	0.909
SLC35G5	-1.62	2	-0.11	0.457	7337	0.966	0.543	10716	0.909
HBB	-3.24	8	-0.11	0.457	7338	0.966	0.543	10715	0.909
ZNF224	-3.24	8	-0.11	0.457	7339	0.966	0.543	10714	0.909
OR11A1	-3.24	8	-0.11	0.457	7340	0.966	0.543	10713	0.909
APOA2	-3.24	8	-0.11	0.457	7341	0.966	0.543	10712	0.909
CHRM5	-3.24	8	-0.11	0.457	7342	0.966	0.543	10711	0.909
COX7A2	-3.24	8	-0.11	0.457	7343	0.966	0.543	10710	0.909
SENP6	-3.23	8	-0.11	0.457	7344	0.966	0.543	10709	0.909
TAS2R50	-3.23	8	-0.11	0.457	7345	0.966	0.543	10708	0.909
NRN1L	-3.23	8	-0.11	0.457	7346	0.966	0.543	10707	0.909
FCAR	-3.23	8	-0.11	0.457	7347	0.966	0.543	10706	0.909
ZNF597	-3.23	8	-0.11	0.457	7348	0.966	0.543	10705	0.909
ANO5	-2.80	6	-0.11	0.457	7349	0.966	0.543	10704	0.909
CD48	-3.23	8	-0.11	0.457	7350	0.966	0.543	10703	0.909
NOTCH1	-3.23	8	-0.11	0.458	7351	0.966	0.542	10702	0.909
TBC1D19	-3.23	8	-0.11	0.458	7352	0.966	0.542	10701	0.909
ATP6V0A1	-3.23	8	-0.11	0.458	7353	0.966	0.542	10700	0.909
CCL2	-3.23	8	-0.11	0.458	7354	0.966	0.542	10699	0.909
PTPRM	-3.23	8	-0.11	0.458	7355	0.966	0.542	10698	0.909
PTRH1	-3.23	8	-0.11	0.458	7356	0.966	0.542	10697	0.909
KDR	-3.23	8	-0.11	0.458	7357	0.966	0.542	10696	0.909
CNPY1	-3.23	8	-0.11	0.458	7358	0.966	0.542	10695	0.909
CACNG5	-3.23	8	-0.11	0.458	7359	0.966	0.542	10694	0.909
ASB7	-3.23	8	-0.11	0.458	7360	0.966	0.542	10693	0.909
CDH5	-3.22	8	-0.10	0.458	7361	0.966	0.542	10692	0.909
PSMB9	-3.22	8	-0.10	0.458	7362	0.966	0.542	10691	0.909
ZFP82	-3.22	8	-0.10	0.458	7363	0.966	0.542	10690	0.909
IRGQ	-3.22	8	-0.10	0.458	7364	0.966	0.542	10689	0.909
SIRT6	-3.22	8	-0.10	0.458	7365	0.966	0.542	10688	0.909
RDH16	-3.22	8	-0.10	0.458	7366	0.966	0.542	10687	0.909
TMCC3	-3.22	8	-0.10	0.458	7367	0.966	0.542	10686	0.909
POMT1	-3.22	8	-0.10	0.458	7368	0.966	0.542	10685	0.909
ZNF599	-3.22	8	-0.10	0.459	7369	0.966	0.541	10684	0.909
UBXN7	-3.22	8	-0.10	0.459	7370	0.966	0.541	10683	0.909
TNNT2	-3.22	8	-0.10	0.459	7371	0.966	0.541	10682	0.909
PRKACG	-3.22	8	-0.10	0.459	7372	0.966	0.541	10681	0.909
SHMT1	-3.22	8	-0.10	0.459	7373	0.966	0.541	10680	0.909
MAPRE2	-3.22	8	-0.10	0.459	7374	0.966	0.541	10679	0.909
KCNE2	-3.22	8	-0.10	0.459	7375	0.966	0.541	10678	0.909
BRD9	-3.22	8	-0.10	0.459	7376	0.966	0.541	10677	0.909
KRT27	-3.22	8	-0.10	0.459	7377	0.966	0.541	10676	0.909
SOAT1	-3.22	8	-0.10	0.459	7378	0.966	0.541	10675	0.909
SLC26A1	-3.22	8	-0.10	0.459	7379	0.966	0.541	10674	0.909
TTL	-3.22	8	-0.10	0.459	7380	0.966	0.541	10673	0.909
CTSB	-3.22	8	-0.10	0.459	7381	0.966	0.541	10672	0.909
CASC10	-3.22	8	-0.10	0.459	7382	0.966	0.541	10671	0.909
RHOJ	-3.22	8	-0.10	0.459	7383	0.966	0.541	10670	0.909
HRCT1	-3.21	8	-0.10	0.459	7384	0.966	0.541	10669	0.909
CDC42EP2	-3.21	8	-0.10	0.459	7385	0.966	0.541	10668	0.909
USP32	-3.21	8	-0.10	0.459	7386	0.966	0.541	10667	0.909
PPP1R1C	-3.21	8	-0.10	0.459	7387	0.966	0.541	10666	0.909
DIP2C	-3.21	8	-0.10	0.459	7388	0.966	0.541	10665	0.909
ZNF195	-3.21	8	-0.10	0.459	7389	0.966	0.541	10664	0.909
CNP	-3.21	8	-0.10	0.459	7390	0.966	0.541	10663	0.909
MON2	-3.21	8	-0.10	0.459	7391	0.966	0.541	10662	0.909
CLSTN1	-3.21	8	-0.10	0.46	7392	0.966	0.54	10661	0.909
IL10RB	-3.21	8	-0.10	0.46	7393	0.966	0.54	10660	0.909
IREB2	-3.21	8	-0.10	0.46	7394	0.966	0.54	10659	0.909
TMEM223	-3.21	8	-0.10	0.46	7395	0.966	0.54	10658	0.909
IL21R	-3.21	8	-0.10	0.46	7396	0.966	0.54	10657	0.909
ALKBH8	-3.21	8	-0.10	0.46	7397	0.966	0.54	10656	0.909
FMO4	-3.21	8	-0.10	0.46	7398	0.966	0.54	10655	0.909
SPEF2	-3.21	8	-0.10	0.46	7399	0.966	0.54	10654	0.909
PRPF40A	-3.21	8	-0.10	0.46	7400	0.966	0.54	10653	0.909
GSX1	-3.21	8	-0.10	0.46	7401	0.966	0.54	10652	0.909
OR5D13	-3.21	8	-0.10	0.46	7402	0.966	0.54	10651	0.909
ERMAP	-2.78	6	-0.10	0.46	7403	0.966	0.54	10650	0.909
MT3	-3.21	8	-0.10	0.46	7404	0.966	0.54	10649	0.909
KRTAP26-1	-3.21	8	-0.10	0.46	7405	0.966	0.54	10648	0.909
GPR85	-3.21	8	-0.10	0.46	7406	0.966	0.54	10647	0.909
GAPDHS	-2.78	6	-0.10	0.46	7407	0.966	0.54	10646	0.909
OR11H4	-3.21	8	-0.10	0.46	7408	0.966	0.54	10645	0.909
RAB8A	-3.20	8	-0.10	0.46	7409	0.966	0.54	10644	0.909
CLIC5	-3.20	8	-0.10	0.46	7410	0.966	0.54	10643	0.909
SYDE2	-3.20	8	-0.10	0.46	7411	0.966	0.54	10642	0.909
TNNI3	-3.20	8	-0.10	0.46	7412	0.966	0.54	10641	0.909
PDE3B	-3.20	8	-0.10	0.46	7413	0.966	0.54	10640	0.909
KLHL33	-3.20	8	-0.10	0.461	7414	0.966	0.539	10639	0.909
CCDC81	-3.20	8	-0.10	0.461	7415	0.966	0.539	10638	0.909
RSPO2	-3.20	8	-0.10	0.461	7416	0.966	0.539	10637	0.909
ANKRD34B	-3.20	8	-0.10	0.461	7417	0.966	0.539	10636	0.909
ACAD8	-3.20	8	-0.10	0.461	7418	0.966	0.539	10635	0.909
TM4SF1	-3.20	8	-0.10	0.461	7419	0.966	0.539	10634	0.909
GRM1	-3.20	8	-0.10	0.461	7420	0.966	0.539	10633	0.909
FOXE3	-3.20	8	-0.10	0.461	7421	0.966	0.539	10632	0.909
POMT2	-3.20	8	-0.10	0.461	7422	0.966	0.539	10631	0.909
TBL1XR1	-3.20	8	-0.10	0.461	7423	0.966	0.539	10630	0.909
THY1	-3.20	8	-0.10	0.461	7424	0.966	0.539	10629	0.909
CLEC3B	-3.20	8	-0.10	0.461	7425	0.966	0.539	10628	0.909
LRRC30	-3.20	8	-0.10	0.461	7426	0.966	0.539	10627	0.909
TPCN2	-3.19	8	-0.10	0.461	7427	0.966	0.539	10626	0.909
HACL1	-3.19	8	-0.10	0.461	7428	0.966	0.539	10625	0.909
SYT2	-3.19	8	-0.10	0.461	7429	0.966	0.539	10624	0.909
CARS2	-3.19	8	-0.10	0.461	7430	0.966	0.539	10623	0.909
ZBTB25	-3.19	8	-0.10	0.461	7431	0.966	0.539	10622	0.909
FAM166B	-3.19	8	-0.10	0.461	7432	0.966	0.539	10621	0.909
AMMECR1	-3.19	8	-0.10	0.462	7433	0.966	0.538	10620	0.909
CMA1	-3.19	8	-0.10	0.462	7434	0.966	0.538	10619	0.909
LEFTY1	-2.76	6	-0.10	0.462	7435	0.966	0.538	10618	0.909
PSMC3IP	-3.19	8	-0.10	0.462	7436	0.966	0.538	10617	0.909
SLC37A3	-3.19	8	-0.10	0.462	7437	0.966	0.538	10616	0.909
CDH15	-3.19	8	-0.10	0.462	7438	0.966	0.538	10615	0.909
PIP5K1C	-3.19	8	-0.10	0.462	7439	0.966	0.538	10614	0.909
DGAT2L6	-3.19	8	-0.10	0.462	7440	0.966	0.538	10613	0.909
KIAA0930	-3.19	8	-0.10	0.462	7441	0.966	0.538	10612	0.909
SPATA8	-3.19	8	-0.10	0.462	7442	0.966	0.538	10611	0.909
ZDHHC16	-3.19	8	-0.10	0.462	7443	0.966	0.538	10610	0.909
FUCA1	-3.19	8	-0.10	0.462	7444	0.966	0.538	10609	0.909
NPPA	-3.19	8	-0.10	0.462	7445	0.966	0.538	10608	0.909
COL8A2	-3.19	8	-0.10	0.462	7446	0.966	0.538	10607	0.909
BRD3	-3.18	8	-0.09	0.462	7447	0.966	0.538	10606	0.909
UGT3A2	-3.18	8	-0.09	0.462	7448	0.966	0.538	10605	0.909
SRPK3	-3.18	8	-0.09	0.462	7449	0.966	0.538	10604	0.909
FRA10AC1	-3.18	8	-0.09	0.462	7450	0.966	0.538	10603	0.909
SYNJ2	-3.18	8	-0.09	0.462	7451	0.966	0.538	10602	0.909
MMP8	-3.18	8	-0.09	0.462	7452	0.966	0.538	10601	0.909
STAMBP	-3.18	8	-0.09	0.462	7453	0.966	0.538	10600	0.909
EXOC7	-3.18	8	-0.09	0.462	7454	0.966	0.538	10599	0.909
PDP1	-3.18	8	-0.09	0.462	7455	0.966	0.538	10598	0.909
MYO18B	-3.18	8	-0.09	0.462	7456	0.966	0.538	10597	0.909
TNFSF9	-3.18	8	-0.09	0.462	7457	0.966	0.538	10596	0.909
MYEOV	-3.18	8	-0.09	0.462	7458	0.966	0.538	10595	0.909
MPRIP	-2.98	7	-0.09	0.462	7459	0.966	0.538	10594	0.909
PGLYRP3	-3.18	8	-0.09	0.462	7460	0.966	0.538	10593	0.909
TNFSF12	-3.18	8	-0.09	0.463	7461	0.966	0.537	10592	0.909
COLQ	-3.18	8	-0.09	0.463	7462	0.966	0.537	10591	0.909
CD300LD	-3.18	8	-0.09	0.463	7463	0.966	0.537	10590	0.909
EXT2	-3.18	8	-0.09	0.463	7464	0.966	0.537	10589	0.909
TIE1	-3.18	8	-0.09	0.463	7465	0.966	0.537	10588	0.909
SLC10A5	-3.18	8	-0.09	0.463	7466	0.966	0.537	10587	0.909
PATE4	-3.18	8	-0.09	0.463	7467	0.966	0.537	10586	0.909
DNASE1L1	-3.18	8	-0.09	0.463	7468	0.966	0.537	10585	0.909
SNN	-3.18	8	-0.09	0.463	7469	0.966	0.537	10584	0.909
SCGB1D1	-3.18	8	-0.09	0.463	7470	0.966	0.537	10583	0.909
FKBP6	-3.17	8	-0.09	0.463	7471	0.966	0.537	10582	0.909
DLAT	-3.17	8	-0.09	0.463	7472	0.966	0.537	10581	0.909
COL9A1	-3.17	8	-0.09	0.463	7473	0.966	0.537	10580	0.909
CARKD	-3.17	8	-0.09	0.463	7474	0.966	0.537	10579	0.909
YARS2	-3.17	8	-0.09	0.464	7475	0.966	0.536	10578	0.909
ITM2A	-3.17	8	-0.09	0.464	7476	0.966	0.536	10577	0.909
NANOS2	-3.17	8	-0.09	0.464	7477	0.966	0.536	10576	0.909
ERI2	-3.17	8	-0.09	0.464	7478	0.966	0.536	10575	0.909
HELZ2	-3.17	8	-0.09	0.464	7479	0.966	0.536	10574	0.909
ABCC6	-3.17	8	-0.09	0.464	7480	0.966	0.536	10573	0.909
C1orf186	-3.17	8	-0.09	0.464	7481	0.966	0.536	10572	0.909
FAM171A2	-3.17	8	-0.09	0.464	7482	0.966	0.536	10571	0.909
CRB1	-3.17	8	-0.09	0.464	7483	0.966	0.536	10570	0.909
RHOB	-3.17	8	-0.09	0.464	7484	0.966	0.536	10569	0.909
CXADR	-3.17	8	-0.09	0.464	7485	0.966	0.536	10568	0.909
CCR10	-3.17	8	-0.09	0.464	7486	0.966	0.536	10567	0.909
RBM47	-3.17	8	-0.09	0.464	7487	0.966	0.536	10566	0.909
HMGCS2	-3.17	8	-0.09	0.464	7488	0.966	0.536	10565	0.909
PALMD	-3.17	8	-0.09	0.464	7489	0.966	0.536	10564	0.909
SULT1C2	-2.74	6	-0.09	0.464	7490	0.966	0.536	10563	0.909
CIZ1	-3.17	8	-0.09	0.464	7491	0.966	0.536	10562	0.909
PHOX2A	-3.17	8	-0.09	0.464	7492	0.966	0.536	10561	0.909
TECRL	-3.17	8	-0.09	0.464	7493	0.966	0.536	10560	0.909
HYAL1	-3.17	8	-0.09	0.464	7494	0.966	0.536	10559	0.909
SERPINH1	-3.16	8	-0.09	0.464	7495	0.966	0.536	10558	0.909
FAM110B	-3.16	8	-0.09	0.464	7496	0.966	0.536	10557	0.909
ZNF721	-3.16	8	-0.09	0.464	7497	0.966	0.536	10556	0.909
CDKL1	-3.16	8	-0.09	0.464	7498	0.966	0.536	10555	0.909
KCNJ3	-3.16	8	-0.09	0.464	7499	0.966	0.536	10554	0.909
DDRGK1	-3.16	8	-0.09	0.464	7500	0.966	0.536	10553	0.909
HHLA2	-3.16	8	-0.09	0.464	7501	0.966	0.536	10552	0.909
TRMT61B	-3.16	8	-0.09	0.464	7502	0.966	0.536	10551	0.909
ABHD14A	-3.16	8	-0.09	0.465	7503	0.966	0.535	10550	0.909
ENGASE	-3.16	8	-0.09	0.465	7504	0.966	0.535	10549	0.909
PRKAR1B	-3.16	8	-0.09	0.465	7505	0.966	0.535	10548	0.909
VIPR2	-3.16	8	-0.09	0.465	7506	0.966	0.535	10547	0.909
SRGAP1	-3.16	8	-0.09	0.465	7507	0.966	0.535	10546	0.909
COQ6	-3.16	8	-0.09	0.465	7508	0.966	0.535	10545	0.909
NDUFA9	-2.73	6	-0.09	0.465	7509	0.966	0.535	10544	0.909
PSMB10	-3.16	8	-0.09	0.465	7510	0.966	0.535	10543	0.909
CTHRC1	-3.16	8	-0.09	0.465	7511	0.966	0.535	10542	0.909
UCKL1	-3.16	8	-0.09	0.465	7512	0.966	0.535	10541	0.909
KIAA1211L	-3.16	8	-0.09	0.465	7513	0.966	0.535	10540	0.909
HDGFL1	-3.16	8	-0.09	0.465	7514	0.966	0.535	10539	0.909
OR10K2	-3.16	8	-0.09	0.465	7515	0.966	0.535	10538	0.909
SCARA5	-3.16	8	-0.09	0.465	7516	0.966	0.535	10537	0.909
ZNF84	-3.15	8	-0.09	0.465	7517	0.966	0.535	10536	0.909
LYSMD4	-3.15	8	-0.09	0.465	7518	0.966	0.535	10535	0.909
PLCD4	-3.15	8	-0.09	0.465	7519	0.966	0.535	10534	0.909
FOLR1	-3.15	8	-0.09	0.465	7520	0.966	0.535	10533	0.909
MYO18A	-3.15	8	-0.09	0.465	7521	0.966	0.535	10532	0.909
EPS8L1	-3.15	8	-0.09	0.465	7522	0.966	0.535	10531	0.909
ZFHX4	-3.15	8	-0.09	0.465	7523	0.966	0.535	10530	0.909
TTC40	-3.15	8	-0.09	0.465	7524	0.966	0.535	10529	0.909
CLN3	-3.15	8	-0.09	0.465	7525	0.966	0.535	10528	0.909
OR10A6	-2.73	6	-0.09	0.465	7526	0.966	0.535	10527	0.909
IL2RG	-3.15	8	-0.09	0.465	7527	0.966	0.535	10526	0.909
HMGCL	-3.15	8	-0.09	0.465	7528	0.966	0.535	10525	0.909
PCDHGA2	-3.15	8	-0.09	0.466	7529	0.966	0.534	10524	0.909
CD34	-3.15	8	-0.09	0.466	7530	0.966	0.534	10523	0.909
LGALSL	-3.15	8	-0.09	0.466	7531	0.966	0.534	10522	0.909
RNPEP	-3.15	8	-0.09	0.466	7532	0.966	0.534	10521	0.909
BOD1	-1.57	2	-0.09	0.466	7533	0.966	0.534	10520	0.909
ACTRT1	-3.15	8	-0.09	0.466	7534	0.966	0.534	10519	0.909
C22orf43	-3.15	8	-0.09	0.466	7535	0.966	0.534	10518	0.909
HCN2	-3.15	8	-0.09	0.466	7536	0.966	0.534	10517	0.909
B3GNT1	-3.15	8	-0.09	0.466	7537	0.966	0.534	10516	0.909
GC	-3.15	8	-0.09	0.466	7538	0.966	0.534	10515	0.909
SCN3A	-3.15	8	-0.09	0.466	7539	0.966	0.534	10514	0.909
ZNF562	-3.15	8	-0.09	0.466	7540	0.966	0.534	10513	0.909
AMER2	-3.15	8	-0.08	0.466	7541	0.966	0.534	10512	0.909
STK16	-3.14	8	-0.08	0.466	7542	0.966	0.534	10511	0.909
ARSH	-3.14	8	-0.08	0.466	7543	0.966	0.534	10510	0.909
MKNK1	-3.14	8	-0.08	0.466	7544	0.966	0.534	10509	0.909
LRRC40	-3.14	8	-0.08	0.466	7545	0.966	0.534	10508	0.909
F10	-3.14	8	-0.08	0.466	7546	0.966	0.534	10507	0.909
C16orf91	-3.14	8	-0.08	0.467	7547	0.966	0.533	10506	0.909
FAM83A	-3.14	8	-0.08	0.467	7548	0.966	0.533	10505	0.909
S100A10	-3.14	8	-0.08	0.467	7549	0.966	0.533	10504	0.909
CCDC107	-3.14	8	-0.08	0.467	7550	0.966	0.533	10503	0.909
ABHD14B	-3.14	8	-0.08	0.467	7551	0.966	0.533	10502	0.909
KRTAP12-2	-2.72	6	-0.08	0.467	7552	0.966	0.533	10501	0.909
NXN	-3.14	8	-0.08	0.467	7553	0.966	0.533	10500	0.909
UBA7	-3.14	8	-0.08	0.467	7554	0.966	0.533	10499	0.909
HRC	-3.14	8	-0.08	0.467	7555	0.966	0.533	10498	0.909
SULT6B1	-3.14	8	-0.08	0.467	7556	0.966	0.533	10497	0.909
MTF1	-3.14	8	-0.08	0.467	7557	0.966	0.533	10496	0.909
TRAM1	-3.14	8	-0.08	0.467	7558	0.966	0.533	10495	0.909
FLJ27365	-3.13	8	-0.08	0.467	7559	0.966	0.533	10494	0.909
DAB1	-3.13	8	-0.08	0.467	7560	0.966	0.533	10493	0.909
ENPP3	-3.13	8	-0.08	0.467	7561	0.966	0.533	10492	0.909
RSPO1	-3.13	8	-0.08	0.467	7562	0.966	0.533	10491	0.909
WDR63	-3.13	8	-0.08	0.467	7563	0.966	0.533	10490	0.909
ZNF45	-3.13	8	-0.08	0.467	7564	0.966	0.533	10489	0.909
IGFBP7	-3.13	8	-0.08	0.467	7565	0.966	0.533	10488	0.909
ART4	-3.13	8	-0.08	0.467	7566	0.966	0.533	10487	0.909
VEZT	-3.13	8	-0.08	0.467	7567	0.966	0.533	10486	0.909
LTBR	-3.13	8	-0.08	0.467	7568	0.966	0.533	10485	0.909
SWAP70	-3.13	8	-0.08	0.467	7569	0.966	0.533	10484	0.909
CAPN11	-2.93	7	-0.08	0.467	7570	0.966	0.533	10483	0.909
PHTF2	-3.13	8	-0.08	0.467	7571	0.966	0.533	10482	0.909
C15orf59	-3.13	8	-0.08	0.467	7572	0.966	0.533	10481	0.909
CDKAL1	-3.13	8	-0.08	0.468	7573	0.966	0.532	10480	0.909
HIST1H3E	-2.21	4	-0.08	0.468	7574	0.966	0.532	10479	0.909
TMEM259	-3.13	8	-0.08	0.468	7575	0.966	0.532	10478	0.909
C2orf83	-3.13	8	-0.08	0.468	7576	0.966	0.532	10477	0.909
FLT3LG	-3.13	8	-0.08	0.468	7577	0.966	0.532	10476	0.909
IMPDH2	-3.13	8	-0.08	0.468	7578	0.966	0.532	10475	0.909
TDRD7	-3.13	8	-0.08	0.468	7579	0.966	0.532	10474	0.909
IGFL3	-3.13	8	-0.08	0.468	7580	0.966	0.532	10473	0.909
AKAP8L	-3.13	8	-0.08	0.468	7581	0.966	0.532	10472	0.909
ADCY4	-3.13	8	-0.08	0.468	7582	0.966	0.532	10471	0.909
TNFRSF18	-3.13	8	-0.08	0.468	7583	0.966	0.532	10470	0.909
MGARP	-3.13	8	-0.08	0.468	7584	0.966	0.532	10469	0.909
CCDC110	-3.13	8	-0.08	0.468	7585	0.966	0.532	10468	0.909
FAM49A	-3.13	8	-0.08	0.468	7586	0.966	0.532	10467	0.909
CTXN2	-2.71	6	-0.08	0.468	7587	0.966	0.532	10466	0.909
JHDM1D	-3.13	8	-0.08	0.468	7588	0.966	0.532	10465	0.909
OR6C4	-3.13	8	-0.08	0.468	7589	0.966	0.532	10464	0.909
LDLRAD2	-3.13	8	-0.08	0.468	7590	0.966	0.532	10463	0.909
MDFIC	-3.12	8	-0.08	0.468	7591	0.966	0.532	10462	0.909
GRM8	-3.12	8	-0.08	0.468	7592	0.966	0.532	10461	0.909
BRDT	-3.12	8	-0.08	0.468	7593	0.966	0.532	10460	0.909
MYCL	-3.12	8	-0.08	0.468	7594	0.966	0.532	10459	0.909
ENTPD3	-3.12	8	-0.08	0.468	7595	0.966	0.532	10458	0.909
B3GAT2	-3.12	8	-0.08	0.468	7596	0.966	0.532	10457	0.909
CRISP3	-3.12	8	-0.08	0.469	7597	0.966	0.531	10456	0.909
CNKSR2	-3.12	8	-0.08	0.469	7598	0.966	0.531	10455	0.909
FUT7	-3.12	8	-0.08	0.469	7599	0.966	0.531	10454	0.909
UTF1	-2.70	6	-0.08	0.469	7600	0.966	0.531	10453	0.909
PNPLA4	-3.12	8	-0.08	0.469	7601	0.966	0.531	10452	0.909
ILVBL	-3.12	8	-0.08	0.469	7602	0.966	0.531	10451	0.909
SNX6	-3.12	8	-0.08	0.469	7603	0.966	0.531	10450	0.909
MYO7A	-3.11	8	-0.08	0.469	7604	0.966	0.531	10449	0.909
DAP	-3.11	8	-0.08	0.469	7605	0.966	0.531	10448	0.909
RBMX	-1.56	2	-0.08	0.469	7606	0.966	0.531	10447	0.909
RCSD1	-3.11	8	-0.08	0.469	7607	0.966	0.531	10446	0.909
ZBTB46	-3.11	8	-0.08	0.469	7608	0.966	0.531	10445	0.909
INA	-3.11	8	-0.08	0.469	7609	0.966	0.531	10444	0.909
GALR2	-3.11	8	-0.08	0.469	7610	0.966	0.531	10443	0.909
ST3GAL4	-3.11	8	-0.08	0.47	7611	0.966	0.53	10442	0.909
RNASE11	-3.11	8	-0.08	0.47	7612	0.966	0.53	10441	0.909
TPBG	-3.11	8	-0.08	0.47	7613	0.966	0.53	10440	0.909
ELF4	-3.11	8	-0.08	0.47	7614	0.966	0.53	10439	0.909
FGFR1OP2	-3.11	8	-0.08	0.47	7615	0.966	0.53	10438	0.909
PXDNL	-3.11	8	-0.08	0.47	7616	0.966	0.53	10437	0.909
COL23A1	-3.11	8	-0.08	0.47	7617	0.966	0.53	10436	0.909
C9orf9	-3.11	8	-0.08	0.47	7618	0.966	0.53	10435	0.909
ARL6IP6	-3.11	8	-0.08	0.47	7619	0.966	0.53	10434	0.909
CHURC1	-3.11	8	-0.08	0.47	7620	0.966	0.53	10433	0.909
SMARCB1	-3.11	8	-0.08	0.47	7621	0.966	0.53	10432	0.909
ANKRD13A	-3.11	8	-0.07	0.47	7622	0.966	0.53	10431	0.909
ASAH1	-3.11	8	-0.07	0.47	7623	0.966	0.53	10430	0.909
CRISP2	-3.10	8	-0.07	0.47	7624	0.966	0.53	10429	0.909
ZBP1	-3.10	8	-0.07	0.47	7625	0.966	0.53	10428	0.909
MRP63	-3.10	8	-0.07	0.47	7626	0.966	0.53	10427	0.909
SGSH	-3.10	8	-0.07	0.47	7627	0.966	0.53	10426	0.909
EPHX3	-3.10	8	-0.07	0.47	7628	0.966	0.53	10425	0.909
TTC21B	-3.10	8	-0.07	0.47	7629	0.966	0.53	10424	0.909
ZNF177	-3.10	8	-0.07	0.47	7630	0.966	0.53	10423	0.909
SDHA	-3.10	8	-0.07	0.47	7631	0.966	0.53	10422	0.909
PRKAA1	-3.10	8	-0.07	0.47	7632	0.966	0.53	10421	0.909
KRT13	-3.10	8	-0.07	0.471	7633	0.966	0.529	10420	0.909
NGRN	-3.10	8	-0.07	0.471	7634	0.966	0.529	10419	0.909
VNN2	-3.10	8	-0.07	0.471	7635	0.966	0.529	10418	0.909
TOR1AIP2	-3.10	8	-0.07	0.471	7636	0.966	0.529	10417	0.909
C11orf96	-3.10	8	-0.07	0.471	7637	0.966	0.529	10416	0.909
MAGEB3	-3.10	8	-0.07	0.471	7638	0.966	0.529	10415	0.909
SERPINB8	-3.10	8	-0.07	0.471	7639	0.966	0.529	10414	0.909
RUNX1	-3.10	8	-0.07	0.471	7640	0.966	0.529	10413	0.909
SYNPO	-3.10	8	-0.07	0.471	7641	0.966	0.529	10412	0.909
SCIMP	-3.10	8	-0.07	0.471	7642	0.966	0.529	10411	0.909
OPN3	-3.10	8	-0.07	0.471	7643	0.966	0.529	10410	0.909
BASP1	-3.10	8	-0.07	0.471	7644	0.966	0.529	10409	0.909
PANX1	-3.10	8	-0.07	0.471	7645	0.966	0.529	10408	0.909
ARF1	-3.09	8	-0.07	0.471	7646	0.966	0.529	10407	0.909
TRPM6	-3.09	8	-0.07	0.471	7647	0.966	0.529	10406	0.909
RNF2	-3.09	8	-0.07	0.471	7648	0.966	0.529	10405	0.909
CHST9	-3.09	8	-0.07	0.471	7649	0.966	0.529	10404	0.909
ZNF480	-3.09	8	-0.07	0.471	7650	0.966	0.529	10403	0.909
PPP1R14C	-3.09	8	-0.07	0.471	7651	0.966	0.529	10402	0.909
DSTN	-2.68	6	-0.07	0.471	7652	0.966	0.529	10401	0.909
ATG2A	-3.09	8	-0.07	0.471	7653	0.966	0.529	10400	0.909
KRT39	-3.09	8	-0.07	0.471	7654	0.966	0.529	10399	0.909
GPR182	-3.09	8	-0.07	0.471	7655	0.966	0.529	10398	0.909
LIME1	-3.09	8	-0.07	0.471	7656	0.966	0.529	10397	0.909
GADD45G	-3.09	8	-0.07	0.472	7657	0.966	0.528	10396	0.909
ARX	-3.09	8	-0.07	0.472	7658	0.966	0.528	10395	0.909
MPP7	-3.09	8	-0.07	0.472	7659	0.966	0.528	10394	0.909
OR13D1	-3.09	8	-0.07	0.472	7660	0.966	0.528	10393	0.909
COL15A1	-3.09	8	-0.07	0.472	7661	0.966	0.528	10392	0.909
MT1G	-1.54	2	-0.07	0.472	7662	0.966	0.528	10391	0.909
PTCHD2	-3.09	8	-0.07	0.472	7663	0.966	0.528	10390	0.909
FAM196A	-3.09	8	-0.07	0.472	7664	0.966	0.528	10389	0.909
BRWD1	-3.09	8	-0.07	0.472	7665	0.966	0.528	10388	0.909
C9orf91	-3.09	8	-0.07	0.472	7666	0.966	0.528	10387	0.909
TMEM63C	-3.09	8	-0.07	0.472	7667	0.966	0.528	10386	0.909
LMAN1L	-3.09	8	-0.07	0.472	7668	0.966	0.528	10385	0.909
C1orf216	-3.08	8	-0.07	0.472	7669	0.966	0.528	10384	0.909
VAMP3	-3.08	8	-0.07	0.472	7670	0.966	0.528	10383	0.909
C11orf52	-3.08	8	-0.07	0.472	7671	0.966	0.528	10382	0.909
FOSB	-3.08	8	-0.07	0.472	7672	0.966	0.528	10381	0.909
APCS	-3.08	8	-0.07	0.472	7673	0.966	0.528	10380	0.909
THSD4	-3.08	8	-0.07	0.472	7674	0.966	0.528	10379	0.909
HNF4A	-3.08	8	-0.07	0.472	7675	0.966	0.528	10378	0.909
TMEM158	-3.08	8	-0.07	0.472	7676	0.966	0.528	10377	0.909
NTHL1	-3.08	8	-0.07	0.472	7677	0.966	0.528	10376	0.909
LRRC14B	-3.08	8	-0.07	0.473	7678	0.966	0.527	10375	0.909
TRIM4	-3.08	8	-0.07	0.473	7679	0.966	0.527	10374	0.909
NAT1	-3.08	8	-0.07	0.473	7680	0.966	0.527	10373	0.909
RWDD1	-3.08	8	-0.07	0.473	7681	0.966	0.527	10372	0.909
IL11RA	-3.08	8	-0.07	0.473	7682	0.966	0.527	10371	0.909
DOC2B	-3.08	8	-0.07	0.473	7683	0.966	0.527	10370	0.909
ZNF804B	-3.08	8	-0.07	0.473	7684	0.966	0.527	10369	0.909
RNPEPL1	-3.08	8	-0.07	0.473	7685	0.966	0.527	10368	0.909
SPATA31E1	-3.08	8	-0.07	0.473	7686	0.966	0.527	10367	0.909
PHF21A	-3.08	8	-0.07	0.473	7687	0.966	0.527	10366	0.909
ASNSD1	-3.08	8	-0.07	0.473	7688	0.966	0.527	10365	0.909
PAQR8	-3.08	8	-0.07	0.473	7689	0.966	0.527	10364	0.909
HIF3A	-3.08	8	-0.07	0.473	7690	0.966	0.527	10363	0.909
SDK2	-3.08	8	-0.07	0.473	7691	0.966	0.527	10362	0.909
ANKRD22	-3.08	8	-0.07	0.473	7692	0.966	0.527	10361	0.909
LRRC29	-3.08	8	-0.07	0.473	7693	0.966	0.527	10360	0.909
MECP2	-3.08	8	-0.07	0.473	7694	0.966	0.527	10359	0.909
ZNF419	-3.08	8	-0.07	0.473	7695	0.966	0.527	10358	0.909
FAM69B	-3.07	8	-0.07	0.473	7696	0.966	0.527	10357	0.909
RGCC	-3.07	8	-0.07	0.473	7697	0.966	0.527	10356	0.909
LIPE	-3.07	8	-0.07	0.473	7698	0.966	0.527	10355	0.909
ATG7	-3.07	8	-0.07	0.473	7699	0.966	0.527	10354	0.909
CLEC1B	-3.07	8	-0.07	0.473	7700	0.966	0.527	10353	0.909
S100Z	-3.07	8	-0.07	0.473	7701	0.966	0.527	10352	0.909
RANBP10	-3.07	8	-0.07	0.473	7702	0.966	0.527	10351	0.909
BEND2	-3.07	8	-0.07	0.473	7703	0.966	0.527	10350	0.909
C6orf195	-3.07	8	-0.07	0.473	7704	0.966	0.527	10349	0.909
ACTN2	-3.07	8	-0.07	0.474	7705	0.966	0.526	10348	0.909
GBP6	-3.07	8	-0.07	0.474	7706	0.966	0.526	10347	0.909
CPSF4L	-3.07	8	-0.07	0.474	7707	0.966	0.526	10346	0.909
DNAJB14	-3.07	8	-0.07	0.474	7708	0.966	0.526	10345	0.909
DNAJC27	-3.07	8	-0.07	0.474	7709	0.966	0.526	10344	0.909
TCEAL1	-3.07	8	-0.07	0.474	7710	0.966	0.526	10343	0.909
SHC4	-3.07	8	-0.07	0.474	7711	0.966	0.526	10342	0.909
RTL1	-3.07	8	-0.07	0.474	7712	0.966	0.526	10341	0.909
FOXB2	-3.07	8	-0.07	0.474	7713	0.966	0.526	10340	0.909
DDI1	-3.07	8	-0.07	0.474	7714	0.966	0.526	10339	0.909
ITSN2	-3.07	8	-0.07	0.474	7715	0.966	0.526	10338	0.909
FCRLA	-3.07	8	-0.07	0.474	7716	0.966	0.526	10337	0.909
PPP1R14A	-3.07	8	-0.07	0.474	7717	0.966	0.526	10336	0.909
IFIT5	-3.07	8	-0.07	0.474	7718	0.966	0.526	10335	0.909
ZNF720	-2.17	4	-0.07	0.474	7719	0.966	0.526	10334	0.909
SNRPC	-3.07	8	-0.07	0.474	7720	0.966	0.526	10333	0.909
DCK	-3.06	8	-0.06	0.474	7721	0.966	0.526	10332	0.909
SETDB2	-3.06	8	-0.06	0.474	7722	0.966	0.526	10331	0.909
METTL23	-3.06	8	-0.06	0.474	7723	0.966	0.526	10330	0.909
BIVM	-3.06	8	-0.06	0.474	7724	0.966	0.526	10329	0.909
NCAPD3	-3.06	8	-0.06	0.474	7725	0.966	0.526	10328	0.909
CPXCR1	-3.06	8	-0.06	0.474	7726	0.966	0.526	10327	0.909
B9D2	-3.06	8	-0.06	0.474	7727	0.966	0.526	10326	0.909
QKI	-3.06	8	-0.06	0.474	7728	0.966	0.526	10325	0.909
REG1B	-3.06	8	-0.06	0.475	7729	0.966	0.525	10324	0.909
FNIP1	-3.06	8	-0.06	0.475	7730	0.966	0.525	10323	0.909
FAM109B	-2.65	6	-0.06	0.475	7731	0.966	0.525	10322	0.909
NRP1	-3.06	8	-0.06	0.475	7732	0.966	0.525	10321	0.909
ZNF484	-3.06	8	-0.06	0.475	7733	0.966	0.525	10320	0.909
PPARD	-3.06	8	-0.06	0.475	7734	0.966	0.525	10319	0.909
GABRB2	-3.06	8	-0.06	0.475	7735	0.966	0.525	10318	0.909
MRPL51	-3.06	8	-0.06	0.475	7736	0.966	0.525	10317	0.909
SLAMF6	-3.06	8	-0.06	0.475	7737	0.966	0.525	10316	0.909
DERL1	-3.06	8	-0.06	0.475	7738	0.966	0.525	10315	0.909
AAR2	-3.06	8	-0.06	0.475	7739	0.966	0.525	10314	0.909
SEMG1	-3.05	8	-0.06	0.475	7740	0.966	0.525	10313	0.909
C2orf82	-3.05	8	-0.06	0.475	7741	0.966	0.525	10312	0.909
THAP5	-3.05	8	-0.06	0.475	7742	0.966	0.525	10311	0.909
PIK3R1	-3.05	8	-0.06	0.475	7743	0.966	0.525	10310	0.909
ASIC2	-3.05	8	-0.06	0.476	7744	0.966	0.524	10309	0.909
ZG16B	-3.05	8	-0.06	0.476	7745	0.966	0.524	10308	0.909
TNXB	-3.05	8	-0.06	0.476	7746	0.966	0.524	10307	0.909
SAP30L	-3.05	8	-0.06	0.476	7747	0.966	0.524	10306	0.909
STIM1	-3.05	8	-0.06	0.476	7748	0.966	0.524	10305	0.909
MTA1	-3.05	8	-0.06	0.476	7749	0.966	0.524	10304	0.909
BLZF1	-3.05	8	-0.06	0.476	7750	0.966	0.524	10303	0.909
CCDC176	-3.05	8	-0.06	0.476	7751	0.966	0.524	10302	0.909
SCRN2	-3.05	8	-0.06	0.476	7752	0.966	0.524	10301	0.909
GPR146	-3.05	8	-0.06	0.476	7753	0.966	0.524	10300	0.909
PPP4R1L	-3.05	8	-0.06	0.476	7754	0.966	0.524	10299	0.909
PTER	-3.05	8	-0.06	0.476	7755	0.966	0.524	10298	0.909
GPR101	-3.05	8	-0.06	0.476	7756	0.966	0.524	10297	0.909
SIX2	-3.05	8	-0.06	0.476	7757	0.966	0.524	10296	0.909
ZNF106	-3.05	8	-0.06	0.476	7758	0.966	0.524	10295	0.909
ZNF784	-3.05	8	-0.06	0.476	7759	0.966	0.524	10294	0.909
GPR12	-3.05	8	-0.06	0.476	7760	0.966	0.524	10293	0.909
RPL36A	-3.05	8	-0.06	0.476	7761	0.966	0.524	10292	0.909
FAM221A	-2.85	7	-0.06	0.476	7762	0.966	0.524	10291	0.909
FBXO27	-3.05	8	-0.06	0.476	7763	0.966	0.524	10290	0.909
ZNF776	-3.05	8	-0.06	0.476	7764	0.966	0.524	10289	0.909
SPHK1	-3.05	8	-0.06	0.476	7765	0.966	0.524	10288	0.909
LMF2	-3.05	8	-0.06	0.476	7766	0.966	0.524	10287	0.909
YJEFN3	-3.04	8	-0.06	0.476	7767	0.966	0.524	10286	0.909
CCDC102B	-3.04	8	-0.06	0.476	7768	0.966	0.524	10285	0.909
SPRY1	-3.04	8	-0.06	0.476	7769	0.966	0.524	10284	0.909
PUM2	-3.04	8	-0.06	0.476	7770	0.966	0.524	10283	0.909
ESRRG	-3.04	8	-0.06	0.476	7771	0.966	0.524	10282	0.909
ZNF451	-3.04	8	-0.06	0.476	7772	0.966	0.524	10281	0.909
AQP6	-3.04	8	-0.06	0.476	7773	0.966	0.524	10280	0.909
ARMC3	-3.04	8	-0.06	0.476	7774	0.966	0.524	10279	0.909
ZC3H15	-3.04	8	-0.06	0.476	7775	0.966	0.524	10278	0.909
TMEM79	-3.04	8	-0.06	0.476	7776	0.966	0.524	10277	0.909
RHOH	-3.04	8	-0.06	0.477	7777	0.966	0.523	10276	0.909
RLN3	-3.04	8	-0.06	0.477	7778	0.966	0.523	10275	0.909
ALPK3	-3.04	8	-0.06	0.477	7779	0.966	0.523	10274	0.909
TUBB6	-3.04	8	-0.06	0.477	7780	0.966	0.523	10273	0.909
NPY	-3.04	8	-0.06	0.477	7781	0.966	0.523	10272	0.909
TNS1	-3.04	8	-0.06	0.477	7782	0.966	0.523	10271	0.909
FAM198B	-3.04	8	-0.06	0.477	7783	0.966	0.523	10270	0.909
TRAPPC3L	-3.04	8	-0.06	0.477	7784	0.966	0.523	10269	0.909
C17orf58	-3.04	8	-0.06	0.477	7785	0.966	0.523	10268	0.909
VTI1A	-3.04	8	-0.06	0.477	7786	0.966	0.523	10267	0.909
ACAA2	-3.04	8	-0.06	0.477	7787	0.966	0.523	10266	0.909
TSKU	-3.04	8	-0.06	0.477	7788	0.966	0.523	10265	0.909
DBNL	-3.04	8	-0.06	0.477	7789	0.966	0.523	10264	0.909
GRIA2	-3.04	8	-0.06	0.477	7790	0.966	0.523	10263	0.909
HSPB1	-3.04	8	-0.06	0.477	7791	0.966	0.523	10262	0.909
GADD45B	-3.04	8	-0.06	0.477	7792	0.966	0.523	10261	0.909
OCEL1	-3.04	8	-0.06	0.477	7793	0.966	0.523	10260	0.909
MYO3A	-3.04	8	-0.06	0.477	7794	0.966	0.523	10259	0.909
PHYKPL	-3.04	8	-0.06	0.477	7795	0.966	0.523	10258	0.909
DYNC2H1	-3.03	8	-0.06	0.477	7796	0.966	0.523	10257	0.909
NAA30	-3.03	8	-0.06	0.477	7797	0.966	0.523	10256	0.909
DNMT3A	-3.03	8	-0.06	0.477	7798	0.966	0.523	10255	0.909
SMCR8	-3.03	8	-0.06	0.478	7799	0.966	0.522	10254	0.909
OAZ3	-3.03	8	-0.06	0.478	7800	0.966	0.522	10253	0.909
TMEM182	-3.03	8	-0.06	0.478	7801	0.966	0.522	10252	0.909
SYNJ2BP	-3.03	8	-0.06	0.478	7802	0.966	0.522	10251	0.909
PVRIG	-3.03	8	-0.06	0.478	7803	0.966	0.522	10250	0.909
GABRG1	-3.03	8	-0.06	0.478	7804	0.966	0.522	10249	0.909
FARP2	-3.03	8	-0.06	0.478	7805	0.966	0.522	10248	0.909
KRT23	-3.03	8	-0.06	0.478	7806	0.966	0.522	10247	0.909
PIGR	-3.03	8	-0.06	0.478	7807	0.966	0.522	10246	0.909
PDE7A	-2.83	7	-0.06	0.478	7808	0.966	0.522	10245	0.909
DNAJC25	-3.03	8	-0.06	0.478	7809	0.966	0.522	10244	0.909
MRPS31	-3.03	8	-0.06	0.478	7810	0.966	0.522	10243	0.909
PPEF2	-3.03	8	-0.05	0.478	7811	0.966	0.522	10242	0.909
CCDC64B	-3.03	8	-0.05	0.478	7812	0.966	0.522	10241	0.909
P4HA3	-3.02	8	-0.05	0.478	7813	0.966	0.522	10240	0.909
SREK1	-3.02	8	-0.05	0.478	7814	0.966	0.522	10239	0.909
CASC5	-3.02	8	-0.05	0.478	7815	0.966	0.522	10238	0.909
SLC25A26	-3.02	8	-0.05	0.478	7816	0.966	0.522	10237	0.909
IGSF22	-3.02	8	-0.05	0.478	7817	0.966	0.522	10236	0.909
MOBP	-3.02	8	-0.05	0.478	7818	0.966	0.522	10235	0.909
HS6ST1	-3.02	8	-0.05	0.479	7819	0.966	0.521	10234	0.909
DNAJC15	-3.02	8	-0.05	0.479	7820	0.966	0.521	10233	0.909
SPATA17	-3.02	8	-0.05	0.479	7821	0.966	0.521	10232	0.909
CLNK	-3.02	8	-0.05	0.479	7822	0.966	0.521	10231	0.909
ZWILCH	-3.02	8	-0.05	0.479	7823	0.966	0.521	10230	0.909
POLQ	-3.02	8	-0.05	0.479	7824	0.966	0.521	10229	0.909
PKD2L1	-3.02	8	-0.05	0.479	7825	0.966	0.521	10228	0.909
KCNJ6	-3.02	8	-0.05	0.479	7826	0.966	0.521	10227	0.909
CACNG4	-3.02	8	-0.05	0.479	7827	0.966	0.521	10226	0.909
CALB1	-2.61	6	-0.05	0.479	7828	0.966	0.521	10225	0.909
FUZ	-3.02	8	-0.05	0.479	7829	0.966	0.521	10224	0.909
OR6K3	-3.02	8	-0.05	0.479	7830	0.966	0.521	10223	0.909
ZFX	-3.02	8	-0.05	0.479	7831	0.966	0.521	10222	0.909
MTHFD1L	-3.01	8	-0.05	0.479	7832	0.966	0.521	10221	0.909
ABHD13	-3.01	8	-0.05	0.479	7833	0.966	0.521	10220	0.909
MXRA7	-3.01	8	-0.05	0.48	7834	0.966	0.52	10219	0.909
ACTL8	-2.82	7	-0.05	0.48	7835	0.966	0.52	10218	0.909
PDPN	-3.01	8	-0.05	0.48	7836	0.966	0.52	10217	0.909
TMEM128	-3.01	8	-0.05	0.48	7837	0.966	0.52	10216	0.909
AGXT	-3.01	8	-0.05	0.48	7838	0.966	0.52	10215	0.909
RHBDL1	-3.01	8	-0.05	0.48	7839	0.966	0.52	10214	0.909
MAPK7	-3.01	8	-0.05	0.48	7840	0.966	0.52	10213	0.909
TGM2	-3.01	8	-0.05	0.48	7841	0.966	0.52	10212	0.909
TOR1A	-3.01	8	-0.05	0.48	7842	0.966	0.52	10211	0.909
SUMO3	-3.01	8	-0.05	0.48	7843	0.966	0.52	10210	0.909
FBXL22	-3.00	8	-0.05	0.48	7844	0.966	0.52	10209	0.909
MTRF1L	-3.00	8	-0.05	0.48	7845	0.966	0.52	10208	0.909
EEF1E1	-3.00	8	-0.05	0.48	7846	0.966	0.52	10207	0.909
PHLPP1	-3.00	8	-0.05	0.48	7847	0.966	0.52	10206	0.909
ZNF766	-3.00	8	-0.05	0.48	7848	0.966	0.52	10205	0.909
AGPAT1	-3.00	8	-0.05	0.48	7849	0.966	0.52	10204	0.909
KRTAP27-1	-3.00	8	-0.05	0.48	7850	0.966	0.52	10203	0.909
PGM2L1	-3.00	8	-0.05	0.481	7851	0.966	0.519	10202	0.909
TOX2	-3.00	8	-0.05	0.481	7852	0.966	0.519	10201	0.909
S100P	-3.00	8	-0.05	0.481	7853	0.966	0.519	10200	0.909
TMEM14C	-2.12	4	-0.05	0.481	7854	0.966	0.519	10199	0.909
EFEMP2	-3.00	8	-0.05	0.481	7855	0.966	0.519	10198	0.909
PSRC1	-3.00	8	-0.05	0.481	7856	0.966	0.519	10197	0.909
WNT9A	-3.00	8	-0.05	0.481	7857	0.966	0.519	10196	0.909
KRTAP5-10	-1.50	2	-0.05	0.481	7858	0.966	0.519	10195	0.909
CLIC1	-3.00	8	-0.05	0.481	7859	0.966	0.519	10194	0.909
CNTF	-3.00	8	-0.05	0.481	7860	0.966	0.519	10193	0.909
FRMD8	-3.00	8	-0.05	0.481	7861	0.966	0.519	10192	0.909
SIGLEC14	-3.00	8	-0.05	0.481	7862	0.966	0.519	10191	0.909
OR10X1	-3.00	8	-0.05	0.481	7863	0.966	0.519	10190	0.909
KCNJ9	-3.00	8	-0.05	0.481	7864	0.966	0.519	10189	0.909
CACNG6	-3.00	8	-0.05	0.481	7865	0.966	0.519	10188	0.909
WIPF2	-3.00	8	-0.05	0.481	7866	0.966	0.519	10187	0.909
ABCA6	-3.00	8	-0.05	0.481	7867	0.966	0.519	10186	0.909
ARL16	-3.00	8	-0.05	0.481	7868	0.966	0.519	10185	0.909
RBFA	-3.00	8	-0.05	0.481	7869	0.966	0.519	10184	0.909
CORO2A	-3.00	8	-0.05	0.481	7870	0.966	0.519	10183	0.909
PLD6	-3.00	8	-0.05	0.481	7871	0.966	0.519	10182	0.909
PCDHGA1	-2.99	8	-0.05	0.481	7872	0.966	0.519	10181	0.909
EPSTI1	-2.99	8	-0.05	0.481	7873	0.966	0.519	10180	0.909
C4orf32	-2.99	8	-0.05	0.481	7874	0.966	0.519	10179	0.909
NKAIN2	-2.99	8	-0.05	0.481	7875	0.966	0.519	10178	0.909
PLEKHG1	-2.99	8	-0.05	0.481	7876	0.966	0.519	10177	0.909
CHD3	-2.99	8	-0.05	0.481	7877	0.966	0.519	10176	0.909
C1orf111	-2.99	8	-0.05	0.482	7878	0.966	0.518	10175	0.909
ZGLP1	-2.99	8	-0.05	0.482	7879	0.966	0.518	10174	0.909
PHOSPHO1	-2.99	8	-0.05	0.482	7880	0.966	0.518	10173	0.909
KCNK10	-2.99	8	-0.05	0.482	7881	0.966	0.518	10172	0.909
AC018755.1	-2.99	8	-0.05	0.482	7882	0.966	0.518	10171	0.909
RUNX1T1	-2.99	8	-0.05	0.482	7883	0.966	0.518	10170	0.909
NOX4	-2.99	8	-0.04	0.482	7884	0.966	0.518	10169	0.909
ZFHX2	-2.99	8	-0.04	0.482	7885	0.966	0.518	10168	0.909
ABHD12B	-2.98	8	-0.04	0.482	7886	0.966	0.518	10167	0.909
CDH6	-2.98	8	-0.04	0.482	7887	0.966	0.518	10166	0.909
POMK	-2.98	8	-0.04	0.482	7888	0.966	0.518	10165	0.909
SLC52A3	-2.98	8	-0.04	0.482	7889	0.966	0.518	10164	0.909
GALNT10	-2.98	8	-0.04	0.482	7890	0.966	0.518	10163	0.909
FABP2	-2.98	8	-0.04	0.482	7891	0.966	0.518	10162	0.909
CTH	-2.98	8	-0.04	0.482	7892	0.966	0.518	10161	0.909
PASD1	-2.98	8	-0.04	0.482	7893	0.966	0.518	10160	0.909
RET	-2.98	8	-0.04	0.483	7894	0.966	0.517	10159	0.909
MAP6	-2.98	8	-0.04	0.483	7895	0.966	0.517	10158	0.909
ANXA11	-2.98	8	-0.04	0.483	7896	0.966	0.517	10157	0.909
NKX2-1	-2.98	8	-0.04	0.483	7897	0.966	0.517	10156	0.909
GCGR	-2.98	8	-0.04	0.483	7898	0.966	0.517	10155	0.909
KRTAP11-1	-2.98	8	-0.04	0.483	7899	0.966	0.517	10154	0.909
QPCTL	-2.98	8	-0.04	0.483	7900	0.966	0.517	10153	0.909
ATG4A	-2.98	8	-0.04	0.483	7901	0.966	0.517	10152	0.909
DZIP1	-2.98	8	-0.04	0.483	7902	0.966	0.517	10151	0.909
INSM1	-2.98	8	-0.04	0.483	7903	0.966	0.517	10150	0.909
EBI3	-2.98	8	-0.04	0.483	7904	0.966	0.517	10149	0.909
PEX10	-2.98	8	-0.04	0.483	7905	0.966	0.517	10148	0.909
RGS3	-2.98	8	-0.04	0.483	7906	0.966	0.517	10147	0.909
EYA4	-2.98	8	-0.04	0.483	7907	0.966	0.517	10146	0.909
MTA3	-2.98	8	-0.04	0.483	7908	0.966	0.517	10145	0.909
APOBEC3C	-2.98	8	-0.04	0.483	7909	0.966	0.517	10144	0.909
FLT1	-2.97	8	-0.04	0.483	7910	0.966	0.517	10143	0.909
S100A6	-2.97	8	-0.04	0.483	7911	0.966	0.517	10142	0.909
ETFDH	-2.97	8	-0.04	0.483	7912	0.966	0.517	10141	0.909
ATL1	-2.97	8	-0.04	0.483	7913	0.966	0.517	10140	0.909
GLTSCR1L	-2.97	8	-0.04	0.483	7914	0.966	0.517	10139	0.909
C8orf12	-2.97	8	-0.04	0.483	7915	0.966	0.517	10138	0.909
RAB3GAP2	-2.97	8	-0.04	0.483	7916	0.966	0.517	10137	0.909
CITED1	-2.97	8	-0.04	0.484	7917	0.966	0.516	10136	0.909
C22orf31	-2.97	8	-0.04	0.484	7918	0.966	0.516	10135	0.909
SLC35B4	-2.97	8	-0.04	0.484	7919	0.966	0.516	10134	0.909
TMEM97	-2.97	8	-0.04	0.484	7920	0.966	0.516	10133	0.909
HIST1H3H	-2.97	8	-0.04	0.484	7921	0.966	0.516	10132	0.909
LDHB	-2.97	8	-0.04	0.484	7922	0.966	0.516	10131	0.909
CADM4	-2.97	8	-0.04	0.484	7923	0.966	0.516	10130	0.909
ARPC1A	-2.97	8	-0.04	0.484	7924	0.966	0.516	10129	0.909
PKHD1	-2.97	8	-0.04	0.484	7925	0.966	0.516	10128	0.909
PDE8A	-2.97	8	-0.04	0.484	7926	0.966	0.516	10127	0.909
LEPROTL1	-2.97	8	-0.04	0.484	7927	0.966	0.516	10126	0.909
RELA	-2.97	8	-0.04	0.484	7928	0.966	0.516	10125	0.909
BCL2L13	-2.96	8	-0.04	0.484	7929	0.966	0.516	10124	0.909
SPATA13	-2.96	8	-0.04	0.484	7930	0.966	0.516	10123	0.909
BCAR1	-2.96	8	-0.04	0.484	7931	0.966	0.516	10122	0.909
ACKR3	-2.96	8	-0.04	0.484	7932	0.966	0.516	10121	0.909
OR1L1	-2.96	8	-0.04	0.485	7933	0.966	0.515	10120	0.909
NXPH3	-2.96	8	-0.04	0.485	7934	0.966	0.515	10119	0.909
CENPQ	-2.77	7	-0.04	0.485	7935	0.966	0.515	10118	0.909
LYG2	-2.96	8	-0.04	0.485	7936	0.966	0.515	10117	0.909
SCNN1D	-2.96	8	-0.04	0.485	7937	0.966	0.515	10116	0.909
SPG20OS	-2.09	4	-0.04	0.485	7938	0.966	0.515	10115	0.909
CCDC147	-2.96	8	-0.04	0.485	7939	0.966	0.515	10114	0.909
SERPINB10	-2.96	8	-0.04	0.485	7940	0.966	0.515	10113	0.909
UBE2J1	-2.96	8	-0.04	0.485	7941	0.966	0.515	10112	0.909
RCOR2	-2.96	8	-0.04	0.485	7942	0.966	0.515	10111	0.909
C4orf45	-2.96	8	-0.04	0.485	7943	0.966	0.515	10110	0.909
COL19A1	-2.95	8	-0.04	0.485	7944	0.966	0.515	10109	0.909
AHRR	-2.95	8	-0.04	0.485	7945	0.966	0.515	10108	0.909
SRI	-2.76	7	-0.04	0.485	7946	0.966	0.515	10107	0.909
FGF22	-2.95	8	-0.04	0.485	7947	0.966	0.515	10106	0.909
ZNF726	-2.95	8	-0.04	0.485	7948	0.966	0.515	10105	0.909
CCR7	-2.95	8	-0.04	0.485	7949	0.966	0.515	10104	0.909
KCNK12	-2.95	8	-0.04	0.485	7950	0.966	0.515	10103	0.909
ARMC1	-2.95	8	-0.04	0.485	7951	0.966	0.515	10102	0.909
15-Sep	-2.95	8	-0.04	0.486	7952	0.966	0.514	10101	0.909
SNX2	-2.95	8	-0.04	0.486	7953	0.966	0.514	10100	0.909
IGJ	-2.95	8	-0.04	0.486	7954	0.966	0.514	10099	0.909
FKBP1C	-2.55	6	-0.04	0.486	7955	0.966	0.514	10098	0.909
S100A4	-2.95	8	-0.04	0.486	7956	0.966	0.514	10097	0.909
SCAF1	-2.95	8	-0.04	0.486	7957	0.966	0.514	10096	0.909
ZNF501	-2.08	4	-0.04	0.486	7958	0.966	0.514	10095	0.909
ZNF41	-2.95	8	-0.03	0.486	7959	0.966	0.514	10094	0.909
TBX2	-2.55	6	-0.03	0.486	7960	0.966	0.514	10093	0.909
MEMO1	-2.95	8	-0.03	0.486	7961	0.966	0.514	10092	0.909
CROT	-2.95	8	-0.03	0.486	7962	0.966	0.514	10091	0.909
TYROBP	-2.94	8	-0.03	0.486	7963	0.966	0.514	10090	0.909
RNF183	-2.94	8	-0.03	0.486	7964	0.966	0.514	10089	0.909
PITPNC1	-2.94	8	-0.03	0.486	7965	0.966	0.514	10088	0.909
CRB3	-2.94	8	-0.03	0.486	7966	0.966	0.514	10087	0.909
EDC4	-2.94	8	-0.03	0.487	7967	0.966	0.513	10086	0.909
HCN3	-2.94	8	-0.03	0.487	7968	0.966	0.513	10085	0.909
ZNF778	-2.94	8	-0.03	0.487	7969	0.966	0.513	10084	0.909
TP53TG5	-2.94	8	-0.03	0.487	7970	0.966	0.513	10083	0.909
RNF38	-2.94	8	-0.03	0.487	7971	0.966	0.513	10082	0.909
LIMS2	-2.94	8	-0.03	0.487	7972	0.966	0.513	10081	0.909
B4GALNT3	-2.94	8	-0.03	0.487	7973	0.966	0.513	10080	0.909
NOTUM	-2.94	8	-0.03	0.487	7974	0.966	0.513	10079	0.909
ZBTB41	-2.94	8	-0.03	0.487	7975	0.966	0.513	10078	0.909
ZNRF1	-2.94	8	-0.03	0.487	7976	0.966	0.513	10077	0.909
FST	-2.94	8	-0.03	0.487	7977	0.966	0.513	10076	0.909
GLIS1	-2.94	8	-0.03	0.487	7978	0.966	0.513	10075	0.909
LGI1	-2.94	8	-0.03	0.487	7979	0.966	0.513	10074	0.909
ATXN7L2	-2.94	8	-0.03	0.487	7980	0.966	0.513	10073	0.909
NBEAL2	-2.94	8	-0.03	0.487	7981	0.966	0.513	10072	0.909
ZNF660	-2.93	8	-0.03	0.487	7982	0.966	0.513	10071	0.909
C2orf47	-2.93	8	-0.03	0.487	7983	0.966	0.513	10070	0.909
HNRNPA3	-2.93	8	-0.03	0.487	7984	0.966	0.513	10069	0.909
WWC3	-2.93	8	-0.03	0.487	7985	0.966	0.513	10068	0.909
ATP9B	-2.93	8	-0.03	0.487	7986	0.966	0.513	10067	0.909
CCDC137	-2.93	8	-0.03	0.487	7987	0.966	0.513	10066	0.909
ARMCX5	-2.93	8	-0.03	0.487	7988	0.966	0.513	10065	0.909
PHACTR4	-2.93	8	-0.03	0.487	7989	0.966	0.513	10064	0.909
TMEM155	-2.54	6	-0.03	0.487	7990	0.966	0.513	10063	0.909
TRPC4	-2.93	8	-0.03	0.487	7991	0.966	0.513	10062	0.909
FSTL3	-2.93	8	-0.03	0.487	7992	0.966	0.513	10061	0.909
ADA	-2.93	8	-0.03	0.488	7993	0.966	0.512	10060	0.909
RARA	-2.93	8	-0.03	0.488	7994	0.966	0.512	10059	0.909
KIAA1045	-2.93	8	-0.03	0.488	7995	0.966	0.512	10058	0.909
POMP	-2.93	8	-0.03	0.488	7996	0.966	0.512	10057	0.909
RAB9B	-2.93	8	-0.03	0.488	7997	0.966	0.512	10056	0.909
RREB1	-2.93	8	-0.03	0.488	7998	0.966	0.512	10055	0.909
CDKN2B	-2.93	8	-0.03	0.488	7999	0.966	0.512	10054	0.909
ATXN1L	-2.93	8	-0.03	0.488	8000	0.966	0.512	10053	0.909
CNTNAP1	-2.93	8	-0.03	0.488	8001	0.966	0.512	10052	0.909
HES5	-2.93	8	-0.03	0.488	8002	0.966	0.512	10051	0.909
MARK1	-2.93	8	-0.03	0.488	8003	0.966	0.512	10050	0.909
SYNC	-2.93	8	-0.03	0.488	8004	0.966	0.512	10049	0.909
ASIC5	-2.93	8	-0.03	0.488	8005	0.966	0.512	10048	0.909
CHGA	-2.93	8	-0.03	0.488	8006	0.966	0.512	10047	0.909
FBXL17	-2.93	8	-0.03	0.488	8007	0.966	0.512	10046	0.909
GJD2	-2.93	8	-0.03	0.488	8008	0.966	0.512	10045	0.909
PTX3	-2.92	8	-0.03	0.488	8009	0.966	0.512	10044	0.909
TMEM202	-2.92	8	-0.03	0.488	8010	0.966	0.512	10043	0.909
APLP2	-2.92	8	-0.03	0.488	8011	0.966	0.512	10042	0.909
ZNF77	-2.92	8	-0.03	0.488	8012	0.966	0.512	10041	0.909
HNRNPLL	-2.92	8	-0.03	0.488	8013	0.966	0.512	10040	0.909
PDZK1IP1	-2.92	8	-0.03	0.488	8014	0.966	0.512	10039	0.909
IL1R1	-2.92	8	-0.03	0.489	8015	0.966	0.511	10038	0.909
ATXN3	-2.92	8	-0.03	0.489	8016	0.966	0.511	10037	0.909
CASD1	-2.92	8	-0.03	0.489	8017	0.966	0.511	10036	0.909
NEK10	-2.92	8	-0.03	0.489	8018	0.966	0.511	10035	0.909
C4orf19	-2.92	8	-0.03	0.489	8019	0.966	0.511	10034	0.909
LIPT2	-2.92	8	-0.03	0.489	8020	0.966	0.511	10033	0.909
SEC16B	-2.92	8	-0.03	0.489	8021	0.966	0.511	10032	0.909
EFHC2	-2.92	8	-0.03	0.489	8022	0.966	0.511	10031	0.909
POLR2M	-2.92	8	-0.03	0.489	8023	0.966	0.511	10030	0.909
SERPINB7	-2.92	8	-0.03	0.489	8024	0.966	0.511	10029	0.909
ZNF532	-2.92	8	-0.03	0.489	8025	0.966	0.511	10028	0.909
RIMBP2	-2.92	8	-0.03	0.489	8026	0.966	0.511	10027	0.909
TMEM150B	-2.92	8	-0.03	0.489	8027	0.966	0.511	10026	0.909
SHROOM1	-2.92	8	-0.03	0.489	8028	0.966	0.511	10025	0.909
DOLPP1	-2.92	8	-0.03	0.489	8029	0.966	0.511	10024	0.909
PRSS33	-2.92	8	-0.03	0.489	8030	0.966	0.511	10023	0.909
SUN3	-2.92	8	-0.03	0.489	8031	0.966	0.511	10022	0.909
08-Mar	-2.52	6	-0.03	0.489	8032	0.966	0.511	10021	0.909
FSD2	-2.91	8	-0.03	0.489	8033	0.966	0.511	10020	0.909
SCO2	-2.91	8	-0.03	0.489	8034	0.966	0.511	10019	0.909
SSMEM1	-2.91	8	-0.03	0.489	8035	0.966	0.511	10018	0.909
BMP7	-2.91	8	-0.03	0.489	8036	0.966	0.511	10017	0.909
NOS1AP	-2.91	8	-0.03	0.49	8037	0.966	0.51	10016	0.909
GPAT2	-2.91	8	-0.03	0.49	8038	0.966	0.51	10015	0.909
ZMAT4	-2.91	8	-0.03	0.49	8039	0.966	0.51	10014	0.909
PARVA	-2.91	8	-0.03	0.49	8040	0.966	0.51	10013	0.909
OXSM	-2.91	8	-0.03	0.49	8041	0.966	0.51	10012	0.909
NPTX1	-2.91	8	-0.03	0.49	8042	0.966	0.51	10011	0.909
TMEM144	-2.91	8	-0.02	0.49	8043	0.966	0.51	10010	0.909
EFNA3	-2.91	8	-0.02	0.49	8044	0.966	0.51	10009	0.909
KCNJ14	-2.90	8	-0.02	0.49	8045	0.966	0.51	10008	0.909
BRD1	-2.90	8	-0.02	0.49	8046	0.966	0.51	10007	0.909
AUH	-2.90	8	-0.02	0.49	8047	0.966	0.51	10006	0.909
CHRNA5	-2.90	8	-0.02	0.49	8048	0.966	0.51	10005	0.909
OR4N2	-2.90	8	-0.02	0.491	8049	0.966	0.509	10004	0.909
LIN28A	-2.90	8	-0.02	0.491	8050	0.966	0.509	10003	0.909
DUSP15	-2.90	8	-0.02	0.491	8051	0.966	0.509	10002	0.909
PGAM4	-1.45	2	-0.02	0.491	8052	0.966	0.509	10001	0.909
SCAPER	-2.90	8	-0.02	0.491	8053	0.966	0.509	10000	0.909
MRPL49	-2.90	8	-0.02	0.491	8054	0.966	0.509	9999	0.909
MRPL21	-2.90	8	-0.02	0.491	8055	0.966	0.509	9998	0.909
SEMA4A	-2.90	8	-0.02	0.491	8056	0.966	0.509	9997	0.909
NTSR2	-2.90	8	-0.02	0.491	8057	0.966	0.509	9996	0.909
PNOC	-2.90	8	-0.02	0.491	8058	0.966	0.509	9995	0.909
FGL2	-2.90	8	-0.02	0.491	8059	0.966	0.509	9994	0.909
WFDC6	-2.90	8	-0.02	0.491	8060	0.966	0.509	9993	0.909
PRSS58	-2.90	8	-0.02	0.491	8061	0.966	0.509	9992	0.909
CDH12	-2.90	8	-0.02	0.491	8062	0.966	0.509	9991	0.909
KCNK1	-2.89	8	-0.02	0.491	8063	0.966	0.509	9990	0.909
ACTC1	-2.89	8	-0.02	0.491	8064	0.966	0.509	9989	0.909
HHLA3	-2.89	8	-0.02	0.491	8065	0.966	0.509	9988	0.909
NT5DC2	-2.89	8	-0.02	0.491	8066	0.966	0.509	9987	0.909
CHRNA10	-2.89	8	-0.02	0.491	8067	0.966	0.509	9986	0.909
CMTM5	-2.89	8	-0.02	0.491	8068	0.966	0.509	9985	0.909
TRAK1	-2.89	8	-0.02	0.491	8069	0.966	0.509	9984	0.909
RPS12	-2.05	4	-0.02	0.491	8070	0.966	0.509	9983	0.909
SMIM18	-2.89	8	-0.02	0.491	8071	0.966	0.509	9982	0.909
IFNB1	-2.89	8	-0.02	0.491	8072	0.966	0.509	9981	0.909
NCOA1	-2.89	8	-0.02	0.491	8073	0.966	0.509	9980	0.909
ATG16L2	-2.89	8	-0.02	0.491	8074	0.966	0.509	9979	0.909
GJD3	-2.89	8	-0.02	0.491	8075	0.966	0.509	9978	0.909
TRIM64C	-2.04	4	-0.02	0.492	8076	0.966	0.508	9977	0.909
MYLK4	-2.89	8	-0.02	0.492	8077	0.966	0.508	9976	0.909
FMNL1	-2.89	8	-0.02	0.492	8078	0.966	0.508	9975	0.909
SLC9A1	-2.89	8	-0.02	0.492	8079	0.966	0.508	9974	0.909
FBN3	-2.89	8	-0.02	0.492	8080	0.966	0.508	9973	0.909
DDC	-2.89	8	-0.02	0.492	8081	0.966	0.508	9972	0.909
BCAT1	-2.89	8	-0.02	0.492	8082	0.966	0.508	9971	0.909
CLASP2	-2.89	8	-0.02	0.492	8083	0.966	0.508	9970	0.909
HNF1B	-2.89	8	-0.02	0.492	8084	0.966	0.508	9969	0.909
HRASLS5	-2.89	8	-0.02	0.492	8085	0.966	0.508	9968	0.909
ING3	-2.88	8	-0.02	0.492	8086	0.966	0.508	9967	0.909
BGN	-2.88	8	-0.02	0.492	8087	0.966	0.508	9966	0.909
GOLT1A	-2.88	8	-0.02	0.492	8088	0.966	0.508	9965	0.909
PPIH	-2.88	8	-0.02	0.492	8089	0.966	0.508	9964	0.909
DNAH8	-2.88	8	-0.02	0.493	8090	0.966	0.507	9963	0.909
HRH3	-2.88	8	-0.02	0.493	8091	0.966	0.507	9962	0.909
GDA	-2.88	8	-0.02	0.493	8092	0.966	0.507	9961	0.909
POLG	-2.88	8	-0.02	0.493	8093	0.966	0.507	9960	0.909
BPIFA2	-2.88	8	-0.02	0.493	8094	0.966	0.507	9959	0.909
PCSK5	-2.88	8	-0.02	0.493	8095	0.966	0.507	9958	0.909
SEZ6	-2.88	8	-0.02	0.493	8096	0.966	0.507	9957	0.909
PKD2L2	-2.88	8	-0.02	0.493	8097	0.966	0.507	9956	0.909
CDYL2	-2.88	8	-0.02	0.493	8098	0.966	0.507	9955	0.909
TMX1	-2.88	8	-0.02	0.493	8099	0.966	0.507	9954	0.909
SGK223	-2.88	8	-0.02	0.493	8100	0.966	0.507	9953	0.909
FHOD1	-2.88	8	-0.02	0.493	8101	0.966	0.507	9952	0.909
TMEM219	-2.88	8	-0.02	0.493	8102	0.966	0.507	9951	0.909
TEX37	-2.88	8	-0.02	0.493	8103	0.966	0.507	9950	0.909
OR2H2	-2.88	8	-0.02	0.493	8104	0.966	0.507	9949	0.909
PRDX6	-2.88	8	-0.02	0.493	8105	0.966	0.507	9948	0.909
PNMA1	-2.88	8	-0.02	0.493	8106	0.966	0.507	9947	0.909
LY6G6F	-2.88	8	-0.02	0.493	8107	0.966	0.507	9946	0.909
RNF113B	-2.87	8	-0.02	0.493	8108	0.966	0.507	9945	0.909
ZNF280C	-2.87	8	-0.02	0.493	8109	0.966	0.507	9944	0.909
DUS3L	-2.87	8	-0.02	0.493	8110	0.966	0.507	9943	0.909
MBP	-2.87	8	-0.02	0.493	8111	0.966	0.507	9942	0.909
ST3GAL5	-2.87	8	-0.02	0.493	8112	0.966	0.507	9941	0.909
ZNF410	-2.87	8	-0.02	0.493	8113	0.966	0.507	9940	0.909
B3GNT9	-2.87	8	-0.02	0.493	8114	0.966	0.507	9939	0.909
PTRF	-2.87	8	-0.02	0.494	8115	0.966	0.506	9938	0.909
PLEKHH3	-2.87	8	-0.02	0.494	8116	0.966	0.506	9937	0.909
ARHGEF4	-2.87	8	-0.02	0.494	8117	0.966	0.506	9936	0.909
TIMP1	-2.87	8	-0.02	0.494	8118	0.966	0.506	9935	0.909
CLEC14A	-2.87	8	-0.02	0.494	8119	0.966	0.506	9934	0.909
PQLC3	-2.87	8	-0.02	0.494	8120	0.966	0.506	9933	0.909
ACRV1	-2.87	8	-0.02	0.494	8121	0.966	0.506	9932	0.909
TFEC	-2.49	6	-0.02	0.494	8122	0.966	0.506	9931	0.909
RHEBL1	-2.87	8	-0.02	0.494	8123	0.966	0.506	9930	0.909
KCTD11	-2.87	8	-0.02	0.494	8124	0.966	0.506	9929	0.909
MAZ	-2.87	8	-0.02	0.494	8125	0.966	0.506	9928	0.909
ITGA3	-2.87	8	-0.02	0.494	8126	0.966	0.506	9927	0.909
CLEC12B	-2.87	8	-0.02	0.494	8127	0.966	0.506	9926	0.909
CDKN2C	-2.87	8	-0.02	0.494	8128	0.966	0.506	9925	0.909
NRG3	-2.87	8	-0.01	0.494	8129	0.966	0.506	9924	0.909
F12	-2.87	8	-0.01	0.494	8130	0.966	0.506	9923	0.909
ZNF595	-1.43	2	-0.01	0.494	8131	0.966	0.506	9922	0.909
TBC1D2	-2.87	8	-0.01	0.494	8132	0.966	0.506	9921	0.909
MAD1L1	-2.87	8	-0.01	0.494	8133	0.966	0.506	9920	0.909
CLDN4	-2.87	8	-0.01	0.494	8134	0.966	0.506	9919	0.909
KBTBD6	-2.87	8	-0.01	0.494	8135	0.966	0.506	9918	0.909
KANK4	-2.87	8	-0.01	0.494	8136	0.966	0.506	9917	0.909
FAM19A3	-2.86	8	-0.01	0.494	8137	0.966	0.506	9916	0.909
BEX5	-2.86	8	-0.01	0.494	8138	0.966	0.506	9915	0.909
SLC39A10	-2.86	8	-0.01	0.494	8139	0.966	0.506	9914	0.909
AVPI1	-2.86	8	-0.01	0.494	8140	0.966	0.506	9913	0.909
TFAP4	-2.86	8	-0.01	0.494	8141	0.966	0.506	9912	0.909
MAU2	-2.86	8	-0.01	0.494	8142	0.966	0.506	9911	0.909
BCOR	-2.86	8	-0.01	0.494	8143	0.966	0.506	9910	0.909
WDR78	-2.86	8	-0.01	0.494	8144	0.966	0.506	9909	0.909
FABP12	-2.86	8	-0.01	0.494	8145	0.966	0.506	9908	0.909
EPB41	-2.86	8	-0.01	0.495	8146	0.966	0.505	9907	0.909
GNG3	-2.86	8	-0.01	0.495	8147	0.966	0.505	9906	0.909
GRAMD1B	-2.86	8	-0.01	0.495	8148	0.966	0.505	9905	0.909
ENPP4	-2.86	8	-0.01	0.495	8149	0.966	0.505	9904	0.909
PIKFYVE	-2.86	8	-0.01	0.495	8150	0.966	0.505	9903	0.909
VLDLR	-2.86	8	-0.01	0.495	8151	0.966	0.505	9902	0.909
GPR37L1	-2.86	8	-0.01	0.495	8152	0.966	0.505	9901	0.909
KCNQ3	-2.86	8	-0.01	0.495	8153	0.966	0.505	9900	0.909
C3orf14	-2.86	8	-0.01	0.495	8154	0.966	0.505	9899	0.909
KRTAP23-1	-2.86	8	-0.01	0.495	8155	0.966	0.505	9898	0.909
CLIC3	-2.86	8	-0.01	0.495	8156	0.966	0.505	9897	0.909
DLEC1	-2.86	8	-0.01	0.495	8157	0.966	0.505	9896	0.909
ADCY9	-2.86	8	-0.01	0.495	8158	0.966	0.505	9895	0.909
EPHA2	-2.86	8	-0.01	0.495	8159	0.966	0.505	9894	0.909
NCAN	-2.85	8	-0.01	0.495	8160	0.966	0.505	9893	0.909
KCNK17	-2.85	8	-0.01	0.495	8161	0.966	0.505	9892	0.909
EBF3	-2.67	7	-0.01	0.495	8162	0.966	0.505	9891	0.909
SHPK	-2.85	8	-0.01	0.496	8163	0.966	0.504	9890	0.909
C10orf137	-2.85	8	-0.01	0.496	8164	0.966	0.504	9889	0.909
JMJD4	-2.85	8	-0.01	0.496	8165	0.966	0.504	9888	0.909
CTNNA2	-2.85	8	-0.01	0.496	8166	0.966	0.504	9887	0.909
MBOAT7	-2.85	8	-0.01	0.496	8167	0.966	0.504	9886	0.909
MYBPH	-2.85	8	-0.01	0.496	8168	0.966	0.504	9885	0.909
CTTNBP2	-2.85	8	-0.01	0.496	8169	0.966	0.504	9884	0.909
COCH	-2.85	8	-0.01	0.496	8170	0.966	0.504	9883	0.909
GRM4	-2.85	8	-0.01	0.496	8171	0.966	0.504	9882	0.909
MGST2	-2.85	8	-0.01	0.496	8172	0.966	0.504	9881	0.909
RSPH4A	-2.85	8	-0.01	0.496	8173	0.966	0.504	9880	0.909
ATXN2L	-2.85	8	-0.01	0.496	8174	0.966	0.504	9879	0.909
SECISBP2	-2.84	8	-0.01	0.496	8175	0.966	0.504	9878	0.909
CCDC92	-2.46	6	-0.01	0.496	8176	0.966	0.504	9877	0.909
ARNTL	-2.84	8	-0.01	0.496	8177	0.966	0.504	9876	0.909
MUM1	-2.84	8	-0.01	0.496	8178	0.966	0.504	9875	0.909
CEP85L	-2.84	8	-0.01	0.496	8179	0.966	0.504	9874	0.909
ZNF556	-2.84	8	-0.01	0.497	8180	0.966	0.503	9873	0.909
LRRD1	-2.84	8	-0.01	0.497	8181	0.966	0.503	9872	0.909
OR2F1	-2.84	8	-0.01	0.497	8182	0.966	0.503	9871	0.909
TASP1	-2.84	8	-0.01	0.497	8183	0.966	0.503	9870	0.909
SUCLA2	-2.84	8	-0.01	0.497	8184	0.966	0.503	9869	0.909
INSL5	-2.84	8	-0.01	0.497	8185	0.966	0.503	9868	0.909
LSM5	-2.46	6	-0.01	0.497	8186	0.966	0.503	9867	0.909
DKK1	-2.84	8	-0.01	0.497	8187	0.966	0.503	9866	0.909
F8	-2.84	8	-0.01	0.497	8188	0.966	0.503	9865	0.909
FHL1	-2.84	8	-0.01	0.497	8189	0.966	0.503	9864	0.909
NR1H2	-2.84	8	-0.01	0.497	8190	0.966	0.503	9863	0.909
DACH1	-2.84	8	-0.01	0.497	8191	0.966	0.503	9862	0.909
ADGB	-2.84	8	-0.01	0.497	8192	0.966	0.503	9861	0.909
CLRN3	-2.84	8	-0.01	0.497	8193	0.966	0.503	9860	0.909
CORIN	-2.84	8	-0.01	0.497	8194	0.966	0.503	9859	0.909
OR9G4	-2.84	8	-0.01	0.497	8195	0.966	0.503	9858	0.909
CNPY3	-2.84	8	-0.01	0.497	8196	0.966	0.503	9857	0.909
AKIRIN1	-2.84	8	-0.01	0.497	8197	0.966	0.503	9856	0.909
TTC12	-2.84	8	-0.01	0.497	8198	0.966	0.503	9855	0.909
CRIPT	-2.00	4	-0.01	0.497	8199	0.966	0.503	9854	0.909
MYD88	-2.83	8	-0.01	0.497	8200	0.966	0.503	9853	0.909
TEDDM1	-2.83	8	-0.01	0.497	8201	0.966	0.503	9852	0.909
ZNF862	-2.83	8	-0.01	0.497	8202	0.966	0.503	9851	0.909
LYRM9	-2.83	8	-0.01	0.497	8203	0.966	0.503	9850	0.909
AP1B1	-2.45	6	-0.01	0.497	8204	0.966	0.503	9849	0.909
SLC25A15	-2.83	8	-0.01	0.498	8205	0.966	0.502	9848	0.909
RAP1GDS1	-2.83	8	-0.01	0.498	8206	0.966	0.502	9847	0.909
C17orf102	-2.83	8	-0.01	0.498	8207	0.966	0.502	9846	0.909
PACS2	-2.83	8	-0.01	0.498	8208	0.966	0.502	9845	0.909
KRT36	-2.83	8	-0.01	0.498	8209	0.966	0.502	9844	0.909
FAM163A	-2.83	8	-0.01	0.498	8210	0.966	0.502	9843	0.909
IFNG	-2.83	8	-0.01	0.498	8211	0.966	0.502	9842	0.909
STAT2	-2.83	8	-0.01	0.498	8212	0.966	0.502	9841	0.909
C20orf27	-2.83	8	-0.01	0.498	8213	0.966	0.502	9840	0.909
PITPNM3	-2.83	8	-0.01	0.498	8214	0.966	0.502	9839	0.909
FCHO1	-2.83	8	-0.01	0.498	8215	0.966	0.502	9838	0.909
DNAJB13	-2.83	8	-0.01	0.498	8216	0.966	0.502	9837	0.909
ARHGEF9	-2.83	8	-0.01	0.498	8217	0.966	0.502	9836	0.909
PRAMEF10	-2.00	4	-0.01	0.498	8218	0.966	0.502	9835	0.909
KCNG1	-2.83	8	-0.00	0.498	8219	0.966	0.502	9834	0.909
MUC16	-2.83	8	-0.00	0.498	8220	0.966	0.502	9833	0.909
GABBR2	-2.83	8	-0.00	0.498	8221	0.966	0.502	9832	0.909
MEIS3	-2.83	8	-0.00	0.498	8222	0.966	0.502	9831	0.909
CDRT1	-2.45	6	-0.00	0.498	8223	0.966	0.502	9830	0.909
LASP1	-2.83	8	-0.00	0.498	8224	0.966	0.502	9829	0.909
CCNDBP1	-2.83	8	-0.00	0.498	8225	0.966	0.502	9828	0.909
LRRC37B	-2.82	8	-0.00	0.498	8226	0.966	0.502	9827	0.909
RHPN1	-2.82	8	-0.00	0.498	8227	0.966	0.502	9826	0.909
OR2B11	-2.82	8	-0.00	0.498	8228	0.966	0.502	9825	0.909
TMEM30B	-2.82	8	-0.00	0.498	8229	0.966	0.502	9824	0.909
SDPR	-2.82	8	-0.00	0.498	8230	0.966	0.502	9823	0.909
C1orf195	-2.82	8	-0.00	0.499	8231	0.966	0.501	9822	0.909
SEC23IP	-2.82	8	-0.00	0.499	8232	0.966	0.501	9821	0.909
FAM209B	-1.99	4	-0.00	0.499	8233	0.966	0.501	9820	0.909
LGALS2	-2.82	8	-0.00	0.499	8234	0.966	0.501	9819	0.909
MICALL2	-2.82	8	-0.00	0.499	8235	0.966	0.501	9818	0.909
FAM78B	-2.82	8	-0.00	0.499	8236	0.966	0.501	9817	0.909
LGALS12	-2.82	8	-0.00	0.499	8237	0.966	0.501	9816	0.909
CDK2AP2	-2.82	8	-0.00	0.499	8238	0.966	0.501	9815	0.909
ZNF385B	-2.82	8	-0.00	0.499	8239	0.966	0.501	9814	0.909
GPER1	-2.82	8	-0.00	0.499	8240	0.966	0.501	9813	0.909
AQP11	-2.82	8	-0.00	0.499	8241	0.966	0.501	9812	0.909
ZC2HC1A	-2.82	8	-0.00	0.499	8242	0.966	0.501	9811	0.909
FXR2	-2.82	8	-0.00	0.499	8243	0.966	0.501	9810	0.909
RAB3D	-2.82	8	-0.00	0.499	8244	0.966	0.501	9809	0.909
CRYGC	-2.82	8	-0.00	0.499	8245	0.966	0.501	9808	0.909
HTATIP2	-2.82	8	-0.00	0.499	8246	0.966	0.501	9807	0.909
OR5D14	-2.82	8	-0.00	0.499	8247	0.966	0.501	9806	0.909
TCTEX1D2	-2.81	8	-0.00	0.499	8248	0.966	0.501	9805	0.909
MRAP	-2.81	8	-0.00	0.499	8249	0.966	0.501	9804	0.909
COL4A1	-2.81	8	-0.00	0.499	8250	0.966	0.501	9803	0.909
CCDC146	-2.81	8	-0.00	0.499	8251	0.966	0.501	9802	0.909
NOS1	-2.81	8	-0.00	0.5	8252	0.966	0.5	9801	0.909
USP40	-2.81	8	-0.00	0.5	8253	0.966	0.5	9800	0.909
TRMT10B	-2.81	8	-0.00	0.5	8254	0.966	0.5	9799	0.909
ABCA9	-2.81	8	-0.00	0.5	8255	0.966	0.5	9798	0.909
TFF3	-2.81	8	-0.00	0.5	8256	0.966	0.5	9797	0.909
SIK2	-2.81	8	-0.00	0.5	8257	0.966	0.5	9796	0.909
SUMF1	-2.81	8	-0.00	0.5	8258	0.966	0.5	9795	0.909
TMED1	-2.81	8	-0.00	0.5	8259	0.966	0.5	9794	0.909
DLGAP1	-2.81	8	-0.00	0.5	8260	0.966	0.5	9793	0.909
TLR2	-2.81	8	-0.00	0.5	8261	0.966	0.5	9792	0.909
ERF	-2.81	8	0.00	0.5	8262	0.966	0.5	9791	0.909
PTK2B	-2.81	8	0.00	0.5	8263	0.966	0.5	9790	0.909
DEFB108B	-1.40	2	0.00	0.5	8264	0.966	0.5	9789	0.909
MAP1S	-2.80	8	0.00	0.5	8265	0.966	0.5	9788	0.909
WFDC3	-2.80	8	0.00	0.5	8266	0.966	0.5	9787	0.909
SNRNP35	-2.80	8	0.00	0.5	8267	0.966	0.5	9786	0.909
OR2M3	-1.98	4	0.00	0.5	8268	0.966	0.5	9785	0.909
C10orf115	-2.80	8	0.00	0.5	8269	0.966	0.5	9784	0.909
SCUBE2	-2.80	8	0.00	0.5	8270	0.966	0.5	9783	0.909
NDUFB7	-2.80	8	0.00	0.5	8271	0.966	0.5	9782	0.909
ZNF154	-2.80	8	0.00	0.501	8272	0.966	0.499	9781	0.909
FGFR2	-2.80	8	0.00	0.501	8273	0.966	0.499	9780	0.909
SPOCK1	-2.80	8	0.00	0.501	8274	0.966	0.499	9779	0.909
DRD2	-2.80	8	0.00	0.501	8275	0.966	0.499	9778	0.909
USP36	-2.80	8	0.00	0.501	8276	0.966	0.499	9777	0.909
BMP15	-2.80	8	0.00	0.501	8277	0.966	0.499	9776	0.909
NPEPL1	-2.80	8	0.00	0.501	8278	0.966	0.499	9775	0.909
ZDBF2	-2.80	8	0.00	0.501	8279	0.966	0.499	9774	0.909
AMHR2	-2.80	8	0.00	0.501	8280	0.966	0.499	9773	0.909
CHDH	-2.80	8	0.00	0.501	8281	0.966	0.499	9772	0.909
CDIP1	-2.80	8	0.00	0.501	8282	0.966	0.499	9771	0.909
ZC3H12B	-2.79	8	0.00	0.501	8283	0.966	0.499	9770	0.909
GLA	-2.79	8	0.00	0.501	8284	0.966	0.499	9769	0.909
HSD11B1L	-2.79	8	0.00	0.502	8285	0.966	0.498	9768	0.909
EFCAB14	-2.79	8	0.00	0.502	8286	0.966	0.498	9767	0.909
FLRT2	-2.79	8	0.00	0.502	8287	0.966	0.498	9766	0.909
DPP9	-2.79	8	0.00	0.502	8288	0.966	0.498	9765	0.909
SPOCK3	-2.79	8	0.00	0.502	8289	0.966	0.498	9764	0.909
UMPS	-2.79	8	0.00	0.502	8290	0.966	0.498	9763	0.909
SORCS2	-2.79	8	0.00	0.502	8291	0.966	0.498	9762	0.909
FAM47C	-2.79	8	0.00	0.502	8292	0.966	0.498	9761	0.909
PDZD2	-2.79	8	0.00	0.502	8293	0.966	0.498	9760	0.909
LAPTM4B	-2.79	8	0.00	0.502	8294	0.966	0.498	9759	0.909
BTK	-2.79	8	0.00	0.502	8295	0.966	0.498	9758	0.909
KLK9	-2.79	8	0.01	0.502	8296	0.966	0.498	9757	0.909
NXF3	-2.79	8	0.01	0.502	8297	0.966	0.498	9756	0.909
EGFL6	-2.79	8	0.01	0.502	8298	0.966	0.498	9755	0.909
SLC6A20	-2.79	8	0.01	0.502	8299	0.966	0.498	9754	0.909
NOTCH2	-2.78	8	0.01	0.502	8300	0.966	0.498	9753	0.909
NLRP7	-2.78	8	0.01	0.502	8301	0.966	0.498	9752	0.909
OR52A1	-2.78	8	0.01	0.502	8302	0.966	0.498	9751	0.909
AP1AR	-2.78	8	0.01	0.502	8303	0.966	0.498	9750	0.909
CCSAP	-2.78	8	0.01	0.503	8304	0.966	0.497	9749	0.909
LMX1A	-2.78	8	0.01	0.503	8305	0.966	0.497	9748	0.909
GPM6A	-2.78	8	0.01	0.503	8306	0.966	0.497	9747	0.909
DNAH14	-2.78	8	0.01	0.503	8307	0.966	0.497	9746	0.909
NCKAP5	-2.78	8	0.01	0.503	8308	0.966	0.497	9745	0.909
ACBD3	-2.78	8	0.01	0.503	8309	0.966	0.497	9744	0.909
CCL14	-2.78	8	0.01	0.503	8310	0.966	0.497	9743	0.909
ALPPL2	-1.97	4	0.01	0.503	8311	0.966	0.497	9742	0.909
ABHD17B	-2.78	8	0.01	0.503	8312	0.966	0.497	9741	0.909
GABRE	-2.78	8	0.01	0.503	8313	0.966	0.497	9740	0.909
PEX13	-2.78	8	0.01	0.503	8314	0.966	0.497	9739	0.909
HIST1H4I	-2.40	6	0.01	0.503	8315	0.966	0.497	9738	0.909
ZNF546	-2.78	8	0.01	0.503	8316	0.966	0.497	9737	0.909
CNDP1	-2.77	8	0.01	0.503	8317	0.966	0.497	9736	0.909
ATP5L2	-1.39	2	0.01	0.503	8318	0.966	0.497	9735	0.909
FAN1	-2.77	8	0.01	0.503	8319	0.966	0.497	9734	0.909
GPR141	-2.77	8	0.01	0.503	8320	0.966	0.497	9733	0.909
OR7D2	-2.77	8	0.01	0.504	8321	0.966	0.496	9732	0.909
PCDHGA10	-2.77	8	0.01	0.504	8322	0.966	0.496	9731	0.909
RIMS1	-2.77	8	0.01	0.504	8323	0.966	0.496	9730	0.909
FAIM2	-2.77	8	0.01	0.504	8324	0.966	0.496	9729	0.909
CAMK2N1	-2.77	8	0.01	0.504	8325	0.966	0.496	9728	0.909
MVB12A	-2.77	8	0.01	0.504	8326	0.966	0.496	9727	0.909
SLAIN2	-2.77	8	0.01	0.504	8327	0.966	0.496	9726	0.909
ITPRIPL2	-2.77	8	0.01	0.504	8328	0.966	0.496	9725	0.909
MMP21	-2.77	8	0.01	0.504	8329	0.966	0.496	9724	0.909
CCDC19	-2.77	8	0.01	0.504	8330	0.966	0.496	9723	0.909
FAM124A	-2.77	8	0.01	0.504	8331	0.966	0.496	9722	0.909
NDUFA1	-2.77	8	0.01	0.504	8332	0.966	0.496	9721	0.909
NHLRC3	-2.77	8	0.01	0.504	8333	0.966	0.496	9720	0.909
C15orf27	-2.77	8	0.01	0.504	8334	0.966	0.496	9719	0.909
FKBP7	-2.77	8	0.01	0.504	8335	0.966	0.496	9718	0.909
PDHA2	-2.77	8	0.01	0.504	8336	0.966	0.496	9717	0.909
LRRC55	-2.77	8	0.01	0.504	8337	0.966	0.496	9716	0.909
SPATA19	-2.77	8	0.01	0.504	8338	0.966	0.496	9715	0.909
ZBTB16	-2.77	8	0.01	0.504	8339	0.966	0.496	9714	0.909
WWOX	-2.76	8	0.01	0.504	8340	0.966	0.496	9713	0.909
BRWD3	-2.76	8	0.01	0.504	8341	0.966	0.496	9712	0.909
RNF212	-2.76	8	0.01	0.504	8342	0.966	0.496	9711	0.909
DMRT1	-2.76	8	0.01	0.505	8343	0.966	0.495	9710	0.909
DMRTA2	-2.76	8	0.01	0.505	8344	0.966	0.495	9709	0.909
DPY19L4	-2.76	8	0.01	0.505	8345	0.966	0.495	9708	0.909
PITPNM1	-2.76	8	0.01	0.505	8346	0.966	0.495	9707	0.909
LPPR1	-2.76	8	0.01	0.505	8347	0.966	0.495	9706	0.909
CDC14A	-2.76	8	0.01	0.505	8348	0.966	0.495	9705	0.909
MSANTD1	-2.76	8	0.01	0.505	8349	0.966	0.495	9704	0.909
MOAP1	-2.76	8	0.01	0.505	8350	0.966	0.495	9703	0.909
CALM3	-2.76	8	0.01	0.505	8351	0.966	0.495	9702	0.909
KDM6A	-2.39	6	0.01	0.505	8352	0.966	0.495	9701	0.909
CCT8L2	-2.76	8	0.01	0.505	8353	0.966	0.495	9700	0.909
DUSP9	-2.76	8	0.01	0.505	8354	0.966	0.495	9699	0.909
CDC7	-2.76	8	0.01	0.505	8355	0.966	0.495	9698	0.909
ADH4	-2.76	8	0.01	0.505	8356	0.966	0.495	9697	0.909
TFAP2E	-2.76	8	0.01	0.505	8357	0.966	0.495	9696	0.909
BIRC7	-2.76	8	0.01	0.505	8358	0.966	0.495	9695	0.909
C1GALT1	-2.76	8	0.01	0.505	8359	0.966	0.495	9694	0.909
METTL17	-2.76	8	0.01	0.505	8360	0.966	0.495	9693	0.909
BBS2	-2.76	8	0.01	0.505	8361	0.966	0.495	9692	0.909
ABAT	-2.76	8	0.01	0.505	8362	0.966	0.495	9691	0.909
LYZL6	-2.76	8	0.01	0.505	8363	0.966	0.495	9690	0.909
CEBPD	-2.76	8	0.01	0.505	8364	0.966	0.495	9689	0.909
GSTA5	-2.39	6	0.01	0.505	8365	0.966	0.495	9688	0.909
ANXA4	-2.75	8	0.01	0.505	8366	0.966	0.495	9687	0.909
IFT20	-2.75	8	0.01	0.505	8367	0.966	0.495	9686	0.909
TRABD2B	-2.75	8	0.01	0.506	8368	0.966	0.494	9685	0.909
STK36	-2.75	8	0.01	0.506	8369	0.966	0.494	9684	0.909
CYTH4	-2.75	8	0.01	0.506	8370	0.966	0.494	9683	0.909
IL22RA1	-2.75	8	0.01	0.506	8371	0.966	0.494	9682	0.909
USMG5	-1.38	2	0.01	0.506	8372	0.966	0.494	9681	0.909
ZNF706	-2.75	8	0.01	0.506	8373	0.966	0.494	9680	0.909
WNT4	-2.75	8	0.01	0.506	8374	0.966	0.494	9679	0.909
LRP6	-2.75	8	0.02	0.506	8375	0.966	0.494	9678	0.909
GRK5	-2.75	8	0.02	0.506	8376	0.966	0.494	9677	0.909
FRRS1L	-2.38	6	0.02	0.506	8377	0.966	0.494	9676	0.909
TTC39B	-2.75	8	0.02	0.506	8378	0.966	0.494	9675	0.909
SMARCC2	-2.75	8	0.02	0.506	8379	0.966	0.494	9674	0.909
FBXO46	-2.75	8	0.02	0.506	8380	0.966	0.494	9673	0.909
PDZD7	-2.75	8	0.02	0.506	8381	0.966	0.494	9672	0.909
DNAJB9	-2.75	8	0.02	0.506	8382	0.966	0.494	9671	0.909
ADAM32	-2.75	8	0.02	0.506	8383	0.966	0.494	9670	0.909
EPS8L3	-2.75	8	0.02	0.506	8384	0.966	0.494	9669	0.909
CNNM3	-2.57	7	0.02	0.506	8385	0.966	0.494	9668	0.909
OLFML1	-2.74	8	0.02	0.506	8386	0.966	0.494	9667	0.909
ZSCAN23	-2.74	8	0.02	0.506	8387	0.966	0.494	9666	0.909
MYH7B	-2.74	8	0.02	0.506	8388	0.966	0.494	9665	0.909
HBQ1	-2.74	8	0.02	0.506	8389	0.966	0.494	9664	0.909
SLCO1A2	-2.37	6	0.02	0.507	8390	0.966	0.493	9663	0.909
RPGRIP1L	-2.74	8	0.02	0.507	8391	0.966	0.493	9662	0.909
UGT1A9	-1.37	2	0.02	0.507	8392	0.966	0.493	9661	0.909
ZKSCAN3	-2.74	8	0.02	0.507	8393	0.966	0.493	9660	0.909
CPNE5	-2.74	8	0.02	0.507	8394	0.966	0.493	9659	0.909
LINC00998	-1.37	2	0.02	0.507	8395	0.966	0.493	9658	0.909
OR5H2	-2.74	8	0.02	0.507	8396	0.966	0.493	9657	0.909
RGS1	-2.74	8	0.02	0.507	8397	0.966	0.493	9656	0.909
APOB	-2.74	8	0.02	0.507	8398	0.966	0.493	9655	0.909
ST14	-2.74	8	0.02	0.507	8399	0.966	0.493	9654	0.909
MAP4K1	-2.74	8	0.02	0.507	8400	0.966	0.493	9653	0.909
CDH20	-2.74	8	0.02	0.507	8401	0.966	0.493	9652	0.909
FAM53B	-2.74	8	0.02	0.507	8402	0.966	0.493	9651	0.909
DDX41	-2.74	8	0.02	0.507	8403	0.966	0.493	9650	0.909
CD82	-2.74	8	0.02	0.507	8404	0.966	0.493	9649	0.909
CLEC2B	-2.73	8	0.02	0.507	8405	0.966	0.493	9648	0.909
SERPINA1	-2.73	8	0.02	0.507	8406	0.966	0.493	9647	0.909
LPAR4	-2.73	8	0.02	0.507	8407	0.966	0.493	9646	0.909
ZBTB12	-2.73	8	0.02	0.507	8408	0.966	0.493	9645	0.909
RBMS1	-2.73	8	0.02	0.508	8409	0.966	0.492	9644	0.909
LIMD2	-2.73	8	0.02	0.508	8410	0.966	0.492	9643	0.909
ARNTL2	-2.73	8	0.02	0.508	8411	0.966	0.492	9642	0.909
MUC22	-2.73	8	0.02	0.508	8412	0.966	0.492	9641	0.909
ATF4	-2.73	8	0.02	0.508	8413	0.966	0.492	9640	0.909
HAND1	-2.73	8	0.02	0.508	8414	0.966	0.492	9639	0.909
CABS1	-2.73	8	0.02	0.508	8415	0.966	0.492	9638	0.909
PMCH	-2.37	6	0.02	0.508	8416	0.966	0.492	9637	0.909
TTPA	-2.73	8	0.02	0.508	8417	0.966	0.492	9636	0.909
SLC29A4	-2.73	8	0.02	0.508	8418	0.966	0.492	9635	0.909
TXNIP	-2.73	8	0.02	0.508	8419	0.966	0.492	9634	0.909
C6orf10	-2.73	8	0.02	0.508	8420	0.966	0.492	9633	0.909
TFPI2	-2.73	8	0.02	0.508	8421	0.966	0.492	9632	0.909
GTF2E1	-2.73	8	0.02	0.508	8422	0.966	0.492	9631	0.909
LPA	-2.73	8	0.02	0.508	8423	0.966	0.492	9630	0.909
OR8U1	-2.73	8	0.02	0.508	8424	0.966	0.492	9629	0.909
C20orf194	-2.73	8	0.02	0.508	8425	0.966	0.492	9628	0.909
MYOZ1	-2.73	8	0.02	0.508	8426	0.966	0.492	9627	0.909
RAB9A	-2.73	8	0.02	0.508	8427	0.966	0.492	9626	0.909
CRYGS	-2.73	8	0.02	0.508	8428	0.966	0.492	9625	0.909
GGT7	-2.73	8	0.02	0.508	8429	0.966	0.492	9624	0.909
FAM19A5	-2.73	8	0.02	0.508	8430	0.966	0.492	9623	0.909
TWF1	-2.73	8	0.02	0.508	8431	0.966	0.492	9622	0.909
GDF1	-2.73	8	0.02	0.508	8432	0.966	0.492	9621	0.909
MAN2A1	-2.73	8	0.02	0.508	8433	0.966	0.492	9620	0.909
IYD	-2.73	8	0.02	0.508	8434	0.966	0.492	9619	0.909
OR8K5	-2.73	8	0.02	0.508	8435	0.966	0.492	9618	0.909
GDF5OS	-2.73	8	0.02	0.508	8436	0.966	0.492	9617	0.909
RNF128	-2.73	8	0.02	0.508	8437	0.966	0.492	9616	0.909
MRGPRX4	-2.73	8	0.02	0.508	8438	0.966	0.492	9615	0.909
MRGPRG	-2.73	8	0.02	0.508	8439	0.966	0.492	9614	0.909
CKAP2L	-2.73	8	0.02	0.508	8440	0.966	0.492	9613	0.909
SREBF1	-2.73	8	0.02	0.508	8441	0.966	0.492	9612	0.909
OR5A1	-2.73	8	0.02	0.508	8442	0.966	0.492	9611	0.909
TMEM132D	-2.72	8	0.02	0.508	8443	0.966	0.492	9610	0.909
COMMD2	-2.72	8	0.02	0.508	8444	0.966	0.492	9609	0.909
ADAMTS2	-2.72	8	0.02	0.508	8445	0.966	0.492	9608	0.909
FRAT2	-2.72	8	0.02	0.508	8446	0.966	0.492	9607	0.909
STOM	-2.72	8	0.02	0.508	8447	0.966	0.492	9606	0.909
ANKRD62	-2.72	8	0.02	0.509	8448	0.966	0.491	9605	0.909
MYH11	-2.72	8	0.02	0.509	8449	0.966	0.491	9604	0.909
KIR3DX1	-2.72	8	0.02	0.509	8450	0.966	0.491	9603	0.909
OR2Z1	-2.72	8	0.02	0.509	8451	0.966	0.491	9602	0.909
GPR142	-2.72	8	0.02	0.509	8452	0.966	0.491	9601	0.909
CHSY3	-2.72	8	0.02	0.509	8453	0.966	0.491	9600	0.909
CANX	-2.72	8	0.02	0.509	8454	0.966	0.491	9599	0.909
TEPP	-2.72	8	0.02	0.509	8455	0.966	0.491	9598	0.909
ZNF547	-2.72	8	0.02	0.509	8456	0.966	0.491	9597	0.909
MED27	-2.72	8	0.02	0.509	8457	0.966	0.491	9596	0.909
CCDC89	-2.72	8	0.02	0.509	8458	0.966	0.491	9595	0.909
CSTB	-2.72	8	0.02	0.509	8459	0.966	0.491	9594	0.909
YPEL5	-2.72	8	0.02	0.509	8460	0.966	0.491	9593	0.909
ABHD12	-2.72	8	0.02	0.509	8461	0.966	0.491	9592	0.909
GPC3	-2.72	8	0.02	0.509	8462	0.966	0.491	9591	0.909
TBC1D20	-2.72	8	0.02	0.509	8463	0.966	0.491	9590	0.909
TM9SF3	-2.72	8	0.02	0.509	8464	0.966	0.491	9589	0.909
FAM64A	-2.71	8	0.02	0.509	8465	0.966	0.491	9588	0.909
PGAP1	-2.71	8	0.02	0.509	8466	0.966	0.491	9587	0.909
GDPGP1	-2.71	8	0.02	0.509	8467	0.966	0.491	9586	0.909
CRIPAK	-2.71	8	0.02	0.509	8468	0.966	0.491	9585	0.909
COL6A2	-2.71	8	0.02	0.51	8469	0.966	0.49	9584	0.909
PTPRR	-2.71	8	0.02	0.51	8470	0.966	0.49	9583	0.909
C4orf50	-2.71	8	0.02	0.51	8471	0.966	0.49	9582	0.909
C2	-2.71	8	0.02	0.51	8472	0.966	0.49	9581	0.909
OR8B8	-2.71	8	0.02	0.51	8473	0.966	0.49	9580	0.909
PIGM	-2.71	8	0.02	0.51	8474	0.966	0.49	9579	0.909
EDA2R	-2.71	8	0.02	0.51	8475	0.966	0.49	9578	0.909
RBM4B	-2.71	8	0.02	0.51	8476	0.966	0.49	9577	0.909
BNIPL	-2.35	6	0.02	0.51	8477	0.966	0.49	9576	0.909
TMEM98	-2.71	8	0.02	0.51	8478	0.966	0.49	9575	0.909
FSHR	-2.71	8	0.02	0.51	8479	0.966	0.49	9574	0.909
HMHA1	-2.71	8	0.02	0.51	8480	0.966	0.49	9573	0.909
OR1L8	-2.71	8	0.03	0.51	8481	0.966	0.49	9572	0.909
IL12B	-2.71	8	0.03	0.51	8482	0.966	0.49	9571	0.909
NPIPB5	-1.91	4	0.03	0.51	8483	0.966	0.49	9570	0.909
C10orf129	-2.70	8	0.03	0.51	8484	0.966	0.49	9569	0.909
CMTM1	-2.70	8	0.03	0.51	8485	0.966	0.49	9568	0.909
IL33	-2.70	8	0.03	0.51	8486	0.966	0.49	9567	0.909
OXSR1	-2.70	8	0.03	0.51	8487	0.966	0.49	9566	0.909
ERN1	-2.70	8	0.03	0.51	8488	0.966	0.49	9565	0.909
ADAM22	-2.70	8	0.03	0.51	8489	0.966	0.49	9564	0.909
HADH	-2.70	8	0.03	0.51	8490	0.966	0.49	9563	0.909
BZW2	-2.70	8	0.03	0.51	8491	0.966	0.49	9562	0.909
EHBP1	-2.70	8	0.03	0.51	8492	0.966	0.49	9561	0.909
ELFN2	-2.70	8	0.03	0.511	8493	0.966	0.489	9560	0.909
CYBA	-2.70	8	0.03	0.511	8494	0.966	0.489	9559	0.909
SLC30A3	-2.70	8	0.03	0.511	8495	0.966	0.489	9558	0.909
P2RY6	-2.70	8	0.03	0.511	8496	0.966	0.489	9557	0.909
FABP1	-2.70	8	0.03	0.511	8497	0.966	0.489	9556	0.909
LGALS9B	-1.35	2	0.03	0.511	8498	0.966	0.489	9555	0.909
ZNF777	-2.34	6	0.03	0.511	8499	0.966	0.489	9554	0.909
HTR2B	-2.70	8	0.03	0.511	8500	0.966	0.489	9553	0.909
SPNS3	-2.70	8	0.03	0.511	8501	0.966	0.489	9552	0.909
MYEOV2	-2.70	8	0.03	0.511	8502	0.966	0.489	9551	0.909
PDGFC	-2.70	8	0.03	0.511	8503	0.966	0.489	9550	0.909
TENM4	-2.70	8	0.03	0.511	8504	0.966	0.489	9549	0.909
BEST4	-2.70	8	0.03	0.511	8505	0.966	0.489	9548	0.909
ZNF362	-2.70	8	0.03	0.511	8506	0.966	0.489	9547	0.909
HDAC11	-2.70	8	0.03	0.511	8507	0.966	0.489	9546	0.909
GCDH	-2.70	8	0.03	0.511	8508	0.966	0.489	9545	0.909
C8orf87	-2.70	8	0.03	0.511	8509	0.966	0.489	9544	0.909
FAF2	-2.70	8	0.03	0.511	8510	0.966	0.489	9543	0.909
ING5	-2.34	6	0.03	0.511	8511	0.966	0.489	9542	0.909
FGFBP3	-2.70	8	0.03	0.511	8512	0.966	0.489	9541	0.909
HSPB9	-2.70	8	0.03	0.511	8513	0.966	0.489	9540	0.909
GRIA4	-2.70	8	0.03	0.511	8514	0.966	0.489	9539	0.909
GLYATL1	-2.70	8	0.03	0.511	8515	0.966	0.489	9538	0.909
CHTF8	-2.70	8	0.03	0.511	8516	0.966	0.489	9537	0.909
YKT6	-2.70	8	0.03	0.511	8517	0.966	0.489	9536	0.909
CASP2	-2.69	8	0.03	0.511	8518	0.966	0.489	9535	0.909
BZW1	-2.69	8	0.03	0.511	8519	0.966	0.489	9534	0.909
KLRC4	-1.90	4	0.03	0.511	8520	0.966	0.489	9533	0.909
SERBP1	-2.69	8	0.03	0.511	8521	0.966	0.489	9532	0.909
DNAJB4	-2.69	8	0.03	0.511	8522	0.966	0.489	9531	0.909
ZNF667	-2.69	8	0.03	0.511	8523	0.966	0.489	9530	0.909
SPSB1	-2.69	8	0.03	0.511	8524	0.966	0.489	9529	0.909
CD101	-2.69	8	0.03	0.511	8525	0.966	0.489	9528	0.909
SON	-2.69	8	0.03	0.511	8526	0.966	0.489	9527	0.909
C6orf99	-2.69	8	0.03	0.512	8527	0.966	0.488	9526	0.909
TMEM180	-2.69	8	0.03	0.512	8528	0.966	0.488	9525	0.909
CCDC61	-2.69	8	0.03	0.512	8529	0.966	0.488	9524	0.909
ITPR3	-2.69	8	0.03	0.512	8530	0.966	0.488	9523	0.909
CXCL9	-2.69	8	0.03	0.512	8531	0.966	0.488	9522	0.909
LRFN1	-2.69	8	0.03	0.512	8532	0.966	0.488	9521	0.909
PDE4A	-2.69	8	0.03	0.512	8533	0.966	0.488	9520	0.909
P2RX5	-2.69	8	0.03	0.512	8534	0.966	0.488	9519	0.909
TAS2R41	-2.69	8	0.03	0.512	8535	0.966	0.488	9518	0.909
UGT1A1	-1.35	2	0.03	0.512	8536	0.966	0.488	9517	0.909
FGFBP2	-2.69	8	0.03	0.512	8537	0.966	0.488	9516	0.909
OR9I1	-2.69	8	0.03	0.512	8538	0.966	0.488	9515	0.909
NKD1	-2.69	8	0.03	0.512	8539	0.966	0.488	9514	0.909
ZNF787	-2.69	8	0.03	0.512	8540	0.966	0.488	9513	0.909
ATPIF1	-2.69	8	0.03	0.512	8541	0.966	0.488	9512	0.909
LRRN1	-2.69	8	0.03	0.512	8542	0.966	0.488	9511	0.909
ARL11	-2.69	8	0.03	0.512	8543	0.966	0.488	9510	0.909
MACROD1	-2.69	8	0.03	0.512	8544	0.966	0.488	9509	0.909
LYRM1	-2.69	8	0.03	0.512	8545	0.966	0.488	9508	0.909
IRF3	-2.69	8	0.03	0.512	8546	0.966	0.488	9507	0.909
OSTN	-2.69	8	0.03	0.512	8547	0.966	0.488	9506	0.909
OR1S2	-2.12	5	0.03	0.512	8548	0.966	0.488	9505	0.909
SV2B	-2.68	8	0.03	0.512	8549	0.966	0.488	9504	0.909
IL18RAP	-2.68	8	0.03	0.512	8550	0.966	0.488	9503	0.909
OR6N1	-2.68	8	0.03	0.512	8551	0.966	0.488	9502	0.909
ZNF560	-2.68	8	0.03	0.512	8552	0.966	0.488	9501	0.909
GNA11	-2.68	8	0.03	0.512	8553	0.966	0.488	9500	0.909
MYO1E	-2.68	8	0.03	0.512	8554	0.966	0.488	9499	0.909
FAM46A	-2.68	8	0.03	0.512	8555	0.966	0.488	9498	0.909
SULF2	-2.68	8	0.03	0.512	8556	0.966	0.488	9497	0.909
KIAA0513	-2.68	8	0.03	0.512	8557	0.966	0.488	9496	0.909
PBDC1	-2.68	8	0.03	0.512	8558	0.966	0.488	9495	0.909
SYT4	-2.68	8	0.03	0.513	8559	0.966	0.487	9494	0.909
PROSER2	-2.68	8	0.03	0.513	8560	0.966	0.487	9493	0.909
TMCO2	-2.68	8	0.03	0.513	8561	0.966	0.487	9492	0.909
SEMA3D	-2.68	8	0.03	0.513	8562	0.966	0.487	9491	0.909
MMP7	-2.68	8	0.03	0.513	8563	0.966	0.487	9490	0.909
SPRED3	-2.68	8	0.03	0.513	8564	0.966	0.487	9489	0.909
SLC36A2	-2.68	8	0.03	0.513	8565	0.966	0.487	9488	0.909
KREMEN1	-2.68	8	0.03	0.513	8566	0.966	0.487	9487	0.909
PRLR	-2.68	8	0.03	0.513	8567	0.966	0.487	9486	0.909
UFSP1	-2.68	8	0.03	0.513	8568	0.966	0.487	9485	0.909
DLGAP4	-2.68	8	0.03	0.513	8569	0.966	0.487	9484	0.909
MRI1	-2.68	8	0.03	0.513	8570	0.966	0.487	9483	0.909
DYRK1B	-2.68	8	0.03	0.513	8571	0.966	0.487	9482	0.909
USH1C	-2.68	8	0.03	0.513	8572	0.966	0.487	9481	0.909
LEKR1	-2.68	8	0.03	0.513	8573	0.966	0.487	9480	0.909
SIGLEC11	-2.68	8	0.03	0.513	8574	0.966	0.487	9479	0.909
NEK9	-2.68	8	0.03	0.513	8575	0.966	0.487	9478	0.909
CGN	-2.68	8	0.03	0.513	8576	0.966	0.487	9477	0.909
PPP3CA	-2.68	8	0.03	0.513	8577	0.966	0.487	9476	0.909
ATG2B	-2.68	8	0.03	0.513	8578	0.966	0.487	9475	0.909
SSTR1	-2.67	8	0.03	0.513	8579	0.966	0.487	9474	0.909
ZNF280D	-2.67	8	0.03	0.513	8580	0.966	0.487	9473	0.909
HNRNPD	-2.67	8	0.03	0.513	8581	0.966	0.487	9472	0.909
CHRM3	-2.67	8	0.03	0.514	8582	0.966	0.486	9471	0.909
IQCK	-2.67	8	0.03	0.514	8583	0.966	0.486	9470	0.909
TCF19	-2.67	8	0.03	0.514	8584	0.966	0.486	9469	0.909
BRS3	-2.67	8	0.03	0.514	8585	0.966	0.486	9468	0.909
CST9	-2.67	8	0.03	0.514	8586	0.966	0.486	9467	0.909
GRN	-2.67	8	0.03	0.514	8587	0.966	0.486	9466	0.909
RLN2	-2.67	8	0.03	0.514	8588	0.966	0.486	9465	0.909
KLHL13	-2.31	6	0.03	0.514	8589	0.966	0.486	9464	0.909
TAC3	-2.67	8	0.03	0.514	8590	0.966	0.486	9463	0.909
CHI3L1	-2.67	8	0.03	0.514	8591	0.966	0.486	9462	0.909
LDB3	-2.67	8	0.03	0.514	8592	0.966	0.486	9461	0.909
PELI1	-2.67	8	0.03	0.514	8593	0.966	0.486	9460	0.909
UNC5C	-2.67	8	0.03	0.514	8594	0.966	0.486	9459	0.909
CCSER1	-2.67	8	0.04	0.514	8595	0.966	0.486	9458	0.909
MCTP2	-2.67	8	0.04	0.514	8596	0.966	0.486	9457	0.909
C7orf63	-2.67	8	0.04	0.514	8597	0.966	0.486	9456	0.909
LRRC59	-2.67	8	0.04	0.514	8598	0.966	0.486	9455	0.909
BTNL8	-2.67	8	0.04	0.514	8599	0.966	0.486	9454	0.909
SEC23A	-2.67	8	0.04	0.514	8600	0.966	0.486	9453	0.909
TPRX2P	-2.67	8	0.04	0.514	8601	0.966	0.486	9452	0.909
SCARA3	-2.67	8	0.04	0.514	8602	0.966	0.486	9451	0.909
OR1K1	-2.67	8	0.04	0.514	8603	0.966	0.486	9450	0.909
ZIC4	-2.66	8	0.04	0.514	8604	0.966	0.486	9449	0.909
PPEF1	-2.66	8	0.04	0.514	8605	0.966	0.486	9448	0.909
PCLO	-2.66	8	0.04	0.514	8606	0.966	0.486	9447	0.909
FILIP1	-2.66	8	0.04	0.515	8607	0.966	0.485	9446	0.909
OR4K5	-2.66	8	0.04	0.515	8608	0.966	0.485	9445	0.909
CLTA	-2.66	8	0.04	0.515	8609	0.966	0.485	9444	0.909
BTC	-2.66	8	0.04	0.515	8610	0.966	0.485	9443	0.909
KCNS1	-2.66	8	0.04	0.515	8611	0.966	0.485	9442	0.909
EPHA3	-2.66	8	0.04	0.515	8612	0.966	0.485	9441	0.909
IFI44L	-2.66	8	0.04	0.515	8613	0.966	0.485	9440	0.909
HSD17B4	-2.66	8	0.04	0.515	8614	0.966	0.485	9439	0.909
ASB2	-2.30	6	0.04	0.515	8615	0.966	0.485	9438	0.909
DAZAP2	-2.66	8	0.04	0.515	8616	0.966	0.485	9437	0.909
DNAH1	-2.66	8	0.04	0.515	8617	0.966	0.485	9436	0.909
ACHE	-2.66	8	0.04	0.515	8618	0.966	0.485	9435	0.909
MTFMT	-2.66	8	0.04	0.515	8619	0.966	0.485	9434	0.909
ZNF788	-1.33	2	0.04	0.515	8620	0.966	0.485	9433	0.909
S100A9	-2.66	8	0.04	0.515	8621	0.966	0.485	9432	0.909
TRPC5	-2.65	8	0.04	0.515	8622	0.966	0.485	9431	0.909
GNS	-2.65	8	0.04	0.516	8623	0.966	0.484	9430	0.909
PYY	-2.65	8	0.04	0.516	8624	0.966	0.484	9429	0.909
DEFB134	-2.65	8	0.04	0.516	8625	0.966	0.484	9428	0.909
ALDH8A1	-2.65	8	0.04	0.516	8626	0.966	0.484	9427	0.909
MLLT3	-2.65	8	0.04	0.516	8627	0.966	0.484	9426	0.909
EIF2S3L	-2.65	8	0.04	0.516	8628	0.966	0.484	9425	0.909
FRMD4B	-2.65	8	0.04	0.516	8629	0.966	0.484	9424	0.909
SLA	-2.65	8	0.04	0.516	8630	0.966	0.484	9423	0.909
KRTAP12-3	-2.29	6	0.04	0.516	8631	0.966	0.484	9422	0.909
SULT1A1	-1.87	4	0.04	0.516	8632	0.966	0.484	9421	0.909
EHD2	-2.65	8	0.04	0.516	8633	0.966	0.484	9420	0.909
IDI2	-2.65	8	0.04	0.516	8634	0.966	0.484	9419	0.909
01-Sep	-2.65	8	0.04	0.516	8635	0.966	0.484	9418	0.909
KBTBD2	-2.65	8	0.04	0.516	8636	0.966	0.484	9417	0.909
XPNPEP1	-2.65	8	0.04	0.516	8637	0.966	0.484	9416	0.909
TNNT1	-2.65	8	0.04	0.516	8638	0.966	0.484	9415	0.909
B4GALT7	-2.65	8	0.04	0.516	8639	0.966	0.484	9414	0.909
AKT1	-2.64	8	0.04	0.516	8640	0.966	0.484	9413	0.909
SLC10A7	-2.64	8	0.04	0.516	8641	0.966	0.484	9412	0.909
MDGA2	-2.29	6	0.04	0.516	8642	0.966	0.484	9411	0.909
COL11A1	-2.64	8	0.04	0.516	8643	0.966	0.484	9410	0.909
LRRC16B	-2.64	8	0.04	0.516	8644	0.966	0.484	9409	0.909
EPHA4	-2.64	8	0.04	0.516	8645	0.966	0.484	9408	0.909
KDM1A	-2.64	8	0.04	0.517	8646	0.966	0.483	9407	0.909
FAM204A	-2.64	8	0.04	0.517	8647	0.966	0.483	9406	0.909
HOXD1	-2.64	8	0.04	0.517	8648	0.966	0.483	9405	0.909
DOCK8	-2.64	8	0.04	0.517	8649	0.966	0.483	9404	0.909
MRPS18A	-2.64	8	0.04	0.517	8650	0.966	0.483	9403	0.909
STK19	-2.64	8	0.04	0.517	8651	0.966	0.483	9402	0.909
CYP26B1	-2.64	8	0.04	0.517	8652	0.966	0.483	9401	0.909
KLHL42	-2.64	8	0.04	0.517	8653	0.966	0.483	9400	0.909
ZNF300	-2.64	8	0.04	0.517	8654	0.966	0.483	9399	0.909
STMN4	-2.64	8	0.04	0.517	8655	0.966	0.483	9398	0.909
TUBB4A	-2.64	8	0.04	0.517	8656	0.966	0.483	9397	0.909
N4BP2L1	-2.64	8	0.04	0.517	8657	0.966	0.483	9396	0.909
LCLAT1	-2.64	8	0.04	0.517	8658	0.966	0.483	9395	0.909
FYB	-2.64	8	0.04	0.517	8659	0.966	0.483	9394	0.909
FAM200B	-2.63	8	0.04	0.517	8660	0.966	0.483	9393	0.909
C20orf187	-1.86	4	0.04	0.518	8661	0.966	0.482	9392	0.909
CNTNAP5	-2.46	7	0.04	0.518	8662	0.966	0.482	9391	0.909
ZNF286A	-2.63	8	0.04	0.518	8663	0.966	0.482	9390	0.909
PCCA	-2.63	8	0.04	0.518	8664	0.966	0.482	9389	0.909
NAALADL1	-2.63	8	0.04	0.518	8665	0.966	0.482	9388	0.909
RHCG	-2.63	8	0.04	0.518	8666	0.966	0.482	9387	0.909
TEX12	-2.28	6	0.04	0.518	8667	0.966	0.482	9386	0.909
WFDC12	-2.63	8	0.04	0.518	8668	0.966	0.482	9385	0.909
TBRG1	-2.63	8	0.04	0.518	8669	0.966	0.482	9384	0.909
MAVS	-2.63	8	0.04	0.518	8670	0.966	0.482	9383	0.909
SIGLEC15	-2.63	8	0.05	0.518	8671	0.966	0.482	9382	0.909
C17orf78	-2.63	8	0.05	0.518	8672	0.966	0.482	9381	0.909
PPP1CC	-2.63	8	0.05	0.518	8673	0.966	0.482	9380	0.909
ADAP2	-2.63	8	0.05	0.518	8674	0.966	0.482	9379	0.909
SYTL5	-2.63	8	0.05	0.518	8675	0.966	0.482	9378	0.909
OR1L3	-2.63	8	0.05	0.518	8676	0.966	0.482	9377	0.909
TMEM209	-2.63	8	0.05	0.518	8677	0.966	0.482	9376	0.909
MARK3	-2.63	8	0.05	0.518	8678	0.966	0.482	9375	0.909
RAB41	-2.63	8	0.05	0.518	8679	0.966	0.482	9374	0.909
SLC35B2	-2.63	8	0.05	0.518	8680	0.966	0.482	9373	0.909
ZDHHC15	-2.63	8	0.05	0.518	8681	0.966	0.482	9372	0.909
C17orf100	-2.63	8	0.05	0.518	8682	0.966	0.482	9371	0.909
ITPKC	-2.63	8	0.05	0.518	8683	0.966	0.482	9370	0.909
ADHFE1	-2.63	8	0.05	0.518	8684	0.966	0.482	9369	0.909
GRXCR1	-2.63	8	0.05	0.518	8685	0.966	0.482	9368	0.909
HECTD1	-2.63	8	0.05	0.518	8686	0.966	0.482	9367	0.909
DYSF	-2.62	8	0.05	0.518	8687	0.966	0.482	9366	0.909
PPP1R16A	-2.62	8	0.05	0.519	8688	0.966	0.481	9365	0.909
FIZ1	-2.62	8	0.05	0.519	8689	0.966	0.481	9364	0.909
FGF20	-2.62	8	0.05	0.519	8690	0.966	0.481	9363	0.909
HAS3	-2.62	8	0.05	0.519	8691	0.966	0.481	9362	0.909
BCKDHB	-2.62	8	0.05	0.519	8692	0.966	0.481	9361	0.909
ANTXRL	-2.62	8	0.05	0.519	8693	0.966	0.481	9360	0.909
PROC	-2.62	8	0.05	0.519	8694	0.966	0.481	9359	0.909
OR4D1	-2.62	8	0.05	0.519	8695	0.966	0.481	9358	0.909
ABCG1	-2.62	8	0.05	0.519	8696	0.966	0.481	9357	0.909
STYXL1	-2.62	8	0.05	0.519	8697	0.966	0.481	9356	0.909
COX5B	-2.62	8	0.05	0.519	8698	0.966	0.481	9355	0.909
SLC43A3	-2.62	8	0.05	0.519	8699	0.966	0.481	9354	0.909
TOR1AIP1	-2.62	8	0.05	0.519	8700	0.966	0.481	9353	0.909
NBPF4	-1.31	2	0.05	0.519	8701	0.966	0.481	9352	0.909
TRPC6	-2.62	8	0.05	0.519	8702	0.966	0.481	9351	0.909
TEX11	-2.62	8	0.05	0.519	8703	0.966	0.481	9350	0.909
SLC23A1	-2.62	8	0.05	0.519	8704	0.966	0.481	9349	0.909
SPON2	-2.62	8	0.05	0.519	8705	0.966	0.481	9348	0.909
SCNN1A	-2.62	8	0.05	0.519	8706	0.966	0.481	9347	0.909
PSME2	-2.62	8	0.05	0.519	8707	0.966	0.481	9346	0.909
PAX7	-2.62	8	0.05	0.519	8708	0.966	0.481	9345	0.909
TINAG	-2.61	8	0.05	0.519	8709	0.966	0.481	9344	0.909
GPHA2	-2.61	8	0.05	0.519	8710	0.966	0.481	9343	0.909
FAM168A	-2.61	8	0.05	0.519	8711	0.966	0.481	9342	0.909
PCBD2	-2.61	8	0.05	0.52	8712	0.966	0.48	9341	0.909
XIRP2	-2.61	8	0.05	0.52	8713	0.966	0.48	9340	0.909
ITGA2B	-2.61	8	0.05	0.52	8714	0.966	0.48	9339	0.909
CLK2	-2.61	8	0.05	0.52	8715	0.966	0.48	9338	0.909
EFCAB3	-2.61	8	0.05	0.52	8716	0.966	0.48	9337	0.909
ABCC11	-2.61	8	0.05	0.52	8717	0.966	0.48	9336	0.909
CAGE1	-2.61	8	0.05	0.52	8718	0.966	0.48	9335	0.909
C19orf80	-2.61	8	0.05	0.52	8719	0.966	0.48	9334	0.909
FTCDNL1	-2.61	8	0.05	0.52	8720	0.966	0.48	9333	0.909
ZNF772	-2.61	8	0.05	0.52	8721	0.966	0.48	9332	0.909
FAM228B	-2.61	8	0.05	0.52	8722	0.966	0.48	9331	0.909
TMEM66	-2.61	8	0.05	0.52	8723	0.966	0.48	9330	0.909
STAMBPL1	-2.61	8	0.05	0.52	8724	0.966	0.48	9329	0.909
PAX5	-2.61	8	0.05	0.52	8725	0.966	0.48	9328	0.909
PTPN7	-2.26	6	0.05	0.52	8726	0.966	0.48	9327	0.909
COL5A2	-2.61	8	0.05	0.52	8727	0.966	0.48	9326	0.909
FZD9	-2.61	8	0.05	0.52	8728	0.966	0.48	9325	0.909
CEACAM1	-2.61	8	0.05	0.52	8729	0.966	0.48	9324	0.909
ZNF677	-2.61	8	0.05	0.52	8730	0.966	0.48	9323	0.909
HEXDC	-2.60	8	0.05	0.52	8731	0.966	0.48	9322	0.909
TSNAX	-2.60	8	0.05	0.52	8732	0.966	0.48	9321	0.909
ZNF496	-2.60	8	0.05	0.52	8733	0.966	0.48	9320	0.909
TMEM255A	-2.60	8	0.05	0.521	8734	0.966	0.479	9319	0.909
PARM1	-2.60	8	0.05	0.521	8735	0.966	0.479	9318	0.909
ZNF703	-2.60	8	0.05	0.521	8736	0.966	0.479	9317	0.909
KANK1	-2.60	8	0.05	0.521	8737	0.966	0.479	9316	0.909
LURAP1	-2.60	8	0.05	0.521	8738	0.966	0.479	9315	0.909
SERTAD2	-2.60	8	0.05	0.521	8739	0.966	0.479	9314	0.909
PCP4L1	-2.60	8	0.05	0.521	8740	0.966	0.479	9313	0.909
ME1	-2.60	8	0.05	0.521	8741	0.966	0.479	9312	0.909
CABP1	-2.25	6	0.05	0.521	8742	0.966	0.479	9311	0.909
GLOD4	-2.60	8	0.05	0.521	8743	0.966	0.479	9310	0.909
ABCA3	-2.60	8	0.05	0.521	8744	0.966	0.479	9309	0.909
FCRL6	-2.60	8	0.05	0.521	8745	0.966	0.479	9308	0.909
ASAP3	-2.60	8	0.05	0.521	8746	0.966	0.479	9307	0.909
TMLHE	-2.60	8	0.05	0.521	8747	0.966	0.479	9306	0.909
EVA1C	-2.25	6	0.05	0.521	8748	0.966	0.479	9305	0.909
TANGO2	-2.60	8	0.05	0.521	8749	0.966	0.479	9304	0.909
TBL2	-2.60	8	0.05	0.521	8750	0.966	0.479	9303	0.909
TBC1D13	-2.60	8	0.05	0.521	8751	0.966	0.479	9302	0.909
KIAA1549L	-2.60	8	0.05	0.521	8752	0.966	0.479	9301	0.909
KIF5C	-2.60	8	0.05	0.521	8753	0.966	0.479	9300	0.909
METAP1D	-2.60	8	0.05	0.521	8754	0.966	0.479	9299	0.909
ELOVL5	-2.60	8	0.05	0.521	8755	0.966	0.479	9298	0.909
ZNF736	-1.30	2	0.05	0.521	8756	0.966	0.479	9297	0.909
ZNF71	-2.60	8	0.05	0.521	8757	0.966	0.479	9296	0.909
C5orf49	-2.59	8	0.05	0.521	8758	0.966	0.479	9295	0.909
RGP1	-2.59	8	0.05	0.521	8759	0.966	0.479	9294	0.909
TGM7	-2.59	8	0.05	0.521	8760	0.966	0.479	9293	0.909
CDH9	-2.59	8	0.05	0.521	8761	0.966	0.479	9292	0.909
GAS2L2	-2.59	8	0.05	0.522	8762	0.966	0.478	9291	0.909
LPIN2	-2.59	8	0.05	0.522	8763	0.966	0.478	9290	0.909
TMEM217	-2.59	8	0.05	0.522	8764	0.966	0.478	9289	0.909
IRS4	-2.59	8	0.05	0.522	8765	0.966	0.478	9288	0.909
IFI44	-2.59	8	0.05	0.522	8766	0.966	0.478	9287	0.909
CMTM8	-2.59	8	0.05	0.522	8767	0.966	0.478	9286	0.909
TRIM69	-2.59	8	0.05	0.522	8768	0.966	0.478	9285	0.909
RTN1	-2.59	8	0.05	0.522	8769	0.966	0.478	9284	0.909
CSNK1D	-2.59	8	0.05	0.522	8770	0.966	0.478	9283	0.909
FAS	-2.59	8	0.05	0.522	8771	0.966	0.478	9282	0.909
SLC39A12	-2.59	8	0.05	0.522	8772	0.966	0.478	9281	0.909
PDS5B	-2.59	8	0.05	0.522	8773	0.966	0.478	9280	0.909
DUOXA2	-2.59	8	0.05	0.522	8774	0.966	0.478	9279	0.909
IL8	-2.59	8	0.06	0.522	8775	0.966	0.478	9278	0.909
HIST1H2BM	-2.59	8	0.06	0.522	8776	0.966	0.478	9277	0.909
PTP4A3	-2.59	8	0.06	0.522	8777	0.966	0.478	9276	0.909
EFNA5	-2.59	8	0.06	0.522	8778	0.966	0.478	9275	0.909
USP9X	-2.59	8	0.06	0.522	8779	0.966	0.478	9274	0.909
CCDC63	-2.59	8	0.06	0.522	8780	0.966	0.478	9273	0.909
ADD3	-2.59	8	0.06	0.522	8781	0.966	0.478	9272	0.909
SLCO4A1	-2.59	8	0.06	0.522	8782	0.966	0.478	9271	0.909
KIAA0195	-2.59	8	0.06	0.522	8783	0.966	0.478	9270	0.909
COX7A2L	-2.59	8	0.06	0.522	8784	0.966	0.478	9269	0.909
ZBTB44	-2.59	8	0.06	0.522	8785	0.966	0.478	9268	0.909
HEYL	-2.58	8	0.06	0.522	8786	0.966	0.478	9267	0.909
MLLT6	-2.58	8	0.06	0.522	8787	0.966	0.478	9266	0.909
CDS1	-2.58	8	0.06	0.522	8788	0.966	0.478	9265	0.909
AKR1C3	-2.58	8	0.06	0.522	8789	0.966	0.478	9264	0.909
OR2L13	-2.58	8	0.06	0.522	8790	0.966	0.478	9263	0.909
SLC27A2	-2.58	8	0.06	0.522	8791	0.966	0.478	9262	0.909
CXCL11	-2.58	8	0.06	0.523	8792	0.966	0.477	9261	0.909
RASD2	-2.58	8	0.06	0.523	8793	0.966	0.477	9260	0.909
ZNF619	-2.58	8	0.06	0.523	8794	0.966	0.477	9259	0.909
ANXA2R	-2.58	8	0.06	0.523	8795	0.966	0.477	9258	0.909
TMTC2	-2.58	8	0.06	0.523	8796	0.966	0.477	9257	0.909
THAP7	-2.58	8	0.06	0.523	8797	0.966	0.477	9256	0.909
SS18L1	-2.58	8	0.06	0.523	8798	0.966	0.477	9255	0.909
SPINT3	-2.58	8	0.06	0.523	8799	0.966	0.477	9254	0.909
ZNF655	-2.58	8	0.06	0.523	8800	0.966	0.477	9253	0.909
ZNF738	-1.29	2	0.06	0.523	8801	0.966	0.477	9252	0.909
RWDD3	-2.58	8	0.06	0.523	8802	0.966	0.477	9251	0.909
TRIM65	-2.58	8	0.06	0.523	8803	0.966	0.477	9250	0.909
PLN	-1.29	2	0.06	0.523	8804	0.966	0.477	9249	0.909
MT1M	-1.29	2	0.06	0.523	8805	0.966	0.477	9248	0.909
SMIM8	-1.82	4	0.06	0.523	8806	0.966	0.477	9247	0.909
C20orf144	-2.23	6	0.06	0.523	8807	0.966	0.477	9246	0.909
BLMH	-2.57	8	0.06	0.523	8808	0.966	0.477	9245	0.909
PARP16	-2.57	8	0.06	0.524	8809	0.966	0.476	9244	0.909
DCBLD1	-2.57	8	0.06	0.524	8810	0.966	0.476	9243	0.909
NLRP11	-2.57	8	0.06	0.524	8811	0.966	0.476	9242	0.909
ZNF343	-2.57	8	0.06	0.524	8812	0.966	0.476	9241	0.909
UBAP1	-2.57	8	0.06	0.524	8813	0.966	0.476	9240	0.909
FCN2	-2.57	8	0.06	0.524	8814	0.966	0.476	9239	0.909
GPANK1	-2.57	8	0.06	0.524	8815	0.966	0.476	9238	0.909
RCAN3	-2.57	8	0.06	0.524	8816	0.966	0.476	9237	0.909
KLHL24	-2.57	8	0.06	0.524	8817	0.966	0.476	9236	0.909
FAM185A	-2.57	8	0.06	0.524	8818	0.966	0.476	9235	0.909
MISP	-2.57	8	0.06	0.524	8819	0.966	0.476	9234	0.909
S100G	-1.82	4	0.06	0.524	8820	0.966	0.476	9233	0.909
ZSCAN4	-2.57	8	0.06	0.524	8821	0.966	0.476	9232	0.909
GALP	-2.57	8	0.06	0.524	8822	0.966	0.476	9231	0.909
AK8	-2.57	8	0.06	0.524	8823	0.966	0.476	9230	0.909
EMCN	-2.56	8	0.06	0.524	8824	0.966	0.476	9229	0.909
PTH	-2.56	8	0.06	0.525	8825	0.966	0.475	9228	0.909
MIF4GD	-2.56	8	0.06	0.525	8826	0.966	0.475	9227	0.909
WDR96	-2.56	8	0.06	0.525	8827	0.966	0.475	9226	0.909
ADCK5	-2.22	6	0.06	0.525	8828	0.966	0.475	9225	0.909
RBFOX1	-2.22	6	0.06	0.525	8829	0.966	0.475	9224	0.909
FAM184A	-2.56	8	0.06	0.525	8830	0.966	0.475	9223	0.909
DBI	-2.56	8	0.06	0.525	8831	0.966	0.475	9222	0.909
CCDC66	-2.56	8	0.06	0.525	8832	0.966	0.475	9221	0.909
DPP3	-2.56	8	0.06	0.525	8833	0.966	0.475	9220	0.909
ZNF805	-2.56	8	0.06	0.525	8834	0.966	0.475	9219	0.909
FOXP2	-2.56	8	0.06	0.525	8835	0.966	0.475	9218	0.909
KLF17	-2.56	8	0.06	0.525	8836	0.966	0.475	9217	0.909
CEP85	-2.56	8	0.06	0.525	8837	0.966	0.475	9216	0.909
NOP10	-2.56	8	0.06	0.525	8838	0.966	0.475	9215	0.909
PGK2	-2.56	8	0.06	0.525	8839	0.966	0.475	9214	0.909
ECEL1	-2.56	8	0.06	0.525	8840	0.966	0.475	9213	0.909
ASAP1	-2.56	8	0.06	0.525	8841	0.966	0.475	9212	0.909
CCDC167	-2.21	6	0.06	0.525	8842	0.966	0.475	9211	0.909
PDIA6	-2.55	8	0.06	0.525	8843	0.966	0.475	9210	0.909
CNIH4	-2.55	8	0.06	0.526	8844	0.966	0.474	9209	0.909
TEX13A	-2.55	8	0.06	0.526	8845	0.966	0.474	9208	0.909
FOCAD	-2.55	8	0.06	0.526	8846	0.966	0.474	9207	0.909
METTL22	-2.55	8	0.06	0.526	8847	0.966	0.474	9206	0.909
KAZN	-2.55	8	0.06	0.526	8848	0.966	0.474	9205	0.909
CHAD	-2.55	8	0.06	0.526	8849	0.966	0.474	9204	0.909
PPP3R1	-1.80	4	0.06	0.526	8850	0.966	0.474	9203	0.909
C11orf70	-2.55	8	0.06	0.526	8851	0.966	0.474	9202	0.909
OR5M11	-2.55	8	0.07	0.526	8852	0.966	0.474	9201	0.909
TEX35	-2.55	8	0.07	0.526	8853	0.966	0.474	9200	0.909
FCHSD2	-2.55	8	0.07	0.526	8854	0.966	0.474	9199	0.909
TG	-2.55	8	0.07	0.526	8855	0.966	0.474	9198	0.909
NRAP	-2.55	8	0.07	0.526	8856	0.966	0.474	9197	0.909
EIF4EBP1	-2.55	8	0.07	0.526	8857	0.966	0.474	9196	0.909
CDHR5	-2.55	8	0.07	0.526	8858	0.966	0.474	9195	0.909
WASL	-2.55	8	0.07	0.526	8859	0.966	0.474	9194	0.909
TOMM34	-2.55	8	0.07	0.526	8860	0.966	0.474	9193	0.909
HSPA2	-2.55	8	0.07	0.526	8861	0.966	0.474	9192	0.909
TTC19	-2.55	8	0.07	0.526	8862	0.966	0.474	9191	0.909
PIAS2	-2.55	8	0.07	0.526	8863	0.966	0.474	9190	0.909
ASH1L	-2.55	8	0.07	0.526	8864	0.966	0.474	9189	0.909
KIF6	-2.54	8	0.07	0.526	8865	0.966	0.474	9188	0.909
MCL1	-2.54	8	0.07	0.527	8866	0.966	0.473	9187	0.909
VIT	-2.54	8	0.07	0.527	8867	0.966	0.473	9186	0.909
IGSF9	-2.54	8	0.07	0.527	8868	0.966	0.473	9185	0.909
PRDM11	-2.54	8	0.07	0.527	8869	0.966	0.473	9184	0.909
TMEM44	-2.54	8	0.07	0.527	8870	0.966	0.473	9183	0.909
UQCRB	-1.27	2	0.07	0.527	8871	0.966	0.473	9182	0.909
MYB	-2.54	8	0.07	0.527	8872	0.966	0.473	9181	0.909
ATOH1	-2.54	8	0.07	0.527	8873	0.966	0.473	9180	0.909
CD160	-2.54	8	0.07	0.527	8874	0.966	0.473	9179	0.909
TCF15	-2.54	8	0.07	0.527	8875	0.966	0.473	9178	0.909
UBE2O	-2.54	8	0.07	0.527	8876	0.966	0.473	9177	0.909
YBEY	-2.54	8	0.07	0.527	8877	0.966	0.473	9176	0.909
SIGIRR	-2.54	8	0.07	0.527	8878	0.966	0.473	9175	0.909
AHSA2	-2.54	8	0.07	0.527	8879	0.966	0.473	9174	0.909
NDST3	-2.54	8	0.07	0.527	8880	0.966	0.473	9173	0.909
C4orf29	-2.54	8	0.07	0.527	8881	0.966	0.473	9172	0.909
HPRT1	-2.54	8	0.07	0.527	8882	0.966	0.473	9171	0.909
GK2	-2.54	8	0.07	0.527	8883	0.966	0.473	9170	0.909
OR51B5	-2.54	8	0.07	0.527	8884	0.966	0.473	9169	0.909
DCST1	-2.54	8	0.07	0.527	8885	0.966	0.473	9168	0.909
ZSCAN32	-2.53	8	0.07	0.527	8886	0.966	0.473	9167	0.909
HSH2D	-2.53	8	0.07	0.527	8887	0.966	0.473	9166	0.909
C19orf73	-2.53	8	0.07	0.527	8888	0.966	0.473	9165	0.909
GNPAT	-2.37	7	0.07	0.528	8889	0.966	0.472	9164	0.909
MAGEB16	-2.53	8	0.07	0.528	8890	0.966	0.472	9163	0.909
OR6Q1	-2.53	8	0.07	0.528	8891	0.966	0.472	9162	0.909
CD84	-2.53	8	0.07	0.528	8892	0.966	0.472	9161	0.909
GYPB	-1.27	2	0.07	0.528	8893	0.966	0.472	9160	0.909
GSDMC	-2.53	8	0.07	0.528	8894	0.966	0.472	9159	0.909
SLC37A1	-2.53	8	0.07	0.528	8895	0.966	0.472	9158	0.909
KLK6	-2.53	8	0.07	0.528	8896	0.966	0.472	9157	0.909
ZNF208	-2.53	8	0.07	0.528	8897	0.966	0.472	9156	0.909
ARID4A	-2.53	8	0.07	0.528	8898	0.966	0.472	9155	0.909
SERPINB5	-2.53	8	0.07	0.528	8899	0.966	0.472	9154	0.909
TAPBP	-2.53	8	0.07	0.528	8900	0.966	0.472	9153	0.909
ERN2	-2.53	8	0.07	0.528	8901	0.966	0.472	9152	0.909
TRHR	-2.53	8	0.07	0.528	8902	0.966	0.472	9151	0.909
VN1R1	-2.53	8	0.07	0.528	8903	0.966	0.472	9150	0.909
CCDC158	-2.52	8	0.07	0.528	8904	0.966	0.472	9149	0.909
PXDN	-2.52	8	0.07	0.528	8905	0.966	0.472	9148	0.909
IFI16	-2.52	8	0.07	0.528	8906	0.966	0.472	9147	0.909
CHRNA6	-2.52	8	0.07	0.528	8907	0.966	0.472	9146	0.909
MAPK14	-2.52	8	0.07	0.528	8908	0.966	0.472	9145	0.909
LSMEM2	-2.52	8	0.07	0.529	8909	0.966	0.471	9144	0.909
OMG	-2.52	8	0.07	0.529	8910	0.966	0.471	9143	0.909
SFT2D1	-2.52	8	0.07	0.529	8911	0.966	0.471	9142	0.909
C19orf33	-2.52	8	0.07	0.529	8912	0.966	0.471	9141	0.909
OR10H5	-2.52	8	0.07	0.529	8913	0.966	0.471	9140	0.909
C18orf54	-2.52	8	0.07	0.529	8914	0.966	0.471	9139	0.909
MMP13	-2.52	8	0.07	0.529	8915	0.966	0.471	9138	0.909
KLHL28	-2.52	8	0.07	0.529	8916	0.966	0.471	9137	0.909
FAM3D	-2.52	8	0.07	0.529	8917	0.966	0.471	9136	0.909
SPEF1	-2.52	8	0.07	0.529	8918	0.966	0.471	9135	0.909
TLR8	-2.52	8	0.07	0.529	8919	0.966	0.471	9134	0.909
MYOG	-2.52	8	0.07	0.529	8920	0.966	0.471	9133	0.909
PKP3	-2.35	7	0.07	0.529	8921	0.966	0.471	9132	0.909
UBASH3B	-2.52	8	0.07	0.529	8922	0.966	0.471	9131	0.909
FAM53A	-2.52	8	0.07	0.529	8923	0.966	0.471	9130	0.909
ZNF525	-1.26	2	0.07	0.529	8924	0.966	0.471	9129	0.909
PIK3R5	-2.51	8	0.07	0.529	8925	0.966	0.471	9128	0.909
LMF1	-2.51	8	0.07	0.529	8926	0.966	0.471	9127	0.909
SFTPA2	-1.78	4	0.07	0.529	8927	0.966	0.471	9126	0.909
YIPF1	-2.51	8	0.07	0.529	8928	0.966	0.471	9125	0.909
PLIN5	-2.51	8	0.07	0.529	8929	0.966	0.471	9124	0.909
SLC25A4	-2.51	8	0.07	0.529	8930	0.966	0.471	9123	0.909
ASPRV1	-2.51	8	0.07	0.53	8931	0.966	0.47	9122	0.909
ADAMTSL5	-2.51	8	0.07	0.53	8932	0.966	0.47	9121	0.909
ALG3	-2.51	8	0.07	0.53	8933	0.966	0.47	9120	0.909
DKK4	-2.51	8	0.07	0.53	8934	0.966	0.47	9119	0.909
POLD1	-2.51	8	0.08	0.53	8935	0.966	0.47	9118	0.909
KDM4D	-2.51	8	0.08	0.53	8936	0.966	0.47	9117	0.909
FBXO15	-2.51	8	0.08	0.53	8937	0.966	0.47	9116	0.909
CNPPD1	-2.51	8	0.08	0.53	8938	0.966	0.47	9115	0.909
TTC8	-2.51	8	0.08	0.53	8939	0.966	0.47	9114	0.909
PDIK1L	-2.51	8	0.08	0.53	8940	0.966	0.47	9113	0.909
ARPC2	-2.51	8	0.08	0.53	8941	0.966	0.47	9112	0.909
OR52N4	-2.50	8	0.08	0.53	8942	0.966	0.47	9111	0.909
C1orf53	-2.50	8	0.08	0.53	8943	0.966	0.47	9110	0.909
TEK	-2.50	8	0.08	0.531	8944	0.966	0.469	9109	0.909
TRIM44	-2.50	8	0.08	0.531	8945	0.966	0.469	9108	0.909
EXOC6	-2.50	8	0.08	0.531	8946	0.966	0.469	9107	0.909
STK35	-2.50	8	0.08	0.531	8947	0.966	0.469	9106	0.909
SPNS2	-2.50	8	0.08	0.531	8948	0.966	0.469	9105	0.909
TBC1D14	-2.50	8	0.08	0.531	8949	0.966	0.469	9104	0.909
ZNF823	-2.50	8	0.08	0.531	8950	0.966	0.469	9103	0.909
GRHL3	-2.50	8	0.08	0.531	8951	0.966	0.469	9102	0.909
C7orf72	-2.50	8	0.08	0.531	8952	0.966	0.469	9101	0.909
OSTM1	-2.50	8	0.08	0.531	8953	0.966	0.469	9100	0.909
C20orf85	-2.50	8	0.08	0.531	8954	0.966	0.469	9099	0.909
SLC26A4	-2.50	8	0.08	0.531	8955	0.966	0.469	9098	0.909
FAM212B	-2.50	8	0.08	0.531	8956	0.966	0.469	9097	0.909
ZBED5	-2.50	8	0.08	0.531	8957	0.966	0.469	9096	0.909
NMRK2	-2.50	8	0.08	0.531	8958	0.966	0.469	9095	0.909
TTC29	-2.50	8	0.08	0.531	8959	0.966	0.469	9094	0.909
CCDC69	-2.50	8	0.08	0.531	8960	0.966	0.469	9093	0.909
ALOX5	-2.50	8	0.08	0.531	8961	0.966	0.469	9092	0.909
COLEC11	-2.50	8	0.08	0.531	8962	0.966	0.469	9091	0.909
ID2	-2.50	8	0.08	0.531	8963	0.966	0.469	9090	0.909
GSG1	-2.50	8	0.08	0.531	8964	0.966	0.469	9089	0.909
GUCY2C	-2.50	8	0.08	0.531	8965	0.966	0.469	9088	0.909
ZG16	-2.50	8	0.08	0.531	8966	0.966	0.469	9087	0.909
BBS1	-2.49	8	0.08	0.531	8967	0.966	0.469	9086	0.909
WTIP	-2.49	8	0.08	0.531	8968	0.966	0.469	9085	0.909
DENND4B	-2.49	8	0.08	0.532	8969	0.966	0.468	9084	0.909
LRIG1	-2.49	8	0.08	0.532	8970	0.966	0.468	9083	0.909
SEMA7A	-2.49	8	0.08	0.532	8971	0.966	0.468	9082	0.909
PRKCE	-2.49	8	0.08	0.532	8972	0.966	0.468	9081	0.909
PET100	-2.49	8	0.08	0.532	8973	0.966	0.468	9080	0.909
BBS5	-2.49	8	0.08	0.532	8974	0.966	0.468	9079	0.909
MAGEA10	-2.49	8	0.08	0.532	8975	0.966	0.468	9078	0.909
PTPN22	-2.49	8	0.08	0.532	8976	0.966	0.468	9077	0.909
SLC7A2	-2.49	8	0.08	0.532	8977	0.966	0.468	9076	0.909
CD28	-2.49	8	0.08	0.532	8978	0.966	0.468	9075	0.909
GPX7	-2.49	8	0.08	0.532	8979	0.966	0.468	9074	0.909
AHI1	-2.15	6	0.08	0.532	8980	0.966	0.468	9073	0.909
CHP2	-2.49	8	0.08	0.532	8981	0.966	0.468	9072	0.909
HHEX	-2.49	8	0.08	0.532	8982	0.966	0.468	9071	0.909
STK10	-2.49	8	0.08	0.532	8983	0.966	0.468	9070	0.909
SLC6A4	-2.49	8	0.08	0.532	8984	0.966	0.468	9069	0.909
UBALD1	-2.49	8	0.08	0.532	8985	0.966	0.468	9068	0.909
HABP4	-2.48	8	0.08	0.532	8986	0.966	0.468	9067	0.909
MICAL3	-2.48	8	0.08	0.532	8987	0.966	0.468	9066	0.909
WBP2	-2.48	8	0.08	0.532	8988	0.966	0.468	9065	0.909
BAG2	-2.48	8	0.08	0.533	8989	0.966	0.467	9064	0.909
ZNF749	-2.48	8	0.08	0.533	8990	0.966	0.467	9063	0.909
NAT2	-2.48	8	0.08	0.533	8991	0.966	0.467	9062	0.909
ERGIC1	-2.48	8	0.08	0.533	8992	0.966	0.467	9061	0.909
GFPT1	-2.48	8	0.08	0.533	8993	0.966	0.467	9060	0.909
BEX4	-2.48	8	0.08	0.533	8994	0.966	0.467	9059	0.909
FUT2	-2.48	8	0.08	0.533	8995	0.966	0.467	9058	0.909
AMDHD2	-2.48	8	0.08	0.533	8996	0.966	0.467	9057	0.909
TRPC3	-2.15	6	0.08	0.533	8997	0.966	0.467	9056	0.909
LSM14A	-2.48	8	0.08	0.533	8998	0.966	0.467	9055	0.909
PRKCQ	-2.48	8	0.08	0.533	8999	0.966	0.467	9054	0.909
ENAH	-2.48	8	0.08	0.533	9000	0.966	0.467	9053	0.909
APOE	-2.48	8	0.08	0.533	9001	0.966	0.467	9052	0.909
CHAC2	-2.48	8	0.08	0.533	9002	0.966	0.467	9051	0.909
TDRD5	-2.48	8	0.08	0.533	9003	0.966	0.467	9050	0.909
PRR13	-2.48	8	0.08	0.533	9004	0.966	0.467	9049	0.909
GPR97	-2.47	8	0.08	0.533	9005	0.966	0.467	9048	0.909
SOCS7	-2.47	8	0.08	0.534	9006	0.966	0.466	9047	0.909
FBXO31	-2.47	8	0.08	0.534	9007	0.966	0.466	9046	0.909
CYP2A6	-1.24	2	0.08	0.534	9008	0.966	0.466	9045	0.909
CYP2B6	-2.47	8	0.08	0.534	9009	0.966	0.466	9044	0.909
ANKRD65	-2.47	8	0.08	0.534	9010	0.966	0.466	9043	0.909
JAM2	-2.14	6	0.08	0.534	9011	0.966	0.466	9042	0.909
ENTPD7	-2.47	8	0.09	0.534	9012	0.966	0.466	9041	0.909
SP140	-2.47	8	0.09	0.534	9013	0.966	0.466	9040	0.909
FRMD7	-2.47	8	0.09	0.534	9014	0.966	0.466	9039	0.909
LDOC1L	-2.47	8	0.09	0.534	9015	0.966	0.466	9038	0.909
DCAF12L1	-2.47	8	0.09	0.534	9016	0.966	0.466	9037	0.909
MSMO1	-2.47	8	0.09	0.534	9017	0.966	0.466	9036	0.909
MAOA	-2.47	8	0.09	0.534	9018	0.966	0.466	9035	0.909
ZMYM6NB	-2.47	8	0.09	0.534	9019	0.966	0.466	9034	0.909
PITX3	-2.46	8	0.09	0.534	9020	0.966	0.466	9033	0.909
C9orf47	-2.46	8	0.09	0.534	9021	0.966	0.466	9032	0.909
SMIM14	-2.46	8	0.09	0.534	9022	0.966	0.466	9031	0.909
ABCA5	-2.46	8	0.09	0.534	9023	0.966	0.466	9030	0.909
CCDC173	-2.46	8	0.09	0.534	9024	0.966	0.466	9029	0.909
TNIP3	-2.46	8	0.09	0.534	9025	0.966	0.466	9028	0.909
PKP1	-2.46	8	0.09	0.535	9026	0.966	0.465	9027	0.909
C9orf40	-2.46	8	0.09	0.535	9027	0.966	0.465	9026	0.909
UBQLNL	-2.46	8	0.09	0.535	9028	0.966	0.465	9025	0.909
SOX11	-2.46	8	0.09	0.535	9029	0.966	0.465	9024	0.909
C2orf57	-2.46	8	0.09	0.535	9030	0.966	0.465	9023	0.909
ARHGAP5	-2.46	8	0.09	0.535	9031	0.966	0.465	9022	0.909
SEC11A	-2.46	8	0.09	0.535	9032	0.966	0.465	9021	0.909
RGS18	-2.13	6	0.09	0.535	9033	0.966	0.465	9020	0.909
HTR6	-2.46	8	0.09	0.535	9034	0.966	0.465	9019	0.909
TMEM39B	-2.46	8	0.09	0.535	9035	0.966	0.465	9018	0.909
TEKT1	-2.46	8	0.09	0.535	9036	0.966	0.465	9017	0.909
GUCA1C	-2.46	8	0.09	0.535	9037	0.966	0.465	9016	0.909
UTS2R	-2.46	8	0.09	0.535	9038	0.966	0.465	9015	0.909
PILRB	-2.46	8	0.09	0.535	9039	0.966	0.465	9014	0.909
APOL3	-2.46	8	0.09	0.535	9040	0.966	0.465	9013	0.909
C6orf118	-2.46	8	0.09	0.535	9041	0.966	0.465	9012	0.909
AGPAT9	-2.45	8	0.09	0.535	9042	0.966	0.465	9011	0.909
CCT6B	-2.45	8	0.09	0.535	9043	0.966	0.465	9010	0.909
BARHL2	-2.45	8	0.09	0.535	9044	0.966	0.465	9009	0.909
PDGFD	-2.45	8	0.09	0.536	9045	0.966	0.464	9008	0.909
PARP3	-2.45	8	0.09	0.536	9046	0.966	0.464	9007	0.909
KLF13	-2.45	8	0.09	0.536	9047	0.966	0.464	9006	0.909
ABHD8	-2.45	8	0.09	0.536	9048	0.966	0.464	9005	0.909
NEUROG2	-2.45	8	0.09	0.536	9049	0.966	0.464	9004	0.909
PGM5	-2.45	8	0.09	0.536	9050	0.966	0.464	9003	0.909
SCGN	-2.45	8	0.09	0.536	9051	0.966	0.464	9002	0.909
HDAC10	-2.45	8	0.09	0.536	9052	0.966	0.464	9001	0.909
OCRL	-2.45	8	0.09	0.536	9053	0.966	0.464	9000	0.909
AZIN1	-2.45	8	0.09	0.536	9054	0.966	0.464	8999	0.909
BLOC1S2	-2.45	8	0.09	0.536	9055	0.966	0.464	8998	0.909
TECPR1	-2.45	8	0.09	0.536	9056	0.966	0.464	8997	0.909
OLIG1	-2.45	8	0.09	0.536	9057	0.966	0.464	8996	0.909
OXTR	-2.45	8	0.09	0.536	9058	0.966	0.464	8995	0.909
TLR4	-2.45	8	0.09	0.536	9059	0.966	0.464	8994	0.909
MYOM3	-2.45	8	0.09	0.536	9060	0.966	0.464	8993	0.909
ZNF256	-2.44	8	0.09	0.536	9061	0.966	0.464	8992	0.909
PPOX	-2.12	6	0.09	0.536	9062	0.966	0.464	8991	0.909
GFRA2	-2.44	8	0.09	0.536	9063	0.966	0.464	8990	0.909
ZNRF4	-2.44	8	0.09	0.537	9064	0.966	0.463	8989	0.909
CYP4A11	-2.11	6	0.09	0.537	9065	0.966	0.463	8988	0.909
PLSCR1	-2.44	8	0.09	0.537	9066	0.966	0.463	8987	0.909
USF2	-2.44	8	0.09	0.537	9067	0.966	0.463	8986	0.909
OTUB2	-2.44	8	0.09	0.537	9068	0.966	0.463	8985	0.909
C2CD4D	-2.44	8	0.09	0.537	9069	0.966	0.463	8984	0.909
S100A2	-2.44	8	0.09	0.537	9070	0.966	0.463	8983	0.909
PPP1R42	-2.44	8	0.09	0.537	9071	0.966	0.463	8982	0.909
NME3	-2.44	8	0.09	0.537	9072	0.966	0.463	8981	0.909
FAM102B	-2.44	8	0.09	0.537	9073	0.966	0.463	8980	0.909
CYP4A22	-1.22	2	0.09	0.537	9074	0.966	0.463	8979	0.909
OR5D16	-2.44	8	0.09	0.537	9075	0.966	0.463	8978	0.909
ECHDC3	-2.43	8	0.09	0.537	9076	0.966	0.463	8977	0.909
TSPAN11	-2.43	8	0.09	0.537	9077	0.966	0.463	8976	0.909
CXCR1	-2.43	8	0.09	0.537	9078	0.966	0.463	8975	0.909
ORAI2	-2.43	8	0.09	0.537	9079	0.966	0.463	8974	0.909
FUOM	-2.43	8	0.09	0.537	9080	0.966	0.463	8973	0.909
CLIP1	-2.43	8	0.09	0.538	9081	0.966	0.462	8972	0.909
AC091801.1	-2.28	7	0.09	0.538	9082	0.966	0.462	8971	0.909
PRR15	-2.43	8	0.09	0.538	9083	0.966	0.462	8970	0.909
SPATA25	-2.43	8	0.09	0.538	9084	0.966	0.462	8969	0.909
OR5B3	-2.27	7	0.09	0.538	9085	0.966	0.462	8968	0.909
CHIC2	-2.43	8	0.09	0.538	9086	0.966	0.462	8967	0.909
USP25	-2.43	8	0.09	0.538	9087	0.966	0.462	8966	0.909
TPD52L3	-2.43	8	0.09	0.538	9088	0.966	0.462	8965	0.909
PDCD4	-2.43	8	0.09	0.538	9089	0.966	0.462	8964	0.909
EDEM1	-2.43	8	0.09	0.538	9090	0.966	0.462	8963	0.909
ANGEL1	-2.43	8	0.09	0.538	9091	0.966	0.462	8962	0.909
SAC3D1	-2.43	8	0.10	0.538	9092	0.966	0.462	8961	0.909
SDCBP	-2.43	8	0.10	0.538	9093	0.966	0.462	8960	0.909
ZNF415	-2.43	8	0.10	0.538	9094	0.966	0.462	8959	0.909
KIAA1191	-2.43	8	0.10	0.538	9095	0.966	0.462	8958	0.909
CHMP1B	-2.43	8	0.10	0.538	9096	0.966	0.462	8957	0.909
UTRN	-2.43	8	0.10	0.538	9097	0.966	0.462	8956	0.909
DHRS7C	-2.43	8	0.10	0.538	9098	0.966	0.462	8955	0.909
CAPN3	-2.43	8	0.10	0.538	9099	0.966	0.462	8954	0.909
C4orf3	-2.42	8	0.10	0.538	9100	0.966	0.462	8953	0.909
B4GALT6	-2.42	8	0.10	0.538	9101	0.966	0.462	8952	0.909
KCNB1	-2.42	8	0.10	0.538	9102	0.966	0.462	8951	0.909
MYH8	-2.42	8	0.10	0.538	9103	0.966	0.462	8950	0.909
KLHL17	-2.42	8	0.10	0.539	9104	0.966	0.461	8949	0.909
BBS7	-2.42	8	0.10	0.539	9105	0.966	0.461	8948	0.909
INPP1	-2.42	8	0.10	0.539	9106	0.966	0.461	8947	0.909
CLVS1	-2.42	8	0.10	0.539	9107	0.966	0.461	8946	0.909
CDX4	-2.42	8	0.10	0.539	9108	0.966	0.461	8945	0.909
CNTN2	-2.42	8	0.10	0.539	9109	0.966	0.461	8944	0.909
ACTN4	-2.42	8	0.10	0.539	9110	0.966	0.461	8943	0.909
ZYG11B	-2.42	8	0.10	0.539	9111	0.966	0.461	8942	0.909
RP11-408E5.4	-1.71	4	0.10	0.539	9112	0.966	0.461	8941	0.909
NDN	-2.42	8	0.10	0.539	9113	0.966	0.461	8940	0.909
SOS2	-2.42	8	0.10	0.539	9114	0.966	0.461	8939	0.909
CISD2	-2.42	8	0.10	0.539	9115	0.966	0.461	8938	0.909
SPAG16	-2.42	8	0.10	0.539	9116	0.966	0.461	8937	0.909
ECI1	-2.42	8	0.10	0.539	9117	0.966	0.461	8936	0.909
OR1A1	-2.42	8	0.10	0.539	9118	0.966	0.461	8935	0.909
C2orf42	-2.42	8	0.10	0.539	9119	0.966	0.461	8934	0.909
CACNA1B	-2.42	8	0.10	0.539	9120	0.966	0.461	8933	0.909
VPS53	-2.42	8	0.10	0.539	9121	0.966	0.461	8932	0.909
ZNF341	-2.41	8	0.10	0.539	9122	0.966	0.461	8931	0.909
SDC2	-2.41	8	0.10	0.539	9123	0.966	0.461	8930	0.909
PRDM13	-2.41	8	0.10	0.539	9124	0.966	0.461	8929	0.909
KCNG3	-2.41	8	0.10	0.539	9125	0.966	0.461	8928	0.909
CD8B	-2.41	8	0.10	0.539	9126	0.966	0.461	8927	0.909
ZNF416	-2.41	8	0.10	0.539	9127	0.966	0.461	8926	0.909
CEACAM18	-2.41	8	0.10	0.54	9128	0.966	0.46	8925	0.909
GGN	-2.41	8	0.10	0.54	9129	0.966	0.46	8924	0.909
DSC1	-2.41	8	0.10	0.54	9130	0.966	0.46	8923	0.909
GUCY1B3	-2.41	8	0.10	0.54	9131	0.966	0.46	8922	0.909
C1orf94	-2.41	8	0.10	0.54	9132	0.966	0.46	8921	0.909
GPRIN3	-2.41	8	0.10	0.54	9133	0.966	0.46	8920	0.909
GKAP1	-2.41	8	0.10	0.54	9134	0.966	0.46	8919	0.909
ASPA	-2.41	8	0.10	0.54	9135	0.966	0.46	8918	0.909
C5orf48	-2.41	8	0.10	0.54	9136	0.966	0.46	8917	0.909
NEDD9	-2.41	8	0.10	0.54	9137	0.966	0.46	8916	0.909
HS3ST5	-2.41	8	0.10	0.54	9138	0.966	0.46	8915	0.909
MED24	-2.41	8	0.10	0.54	9139	0.966	0.46	8914	0.909
KCTD4	-2.41	8	0.10	0.54	9140	0.966	0.46	8913	0.909
PHYHIP	-2.41	8	0.10	0.54	9141	0.966	0.46	8912	0.909
ZSWIM3	-2.41	8	0.10	0.54	9142	0.966	0.46	8911	0.909
PDCL3	-2.41	8	0.10	0.54	9143	0.966	0.46	8910	0.909
FAM65A	-2.41	8	0.10	0.54	9144	0.966	0.46	8909	0.909
GPR22	-2.41	8	0.10	0.54	9145	0.966	0.46	8908	0.909
FBXO8	-2.41	8	0.10	0.54	9146	0.966	0.46	8907	0.909
SLC28A3	-2.41	8	0.10	0.54	9147	0.966	0.46	8906	0.909
CEACAM4	-2.41	8	0.10	0.54	9148	0.966	0.46	8905	0.909
SHISA2	-2.41	8	0.10	0.54	9149	0.966	0.46	8904	0.909
APOBEC3B	-2.41	8	0.10	0.54	9150	0.966	0.46	8903	0.909
FXYD5	-2.40	8	0.10	0.54	9151	0.966	0.46	8902	0.909
ARID1A	-2.40	8	0.10	0.54	9152	0.966	0.46	8901	0.909
FGF18	-2.40	8	0.10	0.541	9153	0.966	0.459	8900	0.909
TRMT44	-2.40	8	0.10	0.541	9154	0.966	0.459	8899	0.909
NIF3L1	-2.40	8	0.10	0.541	9155	0.966	0.459	8898	0.909
PDZD4	-2.40	8	0.10	0.541	9156	0.966	0.459	8897	0.909
RRN3	-2.40	8	0.10	0.541	9157	0.966	0.459	8896	0.909
DIP2A	-2.40	8	0.10	0.541	9158	0.966	0.459	8895	0.909
SEMA3E	-2.40	8	0.10	0.541	9159	0.966	0.459	8894	0.909
GORASP2	-2.40	8	0.10	0.541	9160	0.966	0.459	8893	0.909
TRIP11	-2.40	8	0.10	0.541	9161	0.966	0.459	8892	0.909
SERPINF2	-2.40	8	0.10	0.541	9162	0.966	0.459	8891	0.909
FOXP3	-2.40	8	0.10	0.541	9163	0.966	0.459	8890	0.909
HOXD4	-2.40	8	0.10	0.541	9164	0.966	0.459	8889	0.909
AC016722.1	-2.40	8	0.10	0.541	9165	0.966	0.459	8888	0.909
SCLY	-2.40	8	0.10	0.541	9166	0.966	0.459	8887	0.909
ZBTB7A	-2.40	8	0.10	0.541	9167	0.966	0.459	8886	0.909
KIAA1161	-2.40	8	0.10	0.541	9168	0.966	0.459	8885	0.909
ACTRT2	-2.40	8	0.10	0.541	9169	0.966	0.459	8884	0.909
SMIM7	-2.40	8	0.10	0.541	9170	0.966	0.459	8883	0.909
FAM122B	-2.40	8	0.10	0.541	9171	0.966	0.459	8882	0.909
FDX1	-2.39	8	0.10	0.541	9172	0.966	0.459	8881	0.909
TRIT1	-2.39	8	0.10	0.541	9173	0.966	0.459	8880	0.909
FZD6	-2.39	8	0.10	0.541	9174	0.966	0.459	8879	0.909
TRPV3	-2.39	8	0.10	0.542	9175	0.966	0.458	8878	0.909
FRAS1	-2.39	8	0.10	0.542	9176	0.966	0.458	8877	0.909
PRDM16	-2.39	8	0.10	0.542	9177	0.966	0.458	8876	0.909
DYNC2LI1	-2.39	8	0.10	0.542	9178	0.966	0.458	8875	0.909
TMC1	-2.39	8	0.10	0.542	9179	0.966	0.458	8874	0.909
KALRN	-2.39	8	0.10	0.542	9180	0.966	0.458	8873	0.909
SLC25A44	-2.39	8	0.10	0.542	9181	0.966	0.458	8872	0.909
CCDC73	-2.39	8	0.10	0.542	9182	0.966	0.458	8871	0.909
NEO1	-2.39	8	0.10	0.542	9183	0.966	0.458	8870	0.909
C9orf66	-2.39	8	0.11	0.542	9184	0.966	0.458	8869	0.909
BTN3A1	-2.39	8	0.11	0.542	9185	0.966	0.458	8868	0.909
MYO5C	-2.39	8	0.11	0.542	9186	0.966	0.458	8867	0.909
OR2J3	-2.39	8	0.11	0.542	9187	0.966	0.458	8866	0.909
TP53I11	-2.39	8	0.11	0.542	9188	0.966	0.458	8865	0.909
HSPA12B	-2.38	8	0.11	0.543	9189	0.966	0.457	8864	0.909
SLC35B3	-2.38	8	0.11	0.543	9190	0.966	0.457	8863	0.909
KPNA7	-2.38	8	0.11	0.543	9191	0.966	0.457	8862	0.909
C1orf123	-2.38	8	0.11	0.543	9192	0.966	0.457	8861	0.909
ZNF225	-2.23	7	0.11	0.543	9193	0.966	0.457	8860	0.909
STEAP3	-2.38	8	0.11	0.543	9194	0.966	0.457	8859	0.909
ZNF324	-2.38	8	0.11	0.543	9195	0.966	0.457	8858	0.909
LECT2	-2.38	8	0.11	0.543	9196	0.966	0.457	8857	0.909
SRSF6	-2.38	8	0.11	0.543	9197	0.966	0.457	8856	0.909
SORCS3	-2.38	8	0.11	0.543	9198	0.966	0.457	8855	0.909
TATDN3	-2.38	8	0.11	0.543	9199	0.966	0.457	8854	0.909
CHST14	-2.38	8	0.11	0.543	9200	0.966	0.457	8853	0.909
KNOP1	-2.38	8	0.11	0.543	9201	0.966	0.457	8852	0.909
C1orf145	-1.19	2	0.11	0.543	9202	0.966	0.457	8851	0.909
UNC45A	-2.38	8	0.11	0.543	9203	0.966	0.457	8850	0.909
PEA15	-2.38	8	0.11	0.543	9204	0.966	0.457	8849	0.909
PARVG	-2.38	8	0.11	0.543	9205	0.966	0.457	8848	0.909
CREM	-2.38	8	0.11	0.543	9206	0.966	0.457	8847	0.909
AGBL2	-2.38	8	0.11	0.543	9207	0.966	0.457	8846	0.909
EMC9	-2.37	8	0.11	0.543	9208	0.966	0.457	8845	0.909
IBSP	-2.37	8	0.11	0.543	9209	0.966	0.457	8844	0.909
CEBPG	-2.37	8	0.11	0.543	9210	0.966	0.457	8843	0.909
TMEM251	-2.37	8	0.11	0.543	9211	0.966	0.457	8842	0.909
STK24	-2.37	8	0.11	0.544	9212	0.966	0.456	8841	0.909
RTCA	-2.37	8	0.11	0.544	9213	0.966	0.456	8840	0.909
RUFY2	-2.37	8	0.11	0.544	9214	0.966	0.456	8839	0.909
MS4A2	-2.37	8	0.11	0.544	9215	0.966	0.456	8838	0.909
PLAT	-2.37	8	0.11	0.544	9216	0.966	0.456	8837	0.909
ISG15	-2.37	8	0.11	0.544	9217	0.966	0.456	8836	0.909
ANKRD33B	-2.37	8	0.11	0.544	9218	0.966	0.456	8835	0.909
HIST1H2AG	-1.18	2	0.11	0.544	9219	0.966	0.456	8834	0.909
FCRL3	-2.37	8	0.11	0.544	9220	0.966	0.456	8833	0.909
THBS2	-2.37	8	0.11	0.544	9221	0.966	0.456	8832	0.909
PSME3	-2.37	8	0.11	0.544	9222	0.966	0.456	8831	0.909
TEX33	-2.37	8	0.11	0.544	9223	0.966	0.456	8830	0.909
FZD3	-2.37	8	0.11	0.544	9224	0.966	0.456	8829	0.909
MAP2K6	-2.37	8	0.11	0.544	9225	0.966	0.456	8828	0.909
WDR93	-2.37	8	0.11	0.544	9226	0.966	0.456	8827	0.909
MICAL1	-2.37	8	0.11	0.544	9227	0.966	0.456	8826	0.909
KCNQ5	-2.37	8	0.11	0.544	9228	0.966	0.456	8825	0.909
UQCRC1	-2.37	8	0.11	0.544	9229	0.966	0.456	8824	0.909
CIITA	-2.36	8	0.11	0.544	9230	0.966	0.456	8823	0.909
ESX1	-2.36	8	0.11	0.544	9231	0.966	0.456	8822	0.909
CAPN6	-2.36	8	0.11	0.544	9232	0.966	0.456	8821	0.909
PNPLA1	-2.36	8	0.11	0.544	9233	0.966	0.456	8820	0.909
SLC9A2	-2.36	8	0.11	0.544	9234	0.966	0.456	8819	0.909
ITGAD	-2.36	8	0.11	0.545	9235	0.966	0.455	8818	0.909
PTPRK	-2.36	8	0.11	0.545	9236	0.966	0.455	8817	0.909
IL25	-2.36	8	0.11	0.545	9237	0.966	0.455	8816	0.909
RAB7L1	-2.36	8	0.11	0.545	9238	0.966	0.455	8815	0.909
CTLA4	-2.36	8	0.11	0.545	9239	0.966	0.455	8814	0.909
PATL2	-2.36	8	0.11	0.545	9240	0.966	0.455	8813	0.909
RWDD4	-2.36	8	0.11	0.545	9241	0.966	0.455	8812	0.909
LRRK1	-2.36	8	0.11	0.545	9242	0.966	0.455	8811	0.909
WRN	-2.36	8	0.11	0.545	9243	0.966	0.455	8810	0.909
RNF219	-2.36	8	0.11	0.545	9244	0.966	0.455	8809	0.909
NUPL2	-2.36	8	0.11	0.545	9245	0.966	0.455	8808	0.909
TMEM115	-2.36	8	0.11	0.545	9246	0.966	0.455	8807	0.909
NPR3	-2.36	8	0.11	0.545	9247	0.966	0.455	8806	0.909
SYCE1	-2.36	8	0.11	0.545	9248	0.966	0.455	8805	0.909
ATPAF2	-2.36	8	0.11	0.545	9249	0.966	0.455	8804	0.909
CAPN13	-2.36	8	0.11	0.545	9250	0.966	0.455	8803	0.909
ZIC2	-2.36	8	0.11	0.545	9251	0.966	0.455	8802	0.909
EEA1	-2.36	8	0.11	0.545	9252	0.966	0.455	8801	0.909
NEK5	-2.35	8	0.11	0.545	9253	0.966	0.455	8800	0.909
CCKBR	-2.35	8	0.11	0.546	9254	0.966	0.454	8799	0.909
KLC4	-2.35	8	0.12	0.546	9255	0.966	0.454	8798	0.909
CMAS	-2.35	8	0.12	0.546	9256	0.966	0.454	8797	0.909
TRAPPC12	-2.35	8	0.12	0.546	9257	0.966	0.454	8796	0.909
TMEM185B	-2.35	8	0.12	0.546	9258	0.966	0.454	8795	0.909
SCML4	-2.35	8	0.12	0.546	9259	0.966	0.454	8794	0.909
PRSS48	-2.34	8	0.12	0.546	9260	0.966	0.454	8793	0.909
ZNF786	-2.34	8	0.12	0.546	9261	0.966	0.454	8792	0.909
SMIM1	-2.34	8	0.12	0.546	9262	0.966	0.454	8791	0.909
DYRK4	-2.34	8	0.12	0.546	9263	0.966	0.454	8790	0.909
CCDC174	-2.34	8	0.12	0.547	9264	0.966	0.453	8789	0.909
C9orf84	-2.34	8	0.12	0.547	9265	0.966	0.453	8788	0.909
PIGP	-2.34	8	0.12	0.547	9266	0.966	0.453	8787	0.909
UBE4B	-2.34	8	0.12	0.547	9267	0.966	0.453	8786	0.909
KLHL6	-2.19	7	0.12	0.547	9268	0.966	0.453	8785	0.909
GALNT1	-2.34	8	0.12	0.547	9269	0.966	0.453	8784	0.909
PIWIL4	-2.34	8	0.12	0.547	9270	0.966	0.453	8783	0.909
ZNF583	-2.34	8	0.12	0.547	9271	0.966	0.453	8782	0.909
NINJ2	-2.34	8	0.12	0.547	9272	0.966	0.453	8781	0.909
GNG4	-2.34	8	0.12	0.547	9273	0.966	0.453	8780	0.909
SNAP91	-2.34	8	0.12	0.547	9274	0.966	0.453	8779	0.909
TPM1	-2.34	8	0.12	0.547	9275	0.966	0.453	8778	0.909
JUP	-2.34	8	0.12	0.547	9276	0.966	0.453	8777	0.909
LGALS8	-2.34	8	0.12	0.547	9277	0.966	0.453	8776	0.909
CCL20	-2.34	8	0.12	0.547	9278	0.966	0.453	8775	0.909
OR51D1	-2.34	8	0.12	0.547	9279	0.966	0.453	8774	0.909
GPR123	-2.34	8	0.12	0.547	9280	0.966	0.453	8773	0.909
GPA33	-2.34	8	0.12	0.547	9281	0.966	0.453	8772	0.909
DEFB135	-2.34	8	0.12	0.547	9282	0.966	0.453	8771	0.909
TRIM60	-2.34	8	0.12	0.547	9283	0.966	0.453	8770	0.909
ASAP2	-2.34	8	0.12	0.547	9284	0.966	0.453	8769	0.909
NLRP9	-2.34	8	0.12	0.547	9285	0.966	0.453	8768	0.909
CBR4	-2.34	8	0.12	0.547	9286	0.966	0.453	8767	0.909
CCDC104	-2.34	8	0.12	0.547	9287	0.966	0.453	8766	0.909
TMC4	-2.33	8	0.12	0.547	9288	0.966	0.453	8765	0.909
GLYCTK	-2.33	8	0.12	0.547	9289	0.966	0.453	8764	0.909
FAM50A	-2.33	8	0.12	0.547	9290	0.966	0.453	8763	0.909
SLITRK6	-2.33	8	0.12	0.547	9291	0.966	0.453	8762	0.909
ASRGL1	-2.33	8	0.12	0.547	9292	0.966	0.453	8761	0.909
PARD6G	-2.33	8	0.12	0.548	9293	0.966	0.452	8760	0.909
ASB9	-2.33	8	0.12	0.548	9294	0.966	0.452	8759	0.909
APBB2	-2.33	8	0.12	0.548	9295	0.966	0.452	8758	0.909
HDDC2	-2.33	8	0.12	0.548	9296	0.966	0.452	8757	0.909
ALPI	-2.33	8	0.12	0.548	9297	0.966	0.452	8756	0.909
SLAMF9	-2.33	8	0.12	0.548	9298	0.966	0.452	8755	0.909
TRIP13	-2.33	8	0.12	0.548	9299	0.966	0.452	8754	0.909
DHX30	-2.33	8	0.12	0.548	9300	0.966	0.452	8753	0.909
TAS2R7	-2.33	8	0.12	0.548	9301	0.966	0.452	8752	0.909
NAP1L3	-2.33	8	0.12	0.548	9302	0.966	0.452	8751	0.909
IL27RA	-2.33	8	0.12	0.548	9303	0.966	0.452	8750	0.909
ASUN	-2.33	8	0.12	0.548	9304	0.966	0.452	8749	0.909
AOC2	-2.33	8	0.12	0.548	9305	0.966	0.452	8748	0.909
TIGD7	-2.33	8	0.12	0.548	9306	0.966	0.452	8747	0.909
CELA2B	-2.33	8	0.12	0.548	9307	0.966	0.452	8746	0.909
C1orf204	-2.33	8	0.12	0.548	9308	0.966	0.452	8745	0.909
KIAA1239	-2.32	8	0.12	0.548	9309	0.966	0.452	8744	0.909
MT2A	-1.16	2	0.12	0.548	9310	0.966	0.452	8743	0.909
IGSF5	-2.32	8	0.12	0.548	9311	0.966	0.452	8742	0.909
PDK4	-2.32	8	0.12	0.548	9312	0.966	0.452	8741	0.909
H2AFY	-2.32	8	0.12	0.548	9313	0.966	0.452	8740	0.909
L3MBTL3	-2.32	8	0.12	0.548	9314	0.966	0.452	8739	0.909
SSNA1	-2.32	8	0.12	0.548	9315	0.966	0.452	8738	0.909
OR9Q1	-2.32	8	0.12	0.549	9316	0.966	0.451	8737	0.909
SLC13A1	-2.32	8	0.12	0.549	9317	0.966	0.451	8736	0.909
EXO1	-2.32	8	0.12	0.549	9318	0.966	0.451	8735	0.909
CD3E	-2.32	8	0.12	0.549	9319	0.966	0.451	8734	0.909
PAG1	-2.32	8	0.12	0.549	9320	0.966	0.451	8733	0.909
HIST1H4G	-2.32	8	0.12	0.549	9321	0.966	0.451	8732	0.909
CREG1	-2.32	8	0.12	0.549	9322	0.966	0.451	8731	0.909
ESAM	-2.32	8	0.12	0.549	9323	0.966	0.451	8730	0.909
C5orf51	-2.32	8	0.12	0.549	9324	0.966	0.451	8729	0.909
HOXB2	-2.32	8	0.12	0.549	9325	0.966	0.451	8728	0.909
TMEM59	-2.32	8	0.12	0.549	9326	0.966	0.451	8727	0.909
SH3BGRL	-2.32	8	0.12	0.549	9327	0.966	0.451	8726	0.909
TMEM161A	-2.32	8	0.12	0.549	9328	0.966	0.451	8725	0.909
SCAMP3	-2.31	8	0.12	0.549	9329	0.966	0.451	8724	0.909
OR1B1	-2.31	8	0.12	0.549	9330	0.966	0.451	8723	0.909
SPATA32	-2.31	8	0.12	0.549	9331	0.966	0.451	8722	0.909
ZSCAN31	-2.31	8	0.12	0.549	9332	0.966	0.451	8721	0.909
ZNF275	-2.31	8	0.12	0.549	9333	0.966	0.451	8720	0.909
TMPRSS4	-2.31	8	0.12	0.55	9334	0.966	0.45	8719	0.909
PRG3	-2.31	8	0.12	0.55	9335	0.966	0.45	8718	0.909
DENND1A	-2.31	8	0.12	0.55	9336	0.966	0.45	8717	0.909
KCNMB1	-2.31	8	0.12	0.55	9337	0.966	0.45	8716	0.909
ZNF34	-2.31	8	0.12	0.55	9338	0.966	0.45	8715	0.909
ZNF461	-2.31	8	0.12	0.55	9339	0.966	0.45	8714	0.909
CHMP2B	-2.31	8	0.12	0.55	9340	0.966	0.45	8713	0.909
CD9	-2.31	8	0.12	0.55	9341	0.966	0.45	8712	0.909
LATS1	-2.31	8	0.13	0.55	9342	0.966	0.45	8711	0.909
HSF5	-2.31	8	0.13	0.55	9343	0.966	0.45	8710	0.909
ZNF524	-2.31	8	0.13	0.55	9344	0.966	0.45	8709	0.909
MTCH2	-2.31	8	0.13	0.55	9345	0.966	0.45	8708	0.909
ALDH6A1	-2.31	8	0.13	0.55	9346	0.966	0.45	8707	0.909
AFF1	-2.31	8	0.13	0.55	9347	0.966	0.45	8706	0.909
ZNF614	-2.31	8	0.13	0.55	9348	0.966	0.45	8705	0.909
C14orf159	-2.31	8	0.13	0.55	9349	0.966	0.45	8704	0.909
GLS2	-2.31	8	0.13	0.55	9350	0.966	0.45	8703	0.909
C16orf46	-2.31	8	0.13	0.55	9351	0.966	0.45	8702	0.909
LARGE	-2.30	8	0.13	0.551	9352	0.966	0.449	8701	0.909
EOMES	-2.30	8	0.13	0.551	9353	0.966	0.449	8700	0.909
TAT	-1.99	6	0.13	0.551	9354	0.966	0.449	8699	0.909
DPF3	-2.30	8	0.13	0.551	9355	0.966	0.449	8698	0.909
PCDHGA3	-2.30	8	0.13	0.551	9356	0.966	0.449	8697	0.909
ADAMTS7	-2.30	8	0.13	0.551	9357	0.966	0.449	8696	0.909
NCF2	-2.30	8	0.13	0.551	9358	0.966	0.449	8695	0.909
SLC6A1	-2.30	8	0.13	0.551	9359	0.966	0.449	8694	0.909
TUBG2	-2.30	8	0.13	0.551	9360	0.966	0.449	8693	0.909
KRTAP5-2	-1.63	4	0.13	0.551	9361	0.966	0.449	8692	0.909
PCYOX1	-2.30	8	0.13	0.551	9362	0.966	0.449	8691	0.909
FANCB	-2.30	8	0.13	0.551	9363	0.966	0.449	8690	0.909
ZFYVE19	-2.30	8	0.13	0.551	9364	0.966	0.449	8689	0.909
GNGT1	-2.30	8	0.13	0.551	9365	0.966	0.449	8688	0.909
SPATC1	-2.30	8	0.13	0.551	9366	0.966	0.449	8687	0.909
CBLN3	-2.30	8	0.13	0.551	9367	0.966	0.449	8686	0.909
RAPGEFL1	-2.30	8	0.13	0.551	9368	0.966	0.449	8685	0.909
SLC23A3	-2.29	8	0.13	0.551	9369	0.966	0.449	8684	0.909
FOXN1	-2.29	8	0.13	0.551	9370	0.966	0.449	8683	0.909
ACAN	-2.29	8	0.13	0.551	9371	0.966	0.449	8682	0.909
PAFAH1B3	-2.29	8	0.13	0.552	9372	0.966	0.448	8681	0.909
RPS4Y2	-1.15	2	0.13	0.552	9373	0.966	0.448	8680	0.909
CEP164	-2.29	8	0.13	0.552	9374	0.966	0.448	8679	0.909
DDX58	-2.29	8	0.13	0.552	9375	0.966	0.448	8678	0.909
ZCCHC8	-2.29	8	0.13	0.552	9376	0.966	0.448	8677	0.909
C22orf46	-2.29	8	0.13	0.552	9377	0.966	0.448	8676	0.909
GJB4	-2.29	8	0.13	0.552	9378	0.966	0.448	8675	0.909
SBK2	-2.29	8	0.13	0.552	9379	0.966	0.448	8674	0.909
GNPDA2	-2.29	8	0.13	0.552	9380	0.966	0.448	8673	0.909
ITIH4	-2.29	8	0.13	0.552	9381	0.966	0.448	8672	0.909
GPR132	-2.29	8	0.13	0.552	9382	0.966	0.448	8671	0.909
TSPAN15	-2.29	8	0.13	0.552	9383	0.966	0.448	8670	0.909
CDC42SE1	-2.28	8	0.13	0.552	9384	0.966	0.448	8669	0.909
PSMF1	-2.28	8	0.13	0.552	9385	0.966	0.448	8668	0.909
IHH	-2.28	8	0.13	0.552	9386	0.966	0.448	8667	0.909
OR4C11	-2.28	8	0.13	0.552	9387	0.966	0.448	8666	0.909
NDRG2	-1.98	6	0.13	0.553	9388	0.966	0.447	8665	0.909
CYP4X1	-2.28	8	0.13	0.553	9389	0.966	0.447	8664	0.909
GBA	-2.28	8	0.13	0.553	9390	0.966	0.447	8663	0.909
ODF3L2	-2.28	8	0.13	0.553	9391	0.966	0.447	8662	0.909
SLC16A1	-2.28	8	0.13	0.553	9392	0.966	0.447	8661	0.909
SARM1	-2.28	8	0.13	0.553	9393	0.966	0.447	8660	0.909
SLC25A43	-2.28	8	0.13	0.553	9394	0.966	0.447	8659	0.909
BAI1	-2.28	8	0.13	0.553	9395	0.966	0.447	8658	0.909
CCDC155	-2.28	8	0.13	0.553	9396	0.966	0.447	8657	0.909
MITD1	-2.28	8	0.13	0.553	9397	0.966	0.447	8656	0.909
MORC4	-2.28	8	0.13	0.553	9398	0.966	0.447	8655	0.909
MTX2	-2.28	8	0.13	0.553	9399	0.966	0.447	8654	0.909
SCG5	-2.28	8	0.13	0.553	9400	0.966	0.447	8653	0.909
C14orf2	-1.61	4	0.13	0.553	9401	0.966	0.447	8652	0.909
ARFGEF2	-2.28	8	0.13	0.553	9402	0.966	0.447	8651	0.909
B3GALT2	-2.28	8	0.13	0.553	9403	0.966	0.447	8650	0.909
SLC22A8	-2.28	8	0.13	0.553	9404	0.966	0.447	8649	0.909
SCNN1G	-2.27	8	0.13	0.553	9405	0.966	0.447	8648	0.909
APOL1	-2.27	8	0.13	0.553	9406	0.966	0.447	8647	0.909
HPS1	-2.27	8	0.13	0.553	9407	0.966	0.447	8646	0.909
ABHD11	-2.27	8	0.13	0.553	9408	0.966	0.447	8645	0.909
CLEC7A	-2.27	8	0.13	0.553	9409	0.966	0.447	8644	0.909
DNAH2	-2.27	8	0.13	0.554	9410	0.966	0.446	8643	0.909
ZBTB45	-2.27	8	0.14	0.554	9411	0.966	0.446	8642	0.909
WDR72	-2.27	8	0.14	0.554	9412	0.966	0.446	8641	0.909
PHKG1	-2.27	8	0.14	0.554	9413	0.966	0.446	8640	0.909
TNFRSF17	-2.27	8	0.14	0.554	9414	0.966	0.446	8639	0.909
C3orf35	-2.27	8	0.14	0.554	9415	0.966	0.446	8638	0.909
EDDM3B	-1.96	6	0.14	0.554	9416	0.966	0.446	8637	0.909
LCE3C	-2.27	8	0.14	0.554	9417	0.966	0.446	8636	0.909
GSE1	-2.27	8	0.14	0.554	9418	0.966	0.446	8635	0.909
CRYGD	-2.26	8	0.14	0.554	9419	0.966	0.446	8634	0.909
ALDH1A2	-2.26	8	0.14	0.554	9420	0.966	0.446	8633	0.909
IMMP1L	-1.96	6	0.14	0.554	9421	0.966	0.446	8632	0.909
MYH2	-2.26	8	0.14	0.554	9422	0.966	0.446	8631	0.909
GPS2	-2.26	8	0.14	0.554	9423	0.966	0.446	8630	0.909
FYN	-2.26	8	0.14	0.554	9424	0.966	0.446	8629	0.909
SMYD2	-2.26	8	0.14	0.555	9425	0.966	0.445	8628	0.909
UQCR10	-2.26	8	0.14	0.555	9426	0.966	0.445	8627	0.909
OR4A47	-2.26	8	0.14	0.555	9427	0.966	0.445	8626	0.909
MAP2	-2.26	8	0.14	0.555	9428	0.966	0.445	8625	0.909
PPP1R12B	-2.26	8	0.14	0.555	9429	0.966	0.445	8624	0.909
ARHGAP23	-2.26	8	0.14	0.555	9430	0.966	0.445	8623	0.909
SMIM9	-2.26	8	0.14	0.555	9431	0.966	0.445	8622	0.909
SLC27A4	-2.26	8	0.14	0.555	9432	0.966	0.445	8621	0.909
C9orf72	-2.26	8	0.14	0.555	9433	0.966	0.445	8620	0.909
ZKSCAN8	-2.26	8	0.14	0.555	9434	0.966	0.445	8619	0.909
CYP3A5	-2.26	8	0.14	0.555	9435	0.966	0.445	8618	0.909
PER1	-2.26	8	0.14	0.555	9436	0.966	0.445	8617	0.909
ZNF579	-2.26	8	0.14	0.555	9437	0.966	0.445	8616	0.909
ABI1	-2.26	8	0.14	0.555	9438	0.966	0.445	8615	0.909
FAM109A	-2.26	8	0.14	0.555	9439	0.966	0.445	8614	0.909
SLC4A8	-2.26	8	0.14	0.555	9440	0.966	0.445	8613	0.909
CHFR	-2.25	8	0.14	0.555	9441	0.966	0.445	8612	0.909
CBX2	-2.25	8	0.14	0.555	9442	0.966	0.445	8611	0.909
GPR149	-2.25	8	0.14	0.555	9443	0.966	0.445	8610	0.909
GLTPD2	-2.25	8	0.14	0.556	9444	0.966	0.444	8609	0.909
TMEM163	-2.25	8	0.14	0.556	9445	0.966	0.444	8608	0.909
TDRD12	-2.25	8	0.14	0.556	9446	0.966	0.444	8607	0.909
GSG2	-2.25	8	0.14	0.556	9447	0.966	0.444	8606	0.909
TYRP1	-2.25	8	0.14	0.556	9448	0.966	0.444	8605	0.909
HDHD1	-2.25	8	0.14	0.556	9449	0.966	0.444	8604	0.909
ALG6	-2.25	8	0.14	0.556	9450	0.966	0.444	8603	0.909
WDR90	-2.25	8	0.14	0.556	9451	0.966	0.444	8602	0.909
FOXO3	-2.25	8	0.14	0.556	9452	0.966	0.444	8601	0.909
GLB1L2	-2.25	8	0.14	0.556	9453	0.966	0.444	8600	0.909
NPBWR1	-2.25	8	0.14	0.556	9454	0.966	0.444	8599	0.909
PHF3	-2.25	8	0.14	0.556	9455	0.966	0.444	8598	0.909
PTAR1	-2.25	8	0.14	0.556	9456	0.966	0.444	8597	0.909
GANC	-2.25	8	0.14	0.556	9457	0.966	0.444	8596	0.909
IL12RB2	-2.25	8	0.14	0.556	9458	0.966	0.444	8595	0.909
TTC34	-2.25	8	0.14	0.556	9459	0.966	0.444	8594	0.909
RGS10	-2.24	8	0.14	0.556	9460	0.966	0.444	8593	0.909
FAM151A	-2.24	8	0.14	0.556	9461	0.966	0.444	8592	0.909
DPPA3	-2.24	8	0.14	0.556	9462	0.966	0.444	8591	0.909
ZNF510	-2.24	8	0.14	0.556	9463	0.966	0.444	8590	0.909
CD248	-2.24	8	0.14	0.557	9464	0.966	0.443	8589	0.909
C16orf45	-2.24	8	0.14	0.557	9465	0.966	0.443	8588	0.909
TM6SF1	-2.24	8	0.14	0.557	9466	0.966	0.443	8587	0.909
LYZL4	-2.24	8	0.14	0.557	9467	0.966	0.443	8586	0.909
IGFLR1	-2.24	8	0.14	0.557	9468	0.966	0.443	8585	0.909
RS1	-2.24	8	0.14	0.557	9469	0.966	0.443	8584	0.909
NLRC5	-2.24	8	0.14	0.557	9470	0.966	0.443	8583	0.909
TLR6	-2.24	8	0.14	0.557	9471	0.966	0.443	8582	0.909
ZNF23	-2.24	8	0.14	0.557	9472	0.966	0.443	8581	0.909
RAD54B	-2.09	7	0.14	0.557	9473	0.966	0.443	8580	0.909
ZNF844	-2.24	8	0.14	0.557	9474	0.966	0.443	8579	0.909
HOXD13	-2.24	8	0.14	0.557	9475	0.966	0.443	8578	0.909
CCL27	-2.24	8	0.14	0.557	9476	0.966	0.443	8577	0.909
C2orf91	-2.24	8	0.14	0.557	9477	0.966	0.443	8576	0.909
INCA1	-2.24	8	0.14	0.557	9478	0.966	0.443	8575	0.909
CDC25A	-2.24	8	0.14	0.557	9479	0.966	0.443	8574	0.909
KRTAP6-3	-2.24	8	0.14	0.557	9480	0.966	0.443	8573	0.909
OR52B4	-2.24	8	0.14	0.557	9481	0.966	0.443	8572	0.909
HCLS1	-2.24	8	0.14	0.557	9482	0.966	0.443	8571	0.909
CLDN2	-2.24	8	0.14	0.557	9483	0.966	0.443	8570	0.909
ZNF189	-2.24	8	0.14	0.557	9484	0.966	0.443	8569	0.909
THADA	-2.23	8	0.14	0.557	9485	0.966	0.443	8568	0.909
SPATA3	-2.23	8	0.14	0.557	9486	0.966	0.443	8567	0.909
CYP1A2	-2.23	8	0.14	0.557	9487	0.966	0.443	8566	0.909
ZNF140	-2.23	8	0.14	0.557	9488	0.966	0.443	8565	0.909
ODF3	-2.23	8	0.14	0.557	9489	0.966	0.443	8564	0.909
PITHD1	-2.23	8	0.14	0.557	9490	0.966	0.443	8563	0.909
ERMARD	-2.23	8	0.14	0.557	9491	0.966	0.443	8562	0.909
GIP	-2.23	8	0.14	0.557	9492	0.966	0.443	8561	0.909
06-Sep	-2.23	8	0.14	0.557	9493	0.966	0.443	8560	0.909
MAGEE1	-2.23	8	0.14	0.558	9494	0.966	0.442	8559	0.909
CSNK2A3	-1.93	6	0.14	0.558	9495	0.966	0.442	8558	0.909
POU2F2	-2.23	8	0.14	0.558	9496	0.966	0.442	8557	0.909
ZNF713	-2.23	8	0.15	0.558	9497	0.966	0.442	8556	0.909
CD320	-2.23	8	0.15	0.558	9498	0.966	0.442	8555	0.909
RING1	-2.23	8	0.15	0.558	9499	0.966	0.442	8554	0.909
THNSL1	-2.23	8	0.15	0.558	9500	0.966	0.442	8553	0.909
USP26	-2.23	8	0.15	0.558	9501	0.966	0.442	8552	0.909
BCAP29	-2.23	8	0.15	0.558	9502	0.966	0.442	8551	0.909
NFASC	-2.23	8	0.15	0.558	9503	0.966	0.442	8550	0.909
HES1	-2.23	8	0.15	0.558	9504	0.966	0.442	8549	0.909
FMN2	-2.23	8	0.15	0.558	9505	0.966	0.442	8548	0.909
ADAT1	-2.23	8	0.15	0.558	9506	0.966	0.442	8547	0.909
CLUH	-2.22	8	0.15	0.558	9507	0.966	0.442	8546	0.909
SMAD9	-2.22	8	0.15	0.558	9508	0.966	0.442	8545	0.909
FAM104B	-2.22	8	0.15	0.558	9509	0.966	0.442	8544	0.909
SERTAD4	-2.22	8	0.15	0.558	9510	0.966	0.442	8543	0.909
CCDC3	-2.22	8	0.15	0.558	9511	0.966	0.442	8542	0.909
LDHA	-1.92	6	0.15	0.559	9512	0.966	0.441	8541	0.909
ZNF557	-2.22	8	0.15	0.559	9513	0.966	0.441	8540	0.909
RAB24	-2.22	8	0.15	0.559	9514	0.966	0.441	8539	0.909
FMN1	-2.22	8	0.15	0.559	9515	0.966	0.441	8538	0.909
ZNF488	-2.22	8	0.15	0.559	9516	0.966	0.441	8537	0.909
ZEB2	-2.22	8	0.15	0.559	9517	0.966	0.441	8536	0.909
BDKRB1	-2.22	8	0.15	0.559	9518	0.966	0.441	8535	0.909
BCKDHA	-2.22	8	0.15	0.559	9519	0.966	0.441	8534	0.909
ARHGEF19	-2.22	8	0.15	0.559	9520	0.966	0.441	8533	0.909
DNAJB12	-2.22	8	0.15	0.559	9521	0.966	0.441	8532	0.909
ZSCAN1	-2.21	8	0.15	0.559	9522	0.966	0.441	8531	0.909
SLC6A13	-2.21	8	0.15	0.559	9523	0.966	0.441	8530	0.909
BCMO1	-2.21	8	0.15	0.559	9524	0.966	0.441	8529	0.909
INO80D	-2.21	8	0.15	0.559	9525	0.966	0.441	8528	0.909
UBXN1	-2.21	8	0.15	0.559	9526	0.966	0.441	8527	0.909
DUS2	-2.21	8	0.15	0.559	9527	0.966	0.441	8526	0.909
PFN4	-1.92	6	0.15	0.56	9528	0.966	0.44	8525	0.909
STRADA	-2.21	8	0.15	0.56	9529	0.966	0.44	8524	0.909
TBC1D10A	-2.21	8	0.15	0.56	9530	0.966	0.44	8523	0.909
ST8SIA5	-2.21	8	0.15	0.56	9531	0.966	0.44	8522	0.909
CYB5R3	-2.21	8	0.15	0.56	9532	0.966	0.44	8521	0.909
CDH3	-2.21	8	0.15	0.56	9533	0.966	0.44	8520	0.909
LCN6	-2.21	8	0.15	0.56	9534	0.966	0.44	8519	0.909
SPESP1	-2.21	8	0.15	0.56	9535	0.966	0.44	8518	0.909
TMEM42	-2.21	8	0.15	0.56	9536	0.966	0.44	8517	0.909
TOP1MT	-2.21	8	0.15	0.56	9537	0.966	0.44	8516	0.909
SPINK5	-2.20	8	0.15	0.56	9538	0.966	0.44	8515	0.909
ZNF793	-2.20	8	0.15	0.56	9539	0.966	0.44	8514	0.909
NOXRED1	-2.20	8	0.15	0.56	9540	0.966	0.44	8513	0.909
MEGF10	-2.20	8	0.15	0.56	9541	0.966	0.44	8512	0.909
SLC22A9	-2.20	8	0.15	0.56	9542	0.966	0.44	8511	0.909
RAB3IP	-2.20	8	0.15	0.56	9543	0.966	0.44	8510	0.909
SNIP1	-2.20	8	0.15	0.561	9544	0.966	0.439	8509	0.909
PPM1M	-2.20	8	0.15	0.561	9545	0.966	0.439	8508	0.909
SLC26A7	-2.20	8	0.15	0.561	9546	0.966	0.439	8507	0.909
C9orf62	-2.20	8	0.15	0.561	9547	0.966	0.439	8506	0.909
HIC2	-2.20	8	0.15	0.561	9548	0.966	0.439	8505	0.909
VPS37D	-2.20	8	0.15	0.561	9549	0.966	0.439	8504	0.909
SLC15A3	-2.20	8	0.15	0.561	9550	0.966	0.439	8503	0.909
PIP	-1.56	4	0.15	0.561	9551	0.966	0.439	8502	0.909
PPP1R3G	-2.20	8	0.15	0.561	9552	0.966	0.439	8501	0.909
SLC9A3R2	-2.20	8	0.15	0.561	9553	0.966	0.439	8500	0.909
TAF15	-1.90	6	0.15	0.561	9554	0.966	0.439	8499	0.909
PCDHB2	-1.90	6	0.15	0.561	9555	0.966	0.439	8498	0.909
NAGPA	-2.20	8	0.15	0.561	9556	0.966	0.439	8497	0.909
OR2S2	-2.20	8	0.15	0.561	9557	0.966	0.439	8496	0.909
IGF1R	-2.20	8	0.15	0.561	9558	0.966	0.439	8495	0.909
TPST2	-2.20	8	0.15	0.561	9559	0.966	0.439	8494	0.909
MAGOH	-2.20	8	0.15	0.561	9560	0.966	0.439	8493	0.909
LURAP1L	-2.19	8	0.15	0.561	9561	0.966	0.439	8492	0.909
COL6A1	-2.19	8	0.15	0.561	9562	0.966	0.439	8491	0.909
CLEC17A	-2.19	8	0.15	0.561	9563	0.966	0.439	8490	0.909
ASPH	-2.19	8	0.15	0.561	9564	0.966	0.439	8489	0.909
SDCCAG3	-2.19	8	0.15	0.561	9565	0.966	0.439	8488	0.909
ZC3H12D	-2.19	8	0.15	0.561	9566	0.966	0.439	8487	0.909
CYLC1	-2.19	8	0.15	0.562	9567	0.966	0.438	8486	0.909
NXPH1	-2.19	8	0.16	0.562	9568	0.966	0.438	8485	0.909
IL17A	-2.19	8	0.16	0.562	9569	0.966	0.438	8484	0.909
GPATCH2	-2.19	8	0.16	0.562	9570	0.966	0.438	8483	0.909
PHF14	-2.19	8	0.16	0.562	9571	0.966	0.438	8482	0.909
AC016757.3	-2.19	8	0.16	0.562	9572	0.966	0.438	8481	0.909
TBPL2	-2.19	8	0.16	0.562	9573	0.966	0.438	8480	0.909
TCP10L	-2.19	8	0.16	0.562	9574	0.966	0.438	8479	0.909
IGFL1	-2.19	8	0.16	0.562	9575	0.966	0.438	8478	0.909
TADA2B	-2.19	8	0.16	0.562	9576	0.966	0.438	8477	0.909
EDDM3A	-2.19	8	0.16	0.562	9577	0.966	0.438	8476	0.909
RASA3	-2.19	8	0.16	0.562	9578	0.966	0.438	8475	0.909
DEFB119	-2.19	8	0.16	0.562	9579	0.966	0.438	8474	0.909
ZNF518B	-2.19	8	0.16	0.562	9580	0.966	0.438	8473	0.909
EFNA4	-2.19	8	0.16	0.562	9581	0.966	0.438	8472	0.909
ARMC9	-2.19	8	0.16	0.562	9582	0.966	0.438	8471	0.909
MAGEB18	-2.19	8	0.16	0.562	9583	0.966	0.438	8470	0.909
PATZ1	-2.19	8	0.16	0.562	9584	0.966	0.438	8469	0.909
TNNC1	-2.19	8	0.16	0.562	9585	0.966	0.438	8468	0.909
CDK6	-2.19	8	0.16	0.562	9586	0.966	0.438	8467	0.909
SESN1	-2.18	8	0.16	0.562	9587	0.966	0.438	8466	0.909
TMEM242	-2.18	8	0.16	0.562	9588	0.966	0.438	8465	0.909
OR51A7	-2.18	8	0.16	0.562	9589	0.966	0.438	8464	0.909
NOVA1	-2.18	8	0.16	0.562	9590	0.966	0.438	8463	0.909
RAPGEF4	-2.18	8	0.16	0.562	9591	0.966	0.438	8462	0.909
LIFR	-2.18	8	0.16	0.563	9592	0.966	0.437	8461	0.909
GBP7	-2.18	8	0.16	0.563	9593	0.966	0.437	8460	0.909
PLOD3	-2.18	8	0.16	0.563	9594	0.966	0.437	8459	0.909
SPACA3	-2.18	8	0.16	0.563	9595	0.966	0.437	8458	0.909
ZHX1	-2.18	8	0.16	0.563	9596	0.966	0.437	8457	0.909
TIFA	-2.18	8	0.16	0.563	9597	0.966	0.437	8456	0.909
UBR3	-2.18	8	0.16	0.563	9598	0.966	0.437	8455	0.909
FBP1	-2.18	8	0.16	0.563	9599	0.966	0.437	8454	0.909
CD1E	-2.18	8	0.16	0.563	9600	0.966	0.437	8453	0.909
STAU1	-2.18	8	0.16	0.563	9601	0.966	0.437	8452	0.909
GIMAP6	-2.18	8	0.16	0.563	9602	0.966	0.437	8451	0.909
DLG5	-2.18	8	0.16	0.563	9603	0.966	0.437	8450	0.909
DNAJC21	-2.18	8	0.16	0.563	9604	0.966	0.437	8449	0.909
STK3	-2.18	8	0.16	0.563	9605	0.966	0.437	8448	0.909
METTL24	-2.17	8	0.16	0.563	9606	0.966	0.437	8447	0.909
HIPK4	-2.17	8	0.16	0.563	9607	0.966	0.437	8446	0.909
TMEM86B	-2.17	8	0.16	0.563	9608	0.966	0.437	8445	0.909
VAMP2	-2.17	8	0.16	0.563	9609	0.966	0.437	8444	0.909
FAM63B	-2.17	8	0.16	0.563	9610	0.966	0.437	8443	0.909
C10orf85	-2.17	8	0.16	0.563	9611	0.966	0.437	8442	0.909
EPS15L1	-2.17	8	0.16	0.564	9612	0.966	0.436	8441	0.909
MS4A14	-2.17	8	0.16	0.564	9613	0.966	0.436	8440	0.909
DHX40	-2.17	8	0.16	0.564	9614	0.966	0.436	8439	0.909
C11orf68	-2.17	8	0.16	0.564	9615	0.966	0.436	8438	0.909
CRTAC1	-2.17	8	0.16	0.564	9616	0.966	0.436	8437	0.909
ZNF365	-2.17	8	0.16	0.564	9617	0.966	0.436	8436	0.909
RGS11	-2.17	8	0.16	0.564	9618	0.966	0.436	8435	0.909
PARVB	-2.17	8	0.16	0.564	9619	0.966	0.436	8434	0.909
BAHD1	-2.17	8	0.16	0.564	9620	0.966	0.436	8433	0.909
PDE6A	-2.17	8	0.16	0.564	9621	0.966	0.436	8432	0.909
AAED1	-2.16	8	0.16	0.564	9622	0.966	0.436	8431	0.909
HYAL4	-2.16	8	0.16	0.564	9623	0.966	0.436	8430	0.909
GSC2	-2.16	8	0.16	0.564	9624	0.966	0.436	8429	0.909
PUS7	-2.16	8	0.16	0.564	9625	0.966	0.436	8428	0.909
C3orf83	-2.16	8	0.16	0.564	9626	0.966	0.436	8427	0.909
IL4R	-2.16	8	0.16	0.564	9627	0.966	0.436	8426	0.909
ITPR1	-2.16	8	0.16	0.564	9628	0.966	0.436	8425	0.909
PROM1	-2.16	8	0.16	0.564	9629	0.966	0.436	8424	0.909
SKOR2	-2.16	8	0.16	0.564	9630	0.966	0.436	8423	0.909
BROX	-2.16	8	0.16	0.564	9631	0.966	0.436	8422	0.909
IRS2	-2.16	8	0.16	0.565	9632	0.966	0.435	8421	0.909
SNAP47	-2.16	8	0.16	0.565	9633	0.966	0.435	8420	0.909
OR51E2	-2.16	8	0.16	0.565	9634	0.966	0.435	8419	0.909
SPN	-2.16	8	0.16	0.565	9635	0.966	0.435	8418	0.909
RSBN1	-2.16	8	0.16	0.565	9636	0.966	0.435	8417	0.909
ZNF613	-2.16	8	0.16	0.565	9637	0.966	0.435	8416	0.909
NTN4	-2.16	8	0.16	0.565	9638	0.966	0.435	8415	0.909
C1orf116	-2.16	8	0.16	0.565	9639	0.966	0.435	8414	0.909
NCR3LG1	-2.16	8	0.16	0.565	9640	0.966	0.435	8413	0.909
MORC2	-2.16	8	0.16	0.565	9641	0.966	0.435	8412	0.909
ZNF771	-2.16	8	0.16	0.565	9642	0.966	0.435	8411	0.909
HBP1	-2.16	8	0.16	0.565	9643	0.966	0.435	8410	0.909
ZNF676	-1.53	4	0.16	0.565	9644	0.966	0.435	8409	0.909
RTN4RL2	-2.16	8	0.16	0.565	9645	0.966	0.435	8408	0.909
TMEM106B	-2.16	8	0.16	0.565	9646	0.966	0.435	8407	0.909
SPG7	-2.16	8	0.16	0.565	9647	0.966	0.435	8406	0.909
GRIK3	-2.16	8	0.16	0.565	9648	0.966	0.435	8405	0.909
OR51G1	-2.16	8	0.16	0.565	9649	0.966	0.435	8404	0.909
ARHGAP15	-2.15	8	0.16	0.565	9650	0.966	0.435	8403	0.909
LRRC72	-2.15	8	0.16	0.565	9651	0.966	0.435	8402	0.909
ADPRM	-2.15	8	0.16	0.565	9652	0.966	0.435	8401	0.909
NMNAT2	-2.15	8	0.16	0.565	9653	0.966	0.435	8400	0.909
TMEM256	-2.15	8	0.16	0.565	9654	0.966	0.435	8399	0.909
MRPS9	-2.15	8	0.16	0.565	9655	0.966	0.435	8398	0.909
UBN1	-2.15	8	0.16	0.566	9656	0.966	0.434	8397	0.909
DDR1	-2.15	8	0.17	0.566	9657	0.966	0.434	8396	0.909
ZNF91	-1.08	2	0.17	0.566	9658	0.966	0.434	8395	0.909
CTNNA3	-2.15	8	0.17	0.566	9659	0.966	0.434	8394	0.909
UBQLN1	-2.15	8	0.17	0.566	9660	0.966	0.434	8393	0.909
POC1A	-2.15	8	0.17	0.566	9661	0.966	0.434	8392	0.909
TCF7	-1.86	6	0.17	0.566	9662	0.966	0.434	8391	0.909
PPP1R12C	-2.15	8	0.17	0.566	9663	0.966	0.434	8390	0.909
TMEM236	-2.15	8	0.17	0.566	9664	0.966	0.434	8389	0.909
TIAM2	-2.15	8	0.17	0.566	9665	0.966	0.434	8388	0.909
ARHGAP42	-1.86	6	0.17	0.566	9666	0.966	0.434	8387	0.909
CNIH1	-2.15	8	0.17	0.566	9667	0.966	0.434	8386	0.909
C9orf3	-2.15	8	0.17	0.566	9668	0.966	0.434	8385	0.909
NUDT7	-2.14	8	0.17	0.566	9669	0.966	0.434	8384	0.909
ZNF449	-2.14	8	0.17	0.566	9670	0.966	0.434	8383	0.909
ENC1	-2.14	8	0.17	0.566	9671	0.966	0.434	8382	0.909
KLHDC7A	-2.14	8	0.17	0.567	9672	0.966	0.433	8381	0.909
RRAGD	-2.14	8	0.17	0.567	9673	0.966	0.433	8380	0.909
ICAM4	-2.14	8	0.17	0.567	9674	0.966	0.433	8379	0.909
SLC16A5	-2.14	8	0.17	0.567	9675	0.966	0.433	8378	0.909
SLC35E2B	-2.14	8	0.17	0.567	9676	0.966	0.433	8377	0.909
MAGEA12	-2.14	8	0.17	0.567	9677	0.966	0.433	8376	0.909
TM4SF18	-2.14	8	0.17	0.567	9678	0.966	0.433	8375	0.909
AARS2	-2.13	8	0.17	0.567	9679	0.966	0.433	8374	0.909
FCHSD1	-2.13	8	0.17	0.567	9680	0.966	0.433	8373	0.909
HAGHL	-2.13	8	0.17	0.567	9681	0.966	0.433	8372	0.909
CDKL2	-2.13	8	0.17	0.567	9682	0.966	0.433	8371	0.909
GATAD2B	-2.13	8	0.17	0.567	9683	0.966	0.433	8370	0.909
C19orf35	-2.13	8	0.17	0.567	9684	0.966	0.433	8369	0.909
SPG20	-2.13	8	0.17	0.567	9685	0.966	0.433	8368	0.909
PSMD5	-2.13	8	0.17	0.568	9686	0.966	0.432	8367	0.909
CUL9	-2.13	8	0.17	0.568	9687	0.966	0.432	8366	0.909
PEMT	-2.13	8	0.17	0.568	9688	0.966	0.432	8365	0.909
STARD7	-2.13	8	0.17	0.568	9689	0.966	0.432	8364	0.909
CBLN1	-2.13	8	0.17	0.568	9690	0.966	0.432	8363	0.909
ERP27	-2.13	8	0.17	0.568	9691	0.966	0.432	8362	0.909
TSPAN2	-2.13	8	0.17	0.568	9692	0.966	0.432	8361	0.909
SNX24	-2.13	8	0.17	0.568	9693	0.966	0.432	8360	0.909
C11orf80	-2.13	8	0.17	0.568	9694	0.966	0.432	8359	0.909
ZNF841	-2.13	8	0.17	0.568	9695	0.966	0.432	8358	0.909
MAP3K3	-2.13	8	0.17	0.568	9696	0.966	0.432	8357	0.909
C10orf32	-2.13	8	0.17	0.568	9697	0.966	0.432	8356	0.909
ZNF277	-2.13	8	0.17	0.568	9698	0.966	0.432	8355	0.909
EFNB1	-2.13	8	0.17	0.568	9699	0.966	0.432	8354	0.909
APH1B	-2.13	8	0.17	0.568	9700	0.966	0.432	8353	0.909
ADRM1	-2.13	8	0.17	0.568	9701	0.966	0.432	8352	0.909
UHMK1	-2.13	8	0.17	0.568	9702	0.966	0.432	8351	0.909
HAVCR2	-2.13	8	0.17	0.568	9703	0.966	0.432	8350	0.909
MMP15	-2.13	8	0.17	0.568	9704	0.966	0.432	8349	0.909
HVCN1	-2.12	8	0.17	0.568	9705	0.966	0.432	8348	0.909
C15orf57	-2.12	8	0.17	0.568	9706	0.966	0.432	8347	0.909
EGF	-2.12	8	0.17	0.568	9707	0.966	0.432	8346	0.909
CDX2	-2.12	8	0.17	0.568	9708	0.966	0.432	8345	0.909
PTGIS	-2.12	8	0.17	0.568	9709	0.966	0.432	8344	0.909
DCHS1	-2.12	8	0.17	0.568	9710	0.966	0.432	8343	0.909
VPS51	-2.12	8	0.17	0.568	9711	0.966	0.432	8342	0.909
TMC7	-2.12	8	0.17	0.568	9712	0.966	0.432	8341	0.909
PPL	-2.12	8	0.17	0.568	9713	0.966	0.432	8340	0.909
XPNPEP3	-2.12	8	0.17	0.569	9714	0.966	0.431	8339	0.909
IGSF9B	-2.12	8	0.17	0.569	9715	0.966	0.431	8338	0.909
ZNF521	-2.12	8	0.17	0.569	9716	0.966	0.431	8337	0.909
ZNF22	-2.12	8	0.17	0.569	9717	0.966	0.431	8336	0.909
PDCD6IP	-2.12	8	0.17	0.569	9718	0.966	0.431	8335	0.909
BEND5	-2.12	8	0.17	0.569	9719	0.966	0.431	8334	0.909
EFNA2	-2.12	8	0.17	0.569	9720	0.966	0.431	8333	0.909
TMEM176A	-2.12	8	0.17	0.569	9721	0.966	0.431	8332	0.909
ANP32E	-2.12	8	0.17	0.569	9722	0.966	0.431	8331	0.909
XYLT1	-2.12	8	0.17	0.569	9723	0.966	0.431	8330	0.909
MAS1L	-2.12	8	0.17	0.569	9724	0.966	0.431	8329	0.909
CFH	-2.12	8	0.17	0.569	9725	0.966	0.431	8328	0.909
FAM194B	-2.12	8	0.17	0.569	9726	0.966	0.431	8327	0.909
FGF5	-2.12	8	0.17	0.569	9727	0.966	0.431	8326	0.909
FAM195A	-2.12	8	0.17	0.569	9728	0.966	0.431	8325	0.909
C17orf64	-2.11	8	0.17	0.569	9729	0.966	0.431	8324	0.909
REXO1	-2.11	8	0.17	0.569	9730	0.966	0.431	8323	0.909
NRG1	-2.11	8	0.17	0.569	9731	0.966	0.431	8322	0.909
LBX1	-2.11	8	0.17	0.569	9732	0.966	0.431	8321	0.909
TDP1	-2.11	8	0.17	0.569	9733	0.966	0.431	8320	0.909
FAM81B	-2.11	8	0.17	0.569	9734	0.966	0.431	8319	0.909
ADI1	-2.11	8	0.17	0.569	9735	0.966	0.431	8318	0.909
ARMC2	-2.11	8	0.17	0.569	9736	0.966	0.431	8317	0.909
MLH1	-1.83	6	0.18	0.57	9737	0.966	0.43	8316	0.909
ALDH3A2	-2.11	8	0.18	0.57	9738	0.966	0.43	8315	0.909
CHRNG	-2.11	8	0.18	0.57	9739	0.966	0.43	8314	0.909
RGPD2	-1.83	6	0.18	0.57	9740	0.966	0.43	8313	0.909
TMEM136	-2.11	8	0.18	0.57	9741	0.966	0.43	8312	0.909
RNF220	-2.11	8	0.18	0.57	9742	0.966	0.43	8311	0.909
FUT10	-1.97	7	0.18	0.57	9743	0.966	0.43	8310	0.909
PCDH15	-2.11	8	0.18	0.57	9744	0.966	0.43	8309	0.909
ADRBK2	-2.11	8	0.18	0.57	9745	0.966	0.43	8308	0.909
ZNF366	-2.10	8	0.18	0.57	9746	0.966	0.43	8307	0.909
KLHDC9	-2.10	8	0.18	0.57	9747	0.966	0.43	8306	0.909
CCDC157	-2.10	8	0.18	0.57	9748	0.966	0.43	8305	0.909
IRF4	-2.10	8	0.18	0.57	9749	0.966	0.43	8304	0.909
RDH11	-2.10	8	0.18	0.57	9750	0.966	0.43	8303	0.909
RAG1	-2.10	8	0.18	0.57	9751	0.966	0.43	8302	0.909
OR8J3	-2.10	8	0.18	0.57	9752	0.966	0.43	8301	0.909
SLC30A9	-2.10	8	0.18	0.57	9753	0.966	0.43	8300	0.909
CRYM	-2.10	8	0.18	0.57	9754	0.966	0.43	8299	0.909
PUS3	-2.10	8	0.18	0.57	9755	0.966	0.43	8298	0.909
TMEM40	-2.10	8	0.18	0.571	9756	0.966	0.429	8297	0.909
TCTE1	-2.10	8	0.18	0.571	9757	0.966	0.429	8296	0.909
KLF6	-2.10	8	0.18	0.571	9758	0.966	0.429	8295	0.909
RHPN2	-2.10	8	0.18	0.571	9759	0.966	0.429	8294	0.909
ECHDC1	-2.10	8	0.18	0.571	9760	0.966	0.429	8293	0.909
KLHL2	-2.10	8	0.18	0.571	9761	0.966	0.429	8292	0.909
STX17	-2.10	8	0.18	0.571	9762	0.966	0.429	8291	0.909
PAGE4	-2.10	8	0.18	0.571	9763	0.966	0.429	8290	0.909
BHMT2	-2.10	8	0.18	0.571	9764	0.966	0.429	8289	0.909
KRTAP19-8	-2.10	8	0.18	0.571	9765	0.966	0.429	8288	0.909
STAU2	-2.10	8	0.18	0.571	9766	0.966	0.429	8287	0.909
PIWIL2	-2.10	8	0.18	0.571	9767	0.966	0.429	8286	0.909
DDX43	-2.10	8	0.18	0.571	9768	0.966	0.429	8285	0.909
FLNC	-2.10	8	0.18	0.571	9769	0.966	0.429	8284	0.909
NDUFA6	-2.10	8	0.18	0.571	9770	0.966	0.429	8283	0.909
ZNF852	-2.10	8	0.18	0.571	9771	0.966	0.429	8282	0.909
FAM83B	-2.10	8	0.18	0.571	9772	0.966	0.429	8281	0.909
CHD6	-2.10	8	0.18	0.571	9773	0.966	0.429	8280	0.909
GEM	-2.10	8	0.18	0.571	9774	0.966	0.429	8279	0.909
GYPC	-2.10	8	0.18	0.571	9775	0.966	0.429	8278	0.909
SLC4A10	-2.10	8	0.18	0.571	9776	0.966	0.429	8277	0.909
PXDC1	-2.10	8	0.18	0.571	9777	0.966	0.429	8276	0.909
CT45A5	-1.05	2	0.18	0.571	9778	0.966	0.429	8275	0.909
SPATS1	-2.09	8	0.18	0.571	9779	0.966	0.429	8274	0.909
TMCO5A	-2.09	8	0.18	0.571	9780	0.966	0.429	8273	0.909
ZFPM2	-2.09	8	0.18	0.571	9781	0.966	0.429	8272	0.909
CRY1	-2.09	8	0.18	0.571	9782	0.966	0.429	8271	0.909
RAD18	-2.09	8	0.18	0.571	9783	0.966	0.429	8270	0.909
UNC119	-2.09	8	0.18	0.571	9784	0.966	0.429	8269	0.909
RPRM	-2.09	8	0.18	0.572	9785	0.966	0.428	8268	0.909
TMEM55A	-2.09	8	0.18	0.572	9786	0.966	0.428	8267	0.909
EML4	-2.09	8	0.18	0.572	9787	0.966	0.428	8266	0.909
DGKD	-2.09	8	0.18	0.572	9788	0.966	0.428	8265	0.909
CDC34	-2.09	8	0.18	0.572	9789	0.966	0.428	8264	0.909
PLCZ1	-2.09	8	0.18	0.572	9790	0.966	0.428	8263	0.909
GRM3	-2.09	8	0.18	0.572	9791	0.966	0.428	8262	0.909
GPR161	-2.09	8	0.18	0.572	9792	0.966	0.428	8261	0.909
C12orf61	-2.09	8	0.18	0.572	9793	0.966	0.428	8260	0.909
FAM83G	-2.09	8	0.18	0.572	9794	0.966	0.428	8259	0.909
PRSS27	-2.09	8	0.18	0.572	9795	0.966	0.428	8258	0.909
EXOG	-2.08	8	0.18	0.572	9796	0.966	0.428	8257	0.909
ZNF233	-1.81	6	0.18	0.572	9797	0.966	0.428	8256	0.909
PYROXD2	-2.08	8	0.18	0.572	9798	0.966	0.428	8255	0.909
AACS	-2.08	8	0.18	0.572	9799	0.966	0.428	8254	0.909
PLK5	-2.08	8	0.18	0.572	9800	0.966	0.428	8253	0.909
OR2AK2	-2.08	8	0.18	0.572	9801	0.966	0.428	8252	0.909
ARSJ	-1.80	6	0.18	0.572	9802	0.966	0.428	8251	0.909
DVL3	-2.08	8	0.18	0.572	9803	0.966	0.428	8250	0.909
HTR7	-2.08	8	0.18	0.572	9804	0.966	0.428	8249	0.909
OBSL1	-2.08	8	0.18	0.572	9805	0.966	0.428	8248	0.909
ZBTB42	-2.08	8	0.18	0.572	9806	0.966	0.428	8247	0.909
WDR19	-2.08	8	0.18	0.572	9807	0.966	0.428	8246	0.909
C7orf34	-2.08	8	0.18	0.573	9808	0.966	0.427	8245	0.909
RNF19B	-2.08	8	0.18	0.573	9809	0.966	0.427	8244	0.909
FAM91A1	-2.08	8	0.18	0.573	9810	0.966	0.427	8243	0.909
SCGB2A2	-1.80	6	0.18	0.573	9811	0.966	0.427	8242	0.909
HOXA13	-2.08	8	0.18	0.573	9812	0.966	0.427	8241	0.909
NDUFB2	-2.08	8	0.18	0.573	9813	0.966	0.427	8240	0.909
SLC44A5	-2.08	8	0.18	0.573	9814	0.966	0.427	8239	0.909
OR52E6	-1.47	4	0.18	0.573	9815	0.966	0.427	8238	0.909
COBL	-2.08	8	0.18	0.573	9816	0.966	0.427	8237	0.909
LIPC	-2.08	8	0.18	0.573	9817	0.966	0.427	8236	0.909
FAM105B	-1.80	6	0.18	0.573	9818	0.966	0.427	8235	0.909
LCT	-2.08	8	0.18	0.573	9819	0.966	0.427	8234	0.909
STON2	-2.08	8	0.18	0.573	9820	0.966	0.427	8233	0.909
CBR3	-2.07	8	0.18	0.573	9821	0.966	0.427	8232	0.909
CCDC97	-2.07	8	0.18	0.573	9822	0.966	0.427	8231	0.909
TYW1	-2.07	8	0.18	0.573	9823	0.966	0.427	8230	0.909
CAPS	-2.07	8	0.19	0.573	9824	0.966	0.427	8229	0.909
PDC	-2.07	8	0.19	0.573	9825	0.966	0.427	8228	0.909
TNFSF14	-2.07	8	0.19	0.574	9826	0.966	0.426	8227	0.909
MELK	-2.07	8	0.19	0.574	9827	0.966	0.426	8226	0.909
CASP3	-2.07	8	0.19	0.574	9828	0.966	0.426	8225	0.909
CDA	-2.07	8	0.19	0.574	9829	0.966	0.426	8224	0.909
ARHGEF2	-2.07	8	0.19	0.574	9830	0.966	0.426	8223	0.909
CSRNP3	-2.07	8	0.19	0.574	9831	0.966	0.426	8222	0.909
PIP4K2A	-2.07	8	0.19	0.574	9832	0.966	0.426	8221	0.909
CD2AP	-2.07	8	0.19	0.574	9833	0.966	0.426	8220	0.909
C1orf168	-2.07	8	0.19	0.574	9834	0.966	0.426	8219	0.909
GPR139	-2.07	8	0.19	0.574	9835	0.966	0.426	8218	0.909
DCC	-2.07	8	0.19	0.574	9836	0.966	0.426	8217	0.909
SNX27	-2.07	8	0.19	0.574	9837	0.966	0.426	8216	0.909
C11orf53	-2.06	8	0.19	0.574	9838	0.966	0.426	8215	0.909
LRRC26	-2.06	8	0.19	0.574	9839	0.966	0.426	8214	0.909
KCTD15	-2.06	8	0.19	0.574	9840	0.966	0.426	8213	0.909
POMZP3	-1.03	2	0.19	0.574	9841	0.966	0.426	8212	0.909
SLC24A5	-2.06	8	0.19	0.574	9842	0.966	0.426	8211	0.909
GPR158	-2.06	8	0.19	0.575	9843	0.966	0.425	8210	0.909
PANK4	-2.06	8	0.19	0.575	9844	0.966	0.425	8209	0.909
FAM129C	-2.06	8	0.19	0.575	9845	0.966	0.425	8208	0.909
FGB	-2.06	8	0.19	0.575	9846	0.966	0.425	8207	0.909
CAMK1D	-2.06	8	0.19	0.575	9847	0.966	0.425	8206	0.909
CHD7	-2.06	8	0.19	0.575	9848	0.966	0.425	8205	0.909
IGFALS	-2.06	8	0.19	0.575	9849	0.966	0.425	8204	0.909
PLEKHA3	-2.06	8	0.19	0.575	9850	0.966	0.425	8203	0.909
TNFRSF6B	-2.06	8	0.19	0.575	9851	0.966	0.425	8202	0.909
UPP2	-2.06	8	0.19	0.575	9852	0.966	0.425	8201	0.909
H3F3C	-1.45	4	0.19	0.575	9853	0.966	0.425	8200	0.909
STOX2	-2.06	8	0.19	0.575	9854	0.966	0.425	8199	0.909
MMRN2	-2.06	8	0.19	0.575	9855	0.966	0.425	8198	0.909
CKLF	-2.05	8	0.19	0.575	9856	0.966	0.425	8197	0.909
SLC7A4	-2.05	8	0.19	0.575	9857	0.966	0.425	8196	0.909
GLIS2	-2.05	8	0.19	0.575	9858	0.966	0.425	8195	0.909
NRXN1	-2.05	8	0.19	0.575	9859	0.966	0.425	8194	0.909
ANXA1	-2.05	8	0.19	0.575	9860	0.966	0.425	8193	0.909
AMH	-2.05	8	0.19	0.575	9861	0.966	0.425	8192	0.909
TMEM187	-2.05	8	0.19	0.575	9862	0.966	0.425	8191	0.909
BGLAP	-2.05	8	0.19	0.575	9863	0.966	0.425	8190	0.909
KCNH7	-2.05	8	0.19	0.575	9864	0.966	0.425	8189	0.909
S100A11	-1.45	4	0.19	0.576	9865	0.966	0.424	8188	0.909
GCC2	-2.05	8	0.19	0.576	9866	0.966	0.424	8187	0.909
ZFP14	-2.05	8	0.19	0.576	9867	0.966	0.424	8186	0.909
MGAM	-2.05	8	0.19	0.576	9868	0.966	0.424	8185	0.909
AQP3	-2.05	8	0.19	0.576	9869	0.966	0.424	8184	0.909
TRERF1	-2.05	8	0.19	0.576	9870	0.966	0.424	8183	0.909
RBFOX2	-2.05	8	0.19	0.576	9871	0.966	0.424	8182	0.909
FRMPD4	-2.05	8	0.19	0.576	9872	0.966	0.424	8181	0.909
PAPSS2	-2.05	8	0.19	0.576	9873	0.966	0.424	8180	0.909
TIPARP	-2.05	8	0.19	0.576	9874	0.966	0.424	8179	0.909
CNTROB	-2.04	8	0.19	0.576	9875	0.966	0.424	8178	0.909
DCAF4	-2.04	8	0.19	0.576	9876	0.966	0.424	8177	0.909
FKBP9	-2.04	8	0.19	0.576	9877	0.966	0.424	8176	0.909
CD40LG	-2.04	8	0.19	0.576	9878	0.966	0.424	8175	0.909
CALCB	-1.77	6	0.19	0.576	9879	0.966	0.424	8174	0.909
IL17C	-2.04	8	0.19	0.576	9880	0.966	0.424	8173	0.909
ANPEP	-2.04	8	0.19	0.576	9881	0.966	0.424	8172	0.909
HS3ST2	-2.04	8	0.19	0.576	9882	0.966	0.424	8171	0.909
ZNF850	-2.04	8	0.19	0.576	9883	0.966	0.424	8170	0.909
PPP1R14D	-1.77	6	0.19	0.577	9884	0.966	0.423	8169	0.909
HSD17B14	-2.04	8	0.19	0.577	9885	0.966	0.423	8168	0.909
DBH	-2.04	8	0.19	0.577	9886	0.966	0.423	8167	0.909
STARD8	-2.04	8	0.19	0.577	9887	0.966	0.423	8166	0.909
COIL	-2.04	8	0.19	0.577	9888	0.966	0.423	8165	0.909
ZNF620	-2.04	8	0.19	0.577	9889	0.966	0.423	8164	0.909
TLE2	-2.04	8	0.19	0.577	9890	0.966	0.423	8163	0.909
04-Sep	-2.04	8	0.19	0.577	9891	0.966	0.423	8162	0.909
RBPJ	-2.04	8	0.19	0.577	9892	0.966	0.423	8161	0.909
C4orf46	-2.04	8	0.19	0.577	9893	0.966	0.423	8160	0.909
METTL4	-2.04	8	0.19	0.577	9894	0.966	0.423	8159	0.909
CD22	-2.04	8	0.19	0.577	9895	0.966	0.423	8158	0.909
SORBS3	-2.04	8	0.19	0.577	9896	0.966	0.423	8157	0.909
OLFM4	-2.04	8	0.19	0.577	9897	0.966	0.423	8156	0.909
TMOD3	-2.03	8	0.19	0.577	9898	0.966	0.423	8155	0.909
ATP10B	-2.03	8	0.19	0.577	9899	0.966	0.423	8154	0.909
MAB21L1	-2.03	8	0.19	0.577	9900	0.966	0.423	8153	0.909
DOCK11	-2.03	8	0.19	0.577	9901	0.966	0.423	8152	0.909
C11orf74	-1.44	4	0.19	0.577	9902	0.966	0.423	8151	0.909
SLC24A4	-2.03	8	0.19	0.577	9903	0.966	0.423	8150	0.909
KIF13B	-2.03	8	0.19	0.577	9904	0.966	0.423	8149	0.909
TECR	-2.03	8	0.20	0.577	9905	0.966	0.423	8148	0.909
KAT2B	-2.03	8	0.20	0.577	9906	0.966	0.423	8147	0.909
PCDHB7	-2.03	8	0.20	0.577	9907	0.966	0.423	8146	0.909
SMIM4	-2.03	8	0.20	0.577	9908	0.966	0.423	8145	0.909
FOXI2	-2.03	8	0.20	0.577	9909	0.966	0.423	8144	0.909
RAB38	-2.03	8	0.20	0.578	9910	0.966	0.422	8143	0.909
IQCF3	-2.03	8	0.20	0.578	9911	0.966	0.422	8142	0.909
LHX5	-2.03	8	0.20	0.578	9912	0.966	0.422	8141	0.909
ACOT9	-2.03	8	0.20	0.578	9913	0.966	0.422	8140	0.909
VRK2	-2.03	8	0.20	0.578	9914	0.966	0.422	8139	0.909
DNMT3B	-2.03	8	0.20	0.578	9915	0.966	0.422	8138	0.909
WHAMM	-2.03	8	0.20	0.578	9916	0.966	0.422	8137	0.909
TRMT1	-2.03	8	0.20	0.578	9917	0.966	0.422	8136	0.909
EVI5	-2.02	8	0.20	0.578	9918	0.966	0.422	8135	0.909
RAB11FIP2	-2.02	8	0.20	0.578	9919	0.966	0.422	8134	0.909
HSPB2	-2.02	8	0.20	0.578	9920	0.966	0.422	8133	0.909
ZNF746	-2.02	8	0.20	0.578	9921	0.966	0.422	8132	0.909
MAS1	-2.02	8	0.20	0.578	9922	0.966	0.422	8131	0.909
CD36	-2.02	8	0.20	0.578	9923	0.966	0.422	8130	0.909
GPX3	-2.02	8	0.20	0.578	9924	0.966	0.422	8129	0.909
ACN9	-2.02	8	0.20	0.578	9925	0.966	0.422	8128	0.909
ATP1B2	-2.02	8	0.20	0.578	9926	0.966	0.422	8127	0.909
PRDM6	-2.02	8	0.20	0.578	9927	0.966	0.422	8126	0.909
TMEM177	-2.02	8	0.20	0.578	9928	0.966	0.422	8125	0.909
IFNE	-2.02	8	0.20	0.578	9929	0.966	0.422	8124	0.909
OR5I1	-2.02	8	0.20	0.578	9930	0.966	0.422	8123	0.909
SUMO2	-1.01	2	0.20	0.579	9931	0.966	0.421	8122	0.909
TTBK1	-2.02	8	0.20	0.579	9932	0.966	0.421	8121	0.909
PRSS22	-2.02	8	0.20	0.579	9933	0.966	0.421	8120	0.909
C17orf80	-2.02	8	0.20	0.579	9934	0.966	0.421	8119	0.909
FBLIM1	-2.02	8	0.20	0.579	9935	0.966	0.421	8118	0.909
FIGF	-2.02	8	0.20	0.579	9936	0.966	0.421	8117	0.909
UBQLN2	-2.02	8	0.20	0.579	9937	0.966	0.421	8116	0.909
TTLL1	-2.02	8	0.20	0.579	9938	0.966	0.421	8115	0.909
SIVA1	-2.02	8	0.20	0.579	9939	0.966	0.421	8114	0.909
KLHL34	-2.02	8	0.20	0.579	9940	0.966	0.421	8113	0.909
C19orf10	-2.02	8	0.20	0.579	9941	0.966	0.421	8112	0.909
LYPD1	-2.01	8	0.20	0.579	9942	0.966	0.421	8111	0.909
RABGAP1	-2.01	8	0.20	0.579	9943	0.966	0.421	8110	0.909
DFNB59	-2.01	8	0.20	0.579	9944	0.966	0.421	8109	0.909
P2RY4	-2.01	8	0.20	0.579	9945	0.966	0.421	8108	0.909
CCL17	-2.01	8	0.20	0.579	9946	0.966	0.421	8107	0.909
CCDC106	-2.01	8	0.20	0.58	9947	0.966	0.42	8106	0.909
C9orf57	-2.01	8	0.20	0.58	9948	0.966	0.42	8105	0.909
RAET1G	-2.01	8	0.20	0.58	9949	0.966	0.42	8104	0.909
SUFU	-2.01	8	0.20	0.58	9950	0.966	0.42	8103	0.909
OR52N5	-2.01	8	0.20	0.58	9951	0.966	0.42	8102	0.909
AGTR2	-2.01	8	0.20	0.58	9952	0.966	0.42	8101	0.909
EFCAB2	-2.01	8	0.20	0.58	9953	0.966	0.42	8100	0.909
GABPB2	-2.00	8	0.20	0.58	9954	0.966	0.42	8099	0.909
RMND5B	-2.00	8	0.20	0.58	9955	0.966	0.42	8098	0.909
SGMS1	-2.00	8	0.20	0.58	9956	0.966	0.42	8097	0.909
OR14K1	-2.00	8	0.20	0.58	9957	0.966	0.42	8096	0.909
SFXN4	-2.00	8	0.20	0.58	9958	0.966	0.42	8095	0.909
SPRR4	-2.00	8	0.20	0.58	9959	0.966	0.42	8094	0.909
C21orf88	-2.00	8	0.20	0.58	9960	0.966	0.42	8093	0.909
AGXT2	-2.00	8	0.20	0.58	9961	0.966	0.42	8092	0.909
BRAT1	-2.00	8	0.20	0.58	9962	0.966	0.42	8091	0.909
FAH	-2.00	8	0.20	0.58	9963	0.966	0.42	8090	0.909
CABIN1	-2.00	8	0.20	0.581	9964	0.966	0.419	8089	0.909
ZC3HAV1L	-2.00	8	0.20	0.581	9965	0.966	0.419	8088	0.909
C7orf62	-2.00	8	0.20	0.581	9966	0.966	0.419	8087	0.909
CCDC87	-2.00	8	0.20	0.581	9967	0.966	0.419	8086	0.909
MYH9	-2.00	8	0.20	0.581	9968	0.966	0.419	8085	0.909
METRNL	-2.00	8	0.20	0.581	9969	0.966	0.419	8084	0.909
SHARPIN	-2.00	8	0.20	0.581	9970	0.966	0.419	8083	0.909
CNOT2	-2.00	8	0.20	0.581	9971	0.966	0.419	8082	0.909
ZCCHC18	-2.00	8	0.20	0.581	9972	0.966	0.419	8081	0.909
GRXCR2	-2.00	8	0.20	0.581	9973	0.966	0.419	8080	0.909
GAS2	-2.00	8	0.20	0.581	9974	0.966	0.419	8079	0.909
ZNF229	-2.00	8	0.20	0.581	9975	0.966	0.419	8078	0.909
TCF3	-2.00	8	0.20	0.581	9976	0.966	0.419	8077	0.909
OLIG2	-1.99	8	0.20	0.581	9977	0.966	0.419	8076	0.909
OR2G6	-1.99	8	0.20	0.581	9978	0.966	0.419	8075	0.909
CCDC181	-1.86	7	0.20	0.581	9979	0.966	0.419	8074	0.909
CD5	-1.99	8	0.20	0.581	9980	0.966	0.419	8073	0.909
PPP1R3C	-1.99	8	0.21	0.581	9981	0.966	0.419	8072	0.909
ZSCAN25	-1.99	8	0.21	0.581	9982	0.966	0.419	8071	0.909
FAM218A	-1.99	8	0.21	0.581	9983	0.966	0.419	8070	0.909
PTGFR	-1.99	8	0.21	0.581	9984	0.966	0.419	8069	0.909
SLC41A1	-1.99	8	0.21	0.581	9985	0.966	0.419	8068	0.909
HIST1H2AK	-1.99	8	0.21	0.581	9986	0.966	0.419	8067	0.909
HAMP	-1.99	8	0.21	0.581	9987	0.966	0.419	8066	0.909
NFIX	-1.99	8	0.21	0.581	9988	0.966	0.419	8065	0.909
TBC1D8	-1.99	8	0.21	0.582	9989	0.966	0.418	8064	0.909
SERPINB4	-1.99	8	0.21	0.582	9990	0.966	0.418	8063	0.909
ART5	-1.99	8	0.21	0.582	9991	0.966	0.418	8062	0.909
FAM167A	-1.99	8	0.21	0.582	9992	0.966	0.418	8061	0.909
TANC1	-1.99	8	0.21	0.582	9993	0.966	0.418	8060	0.909
PLA2G4D	-1.99	8	0.21	0.582	9994	0.966	0.418	8059	0.909
PRRC2B	-1.99	8	0.21	0.582	9995	0.966	0.418	8058	0.909
NAAA	-1.99	8	0.21	0.582	9996	0.966	0.418	8057	0.909
THEMIS2	-1.99	8	0.21	0.582	9997	0.966	0.418	8056	0.909
RBPMS	-1.99	8	0.21	0.582	9998	0.966	0.418	8055	0.909
C16orf95	-1.99	8	0.21	0.582	9999	0.966	0.418	8054	0.909
ABHD2	-1.99	8	0.21	0.582	10000	0.966	0.418	8053	0.909
DDX25	-1.99	8	0.21	0.582	10001	0.966	0.418	8052	0.909
VWC2L	-1.98	8	0.21	0.582	10002	0.966	0.418	8051	0.909
KDELC1	-1.98	8	0.21	0.582	10003	0.966	0.418	8050	0.909
TOB1	-1.98	8	0.21	0.582	10004	0.966	0.418	8049	0.909
PRKCDBP	-1.98	8	0.21	0.582	10005	0.966	0.418	8048	0.909
C6orf132	-1.98	8	0.21	0.582	10006	0.966	0.418	8047	0.909
BSPRY	-1.98	8	0.21	0.582	10007	0.966	0.418	8046	0.909
FPR3	-1.98	8	0.21	0.582	10008	0.966	0.418	8045	0.909
CAMK1	-1.98	8	0.21	0.582	10009	0.966	0.418	8044	0.909
HDX	-1.98	8	0.21	0.583	10010	0.966	0.417	8043	0.909
OR12D3	-1.98	8	0.21	0.583	10011	0.966	0.417	8042	0.909
MFI2	-1.98	8	0.21	0.583	10012	0.966	0.417	8041	0.909
NIPA1	-1.98	8	0.21	0.583	10013	0.966	0.417	8040	0.909
ZNF135	-1.98	8	0.21	0.583	10014	0.966	0.417	8039	0.909
GLDN	-1.71	6	0.21	0.583	10015	0.966	0.417	8038	0.909
LILRA1	-1.98	8	0.21	0.583	10016	0.966	0.417	8037	0.909
GLB1L	-1.98	8	0.21	0.583	10017	0.966	0.417	8036	0.909
SCNN1B	-1.98	8	0.21	0.583	10018	0.966	0.417	8035	0.909
RCN3	-1.98	8	0.21	0.583	10019	0.966	0.417	8034	0.909
TXNRD3NB	-1.98	8	0.21	0.583	10020	0.966	0.417	8033	0.909
PRICKLE2	-1.98	8	0.21	0.583	10021	0.966	0.417	8032	0.909
PSPC1	-1.98	8	0.21	0.583	10022	0.966	0.417	8031	0.909
FAR1	-1.98	8	0.21	0.583	10023	0.966	0.417	8030	0.909
TEX40	-1.40	4	0.21	0.583	10024	0.966	0.417	8029	0.909
KRT34	-1.97	8	0.21	0.583	10025	0.966	0.417	8028	0.909
C7orf26	-1.97	8	0.21	0.583	10026	0.966	0.417	8027	0.909
AIMP2	-1.97	8	0.21	0.583	10027	0.966	0.417	8026	0.909
OR2A14	-1.97	8	0.21	0.583	10028	0.966	0.417	8025	0.909
TMEM143	-1.97	8	0.21	0.583	10029	0.966	0.417	8024	0.909
FNDC3A	-1.97	8	0.21	0.583	10030	0.966	0.417	8023	0.909
SHBG	-1.97	8	0.21	0.583	10031	0.966	0.417	8022	0.909
FRY	-1.97	8	0.21	0.583	10032	0.966	0.417	8021	0.909
LAMA2	-1.97	8	0.21	0.583	10033	0.966	0.417	8020	0.909
C9orf156	-1.97	8	0.21	0.583	10034	0.966	0.417	8019	0.909
NONO	-1.97	8	0.21	0.583	10035	0.966	0.417	8018	0.909
GNG10	-1.71	6	0.21	0.583	10036	0.966	0.417	8017	0.909
ATXN3L	-1.97	8	0.21	0.583	10037	0.966	0.417	8016	0.909
CELA3A	-1.70	6	0.21	0.584	10038	0.966	0.416	8015	0.909
SSFA2	-1.97	8	0.21	0.584	10039	0.966	0.416	8014	0.909
HAT1	-1.97	8	0.21	0.584	10040	0.966	0.416	8013	0.909
FGD2	-1.97	8	0.21	0.584	10041	0.966	0.416	8012	0.909
KNSTRN	-1.97	8	0.21	0.584	10042	0.966	0.416	8011	0.909
TAB2	-1.96	8	0.21	0.584	10043	0.966	0.416	8010	0.909
IL1RL1	-1.96	8	0.21	0.584	10044	0.966	0.416	8009	0.909
CARD10	-1.96	8	0.21	0.584	10045	0.966	0.416	8008	0.909
TSTA3	-1.96	8	0.21	0.584	10046	0.966	0.416	8007	0.909
05-Sep	-1.96	8	0.21	0.584	10047	0.966	0.416	8006	0.909
IGIP	-1.96	8	0.21	0.584	10048	0.966	0.416	8005	0.909
POM121L2	-1.96	8	0.21	0.584	10049	0.966	0.416	8004	0.909
MDGA1	-1.96	8	0.21	0.584	10050	0.966	0.416	8003	0.909
PAFAH1B2	-1.96	8	0.21	0.584	10051	0.966	0.416	8002	0.909
ANKRD23	-1.96	8	0.21	0.584	10052	0.966	0.416	8001	0.909
ZNF624	-1.96	8	0.21	0.585	10053	0.966	0.415	8000	0.909
C4orf40	-1.96	8	0.21	0.585	10054	0.966	0.415	7999	0.909
DPH6	-1.96	8	0.21	0.585	10055	0.966	0.415	7998	0.909
JAM3	-1.96	8	0.21	0.585	10056	0.966	0.415	7997	0.909
CNGA3	-1.96	8	0.21	0.585	10057	0.966	0.415	7996	0.909
FUK	-1.96	8	0.21	0.585	10058	0.966	0.415	7995	0.909
STAP2	-1.96	8	0.21	0.585	10059	0.966	0.415	7994	0.909
CNNM1	-1.96	8	0.21	0.585	10060	0.966	0.415	7993	0.909
CEBPB	-1.96	8	0.21	0.585	10061	0.966	0.415	7992	0.909
HOPX	-1.96	8	0.21	0.585	10062	0.966	0.415	7991	0.909
PCK1	-1.96	8	0.21	0.585	10063	0.966	0.415	7990	0.909
VPS18	-1.96	8	0.21	0.585	10064	0.966	0.415	7989	0.909
C19orf18	-1.95	8	0.21	0.585	10065	0.966	0.415	7988	0.909
LRP2BP	-1.95	8	0.21	0.585	10066	0.966	0.415	7987	0.909
CYP7B1	-1.95	8	0.21	0.585	10067	0.966	0.415	7986	0.909
POLR2K	-1.69	6	0.21	0.585	10068	0.966	0.415	7985	0.909
DCSTAMP	-1.95	8	0.21	0.585	10069	0.966	0.415	7984	0.909
PRPH2	-1.95	8	0.21	0.585	10070	0.966	0.415	7983	0.909
GFRA3	-1.95	8	0.21	0.585	10071	0.966	0.415	7982	0.909
SEC62	-1.95	8	0.22	0.585	10072	0.966	0.415	7981	0.909
C10orf67	-1.95	8	0.22	0.585	10073	0.966	0.415	7980	0.909
CSNK1G2	-1.95	8	0.22	0.585	10074	0.966	0.415	7979	0.909
AC106876.2	-1.95	8	0.22	0.585	10075	0.966	0.415	7978	0.909
ZNF678	-1.38	4	0.22	0.585	10076	0.966	0.415	7977	0.909
NEK4	-1.95	8	0.22	0.585	10077	0.966	0.415	7976	0.909
TCF21	-1.95	8	0.22	0.585	10078	0.966	0.415	7975	0.909
URI1	-1.95	8	0.22	0.585	10079	0.966	0.415	7974	0.909
AP003774.4	-1.95	8	0.22	0.585	10080	0.966	0.415	7973	0.909
FBXO7	-1.95	8	0.22	0.585	10081	0.966	0.415	7972	0.909
OR2T12	-0.97	2	0.22	0.585	10082	0.966	0.415	7971	0.909
GTSE1	-1.95	8	0.22	0.585	10083	0.966	0.415	7970	0.909
DDX28	-1.95	8	0.22	0.585	10084	0.966	0.415	7969	0.909
TAS2R42	-1.95	8	0.22	0.586	10085	0.966	0.414	7968	0.909
COTL1	-1.95	8	0.22	0.586	10086	0.966	0.414	7967	0.909
KLF8	-1.95	8	0.22	0.586	10087	0.966	0.414	7966	0.909
WDR11	-1.95	8	0.22	0.586	10088	0.966	0.414	7965	0.909
CALML3	-1.95	8	0.22	0.586	10089	0.966	0.414	7964	0.909
RGAG1	-1.95	8	0.22	0.586	10090	0.966	0.414	7963	0.909
UBL3	-1.95	8	0.22	0.586	10091	0.966	0.414	7962	0.909
SDF2L1	-1.94	8	0.22	0.586	10092	0.966	0.414	7961	0.909
CACNA1I	-1.94	8	0.22	0.586	10093	0.966	0.414	7960	0.909
RNF133	-1.94	8	0.22	0.586	10094	0.966	0.414	7959	0.909
DUSP18	-1.94	8	0.22	0.586	10095	0.966	0.414	7958	0.909
CFHR4	-1.94	8	0.22	0.586	10096	0.966	0.414	7957	0.909
CPNE3	-1.94	8	0.22	0.586	10097	0.966	0.414	7956	0.909
DCP2	-1.94	8	0.22	0.586	10098	0.966	0.414	7955	0.909
FBXO47	-1.94	8	0.22	0.586	10099	0.966	0.414	7954	0.909
ALS2CL	-1.94	8	0.22	0.586	10100	0.966	0.414	7953	0.909
C14orf119	-1.94	8	0.22	0.586	10101	0.966	0.414	7952	0.909
CCNYL1	-1.94	8	0.22	0.586	10102	0.966	0.414	7951	0.909
ADAM18	-1.94	8	0.22	0.586	10103	0.966	0.414	7950	0.909
UGT2B4	-1.94	8	0.22	0.586	10104	0.966	0.414	7949	0.909
ESRRA	-1.94	8	0.22	0.587	10105	0.966	0.413	7948	0.909
GLB1	-1.94	8	0.22	0.587	10106	0.966	0.413	7947	0.909
BTN2A2	-1.94	8	0.22	0.587	10107	0.966	0.413	7946	0.909
UCN3	-1.94	8	0.22	0.587	10108	0.966	0.413	7945	0.909
MADCAM1	-1.94	8	0.22	0.587	10109	0.966	0.413	7944	0.909
CPEB1	-1.94	8	0.22	0.587	10110	0.966	0.413	7943	0.909
CCDC47	-1.94	8	0.22	0.587	10111	0.966	0.413	7942	0.909
RNF185	-1.94	8	0.22	0.587	10112	0.966	0.413	7941	0.909
C9orf69	-1.94	8	0.22	0.587	10113	0.966	0.413	7940	0.909
CST4	-1.68	6	0.22	0.587	10114	0.966	0.413	7939	0.909
BLOC1S3	-1.94	8	0.22	0.587	10115	0.966	0.413	7938	0.909
BSND	-1.94	8	0.22	0.587	10116	0.966	0.413	7937	0.909
PIH1D2	-1.93	8	0.22	0.587	10117	0.966	0.413	7936	0.909
LUZP1	-1.93	8	0.22	0.587	10118	0.966	0.413	7935	0.909
MTMR12	-1.93	8	0.22	0.587	10119	0.966	0.413	7934	0.909
SNX20	-1.93	8	0.22	0.587	10120	0.966	0.413	7933	0.909
PNMAL1	-1.93	8	0.22	0.587	10121	0.966	0.413	7932	0.909
FGD5	-1.93	8	0.22	0.587	10122	0.966	0.413	7931	0.909
ERCC6L2	-1.93	8	0.22	0.587	10123	0.966	0.413	7930	0.909
ABCA1	-1.93	8	0.22	0.587	10124	0.966	0.413	7929	0.909
SLC6A18	-1.93	8	0.22	0.587	10125	0.966	0.413	7928	0.909
TRIM52	-1.93	8	0.22	0.587	10126	0.966	0.413	7927	0.909
CACNA2D4	-1.93	8	0.22	0.587	10127	0.966	0.413	7926	0.909
KLK7	-1.93	8	0.22	0.587	10128	0.966	0.413	7925	0.909
CCDC160	-1.93	8	0.22	0.587	10129	0.966	0.413	7924	0.909
GRM2	-1.93	8	0.22	0.587	10130	0.966	0.413	7923	0.909
COA6	-1.93	8	0.22	0.587	10131	0.966	0.413	7922	0.909
ANGPTL1	-1.93	8	0.22	0.587	10132	0.966	0.413	7921	0.909
PSG11	-0.96	2	0.22	0.588	10133	0.966	0.412	7920	0.909
LRRC7	-1.93	8	0.22	0.588	10134	0.966	0.412	7919	0.909
KCND2	-1.93	8	0.22	0.588	10135	0.966	0.412	7918	0.909
EPB41L1	-1.93	8	0.22	0.588	10136	0.966	0.412	7917	0.909
FLT4	-1.93	8	0.22	0.588	10137	0.966	0.412	7916	0.909
FMO2	-1.93	8	0.22	0.588	10138	0.966	0.412	7915	0.909
CDC42EP1	-1.93	8	0.22	0.588	10139	0.966	0.412	7914	0.909
NKX1-1	-1.93	8	0.22	0.588	10140	0.966	0.412	7913	0.909
PTF1A	-1.93	8	0.22	0.588	10141	0.966	0.412	7912	0.909
MSRB1	-1.93	8	0.22	0.588	10142	0.966	0.412	7911	0.909
C1orf43	-1.93	8	0.22	0.588	10143	0.966	0.412	7910	0.909
OR1N1	-1.93	8	0.22	0.588	10144	0.966	0.412	7909	0.909
VWA3B	-1.93	8	0.22	0.588	10145	0.966	0.412	7908	0.909
ALDH1B1	-1.93	8	0.22	0.588	10146	0.966	0.412	7907	0.909
BTBD19	-1.92	8	0.22	0.588	10147	0.966	0.412	7906	0.909
ISCA1	-0.96	2	0.22	0.588	10148	0.966	0.412	7905	0.909
FAM206A	-1.92	8	0.22	0.588	10149	0.966	0.412	7904	0.909
PRR11	-1.92	8	0.22	0.588	10150	0.966	0.412	7903	0.909
IL2RA	-1.92	8	0.22	0.588	10151	0.966	0.412	7902	0.909
RIPPLY1	-1.92	8	0.22	0.588	10152	0.966	0.412	7901	0.909
TEX14	-1.92	8	0.22	0.588	10153	0.966	0.412	7900	0.909
CACNG3	-1.92	8	0.22	0.588	10154	0.966	0.412	7899	0.909
CCDC85B	-1.92	8	0.22	0.588	10155	0.966	0.412	7898	0.909
NDUFAF7	-1.92	8	0.22	0.588	10156	0.966	0.412	7897	0.909
IRGM	-1.92	8	0.22	0.588	10157	0.966	0.412	7896	0.909
C3orf70	-1.92	8	0.22	0.588	10158	0.966	0.412	7895	0.909
CYP39A1	-1.92	8	0.22	0.588	10159	0.966	0.412	7894	0.909
IRF9	-1.92	8	0.22	0.588	10160	0.966	0.412	7893	0.909
CHRNA4	-1.92	8	0.22	0.588	10161	0.966	0.412	7892	0.909
LRRC45	-1.92	8	0.22	0.588	10162	0.966	0.412	7891	0.909
CEP68	-1.92	8	0.22	0.588	10163	0.966	0.412	7890	0.909
SYNE3	-1.92	8	0.22	0.588	10164	0.966	0.412	7889	0.909
COL9A2	-1.92	8	0.22	0.588	10165	0.966	0.412	7888	0.909
BICC1	-1.92	8	0.22	0.588	10166	0.966	0.412	7887	0.909
SCRN1	-1.92	8	0.22	0.589	10167	0.966	0.411	7886	0.909
PRDM15	-1.92	8	0.22	0.589	10168	0.966	0.411	7885	0.909
UVRAG	-1.92	8	0.22	0.589	10169	0.966	0.411	7884	0.909
COA4	-1.92	8	0.22	0.589	10170	0.966	0.411	7883	0.909
SCAF8	-1.92	8	0.22	0.589	10171	0.966	0.411	7882	0.909
SBSN	-1.92	8	0.22	0.589	10172	0.966	0.411	7881	0.909
GRAMD1A	-1.91	8	0.22	0.589	10173	0.966	0.411	7880	0.909
NDFIP1	-1.91	8	0.22	0.589	10174	0.966	0.411	7879	0.909
KLRK1	-1.91	8	0.23	0.589	10175	0.966	0.411	7878	0.909
CLMP	-1.91	8	0.23	0.589	10176	0.966	0.411	7877	0.909
CLDN11	-1.91	8	0.23	0.589	10177	0.966	0.411	7876	0.909
KHDC1L	-1.91	8	0.23	0.589	10178	0.966	0.411	7875	0.909
C12orf36	-1.91	8	0.23	0.589	10179	0.966	0.411	7874	0.909
APOM	-1.91	8	0.23	0.589	10180	0.966	0.411	7873	0.909
PLCD1	-1.91	8	0.23	0.589	10181	0.966	0.411	7872	0.909
EPC1	-1.91	8	0.23	0.589	10182	0.966	0.411	7871	0.909
OR52I2	-1.35	4	0.23	0.589	10183	0.966	0.411	7870	0.909
EFCAB13	-1.91	8	0.23	0.589	10184	0.966	0.411	7869	0.909
TMEM74	-1.91	8	0.23	0.589	10185	0.966	0.411	7868	0.909
C6orf222	-1.91	8	0.23	0.589	10186	0.966	0.411	7867	0.909
FCAMR	-1.91	8	0.23	0.589	10187	0.966	0.411	7866	0.909
BCS1L	-1.91	8	0.23	0.589	10188	0.966	0.411	7865	0.909
ATP1A2	-1.91	8	0.23	0.589	10189	0.966	0.411	7864	0.909
NCCRP1	-1.65	6	0.23	0.589	10190	0.966	0.411	7863	0.909
THEM4	-1.91	8	0.23	0.589	10191	0.966	0.411	7862	0.909
SP3	-1.91	8	0.23	0.589	10192	0.966	0.411	7861	0.909
SLC26A9	-1.91	8	0.23	0.59	10193	0.966	0.41	7860	0.909
PTMS	-1.91	8	0.23	0.59	10194	0.966	0.41	7859	0.909
FAM47B	-1.91	8	0.23	0.59	10195	0.966	0.41	7858	0.909
ARHGEF10L	-1.91	8	0.23	0.59	10196	0.966	0.41	7857	0.909
DOCK5	-1.91	8	0.23	0.59	10197	0.966	0.41	7856	0.909
STOML2	-1.91	8	0.23	0.59	10198	0.966	0.41	7855	0.909
ERVV-2	-1.91	8	0.23	0.59	10199	0.966	0.41	7854	0.909
EIF3L	-1.90	8	0.23	0.59	10200	0.966	0.41	7853	0.909
DDTL	-1.35	4	0.23	0.59	10201	0.966	0.41	7852	0.909
BANK1	-1.90	8	0.23	0.59	10202	0.966	0.41	7851	0.909
C10orf88	-1.90	8	0.23	0.59	10203	0.966	0.41	7850	0.909
CHD1L	-1.90	8	0.23	0.59	10204	0.966	0.41	7849	0.909
GRIN2D	-1.90	8	0.23	0.59	10205	0.966	0.41	7848	0.909
ABHD3	-1.90	8	0.23	0.59	10206	0.966	0.41	7847	0.909
OR2F2	-1.90	8	0.23	0.59	10207	0.966	0.41	7846	0.909
TBC1D12	-1.90	8	0.23	0.59	10208	0.966	0.41	7845	0.909
TTC3	-1.90	8	0.23	0.59	10209	0.966	0.41	7844	0.909
SLC30A8	-1.90	8	0.23	0.59	10210	0.966	0.41	7843	0.909
ANKRD13C	-1.90	8	0.23	0.59	10211	0.966	0.41	7842	0.909
CDH7	-1.90	8	0.23	0.59	10212	0.966	0.41	7841	0.909
MTHFD2L	-0.95	2	0.23	0.591	10213	0.966	0.409	7840	0.909
VIL1	-1.90	8	0.23	0.591	10214	0.966	0.409	7839	0.909
ZNF641	-1.90	8	0.23	0.591	10215	0.966	0.409	7838	0.909
IQCE	-1.90	8	0.23	0.591	10216	0.966	0.409	7837	0.909
MDH1	-1.90	8	0.23	0.591	10217	0.966	0.409	7836	0.909
DIAPH1	-1.90	8	0.23	0.591	10218	0.966	0.409	7835	0.909
SEPP1	-1.90	8	0.23	0.591	10219	0.966	0.409	7834	0.909
NFE2	-1.90	8	0.23	0.591	10220	0.966	0.409	7833	0.909
NUP37	-1.77	7	0.23	0.591	10221	0.966	0.409	7832	0.909
CARF	-1.90	8	0.23	0.591	10222	0.966	0.409	7831	0.909
SERPINE3	-1.90	8	0.23	0.591	10223	0.966	0.409	7830	0.909
ERC2	-1.89	8	0.23	0.591	10224	0.966	0.409	7829	0.909
PCDP1	-1.89	8	0.23	0.591	10225	0.966	0.409	7828	0.909
ACSBG1	-1.89	8	0.23	0.591	10226	0.966	0.409	7827	0.909
FIBCD1	-1.89	8	0.23	0.591	10227	0.966	0.409	7826	0.909
ATP6V0E2	-1.89	8	0.23	0.591	10228	0.966	0.409	7825	0.909
C4orf48	-1.89	8	0.23	0.591	10229	0.966	0.409	7824	0.909
DYNLRB2	-1.89	8	0.23	0.591	10230	0.966	0.409	7823	0.909
C10orf111	-1.89	8	0.23	0.591	10231	0.966	0.409	7822	0.909
LRRTM2	-1.89	8	0.23	0.591	10232	0.966	0.409	7821	0.909
MTNR1B	-1.89	8	0.23	0.591	10233	0.966	0.409	7820	0.909
KRTAP3-1	-1.89	8	0.23	0.591	10234	0.966	0.409	7819	0.909
NEU1	-1.89	8	0.23	0.591	10235	0.966	0.409	7818	0.909
DEF6	-1.89	8	0.23	0.591	10236	0.966	0.409	7817	0.909
SLC50A1	-1.89	8	0.23	0.591	10237	0.966	0.409	7816	0.909
MDP1	-1.89	8	0.23	0.591	10238	0.966	0.409	7815	0.909
CCDC77	-1.89	8	0.23	0.591	10239	0.966	0.409	7814	0.909
CHCHD2	-1.89	8	0.23	0.591	10240	0.966	0.409	7813	0.909
IL9	-1.89	8	0.23	0.591	10241	0.966	0.409	7812	0.909
PDHB	-1.89	8	0.23	0.591	10242	0.966	0.409	7811	0.909
NLRP2	-1.89	8	0.23	0.591	10243	0.966	0.409	7810	0.909
OR2T27	-0.94	2	0.23	0.591	10244	0.966	0.409	7809	0.909
MUC2	-1.89	8	0.23	0.592	10245	0.966	0.408	7808	0.909
WHSC1	-1.89	8	0.23	0.592	10246	0.966	0.408	7807	0.909
KCNA4	-1.89	8	0.23	0.592	10247	0.966	0.408	7806	0.909
CASP14	-1.89	8	0.23	0.592	10248	0.966	0.408	7805	0.909
ABHD15	-1.89	8	0.23	0.592	10249	0.966	0.408	7804	0.909
MOCS2	-1.89	8	0.23	0.592	10250	0.966	0.408	7803	0.909
SYT13	-1.88	8	0.23	0.592	10251	0.966	0.408	7802	0.909
FAP	-1.88	8	0.23	0.592	10252	0.966	0.408	7801	0.909
EXOC6B	-1.88	8	0.23	0.592	10253	0.966	0.408	7800	0.909
TUBB8	-0.94	2	0.23	0.592	10254	0.966	0.408	7799	0.909
TRPV2	-1.88	8	0.23	0.592	10255	0.966	0.408	7798	0.909
ATP5B	-1.88	8	0.23	0.592	10256	0.966	0.408	7797	0.909
WISP3	-1.88	8	0.23	0.592	10257	0.966	0.408	7796	0.909
CLTCL1	-1.88	8	0.23	0.592	10258	0.966	0.408	7795	0.909
PXMP4	-1.88	8	0.23	0.592	10259	0.966	0.408	7794	0.909
MAGEA8	-1.88	8	0.23	0.592	10260	0.966	0.408	7793	0.909
MTFR2	-1.88	8	0.23	0.592	10261	0.966	0.408	7792	0.909
MRPS11	-1.88	8	0.23	0.592	10262	0.966	0.408	7791	0.909
GPR17	-1.88	8	0.23	0.592	10263	0.966	0.408	7790	0.909
B4GALT5	-1.88	8	0.23	0.592	10264	0.966	0.408	7789	0.909
FRK	-1.88	8	0.23	0.593	10265	0.966	0.407	7788	0.909
CPNE7	-1.88	8	0.23	0.593	10266	0.966	0.407	7787	0.909
TMEM74B	-1.88	8	0.23	0.593	10267	0.966	0.407	7786	0.909
PROKR2	-1.88	8	0.23	0.593	10268	0.966	0.407	7785	0.909
SPZ1	-1.88	8	0.23	0.593	10269	0.966	0.407	7784	0.909
EMC3	-1.88	8	0.23	0.593	10270	0.966	0.407	7783	0.909
EPDR1	-1.88	8	0.23	0.593	10271	0.966	0.407	7782	0.909
ZNRF3	-1.88	8	0.23	0.593	10272	0.966	0.407	7781	0.909
LRP4	-1.88	8	0.23	0.593	10273	0.966	0.407	7780	0.909
CHCHD1	-1.88	8	0.23	0.593	10274	0.966	0.407	7779	0.909
TBX19	-1.87	8	0.23	0.593	10275	0.966	0.407	7778	0.909
C1orf159	-1.87	8	0.23	0.593	10276	0.966	0.407	7777	0.909
PIEZO2	-1.87	8	0.23	0.593	10277	0.966	0.407	7776	0.909
PACSIN3	-1.62	6	0.24	0.593	10278	0.966	0.407	7775	0.909
SERPINE1	-1.87	8	0.24	0.593	10279	0.966	0.407	7774	0.909
CNFN	-1.87	8	0.24	0.593	10280	0.966	0.407	7773	0.909
ZNF846	-1.87	8	0.24	0.593	10281	0.966	0.407	7772	0.909
SPINT4	-1.32	4	0.24	0.593	10282	0.966	0.407	7771	0.909
OPRK1	-1.87	8	0.24	0.593	10283	0.966	0.407	7770	0.909
OR8J1	-0.93	2	0.24	0.593	10284	0.966	0.407	7769	0.909
PRRT4	-1.87	8	0.24	0.593	10285	0.966	0.407	7768	0.909
ATP2B3	-1.87	8	0.24	0.593	10286	0.966	0.407	7767	0.909
ARL5A	-1.62	6	0.24	0.593	10287	0.966	0.407	7766	0.909
HLA-B	-1.32	4	0.24	0.593	10288	0.966	0.407	7765	0.909
FLYWCH1	-1.87	8	0.24	0.594	10289	0.966	0.406	7764	0.909
OR2C1	-1.87	8	0.24	0.594	10290	0.966	0.406	7763	0.909
DUSP26	-1.87	8	0.24	0.594	10291	0.966	0.406	7762	0.909
KRTAP13-4	-1.87	8	0.24	0.594	10292	0.966	0.406	7761	0.909
SGMS2	-1.87	8	0.24	0.594	10293	0.966	0.406	7760	0.909
CCL19	-1.62	6	0.24	0.594	10294	0.966	0.406	7759	0.909
PRRG4	-1.87	8	0.24	0.594	10295	0.966	0.406	7758	0.909
YWHAB	-1.86	8	0.24	0.594	10296	0.966	0.406	7757	0.909
ITGA9	-1.86	8	0.24	0.594	10297	0.966	0.406	7756	0.909
OPHN1	-1.86	8	0.24	0.594	10298	0.966	0.406	7755	0.909
LDLRAD4	-1.86	8	0.24	0.594	10299	0.966	0.406	7754	0.909
CA5A	-1.86	8	0.24	0.594	10300	0.966	0.406	7753	0.909
CSRP2	-1.86	8	0.24	0.594	10301	0.966	0.406	7752	0.909
PPP1R32	-1.86	8	0.24	0.594	10302	0.966	0.406	7751	0.909
AP3S1	-1.86	8	0.24	0.594	10303	0.966	0.406	7750	0.909
FZD4	-1.86	8	0.24	0.594	10304	0.966	0.406	7749	0.909
FOLR4	-1.86	8	0.24	0.594	10305	0.966	0.406	7748	0.909
C20orf201	-1.86	8	0.24	0.594	10306	0.966	0.406	7747	0.909
GPATCH8	-1.86	8	0.24	0.594	10307	0.966	0.406	7746	0.909
IFT140	-1.86	8	0.24	0.594	10308	0.966	0.406	7745	0.909
TMEM141	-1.86	8	0.24	0.594	10309	0.966	0.406	7744	0.909
CCDC65	-1.86	8	0.24	0.594	10310	0.966	0.406	7743	0.909
CTBP1	-1.86	8	0.24	0.594	10311	0.966	0.406	7742	0.909
OPRL1	-1.86	8	0.24	0.594	10312	0.966	0.406	7741	0.909
SLC38A11	-1.86	8	0.24	0.595	10313	0.966	0.405	7740	0.909
C5orf34	-1.86	8	0.24	0.595	10314	0.966	0.405	7739	0.909
VASN	-1.86	8	0.24	0.595	10315	0.966	0.405	7738	0.909
DEFB127	-1.61	6	0.24	0.595	10316	0.966	0.405	7737	0.909
TMEM205	-1.85	8	0.24	0.595	10317	0.966	0.405	7736	0.909
SOWAHC	-1.85	8	0.24	0.595	10318	0.966	0.405	7735	0.909
MRPL9	-1.85	8	0.24	0.595	10319	0.966	0.405	7734	0.909
GDI2	-1.85	8	0.24	0.595	10320	0.966	0.405	7733	0.909
IFI6	-1.85	8	0.24	0.595	10321	0.966	0.405	7732	0.909
TMEM109	-1.85	8	0.24	0.595	10322	0.966	0.405	7731	0.909
OR2L2	-1.60	6	0.24	0.595	10323	0.966	0.405	7730	0.909
RAD23B	-1.85	8	0.24	0.595	10324	0.966	0.405	7729	0.909
DISP2	-1.85	8	0.24	0.595	10325	0.966	0.405	7728	0.909
BLNK	-1.85	8	0.24	0.595	10326	0.966	0.405	7727	0.909
C10orf10	-1.85	8	0.24	0.595	10327	0.966	0.405	7726	0.909
ITGA1	-1.85	8	0.24	0.595	10328	0.966	0.405	7725	0.909
CSMD1	-1.85	8	0.24	0.595	10329	0.966	0.405	7724	0.909
TMEM25	-1.85	8	0.24	0.595	10330	0.966	0.405	7723	0.909
MAMDC2	-1.85	8	0.24	0.595	10331	0.966	0.405	7722	0.909
KATNAL2	-1.85	8	0.24	0.595	10332	0.966	0.405	7721	0.909
SPAG9	-1.85	8	0.24	0.595	10333	0.966	0.405	7720	0.909
RHOBTB2	-1.85	8	0.24	0.595	10334	0.966	0.405	7719	0.909
MAML3	-1.85	8	0.24	0.595	10335	0.966	0.405	7718	0.909
STK17A	-1.85	8	0.24	0.595	10336	0.966	0.405	7717	0.909
EPHB6	-1.85	8	0.24	0.596	10337	0.966	0.404	7716	0.909
HOMER3	-1.85	8	0.24	0.596	10338	0.966	0.404	7715	0.909
SRRM4	-1.84	8	0.24	0.596	10339	0.966	0.404	7714	0.909
KRTAP13-3	-1.84	8	0.24	0.596	10340	0.966	0.404	7713	0.909
CAB39L	-1.84	8	0.24	0.596	10341	0.966	0.404	7712	0.909
OR51F2	-1.84	8	0.24	0.596	10342	0.966	0.404	7711	0.909
ARL6IP1	-1.84	8	0.24	0.596	10343	0.966	0.404	7710	0.909
NTRK3	-1.84	8	0.24	0.596	10344	0.966	0.404	7709	0.909
RNF11	-1.84	8	0.24	0.596	10345	0.966	0.404	7708	0.909
LRRFIP1	-1.84	8	0.24	0.596	10346	0.966	0.404	7707	0.909
COX4I2	-1.84	8	0.24	0.596	10347	0.966	0.404	7706	0.909
EXTL2	-1.84	8	0.24	0.596	10348	0.966	0.404	7705	0.909
CPEB2	-1.84	8	0.24	0.596	10349	0.966	0.404	7704	0.909
CLHC1	-1.84	8	0.24	0.596	10350	0.966	0.404	7703	0.909
TAP1	-1.84	8	0.24	0.596	10351	0.966	0.404	7702	0.909
LCA5L	-1.84	8	0.24	0.596	10352	0.966	0.404	7701	0.909
FAM71A	-1.84	8	0.24	0.597	10353	0.966	0.403	7700	0.909
MKX	-1.84	8	0.24	0.597	10354	0.966	0.403	7699	0.909
ERICH2	-1.84	8	0.24	0.597	10355	0.966	0.403	7698	0.909
CD79A	-1.84	8	0.24	0.597	10356	0.966	0.403	7697	0.909
PHYHIPL	-1.84	8	0.24	0.597	10357	0.966	0.403	7696	0.909
PRL	-1.83	8	0.24	0.597	10358	0.966	0.403	7695	0.909
DDX39A	-1.83	8	0.24	0.597	10359	0.966	0.403	7694	0.909
COX10	-1.83	8	0.25	0.597	10360	0.966	0.403	7693	0.909
LRP3	-1.83	8	0.25	0.597	10361	0.966	0.403	7692	0.909
SLC39A6	-1.83	8	0.25	0.597	10362	0.966	0.403	7691	0.909
SPG21	-1.83	8	0.25	0.597	10363	0.966	0.403	7690	0.909
SLC36A3	-1.83	8	0.25	0.597	10364	0.966	0.403	7689	0.909
THUMPD1	-1.83	8	0.25	0.597	10365	0.966	0.403	7688	0.909
C14orf183	-1.83	8	0.25	0.597	10366	0.966	0.403	7687	0.909
CASP12	-1.83	8	0.25	0.597	10367	0.966	0.403	7686	0.909
RIMKLB	-1.83	8	0.25	0.597	10368	0.966	0.403	7685	0.909
PRSS45	-1.83	8	0.25	0.597	10369	0.966	0.403	7684	0.909
SBNO1	-1.83	8	0.25	0.597	10370	0.966	0.403	7683	0.909
SLC8A2	-1.83	8	0.25	0.597	10371	0.966	0.403	7682	0.909
DRD1	-1.83	8	0.25	0.597	10372	0.966	0.403	7681	0.909
TMEM9B	-1.83	8	0.25	0.597	10373	0.966	0.403	7680	0.909
NQO2	-1.83	8	0.25	0.597	10374	0.966	0.403	7679	0.909
ACADM	-1.83	8	0.25	0.597	10375	0.966	0.403	7678	0.909
VAPA	-1.58	6	0.25	0.597	10376	0.966	0.403	7677	0.909
RAB6C	-1.83	8	0.25	0.597	10377	0.966	0.403	7676	0.909
FAM131B	-1.83	8	0.25	0.598	10378	0.966	0.402	7675	0.909
RALGPS1	-1.83	8	0.25	0.598	10379	0.966	0.402	7674	0.909
SYT10	-1.82	8	0.25	0.598	10380	0.966	0.402	7673	0.909
NAPB	-1.82	8	0.25	0.598	10381	0.966	0.402	7672	0.909
PTCHD1	-1.82	8	0.25	0.598	10382	0.966	0.402	7671	0.909
NUGGC	-1.82	8	0.25	0.598	10383	0.966	0.402	7670	0.909
CSGALNACT2	-1.82	8	0.25	0.598	10384	0.966	0.402	7669	0.909
SLAIN1	-1.82	8	0.25	0.598	10385	0.966	0.402	7668	0.909
CDH26	-1.82	8	0.25	0.598	10386	0.966	0.402	7667	0.909
FANCL	-1.82	8	0.25	0.598	10387	0.966	0.402	7666	0.909
SGPL1	-1.82	8	0.25	0.598	10388	0.966	0.402	7665	0.909
ATG14	-1.82	8	0.25	0.598	10389	0.966	0.402	7664	0.909
CXCL17	-1.82	8	0.25	0.598	10390	0.966	0.402	7663	0.909
MYZAP	-0.91	2	0.25	0.598	10391	0.966	0.402	7662	0.909
ARIH2OS	-1.82	8	0.25	0.598	10392	0.966	0.402	7661	0.909
MCM10	-1.82	8	0.25	0.598	10393	0.966	0.402	7660	0.909
ST3GAL3	-1.70	7	0.25	0.598	10394	0.966	0.402	7659	0.909
OR51G2	-1.82	8	0.25	0.598	10395	0.966	0.402	7658	0.909
ZNF689	-1.82	8	0.25	0.598	10396	0.966	0.402	7657	0.909
C7orf25	-1.82	8	0.25	0.598	10397	0.966	0.402	7656	0.909
PCMTD1	-1.82	8	0.25	0.598	10398	0.966	0.402	7655	0.909
RNF122	-1.82	8	0.25	0.598	10399	0.966	0.402	7654	0.909
ACBD7	-1.82	8	0.25	0.599	10400	0.966	0.401	7653	0.909
CCR1	-1.81	8	0.25	0.599	10401	0.966	0.401	7652	0.909
LARP4	-1.81	8	0.25	0.599	10402	0.966	0.401	7651	0.909
KRTAP20-3	-1.28	4	0.25	0.599	10403	0.966	0.401	7650	0.909
SKAP1	-1.81	8	0.25	0.599	10404	0.966	0.401	7649	0.909
NARF	-1.81	8	0.25	0.599	10405	0.966	0.401	7648	0.909
PIGF	-1.81	8	0.25	0.599	10406	0.966	0.401	7647	0.909
FAM120C	-1.81	8	0.25	0.599	10407	0.966	0.401	7646	0.909
ZNF701	-1.28	4	0.25	0.599	10408	0.966	0.401	7645	0.909
TMEM214	-1.81	8	0.25	0.599	10409	0.966	0.401	7644	0.909
CHEK2	-1.81	8	0.25	0.599	10410	0.966	0.401	7643	0.909
BAI3	-1.81	8	0.25	0.599	10411	0.966	0.401	7642	0.909
SNCG	-1.81	8	0.25	0.599	10412	0.966	0.401	7641	0.909
PBX2	-1.81	8	0.25	0.599	10413	0.966	0.401	7640	0.909
C2orf81	-1.81	8	0.25	0.599	10414	0.966	0.401	7639	0.909
OR2L5	-1.28	4	0.25	0.6	10415	0.966	0.4	7638	0.909
B3GAT1	-1.80	8	0.25	0.6	10416	0.966	0.4	7637	0.909
C1orf220	-1.80	8	0.25	0.6	10417	0.966	0.4	7636	0.909
LCAT	-1.80	8	0.25	0.6	10418	0.966	0.4	7635	0.909
STRBP	-1.80	8	0.25	0.6	10419	0.966	0.4	7634	0.909
CLPSL1	-1.80	8	0.25	0.6	10420	0.966	0.4	7633	0.909
CDCA3	-1.80	8	0.25	0.6	10421	0.966	0.4	7632	0.909
KRTAP1-1	-0.90	2	0.25	0.6	10422	0.966	0.4	7631	0.909
ZNF534	-1.80	8	0.25	0.6	10423	0.966	0.4	7630	0.909
DCAF12	-1.80	8	0.25	0.6	10424	0.966	0.4	7629	0.909
SLC15A5	-1.80	8	0.25	0.6	10425	0.966	0.4	7628	0.909
ST8SIA1	-1.80	8	0.25	0.6	10426	0.966	0.4	7627	0.909
BATF3	-1.80	8	0.25	0.6	10427	0.966	0.4	7626	0.909
PCSK4	-1.56	6	0.25	0.6	10428	0.966	0.4	7625	0.909
ABI3	-1.80	8	0.25	0.6	10429	0.966	0.4	7624	0.909
ADAM19	-1.80	8	0.25	0.6	10430	0.966	0.4	7623	0.909
EIF4A1	-1.80	8	0.25	0.6	10431	0.966	0.4	7622	0.909
BPIFB4	-1.80	8	0.25	0.6	10432	0.966	0.4	7621	0.909
ZDHHC12	-1.80	8	0.25	0.6	10433	0.966	0.4	7620	0.909
SERPINB9	-1.80	8	0.25	0.6	10434	0.966	0.4	7619	0.909
IL11	-1.80	8	0.25	0.6	10435	0.966	0.4	7618	0.909
HIST1H4F	-1.80	8	0.25	0.601	10436	0.966	0.399	7617	0.909
KLHL20	-1.80	8	0.25	0.601	10437	0.966	0.399	7616	0.909
BMP3	-1.80	8	0.25	0.601	10438	0.966	0.399	7615	0.909
CAMKMT	-1.79	8	0.25	0.601	10439	0.966	0.399	7614	0.909
TNR	-1.79	8	0.26	0.601	10440	0.966	0.399	7613	0.909
ATG12	-1.79	8	0.26	0.601	10441	0.966	0.399	7612	0.909
GPR45	-1.79	8	0.26	0.601	10442	0.966	0.399	7611	0.909
REC8	-1.79	8	0.26	0.601	10443	0.966	0.399	7610	0.909
RAB25	-1.79	8	0.26	0.601	10444	0.966	0.399	7609	0.909
CYSLTR2	-1.79	8	0.26	0.601	10445	0.966	0.399	7608	0.909
PRADC1	-1.79	8	0.26	0.601	10446	0.966	0.399	7607	0.909
CALU	-1.79	8	0.26	0.601	10447	0.966	0.399	7606	0.909
TEX101	-1.79	8	0.26	0.601	10448	0.966	0.399	7605	0.909
CMTM6	-1.79	8	0.26	0.601	10449	0.966	0.399	7604	0.909
NEGR1	-1.79	8	0.26	0.601	10450	0.966	0.399	7603	0.909
SERINC5	-1.79	8	0.26	0.601	10451	0.966	0.399	7602	0.909
KIAA0125	-1.67	7	0.26	0.601	10452	0.966	0.399	7601	0.909
DNASE2B	-1.79	8	0.26	0.601	10453	0.966	0.399	7600	0.909
CDCA7L	-1.79	8	0.26	0.601	10454	0.966	0.399	7599	0.909
EIF4EBP2	-1.79	8	0.26	0.601	10455	0.966	0.399	7598	0.909
LBX2	-1.79	8	0.26	0.601	10456	0.966	0.399	7597	0.909
IL1B	-1.79	8	0.26	0.601	10457	0.966	0.399	7596	0.909
FAAH	-1.79	8	0.26	0.602	10458	0.966	0.398	7595	0.909
COL5A3	-1.79	8	0.26	0.602	10459	0.966	0.398	7594	0.909
TCEANC2	-1.79	8	0.26	0.602	10460	0.966	0.398	7593	0.909
DNAJC18	-1.78	8	0.26	0.602	10461	0.966	0.398	7592	0.909
RWDD2A	-1.78	8	0.26	0.602	10462	0.966	0.398	7591	0.909
SLC25A23	-1.78	8	0.26	0.602	10463	0.966	0.398	7590	0.909
SPIN4	-1.55	6	0.26	0.602	10464	0.966	0.398	7589	0.909
TGFBI	-1.78	8	0.26	0.602	10465	0.966	0.398	7588	0.909
SKP2	-1.78	8	0.26	0.602	10466	0.966	0.398	7587	0.909
ANXA13	-1.78	8	0.26	0.602	10467	0.966	0.398	7586	0.909
NLRP12	-1.78	8	0.26	0.602	10468	0.966	0.398	7585	0.909
DIO3	-1.78	8	0.26	0.602	10469	0.966	0.398	7584	0.909
HIPK2	-1.78	8	0.26	0.602	10470	0.966	0.398	7583	0.909
RBP3	-1.78	8	0.26	0.602	10471	0.966	0.398	7582	0.909
ZNF215	-1.78	8	0.26	0.602	10472	0.966	0.398	7581	0.909
OR4E2	-1.78	8	0.26	0.602	10473	0.966	0.398	7580	0.909
ABCB11	-1.78	8	0.26	0.602	10474	0.966	0.398	7579	0.909
NPHS2	-1.78	8	0.26	0.602	10475	0.966	0.398	7578	0.909
HSD11B1	-1.78	8	0.26	0.602	10476	0.966	0.398	7577	0.909
ABCA8	-1.78	8	0.26	0.602	10477	0.966	0.398	7576	0.909
GDAP2	-1.78	8	0.26	0.602	10478	0.966	0.398	7575	0.909
VCPIP1	-1.78	8	0.26	0.602	10479	0.966	0.398	7574	0.909
NCOR1	-1.78	8	0.26	0.602	10480	0.966	0.398	7573	0.909
ODF2L	-1.78	8	0.26	0.602	10481	0.966	0.398	7572	0.909
APOBEC1	-1.78	8	0.26	0.602	10482	0.966	0.398	7571	0.909
SBNO2	-1.78	8	0.26	0.602	10483	0.966	0.398	7570	0.909
EFCAB6	-1.78	8	0.26	0.602	10484	0.966	0.398	7569	0.909
FZD8	-1.78	8	0.26	0.602	10485	0.966	0.398	7568	0.909
PAAF1	-1.78	8	0.26	0.602	10486	0.966	0.398	7567	0.909
DGKE	-1.78	8	0.26	0.602	10487	0.966	0.398	7566	0.909
TNFSF13	-1.78	8	0.26	0.602	10488	0.966	0.398	7565	0.909
TSFM	-1.78	8	0.26	0.602	10489	0.966	0.398	7564	0.909
TBL1Y	-1.78	8	0.26	0.602	10490	0.966	0.398	7563	0.909
BCAP31	-1.78	8	0.26	0.602	10491	0.966	0.398	7562	0.909
APBA3	-1.77	8	0.26	0.603	10492	0.966	0.397	7561	0.909
LONRF2	-1.54	6	0.26	0.603	10493	0.966	0.397	7560	0.909
PPP2R5C	-1.77	8	0.26	0.603	10494	0.966	0.397	7559	0.909
CETN2	-1.77	8	0.26	0.603	10495	0.966	0.397	7558	0.909
METTL12	-1.77	8	0.26	0.603	10496	0.966	0.397	7557	0.909
DMXL1	-1.77	8	0.26	0.603	10497	0.966	0.397	7556	0.909
EBLN1	-1.77	8	0.26	0.603	10498	0.966	0.397	7555	0.909
CREBRF	-1.77	8	0.26	0.603	10499	0.966	0.397	7554	0.909
C11orf71	-1.77	8	0.26	0.603	10500	0.966	0.397	7553	0.909
PMFBP1	-1.77	8	0.26	0.603	10501	0.966	0.397	7552	0.909
MNDA	-1.77	8	0.26	0.603	10502	0.966	0.397	7551	0.909
SECISBP2L	-1.77	8	0.26	0.603	10503	0.966	0.397	7550	0.909
JAK3	-1.77	8	0.26	0.603	10504	0.966	0.397	7549	0.909
CCPG1	-1.77	8	0.26	0.603	10505	0.966	0.397	7548	0.909
GPR156	-1.53	6	0.26	0.603	10506	0.966	0.397	7547	0.909
MLNR	-1.77	8	0.26	0.603	10507	0.966	0.397	7546	0.909
EBF2	-1.77	8	0.26	0.603	10508	0.966	0.397	7545	0.909
GNRH1	-1.77	8	0.26	0.603	10509	0.966	0.397	7544	0.909
CECR2	-1.77	8	0.26	0.603	10510	0.966	0.397	7543	0.909
PRRC1	-1.77	8	0.26	0.603	10511	0.966	0.397	7542	0.909
ANTXR2	-1.77	8	0.26	0.603	10512	0.966	0.397	7541	0.909
RAP1GAP	-1.76	8	0.26	0.604	10513	0.966	0.396	7540	0.909
DSC2	-1.76	8	0.26	0.604	10514	0.966	0.396	7539	0.909
DNAJB5	-1.76	8	0.26	0.604	10515	0.966	0.396	7538	0.909
SVOPL	-1.65	7	0.26	0.604	10516	0.966	0.396	7537	0.909
CCDC57	-1.76	8	0.26	0.604	10517	0.966	0.396	7536	0.909
ANKFN1	-1.76	8	0.26	0.604	10518	0.966	0.396	7535	0.909
GATM	-1.76	8	0.26	0.604	10519	0.966	0.396	7534	0.909
SYNM	-1.76	8	0.26	0.604	10520	0.966	0.396	7533	0.909
GADD45A	-1.76	8	0.26	0.604	10521	0.966	0.396	7532	0.909
FOXO1	-1.76	8	0.26	0.604	10522	0.966	0.396	7531	0.909
SERPINB3	-1.76	8	0.26	0.604	10523	0.966	0.396	7530	0.909
GRB14	-1.76	8	0.26	0.604	10524	0.966	0.396	7529	0.909
SAPCD1	-1.76	8	0.26	0.604	10525	0.966	0.396	7528	0.909
SLC1A6	-1.76	8	0.26	0.604	10526	0.966	0.396	7527	0.909
KCNJ10	-1.76	8	0.26	0.604	10527	0.966	0.396	7526	0.909
PAX9	-1.76	8	0.26	0.604	10528	0.966	0.396	7525	0.909
OGN	-1.76	8	0.26	0.604	10529	0.966	0.396	7524	0.909
MAGEB5	-1.76	8	0.26	0.604	10530	0.966	0.396	7523	0.909
PDE4B	-1.76	8	0.26	0.604	10531	0.966	0.396	7522	0.909
SLC6A2	-1.75	8	0.26	0.604	10532	0.966	0.396	7521	0.909
UBE2Z	-1.75	8	0.26	0.604	10533	0.966	0.396	7520	0.909
GPR83	-1.75	8	0.26	0.604	10534	0.966	0.396	7519	0.909
CYP1A1	-1.75	8	0.26	0.604	10535	0.966	0.396	7518	0.909
HNRNPH1	-1.75	8	0.27	0.605	10536	0.966	0.395	7517	0.909
CHP1	-1.75	8	0.27	0.605	10537	0.966	0.395	7516	0.909
MUC17	-1.75	8	0.27	0.605	10538	0.966	0.395	7515	0.909
ADAMTS18	-1.75	8	0.27	0.605	10539	0.966	0.395	7514	0.909
SATL1	-1.75	8	0.27	0.605	10540	0.966	0.395	7513	0.909
RABGEF1	-1.75	8	0.27	0.605	10541	0.966	0.395	7512	0.909
PSD	-1.75	8	0.27	0.605	10542	0.966	0.395	7511	0.909
WNT2	-1.75	8	0.27	0.605	10543	0.966	0.395	7510	0.909
OS9	-1.75	8	0.27	0.605	10544	0.966	0.395	7509	0.909
PAIP2	-1.75	8	0.27	0.605	10545	0.966	0.395	7508	0.909
PLEKHA2	-1.51	6	0.27	0.605	10546	0.966	0.395	7507	0.909
NBEAL1	-1.75	8	0.27	0.605	10547	0.966	0.395	7506	0.909
TTLL2	-1.75	8	0.27	0.605	10548	0.966	0.395	7505	0.909
CD52	-1.51	6	0.27	0.605	10549	0.966	0.395	7504	0.909
MSL1	-1.75	8	0.27	0.605	10550	0.966	0.395	7503	0.909
GPR115	-1.75	8	0.27	0.605	10551	0.966	0.395	7502	0.909
GTF2A1L	-0.87	2	0.27	0.605	10552	0.966	0.395	7501	0.909
PRKCA	-1.75	8	0.27	0.605	10553	0.966	0.395	7500	0.909
SLC22A23	-1.75	8	0.27	0.605	10554	0.966	0.395	7499	0.909
CLIP2	-1.75	8	0.27	0.605	10555	0.966	0.395	7498	0.909
ARGFX	-1.75	8	0.27	0.605	10556	0.966	0.395	7497	0.909
ASB15	-1.74	8	0.27	0.605	10557	0.966	0.395	7496	0.909
HIPK3	-1.74	8	0.27	0.605	10558	0.966	0.395	7495	0.909
SYNE4	-1.74	8	0.27	0.606	10559	0.966	0.394	7494	0.909
PILRA	-1.74	8	0.27	0.606	10560	0.966	0.394	7493	0.909
LTF	-1.74	8	0.27	0.606	10561	0.966	0.394	7492	0.909
RNF222	-1.74	8	0.27	0.606	10562	0.966	0.394	7491	0.909
CSPG5	-1.74	8	0.27	0.606	10563	0.966	0.394	7490	0.909
KCNAB3	-1.74	8	0.27	0.606	10564	0.966	0.394	7489	0.909
TSNARE1	-1.74	8	0.27	0.606	10565	0.966	0.394	7488	0.909
ILKAP	-1.74	8	0.27	0.606	10566	0.966	0.394	7487	0.909
VSIG2	-1.74	8	0.27	0.606	10567	0.966	0.394	7486	0.909
FLG2	-1.74	8	0.27	0.606	10568	0.966	0.394	7485	0.909
HMGXB3	-1.74	8	0.27	0.606	10569	0.966	0.394	7484	0.909
UBAC1	-1.63	7	0.27	0.606	10570	0.966	0.394	7483	0.909
AZGP1	-1.74	8	0.27	0.606	10571	0.966	0.394	7482	0.909
KIF19	-1.74	8	0.27	0.606	10572	0.966	0.394	7481	0.909
KIAA0100	-1.74	8	0.27	0.606	10573	0.966	0.394	7480	0.909
ARMC4	-1.74	8	0.27	0.606	10574	0.966	0.394	7479	0.909
ARL13A	-1.74	8	0.27	0.606	10575	0.966	0.394	7478	0.909
CLEC1A	-1.74	8	0.27	0.606	10576	0.966	0.394	7477	0.909
ERAS	-1.73	8	0.27	0.606	10577	0.966	0.394	7476	0.909
ADARB2	-1.73	8	0.27	0.606	10578	0.966	0.394	7475	0.909
VIPAS39	-1.73	8	0.27	0.606	10579	0.966	0.394	7474	0.909
ZNF529	-1.73	8	0.27	0.606	10580	0.966	0.394	7473	0.909
LY6D	-1.73	8	0.27	0.606	10581	0.966	0.394	7472	0.909
CTCFL	-1.73	8	0.27	0.606	10582	0.966	0.394	7471	0.909
KLF7	-1.73	8	0.27	0.607	10583	0.966	0.393	7470	0.909
GRID1	-1.73	8	0.27	0.607	10584	0.966	0.393	7469	0.909
SCFD2	-1.73	8	0.27	0.607	10585	0.966	0.393	7468	0.909
MBOAT4	-1.73	8	0.27	0.607	10586	0.966	0.393	7467	0.909
KIF21B	-1.73	8	0.27	0.607	10587	0.966	0.393	7466	0.909
SNTA1	-1.73	8	0.27	0.607	10588	0.966	0.393	7465	0.909
FYTTD1	-1.73	8	0.27	0.607	10589	0.966	0.393	7464	0.909
AREL1	-1.73	8	0.27	0.607	10590	0.966	0.393	7463	0.909
SELO	-1.73	8	0.27	0.607	10591	0.966	0.393	7462	0.909
ADAM20	-1.73	8	0.27	0.607	10592	0.966	0.393	7461	0.909
L1CAM	-1.73	8	0.27	0.607	10593	0.966	0.393	7460	0.909
PIEZO1	-1.73	8	0.27	0.607	10594	0.966	0.393	7459	0.909
GRIN3B	-1.73	8	0.27	0.607	10595	0.966	0.393	7458	0.909
ARID1B	-1.73	8	0.27	0.607	10596	0.966	0.393	7457	0.909
ANKRD46	-1.73	8	0.27	0.607	10597	0.966	0.393	7456	0.909
ZNF146	-1.73	8	0.27	0.607	10598	0.966	0.393	7455	0.909
NFXL1	-1.72	8	0.27	0.607	10599	0.966	0.393	7454	0.909
ARC	-1.72	8	0.27	0.608	10600	0.966	0.392	7453	0.909
HIST1H3F	-1.72	8	0.27	0.608	10601	0.966	0.392	7452	0.909
ATP13A1	-1.72	8	0.27	0.608	10602	0.966	0.392	7451	0.909
NHSL1	-1.72	8	0.27	0.608	10603	0.966	0.392	7450	0.909
POLL	-1.72	8	0.27	0.608	10604	0.966	0.392	7449	0.909
ARHGAP4	-1.72	8	0.27	0.608	10605	0.966	0.392	7448	0.909
TRIM24	-1.72	8	0.27	0.608	10606	0.966	0.392	7447	0.909
SUN1	-1.72	8	0.27	0.608	10607	0.966	0.392	7446	0.909
FAM150B	-1.72	8	0.27	0.608	10608	0.966	0.392	7445	0.909
BHLHA9	-1.72	8	0.27	0.608	10609	0.966	0.392	7444	0.909
DNAH10OS	-1.72	8	0.27	0.608	10610	0.966	0.392	7443	0.909
SLC5A12	-1.72	8	0.27	0.608	10611	0.966	0.392	7442	0.909
STARD6	-1.72	8	0.27	0.608	10612	0.966	0.392	7441	0.909
MSANTD4	-1.72	8	0.27	0.608	10613	0.966	0.392	7440	0.909
ZNF391	-1.72	8	0.27	0.608	10614	0.966	0.392	7439	0.909
KCNK3	-1.72	8	0.27	0.608	10615	0.966	0.392	7438	0.909
RNASET2	-1.72	8	0.27	0.608	10616	0.966	0.392	7437	0.909
TRAF6	-1.72	8	0.27	0.608	10617	0.966	0.392	7436	0.909
SLC2A9	-1.71	8	0.27	0.608	10618	0.966	0.392	7435	0.909
CHRNA1	-1.71	8	0.28	0.608	10619	0.966	0.392	7434	0.909
ELOF1	-1.71	8	0.28	0.608	10620	0.966	0.392	7433	0.909
KCTD12	-1.71	8	0.28	0.608	10621	0.966	0.392	7432	0.909
STARD9	-1.71	8	0.28	0.608	10622	0.966	0.392	7431	0.909
FLVCR1	-1.71	8	0.28	0.609	10623	0.966	0.391	7430	0.909
SFXN1	-1.71	8	0.28	0.609	10624	0.966	0.391	7429	0.909
NPY1R	-1.71	8	0.28	0.609	10625	0.966	0.391	7428	0.909
ADCY8	-1.60	7	0.28	0.609	10626	0.966	0.391	7427	0.909
ATP1B4	-1.71	8	0.28	0.609	10627	0.966	0.391	7426	0.909
NT5C3B	-1.71	8	0.28	0.609	10628	0.966	0.391	7425	0.909
FBRSL1	-1.71	8	0.28	0.609	10629	0.966	0.391	7424	0.909
FOXN3	-1.71	8	0.28	0.609	10630	0.966	0.391	7423	0.909
IGFBP3	-1.71	8	0.28	0.609	10631	0.966	0.391	7422	0.909
UBE3C	-1.71	8	0.28	0.609	10632	0.966	0.391	7421	0.909
GGT5	-1.71	8	0.28	0.609	10633	0.966	0.391	7420	0.909
C18orf8	-1.71	8	0.28	0.609	10634	0.966	0.391	7419	0.909
CLEC6A	-1.71	8	0.28	0.609	10635	0.966	0.391	7418	0.909
BMP10	-1.71	8	0.28	0.609	10636	0.966	0.391	7417	0.909
TNFAIP1	-1.71	8	0.28	0.609	10637	0.966	0.391	7416	0.909
RUNDC3B	-1.71	8	0.28	0.609	10638	0.966	0.391	7415	0.909
NUDT2	-1.71	8	0.28	0.609	10639	0.966	0.391	7414	0.909
TRPV1	-1.71	8	0.28	0.609	10640	0.966	0.391	7413	0.909
NME5	-1.70	8	0.28	0.609	10641	0.966	0.391	7412	0.909
LMOD3	-1.70	8	0.28	0.609	10642	0.966	0.391	7411	0.909
CSNK1G3	-1.70	8	0.28	0.609	10643	0.966	0.391	7410	0.909
MAN2B1	-1.70	8	0.28	0.609	10644	0.966	0.391	7409	0.909
LRRIQ1	-1.70	8	0.28	0.609	10645	0.966	0.391	7408	0.909
DMRT3	-1.70	8	0.28	0.609	10646	0.966	0.391	7407	0.909
FAM187B	-1.70	8	0.28	0.609	10647	0.966	0.391	7406	0.909
OR5J2	-1.70	8	0.28	0.61	10648	0.966	0.39	7405	0.909
KRTAP4-5	-1.20	4	0.28	0.61	10649	0.966	0.39	7404	0.909
HSDL2	-1.70	8	0.28	0.61	10650	0.966	0.39	7403	0.909
MRPS15	-1.70	8	0.28	0.61	10651	0.966	0.39	7402	0.909
SGCG	-1.70	8	0.28	0.61	10652	0.966	0.39	7401	0.909
ZSCAN5C	-1.70	8	0.28	0.61	10653	0.966	0.39	7400	0.909
RCBTB1	-1.70	8	0.28	0.61	10654	0.966	0.39	7399	0.909
HLA-DRA	-1.70	8	0.28	0.61	10655	0.966	0.39	7398	0.909
MED31	-1.70	8	0.28	0.61	10656	0.966	0.39	7397	0.909
GML	-1.70	8	0.28	0.61	10657	0.966	0.39	7396	0.909
COMMD1	-1.70	8	0.28	0.61	10658	0.966	0.39	7395	0.909
STC1	-1.70	8	0.28	0.61	10659	0.966	0.39	7394	0.909
IFNAR1	-1.70	8	0.28	0.61	10660	0.966	0.39	7393	0.909
SH2B3	-1.59	7	0.28	0.61	10661	0.966	0.39	7392	0.909
C11orf1	-1.70	8	0.28	0.61	10662	0.966	0.39	7391	0.909
DEFB125	-1.69	8	0.28	0.61	10663	0.966	0.39	7390	0.909
SH2D7	-1.69	8	0.28	0.61	10664	0.966	0.39	7389	0.909
ARHGEF7	-1.69	8	0.28	0.61	10665	0.966	0.39	7388	0.909
LRTM2	-1.69	8	0.28	0.61	10666	0.966	0.39	7387	0.909
OST4	-0.85	2	0.28	0.61	10667	0.966	0.39	7386	0.909
CUEDC2	-1.69	8	0.28	0.61	10668	0.966	0.39	7385	0.909
CIB4	-1.69	8	0.28	0.61	10669	0.966	0.39	7384	0.909
PALM2	-1.69	8	0.28	0.611	10670	0.966	0.389	7383	0.909
ADCK2	-1.69	8	0.28	0.611	10671	0.966	0.389	7382	0.909
CYP4F2	-1.69	8	0.28	0.611	10672	0.966	0.389	7381	0.909
C17orf66	-1.69	8	0.28	0.611	10673	0.966	0.389	7380	0.909
SLC38A9	-1.69	8	0.28	0.611	10674	0.966	0.389	7379	0.909
ZSCAN22	-1.69	8	0.28	0.611	10675	0.966	0.389	7378	0.909
MED10	-1.69	8	0.28	0.611	10676	0.966	0.389	7377	0.909
KLF2	-1.69	8	0.28	0.611	10677	0.966	0.389	7376	0.909
NDUFB6	-1.69	8	0.28	0.611	10678	0.966	0.389	7375	0.909
GIF	-1.69	8	0.28	0.611	10679	0.966	0.389	7374	0.909
SLC2A12	-1.69	8	0.28	0.611	10680	0.966	0.389	7373	0.909
LRFN5	-1.69	8	0.28	0.611	10681	0.966	0.389	7372	0.909
CDRT15	-1.46	6	0.28	0.611	10682	0.966	0.389	7371	0.909
ZNF682	-1.69	8	0.28	0.611	10683	0.966	0.389	7370	0.909
PANK1	-1.69	8	0.28	0.611	10684	0.966	0.389	7369	0.909
COA5	-1.69	8	0.28	0.611	10685	0.966	0.389	7368	0.909
SLFN12L	-1.69	8	0.28	0.611	10686	0.966	0.389	7367	0.909
ARHGEF12	-1.69	8	0.28	0.611	10687	0.966	0.389	7366	0.909
SLC31A2	-1.69	8	0.28	0.611	10688	0.966	0.389	7365	0.909
LPPR4	-1.69	8	0.28	0.611	10689	0.966	0.389	7364	0.909
RNFT1	-1.68	8	0.28	0.611	10690	0.966	0.389	7363	0.909
PIP5K1B	-1.68	8	0.28	0.611	10691	0.966	0.389	7362	0.909
TMEM200A	-1.68	8	0.28	0.611	10692	0.966	0.389	7361	0.909
LRRC27	-1.68	8	0.28	0.612	10693	0.966	0.388	7360	0.909
SPPL3	-1.68	8	0.28	0.612	10694	0.966	0.388	7359	0.909
FBN1	-1.68	8	0.28	0.612	10695	0.966	0.388	7358	0.909
ENTHD2	-1.68	8	0.28	0.612	10696	0.966	0.388	7357	0.909
C8orf46	-1.68	8	0.28	0.612	10697	0.966	0.388	7356	0.909
TMEM220	-1.68	8	0.28	0.612	10698	0.966	0.388	7355	0.909
PAQR9	-1.68	8	0.28	0.612	10699	0.966	0.388	7354	0.909
DLEU1	-1.68	8	0.28	0.612	10700	0.966	0.388	7353	0.909
NUP107	-1.68	8	0.28	0.612	10701	0.966	0.388	7352	0.909
HCAR3	-0.84	2	0.28	0.612	10702	0.966	0.388	7351	0.909
RBPJL	-1.68	8	0.28	0.612	10703	0.966	0.388	7350	0.909
LSM14B	-1.68	8	0.28	0.612	10704	0.966	0.388	7349	0.909
FOXO6	-1.68	8	0.28	0.612	10705	0.966	0.388	7348	0.909
MSLN	-1.67	8	0.29	0.612	10706	0.966	0.388	7347	0.909
PPP1R3D	-1.67	8	0.29	0.612	10707	0.966	0.388	7346	0.909
PTTG1IP	-1.67	8	0.29	0.612	10708	0.966	0.388	7345	0.909
RGS7BP	-1.67	8	0.29	0.612	10709	0.966	0.388	7344	0.909
NAT9	-1.67	8	0.29	0.612	10710	0.966	0.388	7343	0.909
P2RX6	-1.67	8	0.29	0.612	10711	0.966	0.388	7342	0.909
CLEC9A	-1.67	8	0.29	0.612	10712	0.966	0.388	7341	0.909
WDSUB1	-1.67	8	0.29	0.613	10713	0.966	0.387	7340	0.909
SMC1B	-1.67	8	0.29	0.613	10714	0.966	0.387	7339	0.909
SNTB1	-1.67	8	0.29	0.613	10715	0.966	0.387	7338	0.909
GIMAP1	-1.67	8	0.29	0.613	10716	0.966	0.387	7337	0.909
BDH1	-1.67	8	0.29	0.613	10717	0.966	0.387	7336	0.909
ALKBH6	-1.67	8	0.29	0.613	10718	0.966	0.387	7335	0.909
FBXO6	-1.67	8	0.29	0.613	10719	0.966	0.387	7334	0.909
CORO1C	-1.67	8	0.29	0.613	10720	0.966	0.387	7333	0.909
SERPINA5	-1.67	8	0.29	0.613	10721	0.966	0.387	7332	0.909
IGFBP5	-1.67	8	0.29	0.613	10722	0.966	0.387	7331	0.909
KNTC1	-1.67	8	0.29	0.613	10723	0.966	0.387	7330	0.909
ZNF114	-1.67	8	0.29	0.613	10724	0.966	0.387	7329	0.909
PITRM1	-1.67	8	0.29	0.613	10725	0.966	0.387	7328	0.909
C8orf74	-1.66	8	0.29	0.613	10726	0.966	0.387	7327	0.909
C7orf33	-1.66	8	0.29	0.613	10727	0.966	0.387	7326	0.909
GPR39	-1.66	8	0.29	0.613	10728	0.966	0.387	7325	0.909
CALCR	-1.66	8	0.29	0.613	10729	0.966	0.387	7324	0.909
WFDC1	-1.66	8	0.29	0.613	10730	0.966	0.387	7323	0.909
SEL1L2	-1.66	8	0.29	0.613	10731	0.966	0.387	7322	0.909
HIST1H4E	-1.17	4	0.29	0.613	10732	0.966	0.387	7321	0.909
DRD3	-1.66	8	0.29	0.614	10733	0.966	0.386	7320	0.909
BOLL	-1.66	8	0.29	0.614	10734	0.966	0.386	7319	0.909
RELL1	-1.66	8	0.29	0.614	10735	0.966	0.386	7318	0.909
LYNX1	-1.66	8	0.29	0.614	10736	0.966	0.386	7317	0.909
TIMP4	-1.66	8	0.29	0.614	10737	0.966	0.386	7316	0.909
TMEM178B	-1.66	8	0.29	0.614	10738	0.966	0.386	7315	0.909
OSER1	-1.66	8	0.29	0.614	10739	0.966	0.386	7314	0.909
AKAP13	-1.66	8	0.29	0.614	10740	0.966	0.386	7313	0.909
MYBPHL	-1.66	8	0.29	0.614	10741	0.966	0.386	7312	0.909
ADORA2A	-1.66	8	0.29	0.614	10742	0.966	0.386	7311	0.909
IL1RN	-1.66	8	0.29	0.614	10743	0.966	0.386	7310	0.909
C9orf163	-1.66	8	0.29	0.614	10744	0.966	0.386	7309	0.909
MLANA	-1.65	8	0.29	0.614	10745	0.966	0.386	7308	0.909
PRKCSH	-1.65	8	0.29	0.614	10746	0.966	0.386	7307	0.909
GPR88	-1.65	8	0.29	0.614	10747	0.966	0.386	7306	0.909
TNFSF8	-1.65	8	0.29	0.614	10748	0.966	0.386	7305	0.909
FOXF1	-1.65	8	0.29	0.614	10749	0.966	0.386	7304	0.909
DYDC1	-1.65	8	0.29	0.614	10750	0.966	0.386	7303	0.909
TMPRSS6	-1.65	8	0.29	0.614	10751	0.966	0.386	7302	0.909
PLK3	-1.65	8	0.29	0.614	10752	0.966	0.386	7301	0.909
ZFYVE26	-1.65	8	0.29	0.614	10753	0.966	0.386	7300	0.909
BTBD16	-1.65	8	0.29	0.614	10754	0.966	0.386	7299	0.909
WNT8B	-1.65	8	0.29	0.614	10755	0.966	0.386	7298	0.909
GNA13	-1.65	8	0.29	0.615	10756	0.966	0.385	7297	0.909
ANHX	-1.65	8	0.29	0.615	10757	0.966	0.385	7296	0.909
HS3ST1	-1.65	8	0.29	0.615	10758	0.966	0.385	7295	0.909
HK3	-1.65	8	0.29	0.615	10759	0.966	0.385	7294	0.909
KRTAP19-5	-0.82	2	0.29	0.615	10760	0.966	0.385	7293	0.909
ARHGAP10	-1.65	8	0.29	0.615	10761	0.966	0.385	7292	0.909
WHSC1L1	-1.65	8	0.29	0.615	10762	0.966	0.385	7291	0.909
LGI3	-1.43	6	0.29	0.615	10763	0.966	0.385	7290	0.909
TGFBR3L	-1.65	8	0.29	0.615	10764	0.966	0.385	7289	0.909
MRPL55	-1.65	8	0.29	0.615	10765	0.966	0.385	7288	0.909
MRPL32	-1.64	8	0.29	0.615	10766	0.966	0.385	7287	0.909
SERP2	-1.64	8	0.29	0.615	10767	0.966	0.385	7286	0.909
LTBP2	-1.64	8	0.29	0.615	10768	0.966	0.385	7285	0.909
CLDN25	-1.64	8	0.29	0.615	10769	0.966	0.385	7284	0.909
AKT3	-1.64	8	0.29	0.615	10770	0.966	0.385	7283	0.909
ENPP7	-1.64	8	0.29	0.615	10771	0.966	0.385	7282	0.909
PROM2	-1.64	8	0.29	0.615	10772	0.966	0.385	7281	0.909
OSCAR	-1.64	8	0.29	0.615	10773	0.966	0.385	7280	0.909
HDGFRP3	-1.64	8	0.29	0.615	10774	0.966	0.385	7279	0.909
CAPRIN2	-1.64	8	0.29	0.615	10775	0.966	0.385	7278	0.909
PPP6R2	-1.64	8	0.29	0.615	10776	0.966	0.385	7277	0.909
MICU3	-1.64	8	0.29	0.616	10777	0.966	0.384	7276	0.909
AAGAB	-1.64	8	0.29	0.616	10778	0.966	0.384	7275	0.909
CKM	-1.64	8	0.29	0.616	10779	0.966	0.384	7274	0.909
PTPN9	-1.64	8	0.29	0.616	10780	0.966	0.384	7273	0.909
POU3F4	-1.64	8	0.29	0.616	10781	0.966	0.384	7272	0.909
ITIH3	-1.64	8	0.29	0.616	10782	0.966	0.384	7271	0.909
RMND1	-1.64	8	0.30	0.616	10783	0.966	0.384	7270	0.909
ZNF549	-1.63	8	0.30	0.616	10784	0.966	0.384	7269	0.909
PRR3	-1.63	8	0.30	0.616	10785	0.966	0.384	7268	0.909
SERPINC1	-1.63	8	0.30	0.616	10786	0.966	0.384	7267	0.909
SUV420H2	-1.63	8	0.30	0.616	10787	0.966	0.384	7266	0.909
IL5	-1.63	8	0.30	0.616	10788	0.966	0.384	7265	0.909
BRD8	-1.63	8	0.30	0.616	10789	0.966	0.384	7264	0.909
DTX2	-1.63	8	0.30	0.616	10790	0.966	0.384	7263	0.909
IDH3A	-1.63	8	0.30	0.616	10791	0.966	0.384	7262	0.909
STOX1	-1.63	8	0.30	0.616	10792	0.966	0.384	7261	0.909
KDM4A	-1.63	8	0.30	0.617	10793	0.966	0.383	7260	0.909
TNIP2	-1.63	8	0.30	0.617	10794	0.966	0.383	7259	0.909
PRKAB1	-1.63	8	0.30	0.617	10795	0.966	0.383	7258	0.909
NDUFA8	-1.63	8	0.30	0.617	10796	0.966	0.383	7257	0.909
COX4I1	-1.63	8	0.30	0.617	10797	0.966	0.383	7256	0.909
GRK1	-1.63	8	0.30	0.617	10798	0.966	0.383	7255	0.909
TTC23	-1.63	8	0.30	0.617	10799	0.966	0.383	7254	0.909
ARHGAP1	-1.63	8	0.30	0.617	10800	0.966	0.383	7253	0.909
TCEAL2	-1.62	8	0.30	0.617	10801	0.966	0.383	7252	0.909
KIF24	-1.62	8	0.30	0.617	10802	0.966	0.383	7251	0.909
CEPT1	-1.62	8	0.30	0.617	10803	0.966	0.383	7250	0.909
FKBP4	-1.62	8	0.30	0.617	10804	0.966	0.383	7249	0.909
SOX6	-1.62	8	0.30	0.617	10805	0.966	0.383	7248	0.909
KCTD6	-1.62	8	0.30	0.617	10806	0.966	0.383	7247	0.909
C2CD4B	-1.62	8	0.30	0.617	10807	0.966	0.383	7246	0.909
BVES	-1.62	8	0.30	0.617	10808	0.966	0.383	7245	0.909
DRGX	-1.62	8	0.30	0.617	10809	0.966	0.383	7244	0.909
SLC7A10	-1.62	8	0.30	0.617	10810	0.966	0.383	7243	0.909
RINL	-1.62	8	0.30	0.617	10811	0.966	0.383	7242	0.909
SENP1	-1.62	8	0.30	0.618	10812	0.966	0.382	7241	0.909
KRTAP29-1	-1.62	8	0.30	0.618	10813	0.966	0.382	7240	0.909
RABL6	-1.62	8	0.30	0.618	10814	0.966	0.382	7239	0.909
TMIGD1	-1.62	8	0.30	0.618	10815	0.966	0.382	7238	0.909
PLEKHM3	-1.62	8	0.30	0.618	10816	0.966	0.382	7237	0.909
TBRG4	-1.62	8	0.30	0.618	10817	0.966	0.382	7236	0.909
APOL5	-1.62	8	0.30	0.618	10818	0.966	0.382	7235	0.909
CRTC2	-1.62	8	0.30	0.618	10819	0.966	0.382	7234	0.909
CREB5	-1.62	8	0.30	0.618	10820	0.966	0.382	7233	0.909
TRPM4	-1.62	8	0.30	0.618	10821	0.966	0.382	7232	0.909
CAMKV	-1.62	8	0.30	0.618	10822	0.966	0.382	7231	0.909
RBP4	-1.61	8	0.30	0.618	10823	0.966	0.382	7230	0.909
SAV1	-1.61	8	0.30	0.618	10824	0.966	0.382	7229	0.909
SRY	-1.40	6	0.30	0.618	10825	0.966	0.382	7228	0.909
FAM90A26	-1.14	4	0.30	0.618	10826	0.966	0.382	7227	0.909
S1PR2	-1.61	8	0.30	0.618	10827	0.966	0.382	7226	0.909
NOX3	-1.61	8	0.30	0.618	10828	0.966	0.382	7225	0.909
CYSTM1	-1.61	8	0.30	0.618	10829	0.966	0.382	7224	0.909
ANO2	-1.61	8	0.30	0.618	10830	0.966	0.382	7223	0.909
ANGEL2	-1.61	8	0.30	0.618	10831	0.966	0.382	7222	0.909
LRRC38	-1.61	8	0.30	0.618	10832	0.966	0.382	7221	0.909
OGDHL	-1.61	8	0.30	0.618	10833	0.966	0.382	7220	0.909
SLTM	-1.61	8	0.30	0.618	10834	0.966	0.382	7219	0.909
PANK2	-1.61	8	0.30	0.618	10835	0.966	0.382	7218	0.909
AGAP1	-1.61	8	0.30	0.618	10836	0.966	0.382	7217	0.909
FAM71B	-1.61	8	0.30	0.618	10837	0.966	0.382	7216	0.909
USP6NL	-1.61	8	0.30	0.619	10838	0.966	0.381	7215	0.909
EIF2AK1	-1.61	8	0.30	0.619	10839	0.966	0.381	7214	0.909
ZNF25	-1.61	8	0.30	0.619	10840	0.966	0.381	7213	0.909
GABRA3	-1.61	8	0.30	0.619	10841	0.966	0.381	7212	0.909
GSKIP	-1.61	8	0.30	0.619	10842	0.966	0.381	7211	0.909
DBNDD2	-1.61	8	0.30	0.619	10843	0.966	0.381	7210	0.909
GOLGA8R	-1.14	4	0.30	0.619	10844	0.966	0.381	7209	0.909
FNBP1	-1.61	8	0.30	0.619	10845	0.966	0.381	7208	0.909
HPS5	-1.61	8	0.30	0.619	10846	0.966	0.381	7207	0.909
GREM2	-1.60	8	0.30	0.619	10847	0.966	0.381	7206	0.909
SULT1A2	-1.60	8	0.30	0.619	10848	0.966	0.381	7205	0.909
SLC18A3	-1.60	8	0.30	0.619	10849	0.966	0.381	7204	0.909
MRPL4	-1.60	8	0.30	0.619	10850	0.966	0.381	7203	0.909
KLHL36	-1.60	8	0.30	0.619	10851	0.966	0.381	7202	0.909
SEMA4G	-1.60	8	0.30	0.619	10852	0.966	0.381	7201	0.909
INSL4	-1.60	8	0.30	0.619	10853	0.966	0.381	7200	0.909
OR2G2	-1.60	8	0.30	0.619	10854	0.966	0.381	7199	0.909
SLC1A3	-1.60	8	0.30	0.619	10855	0.966	0.381	7198	0.909
GABRA1	-1.60	8	0.30	0.619	10856	0.966	0.381	7197	0.909
ZBTB8A	-1.60	8	0.30	0.619	10857	0.966	0.381	7196	0.909
PLBD2	-1.60	8	0.30	0.619	10858	0.966	0.381	7195	0.909
ASXL1	-1.60	8	0.30	0.619	10859	0.966	0.381	7194	0.909
RBM10	-1.60	8	0.30	0.619	10860	0.966	0.381	7193	0.909
KLF14	-1.60	8	0.30	0.62	10861	0.966	0.38	7192	0.909
SPTLC3	-1.60	8	0.30	0.62	10862	0.966	0.38	7191	0.909
COG4	-1.60	8	0.30	0.62	10863	0.966	0.38	7190	0.909
NT5DC4	-1.60	8	0.31	0.62	10864	0.966	0.38	7189	0.909
MT1HL1	-1.13	4	0.31	0.62	10865	0.966	0.38	7188	0.909
ZNF85	-1.13	4	0.31	0.62	10866	0.966	0.38	7187	0.909
NDUFS2	-1.59	8	0.31	0.62	10867	0.966	0.38	7186	0.909
SPECC1L	-1.59	8	0.31	0.62	10868	0.966	0.38	7185	0.909
OR8G5	-1.59	8	0.31	0.62	10869	0.966	0.38	7184	0.909
APOBEC3D	-1.59	8	0.31	0.62	10870	0.966	0.38	7183	0.909
KIT	-1.59	8	0.31	0.62	10871	0.966	0.38	7182	0.909
SLC13A5	-1.59	8	0.31	0.62	10872	0.966	0.38	7181	0.909
CLDN15	-1.59	8	0.31	0.62	10873	0.966	0.38	7180	0.909
TRADD	-1.59	8	0.31	0.62	10874	0.966	0.38	7179	0.909
COG2	-1.59	8	0.31	0.62	10875	0.966	0.38	7178	0.909
ITPR2	-1.59	8	0.31	0.62	10876	0.966	0.38	7177	0.909
C8orf59	-0.79	2	0.31	0.62	10877	0.966	0.38	7176	0.909
TGOLN2	-1.59	8	0.31	0.62	10878	0.966	0.38	7175	0.909
KIR3DL3	-1.59	8	0.31	0.621	10879	0.966	0.379	7174	0.909
C10orf82	-1.59	8	0.31	0.621	10880	0.966	0.379	7173	0.909
KCNJ11	-1.59	8	0.31	0.621	10881	0.966	0.379	7172	0.909
OR4P4	-1.59	8	0.31	0.621	10882	0.966	0.379	7171	0.909
GPC1	-1.59	8	0.31	0.621	10883	0.966	0.379	7170	0.909
CNOT11	-1.59	8	0.31	0.621	10884	0.966	0.379	7169	0.909
EDA	-1.59	8	0.31	0.621	10885	0.966	0.379	7168	0.909
TNP1	-1.59	8	0.31	0.621	10886	0.966	0.379	7167	0.909
CCDC180	-1.59	8	0.31	0.621	10887	0.966	0.379	7166	0.909
SLC17A8	-1.59	8	0.31	0.621	10888	0.966	0.379	7165	0.909
DAPK3	-1.59	8	0.31	0.621	10889	0.966	0.379	7164	0.909
FAM126A	-1.58	8	0.31	0.621	10890	0.966	0.379	7163	0.909
ZBED6CL	-1.58	8	0.31	0.621	10891	0.966	0.379	7162	0.909
LYPLA1	-1.58	8	0.31	0.621	10892	0.966	0.379	7161	0.909
SNAPC5	-1.58	8	0.31	0.621	10893	0.966	0.379	7160	0.909
OR6T1	-1.58	8	0.31	0.621	10894	0.966	0.379	7159	0.909
GATC	-1.58	8	0.31	0.621	10895	0.966	0.379	7158	0.909
PBLD	-1.58	8	0.31	0.621	10896	0.966	0.379	7157	0.909
C7orf49	-1.58	8	0.31	0.621	10897	0.966	0.379	7156	0.909
C9orf141	-1.58	8	0.31	0.621	10898	0.966	0.379	7155	0.909
CCDC169	-1.37	6	0.31	0.621	10899	0.966	0.379	7154	0.909
PLD5	-1.58	8	0.31	0.621	10900	0.966	0.379	7153	0.909
BTF3	-1.12	4	0.31	0.621	10901	0.966	0.379	7152	0.909
FABP5	-0.79	2	0.31	0.621	10902	0.966	0.379	7151	0.909
CXorf48	-1.58	8	0.31	0.621	10903	0.966	0.379	7150	0.909
SLMO1	-1.58	8	0.31	0.621	10904	0.966	0.379	7149	0.909
IFNA2	-1.58	8	0.31	0.622	10905	0.966	0.378	7148	0.909
DHH	-1.58	8	0.31	0.622	10906	0.966	0.378	7147	0.909
EFEMP1	-1.58	8	0.31	0.622	10907	0.966	0.378	7146	0.909
NES	-1.58	8	0.31	0.622	10908	0.966	0.378	7145	0.909
MAML2	-1.57	8	0.31	0.622	10909	0.966	0.378	7144	0.909
SPIRE1	-1.57	8	0.31	0.622	10910	0.966	0.378	7143	0.909
PAPPA2	-1.57	8	0.31	0.622	10911	0.966	0.378	7142	0.909
PGBD3	-1.57	8	0.31	0.622	10912	0.966	0.378	7141	0.909
ZNF212	-1.57	8	0.31	0.622	10913	0.966	0.378	7140	0.909
DUOXA1	-1.57	8	0.31	0.622	10914	0.966	0.378	7139	0.909
WSB2	-1.57	8	0.31	0.622	10915	0.966	0.378	7138	0.909
PPAT	-1.57	8	0.31	0.622	10916	0.966	0.378	7137	0.909
RBMXL1	-0.56	1	0.31	0.622	10917	0.966	0.378	7136	0.909
ZNF497	-1.57	8	0.31	0.622	10918	0.966	0.378	7135	0.909
TIMM8A	-1.57	8	0.31	0.622	10919	0.966	0.378	7134	0.909
WWC1	-1.57	8	0.31	0.622	10920	0.966	0.378	7133	0.909
ANKRD10	-1.57	8	0.31	0.622	10921	0.966	0.378	7132	0.909
PCDH17	-1.57	8	0.31	0.622	10922	0.966	0.378	7131	0.909
ETNK1	-1.57	8	0.31	0.622	10923	0.966	0.378	7130	0.909
RPL22	-1.11	4	0.31	0.622	10924	0.966	0.378	7129	0.909
HPX	-1.57	8	0.31	0.622	10925	0.966	0.378	7128	0.909
SLC17A6	-1.57	8	0.31	0.622	10926	0.966	0.378	7127	0.909
CDC37L1	-1.57	8	0.31	0.622	10927	0.966	0.378	7126	0.909
C7orf41	-1.57	8	0.31	0.622	10928	0.966	0.378	7125	0.909
OR4S1	-1.57	8	0.31	0.622	10929	0.966	0.378	7124	0.909
TTC26	-1.57	8	0.31	0.622	10930	0.966	0.378	7123	0.909
TXN2	-1.57	8	0.31	0.622	10931	0.966	0.378	7122	0.909
LAMC1	-1.57	8	0.31	0.622	10932	0.966	0.378	7121	0.909
COL14A1	-1.57	8	0.31	0.622	10933	0.966	0.378	7120	0.909
ACTL6A	-1.47	7	0.31	0.622	10934	0.966	0.378	7119	0.909
BAIAP2L2	-1.57	8	0.31	0.622	10935	0.966	0.378	7118	0.909
IRF2	-1.57	8	0.31	0.622	10936	0.966	0.378	7117	0.909
SPEM1	-1.57	8	0.31	0.623	10937	0.966	0.377	7116	0.909
TMEM50B	-1.57	8	0.31	0.623	10938	0.966	0.377	7115	0.909
CTNNAL1	-1.57	8	0.31	0.623	10939	0.966	0.377	7114	0.909
KIAA0226	-1.57	8	0.31	0.623	10940	0.966	0.377	7113	0.909
THAP4	-1.57	8	0.31	0.623	10941	0.966	0.377	7112	0.909
MAPK13	-1.57	8	0.31	0.623	10942	0.966	0.377	7111	0.909
FDFT1	-1.57	8	0.31	0.623	10943	0.966	0.377	7110	0.909
CLRN1	-1.57	8	0.31	0.623	10944	0.966	0.377	7109	0.909
BTBD1	-1.57	8	0.31	0.623	10945	0.966	0.377	7108	0.909
GPRIN1	-1.56	8	0.31	0.623	10946	0.966	0.377	7107	0.909
BAALC	-1.56	8	0.31	0.623	10947	0.966	0.377	7106	0.909
NAT6	-1.56	8	0.31	0.623	10948	0.966	0.377	7105	0.909
PLEKHM1	-1.56	8	0.31	0.623	10949	0.966	0.377	7104	0.909
FAM20C	-1.56	8	0.31	0.623	10950	0.966	0.377	7103	0.909
DISP1	-1.56	8	0.31	0.623	10951	0.966	0.377	7102	0.909
PGBD1	-1.56	8	0.31	0.623	10952	0.966	0.377	7101	0.909
ELK1	-1.56	8	0.31	0.623	10953	0.966	0.377	7100	0.909
AOAH	-1.56	8	0.31	0.623	10954	0.966	0.377	7099	0.909
CLUAP1	-1.56	8	0.31	0.623	10955	0.966	0.377	7098	0.909
PPIL3	-1.56	8	0.31	0.623	10956	0.966	0.377	7097	0.909
ARHGAP32	-1.56	8	0.31	0.623	10957	0.966	0.377	7096	0.909
CASS4	-1.56	8	0.31	0.623	10958	0.966	0.377	7095	0.909
PLAU	-1.56	8	0.31	0.623	10959	0.966	0.377	7094	0.909
BNIP3L	-1.56	8	0.31	0.623	10960	0.966	0.377	7093	0.909
LMO4	-1.56	8	0.31	0.623	10961	0.966	0.377	7092	0.909
TMCO6	-1.56	8	0.31	0.623	10962	0.966	0.377	7091	0.909
DESI1	-1.56	8	0.31	0.623	10963	0.966	0.377	7090	0.909
EMX1	-1.56	8	0.31	0.623	10964	0.966	0.377	7089	0.909
AUNIP	-1.56	8	0.31	0.623	10965	0.966	0.377	7088	0.909
OR14A16	-1.56	8	0.31	0.623	10966	0.966	0.377	7087	0.909
HERC2	-1.56	8	0.31	0.623	10967	0.966	0.377	7086	0.909
SPACA7	-1.56	8	0.31	0.623	10968	0.966	0.377	7085	0.909
TOX3	-1.56	8	0.31	0.623	10969	0.966	0.377	7084	0.909
TRIM56	-1.56	8	0.31	0.623	10970	0.966	0.377	7083	0.909
CDHR1	-1.56	8	0.31	0.623	10971	0.966	0.377	7082	0.909
RFC1	-1.56	8	0.31	0.623	10972	0.966	0.377	7081	0.909
PHF2	-1.56	8	0.31	0.623	10973	0.966	0.377	7080	0.909
C22orf29	-1.56	8	0.31	0.624	10974	0.966	0.376	7079	0.909
BRCA2	-1.56	8	0.31	0.624	10975	0.966	0.376	7078	0.909
KLHL29	-1.35	6	0.32	0.624	10976	0.966	0.376	7077	0.909
DYTN	-1.55	8	0.32	0.624	10977	0.966	0.376	7076	0.909
STK17B	-1.55	8	0.32	0.624	10978	0.966	0.376	7075	0.909
RAPSN	-1.55	8	0.32	0.624	10979	0.966	0.376	7074	0.909
SLC44A4	-1.55	8	0.32	0.624	10980	0.966	0.376	7073	0.909
STRC	-1.55	8	0.32	0.624	10981	0.966	0.376	7072	0.909
NEUROD2	-1.55	8	0.32	0.624	10982	0.966	0.376	7071	0.909
REPS1	-1.55	8	0.32	0.624	10983	0.966	0.376	7070	0.909
LMTK2	-1.55	8	0.32	0.624	10984	0.966	0.376	7069	0.909
PDLIM7	-1.55	8	0.32	0.624	10985	0.966	0.376	7068	0.909
SRD5A1	-1.55	8	0.32	0.624	10986	0.966	0.376	7067	0.909
FER1L6	-1.55	8	0.32	0.624	10987	0.966	0.376	7066	0.909
TRIO	-1.55	8	0.32	0.624	10988	0.966	0.376	7065	0.909
TET2	-1.55	8	0.32	0.624	10989	0.966	0.376	7064	0.909
YDJC	-1.55	8	0.32	0.624	10990	0.966	0.376	7063	0.909
CAPNS1	-1.55	8	0.32	0.624	10991	0.966	0.376	7062	0.909
CYP2R1	-1.55	8	0.32	0.625	10992	0.966	0.375	7061	0.909
SPIN1	-1.55	8	0.32	0.625	10993	0.966	0.375	7060	0.909
FNDC1	-1.55	8	0.32	0.625	10994	0.966	0.375	7059	0.909
DIRC1	-1.55	8	0.32	0.625	10995	0.966	0.375	7058	0.909
CPED1	-1.55	8	0.32	0.625	10996	0.966	0.375	7057	0.909
OR52A5	-1.55	8	0.32	0.625	10997	0.966	0.375	7056	0.909
OR13G1	-1.54	8	0.32	0.625	10998	0.966	0.375	7055	0.909
MAP10	-1.54	8	0.32	0.625	10999	0.966	0.375	7054	0.909
NLGN2	-1.44	7	0.32	0.625	11000	0.966	0.375	7053	0.909
SP110	-1.54	8	0.32	0.625	11001	0.966	0.375	7052	0.909
MID2	-1.54	8	0.32	0.625	11002	0.966	0.375	7051	0.909
VPS13B	-1.54	8	0.32	0.625	11003	0.966	0.375	7050	0.909
ATF6B	-1.54	8	0.32	0.625	11004	0.966	0.375	7049	0.909
GLI2	-1.54	8	0.32	0.625	11005	0.966	0.375	7048	0.909
ARHGAP20	-1.54	8	0.32	0.625	11006	0.966	0.375	7047	0.909
RGMB	-1.54	8	0.32	0.625	11007	0.966	0.375	7046	0.909
PTGS2	-1.54	8	0.32	0.625	11008	0.966	0.375	7045	0.909
IKBKB	-1.54	8	0.32	0.625	11009	0.966	0.375	7044	0.909
SCARF1	-1.54	8	0.32	0.625	11010	0.966	0.375	7043	0.909
PRKG1	-1.54	8	0.32	0.625	11011	0.966	0.375	7042	0.909
CDH1	-1.54	8	0.32	0.626	11012	0.966	0.374	7041	0.909
FAM71E2	-1.53	8	0.32	0.626	11013	0.966	0.374	7040	0.909
CENPF	-1.53	8	0.32	0.626	11014	0.966	0.374	7039	0.909
ADAMTS3	-1.53	8	0.32	0.626	11015	0.966	0.374	7038	0.909
CTSG	-1.53	8	0.32	0.626	11016	0.966	0.374	7037	0.909
U82695.9	-1.53	8	0.32	0.626	11017	0.966	0.374	7036	0.909
BLACE	-1.53	8	0.32	0.626	11018	0.966	0.374	7035	0.909
ZC3H14	-1.53	8	0.32	0.626	11019	0.966	0.374	7034	0.909
MCOLN1	-1.53	8	0.32	0.626	11020	0.966	0.374	7033	0.909
ANKRD24	-1.53	8	0.32	0.626	11021	0.966	0.374	7032	0.909
TOP2B	-1.53	8	0.32	0.626	11022	0.966	0.374	7031	0.909
NPDC1	-1.53	8	0.32	0.626	11023	0.966	0.374	7030	0.909
C1QTNF6	-1.53	8	0.32	0.626	11024	0.966	0.374	7029	0.909
PGLYRP2	-1.53	8	0.32	0.626	11025	0.966	0.374	7028	0.909
SALL3	-1.53	8	0.32	0.626	11026	0.966	0.374	7027	0.909
SNX9	-1.53	8	0.32	0.626	11027	0.966	0.374	7026	0.909
IPMK	-1.53	8	0.32	0.626	11028	0.966	0.374	7025	0.909
TRMT10A	-1.53	8	0.32	0.626	11029	0.966	0.374	7024	0.909
ENDOG	-1.53	8	0.32	0.626	11030	0.966	0.374	7023	0.909
CASP10	-1.32	6	0.32	0.626	11031	0.966	0.374	7022	0.909
DOK1	-1.53	8	0.32	0.626	11032	0.966	0.374	7021	0.909
TPGS1	-1.53	8	0.32	0.626	11033	0.966	0.374	7020	0.909
HOXD3	-1.52	8	0.32	0.627	11034	0.966	0.373	7019	0.909
TMEM86A	-1.52	8	0.32	0.627	11035	0.966	0.373	7018	0.909
MUC12	-1.52	8	0.32	0.627	11036	0.966	0.373	7017	0.909
KISS1	-1.32	6	0.32	0.627	11037	0.966	0.373	7016	0.909
ADRB3	-1.52	8	0.32	0.627	11038	0.966	0.373	7015	0.909
ZNF654	-1.52	8	0.32	0.627	11039	0.966	0.373	7014	0.909
INSC	-1.52	8	0.32	0.627	11040	0.966	0.373	7013	0.909
SLC25A5	-1.32	6	0.32	0.627	11041	0.966	0.373	7012	0.909
MAGEE2	-1.52	8	0.32	0.627	11042	0.966	0.373	7011	0.909
SNRPE	-0.76	2	0.32	0.627	11043	0.966	0.373	7010	0.909
SP100	-1.52	8	0.32	0.627	11044	0.966	0.373	7009	0.909
PPAPDC1A	-1.52	8	0.32	0.627	11045	0.966	0.373	7008	0.909
BACH2	-1.52	8	0.32	0.627	11046	0.966	0.373	7007	0.909
TRAF3IP1	-1.52	8	0.32	0.627	11047	0.966	0.373	7006	0.909
MYO6	-1.52	8	0.33	0.627	11048	0.966	0.373	7005	0.909
DPPA2	-1.42	7	0.33	0.627	11049	0.966	0.373	7004	0.909
ACYP1	-1.51	8	0.33	0.628	11050	0.966	0.372	7003	0.909
AHDC1	-1.51	8	0.33	0.628	11051	0.966	0.372	7002	0.909
RPS15A	-1.07	4	0.33	0.628	11052	0.966	0.372	7001	0.909
NUDT13	-1.51	8	0.33	0.628	11053	0.966	0.372	7000	0.909
TPRX1	-1.51	8	0.33	0.628	11054	0.966	0.372	6999	0.909
EXD3	-1.51	8	0.33	0.628	11055	0.966	0.372	6998	0.909
CGGBP1	-1.51	8	0.33	0.628	11056	0.966	0.372	6997	0.909
PRPF40B	-1.51	8	0.33	0.628	11057	0.966	0.372	6996	0.909
WBP4	-1.51	8	0.33	0.628	11058	0.966	0.372	6995	0.909
TOMM7	-1.51	8	0.33	0.628	11059	0.966	0.372	6994	0.909
ALS2CR12	-1.51	8	0.33	0.628	11060	0.966	0.372	6993	0.909
MBNL3	-1.51	8	0.33	0.628	11061	0.966	0.372	6992	0.909
C1orf112	-1.51	8	0.33	0.628	11062	0.966	0.372	6991	0.909
GPR153	-1.51	8	0.33	0.628	11063	0.966	0.372	6990	0.909
ALDH18A1	-1.51	8	0.33	0.628	11064	0.966	0.372	6989	0.909
TCEAL4	-1.51	8	0.33	0.628	11065	0.966	0.372	6988	0.909
KDM5D	-1.51	8	0.33	0.628	11066	0.966	0.372	6987	0.909
ICT1	-1.51	8	0.33	0.628	11067	0.966	0.372	6986	0.909
PROCA1	-1.51	8	0.33	0.628	11068	0.966	0.372	6985	0.909
PAF1	-1.50	8	0.33	0.628	11069	0.966	0.372	6984	0.909
SERGEF	-1.50	8	0.33	0.628	11070	0.966	0.372	6983	0.909
GPRC6A	-1.50	8	0.33	0.629	11071	0.966	0.371	6982	0.909
PCDHGA11	-1.50	8	0.33	0.629	11072	0.966	0.371	6981	0.909
SLC16A6	-1.50	8	0.33	0.629	11073	0.966	0.371	6980	0.909
SLC5A9	-1.50	8	0.33	0.629	11074	0.966	0.371	6979	0.909
MARK4	-1.50	8	0.33	0.629	11075	0.966	0.371	6978	0.909
CDH13	-1.50	8	0.33	0.629	11076	0.966	0.371	6977	0.909
UBE2D1	-1.50	8	0.33	0.629	11077	0.966	0.371	6976	0.909
RELB	-1.50	8	0.33	0.629	11078	0.966	0.371	6975	0.909
ARID5B	-1.50	8	0.33	0.629	11079	0.966	0.371	6974	0.909
PRLHR	-1.50	8	0.33	0.629	11080	0.966	0.371	6973	0.909
COQ3	-1.50	8	0.33	0.629	11081	0.966	0.371	6972	0.909
HIST1H2BN	-1.06	4	0.33	0.629	11082	0.966	0.371	6971	0.909
SIRPA	-1.50	8	0.33	0.629	11083	0.966	0.371	6970	0.909
HIGD1A	-1.06	4	0.33	0.629	11084	0.966	0.371	6969	0.909
SNX5	-1.50	8	0.33	0.629	11085	0.966	0.371	6968	0.909
IQSEC3	-1.50	8	0.33	0.629	11086	0.966	0.371	6967	0.909
DCAF8	-1.50	8	0.33	0.629	11087	0.966	0.371	6966	0.909
AK1	-1.50	8	0.33	0.629	11088	0.966	0.371	6965	0.909
LINC00692	-1.50	8	0.33	0.629	11089	0.966	0.371	6964	0.909
FBXL7	-1.50	8	0.33	0.629	11090	0.966	0.371	6963	0.909
SLC44A2	-1.49	8	0.33	0.629	11091	0.966	0.371	6962	0.909
CLN5	-1.49	8	0.33	0.63	11092	0.966	0.37	6961	0.909
BRINP3	-1.49	8	0.33	0.63	11093	0.966	0.37	6960	0.909
UQCC1	-1.49	8	0.33	0.63	11094	0.966	0.37	6959	0.909
KIR3DL1	-1.49	8	0.33	0.63	11095	0.966	0.37	6958	0.909
HOXB13	-1.49	8	0.33	0.63	11096	0.966	0.37	6957	0.909
ZNF347	-1.49	8	0.33	0.63	11097	0.966	0.37	6956	0.909
VSTM2B	-1.49	8	0.33	0.63	11098	0.966	0.37	6955	0.909
RCAN1	-1.49	8	0.33	0.63	11099	0.966	0.37	6954	0.909
PDXK	-1.49	8	0.33	0.63	11100	0.966	0.37	6953	0.909
A3GALT2	-1.49	8	0.33	0.63	11101	0.966	0.37	6952	0.909
SCN9A	-1.49	8	0.33	0.63	11102	0.966	0.37	6951	0.909
ZMYND12	-1.49	8	0.33	0.63	11103	0.966	0.37	6950	0.909
FAM43B	-1.49	8	0.33	0.63	11104	0.966	0.37	6949	0.909
DCHS2	-1.49	8	0.33	0.63	11105	0.966	0.37	6948	0.909
CPE	-1.49	8	0.33	0.63	11106	0.966	0.37	6947	0.909
INPP5A	-1.49	8	0.33	0.63	11107	0.966	0.37	6946	0.909
GPATCH2L	-1.49	8	0.33	0.63	11108	0.966	0.37	6945	0.909
TEX29	-1.49	8	0.33	0.63	11109	0.966	0.37	6944	0.909
BSG	-1.49	8	0.33	0.63	11110	0.966	0.37	6943	0.909
SLC6A19	-1.49	8	0.33	0.63	11111	0.966	0.37	6942	0.909
SNCB	-1.48	8	0.33	0.63	11112	0.966	0.37	6941	0.909
PAPD7	-1.48	8	0.33	0.631	11113	0.966	0.369	6940	0.909
NHLH1	-1.48	8	0.33	0.631	11114	0.966	0.369	6939	0.909
SRSF9	-1.48	8	0.33	0.631	11115	0.966	0.369	6938	0.909
CPS1	-1.48	8	0.33	0.631	11116	0.966	0.369	6937	0.909
SCO1	-1.48	8	0.33	0.631	11117	0.966	0.369	6936	0.909
ATXN2	-1.48	8	0.33	0.631	11118	0.966	0.369	6935	0.909
NXPH2	-1.48	8	0.33	0.631	11119	0.966	0.369	6934	0.909
CDC14B	-1.48	8	0.33	0.631	11120	0.966	0.369	6933	0.909
GPRIN2	-1.48	8	0.33	0.631	11121	0.966	0.369	6932	0.909
SLK	-1.48	8	0.33	0.631	11122	0.966	0.369	6931	0.909
CEP250	-1.48	8	0.33	0.631	11123	0.966	0.369	6930	0.909
MICA	-1.28	6	0.33	0.631	11124	0.966	0.369	6929	0.909
ZNF695	-1.48	8	0.33	0.631	11125	0.966	0.369	6928	0.909
SMAD1	-1.48	8	0.33	0.631	11126	0.966	0.369	6927	0.909
CCNY	-1.48	8	0.34	0.631	11127	0.966	0.369	6926	0.909
RANBP3L	-1.47	8	0.34	0.631	11128	0.966	0.369	6925	0.909
CXXC5	-1.47	8	0.34	0.631	11129	0.966	0.369	6924	0.909
ISPD	-1.47	8	0.34	0.631	11130	0.966	0.369	6923	0.909
C1orf173	-1.47	8	0.34	0.631	11131	0.966	0.369	6922	0.909
FCRL2	-1.47	8	0.34	0.631	11132	0.966	0.369	6921	0.909
RUNDC1	-1.47	8	0.34	0.631	11133	0.966	0.369	6920	0.909
NSMF	-1.28	6	0.34	0.631	11134	0.966	0.369	6919	0.909
RIBC1	-1.47	8	0.34	0.631	11135	0.966	0.369	6918	0.909
ALDH9A1	-1.47	8	0.34	0.631	11136	0.966	0.369	6917	0.909
MSANTD3	-1.47	8	0.34	0.631	11137	0.966	0.369	6916	0.909
CPT1A	-1.47	8	0.34	0.631	11138	0.966	0.369	6915	0.909
CPN1	-1.47	8	0.34	0.631	11139	0.966	0.369	6914	0.909
KRCC1	-1.47	8	0.34	0.632	11140	0.966	0.368	6913	0.909
CHST4	-1.47	8	0.34	0.632	11141	0.966	0.368	6912	0.909
TPM3	-1.47	8	0.34	0.632	11142	0.966	0.368	6911	0.909
KCND1	-1.47	8	0.34	0.632	11143	0.966	0.368	6910	0.909
MAB21L2	-1.47	8	0.34	0.632	11144	0.966	0.368	6909	0.909
CD70	-1.47	8	0.34	0.632	11145	0.966	0.368	6908	0.909
TRIOBP	-1.47	8	0.34	0.632	11146	0.966	0.368	6907	0.909
ZNF479	-0.73	2	0.34	0.632	11147	0.966	0.368	6906	0.909
KIAA0247	-1.47	8	0.34	0.632	11148	0.966	0.368	6905	0.909
FOXC2	-1.47	8	0.34	0.632	11149	0.966	0.368	6904	0.909
AGTPBP1	-1.47	8	0.34	0.632	11150	0.966	0.368	6903	0.909
UNC79	-1.47	8	0.34	0.632	11151	0.966	0.368	6902	0.909
C17orf49	-0.73	2	0.34	0.632	11152	0.966	0.368	6901	0.909
MTMR14	-1.47	8	0.34	0.632	11153	0.966	0.368	6900	0.909
HPSE2	-1.47	8	0.34	0.632	11154	0.966	0.368	6899	0.909
LONRF3	-1.47	8	0.34	0.632	11155	0.966	0.368	6898	0.909
SPAG1	-1.37	7	0.34	0.632	11156	0.966	0.368	6897	0.909
PCDHGC5	-1.46	8	0.34	0.632	11157	0.966	0.368	6896	0.909
CRTAM	-1.46	8	0.34	0.632	11158	0.966	0.368	6895	0.909
CCNB2	-1.46	8	0.34	0.632	11159	0.966	0.368	6894	0.909
VSNL1	-1.46	8	0.34	0.633	11160	0.966	0.367	6893	0.909
AFAP1L1	-1.46	8	0.34	0.633	11161	0.966	0.367	6892	0.909
FAM86B1	-1.03	4	0.34	0.633	11162	0.966	0.367	6891	0.909
AQP5	-1.46	8	0.34	0.633	11163	0.966	0.367	6890	0.909
STEAP4	-1.46	8	0.34	0.633	11164	0.966	0.367	6889	0.909
ACTL7B	-1.46	8	0.34	0.633	11165	0.966	0.367	6888	0.909
THAP9	-1.46	8	0.34	0.633	11166	0.966	0.367	6887	0.909
HOMEZ	-1.46	8	0.34	0.633	11167	0.966	0.367	6886	0.909
TCEA2	-1.46	8	0.34	0.633	11168	0.966	0.367	6885	0.909
PARP6	-1.45	8	0.34	0.633	11169	0.966	0.367	6884	0.909
GAN	-1.45	8	0.34	0.633	11170	0.966	0.367	6883	0.909
LDB1	-1.45	8	0.34	0.633	11171	0.966	0.367	6882	0.909
BHLHB9	-1.45	8	0.34	0.633	11172	0.966	0.367	6881	0.909
TGIF2LX	-0.73	2	0.34	0.633	11173	0.966	0.367	6880	0.909
TXNRD1	-1.45	8	0.34	0.633	11174	0.966	0.367	6879	0.909
ACTR5	-1.45	8	0.34	0.633	11175	0.966	0.367	6878	0.909
CIB2	-1.45	8	0.34	0.633	11176	0.966	0.367	6877	0.909
UBR7	-1.45	8	0.34	0.633	11177	0.966	0.367	6876	0.909
PRDM12	-1.45	8	0.34	0.633	11178	0.966	0.367	6875	0.909
FOXP1	-1.45	8	0.34	0.633	11179	0.966	0.367	6874	0.909
SSH2	-1.45	8	0.34	0.634	11180	0.966	0.366	6873	0.909
NPNT	-1.45	8	0.34	0.634	11181	0.966	0.366	6872	0.909
CDKL3	-1.45	8	0.34	0.634	11182	0.966	0.366	6871	0.909
ATP6AP1L	-1.45	8	0.34	0.634	11183	0.966	0.366	6870	0.909
STK32C	-1.45	8	0.34	0.634	11184	0.966	0.366	6869	0.909
WFIKKN1	-1.45	8	0.34	0.634	11185	0.966	0.366	6868	0.909
CYP24A1	-1.45	8	0.34	0.634	11186	0.966	0.366	6867	0.909
PPHLN1	-1.45	8	0.34	0.634	11187	0.966	0.366	6866	0.909
SNX14	-1.45	8	0.34	0.634	11188	0.966	0.366	6865	0.909
CCP110	-1.44	8	0.34	0.634	11189	0.966	0.366	6864	0.909
PRTN3	-1.44	8	0.34	0.634	11190	0.966	0.366	6863	0.909
FGF10	-1.44	8	0.34	0.634	11191	0.966	0.366	6862	0.909
MS4A3	-1.44	8	0.34	0.634	11192	0.966	0.366	6861	0.909
PTX4	-1.44	8	0.34	0.634	11193	0.966	0.366	6860	0.909
MC2R	-1.44	8	0.34	0.634	11194	0.966	0.366	6859	0.909
IRG1	-1.44	8	0.34	0.634	11195	0.966	0.366	6858	0.909
DUSP19	-1.35	7	0.34	0.634	11196	0.966	0.366	6857	0.909
HSPB11	-1.02	4	0.34	0.634	11197	0.966	0.366	6856	0.909
LTBP1	-1.44	8	0.34	0.634	11198	0.966	0.366	6855	0.909
GPR114	-1.44	8	0.34	0.635	11199	0.966	0.365	6854	0.909
CCDC129	-1.44	8	0.34	0.635	11200	0.966	0.365	6853	0.909
NUFIP2	-1.44	8	0.34	0.635	11201	0.966	0.365	6852	0.909
AXDND1	-1.44	8	0.34	0.635	11202	0.966	0.365	6851	0.909
IL37	-1.44	8	0.34	0.635	11203	0.966	0.365	6850	0.909
C12orf42	-1.44	8	0.34	0.635	11204	0.966	0.365	6849	0.909
CLCN5	-1.44	8	0.35	0.635	11205	0.966	0.365	6848	0.909
SLC16A12	-1.44	8	0.35	0.635	11206	0.966	0.365	6847	0.909
ADCY10	-1.43	8	0.35	0.635	11207	0.966	0.365	6846	0.909
ABCD1	-1.43	8	0.35	0.635	11208	0.966	0.365	6845	0.909
AIPL1	-1.43	8	0.35	0.635	11209	0.966	0.365	6844	0.909
TRIP10	-1.43	8	0.35	0.635	11210	0.966	0.365	6843	0.909
CHN1	-1.43	8	0.35	0.635	11211	0.966	0.365	6842	0.909
CR2	-1.24	6	0.35	0.635	11212	0.966	0.365	6841	0.909
AGRP	-1.43	8	0.35	0.635	11213	0.966	0.365	6840	0.909
RBMXL3	-1.43	8	0.35	0.636	11214	0.966	0.364	6839	0.909
WDR83OS	-1.43	8	0.35	0.636	11215	0.966	0.364	6838	0.909
CNGA4	-1.43	8	0.35	0.636	11216	0.966	0.364	6837	0.909
LCE4A	-1.24	6	0.35	0.636	11217	0.966	0.364	6836	0.909
SYCP3	-1.43	8	0.35	0.636	11218	0.966	0.364	6835	0.909
HLA-DOA	-1.43	8	0.35	0.636	11219	0.966	0.364	6834	0.909
ARHGAP18	-1.43	8	0.35	0.636	11220	0.966	0.364	6833	0.909
DEDD2	-1.33	7	0.35	0.636	11221	0.966	0.364	6832	0.909
ZNF385A	-1.43	8	0.35	0.636	11222	0.966	0.364	6831	0.909
ACTR1B	-1.43	8	0.35	0.636	11223	0.966	0.364	6830	0.909
NPM3	-1.42	8	0.35	0.636	11224	0.966	0.364	6829	0.909
C8orf33	-1.42	8	0.35	0.636	11225	0.966	0.364	6828	0.909
RRM2B	-1.42	8	0.35	0.636	11226	0.966	0.364	6827	0.909
KIF2A	-1.42	8	0.35	0.636	11227	0.966	0.364	6826	0.909
PDIA4	-1.42	8	0.35	0.636	11228	0.966	0.364	6825	0.909
LAIR1	-1.42	8	0.35	0.636	11229	0.966	0.364	6824	0.909
LRRK2	-1.42	8	0.35	0.636	11230	0.966	0.364	6823	0.909
OCLN	-1.42	8	0.35	0.636	11231	0.966	0.364	6822	0.909
EML2	-1.42	8	0.35	0.637	11232	0.966	0.363	6821	0.909
NOTCH3	-1.42	8	0.35	0.637	11233	0.966	0.363	6820	0.909
ERAP2	-1.42	8	0.35	0.637	11234	0.966	0.363	6819	0.909
PHPT1	-1.42	8	0.35	0.637	11235	0.966	0.363	6818	0.909
TEC	-1.42	8	0.35	0.637	11236	0.966	0.363	6817	0.909
PCDHGC3	-1.42	8	0.35	0.637	11237	0.966	0.363	6816	0.909
CTD-2616J11.4	-1.42	8	0.35	0.637	11238	0.966	0.363	6815	0.909
TMEM200B	-1.42	8	0.35	0.637	11239	0.966	0.363	6814	0.909
EIF2AK2	-1.41	8	0.35	0.637	11240	0.966	0.363	6813	0.909
MMP25	-1.41	8	0.35	0.637	11241	0.966	0.363	6812	0.909
ENOX2	-1.41	8	0.35	0.637	11242	0.966	0.363	6811	0.909
C5orf52	-1.41	8	0.35	0.637	11243	0.966	0.363	6810	0.909
INHBB	-1.41	8	0.35	0.637	11244	0.966	0.363	6809	0.909
MPP6	-1.41	8	0.35	0.638	11245	0.966	0.362	6808	0.909
CD3D	-1.41	8	0.35	0.638	11246	0.966	0.362	6807	0.909
L3MBTL2	-1.41	8	0.35	0.638	11247	0.966	0.362	6806	0.909
TMEM154	-1.41	8	0.35	0.638	11248	0.966	0.362	6805	0.909
TMPO	-1.41	8	0.35	0.638	11249	0.966	0.362	6804	0.909
HERPUD1	-1.41	8	0.35	0.638	11250	0.966	0.362	6803	0.909
ACER1	-1.41	8	0.35	0.638	11251	0.966	0.362	6802	0.909
UGDH	-1.41	8	0.35	0.638	11252	0.966	0.362	6801	0.909
ZFY	-1.41	8	0.35	0.638	11253	0.966	0.362	6800	0.909
DHFRL1	-0.70	2	0.35	0.638	11254	0.966	0.362	6799	0.909
MOB2	-1.41	8	0.35	0.638	11255	0.966	0.362	6798	0.909
ACADVL	-1.41	8	0.35	0.638	11256	0.966	0.362	6797	0.909
ZFP92	-1.41	8	0.35	0.638	11257	0.966	0.362	6796	0.909
ZNF174	-1.41	8	0.35	0.638	11258	0.966	0.362	6795	0.909
ZNF653	-1.41	8	0.35	0.638	11259	0.966	0.362	6794	0.909
CACTIN	-1.41	8	0.35	0.638	11260	0.966	0.362	6793	0.909
HYAL3	-1.40	8	0.35	0.638	11261	0.966	0.362	6792	0.909
ZCCHC13	-1.40	8	0.35	0.638	11262	0.966	0.362	6791	0.909
MAP3K15	-1.40	8	0.35	0.638	11263	0.966	0.362	6790	0.909
PPIP5K2	-1.40	8	0.35	0.638	11264	0.966	0.362	6789	0.909
MECOM	-1.40	8	0.35	0.638	11265	0.966	0.362	6788	0.909
ALOX5AP	-1.40	8	0.35	0.638	11266	0.966	0.362	6787	0.909
EPHX2	-1.40	8	0.35	0.638	11267	0.966	0.362	6786	0.909
KIAA1377	-1.40	8	0.35	0.638	11268	0.966	0.362	6785	0.909
IFIH1	-1.40	8	0.35	0.638	11269	0.966	0.362	6784	0.909
GATA2	-1.40	8	0.35	0.638	11270	0.966	0.362	6783	0.909
C16orf89	-1.40	8	0.35	0.638	11271	0.966	0.362	6782	0.909
GSR	-1.40	8	0.35	0.638	11272	0.966	0.362	6781	0.909
ANKK1	-1.40	8	0.35	0.638	11273	0.966	0.362	6780	0.909
WEE2	-1.40	8	0.35	0.638	11274	0.966	0.362	6779	0.909
SPIB	-1.40	8	0.35	0.638	11275	0.966	0.362	6778	0.909
PAPSS1	-1.40	8	0.35	0.638	11276	0.966	0.362	6777	0.909
KCNV2	-1.40	8	0.35	0.639	11277	0.966	0.361	6776	0.909
TPH1	-1.40	8	0.35	0.639	11278	0.966	0.361	6775	0.909
BCKDK	-1.40	8	0.35	0.639	11279	0.966	0.361	6774	0.909
MAST3	-1.40	8	0.36	0.639	11280	0.966	0.361	6773	0.909
TRIM5	-1.40	8	0.36	0.639	11281	0.966	0.361	6772	0.909
CST9L	-1.31	7	0.36	0.639	11282	0.966	0.361	6771	0.909
ZNF609	-1.40	8	0.36	0.639	11283	0.966	0.361	6770	0.909
RBCK1	-1.39	8	0.36	0.639	11284	0.966	0.361	6769	0.909
WIPI2	-1.39	8	0.36	0.639	11285	0.966	0.361	6768	0.909
WAC	-1.39	8	0.36	0.639	11286	0.966	0.361	6767	0.909
HOXD11	-1.39	8	0.36	0.639	11287	0.966	0.361	6766	0.909
MRVI1	-1.39	8	0.36	0.639	11288	0.966	0.361	6765	0.909
AADAC	-1.39	8	0.36	0.639	11289	0.966	0.361	6764	0.909
CPQ	-1.39	8	0.36	0.639	11290	0.966	0.361	6763	0.909
RNF6	-1.39	8	0.36	0.639	11291	0.966	0.361	6762	0.909
C10orf76	-1.39	8	0.36	0.639	11292	0.966	0.361	6761	0.909
SETD5	-1.39	8	0.36	0.639	11293	0.966	0.361	6760	0.909
MRPL43	-1.39	8	0.36	0.639	11294	0.966	0.361	6759	0.909
EPM2A	-1.39	8	0.36	0.639	11295	0.966	0.361	6758	0.909
ADAD2	-1.39	8	0.36	0.639	11296	0.966	0.361	6757	0.909
ZNF213	-1.39	8	0.36	0.639	11297	0.966	0.361	6756	0.909
PSTPIP2	-1.39	8	0.36	0.64	11298	0.966	0.36	6755	0.909
DDX50	-1.39	8	0.36	0.64	11299	0.966	0.36	6754	0.909
TEX15	-1.39	8	0.36	0.64	11300	0.966	0.36	6753	0.909
FAM13B	-1.39	8	0.36	0.64	11301	0.966	0.36	6752	0.909
STK11IP	-1.39	8	0.36	0.64	11302	0.966	0.36	6751	0.909
TSN	-1.39	8	0.36	0.64	11303	0.966	0.36	6750	0.909
MAT1A	-1.38	8	0.36	0.64	11304	0.966	0.36	6749	0.909
TRPC4AP	-1.38	8	0.36	0.64	11305	0.966	0.36	6748	0.909
JMJD1C	-1.38	8	0.36	0.64	11306	0.966	0.36	6747	0.909
SFMBT1	-1.38	8	0.36	0.64	11307	0.966	0.36	6746	0.909
EYA2	-1.38	8	0.36	0.64	11308	0.966	0.36	6745	0.909
ADRA2A	-1.38	8	0.36	0.64	11309	0.966	0.36	6744	0.909
MRPL19	-1.38	8	0.36	0.64	11310	0.966	0.36	6743	0.909
NIN	-1.38	8	0.36	0.64	11311	0.966	0.36	6742	0.909
CD99L2	-1.38	8	0.36	0.64	11312	0.966	0.36	6741	0.909
NANOGNB	-1.38	8	0.36	0.64	11313	0.966	0.36	6740	0.909
BCAS1	-1.38	8	0.36	0.64	11314	0.966	0.36	6739	0.909
KLHL18	-1.38	8	0.36	0.64	11315	0.966	0.36	6738	0.909
FTSJ2	-1.38	8	0.36	0.64	11316	0.966	0.36	6737	0.909
GDPD3	-1.38	8	0.36	0.64	11317	0.966	0.36	6736	0.909
CLSTN2	-1.38	8	0.36	0.64	11318	0.966	0.36	6735	0.909
FAM81A	-1.38	8	0.36	0.64	11319	0.966	0.36	6734	0.909
THBS4	-1.38	8	0.36	0.64	11320	0.966	0.36	6733	0.909
SNRPN	-1.38	8	0.36	0.64	11321	0.966	0.36	6732	0.909
NHEJ1	-1.38	8	0.36	0.64	11322	0.966	0.36	6731	0.909
OR2M5	-0.97	4	0.36	0.64	11323	0.966	0.36	6730	0.909
SIGLEC10	-1.38	8	0.36	0.64	11324	0.966	0.36	6729	0.909
PLCB1	-1.38	8	0.36	0.641	11325	0.966	0.359	6728	0.909
FGF8	-1.38	8	0.36	0.641	11326	0.966	0.359	6727	0.909
FOXK2	-1.38	8	0.36	0.641	11327	0.966	0.359	6726	0.909
DCLK1	-1.37	8	0.36	0.641	11328	0.966	0.359	6725	0.909
TMEM198	-1.37	8	0.36	0.641	11329	0.966	0.359	6724	0.909
OLFM2	-1.37	8	0.36	0.641	11330	0.966	0.359	6723	0.909
C6	-1.37	8	0.36	0.641	11331	0.966	0.359	6722	0.909
ZNF292	-1.37	8	0.36	0.641	11332	0.966	0.359	6721	0.909
OR4F15	-1.37	8	0.36	0.641	11333	0.966	0.359	6720	0.909
TEX30	-1.37	8	0.36	0.641	11334	0.966	0.359	6719	0.909
SP1	-1.37	8	0.36	0.641	11335	0.966	0.359	6718	0.909
MTRF1	-1.37	8	0.36	0.641	11336	0.966	0.359	6717	0.909
NR5A2	-1.37	8	0.36	0.641	11337	0.966	0.359	6716	0.909
SFTA2	-1.37	8	0.36	0.641	11338	0.966	0.359	6715	0.909
ZFYVE20	-1.37	8	0.36	0.641	11339	0.966	0.359	6714	0.909
SH3KBP1	-1.37	8	0.36	0.641	11340	0.966	0.359	6713	0.909
DLX2	-1.37	8	0.36	0.641	11341	0.966	0.359	6712	0.909
NCR1	-1.37	8	0.36	0.641	11342	0.966	0.359	6711	0.909
SHROOM2	-1.37	8	0.36	0.641	11343	0.966	0.359	6710	0.909
MTDH	-1.37	8	0.36	0.641	11344	0.966	0.359	6709	0.909
BIN1	-1.37	8	0.36	0.642	11345	0.966	0.358	6708	0.909
ELAVL3	-1.37	8	0.36	0.642	11346	0.966	0.358	6707	0.909
GPR144	-1.36	8	0.36	0.642	11347	0.966	0.358	6706	0.909
RABEP1	-1.36	8	0.36	0.642	11348	0.966	0.358	6705	0.909
CUL4B	-1.36	8	0.36	0.642	11349	0.966	0.358	6704	0.909
CTRB2	-1.36	8	0.36	0.642	11350	0.966	0.358	6703	0.909
POFUT2	-1.36	8	0.36	0.642	11351	0.966	0.358	6702	0.909
ZSWIM1	-1.36	8	0.36	0.642	11352	0.966	0.358	6701	0.909
BMF	-1.36	8	0.36	0.642	11353	0.966	0.358	6700	0.909
LILRB4	-1.36	8	0.36	0.642	11354	0.966	0.358	6699	0.909
SCD	-1.36	8	0.36	0.642	11355	0.966	0.358	6698	0.909
FAM127B	-0.68	2	0.36	0.642	11356	0.966	0.358	6697	0.909
ZCCHC24	-1.36	8	0.36	0.642	11357	0.966	0.358	6696	0.909
CRABP2	-1.36	8	0.36	0.642	11358	0.966	0.358	6695	0.909
COL28A1	-1.36	8	0.36	0.642	11359	0.966	0.358	6694	0.909
SWSAP1	-1.36	8	0.36	0.642	11360	0.966	0.358	6693	0.909
RNF141	-1.36	8	0.36	0.642	11361	0.966	0.358	6692	0.909
SLC5A5	-1.36	8	0.36	0.642	11362	0.966	0.358	6691	0.909
DYRK2	-1.36	8	0.37	0.642	11363	0.966	0.358	6690	0.909
DSC3	-1.36	8	0.37	0.643	11364	0.966	0.357	6689	0.909
C1orf146	-0.96	4	0.37	0.643	11365	0.966	0.357	6688	0.909
RNF152	-1.35	8	0.37	0.643	11366	0.966	0.357	6687	0.909
SERPINA4	-1.35	8	0.37	0.643	11367	0.966	0.357	6686	0.909
MYL12B	-0.68	2	0.37	0.643	11368	0.966	0.357	6685	0.909
LRRC28	-1.35	8	0.37	0.643	11369	0.966	0.357	6684	0.909
CEACAM6	-1.35	8	0.37	0.643	11370	0.966	0.357	6683	0.909
SMPD4	-1.35	8	0.37	0.643	11371	0.966	0.357	6682	0.909
ZNF487	-0.68	2	0.37	0.643	11372	0.966	0.357	6681	0.909
GJB2	-1.35	8	0.37	0.643	11373	0.966	0.357	6680	0.909
TRMT2A	-1.35	8	0.37	0.643	11374	0.966	0.357	6679	0.909
ATP2A3	-1.35	8	0.37	0.643	11375	0.966	0.357	6678	0.909
POU2F1	-1.35	8	0.37	0.643	11376	0.966	0.357	6677	0.909
C12orf57	-1.35	8	0.37	0.643	11377	0.966	0.357	6676	0.909
OC90	-1.35	8	0.37	0.643	11378	0.966	0.357	6675	0.909
CALCA	-1.35	8	0.37	0.643	11379	0.966	0.357	6674	0.909
POU3F3	-1.35	8	0.37	0.643	11380	0.966	0.357	6673	0.909
MYH6	-1.35	8	0.37	0.643	11381	0.966	0.357	6672	0.909
BET1L	-1.35	8	0.37	0.643	11382	0.966	0.357	6671	0.909
SOCS5	-1.35	8	0.37	0.643	11383	0.966	0.357	6670	0.909
TSPAN18	-1.35	8	0.37	0.643	11384	0.966	0.357	6669	0.909
GPR173	-1.35	8	0.37	0.643	11385	0.966	0.357	6668	0.909
ZKSCAN7	-1.35	8	0.37	0.643	11386	0.966	0.357	6667	0.909
MTA2	-1.35	8	0.37	0.643	11387	0.966	0.357	6666	0.909
KLRD1	-1.35	8	0.37	0.643	11388	0.966	0.357	6665	0.909
CNTD1	-1.35	8	0.37	0.643	11389	0.966	0.357	6664	0.909
ABCG5	-1.35	8	0.37	0.643	11390	0.966	0.357	6663	0.909
VPS13A	-1.35	8	0.37	0.644	11391	0.966	0.356	6662	0.909
PICK1	-1.35	8	0.37	0.644	11392	0.966	0.356	6661	0.909
CAPSL	-1.34	8	0.37	0.644	11393	0.966	0.356	6660	0.909
MUC6	-1.34	8	0.37	0.644	11394	0.966	0.356	6659	0.909
TULP3	-1.34	8	0.37	0.644	11395	0.966	0.356	6658	0.909
TNFRSF10D	-1.34	8	0.37	0.644	11396	0.966	0.356	6657	0.909
RBFOX3	-1.34	8	0.37	0.644	11397	0.966	0.356	6656	0.909
MAFG	-1.34	8	0.37	0.644	11398	0.966	0.356	6655	0.909
MOB3C	-1.34	8	0.37	0.644	11399	0.966	0.356	6654	0.909
AK4	-1.34	8	0.37	0.644	11400	0.966	0.356	6653	0.909
CPSF6	-1.34	8	0.37	0.644	11401	0.966	0.356	6652	0.909
CEP76	-1.34	8	0.37	0.644	11402	0.966	0.356	6651	0.909
PICALM	-1.34	8	0.37	0.644	11403	0.966	0.356	6650	0.909
ME3	-1.34	8	0.37	0.644	11404	0.966	0.356	6649	0.909
DCLRE1A	-1.34	8	0.37	0.644	11405	0.966	0.356	6648	0.909
SCCPDH	-1.16	6	0.37	0.644	11406	0.966	0.356	6647	0.909
MYH13	-1.34	8	0.37	0.644	11407	0.966	0.356	6646	0.909
REP15	-1.34	8	0.37	0.644	11408	0.966	0.356	6645	0.909
TCTEX1D1	-1.34	8	0.37	0.644	11409	0.966	0.356	6644	0.909
FOXO4	-1.34	8	0.37	0.644	11410	0.966	0.356	6643	0.909
SDHAF1	-1.34	8	0.37	0.644	11411	0.966	0.356	6642	0.909
DNAJB11	-1.33	8	0.37	0.645	11412	0.966	0.355	6641	0.909
VOPP1	-1.33	8	0.37	0.645	11413	0.966	0.355	6640	0.909
THRAP3	-1.33	8	0.37	0.645	11414	0.966	0.355	6639	0.909
C11orf72	-1.25	7	0.37	0.645	11415	0.966	0.355	6638	0.909
KCNRG	-1.33	8	0.37	0.645	11416	0.966	0.355	6637	0.909
WDR81	-1.33	8	0.37	0.645	11417	0.966	0.355	6636	0.909
GPRC5C	-1.33	8	0.37	0.645	11418	0.966	0.355	6635	0.909
URAD	-1.33	8	0.37	0.645	11419	0.966	0.355	6634	0.909
DOPEY1	-1.33	8	0.37	0.645	11420	0.966	0.355	6633	0.909
LRRC6	-1.33	8	0.37	0.645	11421	0.966	0.355	6632	0.909
KIRREL3	-1.33	8	0.37	0.645	11422	0.966	0.355	6631	0.909
CTSS	-1.33	8	0.37	0.645	11423	0.966	0.355	6630	0.909
TIGD1	-0.66	2	0.37	0.645	11424	0.966	0.355	6629	0.909
NDUFA11	-1.33	8	0.37	0.645	11425	0.966	0.355	6628	0.909
TMEM211	-1.33	8	0.37	0.645	11426	0.966	0.355	6627	0.909
ZP1	-1.33	8	0.37	0.645	11427	0.966	0.355	6626	0.909
SPNS1	-1.33	8	0.37	0.645	11428	0.966	0.355	6625	0.909
DAW1	-1.32	8	0.37	0.645	11429	0.966	0.355	6624	0.909
GPR111	-1.15	6	0.37	0.646	11430	0.966	0.354	6623	0.909
CCNB3	-1.32	8	0.37	0.646	11431	0.966	0.354	6622	0.909
HOXB4	-1.32	8	0.37	0.646	11432	0.966	0.354	6621	0.909
AFF3	-1.32	8	0.37	0.646	11433	0.966	0.354	6620	0.909
DMBT1	-1.32	8	0.37	0.646	11434	0.966	0.354	6619	0.909
TIA1	-1.32	8	0.37	0.646	11435	0.966	0.354	6618	0.909
PROX1	-1.32	8	0.37	0.646	11436	0.966	0.354	6617	0.909
C14orf37	-1.32	8	0.37	0.646	11437	0.966	0.354	6616	0.909
ZFC3H1	-1.32	8	0.37	0.646	11438	0.966	0.354	6615	0.909
ATP13A4	-1.32	8	0.37	0.646	11439	0.966	0.354	6614	0.909
MIPOL1	-1.32	8	0.38	0.646	11440	0.966	0.354	6613	0.909
RBM8A	-1.14	6	0.38	0.646	11441	0.966	0.354	6612	0.909
UBE2U	-1.32	8	0.38	0.646	11442	0.966	0.354	6611	0.909
NICN1	-1.31	8	0.38	0.646	11443	0.966	0.354	6610	0.909
DAK	-1.31	8	0.38	0.647	11444	0.966	0.353	6609	0.909
SSPN	-1.31	8	0.38	0.647	11445	0.966	0.353	6608	0.909
DNM1L	-1.31	8	0.38	0.647	11446	0.966	0.353	6607	0.909
ARAP3	-1.31	8	0.38	0.647	11447	0.966	0.353	6606	0.909
SLC26A3	-1.31	8	0.38	0.647	11448	0.966	0.353	6605	0.909
HEY1	-1.31	8	0.38	0.647	11449	0.966	0.353	6604	0.909
THEM6	-1.31	8	0.38	0.647	11450	0.966	0.353	6603	0.909
C21orf91	-1.31	8	0.38	0.647	11451	0.966	0.353	6602	0.909
TMEM230	-1.31	8	0.38	0.647	11452	0.966	0.353	6601	0.909
PALM3	-1.31	8	0.38	0.647	11453	0.966	0.353	6600	0.909
CPT1B	-1.31	8	0.38	0.647	11454	0.966	0.353	6599	0.909
FAM132B	-1.31	8	0.38	0.647	11455	0.966	0.353	6598	0.909
PIGQ	-1.31	8	0.38	0.647	11456	0.966	0.353	6597	0.909
RASSF7	-1.31	8	0.38	0.647	11457	0.966	0.353	6596	0.909
PROK1	-1.31	8	0.38	0.647	11458	0.966	0.353	6595	0.909
NSG1	-1.31	8	0.38	0.647	11459	0.966	0.353	6594	0.909
KRTAP5-9	-0.65	2	0.38	0.647	11460	0.966	0.353	6593	0.909
MEX3B	-1.31	8	0.38	0.647	11461	0.966	0.353	6592	0.909
SLC8A1	-1.31	8	0.38	0.647	11462	0.966	0.353	6591	0.909
TPM4	-1.31	8	0.38	0.647	11463	0.966	0.353	6590	0.909
C8orf22	-1.31	8	0.38	0.647	11464	0.966	0.353	6589	0.909
USP27X	-1.31	8	0.38	0.647	11465	0.966	0.353	6588	0.909
WDPCP	-1.30	8	0.38	0.647	11466	0.966	0.353	6587	0.909
AK9	-1.30	8	0.38	0.647	11467	0.966	0.353	6586	0.909
SEC14L3	-1.30	8	0.38	0.647	11468	0.966	0.353	6585	0.909
GUCY2D	-1.30	8	0.38	0.647	11469	0.966	0.353	6584	0.909
PCDHA12	-1.30	8	0.38	0.647	11470	0.966	0.353	6583	0.909
DHX58	-1.30	8	0.38	0.647	11471	0.966	0.353	6582	0.909
THTPA	-1.30	8	0.38	0.648	11472	0.966	0.352	6581	0.909
TMBIM6	-1.30	8	0.38	0.648	11473	0.966	0.352	6580	0.909
MAPK8IP3	-1.30	8	0.38	0.648	11474	0.966	0.352	6579	0.909
CD209	-1.30	8	0.38	0.648	11475	0.966	0.352	6578	0.909
ADAM7	-1.30	8	0.38	0.648	11476	0.966	0.352	6577	0.909
SCAND1	-1.30	8	0.38	0.648	11477	0.966	0.352	6576	0.909
ANKRD18B	-0.65	2	0.38	0.648	11478	0.966	0.352	6575	0.909
ZNF564	-1.30	8	0.38	0.648	11479	0.966	0.352	6574	0.909
MRPS25	-1.30	8	0.38	0.648	11480	0.966	0.352	6573	0.909
FARP1	-1.30	8	0.38	0.648	11481	0.966	0.352	6572	0.909
ACPT	-1.21	7	0.38	0.648	11482	0.966	0.352	6571	0.909
RASGEF1B	-1.30	8	0.38	0.648	11483	0.966	0.352	6570	0.909
OR52J3	-1.30	8	0.38	0.648	11484	0.966	0.352	6569	0.909
PQLC1	-1.30	8	0.38	0.648	11485	0.966	0.352	6568	0.909
ZBTB4	-1.29	8	0.38	0.648	11486	0.966	0.352	6567	0.909
PRDM9	-1.12	6	0.38	0.648	11487	0.966	0.352	6566	0.909
KHDRBS2	-1.29	8	0.38	0.648	11488	0.966	0.352	6565	0.909
RFK	-1.29	8	0.38	0.648	11489	0.966	0.352	6564	0.909
GLG1	-1.29	8	0.38	0.649	11490	0.966	0.351	6563	0.909
TM9SF4	-1.29	8	0.38	0.649	11491	0.966	0.351	6562	0.909
MAP9	-1.29	8	0.38	0.649	11492	0.966	0.351	6561	0.909
ING4	-1.29	8	0.38	0.649	11493	0.966	0.351	6560	0.909
NDUFV1	-1.29	8	0.38	0.649	11494	0.966	0.351	6559	0.909
ACTA2	-1.29	8	0.38	0.649	11495	0.966	0.351	6558	0.909
DENND4C	-1.29	8	0.38	0.649	11496	0.966	0.351	6557	0.909
CUBN	-1.29	8	0.38	0.649	11497	0.966	0.351	6556	0.909
GTPBP3	-1.29	8	0.38	0.649	11498	0.966	0.351	6555	0.909
SLC17A4	-1.29	8	0.38	0.649	11499	0.966	0.351	6554	0.909
C9	-1.29	8	0.38	0.649	11500	0.966	0.351	6553	0.909
NR1D2	-1.29	8	0.38	0.649	11501	0.966	0.351	6552	0.909
CALCRL	-1.29	8	0.38	0.649	11502	0.966	0.351	6551	0.909
SLC2A8	-1.29	8	0.38	0.649	11503	0.966	0.351	6550	0.909
NRM	-1.29	8	0.38	0.649	11504	0.966	0.351	6549	0.909
GNAI2	-1.29	8	0.38	0.649	11505	0.966	0.351	6548	0.909
MAP1A	-1.29	8	0.38	0.649	11506	0.966	0.351	6547	0.909
RBM45	-1.29	8	0.38	0.649	11507	0.966	0.351	6546	0.909
MFSD9	-1.29	8	0.38	0.649	11508	0.966	0.351	6545	0.909
SH2D4A	-1.29	8	0.38	0.649	11509	0.966	0.351	6544	0.909
BLVRB	-1.29	8	0.38	0.649	11510	0.966	0.351	6543	0.909
TMEM56	-1.28	8	0.38	0.649	11511	0.966	0.351	6542	0.909
MAPK9	-1.28	8	0.38	0.649	11512	0.966	0.351	6541	0.909
ATE1	-1.28	8	0.38	0.649	11513	0.966	0.351	6540	0.909
OR2AP1	-1.28	8	0.38	0.649	11514	0.966	0.351	6539	0.909
TRIM11	-1.28	8	0.38	0.649	11515	0.966	0.351	6538	0.909
TNFSF15	-1.28	8	0.38	0.649	11516	0.966	0.351	6537	0.909
ZDHHC20	-1.28	8	0.38	0.649	11517	0.966	0.351	6536	0.909
KCNIP2	-1.28	8	0.38	0.649	11518	0.966	0.351	6535	0.909
STAT5B	-1.28	8	0.38	0.65	11519	0.966	0.35	6534	0.909
AEN	-1.28	8	0.38	0.65	11520	0.966	0.35	6533	0.909
SEMG2	-1.28	8	0.38	0.65	11521	0.966	0.35	6532	0.909
FBXO21	-1.28	8	0.38	0.65	11522	0.966	0.35	6531	0.909
CSDC2	-1.28	8	0.38	0.65	11523	0.966	0.35	6530	0.909
OR10S1	-1.28	8	0.38	0.65	11524	0.966	0.35	6529	0.909
KIF4A	-1.28	8	0.38	0.65	11525	0.966	0.35	6528	0.909
MRPS28	-1.28	8	0.38	0.65	11526	0.966	0.35	6527	0.909
IZUMO1	-1.28	8	0.38	0.65	11527	0.966	0.35	6526	0.909
RALBP1	-1.28	8	0.38	0.65	11528	0.966	0.35	6525	0.909
CD14	-1.28	8	0.38	0.65	11529	0.966	0.35	6524	0.909
C12orf29	-1.28	8	0.38	0.65	11530	0.966	0.35	6523	0.909
CRYAA	-1.28	8	0.38	0.65	11531	0.966	0.35	6522	0.909
ST6GAL2	-1.28	8	0.38	0.65	11532	0.966	0.35	6521	0.909
ARMCX1	-1.28	8	0.39	0.65	11533	0.966	0.35	6520	0.909
RP11-542P2.1	-1.28	8	0.39	0.65	11534	0.966	0.35	6519	0.909
MAGEB6	-1.28	8	0.39	0.65	11535	0.966	0.35	6518	0.909
MUC13	-1.28	8	0.39	0.65	11536	0.966	0.35	6517	0.909
CEP78	-1.28	8	0.39	0.65	11537	0.966	0.35	6516	0.909
USH2A	-1.28	8	0.39	0.65	11538	0.966	0.35	6515	0.909
RSPH9	-1.28	8	0.39	0.65	11539	0.966	0.35	6514	0.909
FGG	-1.28	8	0.39	0.65	11540	0.966	0.35	6513	0.909
KRT16	-1.28	8	0.39	0.65	11541	0.966	0.35	6512	0.909
RCOR3	-1.27	8	0.39	0.65	11542	0.966	0.35	6511	0.909
SMARCD3	-1.27	8	0.39	0.65	11543	0.966	0.35	6510	0.909
HIC1	-1.27	8	0.39	0.65	11544	0.966	0.35	6509	0.909
ELMOD1	-1.27	8	0.39	0.65	11545	0.966	0.35	6508	0.909
PIWIL3	-1.27	8	0.39	0.65	11546	0.966	0.35	6507	0.909
TBX6	-1.27	8	0.39	0.65	11547	0.966	0.35	6506	0.909
ABLIM1	-1.27	8	0.39	0.65	11548	0.966	0.35	6505	0.909
MS4A13	-0.90	4	0.39	0.65	11549	0.966	0.35	6504	0.909
FASTKD2	-1.27	8	0.39	0.65	11550	0.966	0.35	6503	0.909
ZNF684	-1.27	8	0.39	0.65	11551	0.966	0.35	6502	0.909
FOXJ1	-1.27	8	0.39	0.65	11552	0.966	0.35	6501	0.909
GPR180	-1.27	8	0.39	0.65	11553	0.966	0.35	6500	0.909
HIST1H2BA	-1.27	8	0.39	0.65	11554	0.966	0.35	6499	0.909
TMEM168	-1.27	8	0.39	0.65	11555	0.966	0.35	6498	0.909
MRPL46	-1.27	8	0.39	0.651	11556	0.966	0.349	6497	0.909
SLC22A5	-1.27	8	0.39	0.651	11557	0.966	0.349	6496	0.909
TAGLN	-1.27	8	0.39	0.651	11558	0.966	0.349	6495	0.909
ROR2	-1.27	8	0.39	0.651	11559	0.966	0.349	6494	0.909
MRPL42	-1.27	8	0.39	0.651	11560	0.966	0.349	6493	0.909
UROS	-1.10	6	0.39	0.651	11561	0.966	0.349	6492	0.909
FBXL18	-1.27	8	0.39	0.651	11562	0.966	0.349	6491	0.909
ZNF493	-1.10	6	0.39	0.651	11563	0.966	0.349	6490	0.909
IL10RA	-1.27	8	0.39	0.651	11564	0.966	0.349	6489	0.909
CALCOCO2	-1.26	8	0.39	0.651	11565	0.966	0.349	6488	0.909
MYL9	-1.26	8	0.39	0.651	11566	0.966	0.349	6487	0.909
C14orf132	-1.26	8	0.39	0.651	11567	0.966	0.349	6486	0.909
C12orf43	-0.89	4	0.39	0.651	11568	0.966	0.349	6485	0.909
ITGA6	-1.26	8	0.39	0.651	11569	0.966	0.349	6484	0.909
SCN8A	-1.26	8	0.39	0.651	11570	0.966	0.349	6483	0.909
OR5T1	-1.26	8	0.39	0.651	11571	0.966	0.349	6482	0.909
TRIM13	-1.26	8	0.39	0.651	11572	0.966	0.349	6481	0.909
SUV39H2	-1.26	8	0.39	0.652	11573	0.966	0.348	6480	0.909
PVRL2	-1.26	8	0.39	0.652	11574	0.966	0.348	6479	0.909
FNDC4	-1.26	8	0.39	0.652	11575	0.966	0.348	6478	0.909
BMP6	-1.26	8	0.39	0.652	11576	0.966	0.348	6477	0.909
KDM4B	-1.26	8	0.39	0.652	11577	0.966	0.348	6476	0.909
FOXD3	-1.09	6	0.39	0.652	11578	0.966	0.348	6475	0.909
GMNC	-1.26	8	0.39	0.652	11579	0.966	0.348	6474	0.909
CHCHD3	-1.26	8	0.39	0.652	11580	0.966	0.348	6473	0.909
CSRNP1	-1.26	8	0.39	0.652	11581	0.966	0.348	6472	0.909
SBF2	-1.26	8	0.39	0.652	11582	0.966	0.348	6471	0.909
SAMD12	-1.26	8	0.39	0.652	11583	0.966	0.348	6470	0.909
GRK4	-1.26	8	0.39	0.652	11584	0.966	0.348	6469	0.909
KLHL12	-1.26	8	0.39	0.652	11585	0.966	0.348	6468	0.909
POLR2J2	-0.63	2	0.39	0.652	11586	0.966	0.348	6467	0.909
CDKN1A	-1.25	8	0.39	0.652	11587	0.966	0.348	6466	0.909
RSPRY1	-1.25	8	0.39	0.652	11588	0.966	0.348	6465	0.909
ARHGAP12	-1.25	8	0.39	0.652	11589	0.966	0.348	6464	0.909
BDP1	-1.25	8	0.39	0.652	11590	0.966	0.348	6463	0.909
DGKI	-1.25	8	0.39	0.652	11591	0.966	0.348	6462	0.909
ACE	-1.25	8	0.39	0.652	11592	0.966	0.348	6461	0.909
TCP11L2	-1.25	8	0.39	0.652	11593	0.966	0.348	6460	0.909
LIPI	-1.25	8	0.39	0.652	11594	0.966	0.348	6459	0.909
AGPAT4	-1.25	8	0.39	0.652	11595	0.966	0.348	6458	0.909
SPEG	-1.25	8	0.39	0.652	11596	0.966	0.348	6457	0.909
OR3A1	-1.25	8	0.39	0.652	11597	0.966	0.348	6456	0.909
PITX1	-1.25	8	0.39	0.652	11598	0.966	0.348	6455	0.909
DPEP2	-1.25	8	0.39	0.652	11599	0.966	0.348	6454	0.909
PCDHA3	-1.25	8	0.39	0.652	11600	0.966	0.348	6453	0.909
PSKH2	-1.25	8	0.39	0.652	11601	0.966	0.348	6452	0.909
AIMP1	-1.25	8	0.39	0.652	11602	0.966	0.348	6451	0.909
LHFPL3	-1.25	8	0.39	0.653	11603	0.966	0.347	6450	0.909
GLUL	-1.25	8	0.39	0.653	11604	0.966	0.347	6449	0.909
PDK3	-1.25	8	0.39	0.653	11605	0.966	0.347	6448	0.909
C5orf42	-1.25	8	0.39	0.653	11606	0.966	0.347	6447	0.909
OR7G1	-1.25	8	0.39	0.653	11607	0.966	0.347	6446	0.909
ASPHD1	-1.25	8	0.39	0.653	11608	0.966	0.347	6445	0.909
NT5C3A	-1.25	8	0.39	0.653	11609	0.966	0.347	6444	0.909
RAB11FIP4	-1.25	8	0.39	0.653	11610	0.966	0.347	6443	0.909
CASZ1	-1.25	8	0.39	0.653	11611	0.966	0.347	6442	0.909
SPAG5	-1.25	8	0.39	0.653	11612	0.966	0.347	6441	0.909
DOCK3	-1.25	8	0.39	0.653	11613	0.966	0.347	6440	0.909
HGF	-1.25	8	0.39	0.653	11614	0.966	0.347	6439	0.909
REL	-1.25	8	0.39	0.653	11615	0.966	0.347	6438	0.909
FAM65B	-1.25	8	0.39	0.653	11616	0.966	0.347	6437	0.909
FBLN7	-1.25	8	0.39	0.653	11617	0.966	0.347	6436	0.909
CD80	-1.24	8	0.39	0.653	11618	0.966	0.347	6435	0.909
NKAP	-1.24	8	0.39	0.653	11619	0.966	0.347	6434	0.909
ANXA3	-1.24	8	0.39	0.653	11620	0.966	0.347	6433	0.909
C21orf54	-1.24	8	0.39	0.653	11621	0.966	0.347	6432	0.909
RFX5	-1.24	8	0.39	0.653	11622	0.966	0.347	6431	0.909
TMEM131	-1.24	8	0.39	0.653	11623	0.966	0.347	6430	0.909
VCAN	-1.24	8	0.39	0.653	11624	0.966	0.347	6429	0.909
MPEG1	-1.24	8	0.39	0.653	11625	0.966	0.347	6428	0.909
C12orf65	-1.24	8	0.39	0.653	11626	0.966	0.347	6427	0.909
FZD2	-1.24	8	0.39	0.653	11627	0.966	0.347	6426	0.909
DYNAP	-1.24	8	0.39	0.653	11628	0.966	0.347	6425	0.909
CLEC4C	-1.24	8	0.39	0.653	11629	0.966	0.347	6424	0.909
PJA1	-1.24	8	0.39	0.653	11630	0.966	0.347	6423	0.909
SFPQ	-1.24	8	0.39	0.653	11631	0.966	0.347	6422	0.909
GDF15	-1.24	8	0.39	0.653	11632	0.966	0.347	6421	0.909
NR4A2	-1.24	8	0.39	0.653	11633	0.966	0.347	6420	0.909
ASCL3	-1.24	8	0.39	0.654	11634	0.966	0.346	6419	0.909
GPR151	-1.24	8	0.39	0.654	11635	0.966	0.346	6418	0.909
LRRC73	-1.24	8	0.39	0.654	11636	0.966	0.346	6417	0.909
RAB2A	-1.24	8	0.39	0.654	11637	0.966	0.346	6416	0.909
PIGL	-1.24	8	0.40	0.654	11638	0.966	0.346	6415	0.909
MAT2B	-1.24	8	0.40	0.654	11639	0.966	0.346	6414	0.909
GLRA3	-1.07	6	0.40	0.654	11640	0.966	0.346	6413	0.909
GFPT2	-1.24	8	0.40	0.654	11641	0.966	0.346	6412	0.909
TXNDC11	-1.24	8	0.40	0.654	11642	0.966	0.346	6411	0.909
CDO1	-1.23	8	0.40	0.654	11643	0.966	0.346	6410	0.909
ZNF141	-1.07	6	0.40	0.654	11644	0.966	0.346	6409	0.909
IMPAD1	-1.23	8	0.40	0.654	11645	0.966	0.346	6408	0.909
LOXL1	-1.07	6	0.40	0.654	11646	0.966	0.346	6407	0.909
LRRC37A3	-0.62	2	0.40	0.654	11647	0.966	0.346	6406	0.909
UCHL1	-1.23	8	0.40	0.654	11648	0.966	0.346	6405	0.909
MXI1	-1.23	8	0.40	0.654	11649	0.966	0.346	6404	0.909
RTN4	-1.23	8	0.40	0.654	11650	0.966	0.346	6403	0.909
CCDC88C	-1.23	8	0.40	0.654	11651	0.966	0.346	6402	0.909
TLX2	-1.23	8	0.40	0.654	11652	0.966	0.346	6401	0.909
PIK3AP1	-1.23	8	0.40	0.654	11653	0.966	0.346	6400	0.909
ELMSAN1	-1.23	8	0.40	0.654	11654	0.966	0.346	6399	0.909
INHBE	-1.23	8	0.40	0.654	11655	0.966	0.346	6398	0.909
KIAA1109	-1.23	8	0.40	0.654	11656	0.966	0.346	6397	0.909
FHDC1	-1.23	8	0.40	0.654	11657	0.966	0.346	6396	0.909
VGLL3	-1.23	8	0.40	0.654	11658	0.966	0.346	6395	0.909
CEP120	-1.23	8	0.40	0.654	11659	0.966	0.346	6394	0.909
ZNF616	-1.23	8	0.40	0.654	11660	0.966	0.346	6393	0.909
C16orf87	-1.23	8	0.40	0.655	11661	0.966	0.345	6392	0.909
ACOX2	-1.23	8	0.40	0.655	11662	0.966	0.345	6391	0.909
DTD2	-1.23	8	0.40	0.655	11663	0.966	0.345	6390	0.909
AP001816.1	-1.23	8	0.40	0.655	11664	0.966	0.345	6389	0.909
OR10G6	-1.23	8	0.40	0.655	11665	0.966	0.345	6388	0.909
CNN1	-1.22	8	0.40	0.655	11666	0.966	0.345	6387	0.909
STARD3	-1.22	8	0.40	0.655	11667	0.966	0.345	6386	0.909
PRICKLE1	-1.22	8	0.40	0.655	11668	0.966	0.345	6385	0.909
CDCP1	-1.22	8	0.40	0.655	11669	0.966	0.345	6384	0.909
HOMER1	-1.22	8	0.40	0.655	11670	0.966	0.345	6383	0.909
CALHM2	-1.22	8	0.40	0.655	11671	0.966	0.345	6382	0.909
RRAS	-1.22	8	0.40	0.655	11672	0.966	0.345	6381	0.909
IRF8	-1.22	8	0.40	0.655	11673	0.966	0.345	6380	0.909
DGKZ	-1.22	8	0.40	0.655	11674	0.966	0.345	6379	0.909
PDYN	-1.14	7	0.40	0.655	11675	0.966	0.345	6378	0.909
C7orf69	-1.22	8	0.40	0.655	11676	0.966	0.345	6377	0.909
BAG4	-1.22	8	0.40	0.655	11677	0.966	0.345	6376	0.909
DVL2	-1.22	8	0.40	0.655	11678	0.966	0.345	6375	0.909
SSBP2	-1.22	8	0.40	0.655	11679	0.966	0.345	6374	0.909
PPARG	-1.22	8	0.40	0.655	11680	0.966	0.345	6373	0.909
FAM180A	-1.22	8	0.40	0.655	11681	0.966	0.345	6372	0.909
FAM90A1	-1.05	6	0.40	0.655	11682	0.966	0.345	6371	0.909
DENND4A	-1.22	8	0.40	0.655	11683	0.966	0.345	6370	0.909
CNGA1	-1.22	8	0.40	0.655	11684	0.966	0.345	6369	0.909
ATL2	-1.22	8	0.40	0.656	11685	0.966	0.344	6368	0.909
L3HYPDH	-1.22	8	0.40	0.656	11686	0.966	0.344	6367	0.909
C19orf71	-1.22	8	0.40	0.656	11687	0.966	0.344	6366	0.909
SH2D1A	-1.21	8	0.40	0.656	11688	0.966	0.344	6365	0.909
LCA5	-1.21	8	0.40	0.656	11689	0.966	0.344	6364	0.909
BPIFA3	-1.21	8	0.40	0.656	11690	0.966	0.344	6363	0.909
SLC35D1	-1.21	8	0.40	0.656	11691	0.966	0.344	6362	0.909
IRS1	-1.21	8	0.40	0.656	11692	0.966	0.344	6361	0.909
OR10K1	-1.21	8	0.40	0.656	11693	0.966	0.344	6360	0.909
ALDH16A1	-1.21	8	0.40	0.656	11694	0.966	0.344	6359	0.909
DENND2C	-1.21	8	0.40	0.656	11695	0.966	0.344	6358	0.909
ZNF20	-1.21	8	0.40	0.656	11696	0.966	0.344	6357	0.909
ISOC1	-1.21	8	0.40	0.656	11697	0.966	0.344	6356	0.909
NFKBID	-1.05	6	0.40	0.656	11698	0.966	0.344	6355	0.909
LEPR	-1.21	8	0.40	0.656	11699	0.966	0.344	6354	0.909
RHNO1	-1.21	8	0.40	0.656	11700	0.966	0.344	6353	0.909
MRPL40	-1.21	8	0.40	0.656	11701	0.966	0.344	6352	0.909
RC3H2	-1.21	8	0.40	0.656	11702	0.966	0.344	6351	0.909
C6orf52	-1.21	8	0.40	0.656	11703	0.966	0.344	6350	0.909
RNF123	-1.21	8	0.40	0.656	11704	0.966	0.344	6349	0.909
UBE2W	-1.21	8	0.40	0.656	11705	0.966	0.344	6348	0.909
C21orf128	-1.05	6	0.40	0.656	11706	0.966	0.344	6347	0.909
C14orf28	-1.21	8	0.40	0.656	11707	0.966	0.344	6346	0.909
CRYBA1	-1.21	8	0.40	0.657	11708	0.966	0.343	6345	0.909
DOCK4	-1.21	8	0.40	0.657	11709	0.966	0.343	6344	0.909
PLK2	-1.20	8	0.40	0.657	11710	0.966	0.343	6343	0.909
CARD14	-1.20	8	0.40	0.657	11711	0.966	0.343	6342	0.909
RBKS	-1.20	8	0.40	0.657	11712	0.966	0.343	6341	0.909
CA8	-1.20	8	0.40	0.657	11713	0.966	0.343	6340	0.909
N4BP1	-1.20	8	0.40	0.657	11714	0.966	0.343	6339	0.909
SNAPIN	-1.20	8	0.40	0.657	11715	0.966	0.343	6338	0.909
TRHDE	-1.20	8	0.40	0.657	11716	0.966	0.343	6337	0.909
GSTA3	-0.60	2	0.40	0.657	11717	0.966	0.343	6336	0.909
ZAR1	-1.20	8	0.40	0.657	11718	0.966	0.343	6335	0.909
ITGA4	-1.20	8	0.40	0.657	11719	0.966	0.343	6334	0.909
RFPL1	-0.85	4	0.40	0.657	11720	0.966	0.343	6333	0.909
POLDIP3	-1.20	8	0.40	0.657	11721	0.966	0.343	6332	0.909
SKP1	-1.04	6	0.40	0.657	11722	0.966	0.343	6331	0.909
GNAZ	-1.20	8	0.40	0.657	11723	0.966	0.343	6330	0.909
LRRN4CL	-1.20	8	0.40	0.657	11724	0.966	0.343	6329	0.909
ZNF142	-1.20	8	0.40	0.657	11725	0.966	0.343	6328	0.909
TIMM17A	-1.20	8	0.40	0.657	11726	0.966	0.343	6327	0.909
MTERFD2	-1.20	8	0.40	0.657	11727	0.966	0.343	6326	0.909
ELL	-1.20	8	0.40	0.657	11728	0.966	0.343	6325	0.909
ERGIC2	-1.20	8	0.40	0.657	11729	0.966	0.343	6324	0.909
COL4A5	-1.20	8	0.40	0.657	11730	0.966	0.343	6323	0.909
ARPP19	-1.20	8	0.41	0.657	11731	0.966	0.343	6322	0.909
RORC	-1.20	8	0.41	0.657	11732	0.966	0.343	6321	0.909
DIS3L2	-1.20	8	0.41	0.657	11733	0.966	0.343	6320	0.909
ZNF318	-1.20	8	0.41	0.657	11734	0.966	0.343	6319	0.909
RRP1B	-1.20	8	0.41	0.657	11735	0.966	0.343	6318	0.909
NUDT18	-0.60	2	0.41	0.657	11736	0.966	0.343	6317	0.909
RP11-770J1.4	-1.20	8	0.41	0.658	11737	0.966	0.342	6316	0.909
DCAF16	-1.20	8	0.41	0.658	11738	0.966	0.342	6315	0.909
PRSS46	-1.19	8	0.41	0.658	11739	0.966	0.342	6314	0.909
NEUROG3	-1.19	8	0.41	0.658	11740	0.966	0.342	6313	0.909
PDE10A	-1.19	8	0.41	0.658	11741	0.966	0.342	6312	0.909
OR6M1	-1.19	8	0.41	0.658	11742	0.966	0.342	6311	0.909
NUCB2	-1.19	8	0.41	0.658	11743	0.966	0.342	6310	0.909
ZFP90	-1.19	8	0.41	0.658	11744	0.966	0.342	6309	0.909
CCDC153	-1.19	8	0.41	0.658	11745	0.966	0.342	6308	0.909
TRIM6	-1.19	8	0.41	0.658	11746	0.966	0.342	6307	0.909
NCLN	-1.19	8	0.41	0.658	11747	0.966	0.342	6306	0.909
KIF15	-1.19	8	0.41	0.658	11748	0.966	0.342	6305	0.909
VPS37B	-1.19	8	0.41	0.658	11749	0.966	0.342	6304	0.909
RAB37	-1.19	8	0.41	0.658	11750	0.966	0.342	6303	0.909
PDE6B	-1.19	8	0.41	0.658	11751	0.966	0.342	6302	0.909
FGFR3	-1.19	8	0.41	0.658	11752	0.966	0.342	6301	0.909
UBXN4	-1.19	8	0.41	0.658	11753	0.966	0.342	6300	0.909
SGTB	-1.19	8	0.41	0.658	11754	0.966	0.342	6299	0.909
OR2AT4	-1.19	8	0.41	0.658	11755	0.966	0.342	6298	0.909
DNAH11	-1.19	8	0.41	0.658	11756	0.966	0.342	6297	0.909
MYOM2	-1.19	8	0.41	0.658	11757	0.966	0.342	6296	0.909
KCTD10	-1.18	8	0.41	0.658	11758	0.966	0.342	6295	0.909
PSG4	-0.59	2	0.41	0.658	11759	0.966	0.342	6294	0.909
PIK3R4	-1.18	8	0.41	0.659	11760	0.966	0.341	6293	0.909
TENM2	-1.18	8	0.41	0.659	11761	0.966	0.341	6292	0.909
HEG1	-1.18	8	0.41	0.659	11762	0.966	0.341	6291	0.909
ZDHHC1	-1.18	8	0.41	0.659	11763	0.966	0.341	6290	0.909
RDH8	-1.18	8	0.41	0.659	11764	0.966	0.341	6289	0.909
ABTB2	-1.18	8	0.41	0.659	11765	0.966	0.341	6288	0.909
ATP5L	-1.02	6	0.41	0.659	11766	0.966	0.341	6287	0.909
CREB3L1	-1.18	8	0.41	0.659	11767	0.966	0.341	6286	0.909
CITED4	-1.18	8	0.41	0.659	11768	0.966	0.341	6285	0.909
CRYBB1	-1.18	8	0.41	0.659	11769	0.966	0.341	6284	0.909
PNLIPRP3	-1.18	8	0.41	0.659	11770	0.966	0.341	6283	0.909
BOC	-1.18	8	0.41	0.659	11771	0.966	0.341	6282	0.909
CCDC64	-1.18	8	0.41	0.659	11772	0.966	0.341	6281	0.909
NFE2L1	-1.18	8	0.41	0.659	11773	0.966	0.341	6280	0.909
SFTA3	-1.18	8	0.41	0.659	11774	0.966	0.341	6279	0.909
FCRL1	-1.18	8	0.41	0.659	11775	0.966	0.341	6278	0.909
TEAD4	-1.18	8	0.41	0.659	11776	0.966	0.341	6277	0.909
TBCK	-1.10	7	0.41	0.659	11777	0.966	0.341	6276	0.909
DEF8	-1.18	8	0.41	0.659	11778	0.966	0.341	6275	0.909
SPRYD3	-1.17	8	0.41	0.66	11779	0.966	0.34	6274	0.909
ST13	-0.83	4	0.41	0.66	11780	0.966	0.34	6273	0.909
SCXA	-1.17	8	0.41	0.66	11781	0.966	0.34	6272	0.909
TIMM21	-1.17	8	0.41	0.66	11782	0.966	0.34	6271	0.909
SLC35F2	-1.17	8	0.41	0.66	11783	0.966	0.34	6270	0.909
PCDHA4	-1.17	8	0.41	0.66	11784	0.966	0.34	6269	0.909
POU5F1	-0.59	2	0.41	0.66	11785	0.966	0.34	6268	0.909
HIST1H2BD	-0.59	2	0.41	0.66	11786	0.966	0.34	6267	0.909
06-Mar	-1.17	8	0.41	0.66	11787	0.966	0.34	6266	0.909
C4orf27	-1.17	8	0.41	0.66	11788	0.966	0.34	6265	0.909
C16orf96	-1.17	8	0.41	0.66	11789	0.966	0.34	6264	0.909
NANOS3	-1.17	8	0.41	0.66	11790	0.966	0.34	6263	0.909
LYPLAL1	-1.17	8	0.41	0.66	11791	0.966	0.34	6262	0.909
PADI3	-1.17	8	0.41	0.66	11792	0.966	0.34	6261	0.909
NINL	-1.17	8	0.41	0.66	11793	0.966	0.34	6260	0.909
CSRP3	-1.17	8	0.41	0.66	11794	0.966	0.34	6259	0.909
GPI	-1.17	8	0.41	0.66	11795	0.966	0.34	6258	0.909
FAXC	-1.17	8	0.41	0.66	11796	0.966	0.34	6257	0.909
OR6C70	-1.16	8	0.41	0.66	11797	0.966	0.34	6256	0.909
TMEM65	-1.16	8	0.41	0.66	11798	0.966	0.34	6255	0.909
DTNA	-1.16	8	0.41	0.66	11799	0.966	0.34	6254	0.909
VAV2	-1.16	8	0.41	0.66	11800	0.966	0.34	6253	0.909
FOXI1	-1.16	8	0.41	0.661	11801	0.966	0.339	6252	0.909
LSP1	-1.16	8	0.41	0.661	11802	0.966	0.339	6251	0.909
LILRB3	-0.58	2	0.41	0.661	11803	0.966	0.339	6250	0.909
UPB1	-1.16	8	0.41	0.661	11804	0.966	0.339	6249	0.909
C2orf73	-1.16	8	0.41	0.661	11805	0.966	0.339	6248	0.909
TAF7L	-1.16	8	0.41	0.661	11806	0.966	0.339	6247	0.909
HSP90B1	-1.16	8	0.41	0.661	11807	0.966	0.339	6246	0.909
RAB43	-1.16	8	0.41	0.661	11808	0.966	0.339	6245	0.909
AK3	-1.16	8	0.41	0.661	11809	0.966	0.339	6244	0.909
TRIM7	-1.16	8	0.41	0.661	11810	0.966	0.339	6243	0.909
SYNE1	-1.16	8	0.41	0.661	11811	0.966	0.339	6242	0.909
TNK2	-1.16	8	0.41	0.661	11812	0.966	0.339	6241	0.909
TSSK4	-1.16	8	0.42	0.661	11813	0.966	0.339	6240	0.909
PLBD1	-1.16	8	0.42	0.661	11814	0.966	0.339	6239	0.909
OR5P2	-1.16	8	0.42	0.661	11815	0.966	0.339	6238	0.909
TUBA8	-1.16	8	0.42	0.661	11816	0.966	0.339	6237	0.909
ADIG	-1.16	8	0.42	0.661	11817	0.966	0.339	6236	0.909
ZNF835	-1.16	8	0.42	0.661	11818	0.966	0.339	6235	0.909
ISL1	-1.16	8	0.42	0.661	11819	0.966	0.339	6234	0.909
ATHL1	-1.16	8	0.42	0.661	11820	0.966	0.339	6233	0.909
FBXL20	-1.15	8	0.42	0.661	11821	0.966	0.339	6232	0.909
GRIA3	-1.15	8	0.42	0.661	11822	0.966	0.339	6231	0.909
NAB1	-1.15	8	0.42	0.661	11823	0.966	0.339	6230	0.909
TAF9B	-1.15	8	0.42	0.661	11824	0.966	0.339	6229	0.909
NR6A1	-1.15	8	0.42	0.661	11825	0.966	0.339	6228	0.909
CAND1	-1.15	8	0.42	0.661	11826	0.966	0.339	6227	0.909
NCOA3	-1.15	8	0.42	0.662	11827	0.966	0.338	6226	0.909
ZNF382	-1.15	8	0.42	0.662	11828	0.966	0.338	6225	0.909
RASL11A	-1.15	8	0.42	0.662	11829	0.966	0.338	6224	0.909
APOA1	-1.15	8	0.42	0.662	11830	0.966	0.338	6223	0.909
C22orf39	-1.15	8	0.42	0.662	11831	0.966	0.338	6222	0.909
IL1RAPL2	-1.15	8	0.42	0.662	11832	0.966	0.338	6221	0.909
TUBB1	-1.15	8	0.42	0.662	11833	0.966	0.338	6220	0.909
NFIC	-1.15	8	0.42	0.662	11834	0.966	0.338	6219	0.909
SPATA4	-1.15	8	0.42	0.662	11835	0.966	0.338	6218	0.909
NDUFB9	-1.15	8	0.42	0.662	11836	0.966	0.338	6217	0.909
HIST1H2BC	-0.57	2	0.42	0.662	11837	0.966	0.338	6216	0.909
PAN3	-1.15	8	0.42	0.662	11838	0.966	0.338	6215	0.909
MRPS17	-1.14	8	0.42	0.662	11839	0.966	0.338	6214	0.909
HRASLS2	-1.14	8	0.42	0.662	11840	0.966	0.338	6213	0.909
PF4V1	-1.14	8	0.42	0.662	11841	0.966	0.338	6212	0.909
GORASP1	-1.14	8	0.42	0.662	11842	0.966	0.338	6211	0.909
UNC13A	-1.14	8	0.42	0.662	11843	0.966	0.338	6210	0.909
NIPSNAP3B	-1.14	8	0.42	0.663	11844	0.966	0.337	6209	0.909
SLC22A14	-1.14	8	0.42	0.663	11845	0.966	0.337	6208	0.909
SEMA4C	-1.14	8	0.42	0.663	11846	0.966	0.337	6207	0.909
ABCG2	-1.14	8	0.42	0.663	11847	0.966	0.337	6206	0.909
FAM169B	-1.14	8	0.42	0.663	11848	0.966	0.337	6205	0.909
MCTP1	-1.14	8	0.42	0.663	11849	0.966	0.337	6204	0.909
OR6J1	-1.14	8	0.42	0.663	11850	0.966	0.337	6203	0.909
CTXN3	-1.14	8	0.42	0.663	11851	0.966	0.337	6202	0.909
TRIQK	-0.57	2	0.42	0.663	11852	0.966	0.337	6201	0.909
SPRED1	-1.14	8	0.42	0.663	11853	0.966	0.337	6200	0.909
AKNAD1	-1.14	8	0.42	0.663	11854	0.966	0.337	6199	0.909
MUC1	-1.14	8	0.42	0.663	11855	0.966	0.337	6198	0.909
SNX15	-1.14	8	0.42	0.663	11856	0.966	0.337	6197	0.909
B3GALT6	-0.80	4	0.42	0.663	11857	0.966	0.337	6196	0.909
GAPVD1	-1.13	8	0.42	0.663	11858	0.966	0.337	6195	0.909
RALGAPA1	-1.13	8	0.42	0.663	11859	0.966	0.337	6194	0.909
CARNS1	-1.13	8	0.42	0.663	11860	0.966	0.337	6193	0.909
C15orf37	-1.13	8	0.42	0.664	11861	0.966	0.336	6192	0.909
ANO6	-1.13	8	0.42	0.664	11862	0.966	0.336	6191	0.909
TPST1	-1.13	8	0.42	0.664	11863	0.966	0.336	6190	0.909
COX6A1	-0.98	6	0.42	0.664	11864	0.966	0.336	6189	0.909
NTRK1	-1.13	8	0.42	0.664	11865	0.966	0.336	6188	0.909
OR6C2	-1.13	8	0.42	0.664	11866	0.966	0.336	6187	0.909
IKZF4	-1.13	8	0.42	0.664	11867	0.966	0.336	6186	0.909
COMTD1	-1.13	8	0.42	0.664	11868	0.966	0.336	6185	0.909
RTP2	-1.13	8	0.42	0.664	11869	0.966	0.336	6184	0.909
BMPR2	-0.98	6	0.42	0.664	11870	0.966	0.336	6183	0.909
R3HDM1	-1.13	8	0.42	0.664	11871	0.966	0.336	6182	0.909
PRDM5	-1.13	8	0.42	0.664	11872	0.966	0.336	6181	0.909
UBQLN3	-1.12	8	0.42	0.664	11873	0.966	0.336	6180	0.909
MROH2A	-1.12	8	0.42	0.664	11874	0.966	0.336	6179	0.909
C20orf112	-1.12	8	0.42	0.664	11875	0.966	0.336	6178	0.909
PGAM2	-1.12	8	0.42	0.664	11876	0.966	0.336	6177	0.909
RNASE10	-1.12	8	0.42	0.664	11877	0.966	0.336	6176	0.909
PHF11	-1.12	8	0.42	0.664	11878	0.966	0.336	6175	0.909
PLAG1	-1.12	8	0.42	0.664	11879	0.966	0.336	6174	0.909
PON3	-1.12	8	0.42	0.664	11880	0.966	0.336	6173	0.909
MYRIP	-1.12	8	0.42	0.664	11881	0.966	0.336	6172	0.909
BTN1A1	-1.12	8	0.42	0.664	11882	0.966	0.336	6171	0.909
KRTAP12-1	-0.79	4	0.42	0.665	11883	0.966	0.335	6170	0.909
HSD17B7	-1.12	8	0.43	0.665	11884	0.966	0.335	6169	0.909
KCTD2	-1.12	8	0.43	0.665	11885	0.966	0.335	6168	0.909
EAF2	-1.12	8	0.43	0.665	11886	0.966	0.335	6167	0.909
OTOA	-1.12	8	0.43	0.665	11887	0.966	0.335	6166	0.909
IGF2	-1.12	8	0.43	0.665	11888	0.966	0.335	6165	0.909
LTA4H	-1.12	8	0.43	0.665	11889	0.966	0.335	6164	0.909
GNB2	-1.12	8	0.43	0.665	11890	0.966	0.335	6163	0.909
CTNNA1	-1.12	8	0.43	0.665	11891	0.966	0.335	6162	0.909
FAM3B	-1.12	8	0.43	0.665	11892	0.966	0.335	6161	0.909
HSPA1L	-1.12	8	0.43	0.665	11893	0.966	0.335	6160	0.909
CEP290	-1.12	8	0.43	0.665	11894	0.966	0.335	6159	0.909
C6orf203	-1.11	8	0.43	0.665	11895	0.966	0.335	6158	0.909
PRSS3	-1.11	8	0.43	0.665	11896	0.966	0.335	6157	0.909
NUDCD1	-1.11	8	0.43	0.665	11897	0.966	0.335	6156	0.909
GID4	-1.11	8	0.43	0.665	11898	0.966	0.335	6155	0.909
TNRC18	-1.11	8	0.43	0.665	11899	0.966	0.335	6154	0.909
CAV3	-1.11	8	0.43	0.665	11900	0.966	0.335	6153	0.909
GOT2	-1.11	8	0.43	0.665	11901	0.966	0.335	6152	0.909
CA3	-1.11	8	0.43	0.665	11902	0.966	0.335	6151	0.909
TMEM102	-1.11	8	0.43	0.665	11903	0.966	0.335	6150	0.909
ISLR2	-1.11	8	0.43	0.665	11904	0.966	0.335	6149	0.909
MMP1	-1.11	8	0.43	0.665	11905	0.966	0.335	6148	0.909
CXorf28	-0.78	4	0.43	0.666	11906	0.966	0.334	6147	0.909
ZFYVE21	-1.11	8	0.43	0.666	11907	0.966	0.334	6146	0.909
ATP6V1E2	-1.11	8	0.43	0.666	11908	0.966	0.334	6145	0.909
PROSC	-1.11	8	0.43	0.666	11909	0.966	0.334	6144	0.909
C10orf90	-1.11	8	0.43	0.666	11910	0.966	0.334	6143	0.909
VAMP1	-1.11	8	0.43	0.666	11911	0.966	0.334	6142	0.909
ZNF837	-1.11	8	0.43	0.666	11912	0.966	0.334	6141	0.909
TIMP3	-1.11	8	0.43	0.666	11913	0.966	0.334	6140	0.909
C8orf44	-1.11	8	0.43	0.666	11914	0.966	0.334	6139	0.909
PTGR2	-1.11	8	0.43	0.666	11915	0.966	0.334	6138	0.909
IL20	-1.11	8	0.43	0.666	11916	0.966	0.334	6137	0.909
WDR48	-1.11	8	0.43	0.666	11917	0.966	0.334	6136	0.909
ZNF585B	-0.78	4	0.43	0.666	11918	0.966	0.334	6135	0.909
COX18	-0.96	6	0.43	0.666	11919	0.966	0.334	6134	0.909
EDARADD	-1.11	8	0.43	0.666	11920	0.966	0.334	6133	0.909
ATAD3C	-1.10	8	0.43	0.666	11921	0.966	0.334	6132	0.909
ST8SIA6	-1.10	8	0.43	0.666	11922	0.966	0.334	6131	0.909
PCDHA10	-1.10	8	0.43	0.666	11923	0.966	0.334	6130	0.909
WDR53	-1.10	8	0.43	0.666	11924	0.966	0.334	6129	0.909
ABCA2	-1.10	8	0.43	0.666	11925	0.966	0.334	6128	0.909
ANGPTL6	-1.10	8	0.43	0.666	11926	0.966	0.334	6127	0.909
HOOK3	-1.10	8	0.43	0.666	11927	0.966	0.334	6126	0.909
STAG1	-1.10	8	0.43	0.666	11928	0.966	0.334	6125	0.909
MCU	-1.10	8	0.43	0.666	11929	0.966	0.334	6124	0.909
VCX2	-0.78	4	0.43	0.666	11930	0.966	0.334	6123	0.909
HMBS	-1.10	8	0.43	0.666	11931	0.966	0.334	6122	0.909
YTHDF1	-1.10	8	0.43	0.666	11932	0.966	0.334	6121	0.909
C8orf86	-1.10	8	0.43	0.666	11933	0.966	0.334	6120	0.909
ARSI	-1.10	8	0.43	0.666	11934	0.966	0.334	6119	0.909
EDAR	-1.10	8	0.43	0.666	11935	0.966	0.334	6118	0.909
ZNF519	-0.55	2	0.43	0.666	11936	0.966	0.334	6117	0.909
FUCA2	-1.10	8	0.43	0.666	11937	0.966	0.334	6116	0.909
TOMM6	-1.10	8	0.43	0.666	11938	0.966	0.334	6115	0.909
PEG10	-1.10	8	0.43	0.666	11939	0.966	0.334	6114	0.909
ZNF568	-1.10	8	0.43	0.666	11940	0.966	0.334	6113	0.909
ANKHD1	-0.55	2	0.43	0.666	11941	0.966	0.334	6112	0.909
PVR	-1.10	8	0.43	0.666	11942	0.966	0.334	6111	0.909
ARSA	-1.10	8	0.43	0.667	11943	0.966	0.333	6110	0.909
SDF4	-1.10	8	0.43	0.667	11944	0.966	0.333	6109	0.909
LDHAL6A	-1.10	8	0.43	0.667	11945	0.966	0.333	6108	0.909
TMEM14A	-1.10	8	0.43	0.667	11946	0.966	0.333	6107	0.909
LRRN2	-1.10	8	0.43	0.667	11947	0.966	0.333	6106	0.909
PSEN1	-1.10	8	0.43	0.667	11948	0.966	0.333	6105	0.909
MYT1	-1.10	8	0.43	0.667	11949	0.966	0.333	6104	0.909
CASKIN1	-0.95	6	0.43	0.667	11950	0.966	0.333	6103	0.909
RHOG	-1.09	8	0.43	0.667	11951	0.966	0.333	6102	0.909
SLC10A1	-1.09	8	0.43	0.667	11952	0.966	0.333	6101	0.909
PTS	-1.09	8	0.43	0.667	11953	0.966	0.333	6100	0.909
POLB	-1.09	8	0.43	0.667	11954	0.966	0.333	6099	0.909
IKBKE	-1.09	8	0.43	0.667	11955	0.966	0.333	6098	0.909
ARV1	-1.09	8	0.43	0.667	11956	0.966	0.333	6097	0.909
NOX1	-1.09	8	0.43	0.667	11957	0.966	0.333	6096	0.909
POU2AF1	-1.09	8	0.43	0.667	11958	0.966	0.333	6095	0.909
MS4A5	-1.09	8	0.43	0.667	11959	0.966	0.333	6094	0.909
SLC12A2	-1.09	8	0.43	0.667	11960	0.966	0.333	6093	0.909
MTUS1	-1.09	8	0.43	0.667	11961	0.966	0.333	6092	0.909
ARHGAP25	-1.09	8	0.43	0.667	11962	0.966	0.333	6091	0.909
PLEKHG5	-1.09	8	0.43	0.667	11963	0.966	0.333	6090	0.909
VPREB1	-1.09	8	0.43	0.667	11964	0.966	0.333	6089	0.909
AARSD1	-0.54	2	0.43	0.667	11965	0.966	0.333	6088	0.909
ERLIN1	-1.09	8	0.43	0.667	11966	0.966	0.333	6087	0.909
BMP2	-1.09	8	0.43	0.667	11967	0.966	0.333	6086	0.909
RAB11A	-1.09	8	0.43	0.667	11968	0.966	0.333	6085	0.909
RAP2A	-1.09	8	0.43	0.668	11969	0.966	0.332	6084	0.909
DIRAS1	-1.09	8	0.43	0.668	11970	0.966	0.332	6083	0.909
PRKAR2A	-1.09	8	0.43	0.668	11971	0.966	0.332	6082	0.909
FPGT	-0.54	2	0.43	0.668	11972	0.966	0.332	6081	0.909
CEP55	-1.08	8	0.43	0.668	11973	0.966	0.332	6080	0.909
PLAA	-1.08	8	0.43	0.668	11974	0.966	0.332	6079	0.909
C5orf22	-1.08	8	0.43	0.668	11975	0.966	0.332	6078	0.909
AP5B1	-1.08	8	0.43	0.668	11976	0.966	0.332	6077	0.909
CD72	-1.08	8	0.43	0.668	11977	0.966	0.332	6076	0.909
TCHH	-1.08	8	0.43	0.668	11978	0.966	0.332	6075	0.909
LRRC46	-1.08	8	0.43	0.668	11979	0.966	0.332	6074	0.909
CSPP1	-1.08	8	0.43	0.668	11980	0.966	0.332	6073	0.909
PREX1	-1.08	8	0.43	0.668	11981	0.966	0.332	6072	0.909
TMEM120B	-1.08	8	0.43	0.668	11982	0.966	0.332	6071	0.909
MEST	-1.08	8	0.44	0.668	11983	0.966	0.332	6070	0.909
COL3A1	-1.08	8	0.44	0.668	11984	0.966	0.332	6069	0.909
OVOL1	-1.08	8	0.44	0.668	11985	0.966	0.332	6068	0.909
SUSD4	-1.08	8	0.44	0.668	11986	0.966	0.332	6067	0.909
PDGFA	-1.08	8	0.44	0.668	11987	0.966	0.332	6066	0.909
IL18	-1.08	8	0.44	0.668	11988	0.966	0.332	6065	0.909
FAM127A	-1.08	8	0.44	0.668	11989	0.966	0.332	6064	0.909
GRIN2B	-1.08	8	0.44	0.669	11990	0.966	0.331	6063	0.909
TRAPPC10	-1.08	8	0.44	0.669	11991	0.966	0.331	6062	0.909
OGDH	-1.07	8	0.44	0.669	11992	0.966	0.331	6061	0.909
ATP1A3	-1.07	8	0.44	0.669	11993	0.966	0.331	6060	0.909
SYNPO2L	-1.07	8	0.44	0.669	11994	0.966	0.331	6059	0.909
SLC47A2	-1.07	8	0.44	0.669	11995	0.966	0.331	6058	0.909
TMEM221	-1.07	8	0.44	0.669	11996	0.966	0.331	6057	0.909
SLC4A1AP	-1.07	8	0.44	0.669	11997	0.966	0.331	6056	0.909
CLEC5A	-1.07	8	0.44	0.669	11998	0.966	0.331	6055	0.909
GFRA1	-1.07	8	0.44	0.669	11999	0.966	0.331	6054	0.909
INTS10	-1.07	8	0.44	0.669	12000	0.966	0.331	6053	0.909
STXBP1	-1.07	8	0.44	0.669	12001	0.966	0.331	6052	0.909
ACVR1C	-1.07	8	0.44	0.669	12002	0.966	0.331	6051	0.909
MDM1	-1.07	8	0.44	0.669	12003	0.966	0.331	6050	0.909
OAS2	-1.07	8	0.44	0.669	12004	0.966	0.331	6049	0.909
C19orf81	-1.07	8	0.44	0.669	12005	0.966	0.331	6048	0.909
SEC14L2	-1.07	8	0.44	0.669	12006	0.966	0.331	6047	0.909
RNASE13	-1.07	8	0.44	0.669	12007	0.966	0.331	6046	0.909
HTR2C	-1.06	8	0.44	0.67	12008	0.966	0.33	6045	0.909
KCTD19	-1.06	8	0.44	0.67	12009	0.966	0.33	6044	0.909
SATB2	-1.06	8	0.44	0.67	12010	0.966	0.33	6043	0.909
ANKRD53	-1.06	8	0.44	0.67	12011	0.966	0.33	6042	0.909
C1orf115	-1.06	8	0.44	0.67	12012	0.966	0.33	6041	0.909
ZNF791	-1.06	8	0.44	0.67	12013	0.966	0.33	6040	0.909
THRA	-1.06	8	0.44	0.67	12014	0.966	0.33	6039	0.909
KRTAP9-3	-0.53	2	0.44	0.67	12015	0.966	0.33	6038	0.909
SCG3	-1.06	8	0.44	0.67	12016	0.966	0.33	6037	0.909
RNF213	-1.06	8	0.44	0.67	12017	0.966	0.33	6036	0.909
C6orf15	-1.06	8	0.44	0.67	12018	0.966	0.33	6035	0.909
VSTM4	-1.06	8	0.44	0.67	12019	0.966	0.33	6034	0.909
PTH2	-1.06	8	0.44	0.67	12020	0.966	0.33	6033	0.909
07-Mar	-1.06	8	0.44	0.67	12021	0.966	0.33	6032	0.909
KIAA1210	-1.06	8	0.44	0.67	12022	0.966	0.33	6031	0.909
CCDC159	-1.06	8	0.44	0.67	12023	0.966	0.33	6030	0.909
DLX4	-1.06	8	0.44	0.67	12024	0.966	0.33	6029	0.909
NBAS	-1.06	8	0.44	0.67	12025	0.966	0.33	6028	0.909
ZNF780B	-1.06	8	0.44	0.67	12026	0.966	0.33	6027	0.909
SEC14L1	-1.05	8	0.44	0.67	12027	0.966	0.33	6026	0.909
C10orf62	-1.05	8	0.44	0.67	12028	0.966	0.33	6025	0.909
OR4C6	-1.05	8	0.44	0.67	12029	0.966	0.33	6024	0.909
LRIT1	-1.05	8	0.44	0.671	12030	0.966	0.329	6023	0.909
SFXN5	-1.05	8	0.44	0.671	12031	0.966	0.329	6022	0.909
TBCCD1	-1.05	8	0.44	0.671	12032	0.966	0.329	6021	0.909
CPLX4	-1.05	8	0.44	0.671	12033	0.966	0.329	6020	0.909
GABRA5	-1.05	8	0.44	0.671	12034	0.966	0.329	6019	0.909
SLC20A2	-1.05	8	0.44	0.671	12035	0.966	0.329	6018	0.909
C5orf63	-1.05	8	0.44	0.671	12036	0.966	0.329	6017	0.909
SOBP	-1.05	8	0.44	0.671	12037	0.966	0.329	6016	0.909
CERKL	-1.05	8	0.44	0.671	12038	0.966	0.329	6015	0.909
SDCBP2	-1.05	8	0.44	0.671	12039	0.966	0.329	6014	0.909
TREML4	-1.05	8	0.44	0.671	12040	0.966	0.329	6013	0.909
RAB6A	-0.52	2	0.44	0.671	12041	0.966	0.329	6012	0.909
LCN9	-1.05	8	0.44	0.671	12042	0.966	0.329	6011	0.909
RPS6KA6	-1.05	8	0.44	0.671	12043	0.966	0.329	6010	0.909
RAP1B	-0.52	2	0.44	0.671	12044	0.966	0.329	6009	0.909
EFHB	-1.05	8	0.44	0.671	12045	0.966	0.329	6008	0.909
GCA	-1.05	8	0.44	0.671	12046	0.966	0.329	6007	0.909
FOXA2	-1.05	8	0.44	0.671	12047	0.966	0.329	6006	0.909
ATF2	-1.05	8	0.44	0.671	12048	0.966	0.329	6005	0.909
ZNF165	-1.05	8	0.44	0.671	12049	0.966	0.329	6004	0.909
FAM154B	-0.52	2	0.44	0.671	12050	0.966	0.329	6003	0.909
MYH7	-1.04	8	0.44	0.671	12051	0.966	0.329	6002	0.909
TEP1	-1.04	8	0.44	0.671	12052	0.966	0.329	6001	0.909
ARRDC5	-1.04	8	0.44	0.672	12053	0.966	0.328	6000	0.909
EIF2AK3	-1.04	8	0.44	0.672	12054	0.966	0.328	5999	0.909
STXBP4	-1.04	8	0.44	0.672	12055	0.966	0.328	5998	0.909
KRTAP10-2	-0.74	4	0.44	0.672	12056	0.966	0.328	5997	0.909
LARP4B	-1.04	8	0.44	0.672	12057	0.966	0.328	5996	0.909
CAV2	-1.04	8	0.44	0.672	12058	0.966	0.328	5995	0.909
ANKRD63	-1.04	8	0.45	0.672	12059	0.966	0.328	5994	0.909
MARVELD3	-1.04	8	0.45	0.672	12060	0.966	0.328	5993	0.909
NOL4	-1.04	8	0.45	0.672	12061	0.966	0.328	5992	0.909
ARHGAP28	-1.04	8	0.45	0.672	12062	0.966	0.328	5991	0.909
BUD13	-1.04	8	0.45	0.672	12063	0.966	0.328	5990	0.909
KRT1	-1.03	8	0.45	0.672	12064	0.966	0.328	5989	0.909
GPATCH11	-0.73	4	0.45	0.672	12065	0.966	0.328	5988	0.909
ZCRB1	-1.03	8	0.45	0.672	12066	0.966	0.328	5987	0.909
LINGO4	-1.03	8	0.45	0.672	12067	0.966	0.328	5986	0.909
TGDS	-1.03	8	0.45	0.672	12068	0.966	0.328	5985	0.909
SELK	-1.03	8	0.45	0.672	12069	0.966	0.328	5984	0.909
RTKN	-1.03	8	0.45	0.672	12070	0.966	0.328	5983	0.909
FAM110C	-1.03	8	0.45	0.672	12071	0.966	0.328	5982	0.909
CGRRF1	-1.03	8	0.45	0.672	12072	0.966	0.328	5981	0.909
SYT14	-1.03	8	0.45	0.672	12073	0.966	0.328	5980	0.909
JRKL	-1.03	8	0.45	0.673	12074	0.966	0.327	5979	0.909
TARM1	-1.03	8	0.45	0.673	12075	0.966	0.327	5978	0.909
RAB33A	-1.03	8	0.45	0.673	12076	0.966	0.327	5977	0.909
MTUS2	-1.03	8	0.45	0.673	12077	0.966	0.327	5976	0.909
C17orf59	-1.03	8	0.45	0.673	12078	0.966	0.327	5975	0.909
ZNF569	-1.03	8	0.45	0.673	12079	0.966	0.327	5974	0.909
NAP1L2	-1.03	8	0.45	0.673	12080	0.966	0.327	5973	0.909
RIC8B	-1.03	8	0.45	0.673	12081	0.966	0.327	5972	0.909
XKR4	-1.03	8	0.45	0.673	12082	0.966	0.327	5971	0.909
KIAA1875	-1.03	8	0.45	0.673	12083	0.966	0.327	5970	0.909
LRRC8D	-1.03	8	0.45	0.673	12084	0.966	0.327	5969	0.909
NMRAL1	-1.03	8	0.45	0.673	12085	0.966	0.327	5968	0.909
PGBD4	-1.03	8	0.45	0.673	12086	0.966	0.327	5967	0.909
MTAP	-1.03	8	0.45	0.673	12087	0.966	0.327	5966	0.909
FAM133A	-1.03	8	0.45	0.673	12088	0.966	0.327	5965	0.909
FAM183A	-1.03	8	0.45	0.673	12089	0.966	0.327	5964	0.909
INO80C	-1.03	8	0.45	0.673	12090	0.966	0.327	5963	0.909
ST18	-1.03	8	0.45	0.673	12091	0.966	0.327	5962	0.909
SERPINA9	-1.03	8	0.45	0.673	12092	0.966	0.327	5961	0.909
HABP2	-1.02	8	0.45	0.673	12093	0.966	0.327	5960	0.909
CRLF1	-1.02	8	0.45	0.673	12094	0.966	0.327	5959	0.909
SFTPD	-1.02	8	0.45	0.673	12095	0.966	0.327	5958	0.909
SOST	-1.02	8	0.45	0.673	12096	0.966	0.327	5957	0.909
LRRC57	-1.02	8	0.45	0.673	12097	0.966	0.327	5956	0.909
CCL24	-1.02	8	0.45	0.673	12098	0.966	0.327	5955	0.909
SPINK7	-1.02	8	0.45	0.673	12099	0.966	0.327	5954	0.909
SMARCA1	-1.02	8	0.45	0.673	12100	0.966	0.327	5953	0.909
NDUFA7	-1.02	8	0.45	0.673	12101	0.966	0.327	5952	0.909
ITGAX	-1.02	8	0.45	0.673	12102	0.966	0.327	5951	0.909
GPBAR1	-1.02	8	0.45	0.673	12103	0.966	0.327	5950	0.909
NUCKS1	-1.02	8	0.45	0.673	12104	0.966	0.327	5949	0.909
ZNF471	-1.02	8	0.45	0.673	12105	0.966	0.327	5948	0.909
CLASP1	-1.02	8	0.45	0.673	12106	0.966	0.327	5947	0.909
MAP1B	-1.02	8	0.45	0.673	12107	0.966	0.327	5946	0.909
ADAMTS17	-1.02	8	0.45	0.674	12108	0.966	0.326	5945	0.909
PPFIA4	-1.02	8	0.45	0.674	12109	0.966	0.326	5944	0.909
TMED8	-1.02	8	0.45	0.674	12110	0.966	0.326	5943	0.909
IK	-1.02	8	0.45	0.674	12111	0.966	0.326	5942	0.909
KIAA0556	-1.02	8	0.45	0.674	12112	0.966	0.326	5941	0.909
NLRP6	-1.02	8	0.45	0.674	12113	0.966	0.326	5940	0.909
CRYAB	-1.02	8	0.45	0.674	12114	0.966	0.326	5939	0.909
CCDC112	-1.02	8	0.45	0.674	12115	0.966	0.326	5938	0.909
NAA60	-1.02	8	0.45	0.674	12116	0.966	0.326	5937	0.909
TRIM39	-1.02	8	0.45	0.674	12117	0.966	0.326	5936	0.909
VPS41	-1.02	8	0.45	0.674	12118	0.966	0.326	5935	0.909
USP42	-1.02	8	0.45	0.674	12119	0.966	0.326	5934	0.909
ICA1	-1.02	8	0.45	0.674	12120	0.966	0.326	5933	0.909
IFT27	-1.02	8	0.45	0.674	12121	0.966	0.326	5932	0.909
KPRP	-1.02	8	0.45	0.674	12122	0.966	0.326	5931	0.909
SMO	-1.02	8	0.45	0.674	12123	0.966	0.326	5930	0.909
EFCAB4A	-1.02	8	0.45	0.674	12124	0.966	0.326	5929	0.909
GLT8D2	-1.02	8	0.45	0.674	12125	0.966	0.326	5928	0.909
C7orf31	-1.02	8	0.45	0.674	12126	0.966	0.326	5927	0.909
SLC35G3	-0.88	6	0.45	0.674	12127	0.966	0.326	5926	0.909
RHBDL3	-1.01	8	0.45	0.674	12128	0.966	0.326	5925	0.909
DTX1	-1.01	8	0.45	0.674	12129	0.966	0.326	5924	0.909
MAGEC1	-1.01	8	0.45	0.674	12130	0.966	0.326	5923	0.909
CHML	-1.01	8	0.45	0.674	12131	0.966	0.326	5922	0.909
CXorf58	-1.01	8	0.45	0.674	12132	0.966	0.326	5921	0.909
ECHS1	-1.01	8	0.45	0.674	12133	0.966	0.326	5920	0.909
GK	-1.01	8	0.45	0.674	12134	0.966	0.326	5919	0.909
CSTF2T	-1.01	8	0.45	0.674	12135	0.966	0.326	5918	0.909
CLCN4	-1.01	8	0.45	0.674	12136	0.966	0.326	5917	0.909
ACTA1	-1.01	8	0.45	0.674	12137	0.966	0.326	5916	0.909
UBXN11	-1.01	8	0.45	0.674	12138	0.966	0.326	5915	0.909
PROCR	-1.01	8	0.45	0.675	12139	0.966	0.325	5914	0.909
C15orf56	-1.01	8	0.45	0.675	12140	0.966	0.325	5913	0.909
LAYN	-1.01	8	0.45	0.675	12141	0.966	0.325	5912	0.909
FABP7	-1.01	8	0.45	0.675	12142	0.966	0.325	5911	0.909
HFE	-1.01	8	0.45	0.675	12143	0.966	0.325	5910	0.909
PRPS2	-1.01	8	0.45	0.675	12144	0.966	0.325	5909	0.909
G6PC3	-1.01	8	0.45	0.675	12145	0.966	0.325	5908	0.909
SLC2A10	-1.01	8	0.45	0.675	12146	0.966	0.325	5907	0.909
ZNF555	-1.01	8	0.45	0.675	12147	0.966	0.325	5906	0.909
HEMK1	-1.01	8	0.45	0.675	12148	0.966	0.325	5905	0.909
ZNF781	-0.71	4	0.45	0.675	12149	0.966	0.325	5904	0.909
MUCL1	-0.87	6	0.45	0.675	12150	0.966	0.325	5903	0.909
HELLS	-1.00	8	0.45	0.675	12151	0.966	0.325	5902	0.909
GNRH2	-1.00	8	0.45	0.675	12152	0.966	0.325	5901	0.909
ACP1	-1.00	8	0.45	0.675	12153	0.966	0.325	5900	0.909
SPINK4	-1.00	8	0.45	0.675	12154	0.966	0.325	5899	0.909
IQCB1	-1.00	8	0.45	0.675	12155	0.966	0.325	5898	0.909
MCIDAS	-1.00	8	0.45	0.675	12156	0.966	0.325	5897	0.909
KCNMA1	-1.00	8	0.45	0.675	12157	0.966	0.325	5896	0.909
PLEKHO1	-1.00	8	0.45	0.675	12158	0.966	0.325	5895	0.909
S100A3	-1.00	8	0.45	0.675	12159	0.966	0.325	5894	0.909
ASIC4	-1.00	8	0.45	0.675	12160	0.966	0.325	5893	0.909
GPR32	-1.00	8	0.45	0.675	12161	0.966	0.325	5892	0.909
MORN5	-1.00	8	0.45	0.675	12162	0.966	0.325	5891	0.909
SOCS6	-1.00	8	0.45	0.675	12163	0.966	0.325	5890	0.909
TFPT	-1.00	8	0.46	0.675	12164	0.966	0.325	5889	0.909
MED7	-0.86	6	0.46	0.676	12165	0.966	0.324	5888	0.909
IFITM5	-1.00	8	0.46	0.676	12166	0.966	0.324	5887	0.909
OCSTAMP	-1.00	8	0.46	0.676	12167	0.966	0.324	5886	0.909
TLR1	-1.00	8	0.46	0.676	12168	0.966	0.324	5885	0.909
C1orf52	-1.00	8	0.46	0.676	12169	0.966	0.324	5884	0.909
AP3B1	-1.00	8	0.46	0.676	12170	0.966	0.324	5883	0.909
FBXO10	-0.99	8	0.46	0.676	12171	0.966	0.324	5882	0.909
FUT4	-0.99	8	0.46	0.676	12172	0.966	0.324	5881	0.909
PALLD	-0.99	8	0.46	0.676	12173	0.966	0.324	5880	0.909
10-Mar	-0.99	8	0.46	0.676	12174	0.966	0.324	5879	0.909
ACVR2B	-0.99	8	0.46	0.676	12175	0.966	0.324	5878	0.909
NFATC3	-0.99	8	0.46	0.676	12176	0.966	0.324	5877	0.909
NDUFA5	-0.99	8	0.46	0.676	12177	0.966	0.324	5876	0.909
TDG	-0.99	8	0.46	0.676	12178	0.966	0.324	5875	0.909
NXPE2	-0.99	8	0.46	0.676	12179	0.966	0.324	5874	0.909
PRM1	-0.99	8	0.46	0.677	12180	0.966	0.323	5873	0.909
IFNAR2	-0.99	8	0.46	0.677	12181	0.966	0.323	5872	0.909
C15orf43	-0.99	8	0.46	0.677	12182	0.966	0.323	5871	0.909
GPX6	-0.99	8	0.46	0.677	12183	0.966	0.323	5870	0.909
CYP51A1	-0.98	8	0.46	0.677	12184	0.966	0.323	5869	0.909
METTL11B	-0.98	8	0.46	0.677	12185	0.966	0.323	5868	0.909
DEFB132	-0.98	8	0.46	0.677	12186	0.966	0.323	5867	0.909
KIAA1598	-0.98	8	0.46	0.677	12187	0.966	0.323	5866	0.909
ZNF19	-0.98	8	0.46	0.677	12188	0.966	0.323	5865	0.909
TMEM60	-0.98	8	0.46	0.677	12189	0.966	0.323	5864	0.909
FAM179B	-0.98	8	0.46	0.677	12190	0.966	0.323	5863	0.909
ANKRD12	-0.98	8	0.46	0.677	12191	0.966	0.323	5862	0.909
PPIAL4D	-0.49	2	0.46	0.677	12192	0.966	0.323	5861	0.909
SMYD1	-0.98	8	0.46	0.677	12193	0.966	0.323	5860	0.909
KCNV1	-0.98	8	0.46	0.677	12194	0.966	0.323	5859	0.909
TTC16	-0.98	8	0.46	0.677	12195	0.966	0.323	5858	0.909
STK25	-0.98	8	0.46	0.677	12196	0.966	0.323	5857	0.909
DYNC1I1	-0.98	8	0.46	0.677	12197	0.966	0.323	5856	0.909
LAMC2	-0.98	8	0.46	0.678	12198	0.966	0.322	5855	0.909
CRADD	-0.98	8	0.46	0.678	12199	0.966	0.322	5854	0.909
NMT2	-0.98	8	0.46	0.678	12200	0.966	0.322	5853	0.909
CPA6	-0.97	8	0.46	0.678	12201	0.966	0.322	5852	0.909
GTPBP8	-0.97	8	0.46	0.678	12202	0.966	0.322	5851	0.909
FASTKD5	-0.97	8	0.46	0.678	12203	0.966	0.322	5850	0.909
GAD1	-0.97	8	0.46	0.678	12204	0.966	0.322	5849	0.909
C8orf49	-0.97	8	0.46	0.678	12205	0.966	0.322	5848	0.909
HKDC1	-0.97	8	0.46	0.678	12206	0.966	0.322	5847	0.909
SIN3A	-0.97	8	0.46	0.678	12207	0.966	0.322	5846	0.909
ANKIB1	-0.97	8	0.46	0.678	12208	0.966	0.322	5845	0.909
GPSM3	-0.97	8	0.46	0.678	12209	0.966	0.322	5844	0.909
B3GALT4	-0.97	8	0.46	0.678	12210	0.966	0.322	5843	0.909
PIK3IP1	-0.97	8	0.46	0.678	12211	0.966	0.322	5842	0.909
UBLCP1	-0.97	8	0.46	0.678	12212	0.966	0.322	5841	0.909
PYURF	-0.97	8	0.46	0.678	12213	0.966	0.322	5840	0.909
RPL10L	-0.97	8	0.46	0.678	12214	0.966	0.322	5839	0.909
SURF1	-0.97	8	0.46	0.678	12215	0.966	0.322	5838	0.909
HK1	-0.97	8	0.46	0.678	12216	0.966	0.322	5837	0.909
TMEM51	-0.97	8	0.46	0.678	12217	0.966	0.322	5836	0.909
FXYD4	-0.97	8	0.46	0.678	12218	0.966	0.322	5835	0.909
SMCO2	-0.97	8	0.46	0.678	12219	0.966	0.322	5834	0.909
FHL3	-0.97	8	0.46	0.678	12220	0.966	0.322	5833	0.909
RBBP4	-0.97	8	0.46	0.679	12221	0.966	0.321	5832	0.909
ZP2	-0.97	8	0.46	0.679	12222	0.966	0.321	5831	0.909
CA2	-0.96	8	0.46	0.679	12223	0.966	0.321	5830	0.909
SYCP2	-0.96	8	0.46	0.679	12224	0.966	0.321	5829	0.909
TMIE	-0.96	8	0.46	0.679	12225	0.966	0.321	5828	0.909
WDR41	-0.96	8	0.46	0.679	12226	0.966	0.321	5827	0.909
SLC27A3	-0.96	8	0.46	0.679	12227	0.966	0.321	5826	0.909
VNN3	-0.48	2	0.46	0.679	12228	0.966	0.321	5825	0.909
ZNF136	-0.96	8	0.46	0.679	12229	0.966	0.321	5824	0.909
ARHGAP6	-0.96	8	0.46	0.679	12230	0.966	0.321	5823	0.909
PCDHGA8	-0.96	8	0.47	0.679	12231	0.966	0.321	5822	0.909
CNBD1	-0.96	8	0.47	0.679	12232	0.966	0.321	5821	0.909
METTL18	-0.96	8	0.47	0.679	12233	0.966	0.321	5820	0.909
STK31	-0.96	8	0.47	0.679	12234	0.966	0.321	5819	0.909
RP11-766F14.2	-0.96	8	0.47	0.679	12235	0.966	0.321	5818	0.909
CD1A	-0.96	8	0.47	0.679	12236	0.966	0.321	5817	0.909
DTX3L	-0.96	8	0.47	0.679	12237	0.966	0.321	5816	0.909
MCF2L	-0.96	8	0.47	0.679	12238	0.966	0.321	5815	0.909
CD180	-0.95	8	0.47	0.679	12239	0.966	0.321	5814	0.909
PDE11A	-0.95	8	0.47	0.68	12240	0.966	0.32	5813	0.909
TMC3	-0.95	8	0.47	0.68	12241	0.966	0.32	5812	0.909
TBC1D32	-0.95	8	0.47	0.68	12242	0.966	0.32	5811	0.909
NEUROD1	-0.95	8	0.47	0.68	12243	0.966	0.32	5810	0.909
SPATA31D1	-0.95	8	0.47	0.68	12244	0.966	0.32	5809	0.909
KIAA1919	-0.95	8	0.47	0.68	12245	0.966	0.32	5808	0.909
ACOT8	-0.95	8	0.47	0.68	12246	0.966	0.32	5807	0.909
EFCAB1	-0.95	8	0.47	0.68	12247	0.966	0.32	5806	0.909
DBP	-0.95	8	0.47	0.68	12248	0.966	0.32	5805	0.909
CBX4	-0.95	8	0.47	0.68	12249	0.966	0.32	5804	0.909
MPZL2	-0.95	8	0.47	0.68	12250	0.966	0.32	5803	0.909
C5orf55	-0.95	8	0.47	0.68	12251	0.966	0.32	5802	0.909
NKIRAS2	-0.95	8	0.47	0.68	12252	0.966	0.32	5801	0.909
CAMKK2	-0.95	8	0.47	0.68	12253	0.966	0.32	5800	0.909
KCNE4	-0.67	4	0.47	0.68	12254	0.966	0.32	5799	0.909
CCNT1	-0.95	8	0.47	0.68	12255	0.966	0.32	5798	0.909
ZNF512	-0.95	8	0.47	0.68	12256	0.966	0.32	5797	0.909
TNFAIP2	-0.95	8	0.47	0.68	12257	0.966	0.32	5796	0.909
BAI2	-0.95	8	0.47	0.68	12258	0.966	0.32	5795	0.909
KRT38	-0.95	8	0.47	0.68	12259	0.966	0.32	5794	0.909
ADCY1	-0.95	8	0.47	0.68	12260	0.966	0.32	5793	0.909
CEL	-0.95	8	0.47	0.68	12261	0.966	0.32	5792	0.909
CRYGN	-0.95	8	0.47	0.68	12262	0.966	0.32	5791	0.909
ALOXE3	-0.95	8	0.47	0.68	12263	0.966	0.32	5790	0.909
GPR19	-0.95	8	0.47	0.68	12264	0.966	0.32	5789	0.909
AGR3	-0.94	8	0.47	0.68	12265	0.966	0.32	5788	0.909
GOLIM4	-0.94	8	0.47	0.68	12266	0.966	0.32	5787	0.909
RNASEL	-0.94	8	0.47	0.68	12267	0.966	0.32	5786	0.909
SPDYE4	-0.94	8	0.47	0.68	12268	0.966	0.32	5785	0.909
GREB1L	-0.94	8	0.47	0.681	12269	0.966	0.319	5784	0.909
CNTN4	-0.94	8	0.47	0.681	12270	0.966	0.319	5783	0.909
PCSK1N	-0.94	8	0.47	0.681	12271	0.966	0.319	5782	0.909
MAP3K1	-0.94	8	0.47	0.681	12272	0.966	0.319	5781	0.909
ADCY7	-0.94	8	0.47	0.681	12273	0.966	0.319	5780	0.909
CLPSL2	-0.94	8	0.47	0.681	12274	0.966	0.319	5779	0.909
OR1D5	-0.94	8	0.47	0.681	12275	0.966	0.319	5778	0.909
FBXO24	-0.94	8	0.47	0.681	12276	0.966	0.319	5777	0.909
SGSM3	-0.94	8	0.47	0.681	12277	0.966	0.319	5776	0.909
AP4S1	-0.94	8	0.47	0.681	12278	0.966	0.319	5775	0.909
RNF44	-0.94	8	0.47	0.681	12279	0.966	0.319	5774	0.909
RUSC1	-0.94	8	0.47	0.681	12280	0.966	0.319	5773	0.909
ATP5SL	-0.94	8	0.47	0.681	12281	0.966	0.319	5772	0.909
BAZ2B	-0.94	8	0.47	0.681	12282	0.966	0.319	5771	0.909
CSMD2	-0.94	8	0.47	0.681	12283	0.966	0.319	5770	0.909
TSC2	-0.94	8	0.47	0.681	12284	0.966	0.319	5769	0.909
CLEC3A	-0.94	8	0.47	0.681	12285	0.966	0.319	5768	0.909
HAX1	-0.94	8	0.47	0.681	12286	0.966	0.319	5767	0.909
ARPC1B	-0.93	8	0.47	0.681	12287	0.966	0.319	5766	0.909
ANKRD1	-0.93	8	0.47	0.681	12288	0.966	0.319	5765	0.909
WISP1	-0.93	8	0.47	0.681	12289	0.966	0.319	5764	0.909
CHAC1	-0.93	8	0.47	0.681	12290	0.966	0.319	5763	0.909
UGT2B17	-0.47	2	0.47	0.681	12291	0.966	0.319	5762	0.909
TGM6	-0.93	8	0.47	0.681	12292	0.966	0.319	5761	0.909
OR4C13	-0.93	8	0.47	0.681	12293	0.966	0.319	5760	0.909
CD69	-0.93	8	0.47	0.681	12294	0.966	0.319	5759	0.909
ZNF586	-0.93	8	0.47	0.681	12295	0.966	0.319	5758	0.909
APOL4	-0.47	2	0.47	0.682	12296	0.966	0.318	5757	0.909
NUMB	-0.93	8	0.47	0.682	12297	0.966	0.318	5756	0.909
AKAP9	-0.93	8	0.47	0.682	12298	0.966	0.318	5755	0.909
GAB1	-0.93	8	0.47	0.682	12299	0.966	0.318	5754	0.909
FSIP2	-0.93	8	0.47	0.682	12300	0.966	0.318	5753	0.909
MROH2B	-0.93	8	0.47	0.682	12301	0.966	0.318	5752	0.909
ZBTB47	-0.93	8	0.47	0.682	12302	0.966	0.318	5751	0.909
STAP1	-0.93	8	0.47	0.682	12303	0.966	0.318	5750	0.909
MOCS1	-0.93	8	0.47	0.682	12304	0.966	0.318	5749	0.909
LINS	-0.93	8	0.47	0.682	12305	0.966	0.318	5748	0.909
LZTS2	-0.93	8	0.47	0.682	12306	0.966	0.318	5747	0.909
FAM118B	-0.93	8	0.47	0.682	12307	0.966	0.318	5746	0.909
ANKRD17	-0.93	8	0.47	0.682	12308	0.966	0.318	5745	0.909
GDF3	-0.93	8	0.47	0.682	12309	0.966	0.318	5744	0.909
FAM229A	-0.93	8	0.47	0.682	12310	0.966	0.318	5743	0.909
FBXO18	-0.93	8	0.47	0.682	12311	0.966	0.318	5742	0.909
KIAA0368	-0.93	8	0.47	0.682	12312	0.966	0.318	5741	0.909
ATP2C2	-0.93	8	0.47	0.682	12313	0.966	0.318	5740	0.909
FAF1	-0.93	8	0.47	0.682	12314	0.966	0.318	5739	0.909
CCL22	-0.93	8	0.47	0.682	12315	0.966	0.318	5738	0.909
GALNT2	-0.93	8	0.47	0.682	12316	0.966	0.318	5737	0.909
GSDMB	-0.93	8	0.47	0.682	12317	0.966	0.318	5736	0.909
TANC2	-0.92	8	0.47	0.682	12318	0.966	0.318	5735	0.909
NPAS3	-0.92	8	0.47	0.682	12319	0.966	0.318	5734	0.909
MRM1	-0.92	8	0.47	0.682	12320	0.966	0.318	5733	0.909
CGA	-0.92	8	0.47	0.682	12321	0.966	0.318	5732	0.909
UHRF2	-0.92	8	0.47	0.682	12322	0.966	0.318	5731	0.909
ANK2	-0.92	8	0.47	0.682	12323	0.966	0.318	5730	0.909
EPB41L4A	-0.92	8	0.47	0.682	12324	0.966	0.318	5729	0.909
GABRQ	-0.92	8	0.47	0.682	12325	0.966	0.318	5728	0.909
CAMK4	-0.92	8	0.47	0.682	12326	0.966	0.318	5727	0.909
TMEM156	-0.92	8	0.47	0.682	12327	0.966	0.318	5726	0.909
GPR119	-0.92	8	0.47	0.682	12328	0.966	0.318	5725	0.909
RGS20	-0.92	8	0.47	0.682	12329	0.966	0.318	5724	0.909
ATOX1	-0.92	8	0.47	0.682	12330	0.966	0.318	5723	0.909
FAM115A	-0.92	8	0.47	0.682	12331	0.966	0.318	5722	0.909
RGS5	-0.92	8	0.47	0.683	12332	0.966	0.317	5721	0.909
ZNF500	-0.92	8	0.48	0.683	12333	0.966	0.317	5720	0.909
TRPC7	-0.92	8	0.48	0.683	12334	0.966	0.317	5719	0.909
SLC9A5	-0.92	8	0.48	0.683	12335	0.966	0.317	5718	0.909
IL6R	-0.92	8	0.48	0.683	12336	0.966	0.317	5717	0.909
PDE7B	-0.92	8	0.48	0.683	12337	0.966	0.317	5716	0.909
INMT	-0.92	8	0.48	0.683	12338	0.966	0.317	5715	0.909
SIT1	-0.92	8	0.48	0.683	12339	0.966	0.317	5714	0.909
CPSF7	-0.92	8	0.48	0.683	12340	0.966	0.317	5713	0.909
CAPN9	-0.92	8	0.48	0.683	12341	0.966	0.317	5712	0.909
ZNF829	-0.92	8	0.48	0.683	12342	0.966	0.317	5711	0.909
KLHL15	-0.92	8	0.48	0.683	12343	0.966	0.317	5710	0.909
TMEM151B	-0.92	8	0.48	0.683	12344	0.966	0.317	5709	0.909
GSTP1	-0.92	8	0.48	0.683	12345	0.966	0.317	5708	0.909
SLC9A3R1	-0.92	8	0.48	0.683	12346	0.966	0.317	5707	0.909
TMEM37	-0.92	8	0.48	0.683	12347	0.966	0.317	5706	0.909
UBE2D3	-0.65	4	0.48	0.683	12348	0.966	0.317	5705	0.909
ZNF589	-0.91	8	0.48	0.683	12349	0.966	0.317	5704	0.909
HN1	-0.91	8	0.48	0.683	12350	0.966	0.317	5703	0.909
MFN2	-0.91	8	0.48	0.683	12351	0.966	0.317	5702	0.909
TXNDC15	-0.91	8	0.48	0.683	12352	0.966	0.317	5701	0.909
ALDOC	-0.91	8	0.48	0.683	12353	0.966	0.317	5700	0.909
HNRNPDL	-0.91	8	0.48	0.683	12354	0.966	0.317	5699	0.909
C7orf57	-0.91	8	0.48	0.683	12355	0.966	0.317	5698	0.909
ERLEC1	-0.91	8	0.48	0.683	12356	0.966	0.317	5697	0.909
MX2	-0.91	8	0.48	0.683	12357	0.966	0.317	5696	0.909
NOS3	-0.91	8	0.48	0.684	12358	0.966	0.316	5695	0.909
BCORL1	-0.91	8	0.48	0.684	12359	0.966	0.316	5694	0.909
RAI14	-0.91	8	0.48	0.684	12360	0.966	0.316	5693	0.909
OR51M1	-0.91	8	0.48	0.684	12361	0.966	0.316	5692	0.909
HR	-0.91	8	0.48	0.684	12362	0.966	0.316	5691	0.909
CBY3	-0.91	8	0.48	0.684	12363	0.966	0.316	5690	0.909
IL2RB	-0.91	8	0.48	0.684	12364	0.966	0.316	5689	0.909
DKK2	-0.91	8	0.48	0.684	12365	0.966	0.316	5688	0.909
TMEM80	-0.91	8	0.48	0.684	12366	0.966	0.316	5687	0.909
RTN4R	-0.91	8	0.48	0.684	12367	0.966	0.316	5686	0.909
CCL28	-0.78	6	0.48	0.684	12368	0.966	0.316	5685	0.909
PIH1D3	-0.91	8	0.48	0.684	12369	0.966	0.316	5684	0.909
EIF1B	-0.90	8	0.48	0.684	12370	0.966	0.316	5683	0.909
DDIT4	-0.90	8	0.48	0.684	12371	0.966	0.316	5682	0.909
EPHA10	-0.90	8	0.48	0.684	12372	0.966	0.316	5681	0.909
ZNF658	-0.90	8	0.48	0.684	12373	0.966	0.316	5680	0.909
ZNF460	-0.90	8	0.48	0.684	12374	0.966	0.316	5679	0.909
TMEM174	-0.90	8	0.48	0.684	12375	0.966	0.316	5678	0.909
OR14A2	-0.90	8	0.48	0.684	12376	0.966	0.316	5677	0.909
MTMR10	-0.90	8	0.48	0.684	12377	0.966	0.316	5676	0.909
UST	-0.90	8	0.48	0.684	12378	0.966	0.316	5675	0.909
EXPH5	-0.90	8	0.48	0.684	12379	0.966	0.316	5674	0.909
FBXW10	-0.90	8	0.48	0.684	12380	0.966	0.316	5673	0.909
TCF7L1	-0.90	8	0.48	0.684	12381	0.966	0.316	5672	0.909
AIRE	-0.90	8	0.48	0.684	12382	0.966	0.316	5671	0.909
DGAT1	-0.90	8	0.48	0.684	12383	0.966	0.316	5670	0.909
GTF2H5	-0.90	8	0.48	0.684	12384	0.966	0.316	5669	0.909
PIGW	-0.90	8	0.48	0.684	12385	0.966	0.316	5668	0.909
SIGLEC12	-0.90	8	0.48	0.685	12386	0.966	0.315	5667	0.909
ZNF649	-0.90	8	0.48	0.685	12387	0.966	0.315	5666	0.909
IGSF8	-0.90	8	0.48	0.685	12388	0.966	0.315	5665	0.909
SUMO4	-0.78	6	0.48	0.685	12389	0.966	0.315	5664	0.909
TAS2R40	-0.90	8	0.48	0.685	12390	0.966	0.315	5663	0.909
CACNA1D	-0.90	8	0.48	0.685	12391	0.966	0.315	5662	0.909
PFKFB2	-0.90	8	0.48	0.685	12392	0.966	0.315	5661	0.909
DMP1	-0.90	8	0.48	0.685	12393	0.966	0.315	5660	0.909
MTFP1	-0.90	8	0.48	0.685	12394	0.966	0.315	5659	0.909
SPTBN2	-0.90	8	0.48	0.685	12395	0.966	0.315	5658	0.909
FAM45A	-0.90	8	0.48	0.685	12396	0.966	0.315	5657	0.909
CLIC2	-0.90	8	0.48	0.685	12397	0.966	0.315	5656	0.909
INSRR	-0.90	8	0.48	0.685	12398	0.966	0.315	5655	0.909
SULF1	-0.89	8	0.48	0.685	12399	0.966	0.315	5654	0.909
RIMS2	-0.89	8	0.48	0.685	12400	0.966	0.315	5653	0.909
RAB27A	-0.89	8	0.48	0.685	12401	0.966	0.315	5652	0.909
OR10H3	-0.89	8	0.48	0.685	12402	0.966	0.315	5651	0.909
PHOX2B	-0.89	8	0.48	0.685	12403	0.966	0.315	5650	0.909
TMCO4	-0.89	8	0.48	0.685	12404	0.966	0.315	5649	0.909
CALY	-0.89	8	0.48	0.685	12405	0.966	0.315	5648	0.909
SLC19A2	-0.89	8	0.48	0.685	12406	0.966	0.315	5647	0.909
GBX1	-0.89	8	0.48	0.686	12407	0.966	0.314	5646	0.909
OR10J1	-0.89	8	0.48	0.686	12408	0.966	0.314	5645	0.909
TBPL1	-0.89	8	0.48	0.686	12409	0.966	0.314	5644	0.909
ZNF230	-0.89	8	0.48	0.686	12410	0.966	0.314	5643	0.909
ZNF592	-0.89	8	0.48	0.686	12411	0.966	0.314	5642	0.909
JDP2	-0.88	8	0.48	0.686	12412	0.966	0.314	5641	0.909
S1PR3	-0.77	6	0.48	0.686	12413	0.966	0.314	5640	0.909
TECTB	-0.88	8	0.48	0.686	12414	0.966	0.314	5639	0.909
GALNT11	-0.88	8	0.48	0.686	12415	0.966	0.314	5638	0.909
C1orf50	-0.88	8	0.48	0.686	12416	0.966	0.314	5637	0.909
SLC25A28	-0.88	8	0.48	0.686	12417	0.966	0.314	5636	0.909
GFRAL	-0.88	8	0.48	0.686	12418	0.966	0.314	5635	0.909
MYL6	-0.88	8	0.48	0.686	12419	0.966	0.314	5634	0.909
C12orf39	-0.88	8	0.48	0.686	12420	0.966	0.314	5633	0.909
KIR2DL4	-0.88	8	0.49	0.686	12421	0.966	0.314	5632	0.909
KCNJ1	-0.88	8	0.49	0.686	12422	0.966	0.314	5631	0.909
KIF1C	-0.88	8	0.49	0.686	12423	0.966	0.314	5630	0.909
TMPRSS13	-0.88	8	0.49	0.686	12424	0.966	0.314	5629	0.909
SLC44A1	-0.76	6	0.49	0.686	12425	0.966	0.314	5628	0.909
HIF1A	-0.88	8	0.49	0.686	12426	0.966	0.314	5627	0.909
SPRY4	-0.88	8	0.49	0.687	12427	0.966	0.313	5626	0.909
OR52W1	-0.88	8	0.49	0.687	12428	0.966	0.313	5625	0.909
COX20	-0.44	2	0.49	0.687	12429	0.966	0.313	5624	0.909
CXCL1	-0.76	6	0.49	0.687	12430	0.966	0.313	5623	0.909
SMCO3	-0.87	8	0.49	0.687	12431	0.966	0.313	5622	0.909
STARD5	-0.87	8	0.49	0.687	12432	0.966	0.313	5621	0.909
COPG1	-0.87	8	0.49	0.687	12433	0.966	0.313	5620	0.909
KIAA1217	-0.87	8	0.49	0.687	12434	0.966	0.313	5619	0.909
UBR1	-0.87	8	0.49	0.687	12435	0.966	0.313	5618	0.909
CMTM2	-0.87	8	0.49	0.687	12436	0.966	0.313	5617	0.909
LCTL	-0.87	8	0.49	0.687	12437	0.966	0.313	5616	0.909
MYO10	-0.87	8	0.49	0.687	12438	0.966	0.313	5615	0.909
OTC	-0.87	8	0.49	0.687	12439	0.966	0.313	5614	0.909
RBM12B	-0.87	8	0.49	0.687	12440	0.966	0.313	5613	0.909
RRAD	-0.87	8	0.49	0.687	12441	0.966	0.313	5612	0.909
SYCE1L	-0.87	8	0.49	0.687	12442	0.966	0.313	5611	0.909
PCDHA7	-0.87	8	0.49	0.687	12443	0.966	0.313	5610	0.909
TM4SF4	-0.87	8	0.49	0.687	12444	0.966	0.313	5609	0.909
CCM2L	-0.87	8	0.49	0.687	12445	0.966	0.313	5608	0.909
EDNRA	-0.87	8	0.49	0.687	12446	0.966	0.313	5607	0.909
TTLL5	-0.87	8	0.49	0.687	12447	0.966	0.313	5606	0.909
TFAP2C	-0.87	8	0.49	0.687	12448	0.966	0.313	5605	0.909
JAKMIP2	-0.86	8	0.49	0.688	12449	0.966	0.312	5604	0.909
HESX1	-0.86	8	0.49	0.688	12450	0.966	0.312	5603	0.909
DAAM2	-0.86	8	0.49	0.688	12451	0.966	0.312	5602	0.909
CD274	-0.86	8	0.49	0.688	12452	0.966	0.312	5601	0.909
MBD6	-0.86	8	0.49	0.688	12453	0.966	0.312	5600	0.909
LGALS13	-0.43	2	0.49	0.688	12454	0.966	0.312	5599	0.909
ZNF311	-0.86	8	0.49	0.688	12455	0.966	0.312	5598	0.909
MTTP	-0.86	8	0.49	0.688	12456	0.966	0.312	5597	0.909
CORT	-0.61	4	0.49	0.688	12457	0.966	0.312	5596	0.909
PLXNB1	-0.86	8	0.49	0.688	12458	0.966	0.312	5595	0.909
CDH8	-0.86	8	0.49	0.688	12459	0.966	0.312	5594	0.909
RXFP1	-0.86	8	0.49	0.688	12460	0.966	0.312	5593	0.909
C16orf47	-0.86	8	0.49	0.688	12461	0.966	0.312	5592	0.909
DUOX1	-0.86	8	0.49	0.688	12462	0.966	0.312	5591	0.909
CTC-534A2.2	-0.86	8	0.49	0.688	12463	0.966	0.312	5590	0.909
JMY	-0.86	8	0.49	0.688	12464	0.966	0.312	5589	0.909
SPAG6	-0.85	8	0.49	0.688	12465	0.966	0.312	5588	0.909
CCL1	-0.85	8	0.49	0.688	12466	0.966	0.312	5587	0.909
OR13C4	-0.85	8	0.49	0.688	12467	0.966	0.312	5586	0.909
NDUFB1	-0.74	6	0.49	0.689	12468	0.966	0.311	5585	0.909
PDE6G	-0.85	8	0.49	0.689	12469	0.966	0.311	5584	0.909
REXO2	-0.85	8	0.49	0.689	12470	0.966	0.311	5583	0.909
PAM	-0.85	8	0.49	0.689	12471	0.966	0.311	5582	0.909
ENHO	-0.85	8	0.49	0.689	12472	0.966	0.311	5581	0.909
BTNL3	-0.85	8	0.49	0.689	12473	0.966	0.311	5580	0.909
OTUD6A	-0.85	8	0.49	0.689	12474	0.966	0.311	5579	0.909
SPARCL1	-0.85	8	0.49	0.689	12475	0.966	0.311	5578	0.909
TWF2	-0.85	8	0.49	0.689	12476	0.966	0.311	5577	0.909
MAP2K4	-0.85	8	0.49	0.689	12477	0.966	0.311	5576	0.909
DEPDC1B	-0.85	8	0.49	0.689	12478	0.966	0.311	5575	0.909
CASC3	-0.84	8	0.49	0.689	12479	0.966	0.311	5574	0.909
GINM1	-0.73	6	0.49	0.689	12480	0.966	0.311	5573	0.909
TRPM7	-0.84	8	0.49	0.689	12481	0.966	0.311	5572	0.909
AMFR	-0.84	8	0.49	0.689	12482	0.966	0.311	5571	0.909
NANOS1	-0.84	8	0.49	0.689	12483	0.966	0.311	5570	0.909
MYH10	-0.84	8	0.49	0.69	12484	0.966	0.31	5569	0.909
PKIB	-0.84	8	0.49	0.69	12485	0.966	0.31	5568	0.909
ORMDL3	-0.84	8	0.49	0.69	12486	0.966	0.31	5567	0.909
RAB5B	-0.84	8	0.49	0.69	12487	0.966	0.31	5566	0.909
ZNF112	-0.84	8	0.49	0.69	12488	0.966	0.31	5565	0.909
MIER1	-0.84	8	0.49	0.69	12489	0.966	0.31	5564	0.909
BCAN	-0.84	8	0.50	0.69	12490	0.966	0.31	5563	0.909
TMPRSS5	-0.84	8	0.50	0.69	12491	0.966	0.31	5562	0.909
OR6K2	-0.84	8	0.50	0.69	12492	0.966	0.31	5561	0.909
PLEKHA5	-0.84	8	0.50	0.69	12493	0.966	0.31	5560	0.909
RFXANK	-0.84	8	0.50	0.69	12494	0.966	0.31	5559	0.909
IL12RB1	-0.84	8	0.50	0.69	12495	0.966	0.31	5558	0.909
GRINA	-0.84	8	0.50	0.69	12496	0.966	0.31	5557	0.909
KMT2E	-0.84	8	0.50	0.69	12497	0.966	0.31	5556	0.909
TRIM2	-0.84	8	0.50	0.69	12498	0.966	0.31	5555	0.909
NHS	-0.84	8	0.50	0.69	12499	0.966	0.31	5554	0.909
MYO15A	-0.83	8	0.50	0.69	12500	0.966	0.31	5553	0.909
MICU2	-0.83	8	0.50	0.69	12501	0.966	0.31	5552	0.909
NAGK	-0.83	8	0.50	0.69	12502	0.966	0.31	5551	0.909
DSCAM	-0.83	8	0.50	0.69	12503	0.966	0.31	5550	0.909
TMEM215	-0.83	8	0.50	0.69	12504	0.966	0.31	5549	0.909
ZNF317	-0.83	8	0.50	0.69	12505	0.966	0.31	5548	0.909
UBE2F	-0.83	8	0.50	0.69	12506	0.966	0.31	5547	0.909
TMEM38A	-0.83	8	0.50	0.69	12507	0.966	0.31	5546	0.909
C3orf49	-0.83	8	0.50	0.691	12508	0.966	0.309	5545	0.909
AZU1	-0.83	8	0.50	0.691	12509	0.966	0.309	5544	0.909
FAM76B	-0.83	8	0.50	0.691	12510	0.966	0.309	5543	0.909
RP1	-0.83	8	0.50	0.691	12511	0.966	0.309	5542	0.909
KCNK18	-0.83	8	0.50	0.691	12512	0.966	0.309	5541	0.909
LY6E	-0.83	8	0.50	0.691	12513	0.966	0.309	5540	0.909
MPST	-0.83	8	0.50	0.691	12514	0.966	0.309	5539	0.909
PDSS1	-0.83	8	0.50	0.691	12515	0.966	0.309	5538	0.909
STAB1	-0.83	8	0.50	0.691	12516	0.966	0.309	5537	0.909
NOL3	-0.83	8	0.50	0.691	12517	0.966	0.309	5536	0.909
ATF7IP	-0.83	8	0.50	0.691	12518	0.966	0.309	5535	0.909
IMPG1	-0.83	8	0.50	0.691	12519	0.966	0.309	5534	0.909
KRT17	-0.83	8	0.50	0.691	12520	0.966	0.309	5533	0.909
PER2	-0.82	8	0.50	0.691	12521	0.966	0.309	5532	0.909
CLIP4	-0.82	8	0.50	0.691	12522	0.966	0.309	5531	0.909
RNF125	-0.82	8	0.50	0.691	12523	0.966	0.309	5530	0.909
TAF4B	-0.82	8	0.50	0.691	12524	0.966	0.309	5529	0.909
CCDC62	-0.82	8	0.50	0.691	12525	0.966	0.309	5528	0.909
WIPI1	-0.82	8	0.50	0.691	12526	0.966	0.309	5527	0.909
luciferase	-2.01	48	0.50	0.691	12527	0.966	0.309	5526	0.909
CELF6	-0.82	8	0.50	0.692	12528	0.966	0.308	5525	0.909
ANKHD1-EIF4EBP3	-0.82	8	0.50	0.692	12529	0.966	0.308	5524	0.909
OR5P3	-0.82	8	0.50	0.692	12530	0.966	0.308	5523	0.909
CLOCK	-0.82	8	0.50	0.692	12531	0.966	0.308	5522	0.909
TRPS1	-0.82	8	0.50	0.692	12532	0.966	0.308	5521	0.909
CCDC121	-0.82	8	0.50	0.692	12533	0.966	0.308	5520	0.909
SLC22A16	-0.82	8	0.50	0.692	12534	0.966	0.308	5519	0.909
ITPK1	-0.82	8	0.50	0.692	12535	0.966	0.308	5518	0.909
TAX1BP3	-0.82	8	0.50	0.692	12536	0.966	0.308	5517	0.909
EMILIN1	-0.82	8	0.50	0.692	12537	0.966	0.308	5516	0.909
ZSCAN5A	-0.82	8	0.50	0.692	12538	0.966	0.308	5515	0.909
SMR3A	-0.71	6	0.50	0.692	12539	0.966	0.308	5514	0.909
RAP1GAP2	-0.81	8	0.50	0.692	12540	0.966	0.308	5513	0.909
ABCG4	-0.70	6	0.50	0.692	12541	0.966	0.308	5512	0.909
TPSG1	-0.81	8	0.50	0.692	12542	0.966	0.308	5511	0.909
LRRIQ4	-0.81	8	0.50	0.692	12543	0.966	0.308	5510	0.909
A2M	-0.81	8	0.50	0.692	12544	0.966	0.308	5509	0.909
AFM	-0.81	8	0.50	0.692	12545	0.966	0.308	5508	0.909
MAGED1	-0.81	8	0.50	0.692	12546	0.966	0.308	5507	0.909
SLC22A10	-0.70	6	0.50	0.692	12547	0.966	0.308	5506	0.909
INSL3	-0.81	8	0.50	0.693	12548	0.966	0.307	5505	0.909
DEPTOR	-0.81	8	0.50	0.693	12549	0.966	0.307	5504	0.909
FDXACB1	-0.81	8	0.50	0.693	12550	0.966	0.307	5503	0.909
FOXB1	-0.81	8	0.50	0.693	12551	0.966	0.307	5502	0.909
09-Sep	-0.81	8	0.50	0.693	12552	0.966	0.307	5501	0.909
MUC4	-0.81	8	0.50	0.693	12553	0.966	0.307	5500	0.909
SPATA20	-0.81	8	0.50	0.693	12554	0.966	0.307	5499	0.909
ELMOD3	-0.81	8	0.50	0.693	12555	0.966	0.307	5498	0.909
PTK2	-0.81	8	0.50	0.693	12556	0.966	0.307	5497	0.909
NSUN2	-0.81	8	0.50	0.693	12557	0.966	0.307	5496	0.909
HMSD	-0.80	8	0.50	0.693	12558	0.966	0.307	5495	0.909
PARPBP	-0.80	8	0.50	0.693	12559	0.966	0.307	5494	0.909
MBL2	-0.80	8	0.50	0.693	12560	0.966	0.307	5493	0.909
AP2M1	-0.80	8	0.50	0.693	12561	0.966	0.307	5492	0.909
LRIT2	-0.80	8	0.50	0.693	12562	0.966	0.307	5491	0.909
TTC30B	-0.80	8	0.50	0.693	12563	0.966	0.307	5490	0.909
WNT9B	-0.80	8	0.50	0.693	12564	0.966	0.307	5489	0.909
NEK11	-0.80	8	0.50	0.693	12565	0.966	0.307	5488	0.909
KHK	-0.80	8	0.50	0.693	12566	0.966	0.307	5487	0.909
LRRC3B	-0.80	8	0.50	0.693	12567	0.966	0.307	5486	0.909
OR52I1	-0.57	4	0.50	0.693	12568	0.966	0.307	5485	0.909
TBC1D22A	-0.80	8	0.50	0.693	12569	0.966	0.307	5484	0.909
TMEM178A	-0.80	8	0.50	0.693	12570	0.966	0.307	5483	0.909
MRPS12	-0.80	8	0.51	0.693	12571	0.966	0.307	5482	0.909
PMF1	-0.80	8	0.51	0.693	12572	0.966	0.307	5481	0.909
RNF217	-0.80	8	0.51	0.693	12573	0.966	0.307	5480	0.909
MED28	-0.80	8	0.51	0.693	12574	0.966	0.307	5479	0.909
PEBP4	-0.80	8	0.51	0.693	12575	0.966	0.307	5478	0.909
HSPA4L	-0.80	8	0.51	0.694	12576	0.966	0.306	5477	0.909
NLRP1	-0.80	8	0.51	0.694	12577	0.966	0.306	5476	0.909
SLC1A1	-0.80	8	0.51	0.694	12578	0.966	0.306	5475	0.909
DHRS4	-0.80	8	0.51	0.694	12579	0.966	0.306	5474	0.909
ZGPAT	-0.80	8	0.51	0.694	12580	0.966	0.306	5473	0.909
SLC9A7	-0.80	8	0.51	0.694	12581	0.966	0.306	5472	0.909
NEIL2	-0.80	8	0.51	0.694	12582	0.966	0.306	5471	0.909
B3GNT5	-0.80	8	0.51	0.694	12583	0.966	0.306	5470	0.909
PYGO2	-0.79	8	0.51	0.694	12584	0.966	0.306	5469	0.909
NDUFS7	-0.79	8	0.51	0.694	12585	0.966	0.306	5468	0.909
NAT8L	-0.40	2	0.51	0.694	12586	0.966	0.306	5467	0.909
PLVAP	-0.79	8	0.51	0.694	12587	0.966	0.306	5466	0.909
TMEM127	-0.79	8	0.51	0.694	12588	0.966	0.306	5465	0.909
ATP2B2	-0.79	8	0.51	0.694	12589	0.966	0.306	5464	0.909
ZSCAN9	-0.79	8	0.51	0.694	12590	0.966	0.306	5463	0.909
AHCYL2	-0.79	8	0.51	0.694	12591	0.966	0.306	5462	0.909
LINC00632	-0.79	8	0.51	0.694	12592	0.966	0.306	5461	0.909
CCER1	-0.79	8	0.51	0.694	12593	0.966	0.306	5460	0.909
KXD1	-0.79	8	0.51	0.694	12594	0.966	0.306	5459	0.909
SLC35E4	-0.79	8	0.51	0.694	12595	0.966	0.306	5458	0.909
ZNF594	-0.79	8	0.51	0.694	12596	0.966	0.306	5457	0.909
CRNN	-0.79	8	0.51	0.695	12597	0.966	0.305	5456	0.909
GLCE	-0.68	6	0.51	0.695	12598	0.966	0.305	5455	0.909
KRT20	-0.79	8	0.51	0.695	12599	0.966	0.305	5454	0.909
ROBO4	-0.79	8	0.51	0.695	12600	0.966	0.305	5453	0.909
MANSC4	-0.78	8	0.51	0.695	12601	0.966	0.305	5452	0.909
CCIN	-0.78	8	0.51	0.695	12602	0.966	0.305	5451	0.909
RAPGEF6	-0.78	8	0.51	0.695	12603	0.966	0.305	5450	0.909
NLRP3	-0.78	8	0.51	0.695	12604	0.966	0.305	5449	0.909
KTN1	-0.78	8	0.51	0.695	12605	0.966	0.305	5448	0.909
SEMA6C	-0.78	8	0.51	0.695	12606	0.966	0.305	5447	0.909
ARPC3	-0.78	8	0.51	0.695	12607	0.966	0.305	5446	0.909
ATP7A	-0.78	8	0.51	0.695	12608	0.966	0.305	5445	0.909
DNAH5	-0.78	8	0.51	0.695	12609	0.966	0.305	5444	0.909
MAP2K2	-0.78	8	0.51	0.695	12610	0.966	0.305	5443	0.909
OR1L4	-0.78	8	0.51	0.695	12611	0.966	0.305	5442	0.909
PCDHGA12	-0.78	8	0.51	0.695	12612	0.966	0.305	5441	0.909
PATE1	-0.78	8	0.51	0.695	12613	0.966	0.305	5440	0.909
FGF6	-0.78	8	0.51	0.695	12614	0.966	0.305	5439	0.909
FAM117A	-0.78	8	0.51	0.695	12615	0.966	0.305	5438	0.909
LRRC8C	-0.78	8	0.51	0.695	12616	0.966	0.305	5437	0.909
SPATS2L	-0.78	8	0.51	0.695	12617	0.966	0.305	5436	0.909
SKOR1	-0.78	8	0.51	0.695	12618	0.966	0.305	5435	0.909
ANKRD44	-0.78	8	0.51	0.695	12619	0.966	0.305	5434	0.909
TMEM35	-0.78	8	0.51	0.695	12620	0.966	0.305	5433	0.909
TERF1	-0.77	8	0.51	0.696	12621	0.966	0.304	5432	0.909
ANKAR	-0.77	8	0.51	0.696	12622	0.966	0.304	5431	0.909
KLRC3	-0.77	8	0.51	0.696	12623	0.966	0.304	5430	0.909
SELP	-0.77	8	0.51	0.696	12624	0.966	0.304	5429	0.909
DEFB115	-0.77	8	0.51	0.696	12625	0.966	0.304	5428	0.909
HTR1A	-0.77	8	0.51	0.696	12626	0.966	0.304	5427	0.909
PIGK	-0.77	8	0.51	0.696	12627	0.966	0.304	5426	0.909
PIM3	-0.77	8	0.51	0.696	12628	0.966	0.304	5425	0.909
SEC31A	-0.77	8	0.51	0.696	12629	0.966	0.304	5424	0.909
NRBF2	-0.38	2	0.51	0.696	12630	0.966	0.304	5423	0.909
MMP10	-0.77	8	0.51	0.696	12631	0.966	0.304	5422	0.909
GDF2	-0.77	8	0.51	0.696	12632	0.966	0.304	5421	0.909
ERLIN2	-0.77	8	0.51	0.696	12633	0.966	0.304	5420	0.909
TCTN2	-0.77	8	0.51	0.696	12634	0.966	0.304	5419	0.909
WFDC11	-0.66	6	0.51	0.696	12635	0.966	0.304	5418	0.909
NUP210L	-0.77	8	0.51	0.696	12636	0.966	0.304	5417	0.909
ANG	-0.77	8	0.51	0.696	12637	0.966	0.304	5416	0.909
NPRL2	-0.77	8	0.51	0.696	12638	0.966	0.304	5415	0.909
ZNF790	-0.77	8	0.51	0.696	12639	0.966	0.304	5414	0.909
P4HTM	-0.76	8	0.51	0.697	12640	0.966	0.303	5413	0.909
ADAD1	-0.76	8	0.51	0.697	12641	0.966	0.303	5412	0.909
FLAD1	-0.76	8	0.51	0.697	12642	0.966	0.303	5411	0.909
FAM161A	-0.76	8	0.51	0.697	12643	0.966	0.303	5410	0.909
LMBRD1	-0.76	8	0.51	0.697	12644	0.966	0.303	5409	0.909
OR5AK2	-0.76	8	0.52	0.697	12645	0.966	0.303	5408	0.909
MFAP2	-0.76	8	0.52	0.697	12646	0.966	0.303	5407	0.909
PI4K2A	-0.76	8	0.52	0.697	12647	0.966	0.303	5406	0.909
IL12A	-0.76	8	0.52	0.697	12648	0.966	0.303	5405	0.909
FBXO28	-0.76	8	0.52	0.697	12649	0.966	0.303	5404	0.909
LAG3	-0.76	8	0.52	0.697	12650	0.966	0.303	5403	0.909
ALPP	-0.54	4	0.52	0.697	12651	0.966	0.303	5402	0.909
PKD2	-0.76	8	0.52	0.697	12652	0.966	0.303	5401	0.909
ADAM33	-0.76	8	0.52	0.697	12653	0.966	0.303	5400	0.909
WSB1	-0.76	8	0.52	0.697	12654	0.966	0.303	5399	0.909
PTPRB	-0.76	8	0.52	0.697	12655	0.966	0.303	5398	0.909
LHFP	-0.75	8	0.52	0.697	12656	0.966	0.303	5397	0.909
ABLIM3	-0.75	8	0.52	0.697	12657	0.966	0.303	5396	0.909
ADAM21	-0.75	8	0.52	0.697	12658	0.966	0.303	5395	0.909
RAB3A	-0.75	8	0.52	0.698	12659	0.966	0.302	5394	0.909
DPM2	-0.75	8	0.52	0.698	12660	0.966	0.302	5393	0.909
OSMR	-0.75	8	0.52	0.698	12661	0.966	0.302	5392	0.909
MAP3K4	-0.75	8	0.52	0.698	12662	0.966	0.302	5391	0.909
ANKLE1	-0.75	8	0.52	0.698	12663	0.966	0.302	5390	0.909
ABCC4	-0.75	8	0.52	0.698	12664	0.966	0.302	5389	0.909
FUT9	-0.75	8	0.52	0.698	12665	0.966	0.302	5388	0.909
TMEM57	-0.75	8	0.52	0.698	12666	0.966	0.302	5387	0.909
COLGALT1	-0.75	8	0.52	0.698	12667	0.966	0.302	5386	0.909
SLC19A3	-0.74	8	0.52	0.698	12668	0.966	0.302	5385	0.909
MTG2	-0.74	8	0.52	0.698	12669	0.966	0.302	5384	0.909
NT5DC1	-0.74	8	0.52	0.698	12670	0.966	0.302	5383	0.909
MICALL1	-0.74	8	0.52	0.698	12671	0.966	0.302	5382	0.909
DNAJC16	-0.74	8	0.52	0.698	12672	0.966	0.302	5381	0.909
SEZ6L	-0.74	8	0.52	0.699	12673	0.966	0.301	5380	0.909
MEIOB	-0.74	8	0.52	0.699	12674	0.966	0.301	5379	0.909
RPUSD1	-0.74	8	0.52	0.699	12675	0.966	0.301	5378	0.909
C2orf61	-0.74	8	0.52	0.699	12676	0.966	0.301	5377	0.909
HMOX1	-0.74	8	0.52	0.699	12677	0.966	0.301	5376	0.909
STX10	-0.74	8	0.52	0.699	12678	0.966	0.301	5375	0.909
MED26	-0.74	8	0.52	0.699	12679	0.966	0.301	5374	0.909
ANKRD13D	-0.74	8	0.52	0.699	12680	0.966	0.301	5373	0.909
PAMR1	-0.74	8	0.52	0.699	12681	0.966	0.301	5372	0.909
WDFY2	-0.74	8	0.52	0.699	12682	0.966	0.301	5371	0.909
TMED3	-0.74	8	0.52	0.699	12683	0.966	0.301	5370	0.909
SRA1	-0.74	8	0.52	0.699	12684	0.966	0.301	5369	0.909
CLDN23	-0.73	8	0.52	0.699	12685	0.966	0.301	5368	0.909
ANK1	-0.73	8	0.52	0.699	12686	0.966	0.301	5367	0.909
TRIM41	-0.73	8	0.52	0.699	12687	0.966	0.301	5366	0.909
HECW1	-0.73	8	0.52	0.699	12688	0.966	0.301	5365	0.909
HEATR5B	-0.73	8	0.52	0.699	12689	0.966	0.301	5364	0.909
ELANE	-0.63	6	0.52	0.7	12690	0.966	0.3	5363	0.909
MDH2	-0.73	8	0.52	0.7	12691	0.966	0.3	5362	0.909
CNIH3	-0.73	8	0.52	0.7	12692	0.966	0.3	5361	0.909
NDUFA10	-0.73	8	0.52	0.7	12693	0.966	0.3	5360	0.909
FMR1	-0.73	8	0.52	0.7	12694	0.966	0.3	5359	0.909
MORC3	-0.73	8	0.52	0.7	12695	0.966	0.3	5358	0.909
DPP10	-0.73	8	0.52	0.7	12696	0.966	0.3	5357	0.909
LRP2	-0.73	8	0.52	0.7	12697	0.966	0.3	5356	0.909
DRP2	-0.73	8	0.52	0.7	12698	0.966	0.3	5355	0.909
COL4A6	-0.73	8	0.52	0.7	12699	0.966	0.3	5354	0.909
PURB	-0.73	8	0.52	0.7	12700	0.966	0.3	5353	0.909
CCDC96	-0.73	8	0.52	0.7	12701	0.966	0.3	5352	0.909
KLHL10	-0.63	6	0.52	0.7	12702	0.966	0.3	5351	0.909
GLMN	-0.72	8	0.52	0.7	12703	0.966	0.3	5350	0.909
TRIM9	-0.72	8	0.52	0.7	12704	0.966	0.3	5349	0.909
OR8B4	-0.72	8	0.52	0.7	12705	0.966	0.3	5348	0.909
MSGN1	-0.72	8	0.53	0.7	12706	0.966	0.3	5347	0.909
OR1I1	-0.72	8	0.53	0.7	12707	0.966	0.3	5346	0.909
SLC4A7	-0.72	8	0.53	0.701	12708	0.966	0.299	5345	0.909
ADAM8	-0.72	8	0.53	0.701	12709	0.966	0.299	5344	0.909
KRT76	-0.72	8	0.53	0.701	12710	0.966	0.299	5343	0.909
TMCO1	-0.72	8	0.53	0.701	12711	0.966	0.299	5342	0.909
C19orf57	-0.72	8	0.53	0.701	12712	0.966	0.299	5341	0.909
SUSD1	-0.72	8	0.53	0.701	12713	0.966	0.299	5340	0.909
ANKRD6	-0.71	8	0.53	0.701	12714	0.966	0.299	5339	0.909
ACBD6	-0.71	8	0.53	0.701	12715	0.966	0.299	5338	0.909
NRXN3	-0.71	8	0.53	0.701	12716	0.966	0.299	5337	0.909
TCTE3	-0.71	8	0.53	0.701	12717	0.966	0.299	5336	0.909
CAPN2	-0.71	8	0.53	0.701	12718	0.966	0.299	5335	0.909
OR5B17	-0.71	8	0.53	0.701	12719	0.966	0.299	5334	0.909
SMPDL3B	-0.71	8	0.53	0.701	12720	0.966	0.299	5333	0.909
DNAH10	-0.71	8	0.53	0.701	12721	0.966	0.299	5332	0.909
C5orf27	-0.71	8	0.53	0.701	12722	0.966	0.299	5331	0.909
MMP11	-0.71	8	0.53	0.701	12723	0.966	0.299	5330	0.909
MAPKAPK2	-0.71	8	0.53	0.701	12724	0.966	0.299	5329	0.909
AFMID	-0.71	8	0.53	0.701	12725	0.966	0.299	5328	0.909
AIFM3	-0.71	8	0.53	0.701	12726	0.966	0.299	5327	0.909
KRTAP4-12	-0.35	2	0.53	0.701	12727	0.966	0.299	5326	0.909
HIF1AN	-0.71	8	0.53	0.701	12728	0.966	0.299	5325	0.909
TSPAN14	-0.71	8	0.53	0.701	12729	0.966	0.299	5324	0.909
TRIM55	-0.71	8	0.53	0.701	12730	0.966	0.299	5323	0.909
ANKRD30A	-0.71	8	0.53	0.702	12731	0.966	0.298	5322	0.909
RAB11FIP1	-0.71	8	0.53	0.702	12732	0.966	0.298	5321	0.909
HLA-F	-0.71	8	0.53	0.702	12733	0.966	0.298	5320	0.909
SLC36A4	-0.71	8	0.53	0.702	12734	0.966	0.298	5319	0.909
RPUSD4	-0.70	8	0.53	0.702	12735	0.966	0.298	5318	0.909
KCNJ8	-0.70	8	0.53	0.702	12736	0.966	0.298	5317	0.909
NID2	-0.70	8	0.53	0.702	12737	0.966	0.298	5316	0.909
OR13H1	-0.70	8	0.53	0.702	12738	0.966	0.298	5315	0.909
OR14C36	-0.70	8	0.53	0.702	12739	0.966	0.298	5314	0.909
KCNK15	-0.70	8	0.53	0.702	12740	0.966	0.298	5313	0.909
MYH15	-0.70	8	0.53	0.702	12741	0.966	0.298	5312	0.909
GRHL1	-0.70	8	0.53	0.702	12742	0.966	0.298	5311	0.909
MYH14	-0.70	8	0.53	0.702	12743	0.966	0.298	5310	0.909
NECAB2	-0.70	8	0.53	0.702	12744	0.966	0.298	5309	0.909
SYTL2	-0.70	8	0.53	0.702	12745	0.966	0.298	5308	0.909
NFX1	-0.70	8	0.53	0.702	12746	0.966	0.298	5307	0.909
ATP10D	-0.70	8	0.53	0.702	12747	0.966	0.298	5306	0.909
PEX19	-0.70	8	0.53	0.702	12748	0.966	0.298	5305	0.909
GNG12	-0.70	8	0.53	0.702	12749	0.966	0.298	5304	0.909
KRTAP10-11	-0.35	2	0.53	0.702	12750	0.966	0.298	5303	0.909
WDR66	-0.70	8	0.53	0.702	12751	0.966	0.298	5302	0.909
EIF1AY	-0.70	8	0.53	0.702	12752	0.966	0.298	5301	0.909
C5orf56	-0.70	8	0.53	0.702	12753	0.966	0.298	5300	0.909
MAB21L3	-0.70	8	0.53	0.702	12754	0.966	0.298	5299	0.909
TGFBRAP1	-0.70	8	0.53	0.702	12755	0.966	0.298	5298	0.909
MTIF3	-0.70	8	0.53	0.702	12756	0.966	0.298	5297	0.909
PIBF1	-0.70	8	0.53	0.702	12757	0.966	0.298	5296	0.909
BTN3A3	-0.70	8	0.53	0.702	12758	0.966	0.298	5295	0.909
DOCK2	-0.70	8	0.53	0.702	12759	0.966	0.298	5294	0.909
PKNOX2	-0.70	8	0.53	0.702	12760	0.966	0.298	5293	0.909
CASP16	-0.70	8	0.53	0.702	12761	0.966	0.298	5292	0.909
RLIM	-0.70	8	0.53	0.702	12762	0.966	0.298	5291	0.909
PLA2G7	-0.70	8	0.53	0.702	12763	0.966	0.298	5290	0.909
TMEM71	-0.70	8	0.53	0.702	12764	0.966	0.298	5289	0.909
AC009892.10	-0.35	2	0.53	0.703	12765	0.966	0.297	5288	0.909
GIMAP8	-0.69	8	0.53	0.703	12766	0.966	0.297	5287	0.909
PCYT1B	-0.69	8	0.53	0.703	12767	0.966	0.297	5286	0.909
GPIHBP1	-0.69	8	0.53	0.703	12768	0.966	0.297	5285	0.909
FNDC9	-0.69	8	0.53	0.703	12769	0.966	0.297	5284	0.909
CAMK2B	-0.60	6	0.53	0.703	12770	0.966	0.297	5283	0.909
ZBTB32	-0.69	8	0.53	0.703	12771	0.966	0.297	5282	0.909
CCDC113	-0.69	8	0.53	0.703	12772	0.966	0.297	5281	0.909
IGFBPL1	-0.69	8	0.53	0.703	12773	0.966	0.297	5280	0.909
KIAA1024	-0.69	8	0.53	0.703	12774	0.966	0.297	5279	0.909
PPTC7	-0.69	8	0.53	0.703	12775	0.966	0.297	5278	0.909
FAM73B	-0.69	8	0.53	0.703	12776	0.966	0.297	5277	0.909
TKTL2	-0.69	8	0.53	0.703	12777	0.966	0.297	5276	0.909
IFT80	-0.69	8	0.53	0.703	12778	0.966	0.297	5275	0.909
SLC26A2	-0.68	8	0.53	0.703	12779	0.966	0.297	5274	0.909
RBM38	-0.68	8	0.53	0.704	12780	0.966	0.296	5273	0.909
GNG2	-0.68	8	0.54	0.704	12781	0.966	0.296	5272	0.909
CDC42BPB	-0.68	8	0.54	0.704	12782	0.966	0.296	5271	0.909
NIPAL4	-0.68	8	0.54	0.704	12783	0.966	0.296	5270	0.909
MMP3	-0.59	6	0.54	0.704	12784	0.966	0.296	5269	0.909
VAT1L	-0.68	8	0.54	0.704	12785	0.966	0.296	5268	0.909
TMEM31	-0.68	8	0.54	0.704	12786	0.966	0.296	5267	0.909
SP5	-0.68	8	0.54	0.704	12787	0.966	0.296	5266	0.909
NIPAL1	-0.68	8	0.54	0.704	12788	0.966	0.296	5265	0.909
SRPK2	-0.68	8	0.54	0.704	12789	0.966	0.296	5264	0.909
CD55	-0.68	8	0.54	0.704	12790	0.966	0.296	5263	0.909
ALS2CR11	-0.68	8	0.54	0.704	12791	0.966	0.296	5262	0.909
DQX1	-0.68	8	0.54	0.704	12792	0.966	0.296	5261	0.909
CACNB2	-0.68	8	0.54	0.704	12793	0.966	0.296	5260	0.909
TLX1	-0.68	8	0.54	0.704	12794	0.966	0.296	5259	0.909
GSC	-0.68	8	0.54	0.704	12795	0.966	0.296	5258	0.909
C10orf11	-0.68	8	0.54	0.704	12796	0.966	0.296	5257	0.909
SCN4A	-0.68	8	0.54	0.704	12797	0.966	0.296	5256	0.909
TMEM105	-0.68	8	0.54	0.704	12798	0.966	0.296	5255	0.909
PNPLA6	-0.68	8	0.54	0.704	12799	0.966	0.296	5254	0.909
TSC1	-0.68	8	0.54	0.704	12800	0.966	0.296	5253	0.909
UCMA	-0.67	8	0.54	0.704	12801	0.966	0.296	5252	0.909
C12orf54	-0.67	8	0.54	0.704	12802	0.966	0.296	5251	0.909
LMNB1	-0.67	8	0.54	0.704	12803	0.966	0.296	5250	0.909
FUT11	-0.67	8	0.54	0.704	12804	0.966	0.296	5249	0.909
RADIL	-0.67	8	0.54	0.704	12805	0.966	0.296	5248	0.909
BLID	-0.67	8	0.54	0.704	12806	0.966	0.296	5247	0.909
USP2	-0.67	8	0.54	0.704	12807	0.966	0.296	5246	0.909
ROBO2	-0.67	8	0.54	0.705	12808	0.966	0.295	5245	0.909
ZNF398	-0.67	8	0.54	0.705	12809	0.966	0.295	5244	0.909
MAF	-0.67	8	0.54	0.705	12810	0.966	0.295	5243	0.909
NFAT5	-0.67	8	0.54	0.705	12811	0.966	0.295	5242	0.909
SGIP1	-0.67	8	0.54	0.705	12812	0.966	0.295	5241	0.909
VWA7	-0.67	8	0.54	0.705	12813	0.966	0.295	5240	0.909
F2R	-0.67	8	0.54	0.705	12814	0.966	0.295	5239	0.909
GCFC2	-0.67	8	0.54	0.705	12815	0.966	0.295	5238	0.909
HAPLN1	-0.67	8	0.54	0.705	12816	0.966	0.295	5237	0.909
LRRC49	-0.67	8	0.54	0.705	12817	0.966	0.295	5236	0.909
TLR7	-0.67	8	0.54	0.705	12818	0.966	0.295	5235	0.909
PRDX5	-0.67	8	0.54	0.705	12819	0.966	0.295	5234	0.909
PPP1R37	-0.67	8	0.54	0.705	12820	0.966	0.295	5233	0.909
KPNA3	-0.67	8	0.54	0.705	12821	0.966	0.295	5232	0.909
RIPK4	-0.67	8	0.54	0.705	12822	0.966	0.295	5231	0.909
OGFR	-0.67	8	0.54	0.705	12823	0.966	0.295	5230	0.909
GGA2	-0.67	8	0.54	0.705	12824	0.966	0.295	5229	0.909
TXNDC16	-0.67	8	0.54	0.705	12825	0.966	0.295	5228	0.909
OR13C3	-0.66	8	0.54	0.705	12826	0.966	0.295	5227	0.909
FLYWCH2	-0.66	8	0.54	0.705	12827	0.966	0.295	5226	0.909
SSTR2	-0.66	8	0.54	0.705	12828	0.966	0.295	5225	0.909
C1GALT1C1	-0.66	8	0.54	0.705	12829	0.966	0.295	5224	0.909
IRX3	-0.66	8	0.54	0.705	12830	0.966	0.295	5223	0.909
PCDHA8	-0.66	8	0.54	0.705	12831	0.966	0.295	5222	0.909
HIATL1	-0.66	8	0.54	0.705	12832	0.966	0.295	5221	0.909
ZNF732	-0.47	4	0.54	0.705	12833	0.966	0.295	5220	0.909
ROPN1	-0.47	4	0.54	0.706	12834	0.966	0.294	5219	0.909
F13A1	-0.66	8	0.54	0.706	12835	0.966	0.294	5218	0.909
C12orf55	-0.66	8	0.54	0.706	12836	0.966	0.294	5217	0.909
R3HCC1	-0.66	8	0.54	0.706	12837	0.966	0.294	5216	0.909
NEURL2	-0.66	8	0.54	0.706	12838	0.966	0.294	5215	0.909
ATP5G1	-0.57	6	0.54	0.706	12839	0.966	0.294	5214	0.909
CBX8	-0.66	8	0.54	0.706	12840	0.966	0.294	5213	0.909
GCNT3	-0.66	8	0.54	0.706	12841	0.966	0.294	5212	0.909
POLR2J	-0.46	4	0.54	0.706	12842	0.966	0.294	5211	0.909
EMC8	-0.65	8	0.54	0.706	12843	0.966	0.294	5210	0.909
ABCB1	-0.65	8	0.54	0.706	12844	0.966	0.294	5209	0.909
TAS2R38	-0.65	8	0.54	0.706	12845	0.966	0.294	5208	0.909
CCDC15	-0.65	8	0.54	0.706	12846	0.966	0.294	5207	0.909
PDGFRA	-0.65	8	0.54	0.706	12847	0.966	0.294	5206	0.909
SDR39U1	-0.65	8	0.54	0.706	12848	0.966	0.294	5205	0.909
MYBPC1	-0.65	8	0.54	0.706	12849	0.966	0.294	5204	0.909
MAP3K5	-0.65	8	0.54	0.706	12850	0.966	0.294	5203	0.909
RGS6	-0.65	8	0.54	0.706	12851	0.966	0.294	5202	0.909
PIK3C2B	-0.65	8	0.54	0.706	12852	0.966	0.294	5201	0.909
NUPR1	-0.65	8	0.54	0.706	12853	0.966	0.294	5200	0.909
FAM228A	-0.65	8	0.54	0.707	12854	0.966	0.293	5199	0.909
UGGT2	-0.65	8	0.54	0.707	12855	0.966	0.293	5198	0.909
DPY19L3	-0.65	8	0.54	0.707	12856	0.966	0.293	5197	0.909
LRCH4	-0.65	8	0.54	0.707	12857	0.966	0.293	5196	0.909
TSHZ2	-0.65	8	0.54	0.707	12858	0.966	0.293	5195	0.909
TKTL1	-0.65	8	0.54	0.707	12859	0.966	0.293	5194	0.909
RNF26	-0.64	8	0.54	0.707	12860	0.966	0.293	5193	0.909
FTL	-0.64	8	0.54	0.707	12861	0.966	0.293	5192	0.909
GNAT3	-0.64	8	0.54	0.707	12862	0.966	0.293	5191	0.909
PTPN14	-0.64	8	0.54	0.707	12863	0.966	0.293	5190	0.909
ACSM2A	-0.45	4	0.54	0.707	12864	0.966	0.293	5189	0.909
PLAC1	-0.64	8	0.54	0.707	12865	0.966	0.293	5188	0.909
SMPX	-0.64	8	0.54	0.707	12866	0.966	0.293	5187	0.909
CYP3A7	-0.64	8	0.54	0.707	12867	0.966	0.293	5186	0.909
TMC2	-0.64	8	0.55	0.707	12868	0.966	0.293	5185	0.909
ECI2	-0.64	8	0.55	0.707	12869	0.966	0.293	5184	0.909
SNX18	-0.64	8	0.55	0.707	12870	0.966	0.293	5183	0.909
PKN1	-0.64	8	0.55	0.707	12871	0.966	0.293	5182	0.909
LCOR	-0.64	8	0.55	0.707	12872	0.966	0.293	5181	0.909
SMCHD1	-0.64	8	0.55	0.707	12873	0.966	0.293	5180	0.909
CDC42EP4	-0.64	8	0.55	0.707	12874	0.966	0.293	5179	0.909
C2orf66	-0.64	8	0.55	0.707	12875	0.966	0.293	5178	0.909
ANXA6	-0.64	8	0.55	0.707	12876	0.966	0.293	5177	0.909
IL1RAPL1	-0.64	8	0.55	0.707	12877	0.966	0.293	5176	0.909
CLRN2	-0.64	8	0.55	0.707	12878	0.966	0.293	5175	0.909
CXCL10	-0.64	8	0.55	0.707	12879	0.966	0.293	5174	0.909
LUZP2	-0.64	8	0.55	0.708	12880	0.966	0.292	5173	0.909
ACSS2	-0.63	8	0.55	0.708	12881	0.966	0.292	5172	0.909
VN1R2	-0.63	8	0.55	0.708	12882	0.966	0.292	5171	0.909
MYOM1	-0.63	8	0.55	0.708	12883	0.966	0.292	5170	0.909
C9orf153	-0.63	8	0.55	0.708	12884	0.966	0.292	5169	0.909
KIAA1586	-0.59	7	0.55	0.708	12885	0.966	0.292	5168	0.909
ADCYAP1R1	-0.63	8	0.55	0.708	12886	0.966	0.292	5167	0.909
RALGAPA2	-0.63	8	0.55	0.708	12887	0.966	0.292	5166	0.909
C1orf65	-0.63	8	0.55	0.708	12888	0.966	0.292	5165	0.909
FUNDC1	-0.63	8	0.55	0.708	12889	0.966	0.292	5164	0.909
UBE2L6	-0.63	8	0.55	0.708	12890	0.966	0.292	5163	0.909
FMO6P	-0.63	8	0.55	0.708	12891	0.966	0.292	5162	0.909
FHL2	-0.63	8	0.55	0.709	12892	0.966	0.291	5161	0.909
ENO2	-0.63	8	0.55	0.709	12893	0.966	0.291	5160	0.909
L3MBTL1	-0.63	8	0.55	0.709	12894	0.966	0.291	5159	0.909
KRT71	-0.62	8	0.55	0.709	12895	0.966	0.291	5158	0.909
FANCI	-0.62	8	0.55	0.709	12896	0.966	0.291	5157	0.909
MCHR1	-0.62	8	0.55	0.709	12897	0.966	0.291	5156	0.909
NPSR1	-0.62	8	0.55	0.709	12898	0.966	0.291	5155	0.909
SPATA18	-0.62	8	0.55	0.709	12899	0.966	0.291	5154	0.909
ZNF385D	-0.62	8	0.55	0.709	12900	0.966	0.291	5153	0.909
CDHR3	-0.62	8	0.55	0.709	12901	0.966	0.291	5152	0.909
SP140L	-0.62	8	0.55	0.709	12902	0.966	0.291	5151	0.909
OR10A4	-0.62	8	0.55	0.709	12903	0.966	0.291	5150	0.909
EPHX4	-0.62	8	0.55	0.709	12904	0.966	0.291	5149	0.909
EHMT2	-0.61	8	0.55	0.709	12905	0.966	0.291	5148	0.909
OR8A1	-0.61	8	0.55	0.71	12906	0.966	0.29	5147	0.909
CTNNB1	-0.61	8	0.55	0.71	12907	0.966	0.29	5146	0.909
INSR	-0.61	8	0.55	0.71	12908	0.966	0.29	5145	0.909
PDILT	-0.61	8	0.55	0.71	12909	0.966	0.29	5144	0.909
LPCAT3	-0.53	6	0.55	0.71	12910	0.966	0.29	5143	0.909
UNC13C	-0.61	8	0.55	0.71	12911	0.966	0.29	5142	0.909
MLKL	-0.61	8	0.55	0.71	12912	0.966	0.29	5141	0.909
MRPL52	-0.61	8	0.55	0.71	12913	0.966	0.29	5140	0.909
BZRAP1	-0.61	8	0.55	0.71	12914	0.966	0.29	5139	0.909
FAM122C	-0.61	8	0.55	0.71	12915	0.966	0.29	5138	0.909
DDX4	-0.61	8	0.55	0.71	12916	0.966	0.29	5137	0.909
C16orf72	-0.53	6	0.55	0.71	12917	0.966	0.29	5136	0.909
ASB18	-0.61	8	0.55	0.71	12918	0.966	0.29	5135	0.909
KDM5C	-0.61	8	0.55	0.71	12919	0.966	0.29	5134	0.909
IL34	-0.61	8	0.55	0.71	12920	0.966	0.29	5133	0.909
PRDX1	-0.53	6	0.55	0.71	12921	0.966	0.29	5132	0.909
TNNI1	-0.61	8	0.55	0.71	12922	0.966	0.29	5131	0.909
CHIT1	-0.61	8	0.55	0.71	12923	0.966	0.29	5130	0.909
AMELX	-0.60	8	0.55	0.71	12924	0.966	0.29	5129	0.909
CXCR6	-0.60	8	0.55	0.71	12925	0.966	0.29	5128	0.909
SDC3	-0.60	8	0.55	0.71	12926	0.966	0.29	5127	0.909
HDAC4	-0.60	8	0.55	0.71	12927	0.966	0.29	5126	0.909
EFNB2	-0.60	8	0.55	0.71	12928	0.966	0.29	5125	0.909
CFP	-0.60	8	0.55	0.71	12929	0.966	0.29	5124	0.909
MED19	-0.60	8	0.55	0.71	12930	0.966	0.29	5123	0.909
SLC25A14	-0.60	8	0.55	0.711	12931	0.966	0.289	5122	0.909
FAM57A	-0.60	8	0.55	0.711	12932	0.966	0.289	5121	0.909
TPRA1	-0.60	8	0.56	0.711	12933	0.966	0.289	5120	0.909
C4orf22	-0.60	8	0.56	0.711	12934	0.966	0.289	5119	0.909
ETFA	-0.60	8	0.56	0.711	12935	0.966	0.289	5118	0.909
C3orf33	-0.43	4	0.56	0.711	12936	0.966	0.289	5117	0.909
ST3GAL2	-0.60	8	0.56	0.711	12937	0.966	0.289	5116	0.909
TLX3	-0.60	8	0.56	0.711	12938	0.966	0.289	5115	0.909
WFDC13	-0.60	8	0.56	0.711	12939	0.966	0.289	5114	0.909
SELM	-0.60	8	0.56	0.711	12940	0.966	0.289	5113	0.909
ZDHHC9	-0.60	8	0.56	0.711	12941	0.966	0.289	5112	0.909
ZNF804A	-0.60	8	0.56	0.711	12942	0.966	0.289	5111	0.909
FBLL1	-0.60	8	0.56	0.711	12943	0.966	0.289	5110	0.909
MPV17L2	-0.60	8	0.56	0.711	12944	0.966	0.289	5109	0.909
NRIP1	-0.60	8	0.56	0.711	12945	0.966	0.289	5108	0.909
HINT1	-0.60	8	0.56	0.711	12946	0.966	0.289	5107	0.909
EFNB3	-0.60	8	0.56	0.711	12947	0.966	0.289	5106	0.909
ORM1	-0.52	6	0.56	0.711	12948	0.966	0.289	5105	0.909
PCDHA5	-0.60	8	0.56	0.711	12949	0.966	0.289	5104	0.909
FAM83D	-0.59	8	0.56	0.711	12950	0.966	0.289	5103	0.909
JKAMP	-0.59	8	0.56	0.711	12951	0.966	0.289	5102	0.909
GPCPD1	-0.59	8	0.56	0.711	12952	0.966	0.289	5101	0.909
SBSPON	-0.59	8	0.56	0.711	12953	0.966	0.289	5100	0.909
WNT16	-0.51	6	0.56	0.711	12954	0.966	0.289	5099	0.909
LSMEM1	-0.59	8	0.56	0.711	12955	0.966	0.289	5098	0.909
OR10R2	-0.59	8	0.56	0.711	12956	0.966	0.289	5097	0.909
SPDYC	-0.59	8	0.56	0.712	12957	0.966	0.288	5096	0.909
LTC4S	-0.59	8	0.56	0.712	12958	0.966	0.288	5095	0.909
CES2	-0.59	8	0.56	0.712	12959	0.966	0.288	5094	0.909
GDPD4	-0.59	8	0.56	0.712	12960	0.966	0.288	5093	0.909
ATRX	-0.59	8	0.56	0.712	12961	0.966	0.288	5092	0.909
ACVR2A	-0.59	8	0.56	0.712	12962	0.966	0.288	5091	0.909
GDPD2	-0.59	8	0.56	0.712	12963	0.966	0.288	5090	0.909
HOXB1	-0.59	8	0.56	0.712	12964	0.966	0.288	5089	0.909
STAM	-0.59	8	0.56	0.712	12965	0.966	0.288	5088	0.909
RHOU	-0.59	8	0.56	0.712	12966	0.966	0.288	5087	0.909
CYP3A43	-0.51	6	0.56	0.712	12967	0.966	0.288	5086	0.909
ACOX3	-0.59	8	0.56	0.712	12968	0.966	0.288	5085	0.909
NME8	-0.58	8	0.56	0.712	12969	0.966	0.288	5084	0.909
REEP6	-0.58	8	0.56	0.712	12970	0.966	0.288	5083	0.909
HLA-DPA1	-0.58	8	0.56	0.713	12971	0.966	0.287	5082	0.909
ZSWIM5	-0.58	8	0.56	0.713	12972	0.966	0.287	5081	0.909
RIIAD1	-0.58	8	0.56	0.713	12973	0.966	0.287	5080	0.909
GRIN3A	-0.57	8	0.56	0.713	12974	0.966	0.287	5079	0.909
LYST	-0.57	8	0.56	0.713	12975	0.966	0.287	5078	0.909
PARK2	-0.57	8	0.56	0.713	12976	0.966	0.287	5077	0.909
ZNF157	-0.57	8	0.56	0.713	12977	0.966	0.287	5076	0.909
CARD6	-0.57	8	0.56	0.713	12978	0.966	0.287	5075	0.909
VSX1	-0.57	8	0.56	0.713	12979	0.966	0.287	5074	0.909
HGFAC	-0.57	8	0.56	0.713	12980	0.966	0.287	5073	0.909
PTPLAD1	-0.57	8	0.56	0.713	12981	0.966	0.287	5072	0.909
PLTP	-0.57	8	0.56	0.713	12982	0.966	0.287	5071	0.909
HIST1H4L	-0.50	6	0.56	0.713	12983	0.966	0.287	5070	0.909
TTC7B	-0.57	8	0.56	0.713	12984	0.966	0.287	5069	0.909
OXT	-0.57	8	0.56	0.713	12985	0.966	0.287	5068	0.909
SPSB2	-0.57	8	0.56	0.713	12986	0.966	0.287	5067	0.909
KRT35	-0.57	8	0.56	0.713	12987	0.966	0.287	5066	0.909
ADRA1A	-0.57	8	0.56	0.713	12988	0.966	0.287	5065	0.909
SREK1IP1	-0.28	2	0.56	0.713	12989	0.966	0.287	5064	0.909
HOXA9	-0.57	8	0.56	0.713	12990	0.966	0.287	5063	0.909
ROS1	-0.57	8	0.56	0.713	12991	0.966	0.287	5062	0.909
PRKX	-0.57	8	0.56	0.713	12992	0.966	0.287	5061	0.909
IL20RA	-0.57	8	0.56	0.713	12993	0.966	0.287	5060	0.909
U2AF1L4	-0.57	8	0.56	0.713	12994	0.966	0.287	5059	0.909
CXCL12	-0.57	8	0.56	0.713	12995	0.966	0.287	5058	0.909
GALNT5	-0.57	8	0.56	0.714	12996	0.966	0.286	5057	0.909
TMEM222	-0.57	8	0.56	0.714	12997	0.966	0.286	5056	0.909
SOHLH2	-0.49	6	0.56	0.714	12998	0.966	0.286	5055	0.909
MSMB	-0.56	8	0.56	0.714	12999	0.966	0.286	5054	0.909
SMIM19	-0.49	6	0.56	0.714	13000	0.966	0.286	5053	0.909
VWA8	-0.56	8	0.56	0.714	13001	0.966	0.286	5052	0.909
C9orf152	-0.56	8	0.56	0.714	13002	0.966	0.286	5051	0.909
GALNT8	-0.56	8	0.57	0.714	13003	0.966	0.286	5050	0.909
ZBTB10	-0.56	8	0.57	0.714	13004	0.966	0.286	5049	0.909
GRIPAP1	-0.56	8	0.57	0.714	13005	0.966	0.286	5048	0.909
CBX7	-0.56	8	0.57	0.714	13006	0.966	0.286	5047	0.909
NPHP1	-0.56	8	0.57	0.714	13007	0.966	0.286	5046	0.909
SP4	-0.56	8	0.57	0.714	13008	0.966	0.286	5045	0.909
XKR6	-0.56	8	0.57	0.714	13009	0.966	0.286	5044	0.909
RAD51C	-0.56	8	0.57	0.714	13010	0.966	0.286	5043	0.909
OR10H2	-0.56	8	0.57	0.714	13011	0.966	0.286	5042	0.909
USP21	-0.56	8	0.57	0.714	13012	0.966	0.286	5041	0.909
DNAJC30	-0.56	8	0.57	0.714	13013	0.966	0.286	5040	0.909
MMP26	-0.56	8	0.57	0.714	13014	0.966	0.286	5039	0.909
MAGEB1	-0.56	8	0.57	0.714	13015	0.966	0.286	5038	0.909
LAMA1	-0.56	8	0.57	0.715	13016	0.966	0.285	5037	0.909
SMDT1	-0.55	8	0.57	0.715	13017	0.966	0.285	5036	0.909
CPB1	-0.55	8	0.57	0.715	13018	0.966	0.285	5035	0.909
MYO5A	-0.55	8	0.57	0.715	13019	0.966	0.285	5034	0.909
DACH2	-0.55	8	0.57	0.715	13020	0.966	0.285	5033	0.909
TMSB4Y	-0.39	4	0.57	0.715	13021	0.966	0.285	5032	0.909
SIRPB2	-0.55	8	0.57	0.715	13022	0.966	0.285	5031	0.909
TRPC1	-0.55	8	0.57	0.715	13023	0.966	0.285	5030	0.909
RPE65	-0.55	8	0.57	0.715	13024	0.966	0.285	5029	0.909
NMD3	-0.55	8	0.57	0.715	13025	0.966	0.285	5028	0.909
LGALS4	-0.55	8	0.57	0.715	13026	0.966	0.285	5027	0.909
PCDHGB2	-0.55	8	0.57	0.715	13027	0.966	0.285	5026	0.909
KRBA1	-0.55	8	0.57	0.715	13028	0.966	0.285	5025	0.909
FOXJ2	-0.55	8	0.57	0.715	13029	0.966	0.285	5024	0.909
OR6C3	-0.55	8	0.57	0.715	13030	0.966	0.285	5023	0.909
SLC16A13	-0.55	8	0.57	0.715	13031	0.966	0.285	5022	0.909
BCAR3	-0.55	8	0.57	0.715	13032	0.966	0.285	5021	0.909
PRDX4	-0.51	7	0.57	0.715	13033	0.966	0.285	5020	0.909
SH3TC1	-0.55	8	0.57	0.715	13034	0.966	0.285	5019	0.909
TWSG1	-0.55	8	0.57	0.715	13035	0.966	0.285	5018	0.909
GALNT18	-0.55	8	0.57	0.715	13036	0.966	0.285	5017	0.909
EVA1B	-0.55	8	0.57	0.715	13037	0.966	0.285	5016	0.909
GUCD1	-0.55	8	0.57	0.715	13038	0.966	0.285	5015	0.909
CREG2	-0.55	8	0.57	0.715	13039	0.966	0.285	5014	0.909
RNF32	-0.55	8	0.57	0.715	13040	0.966	0.285	5013	0.909
LBR	-0.55	8	0.57	0.715	13041	0.966	0.285	5012	0.909
SMTNL1	-0.55	8	0.57	0.715	13042	0.966	0.285	5011	0.909
NDUFC1	-0.54	8	0.57	0.715	13043	0.966	0.285	5010	0.909
CADM2	-0.54	8	0.57	0.716	13044	0.966	0.284	5009	0.909
LILRB2	-0.54	8	0.57	0.716	13045	0.966	0.284	5008	0.909
AUTS2	-0.54	8	0.57	0.716	13046	0.966	0.284	5007	0.909
GABRD	-0.54	8	0.57	0.716	13047	0.966	0.284	5006	0.909
ACSS3	-0.51	7	0.57	0.716	13048	0.966	0.284	5005	0.909
PLEKHB2	-0.54	8	0.57	0.716	13049	0.966	0.284	5004	0.909
ACBD4	-0.54	8	0.57	0.716	13050	0.966	0.284	5003	0.909
DIXDC1	-0.54	8	0.57	0.716	13051	0.966	0.284	5002	0.909
ITPRIP	-0.54	8	0.57	0.716	13052	0.966	0.284	5001	0.909
HNRNPA0	-0.54	8	0.57	0.716	13053	0.966	0.284	5000	0.909
DNALI1	-0.54	8	0.57	0.716	13054	0.966	0.284	4999	0.909
SEC23B	-0.54	8	0.57	0.716	13055	0.966	0.284	4998	0.909
STAG3	-0.54	8	0.57	0.716	13056	0.966	0.284	4997	0.909
TMEM231	-0.53	8	0.57	0.716	13057	0.966	0.284	4996	0.909
ZFAND2A	-0.53	8	0.57	0.716	13058	0.966	0.284	4995	0.909
DNAJA4	-0.53	8	0.57	0.716	13059	0.966	0.284	4994	0.909
SPSB4	-0.53	8	0.57	0.716	13060	0.966	0.284	4993	0.909
B3GAT3	-0.53	8	0.57	0.717	13061	0.966	0.283	4992	0.909
RALGDS	-0.53	8	0.57	0.717	13062	0.966	0.283	4991	0.909
KCNJ13	-0.53	8	0.57	0.717	13063	0.966	0.283	4990	0.909
AIFM2	-0.53	8	0.57	0.717	13064	0.966	0.283	4989	0.909
RP11-1220K2.2	-0.53	8	0.57	0.717	13065	0.966	0.283	4988	0.909
CD302	-0.46	6	0.57	0.717	13066	0.966	0.283	4987	0.909
FMNL2	-0.53	8	0.57	0.717	13067	0.966	0.283	4986	0.909
KCNE1	-0.53	8	0.57	0.717	13068	0.966	0.283	4985	0.909
SPRR2G	-0.53	8	0.57	0.717	13069	0.966	0.283	4984	0.909
ZIK1	-0.53	8	0.57	0.717	13070	0.966	0.283	4983	0.909
INVS	-0.53	8	0.57	0.717	13071	0.966	0.283	4982	0.909
DCAF12L2	-0.53	8	0.57	0.717	13072	0.966	0.283	4981	0.909
DUSP6	-0.53	8	0.57	0.717	13073	0.966	0.283	4980	0.909
OR13J1	-0.53	8	0.57	0.717	13074	0.966	0.283	4979	0.909
USP19	-0.53	8	0.57	0.717	13075	0.966	0.283	4978	0.909
MOB3A	-0.53	8	0.57	0.717	13076	0.966	0.283	4977	0.909
SLC18A1	-0.53	8	0.57	0.717	13077	0.966	0.283	4976	0.909
GZMA	-0.52	8	0.57	0.717	13078	0.966	0.283	4975	0.909
FREM2	-0.52	8	0.57	0.717	13079	0.966	0.283	4974	0.909
HTRA1	-0.52	8	0.57	0.717	13080	0.966	0.283	4973	0.909
EVL	-0.52	8	0.58	0.717	13081	0.966	0.283	4972	0.909
FAM175B	-0.52	8	0.58	0.718	13082	0.966	0.282	4971	0.909
PCSK2	-0.52	8	0.58	0.718	13083	0.966	0.282	4970	0.909
TRIM14	-0.52	8	0.58	0.718	13084	0.966	0.282	4969	0.909
CD19	-0.52	8	0.58	0.718	13085	0.966	0.282	4968	0.909
RD3L	-0.52	8	0.58	0.718	13086	0.966	0.282	4967	0.909
GDE1	-0.52	8	0.58	0.718	13087	0.966	0.282	4966	0.909
LILRA5	-0.52	8	0.58	0.718	13088	0.966	0.282	4965	0.909
TREML2	-0.52	8	0.58	0.718	13089	0.966	0.282	4964	0.909
OR2D2	-0.52	8	0.58	0.718	13090	0.966	0.282	4963	0.909
CNTN5	-0.52	8	0.58	0.718	13091	0.966	0.282	4962	0.909
BCL2L14	-0.52	8	0.58	0.718	13092	0.966	0.282	4961	0.909
TMEM126B	-0.52	8	0.58	0.718	13093	0.966	0.282	4960	0.909
ZFP62	-0.52	8	0.58	0.718	13094	0.966	0.282	4959	0.909
MOS	-0.52	8	0.58	0.718	13095	0.966	0.282	4958	0.909
ADM2	-0.52	8	0.58	0.718	13096	0.966	0.282	4957	0.909
UBE2QL1	-0.52	8	0.58	0.718	13097	0.966	0.282	4956	0.909
ST6GALNAC2	-0.52	8	0.58	0.718	13098	0.966	0.282	4955	0.909
DISC1	-0.51	8	0.58	0.718	13099	0.966	0.282	4954	0.909
KRTDAP	-0.51	8	0.58	0.718	13100	0.966	0.282	4953	0.909
GREM1	-0.51	8	0.58	0.718	13101	0.966	0.282	4952	0.909
SEC24B	-0.51	8	0.58	0.718	13102	0.966	0.282	4951	0.909
R3HDML	-0.51	8	0.58	0.718	13103	0.966	0.282	4950	0.909
SEC31B	-0.51	8	0.58	0.718	13104	0.966	0.282	4949	0.909
PTRH2	-0.51	8	0.58	0.718	13105	0.966	0.282	4948	0.909
LRRC20	-0.51	8	0.58	0.718	13106	0.966	0.282	4947	0.909
CLIP3	-0.51	8	0.58	0.718	13107	0.966	0.282	4946	0.909
P2RY11	-0.26	2	0.58	0.718	13108	0.966	0.282	4945	0.909
IGLON5	-0.51	8	0.58	0.718	13109	0.966	0.282	4944	0.909
IRGC	-0.48	7	0.58	0.718	13110	0.966	0.282	4943	0.909
MTHFSD	-0.51	8	0.58	0.718	13111	0.966	0.282	4942	0.909
SPRN	-0.51	8	0.58	0.718	13112	0.966	0.282	4941	0.909
SLIT1	-0.51	8	0.58	0.719	13113	0.966	0.281	4940	0.909
PRG4	-0.51	8	0.58	0.719	13114	0.966	0.281	4939	0.909
HGD	-0.44	6	0.58	0.719	13115	0.966	0.281	4938	0.909
PDLIM1	-0.51	8	0.58	0.719	13116	0.966	0.281	4937	0.909
TMEM218	-0.51	8	0.58	0.719	13117	0.966	0.281	4936	0.909
SYNGR1	-0.50	8	0.58	0.719	13118	0.966	0.281	4935	0.909
FAM114A1	-0.50	8	0.58	0.719	13119	0.966	0.281	4934	0.909
IL24	-0.50	8	0.58	0.719	13120	0.966	0.281	4933	0.909
NYX	-0.50	8	0.58	0.719	13121	0.966	0.281	4932	0.909
MCCC1	-0.50	8	0.58	0.719	13122	0.966	0.281	4931	0.909
TUSC3	-0.50	8	0.58	0.719	13123	0.966	0.281	4930	0.909
OR10H1	-0.36	4	0.58	0.719	13124	0.966	0.281	4929	0.909
ZNF688	-0.50	8	0.58	0.719	13125	0.966	0.281	4928	0.909
SEC14L6	-0.50	8	0.58	0.719	13126	0.966	0.281	4927	0.909
AP5M1	-0.50	8	0.58	0.719	13127	0.966	0.281	4926	0.909
C2orf71	-0.50	8	0.58	0.719	13128	0.966	0.281	4925	0.909
GRHL2	-0.50	8	0.58	0.719	13129	0.966	0.281	4924	0.909
C8orf56	-0.50	8	0.58	0.719	13130	0.966	0.281	4923	0.909
RASGEF1A	-0.50	8	0.58	0.719	13131	0.966	0.281	4922	0.909
FBXO34	-0.50	8	0.58	0.719	13132	0.966	0.281	4921	0.909
ZNF683	-0.50	8	0.58	0.719	13133	0.966	0.281	4920	0.909
RGL3	-0.50	8	0.58	0.719	13134	0.966	0.281	4919	0.909
CHRM4	-0.50	8	0.58	0.719	13135	0.966	0.281	4918	0.909
ADAM29	-0.50	8	0.58	0.719	13136	0.966	0.281	4917	0.909
BIRC3	-0.50	8	0.58	0.719	13137	0.966	0.281	4916	0.909
CDH16	-0.50	8	0.58	0.719	13138	0.966	0.281	4915	0.909
DNASE1	-0.50	8	0.58	0.72	13139	0.966	0.28	4914	0.909
AKR1C2	-0.25	2	0.58	0.72	13140	0.966	0.28	4913	0.909
NCKIPSD	-0.50	8	0.58	0.72	13141	0.966	0.28	4912	0.909
RAB34	-0.50	8	0.58	0.72	13142	0.966	0.28	4911	0.909
SGSM1	-0.50	8	0.58	0.72	13143	0.966	0.28	4910	0.909
KRT33B	-0.50	8	0.58	0.72	13144	0.966	0.28	4909	0.909
TBC1D1	-0.49	8	0.58	0.72	13145	0.966	0.28	4908	0.909
TMUB1	-0.49	8	0.58	0.72	13146	0.966	0.28	4907	0.909
PDHA1	-0.49	8	0.58	0.72	13147	0.966	0.28	4906	0.909
CELF5	-0.49	8	0.58	0.72	13148	0.966	0.28	4905	0.909
CCDC132	-0.49	8	0.58	0.72	13149	0.966	0.28	4904	0.909
IL17REL	-0.49	8	0.58	0.72	13150	0.966	0.28	4903	0.909
ZIM3	-0.49	8	0.58	0.72	13151	0.966	0.28	4902	0.909
RASSF2	-0.49	8	0.58	0.72	13152	0.966	0.28	4901	0.909
SLC7A9	-0.49	8	0.58	0.72	13153	0.966	0.28	4900	0.909
ZNF679	-0.24	2	0.58	0.72	13154	0.966	0.28	4899	0.909
PARP15	-0.49	8	0.58	0.72	13155	0.966	0.28	4898	0.909
HMCN1	-0.49	8	0.58	0.72	13156	0.966	0.28	4897	0.909
DNAH17	-0.49	8	0.58	0.72	13157	0.966	0.28	4896	0.909
SRC	-0.49	8	0.58	0.72	13158	0.966	0.28	4895	0.909
KIF9	-0.49	8	0.58	0.72	13159	0.966	0.28	4894	0.909
PRRG1	-0.49	8	0.58	0.72	13160	0.966	0.28	4893	0.909
XCR1	-0.49	8	0.58	0.72	13161	0.966	0.28	4892	0.909
PDLIM5	-0.49	8	0.58	0.72	13162	0.966	0.28	4891	0.909
RPS6KA3	-0.49	8	0.58	0.72	13163	0.966	0.28	4890	0.909
CCDC134	-0.49	8	0.58	0.72	13164	0.966	0.28	4889	0.909
SGCB	-0.48	8	0.58	0.721	13165	0.966	0.279	4888	0.909
SPIRE2	-0.48	8	0.58	0.721	13166	0.966	0.279	4887	0.909
ILDR2	-0.48	8	0.58	0.721	13167	0.966	0.279	4886	0.909
KLHL23	-0.48	8	0.58	0.721	13168	0.966	0.279	4885	0.909
PUS1	-0.48	8	0.59	0.721	13169	0.966	0.279	4884	0.909
ACSM2B	-0.48	8	0.59	0.721	13170	0.966	0.279	4883	0.909
KCNE1L	-0.48	8	0.59	0.721	13171	0.966	0.279	4882	0.909
RBM41	-0.48	8	0.59	0.721	13172	0.966	0.279	4881	0.909
CLDN10	-0.48	8	0.59	0.721	13173	0.966	0.279	4880	0.909
IKZF3	-0.48	8	0.59	0.721	13174	0.966	0.279	4879	0.909
ZNF223	-0.48	8	0.59	0.721	13175	0.966	0.279	4878	0.909
FCRL4	-0.48	8	0.59	0.721	13176	0.966	0.279	4877	0.909
ERBB2IP	-0.48	8	0.59	0.721	13177	0.966	0.279	4876	0.909
CXorf61	-0.48	8	0.59	0.721	13178	0.966	0.279	4875	0.909
MEF2A	-0.48	8	0.59	0.721	13179	0.966	0.279	4874	0.909
RPL3L	-0.48	8	0.59	0.721	13180	0.966	0.279	4873	0.909
EIF2A	-0.48	8	0.59	0.721	13181	0.966	0.279	4872	0.909
CYP2W1	-0.48	8	0.59	0.721	13182	0.966	0.279	4871	0.909
GGACT	-0.48	8	0.59	0.721	13183	0.966	0.279	4870	0.909
APIP	-0.48	8	0.59	0.721	13184	0.966	0.279	4869	0.909
THYN1	-0.47	8	0.59	0.721	13185	0.966	0.279	4868	0.909
UBR5	-0.47	8	0.59	0.721	13186	0.966	0.279	4867	0.909
C2orf62	-0.47	8	0.59	0.722	13187	0.966	0.278	4866	0.909
ASZ1	-0.47	8	0.59	0.722	13188	0.966	0.278	4865	0.909
RANGRF	-0.47	8	0.59	0.722	13189	0.966	0.278	4864	0.909
SLC18A2	-0.47	8	0.59	0.722	13190	0.966	0.278	4863	0.909
CHRNB1	-0.47	8	0.59	0.722	13191	0.966	0.278	4862	0.909
TBC1D28	-0.47	8	0.59	0.722	13192	0.966	0.278	4861	0.909
GPBP1L1	-0.47	8	0.59	0.722	13193	0.966	0.278	4860	0.909
CREBZF	-0.47	8	0.59	0.722	13194	0.966	0.278	4859	0.909
CDH19	-0.47	8	0.59	0.722	13195	0.966	0.278	4858	0.909
OR52E4	-0.47	8	0.59	0.722	13196	0.966	0.278	4857	0.909
NMS	-0.47	8	0.59	0.722	13197	0.966	0.278	4856	0.909
JAG2	-0.46	8	0.59	0.722	13198	0.966	0.278	4855	0.909
SLC6A3	-0.46	8	0.59	0.722	13199	0.966	0.278	4854	0.909
TEX9	-0.46	8	0.59	0.722	13200	0.966	0.278	4853	0.909
SQSTM1	-0.46	8	0.59	0.722	13201	0.966	0.278	4852	0.909
NFIL3	-0.46	8	0.59	0.722	13202	0.966	0.278	4851	0.909
C4orf26	-0.46	8	0.59	0.722	13203	0.966	0.278	4850	0.909
SMG9	-0.46	8	0.59	0.722	13204	0.966	0.278	4849	0.909
WBSCR16	-0.46	8	0.59	0.722	13205	0.966	0.278	4848	0.909
ARL3	-0.46	8	0.59	0.722	13206	0.966	0.278	4847	0.909
TNFSF13B	-0.46	8	0.59	0.723	13207	0.966	0.277	4846	0.909
PURG	-0.46	8	0.59	0.723	13208	0.966	0.277	4845	0.909
APBA2	-0.46	8	0.59	0.723	13209	0.966	0.277	4844	0.909
SLC28A1	-0.46	8	0.59	0.723	13210	0.966	0.277	4843	0.909
HSD17B1	-0.46	8	0.59	0.723	13211	0.966	0.277	4842	0.909
EIF4G1	-0.46	8	0.59	0.723	13212	0.966	0.277	4841	0.909
C1orf141	-0.46	8	0.59	0.723	13213	0.966	0.277	4840	0.909
TAPT1	-0.46	8	0.59	0.723	13214	0.966	0.277	4839	0.909
ELF1	-0.46	8	0.59	0.723	13215	0.966	0.277	4838	0.909
NKIRAS1	-0.46	8	0.59	0.723	13216	0.966	0.277	4837	0.909
MFNG	-0.46	8	0.59	0.723	13217	0.966	0.277	4836	0.909
CLEC4D	-0.46	8	0.59	0.723	13218	0.966	0.277	4835	0.909
PRKD3	-0.46	8	0.59	0.723	13219	0.966	0.277	4834	0.909
AEBP1	-0.46	8	0.59	0.723	13220	0.966	0.277	4833	0.909
MTNR1A	-0.46	8	0.59	0.723	13221	0.966	0.277	4832	0.909
PCSK1	-0.46	8	0.59	0.723	13222	0.966	0.277	4831	0.909
KLRF1	-0.45	8	0.59	0.723	13223	0.966	0.277	4830	0.909
HOXA7	-0.45	8	0.59	0.723	13224	0.966	0.277	4829	0.909
TSPAN5	-0.45	8	0.59	0.723	13225	0.966	0.277	4828	0.909
HOXC10	-0.45	8	0.59	0.723	13226	0.966	0.277	4827	0.909
TARSL2	-0.45	8	0.59	0.723	13227	0.966	0.277	4826	0.909
GH1	-0.45	8	0.59	0.723	13228	0.966	0.277	4825	0.909
TRIM71	-0.45	8	0.59	0.723	13229	0.966	0.277	4824	0.909
NSDHL	-0.45	8	0.59	0.723	13230	0.966	0.277	4823	0.909
XPC	-0.39	6	0.59	0.723	13231	0.966	0.277	4822	0.909
SNED1	-0.45	8	0.59	0.723	13232	0.966	0.277	4821	0.909
H2AFV	-0.45	8	0.59	0.723	13233	0.966	0.277	4820	0.909
MFAP5	-0.45	8	0.59	0.724	13234	0.966	0.276	4819	0.909
AC093802.1	-0.45	8	0.59	0.724	13235	0.966	0.276	4818	0.909
SH3BP4	-0.45	8	0.59	0.724	13236	0.966	0.276	4817	0.909
CCDC171	-0.45	8	0.59	0.724	13237	0.966	0.276	4816	0.909
DEFB118	-0.45	8	0.59	0.724	13238	0.966	0.276	4815	0.909
CFTR	-0.45	8	0.59	0.724	13239	0.966	0.276	4814	0.909
TGIF2	-0.44	8	0.59	0.724	13240	0.966	0.276	4813	0.909
MX1	-0.44	8	0.59	0.724	13241	0.966	0.276	4812	0.909
DEFB112	-0.44	8	0.59	0.724	13242	0.966	0.276	4811	0.909
EIF4ENIF1	-0.44	8	0.59	0.724	13243	0.966	0.276	4810	0.909
HTT	-0.44	8	0.60	0.724	13244	0.966	0.276	4809	0.909
KRT37	-0.44	8	0.60	0.724	13245	0.966	0.276	4808	0.909
CXorf66	-0.44	8	0.60	0.724	13246	0.966	0.276	4807	0.909
IFT52	-0.44	8	0.60	0.724	13247	0.966	0.276	4806	0.909
KCNC2	-0.44	8	0.60	0.724	13248	0.966	0.276	4805	0.909
SLCO1B3	-0.44	8	0.60	0.725	13249	0.966	0.275	4804	0.909
RNASE9	-0.44	8	0.60	0.725	13250	0.966	0.275	4803	0.909
PBX3	-0.44	8	0.60	0.725	13251	0.966	0.275	4802	0.909
ZBED6	-0.44	8	0.60	0.725	13252	0.966	0.275	4801	0.909
BHLHA15	-0.44	8	0.60	0.725	13253	0.966	0.275	4800	0.909
KIAA0141	-0.43	8	0.60	0.725	13254	0.966	0.275	4799	0.909
SSR3	-0.43	8	0.60	0.725	13255	0.966	0.275	4798	0.909
SPHKAP	-0.43	8	0.60	0.725	13256	0.966	0.275	4797	0.909
ITIH6	-0.43	8	0.60	0.725	13257	0.966	0.275	4796	0.909
NBEA	-0.38	6	0.60	0.725	13258	0.966	0.275	4795	0.909
FURIN	-0.43	8	0.60	0.725	13259	0.966	0.275	4794	0.909
KLHL7	-0.43	8	0.60	0.725	13260	0.966	0.275	4793	0.909
PRR9	-0.43	8	0.60	0.725	13261	0.966	0.275	4792	0.909
SMAGP	-0.43	8	0.60	0.725	13262	0.966	0.275	4791	0.909
MTM1	-0.43	8	0.60	0.725	13263	0.966	0.275	4790	0.909
MCOLN2	-0.43	8	0.60	0.725	13264	0.966	0.275	4789	0.909
DES	-0.43	8	0.60	0.725	13265	0.966	0.275	4788	0.909
KRTAP24-1	-0.43	8	0.60	0.725	13266	0.966	0.275	4787	0.909
SMAD3	-0.43	8	0.60	0.725	13267	0.966	0.275	4786	0.909
ZNF567	-0.43	8	0.60	0.725	13268	0.966	0.275	4785	0.909
CAMLG	-0.43	8	0.60	0.725	13269	0.966	0.275	4784	0.909
TMEM173	-0.43	8	0.60	0.725	13270	0.966	0.275	4783	0.909
ZFAT	-0.43	8	0.60	0.725	13271	0.966	0.275	4782	0.909
ATAD1	-0.43	8	0.60	0.725	13272	0.966	0.275	4781	0.909
SPINK14	-0.43	8	0.60	0.725	13273	0.966	0.275	4780	0.909
C7orf43	-0.43	8	0.60	0.725	13274	0.966	0.275	4779	0.909
ZNF765	-0.30	4	0.60	0.725	13275	0.966	0.275	4778	0.909
SIPA1L1	-0.43	8	0.60	0.726	13276	0.966	0.274	4777	0.909
ZC3H12A	-0.43	8	0.60	0.726	13277	0.966	0.274	4776	0.909
CXCR2	-0.43	8	0.60	0.726	13278	0.966	0.274	4775	0.909
OVCH1	-0.42	8	0.60	0.726	13279	0.966	0.274	4774	0.909
ATP8B4	-0.42	8	0.60	0.726	13280	0.966	0.274	4773	0.909
ADORA3	-0.42	8	0.60	0.726	13281	0.966	0.274	4772	0.909
MBNL2	-0.42	8	0.60	0.726	13282	0.966	0.274	4771	0.909
ELOVL6	-0.42	8	0.60	0.726	13283	0.966	0.274	4770	0.909
NDEL1	-0.42	8	0.60	0.726	13284	0.966	0.274	4769	0.909
NRG4	-0.42	8	0.60	0.726	13285	0.966	0.274	4768	0.909
EDEM2	-0.42	8	0.60	0.726	13286	0.966	0.274	4767	0.909
FAM21B	-0.21	2	0.60	0.726	13287	0.966	0.274	4766	0.909
FAM136A	-0.36	6	0.60	0.726	13288	0.966	0.274	4765	0.909
DAND5	-0.42	8	0.60	0.726	13289	0.966	0.274	4764	0.909
SVIL	-0.42	8	0.60	0.726	13290	0.966	0.274	4763	0.909
NUAK2	-0.42	8	0.60	0.726	13291	0.966	0.274	4762	0.909
SLC51A	-0.42	8	0.60	0.726	13292	0.966	0.274	4761	0.909
C5AR1	-0.42	8	0.60	0.726	13293	0.966	0.274	4760	0.909
ELOVL3	-0.42	8	0.60	0.726	13294	0.966	0.274	4759	0.909
OR5V1	-0.42	8	0.60	0.726	13295	0.966	0.274	4758	0.909
C11orf65	-0.42	8	0.60	0.726	13296	0.966	0.274	4757	0.909
GPR50	-0.42	8	0.60	0.726	13297	0.966	0.274	4756	0.909
KCNC1	-0.42	8	0.60	0.726	13298	0.966	0.274	4755	0.909
PCDHB4	-0.41	8	0.60	0.727	13299	0.966	0.273	4754	0.909
DSE	-0.41	8	0.60	0.727	13300	0.966	0.273	4753	0.909
CLECL1	-0.41	8	0.60	0.727	13301	0.966	0.273	4752	0.909
RBAK	-0.41	8	0.60	0.727	13302	0.966	0.273	4751	0.909
RGS16	-0.41	8	0.60	0.727	13303	0.966	0.273	4750	0.909
CERK	-0.41	8	0.60	0.727	13304	0.966	0.273	4749	0.909
REG1A	-0.41	8	0.60	0.727	13305	0.966	0.273	4748	0.909
EDIL3	-0.41	8	0.60	0.727	13306	0.966	0.273	4747	0.909
TMEM216	-0.41	8	0.60	0.727	13307	0.966	0.273	4746	0.909
WFDC2	-0.41	8	0.60	0.727	13308	0.966	0.273	4745	0.909
OR51E1	-0.41	8	0.60	0.727	13309	0.966	0.273	4744	0.909
KLHDC8B	-0.41	8	0.60	0.727	13310	0.966	0.273	4743	0.909
ARPC5	-0.41	8	0.60	0.727	13311	0.966	0.273	4742	0.909
CRKL	-0.41	8	0.60	0.727	13312	0.966	0.273	4741	0.909
CFI	-0.41	8	0.60	0.727	13313	0.966	0.273	4740	0.909
CMBL	-0.41	8	0.60	0.727	13314	0.966	0.273	4739	0.909
OR11L1	-0.41	8	0.60	0.727	13315	0.966	0.273	4738	0.909
ASPSCR1	-0.40	8	0.60	0.727	13316	0.966	0.273	4737	0.909
BRI3BP	-0.40	8	0.60	0.727	13317	0.966	0.273	4736	0.909
ZBED3	-0.40	8	0.61	0.727	13318	0.966	0.273	4735	0.909
LOH12CR1	-0.40	8	0.61	0.727	13319	0.966	0.273	4734	0.909
BCL2A1	-0.35	6	0.61	0.728	13320	0.966	0.272	4733	0.909
RAP2B	-0.40	8	0.61	0.728	13321	0.966	0.272	4732	0.909
CBX5	-0.40	8	0.61	0.728	13322	0.966	0.272	4731	0.909
ZNF438	-0.40	8	0.61	0.728	13323	0.966	0.272	4730	0.909
CBX1	-0.40	8	0.61	0.728	13324	0.966	0.272	4729	0.909
MOV10	-0.40	8	0.61	0.728	13325	0.966	0.272	4728	0.909
OR8B12	-0.40	8	0.61	0.728	13326	0.966	0.272	4727	0.909
SFTPC	-0.40	8	0.61	0.728	13327	0.966	0.272	4726	0.909
KRT80	-0.40	8	0.61	0.728	13328	0.966	0.272	4725	0.909
USP3	-0.40	8	0.61	0.728	13329	0.966	0.272	4724	0.909
NADK2	-0.40	8	0.61	0.728	13330	0.966	0.272	4723	0.909
MLYCD	-0.39	8	0.61	0.728	13331	0.966	0.272	4722	0.909
NRAS	-0.39	8	0.61	0.728	13332	0.966	0.272	4721	0.909
BCL2	-0.39	8	0.61	0.728	13333	0.966	0.272	4720	0.909
SPIN3	-0.39	8	0.61	0.728	13334	0.966	0.272	4719	0.909
NFE2L3	-0.39	8	0.61	0.728	13335	0.966	0.272	4718	0.909
IDS	-0.39	8	0.61	0.728	13336	0.966	0.272	4717	0.909
TSPEAR	-0.39	8	0.61	0.729	13337	0.966	0.271	4716	0.909
CACNA2D3	-0.39	8	0.61	0.729	13338	0.966	0.271	4715	0.909
ABCA10	-0.36	7	0.61	0.729	13339	0.966	0.271	4714	0.909
ALOX15B	-0.39	8	0.61	0.729	13340	0.966	0.271	4713	0.909
TAS2R39	-0.39	8	0.61	0.729	13341	0.966	0.271	4712	0.909
NFKB2	-0.39	8	0.61	0.729	13342	0.966	0.271	4711	0.909
LEPROT	-0.33	6	0.61	0.729	13343	0.966	0.271	4710	0.909
FTCD	-0.39	8	0.61	0.729	13344	0.966	0.271	4709	0.909
ZFAND1	-0.39	8	0.61	0.729	13345	0.966	0.271	4708	0.909
INADL	-0.39	8	0.61	0.729	13346	0.966	0.271	4707	0.909
OSR2	-0.39	8	0.61	0.729	13347	0.966	0.271	4706	0.909
TMEM139	-0.38	8	0.61	0.729	13348	0.966	0.271	4705	0.909
PRKD1	-0.38	8	0.61	0.729	13349	0.966	0.271	4704	0.909
MGME1	-0.38	8	0.61	0.729	13350	0.966	0.271	4703	0.909
SLC16A11	-0.38	8	0.61	0.729	13351	0.966	0.271	4702	0.909
PANX3	-0.38	8	0.61	0.729	13352	0.966	0.271	4701	0.909
VMO1	-0.38	8	0.61	0.729	13353	0.966	0.271	4700	0.909
GLS	-0.38	8	0.61	0.729	13354	0.966	0.271	4699	0.909
SSBP1	-0.38	8	0.61	0.729	13355	0.966	0.271	4698	0.909
PAK6	-0.38	8	0.61	0.729	13356	0.966	0.271	4697	0.909
FAM50B	-0.38	8	0.61	0.729	13357	0.966	0.271	4696	0.909
SNX25	-0.38	8	0.61	0.729	13358	0.966	0.271	4695	0.909
PMP2	-0.38	8	0.61	0.729	13359	0.966	0.271	4694	0.909
UBE2T	-0.38	8	0.61	0.729	13360	0.966	0.271	4693	0.909
TAS2R16	-0.38	8	0.61	0.73	13361	0.966	0.27	4692	0.909
GTPBP10	-0.38	8	0.61	0.73	13362	0.966	0.27	4691	0.909
ARHGAP22	-0.38	8	0.61	0.73	13363	0.966	0.27	4690	0.909
ARVCF	-0.38	8	0.61	0.73	13364	0.966	0.27	4689	0.909
FAM102A	-0.38	8	0.61	0.73	13365	0.966	0.27	4688	0.909
TMX4	-0.38	8	0.61	0.73	13366	0.966	0.27	4687	0.909
CPD	-0.37	8	0.61	0.73	13367	0.966	0.27	4686	0.909
CROCC	-0.37	8	0.61	0.73	13368	0.966	0.27	4685	0.909
PCP4	-0.37	8	0.61	0.73	13369	0.966	0.27	4684	0.909
ICAM1	-0.37	8	0.61	0.73	13370	0.966	0.27	4683	0.909
FIBIN	-0.37	8	0.61	0.73	13371	0.966	0.27	4682	0.909
PCDHGB4	-0.37	8	0.61	0.73	13372	0.966	0.27	4681	0.909
IDO1	-0.37	8	0.61	0.73	13373	0.966	0.27	4680	0.909
AKAP2	-0.26	4	0.61	0.73	13374	0.966	0.27	4679	0.909
FUNDC2	-0.37	8	0.61	0.73	13375	0.966	0.27	4678	0.909
CKAP2	-0.37	8	0.61	0.73	13376	0.966	0.27	4677	0.909
SERPINB13	-0.37	8	0.61	0.73	13377	0.966	0.27	4676	0.909
ICAM3	-0.37	8	0.61	0.73	13378	0.966	0.27	4675	0.909
PVRL1	-0.37	8	0.61	0.73	13379	0.966	0.27	4674	0.909
ACVR1B	-0.37	8	0.61	0.73	13380	0.966	0.27	4673	0.909
DHRS13	-0.37	8	0.61	0.73	13381	0.966	0.27	4672	0.909
TNFRSF11A	-0.37	8	0.61	0.73	13382	0.966	0.27	4671	0.909
PALM	-0.37	8	0.61	0.73	13383	0.966	0.27	4670	0.909
FAM49B	-0.37	8	0.61	0.73	13384	0.966	0.27	4669	0.909
NEBL	-0.37	8	0.61	0.73	13385	0.966	0.27	4668	0.909
KCNN1	-0.37	8	0.61	0.73	13386	0.966	0.27	4667	0.909
TMEM254	-0.32	6	0.61	0.73	13387	0.966	0.27	4666	0.909
SASH3	-0.37	8	0.61	0.731	13388	0.966	0.269	4665	0.909
MB21D2	-0.37	8	0.61	0.731	13389	0.966	0.269	4664	0.909
COX6C	-0.26	4	0.61	0.731	13390	0.966	0.269	4663	0.909
ETV4	-0.36	8	0.61	0.731	13391	0.966	0.269	4662	0.909
C10orf105	-0.36	8	0.61	0.731	13392	0.966	0.269	4661	0.909
SHH	-0.36	8	0.61	0.731	13393	0.966	0.269	4660	0.909
TSPYL6	-0.36	8	0.61	0.731	13394	0.966	0.269	4659	0.909
TANK	-0.36	8	0.61	0.731	13395	0.966	0.269	4658	0.909
MLXIP	-0.36	8	0.62	0.731	13396	0.966	0.269	4657	0.909
MAGEC3	-0.36	8	0.62	0.731	13397	0.966	0.269	4656	0.909
ARRB1	-0.34	7	0.62	0.731	13398	0.966	0.269	4655	0.909
LCE5A	-0.36	8	0.62	0.731	13399	0.966	0.269	4654	0.909
HN1L	-0.36	8	0.62	0.731	13400	0.966	0.269	4653	0.909
UTY	-0.36	8	0.62	0.731	13401	0.966	0.269	4652	0.909
OVOL3	-0.36	8	0.62	0.731	13402	0.966	0.269	4651	0.909
NELL1	-0.36	8	0.62	0.731	13403	0.966	0.269	4650	0.909
RGS14	-0.36	8	0.62	0.731	13404	0.966	0.269	4649	0.909
NACC1	-0.36	8	0.62	0.731	13405	0.966	0.269	4648	0.909
TMUB2	-0.36	8	0.62	0.731	13406	0.966	0.269	4647	0.909
NAT8	-0.36	8	0.62	0.731	13407	0.966	0.269	4646	0.909
CD300LB	-0.36	8	0.62	0.731	13408	0.966	0.269	4645	0.909
ESM1	-0.36	8	0.62	0.731	13409	0.966	0.269	4644	0.909
C19orf67	-0.36	8	0.62	0.731	13410	0.966	0.269	4643	0.909
CD38	-0.35	8	0.62	0.732	13411	0.966	0.268	4642	0.909
EEF1D	-0.35	8	0.62	0.732	13412	0.966	0.268	4641	0.909
ASB5	-0.35	8	0.62	0.732	13413	0.966	0.268	4640	0.909
RGSL1	-0.35	8	0.62	0.732	13414	0.966	0.268	4639	0.909
CREB1	-0.35	8	0.62	0.732	13415	0.966	0.268	4638	0.909
EPGN	-0.35	8	0.62	0.732	13416	0.966	0.268	4637	0.909
CPA3	-0.35	8	0.62	0.732	13417	0.966	0.268	4636	0.909
TTC33	-0.35	8	0.62	0.732	13418	0.966	0.268	4635	0.909
PLXNA3	-0.35	8	0.62	0.732	13419	0.966	0.268	4634	0.909
ZNF18	-0.35	8	0.62	0.732	13420	0.966	0.268	4633	0.909
RAD9B	-0.35	8	0.62	0.732	13421	0.966	0.268	4632	0.909
KDM4E	-0.35	8	0.62	0.732	13422	0.966	0.268	4631	0.909
ADAM2	-0.35	8	0.62	0.732	13423	0.966	0.268	4630	0.909
NUDT15	-0.35	8	0.62	0.732	13424	0.966	0.268	4629	0.909
DROSHA	-0.35	8	0.62	0.732	13425	0.966	0.268	4628	0.909
ZNF544	-0.35	8	0.62	0.732	13426	0.966	0.268	4627	0.909
FOXL2	-0.35	8	0.62	0.732	13427	0.966	0.268	4626	0.909
APEX2	-0.35	8	0.62	0.732	13428	0.966	0.268	4625	0.909
DDIT4L	-0.35	8	0.62	0.732	13429	0.966	0.268	4624	0.909
TMEM26	-0.35	8	0.62	0.732	13430	0.966	0.268	4623	0.909
PPP1R10	-0.35	8	0.62	0.732	13431	0.966	0.268	4622	0.909
METTL20	-0.35	8	0.62	0.732	13432	0.966	0.268	4621	0.909
GTPBP1	-0.34	8	0.62	0.732	13433	0.966	0.268	4620	0.909
EPS15	-0.34	8	0.62	0.732	13434	0.966	0.268	4619	0.909
KRT32	-0.34	8	0.62	0.732	13435	0.966	0.268	4618	0.909
ALKBH7	-0.34	8	0.62	0.732	13436	0.966	0.268	4617	0.909
NMUR1	-0.34	8	0.62	0.732	13437	0.966	0.268	4616	0.909
EEF2K	-0.34	8	0.62	0.732	13438	0.966	0.268	4615	0.909
ZNF266	-0.34	8	0.62	0.733	13439	0.966	0.267	4614	0.909
BEST2	-0.34	8	0.62	0.733	13440	0.966	0.267	4613	0.909
SLC2A4	-0.34	8	0.62	0.733	13441	0.966	0.267	4612	0.909
BBS4	-0.34	8	0.62	0.733	13442	0.966	0.267	4611	0.909
MPL	-0.34	8	0.62	0.733	13443	0.966	0.267	4610	0.909
LIPJ	-0.34	8	0.62	0.733	13444	0.966	0.267	4609	0.909
PLEKHH1	-0.34	8	0.62	0.733	13445	0.966	0.267	4608	0.909
ZNF671	-0.34	8	0.62	0.733	13446	0.966	0.267	4607	0.909
POU2F3	-0.34	8	0.62	0.733	13447	0.966	0.267	4606	0.909
FBXO38	-0.34	8	0.62	0.733	13448	0.966	0.267	4605	0.909
NPY2R	-0.34	8	0.62	0.733	13449	0.966	0.267	4604	0.909
LY75	-0.34	8	0.62	0.733	13450	0.966	0.267	4603	0.909
TXNL1	-0.31	7	0.62	0.733	13451	0.966	0.267	4602	0.909
CDKN1B	-0.33	8	0.62	0.733	13452	0.966	0.267	4601	0.909
RAB11FIP5	-0.33	8	0.62	0.733	13453	0.966	0.267	4600	0.909
ALX4	-0.33	8	0.62	0.733	13454	0.966	0.267	4599	0.909
CCL11	-0.33	8	0.62	0.733	13455	0.966	0.267	4598	0.909
OR7G2	-0.31	7	0.62	0.733	13456	0.966	0.267	4597	0.909
KRBA2	-0.33	8	0.62	0.733	13457	0.966	0.267	4596	0.909
BIRC8	-0.33	8	0.62	0.734	13458	0.966	0.266	4595	0.909
SEC11C	-0.33	8	0.62	0.734	13459	0.966	0.266	4594	0.909
FBLN5	-0.33	8	0.62	0.734	13460	0.966	0.266	4593	0.909
SLAMF7	-0.33	8	0.62	0.734	13461	0.966	0.266	4592	0.909
SLC17A9	-0.33	8	0.62	0.734	13462	0.966	0.266	4591	0.909
NACC2	-0.33	8	0.62	0.734	13463	0.966	0.266	4590	0.909
EML1	-0.32	8	0.62	0.734	13464	0.966	0.266	4589	0.909
TMEM225	-0.32	8	0.63	0.734	13465	0.966	0.266	4588	0.909
TMEM41A	-0.32	8	0.63	0.734	13466	0.966	0.266	4587	0.909
LPIN1	-0.32	8	0.63	0.734	13467	0.966	0.266	4586	0.909
ACMSD	-0.32	8	0.63	0.734	13468	0.966	0.266	4585	0.909
NAP1L6	-0.32	8	0.63	0.734	13469	0.966	0.266	4584	0.909
SV2C	-0.32	8	0.63	0.734	13470	0.966	0.266	4583	0.909
ADCY2	-0.32	8	0.63	0.734	13471	0.966	0.266	4582	0.909
NPC1L1	-0.32	8	0.63	0.734	13472	0.966	0.266	4581	0.909
FAM188B	-0.32	8	0.63	0.734	13473	0.966	0.266	4580	0.909
MROH9	-0.32	8	0.63	0.734	13474	0.966	0.266	4579	0.909
ZDHHC23	-0.32	8	0.63	0.734	13475	0.966	0.266	4578	0.909
FAM193B	-0.32	8	0.63	0.734	13476	0.966	0.266	4577	0.909
RPGRIP1	-0.30	7	0.63	0.734	13477	0.966	0.266	4576	0.909
MYNN	-0.32	8	0.63	0.734	13478	0.966	0.266	4575	0.909
FAM188A	-0.32	8	0.63	0.735	13479	0.966	0.265	4574	0.909
LRRC16A	-0.32	8	0.63	0.735	13480	0.966	0.265	4573	0.909
TAS2R13	-0.32	8	0.63	0.735	13481	0.966	0.265	4572	0.909
ANKRD36	-0.22	4	0.63	0.735	13482	0.966	0.265	4571	0.909
STX1A	-0.32	8	0.63	0.735	13483	0.966	0.265	4570	0.909
LEF1	-0.32	8	0.63	0.735	13484	0.966	0.265	4569	0.909
BNIP2	-0.31	8	0.63	0.735	13485	0.966	0.265	4568	0.909
PDLIM3	-0.31	8	0.63	0.735	13486	0.966	0.265	4567	0.909
CRYBB2	-0.31	8	0.63	0.735	13487	0.966	0.265	4566	0.909
MAGEH1	-0.31	8	0.63	0.735	13488	0.966	0.265	4565	0.909
VDR	-0.31	8	0.63	0.735	13489	0.966	0.265	4564	0.909
COL8A1	-0.31	8	0.63	0.735	13490	0.966	0.265	4563	0.909
KIF27	-0.31	8	0.63	0.735	13491	0.966	0.265	4562	0.909
KRT75	-0.31	8	0.63	0.735	13492	0.966	0.265	4561	0.909
SETD9	-0.31	8	0.63	0.735	13493	0.966	0.265	4560	0.909
CTAGE5	-0.31	8	0.63	0.735	13494	0.966	0.265	4559	0.909
PTPRA	-0.31	8	0.63	0.735	13495	0.966	0.265	4558	0.909
OR1L6	-0.27	6	0.63	0.735	13496	0.966	0.265	4557	0.909
ACAD10	-0.31	8	0.63	0.735	13497	0.966	0.265	4556	0.909
C1orf21	-0.31	8	0.63	0.735	13498	0.966	0.265	4555	0.909
PPY	-0.30	8	0.63	0.736	13499	0.966	0.264	4554	0.909
TMEM239	-0.30	8	0.63	0.736	13500	0.966	0.264	4553	0.909
AMPD3	-0.30	8	0.63	0.736	13501	0.966	0.264	4552	0.909
TPD52L1	-0.30	8	0.63	0.736	13502	0.966	0.264	4551	0.909
RAB12	-0.30	8	0.63	0.736	13503	0.966	0.264	4550	0.909
MTMR2	-0.30	8	0.63	0.736	13504	0.966	0.264	4549	0.909
OR7C2	-0.26	6	0.63	0.736	13505	0.966	0.264	4548	0.909
HOOK2	-0.30	8	0.63	0.736	13506	0.966	0.264	4547	0.909
MADD	-0.30	8	0.63	0.736	13507	0.966	0.264	4546	0.909
CA5B	-0.30	8	0.63	0.736	13508	0.966	0.264	4545	0.909
PCDH8	-0.30	8	0.63	0.736	13509	0.966	0.264	4544	0.909
CA9	-0.30	8	0.63	0.736	13510	0.966	0.264	4543	0.909
ZNF354B	-0.30	8	0.63	0.736	13511	0.966	0.264	4542	0.909
RHBDL2	-0.30	8	0.63	0.736	13512	0.966	0.264	4541	0.909
CNN2	-0.30	8	0.63	0.736	13513	0.966	0.264	4540	0.909
CRYBA4	-0.30	8	0.63	0.736	13514	0.966	0.264	4539	0.909
DNMBP	-0.30	8	0.63	0.736	13515	0.966	0.264	4538	0.909
EBP	-0.30	8	0.63	0.736	13516	0.966	0.264	4537	0.909
KLK13	-0.30	8	0.63	0.736	13517	0.966	0.264	4536	0.909
MAGI3	-0.30	8	0.63	0.736	13518	0.966	0.264	4535	0.909
KCNQ4	-0.30	8	0.63	0.736	13519	0.966	0.264	4534	0.909
SLC25A41	-0.29	8	0.63	0.736	13520	0.966	0.264	4533	0.909
SSTR4	-0.29	8	0.63	0.736	13521	0.966	0.264	4532	0.909
PIGA	-0.29	8	0.63	0.736	13522	0.966	0.264	4531	0.909
RFPL4B	-0.29	8	0.63	0.737	13523	0.966	0.263	4530	0.909
EFHC1	-0.29	8	0.63	0.737	13524	0.966	0.263	4529	0.909
ARHGAP44	-0.29	8	0.63	0.737	13525	0.966	0.263	4528	0.909
ANKDD1B	-0.29	8	0.63	0.737	13526	0.966	0.263	4527	0.909
PRNP	-0.29	8	0.63	0.737	13527	0.966	0.263	4526	0.909
IDH3G	-0.29	8	0.63	0.737	13528	0.966	0.263	4525	0.909
KRTAP1-4	-0.29	8	0.63	0.737	13529	0.966	0.263	4524	0.909
CCDC51	-0.29	8	0.63	0.737	13530	0.966	0.263	4523	0.909
NFATC2	-0.29	8	0.63	0.737	13531	0.966	0.263	4522	0.909
SH3PXD2B	-0.29	8	0.63	0.737	13532	0.966	0.263	4521	0.909
SMR3B	-0.29	8	0.63	0.737	13533	0.966	0.263	4520	0.909
ANGPTL2	-0.29	8	0.63	0.737	13534	0.966	0.263	4519	0.909
R3HDM2	-0.29	8	0.63	0.737	13535	0.966	0.263	4518	0.909
TSPAN13	-0.29	8	0.63	0.737	13536	0.966	0.263	4517	0.909
CTSD	-0.29	8	0.63	0.737	13537	0.966	0.263	4516	0.909
CETN1	-0.29	8	0.63	0.737	13538	0.966	0.263	4515	0.909
PDE5A	-0.29	8	0.63	0.737	13539	0.966	0.263	4514	0.909
MYO7B	-0.28	8	0.64	0.737	13540	0.966	0.263	4513	0.909
PCNP	-0.25	6	0.64	0.737	13541	0.966	0.263	4512	0.909
PLCL2	-0.28	8	0.64	0.737	13542	0.966	0.263	4511	0.909
CD2BP2	-0.24	6	0.64	0.737	13543	0.966	0.263	4510	0.909
CDCA7	-0.28	8	0.64	0.737	13544	0.966	0.263	4509	0.909
CDKN2D	-0.28	8	0.64	0.737	13545	0.966	0.263	4508	0.909
SLITRK4	-0.28	8	0.64	0.738	13546	0.966	0.262	4507	0.909
FASTK	-0.28	8	0.64	0.738	13547	0.966	0.262	4506	0.909
MORF4L2	-0.28	8	0.64	0.738	13548	0.966	0.262	4505	0.909
FAM105A	-0.28	8	0.64	0.738	13549	0.966	0.262	4504	0.909
MDH1B	-0.28	8	0.64	0.738	13550	0.966	0.262	4503	0.909
PORCN	-0.28	8	0.64	0.738	13551	0.966	0.262	4502	0.909
NKX6-2	-0.28	8	0.64	0.738	13552	0.966	0.262	4501	0.909
CAND2	-0.28	8	0.64	0.738	13553	0.966	0.262	4500	0.909
FAM107A	-0.27	8	0.64	0.738	13554	0.966	0.262	4499	0.909
OR1C1	-0.27	8	0.64	0.738	13555	0.966	0.262	4498	0.909
GIGYF2	-0.27	8	0.64	0.738	13556	0.966	0.262	4497	0.909
DGKB	-0.27	8	0.64	0.738	13557	0.966	0.262	4496	0.909
STON1	-0.14	2	0.64	0.738	13558	0.966	0.262	4495	0.909
ZNF32	-0.27	8	0.64	0.738	13559	0.966	0.262	4494	0.909
ZC3H11A	-0.27	8	0.64	0.738	13560	0.966	0.262	4493	0.909
HS3ST6	-0.27	8	0.64	0.738	13561	0.966	0.262	4492	0.909
GHRHR	-0.27	8	0.64	0.738	13562	0.966	0.262	4491	0.909
LRRC25	-0.27	8	0.64	0.738	13563	0.966	0.262	4490	0.909
ALDH7A1	-0.27	8	0.64	0.739	13564	0.966	0.261	4489	0.909
NMRK1	-0.27	8	0.64	0.739	13565	0.966	0.261	4488	0.909
11-Mar	-0.27	8	0.64	0.739	13566	0.966	0.261	4487	0.909
PGRMC1	-0.27	8	0.64	0.739	13567	0.966	0.261	4486	0.909
SLC7A6	-0.27	8	0.64	0.739	13568	0.966	0.261	4485	0.909
EXD2	-0.27	8	0.64	0.739	13569	0.966	0.261	4484	0.909
ISG20	-0.27	8	0.64	0.739	13570	0.966	0.261	4483	0.909
DPYSL4	-0.27	8	0.64	0.739	13571	0.966	0.261	4482	0.909
TBCEL	-0.27	8	0.64	0.739	13572	0.966	0.261	4481	0.909
ADAMTSL2	-0.27	8	0.64	0.739	13573	0.966	0.261	4480	0.909
MGST1	-0.27	8	0.64	0.739	13574	0.966	0.261	4479	0.909
AGPAT6	-0.27	8	0.64	0.739	13575	0.966	0.261	4478	0.909
UNG	-0.26	8	0.64	0.739	13576	0.966	0.261	4477	0.909
CASK	-0.26	8	0.64	0.739	13577	0.966	0.261	4476	0.909
UMODL1	-0.26	8	0.64	0.739	13578	0.966	0.261	4475	0.909
RPL41	-0.13	2	0.64	0.739	13579	0.966	0.261	4474	0.909
PLEKHF2	-0.23	6	0.64	0.739	13580	0.966	0.261	4473	0.909
TIGD5	-0.26	8	0.64	0.739	13581	0.966	0.261	4472	0.909
NANOG	-0.18	4	0.64	0.739	13582	0.966	0.261	4471	0.909
ANKFY1	-0.26	8	0.64	0.739	13583	0.966	0.261	4470	0.909
LRRC52	-0.26	8	0.64	0.739	13584	0.966	0.261	4469	0.909
PPM1L	-0.26	8	0.64	0.739	13585	0.966	0.261	4468	0.909
ZDHHC11B	-0.13	2	0.64	0.74	13586	0.966	0.26	4467	0.909
IL1RL2	-0.26	8	0.64	0.74	13587	0.966	0.26	4466	0.909
C4orf47	-0.26	8	0.64	0.74	13588	0.966	0.26	4465	0.909
OR10G8	-0.26	8	0.64	0.74	13589	0.966	0.26	4464	0.909
NT5C2	-0.25	8	0.64	0.74	13590	0.966	0.26	4463	0.909
FBXO43	-0.25	8	0.64	0.74	13591	0.966	0.26	4462	0.909
RHCE	-0.22	6	0.64	0.74	13592	0.966	0.26	4461	0.909
CDH11	-0.25	8	0.64	0.74	13593	0.966	0.26	4460	0.909
C3orf20	-0.25	8	0.64	0.74	13594	0.966	0.26	4459	0.909
TCF20	-0.25	8	0.64	0.74	13595	0.966	0.26	4458	0.909
YTHDC2	-0.25	8	0.64	0.74	13596	0.966	0.26	4457	0.909
NOBOX	-0.25	8	0.64	0.74	13597	0.966	0.26	4456	0.909
ZNF860	-0.18	4	0.64	0.74	13598	0.966	0.26	4455	0.909
SLC35F3	-0.25	8	0.64	0.74	13599	0.966	0.26	4454	0.909
GPR34	-0.25	8	0.64	0.74	13600	0.966	0.26	4453	0.909
MDFI	-0.18	4	0.64	0.74	13601	0.966	0.26	4452	0.909
MAGIX	-0.25	8	0.64	0.74	13602	0.966	0.26	4451	0.909
APOOL	-0.25	8	0.64	0.74	13603	0.966	0.26	4450	0.909
HSPBAP1	-0.25	8	0.64	0.74	13604	0.966	0.26	4449	0.909
ACOT11	-0.25	8	0.64	0.74	13605	0.966	0.26	4448	0.909
HIGD2B	-0.25	8	0.64	0.74	13606	0.966	0.26	4447	0.909
ARHGAP17	-0.23	7	0.64	0.74	13607	0.966	0.26	4446	0.909
NRK	-0.24	8	0.64	0.74	13608	0.966	0.26	4445	0.909
TCEANC	-0.24	8	0.64	0.74	13609	0.966	0.26	4444	0.909
BRCC3	-0.24	8	0.64	0.741	13610	0.966	0.259	4443	0.909
LPPR3	-0.24	8	0.65	0.741	13611	0.966	0.259	4442	0.909
RGS13	-0.24	8	0.65	0.741	13612	0.966	0.259	4441	0.909
GUCY1A2	-0.24	8	0.65	0.741	13613	0.966	0.259	4440	0.909
EDNRB	-0.24	8	0.65	0.741	13614	0.966	0.259	4439	0.909
TPTE2	-0.21	6	0.65	0.741	13615	0.966	0.259	4438	0.909
TAOK3	-0.24	8	0.65	0.741	13616	0.966	0.259	4437	0.909
SLC12A6	-0.24	8	0.65	0.741	13617	0.966	0.259	4436	0.909
OSBPL8	-0.24	8	0.65	0.741	13618	0.966	0.259	4435	0.909
ZNF445	-0.24	8	0.65	0.741	13619	0.966	0.259	4434	0.909
BLOC1S5	-0.24	8	0.65	0.741	13620	0.966	0.259	4433	0.909
EMD	-0.24	8	0.65	0.741	13621	0.966	0.259	4432	0.909
UBE2D2	-0.24	8	0.65	0.741	13622	0.966	0.259	4431	0.909
MPZ	-0.24	8	0.65	0.741	13623	0.966	0.259	4430	0.909
NUDT9	-0.24	8	0.65	0.741	13624	0.966	0.259	4429	0.909
MAGI1	-0.24	8	0.65	0.741	13625	0.966	0.259	4428	0.909
CLVS2	-0.24	8	0.65	0.741	13626	0.966	0.259	4427	0.909
GPC2	-0.24	8	0.65	0.741	13627	0.966	0.259	4426	0.909
CTSZ	-0.24	8	0.65	0.741	13628	0.966	0.259	4425	0.909
ATP11C	-0.24	8	0.65	0.741	13629	0.966	0.259	4424	0.909
COQ5	-0.24	8	0.65	0.741	13630	0.966	0.259	4423	0.909
CST2	-0.23	8	0.65	0.741	13631	0.966	0.259	4422	0.909
OR9Q2	-0.23	8	0.65	0.741	13632	0.966	0.259	4421	0.909
CCDC138	-0.23	8	0.65	0.742	13633	0.966	0.258	4420	0.909
MAST4	-0.23	8	0.65	0.742	13634	0.966	0.258	4419	0.909
DNAJC1	-0.23	8	0.65	0.742	13635	0.966	0.258	4418	0.909
C1orf227	-0.23	8	0.65	0.742	13636	0.966	0.258	4417	0.909
KCNA5	-0.23	8	0.65	0.742	13637	0.966	0.258	4416	0.909
LHX2	-0.23	8	0.65	0.742	13638	0.966	0.258	4415	0.909
KIF18B	-0.23	8	0.65	0.742	13639	0.966	0.258	4414	0.909
ABCF3	-0.23	8	0.65	0.742	13640	0.966	0.258	4413	0.909
KCNA2	-0.23	8	0.65	0.742	13641	0.966	0.258	4412	0.909
HIST1H2AM	-0.20	6	0.65	0.742	13642	0.966	0.258	4411	0.909
SNCA	-0.22	8	0.65	0.742	13643	0.966	0.258	4410	0.909
CMPK2	-0.22	8	0.65	0.742	13644	0.966	0.258	4409	0.909
CD226	-0.22	8	0.65	0.742	13645	0.966	0.258	4408	0.909
KIAA1244	-0.22	8	0.65	0.742	13646	0.966	0.258	4407	0.909
URGCP	-0.22	8	0.65	0.742	13647	0.966	0.258	4406	0.909
MFRP	-0.22	8	0.65	0.742	13648	0.966	0.258	4405	0.909
RNMTL1	-0.22	8	0.65	0.742	13649	0.966	0.258	4404	0.909
BATF	-0.22	8	0.65	0.742	13650	0.966	0.258	4403	0.909
MITF	-0.22	8	0.65	0.742	13651	0.966	0.258	4402	0.909
SAGE1	-0.22	8	0.65	0.742	13652	0.966	0.258	4401	0.909
SLC25A46	-0.22	8	0.65	0.743	13653	0.966	0.257	4400	0.909
MLK4	-0.22	8	0.65	0.743	13654	0.966	0.257	4399	0.909
USP1	-0.22	8	0.65	0.743	13655	0.966	0.257	4398	0.909
CCDC105	-0.22	8	0.65	0.743	13656	0.966	0.257	4397	0.909
SYCN	-0.22	8	0.65	0.743	13657	0.966	0.257	4396	0.909
OSGEPL1	-0.22	8	0.65	0.743	13658	0.966	0.257	4395	0.909
MAG	-0.22	8	0.65	0.743	13659	0.966	0.257	4394	0.909
HMCES	-0.22	8	0.65	0.743	13660	0.966	0.257	4393	0.909
SLC6A5	-0.22	8	0.65	0.743	13661	0.966	0.257	4392	0.909
LPCAT1	-0.22	8	0.65	0.743	13662	0.966	0.257	4391	0.909
REPS2	-0.22	8	0.65	0.743	13663	0.966	0.257	4390	0.909
TJP2	-0.21	8	0.65	0.743	13664	0.966	0.257	4389	0.909
ACKR4	-0.21	8	0.65	0.743	13665	0.966	0.257	4388	0.909
RPS20	-0.11	2	0.65	0.743	13666	0.966	0.257	4387	0.909
CNTLN	-0.21	8	0.65	0.743	13667	0.966	0.257	4386	0.909
CRHR2	-0.21	8	0.65	0.743	13668	0.966	0.257	4385	0.909
AIF1	-0.21	8	0.65	0.743	13669	0.966	0.257	4384	0.909
PDPR	-0.21	8	0.65	0.743	13670	0.966	0.257	4383	0.909
CES1	-0.21	8	0.65	0.743	13671	0.966	0.257	4382	0.909
SLITRK2	-0.21	8	0.65	0.743	13672	0.966	0.257	4381	0.909
ARHGAP30	-0.21	8	0.65	0.743	13673	0.966	0.257	4380	0.909
LTN1	-0.21	8	0.65	0.743	13674	0.966	0.257	4379	0.909
ARHGAP33	-0.21	8	0.65	0.743	13675	0.966	0.257	4378	0.909
FLNB	-0.21	8	0.65	0.744	13676	0.966	0.256	4377	0.909
KLHL41	-0.21	8	0.65	0.744	13677	0.966	0.256	4376	0.909
APOBEC3A	-0.21	8	0.65	0.744	13678	0.966	0.256	4375	0.909
LGMN	-0.21	8	0.65	0.744	13679	0.966	0.256	4374	0.909
C3orf27	-0.20	8	0.66	0.744	13680	0.966	0.256	4373	0.909
C6orf201	-0.20	8	0.66	0.744	13681	0.966	0.256	4372	0.909
MYBPC3	-0.20	8	0.66	0.744	13682	0.966	0.256	4371	0.909
OR3A2	-0.20	8	0.66	0.744	13683	0.966	0.256	4370	0.909
CCDC37	-0.20	8	0.66	0.744	13684	0.966	0.256	4369	0.909
RGS22	-0.20	8	0.66	0.744	13685	0.966	0.256	4368	0.909
DHRS4L2	-0.18	6	0.66	0.744	13686	0.966	0.256	4367	0.909
ELL3	-0.20	8	0.66	0.744	13687	0.966	0.256	4366	0.909
PDE3A	-0.20	8	0.66	0.744	13688	0.966	0.256	4365	0.909
C21orf49	-0.20	8	0.66	0.744	13689	0.966	0.256	4364	0.909
RASSF1	-0.20	8	0.66	0.744	13690	0.966	0.256	4363	0.909
SPAG7	-0.20	8	0.66	0.744	13691	0.966	0.256	4362	0.909
PTBP2	-0.20	8	0.66	0.744	13692	0.966	0.256	4361	0.909
LIM2	-0.20	8	0.66	0.744	13693	0.966	0.256	4360	0.909
PCDH7	-0.20	8	0.66	0.744	13694	0.966	0.256	4359	0.909
HIGD1B	-0.20	8	0.66	0.744	13695	0.966	0.256	4358	0.909
GPX1	-0.20	8	0.66	0.744	13696	0.966	0.256	4357	0.909
TMEM184B	-0.20	8	0.66	0.745	13697	0.966	0.255	4356	0.909
ST8SIA4	-0.20	8	0.66	0.745	13698	0.966	0.255	4355	0.909
STOML3	-0.19	8	0.66	0.745	13699	0.966	0.255	4354	0.909
P2RX1	-0.19	8	0.66	0.745	13700	0.966	0.255	4353	0.909
MYL4	-0.19	8	0.66	0.745	13701	0.966	0.255	4352	0.909
LCNL1	-0.19	8	0.66	0.745	13702	0.966	0.255	4351	0.909
ADH1B	-0.19	8	0.66	0.745	13703	0.966	0.255	4350	0.909
SLC38A2	-0.19	8	0.66	0.745	13704	0.966	0.255	4349	0.909
JOSD2	-0.19	8	0.66	0.745	13705	0.966	0.255	4348	0.909
ASXL2	-0.19	8	0.66	0.745	13706	0.966	0.255	4347	0.909
S100A14	-0.19	8	0.66	0.745	13707	0.966	0.255	4346	0.909
ZNF169	-0.19	8	0.66	0.745	13708	0.966	0.255	4345	0.909
KBTBD8	-0.19	8	0.66	0.745	13709	0.966	0.255	4344	0.909
NFU1	-0.19	8	0.66	0.745	13710	0.966	0.255	4343	0.909
MAK	-0.19	8	0.66	0.745	13711	0.966	0.255	4342	0.909
HEBP1	-0.19	8	0.66	0.745	13712	0.966	0.255	4341	0.909
RSRC1	-0.19	8	0.66	0.745	13713	0.966	0.255	4340	0.909
SLC2A14	-0.09	2	0.66	0.745	13714	0.966	0.255	4339	0.909
CC2D1B	-0.19	8	0.66	0.745	13715	0.966	0.255	4338	0.909
LY96	-0.13	4	0.66	0.745	13716	0.966	0.255	4337	0.909
CAV1	-0.19	8	0.66	0.745	13717	0.966	0.255	4336	0.909
ZNF184	-0.19	8	0.66	0.745	13718	0.966	0.255	4335	0.909
AWAT2	-0.19	8	0.66	0.745	13719	0.966	0.255	4334	0.909
RRH	-0.19	8	0.66	0.745	13720	0.966	0.255	4333	0.909
EEPD1	-0.19	8	0.66	0.745	13721	0.966	0.255	4332	0.909
SYTL4	-0.18	8	0.66	0.745	13722	0.966	0.255	4331	0.909
BCAM	-0.18	8	0.66	0.745	13723	0.966	0.255	4330	0.909
ZFP36L2	-0.18	8	0.66	0.746	13724	0.966	0.254	4329	0.909
CDK4	-0.18	8	0.66	0.746	13725	0.966	0.254	4328	0.909
S100A7L2	-0.18	8	0.66	0.746	13726	0.966	0.254	4327	0.909
CCDC70	-0.18	8	0.66	0.746	13727	0.966	0.254	4326	0.909
PDE1A	-0.18	8	0.66	0.746	13728	0.966	0.254	4325	0.909
KIF5B	-0.18	8	0.66	0.746	13729	0.966	0.254	4324	0.909
MYL2	-0.18	8	0.66	0.746	13730	0.966	0.254	4323	0.909
HAO1	-0.18	8	0.66	0.746	13731	0.966	0.254	4322	0.909
SEZ6L2	-0.18	8	0.66	0.746	13732	0.966	0.254	4321	0.909
RAB23	-0.18	8	0.66	0.746	13733	0.966	0.254	4320	0.909
PLA2G2A	-0.18	8	0.66	0.746	13734	0.966	0.254	4319	0.909
CTPS2	-0.18	8	0.66	0.746	13735	0.966	0.254	4318	0.909
HAVCR1	-0.18	8	0.66	0.746	13736	0.966	0.254	4317	0.909
ACIN1	-0.18	8	0.66	0.746	13737	0.966	0.254	4316	0.909
MAPK15	-0.18	8	0.66	0.746	13738	0.966	0.254	4315	0.909
OR56B1	-0.17	8	0.66	0.746	13739	0.966	0.254	4314	0.909
CSGALNACT1	-0.17	8	0.66	0.746	13740	0.966	0.254	4313	0.909
FZD1	-0.17	8	0.66	0.746	13741	0.966	0.254	4312	0.909
ARID3A	-0.17	8	0.66	0.746	13742	0.966	0.254	4311	0.909
GRAMD1C	-0.17	8	0.66	0.746	13743	0.966	0.254	4310	0.909
FNIP2	-0.17	8	0.66	0.746	13744	0.966	0.254	4309	0.909
ZCCHC4	-0.17	8	0.66	0.746	13745	0.966	0.254	4308	0.909
GNG11	-0.17	8	0.66	0.747	13746	0.966	0.253	4307	0.909
SSTR5	-0.17	8	0.66	0.747	13747	0.966	0.253	4306	0.909
LDOC1	-0.17	8	0.66	0.747	13748	0.966	0.253	4305	0.909
TBC1D15	-0.17	8	0.66	0.747	13749	0.966	0.253	4304	0.909
FRG1	-0.08	2	0.66	0.747	13750	0.966	0.253	4303	0.909
FHOD3	-0.17	8	0.66	0.747	13751	0.966	0.253	4302	0.909
VCL	-0.17	8	0.66	0.747	13752	0.966	0.253	4301	0.909
CXXC11	-0.17	8	0.66	0.747	13753	0.966	0.253	4300	0.909
TRAT1	-0.14	6	0.66	0.747	13754	0.966	0.253	4299	0.909
KIF4B	-0.17	8	0.66	0.747	13755	0.966	0.253	4298	0.909
ACTL7A	-0.17	8	0.66	0.747	13756	0.966	0.253	4297	0.909
C17orf104	-0.16	8	0.67	0.747	13757	0.966	0.253	4296	0.909
PCF11	-0.16	8	0.67	0.747	13758	0.966	0.253	4295	0.909
ZNF43	-0.08	2	0.67	0.747	13759	0.966	0.253	4294	0.909
PPM1A	-0.16	8	0.67	0.747	13760	0.966	0.253	4293	0.909
CD200R1L	-0.16	8	0.67	0.747	13761	0.966	0.253	4292	0.909
ELL2	-0.16	8	0.67	0.747	13762	0.966	0.253	4291	0.909
ITK	-0.16	8	0.67	0.747	13763	0.966	0.253	4290	0.909
PAX3	-0.16	8	0.67	0.747	13764	0.966	0.253	4289	0.909
AP3M2	-0.16	8	0.67	0.747	13765	0.966	0.253	4288	0.909
ISM1	-0.16	8	0.67	0.747	13766	0.966	0.253	4287	0.909
RCHY1	-0.16	8	0.67	0.747	13767	0.966	0.253	4286	0.909
DGKQ	-0.16	8	0.67	0.747	13768	0.966	0.253	4285	0.909
C9orf43	-0.16	8	0.67	0.747	13769	0.966	0.253	4284	0.909
CA13	-0.16	8	0.67	0.748	13770	0.966	0.252	4283	0.909
TGFBR3	-0.16	8	0.67	0.748	13771	0.966	0.252	4282	0.909
HRH4	-0.16	8	0.67	0.748	13772	0.966	0.252	4281	0.909
BCHE	-0.16	8	0.67	0.748	13773	0.966	0.252	4280	0.909
PDE6C	-0.16	8	0.67	0.748	13774	0.966	0.252	4279	0.909
SCPEP1	-0.16	8	0.67	0.748	13775	0.966	0.252	4278	0.909
OLR1	-0.16	8	0.67	0.748	13776	0.966	0.252	4277	0.909
CHRNE	-0.16	8	0.67	0.748	13777	0.966	0.252	4276	0.909
BTBD7	-0.16	8	0.67	0.748	13778	0.966	0.252	4275	0.909
AP1M1	-0.15	8	0.67	0.748	13779	0.966	0.252	4274	0.909
HMGN5	-0.13	6	0.67	0.748	13780	0.966	0.252	4273	0.909
CTSH	-0.13	6	0.67	0.748	13781	0.966	0.252	4272	0.909
GJB7	-0.15	8	0.67	0.748	13782	0.966	0.252	4271	0.909
OR7D4	-0.15	8	0.67	0.748	13783	0.966	0.252	4270	0.909
SORBS2	-0.15	8	0.67	0.748	13784	0.966	0.252	4269	0.909
OR1N2	-0.15	8	0.67	0.748	13785	0.966	0.252	4268	0.909
GALR1	-0.13	6	0.67	0.748	13786	0.966	0.252	4267	0.909
DLK2	-0.15	8	0.67	0.748	13787	0.966	0.252	4266	0.909
HBEGF	-0.15	8	0.67	0.748	13788	0.966	0.252	4265	0.909
RARB	-0.15	8	0.67	0.748	13789	0.966	0.252	4264	0.909
PXN	-0.13	6	0.67	0.748	13790	0.966	0.252	4263	0.909
OTUD7A	-0.15	8	0.67	0.749	13791	0.966	0.251	4262	0.909
DEFA5	-0.14	8	0.67	0.749	13792	0.966	0.251	4261	0.909
SUMO1	-0.07	2	0.67	0.749	13793	0.966	0.251	4260	0.909
SLC20A1	-0.14	8	0.67	0.749	13794	0.966	0.251	4259	0.909
MAP4K5	-0.14	8	0.67	0.749	13795	0.966	0.251	4258	0.909
MAMLD1	-0.14	8	0.67	0.749	13796	0.966	0.251	4257	0.909
DTHD1	-0.14	8	0.67	0.749	13797	0.966	0.251	4256	0.909
C10orf53	-0.14	8	0.67	0.749	13798	0.966	0.251	4255	0.909
GULP1	-0.14	8	0.67	0.749	13799	0.966	0.251	4254	0.909
APC2	-0.14	8	0.67	0.749	13800	0.966	0.251	4253	0.909
FXYD2	-0.14	8	0.67	0.749	13801	0.966	0.251	4252	0.909
ELAVL4	-0.14	8	0.67	0.749	13802	0.966	0.251	4251	0.909
THSD7B	-0.13	8	0.67	0.749	13803	0.966	0.251	4250	0.909
ALMS1	-0.13	8	0.67	0.749	13804	0.966	0.251	4249	0.909
PHYH	-0.13	8	0.67	0.75	13805	0.966	0.25	4248	0.909
CBLB	-0.13	8	0.67	0.75	13806	0.966	0.25	4247	0.909
RALA	-0.13	8	0.67	0.75	13807	0.966	0.25	4246	0.909
WNK2	-0.13	8	0.67	0.75	13808	0.966	0.25	4245	0.909
ZNF585A	-0.13	8	0.67	0.75	13809	0.966	0.25	4244	0.909
AVP	-0.13	8	0.67	0.75	13810	0.966	0.25	4243	0.909
PROX2	-0.13	8	0.67	0.75	13811	0.966	0.25	4242	0.909
AGBL3	-0.13	8	0.67	0.75	13812	0.966	0.25	4241	0.909
NDUFV2	-0.13	8	0.67	0.75	13813	0.966	0.25	4240	0.909
OR8K1	-0.13	8	0.67	0.75	13814	0.966	0.25	4239	0.909
LRRC58	-0.13	8	0.67	0.75	13815	0.966	0.25	4238	0.909
NTF4	-0.13	8	0.67	0.75	13816	0.966	0.25	4237	0.909
FAM177B	-0.13	8	0.67	0.75	13817	0.966	0.25	4236	0.909
SLC34A2	-0.12	8	0.68	0.75	13818	0.966	0.25	4235	0.909
CCND3	-0.12	8	0.68	0.75	13819	0.966	0.25	4234	0.909
SMCO4	-0.12	8	0.68	0.75	13820	0.966	0.25	4233	0.909
NECAB1	-0.12	8	0.68	0.75	13821	0.966	0.25	4232	0.909
KDELR2	-0.12	8	0.68	0.75	13822	0.966	0.25	4231	0.909
EBAG9	-0.12	8	0.68	0.75	13823	0.966	0.25	4230	0.909
OR51J1	-0.12	8	0.68	0.75	13824	0.966	0.25	4229	0.909
SPATA9	-0.12	8	0.68	0.751	13825	0.966	0.249	4228	0.909
PNMAL2	-0.12	8	0.68	0.751	13826	0.966	0.249	4227	0.909
EOGT	-0.12	8	0.68	0.751	13827	0.966	0.249	4226	0.909
NPR1	-0.12	8	0.68	0.751	13828	0.966	0.249	4225	0.909
SKIDA1	-0.12	8	0.68	0.751	13829	0.966	0.249	4224	0.909
IPO4	-0.12	8	0.68	0.751	13830	0.966	0.249	4223	0.909
GNL1	-0.12	8	0.68	0.751	13831	0.966	0.249	4222	0.909
LRRC43	-0.12	8	0.68	0.751	13832	0.966	0.249	4221	0.909
RAD51B	-0.12	8	0.68	0.751	13833	0.966	0.249	4220	0.909
PRSS21	-0.12	8	0.68	0.751	13834	0.966	0.249	4219	0.909
SLC9A8	-0.12	8	0.68	0.751	13835	0.966	0.249	4218	0.909
ZNF423	-0.12	8	0.68	0.751	13836	0.966	0.249	4217	0.909
SLC30A2	-0.11	8	0.68	0.751	13837	0.966	0.249	4216	0.909
ARHGEF15	-0.11	8	0.68	0.751	13838	0.966	0.249	4215	0.909
RAB11B	-0.11	8	0.68	0.751	13839	0.966	0.249	4214	0.909
CSNK1A1L	-0.11	8	0.68	0.751	13840	0.966	0.249	4213	0.909
B3GALTL	-0.11	8	0.68	0.751	13841	0.966	0.249	4212	0.909
MYO1G	-0.11	8	0.68	0.751	13842	0.966	0.249	4211	0.909
SLIT3	-0.11	8	0.68	0.751	13843	0.966	0.249	4210	0.909
C7orf73	-0.11	8	0.68	0.751	13844	0.966	0.249	4209	0.909
CHN2	-0.11	8	0.68	0.751	13845	0.966	0.249	4208	0.909
AMDHD1	-0.11	8	0.68	0.751	13846	0.966	0.249	4207	0.909
C11orf40	-0.11	8	0.68	0.751	13847	0.966	0.249	4206	0.909
BSN	-0.11	8	0.68	0.751	13848	0.966	0.249	4205	0.909
ACTG2	-0.11	8	0.68	0.752	13849	0.966	0.248	4204	0.909
SDR42E1	-0.11	8	0.68	0.752	13850	0.966	0.248	4203	0.909
C10orf118	-0.11	8	0.68	0.752	13851	0.966	0.248	4202	0.909
EHD4	-0.11	8	0.68	0.752	13852	0.966	0.248	4201	0.909
FKRP	-0.11	8	0.68	0.752	13853	0.966	0.248	4200	0.909
KIAA1551	-0.10	8	0.68	0.752	13854	0.966	0.248	4199	0.909
SYNPO2	-0.10	8	0.68	0.752	13855	0.966	0.248	4198	0.909
ZCCHC12	-0.10	8	0.68	0.752	13856	0.966	0.248	4197	0.909
ALKBH4	-0.10	8	0.68	0.752	13857	0.966	0.248	4196	0.909
CDK5RAP1	-0.10	8	0.68	0.752	13858	0.966	0.248	4195	0.909
UCHL5	-0.10	8	0.68	0.752	13859	0.966	0.248	4194	0.909
MS4A1	-0.10	8	0.68	0.752	13860	0.966	0.248	4193	0.909
SCLT1	-0.10	8	0.68	0.752	13861	0.966	0.248	4192	0.909
ABCB6	-0.10	8	0.68	0.752	13862	0.966	0.248	4191	0.909
GAD2	-0.10	8	0.68	0.752	13863	0.966	0.248	4190	0.909
MSS51	-0.10	8	0.68	0.752	13864	0.966	0.248	4189	0.909
SPATA31A6	-0.10	8	0.68	0.752	13865	0.966	0.248	4188	0.909
ENTPD6	-0.10	8	0.68	0.752	13866	0.966	0.248	4187	0.909
TP53INP1	-0.10	8	0.68	0.752	13867	0.966	0.248	4186	0.909
IL2	-0.10	8	0.68	0.752	13868	0.966	0.248	4185	0.909
SLC10A2	-0.10	8	0.68	0.752	13869	0.966	0.248	4184	0.909
LYRM7	-0.10	8	0.68	0.752	13870	0.966	0.248	4183	0.909
ABCC12	-0.10	8	0.68	0.752	13871	0.966	0.248	4182	0.909
SOX7	-0.10	8	0.68	0.752	13872	0.966	0.248	4181	0.909
ZNF441	-0.10	8	0.68	0.752	13873	0.966	0.248	4180	0.909
RIMKLA	-0.10	8	0.68	0.752	13874	0.966	0.248	4179	0.909
TMEM38B	-0.10	8	0.68	0.753	13875	0.966	0.247	4178	0.909
TXNDC9	-0.10	8	0.68	0.753	13876	0.966	0.247	4177	0.909
YY1AP1	-0.09	8	0.68	0.753	13877	0.966	0.247	4176	0.909
EBF4	-0.09	8	0.68	0.753	13878	0.966	0.247	4175	0.909
TARBP1	-0.09	8	0.68	0.753	13879	0.966	0.247	4174	0.909
ZYG11A	-0.09	8	0.68	0.753	13880	0.966	0.247	4173	0.909
EFCAB10	-0.09	8	0.68	0.753	13881	0.966	0.247	4172	0.909
LYZ	-0.09	8	0.68	0.753	13882	0.966	0.247	4171	0.909
FEZF1	-0.09	8	0.68	0.753	13883	0.966	0.247	4170	0.909
GPX5	-0.09	8	0.68	0.753	13884	0.966	0.247	4169	0.909
ATP1A4	-0.09	8	0.68	0.753	13885	0.966	0.247	4168	0.909
ADCY6	-0.09	8	0.68	0.753	13886	0.966	0.247	4167	0.909
CFL2	-0.09	8	0.68	0.753	13887	0.966	0.247	4166	0.909
SLC4A11	-0.09	8	0.68	0.753	13888	0.966	0.247	4165	0.909
ZNF575	-0.09	8	0.68	0.753	13889	0.966	0.247	4164	0.909
CCDC23	-0.06	4	0.68	0.753	13890	0.966	0.247	4163	0.909
COQ7	-0.09	8	0.68	0.753	13891	0.966	0.247	4162	0.909
ZNF138	-0.04	2	0.68	0.753	13892	0.966	0.247	4161	0.909
OBP2A	-0.04	2	0.68	0.753	13893	0.966	0.247	4160	0.909
ATP13A3	-0.09	8	0.68	0.753	13894	0.966	0.247	4159	0.909
TAS2R8	-0.08	8	0.69	0.753	13895	0.966	0.247	4158	0.909
RP2	-0.08	8	0.69	0.753	13896	0.966	0.247	4157	0.909
SP6	-0.07	6	0.69	0.753	13897	0.966	0.247	4156	0.909
ST5	-0.08	8	0.69	0.753	13898	0.966	0.247	4155	0.909
KLHL26	-0.08	8	0.69	0.753	13899	0.966	0.247	4154	0.909
PSKH1	-0.08	8	0.69	0.753	13900	0.966	0.247	4153	0.909
SUOX	-0.08	8	0.69	0.754	13901	0.966	0.246	4152	0.909
PTH1R	-0.08	8	0.69	0.754	13902	0.966	0.246	4151	0.909
OR2B6	-0.08	8	0.69	0.754	13903	0.966	0.246	4150	0.909
C12orf10	-0.08	8	0.69	0.754	13904	0.966	0.246	4149	0.909
LAPTM5	-0.08	8	0.69	0.754	13905	0.966	0.246	4148	0.909
BANF2	-0.08	8	0.69	0.754	13906	0.966	0.246	4147	0.909
PRKCI	-0.08	8	0.69	0.754	13907	0.966	0.246	4146	0.909
ATP11A	-0.08	8	0.69	0.754	13908	0.966	0.246	4145	0.909
SPATA24	-0.08	8	0.69	0.754	13909	0.966	0.246	4144	0.909
UPRT	-0.08	8	0.69	0.754	13910	0.966	0.246	4143	0.909
CPLX2	-0.07	8	0.69	0.754	13911	0.966	0.246	4142	0.909
NLRC4	-0.07	8	0.69	0.754	13912	0.966	0.246	4141	0.909
TAS2R14	-0.07	8	0.69	0.754	13913	0.966	0.246	4140	0.909
DCP1B	-0.07	8	0.69	0.754	13914	0.966	0.246	4139	0.909
RAB28	-0.07	8	0.69	0.754	13915	0.966	0.246	4138	0.909
RGL2	-0.07	8	0.69	0.754	13916	0.966	0.246	4137	0.909
PCDH11X	-0.07	8	0.69	0.754	13917	0.966	0.246	4136	0.909
USP12	-0.07	8	0.69	0.755	13918	0.966	0.245	4135	0.909
TEX2	-0.07	8	0.69	0.755	13919	0.966	0.245	4134	0.909
PKD1L1	-0.07	8	0.69	0.755	13920	0.966	0.245	4133	0.909
ZNF665	-0.07	8	0.69	0.755	13921	0.966	0.245	4132	0.909
KCNT2	-0.07	8	0.69	0.755	13922	0.966	0.245	4131	0.909
KCNK2	-0.07	8	0.69	0.755	13923	0.966	0.245	4130	0.909
SETD1B	-0.07	8	0.69	0.755	13924	0.966	0.245	4129	0.909
KRTAP10-12	-0.03	2	0.69	0.755	13925	0.966	0.245	4128	0.909
RASIP1	-0.07	8	0.69	0.755	13926	0.966	0.245	4127	0.909
CMKLR1	-0.07	8	0.69	0.755	13927	0.966	0.245	4126	0.909
NLGN3	-0.07	8	0.69	0.755	13928	0.966	0.245	4125	0.909
WNT11	-0.07	8	0.69	0.755	13929	0.966	0.245	4124	0.909
CDK8	-0.07	8	0.69	0.755	13930	0.966	0.245	4123	0.909
WDR6	-0.06	8	0.69	0.755	13931	0.966	0.245	4122	0.909
SIX3	-0.06	8	0.69	0.755	13932	0.966	0.245	4121	0.909
POC1B	-0.06	8	0.69	0.755	13933	0.966	0.245	4120	0.909
RAB8B	-0.06	8	0.69	0.755	13934	0.966	0.245	4119	0.909
HYI	-0.06	8	0.69	0.755	13935	0.966	0.245	4118	0.909
KCNJ12	-0.06	8	0.69	0.755	13936	0.966	0.245	4117	0.909
TAGAP	-0.06	8	0.69	0.755	13937	0.966	0.245	4116	0.909
AGR2	-0.06	8	0.69	0.755	13938	0.966	0.245	4115	0.909
GPD1	-0.06	8	0.69	0.755	13939	0.966	0.245	4114	0.909
CCDC154	-0.06	8	0.69	0.755	13940	0.966	0.245	4113	0.909
LPAR5	-0.06	8	0.69	0.755	13941	0.966	0.245	4112	0.909
KLHL8	-0.06	8	0.69	0.755	13942	0.966	0.245	4111	0.909
SLFN12	-0.06	8	0.69	0.755	13943	0.966	0.245	4110	0.909
KPNA1	-0.06	8	0.69	0.756	13944	0.966	0.244	4109	0.909
RNASE4	-0.06	8	0.69	0.756	13945	0.966	0.244	4108	0.909
KMT2D	-0.06	8	0.69	0.756	13946	0.966	0.244	4107	0.909
CACNA1S	-0.05	8	0.69	0.756	13947	0.966	0.244	4106	0.909
KLHL3	-0.05	8	0.69	0.756	13948	0.966	0.244	4105	0.909
RNF181	-0.05	8	0.69	0.756	13949	0.966	0.244	4104	0.909
C17orf96	-0.05	8	0.69	0.756	13950	0.966	0.244	4103	0.909
ARHGEF5	-0.05	8	0.69	0.756	13951	0.966	0.244	4102	0.909
ZNF248	-0.05	8	0.69	0.756	13952	0.966	0.244	4101	0.909
TMPRSS15	-0.05	8	0.69	0.756	13953	0.966	0.244	4100	0.909
LGALS16	-0.05	8	0.69	0.756	13954	0.966	0.244	4099	0.909
CELF4	-0.05	8	0.69	0.756	13955	0.966	0.244	4098	0.909
FAM230A	-0.05	8	0.69	0.756	13956	0.966	0.244	4097	0.909
OR10A2	-0.05	8	0.69	0.756	13957	0.966	0.244	4096	0.909
WFS1	-0.04	7	0.70	0.757	13958	0.966	0.243	4095	0.909
TRIM21	-0.04	8	0.70	0.757	13959	0.966	0.243	4094	0.909
HSBP1	-0.04	8	0.70	0.757	13960	0.966	0.243	4093	0.909
GRIN1	-0.04	8	0.70	0.757	13961	0.966	0.243	4092	0.909
CCL13	-0.04	8	0.70	0.757	13962	0.966	0.243	4091	0.909
CCNI2	-0.04	8	0.70	0.757	13963	0.966	0.243	4090	0.909
HCN4	-0.04	8	0.70	0.757	13964	0.966	0.243	4089	0.909
FAM205A	-0.04	8	0.70	0.757	13965	0.966	0.243	4088	0.909
COLCA1	-0.04	8	0.70	0.757	13966	0.966	0.243	4087	0.909
CLC	-0.04	8	0.70	0.757	13967	0.966	0.243	4086	0.909
SCGB3A2	-0.04	8	0.70	0.757	13968	0.966	0.243	4085	0.909
CHGB	-0.04	8	0.70	0.757	13969	0.966	0.243	4084	0.909
TMF1	-0.04	8	0.70	0.757	13970	0.966	0.243	4083	0.909
ITGB6	-0.04	8	0.70	0.757	13971	0.966	0.243	4082	0.909
FAM101A	-0.04	8	0.70	0.757	13972	0.966	0.243	4081	0.909
PRCP	-0.04	8	0.70	0.757	13973	0.966	0.243	4080	0.909
CYB5R1	-0.04	8	0.70	0.757	13974	0.966	0.243	4079	0.909
TMED7	-0.04	8	0.70	0.757	13975	0.966	0.243	4078	0.909
DTNBP1	-0.03	8	0.70	0.757	13976	0.966	0.243	4077	0.909
XXYLT1	-0.03	8	0.70	0.757	13977	0.966	0.243	4076	0.909
CLDN7	-0.03	8	0.70	0.758	13978	0.966	0.242	4075	0.909
ROGDI	-0.03	8	0.70	0.758	13979	0.966	0.242	4074	0.909
MRGPRX1	-0.03	6	0.70	0.758	13980	0.966	0.242	4073	0.909
SYT15	-0.03	8	0.70	0.758	13981	0.966	0.242	4072	0.909
SH3RF2	-0.03	8	0.70	0.758	13982	0.966	0.242	4071	0.909
PMAIP1	-0.03	8	0.70	0.758	13983	0.966	0.242	4070	0.909
IGF2BP3	-0.03	8	0.70	0.758	13984	0.966	0.242	4069	0.909
ODC1	-0.03	8	0.70	0.758	13985	0.966	0.242	4068	0.909
DAPP1	-0.03	8	0.70	0.758	13986	0.966	0.242	4067	0.909
NTS	-0.03	8	0.70	0.758	13987	0.966	0.242	4066	0.909
PAK3	-0.03	8	0.70	0.758	13988	0.966	0.242	4065	0.909
08-Sep	-0.03	8	0.70	0.758	13989	0.966	0.242	4064	0.909
ADRBK1	-0.03	8	0.70	0.758	13990	0.966	0.242	4063	0.909
LRRCC1	-0.02	8	0.70	0.758	13991	0.966	0.242	4062	0.909
FAM26F	-0.02	8	0.70	0.758	13992	0.966	0.242	4061	0.909
ZUFSP	-0.02	8	0.70	0.758	13993	0.966	0.242	4060	0.909
SPECC1	-0.02	8	0.70	0.758	13994	0.966	0.242	4059	0.909
ARHGEF38	-0.02	8	0.70	0.758	13995	0.966	0.242	4058	0.909
MTERF	-0.02	8	0.70	0.758	13996	0.966	0.242	4057	0.909
C7orf55	-0.01	2	0.70	0.758	13997	0.966	0.242	4056	0.909
RORA	-0.02	8	0.70	0.758	13998	0.966	0.242	4055	0.909
GPALPP1	-0.02	8	0.70	0.759	13999	0.966	0.241	4054	0.909
PLXNB2	-0.02	8	0.70	0.759	14000	0.966	0.241	4053	0.909
TJAP1	-0.02	8	0.70	0.759	14001	0.966	0.241	4052	0.909
TAS2R46	-0.01	2	0.70	0.759	14002	0.966	0.241	4051	0.909
SLCO1B7	-0.02	8	0.70	0.759	14003	0.966	0.241	4050	0.909
ENG	-0.02	8	0.70	0.759	14004	0.966	0.241	4049	0.909
PBX4	-0.02	8	0.70	0.759	14005	0.966	0.241	4048	0.909
TNRC6C	-0.02	8	0.70	0.759	14006	0.966	0.241	4047	0.909
C5orf15	-0.02	8	0.70	0.759	14007	0.966	0.241	4046	0.909
ARHGEF3	-0.01	8	0.70	0.759	14008	0.966	0.241	4045	0.909
CAMSAP3	-0.01	8	0.70	0.759	14009	0.966	0.241	4044	0.909
CLCF1	-0.01	8	0.70	0.759	14010	0.966	0.241	4043	0.909
BNC1	-0.01	8	0.70	0.759	14011	0.966	0.241	4042	0.909
KCNB2	-0.01	8	0.70	0.759	14012	0.966	0.241	4041	0.909
PPCDC	-0.01	8	0.70	0.759	14013	0.966	0.241	4040	0.909
C1orf100	-0.01	8	0.70	0.759	14014	0.966	0.241	4039	0.909
NEUROG1	-0.01	8	0.70	0.759	14015	0.966	0.241	4038	0.909
EIF4E3	-0.01	8	0.70	0.759	14016	0.966	0.241	4037	0.909
IL6	-0.01	8	0.70	0.759	14017	0.966	0.241	4036	0.909
SYK	-0.01	8	0.70	0.759	14018	0.966	0.241	4035	0.909
TACO1	-0.01	8	0.70	0.759	14019	0.966	0.241	4034	0.909
MIDN	-0.01	8	0.70	0.759	14020	0.966	0.241	4033	0.909
RAB27B	-0.01	8	0.70	0.759	14021	0.966	0.241	4032	0.909
FDPS	-0.01	7	0.70	0.76	14022	0.966	0.24	4031	0.909
ARIH2	-0.01	8	0.71	0.76	14023	0.966	0.24	4030	0.909
TTC39C	-0.01	8	0.71	0.76	14024	0.966	0.24	4029	0.909
PMP22	-0.00	8	0.71	0.76	14025	0.966	0.24	4028	0.909
ZNF853	-0.00	8	0.71	0.76	14026	0.966	0.24	4027	0.909
B4GALT1	-0.00	8	0.71	0.76	14027	0.966	0.24	4026	0.909
C10orf35	-0.00	8	0.71	0.76	14028	0.966	0.24	4025	0.909
ITGB8	-0.00	8	0.71	0.76	14029	0.966	0.24	4024	0.909
ABTB1	-0.00	8	0.71	0.76	14030	0.966	0.24	4023	0.909
LRRTM1	-0.00	8	0.71	0.76	14031	0.966	0.24	4022	0.909
TMEM252	-0.00	8	0.71	0.76	14032	0.966	0.24	4021	0.909
DNAJC28	-0.00	8	0.71	0.76	14033	0.966	0.24	4020	0.909
FYCO1	0.00	8	0.71	0.76	14034	0.966	0.24	4019	0.909
ARAP1	0.00	8	0.71	0.76	14035	0.966	0.24	4018	0.909
PIAS1	0.00	8	0.71	0.76	14036	0.966	0.24	4017	0.909
EID3	0.00	8	0.71	0.76	14037	0.966	0.24	4016	0.909
LPAR2	0.00	8	0.71	0.76	14038	0.966	0.24	4015	0.909
CEP112	0.00	8	0.71	0.76	14039	0.966	0.24	4014	0.909
PCDHGB1	0.00	8	0.71	0.76	14040	0.966	0.24	4013	0.909
KLHL38	0.00	8	0.71	0.76	14041	0.966	0.24	4012	0.909
C5orf46	0.00	6	0.71	0.76	14042	0.966	0.24	4011	0.909
APOBR	0.00	8	0.71	0.76	14043	0.966	0.24	4010	0.909
OR5R1	0.00	8	0.71	0.76	14044	0.966	0.24	4009	0.909
GJB6	0.00	8	0.71	0.76	14045	0.966	0.24	4008	0.909
FAM184B	0.00	8	0.71	0.76	14046	0.966	0.24	4007	0.909
SLC12A1	0.01	8	0.71	0.761	14047	0.966	0.239	4006	0.909
DLEU7	0.01	8	0.71	0.761	14048	0.966	0.239	4005	0.909
FAM159B	0.01	8	0.71	0.761	14049	0.966	0.239	4004	0.909
NOA1	0.01	8	0.71	0.761	14050	0.966	0.239	4003	0.909
ZDHHC4	0.01	8	0.71	0.761	14051	0.966	0.239	4002	0.909
COL12A1	0.01	8	0.71	0.761	14052	0.966	0.239	4001	0.909
FUS	0.01	8	0.71	0.761	14053	0.966	0.239	4000	0.909
SCN2B	0.01	8	0.71	0.761	14054	0.966	0.239	3999	0.909
FAM111B	0.01	8	0.71	0.761	14055	0.966	0.239	3998	0.909
AGAP3	0.01	8	0.71	0.761	14056	0.966	0.239	3997	0.909
SELL	0.01	8	0.71	0.761	14057	0.966	0.239	3996	0.909
ACPL2	0.01	8	0.71	0.761	14058	0.966	0.239	3995	0.909
NKX2-2	0.01	8	0.71	0.761	14059	0.966	0.239	3994	0.909
TPTE	0.02	8	0.71	0.761	14060	0.966	0.239	3993	0.909
OLIG3	0.02	8	0.71	0.761	14061	0.966	0.239	3992	0.909
PIWIL1	0.02	8	0.71	0.761	14062	0.966	0.239	3991	0.909
EFHD2	0.02	8	0.71	0.761	14063	0.966	0.239	3990	0.909
CCDC149	0.02	8	0.71	0.761	14064	0.966	0.239	3989	0.909
ANO8	0.02	8	0.71	0.761	14065	0.966	0.239	3988	0.909
C10orf126	0.02	8	0.71	0.761	14066	0.966	0.239	3987	0.909
MFSD8	0.02	8	0.71	0.761	14067	0.966	0.239	3986	0.909
MRPL22	0.02	8	0.71	0.761	14068	0.966	0.239	3985	0.909
NUDT4	0.02	8	0.71	0.762	14069	0.966	0.238	3984	0.909
RILPL1	0.02	8	0.71	0.762	14070	0.966	0.238	3983	0.909
NAA11	0.02	8	0.71	0.762	14071	0.966	0.238	3982	0.909
ITGA2	0.02	8	0.71	0.762	14072	0.966	0.238	3981	0.909
ADH7	0.02	8	0.71	0.762	14073	0.966	0.238	3980	0.909
CLIC6	0.02	8	0.71	0.762	14074	0.966	0.238	3979	0.909
ABCC2	0.02	8	0.71	0.762	14075	0.966	0.238	3978	0.909
ZRANB3	0.02	8	0.71	0.762	14076	0.966	0.238	3977	0.909
OR51V1	0.02	8	0.71	0.762	14077	0.966	0.238	3976	0.909
CHMP4C	0.03	8	0.71	0.762	14078	0.966	0.238	3975	0.909
NCKAP5L	0.03	8	0.71	0.762	14079	0.966	0.238	3974	0.909
PUS7L	0.03	8	0.71	0.762	14080	0.966	0.238	3973	0.909
SUPT5H	0.03	8	0.71	0.762	14081	0.966	0.238	3972	0.909
FEZF2	0.03	8	0.71	0.762	14082	0.966	0.238	3971	0.909
BIRC2	0.03	8	0.71	0.762	14083	0.966	0.238	3970	0.909
GLI3	0.03	8	0.71	0.762	14084	0.966	0.238	3969	0.909
GRB10	0.03	8	0.71	0.763	14085	0.966	0.237	3968	0.909
RBM43	0.03	8	0.71	0.763	14086	0.966	0.237	3967	0.909
GLYATL3	0.03	8	0.71	0.763	14087	0.966	0.237	3966	0.909
CSF2	0.03	8	0.71	0.763	14088	0.966	0.237	3965	0.909
CHD9	0.03	8	0.72	0.763	14089	0.966	0.237	3964	0.909
PRR22	0.03	8	0.72	0.763	14090	0.966	0.237	3963	0.909
ADAMTS16	0.03	8	0.72	0.763	14091	0.966	0.237	3962	0.909
CD1B	0.03	8	0.72	0.763	14092	0.966	0.237	3961	0.909
CCDC39	0.04	8	0.72	0.763	14093	0.966	0.237	3960	0.909
FAM71C	0.04	8	0.72	0.763	14094	0.966	0.237	3959	0.909
SERPINA3	0.04	8	0.72	0.763	14095	0.966	0.237	3958	0.909
TSACC	0.03	6	0.72	0.763	14096	0.966	0.237	3957	0.909
LARP1B	0.03	6	0.72	0.763	14097	0.966	0.237	3956	0.909
TLDC2	0.04	8	0.72	0.763	14098	0.966	0.237	3955	0.909
RAB4A	0.04	8	0.72	0.763	14099	0.966	0.237	3954	0.909
NUDT16	0.04	8	0.72	0.763	14100	0.966	0.237	3953	0.909
VPS39	0.04	8	0.72	0.763	14101	0.966	0.237	3952	0.909
CCDC88A	0.04	8	0.72	0.763	14102	0.966	0.237	3951	0.909
C11orf91	0.04	8	0.72	0.763	14103	0.966	0.237	3950	0.909
MLF2	0.04	8	0.72	0.763	14104	0.966	0.237	3949	0.909
XIAP	0.04	8	0.72	0.763	14105	0.966	0.237	3948	0.909
TSC22D2	0.04	8	0.72	0.763	14106	0.966	0.237	3947	0.909
GRPEL2	0.04	8	0.72	0.763	14107	0.966	0.237	3946	0.909
PVRL4	0.04	8	0.72	0.764	14108	0.966	0.236	3945	0.909
ALAD	0.05	8	0.72	0.764	14109	0.966	0.236	3944	0.909
CCNG2	0.05	8	0.72	0.764	14110	0.966	0.236	3943	0.909
CDK12	0.05	8	0.72	0.764	14111	0.966	0.236	3942	0.909
TNFRSF13C	0.05	8	0.72	0.764	14112	0.966	0.236	3941	0.909
KRTAP10-9	0.02	2	0.72	0.764	14113	0.966	0.236	3940	0.909
NTN3	0.05	8	0.72	0.764	14114	0.966	0.236	3939	0.909
UGT1A6	0.05	8	0.72	0.764	14115	0.966	0.236	3938	0.909
ALAS1	0.05	8	0.72	0.764	14116	0.966	0.236	3937	0.909
PLEKHA1	0.05	8	0.72	0.764	14117	0.966	0.236	3936	0.909
TMEM106C	0.05	8	0.72	0.764	14118	0.966	0.236	3935	0.909
RFXAP	0.05	8	0.72	0.764	14119	0.966	0.236	3934	0.909
CCDC179	0.03	2	0.72	0.764	14120	0.966	0.236	3933	0.909
DCT	0.05	8	0.72	0.764	14121	0.966	0.236	3932	0.909
FAM98A	0.05	8	0.72	0.764	14122	0.966	0.236	3931	0.909
ARSK	0.05	8	0.72	0.764	14123	0.966	0.236	3930	0.909
RGR	0.05	8	0.72	0.764	14124	0.966	0.236	3929	0.909
ZNF503	0.05	8	0.72	0.764	14125	0.966	0.236	3928	0.909
SLC22A13	0.06	8	0.72	0.764	14126	0.966	0.236	3927	0.909
HHIPL1	0.06	8	0.72	0.764	14127	0.966	0.236	3926	0.909
DEFB124	0.06	8	0.72	0.765	14128	0.966	0.235	3925	0.909
LCE6A	0.06	8	0.72	0.765	14129	0.966	0.235	3924	0.909
ZBTB9	0.06	8	0.72	0.765	14130	0.966	0.235	3923	0.909
PP2D1	0.05	6	0.72	0.765	14131	0.966	0.235	3922	0.909
SEL1L3	0.06	8	0.72	0.765	14132	0.966	0.235	3921	0.909
RHAG	0.06	8	0.72	0.765	14133	0.966	0.235	3920	0.909
NKX2-3	0.06	8	0.72	0.765	14134	0.966	0.235	3919	0.909
C1S	0.06	8	0.72	0.765	14135	0.966	0.235	3918	0.909
CDK15	0.06	8	0.72	0.765	14136	0.966	0.235	3917	0.909
C1RL	0.06	8	0.72	0.765	14137	0.966	0.235	3916	0.909
KIAA0040	0.06	8	0.72	0.765	14138	0.966	0.235	3915	0.909
ASTN2	0.06	8	0.72	0.765	14139	0.966	0.235	3914	0.909
KIAA1432	0.06	8	0.72	0.765	14140	0.966	0.235	3913	0.909
PIGZ	0.06	8	0.72	0.765	14141	0.966	0.235	3912	0.909
HM13	0.07	8	0.72	0.765	14142	0.966	0.235	3911	0.909
MAP1LC3B	0.03	2	0.72	0.765	14143	0.966	0.235	3910	0.909
CNTNAP4	0.07	8	0.72	0.765	14144	0.966	0.235	3909	0.909
IRX1	0.07	8	0.72	0.765	14145	0.966	0.235	3908	0.909
ABCF2	0.07	8	0.72	0.765	14146	0.966	0.235	3907	0.909
LPHN1	0.07	8	0.72	0.765	14147	0.966	0.235	3906	0.909
CCDC12	0.07	8	0.72	0.765	14148	0.966	0.235	3905	0.909
FEM1A	0.07	8	0.72	0.765	14149	0.966	0.235	3904	0.909
SLC12A9	0.07	8	0.72	0.766	14150	0.966	0.234	3903	0.909
FLI1	0.07	8	0.73	0.766	14151	0.966	0.234	3902	0.909
MAP3K8	0.07	8	0.73	0.766	14152	0.966	0.234	3901	0.909
FKBP8	0.08	8	0.73	0.766	14153	0.966	0.234	3900	0.909
UGT3A1	0.08	8	0.73	0.766	14154	0.966	0.234	3899	0.909
COX15	0.08	8	0.73	0.766	14155	0.966	0.234	3898	0.909
MPPED2	0.08	8	0.73	0.766	14156	0.966	0.234	3897	0.909
FABP6	0.08	8	0.73	0.766	14157	0.966	0.234	3896	0.909
ATG4D	0.08	8	0.73	0.766	14158	0.966	0.234	3895	0.909
GSTO1	0.08	8	0.73	0.767	14159	0.966	0.233	3894	0.909
OAS3	0.07	6	0.73	0.767	14160	0.966	0.233	3893	0.909
PCBP4	0.08	8	0.73	0.767	14161	0.966	0.233	3892	0.909
WDFY4	0.08	8	0.73	0.767	14162	0.966	0.233	3891	0.909
OR2V2	0.08	8	0.73	0.767	14163	0.966	0.233	3890	0.909
RAP2C	0.09	8	0.73	0.767	14164	0.966	0.233	3889	0.909
PYHIN1	0.09	8	0.73	0.767	14165	0.966	0.233	3888	0.909
ZIC3	0.09	8	0.73	0.767	14166	0.966	0.233	3887	0.909
KIAA0101	0.09	8	0.73	0.767	14167	0.966	0.233	3886	0.909
ZFYVE28	0.09	8	0.73	0.767	14168	0.966	0.233	3885	0.909
SPACA1	0.09	8	0.73	0.767	14169	0.966	0.233	3884	0.909
SLC25A2	0.09	8	0.73	0.767	14170	0.966	0.233	3883	0.909
NMNAT3	0.09	8	0.73	0.767	14171	0.966	0.233	3882	0.909
SPSB3	0.09	8	0.73	0.767	14172	0.966	0.233	3881	0.909
CTF1	0.09	8	0.73	0.767	14173	0.966	0.233	3880	0.909
IQCA1	0.09	8	0.73	0.767	14174	0.966	0.233	3879	0.909
ANKS1B	0.09	8	0.73	0.767	14175	0.966	0.233	3878	0.909
KRTAP6-2	0.09	8	0.73	0.767	14176	0.966	0.233	3877	0.909
UBXN2A	0.09	8	0.73	0.767	14177	0.966	0.233	3876	0.909
TLX1NB	0.09	8	0.73	0.767	14178	0.966	0.233	3875	0.909
PLXNC1	0.09	8	0.73	0.767	14179	0.966	0.233	3874	0.909
ADAMTS10	0.09	8	0.73	0.767	14180	0.966	0.233	3873	0.909
GBAS	0.09	8	0.73	0.767	14181	0.966	0.233	3872	0.909
WNT10B	0.09	8	0.73	0.767	14182	0.966	0.233	3871	0.909
TTYH2	0.10	8	0.73	0.767	14183	0.966	0.233	3870	0.909
SMPD3	0.10	8	0.73	0.767	14184	0.966	0.233	3869	0.909
OR5AN1	0.10	8	0.73	0.768	14185	0.966	0.232	3868	0.909
KRTAP10-10	0.08	6	0.73	0.768	14186	0.966	0.232	3867	0.909
FOXR2	0.10	8	0.73	0.768	14187	0.966	0.232	3866	0.909
AGFG1	0.10	8	0.73	0.768	14188	0.966	0.232	3865	0.909
C12orf74	0.10	8	0.73	0.768	14189	0.966	0.232	3864	0.909
TEX38	0.10	8	0.73	0.768	14190	0.966	0.232	3863	0.909
LRRC48	0.10	8	0.73	0.768	14191	0.966	0.232	3862	0.909
GIT2	0.10	8	0.73	0.768	14192	0.966	0.232	3861	0.909
SDK1	0.10	8	0.73	0.768	14193	0.966	0.232	3860	0.909
SMUG1	0.10	8	0.73	0.768	14194	0.966	0.232	3859	0.909
PAK2	0.10	8	0.73	0.768	14195	0.966	0.232	3858	0.909
GJA10	0.10	8	0.73	0.768	14196	0.966	0.232	3857	0.909
TM4SF19	0.10	8	0.73	0.768	14197	0.966	0.232	3856	0.909
THUMPD2	0.11	8	0.73	0.768	14198	0.966	0.232	3855	0.909
KIF18A	0.11	8	0.73	0.768	14199	0.966	0.232	3854	0.909
ATP11B	0.11	8	0.73	0.768	14200	0.966	0.232	3853	0.909
LRRC8A	0.11	8	0.73	0.768	14201	0.966	0.232	3852	0.909
SEC24C	0.11	8	0.73	0.768	14202	0.966	0.232	3851	0.909
DCUN1D5	0.11	8	0.73	0.768	14203	0.966	0.232	3850	0.909
ADCY3	0.11	8	0.73	0.768	14204	0.966	0.232	3849	0.909
OTOP3	0.09	6	0.73	0.768	14205	0.966	0.232	3848	0.909
PDIA2	0.11	8	0.73	0.768	14206	0.966	0.232	3847	0.909
PWWP2B	0.11	8	0.73	0.768	14207	0.966	0.232	3846	0.909
ITIH2	0.11	8	0.73	0.768	14208	0.966	0.232	3845	0.909
IQCF5	0.11	8	0.73	0.768	14209	0.966	0.232	3844	0.909
EGR1	0.11	8	0.73	0.768	14210	0.966	0.232	3843	0.909
WIF1	0.11	8	0.73	0.769	14211	0.966	0.231	3842	0.909
SLC25A11	0.11	8	0.73	0.769	14212	0.966	0.231	3841	0.909
RIT2	0.11	8	0.73	0.769	14213	0.966	0.231	3840	0.909
KAZALD1	0.11	8	0.73	0.769	14214	0.966	0.231	3839	0.909
ZNF699	0.11	8	0.73	0.769	14215	0.966	0.231	3838	0.909
PTPLA	0.11	8	0.73	0.769	14216	0.966	0.231	3837	0.909
DIRAS3	0.11	8	0.74	0.769	14217	0.966	0.231	3836	0.909
MTG1	0.11	8	0.74	0.769	14218	0.966	0.231	3835	0.909
FGD4	0.12	8	0.74	0.769	14219	0.966	0.231	3834	0.909
CD68	0.12	8	0.74	0.769	14220	0.966	0.231	3833	0.909
PSAP	0.12	8	0.74	0.769	14221	0.966	0.231	3832	0.909
VWA3A	0.12	8	0.74	0.769	14222	0.966	0.231	3831	0.909
FMOD	0.12	8	0.74	0.769	14223	0.966	0.231	3830	0.909
RIPK2	0.12	8	0.74	0.769	14224	0.966	0.231	3829	0.909
DNAH6	0.12	8	0.74	0.769	14225	0.966	0.231	3828	0.909
OR52K1	0.12	8	0.74	0.769	14226	0.966	0.231	3827	0.909
ARL6IP4	0.12	8	0.74	0.769	14227	0.966	0.231	3826	0.909
SULT1B1	0.12	8	0.74	0.769	14228	0.966	0.231	3825	0.909
EMILIN2	0.12	8	0.74	0.769	14229	0.966	0.231	3824	0.909
SLC35F4	0.12	8	0.74	0.769	14230	0.966	0.231	3823	0.909
BCO2	0.12	8	0.74	0.769	14231	0.966	0.231	3822	0.909
ZNF621	0.12	8	0.74	0.77	14232	0.966	0.23	3821	0.909
SPERT	0.12	8	0.74	0.77	14233	0.966	0.23	3820	0.909
MATR3	0.12	8	0.74	0.77	14234	0.966	0.23	3819	0.909
MGAT5	0.12	8	0.74	0.77	14235	0.966	0.23	3818	0.909
DUSP22	0.12	8	0.74	0.77	14236	0.966	0.23	3817	0.909
CYYR1	0.12	8	0.74	0.77	14237	0.966	0.23	3816	0.909
GALK2	0.13	8	0.74	0.77	14238	0.966	0.23	3815	0.909
TAOK2	0.11	6	0.74	0.77	14239	0.966	0.23	3814	0.909
DUSP13	0.13	8	0.74	0.77	14240	0.966	0.23	3813	0.909
OR52N1	0.13	8	0.74	0.77	14241	0.966	0.23	3812	0.909
DCUN1D4	0.13	8	0.74	0.77	14242	0.966	0.23	3811	0.909
NPAP1	0.13	8	0.74	0.77	14243	0.966	0.23	3810	0.909
MACF1	0.13	8	0.74	0.77	14244	0.966	0.23	3809	0.909
NFKB1	0.13	8	0.74	0.77	14245	0.966	0.23	3808	0.909
PLSCR4	0.13	8	0.74	0.77	14246	0.966	0.23	3807	0.909
PIGG	0.13	8	0.74	0.77	14247	0.966	0.23	3806	0.909
COL6A3	0.13	8	0.74	0.77	14248	0.966	0.23	3805	0.909
WSCD1	0.13	8	0.74	0.77	14249	0.966	0.23	3804	0.909
PRDM14	0.13	8	0.74	0.77	14250	0.966	0.23	3803	0.909
MRPL3	0.13	8	0.74	0.77	14251	0.966	0.23	3802	0.909
PCDHB6	0.13	8	0.74	0.77	14252	0.966	0.23	3801	0.909
BBS9	0.13	8	0.74	0.77	14253	0.966	0.23	3800	0.909
NKX3-2	0.13	8	0.74	0.77	14254	0.966	0.23	3799	0.909
CAMK1G	0.14	8	0.74	0.771	14255	0.966	0.229	3798	0.909
OSBPL6	0.14	8	0.74	0.771	14256	0.966	0.229	3797	0.909
MAN2C1	0.14	8	0.74	0.771	14257	0.966	0.229	3796	0.909
C16orf74	0.14	8	0.74	0.771	14258	0.966	0.229	3795	0.909
HTRA3	0.14	8	0.74	0.771	14259	0.966	0.229	3794	0.909
PRSS57	0.14	8	0.74	0.771	14260	0.966	0.229	3793	0.909
FAM131A	0.14	8	0.74	0.771	14261	0.966	0.229	3792	0.909
CXCR3	0.14	8	0.74	0.771	14262	0.966	0.229	3791	0.909
SLIT2	0.14	8	0.74	0.771	14263	0.966	0.229	3790	0.909
LETMD1	0.14	8	0.74	0.771	14264	0.966	0.229	3789	0.909
RFX7	0.14	8	0.74	0.771	14265	0.966	0.229	3788	0.909
MSC	0.14	8	0.74	0.771	14266	0.966	0.229	3787	0.909
KBTBD7	0.15	8	0.74	0.771	14267	0.966	0.229	3786	0.909
CHRNA2	0.15	8	0.74	0.771	14268	0.966	0.229	3785	0.909
TMEM95	0.15	8	0.74	0.771	14269	0.966	0.229	3784	0.909
POU6F2	0.15	8	0.74	0.771	14270	0.966	0.229	3783	0.909
AJUBA	0.15	8	0.74	0.771	14271	0.966	0.229	3782	0.909
ORMDL1	0.15	8	0.74	0.771	14272	0.966	0.229	3781	0.909
FCER1G	0.15	8	0.74	0.771	14273	0.966	0.229	3780	0.909
MIEF2	0.15	8	0.74	0.772	14274	0.966	0.228	3779	0.909
TMEM189	0.15	8	0.74	0.772	14275	0.966	0.228	3778	0.909
LRRC19	0.07	2	0.74	0.772	14276	0.966	0.228	3777	0.909
PTGES3	0.11	4	0.74	0.772	14277	0.966	0.228	3776	0.909
ESPNL	0.15	8	0.74	0.772	14278	0.966	0.228	3775	0.909
C12orf23	0.15	8	0.74	0.772	14279	0.966	0.228	3774	0.909
OR4D5	0.15	8	0.74	0.772	14280	0.966	0.228	3773	0.909
NRGN	0.15	8	0.74	0.772	14281	0.966	0.228	3772	0.909
EVC	0.15	8	0.74	0.772	14282	0.966	0.228	3771	0.909
NUPR1L	0.15	8	0.74	0.772	14283	0.966	0.228	3770	0.909
RBPMS2	0.15	8	0.74	0.772	14284	0.966	0.228	3769	0.909
MFSD5	0.15	8	0.74	0.772	14285	0.966	0.228	3768	0.909
BAIAP2L1	0.15	8	0.74	0.772	14286	0.966	0.228	3767	0.909
EIF4E1B	0.15	8	0.75	0.772	14287	0.966	0.228	3766	0.909
TAAR8	0.15	8	0.75	0.772	14288	0.966	0.228	3765	0.909
SH2D6	0.15	8	0.75	0.772	14289	0.966	0.228	3764	0.909
ZNF474	0.16	8	0.75	0.772	14290	0.966	0.228	3763	0.909
ELMOD2	0.16	8	0.75	0.772	14291	0.966	0.228	3762	0.909
XK	0.16	8	0.75	0.772	14292	0.966	0.228	3761	0.909
IMPA2	0.16	8	0.75	0.772	14293	0.966	0.228	3760	0.909
STK4	0.16	8	0.75	0.772	14294	0.966	0.228	3759	0.909
AP2S1	0.16	8	0.75	0.772	14295	0.966	0.228	3758	0.909
C10orf12	0.16	8	0.75	0.772	14296	0.966	0.228	3757	0.909
PDE4D	0.16	8	0.75	0.772	14297	0.966	0.228	3756	0.909
LZTS1	0.16	8	0.75	0.772	14298	0.966	0.228	3755	0.909
CUZD1	0.16	8	0.75	0.772	14299	0.966	0.228	3754	0.909
XG	0.16	8	0.75	0.773	14300	0.966	0.227	3753	0.909
PLSCR2	0.16	8	0.75	0.773	14301	0.966	0.227	3752	0.909
ERBB2	0.16	8	0.75	0.773	14302	0.966	0.227	3751	0.909
ZBTB34	0.16	8	0.75	0.773	14303	0.966	0.227	3750	0.909
SLC25A40	0.16	8	0.75	0.773	14304	0.966	0.227	3749	0.909
DHRS9	0.16	8	0.75	0.773	14305	0.966	0.227	3748	0.909
GPR82	0.17	8	0.75	0.773	14306	0.966	0.227	3747	0.909
ZNF280B	0.17	8	0.75	0.773	14307	0.966	0.227	3746	0.909
OR1Q1	0.17	8	0.75	0.773	14308	0.966	0.227	3745	0.909
PPP1R27	0.17	8	0.75	0.773	14309	0.966	0.227	3744	0.909
SLC9C2	0.17	8	0.75	0.773	14310	0.966	0.227	3743	0.909
RPA3-AS1	0.17	8	0.75	0.773	14311	0.966	0.227	3742	0.909
SLC22A18AS	0.17	8	0.75	0.773	14312	0.966	0.227	3741	0.909
PDIA5	0.16	7	0.75	0.773	14313	0.966	0.227	3740	0.909
KIF5A	0.17	8	0.75	0.773	14314	0.966	0.227	3739	0.909
DOK3	0.17	8	0.75	0.773	14315	0.966	0.227	3738	0.909
MARCKS	0.17	8	0.75	0.773	14316	0.966	0.227	3737	0.909
PABPC5	0.17	8	0.75	0.773	14317	0.966	0.227	3736	0.909
KLHL25	0.17	8	0.75	0.773	14318	0.966	0.227	3735	0.909
FAM179A	0.17	8	0.75	0.773	14319	0.966	0.227	3734	0.909
TACSTD2	0.18	8	0.75	0.774	14320	0.966	0.226	3733	0.909
ZFR2	0.18	8	0.75	0.774	14321	0.966	0.226	3732	0.909
C5orf64	0.18	8	0.75	0.774	14322	0.966	0.226	3731	0.909
PREP	0.18	8	0.75	0.774	14323	0.966	0.226	3730	0.909
CIC	0.18	8	0.75	0.774	14324	0.966	0.226	3729	0.909
JAK2	0.18	8	0.75	0.774	14325	0.966	0.226	3728	0.909
LFNG	0.18	8	0.75	0.774	14326	0.966	0.226	3727	0.909
FGD1	0.18	8	0.75	0.774	14327	0.966	0.226	3726	0.909
FDCSP	0.18	8	0.75	0.774	14328	0.966	0.226	3725	0.909
IGF2R	0.18	8	0.75	0.774	14329	0.966	0.226	3724	0.909
LRP5L	0.18	8	0.75	0.774	14330	0.966	0.226	3723	0.909
KRTAP9-1	0.19	8	0.75	0.774	14331	0.966	0.226	3722	0.909
COQ2	0.19	8	0.75	0.774	14332	0.966	0.226	3721	0.909
TRDMT1	0.19	8	0.75	0.774	14333	0.966	0.226	3720	0.909
TENC1	0.19	8	0.75	0.774	14334	0.966	0.226	3719	0.909
TBX22	0.19	8	0.75	0.775	14335	0.966	0.225	3718	0.909
ZNF607	0.19	8	0.75	0.775	14336	0.966	0.225	3717	0.909
IFNK	0.19	8	0.75	0.775	14337	0.966	0.225	3716	0.909
FETUB	0.19	8	0.75	0.775	14338	0.966	0.225	3715	0.909
MME	0.19	8	0.75	0.775	14339	0.966	0.225	3714	0.909
DLG4	0.19	8	0.75	0.775	14340	0.966	0.225	3713	0.909
SLFN5	0.19	8	0.75	0.775	14341	0.966	0.225	3712	0.909
MAN2B2	0.19	8	0.75	0.775	14342	0.966	0.225	3711	0.909
CC2D2B	0.19	8	0.75	0.775	14343	0.966	0.225	3710	0.909
PPM1K	0.19	8	0.75	0.775	14344	0.966	0.225	3709	0.909
C2orf70	0.19	8	0.75	0.775	14345	0.966	0.225	3708	0.909
CCDC116	0.19	8	0.75	0.775	14346	0.966	0.225	3707	0.909
TTN	0.19	8	0.76	0.775	14347	0.966	0.225	3706	0.909
OLFML2B	0.19	8	0.76	0.775	14348	0.966	0.225	3705	0.909
ANP32A	0.19	8	0.76	0.775	14349	0.966	0.225	3704	0.909
HOXB3	0.19	8	0.76	0.775	14350	0.966	0.225	3703	0.909
IZUMO4	0.19	8	0.76	0.775	14351	0.966	0.225	3702	0.909
RASGRP1	0.20	8	0.76	0.775	14352	0.966	0.225	3701	0.909
CDK20	0.20	8	0.76	0.775	14353	0.966	0.225	3700	0.909
PFKL	0.20	8	0.76	0.775	14354	0.966	0.225	3699	0.909
SNTG1	0.20	8	0.76	0.775	14355	0.966	0.225	3698	0.909
LRRFIP2	0.20	8	0.76	0.775	14356	0.966	0.225	3697	0.909
NPFFR2	0.20	8	0.76	0.775	14357	0.966	0.225	3696	0.909
OSM	0.20	8	0.76	0.775	14358	0.966	0.225	3695	0.909
SNAI3	0.20	8	0.76	0.775	14359	0.966	0.225	3694	0.909
FAM150A	0.20	8	0.76	0.776	14360	0.966	0.224	3693	0.909
TRIM35	0.20	8	0.76	0.776	14361	0.966	0.224	3692	0.909
LIN52	0.20	8	0.76	0.776	14362	0.966	0.224	3691	0.909
ID1	0.20	8	0.76	0.776	14363	0.966	0.224	3690	0.909
ATXN7L1	0.20	8	0.76	0.776	14364	0.966	0.224	3689	0.909
AIP	0.21	8	0.76	0.776	14365	0.966	0.224	3688	0.909
TDRD3	0.21	8	0.76	0.776	14366	0.966	0.224	3687	0.909
SEPW1	0.21	8	0.76	0.776	14367	0.966	0.224	3686	0.909
GABRB1	0.21	8	0.76	0.776	14368	0.966	0.224	3685	0.909
DARC	0.21	8	0.76	0.776	14369	0.966	0.224	3684	0.909
ANGPTL3	0.21	8	0.76	0.776	14370	0.966	0.224	3683	0.909
LRCH3	0.21	8	0.76	0.776	14371	0.966	0.224	3682	0.909
OR10A5	0.21	8	0.76	0.776	14372	0.966	0.224	3681	0.909
CER1	0.21	8	0.76	0.776	14373	0.966	0.224	3680	0.909
SLC35F6	0.21	8	0.76	0.776	14374	0.966	0.224	3679	0.909
IL17RC	0.21	8	0.76	0.776	14375	0.966	0.224	3678	0.909
TRO	0.21	8	0.76	0.777	14376	0.966	0.223	3677	0.909
EPM2AIP1	0.22	8	0.76	0.777	14377	0.966	0.223	3676	0.909
STAG2	0.22	8	0.76	0.777	14378	0.966	0.223	3675	0.909
GJB3	0.22	8	0.76	0.777	14379	0.966	0.223	3674	0.909
C3orf30	0.22	8	0.76	0.777	14380	0.966	0.223	3673	0.909
EYA1	0.22	8	0.76	0.777	14381	0.966	0.223	3672	0.909
MYO1D	0.22	8	0.76	0.777	14382	0.966	0.223	3671	0.909
ALG10B	0.11	2	0.76	0.777	14383	0.966	0.223	3670	0.909
CDK19	0.22	8	0.76	0.777	14384	0.966	0.223	3669	0.909
OR10W1	0.22	8	0.76	0.777	14385	0.966	0.223	3668	0.909
AZI2	0.22	8	0.76	0.777	14386	0.966	0.223	3667	0.909
TMEM132B	0.22	8	0.76	0.777	14387	0.966	0.223	3666	0.909
TCEA3	0.22	8	0.76	0.777	14388	0.966	0.223	3665	0.909
GMNN	0.22	8	0.76	0.777	14389	0.966	0.223	3664	0.909
ALKBH5	0.22	8	0.76	0.777	14390	0.966	0.223	3663	0.909
EIF4H	0.22	8	0.76	0.777	14391	0.966	0.223	3662	0.909
B3GALNT2	0.22	8	0.76	0.777	14392	0.966	0.223	3661	0.909
ATP13A2	0.22	8	0.76	0.777	14393	0.966	0.223	3660	0.909
WISP2	0.22	8	0.76	0.777	14394	0.966	0.223	3659	0.909
ADRA1B	0.22	8	0.76	0.777	14395	0.966	0.223	3658	0.909
ASCL1	0.22	8	0.76	0.777	14396	0.966	0.223	3657	0.909
ZNF573	0.22	8	0.76	0.777	14397	0.966	0.223	3656	0.909
GCNT4	0.22	8	0.76	0.777	14398	0.966	0.223	3655	0.909
DIAPH2	0.22	8	0.76	0.777	14399	0.966	0.223	3654	0.909
LITAF	0.22	8	0.76	0.777	14400	0.966	0.223	3653	0.909
CRIP2	0.23	8	0.76	0.777	14401	0.966	0.223	3652	0.909
BCDIN3D	0.23	8	0.76	0.777	14402	0.966	0.223	3651	0.909
NDUFAF1	0.23	8	0.76	0.778	14403	0.966	0.222	3650	0.909
LGI2	0.23	8	0.76	0.778	14404	0.966	0.222	3649	0.909
LNP1	0.23	8	0.76	0.778	14405	0.966	0.222	3648	0.909
KLHL35	0.23	8	0.76	0.778	14406	0.966	0.222	3647	0.909
FOPNL	0.23	8	0.76	0.778	14407	0.966	0.222	3646	0.909
KLK15	0.23	8	0.76	0.778	14408	0.966	0.222	3645	0.909
SLC52A1	0.23	8	0.77	0.778	14409	0.966	0.222	3644	0.909
VGLL2	0.23	8	0.77	0.778	14410	0.966	0.222	3643	0.909
SCARB2	0.23	8	0.77	0.778	14411	0.966	0.222	3642	0.909
QSER1	0.24	8	0.77	0.778	14412	0.966	0.222	3641	0.909
WBP2NL	0.24	8	0.77	0.778	14413	0.966	0.222	3640	0.909
C10orf40	0.24	8	0.77	0.778	14414	0.966	0.222	3639	0.909
MOSPD3	0.24	8	0.77	0.778	14415	0.966	0.222	3638	0.909
MAPKAPK5	0.24	8	0.77	0.778	14416	0.966	0.222	3637	0.909
CTGF	0.24	8	0.77	0.778	14417	0.966	0.222	3636	0.909
GP6	0.24	8	0.77	0.778	14418	0.966	0.222	3635	0.909
CTDSP2	0.24	8	0.77	0.778	14419	0.966	0.222	3634	0.909
PYGB	0.24	8	0.77	0.778	14420	0.966	0.222	3633	0.909
SETMAR	0.24	8	0.77	0.779	14421	0.966	0.221	3632	0.909
ZNF627	0.24	8	0.77	0.779	14422	0.966	0.221	3631	0.909
DHX57	0.23	7	0.77	0.779	14423	0.966	0.221	3630	0.909
ACBD5	0.25	8	0.77	0.779	14424	0.966	0.221	3629	0.909
TESC	0.25	8	0.77	0.779	14425	0.966	0.221	3628	0.909
PARL	0.25	8	0.77	0.779	14426	0.966	0.221	3627	0.909
NOD2	0.25	8	0.77	0.779	14427	0.966	0.221	3626	0.909
CD5L	0.25	8	0.77	0.779	14428	0.966	0.221	3625	0.909
NXPE3	0.25	8	0.77	0.779	14429	0.966	0.221	3624	0.909
NPVF	0.23	7	0.77	0.779	14430	0.966	0.221	3623	0.909
KRTAP21-2	0.18	4	0.77	0.779	14431	0.966	0.221	3622	0.909
RGS21	0.22	6	0.77	0.779	14432	0.966	0.221	3621	0.909
DPY19L1	0.25	8	0.77	0.779	14433	0.966	0.221	3620	0.909
CCDC42B	0.25	8	0.77	0.779	14434	0.966	0.221	3619	0.909
PCTP	0.25	8	0.77	0.779	14435	0.966	0.221	3618	0.909
EIF4G3	0.25	8	0.77	0.779	14436	0.966	0.221	3617	0.909
GAS2L3	0.25	8	0.77	0.779	14437	0.966	0.221	3616	0.909
N4BP3	0.25	8	0.77	0.779	14438	0.966	0.221	3615	0.909
C10orf55	0.25	8	0.77	0.779	14439	0.966	0.221	3614	0.909
SNTG2	0.26	8	0.77	0.78	14440	0.966	0.22	3613	0.909
KIR3DL2	0.26	8	0.77	0.78	14441	0.966	0.22	3612	0.909
C15orf52	0.26	8	0.77	0.78	14442	0.966	0.22	3611	0.909
METTL7A	0.26	8	0.77	0.78	14443	0.966	0.22	3610	0.909
DSG3	0.26	8	0.77	0.78	14444	0.966	0.22	3609	0.909
ACTL9	0.26	8	0.77	0.78	14445	0.966	0.22	3608	0.909
FZD5	0.26	8	0.77	0.78	14446	0.966	0.22	3607	0.909
FXYD1	0.26	8	0.77	0.78	14447	0.966	0.22	3606	0.909
PNCK	0.26	8	0.77	0.78	14448	0.966	0.22	3605	0.909
USP15	0.26	8	0.77	0.78	14449	0.966	0.22	3604	0.909
AKTIP	0.26	8	0.77	0.78	14450	0.966	0.22	3603	0.909
CPNE1	0.26	8	0.77	0.78	14451	0.966	0.22	3602	0.909
WWP1	0.26	8	0.77	0.78	14452	0.966	0.22	3601	0.909
HNRNPF	0.26	8	0.77	0.78	14453	0.966	0.22	3600	0.909
SLC35C2	0.26	8	0.77	0.78	14454	0.966	0.22	3599	0.909
OR10H4	0.26	8	0.77	0.78	14455	0.966	0.22	3598	0.909
PPP4R2	0.13	2	0.77	0.78	14456	0.966	0.22	3597	0.909
ZFAND3	0.25	7	0.77	0.78	14457	0.966	0.22	3596	0.909
TRPM3	0.27	8	0.77	0.78	14458	0.966	0.22	3595	0.909
SCN4B	0.27	8	0.77	0.78	14459	0.966	0.22	3594	0.909
KIAA0232	0.27	8	0.77	0.78	14460	0.966	0.22	3593	0.909
SLC39A4	0.27	8	0.77	0.78	14461	0.966	0.22	3592	0.909
LIPH	0.27	8	0.77	0.78	14462	0.966	0.22	3591	0.909
APAF1	0.27	8	0.77	0.78	14463	0.966	0.22	3590	0.909
KRT18	0.23	6	0.77	0.78	14464	0.966	0.22	3589	0.909
HEPH	0.27	8	0.77	0.781	14465	0.966	0.219	3588	0.909
PGBD5	0.27	8	0.77	0.781	14466	0.966	0.219	3587	0.909
PTPRT	0.27	8	0.77	0.781	14467	0.966	0.219	3586	0.909
ALOX12	0.27	8	0.77	0.781	14468	0.966	0.219	3585	0.909
ZWINT	0.27	8	0.77	0.781	14469	0.966	0.219	3584	0.909
SSTR3	0.27	8	0.78	0.781	14470	0.966	0.219	3583	0.909
BRE	0.27	8	0.78	0.781	14471	0.966	0.219	3582	0.909
TTC14	0.27	8	0.78	0.781	14472	0.966	0.219	3581	0.909
POU1F1	0.27	8	0.78	0.781	14473	0.966	0.219	3580	0.909
LYL1	0.27	8	0.78	0.781	14474	0.966	0.219	3579	0.909
RP11-422N16.3	0.28	8	0.78	0.781	14475	0.966	0.219	3578	0.909
FGF13	0.28	8	0.78	0.781	14476	0.966	0.219	3577	0.909
MED13	0.28	8	0.78	0.781	14477	0.966	0.219	3576	0.909
AVL9	0.28	8	0.78	0.781	14478	0.966	0.219	3575	0.909
C3orf62	0.28	8	0.78	0.782	14479	0.966	0.218	3574	0.909
PAPOLA	0.28	8	0.78	0.782	14480	0.966	0.218	3573	0.909
SPP2	0.28	8	0.78	0.782	14481	0.966	0.218	3572	0.909
HEXB	0.28	8	0.78	0.782	14482	0.966	0.218	3571	0.909
FA2H	0.29	8	0.78	0.782	14483	0.966	0.218	3570	0.909
APOC3	0.29	8	0.78	0.782	14484	0.966	0.218	3569	0.909
IFT74	0.29	8	0.78	0.782	14485	0.966	0.218	3568	0.909
CARD18	0.29	8	0.78	0.782	14486	0.966	0.218	3567	0.909
HAS2	0.29	8	0.78	0.782	14487	0.966	0.218	3566	0.909
CEP128	0.29	8	0.78	0.782	14488	0.966	0.218	3565	0.909
IL4	0.29	8	0.78	0.782	14489	0.966	0.218	3564	0.909
ENAM	0.29	8	0.78	0.782	14490	0.966	0.218	3563	0.909
ZNF234	0.30	8	0.78	0.783	14491	0.966	0.217	3562	0.909
NDUFAF4	0.30	8	0.78	0.783	14492	0.966	0.217	3561	0.909
TM4SF5	0.30	8	0.78	0.783	14493	0.966	0.217	3560	0.909
MCMDC2	0.30	8	0.78	0.783	14494	0.966	0.217	3559	0.909
OR13C9	0.30	8	0.78	0.783	14495	0.966	0.217	3558	0.909
SMAD6	0.30	8	0.78	0.783	14496	0.966	0.217	3557	0.909
SORL1	0.30	8	0.78	0.783	14497	0.966	0.217	3556	0.909
XRCC4	0.30	8	0.78	0.783	14498	0.966	0.217	3555	0.909
PRSS50	0.30	8	0.78	0.783	14499	0.966	0.217	3554	0.909
PCDHGA6	0.30	8	0.78	0.783	14500	0.966	0.217	3553	0.909
LCN12	0.30	8	0.78	0.783	14501	0.966	0.217	3552	0.909
FHIT	0.30	8	0.78	0.783	14502	0.966	0.217	3551	0.909
ZNF121	0.30	8	0.78	0.783	14503	0.966	0.217	3550	0.909
LRRC17	0.30	8	0.78	0.783	14504	0.966	0.217	3549	0.909
CMTM7	0.30	8	0.78	0.783	14505	0.966	0.217	3548	0.909
GSTO2	0.30	8	0.78	0.783	14506	0.966	0.217	3547	0.909
MUM1L1	0.30	8	0.78	0.783	14507	0.966	0.217	3546	0.909
SOWAHA	0.30	8	0.78	0.783	14508	0.966	0.217	3545	0.909
SSX7	0.15	2	0.78	0.783	14509	0.966	0.217	3544	0.909
IPCEF1	0.31	8	0.78	0.783	14510	0.966	0.217	3543	0.909
LPCAT2	0.31	8	0.78	0.783	14511	0.966	0.217	3542	0.909
EVC2	0.31	8	0.78	0.784	14512	0.966	0.216	3541	0.909
FAM47E-STBD1	0.31	8	0.78	0.784	14513	0.966	0.216	3540	0.909
ZIM2	0.31	8	0.78	0.784	14514	0.966	0.216	3539	0.909
HSPH1	0.31	8	0.78	0.784	14515	0.966	0.216	3538	0.909
MAP4K3	0.31	8	0.78	0.784	14516	0.966	0.216	3537	0.909
RORB	0.31	8	0.78	0.784	14517	0.966	0.216	3536	0.909
FAM189A1	0.31	8	0.79	0.784	14518	0.966	0.216	3535	0.909
SCN11A	0.31	8	0.79	0.784	14519	0.966	0.216	3534	0.909
GRAMD4	0.31	8	0.79	0.784	14520	0.966	0.216	3533	0.909
PTPN2	0.31	8	0.79	0.784	14521	0.966	0.216	3532	0.909
ELFN1	0.31	8	0.79	0.784	14522	0.966	0.216	3531	0.909
GPR133	0.32	8	0.79	0.784	14523	0.966	0.216	3530	0.909
LPXN	0.32	8	0.79	0.784	14524	0.966	0.216	3529	0.909
ERVMER34-1	0.32	8	0.79	0.784	14525	0.966	0.216	3528	0.909
GSTM2	0.32	8	0.79	0.784	14526	0.966	0.216	3527	0.909
C3orf65	0.32	8	0.79	0.784	14527	0.966	0.216	3526	0.909
CPXM2	0.32	8	0.79	0.784	14528	0.966	0.216	3525	0.909
LEP	0.32	8	0.79	0.784	14529	0.966	0.216	3524	0.909
DEPDC4	0.32	8	0.79	0.784	14530	0.966	0.216	3523	0.909
SULT2A1	0.32	8	0.79	0.784	14531	0.966	0.216	3522	0.909
TEX261	0.32	8	0.79	0.784	14532	0.966	0.216	3521	0.909
DTWD2	0.32	8	0.79	0.784	14533	0.966	0.216	3520	0.909
MYL6B	0.32	8	0.79	0.785	14534	0.966	0.215	3519	0.909
BTBD3	0.32	8	0.79	0.785	14535	0.966	0.215	3518	0.909
HSD11B2	0.32	8	0.79	0.785	14536	0.966	0.215	3517	0.909
ARHGAP26	0.32	8	0.79	0.785	14537	0.966	0.215	3516	0.909
OR2T6	0.33	8	0.79	0.785	14538	0.966	0.215	3515	0.909
APOL6	0.33	8	0.79	0.785	14539	0.966	0.215	3514	0.909
PRODH	0.33	8	0.79	0.785	14540	0.966	0.215	3513	0.909
ZNF630	0.33	8	0.79	0.785	14541	0.966	0.215	3512	0.909
CPM	0.33	8	0.79	0.785	14542	0.966	0.215	3511	0.909
MAOB	0.33	8	0.79	0.785	14543	0.966	0.215	3510	0.909
MMP2	0.33	8	0.79	0.785	14544	0.966	0.215	3509	0.909
RPA4	0.33	8	0.79	0.785	14545	0.966	0.215	3508	0.909
HS6ST3	0.33	8	0.79	0.785	14546	0.966	0.215	3507	0.909
TMEM243	0.33	8	0.79	0.785	14547	0.966	0.215	3506	0.909
SLC5A6	0.33	8	0.79	0.785	14548	0.966	0.215	3505	0.909
KIAA1257	0.33	8	0.79	0.785	14549	0.966	0.215	3504	0.909
C22orf42	0.34	8	0.79	0.786	14550	0.966	0.214	3503	0.909
FSD1	0.34	8	0.79	0.786	14551	0.966	0.214	3502	0.909
UQCRQ	0.34	8	0.79	0.786	14552	0.966	0.214	3501	0.909
STEAP2	0.34	8	0.79	0.786	14553	0.966	0.214	3500	0.909
MFSD6L	0.34	8	0.79	0.786	14554	0.966	0.214	3499	0.909
C10orf120	0.34	8	0.79	0.786	14555	0.966	0.214	3498	0.909
CHST6	0.34	8	0.79	0.786	14556	0.966	0.214	3497	0.909
GDNF	0.34	8	0.79	0.786	14557	0.966	0.214	3496	0.909
BLVRA	0.34	8	0.79	0.786	14558	0.966	0.214	3495	0.909
ST6GALNAC6	0.34	8	0.79	0.786	14559	0.966	0.214	3494	0.909
C1orf61	0.34	8	0.79	0.786	14560	0.966	0.214	3493	0.909
OR10G7	0.34	8	0.79	0.786	14561	0.966	0.214	3492	0.909
UNC5B	0.34	8	0.79	0.786	14562	0.966	0.214	3491	0.909
NKX3-1	0.34	8	0.79	0.786	14563	0.966	0.214	3490	0.909
NAV3	0.34	8	0.79	0.786	14564	0.966	0.214	3489	0.909
TRIM27	0.34	8	0.79	0.786	14565	0.966	0.214	3488	0.909
CST1	0.35	8	0.79	0.786	14566	0.966	0.214	3487	0.909
HIST1H3G	0.17	2	0.79	0.786	14567	0.966	0.214	3486	0.909
RPS6KC1	0.35	8	0.79	0.786	14568	0.966	0.214	3485	0.909
IGFBP1	0.35	8	0.79	0.786	14569	0.966	0.214	3484	0.909
PFKFB4	0.35	8	0.79	0.786	14570	0.966	0.214	3483	0.909
RSG1	0.35	8	0.79	0.787	14571	0.966	0.213	3482	0.909
GOLGA7B	0.35	8	0.79	0.787	14572	0.966	0.213	3481	0.909
HTR3D	0.35	8	0.79	0.787	14573	0.966	0.213	3480	0.909
KRTAP17-1	0.35	8	0.79	0.787	14574	0.966	0.213	3479	0.909
GPR160	0.25	4	0.79	0.787	14575	0.966	0.213	3478	0.909
PHEX	0.35	8	0.79	0.787	14576	0.966	0.213	3477	0.909
BIN2	0.30	6	0.80	0.787	14577	0.966	0.213	3476	0.909
PHLPP2	0.35	8	0.80	0.787	14578	0.966	0.213	3475	0.909
IGSF10	0.35	8	0.80	0.787	14579	0.966	0.213	3474	0.909
PPIP5K1	0.35	8	0.80	0.787	14580	0.966	0.213	3473	0.909
ITPRIPL1	0.35	8	0.80	0.787	14581	0.966	0.213	3472	0.909
ALAS2	0.35	8	0.80	0.787	14582	0.966	0.213	3471	0.909
SLC39A8	0.35	8	0.80	0.787	14583	0.966	0.213	3470	0.909
HEPACAM2	0.36	8	0.80	0.787	14584	0.966	0.213	3469	0.909
C2ORF15	0.36	8	0.80	0.787	14585	0.966	0.213	3468	0.909
PLGRKT	0.36	8	0.80	0.787	14586	0.966	0.213	3467	0.909
HDDC3	0.36	8	0.80	0.787	14587	0.966	0.213	3466	0.909
WDFY3	0.36	8	0.80	0.787	14588	0.966	0.213	3465	0.909
BCL6	0.36	8	0.80	0.787	14589	0.966	0.213	3464	0.909
TTYH3	0.36	8	0.80	0.787	14590	0.966	0.213	3463	0.909
ZMYM6	0.36	8	0.80	0.788	14591	0.966	0.212	3462	0.909
NLRP8	0.36	8	0.80	0.788	14592	0.966	0.212	3461	0.909
KIAA1468	0.36	8	0.80	0.788	14593	0.966	0.212	3460	0.909
ZBTB20	0.37	8	0.80	0.788	14594	0.966	0.212	3459	0.909
FGF1	0.37	8	0.80	0.788	14595	0.966	0.212	3458	0.909
MDM4	0.37	8	0.80	0.788	14596	0.966	0.212	3457	0.909
PSG3	0.18	2	0.80	0.788	14597	0.966	0.212	3456	0.909
SELE	0.37	8	0.80	0.788	14598	0.966	0.212	3455	0.909
PLCG1	0.37	8	0.80	0.788	14599	0.966	0.212	3454	0.909
SPATA12	0.37	8	0.80	0.788	14600	0.966	0.212	3453	0.909
ATP5J2	0.19	2	0.80	0.788	14601	0.966	0.212	3452	0.909
DDX3Y	0.37	8	0.80	0.788	14602	0.966	0.212	3451	0.909
AICDA	0.37	8	0.80	0.788	14603	0.966	0.212	3450	0.909
CAST	0.37	8	0.80	0.788	14604	0.966	0.212	3449	0.909
CD207	0.37	8	0.80	0.788	14605	0.966	0.212	3448	0.909
NETO1	0.37	8	0.80	0.788	14606	0.966	0.212	3447	0.909
BLCAP	0.37	8	0.80	0.788	14607	0.966	0.212	3446	0.909
PENK	0.37	8	0.80	0.788	14608	0.966	0.212	3445	0.909
COA1	0.35	7	0.80	0.788	14609	0.966	0.212	3444	0.909
PCDHB14	0.37	8	0.80	0.788	14610	0.966	0.212	3443	0.909
CDNF	0.19	2	0.80	0.789	14611	0.966	0.211	3442	0.909
ZNF821	0.38	8	0.80	0.789	14612	0.966	0.211	3441	0.909
ZNF700	0.38	8	0.80	0.789	14613	0.966	0.211	3440	0.909
MAP1LC3A	0.38	8	0.80	0.789	14614	0.966	0.211	3439	0.909
CEP170	0.38	8	0.80	0.789	14615	0.966	0.211	3438	0.909
ULBP3	0.38	8	0.80	0.789	14616	0.966	0.211	3437	0.909
TFEB	0.38	8	0.80	0.789	14617	0.966	0.211	3436	0.909
C20orf78	0.38	8	0.80	0.789	14618	0.966	0.211	3435	0.909
ZNF629	0.33	6	0.80	0.789	14619	0.966	0.211	3434	0.909
DAGLB	0.38	8	0.80	0.789	14620	0.966	0.211	3433	0.909
NMUR2	0.39	8	0.80	0.789	14621	0.966	0.211	3432	0.909
PLEKHG4	0.39	8	0.80	0.789	14622	0.966	0.211	3431	0.909
BAIAP2	0.39	8	0.80	0.789	14623	0.966	0.211	3430	0.909
SMURF1	0.39	8	0.80	0.789	14624	0.966	0.211	3429	0.909
FBXW8	0.39	8	0.80	0.789	14625	0.966	0.211	3428	0.909
VSTM2L	0.39	8	0.80	0.789	14626	0.966	0.211	3427	0.909
MAP7	0.39	8	0.80	0.789	14627	0.966	0.211	3426	0.909
EFCC1	0.39	8	0.80	0.789	14628	0.966	0.211	3425	0.909
FAM219B	0.39	8	0.80	0.789	14629	0.966	0.211	3424	0.909
FAM126B	0.39	8	0.81	0.79	14630	0.966	0.21	3423	0.909
PCDHB3	0.39	8	0.81	0.79	14631	0.966	0.21	3422	0.909
SCAF11	0.39	8	0.81	0.79	14632	0.966	0.21	3421	0.909
FABP4	0.39	8	0.81	0.79	14633	0.966	0.21	3420	0.909
MTFR1	0.39	8	0.81	0.79	14634	0.966	0.21	3419	0.909
RNF145	0.39	8	0.81	0.79	14635	0.966	0.21	3418	0.909
MEIS2	0.39	8	0.81	0.79	14636	0.966	0.21	3417	0.909
HOXC9	0.39	8	0.81	0.79	14637	0.966	0.21	3416	0.909
EHMT1	0.39	8	0.81	0.79	14638	0.966	0.21	3415	0.909
SOAT2	0.39	8	0.81	0.79	14639	0.966	0.21	3414	0.909
BFSP1	0.39	8	0.81	0.79	14640	0.966	0.21	3413	0.909
ZNF527	0.39	8	0.81	0.79	14641	0.966	0.21	3412	0.909
HPDL	0.40	8	0.81	0.79	14642	0.966	0.21	3411	0.909
C4BPA	0.40	8	0.81	0.79	14643	0.966	0.21	3410	0.909
MACROD2	0.40	8	0.81	0.79	14644	0.966	0.21	3409	0.909
ACE2	0.40	8	0.81	0.79	14645	0.966	0.21	3408	0.909
DNAJB1	0.40	8	0.81	0.79	14646	0.966	0.21	3407	0.909
CARD9	0.40	8	0.81	0.79	14647	0.966	0.21	3406	0.909
NUDT12	0.40	8	0.81	0.79	14648	0.966	0.21	3405	0.909
DPP6	0.40	8	0.81	0.79	14649	0.966	0.21	3404	0.909
ARHGAP36	0.40	8	0.81	0.79	14650	0.966	0.21	3403	0.909
LACTB	0.40	8	0.81	0.79	14651	0.966	0.21	3402	0.909
UBXN2B	0.40	8	0.81	0.791	14652	0.966	0.209	3401	0.909
GCK	0.41	8	0.81	0.791	14653	0.966	0.209	3400	0.909
PLCB4	0.41	8	0.81	0.791	14654	0.966	0.209	3399	0.909
TCF7L2	0.41	8	0.81	0.791	14655	0.966	0.209	3398	0.909
FBN2	0.41	8	0.81	0.791	14656	0.966	0.209	3397	0.909
SLC26A6	0.41	8	0.81	0.791	14657	0.966	0.209	3396	0.909
ANKRD55	0.41	8	0.81	0.791	14658	0.966	0.209	3395	0.909
MCEE	0.41	8	0.81	0.791	14659	0.966	0.209	3394	0.909
SRPX	0.41	8	0.81	0.791	14660	0.966	0.209	3393	0.909
SNX3	0.41	8	0.81	0.791	14661	0.966	0.209	3392	0.909
TBX21	0.41	8	0.81	0.791	14662	0.966	0.209	3391	0.909
BARHL1	0.41	8	0.81	0.791	14663	0.966	0.209	3390	0.909
CCDC172	0.41	8	0.81	0.791	14664	0.966	0.209	3389	0.909
OR13A1	0.41	8	0.81	0.791	14665	0.966	0.209	3388	0.909
ACOT12	0.36	6	0.81	0.791	14666	0.966	0.209	3387	0.909
TMEM91	0.41	8	0.81	0.791	14667	0.966	0.209	3386	0.909
LRP1	0.41	8	0.81	0.791	14668	0.966	0.209	3385	0.909
NDUFB8	0.41	8	0.81	0.791	14669	0.966	0.209	3384	0.909
GPRC5D	0.41	8	0.81	0.791	14670	0.966	0.209	3383	0.909
TNS3	0.41	8	0.81	0.791	14671	0.966	0.209	3382	0.909
CXorf23	0.42	8	0.81	0.791	14672	0.966	0.209	3381	0.909
STXBP3	0.42	8	0.81	0.791	14673	0.966	0.209	3380	0.909
GTF3C6	0.42	8	0.81	0.791	14674	0.966	0.209	3379	0.909
GPR148	0.42	8	0.81	0.791	14675	0.966	0.209	3378	0.909
SPG11	0.42	8	0.81	0.791	14676	0.966	0.209	3377	0.909
FOXG1	0.42	8	0.81	0.791	14677	0.966	0.209	3376	0.909
PSD4	0.42	8	0.81	0.791	14678	0.966	0.209	3375	0.909
ANKEF1	0.42	8	0.81	0.791	14679	0.966	0.209	3374	0.909
GDF11	0.42	8	0.81	0.791	14680	0.966	0.209	3373	0.909
SIGLEC9	0.42	8	0.81	0.791	14681	0.966	0.209	3372	0.909
STMN2	0.42	8	0.81	0.791	14682	0.966	0.209	3371	0.909
UNC5D	0.42	8	0.81	0.791	14683	0.966	0.209	3370	0.909
CXorf57	0.42	8	0.81	0.792	14684	0.966	0.208	3369	0.909
CEP70	0.42	8	0.81	0.792	14685	0.966	0.208	3368	0.909
F9	0.42	8	0.81	0.792	14686	0.966	0.208	3367	0.909
CPN2	0.42	8	0.81	0.792	14687	0.966	0.208	3366	0.909
HIST1H3D	0.21	2	0.81	0.792	14688	0.966	0.208	3365	0.909
TREX1	0.42	8	0.81	0.792	14689	0.966	0.208	3364	0.909
LONP2	0.42	8	0.81	0.792	14690	0.966	0.208	3363	0.909
BTG1	0.42	8	0.81	0.792	14691	0.966	0.208	3362	0.909
ABCB10	0.42	8	0.81	0.792	14692	0.966	0.208	3361	0.909
VGLL4	0.42	8	0.81	0.792	14693	0.966	0.208	3360	0.909
CXorf27	0.42	8	0.81	0.792	14694	0.966	0.208	3359	0.909
BBX	0.42	8	0.81	0.792	14695	0.966	0.208	3358	0.909
ATP5G2	0.42	8	0.81	0.792	14696	0.966	0.208	3357	0.909
STAR	0.42	8	0.81	0.792	14697	0.966	0.208	3356	0.909
ASCL5	0.43	8	0.81	0.792	14698	0.966	0.208	3355	0.909
HIST1H2BO	0.30	4	0.81	0.792	14699	0.966	0.208	3354	0.909
OR4F6	0.43	8	0.81	0.792	14700	0.966	0.208	3353	0.909
TXNRD3	0.43	8	0.81	0.792	14701	0.966	0.208	3352	0.909
STAT1	0.43	8	0.81	0.792	14702	0.966	0.208	3351	0.909
EFCAB4B	0.43	8	0.81	0.792	14703	0.966	0.208	3350	0.909
MBD2	0.43	8	0.82	0.792	14704	0.966	0.208	3349	0.909
MRPL2	0.43	8	0.82	0.793	14705	0.966	0.207	3348	0.909
MAP3K9	0.43	8	0.82	0.793	14706	0.966	0.207	3347	0.909
ORAI1	0.43	8	0.82	0.793	14707	0.966	0.207	3346	0.909
VWA5A	0.38	6	0.82	0.793	14708	0.966	0.207	3345	0.909
CORO2B	0.44	8	0.82	0.793	14709	0.966	0.207	3344	0.909
MATN4	0.44	8	0.82	0.793	14710	0.966	0.207	3343	0.909
PODXL2	0.44	8	0.82	0.793	14711	0.966	0.207	3342	0.909
ZFHX3	0.44	8	0.82	0.793	14712	0.966	0.207	3341	0.909
MRGPRF	0.38	6	0.82	0.793	14713	0.966	0.207	3340	0.909
EMID1	0.44	8	0.82	0.793	14714	0.966	0.207	3339	0.909
PSAPL1	0.44	8	0.82	0.793	14715	0.966	0.207	3338	0.909
CHCHD6	0.44	8	0.82	0.793	14716	0.966	0.207	3337	0.909
CNGA2	0.44	8	0.82	0.793	14717	0.966	0.207	3336	0.909
NHLH2	0.44	8	0.82	0.793	14718	0.966	0.207	3335	0.909
MLN	0.44	8	0.82	0.793	14719	0.966	0.207	3334	0.909
PARP12	0.44	8	0.82	0.793	14720	0.966	0.207	3333	0.909
OR2AG2	0.45	8	0.82	0.793	14721	0.966	0.207	3332	0.909
TRDN	0.45	8	0.82	0.794	14722	0.966	0.206	3331	0.909
PTRHD1	0.45	8	0.82	0.794	14723	0.966	0.206	3330	0.909
NPAS2	0.45	8	0.82	0.794	14724	0.966	0.206	3329	0.909
CHST12	0.45	8	0.82	0.794	14725	0.966	0.206	3328	0.909
SLCO1C1	0.45	8	0.82	0.794	14726	0.966	0.206	3327	0.909
CCR4	0.45	8	0.82	0.794	14727	0.966	0.206	3326	0.909
LACE1	0.45	8	0.82	0.794	14728	0.966	0.206	3325	0.909
ROR1	0.45	8	0.82	0.794	14729	0.966	0.206	3324	0.909
C7orf50	0.45	8	0.82	0.794	14730	0.966	0.206	3323	0.909
SESN3	0.45	8	0.82	0.794	14731	0.966	0.206	3322	0.909
ZNFX1	0.45	8	0.82	0.794	14732	0.966	0.206	3321	0.909
STX6	0.46	8	0.82	0.794	14733	0.966	0.206	3320	0.909
SCYL3	0.46	8	0.82	0.794	14734	0.966	0.206	3319	0.909
HIST3H3	0.46	8	0.82	0.794	14735	0.966	0.206	3318	0.909
ZDHHC17	0.46	8	0.82	0.794	14736	0.966	0.206	3317	0.909
MYOD1	0.46	8	0.82	0.795	14737	0.966	0.205	3316	0.909
MYOF	0.46	8	0.82	0.795	14738	0.966	0.205	3315	0.909
GCNT1	0.46	8	0.82	0.795	14739	0.966	0.205	3314	0.909
DIS3L	0.46	8	0.82	0.795	14740	0.966	0.205	3313	0.909
PJA2	0.46	8	0.82	0.795	14741	0.966	0.205	3312	0.909
BTBD11	0.46	8	0.82	0.795	14742	0.966	0.205	3311	0.909
C5orf45	0.46	8	0.82	0.795	14743	0.966	0.205	3310	0.909
C2orf49	0.46	8	0.82	0.795	14744	0.966	0.205	3309	0.909
CEP44	0.46	8	0.82	0.795	14745	0.966	0.205	3308	0.909
FKBP1B	0.46	8	0.82	0.795	14746	0.966	0.205	3307	0.909
AHSA1	0.46	8	0.82	0.795	14747	0.966	0.205	3306	0.909
UBE2V1	0.23	2	0.82	0.795	14748	0.966	0.205	3305	0.909
USP28	0.47	8	0.82	0.795	14749	0.966	0.205	3304	0.909
CRISPLD2	0.47	8	0.82	0.795	14750	0.966	0.205	3303	0.909
TMEM17	0.47	8	0.83	0.795	14751	0.966	0.205	3302	0.909
GNG13	0.47	8	0.83	0.795	14752	0.966	0.205	3301	0.909
ELSPBP1	0.47	8	0.83	0.795	14753	0.966	0.205	3300	0.909
HLA-DOB	0.47	8	0.83	0.796	14754	0.966	0.204	3299	0.909
C7	0.48	8	0.83	0.796	14755	0.966	0.204	3298	0.909
OSBPL5	0.48	8	0.83	0.796	14756	0.966	0.204	3297	0.909
NECAP1	0.48	8	0.83	0.796	14757	0.966	0.204	3296	0.909
CYP11B2	0.48	8	0.83	0.796	14758	0.966	0.204	3295	0.909
NKX2-6	0.48	8	0.83	0.796	14759	0.966	0.204	3294	0.909
CH25H	0.48	8	0.83	0.796	14760	0.966	0.204	3293	0.909
PLA2G6	0.48	8	0.83	0.796	14761	0.966	0.204	3292	0.909
MFF	0.48	8	0.83	0.796	14762	0.966	0.204	3291	0.909
TMEM185A	0.48	8	0.83	0.796	14763	0.966	0.204	3290	0.909
DGUOK	0.48	8	0.83	0.796	14764	0.966	0.204	3289	0.909
C11orf44	0.48	8	0.83	0.796	14765	0.966	0.204	3288	0.909
ELOVL4	0.48	8	0.83	0.796	14766	0.966	0.204	3287	0.909
CLEC4E	0.48	8	0.83	0.796	14767	0.966	0.204	3286	0.909
PGAP3	0.48	8	0.83	0.796	14768	0.966	0.204	3285	0.909
C1QL1	0.48	8	0.83	0.796	14769	0.966	0.204	3284	0.909
SLC6A7	0.48	8	0.83	0.796	14770	0.966	0.204	3283	0.909
TBC1D9B	0.48	8	0.83	0.796	14771	0.966	0.204	3282	0.909
CLK1	0.48	8	0.83	0.796	14772	0.966	0.204	3281	0.909
IGFBP2	0.48	8	0.83	0.796	14773	0.966	0.204	3280	0.909
SCTR	0.48	8	0.83	0.796	14774	0.966	0.204	3279	0.909
CUTA	0.48	8	0.83	0.796	14775	0.966	0.204	3278	0.909
KIAA0895L	0.49	8	0.83	0.796	14776	0.966	0.204	3277	0.909
ANO10	0.49	8	0.83	0.796	14777	0.966	0.204	3276	0.909
ENTPD4	0.42	6	0.83	0.796	14778	0.966	0.204	3275	0.909
C15orf26	0.49	8	0.83	0.796	14779	0.966	0.204	3274	0.909
FAM135B	0.49	8	0.83	0.796	14780	0.966	0.204	3273	0.909
FER	0.49	8	0.83	0.796	14781	0.966	0.204	3272	0.909
ETHE1	0.49	8	0.83	0.797	14782	0.966	0.203	3271	0.909
ERVV-1	0.35	4	0.83	0.797	14783	0.966	0.203	3270	0.909
ZNF12	0.49	8	0.83	0.797	14784	0.966	0.203	3269	0.909
C17orf51	0.49	8	0.83	0.797	14785	0.966	0.203	3268	0.909
ELAVL2	0.49	8	0.83	0.797	14786	0.966	0.203	3267	0.909
GRIK1	0.49	8	0.83	0.797	14787	0.966	0.203	3266	0.909
OCIAD2	0.49	8	0.83	0.797	14788	0.966	0.203	3265	0.909
NACA2	0.49	8	0.83	0.797	14789	0.966	0.203	3264	0.909
MRGPRX2	0.49	8	0.83	0.797	14790	0.966	0.203	3263	0.909
RGS9BP	0.49	8	0.83	0.797	14791	0.966	0.203	3262	0.909
PIM2	0.49	8	0.83	0.797	14792	0.966	0.203	3261	0.909
VIPR1	0.49	8	0.83	0.797	14793	0.966	0.203	3260	0.909
HS1BP3	0.49	8	0.83	0.797	14794	0.966	0.203	3259	0.909
HBE1	0.49	8	0.83	0.797	14795	0.966	0.203	3258	0.909
PRR24	0.49	8	0.83	0.797	14796	0.966	0.203	3257	0.909
GTSF1L	0.49	8	0.83	0.797	14797	0.966	0.203	3256	0.909
MIER2	0.49	8	0.83	0.797	14798	0.966	0.203	3255	0.909
DDIT3	0.49	8	0.83	0.797	14799	0.966	0.203	3254	0.909
OR10A3	0.49	8	0.83	0.797	14800	0.966	0.203	3253	0.909
MAPKBP1	0.50	8	0.83	0.797	14801	0.966	0.203	3252	0.909
RPGR	0.50	8	0.83	0.797	14802	0.966	0.203	3251	0.909
MAP4K4	0.50	8	0.83	0.797	14803	0.966	0.203	3250	0.909
MXRA5	0.50	8	0.83	0.797	14804	0.966	0.203	3249	0.909
TTC32	0.50	8	0.83	0.797	14805	0.966	0.203	3248	0.909
MRPL53	0.50	8	0.83	0.797	14806	0.966	0.203	3247	0.909
COX7A1	0.50	8	0.83	0.797	14807	0.966	0.203	3246	0.909
ZNF334	0.50	8	0.83	0.797	14808	0.966	0.203	3245	0.909
TPK1	0.50	8	0.83	0.797	14809	0.966	0.203	3244	0.909
OMA1	0.50	8	0.83	0.797	14810	0.966	0.203	3243	0.909
PTDSS1	0.50	8	0.83	0.797	14811	0.966	0.203	3242	0.909
PPP6R3	0.50	8	0.83	0.797	14812	0.966	0.203	3241	0.909
SUN5	0.50	8	0.83	0.797	14813	0.966	0.203	3240	0.909
SERPINI2	0.50	8	0.83	0.797	14814	0.966	0.203	3239	0.909
RERE	0.50	8	0.83	0.797	14815	0.966	0.203	3238	0.909
INF2	0.50	8	0.83	0.798	14816	0.966	0.202	3237	0.909
ICOSLG	0.50	8	0.83	0.798	14817	0.966	0.202	3236	0.909
ASIP	0.51	8	0.83	0.798	14818	0.966	0.202	3235	0.909
DNTT	0.51	8	0.83	0.798	14819	0.966	0.202	3234	0.909
FGF23	0.51	8	0.83	0.798	14820	0.966	0.202	3233	0.909
CACNA2D1	0.51	8	0.83	0.798	14821	0.966	0.202	3232	0.909
PIK3CA	0.51	8	0.83	0.798	14822	0.966	0.202	3231	0.909
ZNF502	0.51	8	0.83	0.798	14823	0.966	0.202	3230	0.909
ACTBL2	0.51	8	0.83	0.798	14824	0.966	0.202	3229	0.909
ACSF3	0.51	8	0.83	0.798	14825	0.966	0.202	3228	0.909
YIPF7	0.51	8	0.83	0.798	14826	0.966	0.202	3227	0.909
TNKS2	0.51	8	0.84	0.798	14827	0.966	0.202	3226	0.909
ZCCHC6	0.51	8	0.84	0.798	14828	0.966	0.202	3225	0.909
SNAP23	0.51	8	0.84	0.798	14829	0.966	0.202	3224	0.909
PTPN6	0.51	8	0.84	0.798	14830	0.966	0.202	3223	0.909
LMBR1L	0.51	8	0.84	0.798	14831	0.966	0.202	3222	0.909
TOX4	0.51	8	0.84	0.798	14832	0.966	0.202	3221	0.909
C2orf68	0.45	6	0.84	0.798	14833	0.966	0.202	3220	0.909
CYB5A	0.52	8	0.84	0.798	14834	0.966	0.202	3219	0.909
FGL1	0.52	8	0.84	0.798	14835	0.966	0.202	3218	0.909
PML	0.52	8	0.84	0.798	14836	0.966	0.202	3217	0.909
TMEM179	0.52	8	0.84	0.799	14837	0.966	0.201	3216	0.909
IFNW1	0.52	8	0.84	0.799	14838	0.966	0.201	3215	0.909
DLX1	0.52	8	0.84	0.799	14839	0.966	0.201	3214	0.909
LETM2	0.52	8	0.84	0.799	14840	0.966	0.201	3213	0.909
TMEM126A	0.52	8	0.84	0.799	14841	0.966	0.201	3212	0.909
ZNF253	0.45	6	0.84	0.799	14842	0.966	0.201	3211	0.909
GAB3	0.52	8	0.84	0.799	14843	0.966	0.201	3210	0.909
OTOR	0.52	8	0.84	0.799	14844	0.966	0.201	3209	0.909
OR51B4	0.52	8	0.84	0.799	14845	0.966	0.201	3208	0.909
ODF3B	0.52	8	0.84	0.799	14846	0.966	0.201	3207	0.909
CBS	0.52	8	0.84	0.799	14847	0.966	0.201	3206	0.909
AGPS	0.52	8	0.84	0.799	14848	0.966	0.201	3205	0.909
ADM5	0.52	8	0.84	0.799	14849	0.966	0.201	3204	0.909
CYTH1	0.52	8	0.84	0.799	14850	0.966	0.201	3203	0.909
CNOT8	0.53	8	0.84	0.799	14851	0.966	0.201	3202	0.909
NPC1	0.53	8	0.84	0.799	14852	0.966	0.201	3201	0.909
GNGT2	0.53	8	0.84	0.799	14853	0.966	0.201	3200	0.909
PPP1R13B	0.53	8	0.84	0.799	14854	0.966	0.201	3199	0.909
SMKR1	0.53	8	0.84	0.799	14855	0.966	0.201	3198	0.909
HLX	0.53	8	0.84	0.799	14856	0.966	0.201	3197	0.909
PPP2R3A	0.53	8	0.84	0.799	14857	0.966	0.201	3196	0.909
FAM103A1	0.53	8	0.84	0.799	14858	0.966	0.201	3195	0.909
IL5RA	0.53	8	0.84	0.799	14859	0.966	0.201	3194	0.909
WDR49	0.53	8	0.84	0.799	14860	0.966	0.201	3193	0.909
MAGEC2	0.53	8	0.84	0.8	14861	0.966	0.2	3192	0.909
KIAA1024L	0.53	8	0.84	0.8	14862	0.966	0.2	3191	0.909
ATRN	0.53	8	0.84	0.8	14863	0.966	0.2	3190	0.909
PPP3CB	0.53	8	0.84	0.8	14864	0.966	0.2	3189	0.909
CDH24	0.53	8	0.84	0.8	14865	0.966	0.2	3188	0.909
AMPH	0.53	8	0.84	0.8	14866	0.966	0.2	3187	0.909
PLEKHG7	0.53	8	0.84	0.8	14867	0.966	0.2	3186	0.909
SEC61A2	0.53	8	0.84	0.8	14868	0.966	0.2	3185	0.909
MMP16	0.53	8	0.84	0.8	14869	0.966	0.2	3184	0.909
TRIB1	0.53	8	0.84	0.8	14870	0.966	0.2	3183	0.909
TIGD6	0.53	8	0.84	0.8	14871	0.966	0.2	3182	0.909
USP4	0.53	8	0.84	0.8	14872	0.966	0.2	3181	0.909
TYSND1	0.53	8	0.84	0.8	14873	0.966	0.2	3180	0.909
HAL	0.46	6	0.84	0.8	14874	0.966	0.2	3179	0.909
ELK4	0.54	8	0.84	0.8	14875	0.966	0.2	3178	0.909
OGFOD2	0.54	8	0.84	0.8	14876	0.966	0.2	3177	0.909
SLC25A21	0.54	8	0.84	0.8	14877	0.966	0.2	3176	0.909
FASTKD3	0.54	8	0.84	0.8	14878	0.966	0.2	3175	0.909
FAM169A	0.54	8	0.84	0.8	14879	0.966	0.2	3174	0.909
ANKMY2	0.54	8	0.84	0.8	14880	0.966	0.2	3173	0.909
DEFA6	0.54	8	0.84	0.8	14881	0.966	0.2	3172	0.909
CMC4	0.54	8	0.84	0.8	14882	0.966	0.2	3171	0.909
USP16	0.54	8	0.84	0.8	14883	0.966	0.2	3170	0.909
SSX5	0.38	4	0.84	0.8	14884	0.966	0.2	3169	0.909
C15orf60	0.54	8	0.84	0.801	14885	0.966	0.199	3168	0.909
HOMER2	0.55	8	0.84	0.801	14886	0.966	0.199	3167	0.909
C12orf75	0.55	8	0.84	0.801	14887	0.966	0.199	3166	0.909
TNFRSF13B	0.55	8	0.84	0.801	14888	0.966	0.199	3165	0.909
GALNT14	0.55	8	0.84	0.801	14889	0.966	0.199	3164	0.909
ZNF75A	0.55	8	0.85	0.801	14890	0.966	0.199	3163	0.909
GSX2	0.55	8	0.85	0.801	14891	0.966	0.199	3162	0.909
GPR155	0.55	8	0.85	0.801	14892	0.966	0.199	3161	0.909
C16orf98	0.55	8	0.85	0.801	14893	0.966	0.199	3160	0.909
SLC46A3	0.55	8	0.85	0.801	14894	0.966	0.199	3159	0.909
NFYA	0.55	8	0.85	0.801	14895	0.966	0.199	3158	0.909
RFWD3	0.55	8	0.85	0.801	14896	0.966	0.199	3157	0.909
CCDC150	0.56	8	0.85	0.801	14897	0.966	0.199	3156	0.909
C20orf195	0.56	8	0.85	0.802	14898	0.966	0.198	3155	0.909
FTHL17	0.56	8	0.85	0.802	14899	0.966	0.198	3154	0.909
TRIM22	0.56	8	0.85	0.802	14900	0.966	0.198	3153	0.909
TBC1D5	0.56	8	0.85	0.802	14901	0.966	0.198	3152	0.909
SPAM1	0.56	8	0.85	0.802	14902	0.966	0.198	3151	0.909
LMAN2L	0.56	8	0.85	0.802	14903	0.966	0.198	3150	0.909
TREM1	0.56	8	0.85	0.802	14904	0.966	0.198	3149	0.909
ARL6	0.49	6	0.85	0.802	14905	0.966	0.198	3148	0.909
CDV3	0.56	8	0.85	0.802	14906	0.966	0.198	3147	0.909
DNAAF1	0.56	8	0.85	0.802	14907	0.966	0.198	3146	0.909
PPP1R17	0.56	8	0.85	0.802	14908	0.966	0.198	3145	0.909
RAB21	0.56	8	0.85	0.802	14909	0.966	0.198	3144	0.909
LOXL3	0.56	8	0.85	0.802	14910	0.966	0.198	3143	0.909
C7orf65	0.56	8	0.85	0.802	14911	0.966	0.198	3142	0.909
IDH3B	0.56	8	0.85	0.802	14912	0.966	0.198	3141	0.909
KRTAP25-1	0.57	8	0.85	0.802	14913	0.966	0.198	3140	0.909
ERC1	0.57	8	0.85	0.802	14914	0.966	0.198	3139	0.909
BEND3	0.57	8	0.85	0.802	14915	0.966	0.198	3138	0.909
DOK4	0.57	8	0.85	0.802	14916	0.966	0.198	3137	0.909
C11orf49	0.57	8	0.85	0.802	14917	0.966	0.198	3136	0.909
BCR	0.57	8	0.85	0.802	14918	0.966	0.198	3135	0.909
PHYHD1	0.57	8	0.85	0.802	14919	0.966	0.198	3134	0.909
SLC19A1	0.57	8	0.85	0.802	14920	0.966	0.198	3133	0.909
SNURF	0.28	2	0.85	0.802	14921	0.966	0.198	3132	0.909
PIR	0.57	8	0.85	0.802	14922	0.966	0.198	3131	0.909
AMPD2	0.57	8	0.85	0.802	14923	0.966	0.198	3130	0.909
OR2K2	0.57	8	0.85	0.802	14924	0.966	0.198	3129	0.909
ASB11	0.57	8	0.85	0.802	14925	0.966	0.198	3128	0.909
EVI5L	0.57	8	0.85	0.802	14926	0.966	0.198	3127	0.909
KBTBD12	0.57	8	0.85	0.802	14927	0.966	0.198	3126	0.909
C19orf60	0.57	8	0.85	0.802	14928	0.966	0.198	3125	0.909
TXNDC8	0.50	6	0.85	0.803	14929	0.966	0.197	3124	0.909
TCEB3	0.57	8	0.85	0.803	14930	0.966	0.197	3123	0.909
GFOD1	0.57	8	0.85	0.803	14931	0.966	0.197	3122	0.909
SLC26A5	0.58	8	0.85	0.803	14932	0.966	0.197	3121	0.909
BHMT	0.58	8	0.85	0.803	14933	0.966	0.197	3120	0.909
CNOT4	0.58	8	0.85	0.803	14934	0.966	0.197	3119	0.909
TRIP12	0.58	8	0.85	0.803	14935	0.966	0.197	3118	0.909
MFAP4	0.58	8	0.85	0.803	14936	0.966	0.197	3117	0.909
CCL15	0.50	6	0.85	0.803	14937	0.966	0.197	3116	0.909
SLC6A14	0.58	8	0.85	0.803	14938	0.966	0.197	3115	0.909
PSTPIP1	0.58	8	0.85	0.803	14939	0.966	0.197	3114	0.909
STAC2	0.58	8	0.85	0.803	14940	0.966	0.197	3113	0.909
G2E3	0.58	8	0.85	0.803	14941	0.966	0.197	3112	0.909
ZNF33A	0.58	8	0.85	0.803	14942	0.966	0.197	3111	0.909
PXK	0.58	8	0.85	0.803	14943	0.966	0.197	3110	0.909
ZDHHC19	0.59	8	0.85	0.803	14944	0.966	0.197	3109	0.909
OR1J1	0.59	8	0.85	0.803	14945	0.966	0.197	3108	0.909
RAF1	0.59	8	0.85	0.804	14946	0.966	0.196	3107	0.909
EVX2	0.59	8	0.85	0.804	14947	0.966	0.196	3106	0.909
MINPP1	0.51	6	0.86	0.804	14948	0.966	0.196	3105	0.909
GZMK	0.59	8	0.86	0.804	14949	0.966	0.196	3104	0.909
METTL15	0.59	8	0.86	0.804	14950	0.966	0.196	3103	0.909
OCA2	0.60	8	0.86	0.804	14951	0.966	0.196	3102	0.909
ARHGDIB	0.60	8	0.86	0.804	14952	0.966	0.196	3101	0.909
MMD2	0.60	8	0.86	0.804	14953	0.966	0.196	3100	0.909
HSDL1	0.60	8	0.86	0.804	14954	0.966	0.196	3099	0.909
RASGRP3	0.60	8	0.86	0.804	14955	0.966	0.196	3098	0.909
ELK3	0.60	8	0.86	0.804	14956	0.966	0.196	3097	0.909
GMPR2	0.60	8	0.86	0.804	14957	0.966	0.196	3096	0.909
SIM1	0.60	8	0.86	0.804	14958	0.966	0.196	3095	0.909
ZFP28	0.60	8	0.86	0.804	14959	0.966	0.196	3094	0.909
ZBTB21	0.60	8	0.86	0.804	14960	0.966	0.196	3093	0.909
BTBD18	0.60	8	0.86	0.804	14961	0.966	0.196	3092	0.909
REEP2	0.60	8	0.86	0.804	14962	0.966	0.196	3091	0.909
TWIST2	0.60	8	0.86	0.804	14963	0.966	0.196	3090	0.909
SPARC	0.60	8	0.86	0.805	14964	0.966	0.195	3089	0.909
GM2A	0.60	8	0.86	0.805	14965	0.966	0.195	3088	0.909
SLC12A5	0.60	8	0.86	0.805	14966	0.966	0.195	3087	0.909
FGF3	0.60	8	0.86	0.805	14967	0.966	0.195	3086	0.909
FAM229B	0.61	8	0.86	0.805	14968	0.966	0.195	3085	0.909
SLC5A4	0.61	8	0.86	0.805	14969	0.966	0.195	3084	0.909
FAM222A	0.61	8	0.86	0.805	14970	0.966	0.195	3083	0.909
GFRA4	0.61	8	0.86	0.805	14971	0.966	0.195	3082	0.909
HCK	0.61	8	0.86	0.805	14972	0.966	0.195	3081	0.909
PRAC1	0.53	6	0.86	0.805	14973	0.966	0.195	3080	0.909
UGT1A10	0.43	4	0.86	0.805	14974	0.966	0.195	3079	0.909
CELSR1	0.61	8	0.86	0.805	14975	0.966	0.195	3078	0.909
TMEM55B	0.61	8	0.86	0.805	14976	0.966	0.195	3077	0.909
C17orf107	0.61	8	0.86	0.805	14977	0.966	0.195	3076	0.909
FBXO11	0.62	8	0.86	0.805	14978	0.966	0.195	3075	0.909
SPTBN5	0.62	8	0.86	0.806	14979	0.966	0.194	3074	0.909
TMEM43	0.62	8	0.86	0.806	14980	0.966	0.194	3073	0.909
SPATA22	0.62	8	0.86	0.806	14981	0.966	0.194	3072	0.909
FES	0.62	8	0.86	0.806	14982	0.966	0.194	3071	0.909
CHSY1	0.62	8	0.86	0.806	14983	0.966	0.194	3070	0.909
NXF5	0.44	4	0.86	0.806	14984	0.966	0.194	3069	0.909
UBE2B	0.62	8	0.86	0.806	14985	0.966	0.194	3068	0.909
TWIST1	0.62	8	0.86	0.806	14986	0.966	0.194	3067	0.909
C9orf116	0.62	8	0.86	0.806	14987	0.966	0.194	3066	0.909
GAL3ST2	0.62	8	0.86	0.806	14988	0.966	0.194	3065	0.909
GP1BA	0.62	8	0.86	0.806	14989	0.966	0.194	3064	0.909
METTL6	0.62	8	0.86	0.806	14990	0.966	0.194	3063	0.909
REV1	0.62	8	0.86	0.806	14991	0.966	0.194	3062	0.909
GNRHR	0.62	8	0.86	0.806	14992	0.966	0.194	3061	0.909
SMPD1	0.63	8	0.86	0.806	14993	0.966	0.194	3060	0.909
TAS2R30	0.31	2	0.86	0.806	14994	0.966	0.194	3059	0.909
IRX2	0.63	8	0.86	0.806	14995	0.966	0.194	3058	0.909
GDPD1	0.63	8	0.86	0.806	14996	0.966	0.194	3057	0.909
C11orf63	0.63	8	0.86	0.806	14997	0.966	0.194	3056	0.909
MAPT	0.63	8	0.86	0.806	14998	0.966	0.194	3055	0.909
TFF2	0.63	8	0.86	0.806	14999	0.966	0.194	3054	0.909
RBP1	0.63	8	0.86	0.806	15000	0.966	0.194	3053	0.909
OR2M2	0.31	2	0.86	0.806	15001	0.966	0.194	3052	0.909
SPHK2	0.63	8	0.86	0.806	15002	0.966	0.194	3051	0.909
LAD1	0.63	8	0.87	0.807	15003	0.966	0.193	3050	0.909
MAPKAPK3	0.63	8	0.87	0.807	15004	0.966	0.193	3049	0.909
AP4B1	0.63	8	0.87	0.807	15005	0.966	0.193	3048	0.909
OXCT1	0.63	8	0.87	0.807	15006	0.966	0.193	3047	0.909
TPRG1	0.63	8	0.87	0.807	15007	0.966	0.193	3046	0.909
EGFP	1.48	44	0.87	0.807	15008	0.966	0.193	3045	0.909
CST8	0.63	8	0.87	0.807	15009	0.966	0.193	3044	0.909
NTN5	0.63	8	0.87	0.807	15010	0.966	0.193	3043	0.909
OSR1	0.63	8	0.87	0.807	15011	0.966	0.193	3042	0.909
C1QTNF3	0.64	8	0.87	0.807	15012	0.966	0.193	3041	0.909
PRKAA2	0.64	8	0.87	0.807	15013	0.966	0.193	3040	0.909
FBXL14	0.64	8	0.87	0.807	15014	0.966	0.193	3039	0.909
TMEM123	0.64	8	0.87	0.807	15015	0.966	0.193	3038	0.909
MICALCL	0.64	8	0.87	0.807	15016	0.966	0.193	3037	0.909
TBATA	0.64	8	0.87	0.807	15017	0.966	0.193	3036	0.909
EPHA6	0.64	8	0.87	0.807	15018	0.966	0.193	3035	0.909
MMAA	0.64	8	0.87	0.807	15019	0.966	0.193	3034	0.909
CDK2AP1	0.64	8	0.87	0.807	15020	0.966	0.193	3033	0.909
SLC38A5	0.64	8	0.87	0.808	15021	0.966	0.192	3032	0.909
ACLY	0.65	8	0.87	0.808	15022	0.966	0.192	3031	0.909
HTR3C	0.65	8	0.87	0.808	15023	0.966	0.192	3030	0.909
LRRC2	0.65	8	0.87	0.808	15024	0.966	0.192	3029	0.909
KNDC1	0.65	8	0.87	0.808	15025	0.966	0.192	3028	0.909
ZNF530	0.65	8	0.87	0.808	15026	0.966	0.192	3027	0.909
CA1	0.65	8	0.87	0.808	15027	0.966	0.192	3026	0.909
METTL21C	0.65	8	0.87	0.808	15028	0.966	0.192	3025	0.909
CRYBB3	0.65	8	0.87	0.808	15029	0.966	0.192	3024	0.909
PPM1E	0.65	8	0.87	0.808	15030	0.966	0.192	3023	0.909
ZNF66	0.33	2	0.87	0.808	15031	0.966	0.192	3022	0.909
FMNL3	0.65	8	0.87	0.808	15032	0.966	0.192	3021	0.909
IQGAP1	0.65	8	0.87	0.808	15033	0.966	0.192	3020	0.909
ARMCX3	0.65	8	0.87	0.808	15034	0.966	0.192	3019	0.909
NEU2	0.66	8	0.87	0.808	15035	0.966	0.192	3018	0.909
EPG5	0.66	8	0.87	0.808	15036	0.966	0.192	3017	0.909
CLK4	0.66	8	0.87	0.808	15037	0.966	0.192	3016	0.909
CYLC2	0.66	8	0.87	0.808	15038	0.966	0.192	3015	0.909
ZNF552	0.66	8	0.87	0.808	15039	0.966	0.192	3014	0.909
GAS6	0.66	8	0.87	0.808	15040	0.966	0.192	3013	0.909
EVI2A	0.66	8	0.87	0.808	15041	0.966	0.192	3012	0.909
KCNC3	0.66	8	0.87	0.808	15042	0.966	0.192	3011	0.909
RNF182	0.66	8	0.87	0.808	15043	0.966	0.192	3010	0.909
SLC25A35	0.66	8	0.87	0.808	15044	0.966	0.192	3009	0.909
DAO	0.66	8	0.87	0.808	15045	0.966	0.192	3008	0.909
EQTN	0.66	8	0.87	0.808	15046	0.966	0.192	3007	0.909
CYP2J2	0.66	8	0.87	0.809	15047	0.966	0.191	3006	0.909
CMIP	0.66	8	0.87	0.809	15048	0.966	0.191	3005	0.909
SLC2A1	0.66	8	0.87	0.809	15049	0.966	0.191	3004	0.909
MTX3	0.66	8	0.87	0.809	15050	0.966	0.191	3003	0.909
CASC1	0.66	8	0.87	0.809	15051	0.966	0.191	3002	0.909
ANKRD66	0.66	8	0.87	0.809	15052	0.966	0.191	3001	0.909
GPATCH3	0.66	8	0.87	0.809	15053	0.966	0.191	3000	0.909
TRAFD1	0.66	8	0.87	0.809	15054	0.966	0.191	2999	0.909
FATE1	0.67	8	0.87	0.809	15055	0.966	0.191	2998	0.909
NGEF	0.67	8	0.87	0.809	15056	0.966	0.191	2997	0.909
C6orf163	0.67	8	0.87	0.809	15057	0.966	0.191	2996	0.909
MAPRE1	0.67	8	0.87	0.809	15058	0.966	0.191	2995	0.909
MID1	0.67	8	0.87	0.809	15059	0.966	0.191	2994	0.909
RNF112	0.67	8	0.87	0.809	15060	0.966	0.191	2993	0.909
LNPEP	0.67	8	0.88	0.809	15061	0.966	0.191	2992	0.909
ZNF584	0.67	8	0.88	0.809	15062	0.966	0.191	2991	0.909
TMEM132C	0.67	8	0.88	0.809	15063	0.966	0.191	2990	0.909
SLC34A1	0.67	8	0.88	0.809	15064	0.966	0.191	2989	0.909
PLCL1	0.67	8	0.88	0.809	15065	0.966	0.191	2988	0.909
TCEAL5	0.67	8	0.88	0.809	15066	0.966	0.191	2987	0.909
GABRG3	0.67	8	0.88	0.81	15067	0.966	0.19	2986	0.909
SLCO6A1	0.68	8	0.88	0.81	15068	0.966	0.19	2985	0.909
SNX30	0.68	8	0.88	0.81	15069	0.966	0.19	2984	0.909
WASF3	0.68	8	0.88	0.81	15070	0.966	0.19	2983	0.909
HNRNPA1	0.48	4	0.88	0.81	15071	0.966	0.19	2982	0.909
FAM3A	0.68	8	0.88	0.81	15072	0.966	0.19	2981	0.909
DYM	0.68	8	0.88	0.81	15073	0.966	0.19	2980	0.909
C14orf23	0.68	8	0.88	0.81	15074	0.966	0.19	2979	0.909
FTSJ1	0.68	8	0.88	0.81	15075	0.966	0.19	2978	0.909
GABRP	0.68	8	0.88	0.81	15076	0.966	0.19	2977	0.909
OR6C6	0.69	8	0.88	0.81	15077	0.966	0.19	2976	0.909
ARHGEF28	0.69	8	0.88	0.81	15078	0.966	0.19	2975	0.909
RHBDD1	0.69	8	0.88	0.81	15079	0.966	0.19	2974	0.909
GNPTAB	0.69	8	0.88	0.81	15080	0.966	0.19	2973	0.909
CNTN3	0.69	8	0.88	0.811	15081	0.966	0.189	2972	0.909
DHCR24	0.69	8	0.88	0.811	15082	0.966	0.189	2971	0.909
NEK8	0.69	8	0.88	0.811	15083	0.966	0.189	2970	0.909
ASL	0.69	8	0.88	0.811	15084	0.966	0.189	2969	0.909
LRRC61	0.69	8	0.88	0.811	15085	0.966	0.189	2968	0.909
TSHZ1	0.69	8	0.88	0.811	15086	0.966	0.189	2967	0.909
AMBN	0.69	8	0.88	0.811	15087	0.966	0.189	2966	0.909
CYCS	0.35	2	0.88	0.811	15088	0.966	0.189	2965	0.909
APLNR	0.69	8	0.88	0.811	15089	0.966	0.189	2964	0.909
DCAF17	0.70	8	0.88	0.811	15090	0.966	0.189	2963	0.909
ATP8A1	0.70	8	0.88	0.811	15091	0.966	0.189	2962	0.909
SOX18	0.70	8	0.88	0.811	15092	0.966	0.189	2961	0.909
PHF20L1	0.70	8	0.88	0.811	15093	0.966	0.189	2960	0.909
IMPG2	0.70	8	0.88	0.811	15094	0.966	0.189	2959	0.909
SGCD	0.70	8	0.88	0.811	15095	0.966	0.189	2958	0.909
QRFP	0.70	8	0.88	0.811	15096	0.966	0.189	2957	0.909
RNF165	0.70	8	0.88	0.811	15097	0.966	0.189	2956	0.909
CDC40	0.70	8	0.88	0.811	15098	0.966	0.189	2955	0.909
MYO3B	0.70	8	0.88	0.811	15099	0.966	0.189	2954	0.909
LEPREL1	0.70	8	0.88	0.811	15100	0.966	0.189	2953	0.909
SLC25A18	0.70	8	0.88	0.811	15101	0.966	0.189	2952	0.909
CCKAR	0.70	8	0.88	0.811	15102	0.966	0.189	2951	0.909
ISX	0.70	8	0.88	0.812	15103	0.966	0.188	2950	0.909
BTBD6	0.70	8	0.88	0.812	15104	0.966	0.188	2949	0.909
DCN	0.70	8	0.88	0.812	15105	0.966	0.188	2948	0.909
SHANK1	0.70	8	0.88	0.812	15106	0.966	0.188	2947	0.909
ACAA1	0.70	8	0.88	0.812	15107	0.966	0.188	2946	0.909
DYNLT1	0.71	8	0.88	0.812	15108	0.966	0.188	2945	0.909
KRT2	0.71	8	0.88	0.812	15109	0.966	0.188	2944	0.909
LRP12	0.61	6	0.88	0.812	15110	0.966	0.188	2943	0.909
ESRP1	0.71	8	0.88	0.812	15111	0.966	0.188	2942	0.909
KIAA1456	0.71	8	0.88	0.812	15112	0.966	0.188	2941	0.909
SP7	0.71	8	0.88	0.812	15113	0.966	0.188	2940	0.909
KLHL22	0.71	8	0.88	0.812	15114	0.966	0.188	2939	0.909
GPR21	0.71	8	0.88	0.812	15115	0.966	0.188	2938	0.909
NUDT19	0.71	8	0.88	0.812	15116	0.966	0.188	2937	0.909
UBE2Q2	0.71	8	0.88	0.812	15117	0.966	0.188	2936	0.909
PCDH20	0.71	8	0.88	0.812	15118	0.966	0.188	2935	0.909
CCDC178	0.71	8	0.89	0.812	15119	0.966	0.188	2934	0.909
NODAL	0.71	8	0.89	0.812	15120	0.966	0.188	2933	0.909
IGSF1	0.71	8	0.89	0.812	15121	0.966	0.188	2932	0.909
FAM120B	0.71	8	0.89	0.812	15122	0.966	0.188	2931	0.909
PWWP2A	0.71	8	0.89	0.812	15123	0.966	0.188	2930	0.909
TMPRSS11F	0.71	8	0.89	0.812	15124	0.966	0.188	2929	0.909
MBD1	0.71	8	0.89	0.812	15125	0.966	0.188	2928	0.909
TNNI3K	0.36	2	0.89	0.812	15126	0.966	0.188	2927	0.909
DPCR1	0.72	8	0.89	0.812	15127	0.966	0.188	2926	0.909
FBXO36	0.72	8	0.89	0.812	15128	0.966	0.188	2925	0.909
SCML2	0.72	8	0.89	0.812	15129	0.966	0.188	2924	0.909
CLDN1	0.72	8	0.89	0.812	15130	0.966	0.188	2923	0.909
PPP1R13L	0.72	8	0.89	0.813	15131	0.966	0.187	2922	0.909
MYH1	0.72	8	0.89	0.813	15132	0.966	0.187	2921	0.909
HDHD2	0.72	8	0.89	0.813	15133	0.966	0.187	2920	0.909
KIAA0895	0.72	8	0.89	0.813	15134	0.966	0.187	2919	0.909
FAM13C	0.72	8	0.89	0.813	15135	0.966	0.187	2918	0.909
GFM1	0.72	8	0.89	0.813	15136	0.966	0.187	2917	0.909
ASB1	0.72	8	0.89	0.813	15137	0.966	0.187	2916	0.909
MYL10	0.72	8	0.89	0.813	15138	0.966	0.187	2915	0.909
GPR125	0.72	8	0.89	0.813	15139	0.966	0.187	2914	0.909
ZNF280A	0.72	8	0.89	0.813	15140	0.966	0.187	2913	0.909
C11orf87	0.72	8	0.89	0.813	15141	0.966	0.187	2912	0.909
FAM78A	0.72	8	0.89	0.813	15142	0.966	0.187	2911	0.909
SAR1B	0.72	8	0.89	0.813	15143	0.966	0.187	2910	0.909
ALS2	0.73	8	0.89	0.813	15144	0.966	0.187	2909	0.909
NPTN	0.73	8	0.89	0.813	15145	0.966	0.187	2908	0.909
TTC21A	0.73	8	0.89	0.813	15146	0.966	0.187	2907	0.909
VDAC2	0.73	8	0.89	0.813	15147	0.966	0.187	2906	0.909
RPS4X	0.37	2	0.89	0.813	15148	0.966	0.187	2905	0.909
SLC22A4	0.73	8	0.89	0.814	15149	0.966	0.186	2904	0.909
BID	0.73	8	0.89	0.814	15150	0.966	0.186	2903	0.909
CWF19L1	0.37	2	0.89	0.814	15151	0.966	0.186	2902	0.909
HPSE	0.73	8	0.89	0.814	15152	0.966	0.186	2901	0.909
CYP4F22	0.74	8	0.89	0.814	15153	0.966	0.186	2900	0.909
XKR9	0.52	4	0.89	0.814	15154	0.966	0.186	2899	0.909
UPP1	0.74	8	0.89	0.814	15155	0.966	0.186	2898	0.909
ABHD4	0.74	8	0.89	0.814	15156	0.966	0.186	2897	0.909
ST6GALNAC3	0.74	8	0.89	0.814	15157	0.966	0.186	2896	0.909
UBN2	0.74	8	0.89	0.814	15158	0.966	0.186	2895	0.909
ZC3H12C	0.74	8	0.89	0.814	15159	0.966	0.186	2894	0.909
ERCC8	0.74	8	0.89	0.814	15160	0.966	0.186	2893	0.909
ADAMTS20	0.74	8	0.89	0.814	15161	0.966	0.186	2892	0.909
SEC24A	0.74	8	0.89	0.814	15162	0.966	0.186	2891	0.909
MRGPRX3	0.53	4	0.89	0.814	15163	0.966	0.186	2890	0.909
FAM129A	0.74	8	0.89	0.814	15164	0.966	0.186	2889	0.909
FGF7	0.75	8	0.89	0.814	15165	0.966	0.186	2888	0.909
DNAJB8	0.75	8	0.89	0.814	15166	0.966	0.186	2887	0.909
SIRPD	0.75	8	0.89	0.815	15167	0.966	0.185	2886	0.909
IFI30	0.75	8	0.89	0.815	15168	0.966	0.185	2885	0.909
G6PC2	0.75	8	0.89	0.815	15169	0.966	0.185	2884	0.909
CAMK2G	0.75	8	0.90	0.815	15170	0.966	0.185	2883	0.909
OR4C15	0.75	8	0.90	0.815	15171	0.966	0.185	2882	0.909
FAM181B	0.75	8	0.90	0.815	15172	0.966	0.185	2881	0.909
KCTD5	0.75	8	0.90	0.815	15173	0.966	0.185	2880	0.909
KIF1A	0.75	8	0.90	0.815	15174	0.966	0.185	2879	0.909
KLHDC4	0.75	8	0.90	0.815	15175	0.966	0.185	2878	0.909
TLE3	0.76	8	0.90	0.815	15176	0.966	0.185	2877	0.909
NENF	0.76	8	0.90	0.815	15177	0.966	0.185	2876	0.909
PCDHGA5	0.76	8	0.90	0.815	15178	0.966	0.185	2875	0.909
UQCR11	0.76	8	0.90	0.815	15179	0.966	0.185	2874	0.909
CPLX3	0.76	8	0.90	0.815	15180	0.966	0.185	2873	0.909
SLC5A11	0.76	8	0.90	0.815	15181	0.966	0.185	2872	0.909
ZNF606	0.76	8	0.90	0.815	15182	0.966	0.185	2871	0.909
SIPA1L2	0.66	6	0.90	0.815	15183	0.966	0.185	2870	0.909
C14orf79	0.71	7	0.90	0.815	15184	0.966	0.185	2869	0.909
ARRDC3	0.76	8	0.90	0.815	15185	0.966	0.185	2868	0.909
INSIG1	0.76	8	0.90	0.815	15186	0.966	0.185	2867	0.909
VWDE	0.76	8	0.90	0.815	15187	0.966	0.185	2866	0.909
PBRM1	0.76	8	0.90	0.815	15188	0.966	0.185	2865	0.909
MYO19	0.76	8	0.90	0.816	15189	0.966	0.184	2864	0.909
GOLGA4	0.76	8	0.90	0.816	15190	0.966	0.184	2863	0.909
GIMAP2	0.76	8	0.90	0.816	15191	0.966	0.184	2862	0.909
GLRA1	0.76	8	0.90	0.816	15192	0.966	0.184	2861	0.909
HHIP	0.77	8	0.90	0.816	15193	0.966	0.184	2860	0.909
CSTA	0.66	6	0.90	0.816	15194	0.966	0.184	2859	0.909
ZNF750	0.77	8	0.90	0.816	15195	0.966	0.184	2858	0.909
CTSC	0.67	6	0.90	0.816	15196	0.966	0.184	2857	0.909
PNPLA8	0.72	7	0.90	0.816	15197	0.966	0.184	2856	0.909
LAP3	0.77	8	0.90	0.816	15198	0.966	0.184	2855	0.909
C11orf30	0.77	8	0.90	0.816	15199	0.966	0.184	2854	0.909
CHMP3	0.39	2	0.90	0.816	15200	0.966	0.184	2853	0.909
TBC1D31	0.77	8	0.90	0.816	15201	0.966	0.184	2852	0.909
CTRL	0.77	8	0.90	0.816	15202	0.966	0.184	2851	0.909
MLF1	0.77	8	0.90	0.816	15203	0.966	0.184	2850	0.909
DMXL2	0.77	8	0.90	0.816	15204	0.966	0.184	2849	0.909
HIST1H2AD	0.72	7	0.90	0.816	15205	0.966	0.184	2848	0.909
KRTAP19-7	0.55	4	0.90	0.816	15206	0.966	0.184	2847	0.909
ZRANB1	0.77	8	0.90	0.816	15207	0.966	0.184	2846	0.909
CLCNKA	0.77	8	0.90	0.816	15208	0.966	0.184	2845	0.909
TRIB3	0.78	8	0.90	0.816	15209	0.966	0.184	2844	0.909
B4GALNT1	0.78	8	0.90	0.816	15210	0.966	0.184	2843	0.909
AKR1C4	0.55	4	0.90	0.816	15211	0.966	0.184	2842	0.909
C6orf57	0.78	8	0.90	0.816	15212	0.966	0.184	2841	0.909
AGAP2	0.78	8	0.90	0.817	15213	0.966	0.183	2840	0.909
KLRC1	0.78	8	0.90	0.817	15214	0.966	0.183	2839	0.909
EPHB3	0.78	8	0.90	0.817	15215	0.966	0.183	2838	0.909
LINGO1	0.78	8	0.90	0.817	15216	0.966	0.183	2837	0.909
OMD	0.78	8	0.90	0.817	15217	0.966	0.183	2836	0.909
MKRN2	0.78	8	0.90	0.817	15218	0.966	0.183	2835	0.909
CLLU1	0.78	8	0.90	0.817	15219	0.966	0.183	2834	0.909
TACR3	0.78	8	0.90	0.817	15220	0.966	0.183	2833	0.909
GPRASP1	0.78	8	0.90	0.817	15221	0.966	0.183	2832	0.909
LIPF	0.78	8	0.90	0.817	15222	0.966	0.183	2831	0.909
BIK	0.78	8	0.90	0.817	15223	0.966	0.183	2830	0.909
INHA	0.78	8	0.90	0.817	15224	0.966	0.183	2829	0.909
ALX1	0.79	8	0.90	0.817	15225	0.966	0.183	2828	0.909
TRAF1	0.79	8	0.90	0.817	15226	0.966	0.183	2827	0.909
RNF31	0.79	8	0.90	0.817	15227	0.966	0.183	2826	0.909
ANP32D	0.39	2	0.91	0.817	15228	0.966	0.183	2825	0.909
NT5C	0.79	8	0.91	0.817	15229	0.966	0.183	2824	0.909
CYP4Z1	0.79	8	0.91	0.817	15230	0.966	0.183	2823	0.909
BRMS1L	0.79	8	0.91	0.817	15231	0.966	0.183	2822	0.909
CPA4	0.79	8	0.91	0.817	15232	0.966	0.183	2821	0.909
ZNF132	0.79	8	0.91	0.818	15233	0.966	0.182	2820	0.909
SLC2A13	0.79	8	0.91	0.818	15234	0.966	0.182	2819	0.909
MCAT	0.79	8	0.91	0.818	15235	0.966	0.182	2818	0.909
CYP4V2	0.79	8	0.91	0.818	15236	0.966	0.182	2817	0.909
TFDP3	0.79	8	0.91	0.818	15237	0.966	0.182	2816	0.909
FAM114A2	0.80	8	0.91	0.818	15238	0.966	0.182	2815	0.909
MUSTN1	0.40	2	0.91	0.818	15239	0.966	0.182	2814	0.909
USB1	0.80	8	0.91	0.818	15240	0.966	0.182	2813	0.909
AGO2	0.80	8	0.91	0.818	15241	0.966	0.182	2812	0.909
GRK6	0.80	8	0.91	0.818	15242	0.966	0.182	2811	0.909
NCOA2	0.80	8	0.91	0.818	15243	0.966	0.182	2810	0.909
OBP2B	0.40	2	0.91	0.818	15244	0.966	0.182	2809	0.909
AP4M1	0.80	8	0.91	0.818	15245	0.966	0.182	2808	0.909
FZD10	0.80	8	0.91	0.818	15246	0.966	0.182	2807	0.909
CTRB1	0.80	8	0.91	0.818	15247	0.966	0.182	2806	0.909
CYTH2	0.80	8	0.91	0.818	15248	0.966	0.182	2805	0.909
PPIC	0.80	8	0.91	0.818	15249	0.966	0.182	2804	0.909
LYPD6B	0.80	8	0.91	0.818	15250	0.966	0.182	2803	0.909
FAHD2B	0.70	6	0.91	0.818	15251	0.966	0.182	2802	0.909
EIF4EBP3	0.80	8	0.91	0.818	15252	0.966	0.182	2801	0.909
PI4K2B	0.81	8	0.91	0.818	15253	0.966	0.182	2800	0.909
DUSP4	0.81	8	0.91	0.818	15254	0.966	0.182	2799	0.909
CREB3L3	0.81	8	0.91	0.818	15255	0.966	0.182	2798	0.909
CENPV	0.81	8	0.91	0.818	15256	0.966	0.182	2797	0.909
GPAM	0.81	8	0.91	0.818	15257	0.966	0.182	2796	0.909
C20orf26	0.81	8	0.91	0.818	15258	0.966	0.182	2795	0.909
OTX2	0.76	7	0.91	0.819	15259	0.966	0.181	2794	0.909
WDR13	0.81	8	0.91	0.819	15260	0.966	0.181	2793	0.909
PARP4	0.81	8	0.91	0.819	15261	0.966	0.181	2792	0.909
BMX	0.70	6	0.91	0.819	15262	0.966	0.181	2791	0.909
POPDC2	0.81	8	0.91	0.819	15263	0.966	0.181	2790	0.909
ZNF81	0.81	8	0.91	0.819	15264	0.966	0.181	2789	0.909
PLP2	0.82	8	0.91	0.819	15265	0.966	0.181	2788	0.909
MRPL30	0.82	8	0.91	0.819	15266	0.966	0.181	2787	0.909
GOT1L1	0.82	8	0.91	0.819	15267	0.966	0.181	2786	0.909
CFHR5	0.82	8	0.91	0.819	15268	0.966	0.181	2785	0.909
SHC2	0.82	8	0.91	0.819	15269	0.966	0.181	2784	0.909
CDH10	0.82	8	0.91	0.819	15270	0.966	0.181	2783	0.909
C11orf42	0.82	8	0.91	0.819	15271	0.966	0.181	2782	0.909
CLEC10A	0.82	8	0.91	0.819	15272	0.966	0.181	2781	0.909
CLCN7	0.82	8	0.91	0.819	15273	0.966	0.181	2780	0.909
LIPG	0.82	8	0.91	0.819	15274	0.966	0.181	2779	0.909
SRR	0.82	8	0.91	0.819	15275	0.966	0.181	2778	0.909
EPHB4	0.82	8	0.91	0.82	15276	0.966	0.18	2777	0.909
OR51A4	0.41	2	0.91	0.82	15277	0.966	0.18	2776	0.909
KRTAP21-1	0.58	4	0.91	0.82	15278	0.966	0.18	2775	0.909
ESRRB	0.82	8	0.91	0.82	15279	0.966	0.18	2774	0.909
NME7	0.82	8	0.91	0.82	15280	0.966	0.18	2773	0.909
OR6C74	0.83	8	0.91	0.82	15281	0.966	0.18	2772	0.909
KRTAP20-4	0.83	8	0.91	0.82	15282	0.966	0.18	2771	0.909
C8A	0.83	8	0.91	0.82	15283	0.966	0.18	2770	0.909
CAMK2N2	0.83	8	0.92	0.82	15284	0.966	0.18	2769	0.909
MAL	0.83	8	0.92	0.82	15285	0.966	0.18	2768	0.909
ZNF268	0.83	8	0.92	0.82	15286	0.966	0.18	2767	0.909
CYP19A1	0.83	8	0.92	0.82	15287	0.966	0.18	2766	0.909
RAB20	0.83	8	0.92	0.82	15288	0.966	0.18	2765	0.909
BHLHE22	0.83	8	0.92	0.82	15289	0.966	0.18	2764	0.909
TRIM32	0.83	8	0.92	0.82	15290	0.966	0.18	2763	0.909
PPP2R5A	0.83	8	0.92	0.82	15291	0.966	0.18	2762	0.909
ZC3H7B	0.83	8	0.92	0.82	15292	0.966	0.18	2761	0.909
CRNKL1	0.83	8	0.92	0.82	15293	0.966	0.18	2760	0.909
PAK7	0.83	8	0.92	0.82	15294	0.966	0.18	2759	0.909
MMAB	0.84	8	0.92	0.82	15295	0.966	0.18	2758	0.909
ADAMTS5	0.84	8	0.92	0.821	15296	0.966	0.179	2757	0.909
RNF180	0.84	8	0.92	0.821	15297	0.966	0.179	2756	0.909
CCAR2	0.84	8	0.92	0.821	15298	0.966	0.179	2755	0.909
KDM5A	0.79	7	0.92	0.821	15299	0.966	0.179	2754	0.909
CRIM1	0.84	8	0.92	0.821	15300	0.966	0.179	2753	0.909
FBXL15	0.85	8	0.92	0.821	15301	0.966	0.179	2752	0.909
HDC	0.85	8	0.92	0.821	15302	0.966	0.179	2751	0.909
UBBP4	0.42	2	0.92	0.821	15303	0.966	0.179	2750	0.909
NDST1	0.85	8	0.92	0.821	15304	0.966	0.179	2749	0.909
FAM13A	0.85	8	0.92	0.821	15305	0.966	0.179	2748	0.909
PPAPDC2	0.85	8	0.92	0.821	15306	0.966	0.179	2747	0.909
SDS	0.85	8	0.92	0.821	15307	0.966	0.179	2746	0.909
CREB3	0.85	8	0.92	0.821	15308	0.966	0.179	2745	0.909
KIAA1143	0.85	8	0.92	0.821	15309	0.966	0.179	2744	0.909
GRIN2C	0.85	8	0.92	0.821	15310	0.966	0.179	2743	0.909
RTP1	0.85	8	0.92	0.822	15311	0.966	0.178	2742	0.909
TSKS	0.85	8	0.92	0.822	15312	0.966	0.178	2741	0.909
SGK3	0.85	8	0.92	0.822	15313	0.966	0.178	2740	0.909
CYP2C9	0.74	6	0.92	0.822	15314	0.966	0.178	2739	0.909
CCDC68	0.86	8	0.92	0.822	15315	0.966	0.178	2738	0.909
SOSTDC1	0.86	8	0.92	0.822	15316	0.966	0.178	2737	0.909
FOXS1	0.86	8	0.92	0.822	15317	0.966	0.178	2736	0.909
KCNS3	0.86	8	0.92	0.822	15318	0.966	0.178	2735	0.909
KRTAP20-2	0.86	8	0.92	0.822	15319	0.966	0.178	2734	0.909
CCNE2	0.86	8	0.92	0.822	15320	0.966	0.178	2733	0.909
DIRC2	0.86	8	0.92	0.822	15321	0.966	0.178	2732	0.909
ABCA4	0.86	8	0.92	0.822	15322	0.966	0.178	2731	0.909
HPS6	0.86	8	0.92	0.822	15323	0.966	0.178	2730	0.909
BPNT1	0.86	8	0.92	0.822	15324	0.966	0.178	2729	0.909
ARL10	0.86	8	0.92	0.822	15325	0.966	0.178	2728	0.909
PLIN2	0.86	8	0.92	0.822	15326	0.966	0.178	2727	0.909
NLRP13	0.86	8	0.92	0.822	15327	0.966	0.178	2726	0.909
CXorf22	0.86	8	0.92	0.822	15328	0.966	0.178	2725	0.909
CMC1	0.61	4	0.92	0.822	15329	0.966	0.178	2724	0.909
EMX2	0.86	8	0.92	0.822	15330	0.966	0.178	2723	0.909
TBXAS1	0.86	8	0.92	0.822	15331	0.966	0.178	2722	0.909
ACSM1	0.86	8	0.92	0.822	15332	0.966	0.178	2721	0.909
LMBRD2	0.86	8	0.92	0.822	15333	0.966	0.178	2720	0.909
HAO2	0.86	8	0.92	0.822	15334	0.966	0.178	2719	0.909
KRT84	0.75	6	0.92	0.822	15335	0.966	0.178	2718	0.909
SSX1	0.61	4	0.92	0.823	15336	0.966	0.177	2717	0.909
ADAMTS9	0.87	8	0.93	0.823	15337	0.966	0.177	2716	0.909
PTPN4	0.87	8	0.93	0.823	15338	0.966	0.177	2715	0.909
THNSL2	0.87	8	0.93	0.823	15339	0.966	0.177	2714	0.909
KCNH3	0.87	8	0.93	0.823	15340	0.966	0.177	2713	0.909
ZDHHC13	0.88	8	0.93	0.823	15341	0.966	0.177	2712	0.909
MVB12B	0.88	8	0.93	0.823	15342	0.966	0.177	2711	0.909
SMOX	0.88	8	0.93	0.823	15343	0.966	0.177	2710	0.909
KANSL1L	0.88	8	0.93	0.823	15344	0.966	0.177	2709	0.909
STX2	0.88	8	0.93	0.823	15345	0.966	0.177	2708	0.909
HMX3	0.88	8	0.93	0.823	15346	0.966	0.177	2707	0.909
ARSB	0.88	8	0.93	0.823	15347	0.966	0.177	2706	0.909
CELF2	0.88	8	0.93	0.823	15348	0.966	0.177	2705	0.909
MOB1A	0.88	8	0.93	0.824	15349	0.966	0.176	2704	0.909
KCNQ2	0.89	8	0.93	0.824	15350	0.966	0.176	2703	0.909
PATE2	0.89	8	0.93	0.824	15351	0.966	0.176	2702	0.909
PRRT3	0.89	8	0.93	0.824	15352	0.966	0.176	2701	0.909
PCMTD2	0.89	8	0.93	0.824	15353	0.966	0.176	2700	0.909
MYL7	0.89	8	0.93	0.824	15354	0.966	0.176	2699	0.909
AP2B1	0.89	8	0.93	0.824	15355	0.966	0.176	2698	0.909
GH2	0.89	8	0.93	0.824	15356	0.966	0.176	2697	0.909
LAMP2	0.89	8	0.93	0.824	15357	0.966	0.176	2696	0.909
QRICH1	0.89	8	0.93	0.824	15358	0.966	0.176	2695	0.909
MPG	0.89	8	0.93	0.824	15359	0.966	0.176	2694	0.909
SPINK6	0.89	8	0.93	0.824	15360	0.966	0.176	2693	0.909
ARG1	0.83	7	0.93	0.824	15361	0.966	0.176	2692	0.909
VWA5B1	0.89	8	0.93	0.824	15362	0.966	0.176	2691	0.909
TNFRSF1A	0.89	8	0.93	0.824	15363	0.966	0.176	2690	0.909
QPCT	0.89	8	0.93	0.824	15364	0.966	0.176	2689	0.909
TMEM140	0.90	8	0.93	0.824	15365	0.966	0.176	2688	0.909
SLC1A2	0.90	8	0.93	0.824	15366	0.966	0.176	2687	0.909
UBE2E2	0.90	8	0.93	0.824	15367	0.966	0.176	2686	0.909
RAB40A	0.63	4	0.93	0.824	15368	0.966	0.176	2685	0.909
IL18R1	0.90	8	0.93	0.824	15369	0.966	0.176	2684	0.909
LAMA4	0.90	8	0.93	0.824	15370	0.966	0.176	2683	0.909
PITX2	0.90	8	0.93	0.825	15371	0.966	0.175	2682	0.909
IQGAP2	0.90	8	0.93	0.825	15372	0.966	0.175	2681	0.909
SCML1	0.90	8	0.93	0.825	15373	0.966	0.175	2680	0.909
DUSP11	0.90	8	0.93	0.825	15374	0.966	0.175	2679	0.909
DOCK1	0.90	8	0.93	0.825	15375	0.966	0.175	2678	0.909
ETV3L	0.90	8	0.93	0.825	15376	0.966	0.175	2677	0.909
SPANXN3	0.78	6	0.93	0.825	15377	0.966	0.175	2676	0.909
WNT6	0.90	8	0.93	0.825	15378	0.966	0.175	2675	0.909
FASTKD1	0.90	8	0.93	0.825	15379	0.966	0.175	2674	0.909
MTMR6	0.90	8	0.93	0.825	15380	0.966	0.175	2673	0.909
GRM7	0.90	8	0.93	0.825	15381	0.966	0.175	2672	0.909
PPP2R3C	0.90	8	0.93	0.825	15382	0.966	0.175	2671	0.909
OR4A15	0.91	8	0.93	0.825	15383	0.966	0.175	2670	0.909
SLC16A7	0.91	8	0.93	0.825	15384	0.966	0.175	2669	0.909
CERS5	0.91	8	0.94	0.825	15385	0.966	0.175	2668	0.909
NR3C2	0.91	8	0.94	0.825	15386	0.966	0.175	2667	0.909
PRRX2	0.91	8	0.94	0.825	15387	0.966	0.175	2666	0.909
SI	0.91	8	0.94	0.825	15388	0.966	0.175	2665	0.909
FAM153C	0.46	2	0.94	0.825	15389	0.966	0.175	2664	0.909
A2ML1	0.91	8	0.94	0.825	15390	0.966	0.175	2663	0.909
PCED1A	0.91	8	0.94	0.825	15391	0.966	0.175	2662	0.909
ZNF17	0.91	8	0.94	0.825	15392	0.966	0.175	2661	0.909
ZNF70	0.91	8	0.94	0.826	15393	0.966	0.174	2660	0.909
VWC2	0.91	8	0.94	0.826	15394	0.966	0.174	2659	0.909
IRX4	0.91	8	0.94	0.826	15395	0.966	0.174	2658	0.909
C7orf13	0.92	8	0.94	0.826	15396	0.966	0.174	2657	0.909
MRAS	0.92	8	0.94	0.826	15397	0.966	0.174	2656	0.909
SHOC2	0.92	8	0.94	0.826	15398	0.966	0.174	2655	0.909
NFIA	0.92	8	0.94	0.826	15399	0.966	0.174	2654	0.909
CEP170B	0.92	8	0.94	0.826	15400	0.966	0.174	2653	0.909
GABRG2	0.92	8	0.94	0.826	15401	0.966	0.174	2652	0.909
COQ10A	0.80	6	0.94	0.826	15402	0.966	0.174	2651	0.909
PCDHA2	0.92	8	0.94	0.826	15403	0.966	0.174	2650	0.909
QRFPR	0.92	8	0.94	0.826	15404	0.966	0.174	2649	0.909
PLAGL2	0.92	8	0.94	0.826	15405	0.966	0.174	2648	0.909
PKDCC	0.92	8	0.94	0.826	15406	0.966	0.174	2647	0.909
DHRS2	0.92	8	0.94	0.826	15407	0.966	0.174	2646	0.909
ULK1	0.92	8	0.94	0.826	15408	0.966	0.174	2645	0.909
MCUR1	0.93	8	0.94	0.826	15409	0.966	0.174	2644	0.909
EP400NL	0.93	8	0.94	0.826	15410	0.966	0.174	2643	0.909
ANKRD2	0.93	8	0.94	0.826	15411	0.966	0.174	2642	0.909
UQCC2	0.93	8	0.94	0.826	15412	0.966	0.174	2641	0.909
AKAP10	0.93	8	0.94	0.826	15413	0.966	0.174	2640	0.909
AXL	0.93	8	0.94	0.826	15414	0.966	0.174	2639	0.909
HERC1	0.93	8	0.94	0.826	15415	0.966	0.174	2638	0.909
ARF3	0.93	8	0.94	0.826	15416	0.966	0.174	2637	0.909
TP53AIP1	0.93	8	0.94	0.826	15417	0.966	0.174	2636	0.909
CST7	0.93	8	0.94	0.827	15418	0.966	0.173	2635	0.909
ZNF878	0.47	2	0.94	0.827	15419	0.966	0.173	2634	0.909
VPS54	0.93	8	0.94	0.827	15420	0.966	0.173	2633	0.909
RFTN2	0.93	8	0.94	0.827	15421	0.966	0.173	2632	0.909
LEMD3	0.93	8	0.94	0.827	15422	0.966	0.173	2631	0.909
SV2A	0.93	8	0.94	0.827	15423	0.966	0.173	2630	0.909
MRPS30	0.93	8	0.94	0.827	15424	0.966	0.173	2629	0.909
YLPM1	0.93	8	0.94	0.827	15425	0.966	0.173	2628	0.909
NDUFAF2	0.93	8	0.94	0.827	15426	0.966	0.173	2627	0.909
IFNA7	0.66	4	0.94	0.827	15427	0.966	0.173	2626	0.909
SHC1	0.93	8	0.94	0.827	15428	0.966	0.173	2625	0.909
PKDREJ	0.93	8	0.94	0.827	15429	0.966	0.173	2624	0.909
XKR7	0.93	8	0.94	0.827	15430	0.966	0.173	2623	0.909
TAF9	0.66	4	0.94	0.827	15431	0.966	0.173	2622	0.909
POU4F2	0.94	8	0.94	0.827	15432	0.966	0.173	2621	0.909
CPA1	0.94	8	0.94	0.827	15433	0.966	0.173	2620	0.909
STK32A	0.94	8	0.94	0.827	15434	0.966	0.173	2619	0.909
UGT2A1	0.94	8	0.94	0.827	15435	0.966	0.173	2618	0.909
OR51T1	0.94	8	0.94	0.827	15436	0.966	0.173	2617	0.909
RNF7	0.94	8	0.94	0.827	15437	0.966	0.173	2616	0.909
NOVA2	0.94	8	0.94	0.827	15438	0.966	0.173	2615	0.909
SH2D3A	0.94	8	0.94	0.827	15439	0.966	0.173	2614	0.909
PHTF1	0.94	8	0.94	0.827	15440	0.966	0.173	2613	0.909
ZNF625	0.82	6	0.94	0.827	15441	0.966	0.173	2612	0.909
ACADSB	0.94	8	0.94	0.827	15442	0.966	0.173	2611	0.909
ZNF608	0.94	8	0.94	0.827	15443	0.966	0.173	2610	0.909
LRG1	0.94	8	0.94	0.827	15444	0.966	0.173	2609	0.909
OR51F1	0.94	8	0.94	0.827	15445	0.966	0.173	2608	0.909
UBE2N	0.67	4	0.94	0.827	15446	0.966	0.173	2607	0.909
PRR25	0.82	6	0.94	0.827	15447	0.966	0.173	2606	0.909
MRPS26	0.95	8	0.94	0.828	15448	0.966	0.172	2605	0.909
KCNK5	0.95	8	0.94	0.828	15449	0.966	0.172	2604	0.909
C7orf60	0.95	8	0.94	0.828	15450	0.966	0.172	2603	0.909
PRB4	0.95	8	0.94	0.828	15451	0.966	0.172	2602	0.909
ZNF320	0.95	8	0.94	0.828	15452	0.966	0.172	2601	0.909
CALML4	0.95	8	0.95	0.828	15453	0.966	0.172	2600	0.909
BAZ2A	0.95	8	0.95	0.828	15454	0.966	0.172	2599	0.909
PTPLB	0.95	8	0.95	0.828	15455	0.966	0.172	2598	0.909
NEFM	0.95	8	0.95	0.828	15456	0.966	0.172	2597	0.909
CCDC59	0.95	8	0.95	0.828	15457	0.966	0.172	2596	0.909
CYP27A1	0.95	8	0.95	0.828	15458	0.966	0.172	2595	0.909
FEM1C	0.95	8	0.95	0.828	15459	0.966	0.172	2594	0.909
ARL2BP	0.68	4	0.95	0.828	15460	0.966	0.172	2593	0.909
RNLS	0.96	8	0.95	0.828	15461	0.966	0.172	2592	0.909
NTN1	0.96	8	0.95	0.828	15462	0.966	0.172	2591	0.909
IZUMO2	0.96	8	0.95	0.828	15463	0.966	0.172	2590	0.909
H1FNT	0.96	8	0.95	0.829	15464	0.966	0.171	2589	0.909
ERBB3	0.96	8	0.95	0.829	15465	0.966	0.171	2588	0.909
RHOBTB1	0.96	8	0.95	0.829	15466	0.966	0.171	2587	0.909
NRP2	0.96	8	0.95	0.829	15467	0.966	0.171	2586	0.909
ARHGAP31	0.96	8	0.95	0.829	15468	0.966	0.171	2585	0.909
ASTE1	0.96	8	0.95	0.829	15469	0.966	0.171	2584	0.909
OSBPL3	0.96	8	0.95	0.829	15470	0.966	0.171	2583	0.909
GABRA6	0.96	8	0.95	0.829	15471	0.966	0.171	2582	0.909
GPR78	0.96	8	0.95	0.829	15472	0.966	0.171	2581	0.909
ITPKA	0.97	8	0.95	0.829	15473	0.966	0.171	2580	0.909
TNFAIP6	0.97	8	0.95	0.829	15474	0.966	0.171	2579	0.909
EMB	0.97	8	0.95	0.829	15475	0.966	0.171	2578	0.909
BHLHE40	0.97	8	0.95	0.829	15476	0.966	0.171	2577	0.909
PFKM	0.97	8	0.95	0.829	15477	0.966	0.171	2576	0.909
ZNF880	0.97	8	0.95	0.829	15478	0.966	0.171	2575	0.909
SYNDIG1	0.97	8	0.95	0.829	15479	0.966	0.171	2574	0.909
SYN1	0.97	8	0.95	0.829	15480	0.966	0.171	2573	0.909
TMEM207	0.97	8	0.95	0.829	15481	0.966	0.171	2572	0.909
USP43	0.97	8	0.95	0.829	15482	0.966	0.171	2571	0.909
METTL21B	0.97	8	0.95	0.829	15483	0.966	0.171	2570	0.909
BPIFC	0.97	8	0.95	0.829	15484	0.966	0.171	2569	0.909
C12orf76	0.97	8	0.95	0.829	15485	0.966	0.171	2568	0.909
ECE2	0.97	8	0.95	0.829	15486	0.966	0.171	2567	0.909
TSPAN8	0.97	8	0.95	0.829	15487	0.966	0.171	2566	0.909
PTN	0.97	8	0.95	0.829	15488	0.966	0.171	2565	0.909
NLGN1	0.98	8	0.95	0.829	15489	0.966	0.171	2564	0.909
XAGE5	0.49	2	0.95	0.829	15490	0.966	0.171	2563	0.909
PIK3C2A	0.98	8	0.95	0.83	15491	0.966	0.17	2562	0.909
KCNQ1	0.98	8	0.95	0.83	15492	0.966	0.17	2561	0.909
ROPN1L	0.98	8	0.95	0.83	15493	0.966	0.17	2560	0.909
C17orf98	0.98	8	0.95	0.83	15494	0.966	0.17	2559	0.909
MANEA	0.85	6	0.95	0.83	15495	0.966	0.17	2558	0.909
ALDH1L1	0.98	8	0.95	0.83	15496	0.966	0.17	2557	0.909
C1orf158	0.98	8	0.95	0.83	15497	0.966	0.17	2556	0.909
CCDC117	0.98	8	0.95	0.83	15498	0.966	0.17	2555	0.909
NT5DC3	0.98	8	0.95	0.83	15499	0.966	0.17	2554	0.909
FOXRED1	0.98	8	0.95	0.83	15500	0.966	0.17	2553	0.909
TFF1	0.98	8	0.95	0.83	15501	0.966	0.17	2552	0.909
C20orf62	0.98	8	0.95	0.83	15502	0.966	0.17	2551	0.909
GIN1	0.99	8	0.95	0.83	15503	0.966	0.17	2550	0.909
RAB30	0.99	8	0.95	0.83	15504	0.966	0.17	2549	0.909
PCGF3	0.99	8	0.95	0.83	15505	0.966	0.17	2548	0.909
ZNF836	0.99	8	0.96	0.83	15506	0.966	0.17	2547	0.909
NHSL2	0.99	8	0.96	0.83	15507	0.966	0.17	2546	0.909
FSCN3	0.99	8	0.96	0.83	15508	0.966	0.17	2545	0.909
FLT3	0.99	8	0.96	0.83	15509	0.966	0.17	2544	0.909
BAX	0.99	8	0.96	0.831	15510	0.966	0.169	2543	0.909
ZFP91	1.00	8	0.96	0.831	15511	0.966	0.169	2542	0.909
C1orf51	1.00	8	0.96	0.831	15512	0.966	0.169	2541	0.909
CACNA1G	1.00	8	0.96	0.831	15513	0.966	0.169	2540	0.909
CAPZA3	1.00	8	0.96	0.831	15514	0.966	0.169	2539	0.909
GJD4	1.00	8	0.96	0.831	15515	0.966	0.169	2538	0.909
ERCC6	1.00	8	0.96	0.831	15516	0.966	0.169	2537	0.909
THSD7A	1.00	8	0.96	0.831	15517	0.966	0.169	2536	0.909
AEBP2	1.00	8	0.96	0.831	15518	0.966	0.169	2535	0.909
HPGDS	1.00	8	0.96	0.831	15519	0.966	0.169	2534	0.909
ABRA	1.00	8	0.96	0.831	15520	0.966	0.169	2533	0.909
MGP	1.00	8	0.96	0.831	15521	0.966	0.169	2532	0.909
PPARGC1A	1.00	8	0.96	0.831	15522	0.966	0.169	2531	0.909
HSD17B8	1.01	8	0.96	0.831	15523	0.966	0.169	2530	0.909
SIX1	1.01	8	0.96	0.832	15524	0.966	0.168	2529	0.909
ANO3	1.01	8	0.96	0.832	15525	0.966	0.168	2528	0.909
CD96	1.01	8	0.96	0.832	15526	0.966	0.168	2527	0.909
FAM198A	1.01	8	0.96	0.832	15527	0.966	0.168	2526	0.909
SLC46A2	1.02	8	0.96	0.832	15528	0.966	0.168	2525	0.909
AMMECR1L	1.02	8	0.96	0.832	15529	0.966	0.168	2524	0.909
BTLA	1.02	8	0.96	0.832	15530	0.966	0.168	2523	0.909
PDZD3	1.02	8	0.96	0.832	15531	0.966	0.168	2522	0.909
KRTAP22-1	1.02	8	0.96	0.832	15532	0.966	0.168	2521	0.909
C1orf210	1.02	8	0.96	0.832	15533	0.966	0.168	2520	0.909
OOEP	1.02	8	0.96	0.832	15534	0.966	0.168	2519	0.909
CHRNB3	1.02	8	0.96	0.832	15535	0.966	0.168	2518	0.909
PSENEN	1.02	8	0.96	0.832	15536	0.966	0.168	2517	0.909
OR7A5	1.02	8	0.96	0.833	15537	0.966	0.167	2516	0.909
UNC80	1.02	8	0.96	0.833	15538	0.966	0.167	2515	0.909
NUDT8	0.89	6	0.96	0.833	15539	0.966	0.167	2514	0.909
METTL25	0.89	6	0.96	0.833	15540	0.966	0.167	2513	0.909
KRBOX1	1.03	8	0.96	0.833	15541	0.966	0.167	2512	0.909
ANXA7	1.03	8	0.96	0.833	15542	0.966	0.167	2511	0.909
TPRXL	1.03	8	0.97	0.833	15543	0.966	0.167	2510	0.909
HEMGN	1.03	8	0.97	0.833	15544	0.966	0.167	2509	0.909
C6orf48	1.03	8	0.97	0.833	15545	0.966	0.167	2508	0.909
VIM	1.03	8	0.97	0.833	15546	0.966	0.167	2507	0.909
CCDC126	1.03	8	0.97	0.833	15547	0.966	0.167	2506	0.909
GNE	1.03	8	0.97	0.833	15548	0.966	0.167	2505	0.909
PYCR1	0.90	6	0.97	0.833	15549	0.966	0.167	2504	0.909
HINT2	1.03	8	0.97	0.833	15550	0.966	0.167	2503	0.909
BRINP2	1.04	8	0.97	0.833	15551	0.966	0.167	2502	0.909
ACPP	1.04	8	0.97	0.833	15552	0.966	0.167	2501	0.909
ZC4H2	1.04	8	0.97	0.833	15553	0.966	0.167	2500	0.909
AP5S1	1.04	8	0.97	0.833	15554	0.966	0.167	2499	0.909
DTWD1	0.90	6	0.97	0.833	15555	0.966	0.167	2498	0.909
PPP1R1A	1.04	8	0.97	0.833	15556	0.966	0.167	2497	0.909
HEPACAM	1.04	8	0.97	0.834	15557	0.966	0.166	2496	0.909
PCDH10	1.04	8	0.97	0.834	15558	0.966	0.166	2495	0.909
LPGAT1	1.04	8	0.97	0.834	15559	0.966	0.166	2494	0.909
M6PR	1.05	8	0.97	0.834	15560	0.966	0.166	2493	0.909
DLL4	1.05	8	0.97	0.834	15561	0.966	0.166	2492	0.909
ARMC10	1.05	8	0.97	0.834	15562	0.966	0.166	2491	0.909
CDK16	1.05	8	0.97	0.834	15563	0.966	0.166	2490	0.909
ECT2L	1.05	8	0.97	0.834	15564	0.966	0.166	2489	0.909
C21orf90	1.05	8	0.97	0.834	15565	0.966	0.166	2488	0.909
C5orf60	1.05	8	0.97	0.834	15566	0.966	0.166	2487	0.909
CXorf21	1.05	8	0.97	0.834	15567	0.966	0.166	2486	0.909
IFT172	1.05	8	0.97	0.834	15568	0.966	0.166	2485	0.909
CYP4F3	1.05	8	0.97	0.834	15569	0.966	0.166	2484	0.909
MSRB2	1.05	8	0.97	0.834	15570	0.966	0.166	2483	0.909
SYPL1	1.06	8	0.97	0.835	15571	0.966	0.165	2482	0.909
SH2D3C	1.06	8	0.97	0.835	15572	0.966	0.165	2481	0.909
PIANP	1.06	8	0.97	0.835	15573	0.966	0.165	2480	0.909
CXCL3	0.53	2	0.97	0.835	15574	0.966	0.165	2479	0.909
UNC45B	1.06	8	0.97	0.835	15575	0.966	0.165	2478	0.909
NEK6	1.06	8	0.97	0.835	15576	0.966	0.165	2477	0.909
FAT3	1.06	8	0.97	0.835	15577	0.966	0.165	2476	0.909
CUX2	1.06	8	0.97	0.835	15578	0.966	0.165	2475	0.909
OR5L2	0.92	6	0.97	0.835	15579	0.966	0.165	2474	0.909
TTPAL	1.06	8	0.97	0.835	15580	0.966	0.165	2473	0.909
ITLN1	1.06	8	0.97	0.835	15581	0.966	0.165	2472	0.909
TRAF3IP3	1.06	8	0.97	0.835	15582	0.966	0.165	2471	0.909
PCDHB10	1.06	8	0.97	0.835	15583	0.966	0.165	2470	0.909
KLF10	1.06	8	0.97	0.835	15584	0.966	0.165	2469	0.909
TIGIT	1.06	8	0.97	0.835	15585	0.966	0.165	2468	0.909
MYOT	1.07	8	0.97	0.835	15586	0.966	0.165	2467	0.909
LXN	1.07	8	0.98	0.835	15587	0.966	0.165	2466	0.909
HTR5A	1.07	8	0.98	0.835	15588	0.966	0.165	2465	0.909
ZNF227	1.07	8	0.98	0.835	15589	0.966	0.165	2464	0.909
FAM174A	1.07	8	0.98	0.835	15590	0.966	0.165	2463	0.909
STAB2	1.07	8	0.98	0.835	15591	0.966	0.165	2462	0.909
NOTCH4	0.93	6	0.98	0.835	15592	0.966	0.165	2461	0.909
OR2AG1	1.07	8	0.98	0.835	15593	0.966	0.165	2460	0.909
IGF2BP2	1.07	8	0.98	0.835	15594	0.966	0.165	2459	0.909
CPB2	1.07	8	0.98	0.835	15595	0.966	0.165	2458	0.909
LMAN2	1.07	8	0.98	0.836	15596	0.966	0.164	2457	0.909
IKZF1	1.07	8	0.98	0.836	15597	0.966	0.164	2456	0.909
KDELR3	1.07	8	0.98	0.836	15598	0.966	0.164	2455	0.909
OR5AC2	1.07	8	0.98	0.836	15599	0.966	0.164	2454	0.909
CSN1S1	1.07	8	0.98	0.836	15600	0.966	0.164	2453	0.909
OR5K2	0.54	2	0.98	0.836	15601	0.966	0.164	2452	0.909
CDK17	1.07	8	0.98	0.836	15602	0.966	0.164	2451	0.909
LMCD1	1.07	8	0.98	0.836	15603	0.966	0.164	2450	0.909
C15orf38	0.76	4	0.98	0.836	15604	0.966	0.164	2449	0.909
RCVRN	1.07	8	0.98	0.836	15605	0.966	0.164	2448	0.909
DUSP8	1.08	8	0.98	0.836	15606	0.966	0.164	2447	0.909
ASPHD2	1.08	8	0.98	0.836	15607	0.966	0.164	2446	0.909
YY2	1.08	8	0.98	0.836	15608	0.966	0.164	2445	0.909
TMEM190	1.08	8	0.98	0.836	15609	0.966	0.164	2444	0.909
HMX2	1.08	8	0.98	0.836	15610	0.966	0.164	2443	0.909
GPR15	1.08	8	0.98	0.836	15611	0.966	0.164	2442	0.909
ENPP6	1.08	8	0.98	0.836	15612	0.966	0.164	2441	0.909
TRIM8	1.08	8	0.98	0.836	15613	0.966	0.164	2440	0.909
P2RX7	1.08	8	0.98	0.836	15614	0.966	0.164	2439	0.909
SERPINE2	1.08	8	0.98	0.836	15615	0.966	0.164	2438	0.909
LRCH1	1.08	8	0.98	0.836	15616	0.966	0.164	2437	0.909
CHIC1	1.08	8	0.98	0.836	15617	0.966	0.164	2436	0.909
MYT1L	1.08	8	0.98	0.836	15618	0.966	0.164	2435	0.909
CIB3	1.08	8	0.98	0.836	15619	0.966	0.164	2434	0.909
CMTM4	1.08	8	0.98	0.836	15620	0.966	0.164	2433	0.909
CD163L1	1.08	8	0.98	0.836	15621	0.966	0.164	2432	0.909
CARTPT	1.08	8	0.98	0.836	15622	0.966	0.164	2431	0.909
KLRB1	1.08	8	0.98	0.836	15623	0.966	0.164	2430	0.909
TSPAN1	1.08	8	0.98	0.836	15624	0.966	0.164	2429	0.909
SH3BP2	1.08	8	0.98	0.836	15625	0.966	0.164	2428	0.909
SLC30A5	1.09	8	0.98	0.836	15626	0.966	0.164	2427	0.909
ZCCHC11	1.09	8	0.98	0.836	15627	0.966	0.164	2426	0.909
PLOD2	1.09	8	0.98	0.837	15628	0.966	0.163	2425	0.909
USP51	1.09	8	0.98	0.837	15629	0.966	0.163	2424	0.909
CASP4	1.09	8	0.98	0.837	15630	0.966	0.163	2423	0.909
CLEC4M	1.09	8	0.98	0.837	15631	0.966	0.163	2422	0.909
GTF2IRD1	1.09	8	0.98	0.837	15632	0.966	0.163	2421	0.909
CWC27	1.09	8	0.98	0.837	15633	0.966	0.163	2420	0.909
CHST13	1.09	8	0.98	0.837	15634	0.966	0.163	2419	0.909
SHMT2	1.09	8	0.98	0.837	15635	0.966	0.163	2418	0.909
TMEM63A	1.10	8	0.98	0.837	15636	0.966	0.163	2417	0.909
E2F6	0.95	6	0.98	0.837	15637	0.966	0.163	2416	0.909
KLK2	1.10	8	0.98	0.837	15638	0.966	0.163	2415	0.909
CLN6	1.10	8	0.98	0.837	15639	0.966	0.163	2414	0.909
ZNF514	1.03	7	0.98	0.837	15640	0.966	0.163	2413	0.909
FBLN2	1.10	8	0.98	0.837	15641	0.966	0.163	2412	0.909
CDC20B	1.10	8	0.98	0.837	15642	0.966	0.163	2411	0.909
FANCD2OS	1.10	8	0.98	0.837	15643	0.966	0.163	2410	0.909
TSPAN31	1.10	8	0.98	0.837	15644	0.966	0.163	2409	0.909
MEF2C	1.10	8	0.98	0.837	15645	0.966	0.163	2408	0.909
ADRB1	1.10	8	0.98	0.837	15646	0.966	0.163	2407	0.909
UBE2Q1	1.10	8	0.98	0.837	15647	0.966	0.163	2406	0.909
ALDH3A1	1.11	8	0.98	0.838	15648	0.966	0.162	2405	0.909
RAB35	1.11	8	0.99	0.838	15649	0.966	0.162	2404	0.909
HAPLN4	1.11	8	0.99	0.838	15650	0.966	0.162	2403	0.909
LILRA2	1.11	8	0.99	0.838	15651	0.966	0.162	2402	0.909
TAB3	1.11	8	0.99	0.838	15652	0.966	0.162	2401	0.909
FAM200A	1.11	8	0.99	0.838	15653	0.966	0.162	2400	0.909
OXNAD1	1.11	8	0.99	0.838	15654	0.966	0.162	2399	0.909
C2orf16	1.11	8	0.99	0.838	15655	0.966	0.162	2398	0.909
ARNT	1.12	8	0.99	0.838	15656	0.966	0.162	2397	0.909
ADPRH	1.12	8	0.99	0.838	15657	0.966	0.162	2396	0.909
RHOXF1	1.12	8	0.99	0.838	15658	0.966	0.162	2395	0.909
FGFBP1	1.12	8	0.99	0.838	15659	0.966	0.162	2394	0.909
HIGD2A	1.12	8	0.99	0.838	15660	0.966	0.162	2393	0.909
SNX12	1.12	8	0.99	0.838	15661	0.966	0.162	2392	0.909
UROC1	1.12	8	0.99	0.838	15662	0.966	0.162	2391	0.909
SAG	1.12	8	0.99	0.838	15663	0.966	0.162	2390	0.909
MCCC2	1.12	8	0.99	0.838	15664	0.966	0.162	2389	0.909
RETSAT	1.12	8	0.99	0.839	15665	0.966	0.161	2388	0.909
OR4K2	1.12	8	0.99	0.839	15666	0.966	0.161	2387	0.909
FAM92A1	1.12	8	0.99	0.839	15667	0.966	0.161	2386	0.909
DCAF4L1	1.12	8	0.99	0.839	15668	0.966	0.161	2385	0.909
TREX2	1.12	8	0.99	0.839	15669	0.966	0.161	2384	0.909
CYTL1	1.12	8	0.99	0.839	15670	0.966	0.161	2383	0.909
SPINK2	1.12	8	0.99	0.839	15671	0.966	0.161	2382	0.909
PHLDB2	1.13	8	0.99	0.839	15672	0.966	0.161	2381	0.909
C12orf56	1.13	8	0.99	0.839	15673	0.966	0.161	2380	0.909
SLC22A12	1.13	8	0.99	0.839	15674	0.966	0.161	2379	0.909
DEGS1	1.13	8	0.99	0.839	15675	0.966	0.161	2378	0.909
ECSIT	1.13	8	0.99	0.839	15676	0.966	0.161	2377	0.909
DPYD	1.13	8	0.99	0.839	15677	0.966	0.161	2376	0.909
LYSMD2	1.13	8	0.99	0.839	15678	0.966	0.161	2375	0.909
MXD3	1.14	8	0.99	0.839	15679	0.966	0.161	2374	0.909
ENTHD1	1.14	8	0.99	0.839	15680	0.966	0.161	2373	0.909
KIAA2026	1.14	8	0.99	0.84	15681	0.966	0.16	2372	0.909
ZNF670	1.14	8	0.99	0.84	15682	0.966	0.16	2371	0.909
TFG	1.14	8	0.99	0.84	15683	0.966	0.16	2370	0.909
APBB1	1.14	8	0.99	0.84	15684	0.966	0.16	2369	0.909
HCCS	1.14	8	0.99	0.84	15685	0.966	0.16	2368	0.909
MED12L	1.14	8	0.99	0.84	15686	0.966	0.16	2367	0.909
SLC10A4	1.14	8	0.99	0.84	15687	0.966	0.16	2366	0.909
DSTYK	1.14	8	0.99	0.84	15688	0.966	0.16	2365	0.909
SAMD7	1.14	8	0.99	0.84	15689	0.966	0.16	2364	0.909
CCDC42	1.15	8	0.99	0.84	15690	0.966	0.16	2363	0.909
UBE2R2	1.15	8	0.99	0.84	15691	0.966	0.16	2362	0.909
SCN7A	1.15	8	0.99	0.84	15692	0.966	0.16	2361	0.909
NSUN7	1.15	8	0.99	0.84	15693	0.966	0.16	2360	0.909
LEAP2	1.15	8	1.00	0.84	15694	0.966	0.16	2359	0.909
UBA3	1.15	8	1.00	0.84	15695	0.966	0.16	2358	0.909
LRRC15	1.15	8	1.00	0.84	15696	0.966	0.16	2357	0.909
FAM83F	1.15	8	1.00	0.84	15697	0.966	0.16	2356	0.909
PAGE5	1.15	8	1.00	0.841	15698	0.966	0.159	2355	0.909
BEND4	1.16	8	1.00	0.841	15699	0.966	0.159	2354	0.909
FBXW4	1.16	8	1.00	0.841	15700	0.966	0.159	2353	0.909
SHROOM4	1.16	8	1.00	0.841	15701	0.966	0.159	2352	0.909
KIAA1328	1.16	8	1.00	0.841	15702	0.966	0.159	2351	0.909
CELA1	1.16	8	1.00	0.841	15703	0.966	0.159	2350	0.909
CD163	1.01	6	1.00	0.841	15704	0.966	0.159	2349	0.909
ARAP2	1.16	8	1.00	0.841	15705	0.966	0.159	2348	0.909
ZNF710	1.16	8	1.00	0.841	15706	0.966	0.159	2347	0.909
C12orf5	1.17	8	1.00	0.841	15707	0.966	0.159	2346	0.909
TSLP	1.17	8	1.00	0.841	15708	0.966	0.159	2345	0.909
POMGNT2	1.17	8	1.00	0.841	15709	0.966	0.159	2344	0.909
EDN3	1.17	8	1.00	0.841	15710	0.966	0.159	2343	0.909
OR6Y1	1.17	8	1.00	0.841	15711	0.966	0.159	2342	0.909
ADRA2C	1.17	8	1.00	0.842	15712	0.966	0.158	2341	0.909
CYFIP2	1.17	8	1.00	0.842	15713	0.966	0.158	2340	0.909
HOXD8	1.10	7	1.00	0.842	15714	0.966	0.158	2339	0.909
FOLH1	1.17	8	1.00	0.842	15715	0.966	0.158	2338	0.909
XPO4	1.17	8	1.00	0.842	15716	0.966	0.158	2337	0.909
GPR84	1.17	8	1.00	0.842	15717	0.966	0.158	2336	0.909
DEFB126	1.17	8	1.00	0.842	15718	0.966	0.158	2335	0.909
ENKUR	1.17	8	1.00	0.842	15719	0.966	0.158	2334	0.909
APRT	1.17	8	1.00	0.842	15720	0.966	0.158	2333	0.909
LRPAP1	1.18	8	1.00	0.842	15721	0.966	0.158	2332	0.909
HDGFRP2	1.18	8	1.00	0.842	15722	0.966	0.158	2331	0.909
ACOT13	1.18	8	1.00	0.842	15723	0.966	0.158	2330	0.909
SLC18B1	1.18	8	1.00	0.842	15724	0.966	0.158	2329	0.909
TBX1	1.18	8	1.00	0.842	15725	0.966	0.158	2328	0.909
GPC5	1.18	8	1.00	0.842	15726	0.966	0.158	2327	0.909
TRAPPC13	1.18	8	1.00	0.842	15727	0.966	0.158	2326	0.909
LEFTY2	0.59	2	1.00	0.842	15728	0.966	0.158	2325	0.909
ZNF44	1.18	8	1.00	0.842	15729	0.966	0.158	2324	0.909
TMEM196	1.18	8	1.00	0.842	15730	0.966	0.158	2323	0.909
ROBO3	1.18	8	1.00	0.842	15731	0.966	0.158	2322	0.909
BBS10	1.18	8	1.00	0.842	15732	0.966	0.158	2321	0.909
SCGB1D2	1.19	8	1.00	0.843	15733	0.966	0.157	2320	0.909
KANK2	1.19	8	1.00	0.843	15734	0.966	0.157	2319	0.909
ETS2	1.19	8	1.01	0.843	15735	0.966	0.157	2318	0.909
IFNA5	0.59	2	1.01	0.843	15736	0.966	0.157	2317	0.909
BTNL9	1.19	8	1.01	0.843	15737	0.966	0.157	2316	0.909
BPIFB2	1.19	8	1.01	0.843	15738	0.966	0.157	2315	0.909
CD47	1.19	8	1.01	0.843	15739	0.966	0.157	2314	0.909
MED15	1.19	8	1.01	0.843	15740	0.966	0.157	2313	0.909
RND1	1.19	8	1.01	0.843	15741	0.966	0.157	2312	0.909
PRELID2	1.19	8	1.01	0.843	15742	0.966	0.157	2311	0.909
ABHD5	1.19	8	1.01	0.843	15743	0.966	0.157	2310	0.909
TMEM19	1.20	8	1.01	0.843	15744	0.966	0.157	2309	0.909
RNASE12	1.20	8	1.01	0.843	15745	0.966	0.157	2308	0.909
NOD1	1.20	8	1.01	0.843	15746	0.966	0.157	2307	0.909
OR10T2	1.20	8	1.01	0.843	15747	0.966	0.157	2306	0.909
SMARCC1	1.20	8	1.01	0.843	15748	0.966	0.157	2305	0.909
GZMH	1.20	8	1.01	0.843	15749	0.966	0.157	2304	0.909
ECM2	1.20	8	1.01	0.843	15750	0.966	0.157	2303	0.909
IL31RA	1.20	8	1.01	0.843	15751	0.966	0.157	2302	0.909
TBX5	1.20	8	1.01	0.844	15752	0.966	0.156	2301	0.909
RNF13	1.20	8	1.01	0.844	15753	0.966	0.156	2300	0.909
OR10AD1	1.20	8	1.01	0.844	15754	0.966	0.156	2299	0.909
GHSR	1.20	8	1.01	0.844	15755	0.966	0.156	2298	0.909
NANS	1.21	8	1.01	0.844	15756	0.966	0.156	2297	0.909
PPT1	1.21	8	1.01	0.844	15757	0.966	0.156	2296	0.909
FAR2	1.21	8	1.01	0.844	15758	0.966	0.156	2295	0.909
DPY19L2	1.21	8	1.01	0.844	15759	0.966	0.156	2294	0.909
KBTBD3	1.21	8	1.01	0.844	15760	0.966	0.156	2293	0.909
DPP8	1.21	8	1.01	0.844	15761	0.966	0.156	2292	0.909
TCL1A	1.21	8	1.01	0.844	15762	0.966	0.156	2291	0.909
GAS2L1	1.21	8	1.01	0.844	15763	0.966	0.156	2290	0.909
KDM5B	1.21	8	1.01	0.844	15764	0.966	0.156	2289	0.909
RRP8	1.21	8	1.01	0.844	15765	0.966	0.156	2288	0.909
SLC6A15	1.21	8	1.01	0.844	15766	0.966	0.156	2287	0.909
KDM2B	1.21	8	1.01	0.844	15767	0.966	0.156	2286	0.909
SPINK8	1.21	8	1.01	0.844	15768	0.966	0.156	2285	0.909
NLGN4X	1.22	8	1.01	0.844	15769	0.966	0.156	2284	0.909
GSTM3	1.22	8	1.01	0.844	15770	0.966	0.156	2283	0.909
TMEM206	1.14	7	1.01	0.844	15771	0.966	0.156	2282	0.909
HSPB3	1.22	8	1.01	0.844	15772	0.966	0.156	2281	0.909
LILRB1	0.86	4	1.01	0.844	15773	0.966	0.156	2280	0.909
SKAP2	1.22	8	1.01	0.844	15774	0.966	0.156	2279	0.909
SCIN	1.22	8	1.01	0.844	15775	0.966	0.156	2278	0.909
C10orf25	1.06	6	1.01	0.845	15776	0.966	0.155	2277	0.909
HS3ST4	1.22	8	1.01	0.845	15777	0.966	0.155	2276	0.909
SNX1	1.22	8	1.01	0.845	15778	0.966	0.155	2275	0.909
ZNF623	1.22	8	1.01	0.845	15779	0.966	0.155	2274	0.909
CTNND2	1.22	8	1.01	0.845	15780	0.966	0.155	2273	0.909
PDLIM2	1.22	8	1.01	0.845	15781	0.966	0.155	2272	0.909
LAMB3	1.22	8	1.01	0.845	15782	0.966	0.155	2271	0.909
PKP2	1.22	8	1.01	0.845	15783	0.966	0.155	2270	0.909
SIAH3	1.22	8	1.01	0.845	15784	0.966	0.155	2269	0.909
SELV	1.23	8	1.01	0.845	15785	0.966	0.155	2268	0.909
PTPN18	1.23	8	1.01	0.845	15786	0.966	0.155	2267	0.909
KCNMB2	1.23	8	1.02	0.845	15787	0.966	0.155	2266	0.909
HOXB5	1.23	8	1.02	0.845	15788	0.966	0.155	2265	0.909
PLEKHA4	1.23	8	1.02	0.845	15789	0.966	0.155	2264	0.909
VSTM2A	1.23	8	1.02	0.845	15790	0.966	0.155	2263	0.909
CAPS2	1.23	8	1.02	0.845	15791	0.966	0.155	2262	0.909
ALDH1A1	1.24	8	1.02	0.846	15792	0.966	0.154	2261	0.909
IDH1	1.24	8	1.02	0.846	15793	0.966	0.154	2260	0.909
CSTL1	1.24	8	1.02	0.846	15794	0.966	0.154	2259	0.909
ACD	1.24	8	1.02	0.846	15795	0.966	0.154	2258	0.909
EMP1	1.24	8	1.02	0.846	15796	0.966	0.154	2257	0.909
TMTC3	1.24	8	1.02	0.846	15797	0.966	0.154	2256	0.909
OR5W2	1.24	8	1.02	0.846	15798	0.966	0.154	2255	0.909
MFN1	1.24	8	1.02	0.846	15799	0.966	0.154	2254	0.909
C9orf89	1.24	8	1.02	0.846	15800	0.966	0.154	2253	0.909
DNASE1L3	1.25	8	1.02	0.846	15801	0.966	0.154	2252	0.909
SLC27A1	1.25	8	1.02	0.846	15802	0.966	0.154	2251	0.909
NT5C1B	0.62	2	1.02	0.846	15803	0.966	0.154	2250	0.909
TOM1	1.25	8	1.02	0.846	15804	0.966	0.154	2249	0.909
TVP23A	1.25	8	1.02	0.846	15805	0.966	0.154	2248	0.909
L1TD1	1.25	8	1.02	0.846	15806	0.966	0.154	2247	0.909
CCL8	1.25	8	1.02	0.846	15807	0.966	0.154	2246	0.909
PDE6H	1.25	8	1.02	0.846	15808	0.966	0.154	2245	0.909
ZBTB24	1.25	8	1.02	0.846	15809	0.966	0.154	2244	0.909
IRAK2	1.25	8	1.02	0.846	15810	0.966	0.154	2243	0.909
PCDHGA4	1.25	8	1.02	0.846	15811	0.966	0.154	2242	0.909
TAS2R4	1.08	6	1.02	0.846	15812	0.966	0.154	2241	0.909
INHBC	1.17	7	1.02	0.846	15813	0.966	0.154	2240	0.909
ATP13A5	1.25	8	1.02	0.846	15814	0.966	0.154	2239	0.909
FGFR1OP	1.25	8	1.02	0.847	15815	0.966	0.153	2238	0.909
ZBED2	1.25	8	1.02	0.847	15816	0.966	0.153	2237	0.909
PCCB	1.25	8	1.02	0.847	15817	0.966	0.153	2236	0.909
LRP10	1.25	8	1.02	0.847	15818	0.966	0.153	2235	0.909
S1PR1	1.26	8	1.02	0.847	15819	0.966	0.153	2234	0.909
IRX6	1.26	8	1.02	0.847	15820	0.966	0.153	2233	0.909
CCR9	1.26	8	1.02	0.847	15821	0.966	0.153	2232	0.909
MSANTD2	1.26	8	1.02	0.847	15822	0.966	0.153	2231	0.909
OR10V1	1.26	8	1.02	0.847	15823	0.966	0.153	2230	0.909
PCDHGB6	1.26	8	1.02	0.847	15824	0.966	0.153	2229	0.909
SLC1A7	1.26	8	1.02	0.847	15825	0.966	0.153	2228	0.909
POGLUT1	1.26	8	1.02	0.847	15826	0.966	0.153	2227	0.909
TCAIM	1.26	8	1.02	0.847	15827	0.966	0.153	2226	0.909
TTC28	1.26	8	1.02	0.847	15828	0.966	0.153	2225	0.909
FABP9	1.27	8	1.03	0.847	15829	0.966	0.153	2224	0.909
B4GALT4	1.27	8	1.03	0.847	15830	0.966	0.153	2223	0.909
ASXL3	1.27	8	1.03	0.847	15831	0.966	0.153	2222	0.909
RILP	1.27	8	1.03	0.847	15832	0.966	0.153	2221	0.909
RRAS2	1.27	8	1.03	0.847	15833	0.966	0.153	2220	0.909
SNTB2	1.27	8	1.03	0.848	15834	0.966	0.152	2219	0.909
CLGN	1.27	8	1.03	0.848	15835	0.966	0.152	2218	0.909
NSUN3	1.27	8	1.03	0.848	15836	0.966	0.152	2217	0.909
PCDHAC2	1.27	8	1.03	0.848	15837	0.966	0.152	2216	0.909
BLOC1S6	1.27	8	1.03	0.848	15838	0.966	0.152	2215	0.909
MAP7D3	1.27	8	1.03	0.848	15839	0.966	0.152	2214	0.909
CD300E	0.90	4	1.03	0.848	15840	0.966	0.152	2213	0.909
MYH3	1.27	8	1.03	0.848	15841	0.966	0.152	2212	0.909
TBC1D17	1.27	8	1.03	0.848	15842	0.966	0.152	2211	0.909
AMZ1	1.27	8	1.03	0.848	15843	0.966	0.152	2210	0.909
PLCXD2	1.27	8	1.03	0.848	15844	0.966	0.152	2209	0.909
CRABP1	1.27	8	1.03	0.848	15845	0.966	0.152	2208	0.909
SUCLG2	1.10	6	1.03	0.848	15846	0.966	0.152	2207	0.909
GIPC1	1.28	8	1.03	0.848	15847	0.966	0.152	2206	0.909
KRTAP21-3	1.11	6	1.03	0.848	15848	0.966	0.152	2205	0.909
ASCL4	1.28	8	1.03	0.848	15849	0.966	0.152	2204	0.909
CD53	1.28	8	1.03	0.848	15850	0.966	0.152	2203	0.909
ZNF431	0.64	2	1.03	0.848	15851	0.966	0.152	2202	0.909
GSAP	1.28	8	1.03	0.848	15852	0.966	0.152	2201	0.909
SSUH2	1.28	8	1.03	0.848	15853	0.966	0.152	2200	0.909
PDGFRL	1.28	8	1.03	0.848	15854	0.966	0.152	2199	0.909
TACR2	1.28	8	1.03	0.848	15855	0.966	0.152	2198	0.909
TBL1X	1.28	8	1.03	0.848	15856	0.966	0.152	2197	0.909
TNRC6A	1.29	8	1.03	0.849	15857	0.966	0.151	2196	0.909
HIST1H2BE	0.64	2	1.03	0.849	15858	0.966	0.151	2195	0.909
KLF5	1.29	8	1.03	0.849	15859	0.966	0.151	2194	0.909
CXorf24	1.29	8	1.03	0.849	15860	0.966	0.151	2193	0.909
UBE2E1	1.29	8	1.03	0.849	15861	0.966	0.151	2192	0.909
C10orf99	1.29	8	1.03	0.849	15862	0.966	0.151	2191	0.909
DNAJC6	1.29	8	1.03	0.849	15863	0.966	0.151	2190	0.909
C2CD5	1.29	8	1.03	0.849	15864	0.966	0.151	2189	0.909
APMAP	1.29	8	1.03	0.849	15865	0.966	0.151	2188	0.909
WBSCR27	1.29	8	1.03	0.849	15866	0.966	0.151	2187	0.909
TNFSF10	1.29	8	1.03	0.849	15867	0.966	0.151	2186	0.909
TESPA1	1.29	8	1.03	0.849	15868	0.966	0.151	2185	0.909
PRELP	1.29	8	1.03	0.849	15869	0.966	0.151	2184	0.909
ANKRD16	1.29	8	1.03	0.849	15870	0.966	0.151	2183	0.909
PPIF	1.30	8	1.03	0.849	15871	0.966	0.151	2182	0.909
HNF1A	1.30	8	1.03	0.849	15872	0.966	0.151	2181	0.909
RBM4	1.30	8	1.03	0.849	15873	0.966	0.151	2180	0.909
NTF3	1.30	8	1.03	0.849	15874	0.966	0.151	2179	0.909
ONECUT3	1.30	8	1.03	0.849	15875	0.966	0.151	2178	0.909
EPN2	1.30	8	1.03	0.849	15876	0.966	0.151	2177	0.909
DAG1	1.30	8	1.03	0.849	15877	0.966	0.151	2176	0.909
CSHL1	1.13	6	1.03	0.849	15878	0.966	0.151	2175	0.909
OR6V1	1.30	8	1.03	0.849	15879	0.966	0.151	2174	0.909
SOCS2	1.30	8	1.03	0.85	15880	0.966	0.15	2173	0.909
DERL2	1.31	8	1.04	0.85	15881	0.966	0.15	2172	0.909
VPREB3	1.13	6	1.04	0.85	15882	0.966	0.15	2171	0.909
OR2T10	1.31	8	1.04	0.85	15883	0.966	0.15	2170	0.909
GJC2	1.31	8	1.04	0.85	15884	0.966	0.15	2169	0.909
WDR37	1.31	8	1.04	0.85	15885	0.966	0.15	2168	0.909
UBXN10	1.31	8	1.04	0.85	15886	0.966	0.15	2167	0.909
CCR2	1.31	8	1.04	0.85	15887	0.966	0.15	2166	0.909
TOMM70A	1.31	8	1.04	0.85	15888	0.966	0.15	2165	0.909
NUBPL	1.31	8	1.04	0.85	15889	0.966	0.15	2164	0.909
IL1R2	1.32	8	1.04	0.85	15890	0.966	0.15	2163	0.909
ULBP1	1.32	8	1.04	0.85	15891	0.966	0.15	2162	0.909
TESK1	1.32	8	1.04	0.85	15892	0.966	0.15	2161	0.909
GBP2	1.32	8	1.04	0.85	15893	0.966	0.15	2160	0.909
CASR	1.32	8	1.04	0.85	15894	0.966	0.15	2159	0.909
DCDC1	1.32	8	1.04	0.85	15895	0.966	0.15	2158	0.909
YIPF4	1.32	8	1.04	0.851	15896	0.966	0.149	2157	0.909
CD86	1.32	8	1.04	0.851	15897	0.966	0.149	2156	0.909
KDM6B	1.32	8	1.04	0.851	15898	0.966	0.149	2155	0.909
DDX53	1.32	8	1.04	0.851	15899	0.966	0.149	2154	0.909
PSMD9	1.32	8	1.04	0.851	15900	0.966	0.149	2153	0.909
WNT7B	1.32	8	1.04	0.851	15901	0.966	0.149	2152	0.909
KLF15	1.32	8	1.04	0.851	15902	0.966	0.149	2151	0.909
CST11	1.32	8	1.04	0.851	15903	0.966	0.149	2150	0.909
AMPD1	1.32	8	1.04	0.851	15904	0.966	0.149	2149	0.909
CXorf65	1.32	8	1.04	0.851	15905	0.966	0.149	2148	0.909
LECT1	1.33	8	1.04	0.851	15906	0.966	0.149	2147	0.909
ELOVL7	1.33	8	1.04	0.851	15907	0.966	0.149	2146	0.909
MORN3	1.33	8	1.04	0.851	15908	0.966	0.149	2145	0.909
TSNAXIP1	1.33	8	1.04	0.851	15909	0.966	0.149	2144	0.909
CIT	1.33	8	1.04	0.851	15910	0.966	0.149	2143	0.909
CP	1.33	8	1.04	0.851	15911	0.966	0.149	2142	0.909
TMEM235	1.33	8	1.04	0.851	15912	0.966	0.149	2141	0.909
OR6C65	1.33	8	1.04	0.851	15913	0.966	0.149	2140	0.909
GJC1	1.33	8	1.04	0.851	15914	0.966	0.149	2139	0.909
IKBIP	1.33	8	1.04	0.851	15915	0.966	0.149	2138	0.909
SULT1E1	1.33	8	1.04	0.851	15916	0.966	0.149	2137	0.909
ZNF48	1.33	8	1.04	0.851	15917	0.966	0.149	2136	0.909
C3AR1	1.34	8	1.04	0.852	15918	0.966	0.148	2135	0.909
SLC7A14	1.34	8	1.04	0.852	15919	0.966	0.148	2134	0.909
KRT74	1.34	8	1.04	0.852	15920	0.966	0.148	2133	0.909
DUSP10	1.34	8	1.04	0.852	15921	0.966	0.148	2132	0.909
APH1A	1.34	8	1.04	0.852	15922	0.966	0.148	2131	0.909
G3BP1	1.35	8	1.05	0.852	15923	0.966	0.148	2130	0.909
MGAT4C	1.35	8	1.05	0.852	15924	0.966	0.148	2129	0.909
ZNF221	1.35	8	1.05	0.852	15925	0.966	0.148	2128	0.909
GHRL	1.35	8	1.05	0.852	15926	0.966	0.148	2127	0.909
KIFAP3	1.35	8	1.05	0.852	15927	0.966	0.148	2126	0.909
MAPK8IP1	1.35	8	1.05	0.853	15928	0.966	0.147	2125	0.909
SMIM3	1.35	8	1.05	0.853	15929	0.966	0.147	2124	0.909
KRT40	1.36	8	1.05	0.853	15930	0.966	0.147	2123	0.909
OAS1	1.36	8	1.05	0.853	15931	0.966	0.147	2122	0.909
C3orf79	1.18	6	1.05	0.853	15932	0.966	0.147	2121	0.909
SDR9C7	1.36	8	1.05	0.853	15933	0.966	0.147	2120	0.909
NDUFB4	1.36	8	1.05	0.853	15934	0.966	0.147	2119	0.909
MRGBP	1.36	8	1.05	0.853	15935	0.966	0.147	2118	0.909
ABI3BP	1.36	8	1.05	0.853	15936	0.966	0.147	2117	0.909
ADIPOQ	1.36	8	1.05	0.853	15937	0.966	0.147	2116	0.909
PGAM5	1.36	8	1.05	0.853	15938	0.966	0.147	2115	0.909
UIMC1	1.36	8	1.05	0.853	15939	0.966	0.147	2114	0.909
MGAT4A	1.36	8	1.05	0.853	15940	0.966	0.147	2113	0.909
MYCBP2	1.36	8	1.05	0.853	15941	0.966	0.147	2112	0.909
KIAA1683	1.36	8	1.05	0.853	15942	0.966	0.147	2111	0.909
GLP2R	1.36	8	1.05	0.853	15943	0.966	0.147	2110	0.909
RBBP9	1.37	8	1.05	0.853	15944	0.966	0.147	2109	0.909
PCDH19	1.37	8	1.05	0.854	15945	0.966	0.146	2108	0.909
FAM211A	1.19	6	1.05	0.854	15946	0.966	0.146	2107	0.909
LRRC18	1.37	8	1.05	0.854	15947	0.966	0.146	2106	0.909
SSBP3-AS1	1.38	8	1.05	0.854	15948	0.966	0.146	2105	0.909
PRPSAP2	1.38	8	1.05	0.854	15949	0.966	0.146	2104	0.909
OFD1	1.38	8	1.05	0.854	15950	0.966	0.146	2103	0.909
GRIA1	1.38	8	1.05	0.854	15951	0.966	0.146	2102	0.909
RBM3	1.38	8	1.05	0.854	15952	0.966	0.146	2101	0.909
FRYL	1.38	8	1.06	0.854	15953	0.966	0.146	2100	0.909
OR2G3	1.39	8	1.06	0.854	15954	0.966	0.146	2099	0.909
C8orf31	1.39	8	1.06	0.854	15955	0.966	0.146	2098	0.909
MYRFL	1.39	8	1.06	0.854	15956	0.966	0.146	2097	0.909
CCNJ	1.39	8	1.06	0.854	15957	0.966	0.146	2096	0.909
FBXO40	1.39	8	1.06	0.854	15958	0.966	0.146	2095	0.909
GMCL1	1.39	8	1.06	0.854	15959	0.966	0.146	2094	0.909
REG3G	1.20	6	1.06	0.854	15960	0.966	0.146	2093	0.909
SYT17	1.39	8	1.06	0.854	15961	0.966	0.146	2092	0.909
CLIC4	1.39	8	1.06	0.854	15962	0.966	0.146	2091	0.909
TDGF1	1.39	8	1.06	0.854	15963	0.966	0.146	2090	0.909
RERG	1.39	8	1.06	0.855	15964	0.966	0.145	2089	0.909
OR1E2	1.20	6	1.06	0.855	15965	0.966	0.145	2088	0.909
GRAP2	1.39	8	1.06	0.855	15966	0.966	0.145	2087	0.909
LRPPRC	1.39	8	1.06	0.855	15967	0.966	0.145	2086	0.909
GXYLT1	1.39	8	1.06	0.855	15968	0.966	0.145	2085	0.909
VDAC1	1.39	8	1.06	0.855	15969	0.966	0.145	2084	0.909
OR5M3	1.39	8	1.06	0.855	15970	0.966	0.145	2083	0.909
SPIDR	1.39	8	1.06	0.855	15971	0.966	0.145	2082	0.909
FHL5	1.39	8	1.06	0.855	15972	0.966	0.145	2081	0.909
KIAA1324L	1.39	8	1.06	0.855	15973	0.966	0.145	2080	0.909
C22orf26	1.39	8	1.06	0.855	15974	0.966	0.145	2079	0.909
GCNT7	1.40	8	1.06	0.855	15975	0.966	0.145	2078	0.909
MAP7D1	1.40	8	1.06	0.855	15976	0.966	0.145	2077	0.909
NT5E	1.40	8	1.06	0.855	15977	0.966	0.145	2076	0.909
MSR1	1.40	8	1.06	0.855	15978	0.966	0.145	2075	0.909
KIAA1958	1.40	8	1.06	0.855	15979	0.966	0.145	2074	0.909
SYNE2	1.40	8	1.06	0.855	15980	0.966	0.145	2073	0.909
TMPRSS11E	1.40	8	1.06	0.855	15981	0.966	0.145	2072	0.909
DCAF8L2	1.40	8	1.06	0.855	15982	0.966	0.145	2071	0.909
ANK3	1.40	8	1.06	0.855	15983	0.966	0.145	2070	0.909
HS3ST3A1	1.41	8	1.06	0.855	15984	0.966	0.145	2069	0.909
DUOX2	1.41	8	1.06	0.855	15985	0.966	0.145	2068	0.909
MIP	1.41	8	1.06	0.856	15986	0.966	0.144	2067	0.909
KAT6B	1.41	8	1.06	0.856	15987	0.966	0.144	2066	0.909
XRCC6BP1	1.41	8	1.06	0.856	15988	0.966	0.144	2065	0.909
IL10	1.41	8	1.06	0.856	15989	0.966	0.144	2064	0.909
SIAE	1.41	8	1.06	0.856	15990	0.966	0.144	2063	0.909
TMED6	1.41	8	1.06	0.856	15991	0.966	0.144	2062	0.909
KIF21A	1.41	8	1.06	0.856	15992	0.966	0.144	2061	0.909
PHF7	1.41	8	1.06	0.856	15993	0.966	0.144	2060	0.909
KIR2DL1	1.00	4	1.06	0.856	15994	0.966	0.144	2059	0.909
TNPO2	1.41	8	1.06	0.856	15995	0.966	0.144	2058	0.909
SIX6	1.42	8	1.06	0.856	15996	0.966	0.144	2057	0.909
CALCOCO1	1.42	8	1.06	0.856	15997	0.966	0.144	2056	0.909
QTRTD1	1.42	8	1.06	0.856	15998	0.966	0.144	2055	0.909
ZNF728	1.42	8	1.06	0.856	15999	0.966	0.144	2054	0.909
TMEM257	1.23	6	1.06	0.856	16000	0.966	0.144	2053	0.909
ZNF674	1.42	8	1.06	0.856	16001	0.966	0.144	2052	0.909
ZNF442	1.00	4	1.06	0.856	16002	0.966	0.144	2051	0.909
PAPLN	1.42	8	1.06	0.856	16003	0.966	0.144	2050	0.909
IFT88	1.42	8	1.06	0.856	16004	0.966	0.144	2049	0.909
PEX11A	1.42	8	1.06	0.856	16005	0.966	0.144	2048	0.909
HUNK	1.42	8	1.06	0.856	16006	0.966	0.144	2047	0.909
GK5	1.43	8	1.07	0.857	16007	0.966	0.143	2046	0.909
CDPF1	1.43	8	1.07	0.857	16008	0.966	0.143	2045	0.909
DNAH9	1.43	8	1.07	0.857	16009	0.966	0.143	2044	0.909
DCAF4L2	1.43	8	1.07	0.857	16010	0.966	0.143	2043	0.909
MAPK10	1.43	8	1.07	0.857	16011	0.966	0.143	2042	0.909
GJE1	1.43	8	1.07	0.857	16012	0.966	0.143	2041	0.909
RPS4Y1	1.01	4	1.07	0.857	16013	0.966	0.143	2040	0.909
SLC25A12	1.43	8	1.07	0.857	16014	0.966	0.143	2039	0.909
FAM186A	1.43	8	1.07	0.857	16015	0.966	0.143	2038	0.909
USP31	1.43	8	1.07	0.857	16016	0.966	0.143	2037	0.909
ARPP21	1.43	8	1.07	0.857	16017	0.966	0.143	2036	0.909
ODAM	1.43	8	1.07	0.857	16018	0.966	0.143	2035	0.909
PROL1	1.43	8	1.07	0.857	16019	0.966	0.143	2034	0.909
TOPORS	1.34	7	1.07	0.857	16020	0.966	0.143	2033	0.909
KRTAP8-1	1.44	8	1.07	0.857	16021	0.966	0.143	2032	0.909
IGFL2	1.44	8	1.07	0.857	16022	0.966	0.143	2031	0.909
KLHL4	1.44	8	1.07	0.857	16023	0.966	0.143	2030	0.909
HPD	1.44	8	1.07	0.857	16024	0.966	0.143	2029	0.909
SOD3	1.44	8	1.07	0.857	16025	0.966	0.143	2028	0.909
GMPPA	1.44	8	1.07	0.858	16026	0.966	0.142	2027	0.909
RASGRF1	1.44	8	1.07	0.858	16027	0.966	0.142	2026	0.909
TRMT10C	1.44	8	1.07	0.858	16028	0.966	0.142	2025	0.909
RGN	1.44	8	1.07	0.858	16029	0.966	0.142	2024	0.909
FAM162B	1.44	8	1.07	0.858	16030	0.966	0.142	2023	0.909
AADACL4	1.45	8	1.07	0.858	16031	0.966	0.142	2022	0.909
ZBTB40	1.45	8	1.07	0.858	16032	0.966	0.142	2021	0.909
FAM208B	1.45	8	1.07	0.858	16033	0.966	0.142	2020	0.909
KRT7	1.26	6	1.07	0.858	16034	0.966	0.142	2019	0.909
GUF1	1.45	8	1.07	0.858	16035	0.966	0.142	2018	0.909
TAS2R9	1.45	8	1.07	0.858	16036	0.966	0.142	2017	0.909
STX16	1.45	8	1.07	0.858	16037	0.966	0.142	2016	0.909
SKIL	1.45	8	1.07	0.858	16038	0.966	0.142	2015	0.909
STK38L	1.45	8	1.07	0.858	16039	0.966	0.142	2014	0.909
PRSS1	1.26	6	1.07	0.858	16040	0.966	0.142	2013	0.909
MS4A4E	1.46	8	1.07	0.858	16041	0.966	0.142	2012	0.909
ANGPT1	1.26	6	1.07	0.858	16042	0.966	0.142	2011	0.909
SAMD9	1.46	8	1.07	0.858	16043	0.966	0.142	2010	0.909
CCDC144NL	1.03	4	1.07	0.858	16044	0.966	0.142	2009	0.909
SLC15A2	1.46	8	1.07	0.858	16045	0.966	0.142	2008	0.909
FAM212A	1.46	8	1.07	0.859	16046	0.966	0.141	2007	0.909
PCYOX1L	1.46	8	1.07	0.859	16047	0.966	0.141	2006	0.909
CHD1	1.46	8	1.07	0.859	16048	0.966	0.141	2005	0.909
CCDC38	1.46	8	1.07	0.859	16049	0.966	0.141	2004	0.909
ZBTB48	1.47	8	1.08	0.859	16050	0.966	0.141	2003	0.909
SNX16	1.47	8	1.08	0.859	16051	0.966	0.141	2002	0.909
PDE1B	1.47	8	1.08	0.859	16052	0.966	0.141	2001	0.909
DCX	1.47	8	1.08	0.859	16053	0.966	0.141	2000	0.909
TBC1D25	1.47	8	1.08	0.859	16054	0.966	0.141	1999	0.909
KRT19	1.47	8	1.08	0.859	16055	0.966	0.141	1998	0.909
BMP8B	0.74	2	1.08	0.859	16056	0.966	0.141	1997	0.909
SLC25A3	1.47	8	1.08	0.859	16057	0.966	0.141	1996	0.909
KIAA1644	1.47	8	1.08	0.859	16058	0.966	0.141	1995	0.909
MAGEB4	1.47	8	1.08	0.859	16059	0.966	0.141	1994	0.909
GPR65	1.48	8	1.08	0.86	16060	0.966	0.14	1993	0.909
WNK4	1.48	8	1.08	0.86	16061	0.966	0.14	1992	0.909
LGR5	1.48	8	1.08	0.86	16062	0.966	0.14	1991	0.909
LRRC31	1.48	8	1.08	0.86	16063	0.966	0.14	1990	0.909
SLC9A4	1.48	8	1.08	0.86	16064	0.966	0.14	1989	0.909
PURA	1.48	8	1.08	0.86	16065	0.966	0.14	1988	0.909
RHOF	1.48	8	1.08	0.86	16066	0.966	0.14	1987	0.909
ZNF426	1.48	8	1.08	0.86	16067	0.966	0.14	1986	0.909
MFSD6	1.48	8	1.08	0.86	16068	0.966	0.14	1985	0.909
SLC14A1	1.49	8	1.08	0.86	16069	0.966	0.14	1984	0.909
ACSL6	1.49	8	1.08	0.86	16070	0.966	0.14	1983	0.909
GPR75	1.49	8	1.08	0.86	16071	0.966	0.14	1982	0.909
HKR1	1.49	8	1.08	0.86	16072	0.966	0.14	1981	0.909
BAMBI	1.49	8	1.08	0.86	16073	0.966	0.14	1980	0.909
PTPLAD2	1.49	8	1.08	0.86	16074	0.966	0.14	1979	0.909
CHRD	1.49	8	1.08	0.86	16075	0.966	0.14	1978	0.909
PKHD1L1	1.50	8	1.08	0.861	16076	0.966	0.139	1977	0.909
MAPK6	1.50	8	1.08	0.861	16077	0.966	0.139	1976	0.909
TCF4	1.50	8	1.08	0.861	16078	0.966	0.139	1975	0.909
CCM2	1.50	8	1.08	0.861	16079	0.966	0.139	1974	0.909
MSH3	1.50	8	1.08	0.861	16080	0.966	0.139	1973	0.909
OTUD6B	1.50	8	1.08	0.861	16081	0.966	0.139	1972	0.909
RBM12	1.50	8	1.08	0.861	16082	0.966	0.139	1971	0.909
PPFIBP1	1.50	8	1.08	0.861	16083	0.966	0.139	1970	0.909
AKR1B15	1.07	4	1.09	0.861	16084	0.966	0.139	1969	0.909
HPS4	1.51	8	1.09	0.861	16085	0.966	0.139	1968	0.909
QDPR	1.51	8	1.09	0.861	16086	0.966	0.139	1967	0.909
SLIRP	1.31	6	1.09	0.861	16087	0.966	0.139	1966	0.909
CNOT1	1.51	8	1.09	0.861	16088	0.966	0.139	1965	0.909
KRIT1	1.51	8	1.09	0.861	16089	0.966	0.139	1964	0.909
HGSNAT	1.51	8	1.09	0.861	16090	0.966	0.139	1963	0.909
TPSAB1	1.51	8	1.09	0.861	16091	0.966	0.139	1962	0.909
KIAA1671	1.51	8	1.09	0.862	16092	0.966	0.138	1961	0.909
TRIML1	1.51	8	1.09	0.862	16093	0.966	0.138	1960	0.909
HIRIP3	1.52	8	1.09	0.862	16094	0.966	0.138	1959	0.909
TTLL6	1.52	8	1.09	0.862	16095	0.966	0.138	1958	0.909
GRM6	1.52	8	1.09	0.862	16096	0.966	0.138	1957	0.909
CARD17	1.52	8	1.09	0.862	16097	0.966	0.138	1956	0.909
PLIN1	1.52	8	1.09	0.862	16098	0.966	0.138	1955	0.909
RASL11B	1.53	8	1.09	0.862	16099	0.966	0.138	1954	0.909
APOC4	1.53	8	1.09	0.862	16100	0.966	0.138	1953	0.909
C3orf84	1.53	8	1.09	0.862	16101	0.966	0.138	1952	0.909
PRAM1	1.53	8	1.09	0.862	16102	0.966	0.138	1951	0.909
TAC1	1.53	8	1.09	0.862	16103	0.966	0.138	1950	0.909
SMIM5	1.53	8	1.09	0.862	16104	0.966	0.138	1949	0.909
SYTL3	1.53	8	1.09	0.862	16105	0.966	0.138	1948	0.909
DYNC1LI2	1.53	8	1.09	0.862	16106	0.966	0.138	1947	0.909
SFRP4	1.53	8	1.09	0.862	16107	0.966	0.138	1946	0.909
HIST3H2A	1.53	8	1.09	0.863	16108	0.966	0.137	1945	0.909
EPHX1	1.53	8	1.09	0.863	16109	0.966	0.137	1944	0.909
HMGN4	1.53	8	1.09	0.863	16110	0.966	0.137	1943	0.909
SH2D2A	1.53	8	1.09	0.863	16111	0.966	0.137	1942	0.909
MTMR9	1.53	8	1.09	0.863	16112	0.966	0.137	1941	0.909
PCDH12	1.54	8	1.09	0.863	16113	0.966	0.137	1940	0.909
EHHADH	1.54	8	1.09	0.863	16114	0.966	0.137	1939	0.909
OR5C1	1.54	8	1.09	0.863	16115	0.966	0.137	1938	0.909
AKAP4	1.54	8	1.09	0.863	16116	0.966	0.137	1937	0.909
PDP2	1.54	8	1.09	0.863	16117	0.966	0.137	1936	0.909
HAND2	1.54	8	1.09	0.863	16118	0.966	0.137	1935	0.909
ATP6V0D2	1.54	8	1.10	0.863	16119	0.966	0.137	1934	0.909
NRIP2	1.54	8	1.10	0.863	16120	0.966	0.137	1933	0.909
CYorf17	1.55	8	1.10	0.863	16121	0.966	0.137	1932	0.909
C9orf92	1.55	8	1.10	0.863	16122	0.966	0.137	1931	0.909
BTN3A2	1.09	4	1.10	0.863	16123	0.966	0.137	1930	0.909
BEAN1	1.55	8	1.10	0.864	16124	0.966	0.136	1929	0.909
KRBOX4	0.78	2	1.10	0.864	16125	0.966	0.136	1928	0.909
ATP1B3	1.55	8	1.10	0.864	16126	0.966	0.136	1927	0.909
FBXO41	1.55	8	1.10	0.864	16127	0.966	0.136	1926	0.909
TTLL13	1.56	8	1.10	0.864	16128	0.966	0.136	1925	0.909
CRB2	1.56	8	1.10	0.864	16129	0.966	0.136	1924	0.909
BCL9	1.46	7	1.10	0.864	16130	0.966	0.136	1923	0.909
FAM172A	1.56	8	1.10	0.864	16131	0.966	0.136	1922	0.909
MFAP3L	1.56	8	1.10	0.864	16132	0.966	0.136	1921	0.909
YBX3	1.56	8	1.10	0.864	16133	0.966	0.136	1920	0.909
HSD3B1	1.56	8	1.10	0.864	16134	0.966	0.136	1919	0.909
HMGA2	1.56	8	1.10	0.864	16135	0.966	0.136	1918	0.909
ABLIM2	1.56	8	1.10	0.864	16136	0.966	0.136	1917	0.909
LIPM	1.56	8	1.10	0.864	16137	0.966	0.136	1916	0.909
AP1M2	1.56	8	1.10	0.864	16138	0.966	0.136	1915	0.909
TMEM108	1.56	8	1.10	0.864	16139	0.966	0.136	1914	0.909
C17orf97	1.57	8	1.10	0.864	16140	0.966	0.136	1913	0.909
ACACB	1.57	8	1.10	0.864	16141	0.966	0.136	1912	0.909
NCOA7	1.57	8	1.10	0.865	16142	0.966	0.135	1911	0.909
ZNF668	1.57	8	1.10	0.865	16143	0.966	0.135	1910	0.909
BCL11B	1.57	8	1.10	0.865	16144	0.966	0.135	1909	0.909
TNIK	1.57	8	1.10	0.865	16145	0.966	0.135	1908	0.909
TMEM233	1.47	7	1.10	0.865	16146	0.966	0.135	1907	0.909
P4HA1	1.57	8	1.10	0.865	16147	0.966	0.135	1906	0.909
GOPC	1.57	8	1.10	0.865	16148	0.966	0.135	1905	0.909
SORBS1	1.57	8	1.10	0.865	16149	0.966	0.135	1904	0.909
ABL2	1.58	8	1.10	0.865	16150	0.966	0.135	1903	0.909
DEFB131	0.79	2	1.10	0.865	16151	0.966	0.135	1902	0.909
ZNF429	1.37	6	1.10	0.865	16152	0.966	0.135	1901	0.909
GOLGA3	1.58	8	1.10	0.865	16153	0.966	0.135	1900	0.909
CES4A	1.58	8	1.10	0.865	16154	0.966	0.135	1899	0.909
UACA	1.58	8	1.10	0.865	16155	0.966	0.135	1898	0.909
C6orf211	1.58	8	1.10	0.865	16156	0.966	0.135	1897	0.909
NME6	1.58	8	1.10	0.865	16157	0.966	0.135	1896	0.909
CLLU1OS	1.58	8	1.10	0.865	16158	0.966	0.135	1895	0.909
WSCD2	1.58	8	1.10	0.865	16159	0.966	0.135	1894	0.909
DUS4L	1.58	8	1.10	0.865	16160	0.966	0.135	1893	0.909
CLSTN3	1.58	8	1.11	0.865	16161	0.966	0.135	1892	0.909
GATAD1	1.58	8	1.11	0.865	16162	0.966	0.135	1891	0.909
VTN	1.59	8	1.11	0.866	16163	0.966	0.134	1890	0.909
GPX8	1.59	8	1.11	0.866	16164	0.966	0.134	1889	0.909
CPZ	1.59	8	1.11	0.866	16165	0.966	0.134	1888	0.909
C12orf68	1.59	8	1.11	0.866	16166	0.966	0.134	1887	0.909
FOSL1	1.59	8	1.11	0.866	16167	0.966	0.134	1886	0.909
OR4D2	1.59	8	1.11	0.866	16168	0.966	0.134	1885	0.909
GZF1	1.59	8	1.11	0.866	16169	0.966	0.134	1884	0.909
HOXD10	1.59	8	1.11	0.866	16170	0.966	0.134	1883	0.909
NXPH4	1.59	8	1.11	0.866	16171	0.966	0.134	1882	0.909
CYBB	1.59	8	1.11	0.866	16172	0.966	0.134	1881	0.909
CD46	1.60	8	1.11	0.866	16173	0.966	0.134	1880	0.909
PDGFB	1.60	8	1.11	0.866	16174	0.966	0.134	1879	0.909
FAM170A	1.60	8	1.11	0.866	16175	0.966	0.134	1878	0.909
CPNE4	1.60	8	1.11	0.866	16176	0.966	0.134	1877	0.909
SOX30	1.60	8	1.11	0.866	16177	0.966	0.134	1876	0.909
TAS2R43	0.80	2	1.11	0.866	16178	0.966	0.134	1875	0.909
PCDHB15	1.60	8	1.11	0.866	16179	0.966	0.134	1874	0.909
DTD1	1.38	6	1.11	0.866	16180	0.966	0.134	1873	0.909
OR7A10	1.13	4	1.11	0.866	16181	0.966	0.134	1872	0.909
PHF10	1.60	8	1.11	0.866	16182	0.966	0.134	1871	0.909
ANGPT4	1.60	8	1.11	0.866	16183	0.966	0.134	1870	0.909
GPR1	1.60	8	1.11	0.867	16184	0.966	0.133	1869	0.909
CLEC4A	1.60	8	1.11	0.867	16185	0.966	0.133	1868	0.909
UNC119B	1.60	8	1.11	0.867	16186	0.966	0.133	1867	0.909
C1orf68	1.61	8	1.11	0.867	16187	0.966	0.133	1866	0.909
CDH23	1.61	8	1.11	0.867	16188	0.966	0.133	1865	0.909
LDHAL6B	1.61	8	1.11	0.867	16189	0.966	0.133	1864	0.909
IFIT1B	1.61	8	1.11	0.867	16190	0.966	0.133	1863	0.909
SIN3B	1.61	8	1.11	0.867	16191	0.966	0.133	1862	0.909
CAMP	1.61	8	1.11	0.867	16192	0.966	0.133	1861	0.909
FAM120AOS	1.61	8	1.11	0.867	16193	0.966	0.133	1860	0.909
LACRT	1.62	8	1.11	0.867	16194	0.966	0.133	1859	0.909
CLPTM1L	1.62	8	1.11	0.867	16195	0.966	0.133	1858	0.909
OR4K14	1.62	8	1.11	0.867	16196	0.966	0.133	1857	0.909
CAMK2A	1.62	8	1.11	0.867	16197	0.966	0.133	1856	0.909
C16orf3	1.62	8	1.11	0.867	16198	0.966	0.133	1855	0.909
MLLT1	1.62	8	1.11	0.867	16199	0.966	0.133	1854	0.909
OPTN	1.62	8	1.11	0.867	16200	0.966	0.133	1853	0.909
NDUFS6	1.62	8	1.11	0.867	16201	0.966	0.133	1852	0.909
CRAT	1.62	8	1.11	0.868	16202	0.966	0.132	1851	0.909
PKD1	1.62	8	1.12	0.868	16203	0.966	0.132	1850	0.909
IFLTD1	1.62	8	1.12	0.868	16204	0.966	0.132	1849	0.909
ZNF680	1.15	4	1.12	0.868	16205	0.966	0.132	1848	0.909
PRND	1.63	8	1.12	0.868	16206	0.966	0.132	1847	0.909
HSD17B2	1.63	8	1.12	0.868	16207	0.966	0.132	1846	0.909
SEMA5B	1.63	8	1.12	0.868	16208	0.966	0.132	1845	0.909
RASAL1	1.63	8	1.12	0.868	16209	0.966	0.132	1844	0.909
ADH1A	1.63	8	1.12	0.868	16210	0.966	0.132	1843	0.909
HERC3	1.63	8	1.12	0.868	16211	0.966	0.132	1842	0.909
COL16A1	1.63	8	1.12	0.868	16212	0.966	0.132	1841	0.909
DECR1	1.63	8	1.12	0.868	16213	0.966	0.132	1840	0.909
MUC7	1.63	8	1.12	0.868	16214	0.966	0.132	1839	0.909
PYGO1	1.63	8	1.12	0.868	16215	0.966	0.132	1838	0.909
CCDC82	1.63	8	1.12	0.868	16216	0.966	0.132	1837	0.909
OLFM3	1.64	8	1.12	0.868	16217	0.966	0.132	1836	0.909
MXD4	1.64	8	1.12	0.869	16218	0.966	0.131	1835	0.909
C10orf71	1.64	8	1.12	0.869	16219	0.966	0.131	1834	0.909
ZNF296	1.65	8	1.12	0.869	16220	0.966	0.131	1833	0.909
TM9SF2	1.65	8	1.12	0.869	16221	0.966	0.131	1832	0.909
TNFRSF10C	1.65	8	1.12	0.869	16222	0.966	0.131	1831	0.909
ACAT1	1.65	8	1.12	0.869	16223	0.966	0.131	1830	0.909
ZNF662	1.65	8	1.12	0.869	16224	0.966	0.131	1829	0.909
SUCNR1	1.65	8	1.12	0.869	16225	0.966	0.131	1828	0.909
MAGI2	1.65	8	1.12	0.869	16226	0.966	0.131	1827	0.909
OR8H2	0.83	2	1.12	0.869	16227	0.966	0.131	1826	0.909
TSPO2	1.65	8	1.12	0.869	16228	0.966	0.131	1825	0.909
FAM135A	1.65	8	1.12	0.869	16229	0.966	0.131	1824	0.909
SLC6A6	1.65	8	1.12	0.869	16230	0.966	0.131	1823	0.909
SDR16C5	1.65	8	1.12	0.869	16231	0.966	0.131	1822	0.909
LIPA	1.66	8	1.12	0.869	16232	0.966	0.131	1821	0.909
TSPAN19	1.66	8	1.12	0.869	16233	0.966	0.131	1820	0.909
LENEP	1.66	8	1.12	0.869	16234	0.966	0.131	1819	0.909
ANKS6	1.66	8	1.12	0.869	16235	0.966	0.131	1818	0.909
PRKACB	1.66	8	1.12	0.869	16236	0.966	0.131	1817	0.909
SCN10A	1.66	8	1.12	0.869	16237	0.966	0.131	1816	0.909
MMP24	1.66	8	1.12	0.869	16238	0.966	0.131	1815	0.909
NFKBIE	1.66	8	1.12	0.87	16239	0.966	0.13	1814	0.909
GLT8D1	1.66	8	1.12	0.87	16240	0.966	0.13	1813	0.909
FZD7	1.66	8	1.12	0.87	16241	0.966	0.13	1812	0.909
TCTA	1.66	8	1.12	0.87	16242	0.966	0.13	1811	0.909
GNAI3	1.66	8	1.12	0.87	16243	0.966	0.13	1810	0.909
LPIN3	1.66	8	1.12	0.87	16244	0.966	0.13	1809	0.909
XKR3	1.66	8	1.13	0.87	16245	0.966	0.13	1808	0.909
RAB39B	1.66	8	1.13	0.87	16246	0.966	0.13	1807	0.909
LRRC39	1.67	8	1.13	0.87	16247	0.966	0.13	1806	0.909
OR7C1	1.67	8	1.13	0.87	16248	0.966	0.13	1805	0.909
PAQR5	1.67	8	1.13	0.87	16249	0.966	0.13	1804	0.909
CILP2	1.67	8	1.13	0.87	16250	0.966	0.13	1803	0.909
CXorf36	1.67	8	1.13	0.87	16251	0.966	0.13	1802	0.909
CC2D1A	1.67	8	1.13	0.87	16252	0.966	0.13	1801	0.909
RTN4IP1	1.67	8	1.13	0.87	16253	0.966	0.13	1800	0.909
EN1	1.67	8	1.13	0.87	16254	0.966	0.13	1799	0.909
ZFP1	1.67	8	1.13	0.87	16255	0.966	0.13	1798	0.909
CDK10	1.67	8	1.13	0.87	16256	0.966	0.13	1797	0.909
CSRNP2	1.68	8	1.13	0.87	16257	0.966	0.13	1796	0.909
SSH1	1.68	8	1.13	0.87	16258	0.966	0.13	1795	0.909
BAG3	1.68	8	1.13	0.87	16259	0.966	0.13	1794	0.909
RMDN1	1.68	8	1.13	0.871	16260	0.966	0.129	1793	0.909
PLEKHA8	1.68	8	1.13	0.871	16261	0.966	0.129	1792	0.909
SLC2A2	1.68	8	1.13	0.871	16262	0.966	0.129	1791	0.909
TLR9	1.68	8	1.13	0.871	16263	0.966	0.129	1790	0.909
FAM178B	1.68	8	1.13	0.871	16264	0.966	0.129	1789	0.909
PCGF5	1.69	8	1.13	0.871	16265	0.966	0.129	1788	0.909
TMEM70	1.69	8	1.13	0.871	16266	0.966	0.129	1787	0.909
IL13	1.69	8	1.13	0.871	16267	0.966	0.129	1786	0.909
OR6B3	1.69	8	1.13	0.871	16268	0.966	0.129	1785	0.909
RPS6	0.84	2	1.13	0.871	16269	0.966	0.129	1784	0.909
RANBP17	1.69	8	1.13	0.871	16270	0.966	0.129	1783	0.909
KCNMB3	1.69	8	1.13	0.871	16271	0.966	0.129	1782	0.909
PROP1	1.69	8	1.13	0.871	16272	0.966	0.129	1781	0.909
NAALADL2	1.69	8	1.13	0.871	16273	0.966	0.129	1780	0.909
ZNF605	1.69	8	1.13	0.871	16274	0.966	0.129	1779	0.909
TNNC2	1.69	8	1.13	0.871	16275	0.966	0.129	1778	0.909
ADTRP	1.69	8	1.13	0.871	16276	0.966	0.129	1777	0.909
B3GNT4	1.69	8	1.13	0.871	16277	0.966	0.129	1776	0.909
C9orf142	1.70	8	1.13	0.871	16278	0.966	0.129	1775	0.909
CDK13	1.70	8	1.13	0.872	16279	0.966	0.128	1774	0.909
MRPS33	1.70	8	1.13	0.872	16280	0.966	0.128	1773	0.909
METTL2B	0.85	2	1.13	0.872	16281	0.966	0.128	1772	0.909
SEMA6D	1.70	8	1.13	0.872	16282	0.966	0.128	1771	0.909
CABP5	1.70	8	1.13	0.872	16283	0.966	0.128	1770	0.909
ADAM15	1.70	8	1.13	0.872	16284	0.966	0.128	1769	0.909
EIF4B	1.70	8	1.14	0.872	16285	0.966	0.128	1768	0.909
DPCD	1.70	8	1.14	0.872	16286	0.966	0.128	1767	0.909
APLF	1.71	8	1.14	0.872	16287	0.966	0.128	1766	0.909
EGR2	1.71	8	1.14	0.872	16288	0.966	0.128	1765	0.909
MFSD1	1.71	8	1.14	0.872	16289	0.966	0.128	1764	0.909
ARSG	1.71	8	1.14	0.872	16290	0.966	0.128	1763	0.909
BTN2A1	1.71	8	1.14	0.872	16291	0.966	0.128	1762	0.909
MOSPD2	1.71	8	1.14	0.872	16292	0.966	0.128	1761	0.909
GRID2IP	1.71	8	1.14	0.872	16293	0.966	0.128	1760	0.909
CCND2	1.72	8	1.14	0.873	16294	0.966	0.127	1759	0.909
RTBDN	1.72	8	1.14	0.873	16295	0.966	0.127	1758	0.909
ALOX12B	1.72	8	1.14	0.873	16296	0.966	0.127	1757	0.909
LATS2	1.72	8	1.14	0.873	16297	0.966	0.127	1756	0.909
ADCY5	1.72	8	1.14	0.873	16298	0.966	0.127	1755	0.909
PYDC2	1.72	8	1.14	0.873	16299	0.966	0.127	1754	0.909
PIM1	1.72	8	1.14	0.873	16300	0.966	0.127	1753	0.909
STK39	1.72	8	1.14	0.873	16301	0.966	0.127	1752	0.909
DPP4	1.72	8	1.14	0.873	16302	0.966	0.127	1751	0.909
FRMD6	1.73	8	1.14	0.873	16303	0.966	0.127	1750	0.909
GOLPH3	1.73	8	1.14	0.873	16304	0.966	0.127	1749	0.909
RNF19A	1.73	8	1.14	0.873	16305	0.966	0.127	1748	0.909
PPP1R3B	1.73	8	1.14	0.873	16306	0.966	0.127	1747	0.909
OTOL1	1.73	8	1.14	0.873	16307	0.966	0.127	1746	0.909
ERAP1	1.73	8	1.14	0.873	16308	0.966	0.127	1745	0.909
IL17B	1.73	8	1.14	0.873	16309	0.966	0.127	1744	0.909
ZNF354A	1.73	8	1.14	0.873	16310	0.966	0.127	1743	0.909
LSM12	1.73	8	1.14	0.873	16311	0.966	0.127	1742	0.909
IGF1	1.73	8	1.14	0.873	16312	0.966	0.127	1741	0.909
GNB5	1.73	8	1.14	0.873	16313	0.966	0.127	1740	0.909
CALD1	1.73	8	1.14	0.873	16314	0.966	0.127	1739	0.909
ZNF626	1.50	6	1.14	0.873	16315	0.966	0.127	1738	0.909
STX11	1.73	8	1.14	0.874	16316	0.966	0.126	1737	0.909
INS-IGF2	1.74	8	1.14	0.874	16317	0.966	0.126	1736	0.909
SMTNL2	1.74	8	1.14	0.874	16318	0.966	0.126	1735	0.909
RNFT2	1.74	8	1.14	0.874	16319	0.966	0.126	1734	0.909
IL17RB	1.74	8	1.14	0.874	16320	0.966	0.126	1733	0.909
USP46	1.74	8	1.14	0.874	16321	0.966	0.126	1732	0.909
WBSCR17	1.74	8	1.14	0.874	16322	0.966	0.126	1731	0.909
HECTD2	1.74	8	1.14	0.874	16323	0.966	0.126	1730	0.909
CLDN14	1.74	8	1.15	0.874	16324	0.966	0.126	1729	0.909
COL4A3	1.74	8	1.15	0.874	16325	0.966	0.126	1728	0.909
PAX2	1.74	8	1.15	0.874	16326	0.966	0.126	1727	0.909
ACTR3B	1.75	8	1.15	0.874	16327	0.966	0.126	1726	0.909
TMEM11	1.75	8	1.15	0.874	16328	0.966	0.126	1725	0.909
PABPC3	1.75	8	1.15	0.874	16329	0.966	0.126	1724	0.909
STAT3	1.75	8	1.15	0.874	16330	0.966	0.126	1723	0.909
TMEM100	1.75	8	1.15	0.874	16331	0.966	0.126	1722	0.909
SERPING1	1.75	8	1.15	0.874	16332	0.966	0.126	1721	0.909
KRTAP10-7	1.24	4	1.15	0.874	16333	0.966	0.126	1720	0.909
C10orf107	1.75	8	1.15	0.874	16334	0.966	0.126	1719	0.909
KLF9	1.75	8	1.15	0.874	16335	0.966	0.126	1718	0.909
PHF15	1.76	8	1.15	0.875	16336	0.966	0.125	1717	0.909
EPT1	1.52	6	1.15	0.875	16337	0.966	0.125	1716	0.909
ARAF	1.76	8	1.15	0.875	16338	0.966	0.125	1715	0.909
COQ10B	1.76	8	1.15	0.875	16339	0.966	0.125	1714	0.909
TTC38	1.76	8	1.15	0.875	16340	0.966	0.125	1713	0.909
MMP19	1.76	8	1.15	0.875	16341	0.966	0.125	1712	0.909
TMEM161B	1.76	8	1.15	0.875	16342	0.966	0.125	1711	0.909
ABHD1	1.76	8	1.15	0.875	16343	0.966	0.125	1710	0.909
RELL2	1.76	8	1.15	0.875	16344	0.966	0.125	1709	0.909
DUSP7	1.76	8	1.15	0.875	16345	0.966	0.125	1708	0.909
ST6GAL1	1.77	8	1.15	0.875	16346	0.966	0.125	1707	0.909
ATCAY	1.77	8	1.15	0.875	16347	0.966	0.125	1706	0.909
UBE2E3	1.77	8	1.15	0.875	16348	0.966	0.125	1705	0.909
IP6K1	1.77	8	1.15	0.875	16349	0.966	0.125	1704	0.909
ZBTB39	1.77	8	1.15	0.875	16350	0.966	0.125	1703	0.909
SLC25A13	1.77	8	1.15	0.875	16351	0.966	0.125	1702	0.909
PCDHB8	1.53	6	1.15	0.875	16352	0.966	0.125	1701	0.909
PFKFB3	1.77	8	1.15	0.875	16353	0.966	0.125	1700	0.909
FAM111A	1.77	8	1.15	0.875	16354	0.966	0.125	1699	0.909
LIMCH1	1.77	8	1.15	0.875	16355	0.966	0.125	1698	0.909
ATP6V1B1	1.77	8	1.15	0.876	16356	0.966	0.124	1697	0.909
DNAAF3	1.78	8	1.15	0.876	16357	0.966	0.124	1696	0.909
SLC12A3	1.78	8	1.15	0.876	16358	0.966	0.124	1695	0.909
GRSF1	1.54	6	1.15	0.876	16359	0.966	0.124	1694	0.909
GPR64	1.78	8	1.15	0.876	16360	0.966	0.124	1693	0.909
ZNF239	1.78	8	1.15	0.876	16361	0.966	0.124	1692	0.909
CDHR2	1.78	8	1.15	0.876	16362	0.966	0.124	1691	0.909
LHFPL2	1.78	8	1.15	0.876	16363	0.966	0.124	1690	0.909
ABHD16B	1.78	8	1.15	0.876	16364	0.966	0.124	1689	0.909
RHD	1.78	8	1.16	0.876	16365	0.966	0.124	1688	0.909
MIEF1	1.78	8	1.16	0.876	16366	0.966	0.124	1687	0.909
SIGLEC1	1.79	8	1.16	0.876	16367	0.966	0.124	1686	0.909
DFNA5	1.79	8	1.16	0.876	16368	0.966	0.124	1685	0.909
LAPTM4A	1.79	8	1.16	0.876	16369	0.966	0.124	1684	0.909
ZNF473	1.79	8	1.16	0.876	16370	0.966	0.124	1683	0.909
OR4C5	1.79	8	1.16	0.876	16371	0.966	0.124	1682	0.909
CYP11B1	1.79	8	1.16	0.876	16372	0.966	0.124	1681	0.909
EMILIN3	1.79	8	1.16	0.876	16373	0.966	0.124	1680	0.909
ZNF134	1.79	8	1.16	0.877	16374	0.966	0.123	1679	0.909
PTPRH	1.79	8	1.16	0.877	16375	0.966	0.123	1678	0.909
STAC3	1.80	8	1.16	0.877	16376	0.966	0.123	1677	0.909
LHCGR	1.80	8	1.16	0.877	16377	0.966	0.123	1676	0.909
FGF9	1.80	8	1.16	0.877	16378	0.966	0.123	1675	0.909
SERPINA6	1.80	8	1.16	0.877	16379	0.966	0.123	1674	0.909
C2CD2	1.80	8	1.16	0.877	16380	0.966	0.123	1673	0.909
NR2C1	1.80	8	1.16	0.877	16381	0.966	0.123	1672	0.909
KITLG	1.80	8	1.16	0.877	16382	0.966	0.123	1671	0.909
PRAME	1.80	8	1.16	0.877	16383	0.966	0.123	1670	0.909
ATP12A	1.81	8	1.16	0.877	16384	0.966	0.123	1669	0.909
ZNF490	1.81	8	1.16	0.877	16385	0.966	0.123	1668	0.909
CMTM3	1.81	8	1.16	0.877	16386	0.966	0.123	1667	0.909
HCAR2	1.81	8	1.16	0.877	16387	0.966	0.123	1666	0.909
ANXA5	1.81	8	1.16	0.877	16388	0.966	0.123	1665	0.909
LLGL1	1.81	8	1.16	0.877	16389	0.966	0.123	1664	0.909
FAM43A	1.81	8	1.16	0.877	16390	0.966	0.123	1663	0.909
RGS9	1.81	8	1.16	0.877	16391	0.966	0.123	1662	0.909
FBXO39	1.81	8	1.16	0.877	16392	0.966	0.123	1661	0.909
YAF2	1.81	8	1.16	0.877	16393	0.966	0.123	1660	0.909
UBTD2	1.81	8	1.16	0.878	16394	0.966	0.122	1659	0.909
LCORL	1.81	8	1.16	0.878	16395	0.966	0.122	1658	0.909
NISCH	1.81	8	1.16	0.878	16396	0.966	0.122	1657	0.909
ZNF816	1.82	8	1.16	0.878	16397	0.966	0.122	1656	0.909
G0S2	1.70	7	1.16	0.878	16398	0.966	0.122	1655	0.909
THPO	1.82	8	1.16	0.878	16399	0.966	0.122	1654	0.909
TK2	1.82	8	1.16	0.878	16400	0.966	0.122	1653	0.909
TRIM59	1.82	8	1.16	0.878	16401	0.966	0.122	1652	0.909
APEH	1.82	8	1.16	0.878	16402	0.966	0.122	1651	0.909
OR51B2	1.82	8	1.16	0.878	16403	0.966	0.122	1650	0.909
RYR3	1.82	8	1.17	0.878	16404	0.966	0.122	1649	0.909
RFX1	1.82	8	1.17	0.878	16405	0.966	0.122	1648	0.909
MPZL3	1.83	8	1.17	0.878	16406	0.966	0.122	1647	0.909
C4orf6	1.83	8	1.17	0.878	16407	0.966	0.122	1646	0.909
SIDT1	1.83	8	1.17	0.878	16408	0.966	0.122	1645	0.909
NDUFAF6	1.83	8	1.17	0.878	16409	0.966	0.122	1644	0.909
ZNF414	1.83	8	1.17	0.879	16410	0.966	0.121	1643	0.909
PLA2G3	1.83	8	1.17	0.879	16411	0.966	0.121	1642	0.909
HIST4H4	1.84	8	1.17	0.879	16412	0.966	0.121	1641	0.909
CACFD1	1.84	8	1.17	0.879	16413	0.966	0.121	1640	0.909
SMG8	1.84	8	1.17	0.879	16414	0.966	0.121	1639	0.909
ZNF563	1.84	8	1.17	0.879	16415	0.966	0.121	1638	0.909
PTGDR2	1.84	8	1.17	0.879	16416	0.966	0.121	1637	0.909
TCEA1	1.84	8	1.17	0.879	16417	0.966	0.121	1636	0.909
ESYT1	1.84	8	1.17	0.879	16418	0.966	0.121	1635	0.909
MPC1	1.84	8	1.17	0.879	16419	0.966	0.121	1634	0.909
ARID2	1.84	8	1.17	0.879	16420	0.966	0.121	1633	0.909
ZFYVE16	1.84	8	1.17	0.879	16421	0.966	0.121	1632	0.909
MAST1	1.84	8	1.17	0.879	16422	0.966	0.121	1631	0.909
NR1I2	1.85	8	1.17	0.879	16423	0.966	0.121	1630	0.909
SLITRK3	1.85	8	1.17	0.879	16424	0.966	0.121	1629	0.909
ARHGEF6	1.85	8	1.17	0.879	16425	0.966	0.121	1628	0.909
EVX1	1.85	8	1.17	0.879	16426	0.966	0.121	1627	0.909
CD40	1.85	8	1.17	0.879	16427	0.966	0.121	1626	0.909
NAGA	1.85	8	1.17	0.879	16428	0.966	0.121	1625	0.909
RNF130	1.85	8	1.17	0.88	16429	0.966	0.12	1624	0.909
FAM219A	1.85	8	1.17	0.88	16430	0.966	0.12	1623	0.909
SRXN1	1.85	8	1.17	0.88	16431	0.966	0.12	1622	0.909
ALCAM	1.86	8	1.17	0.88	16432	0.966	0.12	1621	0.909
NIM1	1.86	8	1.17	0.88	16433	0.966	0.12	1620	0.909
ACAD9	1.86	8	1.17	0.88	16434	0.966	0.12	1619	0.909
LRRC69	1.86	8	1.17	0.88	16435	0.966	0.12	1618	0.909
ATF7IP2	1.86	8	1.17	0.88	16436	0.966	0.12	1617	0.909
OR5A2	1.86	8	1.17	0.88	16437	0.966	0.12	1616	0.909
AWAT1	1.86	8	1.17	0.88	16438	0.966	0.12	1615	0.909
SMIM15	1.61	6	1.17	0.88	16439	0.966	0.12	1614	0.909
GPR150	1.86	8	1.18	0.88	16440	0.966	0.12	1613	0.909
OR52E8	1.86	8	1.18	0.88	16441	0.966	0.12	1612	0.909
NOXA1	1.87	8	1.18	0.88	16442	0.966	0.12	1611	0.909
GLRX	1.87	8	1.18	0.88	16443	0.966	0.12	1610	0.909
ENTPD1	1.87	8	1.18	0.88	16444	0.966	0.12	1609	0.909
KCNH8	1.87	8	1.18	0.881	16445	0.966	0.119	1608	0.909
HRG	1.87	8	1.18	0.881	16446	0.966	0.119	1607	0.909
BMI1	1.88	8	1.18	0.881	16447	0.966	0.119	1606	0.909
PRDX3	1.88	8	1.18	0.881	16448	0.966	0.119	1605	0.909
SIAH2	1.88	8	1.18	0.881	16449	0.966	0.119	1604	0.909
TPRN	1.88	8	1.18	0.881	16450	0.966	0.119	1603	0.909
NDUFAF3	1.88	8	1.18	0.881	16451	0.966	0.119	1602	0.909
EGFR	1.88	8	1.18	0.881	16452	0.966	0.119	1601	0.909
SLC24A3	1.88	8	1.18	0.881	16453	0.966	0.119	1600	0.909
IFIT2	1.88	8	1.18	0.881	16454	0.966	0.119	1599	0.909
MRPS36	0.94	2	1.18	0.881	16455	0.966	0.119	1598	0.909
DEGS2	1.89	8	1.18	0.881	16456	0.966	0.119	1597	0.909
ANKMY1	1.89	8	1.18	0.881	16457	0.966	0.119	1596	0.909
PREX2	1.89	8	1.18	0.881	16458	0.966	0.119	1595	0.909
LHX9	1.89	8	1.18	0.881	16459	0.966	0.119	1594	0.909
KRT78	1.89	8	1.18	0.882	16460	0.966	0.118	1593	0.909
COX7B2	1.89	8	1.18	0.882	16461	0.966	0.118	1592	0.909
MAP3K13	1.89	8	1.18	0.882	16462	0.966	0.118	1591	0.909
HIST1H4H	1.64	6	1.18	0.882	16463	0.966	0.118	1590	0.909
NR1I3	1.89	8	1.18	0.882	16464	0.966	0.118	1589	0.909
PLA2G4B	0.95	2	1.18	0.882	16465	0.966	0.118	1588	0.909
NDUFB5	1.90	8	1.18	0.882	16466	0.966	0.118	1587	0.909
PARP9	1.90	8	1.18	0.882	16467	0.966	0.118	1586	0.909
RAB32	1.90	8	1.18	0.882	16468	0.966	0.118	1585	0.909
C5orf54	1.90	8	1.18	0.882	16469	0.966	0.118	1584	0.909
DDN	1.90	8	1.18	0.882	16470	0.966	0.118	1583	0.909
GLIPR1L1	1.90	8	1.18	0.882	16471	0.966	0.118	1582	0.909
ZNF439	1.65	6	1.19	0.882	16472	0.966	0.118	1581	0.909
CRYZL1	1.91	8	1.19	0.882	16473	0.966	0.118	1580	0.909
RRP36	1.91	8	1.19	0.882	16474	0.966	0.118	1579	0.909
KLHL11	1.91	8	1.19	0.882	16475	0.966	0.118	1578	0.909
DUSP27	1.91	8	1.19	0.882	16476	0.966	0.118	1577	0.909
LRP1B	1.91	8	1.19	0.882	16477	0.966	0.118	1576	0.909
OR5AR1	1.91	8	1.19	0.882	16478	0.966	0.118	1575	0.909
ADRA1D	1.91	8	1.19	0.883	16479	0.966	0.117	1574	0.909
ITGB1BP2	1.91	8	1.19	0.883	16480	0.966	0.117	1573	0.909
FAM46D	1.91	8	1.19	0.883	16481	0.966	0.117	1572	0.909
C9orf169	1.91	8	1.19	0.883	16482	0.966	0.117	1571	0.909
CNPY2	1.91	8	1.19	0.883	16483	0.966	0.117	1570	0.909
CLEC12A	1.91	8	1.19	0.883	16484	0.966	0.117	1569	0.909
RHOT1	1.92	8	1.19	0.883	16485	0.966	0.117	1568	0.909
SDSL	1.92	8	1.19	0.883	16486	0.966	0.117	1567	0.909
ZNF264	1.92	8	1.19	0.883	16487	0.966	0.117	1566	0.909
PRR16	1.92	8	1.19	0.883	16488	0.966	0.117	1565	0.909
MEOX2	1.92	8	1.19	0.883	16489	0.966	0.117	1564	0.909
ARL5B	1.92	8	1.19	0.883	16490	0.966	0.117	1563	0.909
TROAP	1.92	8	1.19	0.883	16491	0.966	0.117	1562	0.909
THBD	1.92	8	1.19	0.883	16492	0.966	0.117	1561	0.909
ZNF182	1.93	8	1.19	0.883	16493	0.966	0.117	1560	0.909
FBXL6	1.93	8	1.19	0.883	16494	0.966	0.117	1559	0.909
RIC3	1.93	8	1.19	0.883	16495	0.966	0.117	1558	0.909
SCRT2	1.93	8	1.19	0.883	16496	0.966	0.117	1557	0.909
KCTD8	1.93	8	1.19	0.883	16497	0.966	0.117	1556	0.909
CCDC67	1.37	4	1.19	0.884	16498	0.966	0.116	1555	0.909
SLC38A8	1.93	8	1.19	0.884	16499	0.966	0.116	1554	0.909
SNX21	1.93	8	1.19	0.884	16500	0.966	0.116	1553	0.909
GLRA2	1.94	8	1.19	0.884	16501	0.966	0.116	1552	0.909
EPAS1	1.94	8	1.19	0.884	16502	0.966	0.116	1551	0.909
BPIFA1	1.94	8	1.19	0.884	16503	0.966	0.116	1550	0.909
BTF3L4	1.94	8	1.19	0.884	16504	0.966	0.116	1549	0.909
FAM195B	1.94	8	1.20	0.884	16505	0.966	0.116	1548	0.909
CCDC53	1.94	8	1.20	0.884	16506	0.966	0.116	1547	0.909
SCARB1	1.95	8	1.20	0.884	16507	0.966	0.116	1546	0.909
APPL1	1.95	8	1.20	0.884	16508	0.966	0.116	1545	0.909
GOSR1	1.95	8	1.20	0.884	16509	0.966	0.116	1544	0.909
C19orf45	1.95	8	1.20	0.884	16510	0.966	0.116	1543	0.909
ZNF454	1.95	8	1.20	0.885	16511	0.966	0.115	1542	0.909
PSMD10	1.83	7	1.20	0.885	16512	0.966	0.115	1541	0.909
CRMP1	1.96	8	1.20	0.885	16513	0.966	0.115	1540	0.909
RBP7	1.96	8	1.20	0.885	16514	0.966	0.115	1539	0.909
RARG	1.96	8	1.20	0.885	16515	0.966	0.115	1538	0.909
OR4N5	1.96	8	1.20	0.885	16516	0.966	0.115	1537	0.909
PRPH	1.96	8	1.20	0.885	16517	0.966	0.115	1536	0.909
C10orf128	1.96	8	1.20	0.885	16518	0.966	0.115	1535	0.909
LSMD1	1.96	8	1.20	0.885	16519	0.966	0.115	1534	0.909
TCHP	1.96	8	1.20	0.885	16520	0.966	0.115	1533	0.909
COL22A1	1.96	8	1.20	0.885	16521	0.966	0.115	1532	0.909
ZNF80	1.97	8	1.20	0.885	16522	0.966	0.115	1531	0.909
ARL8B	1.97	8	1.20	0.885	16523	0.966	0.115	1530	0.909
PDE9A	1.97	8	1.20	0.885	16524	0.966	0.115	1529	0.909
CEACAM16	1.97	8	1.20	0.885	16525	0.966	0.115	1528	0.909
MTMR1	1.97	8	1.20	0.885	16526	0.966	0.115	1527	0.909
ATP2B1	1.97	8	1.20	0.885	16527	0.966	0.115	1526	0.909
MTCP1	1.97	8	1.20	0.885	16528	0.966	0.115	1525	0.909
SFRP2	1.97	8	1.20	0.886	16529	0.966	0.114	1524	0.909
CCDC58	0.99	2	1.20	0.886	16530	0.966	0.114	1523	0.909
KRT73	1.97	8	1.20	0.886	16531	0.966	0.114	1522	0.909
TAGLN3	1.97	8	1.20	0.886	16532	0.966	0.114	1521	0.909
POLR3G	0.99	2	1.20	0.886	16533	0.966	0.114	1520	0.909
SLCO5A1	1.98	8	1.20	0.886	16534	0.966	0.114	1519	0.909
ANGPT2	1.98	8	1.20	0.886	16535	0.966	0.114	1518	0.909
OR10C1	1.98	8	1.20	0.886	16536	0.966	0.114	1517	0.909
S100A8	1.98	8	1.20	0.886	16537	0.966	0.114	1516	0.909
BPIFB3	1.98	8	1.20	0.886	16538	0.966	0.114	1515	0.909
ITIH5	1.98	8	1.21	0.886	16539	0.966	0.114	1514	0.909
PAPD5	1.98	8	1.21	0.886	16540	0.966	0.114	1513	0.909
ANKRD54	1.98	8	1.21	0.886	16541	0.966	0.114	1512	0.909
ZFAND4	1.98	8	1.21	0.886	16542	0.966	0.114	1511	0.909
AIM1L	1.98	8	1.21	0.886	16543	0.966	0.114	1510	0.909
TMEM39A	1.98	8	1.21	0.886	16544	0.966	0.114	1509	0.909
PLS1	1.99	8	1.21	0.886	16545	0.966	0.114	1508	0.909
PRB3	0.99	2	1.21	0.886	16546	0.966	0.114	1507	0.909
YIPF6	1.99	8	1.21	0.886	16547	0.966	0.114	1506	0.909
BAAT	1.99	8	1.21	0.886	16548	0.966	0.114	1505	0.909
TRMT2B	1.99	8	1.21	0.886	16549	0.966	0.114	1504	0.909
GTDC1	1.99	8	1.21	0.886	16550	0.966	0.114	1503	0.909
KRTAP10-8	1.41	4	1.21	0.886	16551	0.966	0.114	1502	0.909
F7	1.99	8	1.21	0.886	16552	0.966	0.114	1501	0.909
CREBL2	1.99	8	1.21	0.886	16553	0.966	0.114	1500	0.909
HES7	1.99	8	1.21	0.886	16554	0.966	0.114	1499	0.909
OR5K3	1.99	8	1.21	0.887	16555	0.966	0.113	1498	0.909
DEPDC5	2.00	8	1.21	0.887	16556	0.966	0.113	1497	0.909
TFE3	2.00	8	1.21	0.887	16557	0.966	0.113	1496	0.909
MSI1	2.00	8	1.21	0.887	16558	0.966	0.113	1495	0.909
SEC24D	2.00	8	1.21	0.887	16559	0.966	0.113	1494	0.909
SPTSSB	2.00	8	1.21	0.887	16560	0.966	0.113	1493	0.909
KRT6A	1.42	4	1.21	0.887	16561	0.966	0.113	1492	0.909
TMEM150C	2.00	8	1.21	0.887	16562	0.966	0.113	1491	0.909
DCAF10	2.00	8	1.21	0.887	16563	0.966	0.113	1490	0.909
GXYLT2	2.00	8	1.21	0.887	16564	0.966	0.113	1489	0.909
STX8	2.00	8	1.21	0.887	16565	0.966	0.113	1488	0.909
HLA-DPB1	2.00	8	1.21	0.887	16566	0.966	0.113	1487	0.909
DEFB121	1.74	6	1.21	0.887	16567	0.966	0.113	1486	0.909
FRG2C	1.00	2	1.21	0.887	16568	0.966	0.113	1485	0.909
B3GNT2	2.01	8	1.21	0.887	16569	0.966	0.113	1484	0.909
SLITRK1	2.01	8	1.21	0.887	16570	0.966	0.113	1483	0.909
TUBAL3	2.01	8	1.21	0.887	16571	0.966	0.113	1482	0.909
GPD1L	2.01	8	1.21	0.887	16572	0.966	0.113	1481	0.909
CST3	2.01	8	1.21	0.887	16573	0.966	0.113	1480	0.909
NNAT	2.02	8	1.21	0.888	16574	0.966	0.112	1479	0.909
SULT1C4	2.02	8	1.21	0.888	16575	0.966	0.112	1478	0.909
CNNM2	2.02	8	1.22	0.888	16576	0.966	0.112	1477	0.909
RNF24	2.02	8	1.22	0.888	16577	0.966	0.112	1476	0.909
SAT1	2.02	8	1.22	0.888	16578	0.966	0.112	1475	0.909
MCM8	2.02	8	1.22	0.888	16579	0.966	0.112	1474	0.909
NABP2	2.03	8	1.22	0.888	16580	0.966	0.112	1473	0.909
SCEL	2.03	8	1.22	0.888	16581	0.966	0.112	1472	0.909
AQP1	2.03	8	1.22	0.888	16582	0.966	0.112	1471	0.909
MARVELD2	2.03	8	1.22	0.888	16583	0.966	0.112	1470	0.909
GAREML	2.03	8	1.22	0.888	16584	0.966	0.112	1469	0.909
GNB3	2.03	8	1.22	0.888	16585	0.966	0.112	1468	0.909
PLD1	2.03	8	1.22	0.888	16586	0.966	0.112	1467	0.909
CHST11	2.03	8	1.22	0.888	16587	0.966	0.112	1466	0.909
MYPN	2.04	8	1.22	0.889	16588	0.966	0.111	1465	0.909
CT62	2.04	8	1.22	0.889	16589	0.966	0.111	1464	0.909
PLXNA4	2.04	8	1.22	0.889	16590	0.966	0.111	1463	0.909
LYSMD3	2.04	8	1.22	0.889	16591	0.966	0.111	1462	0.909
PASK	1.77	6	1.22	0.889	16592	0.966	0.111	1461	0.909
TMEM256-PLSCR3	2.04	8	1.22	0.889	16593	0.966	0.111	1460	0.909
GPR87	2.04	8	1.22	0.889	16594	0.966	0.111	1459	0.909
TNC	2.04	8	1.22	0.889	16595	0.966	0.111	1458	0.909
IL17RD	2.04	8	1.22	0.889	16596	0.966	0.111	1457	0.909
SNX13	2.04	8	1.22	0.889	16597	0.966	0.111	1456	0.909
PPFIA2	2.04	8	1.22	0.889	16598	0.966	0.111	1455	0.909
C8orf4	2.04	8	1.22	0.889	16599	0.966	0.111	1454	0.909
SEMA6A	2.04	8	1.22	0.889	16600	0.966	0.111	1453	0.909
NCOR2	2.04	8	1.22	0.889	16601	0.966	0.111	1452	0.909
VTCN1	2.05	8	1.22	0.889	16602	0.966	0.111	1451	0.909
PI3	2.05	8	1.22	0.889	16603	0.966	0.111	1450	0.909
ZNF83	2.05	8	1.22	0.889	16604	0.966	0.111	1449	0.909
ARHGAP9	2.05	8	1.22	0.889	16605	0.966	0.111	1448	0.909
FAM20B	2.05	8	1.22	0.889	16606	0.966	0.111	1447	0.909
TMEM238	2.05	8	1.22	0.889	16607	0.966	0.111	1446	0.909
TSC22D3	1.78	6	1.22	0.889	16608	0.966	0.111	1445	0.909
R3HDM4	2.05	8	1.22	0.889	16609	0.966	0.111	1444	0.909
MAP2K5	2.05	8	1.22	0.889	16610	0.966	0.111	1443	0.909
GATA1	2.05	8	1.22	0.889	16611	0.966	0.111	1442	0.909
KIAA0087	2.05	8	1.22	0.889	16612	0.966	0.111	1441	0.909
TRPA1	2.06	8	1.22	0.889	16613	0.966	0.111	1440	0.909
OR6X1	2.06	8	1.22	0.89	16614	0.966	0.11	1439	0.909
LRRC10	2.06	8	1.22	0.89	16615	0.966	0.11	1438	0.909
H2AFJ	2.06	8	1.22	0.89	16616	0.966	0.11	1437	0.909
EVPLL	2.06	8	1.22	0.89	16617	0.966	0.11	1436	0.909
ACVRL1	2.06	8	1.22	0.89	16618	0.966	0.11	1435	0.909
IQCG	2.06	8	1.22	0.89	16619	0.966	0.11	1434	0.909
MYL5	2.06	8	1.22	0.89	16620	0.966	0.11	1433	0.909
KRTAP6-1	1.79	6	1.23	0.89	16621	0.966	0.11	1432	0.909
MGA	2.06	8	1.23	0.89	16622	0.966	0.11	1431	0.909
TMEM164	2.06	8	1.23	0.89	16623	0.966	0.11	1430	0.909
ATP8B3	2.06	8	1.23	0.89	16624	0.966	0.11	1429	0.909
VPS9D1	2.07	8	1.23	0.89	16625	0.966	0.11	1428	0.909
VAX2	2.07	8	1.23	0.89	16626	0.966	0.11	1427	0.909
OPN1LW	1.03	2	1.23	0.89	16627	0.966	0.11	1426	0.909
SLC25A47	2.07	8	1.23	0.89	16628	0.966	0.11	1425	0.909
CX3CR1	2.07	8	1.23	0.89	16629	0.966	0.11	1424	0.909
HERC4	2.07	8	1.23	0.89	16630	0.966	0.11	1423	0.909
EXTL3	2.07	8	1.23	0.89	16631	0.966	0.11	1422	0.909
TTC23L	2.07	8	1.23	0.89	16632	0.966	0.11	1421	0.909
BST2	2.08	8	1.23	0.89	16633	0.966	0.11	1420	0.909
RBM48	2.08	8	1.23	0.891	16634	0.966	0.109	1419	0.909
SLC7A13	2.08	8	1.23	0.891	16635	0.966	0.109	1418	0.909
ARHGEF18	2.08	8	1.23	0.891	16636	0.966	0.109	1417	0.909
ALOX15	2.08	8	1.23	0.891	16637	0.966	0.109	1416	0.909
OMP	2.08	8	1.23	0.891	16638	0.966	0.109	1415	0.909
ULK2	2.08	8	1.23	0.891	16639	0.966	0.109	1414	0.909
HRASLS	2.08	8	1.23	0.891	16640	0.966	0.109	1413	0.909
N4BP2	2.08	8	1.23	0.891	16641	0.966	0.109	1412	0.909
LOXL4	2.09	8	1.23	0.891	16642	0.966	0.109	1411	0.909
FBXO16	2.09	8	1.23	0.891	16643	0.966	0.109	1410	0.909
KIDINS220	2.09	8	1.23	0.891	16644	0.966	0.109	1409	0.909
REEP3	1.04	2	1.23	0.891	16645	0.966	0.109	1408	0.909
BTG4	2.09	8	1.23	0.891	16646	0.966	0.109	1407	0.909
NFYB	2.09	8	1.23	0.891	16647	0.966	0.109	1406	0.909
SNAI1	2.09	8	1.23	0.891	16648	0.966	0.109	1405	0.909
MOCOS	2.09	8	1.23	0.891	16649	0.966	0.109	1404	0.909
CAPNS2	2.09	8	1.23	0.891	16650	0.966	0.109	1403	0.909
TNNI2	2.09	8	1.23	0.891	16651	0.966	0.109	1402	0.909
SPINK13	2.09	8	1.23	0.891	16652	0.966	0.109	1401	0.909
UNC5A	2.09	8	1.23	0.891	16653	0.966	0.109	1400	0.909
NDUFAF5	2.09	8	1.23	0.891	16654	0.966	0.109	1399	0.909
MANSC1	2.09	8	1.23	0.891	16655	0.966	0.109	1398	0.909
EIF5A2	2.09	8	1.23	0.891	16656	0.966	0.109	1397	0.909
FAM9C	2.09	8	1.23	0.891	16657	0.966	0.109	1396	0.909
TTC30A	2.10	8	1.23	0.891	16658	0.966	0.109	1395	0.909
NKX2-5	2.10	8	1.23	0.892	16659	0.966	0.108	1394	0.909
ZNF774	2.10	8	1.24	0.892	16660	0.966	0.108	1393	0.909
SMARCD1	2.10	8	1.24	0.892	16661	0.966	0.108	1392	0.909
ZP4	2.10	8	1.24	0.892	16662	0.966	0.108	1391	0.909
RFX6	2.10	8	1.24	0.892	16663	0.966	0.108	1390	0.909
TCERG1L	2.10	8	1.24	0.892	16664	0.966	0.108	1389	0.909
ZMYND15	2.11	8	1.24	0.892	16665	0.966	0.108	1388	0.909
ANKRD28	2.11	8	1.24	0.892	16666	0.966	0.108	1387	0.909
PSCA	2.11	8	1.24	0.892	16667	0.966	0.108	1386	0.909
MRFAP1L1	2.11	8	1.24	0.892	16668	0.966	0.108	1385	0.909
TMTC1	2.11	8	1.24	0.892	16669	0.966	0.108	1384	0.909
MSL2	2.11	8	1.24	0.892	16670	0.966	0.108	1383	0.909
TRIM36	2.11	8	1.24	0.892	16671	0.966	0.108	1382	0.909
MOSPD1	2.11	8	1.24	0.892	16672	0.966	0.108	1381	0.909
CTAGE1	1.50	4	1.24	0.892	16673	0.966	0.108	1380	0.909
EXT1	2.12	8	1.24	0.892	16674	0.966	0.108	1379	0.909
GLRA4	2.12	8	1.24	0.892	16675	0.966	0.108	1378	0.909
KIAA0922	2.12	8	1.24	0.892	16676	0.966	0.108	1377	0.909
TMEM5	2.12	8	1.24	0.893	16677	0.966	0.107	1376	0.909
ZNF740	2.12	8	1.24	0.893	16678	0.966	0.107	1375	0.909
CAPN14	2.12	8	1.24	0.893	16679	0.966	0.107	1374	0.909
RALY	2.12	8	1.24	0.893	16680	0.966	0.107	1373	0.909
ZMAT3	2.12	8	1.24	0.893	16681	0.966	0.107	1372	0.909
RNF186	2.12	8	1.24	0.893	16682	0.966	0.107	1371	0.909
CADPS	2.12	8	1.24	0.893	16683	0.966	0.107	1370	0.909
PTPRO	2.13	8	1.24	0.893	16684	0.966	0.107	1369	0.909
HLTF	2.13	8	1.24	0.893	16685	0.966	0.107	1368	0.909
TCAP	2.13	8	1.24	0.893	16686	0.966	0.107	1367	0.909
MAATS1	2.14	8	1.24	0.893	16687	0.966	0.107	1366	0.909
RTP3	2.14	8	1.24	0.893	16688	0.966	0.107	1365	0.909
ZNF543	2.14	8	1.24	0.893	16689	0.966	0.107	1364	0.909
PEX5L	2.14	8	1.25	0.893	16690	0.966	0.107	1363	0.909
FBXL4	2.15	8	1.25	0.894	16691	0.967	0.106	1362	0.909
OR2T1	2.15	8	1.25	0.894	16692	0.967	0.106	1361	0.909
CREB3L4	2.15	8	1.25	0.894	16693	0.967	0.106	1360	0.909
TIMD4	2.15	8	1.25	0.894	16694	0.967	0.106	1359	0.909
PRKG2	2.15	8	1.25	0.894	16695	0.967	0.106	1358	0.909
TMEM232	2.15	8	1.25	0.894	16696	0.967	0.106	1357	0.909
SCRIB	2.16	8	1.25	0.894	16697	0.967	0.106	1356	0.909
RRAGB	2.16	8	1.25	0.894	16698	0.967	0.106	1355	0.909
SERINC3	2.16	8	1.25	0.894	16699	0.967	0.106	1354	0.909
PRMT7	2.16	8	1.25	0.894	16700	0.967	0.106	1353	0.909
NAP1L1	2.16	8	1.25	0.894	16701	0.967	0.106	1352	0.909
STX19	2.16	8	1.25	0.894	16702	0.967	0.106	1351	0.909
KRTAP13-2	2.17	8	1.25	0.895	16703	0.967	0.105	1350	0.909
IL13RA2	2.17	8	1.25	0.895	16704	0.967	0.105	1349	0.909
TSPAN12	2.17	8	1.25	0.895	16705	0.967	0.105	1348	0.909
PRTG	2.17	8	1.25	0.895	16706	0.967	0.105	1347	0.909
GNB4	2.17	8	1.25	0.895	16707	0.967	0.105	1346	0.909
KERA	2.17	8	1.25	0.895	16708	0.967	0.105	1345	0.909
LALBA	2.17	8	1.25	0.895	16709	0.967	0.105	1344	0.909
CCNB1	2.17	8	1.25	0.895	16710	0.967	0.105	1343	0.909
ADAM9	2.18	8	1.25	0.895	16711	0.967	0.105	1342	0.909
DBX2	2.18	8	1.25	0.895	16712	0.967	0.105	1341	0.909
COL21A1	2.18	8	1.25	0.895	16713	0.967	0.105	1340	0.909
SELT	2.18	8	1.26	0.895	16714	0.967	0.105	1339	0.909
KIAA2022	2.18	8	1.26	0.895	16715	0.967	0.105	1338	0.909
OR8K3	2.18	8	1.26	0.895	16716	0.967	0.105	1337	0.909
IRAK3	2.18	8	1.26	0.895	16717	0.967	0.105	1336	0.909
MT4	1.89	6	1.26	0.895	16718	0.967	0.105	1335	0.909
CEP97	2.18	8	1.26	0.895	16719	0.967	0.105	1334	0.909
EFCAB12	2.18	8	1.26	0.895	16720	0.967	0.105	1333	0.909
SLC41A2	2.18	8	1.26	0.895	16721	0.967	0.105	1332	0.909
SLX4IP	2.19	8	1.26	0.896	16722	0.967	0.104	1331	0.909
DUSP21	2.19	8	1.26	0.896	16723	0.967	0.104	1330	0.909
TMEM78	1.10	2	1.26	0.896	16724	0.967	0.104	1329	0.909
PCDHB1	2.19	8	1.26	0.896	16725	0.967	0.104	1328	0.909
TMEM87A	2.19	8	1.26	0.896	16726	0.967	0.104	1327	0.909
ARMC8	2.19	8	1.26	0.896	16727	0.967	0.104	1326	0.909
LRIG3	2.19	8	1.26	0.896	16728	0.967	0.104	1325	0.909
DPYSL5	2.19	8	1.26	0.896	16729	0.967	0.104	1324	0.909
UNKL	2.20	8	1.26	0.896	16730	0.967	0.104	1323	0.909
OR56A3	2.20	8	1.26	0.896	16731	0.967	0.104	1322	0.909
DCUN1D3	2.20	8	1.26	0.896	16732	0.967	0.104	1321	0.909
KCNIP4	2.20	8	1.26	0.896	16733	0.967	0.104	1320	0.909
STXBP6	2.20	8	1.26	0.896	16734	0.967	0.104	1319	0.909
ZNF35	2.20	8	1.26	0.896	16735	0.967	0.104	1318	0.909
L3MBTL4	2.20	8	1.26	0.896	16736	0.967	0.104	1317	0.909
SFRP5	2.21	8	1.26	0.896	16737	0.967	0.104	1316	0.909
ZBTB33	2.21	8	1.26	0.897	16738	0.967	0.103	1315	0.909
ERP29	2.21	8	1.26	0.897	16739	0.967	0.103	1314	0.909
MEIS1	2.21	8	1.26	0.897	16740	0.967	0.103	1313	0.909
PAGR1	2.21	8	1.26	0.897	16741	0.967	0.103	1312	0.909
C5	2.22	8	1.26	0.897	16742	0.967	0.103	1311	0.909
MORC1	2.22	8	1.27	0.897	16743	0.967	0.103	1310	0.909
C3orf55	2.22	8	1.27	0.897	16744	0.967	0.103	1309	0.909
ZNF600	2.22	8	1.27	0.897	16745	0.967	0.103	1308	0.909
USP29	2.23	8	1.27	0.897	16746	0.967	0.103	1307	0.909
ANKRD37	2.23	8	1.27	0.897	16747	0.967	0.103	1306	0.909
BOLA3	1.93	6	1.27	0.898	16748	0.967	0.102	1305	0.909
CEP19	2.23	8	1.27	0.898	16749	0.967	0.102	1304	0.909
FOXL1	2.23	8	1.27	0.898	16750	0.967	0.102	1303	0.909
IMPA1	2.23	8	1.27	0.898	16751	0.967	0.102	1302	0.909
ARL6IP5	2.24	8	1.27	0.898	16752	0.967	0.102	1301	0.909
C20orf141	2.24	8	1.27	0.898	16753	0.967	0.102	1300	0.909
GALNT16	2.24	8	1.27	0.898	16754	0.967	0.102	1299	0.909
H1FOO	2.24	8	1.27	0.898	16755	0.967	0.102	1298	0.909
TET1	2.24	8	1.27	0.898	16756	0.967	0.102	1297	0.909
PRR26	2.24	8	1.27	0.898	16757	0.967	0.102	1296	0.909
TMBIM4	2.24	8	1.27	0.898	16758	0.967	0.102	1295	0.909
ADRA2B	2.24	8	1.27	0.898	16759	0.967	0.102	1294	0.909
SMS	2.24	8	1.27	0.898	16760	0.967	0.102	1293	0.909
PACRGL	2.25	8	1.27	0.898	16761	0.967	0.102	1292	0.909
LHX1	2.25	8	1.27	0.898	16762	0.967	0.102	1291	0.909
TMEM50A	2.25	8	1.27	0.898	16763	0.967	0.102	1290	0.909
CPNE6	2.25	8	1.27	0.898	16764	0.967	0.102	1289	0.909
GYPA	1.95	6	1.27	0.898	16765	0.967	0.102	1288	0.909
VEPH1	2.25	8	1.27	0.899	16766	0.967	0.101	1287	0.909
ZRSR1	1.13	2	1.27	0.899	16767	0.967	0.101	1286	0.909
AMIGO2	2.25	8	1.27	0.899	16768	0.967	0.101	1285	0.909
PCGF2	2.26	8	1.27	0.899	16769	0.967	0.101	1284	0.909
GZMB	2.26	8	1.27	0.899	16770	0.967	0.101	1283	0.909
TRH	2.26	8	1.27	0.899	16771	0.967	0.101	1282	0.909
MBD4	2.26	8	1.27	0.899	16772	0.967	0.101	1281	0.909
CPXM1	2.26	8	1.28	0.899	16773	0.967	0.101	1280	0.909
CCDC60	2.26	8	1.28	0.899	16774	0.967	0.101	1279	0.909
MCC	2.26	8	1.28	0.899	16775	0.967	0.101	1278	0.909
DSG2	2.27	8	1.28	0.899	16776	0.967	0.101	1277	0.909
KSR2	2.27	8	1.28	0.899	16777	0.967	0.101	1276	0.909
RNF138	2.27	8	1.28	0.899	16778	0.967	0.101	1275	0.909
LIN7A	2.27	8	1.28	0.899	16779	0.967	0.101	1274	0.909
FGFR4	2.27	8	1.28	0.899	16780	0.967	0.101	1273	0.909
SLC9B2	2.27	8	1.28	0.899	16781	0.967	0.101	1272	0.909
TGM3	2.27	8	1.28	0.899	16782	0.967	0.101	1271	0.909
DLX5	2.27	8	1.28	0.899	16783	0.967	0.101	1270	0.909
TTC13	2.27	8	1.28	0.899	16784	0.967	0.101	1269	0.909
FTMT	2.27	8	1.28	0.899	16785	0.967	0.101	1268	0.909
UBL4A	2.27	8	1.28	0.9	16786	0.967	0.1	1267	0.909
C20orf173	2.27	8	1.28	0.9	16787	0.967	0.1	1266	0.909
SPATA16	2.28	8	1.28	0.9	16788	0.967	0.1	1265	0.909
DDX19B	2.28	8	1.28	0.9	16789	0.967	0.1	1264	0.909
PAQR7	2.28	8	1.28	0.9	16790	0.967	0.1	1263	0.909
UBE3B	2.28	8	1.28	0.9	16791	0.967	0.1	1262	0.909
COX7B	1.14	2	1.28	0.9	16792	0.967	0.1	1261	0.909
GPHN	2.28	8	1.28	0.9	16793	0.967	0.1	1260	0.909
C14orf39	2.29	8	1.28	0.9	16794	0.967	0.1	1259	0.909
NR2F1	2.29	8	1.28	0.9	16795	0.967	0.1	1258	0.909
CBFA2T2	2.29	8	1.28	0.9	16796	0.967	0.0999	1257	0.909
PCDHGA7	2.29	8	1.28	0.9	16797	0.967	0.0999	1256	0.909
KIAA1467	2.29	8	1.28	0.9	16798	0.967	0.0999	1255	0.909
WFDC8	2.29	8	1.28	0.9	16799	0.967	0.0998	1254	0.909
STX1B	2.29	8	1.28	0.9	16800	0.967	0.0997	1253	0.909
HIST1H3C	2.29	8	1.28	0.9	16801	0.967	0.0997	1252	0.909
SPPL2A	2.29	8	1.28	0.9	16802	0.967	0.0997	1251	0.909
DMGDH	2.29	8	1.28	0.9	16803	0.967	0.0996	1250	0.909
ELAC1	2.30	8	1.29	0.901	16804	0.967	0.0994	1249	0.909
ATG10	2.30	8	1.29	0.901	16805	0.967	0.0994	1248	0.909
TCTN3	2.30	8	1.29	0.901	16806	0.967	0.0994	1247	0.909
SMARCA4	2.30	8	1.29	0.901	16807	0.967	0.0993	1246	0.909
AP3M1	2.30	8	1.29	0.901	16808	0.967	0.0993	1245	0.909
UBE2G1	2.30	8	1.29	0.901	16809	0.967	0.0992	1244	0.909
IQCF1	2.31	8	1.29	0.901	16810	0.967	0.0991	1243	0.909
SLC35G2	2.31	8	1.29	0.901	16811	0.968	0.0989	1242	0.909
DALRD3	2.31	8	1.29	0.901	16812	0.968	0.0989	1241	0.909
TARBP2	2.31	8	1.29	0.901	16813	0.968	0.0988	1240	0.909
TAS2R10	2.31	8	1.29	0.901	16814	0.968	0.0988	1239	0.909
CABP7	2.00	6	1.29	0.901	16815	0.968	0.0988	1238	0.909
EYS	2.31	8	1.29	0.901	16816	0.968	0.0987	1237	0.909
MYL1	2.32	8	1.29	0.901	16817	0.968	0.0986	1236	0.909
TMEM18	2.32	8	1.29	0.901	16818	0.968	0.0986	1235	0.909
EMR2	2.32	8	1.29	0.901	16819	0.968	0.0985	1234	0.909
ZEB1	2.32	8	1.29	0.902	16820	0.968	0.0985	1233	0.909
IQUB	2.32	8	1.29	0.902	16821	0.968	0.0985	1232	0.909
TGFBR2	2.33	8	1.29	0.902	16822	0.968	0.0982	1231	0.909
KIAA1279	2.33	8	1.29	0.902	16823	0.968	0.0982	1230	0.909
ALDH1L2	2.33	8	1.29	0.902	16824	0.968	0.0981	1229	0.909
RAB5C	2.33	8	1.29	0.902	16825	0.968	0.098	1228	0.909
EIF2AK4	2.33	8	1.29	0.902	16826	0.968	0.0979	1227	0.909
LAMP3	2.33	8	1.29	0.902	16827	0.968	0.0979	1226	0.909
SEC14L4	2.33	8	1.29	0.902	16828	0.968	0.0979	1225	0.909
OPN4	2.33	8	1.29	0.902	16829	0.968	0.0978	1224	0.909
NDUFA13	2.33	8	1.29	0.902	16830	0.968	0.0978	1223	0.909
PTPDC1	2.34	8	1.30	0.902	16831	0.968	0.0976	1222	0.909
SDHD	2.34	8	1.30	0.902	16832	0.968	0.0976	1221	0.909
NGFRAP1	2.34	8	1.30	0.902	16833	0.968	0.0976	1220	0.909
CLMN	2.35	8	1.30	0.903	16834	0.968	0.0972	1219	0.909
TUSC5	2.35	8	1.30	0.903	16835	0.968	0.0972	1218	0.909
ACADS	2.35	8	1.30	0.903	16836	0.968	0.0971	1217	0.909
GALNS	2.35	8	1.30	0.903	16837	0.968	0.0971	1216	0.909
CASP5	2.35	8	1.30	0.903	16838	0.968	0.097	1215	0.909
CCRL2	2.36	8	1.30	0.903	16839	0.968	0.0969	1214	0.909
KRAS	2.36	8	1.30	0.903	16840	0.968	0.0969	1213	0.909
DHTKD1	2.36	8	1.30	0.903	16841	0.968	0.0968	1212	0.909
ZNF507	2.36	8	1.30	0.903	16842	0.968	0.0968	1211	0.909
BHLHE41	2.36	8	1.30	0.903	16843	0.968	0.0967	1210	0.909
DCLK3	2.36	8	1.30	0.903	16844	0.968	0.0967	1209	0.909
SPRYD7	2.36	8	1.30	0.903	16845	0.968	0.0966	1208	0.909
ATN1	2.36	8	1.30	0.903	16846	0.968	0.0966	1207	0.909
GYS2	2.36	8	1.30	0.903	16847	0.968	0.0966	1206	0.909
DUPD1	2.36	8	1.30	0.903	16848	0.968	0.0966	1205	0.909
TSR3	2.05	6	1.30	0.903	16849	0.968	0.0966	1204	0.909
IFT46	2.37	8	1.30	0.904	16850	0.968	0.0964	1203	0.909
GLI1	2.37	8	1.30	0.904	16851	0.968	0.0963	1202	0.909
CCDC74B	1.68	4	1.30	0.904	16852	0.968	0.0963	1201	0.909
JAKMIP1	2.37	8	1.30	0.904	16853	0.968	0.0963	1200	0.909
MTERFD3	2.37	8	1.30	0.904	16854	0.968	0.0963	1199	0.909
SOHLH1	2.37	8	1.30	0.904	16855	0.968	0.0962	1198	0.909
TNRC6B	2.37	8	1.30	0.904	16856	0.968	0.0962	1197	0.909
ZNF175	2.37	8	1.30	0.904	16857	0.968	0.0961	1196	0.909
HOXC4	2.37	8	1.30	0.904	16858	0.968	0.0961	1195	0.909
MAGEB2	2.38	8	1.30	0.904	16859	0.968	0.096	1194	0.909
MND1	2.38	8	1.31	0.904	16860	0.968	0.0959	1193	0.909
MAP4K2	2.38	8	1.31	0.904	16861	0.968	0.0957	1192	0.909
CSN2	2.39	8	1.31	0.904	16862	0.968	0.0955	1191	0.909
YME1L1	2.39	8	1.31	0.905	16863	0.968	0.0954	1190	0.909
SENP2	2.39	8	1.31	0.905	16864	0.968	0.0954	1189	0.909
PLCH1	2.39	8	1.31	0.905	16865	0.968	0.0953	1188	0.909
RANBP3	2.40	8	1.31	0.905	16866	0.968	0.0952	1187	0.909
IL23R	2.40	8	1.31	0.905	16867	0.968	0.0952	1186	0.909
AFF4	2.40	8	1.31	0.905	16868	0.968	0.0951	1185	0.909
FLRT3	2.40	8	1.31	0.905	16869	0.968	0.095	1184	0.909
CD200R1	2.40	8	1.31	0.905	16870	0.968	0.095	1183	0.909
PF4	1.70	4	1.31	0.905	16871	0.968	0.0949	1182	0.909
C2orf54	2.41	8	1.31	0.905	16872	0.968	0.0947	1181	0.909
CYB561D2	2.41	8	1.31	0.905	16873	0.968	0.0946	1180	0.909
WDR35	2.41	8	1.31	0.905	16874	0.968	0.0946	1179	0.909
MYF6	2.41	8	1.31	0.905	16875	0.968	0.0945	1178	0.909
C4BPB	2.41	8	1.31	0.905	16876	0.968	0.0945	1177	0.909
FAM216A	2.41	8	1.31	0.905	16877	0.968	0.0945	1176	0.909
YOD1	2.41	8	1.31	0.906	16878	0.968	0.0945	1175	0.909
NPFF	2.41	8	1.31	0.906	16879	0.968	0.0944	1174	0.909
NEB	2.41	8	1.31	0.906	16880	0.968	0.0944	1173	0.909
SAMSN1	2.42	8	1.31	0.906	16881	0.968	0.0943	1172	0.909
GLIPR1	2.42	8	1.32	0.906	16882	0.969	0.0942	1171	0.909
UNC93A	2.42	8	1.32	0.906	16883	0.969	0.0941	1170	0.909
KRTAP4-1	2.42	8	1.32	0.906	16884	0.969	0.094	1169	0.909
SLCO2A1	2.43	8	1.32	0.906	16885	0.969	0.094	1168	0.909
ZIC1	2.43	8	1.32	0.906	16886	0.969	0.0939	1167	0.909
TRIM42	2.43	8	1.32	0.906	16887	0.969	0.0937	1166	0.909
YBX1	2.43	8	1.32	0.906	16888	0.969	0.0937	1165	0.909
ZNF644	2.43	8	1.32	0.906	16889	0.969	0.0936	1164	0.909
NCF4	2.44	8	1.32	0.907	16890	0.969	0.0935	1163	0.909
RBMS2	2.44	8	1.32	0.907	16891	0.969	0.0934	1162	0.909
CCNJL	2.44	8	1.32	0.907	16892	0.969	0.0933	1161	0.909
FAM26E	2.44	8	1.32	0.907	16893	0.969	0.0933	1160	0.909
RP1L1	2.44	8	1.32	0.907	16894	0.969	0.0932	1159	0.909
OR12D2	2.44	8	1.32	0.907	16895	0.969	0.0932	1158	0.909
USP53	2.44	8	1.32	0.907	16896	0.969	0.0932	1157	0.909
C16orf97	2.44	8	1.32	0.907	16897	0.969	0.0931	1156	0.909
ATG3	2.44	8	1.32	0.907	16898	0.969	0.0931	1155	0.909
RAD21L1	2.45	8	1.32	0.907	16899	0.969	0.0931	1154	0.909
BEST3	2.45	8	1.32	0.907	16900	0.969	0.0929	1153	0.909
ARL14	2.45	8	1.32	0.907	16901	0.969	0.0928	1152	0.909
RPAP3	2.45	8	1.32	0.907	16902	0.969	0.0928	1151	0.909
RBBP6	2.45	8	1.32	0.907	16903	0.969	0.0927	1150	0.909
HHATL	2.46	8	1.32	0.907	16904	0.969	0.0927	1149	0.909
TYK2	2.46	8	1.32	0.907	16905	0.969	0.0926	1148	0.909
NDUFS4	2.46	8	1.33	0.908	16906	0.969	0.0924	1147	0.909
FAM210B	2.46	8	1.33	0.908	16907	0.969	0.0924	1146	0.909
NDUFA2	2.46	8	1.33	0.908	16908	0.969	0.0924	1145	0.909
MURC	2.46	8	1.33	0.908	16909	0.969	0.0923	1144	0.909
MS4A8	2.47	8	1.33	0.908	16910	0.969	0.0921	1143	0.909
DCLK2	2.47	8	1.33	0.908	16911	0.969	0.0921	1142	0.909
CYP11A1	2.47	8	1.33	0.908	16912	0.969	0.0921	1141	0.909
TCTN1	2.47	8	1.33	0.908	16913	0.969	0.092	1140	0.909
NDUFB11	2.47	8	1.33	0.908	16914	0.969	0.092	1139	0.909
HSPA4	2.47	8	1.33	0.908	16915	0.969	0.0919	1138	0.909
TAS2R19	1.24	2	1.33	0.908	16916	0.969	0.0919	1137	0.909
VWF	2.47	8	1.33	0.908	16917	0.969	0.0919	1136	0.909
PCDHB13	2.47	8	1.33	0.908	16918	0.969	0.0919	1135	0.909
MAGED2	2.48	8	1.33	0.908	16919	0.969	0.0919	1134	0.909
ADAM10	2.48	8	1.33	0.908	16920	0.969	0.0918	1133	0.909
ASB8	2.48	8	1.33	0.908	16921	0.969	0.0918	1132	0.909
JPH3	2.48	8	1.33	0.908	16922	0.969	0.0918	1131	0.909
ARSD	2.48	8	1.33	0.908	16923	0.969	0.0917	1130	0.909
TRIM61	2.48	8	1.33	0.908	16924	0.969	0.0916	1129	0.909
TM4SF20	2.48	8	1.33	0.908	16925	0.969	0.0915	1128	0.909
HOXA5	2.48	8	1.33	0.908	16926	0.969	0.0915	1127	0.909
CST5	2.48	8	1.33	0.909	16927	0.969	0.0915	1126	0.909
ZBED4	2.49	8	1.33	0.909	16928	0.969	0.0914	1125	0.909
OR4L1	2.49	8	1.33	0.909	16929	0.969	0.0913	1124	0.909
C12orf4	2.49	8	1.33	0.909	16930	0.969	0.0913	1123	0.909
OR10J3	2.49	8	1.33	0.909	16931	0.969	0.0913	1122	0.909
KRTAP13-1	2.49	8	1.33	0.909	16932	0.969	0.0912	1121	0.909
FBXL12	2.49	8	1.33	0.909	16933	0.969	0.0912	1120	0.909
PIK3CG	2.49	8	1.33	0.909	16934	0.969	0.0911	1119	0.909
COMP	2.49	8	1.33	0.909	16935	0.969	0.0911	1118	0.909
OR4K17	2.49	8	1.33	0.909	16936	0.969	0.0911	1117	0.909
GHITM	2.50	8	1.34	0.909	16937	0.969	0.0909	1116	0.909
GGH	2.50	8	1.34	0.909	16938	0.969	0.0909	1115	0.909
NANP	2.50	8	1.34	0.909	16939	0.969	0.0907	1114	0.909
CNTN6	2.50	8	1.34	0.909	16940	0.969	0.0907	1113	0.909
CS	2.51	8	1.34	0.909	16941	0.969	0.0906	1112	0.909
CDH18	2.51	8	1.34	0.909	16942	0.969	0.0905	1111	0.909
C3orf72	2.51	8	1.34	0.91	16943	0.969	0.0904	1110	0.909
ATPAF1	2.52	8	1.34	0.91	16944	0.969	0.0901	1109	0.909
NRG2	2.52	8	1.34	0.91	16945	0.969	0.0901	1108	0.909
OR4A16	2.52	8	1.34	0.91	16946	0.969	0.0901	1107	0.909
DUSP1	2.52	8	1.34	0.91	16947	0.969	0.09	1106	0.909
CA10	2.52	8	1.34	0.91	16948	0.969	0.09	1105	0.909
TGM4	2.52	8	1.34	0.91	16949	0.969	0.0899	1104	0.909
NEUROD6	2.52	8	1.34	0.91	16950	0.969	0.0898	1103	0.909
NR4A1	2.52	8	1.34	0.91	16951	0.969	0.0898	1102	0.909
CCDC102A	2.53	8	1.34	0.91	16952	0.969	0.0898	1101	0.909
LUM	2.53	8	1.34	0.91	16953	0.969	0.0898	1100	0.909
GBA2	2.53	8	1.34	0.91	16954	0.969	0.0896	1099	0.909
CCDC13	2.53	8	1.34	0.91	16955	0.969	0.0895	1098	0.909
TSPAN7	2.53	8	1.34	0.911	16956	0.969	0.0895	1097	0.909
SLC12A4	2.53	8	1.34	0.911	16957	0.969	0.0895	1096	0.909
NDST4	2.53	8	1.34	0.911	16958	0.969	0.0895	1095	0.909
ACTRT3	2.54	8	1.34	0.911	16959	0.969	0.0894	1094	0.909
CYP4F11	2.54	8	1.34	0.911	16960	0.969	0.0894	1093	0.909
PCDH18	2.54	8	1.34	0.911	16961	0.969	0.0894	1092	0.909
SAAL1	2.54	8	1.35	0.911	16962	0.969	0.0893	1091	0.909
SDC4	2.54	8	1.35	0.911	16963	0.969	0.0893	1090	0.909
RGL4	2.54	8	1.35	0.911	16964	0.969	0.0892	1089	0.909
UPK1B	2.54	8	1.35	0.911	16965	0.969	0.0891	1088	0.909
CCK	2.54	8	1.35	0.911	16966	0.969	0.0891	1087	0.909
PPP1R36	2.20	6	1.35	0.911	16967	0.969	0.089	1086	0.909
KRTAP10-3	2.55	8	1.35	0.911	16968	0.969	0.0888	1085	0.909
MED12	2.55	8	1.35	0.911	16969	0.969	0.0888	1084	0.909
CDKL5	2.55	8	1.35	0.911	16970	0.969	0.0888	1083	0.909
CENPB	2.55	8	1.35	0.911	16971	0.969	0.0887	1082	0.909
UBAP2	2.55	8	1.35	0.911	16972	0.969	0.0886	1081	0.909
NCKAP1L	2.56	8	1.35	0.911	16973	0.969	0.0886	1080	0.909
PAX1	2.56	8	1.35	0.912	16974	0.969	0.0884	1079	0.909
C19orf54	2.56	8	1.35	0.912	16975	0.969	0.0883	1078	0.909
MAP3K12	2.56	8	1.35	0.912	16976	0.969	0.0883	1077	0.909
C3orf22	2.56	8	1.35	0.912	16977	0.969	0.0882	1076	0.909
OR6C75	2.56	8	1.35	0.912	16978	0.969	0.0882	1075	0.909
REEP5	2.57	8	1.35	0.912	16979	0.969	0.0882	1074	0.909
IGFBP6	2.57	8	1.35	0.912	16980	0.969	0.0881	1073	0.909
CRTAP	2.57	8	1.35	0.912	16981	0.969	0.088	1072	0.909
CLEC2D	2.57	8	1.35	0.912	16982	0.969	0.088	1071	0.909
THAP2	2.57	8	1.35	0.912	16983	0.969	0.088	1070	0.909
ACO1	2.57	8	1.35	0.912	16984	0.969	0.088	1069	0.909
OSBPL2	2.57	8	1.35	0.912	16985	0.969	0.0879	1068	0.909
ADIPOR2	2.57	8	1.35	0.912	16986	0.969	0.0879	1067	0.909
TMEM101	2.57	8	1.35	0.912	16987	0.969	0.0879	1066	0.909
KY	2.57	8	1.35	0.912	16988	0.969	0.0879	1065	0.909
P2RY12	2.57	8	1.35	0.912	16989	0.969	0.0879	1064	0.909
GYPE	1.82	4	1.35	0.912	16990	0.969	0.0879	1063	0.909
PLA1A	2.57	8	1.35	0.912	16991	0.969	0.0878	1062	0.909
MBD3L1	2.58	8	1.35	0.912	16992	0.969	0.0877	1061	0.909
HRSP12	2.58	8	1.36	0.912	16993	0.969	0.0877	1060	0.909
APOPT1	1.82	4	1.36	0.912	16994	0.969	0.0876	1059	0.909
DSCR8	2.58	8	1.36	0.912	16995	0.969	0.0876	1058	0.909
ALB	2.58	8	1.36	0.912	16996	0.969	0.0876	1057	0.909
SYT16	2.58	8	1.36	0.912	16997	0.969	0.0876	1056	0.909
MBIP	2.58	8	1.36	0.912	16998	0.969	0.0875	1055	0.909
STAT6	2.59	8	1.36	0.913	16999	0.969	0.0874	1054	0.909
VAV1	2.59	8	1.36	0.913	17000	0.969	0.0873	1053	0.909
UBOX5	2.59	8	1.36	0.913	17001	0.969	0.0872	1052	0.909
TSPYL2	2.59	8	1.36	0.913	17002	0.969	0.0871	1051	0.909
PHC2	2.59	8	1.36	0.913	17003	0.969	0.0871	1050	0.909
SRMS	2.59	8	1.36	0.913	17004	0.969	0.0871	1049	0.909
TRPV5	2.59	8	1.36	0.913	17005	0.969	0.0871	1048	0.909
CES3	2.60	8	1.36	0.913	17006	0.969	0.087	1047	0.909
CCDC80	2.60	8	1.36	0.913	17007	0.969	0.0869	1046	0.909
SEMA3F	2.60	8	1.36	0.913	17008	0.969	0.0868	1045	0.909
SFRP1	2.60	8	1.36	0.913	17009	0.969	0.0867	1044	0.909
SENP5	2.60	8	1.36	0.913	17010	0.969	0.0867	1043	0.909
KRT15	2.60	8	1.36	0.913	17011	0.969	0.0867	1042	0.909
C18orf42	2.60	8	1.36	0.913	17012	0.969	0.0866	1041	0.909
IZUMO3	2.61	8	1.36	0.914	17013	0.969	0.0865	1040	0.909
ZNF133	2.61	8	1.36	0.914	17014	0.969	0.0864	1039	0.909
ARL9	2.61	8	1.36	0.914	17015	0.969	0.0864	1038	0.909
WFDC5	2.26	6	1.36	0.914	17016	0.969	0.0862	1037	0.909
OGFOD1	2.61	8	1.36	0.914	17017	0.969	0.0862	1036	0.909
WFDC10A	1.85	4	1.36	0.914	17018	0.969	0.0862	1035	0.909
ZNF572	2.62	8	1.37	0.914	17019	0.969	0.0859	1034	0.909
C6ORF165	2.62	8	1.37	0.914	17020	0.969	0.0859	1033	0.909
NELL2	2.62	8	1.37	0.914	17021	0.969	0.0859	1032	0.909
CYGB	2.62	8	1.37	0.914	17022	0.97	0.0858	1031	0.909
NSG2	2.64	8	1.37	0.915	17023	0.97	0.0854	1030	0.909
WNT5A	2.64	8	1.37	0.915	17024	0.97	0.0854	1029	0.909
ARL15	2.64	8	1.37	0.915	17025	0.97	0.0853	1028	0.909
NRIP3	2.64	8	1.37	0.915	17026	0.97	0.0853	1027	0.909
CCL23	2.64	8	1.37	0.915	17027	0.97	0.0853	1026	0.909
GTSF1	2.64	8	1.37	0.915	17028	0.97	0.0852	1025	0.909
ZNF3	2.64	8	1.37	0.915	17029	0.97	0.085	1024	0.909
SPTA1	2.65	8	1.37	0.915	17030	0.97	0.085	1023	0.909
PRR14L	2.65	8	1.37	0.915	17031	0.97	0.0849	1022	0.909
CSAD	2.65	8	1.37	0.915	17032	0.97	0.0849	1021	0.909
METTL7B	2.65	8	1.37	0.915	17033	0.97	0.0848	1020	0.909
FAM9A	2.65	8	1.37	0.915	17034	0.97	0.0848	1019	0.909
RGS19	2.65	8	1.37	0.915	17035	0.97	0.0847	1018	0.909
OR6C68	2.65	8	1.37	0.915	17036	0.97	0.0847	1017	0.909
SCARF2	2.65	8	1.37	0.915	17037	0.97	0.0847	1016	0.909
CDC42EP3	2.65	8	1.37	0.915	17038	0.97	0.0847	1015	0.909
LRRC63	2.65	8	1.37	0.915	17039	0.97	0.0847	1014	0.909
DEPDC7	2.65	8	1.37	0.915	17040	0.97	0.0846	1013	0.909
PRNT	2.66	8	1.38	0.915	17041	0.97	0.0846	1012	0.909
TMEM14E	2.66	8	1.38	0.915	17042	0.97	0.0846	1011	0.909
FOXN4	2.66	8	1.38	0.915	17043	0.97	0.0845	1010	0.909
ARL4A	1.88	4	1.38	0.915	17044	0.97	0.0845	1009	0.909
KNG1	2.66	8	1.38	0.915	17045	0.97	0.0845	1008	0.909
HCAR1	2.66	8	1.38	0.916	17046	0.97	0.0844	1007	0.909
SMYD3	2.67	8	1.38	0.916	17047	0.97	0.0842	1006	0.909
SDHB	2.67	8	1.38	0.916	17048	0.97	0.0841	1005	0.909
DNAJC5	2.67	8	1.38	0.916	17049	0.97	0.0841	1004	0.909
GSTM5	2.31	6	1.38	0.916	17050	0.97	0.084	1003	0.909
MED13L	2.67	8	1.38	0.916	17051	0.97	0.084	1002	0.909
CHPT1	2.67	8	1.38	0.916	17052	0.97	0.084	1001	0.909
GSTK1	2.67	8	1.38	0.916	17053	0.97	0.0839	1000	0.909
KIFC3	2.67	8	1.38	0.916	17054	0.97	0.0839	999	0.909
CDON	2.68	8	1.38	0.916	17055	0.97	0.0837	998	0.909
LILRA3	1.90	4	1.38	0.917	17056	0.97	0.0833	997	0.909
OR2W1	2.69	8	1.38	0.917	17057	0.97	0.0833	996	0.909
CXXC4	2.69	8	1.38	0.917	17058	0.97	0.0833	995	0.909
PPARGC1B	2.69	8	1.38	0.917	17059	0.97	0.0832	994	0.909
MNT	2.69	8	1.38	0.917	17060	0.97	0.0832	993	0.909
PCIF1	2.69	8	1.38	0.917	17061	0.97	0.0831	992	0.909
GFM2	2.70	8	1.38	0.917	17062	0.97	0.0831	991	0.909
P2RY1	2.70	8	1.39	0.917	17063	0.97	0.083	990	0.909
HOXC5	2.70	8	1.39	0.917	17064	0.97	0.083	989	0.909
CT47B1	2.70	8	1.39	0.917	17065	0.97	0.083	988	0.909
FBXO42	2.70	8	1.39	0.917	17066	0.97	0.0827	987	0.909
VILL	2.71	8	1.39	0.917	17067	0.97	0.0825	986	0.909
CHST7	2.71	8	1.39	0.918	17068	0.97	0.0824	985	0.909
FAM84B	2.71	8	1.39	0.918	17069	0.97	0.0824	984	0.909
OSBPL10	2.71	8	1.39	0.918	17070	0.97	0.0823	983	0.909
MAGEA1	2.72	8	1.39	0.918	17071	0.97	0.0822	982	0.909
TMEM67	2.72	8	1.39	0.918	17072	0.97	0.0822	981	0.909
STRA6	2.72	8	1.39	0.918	17073	0.97	0.0822	980	0.909
LY6G5C	2.72	8	1.39	0.918	17074	0.97	0.0821	979	0.909
OR8D2	2.72	8	1.39	0.918	17075	0.97	0.082	978	0.909
AP5Z1	2.72	8	1.39	0.918	17076	0.97	0.0819	977	0.909
RAB19	2.73	8	1.39	0.918	17077	0.97	0.0819	976	0.909
USP30	2.73	8	1.39	0.918	17078	0.97	0.0818	975	0.909
ORMDL2	2.73	8	1.39	0.918	17079	0.97	0.0817	974	0.909
COL6A6	2.73	8	1.39	0.918	17080	0.97	0.0817	973	0.909
ASB12	2.37	6	1.39	0.918	17081	0.97	0.0817	972	0.909
GCSAM	2.73	8	1.39	0.918	17082	0.97	0.0817	971	0.909
TREH	2.73	8	1.39	0.918	17083	0.97	0.0816	970	0.909
ANKRD33	2.73	8	1.39	0.918	17084	0.97	0.0816	969	0.909
DOCK6	2.74	8	1.39	0.918	17085	0.97	0.0815	968	0.909
HTR3E	2.74	8	1.39	0.918	17086	0.97	0.0815	967	0.909
CD63	2.74	8	1.40	0.919	17087	0.97	0.0814	966	0.909
KRTAP4-3	2.74	8	1.40	0.919	17088	0.97	0.0813	965	0.909
SLC41A3	2.74	8	1.40	0.919	17089	0.97	0.0812	964	0.909
CATSPER4	2.74	8	1.40	0.919	17090	0.97	0.0812	963	0.909
NREP	2.38	6	1.40	0.919	17091	0.97	0.0812	962	0.909
SLC11A2	2.75	8	1.40	0.919	17092	0.97	0.0811	961	0.909
OR10Z1	2.75	8	1.40	0.919	17093	0.97	0.081	960	0.909
KRT77	2.75	8	1.40	0.919	17094	0.97	0.081	959	0.909
MST1R	2.75	8	1.40	0.919	17095	0.97	0.081	958	0.909
KRTAP9-7	1.38	2	1.40	0.919	17096	0.97	0.0809	957	0.909
CCDC41	2.75	8	1.40	0.919	17097	0.97	0.0809	956	0.909
DMD	2.75	8	1.40	0.919	17098	0.97	0.0809	955	0.909
PFN3	2.75	8	1.40	0.919	17099	0.97	0.0809	954	0.909
PEX11G	2.75	8	1.40	0.919	17100	0.97	0.0808	953	0.909
KREMEN2	2.76	8	1.40	0.919	17101	0.97	0.0807	952	0.909
THRB	2.76	8	1.40	0.919	17102	0.97	0.0807	951	0.909
H1FX	2.76	8	1.40	0.919	17103	0.97	0.0807	950	0.909
GRK7	2.76	8	1.40	0.919	17104	0.97	0.0806	949	0.909
ANKRD7	2.76	8	1.40	0.92	17105	0.97	0.0805	948	0.909
TPMT	2.76	8	1.40	0.92	17106	0.97	0.0805	947	0.909
NTM	2.77	8	1.40	0.92	17107	0.97	0.0804	946	0.909
RASAL3	2.77	8	1.40	0.92	17108	0.97	0.0804	945	0.909
DGKG	2.77	8	1.40	0.92	17109	0.97	0.0803	944	0.909
ITGA5	2.77	8	1.40	0.92	17110	0.97	0.0803	943	0.909
HSD17B11	2.77	8	1.40	0.92	17111	0.97	0.0803	942	0.909
CYP2C8	2.77	8	1.40	0.92	17112	0.97	0.0803	941	0.909
IL7R	2.77	8	1.40	0.92	17113	0.97	0.0802	940	0.909
NAGLU	2.77	8	1.40	0.92	17114	0.97	0.0802	939	0.909
UTP14C	2.77	8	1.40	0.92	17115	0.97	0.0801	938	0.909
DEFB128	2.40	6	1.40	0.92	17116	0.97	0.0801	937	0.909
PRH2	2.77	8	1.40	0.92	17117	0.97	0.0801	936	0.909
AADACL2	2.77	8	1.40	0.92	17118	0.97	0.0801	935	0.909
C1QTNF2	2.77	8	1.40	0.92	17119	0.97	0.0801	934	0.909
OR8H1	2.41	6	1.41	0.92	17120	0.97	0.0799	933	0.909
CD200	2.78	8	1.41	0.92	17121	0.97	0.0799	932	0.909
SLC9C1	2.78	8	1.41	0.92	17122	0.97	0.0798	931	0.909
OASL	2.78	8	1.41	0.92	17123	0.97	0.0797	930	0.909
BTAF1	2.79	8	1.41	0.92	17124	0.97	0.0796	929	0.909
C19orf44	2.79	8	1.41	0.92	17125	0.97	0.0796	928	0.909
CRHBP	2.79	8	1.41	0.92	17126	0.97	0.0795	927	0.909
VSIG10L	2.79	8	1.41	0.92	17127	0.97	0.0795	926	0.909
S100A7	1.39	2	1.41	0.92	17128	0.97	0.0795	925	0.909
TMTC4	2.79	8	1.41	0.92	17129	0.97	0.0795	924	0.909
CA12	2.79	8	1.41	0.921	17130	0.97	0.0794	923	0.909
PRMT8	2.79	8	1.41	0.921	17131	0.97	0.0794	922	0.909
RRBP1	2.79	8	1.41	0.921	17132	0.97	0.0793	921	0.909
ZSWIM6	2.80	8	1.41	0.921	17133	0.97	0.0793	920	0.909
HSF4	2.80	8	1.41	0.921	17134	0.97	0.0793	919	0.909
PARP11	2.42	6	1.41	0.921	17135	0.97	0.0792	918	0.909
PDE4C	2.80	8	1.41	0.921	17136	0.97	0.0792	917	0.909
KIF16B	2.80	8	1.41	0.921	17137	0.97	0.0791	916	0.909
POLR2A	2.80	8	1.41	0.921	17138	0.97	0.079	915	0.909
VPS8	2.81	8	1.41	0.921	17139	0.97	0.0789	914	0.909
TPO	2.81	8	1.41	0.921	17140	0.97	0.0789	913	0.909
PCED1B	2.81	8	1.41	0.921	17141	0.97	0.0789	912	0.909
TMEM200C	2.81	8	1.41	0.921	17142	0.97	0.0789	911	0.909
KCNK9	2.81	8	1.41	0.921	17143	0.97	0.0789	910	0.909
CYP26A1	2.81	8	1.41	0.921	17144	0.97	0.0788	909	0.909
AC007040.11	2.43	6	1.41	0.921	17145	0.97	0.0788	908	0.909
EGFLAM	2.81	8	1.41	0.921	17146	0.97	0.0787	907	0.909
FAM199X	2.81	8	1.41	0.921	17147	0.97	0.0787	906	0.909
CDKN2A	2.81	8	1.41	0.921	17148	0.97	0.0787	905	0.909
BMP1	2.82	8	1.42	0.921	17149	0.97	0.0785	904	0.909
B3GALNT1	2.82	8	1.42	0.921	17150	0.97	0.0785	903	0.909
SLC26A10	2.82	8	1.42	0.922	17151	0.97	0.0784	902	0.909
UBE4A	2.82	8	1.42	0.922	17152	0.97	0.0784	901	0.909
KRT81	2.82	8	1.42	0.922	17153	0.97	0.0784	900	0.909
DEFB1	2.82	8	1.42	0.922	17154	0.97	0.0783	899	0.909
PRSS42	2.82	8	1.42	0.922	17155	0.97	0.0782	898	0.909
SCYL2	2.82	8	1.42	0.922	17156	0.97	0.0782	897	0.909
KRTAP10-4	1.41	2	1.42	0.922	17157	0.97	0.0781	896	0.909
CLEC11A	2.83	8	1.42	0.922	17158	0.97	0.0779	895	0.909
ANGPTL5	2.84	8	1.42	0.922	17159	0.97	0.0778	894	0.909
AJAP1	2.84	8	1.42	0.922	17160	0.97	0.0777	893	0.909
ELF5	2.84	8	1.42	0.922	17161	0.97	0.0776	892	0.909
AKR1B10	2.84	8	1.42	0.922	17162	0.97	0.0776	891	0.909
ENKD1	2.84	8	1.42	0.922	17163	0.97	0.0776	890	0.909
RAB31	2.84	8	1.42	0.922	17164	0.97	0.0776	889	0.909
CALB2	2.84	8	1.42	0.922	17165	0.97	0.0776	888	0.909
ABCB9	2.84	8	1.42	0.922	17166	0.97	0.0775	887	0.909
ADRB2	2.85	8	1.42	0.923	17167	0.97	0.0774	886	0.909
NFKBIZ	2.85	8	1.42	0.923	17168	0.97	0.0774	885	0.909
OR52H1	2.85	8	1.42	0.923	17169	0.97	0.0774	884	0.909
C3orf56	2.85	8	1.42	0.923	17170	0.97	0.0774	883	0.909
MKRN1	2.85	8	1.42	0.923	17171	0.97	0.0771	882	0.909
EVPL	2.86	8	1.43	0.923	17172	0.97	0.077	881	0.909
MEGF6	2.86	8	1.43	0.923	17173	0.97	0.0769	880	0.909
F2RL2	2.86	8	1.43	0.923	17174	0.97	0.0769	879	0.909
GABRA2	2.86	8	1.43	0.923	17175	0.97	0.0768	878	0.909
MFAP3	2.87	8	1.43	0.923	17176	0.97	0.0767	877	0.909
SPICE1	2.87	8	1.43	0.923	17177	0.97	0.0767	876	0.909
MASP1	2.87	8	1.43	0.923	17178	0.97	0.0766	875	0.909
FAM207A	2.87	8	1.43	0.924	17179	0.97	0.0765	874	0.909
CHRDL1	2.87	8	1.43	0.924	17180	0.97	0.0765	873	0.909
TTC17	2.87	8	1.43	0.924	17181	0.97	0.0765	872	0.909
NCAM1	2.87	8	1.43	0.924	17182	0.97	0.0764	871	0.909
OPCML	2.87	8	1.43	0.924	17183	0.97	0.0764	870	0.909
DNAJC22	2.87	8	1.43	0.924	17184	0.97	0.0764	869	0.909
APOBEC3G	2.87	8	1.43	0.924	17185	0.97	0.0764	868	0.909
CUEDC1	2.88	8	1.43	0.924	17186	0.97	0.0762	867	0.909
FGF12	2.88	8	1.43	0.924	17187	0.97	0.0761	866	0.909
IQCJ-SCHIP1	2.88	8	1.43	0.924	17188	0.97	0.0761	865	0.909
RAVER1	2.88	8	1.43	0.924	17189	0.97	0.0761	864	0.909
AMN1	2.88	8	1.43	0.924	17190	0.97	0.076	863	0.909
APOBEC3F	2.88	8	1.43	0.924	17191	0.97	0.076	862	0.909
TMEM204	2.89	8	1.43	0.924	17192	0.97	0.0757	861	0.909
TFR2	2.89	8	1.43	0.924	17193	0.97	0.0756	860	0.909
TFCP2L1	2.90	8	1.44	0.924	17194	0.97	0.0756	859	0.909
MYLK	2.90	8	1.44	0.924	17195	0.97	0.0756	858	0.909
BACE1	2.90	8	1.44	0.924	17196	0.97	0.0756	857	0.909
HOXB7	2.90	8	1.44	0.924	17197	0.97	0.0756	856	0.909
OTOGL	2.05	4	1.44	0.924	17198	0.97	0.0755	855	0.909
LBP	2.90	8	1.44	0.924	17199	0.97	0.0755	854	0.909
LOX	2.90	8	1.44	0.925	17200	0.97	0.0754	853	0.909
TTBK2	2.90	8	1.44	0.925	17201	0.97	0.0754	852	0.909
IL6ST	2.90	8	1.44	0.925	17202	0.97	0.0754	851	0.909
ADCK4	2.90	8	1.44	0.925	17203	0.97	0.0754	850	0.909
ZNF550	2.91	8	1.44	0.925	17204	0.97	0.0753	849	0.909
ZNF330	2.91	8	1.44	0.925	17205	0.97	0.0751	848	0.909
MEDAG	2.91	8	1.44	0.925	17206	0.97	0.0751	847	0.909
ZNF669	2.92	8	1.44	0.925	17207	0.97	0.0749	846	0.909
GOLGB1	2.92	8	1.44	0.925	17208	0.97	0.0749	845	0.909
CYP3A4	1.46	2	1.44	0.925	17209	0.97	0.0747	844	0.909
SLC25A45	2.92	8	1.44	0.925	17210	0.97	0.0747	843	0.909
HP	2.92	8	1.44	0.925	17211	0.97	0.0746	842	0.909
ZXDA	2.07	4	1.44	0.925	17212	0.97	0.0746	841	0.909
CCDC6	2.54	6	1.44	0.926	17213	0.97	0.0745	840	0.909
SLC23A2	2.93	8	1.44	0.926	17214	0.97	0.0744	839	0.909
RFX4	2.93	8	1.44	0.926	17215	0.97	0.0744	838	0.909
DCD	2.93	8	1.44	0.926	17216	0.97	0.0744	837	0.909
ZFP2	2.93	8	1.44	0.926	17217	0.97	0.0744	836	0.909
OR4D9	2.94	8	1.45	0.926	17218	0.97	0.0742	835	0.909
RNF167	2.94	8	1.45	0.926	17219	0.97	0.0742	834	0.909
PMEL	2.94	8	1.45	0.926	17220	0.97	0.0742	833	0.909
SLC12A8	2.94	8	1.45	0.926	17221	0.97	0.0741	832	0.909
COX14	2.94	8	1.45	0.926	17222	0.97	0.074	831	0.909
NRSN2	2.94	8	1.45	0.926	17223	0.97	0.074	830	0.909
C6orf106	2.95	8	1.45	0.926	17224	0.97	0.0738	829	0.909
POLR3GL	2.95	8	1.45	0.926	17225	0.97	0.0738	828	0.909
FSTL5	2.95	8	1.45	0.926	17226	0.97	0.0738	827	0.909
PIK3CB	2.95	8	1.45	0.926	17227	0.97	0.0738	826	0.909
GRAMD3	2.95	8	1.45	0.926	17228	0.97	0.0737	825	0.909
ANKUB1	2.95	8	1.45	0.926	17229	0.97	0.0736	824	0.909
NXT2	2.95	8	1.45	0.926	17230	0.97	0.0736	823	0.909
LSAMP	2.95	8	1.45	0.926	17231	0.97	0.0736	822	0.909
OR4S2	2.95	8	1.45	0.926	17232	0.97	0.0736	821	0.909
TMA7	2.56	6	1.45	0.926	17233	0.97	0.0736	820	0.909
C12orf60	2.95	8	1.45	0.926	17234	0.97	0.0736	819	0.909
09-Mar	2.96	8	1.45	0.926	17235	0.97	0.0735	818	0.909
GYLTL1B	2.96	8	1.45	0.927	17236	0.97	0.0734	817	0.909
STAT4	2.96	8	1.45	0.927	17237	0.97	0.0734	816	0.909
POU5F2	2.96	8	1.45	0.927	17238	0.97	0.0734	815	0.909
CA11	2.96	8	1.45	0.927	17239	0.97	0.0733	814	0.909
HK2	2.97	8	1.45	0.927	17240	0.971	0.0731	813	0.909
PCDH11Y	2.10	4	1.45	0.927	17241	0.971	0.073	812	0.909
OR8D4	2.97	8	1.45	0.927	17242	0.971	0.0729	811	0.909
SLC4A9	2.99	8	1.46	0.928	17243	0.971	0.0724	810	0.909
PLA2G4F	2.99	8	1.46	0.928	17244	0.971	0.0724	809	0.909
ZSWIM7	2.99	8	1.46	0.928	17245	0.971	0.0723	808	0.909
HIGD1C	2.99	8	1.46	0.928	17246	0.971	0.0723	807	0.909
KIAA1324	2.99	8	1.46	0.928	17247	0.971	0.0722	806	0.909
NALCN	3.00	8	1.46	0.928	17248	0.971	0.072	805	0.909
ZNF254	2.12	4	1.46	0.928	17249	0.971	0.0719	804	0.909
STX4	3.00	8	1.46	0.928	17250	0.971	0.0718	803	0.909
ANKRA2	3.01	8	1.46	0.928	17251	0.971	0.0717	802	0.909
FKBP11	3.01	8	1.46	0.928	17252	0.971	0.0716	801	0.909
OR4Q3	3.01	8	1.46	0.928	17253	0.971	0.0715	800	0.909
HDAC6	3.02	8	1.47	0.929	17254	0.972	0.0714	799	0.909
ARL1	3.02	8	1.47	0.929	17255	0.972	0.0714	798	0.909
CDRT15L2	3.02	8	1.47	0.929	17256	0.972	0.0713	797	0.909
EMR3	3.02	8	1.47	0.929	17257	0.972	0.0712	796	0.909
BICD1	3.03	8	1.47	0.929	17258	0.972	0.0711	795	0.909
POC5	3.03	8	1.47	0.929	17259	0.972	0.071	794	0.909
MED1	3.03	8	1.47	0.929	17260	0.972	0.0709	793	0.909
GNG7	3.03	8	1.47	0.929	17261	0.972	0.0708	792	0.909
FAM186B	3.03	8	1.47	0.929	17262	0.972	0.0708	791	0.909
C12orf50	3.04	8	1.47	0.929	17263	0.972	0.0707	790	0.909
FAT1	3.04	8	1.47	0.929	17264	0.972	0.0707	789	0.909
TCERG1	3.04	8	1.47	0.929	17265	0.972	0.0707	788	0.909
PTCHD3	3.04	8	1.47	0.929	17266	0.972	0.0707	787	0.909
RAD51AP2	3.04	8	1.47	0.93	17267	0.972	0.0704	786	0.909
EPS8	3.05	8	1.47	0.93	17268	0.972	0.0703	785	0.909
LRRC34	3.05	8	1.47	0.93	17269	0.972	0.0701	784	0.909
SPCS1	3.05	8	1.47	0.93	17270	0.972	0.0701	783	0.909
LDLR	3.06	8	1.48	0.93	17271	0.972	0.0701	782	0.909
CCDC7	3.06	8	1.48	0.93	17272	0.972	0.07	781	0.909
ZNF57	3.06	8	1.48	0.93	17273	0.972	0.0699	780	0.909
RPS6KL1	3.06	8	1.48	0.93	17274	0.972	0.0699	779	0.909
SLC8B1	3.06	8	1.48	0.93	17275	0.972	0.0699	778	0.909
FAT2	3.06	8	1.48	0.93	17276	0.972	0.0699	777	0.909
PCDHA6	3.06	8	1.48	0.93	17277	0.972	0.0698	776	0.909
METTL5	3.07	8	1.48	0.93	17278	0.972	0.0697	775	0.909
C1orf110	3.07	8	1.48	0.931	17279	0.972	0.0695	774	0.909
FUT5	3.07	8	1.48	0.931	17280	0.972	0.0695	773	0.909
GSTZ1	3.08	8	1.48	0.931	17281	0.972	0.0693	772	0.909
C4B	1.54	2	1.48	0.931	17282	0.972	0.0691	771	0.909
WFDC10B	2.18	4	1.48	0.931	17283	0.972	0.0691	770	0.909
GIMAP4	3.08	8	1.48	0.931	17284	0.972	0.0691	769	0.909
RUFY3	3.08	8	1.48	0.931	17285	0.972	0.0691	768	0.909
REXO4	3.09	8	1.48	0.931	17286	0.972	0.0691	767	0.909
TPCN1	3.09	8	1.48	0.931	17287	0.972	0.069	766	0.909
FAM19A4	3.09	8	1.48	0.931	17288	0.972	0.069	765	0.909
KCNK6	3.09	8	1.48	0.931	17289	0.972	0.0689	764	0.909
E2F1	3.09	8	1.48	0.931	17290	0.972	0.0689	763	0.909
CD97	3.09	8	1.48	0.931	17291	0.972	0.0689	762	0.909
EIF4E2	3.09	8	1.49	0.931	17292	0.972	0.0687	761	0.909
UHRF1BP1L	3.09	8	1.49	0.931	17293	0.972	0.0687	760	0.909
RAB18	3.09	8	1.49	0.931	17294	0.972	0.0687	759	0.909
ITFG2	3.10	8	1.49	0.931	17295	0.972	0.0687	758	0.909
SLC38A4	3.10	8	1.49	0.931	17296	0.972	0.0685	757	0.909
MST4	3.10	8	1.49	0.932	17297	0.972	0.0685	756	0.909
KLK10	3.11	8	1.49	0.932	17298	0.972	0.0684	755	0.909
BIN3	3.11	8	1.49	0.932	17299	0.972	0.0683	754	0.909
ACAD11	3.11	8	1.49	0.932	17300	0.972	0.0683	753	0.909
P2RY14	3.11	8	1.49	0.932	17301	0.972	0.0682	752	0.909
OR10J5	3.11	8	1.49	0.932	17302	0.972	0.0681	751	0.909
PCOLCE2	3.12	8	1.49	0.932	17303	0.972	0.0679	750	0.909
HNRNPM	3.12	8	1.49	0.932	17304	0.972	0.0679	749	0.909
GFOD2	3.12	8	1.49	0.932	17305	0.972	0.0677	748	0.909
OR8S1	3.13	8	1.49	0.932	17306	0.972	0.0677	747	0.909
EFCAB9	3.13	8	1.49	0.932	17307	0.972	0.0677	746	0.909
KIAA1147	2.92	7	1.49	0.932	17308	0.972	0.0677	745	0.909
LYN	3.13	8	1.49	0.932	17309	0.972	0.0677	744	0.909
PIP4K2B	3.13	8	1.49	0.932	17310	0.972	0.0677	743	0.909
OR1E1	3.13	8	1.50	0.933	17311	0.972	0.0674	742	0.909
CLDND1	3.14	8	1.50	0.933	17312	0.972	0.0673	741	0.909
LPAR6	3.14	8	1.50	0.933	17313	0.972	0.0673	740	0.909
CCNL1	3.14	8	1.50	0.933	17314	0.972	0.0672	739	0.909
MTERFD1	3.14	8	1.50	0.933	17315	0.972	0.0672	738	0.909
MORF4L1	3.14	8	1.50	0.933	17316	0.972	0.0671	737	0.909
TMEM116	3.15	8	1.50	0.933	17317	0.972	0.0671	736	0.909
C5orf24	3.15	8	1.50	0.933	17318	0.972	0.0669	735	0.909
MDM2	3.15	8	1.50	0.933	17319	0.972	0.0669	734	0.909
ZNF10	3.15	8	1.50	0.933	17320	0.972	0.0668	733	0.909
KHDC1	3.15	8	1.50	0.933	17321	0.972	0.0667	732	0.909
GP5	3.16	8	1.50	0.933	17322	0.972	0.0667	731	0.909
FAM53C	3.16	8	1.50	0.933	17323	0.972	0.0667	730	0.909
LEPREL4	3.16	8	1.50	0.933	17324	0.972	0.0667	729	0.909
EAF1	3.16	8	1.50	0.933	17325	0.972	0.0666	728	0.909
NR2C2	3.16	8	1.50	0.933	17326	0.972	0.0665	727	0.909
UBP1	3.16	8	1.50	0.933	17327	0.972	0.0665	726	0.909
IL26	3.16	8	1.50	0.933	17328	0.972	0.0665	725	0.909
LTB	3.17	8	1.50	0.934	17329	0.972	0.0663	724	0.909
HTRA2	3.17	8	1.50	0.934	17330	0.972	0.0663	723	0.909
RFX3	3.17	8	1.50	0.934	17331	0.972	0.0662	722	0.909
TRIM72	3.17	8	1.50	0.934	17332	0.972	0.0662	721	0.909
NUDT5	3.18	8	1.51	0.934	17333	0.972	0.0661	720	0.909
C5orf30	3.18	8	1.51	0.934	17334	0.972	0.0661	719	0.909
FOXD1	3.18	8	1.51	0.934	17335	0.972	0.0661	718	0.909
C16orf71	3.18	8	1.51	0.934	17336	0.972	0.066	717	0.909
PI15	3.18	8	1.51	0.934	17337	0.972	0.066	716	0.909
CSN3	3.18	8	1.51	0.934	17338	0.973	0.0658	715	0.909
POU6F1	3.20	8	1.51	0.935	17339	0.973	0.0654	714	0.909
HOXA4	3.20	8	1.51	0.935	17340	0.973	0.0653	713	0.909
HELT	3.20	8	1.51	0.935	17341	0.973	0.0653	712	0.909
DIO1	3.20	8	1.51	0.935	17342	0.973	0.0651	711	0.909
SYAP1	3.21	8	1.51	0.935	17343	0.973	0.0651	710	0.909
PCDHGC4	3.21	8	1.51	0.935	17344	0.973	0.0651	709	0.909
VWA5B2	3.21	8	1.51	0.935	17345	0.973	0.0651	708	0.909
SLC25A17	3.21	8	1.51	0.935	17346	0.973	0.065	707	0.909
PTCD2	3.21	8	1.51	0.935	17347	0.973	0.0649	706	0.909
FILIP1L	3.21	8	1.52	0.935	17348	0.973	0.0648	705	0.909
IQCJ	3.22	8	1.52	0.935	17349	0.973	0.0647	704	0.909
PELI2	3.22	8	1.52	0.935	17350	0.973	0.0647	703	0.909
FAM9B	3.22	8	1.52	0.935	17351	0.973	0.0646	702	0.909
DRAM1	3.23	8	1.52	0.936	17352	0.973	0.0645	701	0.909
SUCLG1	3.23	8	1.52	0.936	17353	0.973	0.0644	700	0.909
PIGN	3.23	8	1.52	0.936	17354	0.973	0.0644	699	0.909
FAM194A	3.23	8	1.52	0.936	17355	0.973	0.0643	698	0.909
XPNPEP2	3.23	8	1.52	0.936	17356	0.973	0.0643	697	0.909
NDUFA4L2	3.23	8	1.52	0.936	17357	0.973	0.0642	696	0.909
CHCHD10	3.23	8	1.52	0.936	17358	0.973	0.0642	695	0.909
ANKRD26	3.24	8	1.52	0.936	17359	0.973	0.064	694	0.909
XAGE3	3.24	8	1.52	0.936	17360	0.973	0.064	693	0.909
RAB40C	3.24	8	1.52	0.936	17361	0.973	0.064	692	0.909
RAB33B	3.24	8	1.52	0.936	17362	0.973	0.0639	691	0.909
C8orf34	3.24	8	1.52	0.936	17363	0.973	0.0639	690	0.909
SLC17A3	3.24	8	1.52	0.936	17364	0.973	0.0639	689	0.909
DSG4	3.24	8	1.52	0.936	17365	0.973	0.0639	688	0.909
RNF34	3.25	8	1.52	0.936	17366	0.973	0.0638	687	0.909
EIF4A2	3.25	8	1.52	0.936	17367	0.973	0.0637	686	0.909
ZNF467	3.25	8	1.52	0.936	17368	0.973	0.0637	685	0.909
HPS3	3.25	8	1.52	0.936	17369	0.973	0.0636	684	0.909
SNCAIP	3.25	8	1.52	0.936	17370	0.973	0.0636	683	0.909
OR2D3	3.25	8	1.53	0.936	17371	0.973	0.0636	682	0.909
CPVL	3.25	8	1.53	0.936	17372	0.973	0.0636	681	0.909
C10orf91	3.26	8	1.53	0.936	17373	0.973	0.0635	680	0.909
OR5M9	3.26	8	1.53	0.937	17374	0.973	0.0633	679	0.909
DZANK1	3.26	8	1.53	0.937	17375	0.973	0.0633	678	0.909
PAN2	3.27	8	1.53	0.937	17376	0.973	0.0632	677	0.909
LIN9	3.27	8	1.53	0.937	17377	0.973	0.0631	676	0.909
FAM25E	3.27	8	1.53	0.937	17378	0.973	0.0631	675	0.909
PDZRN3	3.27	8	1.53	0.937	17379	0.973	0.0631	674	0.909
MED22	3.27	8	1.53	0.937	17380	0.973	0.063	673	0.909
PHC3	3.27	8	1.53	0.937	17381	0.973	0.063	672	0.909
CPNE8	3.28	8	1.53	0.937	17382	0.973	0.0628	671	0.909
FAM193A	3.28	8	1.53	0.937	17383	0.973	0.0627	670	0.909
CDC42BPA	3.28	8	1.53	0.937	17384	0.973	0.0627	669	0.909
KRTAP19-4	2.32	4	1.53	0.937	17385	0.973	0.0626	668	0.909
CCNI	3.29	8	1.53	0.937	17386	0.973	0.0626	667	0.909
GPT2	3.29	8	1.53	0.938	17387	0.973	0.0625	666	0.909
OR2T7	2.33	4	1.53	0.938	17388	0.973	0.0625	665	0.909
AIG1	3.29	8	1.53	0.938	17389	0.973	0.0624	664	0.909
IL7	3.30	8	1.54	0.938	17390	0.973	0.0623	663	0.909
GAK	3.30	8	1.54	0.938	17391	0.973	0.0621	662	0.909
CACNA2D2	3.30	8	1.54	0.938	17392	0.973	0.0621	661	0.909
ZNF618	3.30	8	1.54	0.938	17393	0.973	0.0621	660	0.909
LPL	3.31	8	1.54	0.938	17394	0.973	0.062	659	0.909
CCDC34	3.31	8	1.54	0.938	17395	0.973	0.0618	658	0.909
TAOK1	3.31	8	1.54	0.938	17396	0.973	0.0618	657	0.909
CMC2	1.66	2	1.54	0.938	17397	0.973	0.0617	656	0.909
CNOT10	3.31	8	1.54	0.938	17398	0.973	0.0617	655	0.909
SOX1	3.31	8	1.54	0.938	17399	0.973	0.0617	654	0.909
KRT14	3.32	8	1.54	0.938	17400	0.973	0.0616	653	0.909
TFDP2	3.32	8	1.54	0.938	17401	0.973	0.0616	652	0.909
TPM2	3.32	8	1.54	0.938	17402	0.974	0.0615	651	0.909
MMP17	3.33	8	1.54	0.939	17403	0.974	0.0613	650	0.909
REST	3.33	8	1.54	0.939	17404	0.974	0.0612	649	0.909
ZNF384	3.34	8	1.55	0.939	17405	0.974	0.061	648	0.909
SLC29A3	3.34	8	1.55	0.939	17406	0.974	0.061	647	0.909
MAGEF1	3.34	8	1.55	0.939	17407	0.974	0.061	646	0.909
PDE12	3.34	8	1.55	0.939	17408	0.974	0.0609	645	0.909
MYO1C	3.34	8	1.55	0.939	17409	0.974	0.0609	644	0.909
CXorf31	3.35	8	1.55	0.939	17410	0.974	0.0607	643	0.909
TNFAIP8L3	3.35	8	1.55	0.939	17411	0.974	0.0607	642	0.909
ACSS1	3.35	8	1.55	0.939	17412	0.974	0.0607	641	0.909
GCHFR	3.13	7	1.55	0.939	17413	0.974	0.0606	640	0.909
CALR	3.35	8	1.55	0.939	17414	0.974	0.0606	639	0.909
CACNG7	3.36	8	1.55	0.94	17415	0.974	0.0604	638	0.909
FBXL13	3.36	8	1.55	0.94	17416	0.974	0.0604	637	0.909
RASSF3	3.36	8	1.55	0.94	17417	0.974	0.0604	636	0.909
OR2B2	3.36	8	1.55	0.94	17418	0.974	0.0603	635	0.909
CEP350	3.36	8	1.55	0.94	17419	0.974	0.0603	634	0.909
CCDC33	3.36	8	1.55	0.94	17420	0.974	0.0603	633	0.909
MUC19	3.36	8	1.55	0.94	17421	0.974	0.0602	632	0.909
OR6C76	3.37	8	1.55	0.94	17422	0.974	0.0601	631	0.909
BLOC1S1	3.37	8	1.55	0.94	17423	0.974	0.06	630	0.909
MC5R	3.38	8	1.56	0.94	17424	0.974	0.0599	629	0.909
RALB	3.38	8	1.56	0.94	17425	0.974	0.0598	628	0.909
AANAT	3.38	8	1.56	0.94	17426	0.974	0.0597	627	0.909
TMEM260	3.38	8	1.56	0.94	17427	0.974	0.0597	626	0.909
POSTN	3.38	8	1.56	0.94	17428	0.974	0.0596	625	0.909
RP11-553A10.1	3.38	8	1.56	0.94	17429	0.974	0.0596	624	0.909
KCNA1	3.38	8	1.56	0.94	17430	0.974	0.0596	623	0.909
CCNC	3.39	8	1.56	0.94	17431	0.974	0.0596	622	0.909
PRICKLE3	3.39	8	1.56	0.941	17432	0.974	0.0594	621	0.909
SLC6A11	3.39	8	1.56	0.941	17433	0.974	0.0594	620	0.909
GSN	3.39	8	1.56	0.941	17434	0.974	0.0594	619	0.909
CWH43	3.39	8	1.56	0.941	17435	0.974	0.0594	618	0.909
LARP6	3.39	8	1.56	0.941	17436	0.974	0.0593	617	0.909
NDUFA4	2.40	4	1.56	0.941	17437	0.974	0.0592	616	0.909
ZFAND2B	3.40	8	1.56	0.941	17438	0.974	0.0592	615	0.909
ROPN1B	2.95	6	1.56	0.941	17439	0.974	0.059	614	0.909
F2RL1	3.40	8	1.56	0.941	17440	0.974	0.059	613	0.909
NCEH1	3.40	8	1.56	0.941	17441	0.974	0.059	612	0.909
ZNF645	3.41	8	1.56	0.941	17442	0.974	0.0589	611	0.909
LMO7	3.41	8	1.56	0.941	17443	0.974	0.0589	610	0.909
MON1B	3.41	8	1.57	0.941	17444	0.974	0.0588	609	0.909
RBBP7	3.41	8	1.57	0.941	17445	0.974	0.0587	608	0.909
NKX2-4	3.42	8	1.57	0.941	17446	0.974	0.0586	607	0.909
KCTD9	2.96	6	1.57	0.941	17447	0.974	0.0586	606	0.909
CCDC79	3.42	8	1.57	0.941	17448	0.974	0.0586	605	0.909
AMICA1	3.42	8	1.57	0.941	17449	0.974	0.0586	604	0.909
PLXND1	3.42	8	1.57	0.941	17450	0.974	0.0585	603	0.909
NPFFR1	3.42	8	1.57	0.942	17451	0.974	0.0584	602	0.909
TPPP3	3.42	8	1.57	0.942	17452	0.974	0.0584	601	0.909
DLG2	3.42	8	1.57	0.942	17453	0.974	0.0584	600	0.909
BEX1	3.43	8	1.57	0.942	17454	0.974	0.0584	599	0.909
AGA	3.43	8	1.57	0.942	17455	0.974	0.0584	598	0.909
FSTL1	3.43	8	1.57	0.942	17456	0.974	0.0582	597	0.909
AGTR1	3.43	8	1.57	0.942	17457	0.974	0.0581	596	0.909
LMLN	3.43	8	1.57	0.942	17458	0.974	0.0581	595	0.909
ZNF891	3.43	8	1.57	0.942	17459	0.974	0.0581	594	0.909
MPHOSPH6	3.44	8	1.57	0.942	17460	0.974	0.058	593	0.909
IFT81	3.44	8	1.57	0.942	17461	0.974	0.058	592	0.909
SMLR1	3.44	8	1.57	0.942	17462	0.974	0.058	591	0.909
SLC27A6	3.44	8	1.57	0.942	17463	0.974	0.0579	590	0.909
JAZF1	3.44	8	1.57	0.942	17464	0.974	0.0578	589	0.909
WDR45	3.45	8	1.57	0.942	17465	0.974	0.0578	588	0.909
KCNAB1	3.45	8	1.57	0.942	17466	0.974	0.0578	587	0.909
RCCD1	3.45	8	1.58	0.942	17467	0.974	0.0576	586	0.909
USP11	3.45	8	1.58	0.942	17468	0.974	0.0575	585	0.909
INPP4A	3.46	8	1.58	0.943	17469	0.974	0.0574	584	0.909
MTHFD2	3.46	8	1.58	0.943	17470	0.974	0.0574	583	0.909
ABCC5	3.46	8	1.58	0.943	17471	0.974	0.0573	582	0.909
C17orf74	3.46	8	1.58	0.943	17472	0.974	0.0573	581	0.909
MZB1	3.47	8	1.58	0.943	17473	0.974	0.0572	580	0.909
TUBA1C	1.73	2	1.58	0.943	17474	0.974	0.0572	579	0.909
C12orf66	3.47	8	1.58	0.943	17475	0.974	0.0571	578	0.909
AHSG	3.47	8	1.58	0.943	17476	0.974	0.0571	577	0.909
FBXL5	3.47	8	1.58	0.943	17477	0.974	0.057	576	0.909
MXD1	3.48	8	1.58	0.943	17478	0.974	0.0569	575	0.909
CHST5	3.48	8	1.58	0.943	17479	0.974	0.0568	574	0.909
ZC3H6	3.48	8	1.58	0.943	17480	0.974	0.0568	573	0.909
CLCN2	3.48	8	1.58	0.943	17481	0.974	0.0568	572	0.909
SLC7A3	3.48	8	1.58	0.943	17482	0.974	0.0568	571	0.909
ARHGAP35	3.49	8	1.58	0.943	17483	0.974	0.0566	570	0.909
ARHGEF26	3.50	8	1.59	0.944	17484	0.974	0.0563	569	0.909
TAS2R31	3.51	8	1.59	0.944	17485	0.974	0.0561	568	0.909
ZNF432	3.51	8	1.59	0.944	17486	0.974	0.056	567	0.909
SGK2	3.51	8	1.59	0.944	17487	0.974	0.056	566	0.909
HIP1R	3.51	8	1.59	0.944	17488	0.974	0.056	565	0.909
DLG1	3.51	8	1.59	0.944	17489	0.974	0.0559	564	0.909
CERS6	3.51	8	1.59	0.944	17490	0.974	0.0558	563	0.909
MAPK1	3.52	8	1.59	0.944	17491	0.975	0.0557	562	0.909
HOXC11	3.52	8	1.59	0.944	17492	0.975	0.0556	561	0.909
TP63	3.52	8	1.59	0.944	17493	0.975	0.0555	560	0.909
TNFSF11	3.53	8	1.59	0.945	17494	0.975	0.0555	559	0.909
MOGAT1	3.53	8	1.59	0.945	17495	0.975	0.0554	558	0.909
SOS1	3.53	8	1.60	0.945	17496	0.975	0.0553	557	0.909
CXCL6	1.77	2	1.60	0.945	17497	0.975	0.0552	556	0.909
CHRNA9	3.54	8	1.60	0.945	17498	0.975	0.055	555	0.909
SGTA	3.55	8	1.60	0.945	17499	0.975	0.0549	554	0.909
C16orf78	3.55	8	1.60	0.945	17500	0.975	0.0549	553	0.909
SLC4A4	3.55	8	1.60	0.945	17501	0.975	0.0548	552	0.909
MYOZ3	3.55	8	1.60	0.945	17502	0.975	0.0547	551	0.909
TMEM117	3.56	8	1.60	0.945	17503	0.975	0.0547	550	0.909
JUNB	3.56	8	1.60	0.945	17504	0.975	0.0546	549	0.909
ADAMTS19	3.56	8	1.60	0.945	17505	0.975	0.0546	548	0.909
ROCK1	3.56	8	1.60	0.945	17506	0.975	0.0546	547	0.909
REG3A	3.56	8	1.60	0.945	17507	0.975	0.0545	546	0.909
RARRES1	3.56	8	1.60	0.946	17508	0.975	0.0545	545	0.909
CEP63	3.56	8	1.60	0.946	17509	0.975	0.0544	544	0.909
FANK1	1.78	2	1.60	0.946	17510	0.975	0.0544	543	0.909
ZNF491	3.57	8	1.60	0.946	17511	0.975	0.0543	542	0.909
01-Dec	3.57	8	1.61	0.946	17512	0.975	0.0542	541	0.909
IQSEC2	3.58	8	1.61	0.946	17513	0.975	0.0541	540	0.909
NAB2	3.58	8	1.61	0.946	17514	0.975	0.054	539	0.909
TCF12	3.10	6	1.61	0.946	17515	0.975	0.054	538	0.909
SIL1	3.58	8	1.61	0.946	17516	0.975	0.054	537	0.909
LDB2	3.58	8	1.61	0.946	17517	0.975	0.0539	536	0.909
DCAF8L1	3.58	8	1.61	0.946	17518	0.975	0.0539	535	0.909
RAB5A	3.59	8	1.61	0.946	17519	0.975	0.0538	534	0.909
TMEM45A	3.60	8	1.61	0.947	17520	0.975	0.0534	533	0.909
TMOD2	3.60	8	1.61	0.947	17521	0.975	0.0534	532	0.909
PROB1	3.60	8	1.61	0.947	17522	0.975	0.0534	531	0.909
CHRNB4	3.61	8	1.61	0.947	17523	0.975	0.0533	530	0.909
LYG1	3.61	8	1.61	0.947	17524	0.975	0.0533	529	0.909
OR6C1	3.61	8	1.61	0.947	17525	0.975	0.0532	528	0.909
COL2A1	3.61	8	1.62	0.947	17526	0.975	0.0531	527	0.909
ZNF143	3.61	8	1.62	0.947	17527	0.975	0.0531	526	0.909
ERI3	3.62	8	1.62	0.947	17528	0.975	0.0529	525	0.909
PVRL3	3.62	8	1.62	0.947	17529	0.975	0.0529	524	0.909
SLC15A4	3.62	8	1.62	0.947	17530	0.975	0.0528	523	0.909
UGGT1	3.14	6	1.62	0.947	17531	0.975	0.0527	522	0.909
TMEM261	3.63	8	1.62	0.947	17532	0.975	0.0527	521	0.909
S100A1	3.63	8	1.62	0.947	17533	0.975	0.0526	520	0.909
RERGL	3.64	8	1.62	0.948	17534	0.976	0.0524	519	0.909
MATN2	3.64	8	1.62	0.948	17535	0.976	0.0523	518	0.909
FAM107B	3.64	8	1.62	0.948	17536	0.976	0.0523	517	0.909
ZMYM5	3.65	8	1.62	0.948	17537	0.976	0.0521	516	0.909
SLC48A1	3.65	8	1.62	0.948	17538	0.976	0.0521	515	0.909
NFRKB	3.65	8	1.62	0.948	17539	0.976	0.0521	514	0.909
DLG3	3.65	8	1.63	0.948	17540	0.976	0.052	513	0.909
USP44	3.66	8	1.63	0.948	17541	0.976	0.0519	512	0.909
C1QL3	3.66	8	1.63	0.948	17542	0.976	0.0519	511	0.909
FBXO45	3.66	8	1.63	0.948	17543	0.976	0.0518	510	0.909
ZNF808	3.66	8	1.63	0.948	17544	0.976	0.0518	509	0.909
DOK5	3.66	8	1.63	0.948	17545	0.976	0.0517	508	0.909
NUAK1	3.67	8	1.63	0.948	17546	0.976	0.0517	507	0.909
ZNF92	1.83	2	1.63	0.948	17547	0.976	0.0516	506	0.909
TMPRSS7	3.67	8	1.63	0.948	17548	0.976	0.0516	505	0.909
GDF9	3.69	8	1.63	0.949	17549	0.976	0.0511	504	0.909
SLC38A1	3.70	8	1.64	0.949	17550	0.976	0.0508	503	0.909
PCDHGB3	3.70	8	1.64	0.949	17551	0.976	0.0508	502	0.909
ANKRD45	3.70	8	1.64	0.949	17552	0.976	0.0507	501	0.909
EPO	3.71	8	1.64	0.949	17553	0.976	0.0506	500	0.909
TMEM52B	3.71	8	1.64	0.95	17554	0.976	0.0505	499	0.909
PRKCB	3.71	8	1.64	0.95	17555	0.976	0.0505	498	0.909
MYOZ2	3.71	8	1.64	0.95	17556	0.976	0.0505	497	0.909
CASP6	3.72	8	1.64	0.95	17557	0.976	0.0503	496	0.909
IMMP2L	3.72	8	1.64	0.95	17558	0.976	0.0503	495	0.909
CACNB3	3.72	8	1.64	0.95	17559	0.976	0.0502	494	0.909
SLC39A2	3.72	8	1.64	0.95	17560	0.976	0.0501	493	0.909
TERT	3.72	8	1.64	0.95	17561	0.976	0.0501	492	0.909
VIP	3.73	8	1.64	0.95	17562	0.976	0.0501	491	0.909
ZNF561	3.74	8	1.65	0.95	17563	0.977	0.0498	490	0.909
CDC25C	3.74	8	1.65	0.95	17564	0.977	0.0497	489	0.909
NCK1	3.74	8	1.65	0.95	17565	0.977	0.0496	488	0.909
ATP2C1	3.75	8	1.65	0.95	17566	0.977	0.0496	487	0.909
KLRG1	3.75	8	1.65	0.95	17567	0.977	0.0496	486	0.909
SIM2	3.75	8	1.65	0.95	17568	0.977	0.0496	485	0.909
AAAS	3.75	8	1.65	0.95	17569	0.977	0.0496	484	0.909
KRT86	3.75	8	1.65	0.951	17570	0.977	0.0495	483	0.909
GNAL	3.75	8	1.65	0.951	17571	0.977	0.0493	482	0.909
KRT5	3.76	8	1.65	0.951	17572	0.977	0.0493	481	0.909
KRT85	3.77	8	1.66	0.951	17573	0.977	0.0489	480	0.909
PLXNA1	3.77	8	1.66	0.951	17574	0.977	0.0488	479	0.909
DDR2	3.77	8	1.66	0.951	17575	0.977	0.0488	478	0.909
PDE8B	3.53	7	1.66	0.951	17576	0.977	0.0488	477	0.909
WIBG	3.78	8	1.66	0.951	17577	0.977	0.0488	476	0.909
FGFR1	3.78	8	1.66	0.951	17578	0.977	0.0487	475	0.909
TUBA1A	2.67	4	1.66	0.951	17579	0.977	0.0487	474	0.909
TBX3	3.78	8	1.66	0.951	17580	0.977	0.0486	473	0.909
RHOBTB3	3.79	8	1.66	0.952	17581	0.977	0.0484	472	0.909
CACNA1F	3.79	8	1.66	0.952	17582	0.977	0.0483	471	0.909
KIF3A	3.80	8	1.66	0.952	17583	0.977	0.0482	470	0.909
RNASE3	3.80	8	1.66	0.952	17584	0.977	0.0482	469	0.909
PAWR	3.80	8	1.66	0.952	17585	0.977	0.0481	468	0.909
CCDC14	3.80	8	1.66	0.952	17586	0.977	0.0481	467	0.909
C15orf62	3.81	8	1.66	0.952	17587	0.977	0.048	466	0.909
SPATS2	3.81	8	1.67	0.952	17588	0.977	0.0479	465	0.909
IL20RB	3.81	8	1.67	0.952	17589	0.977	0.0479	464	0.909
DIABLO	3.82	8	1.67	0.952	17590	0.977	0.0478	463	0.909
LIX1	3.82	8	1.67	0.952	17591	0.977	0.0477	462	0.909
HOXC8	3.82	8	1.67	0.952	17592	0.977	0.0477	461	0.909
STARD4	3.83	8	1.67	0.953	17593	0.977	0.0474	460	0.909
TRPM1	3.83	8	1.67	0.953	17594	0.977	0.0474	459	0.909
MAP6D1	3.84	8	1.67	0.953	17595	0.977	0.0473	458	0.909
DNAJC5G	3.84	8	1.67	0.953	17596	0.978	0.0472	457	0.909
SLC9A9	3.84	8	1.67	0.953	17597	0.978	0.0471	456	0.909
GNPDA1	3.85	8	1.68	0.953	17598	0.978	0.0469	455	0.909
MNS1	3.85	8	1.68	0.953	17599	0.978	0.0468	454	0.909
EPHB1	3.85	8	1.68	0.953	17600	0.978	0.0468	453	0.909
OR4C3	3.86	8	1.68	0.953	17601	0.978	0.0468	452	0.909
ENDOU	3.86	8	1.68	0.953	17602	0.978	0.0468	451	0.909
OR5AS1	3.86	8	1.68	0.953	17603	0.978	0.0467	450	0.909
ACAP2	3.86	8	1.68	0.953	17604	0.978	0.0466	449	0.909
IGSF11	3.87	8	1.68	0.953	17605	0.978	0.0465	448	0.909
IFT122	3.87	8	1.68	0.953	17606	0.978	0.0465	447	0.909
SOX5	3.87	8	1.68	0.954	17607	0.978	0.0465	446	0.909
ADARB1	3.87	8	1.68	0.954	17608	0.978	0.0464	445	0.909
DNAJB7	3.87	8	1.68	0.954	17609	0.978	0.0463	444	0.909
DAPK1	3.88	8	1.68	0.954	17610	0.978	0.0462	443	0.909
C19orf66	3.88	8	1.68	0.954	17611	0.978	0.0462	442	0.909
ZNF14	3.88	8	1.68	0.954	17612	0.978	0.0462	441	0.909
NR1H4	3.88	8	1.68	0.954	17613	0.978	0.0461	440	0.909
ARHGAP21	3.89	8	1.68	0.954	17614	0.978	0.0461	439	0.909
PAH	3.89	8	1.68	0.954	17615	0.978	0.0461	438	0.909
PCNXL4	3.89	8	1.69	0.954	17616	0.978	0.0459	437	0.909
AVPR1A	3.90	8	1.69	0.954	17617	0.978	0.0458	436	0.909
DRC1	3.90	8	1.69	0.954	17618	0.978	0.0458	435	0.909
CUTC	3.90	8	1.69	0.954	17619	0.978	0.0457	434	0.909
CRYBG3	3.90	8	1.69	0.954	17620	0.978	0.0457	433	0.909
CRTC1	3.91	8	1.69	0.954	17621	0.978	0.0455	432	0.909
LCE3B	3.91	8	1.69	0.955	17622	0.978	0.0455	431	0.909
RAD52	3.91	8	1.69	0.955	17623	0.978	0.0455	430	0.909
RASSF9	3.91	8	1.69	0.955	17624	0.978	0.0454	429	0.909
PFN2	3.91	8	1.69	0.955	17625	0.978	0.0454	428	0.909
SLC25A36	3.92	8	1.69	0.955	17626	0.978	0.0453	427	0.909
IQCD	3.92	8	1.69	0.955	17627	0.978	0.0451	426	0.909
IL1A	3.93	8	1.69	0.955	17628	0.978	0.0451	425	0.909
USP13	3.93	8	1.69	0.955	17629	0.978	0.0451	424	0.909
OR2T11	3.93	8	1.69	0.955	17630	0.978	0.045	423	0.909
ROBO1	3.93	8	1.70	0.955	17631	0.978	0.0449	422	0.909
DTX3	3.94	8	1.70	0.955	17632	0.978	0.0447	421	0.909
ATMIN	3.94	8	1.70	0.955	17633	0.978	0.0447	420	0.909
HRK	3.95	8	1.70	0.955	17634	0.978	0.0446	419	0.909
FGD6	3.95	8	1.70	0.956	17635	0.978	0.0444	418	0.909
ABCD2	3.96	8	1.70	0.956	17636	0.978	0.0443	417	0.909
MYF5	3.96	8	1.70	0.956	17637	0.978	0.0443	416	0.909
IER5L	3.96	8	1.70	0.956	17638	0.978	0.0442	415	0.909
MRPS22	3.96	8	1.70	0.956	17639	0.978	0.0442	414	0.909
SUV39H1	3.97	8	1.70	0.956	17640	0.978	0.0441	413	0.909
C12orf40	3.97	8	1.71	0.956	17641	0.978	0.0441	412	0.909
ARL13B	3.98	8	1.71	0.956	17642	0.978	0.0439	411	0.909
NYAP2	3.98	8	1.71	0.956	17643	0.978	0.0439	410	0.909
C15orf54	3.98	8	1.71	0.956	17644	0.978	0.0437	409	0.909
PARP8	3.99	8	1.71	0.956	17645	0.978	0.0436	408	0.909
SLC35A5	3.99	8	1.71	0.957	17646	0.978	0.0435	407	0.909
CNR1	4.00	8	1.71	0.957	17647	0.978	0.0435	406	0.909
SDHC	4.00	8	1.71	0.957	17648	0.978	0.0434	405	0.909
GRASP	4.00	8	1.71	0.957	17649	0.978	0.0434	404	0.909
VSTM5	4.00	8	1.71	0.957	17650	0.978	0.0434	403	0.909
EPYC	4.00	8	1.71	0.957	17651	0.978	0.0433	402	0.909
FIGN	4.01	8	1.71	0.957	17652	0.978	0.0432	401	0.909
TMED4	4.01	8	1.72	0.957	17653	0.978	0.0431	400	0.909
COX17	4.01	8	1.72	0.957	17654	0.978	0.0431	399	0.909
SIRPG	4.01	8	1.72	0.957	17655	0.978	0.043	398	0.909
FCHO2	4.02	8	1.72	0.957	17656	0.979	0.0429	397	0.909
RGS12	4.02	8	1.72	0.957	17657	0.979	0.0428	396	0.909
JAK1	4.03	8	1.72	0.957	17658	0.979	0.0427	395	0.909
SOX2	4.03	8	1.72	0.957	17659	0.979	0.0427	394	0.909
B9D1	4.03	8	1.72	0.957	17660	0.979	0.0426	393	0.909
LZTS3	4.03	8	1.72	0.957	17661	0.979	0.0426	392	0.909
PPIG	4.04	8	1.72	0.957	17662	0.979	0.0425	391	0.909
HERPUD2	4.04	8	1.72	0.958	17663	0.979	0.0423	390	0.909
DNAJC19	3.50	6	1.72	0.958	17664	0.979	0.0423	389	0.909
CCDC125	4.05	8	1.72	0.958	17665	0.979	0.0423	388	0.909
WNT1	4.05	8	1.73	0.958	17666	0.979	0.0423	387	0.909
MAPK12	4.05	8	1.73	0.958	17667	0.979	0.0422	386	0.909
PTH2R	4.05	8	1.73	0.958	17668	0.979	0.0422	385	0.909
TACC1	4.05	8	1.73	0.958	17669	0.979	0.0421	384	0.909
ANKRD30BL	2.03	2	1.73	0.958	17670	0.979	0.042	383	0.909
GFAP	4.06	8	1.73	0.958	17671	0.979	0.042	382	0.909
FAM181A	4.06	8	1.73	0.958	17672	0.979	0.0419	381	0.909
ANO4	4.06	8	1.73	0.958	17673	0.979	0.0419	380	0.909
ZCCHC14	4.07	8	1.73	0.958	17674	0.979	0.0418	379	0.909
GYG1	4.07	8	1.73	0.958	17675	0.979	0.0418	378	0.909
NEUROD4	4.07	8	1.73	0.958	17676	0.979	0.0418	377	0.909
HOXB9	4.07	8	1.73	0.958	17677	0.979	0.0417	376	0.909
KRT82	4.08	8	1.73	0.959	17678	0.979	0.0415	375	0.909
PDE1C	4.09	8	1.74	0.959	17679	0.979	0.0414	374	0.909
PER3	4.09	8	1.74	0.959	17680	0.979	0.0413	373	0.909
RUFY1	4.09	8	1.74	0.959	17681	0.979	0.0413	372	0.909
DIP2B	4.09	8	1.74	0.959	17682	0.979	0.0412	371	0.909
RBM46	4.10	8	1.74	0.959	17683	0.979	0.0411	370	0.909
RTP4	4.10	8	1.74	0.959	17684	0.979	0.041	369	0.909
SNAP25	4.10	8	1.74	0.959	17685	0.979	0.041	368	0.909
WAS	4.10	8	1.74	0.959	17686	0.979	0.041	367	0.909
ZC3H7A	4.11	8	1.74	0.959	17687	0.979	0.0409	366	0.909
KSR1	4.11	8	1.74	0.959	17688	0.979	0.0408	365	0.909
OR2M7	2.06	2	1.74	0.959	17689	0.979	0.0407	364	0.909
LRFN2	4.12	8	1.74	0.959	17690	0.979	0.0406	363	0.909
PRKAG1	4.12	8	1.74	0.959	17691	0.979	0.0406	362	0.909
SCP2D1	4.12	8	1.74	0.959	17692	0.979	0.0405	361	0.909
P2RY13	3.58	6	1.75	0.96	17693	0.979	0.0404	360	0.909
C18orf63	4.14	8	1.75	0.96	17694	0.979	0.0403	359	0.909
ESYT3	4.14	8	1.75	0.96	17695	0.979	0.0402	358	0.909
RSPO4	4.14	8	1.75	0.96	17696	0.979	0.0402	357	0.909
BSX	4.14	8	1.75	0.96	17697	0.979	0.0401	356	0.909
ZNF559	4.14	8	1.75	0.96	17698	0.979	0.0401	355	0.909
GALNT6	4.16	8	1.75	0.96	17699	0.979	0.0398	354	0.909
SLPI	4.16	8	1.75	0.96	17700	0.979	0.0398	353	0.909
ANKRD30B	4.16	8	1.75	0.96	17701	0.979	0.0398	352	0.909
AMELY	4.16	8	1.75	0.96	17702	0.979	0.0398	351	0.909
CR1L	2.94	4	1.75	0.96	17703	0.979	0.0397	350	0.909
TLR10	4.16	8	1.75	0.96	17704	0.979	0.0397	349	0.909
PLEKHG3	4.17	8	1.76	0.96	17705	0.979	0.0396	348	0.909
NME9	4.17	8	1.76	0.96	17706	0.979	0.0396	347	0.909
ULK3	4.17	8	1.76	0.961	17707	0.979	0.0395	346	0.909
C1QL4	3.62	6	1.76	0.961	17708	0.979	0.0393	345	0.909
GRPR	4.19	8	1.76	0.961	17709	0.979	0.0392	344	0.909
C17orf112	4.19	8	1.76	0.961	17710	0.98	0.039	343	0.909
MSRB3	4.20	8	1.76	0.961	17711	0.98	0.0389	342	0.909
KCNMB4	4.21	8	1.76	0.961	17712	0.98	0.0388	341	0.909
BRD7	4.21	8	1.77	0.961	17713	0.98	0.0387	340	0.909
HOXC6	4.22	8	1.77	0.961	17714	0.98	0.0385	339	0.909
PDGFRB	4.22	8	1.77	0.962	17715	0.98	0.0384	338	0.909
UCK2	4.23	8	1.77	0.962	17716	0.98	0.0383	337	0.909
ILDR1	4.23	8	1.77	0.962	17717	0.98	0.0383	336	0.909
DEAF1	4.24	8	1.77	0.962	17718	0.98	0.038	335	0.909
ZXDC	4.25	8	1.78	0.962	17719	0.98	0.0379	334	0.909
UVSSA	4.25	8	1.78	0.962	17720	0.98	0.0379	333	0.909
TACR1	4.26	8	1.78	0.962	17721	0.98	0.0377	332	0.909
HCFC2	4.26	8	1.78	0.962	17722	0.98	0.0377	331	0.909
RBP5	4.26	8	1.78	0.962	17723	0.98	0.0377	330	0.909
SPDYE1	2.13	2	1.78	0.962	17724	0.98	0.0377	329	0.909
SNX31	4.26	8	1.78	0.962	17725	0.98	0.0377	328	0.909
PPAP2A	4.26	8	1.78	0.962	17726	0.98	0.0376	327	0.909
ABCC9	4.27	8	1.78	0.962	17727	0.98	0.0376	326	0.909
MAGOHB	4.27	8	1.78	0.962	17728	0.98	0.0375	325	0.909
ALKBH2	4.27	8	1.78	0.963	17729	0.98	0.0374	324	0.909
STK32B	4.27	8	1.78	0.963	17730	0.98	0.0374	323	0.909
C6orf62	4.28	8	1.78	0.963	17731	0.98	0.0373	322	0.909
CDC25B	4.28	8	1.78	0.963	17732	0.98	0.0372	321	0.909
SQLE	4.28	8	1.78	0.963	17733	0.98	0.0372	320	0.909
TBC1D23	4.29	8	1.79	0.963	17734	0.98	0.037	319	0.909
PHF8	4.29	8	1.79	0.963	17735	0.98	0.037	318	0.909
THAP8	4.31	8	1.79	0.963	17736	0.98	0.0367	317	0.909
KLC1	4.31	8	1.79	0.963	17737	0.981	0.0366	316	0.909
KIAA1715	4.33	8	1.80	0.964	17738	0.981	0.0362	315	0.909
FAM183B	4.33	8	1.80	0.964	17739	0.981	0.0362	314	0.909
SST	4.34	8	1.80	0.964	17740	0.981	0.0361	313	0.909
INO80E	4.34	8	1.80	0.964	17741	0.981	0.0361	312	0.909
P2RY10	4.35	8	1.80	0.964	17742	0.981	0.0359	311	0.909
TBC1D8B	4.35	8	1.80	0.964	17743	0.981	0.0358	310	0.909
CADM1	3.77	6	1.80	0.964	17744	0.981	0.0358	309	0.909
LGALS9	3.09	4	1.81	0.964	17745	0.981	0.0355	308	0.909
TMPRSS12	4.37	8	1.81	0.965	17746	0.981	0.0355	307	0.909
KRT8	2.18	2	1.81	0.965	17747	0.981	0.0354	306	0.909
IL31	4.37	8	1.81	0.965	17748	0.981	0.0354	305	0.909
MED23	4.37	8	1.81	0.965	17749	0.981	0.0354	304	0.909
ETV5	4.38	8	1.81	0.965	17750	0.981	0.0353	303	0.909
ZPLD1	4.38	8	1.81	0.965	17751	0.981	0.0352	302	0.909
AQP2	4.38	8	1.81	0.965	17752	0.981	0.0352	301	0.909
EPB42	4.39	8	1.81	0.965	17753	0.981	0.0351	300	0.909
PLA2G1B	4.39	8	1.81	0.965	17754	0.981	0.035	299	0.909
DEFB129	4.39	8	1.81	0.965	17755	0.981	0.035	298	0.909
ATXN7L3B	4.11	7	1.81	0.965	17756	0.981	0.0349	297	0.909
ZNF430	2.20	2	1.81	0.965	17757	0.981	0.0349	296	0.909
RQCD1	4.40	8	1.81	0.965	17758	0.981	0.0348	295	0.909
GPR108	4.41	8	1.82	0.965	17759	0.981	0.0346	294	0.909
PLEK	4.42	8	1.82	0.966	17760	0.981	0.0345	293	0.909
DERA	4.42	8	1.82	0.966	17761	0.981	0.0345	292	0.909
OCIAD1	4.42	8	1.82	0.966	17762	0.981	0.0344	291	0.909
ZMYND8	4.42	8	1.82	0.966	17763	0.981	0.0344	290	0.909
10-Sep	4.42	8	1.82	0.966	17764	0.981	0.0344	289	0.909
PARP14	4.42	8	1.82	0.966	17765	0.981	0.0344	288	0.909
TMEM184C	4.43	8	1.82	0.966	17766	0.981	0.0344	287	0.909
ZNF485	4.44	8	1.82	0.966	17767	0.981	0.0341	286	0.909
SLC16A2	4.45	8	1.83	0.966	17768	0.981	0.034	285	0.909
MYO1A	4.45	8	1.83	0.966	17769	0.981	0.0338	284	0.909
SIRT4	4.46	8	1.83	0.966	17770	0.981	0.0338	283	0.909
PNMA5	4.46	8	1.83	0.966	17771	0.981	0.0337	282	0.909
C12orf52	4.47	8	1.83	0.966	17772	0.981	0.0336	281	0.909
PIPOX	4.47	8	1.83	0.966	17773	0.981	0.0335	280	0.909
OSBPL11	4.47	8	1.83	0.967	17774	0.981	0.0335	279	0.909
IFT57	4.47	8	1.83	0.967	17775	0.981	0.0334	278	0.909
ZNF117	3.16	4	1.83	0.967	17776	0.981	0.0334	277	0.909
MMRN1	4.47	8	1.83	0.967	17777	0.981	0.0334	276	0.909
IER2	4.48	8	1.83	0.967	17778	0.981	0.0334	275	0.909
PTHLH	4.48	8	1.83	0.967	17779	0.981	0.0334	274	0.909
IL22	4.48	8	1.83	0.967	17780	0.981	0.0333	273	0.909
CISD1	2.24	2	1.83	0.967	17781	0.981	0.0333	272	0.909
PLSCR5	4.50	8	1.84	0.967	17782	0.982	0.033	271	0.909
DCBLD2	4.51	8	1.84	0.967	17783	0.982	0.0328	270	0.909
TMEM132E	4.53	8	1.85	0.968	17784	0.982	0.0325	269	0.909
PAGE3	4.53	8	1.85	0.968	17785	0.982	0.0324	268	0.909
C12orf77	4.53	8	1.85	0.968	17786	0.982	0.0323	267	0.909
IL1RAP	4.54	8	1.85	0.968	17787	0.982	0.0322	266	0.909
RAD51AP1	4.54	8	1.85	0.968	17788	0.982	0.0322	265	0.909
AVIL	4.54	8	1.85	0.968	17789	0.982	0.0322	264	0.909
RASA2	4.55	8	1.85	0.968	17790	0.982	0.0321	263	0.909
KRT83	4.55	8	1.85	0.968	17791	0.982	0.032	262	0.909
ZNF708	3.22	4	1.85	0.968	17792	0.982	0.032	261	0.909
AHR	4.56	8	1.85	0.968	17793	0.982	0.0319	260	0.909
CHST2	4.56	8	1.86	0.968	17794	0.982	0.0318	259	0.909
PTGER1	4.57	8	1.86	0.968	17795	0.982	0.0317	258	0.909
LMNB2	4.57	8	1.86	0.968	17796	0.982	0.0317	257	0.909
FCN1	4.58	8	1.86	0.968	17797	0.982	0.0315	256	0.909
CMSS1	4.58	8	1.86	0.968	17798	0.982	0.0315	255	0.909
SLCO4C1	4.60	8	1.86	0.969	17799	0.982	0.0312	254	0.909
PRRX1	4.60	8	1.86	0.969	17800	0.982	0.0312	253	0.909
ITGA8	4.60	8	1.86	0.969	17801	0.982	0.0312	252	0.909
ATP6V0E1	4.60	8	1.86	0.969	17802	0.982	0.0311	251	0.909
RAPGEF3	4.62	8	1.87	0.969	17803	0.983	0.0307	250	0.909
HIST1H2BJ	2.31	2	1.87	0.969	17804	0.983	0.0307	249	0.909
GCN1L1	4.62	8	1.87	0.969	17805	0.983	0.0307	248	0.909
TBC1D30	4.63	8	1.87	0.969	17806	0.983	0.0306	247	0.909
KRT79	4.64	8	1.87	0.969	17807	0.983	0.0305	246	0.909
PPM1H	4.65	8	1.88	0.97	17808	0.983	0.0304	245	0.909
ZHX1-C8ORF76	3.30	4	1.88	0.97	17809	0.983	0.03	244	0.909
STS	4.68	8	1.88	0.97	17810	0.983	0.0298	243	0.909
DENND6A	4.69	8	1.89	0.97	17811	0.983	0.0296	242	0.909
WNT8A	4.69	8	1.89	0.97	17812	0.983	0.0296	241	0.909
SHISA5	4.70	8	1.89	0.971	17813	0.983	0.0295	240	0.909
G3BP2	4.70	8	1.89	0.971	17814	0.983	0.0294	239	0.909
CCDC120	4.70	8	1.89	0.971	17815	0.983	0.0294	238	0.909
OR11H6	4.70	8	1.89	0.971	17816	0.983	0.0294	237	0.909
WNK3	4.72	8	1.89	0.971	17817	0.984	0.0291	236	0.909
MYBL1	4.72	8	1.89	0.971	17818	0.984	0.0291	235	0.909
KRT72	4.73	8	1.90	0.971	17819	0.984	0.0289	234	0.909
MPC2	4.74	8	1.90	0.971	17820	0.984	0.0287	233	0.909
LPHN3	4.75	8	1.90	0.971	17821	0.984	0.0286	232	0.909
MBLAC2	4.75	8	1.90	0.971	17822	0.984	0.0286	231	0.909
LRRC1	4.76	8	1.90	0.972	17823	0.984	0.0285	230	0.909
NAIP	4.76	8	1.90	0.972	17824	0.984	0.0285	229	0.909
POF1B	4.76	8	1.90	0.972	17825	0.984	0.0285	228	0.909
IGLL5	4.76	8	1.90	0.972	17826	0.984	0.0284	227	0.909
GAPT	4.76	8	1.90	0.972	17827	0.984	0.0284	226	0.909
FERMT1	4.77	8	1.91	0.972	17828	0.984	0.0283	225	0.909
RFTN1	4.78	8	1.91	0.972	17829	0.984	0.0281	224	0.909
IFIT3	4.79	8	1.91	0.972	17830	0.984	0.028	223	0.909
RB1	4.79	8	1.91	0.972	17831	0.984	0.028	222	0.909
TBK1	4.79	8	1.91	0.972	17832	0.984	0.0279	221	0.909
RAD54L2	4.80	8	1.91	0.972	17833	0.984	0.0279	220	0.909
WDR52	4.80	8	1.91	0.972	17834	0.984	0.0278	219	0.909
ABHD10	4.80	8	1.92	0.972	17835	0.984	0.0277	218	0.909
NNT	4.80	8	1.92	0.972	17836	0.984	0.0277	217	0.909
KIAA0825	4.81	8	1.92	0.972	17837	0.984	0.0276	216	0.909
KEL	4.82	8	1.92	0.972	17838	0.984	0.0275	215	0.909
APBB3	4.82	8	1.92	0.972	17839	0.984	0.0275	214	0.909
CLDN16	4.82	8	1.92	0.973	17840	0.984	0.0274	213	0.909
ASB14	4.82	8	1.92	0.973	17841	0.984	0.0274	212	0.909
PHLDA1	4.83	8	1.92	0.973	17842	0.984	0.0273	211	0.909
A4GNT	4.84	8	1.93	0.973	17843	0.984	0.0271	210	0.909
GALNT4	4.85	8	1.93	0.973	17844	0.984	0.027	209	0.909
DEFB113	4.85	8	1.93	0.973	17845	0.984	0.027	208	0.909
POM121L12	4.85	8	1.93	0.973	17846	0.984	0.0269	207	0.909
MTF2	4.86	8	1.93	0.973	17847	0.984	0.0269	206	0.909
LIPN	4.86	8	1.93	0.973	17848	0.984	0.0268	205	0.909
RETNLB	4.86	8	1.93	0.973	17849	0.984	0.0268	204	0.909
CLINT1	4.87	8	1.93	0.973	17850	0.984	0.0267	203	0.909
ITGA7	4.87	8	1.93	0.973	17851	0.984	0.0267	202	0.909
SNTN	4.87	8	1.93	0.973	17852	0.984	0.0266	201	0.909
CLEC2A	4.88	8	1.93	0.973	17853	0.984	0.0265	200	0.909
DGKA	4.89	8	1.94	0.974	17854	0.984	0.0264	199	0.909
PRDM4	4.89	8	1.94	0.974	17855	0.984	0.0264	198	0.909
ZBBX	4.89	8	1.94	0.974	17856	0.984	0.0264	197	0.909
ITGB7	4.89	8	1.94	0.974	17857	0.984	0.0263	196	0.909
SENP7	4.91	8	1.94	0.974	17858	0.985	0.0261	195	0.909
CMYA5	4.94	8	1.95	0.974	17859	0.985	0.0256	194	0.909
CRISPLD1	4.94	8	1.95	0.974	17860	0.985	0.0255	193	0.909
MYO9B	4.95	8	1.95	0.975	17861	0.985	0.0254	192	0.909
PDK1	4.95	8	1.95	0.975	17862	0.985	0.0254	191	0.909
PHC1	4.96	8	1.95	0.975	17863	0.985	0.0253	190	0.909
CARD16	2.48	2	1.95	0.975	17864	0.985	0.0253	189	0.909
APOF	4.97	8	1.96	0.975	17865	0.985	0.0251	188	0.909
RBP2	4.99	8	1.96	0.975	17866	0.985	0.0249	187	0.909
MAP2K3	4.99	8	1.96	0.975	17867	0.985	0.0248	186	0.909
RIN2	5.02	8	1.97	0.976	17868	0.986	0.0245	185	0.909
TIMMDC1	5.03	8	1.97	0.976	17869	0.986	0.0242	184	0.909
IFFO1	5.05	8	1.98	0.976	17870	0.986	0.024	183	0.909
RDH5	5.07	8	1.98	0.976	17871	0.986	0.0237	182	0.909
SERP1	5.07	8	1.98	0.976	17872	0.986	0.0237	181	0.909
ACRBP	5.08	8	1.99	0.976	17873	0.986	0.0235	180	0.909
TYR	5.08	8	1.99	0.976	17874	0.986	0.0235	179	0.909
KLHDC3	5.09	8	1.99	0.977	17875	0.986	0.0234	178	0.909
BST1	5.10	8	1.99	0.977	17876	0.986	0.0233	177	0.909
CRLF3	5.10	8	1.99	0.977	17877	0.986	0.0233	176	0.909
PPP2R2C	5.11	8	1.99	0.977	17878	0.986	0.0232	175	0.909
KPNA5	5.11	8	1.99	0.977	17879	0.986	0.0232	174	0.909
NFIB	5.11	8	1.99	0.977	17880	0.986	0.0231	173	0.909
OTP	5.13	8	2.00	0.977	17881	0.986	0.0229	172	0.909
ARHGEF37	5.13	8	2.00	0.977	17882	0.986	0.0229	171	0.909
C12orf44	5.13	8	2.00	0.977	17883	0.986	0.0228	170	0.909
C12orf73	5.13	8	2.00	0.977	17884	0.986	0.0228	169	0.909
TMCC1	5.13	8	2.00	0.977	17885	0.986	0.0228	168	0.909
OR10A7	5.15	8	2.00	0.977	17886	0.986	0.0226	167	0.909
KIAA1407	5.16	8	2.00	0.977	17887	0.987	0.0225	166	0.909
SCGB3A1	5.17	8	2.01	0.978	17888	0.987	0.0224	165	0.909
MYO1B	5.17	8	2.01	0.978	17889	0.987	0.0223	164	0.909
DZIP3	5.20	8	2.01	0.978	17890	0.987	0.022	163	0.909
GLT1D1	5.20	8	2.02	0.978	17891	0.987	0.0219	162	0.909
IRAK4	5.23	8	2.02	0.978	17892	0.987	0.0216	161	0.909
SMIM20	5.25	8	2.03	0.979	17893	0.987	0.0213	160	0.909
ST3GAL6	5.25	8	2.03	0.979	17894	0.987	0.0213	159	0.909
CD93	5.25	8	2.03	0.979	17895	0.987	0.0213	158	0.909
BFSP2	5.25	8	2.03	0.979	17896	0.987	0.0213	157	0.909
CNTNAP2	5.26	8	2.03	0.979	17897	0.987	0.0212	156	0.909
GAP43	5.26	8	2.03	0.979	17898	0.987	0.0211	155	0.909
ASTN1	5.27	8	2.03	0.979	17899	0.987	0.021	154	0.909
FXR1	5.30	8	2.04	0.979	17900	0.988	0.0207	153	0.909
CYP2C19	4.60	6	2.04	0.979	17901	0.988	0.0206	152	0.909
RPL22L1	5.31	8	2.04	0.979	17902	0.988	0.0205	151	0.909
WDR5B	5.31	8	2.04	0.98	17903	0.988	0.0205	150	0.909
FOXK1	5.32	8	2.05	0.98	17904	0.988	0.0204	149	0.909
LIMA1	5.32	8	2.05	0.98	17905	0.988	0.0204	148	0.909
CCR3	5.33	8	2.05	0.98	17906	0.988	0.0203	147	0.909
PRR23B	5.33	8	2.05	0.98	17907	0.988	0.0203	146	0.909
GALNT9	5.34	8	2.05	0.98	17908	0.988	0.0202	145	0.909
ACP5	5.34	8	2.05	0.98	17909	0.988	0.0201	144	0.909
CATSPERD	5.35	8	2.05	0.98	17910	0.988	0.02	143	0.909
FAM19A2	5.35	8	2.05	0.98	17911	0.988	0.02	142	0.909
RAB3C	5.40	8	2.07	0.981	17912	0.988	0.0194	141	0.909
SEC22A	5.45	8	2.08	0.981	17913	0.989	0.0189	140	0.909
TMEM212	5.45	8	2.08	0.981	17914	0.989	0.0188	139	0.909
FSTL4	5.46	8	2.08	0.981	17915	0.989	0.0187	138	0.909
NDUFA12	5.47	8	2.08	0.981	17916	0.989	0.0187	137	0.909
TIMM17B	5.48	8	2.09	0.981	17917	0.989	0.0185	136	0.909
TFCP2	5.48	8	2.09	0.982	17918	0.989	0.0185	135	0.909
DPPA4	5.52	8	2.10	0.982	17919	0.989	0.0181	134	0.909
SMIM21	5.52	8	2.10	0.982	17920	0.989	0.0181	133	0.909
FCER2	5.53	8	2.10	0.982	17921	0.989	0.0179	132	0.909
SCAMP2	5.54	8	2.10	0.982	17922	0.989	0.0178	131	0.909
PIP4K2C	5.55	8	2.10	0.982	17923	0.989	0.0177	130	0.909
KIAA2018	5.56	8	2.10	0.982	17924	0.989	0.0177	129	0.909
UGT2A3	5.57	8	2.11	0.982	17925	0.989	0.0176	128	0.909
PEBP1	5.57	8	2.11	0.983	17926	0.989	0.0175	127	0.909
CCDC50	5.58	8	2.11	0.983	17927	0.989	0.0174	126	0.909
PLAC8L1	5.58	8	2.11	0.983	17928	0.989	0.0174	125	0.909
PSG5	2.80	2	2.12	0.983	17929	0.99	0.0171	124	0.909
C3orf52	5.61	8	2.12	0.983	17930	0.99	0.0171	123	0.909
ZNF639	5.66	8	2.13	0.983	17931	0.99	0.0166	122	0.909
MINA	5.66	8	2.13	0.983	17932	0.99	0.0165	121	0.909
ASIC1	4.93	6	2.14	0.984	17933	0.99	0.0162	120	0.909
AGGF1	5.70	8	2.14	0.984	17934	0.99	0.0162	119	0.909
ATF1	5.71	8	2.14	0.984	17935	0.99	0.0161	118	0.909
ANKS3	5.71	8	2.14	0.984	17936	0.99	0.016	117	0.909
FERD3L	5.72	8	2.15	0.984	17937	0.99	0.0159	116	0.909
RNF41	5.72	8	2.15	0.984	17938	0.99	0.0159	115	0.909
GYS1	5.74	8	2.15	0.984	17939	0.99	0.0157	114	0.909
KRT4	5.75	8	2.15	0.984	17940	0.991	0.0156	113	0.909
KIAA0226L	5.77	8	2.16	0.985	17941	0.991	0.0155	112	0.909
GSK3B	5.82	8	2.17	0.985	17942	0.991	0.015	111	0.909
PTPN11	5.83	8	2.17	0.985	17943	0.991	0.0149	110	0.909
ASGR1	5.84	8	2.18	0.985	17944	0.991	0.0148	109	0.909
SNX4	5.85	8	2.18	0.985	17945	0.991	0.0147	108	0.909
HOXC13	5.07	6	2.18	0.985	17946	0.991	0.0146	107	0.909
SPOP	5.87	8	2.18	0.985	17947	0.991	0.0145	106	0.909
CNTN1	5.87	8	2.18	0.986	17948	0.991	0.0145	105	0.909
RASD1	5.88	8	2.19	0.986	17949	0.991	0.0144	104	0.909
RPH3A	5.89	8	2.19	0.986	17950	0.991	0.0143	103	0.909
IRF1	5.90	8	2.19	0.986	17951	0.991	0.0143	102	0.909
RPTN	5.90	8	2.19	0.986	17952	0.991	0.0142	101	0.909
LRMP	5.14	6	2.20	0.986	17953	0.991	0.0139	100	0.909
PROS1	5.93	8	2.20	0.986	17954	0.991	0.0139	99	0.909
XPOT	5.96	8	2.21	0.986	17955	0.992	0.0136	98	0.909
PKIA	5.20	6	2.22	0.987	17956	0.992	0.0133	97	0.909
FAM182B	6.02	8	2.22	0.987	17957	0.992	0.0132	96	0.909
C7orf71	6.02	8	2.22	0.987	17958	0.992	0.0131	95	0.909
ITIH1	6.06	8	2.23	0.987	17959	0.992	0.0128	94	0.909
MGLL	6.07	8	2.23	0.987	17960	0.992	0.0127	93	0.909
ARHGEF25	6.08	8	2.24	0.987	17961	0.992	0.0126	92	0.909
MYH4	6.10	8	2.24	0.987	17962	0.992	0.0125	91	0.909
MLEC	6.11	8	2.24	0.988	17963	0.992	0.0124	90	0.909
RASA1	6.11	8	2.24	0.988	17964	0.992	0.0124	89	0.909
TMEM171	6.15	8	2.25	0.988	17965	0.993	0.0121	88	0.909
SLC39A3	6.17	8	2.26	0.988	17966	0.993	0.012	87	0.909
OR10G4	6.21	8	2.27	0.988	17967	0.993	0.0116	86	0.909
RSRC2	6.24	8	2.28	0.989	17968	0.993	0.0114	85	0.909
CUL1	6.25	8	2.28	0.989	17969	0.993	0.0113	84	0.909
KRT3	6.26	8	2.28	0.989	17970	0.993	0.0113	83	0.909
ZNF257	6.27	8	2.28	0.989	17971	0.993	0.0112	82	0.909
AQP8	6.30	8	2.29	0.989	17972	0.993	0.0109	81	0.909
SLCO1B1	6.31	8	2.30	0.989	17973	0.993	0.0109	80	0.909
ZFAND5	6.31	8	2.30	0.989	17974	0.993	0.0109	79	0.909
SHOX2	6.33	8	2.30	0.989	17975	0.993	0.0108	78	0.909
GPR171	6.33	8	2.30	0.989	17976	0.993	0.0107	77	0.909
GLIPR1L2	6.36	8	2.31	0.989	17977	0.994	0.0105	76	0.909
PCBP2	6.36	8	2.31	0.989	17978	0.994	0.0105	75	0.909
ASB13	6.36	8	2.31	0.989	17979	0.994	0.0105	74	0.909
OR9K2	6.38	8	2.31	0.99	17980	0.994	0.0104	73	0.909
PFKFB1	6.42	8	2.32	0.99	17981	0.994	0.0101	72	0.909
GRB2	6.44	8	2.33	0.99	17982	0.994	0.00995	71	0.909
GABARAPL1	6.45	8	2.33	0.99	17983	0.994	0.00993	70	0.909
NKAIN4	6.45	8	2.33	0.99	17984	0.994	0.0099	69	0.909
NPHP3	6.49	8	2.34	0.99	17985	0.994	0.00963	68	0.909
SYT1	6.51	8	2.35	0.99	17986	0.994	0.0095	67	0.909
GPR128	6.55	8	2.35	0.991	17987	0.994	0.00927	66	0.909
MYEF2	6.59	8	2.37	0.991	17988	0.994	0.009	65	0.909
PDCD10	6.59	8	2.37	0.991	17989	0.994	0.00899	64	0.909
OR5K4	6.61	8	2.37	0.991	17990	0.994	0.00892	63	0.909
TPH2	6.61	8	2.37	0.991	17991	0.994	0.00889	62	0.909
OR10P1	6.62	8	2.37	0.991	17992	0.994	0.00881	61	0.909
ZNF827	6.63	8	2.37	0.991	17993	0.994	0.00878	60	0.909
PITPNM2	6.69	8	2.39	0.992	17994	0.995	0.00842	59	0.909
ENO4	6.70	8	2.39	0.992	17995	0.995	0.00836	58	0.909
UBE2K	6.72	8	2.40	0.992	17996	0.995	0.00824	57	0.909
DYDC2	6.76	8	2.41	0.992	17997	0.995	0.00803	56	0.909
FOXM1	6.77	8	2.41	0.992	17998	0.995	0.00799	55	0.909
ATF7	6.79	8	2.41	0.992	17999	0.995	0.00788	54	0.909
IL15	3.45	2	2.44	0.993	18000	0.996	0.00727	53	0.909
FAAH2	7.02	8	2.47	0.993	18001	0.996	0.00668	52	0.909
ZNF148	7.09	8	2.49	0.994	18002	0.996	0.00636	51	0.909
C3orf58	7.11	8	2.49	0.994	18003	0.996	0.0063	50	0.909
PAGE1	7.17	8	2.51	0.994	18004	0.997	0.00602	49	0.909
LIN37	7.17	8	2.51	0.994	18005	0.997	0.00601	48	0.909
E2F8	7.18	8	2.51	0.994	18006	0.997	0.00599	47	0.909
CYP27B1	7.19	8	2.52	0.994	18007	0.997	0.00594	46	0.909
FRS2	7.19	8	2.52	0.994	18008	0.997	0.00592	45	0.909
KIRREL	7.24	8	2.53	0.994	18009	0.997	0.00572	44	0.909
NR3C1	7.25	8	2.53	0.994	18010	0.997	0.00568	43	0.909
FAM162A	7.26	8	2.53	0.994	18011	0.997	0.00564	42	0.909
RHO	7.27	8	2.53	0.994	18012	0.997	0.00562	41	0.909
DPYSL3	7.30	8	2.54	0.995	18013	0.997	0.00549	40	0.909
WBP5	6.32	6	2.54	0.995	18014	0.997	0.00548	39	0.909
ZBTB38	7.32	8	2.55	0.995	18015	0.997	0.00539	38	0.909
STXBP5L	7.40	8	2.57	0.995	18016	0.997	0.00509	37	0.909
HDAC7	7.45	8	2.58	0.995	18017	0.997	0.00493	36	0.909
PTEN	7.45	8	2.58	0.995	18018	0.997	0.00491	35	0.909
NIT2	7.46	8	2.58	0.995	18019	0.997	0.00487	34	0.909
CELF1	7.51	8	2.60	0.995	18020	0.997	0.00471	33	0.909
CBX3	5.33	4	2.60	0.995	18021	0.997	0.00463	32	0.909
DNAJC14	7.57	8	2.61	0.996	18022	0.997	0.0045	31	0.909
CDHR4	7.64	8	2.63	0.996	18023	0.997	0.00429	30	0.909
MCF2L2	7.65	8	2.63	0.996	18024	0.997	0.00425	29	0.909
CALN1	7.80	8	2.67	0.996	18025	0.998	0.0038	28	0.909
PLXDC2	7.82	8	2.67	0.996	18026	0.998	0.00375	27	0.909
CHUK	7.83	8	2.68	0.996	18027	0.998	0.00371	26	0.909
UBE2M	8.03	8	2.73	0.997	18028	0.998	0.00319	25	0.909
SLC25A20	8.03	8	2.73	0.997	18029	0.998	0.00319	24	0.909
PRAF2	8.05	8	2.73	0.997	18030	0.998	0.00315	23	0.909
GP9	8.06	8	2.74	0.997	18031	0.998	0.00311	22	0.909
DYNLL1	4.06	2	2.75	0.997	18032	0.998	0.003	21	0.909
PAXIP1	8.40	8	2.82	0.998	18033	0.999	0.0024	20	0.909
RALGAPB	8.75	8	2.91	0.998	18034	0.999	0.00181	19	0.909
CPOX	9.06	8	2.99	0.999	18035	1	0.00141	18	0.909
DCUN1D1	9.31	8	3.05	0.999	18036	1	0.00114	17	0.909
RAB6B	9.39	8	3.07	0.999	18037	1	0.00107	16	0.909
PDZRN4	9.43	8	3.08	0.999	18038	1	0.00104	15	0.909
TRABD2A	9.54	8	3.11	0.999	18039	1	0.000944	14	0.909
CLDN18	9.57	8	3.11	0.999	18040	1	0.000922	13	0.909
SENP8	8.52	6	3.18	0.999	18041	1	0.000731	12	0.909
E2F7	9.88	8	3.19	0.999	18042	1	0.000701	11	0.909
PHF12	9.92	8	3.20	0.999	18043	1	0.000681	10	0.909
MBNL1	10.22	8	3.28	0.999	18044	1	0.000522	9	0.909
DZIP1L	10.39	8	3.32	1	18045	1	0.000449	8	0.909
AMOTL2	11.18	8	3.52	1	18046	1	0.000216	7	0.557
CCNA1	11.31	8	3.55	1	18047	1	0.000191	6	0.557
CNBP	11.84	8	3.69	1	18048	1	0.000114	5	0.412
LIN54	12.74	8	3.91	1	18049	1	4.56e-05	4	0.206
NF2	14.70	8	4.41	1	18050	1	5.28e-06	3	0.0318
FBXO48	15.34	8	4.57	1	18051	1	2.48e-06	2	0.0224
MYBL2	19.52	8	5.62	1	18052	1	9.57e-09	1	0.000173
