GENE	sumZ	numObs	normZ	pval_synth	rank_synth	fdr_synth	pval_supp	rank_supp	fdr_supp
DOLK	-27.57	8	-6.41	7.22e-11	1	1.3e-06	1	18052	1
STRAP	-25.20	8	-5.80	3.36e-09	2	3.03e-05	1	18051	1
TCEB2	-24.77	8	-5.69	6.5e-09	3	3.91e-05	1	18050	1
ALG1	-23.66	8	-5.40	3.32e-08	4	0.00015	1	18049	1
RNMT	-23.10	8	-5.25	7.47e-08	5	0.000249	1	18048	1
CTPS1	-23.02	8	-5.23	8.27e-08	6	0.000249	1	18047	1
RPP21	-22.79	8	-5.18	1.14e-07	7	0.000293	1	18046	1
PPP2R4	-22.54	8	-5.11	1.61e-07	8	0.000364	1	18045	1
DNAJC9	-22.36	8	-5.06	2.08e-07	9	0.000393	1	18044	1
PPP4C	-22.24	8	-5.03	2.42e-07	10	0.000393	1	18043	1
FAM96B	-22.20	8	-5.02	2.57e-07	11	0.000393	1	18042	1
RTCB	-22.19	8	-5.02	2.61e-07	12	0.000393	1	18041	1
SSU72	-22.13	8	-5.00	2.83e-07	13	0.000393	1	18040	1
CMPK1	-21.79	8	-4.92	4.41e-07	14	0.000568	1	18039	1
RABGGTB	-21.70	8	-4.89	4.97e-07	15	0.000598	1	18038	1
GNB2L1	-21.42	8	-4.82	7.15e-07	16	0.000807	1	18037	1
GINS3	-21.34	8	-4.80	7.94e-07	17	0.000843	1	18036	1
PRMT1	-20.68	8	-4.63	1.84e-06	18	0.00185	1	18035	1
SRP14	-20.56	8	-4.60	2.13e-06	19	0.00203	1	18034	1
NAA30	-20.27	8	-4.52	3.04e-06	20	0.00275	1	18033	1
NAA10	-20.22	8	-4.51	3.25e-06	21	0.00279	1	18032	1
GPN3	-19.94	8	-4.44	4.59e-06	22	0.00352	1	18031	1
RPS5	-19.86	8	-4.42	5.02e-06	23	0.00352	1	18030	1
LCMT1	-19.86	8	-4.41	5.05e-06	24	0.00352	1	18029	1
DBR1	-19.86	8	-4.41	5.06e-06	25	0.00352	1	18028	1
ANKRD49	-19.83	8	-4.41	5.24e-06	26	0.00352	1	18027	1
DUT	-19.80	8	-4.40	5.41e-06	27	0.00352	1	18026	1
DPAGT1	-19.79	8	-4.40	5.47e-06	28	0.00352	1	18025	1
HMGCS1	-19.76	8	-4.39	5.69e-06	29	0.00354	1	18024	1
SEPSECS	-19.64	8	-4.36	6.51e-06	30	0.00392	1	18023	1
CSNK2B	-19.59	8	-4.35	6.96e-06	31	0.00397	1	18022	1
TPT1	-19.57	8	-4.34	7.05e-06	32	0.00397	1	18021	1
SBDS	-19.55	8	-4.34	7.26e-06	33	0.00397	1	18020	1
JMJD6	-19.43	8	-4.30	8.39e-06	34	0.00445	1	18019	1
TBCB	-19.16	8	-4.24	1.14e-05	35	0.00574	1	18018	1
OSBP	-19.16	8	-4.23	1.15e-05	36	0.00574	1	18017	1
C7orf55-LUC7L2	-19.04	8	-4.20	1.31e-05	37	0.00641	1	18016	1
TBCA	-18.98	8	-4.19	1.41e-05	38	0.00671	1	18015	1
PES1	-18.83	8	-4.15	1.66e-05	39	0.00761	1	18014	1
CCDC84	-18.82	8	-4.15	1.69e-05	40	0.00761	1	18013	1
PPP2R2A	-18.77	8	-4.13	1.79e-05	41	0.00787	1	18012	1
NHLRC2	-18.73	8	-4.12	1.87e-05	42	0.008	1	18011	1
POLR3A	-18.70	8	-4.12	1.93e-05	43	0.008	1	18010	1
PSMG3	-18.68	8	-4.11	1.97e-05	44	0.008	1	18009	1
SOD2	-18.67	8	-4.11	1.99e-05	45	0.008	1	18008	1
CPSF1	-18.57	8	-4.08	2.22e-05	46	0.00871	1	18007	1
TADA2A	-18.48	8	-4.06	2.46e-05	47	0.0094	1	18006	1
CUL2	-18.46	8	-4.05	2.52e-05	48	0.0094	1	18005	1
EXOSC7	-18.43	8	-4.05	2.6e-05	49	0.0094	1	18004	1
TIMM10	-18.43	8	-4.05	2.6e-05	50	0.0094	1	18003	1
UTP23	-18.40	8	-4.04	2.71e-05	51	0.00943	1	18002	1
HDAC3	-18.39	8	-4.04	2.73e-05	52	0.00943	1	18001	1
ATP6V0C	-18.38	8	-4.03	2.77e-05	53	0.00943	1	18000	1
DPY30	-18.34	8	-4.02	2.88e-05	54	0.00964	1	17999	1
RPL14	-18.30	8	-4.01	3e-05	55	0.00985	1	17998	1
TOP2A	-18.26	8	-4.00	3.13e-05	56	0.0101	1	17997	1
TEAD1	-18.20	8	-3.99	3.35e-05	57	0.0106	1	17996	1
CSTF1	-17.86	8	-3.90	4.84e-05	58	0.0151	1	17995	1
EXOSC3	-17.82	8	-3.89	5.04e-05	59	0.0154	1	17994	1
RPL38	-17.76	8	-3.87	5.36e-05	60	0.0161	1	17993	1
MPI	-17.72	8	-3.86	5.61e-05	61	0.0166	1	17992	1
NUDT21	-17.66	8	-3.85	5.96e-05	62	0.0174	1	17991	1
DKC1	-17.57	8	-3.82	6.6e-05	63	0.0187	1	17990	1
CENPM	-17.56	8	-3.82	6.63e-05	64	0.0187	1	17989	1
CDCA8	-17.53	8	-3.81	6.87e-05	65	0.0191	1	17988	1
POLR3H	-17.45	8	-3.79	7.46e-05	66	0.0204	1	17987	1
BUB3	-17.40	8	-3.78	7.86e-05	67	0.0206	1	17986	1
CPSF4	-17.40	8	-3.78	7.86e-05	68	0.0206	1	17985	1
ILF2	-17.40	8	-3.78	7.87e-05	69	0.0206	1	17984	1
UBE2S	-17.37	8	-3.77	8.14e-05	70	0.021	1	17983	1
CDC123	-17.29	8	-3.75	8.83e-05	71	0.0224	1	17982	1
DDX51	-17.28	8	-3.75	8.94e-05	72	0.0224	1	17981	1
RAD1	-17.25	8	-3.74	9.16e-05	73	0.0224	1	17980	1
NHP2	-17.25	8	-3.74	9.2e-05	74	0.0224	1	17979	1
POLR1B	-17.21	8	-3.73	9.6e-05	75	0.0231	1	17978	1
DDX59	-14.87	6	-3.72	9.96e-05	76	0.0231	1	17977	1
CRCP	-17.17	8	-3.72	0.0001	77	0.0231	1	17976	1
DDOST	-17.16	8	-3.72	0.0001	78	0.0231	1	17975	1
CPSF3L	-17.15	8	-3.71	0.000102	79	0.0231	1	17974	1
C9orf114	-17.14	8	-3.71	0.000102	80	0.0231	1	17973	1
GINS2	-17.08	8	-3.70	0.00011	81	0.0245	1	17972	1
PPA1	-17.05	8	-3.69	0.000113	82	0.0246	1	17971	1
DNAJA3	-17.04	8	-3.69	0.000113	83	0.0246	1	17970	1
PRKRIR	-14.74	6	-3.68	0.000116	84	0.025	1	17969	1
SIAH1	-16.98	8	-3.67	0.000121	85	0.0256	1	17968	1
CDIPT	-16.93	8	-3.66	0.000127	86	0.0267	1	17967	1
WDR18	-16.89	8	-3.65	0.000132	87	0.0274	1	17966	1
FBL	-16.85	8	-3.64	0.000137	88	0.0279	1	17965	1
EIF3F	-16.85	8	-3.64	0.000138	89	0.0279	1	17964	1
YARS	-16.80	8	-3.62	0.000145	90	0.0291	1	17963	1
ACTR3	-16.74	8	-3.61	0.000153	91	0.0301	1	17962	1
RPL36	-16.74	8	-3.61	0.000154	92	0.0301	1	17961	1
NOB1	-16.73	8	-3.61	0.000155	93	0.0301	1	17960	1
PPP2R1A	-16.72	8	-3.60	0.000157	94	0.0301	1	17959	1
IMP3	-16.71	8	-3.60	0.000159	95	0.0302	1	17958	1
SLC35B1	-16.69	8	-3.59	0.000162	96	0.0305	1	17957	1
GFER	-16.66	8	-3.59	0.000167	97	0.0311	1	17956	1
DTYMK	-16.63	8	-3.58	0.000171	98	0.0313	1	17955	1
VMP1	-16.63	8	-3.58	0.000171	99	0.0313	1	17954	1
RFC3	-16.57	8	-3.57	0.000182	100	0.0328	1	17953	1
TRAPPC1	-16.51	8	-3.55	0.000192	101	0.0344	1	17952	1
SOD1	-16.50	8	-3.55	0.000194	102	0.0344	1	17951	1
TRAPPC4	-16.48	8	-3.54	0.000198	103	0.0346	1	17950	1
DDX46	-16.48	8	-3.54	0.0002	104	0.0346	1	17949	1
RPL8	-16.47	8	-3.54	0.000201	105	0.0346	1	17948	1
KAT2A	-16.43	8	-3.53	0.000209	106	0.0356	1	17947	1
CHORDC1	-16.41	8	-3.52	0.000214	107	0.0361	1	17946	1
PRPF38B	-16.37	8	-3.51	0.000222	108	0.0367	1	17945	1
FXN	-16.36	8	-3.51	0.000223	109	0.0367	1	17944	1
EFTUD1	-16.36	8	-3.51	0.000223	110	0.0367	1	17943	1
RBM17	-16.28	8	-3.49	0.000242	111	0.0393	1	17942	1
USP39	-16.27	8	-3.49	0.000245	112	0.0393	1	17941	1
NAA20	-16.26	8	-3.48	0.000246	113	0.0393	1	17940	1
DOHH	-16.23	8	-3.48	0.000254	114	0.0398	1	17939	1
DHX37	-16.22	8	-3.47	0.000256	115	0.0398	1	17938	1
WDR33	-16.22	8	-3.47	0.000256	116	0.0398	1	17937	1
SPATA5	-16.21	8	-3.47	0.000259	117	0.0398	1	17936	1
AARS	-16.20	8	-3.47	0.00026	118	0.0398	1	17935	1
NOP16	-16.19	8	-3.47	0.000265	119	0.0402	1	17934	1
TEX10	-16.18	8	-3.46	0.000267	120	0.0402	1	17933	1
RNASEH2A	-16.12	8	-3.45	0.000281	121	0.0419	1	17932	1
HSPA14	-16.11	8	-3.44	0.000286	122	0.0424	1	17931	1
ATP2A2	-16.08	8	-3.44	0.000293	123	0.0429	1	17930	1
GTF3C3	-16.07	8	-3.43	0.000297	124	0.0432	1	17929	1
NCAPH	-16.04	8	-3.43	0.000305	125	0.044	1	17928	1
PUM1	-16.02	8	-3.42	0.000311	126	0.0446	1	17927	1
OGT	-16.00	8	-3.42	0.000317	127	0.0451	1	17926	1
TUBB	-15.98	8	-3.41	0.000323	128	0.0453	1	17925	1
PPP6C	-15.98	8	-3.41	0.000324	129	0.0453	1	17924	1
RFC5	-15.95	8	-3.40	0.000333	130	0.0459	1	17923	1
CTNNBL1	-15.94	8	-3.40	0.000334	131	0.0459	1	17922	1
RANGAP1	-15.93	8	-3.40	0.000337	132	0.0459	1	17921	1
PTPMT1	-15.93	8	-3.40	0.000338	133	0.0459	1	17920	1
HUS1	-15.91	8	-3.39	0.000344	134	0.046	1	17919	1
SPATA5L1	-15.91	8	-3.39	0.000344	135	0.046	1	17918	1
SRP68	-15.89	8	-3.39	0.000352	136	0.0466	1	17917	1
TYMS	-15.88	8	-3.39	0.000354	137	0.0466	1	17916	1
PSMG4	-15.83	8	-3.37	0.000372	138	0.0485	1	17915	1
ATP6V1B2	-15.82	8	-3.37	0.000374	139	0.0485	1	17914	1
DDX11	-15.82	8	-3.37	0.000376	140	0.0485	1	17913	1
GTF2A2	-15.80	8	-3.37	0.000381	141	0.0488	1	17912	1
INPP5K	-15.79	8	-3.36	0.000385	142	0.0489	1	17911	1
HSPA9	-15.79	8	-3.36	0.000388	143	0.0489	1	17910	1
NUDC	-15.73	8	-3.35	0.000407	144	0.051	1	17909	1
RCL1	-15.71	8	-3.34	0.000415	145	0.0515	1	17908	1
INTS9	-15.70	8	-3.34	0.000421	146	0.0515	1	17907	1
PGK1	-15.70	8	-3.34	0.000421	147	0.0515	1	17906	1
ZNF407	-15.68	8	-3.34	0.000426	148	0.0515	1	17905	1
LRR1	-15.68	8	-3.33	0.000427	149	0.0515	1	17904	1
NLE1	-15.67	8	-3.33	0.00043	150	0.0515	1	17903	1
ELMO2	-15.67	8	-3.33	0.000431	151	0.0515	1	17902	1
ORC2	-15.64	8	-3.32	0.000443	152	0.0526	1	17901	1
TTC4	-15.64	8	-3.32	0.000446	153	0.0526	1	17900	1
NAA25	-15.62	8	-3.32	0.000453	154	0.0528	1	17899	1
RFC2	-15.61	8	-3.32	0.000456	155	0.0528	1	17898	1
SUPT16H	-15.61	8	-3.32	0.000456	156	0.0528	1	17897	1
DNLZ	-15.60	8	-3.31	0.00046	157	0.0529	1	17896	1
EMC7	-15.54	8	-3.30	0.000488	158	0.0558	1	17895	1
C18orf21	-15.52	8	-3.29	0.000494	159	0.0561	1	17894	1
SNAPC4	-15.49	8	-3.28	0.000511	160	0.0573	0.999	17893	1
UROD	-15.49	8	-3.28	0.000511	161	0.0573	0.999	17892	1
ARID4B	-15.47	8	-3.28	0.000518	162	0.0578	0.999	17891	1
NDC1	-15.45	8	-3.28	0.000527	163	0.0583	0.999	17890	1
DHPS	-15.45	8	-3.27	0.00053	164	0.0584	0.999	17889	1
RAD9A	-15.43	8	-3.27	0.00054	165	0.059	0.999	17888	1
OIP5	-15.42	8	-3.27	0.000543	166	0.059	0.999	17887	1
TRMT5	-15.40	8	-3.26	0.000554	167	0.0599	0.999	17886	1
VHL	-15.39	8	-3.26	0.000558	168	0.06	0.999	17885	1
INTS6	-15.38	8	-3.26	0.000562	169	0.06	0.999	17884	1
MASTL	-15.35	8	-3.25	0.00058	170	0.0613	0.999	17883	1
ORAOV1	-15.35	8	-3.25	0.00058	171	0.0613	0.999	17882	1
ATP1A1	-15.31	8	-3.24	0.000598	172	0.0628	0.999	17881	1
NDNL2	-15.30	8	-3.23	0.000608	173	0.0635	0.999	17880	1
DHX33	-15.29	8	-3.23	0.000612	174	0.0635	0.999	17879	1
ATP6V1D	-15.28	8	-3.23	0.000618	175	0.0638	0.999	17878	1
RPL18	-15.25	8	-3.22	0.000632	176	0.0648	0.999	17877	1
RBBP5	-15.22	8	-3.22	0.00065	177	0.0659	0.999	17876	1
GRPEL1	-15.22	8	-3.22	0.000651	178	0.0659	0.999	17875	1
LSM10	-15.21	8	-3.21	0.000655	179	0.0659	0.999	17874	1
ANAPC7	-15.21	8	-3.21	0.000657	180	0.0659	0.999	17873	1
WDR77	-15.20	8	-3.21	0.000664	181	0.0662	0.999	17872	1
RMND5A	-15.19	8	-3.21	0.000667	182	0.0662	0.999	17871	1
LYRM4	-15.17	8	-3.20	0.000683	183	0.0674	0.999	17870	1
NUTF2	-15.13	8	-3.19	0.000707	184	0.0691	0.999	17869	1
DIS3	-15.13	8	-3.19	0.000709	185	0.0691	0.999	17868	1
ZNF574	-15.07	8	-3.18	0.000744	186	0.0722	0.999	17867	1
CMTR1	-15.01	8	-3.16	0.000789	187	0.0761	0.999	17866	1
TINF2	-15.00	8	-3.16	0.000792	188	0.0761	0.999	17865	1
MBTPS1	-14.98	8	-3.15	0.000807	189	0.0771	0.999	17864	1
POLR3C	-14.96	8	-3.15	0.000821	190	0.078	0.999	17863	1
GEMIN5	-14.95	8	-3.14	0.000831	191	0.0786	0.999	17862	1
NSMCE1	-14.89	8	-3.13	0.000875	192	0.0823	0.999	17861	1
NOL6	-14.88	8	-3.13	0.000883	193	0.0826	0.999	17860	1
EEF1A1	-12.87	6	-3.12	0.000899	194	0.0834	0.999	17859	1
SEC61B	-14.85	8	-3.12	0.000905	195	0.0834	0.999	17858	1
GEMIN7	-14.85	8	-3.12	0.000905	196	0.0834	0.999	17857	1
RPL27A	-14.82	8	-3.11	0.000927	197	0.0846	0.999	17856	1
ACTR2	-14.82	8	-3.11	0.000928	198	0.0846	0.999	17855	1
NUP93	-14.79	8	-3.11	0.000951	199	0.0862	0.999	17854	1
N6AMT1	-14.79	8	-3.10	0.000956	200	0.0862	0.999	17853	1
POLR2C	-14.77	8	-3.10	0.00097	201	0.0865	0.999	17852	1
SZRD1	-14.77	8	-3.10	0.000971	202	0.0865	0.999	17851	1
PDCD2	-14.77	8	-3.10	0.000973	203	0.0865	0.999	17850	1
TRMT61A	-14.75	8	-3.09	0.000987	204	0.0871	0.999	17849	1
SMARCA5	-14.74	8	-3.09	0.000993	205	0.0871	0.999	17848	1
HSCB	-14.74	8	-3.09	0.000994	206	0.0871	0.999	17847	1
EXOSC4	-14.68	8	-3.08	0.00105	207	0.0913	0.999	17846	1
YTHDF2	-14.67	8	-3.07	0.00106	208	0.0913	0.999	17845	1
MAK16	-14.67	8	-3.07	0.00106	209	0.0913	0.999	17844	1
ATP6AP2	-14.67	8	-3.07	0.00106	210	0.0913	0.999	17843	1
COPS6	-14.64	8	-3.06	0.00109	211	0.0934	0.999	17842	1
DHX15	-14.57	8	-3.05	0.00115	212	0.098	0.999	17841	1
ERH	-14.57	8	-3.05	0.00116	213	0.0981	0.999	17840	1
SMG1	-14.56	8	-3.04	0.00116	214	0.0982	0.999	17839	1
GNB1L	-12.60	6	-3.04	0.00118	215	0.0988	0.999	17838	1
SS18L2	-14.52	8	-3.03	0.00121	216	0.101	0.999	17837	1
NARFL	-14.50	8	-3.03	0.00122	217	0.102	0.999	17836	1
ISG20L2	-14.50	8	-3.03	0.00123	218	0.102	0.999	17835	1
MVK	-14.49	8	-3.03	0.00123	219	0.102	0.999	17834	1
C21orf59	-14.49	8	-3.03	0.00124	220	0.102	0.999	17833	1
EXOSC5	-14.41	8	-3.00	0.00133	221	0.109	0.999	17832	1
SRPR	-14.40	8	-3.00	0.00133	222	0.109	0.999	17831	1
RFT1	-14.39	8	-3.00	0.00135	223	0.109	0.999	17830	1
ELP6	-14.38	8	-3.00	0.00136	224	0.109	0.999	17829	1
PMVK	-14.38	8	-3.00	0.00136	225	0.109	0.999	17828	1
CENPC	-14.36	8	-2.99	0.00138	226	0.11	0.999	17827	1
WBSCR22	-14.34	8	-2.99	0.0014	227	0.111	0.999	17826	1
WDR74	-14.30	8	-2.98	0.00145	228	0.115	0.999	17825	1
ARL2	-14.29	8	-2.97	0.00147	229	0.116	0.999	17824	1
RPS11	-14.25	8	-2.97	0.00151	230	0.118	0.998	17823	1
HTATSF1	-14.25	8	-2.96	0.00151	231	0.118	0.998	17822	1
COPS8	-14.25	8	-2.96	0.00152	232	0.118	0.998	17821	1
GGPS1	-14.25	8	-2.96	0.00152	233	0.118	0.998	17820	1
TBCE	-14.24	8	-2.96	0.00153	234	0.118	0.998	17819	1
FBXW11	-14.23	8	-2.96	0.00154	235	0.118	0.998	17818	1
PELP1	-14.23	8	-2.96	0.00155	236	0.118	0.998	17817	1
CHMP7	-14.18	8	-2.95	0.00161	237	0.123	0.998	17816	1
DBF4	-14.16	8	-2.94	0.00163	238	0.124	0.998	17815	1
SDE2	-14.15	8	-2.94	0.00165	239	0.125	0.998	17814	1
ALG2	-14.14	8	-2.94	0.00166	240	0.125	0.998	17813	1
POLR3K	-14.13	8	-2.93	0.00167	241	0.125	0.998	17812	1
MTOR	-14.12	8	-2.93	0.00169	242	0.126	0.998	17811	1
HSF1	-14.11	8	-2.93	0.0017	243	0.126	0.998	17810	1
DYRK1A	-14.09	8	-2.92	0.00174	244	0.129	0.998	17809	1
LONP1	-14.05	8	-2.91	0.0018	245	0.132	0.998	17808	1
NDOR1	-14.05	8	-2.91	0.0018	246	0.132	0.998	17807	1
CSTF3	-14.04	8	-2.91	0.0018	247	0.132	0.998	17806	1
FARSB	-14.04	8	-2.91	0.00181	248	0.132	0.998	17805	1
SRCAP	-14.03	8	-2.91	0.00182	249	0.132	0.998	17804	1
SNRPA1	-14.02	8	-2.90	0.00184	250	0.133	0.998	17803	1
RPL35	-14.01	8	-2.90	0.00185	251	0.133	0.998	17802	1
INTS3	-14.00	8	-2.90	0.00187	252	0.134	0.998	17801	1
SNRPD1	-14.00	8	-2.90	0.00187	253	0.134	0.998	17800	1
TMEM208	-13.99	8	-2.90	0.00188	254	0.134	0.998	17799	1
CENPK	-12.09	6	-2.89	0.00193	255	0.135	0.998	17798	1
FBXW2	-13.96	8	-2.89	0.00193	256	0.135	0.998	17797	1
EIF2S3	-13.96	8	-2.89	0.00193	257	0.135	0.998	17796	1
PKMYT1	-13.96	8	-2.89	0.00194	258	0.135	0.998	17795	1
ADSL	-13.95	8	-2.89	0.00195	259	0.136	0.998	17794	1
NCAPG	-13.94	8	-2.88	0.00196	260	0.136	0.998	17793	1
DDX10	-13.93	8	-2.88	0.00198	261	0.137	0.998	17792	1
FBXO11	-13.90	8	-2.87	0.00203	262	0.139	0.998	17791	1
ARF4	-13.90	8	-2.87	0.00203	263	0.139	0.998	17790	1
ALG13	-13.89	8	-2.87	0.00204	264	0.139	0.998	17789	1
DMAP1	-13.88	8	-2.87	0.00206	265	0.141	0.998	17788	1
SMG5	-13.85	8	-2.86	0.00211	266	0.143	0.998	17787	1
TRA2B	-13.85	8	-2.86	0.00212	267	0.143	0.998	17786	1
CTR9	-13.84	8	-2.86	0.00214	268	0.144	0.998	17785	1
CYFIP1	-13.83	8	-2.86	0.00215	269	0.144	0.998	17784	1
POP5	-13.80	8	-2.85	0.00221	270	0.148	0.998	17783	1
LSM7	-13.79	8	-2.85	0.00222	271	0.148	0.998	17782	1
PLK4	-13.77	8	-2.84	0.00225	272	0.149	0.998	17781	1
FEN1	-13.75	8	-2.83	0.00229	273	0.152	0.998	17780	1
LSG1	-13.74	8	-2.83	0.00232	274	0.153	0.998	17779	1
RPL11	-13.72	8	-2.83	0.00234	275	0.154	0.998	17778	1
SAMM50	-13.72	8	-2.83	0.00236	276	0.154	0.998	17777	1
LAGE3	-13.70	8	-2.82	0.00239	277	0.155	0.998	17776	1
HARS	-13.69	8	-2.82	0.0024	278	0.156	0.998	17775	1
CEBPZ	-13.68	8	-2.82	0.00242	279	0.157	0.998	17774	1
SUGT1	-13.65	8	-2.81	0.00249	280	0.16	0.998	17773	1
PAXBP1	-13.65	8	-2.81	0.00249	281	0.16	0.998	17772	1
NCAPD2	-13.64	8	-2.81	0.0025	282	0.16	0.997	17771	1
KIAA2013	-13.64	8	-2.81	0.00251	283	0.16	0.997	17770	1
DHDDS	-13.63	8	-2.80	0.00253	284	0.161	0.997	17769	1
DDX55	-13.61	8	-2.80	0.00256	285	0.162	0.997	17768	1
KARS	-13.60	8	-2.80	0.00259	286	0.163	0.997	17767	1
EIF3M	-13.59	8	-2.79	0.0026	287	0.164	0.997	17766	1
UBE2H	-13.57	8	-2.79	0.00264	288	0.166	0.997	17765	1
NOL9	-13.56	8	-2.79	0.00267	289	0.167	0.997	17764	1
EGLN1	-13.56	8	-2.78	0.00268	290	0.167	0.997	17763	1
COPS5	-13.54	8	-2.78	0.0027	291	0.168	0.997	17762	1
EXOSC8	-13.53	8	-2.78	0.00273	292	0.168	0.997	17761	1
GNL2	-13.51	8	-2.77	0.00277	293	0.171	0.997	17760	1
CDK9	-13.50	8	-2.77	0.00281	294	0.172	0.997	17759	1
DDX21	-13.49	8	-2.77	0.00281	295	0.172	0.997	17758	1
AASDHPPT	-13.49	8	-2.77	0.00282	296	0.172	0.997	17757	1
RPP30	-13.48	8	-2.77	0.00284	297	0.172	0.997	17756	1
KPNB1	-13.44	8	-2.76	0.00293	298	0.177	0.997	17755	1
PSMB3	-13.41	8	-2.75	0.00302	299	0.182	0.997	17754	1
ERCC2	-13.40	8	-2.74	0.00304	300	0.182	0.997	17753	1
CPSF2	-13.40	8	-2.74	0.00304	301	0.182	0.997	17752	1
GPS1	-13.39	8	-2.74	0.00306	302	0.182	0.997	17751	1
CENPN	-13.38	8	-2.74	0.00309	303	0.182	0.997	17750	1
MAD2L2	-13.38	8	-2.74	0.00309	304	0.182	0.997	17749	1
TPI1	-13.37	8	-2.74	0.00309	305	0.182	0.997	17748	1
PHB2	-13.37	8	-2.74	0.00309	306	0.182	0.997	17747	1
LARS	-13.37	8	-2.74	0.00309	307	0.182	0.997	17746	1
RPS6KB1	-13.37	8	-2.74	0.00311	308	0.182	0.997	17745	1
GEMIN8	-13.37	8	-2.74	0.00311	309	0.182	0.997	17744	1
PMPCA	-13.36	8	-2.73	0.00312	310	0.182	0.997	17743	1
INTS2	-13.35	8	-2.73	0.00316	311	0.183	0.997	17742	1
GUK1	-13.31	8	-2.72	0.00326	312	0.188	0.997	17741	1
RIF1	-13.31	8	-2.72	0.00326	313	0.188	0.997	17740	1
TICRR	-13.30	8	-2.72	0.00327	314	0.188	0.997	17739	1
STT3B	-13.30	8	-2.72	0.00329	315	0.189	0.997	17738	1
THG1L	-13.29	8	-2.71	0.00332	316	0.189	0.997	17737	1
CENPW	-13.28	8	-2.71	0.00334	317	0.19	0.997	17736	1
SERPINB6	-13.28	8	-2.71	0.00334	318	0.19	0.997	17735	1
CIRH1A	-13.27	8	-2.71	0.00336	319	0.19	0.997	17734	1
GSPT1	-13.25	8	-2.71	0.00341	320	0.192	0.997	17733	1
PKN2	-13.24	8	-2.70	0.00345	321	0.194	0.997	17732	1
PPIL4	-13.23	8	-2.70	0.00346	322	0.194	0.997	17731	1
NUP214	-13.23	8	-2.70	0.00346	323	0.194	0.997	17730	1
MOGS	-13.23	8	-2.70	0.00347	324	0.194	0.997	17729	1
SEC63	-13.22	8	-2.70	0.00349	325	0.194	0.997	17728	1
NOP9	-13.21	8	-2.69	0.00353	326	0.195	0.996	17727	1
TRNAU1AP	-13.19	8	-2.69	0.00356	327	0.197	0.996	17726	1
SAE1	-13.17	8	-2.68	0.00363	328	0.199	0.996	17725	1
GINS1	-13.17	8	-2.68	0.00363	329	0.199	0.996	17724	1
DDX18	-13.16	8	-2.68	0.00365	330	0.2	0.996	17723	1
TMEM258	-13.15	8	-2.68	0.00369	331	0.201	0.996	17722	1
C14orf166	-13.14	8	-2.68	0.00371	332	0.202	0.996	17721	1
DCTN5	-13.12	8	-2.67	0.00376	333	0.204	0.996	17720	1
WDR61	-13.12	8	-2.67	0.00377	334	0.204	0.996	17719	1
EIF1AD	-13.09	8	-2.66	0.00386	335	0.208	0.996	17718	1
SLMO2	-13.08	8	-2.66	0.00388	336	0.208	0.996	17717	1
CKAP5	-13.08	8	-2.66	0.00388	337	0.208	0.996	17716	1
ERCC6L	-13.08	8	-2.66	0.0039	338	0.208	0.996	17715	1
RPL18A	-11.31	6	-2.66	0.00394	339	0.21	0.996	17714	1
CHERP	-13.05	8	-2.65	0.00397	340	0.211	0.996	17713	1
ALG8	-13.05	8	-2.65	0.00399	341	0.211	0.996	17712	1
UBA2	-13.04	8	-2.65	0.00401	342	0.211	0.996	17711	1
GTF3C5	-13.03	8	-2.65	0.00403	343	0.212	0.996	17710	1
FTSJ3	-13.03	8	-2.65	0.00406	344	0.212	0.996	17709	1
CCDC86	-13.02	8	-2.65	0.00406	345	0.212	0.996	17708	1
GALE	-13.02	8	-2.65	0.00406	346	0.212	0.996	17707	1
ALDOA	-13.02	8	-2.65	0.00407	347	0.212	0.996	17706	1
RPE	-13.02	8	-2.65	0.00408	348	0.212	0.996	17705	1
LSM3	-13.01	8	-2.64	0.00412	349	0.213	0.996	17704	1
CINP	-13.00	8	-2.64	0.00415	350	0.214	0.996	17703	1
ARGLU1	-12.98	8	-2.64	0.00419	351	0.215	0.996	17702	1
NUDCD3	-12.98	8	-2.63	0.00421	352	0.215	0.996	17701	1
RANBP9	-12.97	8	-2.63	0.00424	353	0.215	0.996	17700	1
ALYREF	-12.97	8	-2.63	0.00424	354	0.215	0.996	17699	1
DDX20	-12.97	8	-2.63	0.00425	355	0.215	0.996	17698	1
PSTK	-12.96	8	-2.63	0.00427	356	0.215	0.996	17697	1
ZZZ3	-12.96	8	-2.63	0.00427	357	0.215	0.996	17696	1
SF3A3	-12.96	8	-2.63	0.00428	358	0.215	0.996	17695	1
PRPF4	-12.95	8	-2.63	0.00428	359	0.215	0.996	17694	1
RIOK1	-12.95	8	-2.63	0.00428	360	0.215	0.996	17693	1
EEF2	-12.93	8	-2.62	0.00435	361	0.217	0.996	17692	1
NELFCD	-12.93	8	-2.62	0.00435	362	0.217	0.996	17691	1
CCDC115	-12.91	8	-2.62	0.00442	363	0.22	0.996	17690	1
IARS	-12.90	8	-2.62	0.00445	364	0.22	0.996	17689	1
RNGTT	-12.90	8	-2.62	0.00445	365	0.22	0.996	17688	1
RER1	-12.90	8	-2.61	0.00448	366	0.221	0.996	17687	1
POLR2L	-12.89	8	-2.61	0.00449	367	0.221	0.996	17686	1
XRCC5	-12.88	8	-2.61	0.00454	368	0.223	0.995	17685	1
PSMG1	-12.87	8	-2.61	0.00456	369	0.223	0.995	17684	1
URB1	-12.86	8	-2.61	0.00458	370	0.224	0.995	17683	1
MVD	-12.85	8	-2.60	0.00462	371	0.225	0.995	17682	1
ZMYND19	-12.84	8	-2.60	0.00467	372	0.227	0.995	17681	1
ALG11	-12.81	8	-2.59	0.00478	373	0.231	0.995	17680	1
AHCY	-12.81	8	-2.59	0.00479	374	0.231	0.995	17679	1
TRAIP	-12.80	8	-2.59	0.0048	375	0.231	0.995	17678	1
SYMPK	-12.80	8	-2.59	0.00483	376	0.232	0.995	17677	1
CDC45	-12.79	8	-2.59	0.00484	377	0.232	0.995	17676	1
NGDN	-12.78	8	-2.58	0.00488	378	0.232	0.995	17675	1
PRPF38A	-12.78	8	-2.58	0.00488	379	0.232	0.995	17674	1
COPS2	-12.78	8	-2.58	0.0049	380	0.233	0.995	17673	1
THOC3	-12.77	8	-2.58	0.00493	381	0.233	0.995	17672	1
TLN1	-12.76	8	-2.58	0.00494	382	0.233	0.995	17671	1
MCM2	-12.76	8	-2.58	0.00494	383	0.233	0.995	17670	1
HINFP	-12.76	8	-2.58	0.00496	384	0.233	0.995	17669	1
GOSR2	-12.72	8	-2.57	0.00511	385	0.24	0.995	17668	1
GID8	-12.69	8	-2.56	0.00523	386	0.245	0.995	17667	1
RPL19	-12.67	8	-2.56	0.00529	387	0.247	0.995	17666	1
XPO5	-12.67	8	-2.55	0.00532	388	0.247	0.995	17665	1
DHX9	-12.65	8	-2.55	0.00539	389	0.25	0.995	17664	1
PLEKHG5	-12.65	8	-2.55	0.0054	390	0.25	0.995	17663	1
PDPK1	-12.64	8	-2.55	0.00541	391	0.25	0.995	17662	1
PSMA6	-12.64	8	-2.55	0.00542	392	0.25	0.995	17661	1
ATP6V1G1	-12.64	8	-2.55	0.00544	393	0.25	0.995	17660	1
PSMA5	-12.63	8	-2.55	0.00545	394	0.25	0.995	17659	1
ENO1	-12.63	8	-2.55	0.00546	395	0.25	0.995	17658	1
PSMB2	-12.63	8	-2.54	0.00548	396	0.25	0.995	17657	1
POLR3B	-12.62	8	-2.54	0.0055	397	0.25	0.995	17656	1
SECISBP2	-12.61	8	-2.54	0.00556	398	0.251	0.994	17655	1
NUP50	-12.61	8	-2.54	0.00556	399	0.251	0.994	17654	1
RMI1	-12.61	8	-2.54	0.00556	400	0.251	0.994	17653	1
SPATA2	-12.60	8	-2.54	0.00558	401	0.251	0.994	17652	1
PRMT5	-12.60	8	-2.54	0.00558	402	0.251	0.994	17651	1
LIF	-12.60	8	-2.54	0.0056	403	0.251	0.994	17650	1
CHD8	-12.57	8	-2.53	0.0057	404	0.255	0.994	17649	1
RPS14	-12.55	8	-2.52	0.0058	405	0.258	0.994	17648	1
XRN1	-12.55	8	-2.52	0.0058	406	0.258	0.994	17647	1
RPF2	-12.53	8	-2.52	0.00586	407	0.26	0.994	17646	1
EED	-12.52	8	-2.52	0.00592	408	0.262	0.994	17645	1
ZNHIT2	-12.52	8	-2.52	0.00594	409	0.262	0.994	17644	1
POLE3	-12.51	8	-2.51	0.00596	410	0.262	0.994	17643	1
GPX4	-12.51	8	-2.51	0.00596	411	0.262	0.994	17642	1
TSEN2	-12.50	8	-2.51	0.00603	412	0.264	0.994	17641	1
RIOK2	-12.49	8	-2.51	0.00605	413	0.265	0.994	17640	1
TAF1A	-12.46	8	-2.50	0.00619	414	0.27	0.994	17639	1
RPL3	-12.43	8	-2.49	0.00631	415	0.275	0.994	17638	1
WARS	-12.41	8	-2.49	0.00644	416	0.279	0.994	17637	1
CCNF	-10.74	6	-2.49	0.00647	417	0.279	0.994	17636	1
UGP2	-12.40	8	-2.49	0.00648	418	0.279	0.994	17635	1
ATP6V1E1	-12.40	8	-2.48	0.00648	419	0.279	0.994	17634	1
LETM1	-10.74	6	-2.48	0.00649	420	0.279	0.994	17633	1
UBE2I	-10.73	6	-2.48	0.00652	421	0.279	0.993	17632	1
NUP205	-12.37	8	-2.48	0.00662	422	0.283	0.993	17631	1
NVL	-12.36	8	-2.47	0.00666	423	0.284	0.993	17630	1
CREBBP	-12.35	8	-2.47	0.0067	424	0.285	0.993	17629	1
SRP19	-12.34	8	-2.47	0.00676	425	0.286	0.993	17628	1
SNAPC3	-12.34	8	-2.47	0.00676	426	0.286	0.993	17627	1
MST1	-12.34	8	-2.47	0.00677	427	0.286	0.993	17626	1
THAP1	-12.33	8	-2.47	0.00679	428	0.286	0.993	17625	1
MAEA	-12.32	8	-2.47	0.00684	429	0.288	0.993	17624	1
EIF4E	-12.32	8	-2.46	0.00686	430	0.288	0.993	17623	1
NOP58	-10.65	6	-2.46	0.00696	431	0.291	0.993	17622	1
C3orf38	-12.30	8	-2.46	0.00697	432	0.291	0.993	17621	1
NUBP1	-12.27	8	-2.45	0.00709	433	0.295	0.993	17620	1
ZNHIT1	-12.27	8	-2.45	0.00711	434	0.296	0.993	17619	1
PDCD7	-12.26	8	-2.45	0.00714	435	0.296	0.993	17618	1
INTS4	-12.26	8	-2.45	0.00717	436	0.297	0.993	17617	1
EIF2S1	-12.25	8	-2.45	0.00721	437	0.298	0.993	17616	1
TAF7	-12.23	8	-2.44	0.00729	438	0.3	0.993	17615	1
RBM39	-12.23	8	-2.44	0.0073	439	0.3	0.993	17614	1
SAP18	-12.23	8	-2.44	0.0073	440	0.3	0.993	17613	1
C19orf25	-12.22	8	-2.44	0.00735	441	0.301	0.993	17612	1
METTL3	-12.20	8	-2.43	0.00748	442	0.306	0.993	17611	1
NFS1	-12.19	8	-2.43	0.00755	443	0.308	0.992	17610	1
FERMT2	-12.18	8	-2.43	0.00759	444	0.309	0.992	17609	1
RPP25L	-12.15	8	-2.42	0.00777	445	0.315	0.992	17608	1
NELFB	-12.14	8	-2.42	0.0078	446	0.315	0.992	17607	1
TIPRL	-12.14	8	-2.42	0.0078	447	0.315	0.992	17606	1
MOB4	-12.14	8	-2.42	0.00782	448	0.315	0.992	17605	1
ZBTB17	-12.13	8	-2.42	0.00784	449	0.315	0.992	17604	1
EIF5B	-12.12	8	-2.41	0.00792	450	0.318	0.992	17603	1
ELP4	-12.10	8	-2.41	0.00801	451	0.321	0.992	17602	1
SYT12	-12.10	8	-2.41	0.00803	452	0.321	0.992	17601	1
TULP4	-12.10	8	-2.41	0.00804	453	0.321	0.992	17600	1
MRPL13	-12.08	8	-2.40	0.00815	454	0.324	0.992	17599	1
SCAP	-12.06	8	-2.40	0.00824	455	0.327	0.992	17598	1
VPS4B	-12.06	8	-2.40	0.00825	456	0.327	0.992	17597	1
HYPK	-12.05	8	-2.39	0.00832	457	0.329	0.992	17596	1
KCMF1	-12.04	8	-2.39	0.00838	458	0.33	0.992	17595	1
SRP54	-12.03	8	-2.39	0.0084	459	0.33	0.992	17594	1
NCAPG2	-12.03	8	-2.39	0.00842	460	0.33	0.992	17593	1
SPC24	-10.42	6	-2.39	0.00843	461	0.33	0.992	17592	1
ELP5	-12.02	8	-2.39	0.00849	462	0.331	0.992	17591	1
PNN	-12.02	8	-2.39	0.00849	463	0.331	0.992	17590	1
PLEKHG2	-12.02	8	-2.39	0.0085	464	0.331	0.992	17589	1
CNOT3	-12.01	8	-2.38	0.00855	465	0.332	0.991	17588	1
EEFSEC	-12.01	8	-2.38	0.00858	466	0.332	0.991	17587	1
DPH1	-11.98	8	-2.38	0.00875	467	0.338	0.991	17586	1
SMG7	-11.97	8	-2.37	0.00878	468	0.339	0.991	17585	1
DRD5	-11.96	8	-2.37	0.00883	469	0.339	0.991	17584	1
ARPC2	-11.96	8	-2.37	0.00884	470	0.339	0.991	17583	1
PSMA3	-11.96	8	-2.37	0.00884	471	0.339	0.991	17582	1
MANEAL	-11.95	8	-2.37	0.00893	472	0.341	0.991	17581	1
CPSF3	-11.94	8	-2.37	0.00896	473	0.341	0.991	17580	1
NFATC2IP	-11.94	8	-2.37	0.00899	474	0.341	0.991	17579	1
VMA21	-11.94	8	-2.37	0.00899	475	0.341	0.991	17578	1
HNRNPU	-11.94	8	-2.37	0.009	476	0.341	0.991	17577	1
DGCR8	-11.94	8	-2.37	0.009	477	0.341	0.991	17576	1
TAF5	-11.93	8	-2.36	0.00902	478	0.341	0.991	17575	1
YRDC	-11.92	8	-2.36	0.00907	479	0.342	0.991	17574	1
EIF3A	-11.91	8	-2.36	0.0092	480	0.346	0.991	17573	1
RPN2	-11.90	8	-2.36	0.00926	481	0.347	0.991	17572	1
IPO9	-11.87	8	-2.35	0.00944	482	0.353	0.991	17571	1
AURKB	-11.86	8	-2.35	0.00946	483	0.354	0.991	17570	1
ESPL1	-11.84	8	-2.34	0.00962	484	0.358	0.99	17569	1
ACTR10	-11.84	8	-2.34	0.00963	485	0.358	0.99	17568	1
ANAPC4	-11.84	8	-2.34	0.00964	486	0.358	0.99	17567	1
VEZF1	-11.83	8	-2.34	0.00972	487	0.36	0.99	17566	1
PYROXD1	-11.81	8	-2.33	0.0098	488	0.361	0.99	17565	1
MKLN1	-11.81	8	-2.33	0.00981	489	0.361	0.99	17564	1
GMPPB	-11.81	8	-2.33	0.00982	490	0.361	0.99	17563	1
PDCL	-11.81	8	-2.33	0.00983	491	0.361	0.99	17562	1
SMC6	-11.81	8	-2.33	0.00983	492	0.361	0.99	17561	1
ATP6V1A	-10.22	6	-2.33	0.00987	493	0.361	0.99	17560	1
CCT5	-11.80	8	-2.33	0.00987	494	0.361	0.99	17559	1
ARPC4	-11.80	8	-2.33	0.00989	495	0.361	0.99	17558	1
THAP3	-11.79	8	-2.33	0.00996	496	0.362	0.99	17557	1
METTL16	-11.78	8	-2.32	0.01	497	0.365	0.99	17556	1
MIOS	-11.77	8	-2.32	0.0101	498	0.365	0.99	17555	1
EIF3D	-11.77	8	-2.32	0.0101	499	0.365	0.99	17554	1
MCM6	-11.77	8	-2.32	0.0101	500	0.365	0.99	17553	1
RTEL1	-11.75	8	-2.32	0.0103	501	0.37	0.99	17552	1
NAA15	-11.74	8	-2.32	0.0103	502	0.37	0.99	17551	1
FLII	-11.74	8	-2.31	0.0103	503	0.371	0.99	17550	1
VPS28	-11.73	8	-2.31	0.0104	504	0.372	0.99	17549	1
C16orf80	-11.71	8	-2.31	0.0105	505	0.376	0.989	17548	1
YY1	-11.70	8	-2.30	0.0106	506	0.377	0.989	17547	1
TTI2	-11.70	8	-2.30	0.0106	507	0.377	0.989	17546	1
ZNF367	-11.70	8	-2.30	0.0106	508	0.377	0.989	17545	1
RPS18	-8.27	4	-2.30	0.0107	509	0.377	0.989	17544	1
NELFA	-11.69	8	-2.30	0.0107	510	0.377	0.989	17543	1
CD3EAP	-11.68	8	-2.30	0.0107	511	0.379	0.989	17542	1
GLIS2	-11.68	8	-2.30	0.0108	512	0.379	0.989	17541	1
RPL5	-8.26	4	-2.30	0.0108	513	0.379	0.989	17540	1
PIK3C3	-11.67	8	-2.30	0.0108	514	0.379	0.989	17539	1
SF3B4	-11.67	8	-2.30	0.0108	515	0.38	0.989	17538	1
TOMM40	-11.66	8	-2.29	0.0109	516	0.381	0.989	17537	1
EIF2B2	-11.65	8	-2.29	0.0109	517	0.381	0.989	17536	1
RAC1	-11.65	8	-2.29	0.0109	518	0.381	0.989	17535	1
CCT3	-11.65	8	-2.29	0.011	519	0.382	0.989	17534	1
RRM1	-11.64	8	-2.29	0.011	520	0.383	0.989	17533	1
ZDHHC5	-11.64	8	-2.29	0.0111	521	0.383	0.989	17532	1
CENPA	-11.64	8	-2.29	0.0111	522	0.383	0.989	17531	1
ORC3	-11.62	8	-2.28	0.0112	523	0.386	0.989	17530	1
VPS72	-11.62	8	-2.28	0.0112	524	0.387	0.989	17529	1
WDR70	-11.61	8	-2.28	0.0113	525	0.388	0.989	17528	1
CDCA5	-11.60	8	-2.28	0.0114	526	0.39	0.989	17527	1
SNAPC2	-11.59	8	-2.28	0.0114	527	0.391	0.989	17526	1
CFDP1	-11.58	8	-2.27	0.0115	528	0.393	0.989	17525	1
EIF2B3	-11.57	8	-2.27	0.0115	529	0.394	0.988	17524	1
FNTB	-11.57	8	-2.27	0.0116	530	0.396	0.988	17523	1
NUFIP1	-11.56	8	-2.27	0.0117	531	0.397	0.988	17522	1
SNRNP27	-11.56	8	-2.27	0.0117	532	0.397	0.988	17521	1
TAF5L	-11.55	8	-2.27	0.0117	533	0.397	0.988	17520	1
LSM2	-11.54	8	-2.26	0.0118	534	0.398	0.988	17519	1
DDX24	-11.52	8	-2.26	0.0119	535	0.403	0.988	17518	1
SMEK2	-11.52	8	-2.26	0.012	536	0.403	0.988	17517	1
TANGO6	-11.52	8	-2.26	0.012	537	0.403	0.988	17516	1
RRS1	-11.49	8	-2.25	0.0122	538	0.409	0.988	17515	1
RPN1	-11.49	8	-2.25	0.0122	539	0.409	0.988	17514	1
UPF2	-11.49	8	-2.25	0.0122	540	0.409	0.988	17513	1
C14orf80	-11.48	8	-2.25	0.0123	541	0.41	0.988	17512	1
SDAD1	-11.47	8	-2.25	0.0124	542	0.412	0.988	17511	1
CDC27	-11.47	8	-2.25	0.0124	543	0.412	0.988	17510	1
TRNT1	-11.45	8	-2.24	0.0125	544	0.415	0.987	17509	1
ASH2L	-11.45	8	-2.24	0.0126	545	0.415	0.987	17508	1
SF3B2	-11.45	8	-2.24	0.0126	546	0.415	0.987	17507	1
RABGGTA	-11.45	8	-2.24	0.0126	547	0.415	0.987	17506	1
POLD3	-11.44	8	-2.24	0.0126	548	0.417	0.987	17505	1
SART3	-11.43	8	-2.23	0.0127	549	0.418	0.987	17504	1
XRN2	-11.43	8	-2.23	0.0128	550	0.418	0.987	17503	1
TUBGCP5	-11.43	8	-2.23	0.0128	551	0.418	0.987	17502	1
NOP2	-11.42	8	-2.23	0.0128	552	0.418	0.987	17501	1
MARS	-11.42	8	-2.23	0.0128	553	0.418	0.987	17500	1
WDR43	-11.42	8	-2.23	0.0128	554	0.418	0.987	17499	1
IGBP1	-11.41	8	-2.23	0.0129	555	0.419	0.987	17498	1
DBP	-11.41	8	-2.23	0.0129	556	0.419	0.987	17497	1
TRAPPC8	-11.40	8	-2.23	0.013	557	0.42	0.987	17496	1
PCNXL3	-11.39	8	-2.23	0.013	558	0.421	0.987	17495	1
ZFP69	-11.39	8	-2.22	0.013	559	0.421	0.987	17494	1
ATP6V1H	-11.39	8	-2.22	0.0131	560	0.422	0.987	17493	1
RPL28	-11.38	8	-2.22	0.0131	561	0.422	0.987	17492	1
DYNC1I2	-11.38	8	-2.22	0.0131	562	0.422	0.987	17491	1
WDR83	-11.38	8	-2.22	0.0132	563	0.422	0.987	17490	1
ATP5D	-11.36	8	-2.22	0.0133	564	0.427	0.987	17489	1
VARS	-11.33	8	-2.21	0.0136	565	0.434	0.986	17488	1
VRK1	-11.33	8	-2.21	0.0136	566	0.434	0.986	17487	1
HAUS5	-11.32	8	-2.21	0.0136	567	0.434	0.986	17486	1
DDB1	-11.32	8	-2.21	0.0137	568	0.434	0.986	17485	1
PNISR	-11.32	8	-2.21	0.0137	569	0.434	0.986	17484	1
MCM5	-11.32	8	-2.21	0.0137	570	0.434	0.986	17483	1
ORC5	-11.31	8	-2.20	0.0137	571	0.435	0.986	17482	1
TXNL4A	-11.30	8	-2.20	0.0139	572	0.437	0.986	17481	1
CCT7	-11.30	8	-2.20	0.0139	573	0.437	0.986	17480	1
NOP56	-11.29	8	-2.20	0.014	574	0.439	0.986	17479	1
SPCS2	-11.27	8	-2.19	0.0141	575	0.444	0.986	17478	1
PPP2CA	-11.26	8	-2.19	0.0142	576	0.445	0.986	17477	1
PHAX	-11.26	8	-2.19	0.0142	577	0.445	0.986	17476	1
U2AF2	-11.26	8	-2.19	0.0142	578	0.445	0.986	17475	1
D2HGDH	-11.25	8	-2.19	0.0143	579	0.446	0.986	17474	1
EYA1	-11.25	8	-2.19	0.0143	580	0.446	0.986	17473	1
MTBP	-11.24	8	-2.19	0.0144	581	0.446	0.986	17472	1
TRAF2	-11.24	8	-2.19	0.0144	582	0.446	0.986	17471	1
CDC6	-11.24	8	-2.19	0.0144	583	0.446	0.986	17470	1
RPS23	-11.24	8	-2.19	0.0144	584	0.446	0.986	17469	1
LYPLA2	-11.23	8	-2.18	0.0145	585	0.446	0.986	17468	1
PMPCB	-11.23	8	-2.18	0.0145	586	0.446	0.986	17467	1
RPL27	-7.94	4	-2.18	0.0145	587	0.446	0.985	17466	1
CCT4	-11.23	8	-2.18	0.0146	588	0.446	0.985	17465	1
FAM63A	-11.23	8	-2.18	0.0146	589	0.446	0.985	17464	1
ZFR	-11.22	8	-2.18	0.0146	590	0.446	0.985	17463	1
RAE1	-11.22	8	-2.18	0.0147	591	0.448	0.985	17462	1
WDR25	-11.21	8	-2.18	0.0147	592	0.448	0.985	17461	1
WDR5	-11.21	8	-2.18	0.0147	593	0.448	0.985	17460	1
DDX49	-11.20	8	-2.18	0.0148	594	0.45	0.985	17459	1
ORC6	-11.20	8	-2.17	0.0149	595	0.451	0.985	17458	1
RPL7A	-11.19	8	-2.17	0.0149	596	0.452	0.985	17457	1
EIF3E	-11.19	8	-2.17	0.0149	597	0.452	0.985	17456	1
COX5A	-11.18	8	-2.17	0.015	598	0.452	0.985	17455	1
RPS2	-11.18	8	-2.17	0.015	599	0.452	0.985	17454	1
TRMT112	-11.17	8	-2.17	0.0151	600	0.454	0.985	17453	1
SMG6	-11.17	8	-2.17	0.0151	601	0.454	0.985	17452	1
GTF3C4	-10.44	7	-2.16	0.0152	602	0.457	0.985	17451	1
KIF11	-11.15	8	-2.16	0.0153	603	0.458	0.985	17450	1
RPIA	-11.13	8	-2.16	0.0155	604	0.462	0.985	17449	1
KCNC4	-11.13	8	-2.16	0.0155	605	0.463	0.984	17448	1
RHOA	-11.12	8	-2.16	0.0156	606	0.463	0.984	17447	1
NOC4L	-11.12	8	-2.15	0.0156	607	0.463	0.984	17446	1
RPP38	-11.11	8	-2.15	0.0157	608	0.466	0.984	17445	1
CLNS1A	-11.11	8	-2.15	0.0157	609	0.466	0.984	17444	1
VPS35	-11.10	8	-2.15	0.0158	610	0.467	0.984	17443	1
CHTF8	-11.10	8	-2.15	0.0158	611	0.467	0.984	17442	1
ZNF259	-11.08	8	-2.14	0.016	612	0.472	0.984	17441	1
CHCHD4	-11.08	8	-2.14	0.0161	613	0.472	0.984	17440	1
NUP62	-11.08	8	-2.14	0.0161	614	0.472	0.984	17439	1
UFL1	-11.07	8	-2.14	0.0161	615	0.472	0.984	17438	1
THOC1	-11.07	8	-2.14	0.0161	616	0.472	0.984	17437	1
HEATR1	-11.07	8	-2.14	0.0162	617	0.472	0.984	17436	1
TARDBP	-11.07	8	-2.14	0.0162	618	0.472	0.984	17435	1
GPN1	-11.06	8	-2.14	0.0162	619	0.473	0.984	17434	1
BAK1	-11.05	8	-2.14	0.0163	620	0.475	0.984	17433	1
SAMD4B	-11.05	8	-2.13	0.0164	621	0.476	0.984	17432	1
FDXR	-11.04	8	-2.13	0.0165	622	0.478	0.984	17431	1
RRP1	-11.03	8	-2.13	0.0166	623	0.48	0.983	17430	1
EIF5	-11.00	8	-2.12	0.0168	624	0.487	0.983	17429	1
POLR1A	-10.99	8	-2.12	0.017	625	0.49	0.983	17428	1
ZRANB2	-10.99	8	-2.12	0.017	626	0.49	0.983	17427	1
RPA2	-10.97	8	-2.12	0.0172	627	0.495	0.983	17426	1
RPL10A	-9.50	6	-2.11	0.0172	628	0.495	0.983	17425	1
NUMA1	-10.95	8	-2.11	0.0174	629	0.499	0.983	17424	1
COPE	-10.95	8	-2.11	0.0174	630	0.499	0.983	17423	1
MIS18BP1	-10.95	8	-2.11	0.0175	631	0.499	0.983	17422	1
BCCIP	-10.94	8	-2.11	0.0175	632	0.499	0.983	17421	1
MCM4	-10.93	8	-2.11	0.0176	633	0.502	0.982	17420	1
FUBP1	-10.93	8	-2.11	0.0176	634	0.502	0.982	17419	1
NHP2L1	-10.93	8	-2.10	0.0177	635	0.502	0.982	17418	1
IFITM3	-10.93	8	-2.10	0.0177	636	0.502	0.982	17417	1
SMNDC1	-10.92	8	-2.10	0.0177	637	0.502	0.982	17416	1
CSNK1A1	-10.92	8	-2.10	0.0177	638	0.502	0.982	17415	1
COG8	-10.92	8	-2.10	0.0178	639	0.502	0.982	17414	1
EIF5A	-7.72	4	-2.10	0.0179	640	0.504	0.982	17413	1
NOL7	-10.91	8	-2.10	0.0179	641	0.504	0.982	17412	1
EXOSC2	-10.90	8	-2.10	0.018	642	0.506	0.982	17411	1
NDC80	-10.89	8	-2.09	0.0181	643	0.507	0.982	17410	1
FDX1L	-10.89	8	-2.09	0.0181	644	0.507	0.982	17409	1
UBE2C	-10.88	8	-2.09	0.0182	645	0.508	0.982	17408	1
LSM6	-9.42	6	-2.09	0.0182	646	0.508	0.982	17407	1
GAPDH	-10.88	8	-2.09	0.0182	647	0.508	0.982	17406	1
ZNRD1	-10.87	8	-2.09	0.0183	648	0.51	0.982	17405	1
ILF3	-10.86	8	-2.09	0.0184	649	0.512	0.982	17404	1
MCMBP	-10.86	8	-2.09	0.0185	650	0.514	0.982	17403	1
HAUS4	-10.85	8	-2.08	0.0186	651	0.515	0.981	17402	1
BANP	-10.84	8	-2.08	0.0187	652	0.516	0.981	17401	1
MBTD1	-10.84	8	-2.08	0.0187	653	0.516	0.981	17400	1
NAF1	-10.84	8	-2.08	0.0187	654	0.517	0.981	17399	1
WEE1	-10.82	8	-2.08	0.0189	655	0.522	0.981	17398	1
SRSF1	-10.81	8	-2.08	0.019	656	0.522	0.981	17397	1
RPLP0	-10.81	8	-2.07	0.019	657	0.523	0.981	17396	1
SKA1	-10.79	8	-2.07	0.0192	658	0.528	0.981	17395	1
CSE1L	-10.78	8	-2.07	0.0194	659	0.531	0.981	17394	1
SLC35A2	-10.78	8	-2.07	0.0194	660	0.531	0.981	17393	1
E2F3	-10.76	8	-2.06	0.0196	661	0.535	0.98	17392	1
HAUS1	-9.31	6	-2.06	0.0197	662	0.537	0.98	17391	1
CHAF1B	-10.75	8	-2.06	0.0197	663	0.537	0.98	17390	1
WDR59	-10.75	8	-2.06	0.0198	664	0.537	0.98	17389	1
PSMA2	-10.75	8	-2.06	0.0198	665	0.537	0.98	17388	1
SUZ12	-10.75	8	-2.06	0.0198	666	0.537	0.98	17387	1
CARM1	-10.74	8	-2.06	0.0199	667	0.538	0.98	17386	1
DEXI	-10.74	8	-2.06	0.0199	668	0.538	0.98	17385	1
NAA38	-10.73	8	-2.05	0.02	669	0.541	0.98	17384	1
MYCBP	-10.73	8	-2.05	0.0201	670	0.541	0.98	17383	1
RFWD2	-10.72	8	-2.05	0.0202	671	0.542	0.98	17382	1
ATP5A1	-10.71	8	-2.05	0.0202	672	0.543	0.98	17381	1
POP7	-10.71	8	-2.05	0.0202	673	0.543	0.98	17380	1
KIF14	-10.70	8	-2.05	0.0203	674	0.545	0.98	17379	1
XPO1	-10.01	7	-2.05	0.0204	675	0.546	0.98	17378	1
VPS37A	-10.69	8	-2.04	0.0205	676	0.546	0.98	17377	1
CCNH	-10.69	8	-2.04	0.0205	677	0.546	0.98	17376	1
HIST1H1B	-10.69	8	-2.04	0.0205	678	0.546	0.979	17375	1
GRWD1	-10.68	8	-2.04	0.0206	679	0.548	0.979	17374	1
TTC1	-10.67	8	-2.04	0.0207	680	0.551	0.979	17373	1
SLC39A7	-10.67	8	-2.04	0.0208	681	0.552	0.979	17372	1
EIF6	-10.66	8	-2.04	0.0209	682	0.552	0.979	17371	1
TRMT6	-10.66	8	-2.04	0.0209	683	0.552	0.979	17370	1
ESPN	-10.66	8	-2.03	0.0209	684	0.553	0.979	17369	1
MNAT1	-10.64	8	-2.03	0.0211	685	0.557	0.979	17368	1
PGGT1B	-10.64	8	-2.03	0.0212	686	0.558	0.979	17367	1
SHBG	-10.62	8	-2.03	0.0214	687	0.561	0.979	17366	1
EMC1	-10.62	8	-2.02	0.0215	688	0.561	0.979	17365	1
NCBP1	-10.62	8	-2.02	0.0215	689	0.561	0.979	17364	1
GPN2	-10.62	8	-2.02	0.0215	690	0.561	0.979	17363	1
IDI1	-10.62	8	-2.02	0.0215	691	0.561	0.979	17362	1
TUBGCP4	-10.61	8	-2.02	0.0215	692	0.561	0.978	17361	1
NOP14	-10.61	8	-2.02	0.0216	693	0.562	0.978	17360	1
CFLAR	-10.60	8	-2.02	0.0217	694	0.563	0.978	17359	1
TBP	-10.60	8	-2.02	0.0217	695	0.563	0.978	17358	1
TIMM23	-10.60	8	-2.02	0.0217	696	0.563	0.978	17357	1
PDCD11	-10.60	8	-2.02	0.0217	697	0.563	0.978	17356	1
EWSR1	-10.59	8	-2.02	0.0218	698	0.563	0.978	17355	1
SUPT20H	-10.59	8	-2.02	0.0218	699	0.563	0.978	17354	1
CDC16	-10.59	8	-2.02	0.0218	700	0.563	0.978	17353	1
PFDN1	-10.58	8	-2.01	0.022	701	0.567	0.978	17352	1
PHIP	-10.57	8	-2.01	0.0221	702	0.567	0.978	17351	1
MESDC2	-10.56	8	-2.01	0.0222	703	0.57	0.978	17350	1
KIF23	-10.56	8	-2.01	0.0222	704	0.57	0.978	17349	1
RPL13A	-7.46	4	-2.01	0.0224	705	0.574	0.978	17348	1
MRPL33	-10.54	8	-2.00	0.0226	706	0.577	0.977	17347	1
SLC13A3	-10.53	8	-2.00	0.0227	707	0.578	0.977	17346	1
POLR2I	-10.53	8	-2.00	0.0227	708	0.578	0.977	17345	1
FKBPL	-10.53	8	-2.00	0.0227	709	0.578	0.977	17344	1
MIS18A	-9.11	6	-2.00	0.0228	710	0.578	0.977	17343	1
BUD31	-10.52	8	-2.00	0.0228	711	0.578	0.977	17342	1
ZC3H8	-10.51	8	-2.00	0.0229	712	0.578	0.977	17341	1
TRAF3	-10.51	8	-2.00	0.0229	713	0.578	0.977	17340	1
DSCC1	-10.51	8	-2.00	0.0229	714	0.578	0.977	17339	1
KHSRP	-10.51	8	-2.00	0.0229	715	0.578	0.977	17338	1
ANAPC11	-10.51	8	-2.00	0.023	716	0.579	0.977	17337	1
HNRNPA2B1	-10.50	8	-1.99	0.023	717	0.579	0.977	17336	1
KIAA1429	-10.50	8	-1.99	0.023	718	0.579	0.977	17335	1
GCM1	-10.50	8	-1.99	0.0231	719	0.58	0.977	17334	1
TRAPPC11	-10.48	8	-1.99	0.0233	720	0.585	0.977	17333	1
KIAA0355	-10.48	8	-1.99	0.0234	721	0.585	0.977	17332	1
SRBD1	-10.47	8	-1.99	0.0235	722	0.586	0.977	17331	1
CABIN1	-10.47	8	-1.99	0.0235	723	0.587	0.976	17330	1
PSMC3	-10.46	8	-1.98	0.0236	724	0.588	0.976	17329	1
CENPI	-10.46	8	-1.98	0.0236	725	0.588	0.976	17328	1
ZBTB11	-10.46	8	-1.98	0.0237	726	0.588	0.976	17327	1
TFDP1	-10.46	8	-1.98	0.0237	727	0.588	0.976	17326	1
MRPS34	-10.45	8	-1.98	0.0237	728	0.588	0.976	17325	1
C9orf41	-10.43	8	-1.98	0.0241	729	0.596	0.976	17324	1
EIF3B	-10.43	8	-1.98	0.0241	730	0.597	0.976	17323	1
PPIL2	-10.42	8	-1.97	0.0242	731	0.597	0.976	17322	1
CTDSPL2	-10.42	8	-1.97	0.0242	732	0.597	0.976	17321	1
SMC4	-10.42	8	-1.97	0.0243	733	0.598	0.976	17320	1
STRADA	-10.40	8	-1.97	0.0245	734	0.603	0.975	17319	1
PDCD5	-10.39	8	-1.97	0.0247	735	0.606	0.975	17318	1
TTI1	-10.37	8	-1.96	0.025	736	0.613	0.975	17317	1
SF3A1	-10.36	8	-1.96	0.0251	737	0.614	0.975	17316	1
SF3B5	-10.36	8	-1.96	0.0251	738	0.614	0.975	17315	1
PSMD4	-10.36	8	-1.96	0.0252	739	0.614	0.975	17314	1
TIPIN	-10.35	8	-1.96	0.0252	740	0.614	0.975	17313	1
TXNL4B	-10.35	8	-1.96	0.0252	741	0.614	0.975	17312	1
NUP155	-10.35	8	-1.96	0.0253	742	0.614	0.975	17311	1
C19orf52	-10.35	8	-1.96	0.0253	743	0.614	0.975	17310	1
INTS5	-10.35	8	-1.96	0.0253	744	0.614	0.975	17309	1
CIAO1	-10.35	8	-1.95	0.0253	745	0.614	0.975	17308	1
C17orf70	-10.34	8	-1.95	0.0255	746	0.615	0.975	17307	1
ZNF207	-10.34	8	-1.95	0.0255	747	0.615	0.975	17306	1
EPRS	-10.33	8	-1.95	0.0255	748	0.615	0.974	17305	1
GABBR1	-10.33	8	-1.95	0.0255	749	0.615	0.974	17304	1
COG3	-10.33	8	-1.95	0.0256	750	0.616	0.974	17303	1
WDR7	-10.33	8	-1.95	0.0256	751	0.616	0.974	17302	1
OSBPL7	-10.32	8	-1.95	0.0258	752	0.62	0.974	17301	1
RPRD2	-10.31	8	-1.95	0.0259	753	0.62	0.974	17300	1
SF3B3	-10.31	8	-1.94	0.0259	754	0.62	0.974	17299	1
POLA1	-10.30	8	-1.94	0.026	755	0.62	0.974	17298	1
CDAN1	-10.30	8	-1.94	0.026	756	0.62	0.974	17297	1
ITGA10	-10.30	8	-1.94	0.0261	757	0.62	0.974	17296	1
HNRNPL	-10.30	8	-1.94	0.0261	758	0.62	0.974	17295	1
LIN28B	-10.29	8	-1.94	0.0262	759	0.624	0.974	17294	1
NCL	-10.28	8	-1.94	0.0264	760	0.626	0.974	17293	1
SLC2A5	-10.28	8	-1.94	0.0264	761	0.626	0.974	17292	1
SRF	-10.28	8	-1.94	0.0264	762	0.626	0.974	17291	1
RAD51D	-10.27	8	-1.93	0.0265	763	0.628	0.973	17290	1
ITGB1	-10.25	8	-1.93	0.0269	764	0.635	0.973	17289	1
ZNF76	-10.25	8	-1.93	0.0269	765	0.635	0.973	17288	1
MAPK3	-10.24	8	-1.93	0.027	766	0.636	0.973	17287	1
UBA5	-10.23	8	-1.92	0.0271	767	0.638	0.973	17286	1
NCAPH2	-10.23	8	-1.92	0.0272	768	0.638	0.973	17285	1
ZNF638	-10.23	8	-1.92	0.0272	769	0.639	0.973	17284	1
BOP1	-10.22	8	-1.92	0.0273	770	0.641	0.973	17283	1
QRSL1	-10.22	8	-1.92	0.0274	771	0.641	0.973	17282	1
CATSPER1	-10.22	8	-1.92	0.0274	772	0.641	0.973	17281	1
AKR7A3	-10.21	8	-1.92	0.0274	773	0.641	0.973	17280	1
LAS1L	-10.21	8	-1.92	0.0275	774	0.641	0.973	17279	1
KIFC1	-10.20	8	-1.92	0.0276	775	0.643	0.972	17278	1
CRK	-10.20	8	-1.92	0.0277	776	0.644	0.972	17277	1
HAUS8	-10.19	8	-1.91	0.0278	777	0.646	0.972	17276	1
TMEM52	-10.18	8	-1.91	0.028	778	0.649	0.972	17275	1
THOC2	-10.16	8	-1.91	0.0283	779	0.655	0.972	17274	1
ARPC3	-10.16	8	-1.91	0.0283	780	0.655	0.972	17273	1
NOV	-10.16	8	-1.91	0.0283	781	0.655	0.972	17272	1
POLR1D	-10.16	8	-1.90	0.0284	782	0.656	0.972	17271	1
POLR1C	-10.15	8	-1.90	0.0285	783	0.657	0.972	17270	1
INTS1	-10.14	8	-1.90	0.0287	784	0.661	0.971	17269	1
ATP6AP1	-10.14	8	-1.90	0.0287	785	0.661	0.971	17268	1
TTC27	-10.13	8	-1.90	0.0288	786	0.661	0.971	17267	1
WASF2	-10.12	8	-1.90	0.029	787	0.663	0.971	17266	1
POGZ	-10.12	8	-1.90	0.029	788	0.663	0.971	17265	1
SETD2	-10.12	8	-1.90	0.029	789	0.663	0.971	17264	1
RPL15	-5.06	2	-1.90	0.029	790	0.663	0.971	17263	1
RPS3	-10.12	8	-1.89	0.0291	791	0.663	0.971	17262	1
KIAA1524	-10.11	8	-1.89	0.0291	792	0.663	0.971	17261	1
SACM1L	-10.10	8	-1.89	0.0293	793	0.667	0.971	17260	1
WWTR1	-10.10	8	-1.89	0.0294	794	0.668	0.971	17259	1
POLR3E	-10.08	8	-1.89	0.0296	795	0.673	0.97	17258	1
PSMC6	-10.07	8	-1.88	0.0299	796	0.679	0.97	17257	1
SPATA7	-10.06	8	-1.88	0.03	797	0.679	0.97	17256	1
CBLL1	-10.06	8	-1.88	0.03	798	0.679	0.97	17255	1
EMC3	-10.05	8	-1.88	0.0303	799	0.683	0.97	17254	1
ZBTB12	-10.04	8	-1.88	0.0303	800	0.684	0.97	17253	1
DCDC2B	-10.04	8	-1.88	0.0304	801	0.684	0.97	17252	1
UBIAD1	-10.04	8	-1.87	0.0304	802	0.684	0.97	17251	1
TIMM44	-10.03	8	-1.87	0.0305	803	0.686	0.969	17250	1
ELAC2	-10.03	8	-1.87	0.0307	804	0.689	0.969	17249	1
SMU1	-10.02	8	-1.87	0.0308	805	0.692	0.969	17248	1
TSR1	-10.01	8	-1.87	0.0309	806	0.692	0.969	17247	1
KLF4	-9.99	8	-1.86	0.0312	807	0.698	0.969	17246	1
HYOU1	-9.99	8	-1.86	0.0313	808	0.698	0.969	17245	1
EIF3G	-9.99	8	-1.86	0.0313	809	0.698	0.969	17244	1
HNRNPK	-9.98	8	-1.86	0.0315	810	0.7	0.969	17243	1
NAT10	-9.98	8	-1.86	0.0315	811	0.7	0.969	17242	1
VARS2	-9.98	8	-1.86	0.0315	812	0.701	0.968	17241	1
ATXN10	-9.97	8	-1.86	0.0316	813	0.701	0.968	17240	1
EIF2B5	-9.97	8	-1.86	0.0316	814	0.701	0.968	17239	1
TNFAIP3	-9.97	8	-1.86	0.0317	815	0.701	0.968	17238	1
RPS13	-9.95	8	-1.85	0.0321	816	0.709	0.968	17237	1
TSR2	-9.95	8	-1.85	0.0321	817	0.709	0.968	17236	1
CARD9	-9.94	8	-1.85	0.0323	818	0.712	0.968	17235	1
CYB5R4	-9.94	8	-1.85	0.0323	819	0.712	0.968	17234	1
AKIRIN2	-9.92	8	-1.84	0.0325	820	0.716	0.967	17233	1
RPL35A	-8.59	6	-1.84	0.0326	821	0.716	0.967	17232	1
RPL12	-9.92	8	-1.84	0.0326	822	0.717	0.967	17231	1
RNPC3	-9.90	8	-1.84	0.033	823	0.722	0.967	17230	1
ATP6V0A4	-9.90	8	-1.84	0.033	824	0.722	0.967	17229	1
GNPNAT1	-9.90	8	-1.84	0.0331	825	0.722	0.967	17228	1
TAF6	-9.90	8	-1.84	0.0331	826	0.722	0.967	17227	1
UQCRH	-9.90	8	-1.84	0.0331	827	0.722	0.967	17226	1
PSMB1	-9.89	8	-1.84	0.0331	828	0.722	0.967	17225	1
INPP5E	-9.89	8	-1.84	0.0332	829	0.722	0.967	17224	1
COPS4	-9.88	8	-1.83	0.0333	830	0.724	0.967	17223	1
OXA1L	-9.88	8	-1.83	0.0335	831	0.727	0.967	17222	1
BLM	-9.86	8	-1.83	0.0337	832	0.731	0.966	17221	1
USP10	-9.86	8	-1.83	0.0338	833	0.732	0.966	17220	1
RPS19	-8.54	6	-1.83	0.0338	834	0.732	0.966	17219	1
ACSL4	-9.85	8	-1.83	0.0339	835	0.733	0.966	17218	1
NARS	-9.85	8	-1.83	0.0339	836	0.733	0.966	17217	1
RPL10	-8.53	6	-1.82	0.034	837	0.734	0.966	17216	1
ATP6V0D1	-9.84	8	-1.82	0.0341	838	0.734	0.966	17215	1
SERINC2	-9.84	8	-1.82	0.0341	839	0.734	0.966	17214	1
KANSL3	-9.84	8	-1.82	0.0342	840	0.735	0.966	17213	1
CCT6A	-9.83	8	-1.82	0.0342	841	0.735	0.966	17212	1
TCFL5	-9.83	8	-1.82	0.0343	842	0.735	0.966	17211	1
HES3	-9.83	8	-1.82	0.0343	843	0.735	0.966	17210	1
PRPF8	-9.83	8	-1.82	0.0344	844	0.736	0.966	17209	1
ANKMY1	-9.82	8	-1.82	0.0344	845	0.736	0.966	17208	1
GTF2B	-9.82	8	-1.82	0.0345	846	0.736	0.966	17207	1
WT1	-9.81	8	-1.82	0.0348	847	0.741	0.965	17206	1
STRA13	-9.80	8	-1.81	0.0349	848	0.743	0.965	17205	1
VAMP8	-9.79	8	-1.81	0.035	849	0.745	0.965	17204	1
SAMHD1	-9.78	8	-1.81	0.0353	850	0.749	0.965	17203	1
RPS25	-9.78	8	-1.81	0.0353	851	0.749	0.965	17202	1
WDR73	-9.78	8	-1.81	0.0354	852	0.749	0.965	17201	1
MAPKAP1	-9.78	8	-1.81	0.0354	853	0.749	0.965	17200	1
FARS2	-9.77	8	-1.80	0.0356	854	0.752	0.964	17199	1
RPL4	-9.76	8	-1.80	0.0357	855	0.753	0.964	17198	1
WNK1	-9.75	8	-1.80	0.0359	856	0.757	0.964	17197	1
UBTF	-9.75	8	-1.80	0.0359	857	0.757	0.964	17196	1
HSPA13	-9.74	8	-1.80	0.0361	858	0.759	0.964	17195	1
RAB1B	-9.74	8	-1.80	0.0362	859	0.759	0.964	17194	1
ATRIP	-9.74	8	-1.80	0.0362	860	0.759	0.964	17193	1
NSF	-9.74	8	-1.80	0.0362	861	0.759	0.964	17192	1
TBL3	-9.73	8	-1.79	0.0364	862	0.762	0.964	17191	1
TMX2	-9.72	8	-1.79	0.0365	863	0.763	0.964	17190	1
CHMP1A	-9.72	8	-1.79	0.0365	864	0.763	0.963	17189	1
SNW1	-9.71	8	-1.79	0.0367	865	0.766	0.963	17188	1
URB2	-9.71	8	-1.79	0.0368	866	0.766	0.963	17187	1
MRPS23	-9.71	8	-1.79	0.0368	867	0.766	0.963	17186	1
VPS29	-9.71	8	-1.79	0.0369	868	0.766	0.963	17185	1
COMMD6	-9.70	8	-1.79	0.037	869	0.768	0.963	17184	1
KIAA0020	-9.70	8	-1.79	0.037	870	0.769	0.963	17183	1
KLC3	-9.69	8	-1.78	0.0371	871	0.769	0.963	17182	1
FARSA	-9.69	8	-1.78	0.0371	872	0.769	0.963	17181	1
KTI12	-9.69	8	-1.78	0.0372	873	0.77	0.963	17180	1
ATG9A	-9.68	8	-1.78	0.0373	874	0.77	0.963	17179	1
DND1	-9.68	8	-1.78	0.0373	875	0.77	0.963	17178	1
PLEKHD1	-9.68	8	-1.78	0.0374	876	0.77	0.963	17177	1
SCYL3	-9.68	8	-1.78	0.0374	877	0.77	0.963	17176	1
EFR3A	-9.68	8	-1.78	0.0374	878	0.77	0.963	17175	1
ALG14	-9.67	8	-1.78	0.0375	879	0.77	0.962	17174	1
DIDO1	-9.67	8	-1.78	0.0376	880	0.77	0.962	17173	1
PDF	-9.67	8	-1.78	0.0376	881	0.77	0.962	17172	1
RPAP1	-9.66	8	-1.78	0.0377	882	0.773	0.962	17171	1
MCTS1	-9.65	8	-1.77	0.038	883	0.777	0.962	17170	1
TMEM39B	-9.65	8	-1.77	0.0381	884	0.777	0.962	17169	1
BRD4	-9.64	8	-1.77	0.0382	885	0.779	0.962	17168	1
SUV420H1	-9.64	8	-1.77	0.0383	886	0.781	0.962	17167	1
C10orf129	-9.63	8	-1.77	0.0384	887	0.782	0.962	17166	1
CBY1	-9.62	8	-1.77	0.0386	888	0.785	0.961	17165	1
RBM19	-9.62	8	-1.77	0.0387	889	0.785	0.961	17164	1
SPATA20	-9.62	8	-1.77	0.0387	890	0.785	0.961	17163	1
KPNA4	-9.61	8	-1.76	0.0389	891	0.787	0.961	17162	1
CSDE1	-9.61	8	-1.76	0.039	892	0.788	0.961	17161	1
DDX56	-9.61	8	-1.76	0.039	893	0.788	0.961	17160	1
NRF1	-9.60	8	-1.76	0.0391	894	0.788	0.961	17159	1
DNAJA4	-9.60	8	-1.76	0.0391	895	0.788	0.961	17158	1
POLE4	-9.60	8	-1.76	0.0391	896	0.789	0.961	17157	1
CHEK1	-9.59	8	-1.76	0.0392	897	0.789	0.961	17156	1
SCG2	-9.59	8	-1.76	0.0393	898	0.789	0.961	17155	1
CLASRP	-9.59	8	-1.76	0.0393	899	0.789	0.961	17154	1
EXOSC9	-9.59	8	-1.76	0.0393	900	0.789	0.961	17153	1
FZR1	-9.58	8	-1.76	0.0395	901	0.791	0.961	17152	1
WDR82	-9.58	8	-1.76	0.0395	902	0.791	0.96	17151	1
UBA52	-8.30	6	-1.76	0.0395	903	0.791	0.96	17150	1
CHD2	-9.58	8	-1.75	0.0397	904	0.791	0.96	17149	1
USP5	-9.57	8	-1.75	0.0397	905	0.791	0.96	17148	1
RB1CC1	-9.57	8	-1.75	0.0398	906	0.791	0.96	17147	1
NSMCE4A	-9.57	8	-1.75	0.0399	907	0.791	0.96	17146	1
YEATS2	-9.57	8	-1.75	0.0399	908	0.791	0.96	17145	1
UBL5	-9.56	8	-1.75	0.0399	909	0.791	0.96	17144	1
POLRMT	-9.56	8	-1.75	0.0399	910	0.791	0.96	17143	1
POLE2	-9.56	8	-1.75	0.0399	911	0.791	0.96	17142	1
VPS36	-9.56	8	-1.75	0.04	912	0.791	0.96	17141	1
CD33	-9.56	8	-1.75	0.0401	913	0.792	0.96	17140	1
EXOC1	-9.55	8	-1.75	0.0401	914	0.792	0.96	17139	1
WDR4	-9.55	8	-1.75	0.0402	915	0.792	0.96	17138	1
TMEM203	-9.55	8	-1.75	0.0402	916	0.792	0.96	17137	1
PHB	-9.55	8	-1.75	0.0402	917	0.792	0.96	17136	1
TM2D3	-9.55	8	-1.75	0.0403	918	0.792	0.96	17135	1
KAT5	-9.54	8	-1.75	0.0404	919	0.794	0.96	17134	1
ALG5	-9.53	8	-1.74	0.0406	920	0.797	0.959	17133	1
SNF8	-9.53	8	-1.74	0.0407	921	0.798	0.959	17132	1
EXOSC6	-9.52	8	-1.74	0.0408	922	0.798	0.959	17131	1
HSPB7	-9.52	8	-1.74	0.0409	923	0.798	0.959	17130	1
WAPAL	-9.52	8	-1.74	0.0409	924	0.798	0.959	17129	1
SCNN1D	-9.52	8	-1.74	0.0409	925	0.798	0.959	17128	1
SYS1	-9.52	8	-1.74	0.0409	926	0.798	0.959	17127	1
RPLP1	-6.72	4	-1.74	0.0412	927	0.801	0.959	17126	1
ZFX	-9.51	8	-1.74	0.0412	928	0.802	0.959	17125	1
EAPP	-9.49	8	-1.73	0.0415	929	0.806	0.958	17124	1
VPS25	-9.49	8	-1.73	0.0415	930	0.806	0.958	17123	1
ANAPC2	-9.48	8	-1.73	0.0417	931	0.808	0.958	17122	1
RANBP1	-9.48	8	-1.73	0.0417	932	0.808	0.958	17121	1
SAMD4A	-9.48	8	-1.73	0.0418	933	0.808	0.958	17120	1
U2AF1	-9.48	8	-1.73	0.0418	934	0.808	0.958	17119	1
TEX101	-9.47	8	-1.73	0.042	935	0.81	0.958	17118	1
PSMD11	-9.47	8	-1.73	0.0421	936	0.813	0.958	17117	1
AAMP	-9.45	8	-1.72	0.0425	937	0.819	0.957	17116	1
DHX8	-9.45	8	-1.72	0.0426	938	0.819	0.957	17115	1
POLR2E	-9.45	8	-1.72	0.0426	939	0.819	0.957	17114	1
IST1	-9.43	8	-1.72	0.043	940	0.824	0.957	17113	1
RARS2	-9.43	8	-1.72	0.043	941	0.824	0.957	17112	1
RPL13	-6.67	4	-1.72	0.0431	942	0.824	0.957	17111	1
DCTN1	-9.42	8	-1.72	0.0431	943	0.824	0.957	17110	1
SRSF7	-9.42	8	-1.72	0.0431	944	0.824	0.957	17109	1
RPS19BP1	-9.42	8	-1.72	0.0432	945	0.824	0.957	17108	1
PGM3	-9.42	8	-1.71	0.0432	946	0.824	0.957	17107	1
RCOR1	-9.42	8	-1.71	0.0433	947	0.826	0.957	17106	1
MACROD1	-9.41	8	-1.71	0.0434	948	0.827	0.957	17105	1
STT3A	-9.41	8	-1.71	0.0435	949	0.827	0.957	17104	1
RPP40	-9.39	8	-1.71	0.0438	950	0.832	0.956	17103	1
BUB1B	-9.39	8	-1.71	0.0438	951	0.832	0.956	17102	1
LARS2	-9.39	8	-1.71	0.0439	952	0.832	0.956	17101	1
COPS3	-9.39	8	-1.71	0.0439	953	0.832	0.956	17100	1
PRPF19	-9.39	8	-1.71	0.044	954	0.832	0.956	17099	1
NLRX1	-9.39	8	-1.71	0.044	955	0.832	0.956	17098	1
DFNB31	-9.37	8	-1.70	0.0443	956	0.837	0.956	17097	1
ITGAV	-9.37	8	-1.70	0.0444	957	0.837	0.956	17096	1
IMP4	-9.36	8	-1.70	0.0446	958	0.84	0.955	17095	1
RRN3	-9.35	8	-1.70	0.0448	959	0.842	0.955	17094	1
TAMM41	-9.35	8	-1.70	0.0448	960	0.842	0.955	17093	1
PPP1R10	-9.35	8	-1.70	0.0448	961	0.842	0.955	17092	1
CHST8	-9.35	8	-1.70	0.0449	962	0.842	0.955	17091	1
SPOCD1	-9.35	8	-1.70	0.045	963	0.843	0.955	17090	1
GTF2H1	-9.35	8	-1.70	0.045	964	0.843	0.955	17089	1
ERCC3	-9.34	8	-1.69	0.0452	965	0.845	0.955	17088	1
UFC1	-9.33	8	-1.69	0.0454	966	0.849	0.955	17087	1
WDR75	-9.32	8	-1.69	0.0457	967	0.853	0.954	17086	1
LCN6	-9.31	8	-1.69	0.0459	968	0.856	0.954	17085	1
FAM32A	-9.31	8	-1.69	0.046	969	0.856	0.954	17084	1
MAP3K7	-9.31	8	-1.68	0.046	970	0.856	0.954	17083	1
GPATCH1	-9.29	8	-1.68	0.0463	971	0.861	0.954	17082	1
PRRC2A	-9.29	8	-1.68	0.0464	972	0.863	0.954	17081	1
BIRC5	-9.28	8	-1.68	0.0466	973	0.864	0.953	17080	1
GRK5	-9.28	8	-1.68	0.0467	974	0.864	0.953	17079	1
SHQ1	-9.28	8	-1.68	0.0468	975	0.864	0.953	17078	1
TAS2R5	-9.28	8	-1.68	0.0468	976	0.864	0.953	17077	1
ELP3	-9.28	8	-1.68	0.0468	977	0.864	0.953	17076	1
PGS1	-9.27	8	-1.68	0.0469	978	0.865	0.953	17075	1
PSMA1	-9.27	8	-1.68	0.0469	979	0.865	0.953	17074	1
ECD	-9.27	8	-1.67	0.047	980	0.866	0.953	17073	1
CCT2	-9.26	8	-1.67	0.0471	981	0.867	0.953	17072	1
LIMS1	-9.26	8	-1.67	0.0472	982	0.868	0.953	17071	1
EEF1G	-9.24	8	-1.67	0.0476	983	0.873	0.952	17070	1
NUBP2	-9.24	8	-1.67	0.0476	984	0.873	0.952	17069	1
TRIAP1	-9.24	8	-1.67	0.0477	985	0.874	0.952	17068	1
PRPF39	-9.22	8	-1.66	0.0481	986	0.88	0.952	17067	1
GJB5	-9.21	8	-1.66	0.0483	987	0.883	0.952	17066	1
RBM14	-9.21	8	-1.66	0.0483	988	0.883	0.952	17065	1
KAT8	-9.21	8	-1.66	0.0485	989	0.885	0.951	17064	1
ZNF787	-9.21	8	-1.66	0.0485	990	0.885	0.951	17063	1
GART	-9.20	8	-1.66	0.0488	991	0.888	0.951	17062	1
SPC25	-9.19	8	-1.65	0.049	992	0.892	0.951	17061	1
MGAT1	-9.19	8	-1.65	0.0491	993	0.892	0.951	17060	1
CENPO	-9.19	8	-1.65	0.0491	994	0.892	0.951	17059	1
KDM2A	-9.18	8	-1.65	0.0492	995	0.892	0.951	17058	1
WDR24	-9.17	8	-1.65	0.0494	996	0.896	0.951	17057	1
MGAT4B	-9.16	8	-1.65	0.0498	997	0.901	0.95	17056	1
CCHCR1	-9.16	8	-1.65	0.0499	998	0.902	0.95	17055	1
UFSP2	-9.15	8	-1.64	0.0501	999	0.905	0.95	17054	1
MARS2	-9.14	8	-1.64	0.0503	1000	0.908	0.95	17053	1
C11orf57	-9.14	8	-1.64	0.0504	1001	0.908	0.95	17052	1
CDYL	-9.14	8	-1.64	0.0504	1002	0.908	0.95	17051	1
XRCC6	-9.13	8	-1.64	0.0505	1003	0.909	0.949	17050	1
DPH5	-9.13	8	-1.64	0.0507	1004	0.912	0.949	17049	1
MED18	-9.12	8	-1.64	0.0508	1005	0.912	0.949	17048	1
IDH3A	-9.12	8	-1.64	0.0508	1006	0.912	0.949	17047	1
NUPL1	-9.12	8	-1.64	0.0509	1007	0.913	0.949	17046	1
EXOC7	-9.11	8	-1.64	0.051	1008	0.914	0.949	17045	1
SOST	-9.11	8	-1.63	0.0511	1009	0.914	0.949	17044	1
ACTR1B	-9.11	8	-1.63	0.0512	1010	0.914	0.949	17043	1
ESRP2	-9.10	8	-1.63	0.0513	1011	0.915	0.949	17042	1
HMGCR	-9.09	8	-1.63	0.0516	1012	0.919	0.948	17041	1
C19orf68	-9.09	8	-1.63	0.0516	1013	0.919	0.948	17040	1
ZNF830	-9.09	8	-1.63	0.0517	1014	0.919	0.948	17039	1
GTF2I	-9.09	8	-1.63	0.0517	1015	0.919	0.948	17038	1
PIGH	-9.09	8	-1.63	0.0518	1016	0.919	0.948	17037	1
C19orf53	-9.08	8	-1.63	0.0519	1017	0.919	0.948	17036	1
SAYSD1	-9.08	8	-1.63	0.0519	1018	0.919	0.948	17035	1
TARS	-9.08	8	-1.63	0.0519	1019	0.919	0.948	17034	1
MCOLN2	-9.08	8	-1.63	0.0519	1020	0.919	0.948	17033	1
DCHS2	-9.08	8	-1.63	0.052	1021	0.919	0.948	17032	1
PFN1	-9.08	8	-1.63	0.052	1022	0.919	0.948	17031	1
FAM208A	-9.07	8	-1.63	0.0521	1023	0.919	0.948	17030	1
TMEM151A	-9.07	8	-1.62	0.0522	1024	0.92	0.948	17029	1
LacZ	-44.42	192	-1.62	0.0523	1025	0.921	0.948	17028	1
TKT	-9.06	8	-1.62	0.0525	1026	0.923	0.948	17027	1
TONSL	-9.06	8	-1.62	0.0525	1027	0.923	0.947	17026	1
LSM11	-9.06	8	-1.62	0.0525	1028	0.923	0.947	17025	1
ZNF217	-9.05	8	-1.62	0.0527	1029	0.924	0.947	17024	1
LUC7L3	-9.05	8	-1.62	0.0527	1030	0.924	0.947	17023	1
CHD4	-9.05	8	-1.62	0.0528	1031	0.924	0.947	17022	1
GABPB1	-9.05	8	-1.62	0.0529	1032	0.925	0.947	17021	1
KMT2A	-9.04	8	-1.62	0.0529	1033	0.925	0.947	17020	1
TAF13	-9.04	8	-1.62	0.053	1034	0.925	0.947	17019	1
SHFM1	-9.04	8	-1.62	0.053	1035	0.925	0.947	17018	1
NTN5	-9.04	8	-1.62	0.0531	1036	0.925	0.947	17017	1
PSPC1	-9.04	8	-1.62	0.0531	1037	0.925	0.947	17016	1
NARG2	-9.03	8	-1.61	0.0532	1038	0.925	0.947	17015	1
SNRPB	-9.03	8	-1.61	0.0533	1039	0.926	0.947	17014	1
SLFNL1	-9.03	8	-1.61	0.0533	1040	0.926	0.947	17013	1
YWHAE	-9.02	8	-1.61	0.0535	1041	0.926	0.947	17012	1
XAB2	-7.81	6	-1.61	0.0535	1042	0.926	0.946	17011	1
SMC2	-9.02	8	-1.61	0.0535	1043	0.926	0.946	17010	1
GARS	-9.02	8	-1.61	0.0536	1044	0.926	0.946	17009	1
ABCE1	-9.01	8	-1.61	0.0539	1045	0.93	0.946	17008	1
DENR	-9.01	8	-1.61	0.0539	1046	0.93	0.946	17007	1
FAM78B	-9.01	8	-1.61	0.0539	1047	0.93	0.946	17006	1
SARS	-9.00	8	-1.61	0.0541	1048	0.932	0.946	17005	1
RCC2	-7.79	6	-1.61	0.0542	1049	0.932	0.946	17004	1
RPS3A	-6.36	4	-1.60	0.0544	1050	0.935	0.946	17003	1
SKIV2L2	-8.98	8	-1.60	0.0546	1051	0.938	0.945	17002	1
FAM167B	-8.98	8	-1.60	0.0547	1052	0.938	0.945	17001	1
DNAJC17	-8.98	8	-1.60	0.0548	1053	0.94	0.945	17000	1
HJURP	-8.97	8	-1.60	0.055	1054	0.941	0.945	16999	1
SKA2	-8.97	8	-1.60	0.055	1055	0.941	0.945	16998	1
KATNB1	-8.97	8	-1.60	0.055	1056	0.941	0.945	16997	1
ALG6	-8.97	8	-1.60	0.0551	1057	0.941	0.945	16996	1
CTNNBIP1	-8.96	8	-1.60	0.0552	1058	0.941	0.945	16995	1
NPAT	-8.96	8	-1.60	0.0553	1059	0.943	0.945	16994	1
GTF2H3	-8.96	8	-1.59	0.0554	1060	0.943	0.945	16993	1
NOL3	-8.95	8	-1.59	0.0555	1061	0.943	0.945	16992	1
PTPRF	-8.95	8	-1.59	0.0555	1062	0.943	0.944	16991	1
DNTTIP1	-8.95	8	-1.59	0.0556	1063	0.943	0.944	16990	1
TRIM28	-8.95	8	-1.59	0.0556	1064	0.943	0.944	16989	1
ANAPC1	-8.95	8	-1.59	0.0557	1065	0.943	0.944	16988	1
STUB1	-8.95	8	-1.59	0.0557	1066	0.943	0.944	16987	1
BRD1	-8.94	8	-1.59	0.0559	1067	0.946	0.944	16986	1
EMC2	-8.94	8	-1.59	0.056	1068	0.946	0.944	16985	1
RRP7A	-8.93	8	-1.59	0.056	1069	0.946	0.944	16984	1
STRN3	-8.93	8	-1.59	0.0561	1070	0.946	0.944	16983	1
FAU	-8.93	8	-1.59	0.0562	1071	0.947	0.944	16982	1
BSDC1	-8.92	8	-1.59	0.0564	1072	0.95	0.944	16981	1
NEDD1	-8.92	8	-1.58	0.0565	1073	0.951	0.943	16980	1
PARN	-8.91	8	-1.58	0.0567	1074	0.953	0.943	16979	1
UTP20	-8.91	8	-1.58	0.0567	1075	0.953	0.943	16978	1
THEGL	-8.91	8	-1.58	0.0569	1076	0.954	0.943	16977	1
RNF20	-8.90	8	-1.58	0.0571	1077	0.957	0.943	16976	1
CDR2	-8.90	8	-1.58	0.0572	1078	0.957	0.943	16975	1
CIAPIN1	-8.90	8	-1.58	0.0572	1079	0.957	0.943	16974	1
ORC1	-8.89	8	-1.58	0.0573	1080	0.957	0.943	16973	1
ATG2A	-8.89	8	-1.58	0.0574	1081	0.958	0.943	16972	1
KDM1B	-8.89	8	-1.58	0.0575	1082	0.959	0.943	16971	1
XYLT2	-8.88	8	-1.57	0.0577	1083	0.962	0.942	16970	1
SMC5	-8.88	8	-1.57	0.0578	1084	0.962	0.942	16969	1
HAUS2	-8.87	8	-1.57	0.0579	1085	0.962	0.942	16968	1
RMI2	-8.87	8	-1.57	0.0581	1086	0.962	0.942	16967	1
COG5	-8.86	8	-1.57	0.0584	1087	0.962	0.942	16966	1
WRNIP1	-8.84	8	-1.57	0.0587	1088	0.962	0.941	16965	1
PCBP1	-8.84	8	-1.57	0.0587	1089	0.962	0.941	16964	1
AIFM1	-8.84	8	-1.56	0.0588	1090	0.962	0.941	16963	1
TRAF7	-8.84	8	-1.56	0.0589	1091	0.962	0.941	16962	1
ILK	-8.83	8	-1.56	0.0593	1092	0.962	0.941	16961	1
TBCD	-8.82	8	-1.56	0.0594	1093	0.962	0.941	16960	1
DDX27	-8.82	8	-1.56	0.0595	1094	0.962	0.941	16959	1
IL18BP	-8.82	8	-1.56	0.0595	1095	0.962	0.94	16958	1
MAT2A	-8.81	8	-1.56	0.0597	1096	0.962	0.94	16957	1
PRKRIP1	-8.81	8	-1.56	0.0597	1097	0.962	0.94	16956	1
ABT1	-8.81	8	-1.56	0.0598	1098	0.962	0.94	16955	1
DENND4A	-8.81	8	-1.56	0.0598	1099	0.962	0.94	16954	1
GNL3	-8.80	8	-1.55	0.06	1100	0.962	0.94	16953	1
PPP1R2	-8.80	8	-1.55	0.06	1101	0.962	0.94	16952	1
POLA2	-8.80	8	-1.55	0.0601	1102	0.962	0.94	16951	1
ZNF628	-8.80	8	-1.55	0.0601	1103	0.962	0.94	16950	1
ELF5	-8.80	8	-1.55	0.0601	1104	0.962	0.94	16949	1
YAE1D1	-8.80	8	-1.55	0.0601	1105	0.962	0.94	16948	1
TSKU	-8.80	8	-1.55	0.0601	1106	0.962	0.94	16947	1
FAM35A	-8.79	8	-1.55	0.0603	1107	0.962	0.94	16946	1
PRUNE	-8.79	8	-1.55	0.0605	1108	0.962	0.94	16945	1
RFC4	-8.79	8	-1.55	0.0605	1109	0.962	0.94	16944	1
PCNT	-8.78	8	-1.55	0.0608	1110	0.962	0.939	16943	1
STX3	-8.78	8	-1.55	0.0608	1111	0.962	0.939	16942	1
BACH1	-8.77	8	-1.55	0.061	1112	0.962	0.939	16941	1
KCTD3	-8.77	8	-1.55	0.0611	1113	0.962	0.939	16940	1
CC2D1B	-8.77	8	-1.55	0.0612	1114	0.962	0.939	16939	1
C10orf76	-8.77	8	-1.55	0.0612	1115	0.962	0.939	16938	1
POLE	-8.76	8	-1.54	0.0613	1116	0.962	0.939	16937	1
FTCD	-8.76	8	-1.54	0.0613	1117	0.962	0.939	16936	1
ALX3	-8.75	8	-1.54	0.0615	1118	0.962	0.939	16935	1
KMT2C	-8.75	8	-1.54	0.0615	1119	0.962	0.939	16934	1
PAX8	-8.75	8	-1.54	0.0616	1120	0.962	0.938	16933	1
NRXN2	-8.75	8	-1.54	0.0617	1121	0.962	0.938	16932	1
DCTN3	-8.75	8	-1.54	0.0618	1122	0.962	0.938	16931	1
FAM149B1	-8.75	8	-1.54	0.0618	1123	0.962	0.938	16930	1
RPL30	-6.18	4	-1.54	0.0619	1124	0.962	0.938	16929	1
DDX5	-8.74	8	-1.54	0.0619	1125	0.962	0.938	16928	1
DHFR	-7.57	6	-1.54	0.0619	1126	0.962	0.938	16927	1
LRRC26	-8.73	8	-1.54	0.0622	1127	0.962	0.938	16926	1
GTF3C2	-8.73	8	-1.54	0.0623	1128	0.962	0.938	16925	1
ISCU	-8.73	8	-1.54	0.0623	1129	0.962	0.938	16924	1
PARVA	-8.73	8	-1.54	0.0623	1130	0.962	0.938	16923	1
HAUS3	-8.73	8	-1.53	0.0624	1131	0.962	0.938	16922	1
IKBKAP	-8.72	8	-1.53	0.0625	1132	0.962	0.938	16921	1
CNKSR3	-8.71	8	-1.53	0.0628	1133	0.962	0.937	16920	1
NRARP	-8.71	8	-1.53	0.0629	1134	0.962	0.937	16919	1
COG4	-8.71	8	-1.53	0.063	1135	0.962	0.937	16918	1
MPP5	-8.71	8	-1.53	0.063	1136	0.962	0.937	16917	1
EIF4A3	-8.71	8	-1.53	0.0631	1137	0.962	0.937	16916	1
TADA3	-8.70	8	-1.53	0.0631	1138	0.962	0.937	16915	1
ACADM	-8.70	8	-1.53	0.0632	1139	0.962	0.937	16914	1
TUBGCP3	-8.70	8	-1.53	0.0633	1140	0.962	0.937	16913	1
HIRA	-8.70	8	-1.53	0.0633	1141	0.962	0.937	16912	1
ZNF771	-8.69	8	-1.53	0.0635	1142	0.962	0.936	16911	1
MCOLN1	-8.69	8	-1.53	0.0636	1143	0.962	0.936	16910	1
PHF6	-8.69	8	-1.53	0.0636	1144	0.962	0.936	16909	1
RPSA	-8.69	8	-1.53	0.0636	1145	0.962	0.936	16908	1
PDCD6IP	-8.68	8	-1.52	0.0638	1146	0.962	0.936	16907	1
RPS29	-6.14	4	-1.52	0.0639	1147	0.962	0.936	16906	1
SLBP	-8.68	8	-1.52	0.0639	1148	0.962	0.936	16905	1
MBTPS2	-8.68	8	-1.52	0.0639	1149	0.962	0.936	16904	1
TIMM50	-8.68	8	-1.52	0.0639	1150	0.962	0.936	16903	1
FEM1B	-8.68	8	-1.52	0.064	1151	0.962	0.936	16902	1
GAB2	-8.68	8	-1.52	0.064	1152	0.962	0.936	16901	1
ZC3H11A	-8.67	8	-1.52	0.0641	1153	0.962	0.936	16900	1
PSMD13	-8.67	8	-1.52	0.0641	1154	0.962	0.936	16899	1
OSGEP	-8.67	8	-1.52	0.0641	1155	0.962	0.936	16898	1
ATG16L1	-8.67	8	-1.52	0.0642	1156	0.962	0.936	16897	1
C17orf67	-8.67	8	-1.52	0.0642	1157	0.962	0.936	16896	1
FANCD2	-8.67	8	-1.52	0.0643	1158	0.962	0.936	16895	1
VBP1	-8.67	8	-1.52	0.0643	1159	0.962	0.936	16894	1
WDR36	-8.67	8	-1.52	0.0643	1160	0.962	0.936	16893	1
TOP3A	-8.67	8	-1.52	0.0643	1161	0.962	0.936	16892	1
TAPBP	-8.66	8	-1.52	0.0645	1162	0.962	0.935	16891	1
AATF	-8.66	8	-1.52	0.0646	1163	0.962	0.935	16890	1
ITGA3	-8.65	8	-1.52	0.0649	1164	0.962	0.935	16889	1
BRPF3	-8.65	8	-1.51	0.065	1165	0.962	0.935	16888	0.999
SAMD10	-8.64	8	-1.51	0.0651	1166	0.962	0.935	16887	0.999
BANF1	-8.64	8	-1.51	0.0651	1167	0.962	0.935	16886	0.999
OMP	-8.63	8	-1.51	0.0654	1168	0.962	0.935	16885	0.999
PNKP	-8.63	8	-1.51	0.0654	1169	0.962	0.935	16884	0.999
COMMD9	-8.63	8	-1.51	0.0654	1170	0.962	0.935	16883	0.999
PARD6B	-8.63	8	-1.51	0.0657	1171	0.962	0.934	16882	0.999
CLPSL2	-8.63	8	-1.51	0.0657	1172	0.962	0.934	16881	0.999
RNASEK	-8.62	8	-1.51	0.0658	1173	0.962	0.934	16880	0.999
SNUPN	-8.62	8	-1.51	0.0659	1174	0.962	0.934	16879	0.999
ANAPC13	-8.62	8	-1.51	0.0659	1175	0.962	0.934	16878	0.999
CHAF1A	-8.62	8	-1.51	0.0659	1176	0.962	0.934	16877	0.999
RBL2	-8.61	8	-1.51	0.066	1177	0.962	0.934	16876	0.999
ACTL6A	-8.60	8	-1.50	0.0664	1178	0.962	0.934	16875	0.999
TMEM150A	-8.60	8	-1.50	0.0665	1179	0.962	0.933	16874	0.999
CDC42EP4	-8.60	8	-1.50	0.0666	1180	0.962	0.933	16873	0.999
DNM1	-8.59	8	-1.50	0.0668	1181	0.962	0.933	16872	0.998
PSMA4	-8.59	8	-1.50	0.0668	1182	0.962	0.933	16871	0.998
RAD17	-8.59	8	-1.50	0.0669	1183	0.962	0.933	16870	0.998
TCP11L1	-8.59	8	-1.50	0.0669	1184	0.962	0.933	16869	0.998
RHOJ	-8.58	8	-1.50	0.0671	1185	0.962	0.933	16868	0.998
DENND6B	-8.58	8	-1.50	0.0672	1186	0.962	0.933	16867	0.998
MFAP1	-8.58	8	-1.50	0.0672	1187	0.962	0.933	16866	0.998
NDUFAB1	-8.58	8	-1.50	0.0672	1188	0.962	0.933	16865	0.998
PA2G4	-8.58	8	-1.50	0.0672	1189	0.962	0.933	16864	0.998
C9orf16	-8.57	8	-1.50	0.0674	1190	0.962	0.933	16863	0.998
CTTN	-8.57	8	-1.49	0.0675	1191	0.962	0.933	16862	0.998
CCNA2	-8.57	8	-1.49	0.0677	1192	0.962	0.932	16861	0.998
PSMD3	-8.57	8	-1.49	0.0677	1193	0.962	0.932	16860	0.998
PRR18	-8.56	8	-1.49	0.0677	1194	0.962	0.932	16859	0.998
AK2	-8.56	8	-1.49	0.0678	1195	0.962	0.932	16858	0.998
SENP6	-8.56	8	-1.49	0.0678	1196	0.962	0.932	16857	0.998
RPL7	-7.41	6	-1.49	0.0679	1197	0.962	0.932	16856	0.998
SDC1	-8.56	8	-1.49	0.0679	1198	0.962	0.932	16855	0.998
WTAP	-8.56	8	-1.49	0.0679	1199	0.962	0.932	16854	0.998
FAM60A	-8.56	8	-1.49	0.068	1200	0.962	0.932	16853	0.998
TXN	-4.28	2	-1.49	0.0681	1201	0.962	0.932	16852	0.998
NDE1	-8.55	8	-1.49	0.0682	1202	0.962	0.932	16851	0.998
MDS2	-8.54	8	-1.49	0.0686	1203	0.962	0.931	16850	0.998
JMJD8	-8.54	8	-1.49	0.0686	1204	0.962	0.931	16849	0.998
VKORC1L1	-8.53	8	-1.48	0.0689	1205	0.962	0.931	16848	0.998
PPP1R42	-8.53	8	-1.48	0.069	1206	0.962	0.931	16847	0.998
TBCEL	-8.52	8	-1.48	0.0691	1207	0.962	0.931	16846	0.998
PI4KB	-8.52	8	-1.48	0.0693	1208	0.962	0.931	16845	0.997
PLRG1	-8.52	8	-1.48	0.0693	1209	0.962	0.931	16844	0.997
MRPL35	-8.51	8	-1.48	0.0694	1210	0.962	0.931	16843	0.997
DCPS	-8.51	8	-1.48	0.0695	1211	0.962	0.931	16842	0.997
MRPS6	-8.51	8	-1.48	0.0695	1212	0.962	0.93	16841	0.997
ZNF3	-8.51	8	-1.48	0.0696	1213	0.962	0.93	16840	0.997
NEK9	-8.51	8	-1.48	0.0696	1214	0.962	0.93	16839	0.997
SSBP3-AS1	-8.51	8	-1.48	0.0696	1215	0.962	0.93	16838	0.997
TMEM134	-8.51	8	-1.48	0.0697	1216	0.962	0.93	16837	0.997
MRPS31	-8.51	8	-1.48	0.0697	1217	0.962	0.93	16836	0.997
NCKAP1	-8.50	8	-1.48	0.0698	1218	0.962	0.93	16835	0.997
TRAPPC3	-8.50	8	-1.48	0.0699	1219	0.962	0.93	16834	0.997
TAF1B	-8.50	8	-1.48	0.07	1220	0.962	0.93	16833	0.997
WIPF1	-8.49	8	-1.47	0.0702	1221	0.962	0.93	16832	0.997
FAM151A	-8.49	8	-1.47	0.0703	1222	0.962	0.93	16831	0.997
DNAJB6	-7.35	6	-1.47	0.0703	1223	0.962	0.93	16830	0.997
SERPINB9	-8.49	8	-1.47	0.0703	1224	0.962	0.93	16829	0.997
LCN2	-8.49	8	-1.47	0.0703	1225	0.962	0.93	16828	0.997
AXIN1	-8.49	8	-1.47	0.0704	1226	0.962	0.93	16827	0.997
LRWD1	-8.48	8	-1.47	0.0705	1227	0.962	0.93	16826	0.997
FCN3	-8.48	8	-1.47	0.0706	1228	0.962	0.929	16825	0.997
MCM3	-8.47	8	-1.47	0.0708	1229	0.962	0.929	16824	0.997
VSIG8	-8.47	8	-1.47	0.0709	1230	0.962	0.929	16823	0.997
EXOC2	-8.47	8	-1.47	0.071	1231	0.962	0.929	16822	0.997
ATG7	-8.47	8	-1.47	0.0711	1232	0.962	0.929	16821	0.997
RPL23	-8.46	8	-1.47	0.0713	1233	0.962	0.929	16820	0.997
TAF8	-8.46	8	-1.47	0.0714	1234	0.962	0.929	16819	0.997
RBM25	-8.45	8	-1.46	0.0716	1235	0.962	0.928	16818	0.997
PPP2CB	-8.45	8	-1.46	0.0718	1236	0.962	0.928	16817	0.996
GNG12	-8.45	8	-1.46	0.0718	1237	0.962	0.928	16816	0.996
GCLM	-8.44	8	-1.46	0.0719	1238	0.962	0.928	16815	0.996
SLC7A6OS	-8.44	8	-1.46	0.0722	1239	0.962	0.928	16814	0.996
YAP1	-8.43	8	-1.46	0.0722	1240	0.962	0.928	16813	0.996
ATAD5	-8.43	8	-1.46	0.0724	1241	0.962	0.928	16812	0.996
MRPL44	-8.43	8	-1.46	0.0724	1242	0.962	0.928	16811	0.996
GEMIN2	-8.43	8	-1.46	0.0724	1243	0.962	0.928	16810	0.996
CYLD	-8.42	8	-1.46	0.0727	1244	0.962	0.927	16809	0.996
GPS2	-8.42	8	-1.46	0.0727	1245	0.962	0.927	16808	0.996
PISD	-8.42	8	-1.46	0.0728	1246	0.962	0.927	16807	0.996
SMPD3	-8.42	8	-1.45	0.0729	1247	0.962	0.927	16806	0.996
CAMSAP1	-8.41	8	-1.45	0.0729	1248	0.962	0.927	16805	0.996
RINT1	-8.41	8	-1.45	0.0731	1249	0.962	0.927	16804	0.996
CD83	-8.41	8	-1.45	0.0731	1250	0.962	0.927	16803	0.996
TMEM181	-8.41	8	-1.45	0.0732	1251	0.962	0.927	16802	0.996
CASC3	-8.41	8	-1.45	0.0732	1252	0.962	0.927	16801	0.996
GJD4	-8.40	8	-1.45	0.0735	1253	0.962	0.926	16800	0.996
SLC25A12	-8.40	8	-1.45	0.0735	1254	0.962	0.926	16799	0.996
DPM1	-8.40	8	-1.45	0.0736	1255	0.962	0.926	16798	0.996
ZNF335	-8.39	8	-1.45	0.0737	1256	0.962	0.926	16797	0.996
TTK	-8.39	8	-1.45	0.0737	1257	0.962	0.926	16796	0.996
NSUN4	-8.39	8	-1.45	0.0738	1258	0.962	0.926	16795	0.996
C11orf48	-8.39	8	-1.45	0.0738	1259	0.962	0.926	16794	0.996
UTP15	-8.39	8	-1.45	0.0739	1260	0.962	0.926	16793	0.996
PRRC2C	-8.38	8	-1.45	0.0741	1261	0.962	0.926	16792	0.995
PPP2R5D	-8.38	8	-1.45	0.0741	1262	0.962	0.926	16791	0.995
PTPN23	-8.38	8	-1.45	0.0741	1263	0.962	0.926	16790	0.995
XRRA1	-8.38	8	-1.45	0.0742	1264	0.962	0.926	16789	0.995
CDK19	-8.38	8	-1.44	0.0742	1265	0.962	0.926	16788	0.995
BTBD18	-8.38	8	-1.44	0.0743	1266	0.962	0.926	16787	0.995
PSMD7	-8.37	8	-1.44	0.0744	1267	0.962	0.926	16786	0.995
HLCS	-8.37	8	-1.44	0.0745	1268	0.962	0.926	16785	0.995
SEH1L	-8.37	8	-1.44	0.0745	1269	0.962	0.926	16784	0.995
HSDL2	-8.37	8	-1.44	0.0745	1270	0.962	0.925	16783	0.995
ZNF408	-8.37	8	-1.44	0.0747	1271	0.962	0.925	16782	0.995
CCDC28A	-8.36	8	-1.44	0.0748	1272	0.962	0.925	16781	0.995
LTV1	-8.36	8	-1.44	0.075	1273	0.962	0.925	16780	0.995
ZNF865	-8.36	8	-1.44	0.0751	1274	0.962	0.925	16779	0.995
YPEL5	-8.35	8	-1.44	0.0751	1275	0.962	0.925	16778	0.995
PPID	-8.35	8	-1.44	0.0754	1276	0.962	0.925	16777	0.995
CCDC94	-8.35	8	-1.44	0.0755	1277	0.962	0.925	16776	0.995
PHACTR4	-8.34	8	-1.44	0.0755	1278	0.962	0.924	16775	0.995
CHMP5	-8.34	8	-1.44	0.0756	1279	0.962	0.924	16774	0.995
GTF3C1	-8.34	8	-1.44	0.0756	1280	0.962	0.924	16773	0.995
SNX32	-8.34	8	-1.44	0.0756	1281	0.962	0.924	16772	0.995
C16orf71	-8.34	8	-1.43	0.0757	1282	0.962	0.924	16771	0.995
CLC	-8.33	8	-1.43	0.076	1283	0.962	0.924	16770	0.995
KLF6	-8.33	8	-1.43	0.0761	1284	0.962	0.924	16769	0.995
CAPZB	-8.33	8	-1.43	0.0761	1285	0.962	0.924	16768	0.995
CPED1	-8.32	8	-1.43	0.0762	1286	0.962	0.924	16767	0.995
PSMB4	-8.32	8	-1.43	0.0762	1287	0.962	0.924	16766	0.995
NOL8	-8.32	8	-1.43	0.0763	1288	0.962	0.924	16765	0.995
DNAJC24	-8.32	8	-1.43	0.0763	1289	0.962	0.924	16764	0.995
SDHAF2	-8.32	8	-1.43	0.0763	1290	0.962	0.924	16763	0.995
SRP72	-8.32	8	-1.43	0.0764	1291	0.962	0.924	16762	0.995
CCDC101	-8.31	8	-1.43	0.0769	1292	0.962	0.923	16761	0.994
MMP10	-8.30	8	-1.42	0.0771	1293	0.962	0.923	16760	0.994
PCYT1A	-8.30	8	-1.42	0.0772	1294	0.962	0.923	16759	0.994
WDR62	-8.30	8	-1.42	0.0773	1295	0.962	0.923	16758	0.994
GABARAP	-8.29	8	-1.42	0.0775	1296	0.962	0.922	16757	0.994
ZFAND5	-8.29	8	-1.42	0.0775	1297	0.962	0.922	16756	0.994
TSSC1	-8.29	8	-1.42	0.0777	1298	0.962	0.922	16755	0.994
ADAT2	-7.18	6	-1.42	0.0777	1299	0.962	0.922	16754	0.994
OR5A1	-8.28	8	-1.42	0.0778	1300	0.962	0.922	16753	0.994
SLITRK6	-8.28	8	-1.42	0.0778	1301	0.962	0.922	16752	0.994
ASF1A	-8.28	8	-1.42	0.0779	1302	0.962	0.922	16751	0.994
FAM115A	-8.28	8	-1.42	0.0779	1303	0.962	0.922	16750	0.994
MIXL1	-8.28	8	-1.42	0.0779	1304	0.962	0.922	16749	0.994
RPS21	-8.28	8	-1.42	0.078	1305	0.962	0.922	16748	0.994
PSMG2	-8.28	8	-1.42	0.078	1306	0.962	0.922	16747	0.994
KRR1	-8.27	8	-1.42	0.0781	1307	0.962	0.922	16746	0.994
TMEM18	-8.27	8	-1.42	0.0781	1308	0.962	0.922	16745	0.994
EMP2	-8.27	8	-1.42	0.0782	1309	0.962	0.922	16744	0.994
MRPL39	-8.27	8	-1.42	0.0782	1310	0.962	0.922	16743	0.994
PSMA7	-7.16	6	-1.42	0.0782	1311	0.962	0.922	16742	0.994
SYNGR3	-8.27	8	-1.42	0.0783	1312	0.962	0.922	16741	0.994
UTP6	-8.26	8	-1.42	0.0785	1313	0.962	0.922	16740	0.994
SSR2	-8.26	8	-1.41	0.0786	1314	0.962	0.921	16739	0.994
ATP6V1G2	-8.26	8	-1.41	0.0787	1315	0.962	0.921	16738	0.994
CLDN14	-8.26	8	-1.41	0.0787	1316	0.962	0.921	16737	0.994
ESCO2	-8.25	8	-1.41	0.0791	1317	0.962	0.921	16736	0.993
AMT	-8.25	8	-1.41	0.0791	1318	0.962	0.921	16735	0.993
PPP1R11	-8.25	8	-1.41	0.0791	1319	0.962	0.921	16734	0.993
EID2	-8.25	8	-1.41	0.0792	1320	0.962	0.921	16733	0.993
VPS26B	-8.25	8	-1.41	0.0792	1321	0.962	0.921	16732	0.993
DMRTA2	-8.24	8	-1.41	0.0792	1322	0.962	0.921	16731	0.993
ACTN1	-8.24	8	-1.41	0.0794	1323	0.962	0.921	16730	0.993
DONSON	-8.24	8	-1.41	0.0795	1324	0.962	0.92	16729	0.993
CCDC121	-8.23	8	-1.41	0.0796	1325	0.962	0.92	16728	0.993
PPP1R12C	-8.23	8	-1.41	0.0797	1326	0.962	0.92	16727	0.993
SLC38A11	-8.23	8	-1.41	0.0797	1327	0.962	0.92	16726	0.993
TNFRSF10D	-8.23	8	-1.41	0.0797	1328	0.962	0.92	16725	0.993
WDR46	-8.23	8	-1.41	0.08	1329	0.962	0.92	16724	0.993
THOC5	-8.22	8	-1.40	0.08	1330	0.962	0.92	16723	0.993
TUT1	-8.22	8	-1.40	0.0802	1331	0.962	0.92	16722	0.993
TMEM53	-8.22	8	-1.40	0.0803	1332	0.962	0.92	16721	0.993
BTN3A1	-8.22	8	-1.40	0.0803	1333	0.962	0.92	16720	0.993
TK1	-8.22	8	-1.40	0.0803	1334	0.962	0.92	16719	0.993
RRM2	-8.21	8	-1.40	0.0804	1335	0.962	0.92	16718	0.993
TRIM37	-8.21	8	-1.40	0.0804	1336	0.962	0.92	16717	0.993
NAE1	-8.21	8	-1.40	0.0805	1337	0.962	0.919	16716	0.993
RPL9	-4.10	2	-1.40	0.0807	1338	0.962	0.919	16715	0.993
FRRS1	-8.21	8	-1.40	0.0807	1339	0.962	0.919	16714	0.993
TAF6L	-8.20	8	-1.40	0.081	1340	0.962	0.919	16713	0.993
NAA40	-8.20	8	-1.40	0.081	1341	0.962	0.919	16712	0.993
ADSS	-8.20	8	-1.40	0.0811	1342	0.962	0.919	16711	0.993
NXF1	-8.20	8	-1.40	0.0811	1343	0.962	0.919	16710	0.993
ZG16B	-8.19	8	-1.40	0.0812	1344	0.962	0.919	16709	0.993
FBXO44	-8.19	8	-1.40	0.0813	1345	0.962	0.919	16708	0.993
IFNLR1	-8.19	8	-1.40	0.0813	1346	0.962	0.919	16707	0.993
C1QBP	-8.18	8	-1.39	0.0816	1347	0.962	0.918	16706	0.992
ATL3	-8.18	8	-1.39	0.0817	1348	0.962	0.918	16705	0.992
PPP1CB	-8.18	8	-1.39	0.0818	1349	0.962	0.918	16704	0.992
ACTR6	-8.18	8	-1.39	0.0818	1350	0.962	0.918	16703	0.992
ENTHD2	-8.18	8	-1.39	0.0818	1351	0.962	0.918	16702	0.992
LIN7C	-8.18	8	-1.39	0.0818	1352	0.962	0.918	16701	0.992
C1QB	-8.17	8	-1.39	0.0822	1353	0.962	0.918	16700	0.992
ST6GALNAC5	-8.17	8	-1.39	0.0822	1354	0.962	0.918	16699	0.992
PSMD14	-8.17	8	-1.39	0.0822	1355	0.962	0.918	16698	0.992
CKS2	-8.17	8	-1.39	0.0822	1356	0.962	0.918	16697	0.992
KRI1	-8.16	8	-1.39	0.0823	1357	0.962	0.918	16696	0.992
MOGAT2	-8.16	8	-1.39	0.0825	1358	0.962	0.917	16695	0.992
BRD2	-8.16	8	-1.39	0.0826	1359	0.962	0.917	16694	0.992
ATP13A2	-8.16	8	-1.39	0.0826	1360	0.962	0.917	16693	0.992
FAM98C	-8.15	8	-1.38	0.0831	1361	0.962	0.917	16692	0.992
YKT6	-8.14	8	-1.38	0.0832	1362	0.962	0.917	16691	0.992
ENPP3	-8.14	8	-1.38	0.0832	1363	0.962	0.917	16690	0.992
C20orf196	-8.14	8	-1.38	0.0834	1364	0.962	0.917	16689	0.991
GZMH	-8.14	8	-1.38	0.0834	1365	0.962	0.917	16688	0.991
SF3A2	-8.14	8	-1.38	0.0834	1366	0.962	0.917	16687	0.991
HTR6	-8.13	8	-1.38	0.0837	1367	0.962	0.916	16686	0.991
RBM27	-8.13	8	-1.38	0.0838	1368	0.962	0.916	16685	0.991
KIN	-8.13	8	-1.38	0.0838	1369	0.962	0.916	16684	0.991
HIST1H2BK	-7.04	6	-1.38	0.0839	1370	0.962	0.916	16683	0.991
ARCN1	-8.12	8	-1.38	0.084	1371	0.962	0.916	16682	0.991
TM2D2	-8.12	8	-1.38	0.0841	1372	0.962	0.916	16681	0.991
C6orf226	-8.12	8	-1.38	0.0842	1373	0.962	0.916	16680	0.991
C22orf39	-8.12	8	-1.38	0.0842	1374	0.962	0.916	16679	0.991
UPF3A	-8.11	8	-1.38	0.0843	1375	0.962	0.916	16678	0.991
LSM14B	-8.11	8	-1.38	0.0844	1376	0.962	0.916	16677	0.991
RCN1	-8.11	8	-1.37	0.0846	1377	0.962	0.915	16676	0.991
TTLL10	-8.11	8	-1.37	0.0846	1378	0.962	0.915	16675	0.991
IPO11	-8.10	8	-1.37	0.0847	1379	0.962	0.915	16674	0.991
RUVBL1	-8.10	8	-1.37	0.0851	1380	0.962	0.915	16673	0.991
CRYZ	-8.09	8	-1.37	0.0851	1381	0.962	0.915	16672	0.991
COX7A2	-8.09	8	-1.37	0.0851	1382	0.962	0.915	16671	0.991
KIF20A	-8.09	8	-1.37	0.0854	1383	0.962	0.915	16670	0.99
RANBP2	-8.09	8	-1.37	0.0855	1384	0.962	0.915	16669	0.99
AGA	-8.08	8	-1.37	0.0855	1385	0.962	0.914	16668	0.99
ATP6V1F	-8.08	8	-1.37	0.0855	1386	0.962	0.914	16667	0.99
CTDNEP1	-8.08	8	-1.37	0.0857	1387	0.962	0.914	16666	0.99
TP53	-8.08	8	-1.37	0.0857	1388	0.962	0.914	16665	0.99
GLE1	-8.08	8	-1.37	0.0858	1389	0.962	0.914	16664	0.99
CDC40	-8.07	8	-1.37	0.0861	1390	0.962	0.914	16663	0.99
TMA16	-8.07	8	-1.37	0.0861	1391	0.962	0.914	16662	0.99
CNRIP1	-8.07	8	-1.36	0.0863	1392	0.962	0.914	16661	0.99
ATG13	-8.06	8	-1.36	0.0864	1393	0.962	0.914	16660	0.99
PIH1D1	-8.06	8	-1.36	0.0865	1394	0.962	0.914	16659	0.99
CDCP2	-8.06	8	-1.36	0.0866	1395	0.962	0.913	16658	0.99
NFYA	-8.06	8	-1.36	0.0867	1396	0.962	0.913	16657	0.99
RBM22	-8.05	8	-1.36	0.0868	1397	0.962	0.913	16656	0.99
UNCX	-8.05	8	-1.36	0.0868	1398	0.962	0.913	16655	0.99
MRPS18A	-8.05	8	-1.36	0.0869	1399	0.962	0.913	16654	0.99
UXT	-8.05	8	-1.36	0.0869	1400	0.962	0.913	16653	0.99
TIMELESS	-8.05	8	-1.36	0.0869	1401	0.962	0.913	16652	0.99
GALK1	-8.05	8	-1.36	0.087	1402	0.962	0.913	16651	0.99
AVEN	-8.05	8	-1.36	0.087	1403	0.962	0.913	16650	0.99
SPTSSA	-8.05	8	-1.36	0.087	1404	0.962	0.913	16649	0.99
TST	-8.04	8	-1.36	0.0872	1405	0.962	0.913	16648	0.99
MS4A6E	-8.04	8	-1.36	0.0873	1406	0.962	0.913	16647	0.99
HECTD3	-8.04	8	-1.36	0.0873	1407	0.962	0.913	16646	0.99
TELO2	-8.04	8	-1.36	0.0874	1408	0.962	0.913	16645	0.99
HIST1H1T	-8.04	8	-1.36	0.0874	1409	0.962	0.913	16644	0.99
RAB7A	-8.04	8	-1.36	0.0875	1410	0.962	0.912	16643	0.99
TTLL7	-8.04	8	-1.36	0.0875	1411	0.962	0.912	16642	0.99
MRPS35	-8.03	8	-1.35	0.0878	1412	0.962	0.912	16641	0.99
RABEPK	-8.03	8	-1.35	0.0879	1413	0.962	0.912	16640	0.99
KANSL1	-8.02	8	-1.35	0.088	1414	0.962	0.912	16639	0.989
NIP7	-8.02	8	-1.35	0.088	1415	0.962	0.912	16638	0.989
ARID3B	-8.02	8	-1.35	0.0881	1416	0.962	0.912	16637	0.989
SPDEF	-8.02	8	-1.35	0.0882	1417	0.962	0.912	16636	0.989
MOCS3	-8.02	8	-1.35	0.0882	1418	0.962	0.912	16635	0.989
PTCH2	-8.02	8	-1.35	0.0884	1419	0.962	0.912	16634	0.989
DCTN2	-8.01	8	-1.35	0.0884	1420	0.962	0.912	16633	0.989
IPO13	-8.01	8	-1.35	0.0885	1421	0.962	0.912	16632	0.989
CDK12	-8.01	8	-1.35	0.0885	1422	0.962	0.911	16631	0.989
ZNF19	-8.01	8	-1.35	0.0885	1423	0.962	0.911	16630	0.989
COMMD4	-8.01	8	-1.35	0.0887	1424	0.962	0.911	16629	0.989
ARF1	-8.00	8	-1.35	0.0891	1425	0.962	0.911	16628	0.989
GINS4	-8.00	8	-1.35	0.0892	1426	0.962	0.911	16627	0.989
NIPSNAP3B	-7.99	8	-1.35	0.0893	1427	0.962	0.911	16626	0.989
GPKOW	-7.99	8	-1.35	0.0893	1428	0.962	0.911	16625	0.989
NAA35	-7.99	8	-1.35	0.0893	1429	0.962	0.911	16624	0.989
TBX21	-7.99	8	-1.34	0.0894	1430	0.962	0.911	16623	0.989
KLHL20	-7.99	8	-1.34	0.0895	1431	0.962	0.91	16622	0.989
TAF1C	-7.99	8	-1.34	0.0896	1432	0.962	0.91	16621	0.989
AHNAK	-7.98	8	-1.34	0.0898	1433	0.962	0.91	16620	0.989
EIF3I	-7.98	8	-1.34	0.0898	1434	0.962	0.91	16619	0.989
RNF40	-7.98	8	-1.34	0.0899	1435	0.962	0.91	16618	0.989
GTF2F2	-7.46	7	-1.34	0.0901	1436	0.962	0.91	16617	0.988
PAF1	-7.97	8	-1.34	0.0901	1437	0.962	0.91	16616	0.988
OR51B6	-7.97	8	-1.34	0.0902	1438	0.962	0.91	16615	0.988
BRIX1	-7.97	8	-1.34	0.0902	1439	0.962	0.91	16614	0.988
PREB	-7.97	8	-1.34	0.0902	1440	0.962	0.91	16613	0.988
XPC	-6.90	6	-1.34	0.0902	1441	0.962	0.91	16612	0.988
SLC25A10	-7.97	8	-1.34	0.0904	1442	0.962	0.91	16611	0.988
TAS1R2	-7.96	8	-1.34	0.0905	1443	0.962	0.91	16610	0.988
FBXO27	-7.96	8	-1.34	0.0905	1444	0.962	0.909	16609	0.988
EVI5	-7.96	8	-1.34	0.0906	1445	0.962	0.909	16608	0.988
C8orf31	-7.96	8	-1.34	0.0908	1446	0.962	0.909	16607	0.988
FLYWCH1	-7.95	8	-1.33	0.091	1447	0.962	0.909	16606	0.988
HSD3B7	-7.95	8	-1.33	0.091	1448	0.962	0.909	16605	0.988
OGDH	-7.94	8	-1.33	0.0914	1449	0.962	0.909	16604	0.988
CALML6	-7.94	8	-1.33	0.0916	1450	0.962	0.908	16603	0.988
ATRX	-7.94	8	-1.33	0.0917	1451	0.962	0.908	16602	0.988
SPIRE2	-7.93	8	-1.33	0.0918	1452	0.962	0.908	16601	0.988
MRPL22	-7.93	8	-1.33	0.092	1453	0.962	0.908	16600	0.987
KIAA1731	-7.93	8	-1.33	0.092	1454	0.962	0.908	16599	0.987
JRKL	-7.92	8	-1.33	0.0922	1455	0.962	0.908	16598	0.987
KCNJ6	-7.92	8	-1.33	0.0923	1456	0.962	0.908	16597	0.987
CCDC17	-7.92	8	-1.33	0.0923	1457	0.962	0.908	16596	0.987
LEPREL4	-7.92	8	-1.33	0.0924	1458	0.962	0.908	16595	0.987
ASNS	-7.92	8	-1.33	0.0924	1459	0.962	0.908	16594	0.987
TLCD1	-7.92	8	-1.33	0.0926	1460	0.962	0.907	16593	0.987
RPS15A	-5.60	4	-1.33	0.0926	1461	0.962	0.907	16592	0.987
FLVCR2	-7.91	8	-1.32	0.0926	1462	0.962	0.907	16591	0.987
IER3IP1	-7.91	8	-1.32	0.0926	1463	0.962	0.907	16590	0.987
BYSL	-7.91	8	-1.32	0.0927	1464	0.962	0.907	16589	0.987
TBCC	-7.91	8	-1.32	0.0928	1465	0.962	0.907	16588	0.987
MGST3	-7.91	8	-1.32	0.0929	1466	0.962	0.907	16587	0.987
RUVBL2	-7.91	8	-1.32	0.093	1467	0.962	0.907	16586	0.987
MYRF	-7.90	8	-1.32	0.0931	1468	0.962	0.907	16585	0.987
RPLP2	-6.84	6	-1.32	0.0931	1469	0.962	0.907	16584	0.987
CITED2	-7.90	8	-1.32	0.0933	1470	0.962	0.907	16583	0.987
MRPL50	-7.90	8	-1.32	0.0934	1471	0.962	0.907	16582	0.987
RIC8A	-7.90	8	-1.32	0.0934	1472	0.962	0.907	16581	0.987
ZBTB8OS	-7.89	8	-1.32	0.0937	1473	0.962	0.906	16580	0.987
VPS13D	-7.89	8	-1.32	0.0937	1474	0.962	0.906	16579	0.987
ARL14EP	-7.89	8	-1.32	0.0937	1475	0.962	0.906	16578	0.987
PRKCE	-7.89	8	-1.32	0.0938	1476	0.962	0.906	16577	0.987
AIM1	-7.88	8	-1.32	0.0941	1477	0.962	0.906	16576	0.987
RWDD2B	-7.88	8	-1.32	0.0941	1478	0.962	0.906	16575	0.987
MICAL1	-7.88	8	-1.32	0.0941	1479	0.962	0.906	16574	0.987
SLC35E2B	-7.88	8	-1.32	0.0942	1480	0.962	0.906	16573	0.987
GNAI3	-7.88	8	-1.32	0.0943	1481	0.962	0.906	16572	0.987
CCT8	-7.87	8	-1.31	0.0943	1482	0.962	0.906	16571	0.987
COMMD5	-7.87	8	-1.31	0.0943	1483	0.962	0.906	16570	0.987
LRFN3	-7.87	8	-1.31	0.0944	1484	0.962	0.906	16569	0.987
COL5A1	-7.87	8	-1.31	0.0945	1485	0.962	0.905	16568	0.987
RCAN2	-7.87	8	-1.31	0.0947	1486	0.962	0.905	16567	0.986
SYCE2	-7.86	8	-1.31	0.0948	1487	0.962	0.905	16566	0.986
RCAN3	-7.86	8	-1.31	0.0948	1488	0.962	0.905	16565	0.986
DEPDC1	-7.86	8	-1.31	0.0949	1489	0.962	0.905	16564	0.986
GNL3L	-7.86	8	-1.31	0.0949	1490	0.962	0.905	16563	0.986
DEK	-7.86	8	-1.31	0.095	1491	0.962	0.905	16562	0.986
RPL37A	-5.56	4	-1.31	0.0951	1492	0.962	0.905	16561	0.986
VCPKMT	-7.85	8	-1.31	0.0953	1493	0.962	0.905	16560	0.986
ORM1	-6.80	6	-1.31	0.0954	1494	0.962	0.905	16559	0.986
CHMP2A	-7.85	8	-1.31	0.0954	1495	0.962	0.905	16558	0.986
ORM2	-7.85	8	-1.31	0.0954	1496	0.962	0.905	16557	0.986
KPNA6	-7.85	8	-1.31	0.0956	1497	0.962	0.904	16556	0.986
ANP32E	-7.85	8	-1.31	0.0956	1498	0.962	0.904	16555	0.986
PLEKHB1	-7.85	8	-1.31	0.0956	1499	0.962	0.904	16554	0.986
PSMB7	-7.84	8	-1.31	0.0957	1500	0.962	0.904	16553	0.986
TMEM221	-7.84	8	-1.31	0.0957	1501	0.962	0.904	16552	0.986
DDX1	-7.84	8	-1.31	0.0959	1502	0.962	0.904	16551	0.986
NKRF	-7.84	8	-1.31	0.0959	1503	0.962	0.904	16550	0.986
OVCH1	-7.84	8	-1.30	0.096	1504	0.962	0.904	16549	0.986
RXRG	-7.84	8	-1.30	0.096	1505	0.962	0.904	16548	0.986
EXOC5	-7.83	8	-1.30	0.0961	1506	0.962	0.904	16547	0.986
AIF1L	-7.83	8	-1.30	0.0962	1507	0.962	0.904	16546	0.986
SLC22A25	-7.83	8	-1.30	0.0963	1508	0.962	0.904	16545	0.986
RNASE6	-7.83	8	-1.30	0.0963	1509	0.962	0.904	16544	0.986
ASH1L	-7.83	8	-1.30	0.0964	1510	0.962	0.904	16543	0.986
UBR4	-7.83	8	-1.30	0.0964	1511	0.962	0.904	16542	0.986
KIAA0368	-7.82	8	-1.30	0.0966	1512	0.962	0.903	16541	0.986
C15orf41	-7.82	8	-1.30	0.0966	1513	0.962	0.903	16540	0.986
DCAF13	-7.82	8	-1.30	0.0969	1514	0.962	0.903	16539	0.986
CSF3	-7.82	8	-1.30	0.0969	1515	0.962	0.903	16538	0.986
TMEM61	-7.81	8	-1.30	0.097	1516	0.962	0.903	16537	0.986
CLK4	-7.81	8	-1.30	0.0974	1517	0.962	0.903	16536	0.985
XRCC4	-7.80	8	-1.30	0.0977	1518	0.962	0.902	16535	0.985
LRRC71	-7.80	8	-1.29	0.0978	1519	0.962	0.902	16534	0.985
ZNF277	-7.79	8	-1.29	0.0979	1520	0.962	0.902	16533	0.985
AGPAT4	-7.78	8	-1.29	0.0983	1521	0.962	0.902	16532	0.985
SLC39A13	-7.78	8	-1.29	0.0984	1522	0.962	0.902	16531	0.985
CDS2	-7.78	8	-1.29	0.0985	1523	0.962	0.902	16530	0.985
SCFD1	-7.78	8	-1.29	0.0986	1524	0.962	0.901	16529	0.984
FAM122C	-7.78	8	-1.29	0.0987	1525	0.962	0.901	16528	0.984
KIAA0196	-7.77	8	-1.29	0.0992	1526	0.962	0.901	16527	0.984
CYTH1	-7.76	8	-1.29	0.0993	1527	0.962	0.901	16526	0.984
ZIC5	-7.76	8	-1.29	0.0994	1528	0.962	0.901	16525	0.984
NFYC	-7.76	8	-1.28	0.0994	1529	0.962	0.901	16524	0.984
CEMP1	-7.76	8	-1.28	0.0996	1530	0.962	0.9	16523	0.984
HLA-B	-5.48	4	-1.28	0.0999	1531	0.962	0.9	16522	0.983
EFCAB14	-7.75	8	-1.28	0.0999	1532	0.962	0.9	16521	0.983
RIN1	-7.75	8	-1.28	0.1	1533	0.962	0.9	16520	0.983
ASCL2	-7.75	8	-1.28	0.1	1534	0.962	0.9	16519	0.983
TFAP2E	-7.74	8	-1.28	0.1	1535	0.962	0.9	16518	0.983
SLC22A24	-7.74	8	-1.28	0.1	1536	0.962	0.9	16517	0.983
COL15A1	-7.73	8	-1.28	0.101	1537	0.962	0.899	16516	0.983
TPST2	-7.73	8	-1.28	0.101	1538	0.962	0.899	16515	0.983
PCMT1	-7.73	8	-1.28	0.101	1539	0.962	0.899	16514	0.983
PRDM8	-7.73	8	-1.28	0.101	1540	0.962	0.899	16513	0.983
ASPM	-7.73	8	-1.28	0.101	1541	0.962	0.899	16512	0.983
LST1	-7.73	8	-1.28	0.101	1542	0.962	0.899	16511	0.983
ZNF510	-7.72	8	-1.28	0.101	1543	0.962	0.899	16510	0.983
LRFN4	-7.72	8	-1.27	0.101	1544	0.962	0.899	16509	0.983
LSM4	-7.72	8	-1.27	0.101	1545	0.962	0.899	16508	0.983
RNF39	-7.72	8	-1.27	0.101	1546	0.962	0.899	16507	0.983
C4orf46	-7.72	8	-1.27	0.101	1547	0.962	0.899	16506	0.983
GREB1L	-7.71	8	-1.27	0.102	1548	0.962	0.898	16505	0.983
MPRIP	-7.21	7	-1.27	0.102	1549	0.962	0.898	16504	0.982
POLR2F	-7.71	8	-1.27	0.102	1550	0.962	0.898	16503	0.982
FCRL4	-7.71	8	-1.27	0.102	1551	0.962	0.898	16502	0.982
PRPF31	-7.70	8	-1.27	0.102	1552	0.962	0.898	16501	0.982
PFDN6	-7.70	8	-1.27	0.102	1553	0.962	0.898	16500	0.982
UTP3	-7.70	8	-1.27	0.102	1554	0.962	0.898	16499	0.982
BRCA2	-7.70	8	-1.27	0.102	1555	0.962	0.898	16498	0.982
DDX52	-7.70	8	-1.27	0.102	1556	0.962	0.898	16497	0.982
COX10	-7.69	8	-1.27	0.102	1557	0.962	0.898	16496	0.982
CCDC79	-7.69	8	-1.27	0.103	1558	0.962	0.897	16495	0.982
XYLT1	-7.69	8	-1.27	0.103	1559	0.962	0.897	16494	0.982
NOL10	-7.69	8	-1.27	0.103	1560	0.962	0.897	16493	0.982
CLDN23	-7.69	8	-1.27	0.103	1561	0.962	0.897	16492	0.982
CDK5RAP2	-7.68	8	-1.26	0.103	1562	0.962	0.897	16491	0.982
PLK1	-7.68	8	-1.26	0.103	1563	0.962	0.897	16490	0.982
MATN4	-7.68	8	-1.26	0.103	1564	0.962	0.897	16489	0.982
ZNF131	-7.67	8	-1.26	0.103	1565	0.962	0.897	16488	0.982
C6orf47	-7.67	8	-1.26	0.103	1566	0.962	0.897	16487	0.982
CCDC93	-7.67	8	-1.26	0.103	1567	0.962	0.897	16486	0.982
WDR12	-7.67	8	-1.26	0.104	1568	0.962	0.896	16485	0.982
DNA2	-7.67	8	-1.26	0.104	1569	0.962	0.896	16484	0.982
ARAP1	-7.66	8	-1.26	0.104	1570	0.962	0.896	16483	0.982
PCM1	-7.66	8	-1.26	0.104	1571	0.962	0.896	16482	0.982
CHMP4C	-7.66	8	-1.26	0.104	1572	0.962	0.896	16481	0.981
MAP3K11	-7.66	8	-1.26	0.104	1573	0.962	0.896	16480	0.981
TEKT2	-7.65	8	-1.26	0.104	1574	0.962	0.896	16479	0.981
ADNP	-7.65	8	-1.26	0.104	1575	0.962	0.896	16478	0.981
ALK	-7.64	8	-1.25	0.105	1576	0.962	0.895	16477	0.981
TMEM179B	-7.64	8	-1.25	0.105	1577	0.962	0.895	16476	0.981
PRAP1	-7.64	8	-1.25	0.105	1578	0.962	0.895	16475	0.981
NDUFA5	-7.63	8	-1.25	0.105	1579	0.962	0.895	16474	0.98
MGEA5	-7.63	8	-1.25	0.105	1580	0.962	0.895	16473	0.98
GPR142	-7.63	8	-1.25	0.105	1581	0.962	0.895	16472	0.98
SPTLC1	-7.63	8	-1.25	0.105	1582	0.962	0.895	16471	0.98
ZBTB18	-7.62	8	-1.25	0.106	1583	0.962	0.894	16470	0.98
RPA1	-7.62	8	-1.25	0.106	1584	0.962	0.894	16469	0.98
FKRP	-7.62	8	-1.25	0.106	1585	0.962	0.894	16468	0.98
OR2C3	-7.62	8	-1.25	0.106	1586	0.962	0.894	16467	0.98
ZSWIM3	-7.62	8	-1.25	0.106	1587	0.962	0.894	16466	0.98
ARRDC5	-7.13	7	-1.25	0.106	1588	0.962	0.894	16465	0.98
SERHL2	-7.62	8	-1.25	0.106	1589	0.962	0.894	16464	0.98
BAI3	-7.62	8	-1.25	0.106	1590	0.962	0.894	16463	0.98
TTYH1	-7.62	8	-1.25	0.106	1591	0.962	0.894	16462	0.98
GDPD3	-7.62	8	-1.25	0.106	1592	0.962	0.894	16461	0.98
CTCF	-7.62	8	-1.25	0.106	1593	0.962	0.894	16460	0.98
INTS7	-7.62	8	-1.25	0.106	1594	0.962	0.894	16459	0.98
LTBP2	-7.61	8	-1.25	0.106	1595	0.962	0.894	16458	0.98
MCL1	-7.61	8	-1.25	0.107	1596	0.962	0.893	16457	0.98
LGALS8	-7.61	8	-1.25	0.107	1597	0.962	0.893	16456	0.98
SRSF6	-7.61	8	-1.25	0.107	1598	0.962	0.893	16455	0.98
BCL2L1	-7.61	8	-1.24	0.107	1599	0.962	0.893	16454	0.98
MED25	-7.60	8	-1.24	0.107	1600	0.962	0.893	16453	0.98
ZNF287	-7.60	8	-1.24	0.107	1601	0.962	0.893	16452	0.98
TOP1	-7.60	8	-1.24	0.107	1602	0.962	0.893	16451	0.98
ENY2	-7.60	8	-1.24	0.107	1603	0.962	0.893	16450	0.98
USP35	-7.60	8	-1.24	0.107	1604	0.962	0.893	16449	0.98
RNF25	-7.60	8	-1.24	0.107	1605	0.962	0.893	16448	0.98
NDUFV1	-7.60	8	-1.24	0.107	1606	0.962	0.893	16447	0.98
IVNS1ABP	-7.59	8	-1.24	0.107	1607	0.962	0.893	16446	0.98
MRPL15	-7.59	8	-1.24	0.107	1608	0.962	0.893	16445	0.98
C1QTNF5	-7.59	8	-1.24	0.107	1609	0.962	0.893	16444	0.98
TPGS1	-7.59	8	-1.24	0.108	1610	0.962	0.892	16443	0.98
FANCM	-7.58	8	-1.24	0.108	1611	0.962	0.892	16442	0.98
FKBP3	-7.58	8	-1.24	0.108	1612	0.962	0.892	16441	0.98
EMC4	-7.58	8	-1.24	0.108	1613	0.962	0.892	16440	0.98
TSEN54	-7.58	8	-1.24	0.108	1614	0.962	0.892	16439	0.98
RBM18	-7.58	8	-1.24	0.108	1615	0.962	0.892	16438	0.98
SMEK1	-7.58	8	-1.24	0.108	1616	0.962	0.892	16437	0.98
MYEOV	-7.58	8	-1.24	0.108	1617	0.962	0.892	16436	0.98
SERGEF	-7.57	8	-1.24	0.108	1618	0.962	0.892	16435	0.98
SLTM	-7.57	8	-1.24	0.108	1619	0.962	0.892	16434	0.98
GPR125	-7.57	8	-1.24	0.108	1620	0.962	0.892	16433	0.98
TBC1D10B	-7.57	8	-1.24	0.108	1621	0.962	0.892	16432	0.98
PTPLAD2	-7.57	8	-1.24	0.108	1622	0.962	0.892	16431	0.98
OPRL1	-7.57	8	-1.23	0.108	1623	0.962	0.892	16430	0.98
PEX12	-7.57	8	-1.23	0.108	1624	0.962	0.892	16429	0.98
CENPT	-7.56	8	-1.23	0.109	1625	0.962	0.891	16428	0.979
SH3GL1	-7.55	8	-1.23	0.109	1626	0.962	0.891	16427	0.979
CTAGE5	-7.55	8	-1.23	0.109	1627	0.962	0.891	16426	0.979
MRPL23	-7.55	8	-1.23	0.109	1628	0.962	0.891	16425	0.979
DNAJB4	-7.55	8	-1.23	0.109	1629	0.962	0.891	16424	0.979
UBE2K	-7.55	8	-1.23	0.109	1630	0.962	0.891	16423	0.979
TEFM	-7.55	8	-1.23	0.109	1631	0.962	0.891	16422	0.979
ZNF230	-7.55	8	-1.23	0.109	1632	0.962	0.891	16421	0.979
STK10	-7.54	8	-1.23	0.11	1633	0.962	0.89	16420	0.979
BCMO1	-7.54	8	-1.23	0.11	1634	0.962	0.89	16419	0.979
PRM2	-7.54	8	-1.23	0.11	1635	0.962	0.89	16418	0.979
HS2ST1	-7.54	8	-1.23	0.11	1636	0.962	0.89	16417	0.979
IL17RB	-7.53	8	-1.23	0.11	1637	0.962	0.89	16416	0.979
C19orf35	-7.53	8	-1.23	0.11	1638	0.962	0.89	16415	0.979
PPIL1	-7.53	8	-1.23	0.11	1639	0.962	0.89	16414	0.979
GCDH	-7.53	8	-1.23	0.11	1640	0.962	0.89	16413	0.979
SYNCRIP	-7.53	8	-1.23	0.11	1641	0.962	0.89	16412	0.979
SYTL1	-7.53	8	-1.22	0.11	1642	0.962	0.89	16411	0.979
WDR55	-7.53	8	-1.22	0.11	1643	0.962	0.89	16410	0.979
SEPHS2	-7.52	8	-1.22	0.111	1644	0.962	0.889	16409	0.978
TAF3	-7.52	8	-1.22	0.111	1645	0.962	0.889	16408	0.978
NOP10	-7.52	8	-1.22	0.111	1646	0.962	0.889	16407	0.978
B4GALNT4	-7.52	8	-1.22	0.111	1647	0.962	0.889	16406	0.978
RBMX	-3.76	2	-1.22	0.111	1648	0.962	0.889	16405	0.978
HSDL1	-7.52	8	-1.22	0.111	1649	0.962	0.889	16404	0.978
PSMD8	-7.51	8	-1.22	0.111	1650	0.962	0.889	16403	0.978
PRSS53	-7.51	8	-1.22	0.111	1651	0.962	0.889	16402	0.978
FCGR1A	-7.51	8	-1.22	0.111	1652	0.962	0.889	16401	0.978
PSMC1	-7.51	8	-1.22	0.111	1653	0.962	0.889	16400	0.978
PWP2	-7.51	8	-1.22	0.111	1654	0.962	0.889	16399	0.978
NUP85	-7.51	8	-1.22	0.111	1655	0.962	0.889	16398	0.978
FBXO46	-7.51	8	-1.22	0.111	1656	0.962	0.889	16397	0.978
TMED2	-7.51	8	-1.22	0.111	1657	0.962	0.889	16396	0.978
SIX2	-7.50	8	-1.22	0.111	1658	0.962	0.889	16395	0.978
BRCA1	-7.50	8	-1.22	0.112	1659	0.962	0.888	16394	0.978
RNF151	-7.50	8	-1.22	0.112	1660	0.962	0.888	16393	0.978
DXO	-7.50	8	-1.22	0.112	1661	0.962	0.888	16392	0.978
SNRPB2	-7.50	8	-1.22	0.112	1662	0.962	0.888	16391	0.978
ROMO1	-7.50	8	-1.22	0.112	1663	0.962	0.888	16390	0.978
NHEJ1	-7.50	8	-1.22	0.112	1664	0.962	0.888	16389	0.978
SUPV3L1	-7.49	8	-1.22	0.112	1665	0.962	0.888	16388	0.978
LACE1	-7.49	8	-1.22	0.112	1666	0.962	0.888	16387	0.978
SIPA1	-7.49	8	-1.21	0.112	1667	0.962	0.888	16386	0.978
C2orf78	-7.49	8	-1.21	0.112	1668	0.962	0.888	16385	0.978
RPL31	-5.29	4	-1.21	0.112	1669	0.962	0.888	16384	0.978
UFM1	-7.48	8	-1.21	0.113	1670	0.962	0.887	16383	0.978
ASB1	-7.48	8	-1.21	0.113	1671	0.962	0.887	16382	0.978
PDK2	-7.48	8	-1.21	0.113	1672	0.962	0.887	16381	0.978
GZMM	-7.48	8	-1.21	0.113	1673	0.962	0.887	16380	0.978
ERVFRD-1	-7.47	8	-1.21	0.113	1674	0.962	0.887	16379	0.978
PRR25	-6.47	6	-1.21	0.113	1675	0.962	0.887	16378	0.978
ZBTB45	-7.47	8	-1.21	0.113	1676	0.962	0.887	16377	0.978
LRRN3	-7.47	8	-1.21	0.113	1677	0.962	0.887	16376	0.978
KIF6	-7.47	8	-1.21	0.113	1678	0.962	0.887	16375	0.978
PET117	-7.47	8	-1.21	0.113	1679	0.962	0.887	16374	0.978
DCAF12	-7.47	8	-1.21	0.113	1680	0.962	0.887	16373	0.978
INSRR	-7.47	8	-1.21	0.113	1681	0.962	0.887	16372	0.978
TRPT1	-7.47	8	-1.21	0.113	1682	0.962	0.887	16371	0.978
SEC61G	-6.47	6	-1.21	0.113	1683	0.962	0.887	16370	0.978
CYP4A11	-6.47	6	-1.21	0.113	1684	0.962	0.887	16369	0.978
PPP1R12A	-7.46	8	-1.21	0.113	1685	0.962	0.887	16368	0.978
MST4	-7.46	8	-1.21	0.113	1686	0.962	0.887	16367	0.978
ACR	-7.46	8	-1.21	0.114	1687	0.962	0.886	16366	0.978
NR0B2	-7.46	8	-1.21	0.114	1688	0.962	0.886	16365	0.978
GEMIN4	-7.46	8	-1.21	0.114	1689	0.962	0.886	16364	0.978
BAZ1B	-7.46	8	-1.21	0.114	1690	0.962	0.886	16363	0.978
TOMM20L	-7.45	8	-1.21	0.114	1691	0.962	0.886	16362	0.978
MCM7	-7.45	8	-1.21	0.114	1692	0.962	0.886	16361	0.978
TTF1	-7.45	8	-1.21	0.114	1693	0.962	0.886	16360	0.978
ADAMTS17	-7.45	8	-1.21	0.114	1694	0.962	0.886	16359	0.978
PAIP1	-7.45	8	-1.21	0.114	1695	0.962	0.886	16358	0.978
TECTA	-7.45	8	-1.20	0.114	1696	0.962	0.886	16357	0.978
PRRC2B	-7.45	8	-1.20	0.114	1697	0.962	0.886	16356	0.978
NCOA6	-7.44	8	-1.20	0.114	1698	0.962	0.886	16355	0.977
GJA8	-7.44	8	-1.20	0.115	1699	0.962	0.885	16354	0.977
HCFC1	-7.43	8	-1.20	0.115	1700	0.962	0.885	16353	0.977
GSAP	-7.43	8	-1.20	0.115	1701	0.962	0.885	16352	0.977
IL1RN	-7.43	8	-1.20	0.115	1702	0.962	0.885	16351	0.977
DKK3	-7.43	8	-1.20	0.115	1703	0.962	0.885	16350	0.977
RNF217	-7.43	8	-1.20	0.115	1704	0.962	0.885	16349	0.977
DRG1	-7.43	8	-1.20	0.115	1705	0.962	0.885	16348	0.977
EIF1AX	-7.43	8	-1.20	0.115	1706	0.962	0.885	16347	0.977
DDX25	-7.42	8	-1.20	0.115	1707	0.962	0.885	16346	0.977
TADA1	-7.42	8	-1.20	0.116	1708	0.962	0.884	16345	0.977
STX12	-7.42	8	-1.20	0.116	1709	0.962	0.884	16344	0.977
RNF180	-7.42	8	-1.20	0.116	1710	0.962	0.884	16343	0.977
DERL3	-7.42	8	-1.20	0.116	1711	0.962	0.884	16342	0.977
MGAT2	-7.41	8	-1.20	0.116	1712	0.962	0.884	16341	0.977
ZNF462	-7.41	8	-1.20	0.116	1713	0.962	0.884	16340	0.977
C19orf44	-7.41	8	-1.20	0.116	1714	0.962	0.884	16339	0.977
TRIB1	-7.41	8	-1.19	0.116	1715	0.962	0.884	16338	0.977
USE1	-7.41	8	-1.19	0.116	1716	0.962	0.884	16337	0.977
RBMXL2	-7.41	8	-1.19	0.116	1717	0.962	0.884	16336	0.977
CDC7	-7.41	8	-1.19	0.116	1718	0.962	0.884	16335	0.976
TAF4	-7.41	8	-1.19	0.116	1719	0.962	0.884	16334	0.976
TSG101	-7.40	8	-1.19	0.117	1720	0.962	0.883	16333	0.976
C17orf75	-7.40	8	-1.19	0.117	1721	0.962	0.883	16332	0.976
PDZK1	-7.40	8	-1.19	0.117	1722	0.962	0.883	16331	0.976
RAD50	-7.40	8	-1.19	0.117	1723	0.962	0.883	16330	0.976
MBOAT1	-7.40	8	-1.19	0.117	1724	0.962	0.883	16329	0.976
ARHGEF3	-7.39	8	-1.19	0.117	1725	0.962	0.883	16328	0.976
NANOS1	-7.39	8	-1.19	0.117	1726	0.962	0.883	16327	0.976
PMM2	-7.39	8	-1.19	0.117	1727	0.962	0.883	16326	0.976
DDX26B	-7.39	8	-1.19	0.117	1728	0.962	0.883	16325	0.976
LSM14A	-7.39	8	-1.19	0.117	1729	0.962	0.883	16324	0.976
C1QTNF8	-7.38	8	-1.19	0.117	1730	0.962	0.883	16323	0.976
NAT8	-7.38	8	-1.19	0.118	1731	0.962	0.882	16322	0.976
ZNF622	-7.38	8	-1.19	0.118	1732	0.962	0.882	16321	0.976
MPPED2	-7.38	8	-1.19	0.118	1733	0.962	0.882	16320	0.976
METTL14	-7.38	8	-1.19	0.118	1734	0.962	0.882	16319	0.976
TSSK6	-7.37	8	-1.19	0.118	1735	0.962	0.882	16318	0.976
TLK2	-7.37	8	-1.18	0.118	1736	0.962	0.882	16317	0.976
SH2D3A	-7.37	8	-1.18	0.118	1737	0.962	0.882	16316	0.976
TMEM209	-7.36	8	-1.18	0.118	1738	0.962	0.882	16315	0.975
IFI16	-7.36	8	-1.18	0.119	1739	0.962	0.881	16314	0.975
SBSN	-7.36	8	-1.18	0.119	1740	0.962	0.881	16313	0.975
C11orf84	-7.36	8	-1.18	0.119	1741	0.962	0.881	16312	0.975
SLC25A34	-7.36	8	-1.18	0.119	1742	0.962	0.881	16311	0.975
USP36	-7.36	8	-1.18	0.119	1743	0.962	0.881	16310	0.975
LCN8	-7.36	8	-1.18	0.119	1744	0.962	0.881	16309	0.975
DROSHA	-7.36	8	-1.18	0.119	1745	0.962	0.881	16308	0.975
SPNS1	-7.36	8	-1.18	0.119	1746	0.962	0.881	16307	0.975
DDX31	-6.37	6	-1.18	0.119	1747	0.962	0.881	16306	0.975
KRT24	-7.35	8	-1.18	0.119	1748	0.962	0.881	16305	0.975
LRRN4CL	-7.35	8	-1.18	0.119	1749	0.962	0.881	16304	0.975
LTBP3	-7.35	8	-1.18	0.119	1750	0.962	0.881	16303	0.975
NFKBIE	-7.34	8	-1.18	0.12	1751	0.962	0.88	16302	0.975
MRPS7	-7.34	8	-1.18	0.12	1752	0.962	0.88	16301	0.975
OR5L1	-7.34	8	-1.18	0.12	1753	0.962	0.88	16300	0.975
GATA4	-7.33	8	-1.17	0.12	1754	0.962	0.88	16299	0.975
CENPBD1	-7.33	8	-1.17	0.12	1755	0.962	0.88	16298	0.975
KDM8	-7.33	8	-1.17	0.12	1756	0.962	0.88	16297	0.975
PPIB	-7.33	8	-1.17	0.12	1757	0.962	0.88	16296	0.974
NDST2	-7.32	8	-1.17	0.121	1758	0.962	0.879	16295	0.974
LEMD2	-7.32	8	-1.17	0.121	1759	0.962	0.879	16294	0.974
PRMT10	-7.32	8	-1.17	0.121	1760	0.962	0.879	16293	0.974
PRMT7	-7.32	8	-1.17	0.121	1761	0.962	0.879	16292	0.974
IRS1	-7.32	8	-1.17	0.121	1762	0.962	0.879	16291	0.974
KCTD21	-7.32	8	-1.17	0.121	1763	0.962	0.879	16290	0.974
EHBP1L1	-7.31	8	-1.17	0.121	1764	0.962	0.879	16289	0.974
FAM89B	-7.31	8	-1.17	0.121	1765	0.962	0.879	16288	0.974
CD209	-7.31	8	-1.17	0.121	1766	0.962	0.879	16287	0.974
OR52W1	-7.31	8	-1.17	0.121	1767	0.962	0.879	16286	0.974
ZCCHC9	-7.31	8	-1.17	0.121	1768	0.962	0.879	16285	0.974
TCIRG1	-7.31	8	-1.17	0.121	1769	0.962	0.879	16284	0.974
STX18	-7.31	8	-1.17	0.121	1770	0.962	0.879	16283	0.974
C1orf52	-7.31	8	-1.17	0.121	1771	0.962	0.879	16282	0.974
PLIN3	-7.31	8	-1.17	0.121	1772	0.962	0.879	16281	0.974
RNF113A	-7.31	8	-1.17	0.121	1773	0.962	0.879	16280	0.974
USP45	-7.31	8	-1.17	0.121	1774	0.962	0.879	16279	0.974
ZNF79	-7.31	8	-1.17	0.121	1775	0.962	0.879	16278	0.974
DEFB113	-7.31	8	-1.17	0.121	1776	0.962	0.879	16277	0.974
RPTOR	-7.31	8	-1.17	0.122	1777	0.962	0.878	16276	0.974
NMRK1	-7.31	8	-1.17	0.122	1778	0.962	0.878	16275	0.974
ZSWIM8	-7.30	8	-1.17	0.122	1779	0.962	0.878	16274	0.974
IPO7	-7.30	8	-1.17	0.122	1780	0.962	0.878	16273	0.974
TRIM68	-7.30	8	-1.17	0.122	1781	0.962	0.878	16272	0.974
C4B	-3.65	2	-1.16	0.122	1782	0.962	0.878	16271	0.974
MTRR	-7.30	8	-1.16	0.122	1783	0.962	0.878	16270	0.974
INSL5	-7.29	8	-1.16	0.122	1784	0.962	0.878	16269	0.974
PTCD3	-7.29	8	-1.16	0.122	1785	0.962	0.878	16268	0.974
CLIP3	-7.29	8	-1.16	0.122	1786	0.962	0.878	16267	0.974
CDK7	-7.29	8	-1.16	0.122	1787	0.962	0.878	16266	0.974
VTA1	-7.29	8	-1.16	0.122	1788	0.962	0.878	16265	0.974
FGD2	-7.29	8	-1.16	0.122	1789	0.962	0.878	16264	0.974
SP8	-7.29	8	-1.16	0.123	1790	0.962	0.877	16263	0.974
BIRC6	-7.29	8	-1.16	0.123	1791	0.962	0.877	16262	0.974
STRIP1	-7.29	8	-1.16	0.123	1792	0.962	0.877	16261	0.974
B4GALT3	-7.28	8	-1.16	0.123	1793	0.962	0.877	16260	0.974
KIF17	-7.28	8	-1.16	0.123	1794	0.962	0.877	16259	0.974
COG2	-7.28	8	-1.16	0.123	1795	0.962	0.877	16258	0.974
CASS4	-7.28	8	-1.16	0.123	1796	0.962	0.877	16257	0.974
ACD	-7.27	8	-1.16	0.123	1797	0.962	0.877	16256	0.974
DNAJC8	-7.27	8	-1.16	0.123	1798	0.962	0.877	16255	0.974
EIF3J	-7.27	8	-1.16	0.123	1799	0.962	0.877	16254	0.974
RABL6	-7.27	8	-1.16	0.123	1800	0.962	0.877	16253	0.974
VWA3A	-7.27	8	-1.16	0.123	1801	0.962	0.877	16252	0.974
TNFRSF18	-7.27	8	-1.16	0.123	1802	0.962	0.877	16251	0.974
DPM2	-7.27	8	-1.16	0.123	1803	0.962	0.877	16250	0.974
INCENP	-7.27	8	-1.16	0.123	1804	0.962	0.877	16249	0.974
UCK2	-7.27	8	-1.16	0.124	1805	0.962	0.876	16248	0.974
SLC7A7	-7.27	8	-1.16	0.124	1806	0.962	0.876	16247	0.974
WRB	-7.26	8	-1.16	0.124	1807	0.962	0.876	16246	0.974
LRRC9	-7.26	8	-1.16	0.124	1808	0.962	0.876	16245	0.974
SSRP1	-7.26	8	-1.16	0.124	1809	0.962	0.876	16244	0.974
LTBP1	-7.26	8	-1.16	0.124	1810	0.962	0.876	16243	0.974
ZNF629	-6.28	6	-1.15	0.124	1811	0.962	0.876	16242	0.973
SNRPD2	-7.25	8	-1.15	0.124	1812	0.962	0.876	16241	0.973
TRPM7	-7.25	8	-1.15	0.124	1813	0.962	0.876	16240	0.973
PLCB2	-7.25	8	-1.15	0.125	1814	0.962	0.875	16239	0.973
CD2AP	-7.25	8	-1.15	0.125	1815	0.962	0.875	16238	0.973
EXOSC10	-7.24	8	-1.15	0.125	1816	0.962	0.875	16237	0.973
CAPN1	-7.24	8	-1.15	0.125	1817	0.962	0.875	16236	0.973
GPR144	-7.24	8	-1.15	0.125	1818	0.962	0.875	16235	0.973
CHRNE	-7.24	8	-1.15	0.125	1819	0.962	0.875	16234	0.973
EML1	-7.23	8	-1.15	0.125	1820	0.962	0.875	16233	0.973
SF1	-7.23	8	-1.15	0.125	1821	0.962	0.875	16232	0.973
ABHD13	-7.23	8	-1.15	0.126	1822	0.962	0.874	16231	0.973
KIF18A	-7.23	8	-1.15	0.126	1823	0.962	0.874	16230	0.972
RNASE12	-7.22	8	-1.15	0.126	1824	0.962	0.874	16229	0.972
STYX	-7.22	8	-1.15	0.126	1825	0.962	0.874	16228	0.972
ROM1	-7.22	8	-1.14	0.126	1826	0.962	0.874	16227	0.972
RTF1	-7.22	8	-1.14	0.126	1827	0.962	0.874	16226	0.972
INO80E	-7.21	8	-1.14	0.126	1828	0.962	0.874	16225	0.972
PABPN1	-7.21	8	-1.14	0.126	1829	0.962	0.874	16224	0.972
RHPN2	-7.21	8	-1.14	0.127	1830	0.962	0.873	16223	0.972
KLC2	-7.21	8	-1.14	0.127	1831	0.962	0.873	16222	0.972
RBM6	-7.21	8	-1.14	0.127	1832	0.962	0.873	16221	0.972
PPT2	-7.21	8	-1.14	0.127	1833	0.962	0.873	16220	0.972
MZT1	-5.10	4	-1.14	0.127	1834	0.962	0.873	16219	0.972
SUDS3	-7.21	8	-1.14	0.127	1835	0.962	0.873	16218	0.972
ZNF541	-7.20	8	-1.14	0.127	1836	0.962	0.873	16217	0.972
KRT14	-7.20	8	-1.14	0.127	1837	0.962	0.873	16216	0.972
ETF1	-7.20	8	-1.14	0.127	1838	0.962	0.873	16215	0.972
CFL1	-7.20	8	-1.14	0.127	1839	0.962	0.873	16214	0.972
ZSCAN10	-7.20	8	-1.14	0.127	1840	0.962	0.873	16213	0.972
PABPC1	-7.19	8	-1.14	0.127	1841	0.962	0.873	16212	0.972
C16orf95	-7.19	8	-1.14	0.127	1842	0.962	0.873	16211	0.972
ISOC2	-7.19	8	-1.14	0.128	1843	0.962	0.872	16210	0.972
HFE2	-7.19	8	-1.14	0.128	1844	0.962	0.872	16209	0.972
TRAM1L1	-7.19	8	-1.14	0.128	1845	0.962	0.872	16208	0.972
NUP43	-7.19	8	-1.14	0.128	1846	0.962	0.872	16207	0.972
RRP36	-7.19	8	-1.14	0.128	1847	0.962	0.872	16206	0.972
C9orf78	-7.19	8	-1.14	0.128	1848	0.962	0.872	16205	0.972
TWISTNB	-7.19	8	-1.14	0.128	1849	0.962	0.872	16204	0.972
LCN1	-7.18	8	-1.14	0.128	1850	0.962	0.872	16203	0.972
TRIM63	-7.18	8	-1.14	0.128	1851	0.962	0.872	16202	0.972
CEP57L1	-7.18	8	-1.14	0.128	1852	0.962	0.872	16201	0.972
ZCCHC4	-7.18	8	-1.13	0.128	1853	0.962	0.872	16200	0.971
RRP9	-7.18	8	-1.13	0.128	1854	0.962	0.872	16199	0.971
C19orf45	-7.17	8	-1.13	0.129	1855	0.962	0.871	16198	0.971
TOMM22	-7.17	8	-1.13	0.129	1856	0.962	0.871	16197	0.971
GPR17	-7.17	8	-1.13	0.129	1857	0.962	0.871	16196	0.971
THOC7	-7.17	8	-1.13	0.129	1858	0.962	0.871	16195	0.971
TM9SF1	-7.17	8	-1.13	0.129	1859	0.962	0.871	16194	0.971
RSAD1	-7.17	8	-1.13	0.129	1860	0.962	0.871	16193	0.971
NOL11	-7.17	8	-1.13	0.129	1861	0.962	0.871	16192	0.971
KIF26A	-7.16	8	-1.13	0.129	1862	0.962	0.871	16191	0.971
RAD51B	-7.16	8	-1.13	0.129	1863	0.962	0.871	16190	0.971
NDUFA13	-7.16	8	-1.13	0.129	1864	0.962	0.871	16189	0.971
OBP2A	-3.57	2	-1.13	0.13	1865	0.962	0.87	16188	0.97
HNRNPUL2	-7.15	8	-1.13	0.13	1866	0.962	0.87	16187	0.97
POLR2B	-7.15	8	-1.13	0.13	1867	0.962	0.87	16186	0.97
RASGRP2	-7.14	8	-1.13	0.13	1868	0.962	0.87	16185	0.97
DTL	-7.14	8	-1.12	0.13	1869	0.962	0.87	16184	0.97
UPK3A	-7.14	8	-1.12	0.13	1870	0.962	0.87	16183	0.97
DOCK2	-7.14	8	-1.12	0.13	1871	0.962	0.87	16182	0.97
KDM6A	-6.18	6	-1.12	0.131	1872	0.962	0.869	16181	0.97
ZNF461	-7.14	8	-1.12	0.131	1873	0.962	0.869	16180	0.97
LANCL1	-7.14	8	-1.12	0.131	1874	0.962	0.869	16179	0.97
KCTD14	-7.14	8	-1.12	0.131	1875	0.962	0.869	16178	0.97
C7orf26	-7.13	8	-1.12	0.131	1876	0.962	0.869	16177	0.97
GK	-7.13	8	-1.12	0.131	1877	0.962	0.869	16176	0.97
CHAD	-7.13	8	-1.12	0.131	1878	0.962	0.869	16175	0.97
ZDHHC6	-7.13	8	-1.12	0.131	1879	0.962	0.869	16174	0.97
MMGT1	-7.13	8	-1.12	0.131	1880	0.962	0.869	16173	0.97
CCDC122	-6.17	6	-1.12	0.131	1881	0.962	0.869	16172	0.97
KLK15	-7.12	8	-1.12	0.131	1882	0.962	0.869	16171	0.97
LRRC1	-7.12	8	-1.12	0.131	1883	0.962	0.869	16170	0.97
CADM4	-7.12	8	-1.12	0.131	1884	0.962	0.869	16169	0.97
LRRC57	-7.12	8	-1.12	0.131	1885	0.962	0.869	16168	0.97
DENND1A	-7.11	8	-1.12	0.132	1886	0.962	0.868	16167	0.969
KRT13	-7.11	8	-1.12	0.132	1887	0.962	0.868	16166	0.969
CACFD1	-7.11	8	-1.12	0.132	1888	0.962	0.868	16165	0.969
TMEM63B	-7.11	8	-1.12	0.132	1889	0.962	0.868	16164	0.969
MORN1	-7.11	8	-1.12	0.132	1890	0.962	0.868	16163	0.969
PSMD2	-7.11	8	-1.12	0.132	1891	0.962	0.868	16162	0.969
B3GAT3	-7.11	8	-1.12	0.132	1892	0.962	0.868	16161	0.969
OR2AT4	-7.11	8	-1.12	0.132	1893	0.962	0.868	16160	0.969
CFB	-7.11	8	-1.12	0.132	1894	0.962	0.868	16159	0.969
CLSPN	-7.10	8	-1.11	0.133	1895	0.962	0.867	16158	0.969
MRPL27	-7.10	8	-1.11	0.133	1896	0.962	0.867	16157	0.969
AMPD1	-7.09	8	-1.11	0.133	1897	0.962	0.867	16156	0.969
KLHL3	-7.09	8	-1.11	0.133	1898	0.962	0.867	16155	0.969
CLPSL1	-7.09	8	-1.11	0.133	1899	0.962	0.867	16154	0.969
RCC1	-7.09	8	-1.11	0.133	1900	0.962	0.867	16153	0.969
GATA5	-7.09	8	-1.11	0.133	1901	0.962	0.867	16152	0.969
FA2H	-7.09	8	-1.11	0.133	1902	0.962	0.867	16151	0.969
DDX43	-7.09	8	-1.11	0.133	1903	0.962	0.867	16150	0.969
PIGL	-7.09	8	-1.11	0.133	1904	0.962	0.867	16149	0.969
TAS1R3	-7.08	8	-1.11	0.134	1905	0.962	0.866	16148	0.969
MRPL2	-7.08	8	-1.11	0.134	1906	0.962	0.866	16147	0.968
NOTUM	-7.08	8	-1.11	0.134	1907	0.962	0.866	16146	0.968
REV3L	-7.08	8	-1.11	0.134	1908	0.962	0.866	16145	0.968
COPS7B	-7.08	8	-1.11	0.134	1909	0.962	0.866	16144	0.968
PPT1	-7.07	8	-1.11	0.134	1910	0.962	0.866	16143	0.968
PIGC	-7.07	8	-1.11	0.134	1911	0.962	0.866	16142	0.968
SMIM4	-7.07	8	-1.11	0.134	1912	0.962	0.866	16141	0.968
MRPL28	-7.06	8	-1.10	0.135	1913	0.962	0.865	16140	0.968
CNPY4	-7.06	8	-1.10	0.135	1914	0.962	0.865	16139	0.968
JKAMP	-7.06	8	-1.10	0.135	1915	0.962	0.865	16138	0.968
XPO6	-7.06	8	-1.10	0.135	1916	0.962	0.865	16137	0.968
CTSF	-7.06	8	-1.10	0.135	1917	0.962	0.865	16136	0.968
ARX	-7.05	8	-1.10	0.135	1918	0.962	0.865	16135	0.967
AUNIP	-7.05	8	-1.10	0.135	1919	0.962	0.865	16134	0.967
PRICKLE4	-7.05	8	-1.10	0.135	1920	0.962	0.865	16133	0.967
CSRP2BP	-7.05	8	-1.10	0.135	1921	0.962	0.865	16132	0.967
MAD2L1	-7.05	8	-1.10	0.135	1922	0.962	0.865	16131	0.967
DNTTIP2	-7.05	8	-1.10	0.136	1923	0.962	0.864	16130	0.967
CLASP2	-7.04	8	-1.10	0.136	1924	0.962	0.864	16129	0.967
ARG1	-7.04	8	-1.10	0.136	1925	0.962	0.864	16128	0.967
MTA1	-7.04	8	-1.10	0.136	1926	0.962	0.864	16127	0.967
DNAJC4	-7.04	8	-1.10	0.136	1927	0.962	0.864	16126	0.967
C8orf34	-7.04	8	-1.10	0.136	1928	0.962	0.864	16125	0.967
TBC1D2B	-7.04	8	-1.10	0.136	1929	0.962	0.864	16124	0.967
WDR81	-7.03	8	-1.10	0.136	1930	0.962	0.864	16123	0.967
KAT7	-7.03	8	-1.10	0.136	1931	0.962	0.864	16122	0.967
GTPBP4	-7.03	8	-1.10	0.136	1932	0.962	0.864	16121	0.967
MDC1	-7.03	8	-1.10	0.137	1933	0.962	0.863	16120	0.967
RNF125	-7.03	8	-1.09	0.137	1934	0.962	0.863	16119	0.967
BDKRB1	-7.03	8	-1.09	0.137	1935	0.962	0.863	16118	0.967
ICA1L	-7.02	8	-1.09	0.137	1936	0.962	0.863	16117	0.967
ASCC3	-7.02	8	-1.09	0.137	1937	0.962	0.863	16116	0.967
PPARGC1B	-7.02	8	-1.09	0.137	1938	0.962	0.863	16115	0.967
AKIRIN1	-7.02	8	-1.09	0.137	1939	0.962	0.863	16114	0.967
ANLN	-6.08	6	-1.09	0.137	1940	0.962	0.863	16113	0.967
GSTO1	-7.02	8	-1.09	0.137	1941	0.962	0.863	16112	0.967
CDC23	-7.02	8	-1.09	0.137	1942	0.962	0.863	16111	0.967
MTFR1L	-7.02	8	-1.09	0.137	1943	0.962	0.863	16110	0.967
XPNPEP1	-7.01	8	-1.09	0.137	1944	0.962	0.863	16109	0.967
NID1	-7.01	8	-1.09	0.137	1945	0.962	0.863	16108	0.967
SSR1	-7.01	8	-1.09	0.137	1946	0.962	0.863	16107	0.967
06-Mar	-7.01	8	-1.09	0.138	1947	0.962	0.862	16106	0.967
MYBBP1A	-7.01	8	-1.09	0.138	1948	0.962	0.862	16105	0.967
ZSCAN5C	-7.01	8	-1.09	0.138	1949	0.962	0.862	16104	0.967
AEN	-7.01	8	-1.09	0.138	1950	0.962	0.862	16103	0.967
C14orf182	-7.01	8	-1.09	0.138	1951	0.962	0.862	16102	0.967
SCUBE1	-7.01	8	-1.09	0.138	1952	0.962	0.862	16101	0.967
EP300	-7.01	8	-1.09	0.138	1953	0.962	0.862	16100	0.967
SORBS3	-7.01	8	-1.09	0.138	1954	0.962	0.862	16099	0.967
SNTG2	-7.00	8	-1.09	0.138	1955	0.962	0.862	16098	0.967
FAM179B	-7.00	8	-1.09	0.138	1956	0.962	0.862	16097	0.967
ASB6	-7.00	8	-1.09	0.138	1957	0.962	0.862	16096	0.967
RNF169	-7.00	8	-1.09	0.138	1958	0.962	0.862	16095	0.967
RBBP8	-7.00	8	-1.09	0.138	1959	0.962	0.862	16094	0.967
SPARCL1	-7.00	8	-1.09	0.138	1960	0.962	0.862	16093	0.967
ETAA1	-7.00	8	-1.09	0.138	1961	0.962	0.862	16092	0.967
HSPA5	-6.99	8	-1.09	0.139	1962	0.962	0.861	16091	0.966
01-Sep	-6.99	8	-1.09	0.139	1963	0.962	0.861	16090	0.966
LAMTOR5	-6.99	8	-1.09	0.139	1964	0.962	0.861	16089	0.966
GSK3A	-6.99	8	-1.09	0.139	1965	0.962	0.861	16088	0.966
L3MBTL2	-6.99	8	-1.09	0.139	1966	0.962	0.861	16087	0.966
AXIN2	-6.99	8	-1.09	0.139	1967	0.962	0.861	16086	0.966
PIK3CD	-6.99	8	-1.09	0.139	1968	0.962	0.861	16085	0.966
SOX9	-6.99	8	-1.09	0.139	1969	0.962	0.861	16084	0.966
CX3CR1	-6.99	8	-1.08	0.139	1970	0.962	0.861	16083	0.966
KLC1	-6.98	8	-1.08	0.139	1971	0.962	0.861	16082	0.966
TBC1D21	-6.98	8	-1.08	0.139	1972	0.962	0.861	16081	0.966
FPGS	-6.98	8	-1.08	0.139	1973	0.962	0.861	16080	0.966
NUP54	-6.98	8	-1.08	0.139	1974	0.962	0.861	16079	0.966
TNFRSF9	-6.98	8	-1.08	0.139	1975	0.962	0.861	16078	0.966
MYC	-6.98	8	-1.08	0.139	1976	0.962	0.861	16077	0.966
MARK2	-6.98	8	-1.08	0.14	1977	0.962	0.86	16076	0.966
COPRS	-6.97	8	-1.08	0.14	1978	0.962	0.86	16075	0.966
LAP3	-6.97	8	-1.08	0.14	1979	0.962	0.86	16074	0.966
MTX1	-6.97	8	-1.08	0.14	1980	0.962	0.86	16073	0.966
HEATR5A	-6.97	8	-1.08	0.14	1981	0.962	0.86	16072	0.966
PIN1	-6.97	8	-1.08	0.14	1982	0.962	0.86	16071	0.966
NUF2	-6.97	8	-1.08	0.14	1983	0.962	0.86	16070	0.966
RRP12	-6.03	6	-1.08	0.14	1984	0.962	0.86	16069	0.966
OR51Q1	-6.96	8	-1.08	0.14	1985	0.962	0.86	16068	0.966
SIRT6	-6.96	8	-1.08	0.14	1986	0.962	0.86	16067	0.966
PPP1R35	-6.96	8	-1.08	0.141	1987	0.962	0.859	16066	0.966
TAF12	-6.96	8	-1.08	0.141	1988	0.962	0.859	16065	0.965
PLEKHG4B	-6.95	8	-1.08	0.141	1989	0.962	0.859	16064	0.965
ZMYND11	-6.95	8	-1.08	0.141	1990	0.962	0.859	16063	0.965
TMEM199	-6.95	8	-1.08	0.141	1991	0.962	0.859	16062	0.965
QARS	-6.95	8	-1.08	0.141	1992	0.962	0.859	16061	0.965
GRM8	-6.95	8	-1.07	0.141	1993	0.962	0.859	16060	0.965
RSPH6A	-6.95	8	-1.07	0.141	1994	0.962	0.859	16059	0.965
ECE1	-6.95	8	-1.07	0.141	1995	0.962	0.859	16058	0.965
TSC2	-6.95	8	-1.07	0.141	1996	0.962	0.859	16057	0.965
HYLS1	-6.95	8	-1.07	0.141	1997	0.962	0.859	16056	0.965
DCAF7	-3.47	2	-1.07	0.141	1998	0.962	0.859	16055	0.965
IKZF2	-6.95	8	-1.07	0.141	1999	0.962	0.859	16054	0.965
MAGEE1	-6.95	8	-1.07	0.141	2000	0.962	0.859	16053	0.965
DARS	-6.94	8	-1.07	0.141	2001	0.962	0.859	16052	0.965
RSL1D1	-6.94	8	-1.07	0.141	2002	0.962	0.859	16051	0.965
NEK1	-6.94	8	-1.07	0.142	2003	0.962	0.858	16050	0.965
SLC32A1	-6.94	8	-1.07	0.142	2004	0.962	0.858	16049	0.965
PMF1	-6.94	8	-1.07	0.142	2005	0.962	0.858	16048	0.965
CHKA	-6.94	8	-1.07	0.142	2006	0.962	0.858	16047	0.965
HRAS	-6.94	8	-1.07	0.142	2007	0.962	0.858	16046	0.965
CASP7	-6.94	8	-1.07	0.142	2008	0.962	0.858	16045	0.965
DOK5	-6.93	8	-1.07	0.142	2009	0.962	0.858	16044	0.965
HIST1H3I	-6.93	8	-1.07	0.142	2010	0.962	0.858	16043	0.965
ZC3H12D	-6.93	8	-1.07	0.142	2011	0.962	0.858	16042	0.965
CDC73	-6.93	8	-1.07	0.142	2012	0.962	0.858	16041	0.965
CEP57	-6.93	8	-1.07	0.143	2013	0.962	0.857	16040	0.965
CSHL1	-6.00	6	-1.07	0.143	2014	0.962	0.857	16039	0.965
KBTBD13	-6.93	8	-1.07	0.143	2015	0.962	0.857	16038	0.965
PSMC4	-6.92	8	-1.07	0.143	2016	0.962	0.857	16037	0.965
NSMCE2	-6.92	8	-1.07	0.143	2017	0.962	0.857	16036	0.965
TMTC4	-6.92	8	-1.07	0.143	2018	0.962	0.857	16035	0.965
GEMIN6	-6.92	8	-1.07	0.143	2019	0.962	0.857	16034	0.965
OR2F2	-6.91	8	-1.07	0.143	2020	0.962	0.857	16033	0.965
GAL3ST4	-6.91	8	-1.07	0.143	2021	0.962	0.857	16032	0.965
SCN4A	-6.91	8	-1.07	0.143	2022	0.962	0.857	16031	0.965
POLG	-6.91	8	-1.06	0.143	2023	0.962	0.857	16030	0.965
ZSCAN5B	-6.91	8	-1.06	0.144	2024	0.962	0.856	16029	0.965
PCID2	-6.91	8	-1.06	0.144	2025	0.962	0.856	16028	0.965
ADAMTS7	-6.91	8	-1.06	0.144	2026	0.962	0.856	16027	0.965
TMEM79	-6.91	8	-1.06	0.144	2027	0.962	0.856	16026	0.965
ADRA2B	-6.91	8	-1.06	0.144	2028	0.962	0.856	16025	0.965
SPATA6	-6.90	8	-1.06	0.144	2029	0.962	0.856	16024	0.964
DICER1	-6.90	8	-1.06	0.144	2030	0.962	0.856	16023	0.964
GTF2A1	-6.89	8	-1.06	0.144	2031	0.962	0.856	16022	0.964
F10	-6.89	8	-1.06	0.144	2032	0.962	0.856	16021	0.964
NUP133	-6.89	8	-1.06	0.144	2033	0.962	0.856	16020	0.964
FBXW7	-6.89	8	-1.06	0.145	2034	0.962	0.855	16019	0.964
DDX39B	-6.89	8	-1.06	0.145	2035	0.962	0.855	16018	0.964
RIMS4	-6.89	8	-1.06	0.145	2036	0.962	0.855	16017	0.964
PFDN2	-6.88	8	-1.06	0.145	2037	0.962	0.855	16016	0.964
ANAPC10	-6.88	8	-1.06	0.145	2038	0.962	0.855	16015	0.964
MAF	-6.88	8	-1.06	0.145	2039	0.962	0.855	16014	0.964
CHD7	-6.88	8	-1.06	0.145	2040	0.962	0.855	16013	0.964
IP6K2	-6.88	8	-1.06	0.145	2041	0.962	0.855	16012	0.964
GGN	-6.88	8	-1.06	0.145	2042	0.962	0.855	16011	0.964
POP1	-6.88	8	-1.06	0.145	2043	0.962	0.855	16010	0.964
RSG1	-6.88	8	-1.06	0.145	2044	0.962	0.855	16009	0.964
DCUN1D2	-6.88	8	-1.06	0.145	2045	0.962	0.855	16008	0.964
SLC17A4	-6.87	8	-1.06	0.146	2046	0.962	0.854	16007	0.964
DAP3	-6.87	8	-1.05	0.146	2047	0.962	0.854	16006	0.963
ZGPAT	-6.86	8	-1.05	0.146	2048	0.962	0.854	16005	0.963
RAD51	-6.86	8	-1.05	0.146	2049	0.962	0.854	16004	0.963
ARID3A	-6.86	8	-1.05	0.146	2050	0.962	0.854	16003	0.963
OR2H1	-6.86	8	-1.05	0.146	2051	0.962	0.854	16002	0.963
DCTN6	-6.86	8	-1.05	0.147	2052	0.962	0.853	16001	0.963
NR2F6	-5.94	6	-1.05	0.147	2053	0.962	0.853	16000	0.963
SET	-6.85	8	-1.05	0.147	2054	0.962	0.853	15999	0.963
EIF2B1	-6.85	8	-1.05	0.147	2055	0.962	0.853	15998	0.963
GPHA2	-6.85	8	-1.05	0.147	2056	0.962	0.853	15997	0.963
MCUR1	-6.85	8	-1.05	0.147	2057	0.962	0.853	15996	0.963
METTL17	-6.85	8	-1.05	0.147	2058	0.962	0.853	15995	0.963
HIST1H4C	-5.93	6	-1.05	0.147	2059	0.962	0.853	15994	0.963
PPME1	-6.85	8	-1.05	0.147	2060	0.962	0.853	15993	0.963
PTPRS	-6.85	8	-1.05	0.147	2061	0.962	0.853	15992	0.963
CLCC1	-6.85	8	-1.05	0.147	2062	0.962	0.853	15991	0.963
BAG6	-6.85	8	-1.05	0.147	2063	0.962	0.853	15990	0.963
SERPINB5	-6.84	8	-1.05	0.147	2064	0.962	0.853	15989	0.963
MVB12B	-6.84	8	-1.05	0.148	2065	0.962	0.852	15988	0.963
ZNF362	-6.84	8	-1.05	0.148	2066	0.962	0.852	15987	0.963
SRP9	-6.84	8	-1.05	0.148	2067	0.962	0.852	15986	0.963
GTF2H5	-6.84	8	-1.05	0.148	2068	0.962	0.852	15985	0.963
PKNOX1	-6.84	8	-1.05	0.148	2069	0.962	0.852	15984	0.962
AQP11	-6.84	8	-1.05	0.148	2070	0.962	0.852	15983	0.962
HTR1B	-6.84	8	-1.05	0.148	2071	0.962	0.852	15982	0.962
NPHS1	-6.83	8	-1.04	0.148	2072	0.962	0.852	15981	0.962
WRAP53	-6.83	8	-1.04	0.148	2073	0.962	0.852	15980	0.962
DDX19A	-6.83	8	-1.04	0.148	2074	0.962	0.852	15979	0.962
OR14A16	-6.83	8	-1.04	0.148	2075	0.962	0.852	15978	0.962
BAG2	-6.83	8	-1.04	0.148	2076	0.962	0.852	15977	0.962
EREG	-6.83	8	-1.04	0.148	2077	0.962	0.852	15976	0.962
MPG	-6.82	8	-1.04	0.149	2078	0.962	0.851	15975	0.962
OTUB2	-6.82	8	-1.04	0.149	2079	0.962	0.851	15974	0.962
PDPN	-6.82	8	-1.04	0.149	2080	0.962	0.851	15973	0.962
DLL3	-6.82	8	-1.04	0.149	2081	0.962	0.851	15972	0.962
EARS2	-6.82	8	-1.04	0.149	2082	0.962	0.851	15971	0.962
ATRNL1	-6.82	8	-1.04	0.149	2083	0.962	0.851	15970	0.962
MMACHC	-6.82	8	-1.04	0.149	2084	0.962	0.851	15969	0.962
CEP104	-6.82	8	-1.04	0.149	2085	0.962	0.851	15968	0.962
GRIN3B	-6.82	8	-1.04	0.149	2086	0.962	0.851	15967	0.962
MEMO1	-6.81	8	-1.04	0.149	2087	0.962	0.851	15966	0.962
ZC3HC1	-6.81	8	-1.04	0.149	2088	0.962	0.851	15965	0.962
CTU1	-6.81	8	-1.04	0.149	2089	0.962	0.851	15964	0.962
C17orf96	-6.81	8	-1.04	0.15	2090	0.962	0.85	15963	0.962
GLYAT	-6.80	8	-1.04	0.15	2091	0.962	0.85	15962	0.961
ENKD1	-6.79	8	-1.03	0.15	2092	0.962	0.85	15961	0.961
TNFRSF10C	-6.79	8	-1.03	0.15	2093	0.962	0.85	15960	0.961
GNB1	-6.79	8	-1.03	0.151	2094	0.962	0.849	15959	0.961
AXDND1	-6.79	8	-1.03	0.151	2095	0.962	0.849	15958	0.961
MEN1	-6.78	8	-1.03	0.151	2096	0.962	0.849	15957	0.96
APRT	-6.78	8	-1.03	0.151	2097	0.962	0.849	15956	0.96
POLR2G	-6.78	8	-1.03	0.151	2098	0.962	0.849	15955	0.96
CEND1	-6.78	8	-1.03	0.151	2099	0.962	0.849	15954	0.96
RBM8A	-5.87	6	-1.03	0.151	2100	0.962	0.849	15953	0.96
ZMAT2	-6.77	8	-1.03	0.152	2101	0.962	0.848	15952	0.96
BMPR1B	-6.77	8	-1.03	0.152	2102	0.962	0.848	15951	0.96
TPX2	-6.77	8	-1.03	0.152	2103	0.962	0.848	15950	0.96
PRDX1	-5.86	6	-1.03	0.152	2104	0.962	0.848	15949	0.96
NUP188	-6.77	8	-1.03	0.152	2105	0.962	0.848	15948	0.96
CHMP4B	-6.77	8	-1.03	0.152	2106	0.962	0.848	15947	0.96
CLN6	-6.77	8	-1.03	0.152	2107	0.962	0.848	15946	0.96
PRSS8	-6.77	8	-1.03	0.152	2108	0.962	0.848	15945	0.96
NAT8L	-3.38	2	-1.03	0.152	2109	0.962	0.848	15944	0.96
ZNF346	-6.76	8	-1.03	0.152	2110	0.962	0.848	15943	0.96
C11orf80	-6.76	8	-1.03	0.152	2111	0.962	0.848	15942	0.96
TRIM29	-6.76	8	-1.03	0.152	2112	0.962	0.848	15941	0.96
VPS26A	-6.76	8	-1.03	0.152	2113	0.962	0.848	15940	0.96
PPP1R15A	-6.76	8	-1.03	0.152	2114	0.962	0.848	15939	0.96
SPAG6	-6.76	8	-1.03	0.152	2115	0.962	0.848	15938	0.96
STRA8	-6.76	8	-1.03	0.153	2116	0.962	0.847	15937	0.96
PNLIPRP3	-6.76	8	-1.03	0.153	2117	0.962	0.847	15936	0.96
PIGK	-6.76	8	-1.03	0.153	2118	0.962	0.847	15935	0.96
CASP12	-6.76	8	-1.02	0.153	2119	0.962	0.847	15934	0.96
OR5B3	-5.85	6	-1.02	0.153	2120	0.962	0.847	15933	0.96
ATF6B	-6.75	8	-1.02	0.153	2121	0.962	0.847	15932	0.96
C6orf10	-6.75	8	-1.02	0.153	2122	0.962	0.847	15931	0.96
C14orf164	-6.75	8	-1.02	0.153	2123	0.962	0.847	15930	0.96
SRSF12	-6.74	8	-1.02	0.153	2124	0.962	0.847	15929	0.959
THEM6	-6.74	8	-1.02	0.153	2125	0.962	0.847	15928	0.959
LSS	-6.74	8	-1.02	0.153	2126	0.962	0.847	15927	0.959
CTU2	-6.74	8	-1.02	0.153	2127	0.962	0.847	15926	0.959
ARHGAP29	-6.74	8	-1.02	0.154	2128	0.962	0.846	15925	0.959
PTGES2	-6.74	8	-1.02	0.154	2129	0.962	0.846	15924	0.959
POT1	-6.74	8	-1.02	0.154	2130	0.962	0.846	15923	0.959
NUS1	-6.74	8	-1.02	0.154	2131	0.962	0.846	15922	0.959
ATP6V1C1	-6.74	8	-1.02	0.154	2132	0.962	0.846	15921	0.959
RICTOR	-6.74	8	-1.02	0.154	2133	0.962	0.846	15920	0.959
FAM166A	-6.74	8	-1.02	0.154	2134	0.962	0.846	15919	0.959
COL8A2	-6.74	8	-1.02	0.154	2135	0.962	0.846	15918	0.959
CDC42BPG	-6.74	8	-1.02	0.154	2136	0.962	0.846	15917	0.959
SCFD2	-6.74	8	-1.02	0.154	2137	0.962	0.846	15916	0.959
HGS	-6.73	8	-1.02	0.154	2138	0.962	0.846	15915	0.959
C16orf59	-6.73	8	-1.02	0.154	2139	0.962	0.846	15914	0.959
C10orf2	-6.73	8	-1.02	0.154	2140	0.962	0.846	15913	0.959
LINGO1	-6.73	8	-1.02	0.154	2141	0.962	0.846	15912	0.959
DLST	-6.73	8	-1.02	0.154	2142	0.962	0.846	15911	0.959
FAM217B	-6.73	8	-1.02	0.155	2143	0.962	0.845	15910	0.959
COX4I1	-6.72	8	-1.02	0.155	2144	0.962	0.845	15909	0.959
CAMK2A	-6.72	8	-1.02	0.155	2145	0.962	0.845	15908	0.959
WDR92	-6.72	8	-1.02	0.155	2146	0.962	0.845	15907	0.959
CDC5L	-6.72	8	-1.02	0.155	2147	0.962	0.845	15906	0.959
NSD1	-5.81	6	-1.01	0.155	2148	0.962	0.845	15905	0.959
ZNF419	-6.71	8	-1.01	0.155	2149	0.962	0.845	15904	0.959
CCND1	-6.71	8	-1.01	0.156	2150	0.962	0.844	15903	0.959
UFD1L	-6.71	8	-1.01	0.156	2151	0.962	0.844	15902	0.958
SKI	-6.71	8	-1.01	0.156	2152	0.962	0.844	15901	0.958
LAMC1	-6.71	8	-1.01	0.156	2153	0.962	0.844	15900	0.958
MIS12	-6.70	8	-1.01	0.156	2154	0.962	0.844	15899	0.958
GTF2H4	-6.70	8	-1.01	0.156	2155	0.962	0.844	15898	0.958
PIAS2	-6.70	8	-1.01	0.156	2156	0.962	0.844	15897	0.958
RBM28	-6.70	8	-1.01	0.156	2157	0.962	0.844	15896	0.958
C9orf116	-6.70	8	-1.01	0.156	2158	0.962	0.844	15895	0.958
BMPR2	-5.80	6	-1.01	0.156	2159	0.962	0.844	15894	0.958
SEC13	-6.70	8	-1.01	0.156	2160	0.962	0.844	15893	0.958
AGMO	-6.70	8	-1.01	0.156	2161	0.962	0.844	15892	0.958
CDCA4	-6.69	8	-1.01	0.156	2162	0.962	0.844	15891	0.958
ATXN7L3	-6.69	8	-1.01	0.157	2163	0.962	0.843	15890	0.958
SPATA31E1	-6.68	8	-1.01	0.157	2164	0.962	0.843	15889	0.957
ALX4	-6.68	8	-1.01	0.157	2165	0.962	0.843	15888	0.957
TET3	-6.68	8	-1.00	0.157	2166	0.962	0.843	15887	0.957
ROR2	-6.68	8	-1.00	0.157	2167	0.962	0.843	15886	0.957
CDC26	-6.67	8	-1.00	0.158	2168	0.962	0.842	15885	0.957
MRPL38	-6.67	8	-1.00	0.158	2169	0.962	0.842	15884	0.957
MTSS1	-6.67	8	-1.00	0.158	2170	0.962	0.842	15883	0.957
MTMR4	-6.67	8	-1.00	0.158	2171	0.962	0.842	15882	0.957
PKM	-6.67	8	-1.00	0.158	2172	0.962	0.842	15881	0.957
LPCAT3	-5.77	6	-1.00	0.158	2173	0.962	0.842	15880	0.957
JPH3	-6.67	8	-1.00	0.158	2174	0.962	0.842	15879	0.957
SEC61A1	-6.67	8	-1.00	0.158	2175	0.962	0.842	15878	0.957
POP4	-6.67	8	-1.00	0.158	2176	0.962	0.842	15877	0.957
HSD17B8	-6.67	8	-1.00	0.158	2177	0.962	0.842	15876	0.957
SVIP	-4.71	4	-1.00	0.158	2178	0.962	0.842	15875	0.957
EXOSC1	-6.66	8	-1.00	0.158	2179	0.962	0.842	15874	0.957
DAXX	-6.66	8	-1.00	0.159	2180	0.962	0.841	15873	0.957
NPFFR2	-6.66	8	-1.00	0.159	2181	0.962	0.841	15872	0.957
DDX3X	-6.66	8	-1.00	0.159	2182	0.962	0.841	15871	0.957
ST3GAL4	-6.66	8	-1.00	0.159	2183	0.962	0.841	15870	0.957
ATF3	-6.66	8	-1.00	0.159	2184	0.962	0.841	15869	0.957
FHDC1	-6.66	8	-1.00	0.159	2185	0.962	0.841	15868	0.957
MAMLD1	-6.66	8	-1.00	0.159	2186	0.962	0.841	15867	0.957
PROCR	-6.65	8	-1.00	0.159	2187	0.962	0.841	15866	0.957
NUP98	-6.65	8	-1.00	0.159	2188	0.962	0.841	15865	0.957
MIEN1	-6.65	8	-1.00	0.159	2189	0.962	0.841	15864	0.957
OLFML2A	-6.65	8	-1.00	0.159	2190	0.962	0.841	15863	0.957
BRK1	-6.65	8	-1.00	0.159	2191	0.962	0.841	15862	0.957
MSH4	-6.65	8	-1.00	0.159	2192	0.962	0.841	15861	0.957
BSCL2	-6.64	8	-1.00	0.16	2193	0.962	0.84	15860	0.957
BBS4	-6.64	8	-1.00	0.16	2194	0.962	0.84	15859	0.957
RPL10L	-6.64	8	-1.00	0.16	2195	0.962	0.84	15858	0.957
SUCO	-6.64	8	-1.00	0.16	2196	0.962	0.84	15857	0.957
SLC39A1	-6.64	8	-1.00	0.16	2197	0.962	0.84	15856	0.957
TNPO3	-6.64	8	-0.99	0.16	2198	0.962	0.84	15855	0.956
MAGOH	-6.64	8	-0.99	0.16	2199	0.962	0.84	15854	0.956
HCRTR1	-6.63	8	-0.99	0.16	2200	0.962	0.84	15853	0.956
CASP6	-6.63	8	-0.99	0.16	2201	0.962	0.84	15852	0.956
EDDM3B	-5.74	6	-0.99	0.16	2202	0.962	0.84	15851	0.956
VTI1B	-6.63	8	-0.99	0.161	2203	0.962	0.839	15850	0.956
B3GALT1	-6.63	8	-0.99	0.161	2204	0.962	0.839	15849	0.956
ATL2	-6.63	8	-0.99	0.161	2205	0.962	0.839	15848	0.956
ZNF48	-6.63	8	-0.99	0.161	2206	0.962	0.839	15847	0.956
TMED10	-6.62	8	-0.99	0.161	2207	0.962	0.839	15846	0.956
ABCC12	-6.62	8	-0.99	0.161	2208	0.962	0.839	15845	0.956
ACOXL	-6.62	8	-0.99	0.161	2209	0.962	0.839	15844	0.956
DCAF6	-6.62	8	-0.99	0.161	2210	0.962	0.839	15843	0.956
NUDCD2	-6.62	8	-0.99	0.161	2211	0.962	0.839	15842	0.956
NAALADL1	-6.62	8	-0.99	0.161	2212	0.962	0.839	15841	0.956
ZYX	-6.62	8	-0.99	0.161	2213	0.962	0.839	15840	0.956
TPM1	-6.62	8	-0.99	0.161	2214	0.962	0.839	15839	0.956
SSBP4	-6.62	8	-0.99	0.161	2215	0.962	0.839	15838	0.956
EIF1	-4.68	4	-0.99	0.161	2216	0.962	0.839	15837	0.956
SYVN1	-6.62	8	-0.99	0.161	2217	0.962	0.839	15836	0.956
CCNK	-6.62	8	-0.99	0.161	2218	0.962	0.839	15835	0.956
HSPA2	-6.62	8	-0.99	0.161	2219	0.962	0.839	15834	0.956
SHKBP1	-6.61	8	-0.99	0.161	2220	0.962	0.839	15833	0.956
CDK5	-6.61	8	-0.99	0.162	2221	0.962	0.838	15832	0.956
LOXHD1	-6.61	8	-0.99	0.162	2222	0.962	0.838	15831	0.956
TAF10	-6.61	8	-0.99	0.162	2223	0.962	0.838	15830	0.956
MBIP	-6.61	8	-0.99	0.162	2224	0.962	0.838	15829	0.956
OR51B5	-6.61	8	-0.99	0.162	2225	0.962	0.838	15828	0.956
SLC39A8	-6.61	8	-0.99	0.162	2226	0.962	0.838	15827	0.956
MAPK15	-6.61	8	-0.99	0.162	2227	0.962	0.838	15826	0.956
OSR2	-6.61	8	-0.99	0.162	2228	0.962	0.838	15825	0.956
IFNGR2	-6.61	8	-0.99	0.162	2229	0.962	0.838	15824	0.956
PNPT1	-6.61	8	-0.99	0.162	2230	0.962	0.838	15823	0.956
FAM71E2	-6.61	8	-0.99	0.162	2231	0.962	0.838	15822	0.956
TM2D1	-6.61	8	-0.99	0.162	2232	0.962	0.838	15821	0.956
IQCH	-6.61	8	-0.99	0.162	2233	0.962	0.838	15820	0.956
RASL12	-6.61	8	-0.99	0.162	2234	0.962	0.838	15819	0.956
RASSF7	-6.60	8	-0.98	0.162	2235	0.962	0.838	15818	0.956
SRM	-6.60	8	-0.98	0.162	2236	0.962	0.838	15817	0.956
GYLTL1B	-6.60	8	-0.98	0.162	2237	0.962	0.838	15816	0.956
ZFP36L2	-6.60	8	-0.98	0.163	2238	0.962	0.837	15815	0.956
ADCY7	-6.60	8	-0.98	0.163	2239	0.962	0.837	15814	0.956
KLF14	-6.60	8	-0.98	0.163	2240	0.962	0.837	15813	0.956
DOT1L	-6.59	8	-0.98	0.163	2241	0.962	0.837	15812	0.956
PDE4DIP	-6.59	8	-0.98	0.163	2242	0.962	0.837	15811	0.956
ZNF598	-6.59	8	-0.98	0.163	2243	0.962	0.837	15810	0.956
SNX22	-6.59	8	-0.98	0.163	2244	0.962	0.837	15809	0.956
RTFDC1	-6.59	8	-0.98	0.163	2245	0.962	0.837	15808	0.956
CLDN6	-6.59	8	-0.98	0.163	2246	0.962	0.837	15807	0.956
RNF4	-6.59	8	-0.98	0.163	2247	0.962	0.837	15806	0.956
DAZAP1	-6.59	8	-0.98	0.163	2248	0.962	0.837	15805	0.956
FAM159A	-6.59	8	-0.98	0.163	2249	0.962	0.837	15804	0.956
HYI	-6.59	8	-0.98	0.163	2250	0.962	0.837	15803	0.956
CRIP1	-6.58	8	-0.98	0.163	2251	0.962	0.837	15802	0.956
GATAD2B	-6.58	8	-0.98	0.163	2252	0.962	0.837	15801	0.956
HIST1H4A	-6.58	8	-0.98	0.164	2253	0.962	0.836	15800	0.956
ABCD1	-6.58	8	-0.98	0.164	2254	0.962	0.836	15799	0.956
EPB41L3	-6.58	8	-0.98	0.164	2255	0.962	0.836	15798	0.956
C13orf35	-6.58	8	-0.98	0.164	2256	0.962	0.836	15797	0.956
ABCC1	-6.58	8	-0.98	0.164	2257	0.962	0.836	15796	0.956
ASPSCR1	-6.58	8	-0.98	0.164	2258	0.962	0.836	15795	0.956
POLD2	-6.58	8	-0.98	0.164	2259	0.962	0.836	15794	0.956
SAFB2	-6.58	8	-0.98	0.164	2260	0.962	0.836	15793	0.956
TALDO1	-6.58	8	-0.98	0.164	2261	0.962	0.836	15792	0.956
KCTD7	-6.57	8	-0.98	0.164	2262	0.962	0.836	15791	0.956
NEMF	-6.57	8	-0.98	0.164	2263	0.962	0.836	15790	0.956
TRA2A	-6.57	8	-0.98	0.164	2264	0.962	0.836	15789	0.956
RUFY4	-6.57	8	-0.98	0.164	2265	0.962	0.836	15788	0.955
INTS8	-6.57	8	-0.98	0.164	2266	0.962	0.836	15787	0.955
HKR1	-6.57	8	-0.98	0.164	2267	0.962	0.836	15786	0.955
ANAPC15	-6.57	8	-0.98	0.164	2268	0.962	0.836	15785	0.955
KLHDC9	-6.56	8	-0.98	0.165	2269	0.962	0.835	15784	0.955
RPA3	-6.56	8	-0.97	0.165	2270	0.962	0.835	15783	0.955
FABP3	-6.56	8	-0.97	0.165	2271	0.962	0.835	15782	0.955
DDAH1	-6.56	8	-0.97	0.165	2272	0.962	0.835	15781	0.955
PCNXL2	-6.56	8	-0.97	0.165	2273	0.962	0.835	15780	0.955
SLC25A17	-6.56	8	-0.97	0.165	2274	0.962	0.835	15779	0.955
SULT6B1	-6.56	8	-0.97	0.165	2275	0.962	0.835	15778	0.955
COX15	-6.56	8	-0.97	0.165	2276	0.962	0.835	15777	0.955
LYVE1	-6.56	8	-0.97	0.165	2277	0.962	0.835	15776	0.955
RAB23	-6.56	8	-0.97	0.165	2278	0.962	0.835	15775	0.955
PRPS1	-6.56	8	-0.97	0.165	2279	0.962	0.835	15774	0.955
MPZL1	-6.56	8	-0.97	0.165	2280	0.962	0.835	15773	0.955
TLK1	-6.56	8	-0.97	0.165	2281	0.962	0.835	15772	0.955
LURAP1L	-6.56	8	-0.97	0.165	2282	0.962	0.835	15771	0.955
PADI3	-6.55	8	-0.97	0.165	2283	0.962	0.835	15770	0.955
RAD23B	-6.55	8	-0.97	0.165	2284	0.962	0.835	15769	0.955
HARS2	-6.55	8	-0.97	0.165	2285	0.962	0.835	15768	0.955
FNDC4	-6.55	8	-0.97	0.166	2286	0.962	0.834	15767	0.955
PLEC	-6.54	8	-0.97	0.166	2287	0.962	0.834	15766	0.955
AURKA	-6.54	8	-0.97	0.166	2288	0.962	0.834	15765	0.955
UTP11L	-6.54	8	-0.97	0.166	2289	0.962	0.834	15764	0.955
PTGES	-6.54	8	-0.97	0.166	2290	0.962	0.834	15763	0.955
BRPF1	-6.54	8	-0.97	0.166	2291	0.962	0.834	15762	0.955
PICK1	-6.54	8	-0.97	0.166	2292	0.962	0.834	15761	0.955
PCDH18	-6.54	8	-0.97	0.166	2293	0.962	0.834	15760	0.955
ANKRD11	-6.54	8	-0.97	0.166	2294	0.962	0.834	15759	0.955
DIAPH3	-6.54	8	-0.97	0.166	2295	0.962	0.834	15758	0.955
MUT	-6.53	8	-0.97	0.167	2296	0.962	0.833	15757	0.955
ADPGK	-6.53	8	-0.97	0.167	2297	0.962	0.833	15756	0.955
PRPF3	-6.53	8	-0.97	0.167	2298	0.962	0.833	15755	0.955
TNFSF15	-6.53	8	-0.97	0.167	2299	0.962	0.833	15754	0.955
MTMR14	-6.53	8	-0.97	0.167	2300	0.962	0.833	15753	0.955
SLC25A1	-6.53	8	-0.97	0.167	2301	0.962	0.833	15752	0.955
BPHL	-6.52	8	-0.96	0.168	2302	0.962	0.832	15751	0.954
RPF1	-6.52	8	-0.96	0.168	2303	0.962	0.832	15750	0.954
RBM7	-6.52	8	-0.96	0.168	2304	0.962	0.832	15749	0.954
C1orf63	-6.52	8	-0.96	0.168	2305	0.962	0.832	15748	0.954
SBNO1	-6.52	8	-0.96	0.168	2306	0.962	0.832	15747	0.954
TRIM46	-6.52	8	-0.96	0.168	2307	0.962	0.832	15746	0.954
TTC7A	-6.52	8	-0.96	0.168	2308	0.962	0.832	15745	0.954
HIST1H4H	-5.64	6	-0.96	0.168	2309	0.962	0.832	15744	0.954
GNMT	-6.51	8	-0.96	0.168	2310	0.962	0.832	15743	0.954
DDR2	-6.51	8	-0.96	0.168	2311	0.962	0.832	15742	0.954
PPP1R7	-6.51	8	-0.96	0.168	2312	0.962	0.832	15741	0.954
VWCE	-6.51	8	-0.96	0.168	2313	0.962	0.832	15740	0.954
WDR3	-6.51	8	-0.96	0.168	2314	0.962	0.832	15739	0.954
TMIE	-6.51	8	-0.96	0.168	2315	0.962	0.832	15738	0.954
ERGIC1	-6.51	8	-0.96	0.168	2316	0.962	0.832	15737	0.954
PDCL2	-6.50	8	-0.96	0.169	2317	0.962	0.831	15736	0.954
DAGLA	-5.63	6	-0.96	0.169	2318	0.962	0.831	15735	0.954
HIST1H4E	-4.60	4	-0.96	0.169	2319	0.962	0.831	15734	0.954
C1orf213	-6.50	8	-0.96	0.169	2320	0.962	0.831	15733	0.954
IL36RN	-6.50	8	-0.96	0.169	2321	0.962	0.831	15732	0.954
GMPS	-6.50	8	-0.96	0.169	2322	0.962	0.831	15731	0.954
OR1I1	-6.50	8	-0.96	0.169	2323	0.962	0.831	15730	0.954
ATR	-6.50	8	-0.96	0.169	2324	0.962	0.831	15729	0.954
CDKN3	-6.50	8	-0.96	0.169	2325	0.962	0.831	15728	0.954
LAMTOR1	-6.50	8	-0.96	0.169	2326	0.962	0.831	15727	0.954
C3orf49	-6.49	8	-0.96	0.169	2327	0.962	0.831	15726	0.954
DUSP10	-6.49	8	-0.96	0.169	2328	0.962	0.831	15725	0.954
TRIM64C	-4.59	4	-0.96	0.169	2329	0.962	0.831	15724	0.954
PSMB8	-6.49	8	-0.96	0.169	2330	0.962	0.831	15723	0.954
FANCF	-6.49	8	-0.96	0.17	2331	0.962	0.83	15722	0.954
DDO	-6.49	8	-0.96	0.17	2332	0.962	0.83	15721	0.954
LY6G6F	-6.49	8	-0.96	0.17	2333	0.962	0.83	15720	0.954
DPPA5	-6.49	8	-0.96	0.17	2334	0.962	0.83	15719	0.954
C5orf27	-6.49	8	-0.95	0.17	2335	0.962	0.83	15718	0.953
GZMB	-6.48	8	-0.95	0.17	2336	0.962	0.83	15717	0.953
SEC31A	-6.48	8	-0.95	0.17	2337	0.962	0.83	15716	0.953
SARS2	-6.48	8	-0.95	0.17	2338	0.962	0.83	15715	0.953
LCN10	-6.48	8	-0.95	0.17	2339	0.962	0.83	15714	0.953
RHOG	-6.48	8	-0.95	0.17	2340	0.962	0.83	15713	0.953
GLT6D1	-6.48	8	-0.95	0.17	2341	0.962	0.83	15712	0.953
FAM134A	-6.48	8	-0.95	0.17	2342	0.962	0.83	15711	0.953
MPP3	-6.48	8	-0.95	0.17	2343	0.962	0.83	15710	0.953
RGS4	-6.48	8	-0.95	0.17	2344	0.962	0.83	15709	0.953
FAM45A	-6.48	8	-0.95	0.17	2345	0.962	0.83	15708	0.953
ACAP1	-6.48	8	-0.95	0.17	2346	0.962	0.83	15707	0.953
BTG3	-6.48	8	-0.95	0.17	2347	0.962	0.83	15706	0.953
TUBD1	-6.48	8	-0.95	0.17	2348	0.962	0.83	15705	0.953
COQ3	-6.48	8	-0.95	0.17	2349	0.962	0.83	15704	0.953
GBF1	-6.48	8	-0.95	0.17	2350	0.962	0.83	15703	0.953
OTUD3	-6.47	8	-0.95	0.171	2351	0.962	0.829	15702	0.953
DECR2	-6.47	8	-0.95	0.171	2352	0.962	0.829	15701	0.953
LCE3C	-6.47	8	-0.95	0.171	2353	0.962	0.829	15700	0.953
CD82	-6.47	8	-0.95	0.171	2354	0.962	0.829	15699	0.953
NOC2L	-6.46	8	-0.95	0.171	2355	0.962	0.829	15698	0.953
CIT	-6.46	8	-0.95	0.171	2356	0.962	0.829	15697	0.953
CELA2B	-6.46	8	-0.95	0.171	2357	0.962	0.829	15696	0.953
NLRP10	-6.46	8	-0.95	0.171	2358	0.962	0.829	15695	0.953
RAB37	-6.46	8	-0.95	0.171	2359	0.962	0.829	15694	0.953
UBE2A	-5.60	6	-0.95	0.171	2360	0.962	0.829	15693	0.953
ZHX2	-6.46	8	-0.95	0.171	2361	0.962	0.829	15692	0.953
PARP1	-6.46	8	-0.95	0.172	2362	0.962	0.828	15691	0.953
UBASH3B	-6.46	8	-0.95	0.172	2363	0.962	0.828	15690	0.953
SHISA5	-6.46	8	-0.95	0.172	2364	0.962	0.828	15689	0.953
NRL	-6.46	8	-0.95	0.172	2365	0.962	0.828	15688	0.953
RHOD	-6.45	8	-0.95	0.172	2366	0.962	0.828	15687	0.953
GRIN2D	-6.45	8	-0.95	0.172	2367	0.962	0.828	15686	0.953
MT1G	-3.23	2	-0.95	0.172	2368	0.962	0.828	15685	0.953
TRPS1	-6.45	8	-0.95	0.172	2369	0.962	0.828	15684	0.953
KCNB1	-6.45	8	-0.95	0.172	2370	0.962	0.828	15683	0.953
NOC3L	-6.45	8	-0.94	0.172	2371	0.962	0.828	15682	0.953
CPT1C	-6.44	8	-0.94	0.172	2372	0.962	0.828	15681	0.953
MRPL45	-6.44	8	-0.94	0.173	2373	0.962	0.827	15680	0.953
IPP	-6.44	8	-0.94	0.173	2374	0.962	0.827	15679	0.953
CYP27C1	-6.44	8	-0.94	0.173	2375	0.962	0.827	15678	0.953
ANKRD32	-6.44	8	-0.94	0.173	2376	0.962	0.827	15677	0.953
TP53TG5	-6.44	8	-0.94	0.173	2377	0.962	0.827	15676	0.952
ZDHHC22	-6.44	8	-0.94	0.173	2378	0.962	0.827	15675	0.952
PHF5A	-5.57	6	-0.94	0.173	2379	0.962	0.827	15674	0.952
KIAA1161	-6.44	8	-0.94	0.173	2380	0.962	0.827	15673	0.952
SYNDIG1L	-6.44	8	-0.94	0.173	2381	0.962	0.827	15672	0.952
MAPK13	-6.43	8	-0.94	0.173	2382	0.962	0.827	15671	0.952
RPAP2	-6.43	8	-0.94	0.173	2383	0.962	0.827	15670	0.952
TOR1A	-6.43	8	-0.94	0.173	2384	0.962	0.827	15669	0.952
CDT1	-6.43	8	-0.94	0.173	2385	0.962	0.827	15668	0.952
C20orf24	-6.43	8	-0.94	0.173	2386	0.962	0.827	15667	0.952
PARD6A	-6.43	8	-0.94	0.173	2387	0.962	0.827	15666	0.952
NADSYN1	-6.43	8	-0.94	0.174	2388	0.962	0.826	15665	0.952
TRIP6	-6.43	8	-0.94	0.174	2389	0.962	0.826	15664	0.952
RAD21	-6.43	8	-0.94	0.174	2390	0.962	0.826	15663	0.952
MAP2K7	-6.43	8	-0.94	0.174	2391	0.962	0.826	15662	0.952
PELI3	-6.42	8	-0.94	0.174	2392	0.962	0.826	15661	0.952
NIPAL3	-6.42	8	-0.94	0.174	2393	0.962	0.826	15660	0.952
PET112	-6.42	8	-0.94	0.174	2394	0.962	0.826	15659	0.952
STK11	-6.42	8	-0.94	0.174	2395	0.962	0.826	15658	0.952
ERI1	-6.42	8	-0.94	0.174	2396	0.962	0.826	15657	0.952
SERF2	-6.42	8	-0.94	0.174	2397	0.962	0.826	15656	0.952
SPECC1L	-6.42	8	-0.94	0.174	2398	0.962	0.826	15655	0.952
MRPL11	-6.42	8	-0.94	0.174	2399	0.962	0.826	15654	0.952
SPI1	-6.42	8	-0.94	0.174	2400	0.962	0.826	15653	0.952
SNRPD3	-6.42	8	-0.94	0.174	2401	0.962	0.826	15652	0.952
RHOQ	-6.42	8	-0.94	0.174	2402	0.962	0.826	15651	0.952
NEDD8	-5.56	6	-0.94	0.174	2403	0.962	0.826	15650	0.952
ETV3	-6.41	8	-0.94	0.175	2404	0.962	0.825	15649	0.952
SF3B1	-6.41	8	-0.94	0.175	2405	0.962	0.825	15648	0.952
PRF1	-6.41	8	-0.94	0.175	2406	0.962	0.825	15647	0.952
SUMO2	-3.21	2	-0.94	0.175	2407	0.962	0.825	15646	0.952
ZNF683	-6.41	8	-0.94	0.175	2408	0.962	0.825	15645	0.952
PPP1R3G	-6.41	8	-0.94	0.175	2409	0.962	0.825	15644	0.952
ATG5	-6.41	8	-0.94	0.175	2410	0.962	0.825	15643	0.952
HSD17B10	-6.41	8	-0.93	0.175	2411	0.962	0.825	15642	0.952
NEK2	-4.53	4	-0.93	0.175	2412	0.962	0.825	15641	0.952
PTDSS2	-6.41	8	-0.93	0.175	2413	0.962	0.825	15640	0.952
GFRA2	-6.40	8	-0.93	0.175	2414	0.962	0.825	15639	0.952
TEAD3	-6.40	8	-0.93	0.175	2415	0.962	0.825	15638	0.952
MRPL54	-6.40	8	-0.93	0.175	2416	0.962	0.825	15637	0.952
CENPE	-6.40	8	-0.93	0.175	2417	0.962	0.825	15636	0.952
ZBED4	-6.40	8	-0.93	0.175	2418	0.962	0.825	15635	0.952
TNFAIP8	-6.40	8	-0.93	0.175	2419	0.962	0.825	15634	0.952
NEURL1B	-6.40	8	-0.93	0.175	2420	0.962	0.825	15633	0.952
BRMS1	-5.99	7	-0.93	0.175	2421	0.962	0.825	15632	0.952
VAC14	-6.40	8	-0.93	0.176	2422	0.962	0.824	15631	0.952
SPATA24	-6.40	8	-0.93	0.176	2423	0.962	0.824	15630	0.952
SLC12A6	-6.40	8	-0.93	0.176	2424	0.962	0.824	15629	0.952
EHD2	-6.39	8	-0.93	0.176	2425	0.962	0.824	15628	0.952
FXYD5	-6.39	8	-0.93	0.176	2426	0.962	0.824	15627	0.952
TSPAN4	-6.39	8	-0.93	0.176	2427	0.962	0.824	15626	0.952
B3GNT6	-6.39	8	-0.93	0.176	2428	0.962	0.824	15625	0.952
CDK5R2	-6.39	8	-0.93	0.176	2429	0.962	0.824	15624	0.952
GDI1	-6.39	8	-0.93	0.176	2430	0.962	0.824	15623	0.952
RAPGEF1	-6.39	8	-0.93	0.176	2431	0.962	0.824	15622	0.952
CD1A	-6.39	8	-0.93	0.176	2432	0.962	0.824	15621	0.952
POLR3D	-6.39	8	-0.93	0.176	2433	0.962	0.824	15620	0.952
UMPS	-6.38	8	-0.93	0.176	2434	0.962	0.824	15619	0.952
ACTA2	-6.38	8	-0.93	0.177	2435	0.962	0.823	15618	0.952
LIPT1	-6.38	8	-0.93	0.177	2436	0.962	0.823	15617	0.952
BZW1	-6.38	8	-0.93	0.177	2437	0.962	0.823	15616	0.952
KDM4D	-6.38	8	-0.93	0.177	2438	0.962	0.823	15615	0.952
ARHGEF12	-6.38	8	-0.93	0.177	2439	0.962	0.823	15614	0.952
RAB34	-6.38	8	-0.93	0.177	2440	0.962	0.823	15613	0.952
NOTCH2NL	-3.19	2	-0.93	0.177	2441	0.962	0.823	15612	0.952
TCTEX1D1	-6.38	8	-0.93	0.177	2442	0.962	0.823	15611	0.952
ZNF324	-6.37	8	-0.93	0.177	2443	0.962	0.823	15610	0.952
KCNB2	-6.37	8	-0.93	0.177	2444	0.962	0.823	15609	0.952
NUDT17	-6.37	8	-0.93	0.177	2445	0.962	0.823	15608	0.952
IQCC	-6.37	8	-0.93	0.177	2446	0.962	0.823	15607	0.952
H2AFZ	-6.37	8	-0.93	0.177	2447	0.962	0.823	15606	0.952
ANKRD36C	-6.37	8	-0.92	0.178	2448	0.962	0.822	15605	0.951
CCPG1	-6.37	8	-0.92	0.178	2449	0.962	0.822	15604	0.951
SUPT4H1	-6.37	8	-0.92	0.178	2450	0.962	0.822	15603	0.951
LAMB4	-6.37	8	-0.92	0.178	2451	0.962	0.822	15602	0.951
CD55	-6.36	8	-0.92	0.178	2452	0.962	0.822	15601	0.951
ANXA4	-6.36	8	-0.92	0.178	2453	0.962	0.822	15600	0.951
PSMD6	-6.36	8	-0.92	0.178	2454	0.962	0.822	15599	0.951
MAGEB6	-6.36	8	-0.92	0.178	2455	0.962	0.822	15598	0.951
IDI2	-6.36	8	-0.92	0.178	2456	0.962	0.822	15597	0.951
TRRAP	-6.36	8	-0.92	0.178	2457	0.962	0.822	15596	0.951
KISS1R	-6.36	8	-0.92	0.178	2458	0.962	0.822	15595	0.951
LCNL1	-6.36	8	-0.92	0.178	2459	0.962	0.822	15594	0.951
B4GALT2	-6.35	8	-0.92	0.178	2460	0.962	0.822	15593	0.951
SELRC1	-6.35	8	-0.92	0.178	2461	0.962	0.822	15592	0.951
CYP4B1	-6.35	8	-0.92	0.179	2462	0.962	0.821	15591	0.951
SOS2	-6.35	8	-0.92	0.179	2463	0.962	0.821	15590	0.951
SCGB1C1	-6.35	8	-0.92	0.179	2464	0.962	0.821	15589	0.951
FAM149A	-6.35	8	-0.92	0.179	2465	0.962	0.821	15588	0.951
CAMK2N1	-6.34	8	-0.92	0.179	2466	0.962	0.821	15587	0.951
SYCP1	-6.34	8	-0.92	0.179	2467	0.962	0.821	15586	0.951
TAF2	-6.34	8	-0.92	0.179	2468	0.962	0.821	15585	0.95
C1orf216	-6.34	8	-0.92	0.179	2469	0.962	0.821	15584	0.95
USP22	-6.34	8	-0.92	0.18	2470	0.962	0.82	15583	0.95
TDP1	-6.34	8	-0.92	0.18	2471	0.962	0.82	15582	0.95
BBS1	-6.34	8	-0.92	0.18	2472	0.962	0.82	15581	0.95
UQCRFS1	-6.34	8	-0.92	0.18	2473	0.962	0.82	15580	0.95
TUFM	-6.34	8	-0.92	0.18	2474	0.962	0.82	15579	0.95
TRIM10	-6.34	8	-0.92	0.18	2475	0.962	0.82	15578	0.95
JAGN1	-6.34	8	-0.92	0.18	2476	0.962	0.82	15577	0.95
PITPNM1	-6.34	8	-0.92	0.18	2477	0.962	0.82	15576	0.95
ST8SIA2	-6.33	8	-0.92	0.18	2478	0.962	0.82	15575	0.95
DEFB130	-5.48	6	-0.92	0.18	2479	0.962	0.82	15574	0.95
KNOP1	-6.33	8	-0.92	0.18	2480	0.962	0.82	15573	0.95
NUDT15	-6.33	8	-0.92	0.18	2481	0.962	0.82	15572	0.95
RXFP4	-6.33	8	-0.91	0.18	2482	0.962	0.82	15571	0.95
CDK2	-6.33	8	-0.91	0.18	2483	0.962	0.82	15570	0.95
ADRM1	-6.33	8	-0.91	0.18	2484	0.962	0.82	15569	0.95
PPAPDC1B	-6.33	8	-0.91	0.18	2485	0.962	0.82	15568	0.95
RAMP2	-6.33	8	-0.91	0.18	2486	0.962	0.82	15567	0.95
BCAS3	-5.48	6	-0.91	0.18	2487	0.962	0.82	15566	0.95
CENPP	-6.33	8	-0.91	0.18	2488	0.962	0.82	15565	0.95
MARVELD3	-6.33	8	-0.91	0.18	2489	0.962	0.82	15564	0.95
SLC18A1	-6.32	8	-0.91	0.181	2490	0.962	0.819	15563	0.95
C1orf86	-6.32	8	-0.91	0.181	2491	0.962	0.819	15562	0.95
KIAA0040	-6.32	8	-0.91	0.181	2492	0.962	0.819	15561	0.95
C11orf88	-6.32	8	-0.91	0.181	2493	0.962	0.819	15560	0.95
MMAA	-6.32	8	-0.91	0.181	2494	0.962	0.819	15559	0.95
CD3G	-6.32	8	-0.91	0.181	2495	0.962	0.819	15558	0.95
LILRA4	-6.32	8	-0.91	0.181	2496	0.962	0.819	15557	0.95
WDR41	-6.31	8	-0.91	0.181	2497	0.962	0.819	15556	0.95
KCNQ4	-6.31	8	-0.91	0.181	2498	0.962	0.819	15555	0.95
CLN8	-6.31	8	-0.91	0.181	2499	0.962	0.819	15554	0.95
SAP30BP	-5.47	6	-0.91	0.181	2500	0.962	0.819	15553	0.95
DDX54	-6.31	8	-0.91	0.181	2501	0.962	0.819	15552	0.95
ALKBH6	-6.31	8	-0.91	0.182	2502	0.962	0.818	15551	0.95
PRCC	-6.31	8	-0.91	0.182	2503	0.962	0.818	15550	0.95
RAB26	-6.31	8	-0.91	0.182	2504	0.962	0.818	15549	0.95
NUDT19	-6.31	8	-0.91	0.182	2505	0.962	0.818	15548	0.95
CATSPERD	-6.31	8	-0.91	0.182	2506	0.962	0.818	15547	0.95
MECR	-6.30	8	-0.91	0.182	2507	0.962	0.818	15546	0.95
KRTAP20-3	-4.46	4	-0.91	0.182	2508	0.962	0.818	15545	0.95
GCSH	-6.30	8	-0.91	0.182	2509	0.962	0.818	15544	0.95
COL4A2	-6.30	8	-0.91	0.182	2510	0.962	0.818	15543	0.95
BMP5	-6.30	8	-0.91	0.182	2511	0.962	0.818	15542	0.95
SCN4B	-6.30	8	-0.91	0.182	2512	0.962	0.818	15541	0.95
ZNF322	-6.30	8	-0.91	0.182	2513	0.962	0.818	15540	0.95
NUP88	-6.30	8	-0.91	0.182	2514	0.962	0.818	15539	0.95
ARTN	-6.30	8	-0.91	0.182	2515	0.962	0.818	15538	0.95
TADA2B	-6.29	8	-0.91	0.183	2516	0.962	0.817	15537	0.95
PGM5	-6.29	8	-0.91	0.183	2517	0.962	0.817	15536	0.95
TUBE1	-6.29	8	-0.90	0.183	2518	0.962	0.817	15535	0.95
FAM69B	-6.29	8	-0.90	0.183	2519	0.962	0.817	15534	0.95
FAM171A2	-6.29	8	-0.90	0.183	2520	0.962	0.817	15533	0.95
RNF115	-6.29	8	-0.90	0.183	2521	0.962	0.817	15532	0.95
C16orf11	-6.29	8	-0.90	0.183	2522	0.962	0.817	15531	0.949
SOCS4	-6.28	8	-0.90	0.183	2523	0.962	0.817	15530	0.949
KANK4	-6.28	8	-0.90	0.183	2524	0.962	0.817	15529	0.949
GSTM5	-5.44	6	-0.90	0.183	2525	0.962	0.817	15528	0.949
HDAC1	-6.28	8	-0.90	0.183	2526	0.962	0.817	15527	0.949
METRN	-6.28	8	-0.90	0.183	2527	0.962	0.817	15526	0.949
TSEN15	-6.28	8	-0.90	0.184	2528	0.962	0.816	15525	0.949
THSD7B	-6.28	8	-0.90	0.184	2529	0.962	0.816	15524	0.949
SEC14L6	-6.28	8	-0.90	0.184	2530	0.962	0.816	15523	0.949
TNFRSF13B	-6.28	8	-0.90	0.184	2531	0.962	0.816	15522	0.949
CENPH	-6.27	8	-0.90	0.184	2532	0.962	0.816	15521	0.949
CASK	-6.27	8	-0.90	0.184	2533	0.962	0.816	15520	0.949
MCCD1	-6.27	8	-0.90	0.184	2534	0.962	0.816	15519	0.949
FAM131C	-6.27	8	-0.90	0.184	2535	0.962	0.816	15518	0.949
NKAPL	-6.27	8	-0.90	0.184	2536	0.962	0.816	15517	0.949
PDLIM4	-6.27	8	-0.90	0.184	2537	0.962	0.816	15516	0.949
CSNK2A3	-5.43	6	-0.90	0.184	2538	0.962	0.816	15515	0.949
KRT25	-6.27	8	-0.90	0.184	2539	0.962	0.816	15514	0.949
GPI	-6.27	8	-0.90	0.185	2540	0.962	0.815	15513	0.949
PAFAH1B1	-6.26	8	-0.90	0.185	2541	0.962	0.815	15512	0.949
PFDN4	-6.26	8	-0.90	0.185	2542	0.962	0.815	15511	0.949
ZNF696	-6.26	8	-0.90	0.185	2543	0.962	0.815	15510	0.949
CNTN2	-6.26	8	-0.90	0.185	2544	0.962	0.815	15509	0.949
ICAM4	-6.26	8	-0.90	0.185	2545	0.962	0.815	15508	0.949
GPR63	-6.26	8	-0.90	0.185	2546	0.962	0.815	15507	0.949
CYBRD1	-6.26	8	-0.90	0.185	2547	0.962	0.815	15506	0.949
DDI2	-6.26	8	-0.90	0.185	2548	0.962	0.815	15505	0.949
PRPF4B	-6.25	8	-0.90	0.185	2549	0.962	0.815	15504	0.949
ING3	-6.25	8	-0.90	0.185	2550	0.962	0.815	15503	0.949
DAD1	-6.25	8	-0.89	0.186	2551	0.962	0.814	15502	0.948
NOL12	-6.25	8	-0.89	0.186	2552	0.962	0.814	15501	0.948
CYP2B6	-6.25	8	-0.89	0.186	2553	0.962	0.814	15500	0.948
LRRK1	-6.25	8	-0.89	0.186	2554	0.962	0.814	15499	0.948
CACNB4	-6.25	8	-0.89	0.186	2555	0.962	0.814	15498	0.948
GFM2	-6.25	8	-0.89	0.186	2556	0.962	0.814	15497	0.948
TAS2R3	-6.25	8	-0.89	0.186	2557	0.962	0.814	15496	0.948
MYL10	-6.25	8	-0.89	0.186	2558	0.962	0.814	15495	0.948
SNRNP40	-6.25	8	-0.89	0.186	2559	0.962	0.814	15494	0.948
GPR124	-6.24	8	-0.89	0.186	2560	0.962	0.814	15493	0.948
ATG16L2	-6.24	8	-0.89	0.186	2561	0.962	0.814	15492	0.948
PATE4	-6.24	8	-0.89	0.186	2562	0.962	0.814	15491	0.948
SLC25A33	-6.24	8	-0.89	0.186	2563	0.962	0.814	15490	0.948
GALC	-6.24	8	-0.89	0.187	2564	0.962	0.813	15489	0.948
COL10A1	-6.24	8	-0.89	0.187	2565	0.962	0.813	15488	0.948
ANKRD34A	-6.23	8	-0.89	0.187	2566	0.962	0.813	15487	0.948
PLXNB2	-6.23	8	-0.89	0.187	2567	0.962	0.813	15486	0.948
C11orf82	-6.23	8	-0.89	0.187	2568	0.962	0.813	15485	0.948
CSRP1	-6.23	8	-0.89	0.187	2569	0.962	0.813	15484	0.948
CDKN1A	-6.23	8	-0.89	0.187	2570	0.962	0.813	15483	0.948
VPS51	-6.23	8	-0.89	0.187	2571	0.962	0.813	15482	0.948
SAMD14	-6.23	8	-0.89	0.187	2572	0.962	0.813	15481	0.948
NLRP8	-6.23	8	-0.89	0.187	2573	0.962	0.813	15480	0.948
DNAJB13	-6.23	8	-0.89	0.187	2574	0.962	0.813	15479	0.948
MYT1L	-6.23	8	-0.89	0.187	2575	0.962	0.813	15478	0.948
PPP1R26	-6.23	8	-0.89	0.187	2576	0.962	0.813	15477	0.948
DNHD1	-6.22	8	-0.89	0.188	2577	0.962	0.812	15476	0.948
ZBTB43	-6.22	8	-0.89	0.188	2578	0.962	0.812	15475	0.948
PANK3	-6.22	8	-0.89	0.188	2579	0.962	0.812	15474	0.947
COX18	-5.38	6	-0.89	0.188	2580	0.962	0.812	15473	0.947
CCSAP	-6.22	8	-0.89	0.188	2581	0.962	0.812	15472	0.947
IFI35	-6.21	8	-0.88	0.188	2582	0.962	0.812	15471	0.947
POLB	-6.21	8	-0.88	0.188	2583	0.962	0.812	15470	0.947
CCDC130	-6.21	8	-0.88	0.188	2584	0.962	0.812	15469	0.947
KDELR2	-6.21	8	-0.88	0.189	2585	0.962	0.811	15468	0.947
C4orf40	-6.20	8	-0.88	0.189	2586	0.962	0.811	15467	0.947
FBXO9	-6.20	8	-0.88	0.189	2587	0.962	0.811	15466	0.947
KLF5	-6.20	8	-0.88	0.189	2588	0.962	0.811	15465	0.947
ARFRP1	-6.20	8	-0.88	0.189	2589	0.962	0.811	15464	0.947
POU2F2	-6.20	8	-0.88	0.189	2590	0.962	0.811	15463	0.947
OR10V1	-6.20	8	-0.88	0.189	2591	0.962	0.811	15462	0.947
USP18	-6.20	8	-0.88	0.189	2592	0.962	0.811	15461	0.947
HTR7	-6.20	8	-0.88	0.189	2593	0.962	0.811	15460	0.947
KDM1A	-6.20	8	-0.88	0.189	2594	0.962	0.811	15459	0.947
FGL1	-6.20	8	-0.88	0.189	2595	0.962	0.811	15458	0.947
PAFAH2	-6.20	8	-0.88	0.189	2596	0.962	0.811	15457	0.947
LPIN3	-6.19	8	-0.88	0.189	2597	0.962	0.811	15456	0.947
TNFAIP8L2	-6.19	8	-0.88	0.189	2598	0.962	0.811	15455	0.947
GABPA	-6.19	8	-0.88	0.19	2599	0.962	0.81	15454	0.946
UCP3	-6.19	8	-0.88	0.19	2600	0.962	0.81	15453	0.946
LTB4R	-6.19	8	-0.88	0.19	2601	0.962	0.81	15452	0.946
C11orf83	-6.19	8	-0.88	0.19	2602	0.962	0.81	15451	0.946
CANX	-6.18	8	-0.88	0.19	2603	0.962	0.81	15450	0.946
RPS6	-3.09	2	-0.88	0.19	2604	0.962	0.81	15449	0.946
ZC3H12B	-6.18	8	-0.88	0.19	2605	0.962	0.81	15448	0.946
NCSTN	-6.18	8	-0.88	0.19	2606	0.962	0.81	15447	0.946
OAZ1	-6.18	8	-0.88	0.19	2607	0.962	0.81	15446	0.946
SSR3	-6.18	8	-0.88	0.19	2608	0.962	0.81	15445	0.946
TRIM65	-6.18	8	-0.88	0.191	2609	0.962	0.809	15444	0.946
SRRM2	-6.18	8	-0.88	0.191	2610	0.962	0.809	15443	0.946
GMFG	-6.17	8	-0.87	0.191	2611	0.962	0.809	15442	0.946
CTSG	-6.17	8	-0.87	0.191	2612	0.962	0.809	15441	0.946
AWAT1	-6.17	8	-0.87	0.191	2613	0.962	0.809	15440	0.946
HIVEP2	-6.17	8	-0.87	0.191	2614	0.962	0.809	15439	0.946
DCHS1	-6.17	8	-0.87	0.191	2615	0.962	0.809	15438	0.946
CIB1	-6.17	8	-0.87	0.191	2616	0.962	0.809	15437	0.946
PYCR1	-5.77	7	-0.87	0.191	2617	0.962	0.809	15436	0.946
HERC2	-6.17	8	-0.87	0.191	2618	0.962	0.809	15435	0.946
STRC	-6.17	8	-0.87	0.191	2619	0.962	0.809	15434	0.946
ASCC2	-6.17	8	-0.87	0.191	2620	0.962	0.809	15433	0.946
SRRM1	-6.17	8	-0.87	0.191	2621	0.962	0.809	15432	0.946
WFDC9	-6.17	8	-0.87	0.191	2622	0.962	0.809	15431	0.946
GBGT1	-6.17	8	-0.87	0.191	2623	0.962	0.809	15430	0.946
CLHC1	-6.17	8	-0.87	0.191	2624	0.962	0.809	15429	0.946
NYNRIN	-6.17	8	-0.87	0.192	2625	0.962	0.808	15428	0.946
EFCAB5	-6.16	8	-0.87	0.192	2626	0.962	0.808	15427	0.946
HOMER2	-6.16	8	-0.87	0.192	2627	0.962	0.808	15426	0.946
ZNF410	-6.16	8	-0.87	0.192	2628	0.962	0.808	15425	0.946
DHX35	-6.16	8	-0.87	0.192	2629	0.962	0.808	15424	0.946
MCOLN3	-6.16	8	-0.87	0.192	2630	0.962	0.808	15423	0.946
MREG	-6.16	8	-0.87	0.192	2631	0.962	0.808	15422	0.946
KIFAP3	-6.16	8	-0.87	0.192	2632	0.962	0.808	15421	0.946
DUSP26	-6.16	8	-0.87	0.192	2633	0.962	0.808	15420	0.946
FAM212B	-6.15	8	-0.87	0.192	2634	0.962	0.808	15419	0.946
APLNR	-6.15	8	-0.87	0.192	2635	0.962	0.808	15418	0.946
MDN1	-6.15	8	-0.87	0.193	2636	0.962	0.807	15417	0.945
CCR7	-6.15	8	-0.87	0.193	2637	0.962	0.807	15416	0.945
ZNF227	-6.15	8	-0.87	0.193	2638	0.962	0.807	15415	0.945
COL9A1	-6.15	8	-0.87	0.193	2639	0.962	0.807	15414	0.945
MPHOSPH8	-6.14	8	-0.87	0.193	2640	0.962	0.807	15413	0.945
PLXNA2	-6.14	8	-0.87	0.193	2641	0.962	0.807	15412	0.945
LRP5	-6.14	8	-0.87	0.193	2642	0.962	0.807	15411	0.945
B3GNTL1	-6.14	8	-0.87	0.193	2643	0.962	0.807	15410	0.945
ZNF720	-4.34	4	-0.87	0.193	2644	0.962	0.807	15409	0.945
ACTL7A	-6.14	8	-0.87	0.193	2645	0.962	0.807	15408	0.945
BCAR3	-6.14	8	-0.87	0.193	2646	0.962	0.807	15407	0.945
MAG	-6.14	8	-0.87	0.193	2647	0.962	0.807	15406	0.945
PARS2	-6.14	8	-0.87	0.193	2648	0.962	0.807	15405	0.945
PRDM10	-6.14	8	-0.86	0.194	2649	0.962	0.806	15404	0.945
FBLN7	-6.13	8	-0.86	0.194	2650	0.962	0.806	15403	0.945
LSMEM1	-6.13	8	-0.86	0.194	2651	0.962	0.806	15402	0.945
CEP135	-6.13	8	-0.86	0.194	2652	0.962	0.806	15401	0.945
CDH22	-5.31	6	-0.86	0.194	2653	0.962	0.806	15400	0.945
PKN1	-6.13	8	-0.86	0.194	2654	0.962	0.806	15399	0.945
FMO3	-6.13	8	-0.86	0.194	2655	0.962	0.806	15398	0.945
BCAM	-6.13	8	-0.86	0.194	2656	0.962	0.806	15397	0.945
DLD	-6.13	8	-0.86	0.194	2657	0.962	0.806	15396	0.945
PCF11	-6.13	8	-0.86	0.194	2658	0.962	0.806	15395	0.945
TTC40	-6.12	8	-0.86	0.194	2659	0.962	0.806	15394	0.945
FIS1	-6.12	8	-0.86	0.194	2660	0.962	0.806	15393	0.945
LIPK	-6.12	8	-0.86	0.194	2661	0.962	0.806	15392	0.945
PEX16	-6.12	8	-0.86	0.195	2662	0.962	0.805	15391	0.945
DLX4	-6.12	8	-0.86	0.195	2663	0.962	0.805	15390	0.944
PAPD7	-6.12	8	-0.86	0.195	2664	0.962	0.805	15389	0.944
FADS3	-6.12	8	-0.86	0.195	2665	0.962	0.805	15388	0.944
BNIP3	-6.12	8	-0.86	0.195	2666	0.962	0.805	15387	0.944
MIPEP	-6.12	8	-0.86	0.195	2667	0.962	0.805	15386	0.944
PTCHD2	-6.12	8	-0.86	0.195	2668	0.962	0.805	15385	0.944
ARHGEF16	-6.12	8	-0.86	0.195	2669	0.962	0.805	15384	0.944
POLG2	-6.11	8	-0.86	0.195	2670	0.962	0.805	15383	0.944
GAR1	-6.11	8	-0.86	0.195	2671	0.962	0.805	15382	0.944
ADAMTS14	-6.11	8	-0.86	0.195	2672	0.962	0.805	15381	0.944
MTFP1	-6.11	8	-0.86	0.195	2673	0.962	0.805	15380	0.944
HIC2	-6.11	8	-0.86	0.196	2674	0.962	0.804	15379	0.944
TIMM22	-6.11	8	-0.86	0.196	2675	0.962	0.804	15378	0.944
PTGIS	-6.11	8	-0.86	0.196	2676	0.962	0.804	15377	0.944
RAN	-6.11	8	-0.86	0.196	2677	0.962	0.804	15376	0.944
PLA2G7	-6.11	8	-0.86	0.196	2678	0.962	0.804	15375	0.944
AMFR	-6.11	8	-0.86	0.196	2679	0.962	0.804	15374	0.944
NEK4	-6.10	8	-0.86	0.196	2680	0.962	0.804	15373	0.944
PPP1R13B	-6.10	8	-0.86	0.196	2681	0.962	0.804	15372	0.944
TUBG2	-6.10	8	-0.86	0.196	2682	0.962	0.804	15371	0.944
RD3L	-6.10	8	-0.86	0.196	2683	0.962	0.804	15370	0.944
ATP7B	-6.10	8	-0.86	0.196	2684	0.962	0.804	15369	0.944
MCM3AP	-6.10	8	-0.86	0.196	2685	0.962	0.804	15368	0.944
UQCRC2	-6.10	8	-0.85	0.196	2686	0.962	0.804	15367	0.944
RAB42	-6.09	8	-0.85	0.197	2687	0.962	0.803	15366	0.944
SLC2A10	-6.09	8	-0.85	0.197	2688	0.962	0.803	15365	0.944
NR6A1	-6.09	8	-0.85	0.197	2689	0.962	0.803	15364	0.944
SLC5A3	-6.09	8	-0.85	0.197	2690	0.962	0.803	15363	0.944
ATP6V0B	-6.09	8	-0.85	0.197	2691	0.962	0.803	15362	0.944
PTPRCAP	-6.09	8	-0.85	0.197	2692	0.962	0.803	15361	0.944
OR5A2	-6.09	8	-0.85	0.197	2693	0.962	0.803	15360	0.944
ITCH	-6.08	8	-0.85	0.197	2694	0.962	0.803	15359	0.943
LIMD2	-6.08	8	-0.85	0.197	2695	0.962	0.803	15358	0.943
LDLRAD3	-6.08	8	-0.85	0.197	2696	0.962	0.803	15357	0.943
DNAJC21	-6.08	8	-0.85	0.197	2697	0.962	0.803	15356	0.943
PI4KA	-6.08	8	-0.85	0.197	2698	0.962	0.803	15355	0.943
PAPSS1	-6.08	8	-0.85	0.198	2699	0.962	0.802	15354	0.943
TOPBP1	-6.08	8	-0.85	0.198	2700	0.962	0.802	15353	0.943
KIAA0930	-6.08	8	-0.85	0.198	2701	0.962	0.802	15352	0.943
MRP63	-6.08	8	-0.85	0.198	2702	0.962	0.802	15351	0.943
DNM1L	-6.08	8	-0.85	0.198	2703	0.962	0.802	15350	0.943
NR2F2	-6.08	8	-0.85	0.198	2704	0.962	0.802	15349	0.943
CXXC11	-6.08	8	-0.85	0.198	2705	0.962	0.802	15348	0.943
MMS19	-6.08	8	-0.85	0.198	2706	0.962	0.802	15347	0.943
FOXC1	-6.07	8	-0.85	0.198	2707	0.962	0.802	15346	0.943
PDYN	-5.26	6	-0.85	0.198	2708	0.962	0.802	15345	0.943
ZNF521	-6.07	8	-0.85	0.198	2709	0.962	0.802	15344	0.943
APTX	-6.07	8	-0.85	0.198	2710	0.962	0.802	15343	0.943
C19orf40	-6.07	8	-0.85	0.198	2711	0.962	0.802	15342	0.943
CSTB	-6.07	8	-0.85	0.198	2712	0.962	0.802	15341	0.943
PPWD1	-6.07	8	-0.85	0.199	2713	0.962	0.801	15340	0.943
TCF19	-6.07	8	-0.85	0.199	2714	0.962	0.801	15339	0.943
FBLN5	-6.07	8	-0.85	0.199	2715	0.962	0.801	15338	0.943
KCNF1	-6.06	8	-0.85	0.199	2716	0.962	0.801	15337	0.943
SAPCD1	-6.06	8	-0.85	0.199	2717	0.962	0.801	15336	0.943
CHMP4A	-6.06	8	-0.85	0.199	2718	0.962	0.801	15335	0.943
EFCAB7	-6.06	8	-0.85	0.199	2719	0.962	0.801	15334	0.943
ABCC6	-6.06	8	-0.85	0.199	2720	0.962	0.801	15333	0.943
CHIT1	-6.06	8	-0.85	0.199	2721	0.962	0.801	15332	0.943
CCS	-6.06	8	-0.85	0.199	2722	0.962	0.801	15331	0.943
UTP14A	-6.06	8	-0.85	0.199	2723	0.962	0.801	15330	0.943
LY6D	-6.06	8	-0.84	0.199	2724	0.962	0.801	15329	0.943
TRAP1	-6.06	8	-0.84	0.199	2725	0.962	0.801	15328	0.943
LTB4R2	-6.06	8	-0.84	0.199	2726	0.962	0.801	15327	0.943
STIL	-6.06	8	-0.84	0.199	2727	0.962	0.801	15326	0.943
GRIK2	-6.06	8	-0.84	0.199	2728	0.962	0.801	15325	0.943
SEC16B	-6.05	8	-0.84	0.2	2729	0.962	0.8	15324	0.943
GNA11	-6.05	8	-0.84	0.2	2730	0.962	0.8	15323	0.943
HIST3H2BB	-6.05	8	-0.84	0.2	2731	0.962	0.8	15322	0.943
CLCA1	-6.05	8	-0.84	0.2	2732	0.962	0.8	15321	0.943
SLC35C2	-6.05	8	-0.84	0.2	2733	0.962	0.8	15320	0.943
MARCKSL1	-6.05	8	-0.84	0.2	2734	0.962	0.8	15319	0.943
TGIF1	-6.05	8	-0.84	0.2	2735	0.962	0.8	15318	0.943
MYO7B	-6.05	8	-0.84	0.2	2736	0.962	0.8	15317	0.943
HDAC8	-6.05	8	-0.84	0.2	2737	0.962	0.8	15316	0.943
HTR1E	-6.04	8	-0.84	0.2	2738	0.962	0.8	15315	0.943
C16orf86	-6.04	8	-0.84	0.2	2739	0.962	0.8	15314	0.943
PNRC2	-6.04	8	-0.84	0.2	2740	0.962	0.8	15313	0.943
CEP170	-6.04	8	-0.84	0.2	2741	0.962	0.8	15312	0.943
ZFP1	-6.04	8	-0.84	0.2	2742	0.962	0.8	15311	0.943
IRF2BPL	-6.04	8	-0.84	0.2	2743	0.962	0.8	15310	0.943
MPO	-6.04	8	-0.84	0.201	2744	0.962	0.799	15309	0.943
MLST8	-6.04	8	-0.84	0.201	2745	0.962	0.799	15308	0.943
HCFC1R1	-6.04	8	-0.84	0.201	2746	0.962	0.799	15307	0.943
SPAG5	-6.04	8	-0.84	0.201	2747	0.962	0.799	15306	0.943
TMEM150B	-6.03	8	-0.84	0.201	2748	0.962	0.799	15305	0.943
SGSM2	-6.03	8	-0.84	0.201	2749	0.962	0.799	15304	0.942
CFL2	-6.03	8	-0.84	0.201	2750	0.962	0.799	15303	0.942
BRAT1	-6.03	8	-0.84	0.201	2751	0.962	0.799	15302	0.942
HAAO	-6.03	8	-0.84	0.201	2752	0.962	0.799	15301	0.942
NEU4	-6.03	8	-0.84	0.201	2753	0.962	0.799	15300	0.942
WDR26	-5.22	6	-0.84	0.201	2754	0.962	0.799	15299	0.942
RPP14	-6.03	8	-0.84	0.201	2755	0.962	0.799	15298	0.942
OR4D9	-6.03	8	-0.84	0.201	2756	0.962	0.799	15297	0.942
ZNF879	-6.03	8	-0.84	0.201	2757	0.962	0.799	15296	0.942
KDM4B	-6.03	8	-0.84	0.201	2758	0.962	0.799	15295	0.942
ANKRD44	-6.03	8	-0.84	0.202	2759	0.962	0.798	15294	0.942
KIF12	-6.03	8	-0.84	0.202	2760	0.962	0.798	15293	0.942
SPRTN	-6.02	8	-0.84	0.202	2761	0.962	0.798	15292	0.942
OR4D1	-6.02	8	-0.84	0.202	2762	0.962	0.798	15291	0.942
LMNB1	-6.02	8	-0.84	0.202	2763	0.962	0.798	15290	0.942
CASC4	-6.02	8	-0.83	0.202	2764	0.962	0.798	15289	0.942
FAM127B	-3.01	2	-0.83	0.202	2765	0.962	0.798	15288	0.942
SHROOM1	-6.02	8	-0.83	0.202	2766	0.962	0.798	15287	0.942
FOXJ1	-6.02	8	-0.83	0.202	2767	0.962	0.798	15286	0.942
DDX41	-6.02	8	-0.83	0.202	2768	0.962	0.798	15285	0.942
PIAS1	-6.02	8	-0.83	0.202	2769	0.962	0.798	15284	0.942
FAAH	-6.02	8	-0.83	0.202	2770	0.962	0.798	15283	0.942
UTS2R	-6.02	8	-0.83	0.202	2771	0.962	0.798	15282	0.942
MID2	-6.02	8	-0.83	0.202	2772	0.962	0.798	15281	0.942
SEMA3G	-6.02	8	-0.83	0.202	2773	0.962	0.798	15280	0.942
SFSWAP	-6.01	8	-0.83	0.202	2774	0.962	0.798	15279	0.942
COL6A1	-6.01	8	-0.83	0.203	2775	0.962	0.797	15278	0.942
THOC6	-6.01	8	-0.83	0.203	2776	0.962	0.797	15277	0.942
ACSF2	-6.01	8	-0.83	0.203	2777	0.962	0.797	15276	0.942
ADRBK2	-6.01	8	-0.83	0.203	2778	0.962	0.797	15275	0.942
ANG	-6.00	8	-0.83	0.203	2779	0.962	0.797	15274	0.942
PSEN1	-6.00	8	-0.83	0.203	2780	0.962	0.797	15273	0.942
PIPOX	-6.00	8	-0.83	0.203	2781	0.962	0.797	15272	0.942
NCAN	-6.00	8	-0.83	0.203	2782	0.962	0.797	15271	0.942
FOXP2	-6.00	8	-0.83	0.203	2783	0.962	0.797	15270	0.942
KIAA2026	-6.00	8	-0.83	0.203	2784	0.962	0.797	15269	0.942
CBX2	-6.00	8	-0.83	0.204	2785	0.962	0.796	15268	0.942
FOSB	-6.00	8	-0.83	0.204	2786	0.962	0.796	15267	0.942
HSPG2	-6.00	8	-0.83	0.204	2787	0.962	0.796	15266	0.942
RMDN3	-6.00	8	-0.83	0.204	2788	0.962	0.796	15265	0.942
NCOA3	-6.00	8	-0.83	0.204	2789	0.962	0.796	15264	0.942
C11orf72	-6.00	8	-0.83	0.204	2790	0.962	0.796	15263	0.942
OR51F2	-5.99	8	-0.83	0.204	2791	0.962	0.796	15262	0.942
TTC9B	-5.99	8	-0.83	0.204	2792	0.962	0.796	15261	0.942
LAX1	-5.99	8	-0.83	0.204	2793	0.962	0.796	15260	0.942
KANK3	-5.99	8	-0.83	0.204	2794	0.962	0.796	15259	0.942
EPN1	-5.99	8	-0.83	0.204	2795	0.962	0.796	15258	0.942
TRIB2	-5.99	8	-0.83	0.204	2796	0.962	0.796	15257	0.942
C10orf53	-5.99	8	-0.83	0.204	2797	0.962	0.796	15256	0.942
HELZ2	-5.99	8	-0.83	0.204	2798	0.962	0.796	15255	0.942
PRRT1	-5.19	6	-0.83	0.204	2799	0.962	0.796	15254	0.942
MRPS12	-5.99	8	-0.83	0.204	2800	0.962	0.796	15253	0.942
TTC33	-5.99	8	-0.83	0.204	2801	0.962	0.796	15252	0.942
TRIM25	-5.99	8	-0.83	0.204	2802	0.962	0.796	15251	0.942
GAS8	-5.99	8	-0.83	0.204	2803	0.962	0.796	15250	0.942
ASCL3	-5.98	8	-0.83	0.205	2804	0.962	0.795	15249	0.942
LPO	-5.60	7	-0.83	0.205	2805	0.962	0.795	15248	0.942
GTPBP3	-5.98	8	-0.83	0.205	2806	0.962	0.795	15247	0.942
TNPO1	-5.98	8	-0.83	0.205	2807	0.962	0.795	15246	0.942
AFAP1L2	-5.98	8	-0.82	0.205	2808	0.962	0.795	15245	0.942
PRR3	-5.97	8	-0.82	0.205	2809	0.962	0.795	15244	0.941
LIMS2	-5.97	8	-0.82	0.205	2810	0.962	0.795	15243	0.941
C11orf94	-5.97	8	-0.82	0.205	2811	0.962	0.795	15242	0.941
CXCR4	-5.97	8	-0.82	0.205	2812	0.962	0.795	15241	0.941
CARS2	-5.97	8	-0.82	0.205	2813	0.962	0.795	15240	0.941
GGA1	-5.97	8	-0.82	0.206	2814	0.962	0.794	15239	0.941
OR1L6	-5.17	6	-0.82	0.206	2815	0.962	0.794	15238	0.941
TMEM143	-5.97	8	-0.82	0.206	2816	0.962	0.794	15237	0.941
LGSN	-5.97	8	-0.82	0.206	2817	0.962	0.794	15236	0.941
PPP1R18	-5.97	8	-0.82	0.206	2818	0.962	0.794	15235	0.941
EFNA3	-5.97	8	-0.82	0.206	2819	0.962	0.794	15234	0.941
USP9X	-5.97	8	-0.82	0.206	2820	0.962	0.794	15233	0.941
SLC17A7	-5.97	8	-0.82	0.206	2821	0.962	0.794	15232	0.941
MOAP1	-5.96	8	-0.82	0.206	2822	0.962	0.794	15231	0.941
SLC6A17	-5.96	8	-0.82	0.206	2823	0.962	0.794	15230	0.941
TOX4	-5.96	8	-0.82	0.206	2824	0.962	0.794	15229	0.941
MRPS11	-5.96	8	-0.82	0.206	2825	0.962	0.794	15228	0.941
GBX2	-5.96	8	-0.82	0.206	2826	0.962	0.794	15227	0.941
ATP5J	-5.96	8	-0.82	0.206	2827	0.962	0.794	15226	0.941
HAO2	-5.96	8	-0.82	0.206	2828	0.962	0.794	15225	0.941
MRPS16	-5.96	8	-0.82	0.206	2829	0.962	0.794	15224	0.941
ELTD1	-5.96	8	-0.82	0.206	2830	0.962	0.794	15223	0.941
DNAI1	-5.58	7	-0.82	0.206	2831	0.962	0.794	15222	0.941
SURF2	-5.96	8	-0.82	0.206	2832	0.962	0.794	15221	0.941
SYK	-5.96	8	-0.82	0.206	2833	0.962	0.794	15220	0.941
ERAL1	-5.96	8	-0.82	0.206	2834	0.962	0.794	15219	0.941
MED30	-5.96	8	-0.82	0.207	2835	0.962	0.793	15218	0.941
NPY2R	-5.96	8	-0.82	0.207	2836	0.962	0.793	15217	0.941
SLC16A5	-5.96	8	-0.82	0.207	2837	0.962	0.793	15216	0.941
AKAP14	-5.96	8	-0.82	0.207	2838	0.962	0.793	15215	0.941
VIPR1	-5.96	8	-0.82	0.207	2839	0.962	0.793	15214	0.941
F2	-5.95	8	-0.82	0.207	2840	0.962	0.793	15213	0.941
SKA3	-5.95	8	-0.82	0.207	2841	0.962	0.793	15212	0.941
RPL32	-2.98	2	-0.82	0.207	2842	0.962	0.793	15211	0.941
MMP26	-5.95	8	-0.82	0.207	2843	0.962	0.793	15210	0.941
PVR	-5.95	8	-0.82	0.207	2844	0.962	0.793	15209	0.941
GPR115	-5.95	8	-0.82	0.207	2845	0.962	0.793	15208	0.941
CDX2	-5.95	8	-0.82	0.207	2846	0.962	0.793	15207	0.941
OR2B3	-5.95	8	-0.82	0.207	2847	0.962	0.793	15206	0.941
SFT2D1	-5.95	8	-0.82	0.207	2848	0.962	0.793	15205	0.941
HBZ	-5.95	8	-0.82	0.207	2849	0.962	0.793	15204	0.941
MESP2	-5.95	8	-0.82	0.207	2850	0.962	0.793	15203	0.941
ANKRD17	-5.95	8	-0.82	0.207	2851	0.962	0.793	15202	0.941
PTBP3	-5.95	8	-0.82	0.207	2852	0.962	0.793	15201	0.941
OR6T1	-5.95	8	-0.82	0.207	2853	0.962	0.793	15200	0.941
LHX2	-5.95	8	-0.82	0.207	2854	0.962	0.793	15199	0.941
GAL3ST3	-5.95	8	-0.82	0.207	2855	0.962	0.793	15198	0.941
ATP5B	-5.95	8	-0.82	0.207	2856	0.962	0.793	15197	0.941
LBX2	-5.94	8	-0.82	0.208	2857	0.962	0.792	15196	0.941
SEPW1	-5.94	8	-0.81	0.208	2858	0.962	0.792	15195	0.941
TUBB1	-5.94	8	-0.81	0.208	2859	0.962	0.792	15194	0.941
HIST1H4L	-5.15	6	-0.81	0.208	2860	0.962	0.792	15193	0.941
HLA-DMA	-5.94	8	-0.81	0.208	2861	0.962	0.792	15192	0.941
SLCO4A1	-5.94	8	-0.81	0.208	2862	0.962	0.792	15191	0.941
COPB2	-5.94	8	-0.81	0.208	2863	0.962	0.792	15190	0.941
NKPD1	-5.94	8	-0.81	0.208	2864	0.962	0.792	15189	0.941
GPR37L1	-5.94	8	-0.81	0.208	2865	0.962	0.792	15188	0.941
MPL	-5.94	8	-0.81	0.208	2866	0.962	0.792	15187	0.941
CDRT1	-5.14	6	-0.81	0.208	2867	0.962	0.792	15186	0.941
SCGB1A1	-5.94	8	-0.81	0.208	2868	0.962	0.792	15185	0.941
KLK5	-5.93	8	-0.81	0.208	2869	0.962	0.792	15184	0.941
ALDH4A1	-5.93	8	-0.81	0.208	2870	0.962	0.792	15183	0.941
DPF3	-5.93	8	-0.81	0.208	2871	0.962	0.792	15182	0.941
SOX3	-5.93	8	-0.81	0.208	2872	0.962	0.792	15181	0.941
ZCCHC11	-5.93	8	-0.81	0.208	2873	0.962	0.792	15180	0.941
SNX12	-5.93	8	-0.81	0.208	2874	0.962	0.792	15179	0.941
SRL	-5.14	6	-0.81	0.208	2875	0.962	0.792	15178	0.941
REG3A	-5.93	8	-0.81	0.208	2876	0.962	0.792	15177	0.941
INPP5J	-5.93	8	-0.81	0.209	2877	0.962	0.791	15176	0.941
FCRLA	-5.93	8	-0.81	0.209	2878	0.962	0.791	15175	0.941
GALNT3	-5.93	8	-0.81	0.209	2879	0.962	0.791	15174	0.941
PINLYP	-5.93	8	-0.81	0.209	2880	0.962	0.791	15173	0.941
DOK1	-5.93	8	-0.81	0.209	2881	0.962	0.791	15172	0.941
TUB	-5.93	8	-0.81	0.209	2882	0.962	0.791	15171	0.941
CAST	-5.93	8	-0.81	0.209	2883	0.962	0.791	15170	0.941
RC3H1	-5.93	8	-0.81	0.209	2884	0.962	0.791	15169	0.941
01-Mar	-8.38	16	-0.81	0.209	2885	0.962	0.791	15168	0.941
TTLL5	-5.93	8	-0.81	0.209	2886	0.962	0.791	15167	0.941
IFT140	-5.93	8	-0.81	0.209	2887	0.962	0.791	15166	0.941
SCLY	-5.93	8	-0.81	0.209	2888	0.962	0.791	15165	0.941
GADD45GIP1	-5.93	8	-0.81	0.209	2889	0.962	0.791	15164	0.941
PDLIM2	-5.92	8	-0.81	0.209	2890	0.962	0.791	15163	0.941
ERCC6L2	-5.92	8	-0.81	0.209	2891	0.962	0.791	15162	0.941
EXOC3	-5.92	8	-0.81	0.209	2892	0.962	0.791	15161	0.941
CLDN12	-5.92	8	-0.81	0.209	2893	0.962	0.791	15160	0.941
RAD51AP2	-5.92	8	-0.81	0.209	2894	0.962	0.791	15159	0.941
S100A14	-5.92	8	-0.81	0.209	2895	0.962	0.791	15158	0.941
TCP10L	-5.92	8	-0.81	0.209	2896	0.962	0.791	15157	0.941
ZDHHC20	-5.92	8	-0.81	0.209	2897	0.962	0.791	15156	0.941
OR4C6	-5.91	8	-0.81	0.21	2898	0.962	0.79	15155	0.941
HSPA1L	-5.91	8	-0.81	0.21	2899	0.962	0.79	15154	0.941
NR2E1	-5.91	8	-0.81	0.21	2900	0.962	0.79	15153	0.941
MKI67	-5.91	8	-0.81	0.21	2901	0.962	0.79	15152	0.941
HSD17B14	-5.91	8	-0.81	0.21	2902	0.962	0.79	15151	0.941
REM2	-5.91	8	-0.80	0.21	2903	0.962	0.79	15150	0.941
ZC3H4	-5.90	8	-0.80	0.211	2904	0.962	0.789	15149	0.941
TMEM2	-5.90	8	-0.80	0.211	2905	0.962	0.789	15148	0.941
TINAGL1	-5.90	8	-0.80	0.211	2906	0.962	0.789	15147	0.941
MSX1	-5.90	8	-0.80	0.211	2907	0.962	0.789	15146	0.941
NR3C2	-5.90	8	-0.80	0.211	2908	0.962	0.789	15145	0.941
NKX2-2	-5.90	8	-0.80	0.211	2909	0.962	0.789	15144	0.941
GREM1	-5.90	8	-0.80	0.211	2910	0.962	0.789	15143	0.941
SLC27A5	-5.90	8	-0.80	0.211	2911	0.962	0.789	15142	0.941
SETDB1	-5.90	8	-0.80	0.211	2912	0.962	0.789	15141	0.941
FAM213B	-5.90	8	-0.80	0.211	2913	0.962	0.789	15140	0.941
ANGPTL7	-5.90	8	-0.80	0.211	2914	0.962	0.789	15139	0.941
GJB2	-5.90	8	-0.80	0.211	2915	0.962	0.789	15138	0.941
PET100	-5.90	8	-0.80	0.211	2916	0.962	0.789	15137	0.941
CCNG1	-5.89	8	-0.80	0.211	2917	0.962	0.789	15136	0.941
RAB3D	-5.89	8	-0.80	0.211	2918	0.962	0.789	15135	0.941
LRRC36	-5.89	8	-0.80	0.211	2919	0.962	0.789	15134	0.941
C1orf53	-5.89	8	-0.80	0.211	2920	0.962	0.789	15133	0.941
SLC25A27	-5.89	8	-0.80	0.211	2921	0.962	0.789	15132	0.941
G6PC	-5.89	8	-0.80	0.212	2922	0.962	0.788	15131	0.941
EIF4H	-5.89	8	-0.80	0.212	2923	0.962	0.788	15130	0.94
RBFOX3	-5.89	8	-0.80	0.212	2924	0.962	0.788	15129	0.94
SRPRB	-5.89	8	-0.80	0.212	2925	0.962	0.788	15128	0.94
DDX47	-5.88	8	-0.80	0.212	2926	0.962	0.788	15127	0.94
CASKIN2	-5.88	8	-0.80	0.212	2927	0.962	0.788	15126	0.94
METAP2	-5.88	8	-0.80	0.212	2928	0.962	0.788	15125	0.94
GUCY1B3	-5.88	8	-0.80	0.212	2929	0.962	0.788	15124	0.94
BIRC2	-5.88	8	-0.80	0.212	2930	0.962	0.788	15123	0.94
PXT1	-5.88	8	-0.80	0.212	2931	0.962	0.788	15122	0.94
ZNF117	-4.16	4	-0.80	0.212	2932	0.962	0.788	15121	0.94
B4GALNT3	-5.88	8	-0.80	0.212	2933	0.962	0.788	15120	0.94
BET1L	-5.88	8	-0.80	0.212	2934	0.962	0.788	15119	0.94
DNAH14	-5.88	8	-0.80	0.212	2935	0.962	0.788	15118	0.94
FAM211B	-5.88	8	-0.80	0.213	2936	0.962	0.787	15117	0.94
RNF135	-5.88	8	-0.80	0.213	2937	0.962	0.787	15116	0.94
GJA9	-5.88	8	-0.80	0.213	2938	0.962	0.787	15115	0.94
ZNF585B	-4.15	4	-0.80	0.213	2939	0.962	0.787	15114	0.94
LACC1	-5.87	8	-0.80	0.213	2940	0.962	0.787	15113	0.94
OR52N1	-5.87	8	-0.80	0.213	2941	0.962	0.787	15112	0.94
RAB33A	-5.87	8	-0.80	0.213	2942	0.962	0.787	15111	0.94
REL	-5.87	8	-0.80	0.213	2943	0.962	0.787	15110	0.94
RGS6	-5.87	8	-0.80	0.213	2944	0.962	0.787	15109	0.94
SMAP1	-5.87	8	-0.80	0.213	2945	0.962	0.787	15108	0.94
FOXE1	-5.87	8	-0.80	0.213	2946	0.962	0.787	15107	0.94
OC90	-5.87	8	-0.80	0.213	2947	0.962	0.787	15106	0.94
CBLN2	-5.87	8	-0.80	0.213	2948	0.962	0.787	15105	0.94
FANCA	-5.87	8	-0.80	0.213	2949	0.962	0.787	15104	0.94
SPEN	-5.87	8	-0.80	0.213	2950	0.962	0.787	15103	0.94
RBX1	-5.87	8	-0.80	0.213	2951	0.962	0.787	15102	0.94
RNF168	-5.87	8	-0.80	0.213	2952	0.962	0.787	15101	0.94
TREML4	-5.87	8	-0.80	0.213	2953	0.962	0.787	15100	0.94
BUD13	-5.87	8	-0.79	0.213	2954	0.962	0.787	15099	0.94
MPV17L	-5.86	8	-0.79	0.213	2955	0.962	0.787	15098	0.94
NAPA	-5.86	8	-0.79	0.214	2956	0.962	0.786	15097	0.94
PACRGL	-5.86	8	-0.79	0.214	2957	0.962	0.786	15096	0.94
UMOD	-5.86	8	-0.79	0.214	2958	0.962	0.786	15095	0.94
MYADM	-5.48	7	-0.79	0.214	2959	0.962	0.786	15094	0.94
TPCN2	-5.86	8	-0.79	0.214	2960	0.962	0.786	15093	0.94
VMAC	-5.86	8	-0.79	0.214	2961	0.962	0.786	15092	0.94
C6orf163	-5.86	8	-0.79	0.214	2962	0.962	0.786	15091	0.94
ADM	-5.86	8	-0.79	0.214	2963	0.962	0.786	15090	0.94
VDAC2	-5.86	8	-0.79	0.214	2964	0.962	0.786	15089	0.94
ICMT	-5.86	8	-0.79	0.214	2965	0.962	0.786	15088	0.94
RPRML	-5.85	8	-0.79	0.214	2966	0.962	0.786	15087	0.94
PLEKHA1	-5.85	8	-0.79	0.214	2967	0.962	0.786	15086	0.94
C1QTNF4	-5.85	8	-0.79	0.214	2968	0.962	0.786	15085	0.94
SC5D	-5.85	8	-0.79	0.214	2969	0.962	0.786	15084	0.94
OR6Y1	-5.85	8	-0.79	0.214	2970	0.962	0.786	15083	0.94
CYTH4	-5.85	8	-0.79	0.214	2971	0.962	0.786	15082	0.94
NAA50	-5.85	8	-0.79	0.215	2972	0.962	0.785	15081	0.94
CEACAM19	-5.84	8	-0.79	0.215	2973	0.962	0.785	15080	0.94
SIGLEC8	-5.84	8	-0.79	0.215	2974	0.962	0.785	15079	0.94
CRB3	-5.84	8	-0.79	0.215	2975	0.962	0.785	15078	0.94
MAPRE3	-5.84	8	-0.79	0.215	2976	0.962	0.785	15077	0.94
PCDHA10	-5.84	8	-0.79	0.215	2977	0.962	0.785	15076	0.94
MGRN1	-5.84	8	-0.79	0.215	2978	0.962	0.785	15075	0.94
C11orf85	-5.84	8	-0.79	0.215	2979	0.962	0.785	15074	0.94
DOCK10	-5.84	8	-0.79	0.215	2980	0.962	0.785	15073	0.94
RNASE13	-5.84	8	-0.79	0.215	2981	0.962	0.785	15072	0.94
BTN3A3	-5.84	8	-0.79	0.215	2982	0.962	0.785	15071	0.94
MRPS9	-5.84	8	-0.79	0.216	2983	0.962	0.784	15070	0.94
SMOC1	-5.84	8	-0.79	0.216	2984	0.962	0.784	15069	0.94
ATAD3A	-5.05	6	-0.79	0.216	2985	0.962	0.784	15068	0.94
MUS81	-5.83	8	-0.79	0.216	2986	0.962	0.784	15067	0.939
HIST1H4B	-2.92	2	-0.79	0.216	2987	0.962	0.784	15066	0.939
VASH2	-5.83	8	-0.79	0.216	2988	0.962	0.784	15065	0.939
ENSA	-5.83	8	-0.79	0.216	2989	0.962	0.784	15064	0.939
PTK6	-5.83	8	-0.78	0.216	2990	0.962	0.784	15063	0.939
LRSAM1	-5.82	8	-0.78	0.217	2991	0.962	0.783	15062	0.939
RERE	-5.82	8	-0.78	0.217	2992	0.962	0.783	15061	0.939
OR5AR1	-5.82	8	-0.78	0.217	2993	0.962	0.783	15060	0.939
EMC9	-5.82	8	-0.78	0.217	2994	0.962	0.783	15059	0.939
C1orf109	-5.82	8	-0.78	0.217	2995	0.962	0.783	15058	0.939
UBE3D	-5.82	8	-0.78	0.217	2996	0.962	0.783	15057	0.939
NOD1	-5.82	8	-0.78	0.217	2997	0.962	0.783	15056	0.939
GRAMD1A	-5.82	8	-0.78	0.217	2998	0.962	0.783	15055	0.939
TXLNA	-5.82	8	-0.78	0.217	2999	0.962	0.783	15054	0.939
PRC1	-5.82	8	-0.78	0.217	3000	0.962	0.783	15053	0.939
ZBTB42	-5.82	8	-0.78	0.217	3001	0.962	0.783	15052	0.939
ALAS1	-5.81	8	-0.78	0.217	3002	0.962	0.783	15051	0.939
TUBA4A	-5.81	8	-0.78	0.217	3003	0.962	0.783	15050	0.939
NHLH2	-5.81	8	-0.78	0.218	3004	0.962	0.782	15049	0.939
DHCR24	-5.81	8	-0.78	0.218	3005	0.962	0.782	15048	0.938
SHISA9	-5.81	8	-0.78	0.218	3006	0.962	0.782	15047	0.938
NUPR1	-5.81	8	-0.78	0.218	3007	0.962	0.782	15046	0.938
SESN2	-5.81	8	-0.78	0.218	3008	0.962	0.782	15045	0.938
NUGGC	-5.81	8	-0.78	0.218	3009	0.962	0.782	15044	0.938
ARPC5L	-5.81	8	-0.78	0.218	3010	0.962	0.782	15043	0.938
FOXA3	-5.81	8	-0.78	0.218	3011	0.962	0.782	15042	0.938
HLX	-5.80	8	-0.78	0.218	3012	0.962	0.782	15041	0.938
BAI1	-5.80	8	-0.78	0.218	3013	0.962	0.782	15040	0.938
ZW10	-5.80	8	-0.78	0.218	3014	0.962	0.782	15039	0.938
ANGEL1	-5.80	8	-0.78	0.218	3015	0.962	0.782	15038	0.938
EHD1	-5.80	8	-0.78	0.219	3016	0.962	0.781	15037	0.938
CCDC158	-5.79	8	-0.78	0.219	3017	0.962	0.781	15036	0.938
USP24	-5.79	8	-0.78	0.219	3018	0.962	0.781	15035	0.938
TOX2	-5.79	8	-0.78	0.219	3019	0.962	0.781	15034	0.938
MIOX	-5.79	8	-0.78	0.219	3020	0.962	0.781	15033	0.938
MARVELD2	-5.79	8	-0.78	0.219	3021	0.962	0.781	15032	0.938
C5orf60	-5.79	8	-0.77	0.219	3022	0.962	0.781	15031	0.938
SORCS1	-5.79	8	-0.77	0.219	3023	0.962	0.781	15030	0.938
ABAT	-5.79	8	-0.77	0.219	3024	0.962	0.781	15029	0.938
SLC3A2	-5.79	8	-0.77	0.219	3025	0.962	0.781	15028	0.938
SLC22A18	-5.79	8	-0.77	0.219	3026	0.962	0.781	15027	0.938
CWC25	-5.79	8	-0.77	0.219	3027	0.962	0.781	15026	0.938
PELI2	-5.79	8	-0.77	0.219	3028	0.962	0.781	15025	0.938
TCEA3	-5.79	8	-0.77	0.219	3029	0.962	0.781	15024	0.938
NT5C	-5.79	8	-0.77	0.219	3030	0.962	0.781	15023	0.938
DCTN4	-5.79	8	-0.77	0.219	3031	0.962	0.781	15022	0.938
CCM2L	-5.78	8	-0.77	0.22	3032	0.962	0.78	15021	0.938
RPL37	-4.09	4	-0.77	0.22	3033	0.962	0.78	15020	0.938
MYBPC3	-5.78	8	-0.77	0.22	3034	0.962	0.78	15019	0.938
CASP8	-5.78	8	-0.77	0.22	3035	0.962	0.78	15018	0.938
COLEC12	-5.78	8	-0.77	0.22	3036	0.962	0.78	15017	0.938
DCLRE1C	-5.78	8	-0.77	0.22	3037	0.962	0.78	15016	0.938
AGO3	-5.78	8	-0.77	0.22	3038	0.962	0.78	15015	0.938
AP1M1	-5.78	8	-0.77	0.22	3039	0.962	0.78	15014	0.938
UAP1	-5.78	8	-0.77	0.22	3040	0.962	0.78	15013	0.938
CALR3	-5.78	8	-0.77	0.22	3041	0.962	0.78	15012	0.938
ZNF557	-5.78	8	-0.77	0.22	3042	0.962	0.78	15011	0.938
UPF1	-5.00	6	-0.77	0.22	3043	0.962	0.78	15010	0.938
OR6K6	-5.77	8	-0.77	0.22	3044	0.962	0.78	15009	0.938
UVRAG	-5.77	8	-0.77	0.22	3045	0.962	0.78	15008	0.938
RHNO1	-5.77	8	-0.77	0.22	3046	0.962	0.78	15007	0.938
SH2D4A	-5.77	8	-0.77	0.22	3047	0.962	0.78	15006	0.938
TXN2	-5.77	8	-0.77	0.22	3048	0.962	0.78	15005	0.938
LEP	-5.77	8	-0.77	0.22	3049	0.962	0.78	15004	0.938
RPS6KC1	-5.77	8	-0.77	0.22	3050	0.962	0.78	15003	0.938
ZNF329	-5.77	8	-0.77	0.22	3051	0.962	0.78	15002	0.938
RTCA	-5.77	8	-0.77	0.221	3052	0.962	0.779	15001	0.938
TSPAN1	-5.77	8	-0.77	0.221	3053	0.962	0.779	15000	0.938
C4orf50	-5.77	8	-0.77	0.221	3054	0.962	0.779	14999	0.938
THAP5	-5.77	8	-0.77	0.221	3055	0.962	0.779	14998	0.938
OR2C1	-5.77	8	-0.77	0.221	3056	0.962	0.779	14997	0.938
SAMD11	-5.77	8	-0.77	0.221	3057	0.962	0.779	14996	0.938
FAM195A	-5.76	8	-0.77	0.221	3058	0.962	0.779	14995	0.938
DKKL1	-5.76	8	-0.77	0.221	3059	0.962	0.779	14994	0.938
CNR1	-5.76	8	-0.77	0.221	3060	0.962	0.779	14993	0.938
WNT3A	-5.76	8	-0.77	0.221	3061	0.962	0.779	14992	0.938
JOSD2	-5.76	8	-0.77	0.221	3062	0.962	0.779	14991	0.938
SLC29A1	-5.76	8	-0.77	0.221	3063	0.962	0.779	14990	0.938
METAP1	-5.76	8	-0.77	0.221	3064	0.962	0.779	14989	0.938
FBP1	-5.76	8	-0.77	0.222	3065	0.962	0.778	14988	0.938
GAA	-5.76	8	-0.77	0.222	3066	0.962	0.778	14987	0.938
TSPAN17	-5.76	8	-0.77	0.222	3067	0.962	0.778	14986	0.938
OTUB1	-5.76	8	-0.77	0.222	3068	0.962	0.778	14985	0.938
GPR20	-5.76	8	-0.77	0.222	3069	0.962	0.778	14984	0.938
TMEM14B	-4.99	6	-0.77	0.222	3070	0.962	0.778	14983	0.938
TMCC2	-5.76	8	-0.77	0.222	3071	0.962	0.778	14982	0.938
ERMARD	-5.76	8	-0.77	0.222	3072	0.962	0.778	14981	0.938
MBD1	-5.75	8	-0.77	0.222	3073	0.962	0.778	14980	0.938
DSG4	-5.75	8	-0.77	0.222	3074	0.962	0.778	14979	0.938
HIST1H2AA	-5.75	8	-0.77	0.222	3075	0.962	0.778	14978	0.938
SNRNP48	-5.75	8	-0.77	0.222	3076	0.962	0.778	14977	0.938
PIGV	-5.75	8	-0.77	0.222	3077	0.962	0.778	14976	0.938
WFDC1	-5.75	8	-0.77	0.222	3078	0.962	0.778	14975	0.938
AC018755.1	-5.75	8	-0.76	0.222	3079	0.962	0.778	14974	0.938
SPCS3	-5.75	8	-0.76	0.222	3080	0.962	0.778	14973	0.938
USP47	-5.75	8	-0.76	0.222	3081	0.962	0.778	14972	0.937
HNRNPH1	-5.75	8	-0.76	0.222	3082	0.962	0.778	14971	0.937
HDDC2	-5.75	8	-0.76	0.223	3083	0.962	0.777	14970	0.937
CNTRL	-5.75	8	-0.76	0.223	3084	0.962	0.777	14969	0.937
CATSPER4	-5.74	8	-0.76	0.223	3085	0.962	0.777	14968	0.937
SH3YL1	-5.74	8	-0.76	0.223	3086	0.962	0.777	14967	0.937
MICALCL	-5.74	8	-0.76	0.223	3087	0.962	0.777	14966	0.937
MPPE1	-5.74	8	-0.76	0.223	3088	0.962	0.777	14965	0.937
SAMD13	-5.74	8	-0.76	0.223	3089	0.962	0.777	14964	0.937
KIAA0556	-5.74	8	-0.76	0.223	3090	0.962	0.777	14963	0.937
PGBD2	-5.74	8	-0.76	0.223	3091	0.962	0.777	14962	0.937
BPTF	-5.74	8	-0.76	0.223	3092	0.962	0.777	14961	0.937
GBP3	-5.74	8	-0.76	0.223	3093	0.962	0.777	14960	0.937
GTF3C6	-5.74	8	-0.76	0.223	3094	0.962	0.777	14959	0.937
PNMA2	-5.74	8	-0.76	0.223	3095	0.962	0.777	14958	0.937
MRPS28	-5.74	8	-0.76	0.223	3096	0.962	0.777	14957	0.937
ZMYM2	-5.74	8	-0.76	0.223	3097	0.962	0.777	14956	0.937
IL16	-5.73	8	-0.76	0.223	3098	0.962	0.777	14955	0.937
RNF8	-5.73	8	-0.76	0.223	3099	0.962	0.777	14954	0.937
MRPS14	-5.73	8	-0.76	0.224	3100	0.962	0.776	14953	0.937
SLC43A2	-5.73	8	-0.76	0.224	3101	0.962	0.776	14952	0.937
ZMYM3	-5.73	8	-0.76	0.224	3102	0.962	0.776	14951	0.937
ZSCAN22	-5.73	8	-0.76	0.224	3103	0.962	0.776	14950	0.937
C9orf69	-5.73	8	-0.76	0.224	3104	0.962	0.776	14949	0.937
OLIG1	-5.73	8	-0.76	0.224	3105	0.962	0.776	14948	0.937
ACACA	-5.73	8	-0.76	0.224	3106	0.962	0.776	14947	0.937
YDJC	-5.72	8	-0.76	0.224	3107	0.962	0.776	14946	0.937
AKAP1	-5.72	8	-0.76	0.224	3108	0.962	0.776	14945	0.937
GOLPH3L	-5.72	8	-0.76	0.224	3109	0.962	0.776	14944	0.937
RBM41	-5.72	8	-0.76	0.224	3110	0.962	0.776	14943	0.937
HFE	-5.72	8	-0.76	0.225	3111	0.962	0.775	14942	0.937
TAS2R1	-4.95	6	-0.76	0.225	3112	0.962	0.775	14941	0.937
RHBDL2	-5.72	8	-0.76	0.225	3113	0.962	0.775	14940	0.937
TAF1D	-5.72	8	-0.76	0.225	3114	0.962	0.775	14939	0.937
TMEM192	-5.72	8	-0.76	0.225	3115	0.962	0.775	14938	0.937
ACTN2	-5.72	8	-0.76	0.225	3116	0.962	0.775	14937	0.937
WFDC2	-5.72	8	-0.76	0.225	3117	0.962	0.775	14936	0.937
CLIP4	-5.72	8	-0.76	0.225	3118	0.962	0.775	14935	0.937
SLC26A11	-5.72	8	-0.76	0.225	3119	0.962	0.775	14934	0.937
ZMYND12	-5.72	8	-0.76	0.225	3120	0.962	0.775	14933	0.937
TM7SF2	-5.71	8	-0.76	0.225	3121	0.962	0.775	14932	0.937
C14orf142	-4.95	6	-0.76	0.225	3122	0.962	0.775	14931	0.937
GPBP1L1	-5.71	8	-0.76	0.225	3123	0.962	0.775	14930	0.937
MIER3	-5.71	8	-0.75	0.225	3124	0.962	0.775	14929	0.937
PIGT	-5.71	8	-0.75	0.225	3125	0.962	0.775	14928	0.937
EPS15	-5.71	8	-0.75	0.226	3126	0.962	0.774	14927	0.937
SIRT2	-5.71	8	-0.75	0.226	3127	0.962	0.774	14926	0.937
PRIMPOL	-5.71	8	-0.75	0.226	3128	0.962	0.774	14925	0.937
CACNG4	-5.70	8	-0.75	0.226	3129	0.962	0.774	14924	0.937
MYH7B	-5.70	8	-0.75	0.226	3130	0.962	0.774	14923	0.937
FXYD1	-5.70	8	-0.75	0.226	3131	0.962	0.774	14922	0.937
SNX17	-5.70	8	-0.75	0.226	3132	0.962	0.774	14921	0.937
KRT20	-5.70	8	-0.75	0.226	3133	0.962	0.774	14920	0.937
FASLG	-5.70	8	-0.75	0.226	3134	0.962	0.774	14919	0.937
PKP2	-5.70	8	-0.75	0.226	3135	0.962	0.774	14918	0.937
NAGLU	-5.70	8	-0.75	0.226	3136	0.962	0.774	14917	0.937
LRRC73	-5.70	8	-0.75	0.226	3137	0.962	0.774	14916	0.937
ATF4	-5.70	8	-0.75	0.226	3138	0.962	0.774	14915	0.936
GSX2	-5.70	8	-0.75	0.226	3139	0.962	0.774	14914	0.936
IFRD2	-5.69	8	-0.75	0.226	3140	0.962	0.774	14913	0.936
DEFB135	-5.69	8	-0.75	0.227	3141	0.962	0.773	14912	0.936
OSCP1	-5.69	8	-0.75	0.227	3142	0.962	0.773	14911	0.936
PM20D1	-5.69	8	-0.75	0.227	3143	0.962	0.773	14910	0.936
TOR4A	-5.69	8	-0.75	0.227	3144	0.962	0.773	14909	0.936
PTER	-5.69	8	-0.75	0.227	3145	0.962	0.773	14908	0.936
GALNT12	-5.69	8	-0.75	0.227	3146	0.962	0.773	14907	0.936
G6PD	-5.69	8	-0.75	0.227	3147	0.962	0.773	14906	0.936
CCDC172	-5.69	8	-0.75	0.227	3148	0.962	0.773	14905	0.936
PPP3R2	-5.32	7	-0.75	0.227	3149	0.962	0.773	14904	0.936
CDH26	-5.68	8	-0.75	0.227	3150	0.962	0.773	14903	0.936
ZNRF3	-5.68	8	-0.75	0.228	3151	0.962	0.772	14902	0.936
PPAT	-5.68	8	-0.75	0.228	3152	0.962	0.772	14901	0.936
C16orf52	-5.68	8	-0.75	0.228	3153	0.962	0.772	14900	0.936
CARD6	-5.68	8	-0.75	0.228	3154	0.962	0.772	14899	0.936
ZC3H18	-5.68	8	-0.75	0.228	3155	0.962	0.772	14898	0.935
NDUFB7	-5.68	8	-0.75	0.228	3156	0.962	0.772	14897	0.935
FLT4	-5.68	8	-0.75	0.228	3157	0.962	0.772	14896	0.935
LMAN1L	-5.68	8	-0.75	0.228	3158	0.962	0.772	14895	0.935
CACNG6	-5.67	8	-0.75	0.228	3159	0.962	0.772	14894	0.935
XRCC3	-5.67	8	-0.75	0.228	3160	0.962	0.772	14893	0.935
DET1	-5.67	8	-0.74	0.228	3161	0.962	0.772	14892	0.935
PTRH2	-5.67	8	-0.74	0.228	3162	0.962	0.772	14891	0.935
FOXR1	-5.67	8	-0.74	0.229	3163	0.962	0.771	14890	0.935
SNRPF	-4.01	4	-0.74	0.229	3164	0.962	0.771	14889	0.935
SH3GLB2	-5.67	8	-0.74	0.229	3165	0.962	0.771	14888	0.935
TAS2R42	-5.67	8	-0.74	0.229	3166	0.962	0.771	14887	0.935
ADAMTSL4-AS1	-5.67	8	-0.74	0.229	3167	0.962	0.771	14886	0.935
CEPT1	-5.67	8	-0.74	0.229	3168	0.962	0.771	14885	0.935
LZTR1	-5.67	8	-0.74	0.229	3169	0.962	0.771	14884	0.935
FBXO33	-5.66	8	-0.74	0.229	3170	0.962	0.771	14883	0.935
DNAAF2	-5.66	8	-0.74	0.229	3171	0.962	0.771	14882	0.935
PPARD	-5.66	8	-0.74	0.229	3172	0.962	0.771	14881	0.935
AQP9	-5.66	8	-0.74	0.229	3173	0.962	0.771	14880	0.935
LMO2	-5.66	8	-0.74	0.229	3174	0.962	0.771	14879	0.935
MFSD4	-5.66	8	-0.74	0.229	3175	0.962	0.771	14878	0.935
MAPK8IP2	-5.66	8	-0.74	0.229	3176	0.962	0.771	14877	0.935
VSIG10L	-5.66	8	-0.74	0.229	3177	0.962	0.771	14876	0.935
PRKACB	-5.66	8	-0.74	0.23	3178	0.962	0.77	14875	0.935
KIF1B	-5.66	8	-0.74	0.23	3179	0.962	0.77	14874	0.935
C2orf42	-5.65	8	-0.74	0.23	3180	0.962	0.77	14873	0.935
AKAP13	-5.65	8	-0.74	0.23	3181	0.962	0.77	14872	0.935
AKIP1	-5.65	8	-0.74	0.23	3182	0.962	0.77	14871	0.935
KCNK17	-5.65	8	-0.74	0.23	3183	0.962	0.77	14870	0.935
PCBP3	-5.65	8	-0.74	0.23	3184	0.962	0.77	14869	0.935
ADAMTS3	-5.65	8	-0.74	0.23	3185	0.962	0.77	14868	0.935
RAD54L	-5.65	8	-0.74	0.23	3186	0.962	0.77	14867	0.935
PDXDC1	-5.65	8	-0.74	0.23	3187	0.962	0.77	14866	0.935
GRAMD4	-5.64	8	-0.74	0.23	3188	0.962	0.77	14865	0.935
EDNRB	-5.64	8	-0.74	0.231	3189	0.962	0.769	14864	0.934
PRLH	-4.88	6	-0.74	0.231	3190	0.962	0.769	14863	0.934
LACTB2	-5.64	8	-0.74	0.231	3191	0.962	0.769	14862	0.934
MAGEC2	-5.64	8	-0.74	0.231	3192	0.962	0.769	14861	0.934
OSCAR	-5.64	8	-0.74	0.231	3193	0.962	0.769	14860	0.934
JMY	-5.64	8	-0.74	0.231	3194	0.962	0.769	14859	0.934
FAM134C	-5.64	8	-0.74	0.231	3195	0.962	0.769	14858	0.934
PUSL1	-5.64	8	-0.74	0.231	3196	0.962	0.769	14857	0.934
TNFRSF17	-5.64	8	-0.74	0.231	3197	0.962	0.769	14856	0.934
IGSF21	-5.63	8	-0.74	0.231	3198	0.962	0.769	14855	0.934
GPAT2	-5.63	8	-0.73	0.231	3199	0.962	0.769	14854	0.934
HIST1H4D	-5.63	8	-0.73	0.231	3200	0.962	0.769	14853	0.934
PLA2G2A	-5.63	8	-0.73	0.231	3201	0.962	0.769	14852	0.934
C1orf74	-5.63	8	-0.73	0.231	3202	0.962	0.769	14851	0.934
CORO1A	-5.63	8	-0.73	0.232	3203	0.962	0.768	14850	0.934
MUC6	-5.63	8	-0.73	0.232	3204	0.962	0.768	14849	0.934
RPS27	-2.81	2	-0.73	0.232	3205	0.962	0.768	14848	0.934
C1orf172	-5.63	8	-0.73	0.232	3206	0.962	0.768	14847	0.934
SDC4	-5.63	8	-0.73	0.232	3207	0.962	0.768	14846	0.934
VASP	-5.63	8	-0.73	0.232	3208	0.962	0.768	14845	0.934
LMF1	-5.63	8	-0.73	0.232	3209	0.962	0.768	14844	0.934
ANKS3	-5.63	8	-0.73	0.232	3210	0.962	0.768	14843	0.934
NR1H2	-5.63	8	-0.73	0.232	3211	0.962	0.768	14842	0.934
TCOF1	-5.62	8	-0.73	0.232	3212	0.962	0.768	14841	0.934
EXOC4	-5.62	8	-0.73	0.232	3213	0.962	0.768	14840	0.934
POMGNT1	-5.62	8	-0.73	0.232	3214	0.962	0.768	14839	0.934
KCTD12	-5.62	8	-0.73	0.232	3215	0.962	0.768	14838	0.934
SORT1	-5.62	8	-0.73	0.232	3216	0.962	0.768	14837	0.934
PRR14	-5.62	8	-0.73	0.232	3217	0.962	0.768	14836	0.934
FGF7	-5.62	8	-0.73	0.232	3218	0.962	0.768	14835	0.934
COASY	-5.62	8	-0.73	0.232	3219	0.962	0.768	14834	0.934
NFKBIL1	-5.62	8	-0.73	0.232	3220	0.962	0.768	14833	0.934
MED11	-5.62	8	-0.73	0.232	3221	0.962	0.768	14832	0.934
SPATA2L	-5.62	8	-0.73	0.232	3222	0.962	0.768	14831	0.934
IL31RA	-5.62	8	-0.73	0.232	3223	0.962	0.768	14830	0.934
MED20	-5.62	8	-0.73	0.232	3224	0.962	0.768	14829	0.934
GDF1	-5.62	8	-0.73	0.232	3225	0.962	0.768	14828	0.934
RBMX2	-5.62	8	-0.73	0.233	3226	0.962	0.767	14827	0.934
KRT15	-5.62	8	-0.73	0.233	3227	0.962	0.767	14826	0.934
FDXACB1	-5.62	8	-0.73	0.233	3228	0.962	0.767	14825	0.934
HSPBAP1	-5.62	8	-0.73	0.233	3229	0.962	0.767	14824	0.934
SLC35F6	-5.61	8	-0.73	0.233	3230	0.962	0.767	14823	0.934
DPH2	-5.61	8	-0.73	0.233	3231	0.962	0.767	14822	0.934
RXFP2	-5.61	8	-0.73	0.233	3232	0.962	0.767	14821	0.934
FIGN	-5.61	8	-0.73	0.233	3233	0.962	0.767	14820	0.934
SLC29A2	-5.61	8	-0.73	0.233	3234	0.962	0.767	14819	0.934
SEMA6B	-5.61	8	-0.73	0.233	3235	0.962	0.767	14818	0.934
DTNB	-5.61	8	-0.73	0.233	3236	0.962	0.767	14817	0.934
TP53BP2	-5.61	8	-0.73	0.234	3237	0.962	0.766	14816	0.934
TRIP11	-5.60	8	-0.73	0.234	3238	0.962	0.766	14815	0.934
F7	-5.60	8	-0.73	0.234	3239	0.962	0.766	14814	0.934
DUSP2	-5.60	8	-0.73	0.234	3240	0.962	0.766	14813	0.934
FBXO22	-5.60	8	-0.73	0.234	3241	0.962	0.766	14812	0.934
CRTC2	-5.60	8	-0.73	0.234	3242	0.962	0.766	14811	0.934
ANKRD23	-5.60	8	-0.73	0.234	3243	0.962	0.766	14810	0.934
LY75	-5.60	8	-0.73	0.234	3244	0.962	0.766	14809	0.934
CCDC167	-4.85	6	-0.73	0.234	3245	0.962	0.766	14808	0.934
COX5B	-5.60	8	-0.73	0.234	3246	0.962	0.766	14807	0.934
WDHD1	-5.60	8	-0.73	0.234	3247	0.962	0.766	14806	0.934
FAM178A	-5.60	8	-0.73	0.234	3248	0.962	0.766	14805	0.934
OR2G6	-5.60	8	-0.72	0.234	3249	0.962	0.766	14804	0.934
TGM7	-5.59	8	-0.72	0.234	3250	0.962	0.766	14803	0.934
CDC14A	-5.59	8	-0.72	0.234	3251	0.962	0.766	14802	0.934
TAF1L	-5.59	8	-0.72	0.235	3252	0.962	0.765	14801	0.934
SPTBN2	-5.59	8	-0.72	0.235	3253	0.962	0.765	14800	0.934
ANKRD6	-5.59	8	-0.72	0.235	3254	0.962	0.765	14799	0.934
MRPL16	-5.59	8	-0.72	0.235	3255	0.962	0.765	14798	0.934
DPP6	-5.59	8	-0.72	0.235	3256	0.962	0.765	14797	0.934
NKX6-2	-5.59	8	-0.72	0.235	3257	0.962	0.765	14796	0.934
FUT8	-5.59	8	-0.72	0.235	3258	0.962	0.765	14795	0.934
PEX10	-5.59	8	-0.72	0.235	3259	0.962	0.765	14794	0.934
OR14J1	-5.59	8	-0.72	0.235	3260	0.962	0.765	14793	0.934
FAM114A1	-5.59	8	-0.72	0.235	3261	0.962	0.765	14792	0.934
GMFB	-5.58	8	-0.72	0.235	3262	0.962	0.765	14791	0.933
FHAD1	-5.58	8	-0.72	0.235	3263	0.962	0.765	14790	0.933
ASPRV1	-5.58	8	-0.72	0.235	3264	0.962	0.765	14789	0.933
TRPC4AP	-5.58	8	-0.72	0.235	3265	0.962	0.765	14788	0.933
SLC45A4	-5.58	8	-0.72	0.235	3266	0.962	0.765	14787	0.933
CEP192	-5.58	8	-0.72	0.235	3267	0.962	0.765	14786	0.933
CPQ	-5.58	8	-0.72	0.235	3268	0.962	0.765	14785	0.933
GGA3	-5.58	8	-0.72	0.235	3269	0.962	0.765	14784	0.933
OR8H1	-4.83	6	-0.72	0.235	3270	0.962	0.765	14783	0.933
C19orf43	-5.58	8	-0.72	0.235	3271	0.962	0.765	14782	0.933
ECE2	-5.58	8	-0.72	0.236	3272	0.962	0.764	14781	0.933
TES	-5.58	8	-0.72	0.236	3273	0.962	0.764	14780	0.933
SOX21	-5.58	8	-0.72	0.236	3274	0.962	0.764	14779	0.933
SLU7	-5.58	8	-0.72	0.236	3275	0.962	0.764	14778	0.933
UBE2J1	-5.57	8	-0.72	0.236	3276	0.962	0.764	14777	0.933
RBM15	-5.57	8	-0.72	0.236	3277	0.962	0.764	14776	0.933
CD248	-5.57	8	-0.72	0.236	3278	0.962	0.764	14775	0.933
TMEM160	-5.57	8	-0.72	0.236	3279	0.962	0.764	14774	0.933
KCNK9	-5.57	8	-0.72	0.236	3280	0.962	0.764	14773	0.933
EFNA4	-5.57	8	-0.72	0.236	3281	0.962	0.764	14772	0.933
DIO2	-5.57	8	-0.72	0.236	3282	0.962	0.764	14771	0.933
ASS1	-5.57	8	-0.72	0.236	3283	0.962	0.764	14770	0.933
CLDND2	-5.57	8	-0.72	0.236	3284	0.962	0.764	14769	0.933
OSMR	-5.57	8	-0.72	0.236	3285	0.962	0.764	14768	0.933
ZNF236	-5.57	8	-0.72	0.236	3286	0.962	0.764	14767	0.933
ANXA2R	-5.57	8	-0.72	0.236	3287	0.962	0.764	14766	0.933
SLC45A1	-5.57	8	-0.72	0.237	3288	0.962	0.763	14765	0.933
COQ10B	-5.57	8	-0.72	0.237	3289	0.962	0.763	14764	0.933
PRSS27	-5.57	8	-0.72	0.237	3290	0.962	0.763	14763	0.933
HNRNPR	-5.56	8	-0.72	0.237	3291	0.962	0.763	14762	0.933
PLB1	-5.56	8	-0.72	0.237	3292	0.962	0.763	14761	0.933
HIST2H2AC	-2.78	2	-0.72	0.237	3293	0.962	0.763	14760	0.933
NCMAP	-5.56	8	-0.72	0.237	3294	0.962	0.763	14759	0.933
ANAPC16	-5.56	8	-0.72	0.237	3295	0.962	0.763	14758	0.933
F5	-5.56	8	-0.72	0.237	3296	0.962	0.763	14757	0.933
SIRT7	-5.56	8	-0.72	0.237	3297	0.962	0.763	14756	0.933
OGFR	-5.56	8	-0.72	0.237	3298	0.962	0.763	14755	0.933
OR1B1	-5.56	8	-0.72	0.237	3299	0.962	0.763	14754	0.933
IRGQ	-5.56	8	-0.71	0.237	3300	0.962	0.763	14753	0.933
C21orf2	-5.56	8	-0.71	0.237	3301	0.962	0.763	14752	0.933
MURC	-5.55	8	-0.71	0.238	3302	0.962	0.762	14751	0.933
BUB1	-5.55	8	-0.71	0.238	3303	0.962	0.762	14750	0.933
PIP4K2B	-5.55	8	-0.71	0.238	3304	0.962	0.762	14749	0.933
DIMT1	-5.55	8	-0.71	0.238	3305	0.962	0.762	14748	0.933
MIA3	-5.55	8	-0.71	0.238	3306	0.962	0.762	14747	0.933
CCBE1	-5.55	8	-0.71	0.238	3307	0.962	0.762	14746	0.933
IFI6	-5.55	8	-0.71	0.238	3308	0.962	0.762	14745	0.933
ART5	-5.55	8	-0.71	0.238	3309	0.962	0.762	14744	0.933
ZNF202	-5.55	8	-0.71	0.238	3310	0.962	0.762	14743	0.933
ANKRD65	-5.55	8	-0.71	0.238	3311	0.962	0.762	14742	0.933
C8orf76	-5.54	8	-0.71	0.238	3312	0.962	0.762	14741	0.933
TUBB6	-5.54	8	-0.71	0.239	3313	0.962	0.761	14740	0.932
USP21	-5.54	8	-0.71	0.239	3314	0.962	0.761	14739	0.932
CCDC73	-5.54	8	-0.71	0.239	3315	0.962	0.761	14738	0.932
CNTD1	-5.54	8	-0.71	0.239	3316	0.962	0.761	14737	0.932
DOLPP1	-5.54	8	-0.71	0.239	3317	0.962	0.761	14736	0.932
IRF8	-5.54	8	-0.71	0.239	3318	0.962	0.761	14735	0.932
CLDN15	-5.54	8	-0.71	0.239	3319	0.962	0.761	14734	0.932
HOXD9	-5.54	8	-0.71	0.239	3320	0.962	0.761	14733	0.932
ZNHIT3	-5.54	8	-0.71	0.239	3321	0.962	0.761	14732	0.932
GFRA1	-5.54	8	-0.71	0.239	3322	0.962	0.761	14731	0.932
TMCO3	-5.54	8	-0.71	0.239	3323	0.962	0.761	14730	0.932
FTH1	-2.77	2	-0.71	0.239	3324	0.962	0.761	14729	0.932
OXNAD1	-5.54	8	-0.71	0.239	3325	0.962	0.761	14728	0.932
MZT2B	-5.54	8	-0.71	0.239	3326	0.962	0.761	14727	0.932
RAB4A	-5.53	8	-0.71	0.239	3327	0.962	0.761	14726	0.932
ARMC3	-5.53	8	-0.71	0.239	3328	0.962	0.761	14725	0.932
TRAPPC12	-5.53	8	-0.71	0.239	3329	0.962	0.761	14724	0.932
EID2B	-5.53	8	-0.71	0.239	3330	0.962	0.761	14723	0.932
NF1	-5.53	8	-0.71	0.239	3331	0.962	0.761	14722	0.932
SLC22A10	-4.79	6	-0.71	0.239	3332	0.962	0.761	14721	0.932
LRRC8C	-5.53	8	-0.71	0.24	3333	0.962	0.76	14720	0.932
NBPF4	-2.76	2	-0.71	0.24	3334	0.962	0.76	14719	0.932
RBM26	-5.53	8	-0.71	0.24	3335	0.962	0.76	14718	0.932
CD37	-5.53	8	-0.71	0.24	3336	0.962	0.76	14717	0.932
SMIM18	-5.53	8	-0.71	0.24	3337	0.962	0.76	14716	0.932
WDR76	-5.53	8	-0.71	0.24	3338	0.962	0.76	14715	0.932
OR2L2	-4.79	6	-0.71	0.24	3339	0.962	0.76	14714	0.932
PAQR4	-5.53	8	-0.71	0.24	3340	0.962	0.76	14713	0.932
TECR	-5.53	8	-0.71	0.24	3341	0.962	0.76	14712	0.932
SLC9A4	-5.53	8	-0.71	0.24	3342	0.962	0.76	14711	0.932
MKL2	-5.53	8	-0.71	0.24	3343	0.962	0.76	14710	0.932
EXO5	-5.52	8	-0.71	0.24	3344	0.962	0.76	14709	0.932
SLC25A39	-5.52	8	-0.71	0.24	3345	0.962	0.76	14708	0.932
FAM83A	-5.52	8	-0.71	0.24	3346	0.962	0.76	14707	0.932
AKT1	-5.52	8	-0.71	0.24	3347	0.962	0.76	14706	0.932
RAB11FIP1	-5.52	8	-0.70	0.24	3348	0.962	0.76	14705	0.932
KIAA1324	-5.52	8	-0.70	0.24	3349	0.962	0.76	14704	0.932
ZDHHC24	-5.52	8	-0.70	0.24	3350	0.962	0.76	14703	0.932
SAC3D1	-5.52	8	-0.70	0.241	3351	0.962	0.759	14702	0.932
OR12D3	-5.52	8	-0.70	0.241	3352	0.962	0.759	14701	0.932
IL12RB1	-5.52	8	-0.70	0.241	3353	0.962	0.759	14700	0.932
SDCCAG8	-5.51	8	-0.70	0.241	3354	0.962	0.759	14699	0.932
MTRF1L	-5.51	8	-0.70	0.241	3355	0.962	0.759	14698	0.932
UBE2Z	-5.51	8	-0.70	0.241	3356	0.962	0.759	14697	0.932
KIAA0391	-5.51	8	-0.70	0.241	3357	0.962	0.759	14696	0.932
RSPRY1	-5.51	8	-0.70	0.241	3358	0.962	0.759	14695	0.932
RAC2	-5.51	8	-0.70	0.241	3359	0.962	0.759	14694	0.932
MAP6D1	-5.51	8	-0.70	0.241	3360	0.962	0.759	14693	0.932
ENOSF1	-5.51	8	-0.70	0.241	3361	0.962	0.759	14692	0.932
CTSK	-5.51	8	-0.70	0.241	3362	0.962	0.759	14691	0.932
MYEOV2	-5.51	8	-0.70	0.241	3363	0.962	0.759	14690	0.932
PLD3	-5.51	8	-0.70	0.241	3364	0.962	0.759	14689	0.932
LUC7L	-5.51	8	-0.70	0.241	3365	0.962	0.759	14688	0.932
DCC	-5.51	8	-0.70	0.241	3366	0.962	0.759	14687	0.932
NDUFA6	-5.51	8	-0.70	0.241	3367	0.962	0.759	14686	0.932
EPHX3	-5.51	8	-0.70	0.241	3368	0.962	0.759	14685	0.932
FAM19A5	-5.51	8	-0.70	0.241	3369	0.962	0.759	14684	0.932
VAMP5	-5.51	8	-0.70	0.241	3370	0.962	0.759	14683	0.932
NCF1	-5.51	8	-0.70	0.241	3371	0.962	0.759	14682	0.932
EIF4A1	-5.51	8	-0.70	0.241	3372	0.962	0.759	14681	0.932
ZFP14	-5.51	8	-0.70	0.241	3373	0.962	0.759	14680	0.932
ALDH16A1	-5.50	8	-0.70	0.242	3374	0.962	0.758	14679	0.932
CDON	-5.50	8	-0.70	0.242	3375	0.962	0.758	14678	0.932
CLOCK	-5.50	8	-0.70	0.242	3376	0.962	0.758	14677	0.932
FAM83E	-5.50	8	-0.70	0.242	3377	0.962	0.758	14676	0.932
PSRC1	-5.50	8	-0.70	0.242	3378	0.962	0.758	14675	0.932
TSEN34	-5.50	8	-0.70	0.242	3379	0.962	0.758	14674	0.932
SYNE4	-5.50	8	-0.70	0.242	3380	0.962	0.758	14673	0.932
LRRC8A	-5.50	8	-0.70	0.242	3381	0.962	0.758	14672	0.932
RSU1	-5.50	8	-0.70	0.242	3382	0.962	0.758	14671	0.932
MLYCD	-5.49	8	-0.70	0.243	3383	0.962	0.757	14670	0.932
MRPL18	-5.49	8	-0.70	0.243	3384	0.962	0.757	14669	0.932
ACSL3	-5.49	8	-0.70	0.243	3385	0.962	0.757	14668	0.932
ZNF695	-5.49	8	-0.70	0.243	3386	0.962	0.757	14667	0.932
01-Dec	-5.49	8	-0.70	0.243	3387	0.962	0.757	14666	0.932
CYS1	-5.49	8	-0.70	0.243	3388	0.962	0.757	14665	0.932
SLC7A11	-5.49	8	-0.70	0.243	3389	0.962	0.757	14664	0.932
NUDT8	-4.75	6	-0.70	0.243	3390	0.962	0.757	14663	0.932
IL19	-5.48	8	-0.70	0.243	3391	0.962	0.757	14662	0.932
APOC1	-5.48	8	-0.70	0.243	3392	0.962	0.757	14661	0.932
RALGDS	-5.48	8	-0.70	0.243	3393	0.962	0.757	14660	0.932
COL6A3	-5.48	8	-0.70	0.243	3394	0.962	0.757	14659	0.932
SEC61A2	-5.48	8	-0.70	0.243	3395	0.962	0.757	14658	0.932
SETD1A	-5.48	8	-0.69	0.244	3396	0.962	0.756	14657	0.932
HIST1H1C	-5.48	8	-0.69	0.244	3397	0.962	0.756	14656	0.932
CES1	-5.48	8	-0.69	0.244	3398	0.962	0.756	14655	0.932
LIPT2	-5.48	8	-0.69	0.244	3399	0.962	0.756	14654	0.932
PCNXL4	-5.48	8	-0.69	0.244	3400	0.962	0.756	14653	0.932
PREX1	-5.48	8	-0.69	0.244	3401	0.962	0.756	14652	0.932
TMEM27	-5.48	8	-0.69	0.244	3402	0.962	0.756	14651	0.932
SEMA4A	-5.48	8	-0.69	0.244	3403	0.962	0.756	14650	0.932
VASN	-5.48	8	-0.69	0.244	3404	0.962	0.756	14649	0.932
GANAB	-5.47	8	-0.69	0.244	3405	0.962	0.756	14648	0.932
SPG20	-5.47	8	-0.69	0.244	3406	0.962	0.756	14647	0.932
LAMTOR4	-5.47	8	-0.69	0.244	3407	0.962	0.756	14646	0.932
EZH2	-5.47	8	-0.69	0.244	3408	0.962	0.756	14645	0.932
FITM1	-5.47	8	-0.69	0.244	3409	0.962	0.756	14644	0.932
CENPQ	-5.12	7	-0.69	0.244	3410	0.962	0.756	14643	0.932
C6orf222	-5.47	8	-0.69	0.245	3411	0.962	0.755	14642	0.931
FIBP	-5.47	8	-0.69	0.245	3412	0.962	0.755	14641	0.931
IGFBP5	-5.47	8	-0.69	0.245	3413	0.962	0.755	14640	0.931
NELFE	-5.47	8	-0.69	0.245	3414	0.962	0.755	14639	0.931
MAGI2	-5.46	8	-0.69	0.245	3415	0.962	0.755	14638	0.931
PGPEP1L	-5.46	8	-0.69	0.245	3416	0.962	0.755	14637	0.931
FAM204A	-5.46	8	-0.69	0.245	3417	0.962	0.755	14636	0.931
HOOK1	-5.46	8	-0.69	0.245	3418	0.962	0.755	14635	0.931
SLC4A5	-5.46	8	-0.69	0.245	3419	0.962	0.755	14634	0.931
COLQ	-5.46	8	-0.69	0.245	3420	0.962	0.755	14633	0.931
WDR63	-5.46	8	-0.69	0.245	3421	0.962	0.755	14632	0.931
EMC6	-5.46	8	-0.69	0.245	3422	0.962	0.755	14631	0.931
HES6	-5.46	8	-0.69	0.245	3423	0.962	0.755	14630	0.931
MRPL51	-5.46	8	-0.69	0.245	3424	0.962	0.755	14629	0.931
GJB3	-5.46	8	-0.69	0.246	3425	0.962	0.754	14628	0.931
CAPNS1	-5.45	8	-0.69	0.246	3426	0.962	0.754	14627	0.931
OR6N1	-5.45	8	-0.69	0.246	3427	0.962	0.754	14626	0.931
ASRGL1	-5.45	8	-0.69	0.246	3428	0.962	0.754	14625	0.931
TMEM86A	-5.45	8	-0.69	0.246	3429	0.962	0.754	14624	0.931
DCDC2	-5.45	8	-0.69	0.246	3430	0.962	0.754	14623	0.931
PDRG1	-5.45	8	-0.69	0.246	3431	0.962	0.754	14622	0.931
TFEB	-5.45	8	-0.69	0.246	3432	0.962	0.754	14621	0.931
CTRB1	-5.45	8	-0.69	0.246	3433	0.962	0.754	14620	0.931
GNA12	-5.44	8	-0.69	0.246	3434	0.962	0.754	14619	0.93
GLP1R	-4.71	6	-0.69	0.247	3435	0.962	0.753	14618	0.93
C9orf171	-5.44	8	-0.69	0.247	3436	0.962	0.753	14617	0.93
PUM2	-5.44	8	-0.69	0.247	3437	0.962	0.753	14616	0.93
NLRP1	-5.44	8	-0.69	0.247	3438	0.962	0.753	14615	0.93
MPP2	-5.44	8	-0.69	0.247	3439	0.962	0.753	14614	0.93
HTR3A	-5.44	8	-0.68	0.247	3440	0.962	0.753	14613	0.93
POLR3F	-5.44	8	-0.68	0.247	3441	0.962	0.753	14612	0.93
SYPL2	-5.44	8	-0.68	0.247	3442	0.962	0.753	14611	0.93
PRX	-5.44	8	-0.68	0.247	3443	0.962	0.753	14610	0.93
CPLX3	-5.44	8	-0.68	0.247	3444	0.962	0.753	14609	0.93
FADS2	-5.44	8	-0.68	0.247	3445	0.962	0.753	14608	0.93
SSNA1	-5.44	8	-0.68	0.247	3446	0.962	0.753	14607	0.93
FDX1	-5.44	8	-0.68	0.247	3447	0.962	0.753	14606	0.93
IYD	-5.43	8	-0.68	0.247	3448	0.962	0.753	14605	0.93
CREB3L4	-5.43	8	-0.68	0.247	3449	0.962	0.753	14604	0.93
OR4F15	-5.43	8	-0.68	0.247	3450	0.962	0.753	14603	0.93
EFCAB2	-5.43	8	-0.68	0.247	3451	0.962	0.753	14602	0.93
AK3	-5.43	8	-0.68	0.247	3452	0.962	0.753	14601	0.93
ALOX12B	-5.43	8	-0.68	0.247	3453	0.962	0.753	14600	0.93
AGPAT2	-5.43	8	-0.68	0.248	3454	0.962	0.752	14599	0.93
KLF1	-5.43	8	-0.68	0.248	3455	0.962	0.752	14598	0.93
DBX1	-5.43	8	-0.68	0.248	3456	0.962	0.752	14597	0.93
PCDP1	-5.43	8	-0.68	0.248	3457	0.962	0.752	14596	0.93
SNIP1	-5.43	8	-0.68	0.248	3458	0.962	0.752	14595	0.93
C17orf100	-5.43	8	-0.68	0.248	3459	0.962	0.752	14594	0.93
C5	-5.43	8	-0.68	0.248	3460	0.962	0.752	14593	0.93
RNASEH2B	-5.43	8	-0.68	0.248	3461	0.962	0.752	14592	0.93
COBLL1	-5.43	8	-0.68	0.248	3462	0.962	0.752	14591	0.93
TOR3A	-5.42	8	-0.68	0.248	3463	0.962	0.752	14590	0.93
SP5	-5.42	8	-0.68	0.248	3464	0.962	0.752	14589	0.93
RAD18	-5.42	8	-0.68	0.248	3465	0.962	0.752	14588	0.93
SFXN1	-5.42	8	-0.68	0.248	3466	0.962	0.752	14587	0.93
ISM1	-5.42	8	-0.68	0.248	3467	0.962	0.752	14586	0.93
DPP8	-5.42	8	-0.68	0.248	3468	0.962	0.752	14585	0.93
CEACAM1	-5.42	8	-0.68	0.249	3469	0.962	0.751	14584	0.93
SPARC	-5.42	8	-0.68	0.249	3470	0.962	0.751	14583	0.93
C17orf78	-5.42	8	-0.68	0.249	3471	0.962	0.751	14582	0.93
TMEM8A	-5.42	8	-0.68	0.249	3472	0.962	0.751	14581	0.93
HAUS6	-5.42	8	-0.68	0.249	3473	0.962	0.751	14580	0.93
C11orf44	-5.41	8	-0.68	0.249	3474	0.962	0.751	14579	0.93
NDFIP1	-5.41	8	-0.68	0.249	3475	0.962	0.751	14578	0.93
TXNRD2	-5.41	8	-0.68	0.249	3476	0.962	0.751	14577	0.93
MUC5B	-5.41	8	-0.68	0.249	3477	0.962	0.751	14576	0.93
PUS7	-5.41	8	-0.68	0.249	3478	0.962	0.751	14575	0.93
CDKL3	-5.41	8	-0.68	0.249	3479	0.962	0.751	14574	0.93
FCRL5	-5.41	8	-0.68	0.249	3480	0.962	0.751	14573	0.93
TFAP2C	-5.41	8	-0.68	0.249	3481	0.962	0.751	14572	0.93
GABRB2	-5.41	8	-0.68	0.249	3482	0.962	0.751	14571	0.93
TRMT2A	-5.41	8	-0.68	0.249	3483	0.962	0.751	14570	0.93
SUSD3	-5.41	8	-0.68	0.249	3484	0.962	0.751	14569	0.93
COMMD7	-5.41	8	-0.68	0.249	3485	0.962	0.751	14568	0.93
C1orf56	-5.41	8	-0.68	0.249	3486	0.962	0.751	14567	0.93
PGD	-5.41	8	-0.68	0.249	3487	0.962	0.751	14566	0.93
HIST1H2BA	-5.41	8	-0.68	0.249	3488	0.962	0.751	14565	0.93
BHLHE23	-5.41	8	-0.68	0.249	3489	0.962	0.751	14564	0.93
ZDHHC11	-5.41	8	-0.68	0.25	3490	0.962	0.75	14563	0.93
SDHAF1	-5.40	8	-0.68	0.25	3491	0.962	0.75	14562	0.93
RPL36A	-5.40	8	-0.67	0.25	3492	0.962	0.75	14561	0.93
COPB1	-5.40	8	-0.67	0.25	3493	0.962	0.75	14560	0.93
PIK3CA	-5.40	8	-0.67	0.25	3494	0.962	0.75	14559	0.93
SGK223	-5.40	8	-0.67	0.25	3495	0.962	0.75	14558	0.93
KLHL38	-5.40	8	-0.67	0.25	3496	0.962	0.75	14557	0.93
VCL	-5.40	8	-0.67	0.25	3497	0.962	0.75	14556	0.93
SEMA7A	-5.40	8	-0.67	0.25	3498	0.962	0.75	14555	0.93
SCN2B	-5.40	8	-0.67	0.25	3499	0.962	0.75	14554	0.93
ARL6IP5	-5.40	8	-0.67	0.25	3500	0.962	0.75	14553	0.93
PLAC1L	-4.67	6	-0.67	0.25	3501	0.962	0.75	14552	0.93
ARHGAP42	-4.67	6	-0.67	0.25	3502	0.962	0.75	14551	0.93
TPRN	-5.40	8	-0.67	0.25	3503	0.962	0.75	14550	0.93
PHF21A	-5.40	8	-0.67	0.25	3504	0.962	0.75	14549	0.93
AZI1	-5.39	8	-0.67	0.251	3505	0.962	0.749	14548	0.93
TMEM217	-5.39	8	-0.67	0.251	3506	0.962	0.749	14547	0.93
CDK11A	-5.39	8	-0.67	0.251	3507	0.962	0.749	14546	0.93
HIST1H2BO	-3.81	4	-0.67	0.251	3508	0.962	0.749	14545	0.93
ZRSR2	-4.67	6	-0.67	0.251	3509	0.962	0.749	14544	0.93
CREG2	-5.39	8	-0.67	0.251	3510	0.962	0.749	14543	0.93
YTHDC1	-5.39	8	-0.67	0.251	3511	0.962	0.749	14542	0.93
SNRNP200	-5.39	8	-0.67	0.251	3512	0.962	0.749	14541	0.93
OR8K5	-5.39	8	-0.67	0.251	3513	0.962	0.749	14540	0.93
ATP6V0E1	-5.39	8	-0.67	0.251	3514	0.962	0.749	14539	0.93
PLEKHG3	-5.39	8	-0.67	0.251	3515	0.962	0.749	14538	0.93
DYNC1H1	-5.39	8	-0.67	0.251	3516	0.962	0.749	14537	0.93
C2CD4C	-5.38	8	-0.67	0.252	3517	0.962	0.748	14536	0.929
ZBTB22	-5.38	8	-0.67	0.252	3518	0.962	0.748	14535	0.929
CEP250	-5.38	8	-0.67	0.252	3519	0.962	0.748	14534	0.929
PTGFR	-5.38	8	-0.67	0.252	3520	0.962	0.748	14533	0.929
APOLD1	-5.38	8	-0.67	0.252	3521	0.962	0.748	14532	0.929
IFNA2	-5.38	8	-0.67	0.252	3522	0.962	0.748	14531	0.929
FADD	-5.38	8	-0.67	0.252	3523	0.962	0.748	14530	0.929
MGAT5	-5.38	8	-0.67	0.252	3524	0.962	0.748	14529	0.929
TLX1	-5.38	8	-0.67	0.252	3525	0.962	0.748	14528	0.929
PCYOX1	-5.38	8	-0.67	0.252	3526	0.962	0.748	14527	0.929
PPP1R1B	-5.37	8	-0.67	0.252	3527	0.962	0.748	14526	0.929
LYSMD1	-5.37	8	-0.67	0.252	3528	0.962	0.748	14525	0.929
CAPN5	-5.37	8	-0.67	0.252	3529	0.962	0.748	14524	0.929
C15orf40	-5.37	8	-0.67	0.252	3530	0.962	0.748	14523	0.929
GIMAP8	-5.37	8	-0.67	0.252	3531	0.962	0.748	14522	0.929
MTO1	-5.37	8	-0.67	0.252	3532	0.962	0.748	14521	0.929
AKAP12	-5.37	8	-0.67	0.252	3533	0.962	0.748	14520	0.929
TPP2	-5.37	8	-0.67	0.252	3534	0.962	0.748	14519	0.929
OLFML1	-5.37	8	-0.67	0.252	3535	0.962	0.748	14518	0.929
HIST1H2BM	-5.37	8	-0.67	0.253	3536	0.962	0.747	14517	0.929
C1orf170	-5.37	8	-0.67	0.253	3537	0.962	0.747	14516	0.929
TGFB2	-5.37	8	-0.67	0.253	3538	0.962	0.747	14515	0.929
CHST4	-5.37	8	-0.67	0.253	3539	0.962	0.747	14514	0.929
C20orf166	-5.37	8	-0.67	0.253	3540	0.962	0.747	14513	0.929
BARD1	-5.37	8	-0.67	0.253	3541	0.962	0.747	14512	0.929
UBR7	-5.37	8	-0.67	0.253	3542	0.962	0.747	14511	0.929
ATP5O	-5.37	8	-0.67	0.253	3543	0.962	0.747	14510	0.929
SGOL1	-5.37	8	-0.67	0.253	3544	0.962	0.747	14509	0.929
TTLL6	-5.36	8	-0.66	0.253	3545	0.962	0.747	14508	0.929
WDR87	-5.36	8	-0.66	0.253	3546	0.962	0.747	14507	0.929
PPFIA1	-5.36	8	-0.66	0.253	3547	0.962	0.747	14506	0.929
RNF19B	-5.36	8	-0.66	0.253	3548	0.962	0.747	14505	0.929
USP50	-5.36	8	-0.66	0.253	3549	0.962	0.747	14504	0.929
PPP2R5B	-5.36	8	-0.66	0.253	3550	0.962	0.747	14503	0.929
SH2D6	-5.36	8	-0.66	0.254	3551	0.962	0.746	14502	0.929
GJD2	-5.36	8	-0.66	0.254	3552	0.962	0.746	14501	0.929
ARMC5	-5.36	8	-0.66	0.254	3553	0.962	0.746	14500	0.929
KIAA1549L	-5.36	8	-0.66	0.254	3554	0.962	0.746	14499	0.929
HIST1H3A	-5.35	8	-0.66	0.254	3555	0.962	0.746	14498	0.929
FBXL12	-5.35	8	-0.66	0.254	3556	0.962	0.746	14497	0.929
BNC2	-5.35	8	-0.66	0.254	3557	0.962	0.746	14496	0.929
TMEM206	-4.64	6	-0.66	0.254	3558	0.962	0.746	14495	0.929
TEN1	-5.35	8	-0.66	0.254	3559	0.962	0.746	14494	0.929
ENPP5	-5.35	8	-0.66	0.254	3560	0.962	0.746	14493	0.929
RTTN	-5.35	8	-0.66	0.254	3561	0.962	0.746	14492	0.929
SETD3	-5.35	8	-0.66	0.254	3562	0.962	0.746	14491	0.929
TTC21B	-5.35	8	-0.66	0.254	3563	0.962	0.746	14490	0.929
SSB	-5.35	8	-0.66	0.254	3564	0.962	0.746	14489	0.929
P2RY6	-5.35	8	-0.66	0.254	3565	0.962	0.746	14488	0.929
VCP	-5.35	8	-0.66	0.254	3566	0.962	0.746	14487	0.929
MALSU1	-5.35	8	-0.66	0.254	3567	0.962	0.746	14486	0.929
MAFB	-5.35	8	-0.66	0.255	3568	0.962	0.745	14485	0.929
GPRIN3	-5.35	8	-0.66	0.255	3569	0.962	0.745	14484	0.929
ITGA2	-5.34	8	-0.66	0.255	3570	0.962	0.745	14483	0.929
SH3GLB1	-5.34	8	-0.66	0.255	3571	0.962	0.745	14482	0.929
SYCP2L	-5.34	8	-0.66	0.255	3572	0.962	0.745	14481	0.929
SPINK4	-5.34	8	-0.66	0.255	3573	0.962	0.745	14480	0.929
KLK12	-5.34	8	-0.66	0.255	3574	0.962	0.745	14479	0.929
CSPG4	-5.34	8	-0.66	0.255	3575	0.962	0.745	14478	0.928
ZC3H12A	-5.33	8	-0.66	0.256	3576	0.962	0.744	14477	0.928
MAMDC2	-5.33	8	-0.66	0.256	3577	0.962	0.744	14476	0.928
NEUROG3	-5.33	8	-0.66	0.256	3578	0.962	0.744	14475	0.928
SETD5	-5.33	8	-0.66	0.256	3579	0.962	0.744	14474	0.928
FAM210A	-5.33	8	-0.66	0.256	3580	0.962	0.744	14473	0.928
EPC2	-5.33	8	-0.66	0.256	3581	0.962	0.744	14472	0.928
ZWILCH	-5.33	8	-0.66	0.256	3582	0.962	0.744	14471	0.928
DCUN1D3	-5.33	8	-0.66	0.256	3583	0.962	0.744	14470	0.928
SOX8	-5.33	8	-0.66	0.256	3584	0.962	0.744	14469	0.928
SCNM1	-5.33	8	-0.66	0.256	3585	0.962	0.744	14468	0.928
PRKD2	-5.33	8	-0.66	0.256	3586	0.962	0.744	14467	0.928
FAM84A	-5.33	8	-0.66	0.256	3587	0.962	0.744	14466	0.928
DAPK3	-5.33	8	-0.66	0.256	3588	0.962	0.744	14465	0.928
SIGMAR1	-4.98	7	-0.66	0.256	3589	0.962	0.744	14464	0.928
C6orf201	-5.33	8	-0.65	0.256	3590	0.962	0.744	14463	0.928
VPS33A	-5.32	8	-0.65	0.256	3591	0.962	0.744	14462	0.928
TINAG	-5.32	8	-0.65	0.257	3592	0.962	0.743	14461	0.928
E4F1	-5.32	8	-0.65	0.257	3593	0.962	0.743	14460	0.928
CCDC174	-5.32	8	-0.65	0.257	3594	0.962	0.743	14459	0.928
SLC25A45	-5.32	8	-0.65	0.257	3595	0.962	0.743	14458	0.928
BTN1A1	-5.32	8	-0.65	0.257	3596	0.962	0.743	14457	0.928
CTC1	-5.32	8	-0.65	0.257	3597	0.962	0.743	14456	0.928
CTSH	-4.60	6	-0.65	0.257	3598	0.962	0.743	14455	0.928
MRPL24	-5.32	8	-0.65	0.257	3599	0.962	0.743	14454	0.928
SRA1	-5.32	8	-0.65	0.257	3600	0.962	0.743	14453	0.928
FAM105B	-4.60	6	-0.65	0.257	3601	0.962	0.743	14452	0.928
OR13D1	-5.32	8	-0.65	0.257	3602	0.962	0.743	14451	0.928
FNBP4	-5.32	8	-0.65	0.257	3603	0.962	0.743	14450	0.928
NPDC1	-5.31	8	-0.65	0.257	3604	0.962	0.743	14449	0.928
SNTG1	-5.31	8	-0.65	0.257	3605	0.962	0.743	14448	0.928
SLC22A6	-5.31	8	-0.65	0.257	3606	0.962	0.743	14447	0.928
OR2AG2	-5.31	8	-0.65	0.257	3607	0.962	0.743	14446	0.928
NIPA2	-5.31	8	-0.65	0.257	3608	0.962	0.743	14445	0.928
AMDHD2	-5.31	8	-0.65	0.257	3609	0.962	0.743	14444	0.928
LGALS1	-5.31	8	-0.65	0.257	3610	0.962	0.743	14443	0.928
MMP14	-5.31	8	-0.65	0.257	3611	0.962	0.743	14442	0.928
DNPH1	-5.31	8	-0.65	0.257	3612	0.962	0.743	14441	0.928
TOE1	-5.31	8	-0.65	0.257	3613	0.962	0.743	14440	0.928
STX5	-5.31	8	-0.65	0.258	3614	0.962	0.742	14439	0.928
PRSS54	-5.31	8	-0.65	0.258	3615	0.962	0.742	14438	0.928
CHRM5	-5.31	8	-0.65	0.258	3616	0.962	0.742	14437	0.928
MAPK8IP1	-5.31	8	-0.65	0.258	3617	0.962	0.742	14436	0.928
INO80D	-5.31	8	-0.65	0.258	3618	0.962	0.742	14435	0.928
RAB25	-5.30	8	-0.65	0.258	3619	0.962	0.742	14434	0.928
DNAL4	-5.30	8	-0.65	0.258	3620	0.962	0.742	14433	0.928
BAIAP2L1	-5.30	8	-0.65	0.258	3621	0.962	0.742	14432	0.928
PDE1A	-5.30	8	-0.65	0.258	3622	0.962	0.742	14431	0.928
PLD4	-5.30	8	-0.65	0.258	3623	0.962	0.742	14430	0.928
XIRP1	-5.30	8	-0.65	0.258	3624	0.962	0.742	14429	0.928
CRELD2	-5.30	8	-0.65	0.258	3625	0.962	0.742	14428	0.928
CAPN2	-5.30	8	-0.65	0.258	3626	0.962	0.742	14427	0.928
RSF1	-5.30	8	-0.65	0.258	3627	0.962	0.742	14426	0.928
ODF3	-5.30	8	-0.65	0.258	3628	0.962	0.742	14425	0.928
CLEC16A	-5.30	8	-0.65	0.259	3629	0.962	0.741	14424	0.928
QSOX1	-5.30	8	-0.65	0.259	3630	0.962	0.741	14423	0.928
IK	-5.30	8	-0.65	0.259	3631	0.962	0.741	14422	0.928
TMEM256	-5.30	8	-0.65	0.259	3632	0.962	0.741	14421	0.928
CCDC97	-5.30	8	-0.65	0.259	3633	0.962	0.741	14420	0.928
RNASE11	-5.30	8	-0.65	0.259	3634	0.962	0.741	14419	0.928
FGF6	-5.29	8	-0.65	0.259	3635	0.962	0.741	14418	0.928
IFT27	-5.29	8	-0.65	0.259	3636	0.962	0.741	14417	0.928
DOCK7	-5.29	8	-0.65	0.259	3637	0.962	0.741	14416	0.928
PDK1	-5.29	8	-0.65	0.259	3638	0.962	0.741	14415	0.928
TMEM37	-5.29	8	-0.65	0.259	3639	0.962	0.741	14414	0.928
PTPRG	-5.29	8	-0.65	0.259	3640	0.962	0.741	14413	0.928
HMGXB3	-5.29	8	-0.65	0.259	3641	0.962	0.741	14412	0.928
ZNF618	-5.29	8	-0.65	0.259	3642	0.962	0.741	14411	0.928
CMIP	-5.29	8	-0.65	0.259	3643	0.962	0.741	14410	0.928
NAV2	-5.29	8	-0.65	0.259	3644	0.962	0.741	14409	0.928
KDELR1	-5.29	8	-0.65	0.259	3645	0.962	0.741	14408	0.928
HIC1	-5.29	8	-0.65	0.259	3646	0.962	0.741	14407	0.928
RNF185	-5.29	8	-0.65	0.259	3647	0.962	0.741	14406	0.928
CASP1	-5.29	8	-0.65	0.259	3648	0.962	0.741	14405	0.928
STOM	-5.29	8	-0.65	0.259	3649	0.962	0.741	14404	0.928
MYH7	-5.29	8	-0.65	0.259	3650	0.962	0.741	14403	0.928
PTPRH	-5.29	8	-0.65	0.259	3651	0.962	0.741	14402	0.928
CUTA	-5.29	8	-0.65	0.259	3652	0.962	0.741	14401	0.928
SRSF11	-5.29	8	-0.65	0.259	3653	0.962	0.741	14400	0.928
NKX2-5	-5.29	8	-0.64	0.259	3654	0.962	0.741	14399	0.928
RBM33	-5.29	8	-0.64	0.26	3655	0.962	0.74	14398	0.928
RBM15B	-5.29	8	-0.64	0.26	3656	0.962	0.74	14397	0.928
MLLT11	-5.29	8	-0.64	0.26	3657	0.962	0.74	14396	0.928
PTBP2	-5.28	8	-0.64	0.26	3658	0.962	0.74	14395	0.928
RPP25	-5.28	8	-0.64	0.26	3659	0.962	0.74	14394	0.928
ARL3	-5.28	8	-0.64	0.26	3660	0.962	0.74	14393	0.928
CACNB1	-5.28	8	-0.64	0.26	3661	0.962	0.74	14392	0.928
LAMA4	-5.28	8	-0.64	0.26	3662	0.962	0.74	14391	0.928
C20orf194	-5.28	8	-0.64	0.26	3663	0.962	0.74	14390	0.928
ALPK2	-5.28	8	-0.64	0.26	3664	0.962	0.74	14389	0.928
HECA	-5.28	8	-0.64	0.26	3665	0.962	0.74	14388	0.928
ALLC	-5.28	8	-0.64	0.26	3666	0.962	0.74	14387	0.928
FCF1	-3.73	4	-0.64	0.26	3667	0.962	0.74	14386	0.928
HLA-DPB1	-5.28	8	-0.64	0.26	3668	0.962	0.74	14385	0.928
SMURF1	-5.28	8	-0.64	0.26	3669	0.962	0.74	14384	0.928
LCN12	-5.28	8	-0.64	0.26	3670	0.962	0.74	14383	0.928
PRR19	-5.28	8	-0.64	0.26	3671	0.962	0.74	14382	0.928
TCTE3	-5.28	8	-0.64	0.26	3672	0.962	0.74	14381	0.928
DOPEY2	-5.28	8	-0.64	0.26	3673	0.962	0.74	14380	0.928
APOH	-5.28	8	-0.64	0.26	3674	0.962	0.74	14379	0.928
CYB561A3	-5.28	8	-0.64	0.26	3675	0.962	0.74	14378	0.928
NKX2-8	-5.28	8	-0.64	0.26	3676	0.962	0.74	14377	0.928
MROH7	-5.28	8	-0.64	0.26	3677	0.962	0.74	14376	0.928
STRN	-5.28	8	-0.64	0.26	3678	0.962	0.74	14375	0.928
COL6A2	-5.27	8	-0.64	0.26	3679	0.962	0.74	14374	0.928
PPEF2	-5.27	8	-0.64	0.261	3680	0.962	0.739	14373	0.928
PAQR7	-5.27	8	-0.64	0.261	3681	0.962	0.739	14372	0.928
PLA2G12A	-5.27	8	-0.64	0.261	3682	0.962	0.739	14371	0.928
KIAA1244	-5.27	8	-0.64	0.261	3683	0.962	0.739	14370	0.928
RFK	-5.27	8	-0.64	0.261	3684	0.962	0.739	14369	0.928
C9orf139	-5.27	8	-0.64	0.261	3685	0.962	0.739	14368	0.928
CC2D2B	-5.27	8	-0.64	0.261	3686	0.962	0.739	14367	0.928
B3GALT2	-5.27	8	-0.64	0.261	3687	0.962	0.739	14366	0.928
EMB	-5.27	8	-0.64	0.261	3688	0.962	0.739	14365	0.928
OARD1	-5.27	8	-0.64	0.261	3689	0.962	0.739	14364	0.928
TMEM80	-5.26	8	-0.64	0.261	3690	0.962	0.739	14363	0.928
N4BP1	-5.26	8	-0.64	0.261	3691	0.962	0.739	14362	0.928
TCF3	-5.26	8	-0.64	0.262	3692	0.962	0.738	14361	0.928
GLI2	-5.26	8	-0.64	0.262	3693	0.962	0.738	14360	0.928
PLCB3	-5.26	8	-0.64	0.262	3694	0.962	0.738	14359	0.928
ZNF285	-5.26	8	-0.64	0.262	3695	0.962	0.738	14358	0.928
CCDC3	-5.26	8	-0.64	0.262	3696	0.962	0.738	14357	0.928
TCL1B	-5.26	8	-0.64	0.262	3697	0.962	0.738	14356	0.928
TMEM63C	-5.26	8	-0.64	0.262	3698	0.962	0.738	14355	0.928
A4GALT	-5.26	8	-0.64	0.262	3699	0.962	0.738	14354	0.928
UBASH3A	-5.26	8	-0.64	0.262	3700	0.962	0.738	14353	0.928
TBKBP1	-5.26	8	-0.64	0.262	3701	0.962	0.738	14352	0.928
ALG12	-5.26	8	-0.64	0.262	3702	0.962	0.738	14351	0.928
NT5DC2	-5.26	8	-0.64	0.262	3703	0.962	0.738	14350	0.928
BOLL	-5.25	8	-0.64	0.262	3704	0.962	0.738	14349	0.928
NKX1-2	-5.25	8	-0.64	0.262	3705	0.962	0.738	14348	0.928
REPS1	-5.25	8	-0.64	0.262	3706	0.962	0.738	14347	0.928
AURKAIP1	-5.25	8	-0.64	0.262	3707	0.962	0.738	14346	0.928
USP37	-5.25	8	-0.64	0.262	3708	0.962	0.738	14345	0.928
VASH1	-5.25	8	-0.64	0.262	3709	0.962	0.738	14344	0.928
PTP4A2	-5.25	8	-0.64	0.262	3710	0.962	0.738	14343	0.928
HMOX2	-5.25	8	-0.64	0.263	3711	0.962	0.737	14342	0.928
SLC6A16	-5.25	8	-0.64	0.263	3712	0.962	0.737	14341	0.928
PRKACG	-5.25	8	-0.64	0.263	3713	0.962	0.737	14340	0.928
TCP1	-4.55	6	-0.64	0.263	3714	0.962	0.737	14339	0.928
DLL4	-5.25	8	-0.63	0.263	3715	0.962	0.737	14338	0.928
POMT1	-5.25	8	-0.63	0.263	3716	0.962	0.737	14337	0.928
ADCY2	-5.24	8	-0.63	0.263	3717	0.962	0.737	14336	0.928
CHD3	-5.24	8	-0.63	0.263	3718	0.962	0.737	14335	0.928
ESRRA	-5.24	8	-0.63	0.263	3719	0.962	0.737	14334	0.928
TREML1	-5.24	8	-0.63	0.263	3720	0.962	0.737	14333	0.928
TBX18	-5.24	8	-0.63	0.263	3721	0.962	0.737	14332	0.928
ARMCX2	-5.24	8	-0.63	0.263	3722	0.962	0.737	14331	0.928
LRP10	-5.24	8	-0.63	0.263	3723	0.962	0.737	14330	0.928
CCDC117	-5.24	8	-0.63	0.263	3724	0.962	0.737	14329	0.928
NDUFV3	-5.24	8	-0.63	0.263	3725	0.962	0.737	14328	0.928
ALDH5A1	-5.24	8	-0.63	0.263	3726	0.962	0.737	14327	0.928
CD27	-5.24	8	-0.63	0.263	3727	0.962	0.737	14326	0.928
MAP3K19	-5.24	8	-0.63	0.263	3728	0.962	0.737	14325	0.928
MRGPRX1	-4.54	6	-0.63	0.263	3729	0.962	0.737	14324	0.928
SLC25A26	-5.24	8	-0.63	0.263	3730	0.962	0.737	14323	0.928
KBTBD4	-4.54	6	-0.63	0.263	3731	0.962	0.737	14322	0.928
YEATS4	-5.24	8	-0.63	0.264	3732	0.962	0.736	14321	0.928
WNT9B	-5.24	8	-0.63	0.264	3733	0.962	0.736	14320	0.928
CDKN2AIPNL	-5.24	8	-0.63	0.264	3734	0.962	0.736	14319	0.928
PCNA	-5.24	8	-0.63	0.264	3735	0.962	0.736	14318	0.928
CCL27	-5.24	8	-0.63	0.264	3736	0.962	0.736	14317	0.928
VPS18	-5.24	8	-0.63	0.264	3737	0.962	0.736	14316	0.928
CHD1	-5.24	8	-0.63	0.264	3738	0.962	0.736	14315	0.928
YIF1A	-5.24	8	-0.63	0.264	3739	0.962	0.736	14314	0.928
CWF19L2	-5.24	8	-0.63	0.264	3740	0.962	0.736	14313	0.928
PTPN18	-5.23	8	-0.63	0.264	3741	0.962	0.736	14312	0.928
ARHGAP39	-5.23	8	-0.63	0.264	3742	0.962	0.736	14311	0.928
COA5	-5.23	8	-0.63	0.264	3743	0.962	0.736	14310	0.928
AMIGO1	-5.23	8	-0.63	0.264	3744	0.962	0.736	14309	0.928
ARHGEF19	-5.23	8	-0.63	0.264	3745	0.962	0.736	14308	0.928
LRRC46	-5.23	8	-0.63	0.264	3746	0.962	0.736	14307	0.928
CTSD	-5.23	8	-0.63	0.264	3747	0.962	0.736	14306	0.928
BLOC1S5	-5.23	8	-0.63	0.264	3748	0.962	0.736	14305	0.928
TTLL3	-5.23	8	-0.63	0.264	3749	0.962	0.736	14304	0.928
SPTA1	-5.23	8	-0.63	0.264	3750	0.962	0.736	14303	0.928
TRIM24	-5.23	8	-0.63	0.264	3751	0.962	0.736	14302	0.928
EDN3	-5.23	8	-0.63	0.264	3752	0.962	0.736	14301	0.928
ZNF154	-5.23	8	-0.63	0.264	3753	0.962	0.736	14300	0.928
CCNDBP1	-5.23	8	-0.63	0.264	3754	0.962	0.736	14299	0.928
MCF2	-5.23	8	-0.63	0.264	3755	0.962	0.736	14298	0.928
C21orf49	-5.23	8	-0.63	0.265	3756	0.962	0.735	14297	0.928
PNPLA2	-5.23	8	-0.63	0.265	3757	0.962	0.735	14296	0.928
NADK2	-5.23	8	-0.63	0.265	3758	0.962	0.735	14295	0.928
S100A1	-5.22	8	-0.63	0.265	3759	0.962	0.735	14294	0.928
TREH	-5.22	8	-0.63	0.265	3760	0.962	0.735	14293	0.928
ACP6	-5.22	8	-0.63	0.265	3761	0.962	0.735	14292	0.928
UGT1A8	-5.22	8	-0.63	0.265	3762	0.962	0.735	14291	0.928
PRDM2	-5.22	8	-0.63	0.265	3763	0.962	0.735	14290	0.928
PCGF2	-5.22	8	-0.63	0.265	3764	0.962	0.735	14289	0.928
DLG2	-5.22	8	-0.63	0.265	3765	0.962	0.735	14288	0.928
NRAP	-5.22	8	-0.63	0.265	3766	0.962	0.735	14287	0.928
ACER3	-5.22	8	-0.63	0.265	3767	0.962	0.735	14286	0.928
COMMD3	-4.52	6	-0.63	0.265	3768	0.962	0.735	14285	0.928
KCTD1	-5.22	8	-0.63	0.265	3769	0.962	0.735	14284	0.928
ZBTB48	-5.22	8	-0.63	0.265	3770	0.962	0.735	14283	0.928
02-Sep	-5.22	8	-0.63	0.265	3771	0.962	0.735	14282	0.928
LNX1	-5.22	8	-0.63	0.265	3772	0.962	0.735	14281	0.928
TMCO1	-5.22	8	-0.63	0.265	3773	0.962	0.735	14280	0.928
GEN1	-5.21	8	-0.63	0.266	3774	0.962	0.734	14279	0.928
SBNO2	-5.21	8	-0.63	0.266	3775	0.962	0.734	14278	0.928
KIF27	-5.21	8	-0.63	0.266	3776	0.962	0.734	14277	0.928
PRKCZ	-5.21	8	-0.63	0.266	3777	0.962	0.734	14276	0.928
KIAA1522	-5.21	8	-0.63	0.266	3778	0.962	0.734	14275	0.928
SUB1	-4.51	6	-0.63	0.266	3779	0.962	0.734	14274	0.928
AZGP1	-5.21	8	-0.63	0.266	3780	0.962	0.734	14273	0.928
LCA5L	-5.21	8	-0.62	0.266	3781	0.962	0.734	14272	0.928
SAP30	-5.21	8	-0.62	0.266	3782	0.962	0.734	14271	0.928
SOX1	-5.21	8	-0.62	0.266	3783	0.962	0.734	14270	0.928
SASS6	-5.21	8	-0.62	0.266	3784	0.962	0.734	14269	0.928
ADORA3	-5.21	8	-0.62	0.266	3785	0.962	0.734	14268	0.928
PLK3	-5.21	8	-0.62	0.266	3786	0.962	0.734	14267	0.928
FAM120A	-5.21	8	-0.62	0.266	3787	0.962	0.734	14266	0.928
FAF2	-5.21	8	-0.62	0.266	3788	0.962	0.734	14265	0.928
HNRNPD	-5.21	8	-0.62	0.266	3789	0.962	0.734	14264	0.928
OR9G1	-5.21	8	-0.62	0.266	3790	0.962	0.734	14263	0.928
PTPN3	-5.21	8	-0.62	0.266	3791	0.962	0.734	14262	0.928
SLC30A2	-5.20	8	-0.62	0.266	3792	0.962	0.734	14261	0.928
MAD1L1	-5.20	8	-0.62	0.267	3793	0.962	0.733	14260	0.928
NFE2L3	-5.20	8	-0.62	0.267	3794	0.962	0.733	14259	0.928
FAM122A	-5.20	8	-0.62	0.267	3795	0.962	0.733	14258	0.928
ARNTL	-5.20	8	-0.62	0.267	3796	0.962	0.733	14257	0.928
DEFB116	-5.20	8	-0.62	0.267	3797	0.962	0.733	14256	0.928
EIF3H	-5.20	8	-0.62	0.267	3798	0.962	0.733	14255	0.928
LITAF	-5.20	8	-0.62	0.267	3799	0.962	0.733	14254	0.928
API5	-5.20	8	-0.62	0.267	3800	0.962	0.733	14253	0.928
ADCY4	-5.20	8	-0.62	0.267	3801	0.962	0.733	14252	0.928
IDUA	-5.20	8	-0.62	0.267	3802	0.962	0.733	14251	0.928
SP2	-5.20	8	-0.62	0.267	3803	0.962	0.733	14250	0.928
ZNF556	-5.20	8	-0.62	0.267	3804	0.962	0.733	14249	0.928
C1orf112	-5.19	8	-0.62	0.267	3805	0.962	0.733	14248	0.928
CBLN1	-5.19	8	-0.62	0.267	3806	0.962	0.733	14247	0.928
GNB2	-5.19	8	-0.62	0.267	3807	0.962	0.733	14246	0.928
NSG1	-5.19	8	-0.62	0.267	3808	0.962	0.733	14245	0.928
TENM2	-5.19	8	-0.62	0.267	3809	0.962	0.733	14244	0.928
TREX2	-5.19	8	-0.62	0.267	3810	0.962	0.733	14243	0.928
SRGAP3	-5.19	8	-0.62	0.267	3811	0.962	0.733	14242	0.928
PLEKHM2	-5.19	8	-0.62	0.268	3812	0.962	0.732	14241	0.928
CLSTN1	-5.19	8	-0.62	0.268	3813	0.962	0.732	14240	0.928
ARMC12	-5.19	8	-0.62	0.268	3814	0.962	0.732	14239	0.928
WWP1	-5.19	8	-0.62	0.268	3815	0.962	0.732	14238	0.928
OSBP2	-5.19	8	-0.62	0.268	3816	0.962	0.732	14237	0.928
TPBGL	-5.19	8	-0.62	0.268	3817	0.962	0.732	14236	0.928
PDE7B	-5.18	8	-0.62	0.268	3818	0.962	0.732	14235	0.928
SYF2	-5.18	8	-0.62	0.268	3819	0.962	0.732	14234	0.928
ZNF224	-5.18	8	-0.62	0.268	3820	0.962	0.732	14233	0.928
PRMT6	-5.18	8	-0.62	0.269	3821	0.962	0.731	14232	0.928
TBPL1	-5.18	8	-0.62	0.269	3822	0.962	0.731	14231	0.928
TACC2	-5.18	8	-0.62	0.269	3823	0.962	0.731	14230	0.928
TIGD3	-5.18	8	-0.62	0.269	3824	0.962	0.731	14229	0.928
CYP17A1	-5.18	8	-0.62	0.269	3825	0.962	0.731	14228	0.928
SLC2A12	-5.18	8	-0.62	0.269	3826	0.962	0.731	14227	0.928
ZDHHC11B	-2.59	2	-0.62	0.269	3827	0.962	0.731	14226	0.928
CWC22	-5.18	8	-0.62	0.269	3828	0.962	0.731	14225	0.928
NNT	-5.18	8	-0.62	0.269	3829	0.962	0.731	14224	0.928
CARNS1	-5.17	8	-0.62	0.269	3830	0.962	0.731	14223	0.928
ZBED3	-5.17	8	-0.62	0.269	3831	0.962	0.731	14222	0.928
CYHR1	-5.17	8	-0.62	0.269	3832	0.962	0.731	14221	0.928
PWP1	-5.17	8	-0.62	0.269	3833	0.962	0.731	14220	0.928
CRLS1	-5.17	8	-0.62	0.269	3834	0.962	0.731	14219	0.928
ITGAE	-5.17	8	-0.62	0.269	3835	0.962	0.731	14218	0.928
LANCL2	-5.17	8	-0.61	0.269	3836	0.962	0.731	14217	0.928
BRF1	-5.17	8	-0.61	0.269	3837	0.962	0.731	14216	0.928
CLUAP1	-5.17	8	-0.61	0.269	3838	0.962	0.731	14215	0.928
ETHE1	-5.17	8	-0.61	0.269	3839	0.962	0.731	14214	0.928
POGK	-5.17	8	-0.61	0.269	3840	0.962	0.731	14213	0.928
MLLT6	-5.17	8	-0.61	0.27	3841	0.962	0.73	14212	0.928
SCAF4	-5.17	8	-0.61	0.27	3842	0.962	0.73	14211	0.928
LYNX1	-5.17	8	-0.61	0.27	3843	0.962	0.73	14210	0.928
OXTR	-5.17	8	-0.61	0.27	3844	0.962	0.73	14209	0.928
FOLR3	-5.17	8	-0.61	0.27	3845	0.962	0.73	14208	0.928
ZNF706	-5.16	8	-0.61	0.27	3846	0.962	0.73	14207	0.928
BIN1	-5.16	8	-0.61	0.27	3847	0.962	0.73	14206	0.928
AARSD1	-2.58	2	-0.61	0.27	3848	0.962	0.73	14205	0.928
TACR3	-5.16	8	-0.61	0.27	3849	0.962	0.73	14204	0.928
DENND1C	-5.16	8	-0.61	0.27	3850	0.962	0.73	14203	0.928
CACNA1D	-5.16	8	-0.61	0.27	3851	0.962	0.73	14202	0.928
TREM1	-5.16	8	-0.61	0.27	3852	0.962	0.73	14201	0.928
CEP68	-5.16	8	-0.61	0.27	3853	0.962	0.73	14200	0.928
C1orf123	-4.47	6	-0.61	0.27	3854	0.962	0.73	14199	0.928
OR5W2	-5.16	8	-0.61	0.27	3855	0.962	0.73	14198	0.928
KCNK6	-5.16	8	-0.61	0.27	3856	0.962	0.73	14197	0.928
SFI1	-5.16	8	-0.61	0.27	3857	0.962	0.73	14196	0.928
ANXA2	-5.16	8	-0.61	0.27	3858	0.962	0.73	14195	0.928
PLEKHG4	-5.16	8	-0.61	0.271	3859	0.962	0.729	14194	0.928
PPIH	-5.16	8	-0.61	0.271	3860	0.962	0.729	14193	0.928
GALNS	-5.16	8	-0.61	0.271	3861	0.962	0.729	14192	0.928
MAFG	-5.16	8	-0.61	0.271	3862	0.962	0.729	14191	0.928
FASTKD1	-5.15	8	-0.61	0.271	3863	0.962	0.729	14190	0.928
ZMYM6NB	-5.15	8	-0.61	0.271	3864	0.962	0.729	14189	0.927
MTMR3	-5.15	8	-0.61	0.271	3865	0.962	0.729	14188	0.927
ZBTB2	-5.15	8	-0.61	0.271	3866	0.962	0.729	14187	0.927
RHOC	-5.15	8	-0.61	0.271	3867	0.962	0.729	14186	0.927
MOV10L1	-5.15	8	-0.61	0.271	3868	0.962	0.729	14185	0.927
PIK3R1	-5.15	8	-0.61	0.271	3869	0.962	0.729	14184	0.927
MPP7	-5.14	8	-0.61	0.272	3870	0.962	0.728	14183	0.927
ZDHHC4	-5.14	8	-0.61	0.272	3871	0.962	0.728	14182	0.927
LPAR3	-5.14	8	-0.61	0.272	3872	0.962	0.728	14181	0.927
INO80B	-5.14	8	-0.61	0.272	3873	0.962	0.728	14180	0.927
CXCR1	-5.14	8	-0.61	0.272	3874	0.962	0.728	14179	0.927
DNAJC27	-5.14	8	-0.61	0.272	3875	0.962	0.728	14178	0.927
MAP3K10	-5.14	8	-0.61	0.272	3876	0.962	0.728	14177	0.927
SLC6A8	-5.14	8	-0.61	0.272	3877	0.962	0.728	14176	0.927
12-Sep	-5.14	8	-0.61	0.272	3878	0.962	0.728	14175	0.927
MEGF6	-5.14	8	-0.61	0.272	3879	0.962	0.728	14174	0.927
PBX3	-5.14	8	-0.61	0.272	3880	0.962	0.728	14173	0.927
DIO1	-5.13	8	-0.61	0.272	3881	0.962	0.728	14172	0.927
CHRM1	-5.13	8	-0.61	0.272	3882	0.962	0.728	14171	0.927
ANKRD12	-5.13	8	-0.61	0.273	3883	0.962	0.727	14170	0.927
REXO1	-5.13	8	-0.61	0.273	3884	0.962	0.727	14169	0.927
PAK6	-5.13	8	-0.60	0.273	3885	0.962	0.727	14168	0.927
CCDC85B	-5.13	8	-0.60	0.273	3886	0.962	0.727	14167	0.927
CEP170B	-5.13	8	-0.60	0.273	3887	0.962	0.727	14166	0.927
CRNKL1	-5.13	8	-0.60	0.273	3888	0.962	0.727	14165	0.927
ESD	-5.13	8	-0.60	0.273	3889	0.962	0.727	14164	0.927
TPRX2P	-5.13	8	-0.60	0.273	3890	0.962	0.727	14163	0.927
EMCN	-5.13	8	-0.60	0.273	3891	0.962	0.727	14162	0.927
OR1N1	-5.13	8	-0.60	0.273	3892	0.962	0.727	14161	0.927
CX3CL1	-5.13	8	-0.60	0.273	3893	0.962	0.727	14160	0.927
ZNF319	-5.12	8	-0.60	0.273	3894	0.962	0.727	14159	0.927
CD7	-5.12	8	-0.60	0.273	3895	0.962	0.727	14158	0.926
BCL2L15	-5.12	8	-0.60	0.273	3896	0.962	0.727	14157	0.926
HIPK1	-5.12	8	-0.60	0.274	3897	0.962	0.726	14156	0.926
GOLPH3	-5.12	8	-0.60	0.274	3898	0.962	0.726	14155	0.926
PTH2R	-5.12	8	-0.60	0.274	3899	0.962	0.726	14154	0.926
CLIP2	-5.12	8	-0.60	0.274	3900	0.962	0.726	14153	0.926
APOC3	-5.12	8	-0.60	0.274	3901	0.962	0.726	14152	0.926
RPS6KB2	-5.12	8	-0.60	0.274	3902	0.962	0.726	14151	0.926
FAM106A	-5.12	8	-0.60	0.274	3903	0.962	0.726	14150	0.926
SLA	-5.12	8	-0.60	0.274	3904	0.962	0.726	14149	0.926
ELF4	-5.12	8	-0.60	0.274	3905	0.962	0.726	14148	0.926
FAM98B	-5.12	8	-0.60	0.274	3906	0.962	0.726	14147	0.926
NAGK	-5.12	8	-0.60	0.274	3907	0.962	0.726	14146	0.926
FAM175A	-5.12	8	-0.60	0.274	3908	0.962	0.726	14145	0.926
TSPYL4	-5.12	8	-0.60	0.274	3909	0.962	0.726	14144	0.926
ZNF784	-5.11	8	-0.60	0.274	3910	0.962	0.726	14143	0.926
AATK	-5.11	8	-0.60	0.274	3911	0.962	0.726	14142	0.926
MSTO1	-5.11	8	-0.60	0.274	3912	0.962	0.726	14141	0.926
ADAM22	-5.11	8	-0.60	0.274	3913	0.962	0.726	14140	0.926
TXLNG	-5.11	8	-0.60	0.275	3914	0.962	0.725	14139	0.926
RNF146	-5.11	8	-0.60	0.275	3915	0.962	0.725	14138	0.926
LRRC3	-5.11	8	-0.60	0.275	3916	0.962	0.725	14137	0.926
EHMT2	-5.11	8	-0.60	0.275	3917	0.962	0.725	14136	0.926
DEFB134	-5.11	8	-0.60	0.275	3918	0.962	0.725	14135	0.926
CHRNA4	-5.11	8	-0.60	0.275	3919	0.962	0.725	14134	0.926
ALG9	-5.11	8	-0.60	0.275	3920	0.962	0.725	14133	0.926
BCAT2	-5.11	8	-0.60	0.275	3921	0.962	0.725	14132	0.926
ZNF623	-5.11	8	-0.60	0.275	3922	0.962	0.725	14131	0.926
ADNP2	-5.11	8	-0.60	0.275	3923	0.962	0.725	14130	0.926
NACA	-5.11	8	-0.60	0.275	3924	0.962	0.725	14129	0.926
MMP9	-5.10	8	-0.60	0.275	3925	0.962	0.725	14128	0.926
AP003774.4	-5.10	8	-0.60	0.275	3926	0.962	0.725	14127	0.926
FUT6	-5.10	8	-0.60	0.275	3927	0.962	0.725	14126	0.926
ABCB7	-5.10	8	-0.60	0.275	3928	0.962	0.725	14125	0.926
TEDDM1	-5.10	8	-0.60	0.275	3929	0.962	0.725	14124	0.926
POLR1E	-5.10	8	-0.60	0.275	3930	0.962	0.725	14123	0.926
DDR1	-5.10	8	-0.60	0.275	3931	0.962	0.725	14122	0.926
ABRA	-5.10	8	-0.60	0.275	3932	0.962	0.725	14121	0.926
CALCB	-4.42	6	-0.60	0.275	3933	0.962	0.725	14120	0.926
CXCL11	-5.10	8	-0.60	0.275	3934	0.962	0.725	14119	0.926
CD74	-5.10	8	-0.60	0.275	3935	0.962	0.725	14118	0.926
GNAI2	-5.10	8	-0.60	0.275	3936	0.962	0.725	14117	0.926
AGO4	-5.10	8	-0.60	0.275	3937	0.962	0.725	14116	0.926
IER5	-5.10	8	-0.60	0.276	3938	0.962	0.724	14115	0.926
RNF145	-5.10	8	-0.60	0.276	3939	0.962	0.724	14114	0.926
TRIM33	-5.10	8	-0.60	0.276	3940	0.962	0.724	14113	0.926
CYP4V2	-5.10	8	-0.60	0.276	3941	0.962	0.724	14112	0.926
EZR	-5.10	8	-0.60	0.276	3942	0.962	0.724	14111	0.926
C18orf42	-5.10	8	-0.60	0.276	3943	0.962	0.724	14110	0.926
TESK2	-5.10	8	-0.60	0.276	3944	0.962	0.724	14109	0.926
URM1	-5.09	8	-0.60	0.276	3945	0.962	0.724	14108	0.926
ZMIZ1	-5.09	8	-0.59	0.276	3946	0.962	0.724	14107	0.926
CYR61	-5.09	8	-0.59	0.276	3947	0.962	0.724	14106	0.926
FAM206A	-5.09	8	-0.59	0.276	3948	0.962	0.724	14105	0.926
RIOK3	-5.09	8	-0.59	0.276	3949	0.962	0.724	14104	0.926
IL17RE	-5.09	8	-0.59	0.276	3950	0.962	0.724	14103	0.926
FAM102A	-5.09	8	-0.59	0.276	3951	0.962	0.724	14102	0.926
R3HDM1	-5.09	8	-0.59	0.276	3952	0.962	0.724	14101	0.926
FBXL22	-5.09	8	-0.59	0.276	3953	0.962	0.724	14100	0.926
FCGRT	-5.09	8	-0.59	0.276	3954	0.962	0.724	14099	0.926
TP53AIP1	-5.09	8	-0.59	0.276	3955	0.962	0.724	14098	0.926
LECT2	-5.09	8	-0.59	0.277	3956	0.962	0.723	14097	0.926
TMEM164	-5.09	8	-0.59	0.277	3957	0.962	0.723	14096	0.926
PPM1A	-5.09	8	-0.59	0.277	3958	0.962	0.723	14095	0.926
ACTL10	-5.08	8	-0.59	0.277	3959	0.962	0.723	14094	0.926
SEPN1	-5.08	8	-0.59	0.277	3960	0.962	0.723	14093	0.926
SLAIN1	-5.08	8	-0.59	0.277	3961	0.962	0.723	14092	0.926
KLK2	-5.08	8	-0.59	0.277	3962	0.962	0.723	14091	0.926
PNLDC1	-5.08	8	-0.59	0.277	3963	0.962	0.723	14090	0.926
SLC17A6	-5.08	8	-0.59	0.277	3964	0.962	0.723	14089	0.926
PRKG2	-5.08	8	-0.59	0.277	3965	0.962	0.723	14088	0.926
OSER1	-5.08	8	-0.59	0.277	3966	0.962	0.723	14087	0.926
IL22RA2	-5.08	8	-0.59	0.277	3967	0.962	0.723	14086	0.926
COX6B1	-5.08	8	-0.59	0.277	3968	0.962	0.723	14085	0.926
MED14	-5.08	8	-0.59	0.277	3969	0.962	0.723	14084	0.926
AVPR1B	-5.08	8	-0.59	0.277	3970	0.962	0.723	14083	0.926
CMPK2	-5.08	8	-0.59	0.277	3971	0.962	0.723	14082	0.926
KIAA0825	-5.08	8	-0.59	0.277	3972	0.962	0.723	14081	0.926
SPTB	-5.08	8	-0.59	0.277	3973	0.962	0.723	14080	0.926
AKAP7	-5.08	8	-0.59	0.277	3974	0.962	0.723	14079	0.926
C1orf174	-5.08	8	-0.59	0.277	3975	0.962	0.723	14078	0.926
FUCA1	-5.08	8	-0.59	0.278	3976	0.962	0.722	14077	0.926
CPVL	-5.07	8	-0.59	0.278	3977	0.962	0.722	14076	0.926
SLC22A13	-5.07	8	-0.59	0.278	3978	0.962	0.722	14075	0.926
FLG	-5.07	8	-0.59	0.278	3979	0.962	0.722	14074	0.926
PAQR8	-5.07	8	-0.59	0.278	3980	0.962	0.722	14073	0.926
TRMT10B	-5.07	8	-0.59	0.278	3981	0.962	0.722	14072	0.926
GREM2	-5.07	8	-0.59	0.278	3982	0.962	0.722	14071	0.926
TMEM232	-5.07	8	-0.59	0.278	3983	0.962	0.722	14070	0.926
TMC4	-5.07	8	-0.59	0.278	3984	0.962	0.722	14069	0.926
VEGFB	-5.07	8	-0.59	0.278	3985	0.962	0.722	14068	0.926
HES5	-5.07	8	-0.59	0.278	3986	0.962	0.722	14067	0.926
CELA2A	-5.07	8	-0.59	0.278	3987	0.962	0.722	14066	0.926
DCST2	-5.07	8	-0.59	0.278	3988	0.962	0.722	14065	0.926
TMF1	-5.07	8	-0.59	0.278	3989	0.962	0.722	14064	0.926
BBOX1	-5.07	8	-0.59	0.278	3990	0.962	0.722	14063	0.926
CD8B	-5.07	8	-0.59	0.278	3991	0.962	0.722	14062	0.926
CNTN5	-5.07	8	-0.59	0.278	3992	0.962	0.722	14061	0.926
LPAR1	-5.07	8	-0.59	0.278	3993	0.962	0.722	14060	0.926
THUMPD1	-5.07	8	-0.59	0.278	3994	0.962	0.722	14059	0.926
ST14	-5.07	8	-0.59	0.278	3995	0.962	0.722	14058	0.926
C5orf63	-5.06	8	-0.59	0.278	3996	0.962	0.722	14057	0.926
FBXO28	-5.06	8	-0.59	0.278	3997	0.962	0.722	14056	0.926
CD52	-4.39	6	-0.59	0.279	3998	0.962	0.721	14055	0.926
KRT19	-5.06	8	-0.59	0.279	3999	0.962	0.721	14054	0.926
CREB3L2	-5.06	8	-0.59	0.279	4000	0.962	0.721	14053	0.926
C19orf55	-5.06	8	-0.59	0.279	4001	0.962	0.721	14052	0.926
ADAM23	-5.06	8	-0.59	0.279	4002	0.962	0.721	14051	0.926
GUF1	-5.06	8	-0.59	0.279	4003	0.962	0.721	14050	0.926
CHTOP	-5.06	8	-0.59	0.279	4004	0.962	0.721	14049	0.926
SEC22C	-5.06	8	-0.59	0.279	4005	0.962	0.721	14048	0.926
HSP90AA1	-5.06	8	-0.59	0.279	4006	0.962	0.721	14047	0.926
ADCK1	-5.06	8	-0.59	0.279	4007	0.962	0.721	14046	0.926
ADAT3	-5.06	8	-0.59	0.279	4008	0.962	0.721	14045	0.926
FAM71A	-5.06	8	-0.59	0.279	4009	0.962	0.721	14044	0.926
OR1A1	-5.06	8	-0.59	0.279	4010	0.962	0.721	14043	0.926
PHYH	-5.06	8	-0.59	0.279	4011	0.962	0.721	14042	0.926
SH3BP5L	-5.05	8	-0.58	0.279	4012	0.962	0.721	14041	0.926
ATF7IP	-5.05	8	-0.58	0.28	4013	0.962	0.72	14040	0.926
OR5V1	-5.05	8	-0.58	0.28	4014	0.962	0.72	14039	0.926
ZNHIT6	-5.05	8	-0.58	0.28	4015	0.962	0.72	14038	0.926
DHRS4	-5.05	8	-0.58	0.28	4016	0.962	0.72	14037	0.926
S100A12	-5.05	8	-0.58	0.28	4017	0.962	0.72	14036	0.926
CD48	-5.05	8	-0.58	0.28	4018	0.962	0.72	14035	0.926
LEPR	-5.05	8	-0.58	0.28	4019	0.962	0.72	14034	0.926
BVES	-5.05	8	-0.58	0.28	4020	0.962	0.72	14033	0.926
TNFRSF4	-5.05	8	-0.58	0.28	4021	0.962	0.72	14032	0.926
FHL5	-5.05	8	-0.58	0.28	4022	0.962	0.72	14031	0.926
TMPRSS15	-5.05	8	-0.58	0.28	4023	0.962	0.72	14030	0.926
EN2	-5.04	8	-0.58	0.28	4024	0.962	0.72	14029	0.926
H3F3B	-3.57	4	-0.58	0.28	4025	0.962	0.72	14028	0.926
ABCA6	-5.04	8	-0.58	0.281	4026	0.962	0.719	14027	0.926
KLHL10	-4.36	6	-0.58	0.281	4027	0.962	0.719	14026	0.926
CHCHD10	-5.04	8	-0.58	0.281	4028	0.962	0.719	14025	0.926
MAP4K1	-5.04	8	-0.58	0.281	4029	0.962	0.719	14024	0.926
PRDM5	-5.04	8	-0.58	0.281	4030	0.962	0.719	14023	0.926
SERPINB1	-5.04	8	-0.58	0.281	4031	0.962	0.719	14022	0.926
ENTPD2	-5.04	8	-0.58	0.281	4032	0.962	0.719	14021	0.926
ZBTB49	-5.04	8	-0.58	0.281	4033	0.962	0.719	14020	0.926
TRPM5	-5.03	8	-0.58	0.281	4034	0.962	0.719	14019	0.926
PIP5KL1	-5.03	8	-0.58	0.281	4035	0.962	0.719	14018	0.926
STIP1	-5.03	8	-0.58	0.281	4036	0.962	0.719	14017	0.926
KIAA0907	-5.03	8	-0.58	0.281	4037	0.962	0.719	14016	0.926
ATP1A3	-5.03	8	-0.58	0.281	4038	0.962	0.719	14015	0.926
ZFYVE21	-5.03	8	-0.58	0.281	4039	0.962	0.719	14014	0.926
HMGB2	-5.03	8	-0.58	0.281	4040	0.962	0.719	14013	0.926
TIAM2	-5.03	8	-0.58	0.281	4041	0.962	0.719	14012	0.926
PNMAL2	-5.03	8	-0.58	0.281	4042	0.962	0.719	14011	0.926
BTNL3	-5.03	8	-0.58	0.282	4043	0.962	0.718	14010	0.926
UBXN1	-5.03	8	-0.58	0.282	4044	0.962	0.718	14009	0.926
GPR108	-5.03	8	-0.58	0.282	4045	0.962	0.718	14008	0.926
LRRC8B	-5.03	8	-0.58	0.282	4046	0.962	0.718	14007	0.926
LHX9	-5.03	8	-0.58	0.282	4047	0.962	0.718	14006	0.926
FZD3	-5.03	8	-0.58	0.282	4048	0.962	0.718	14005	0.926
SPATA3	-5.02	8	-0.58	0.282	4049	0.962	0.718	14004	0.926
ANP32B	-5.02	8	-0.58	0.282	4050	0.962	0.718	14003	0.926
FAM131B	-5.02	8	-0.58	0.282	4051	0.962	0.718	14002	0.926
TFB1M	-5.02	8	-0.58	0.282	4052	0.962	0.718	14001	0.926
C11orf35	-5.02	8	-0.58	0.282	4053	0.962	0.718	14000	0.926
ZC3HAV1	-5.02	8	-0.58	0.282	4054	0.962	0.718	13999	0.926
EMR3	-5.02	8	-0.58	0.282	4055	0.962	0.718	13998	0.926
MOBP	-5.02	8	-0.58	0.282	4056	0.962	0.718	13997	0.926
HSD17B12	-5.02	8	-0.58	0.282	4057	0.962	0.718	13996	0.926
MTFR1	-5.02	8	-0.58	0.282	4058	0.962	0.718	13995	0.926
SMR3A	-4.35	6	-0.58	0.282	4059	0.962	0.718	13994	0.926
MTERFD2	-5.02	8	-0.58	0.283	4060	0.962	0.717	13993	0.926
RETSAT	-5.02	8	-0.58	0.283	4061	0.962	0.717	13992	0.926
CRH	-5.02	8	-0.57	0.283	4062	0.962	0.717	13991	0.926
KIAA1549	-5.02	8	-0.57	0.283	4063	0.962	0.717	13990	0.926
PPP1CA	-5.02	8	-0.57	0.283	4064	0.962	0.717	13989	0.926
ZNF586	-5.02	8	-0.57	0.283	4065	0.962	0.717	13988	0.926
CYB5RL	-5.02	8	-0.57	0.283	4066	0.962	0.717	13987	0.926
ENDOG	-5.01	8	-0.57	0.283	4067	0.962	0.717	13986	0.926
FFAR2	-5.01	8	-0.57	0.283	4068	0.962	0.717	13985	0.925
PATZ1	-5.01	8	-0.57	0.283	4069	0.962	0.717	13984	0.925
FBXO25	-5.01	8	-0.57	0.283	4070	0.962	0.717	13983	0.925
ADH5	-5.01	8	-0.57	0.283	4071	0.962	0.717	13982	0.925
MPHOSPH10	-5.01	8	-0.57	0.283	4072	0.962	0.717	13981	0.925
SPATA6L	-5.01	8	-0.57	0.283	4073	0.962	0.717	13980	0.925
NLRP13	-5.01	8	-0.57	0.283	4074	0.962	0.717	13979	0.925
ZNF112	-5.01	8	-0.57	0.283	4075	0.962	0.717	13978	0.925
KIAA0430	-5.01	8	-0.57	0.283	4076	0.962	0.717	13977	0.925
ZNF573	-5.01	8	-0.57	0.283	4077	0.962	0.717	13976	0.925
NETO2	-5.01	8	-0.57	0.283	4078	0.962	0.717	13975	0.925
OR51T1	-5.01	8	-0.57	0.283	4079	0.962	0.717	13974	0.925
SLC16A13	-5.01	8	-0.57	0.283	4080	0.962	0.717	13973	0.925
NBN	-5.01	8	-0.57	0.284	4081	0.962	0.716	13972	0.925
CNN3	-5.01	8	-0.57	0.284	4082	0.962	0.716	13971	0.925
RPE65	-5.01	8	-0.57	0.284	4083	0.962	0.716	13970	0.925
ZBED5	-5.01	8	-0.57	0.284	4084	0.962	0.716	13969	0.925
DNASE2	-5.00	8	-0.57	0.284	4085	0.962	0.716	13968	0.925
FAR2	-5.00	8	-0.57	0.284	4086	0.962	0.716	13967	0.925
02-Mar	-7.08	16	-0.57	0.284	4087	0.962	0.716	13966	0.925
RBL1	-5.00	8	-0.57	0.284	4088	0.962	0.716	13965	0.925
TMED1	-5.00	8	-0.57	0.284	4089	0.962	0.716	13964	0.925
TBC1D10C	-5.00	8	-0.57	0.284	4090	0.962	0.716	13963	0.925
DHRS11	-5.00	8	-0.57	0.284	4091	0.962	0.716	13962	0.925
OR4X2	-5.00	8	-0.57	0.284	4092	0.962	0.716	13961	0.925
FAM193B	-5.00	8	-0.57	0.284	4093	0.962	0.716	13960	0.925
GRIK5	-5.00	8	-0.57	0.284	4094	0.962	0.716	13959	0.925
SMYD4	-5.00	8	-0.57	0.284	4095	0.962	0.716	13958	0.925
COX8A	-5.00	8	-0.57	0.284	4096	0.962	0.716	13957	0.925
ADAMTS13	-5.00	8	-0.57	0.284	4097	0.962	0.716	13956	0.925
NDUFB11	-5.00	8	-0.57	0.285	4098	0.962	0.715	13955	0.925
C16orf96	-5.00	8	-0.57	0.285	4099	0.962	0.715	13954	0.925
DBT	-4.99	8	-0.57	0.285	4100	0.962	0.715	13953	0.925
ECEL1	-4.99	8	-0.57	0.285	4101	0.962	0.715	13952	0.925
TMEM190	-4.99	8	-0.57	0.285	4102	0.962	0.715	13951	0.925
MANBAL	-4.99	8	-0.57	0.285	4103	0.962	0.715	13950	0.925
MTPN	-4.99	8	-0.57	0.285	4104	0.962	0.715	13949	0.925
GYS1	-4.99	8	-0.57	0.285	4105	0.962	0.715	13948	0.925
ATP2A3	-4.99	8	-0.57	0.285	4106	0.962	0.715	13947	0.925
CST6	-4.99	8	-0.57	0.285	4107	0.962	0.715	13946	0.925
TNIP1	-4.99	8	-0.57	0.285	4108	0.962	0.715	13945	0.925
RWDD3	-4.99	8	-0.57	0.285	4109	0.962	0.715	13944	0.925
PLXDC2	-4.99	8	-0.57	0.285	4110	0.962	0.715	13943	0.925
OR52A5	-4.99	8	-0.57	0.285	4111	0.962	0.715	13942	0.925
SLC25A29	-4.99	8	-0.57	0.285	4112	0.962	0.715	13941	0.925
FNDC8	-4.99	8	-0.57	0.285	4113	0.962	0.715	13940	0.925
ADD3	-4.99	8	-0.57	0.285	4114	0.962	0.715	13939	0.925
ZNF768	-4.99	8	-0.57	0.285	4115	0.962	0.715	13938	0.925
DFFA	-4.98	8	-0.57	0.286	4116	0.962	0.714	13937	0.925
HPGD	-4.98	8	-0.57	0.286	4117	0.962	0.714	13936	0.925
BSND	-4.98	8	-0.57	0.286	4118	0.962	0.714	13935	0.925
PYGM	-4.98	8	-0.57	0.286	4119	0.962	0.714	13934	0.925
CPS1	-4.98	8	-0.57	0.286	4120	0.962	0.714	13933	0.925
C21orf128	-4.32	6	-0.57	0.286	4121	0.962	0.714	13932	0.925
SLAMF9	-4.98	8	-0.57	0.286	4122	0.962	0.714	13931	0.925
MRPL37	-4.98	8	-0.57	0.286	4123	0.962	0.714	13930	0.925
ZNF507	-4.98	8	-0.57	0.286	4124	0.962	0.714	13929	0.925
HECTD1	-4.98	8	-0.57	0.286	4125	0.962	0.714	13928	0.925
DPYSL5	-4.98	8	-0.57	0.286	4126	0.962	0.714	13927	0.925
ACAP3	-4.98	8	-0.57	0.286	4127	0.962	0.714	13926	0.925
EGFL7	-4.98	8	-0.57	0.286	4128	0.962	0.714	13925	0.925
OPA1	-4.98	8	-0.56	0.286	4129	0.962	0.714	13924	0.925
RRNAD1	-4.98	8	-0.56	0.286	4130	0.962	0.714	13923	0.925
DYNLRB1	-4.98	8	-0.56	0.286	4131	0.962	0.714	13922	0.925
HSPB3	-4.97	8	-0.56	0.286	4132	0.962	0.714	13921	0.925
HOXD8	-4.65	7	-0.56	0.286	4133	0.962	0.714	13920	0.925
CROCC	-4.97	8	-0.56	0.286	4134	0.962	0.714	13919	0.925
S100A11	-3.52	4	-0.56	0.287	4135	0.962	0.713	13918	0.925
C8orf37	-4.97	8	-0.56	0.287	4136	0.962	0.713	13917	0.925
ASAH1	-4.97	8	-0.56	0.287	4137	0.962	0.713	13916	0.925
PCP4	-4.97	8	-0.56	0.287	4138	0.962	0.713	13915	0.925
C14orf180	-4.97	8	-0.56	0.287	4139	0.962	0.713	13914	0.925
FHIT	-4.97	8	-0.56	0.287	4140	0.962	0.713	13913	0.925
AES	-4.97	8	-0.56	0.287	4141	0.962	0.713	13912	0.925
ZBTB1	-4.97	8	-0.56	0.287	4142	0.962	0.713	13911	0.925
UFSP1	-4.97	8	-0.56	0.287	4143	0.962	0.713	13910	0.925
TAF11	-4.97	8	-0.56	0.287	4144	0.962	0.713	13909	0.925
C17orf47	-4.97	8	-0.56	0.287	4145	0.962	0.713	13908	0.925
HIVEP1	-4.96	8	-0.56	0.287	4146	0.962	0.713	13907	0.925
GPX7	-4.96	8	-0.56	0.287	4147	0.962	0.713	13906	0.925
NSUN2	-4.96	8	-0.56	0.287	4148	0.962	0.713	13905	0.925
C15orf26	-4.96	8	-0.56	0.287	4149	0.962	0.713	13904	0.925
AOX1	-4.96	8	-0.56	0.287	4150	0.962	0.713	13903	0.925
CHRNA9	-4.96	8	-0.56	0.287	4151	0.962	0.713	13902	0.925
TMEM184B	-4.96	8	-0.56	0.287	4152	0.962	0.713	13901	0.925
POLD4	-4.96	8	-0.56	0.288	4153	0.962	0.712	13900	0.925
TMED3	-4.96	8	-0.56	0.288	4154	0.962	0.712	13899	0.925
MTG2	-4.96	8	-0.56	0.288	4155	0.962	0.712	13898	0.925
HEXDC	-4.96	8	-0.56	0.288	4156	0.962	0.712	13897	0.925
KRTAP21-3	-4.29	6	-0.56	0.288	4157	0.962	0.712	13896	0.925
GBP2	-4.96	8	-0.56	0.288	4158	0.962	0.712	13895	0.925
RRP8	-4.96	8	-0.56	0.288	4159	0.962	0.712	13894	0.925
SCGB2A2	-4.29	6	-0.56	0.288	4160	0.962	0.712	13893	0.925
TRAPPC6B	-4.96	8	-0.56	0.288	4161	0.962	0.712	13892	0.925
MRE11A	-4.96	8	-0.56	0.288	4162	0.962	0.712	13891	0.925
POMT2	-4.96	8	-0.56	0.288	4163	0.962	0.712	13890	0.925
CTSL	-4.96	8	-0.56	0.288	4164	0.962	0.712	13889	0.925
CD53	-4.95	8	-0.56	0.288	4165	0.962	0.712	13888	0.925
VRK2	-4.95	8	-0.56	0.288	4166	0.962	0.712	13887	0.925
UBE2J2	-4.95	8	-0.56	0.288	4167	0.962	0.712	13886	0.925
CDH1	-4.95	8	-0.56	0.288	4168	0.962	0.712	13885	0.925
NXNL1	-4.95	8	-0.56	0.288	4169	0.962	0.712	13884	0.925
STK16	-4.95	8	-0.56	0.288	4170	0.962	0.712	13883	0.925
MYPOP	-4.95	8	-0.56	0.289	4171	0.962	0.711	13882	0.925
ZFYVE19	-4.95	8	-0.56	0.289	4172	0.962	0.711	13881	0.925
IL17RD	-4.95	8	-0.56	0.289	4173	0.962	0.711	13880	0.925
KCNC3	-4.95	8	-0.56	0.289	4174	0.962	0.711	13879	0.925
ALPP	-3.50	4	-0.56	0.289	4175	0.962	0.711	13878	0.925
TAS2R46	-2.47	2	-0.56	0.289	4176	0.962	0.711	13877	0.925
PLTP	-4.95	8	-0.56	0.289	4177	0.962	0.711	13876	0.925
LRPPRC	-4.95	8	-0.56	0.289	4178	0.962	0.711	13875	0.925
FBXO32	-4.95	8	-0.56	0.289	4179	0.962	0.711	13874	0.925
PABPN1L	-4.95	8	-0.56	0.289	4180	0.962	0.711	13873	0.925
ERO1L	-4.94	8	-0.56	0.289	4181	0.962	0.711	13872	0.925
CCDC24	-4.94	8	-0.56	0.289	4182	0.962	0.711	13871	0.925
CD44	-4.94	8	-0.56	0.289	4183	0.962	0.711	13870	0.925
TOMM20	-4.94	8	-0.56	0.289	4184	0.962	0.711	13869	0.925
PTRH1	-4.94	8	-0.56	0.289	4185	0.962	0.711	13868	0.925
HOXD13	-4.94	8	-0.55	0.289	4186	0.962	0.711	13867	0.925
KIAA1715	-4.94	8	-0.55	0.29	4187	0.962	0.71	13866	0.925
PDIK1L	-4.94	8	-0.55	0.29	4188	0.962	0.71	13865	0.925
C2orf16	-4.94	8	-0.55	0.29	4189	0.962	0.71	13864	0.925
DIRAS3	-4.94	8	-0.55	0.29	4190	0.962	0.71	13863	0.925
KCNA1	-4.94	8	-0.55	0.29	4191	0.962	0.71	13862	0.925
RHOT1	-4.94	8	-0.55	0.29	4192	0.962	0.71	13861	0.925
HGSNAT	-4.94	8	-0.55	0.29	4193	0.962	0.71	13860	0.925
MRPS18B	-4.94	8	-0.55	0.29	4194	0.962	0.71	13859	0.925
TM6SF1	-4.93	8	-0.55	0.29	4195	0.962	0.71	13858	0.925
STPG1	-4.93	8	-0.55	0.29	4196	0.962	0.71	13857	0.925
BRSK2	-4.93	8	-0.55	0.29	4197	0.962	0.71	13856	0.925
EPCAM	-4.93	8	-0.55	0.29	4198	0.962	0.71	13855	0.925
CDPF1	-4.93	8	-0.55	0.29	4199	0.962	0.71	13854	0.925
TSPAN9	-4.93	8	-0.55	0.29	4200	0.962	0.71	13853	0.925
SLC38A7	-4.93	8	-0.55	0.29	4201	0.962	0.71	13852	0.925
LOXL4	-4.93	8	-0.55	0.29	4202	0.962	0.71	13851	0.925
NOTCH3	-4.93	8	-0.55	0.29	4203	0.962	0.71	13850	0.925
DIEXF	-4.93	8	-0.55	0.29	4204	0.962	0.71	13849	0.925
ABHD11	-4.93	8	-0.55	0.29	4205	0.962	0.71	13848	0.925
PADI1	-4.93	8	-0.55	0.29	4206	0.962	0.71	13847	0.925
COX7B	-2.46	2	-0.55	0.29	4207	0.962	0.71	13846	0.925
GHITM	-4.93	8	-0.55	0.29	4208	0.962	0.71	13845	0.925
GTPBP1	-4.92	8	-0.55	0.291	4209	0.962	0.709	13844	0.925
CRYGC	-4.92	8	-0.55	0.291	4210	0.962	0.709	13843	0.925
C3orf18	-4.92	8	-0.55	0.291	4211	0.962	0.709	13842	0.925
UBA6	-4.92	8	-0.55	0.291	4212	0.962	0.709	13841	0.925
PDZD8	-4.92	8	-0.55	0.291	4213	0.962	0.709	13840	0.925
BAIAP3	-4.92	8	-0.55	0.291	4214	0.962	0.709	13839	0.925
REEP1	-4.92	8	-0.55	0.291	4215	0.962	0.709	13838	0.925
KCNG2	-4.92	8	-0.55	0.291	4216	0.962	0.709	13837	0.925
LSM5	-4.26	6	-0.55	0.291	4217	0.962	0.709	13836	0.925
PGLYRP3	-4.92	8	-0.55	0.291	4218	0.962	0.709	13835	0.925
CRX	-4.92	8	-0.55	0.291	4219	0.962	0.709	13834	0.925
CCND2	-4.92	8	-0.55	0.291	4220	0.962	0.709	13833	0.925
FAM163A	-4.92	8	-0.55	0.291	4221	0.962	0.709	13832	0.925
SERINC4	-4.92	8	-0.55	0.291	4222	0.962	0.709	13831	0.925
TEX14	-4.92	8	-0.55	0.291	4223	0.962	0.709	13830	0.925
ACY3	-4.92	8	-0.55	0.291	4224	0.962	0.709	13829	0.925
RPS16	-4.92	8	-0.55	0.291	4225	0.962	0.709	13828	0.925
ZNF213	-4.92	8	-0.55	0.291	4226	0.962	0.709	13827	0.925
SOX4	-4.92	8	-0.55	0.292	4227	0.962	0.708	13826	0.925
MRPL41	-4.92	8	-0.55	0.292	4228	0.962	0.708	13825	0.925
DIXDC1	-4.91	8	-0.55	0.292	4229	0.962	0.708	13824	0.925
FANCG	-4.91	8	-0.55	0.292	4230	0.962	0.708	13823	0.925
AIRE	-4.91	8	-0.55	0.292	4231	0.962	0.708	13822	0.925
RNASE8	-4.91	8	-0.55	0.292	4232	0.962	0.708	13821	0.925
RNF133	-4.91	8	-0.55	0.292	4233	0.962	0.708	13820	0.925
MRS2	-4.91	8	-0.55	0.292	4234	0.962	0.708	13819	0.925
GPR56	-4.91	8	-0.55	0.292	4235	0.962	0.708	13818	0.925
CHN1	-4.91	8	-0.55	0.292	4236	0.962	0.708	13817	0.925
WBP1	-4.91	8	-0.55	0.292	4237	0.962	0.708	13816	0.925
KCNH5	-4.91	8	-0.55	0.292	4238	0.962	0.708	13815	0.925
MRGPRF	-4.25	6	-0.55	0.292	4239	0.962	0.708	13814	0.925
UBALD2	-4.91	8	-0.55	0.292	4240	0.962	0.708	13813	0.925
CAMTA1	-4.91	8	-0.55	0.292	4241	0.962	0.708	13812	0.925
KIAA1841	-4.90	8	-0.55	0.293	4242	0.962	0.707	13811	0.925
PPP2R5C	-4.90	8	-0.55	0.293	4243	0.962	0.707	13810	0.925
OPN1SW	-4.90	8	-0.55	0.293	4244	0.962	0.707	13809	0.925
ALG3	-4.90	8	-0.55	0.293	4245	0.962	0.707	13808	0.925
PSAT1	-4.90	8	-0.55	0.293	4246	0.962	0.707	13807	0.925
GRAMD2	-4.90	8	-0.55	0.293	4247	0.962	0.707	13806	0.925
CALML3	-4.90	8	-0.55	0.293	4248	0.962	0.707	13805	0.925
COPS7A	-4.90	8	-0.55	0.293	4249	0.962	0.707	13804	0.925
GLTPD1	-4.90	8	-0.54	0.293	4250	0.962	0.707	13803	0.925
OR4K14	-4.90	8	-0.54	0.293	4251	0.962	0.707	13802	0.925
SIX3	-4.90	8	-0.54	0.293	4252	0.962	0.707	13801	0.925
NCOA5	-4.90	8	-0.54	0.293	4253	0.962	0.707	13800	0.925
FAM227A	-4.24	6	-0.54	0.293	4254	0.962	0.707	13799	0.925
ELMSAN1	-4.90	8	-0.54	0.293	4255	0.962	0.707	13798	0.925
PHACTR3	-4.90	8	-0.54	0.293	4256	0.962	0.707	13797	0.925
ZNF770	-4.89	8	-0.54	0.293	4257	0.962	0.707	13796	0.924
SNAP47	-4.89	8	-0.54	0.294	4258	0.962	0.706	13795	0.924
C6orf25	-4.89	8	-0.54	0.294	4259	0.962	0.706	13794	0.924
LIAS	-4.89	8	-0.54	0.294	4260	0.962	0.706	13793	0.924
NTNG1	-4.89	8	-0.54	0.294	4261	0.962	0.706	13792	0.924
DR1	-4.89	8	-0.54	0.294	4262	0.962	0.706	13791	0.924
GPSM2	-4.89	8	-0.54	0.294	4263	0.962	0.706	13790	0.924
STX4	-4.89	8	-0.54	0.294	4264	0.962	0.706	13789	0.924
TRIM21	-4.89	8	-0.54	0.294	4265	0.962	0.706	13788	0.924
ANO9	-4.89	8	-0.54	0.294	4266	0.962	0.706	13787	0.924
FKBP5	-4.89	8	-0.54	0.294	4267	0.962	0.706	13786	0.924
SERTAD1	-4.89	8	-0.54	0.294	4268	0.962	0.706	13785	0.924
TMPRSS11B	-4.89	8	-0.54	0.294	4269	0.962	0.706	13784	0.924
TRIM61	-4.89	8	-0.54	0.294	4270	0.962	0.706	13783	0.924
PPP6R1	-4.89	8	-0.54	0.294	4271	0.962	0.706	13782	0.924
ARPP19	-4.88	8	-0.54	0.294	4272	0.962	0.706	13781	0.924
PRSS55	-4.88	8	-0.54	0.294	4273	0.962	0.706	13780	0.924
SIKE1	-4.88	8	-0.54	0.294	4274	0.962	0.706	13779	0.924
RUFY3	-4.88	8	-0.54	0.295	4275	0.962	0.705	13778	0.924
CXorf56	-4.88	8	-0.54	0.295	4276	0.962	0.705	13777	0.924
C6orf120	-4.88	8	-0.54	0.295	4277	0.962	0.705	13776	0.924
BTBD7	-4.88	8	-0.54	0.295	4278	0.962	0.705	13775	0.924
ZC3H15	-4.88	8	-0.54	0.295	4279	0.962	0.705	13774	0.924
ANGPTL4	-4.88	8	-0.54	0.295	4280	0.962	0.705	13773	0.924
AK7	-4.88	8	-0.54	0.295	4281	0.962	0.705	13772	0.924
JTB	-4.88	8	-0.54	0.295	4282	0.962	0.705	13771	0.924
VPS39	-4.88	8	-0.54	0.295	4283	0.962	0.705	13770	0.924
CLVS2	-4.88	8	-0.54	0.295	4284	0.962	0.705	13769	0.924
TSPYL1	-4.88	8	-0.54	0.295	4285	0.962	0.705	13768	0.924
B3GNT9	-4.88	8	-0.54	0.295	4286	0.962	0.705	13767	0.924
OR12D2	-4.88	8	-0.54	0.295	4287	0.962	0.705	13766	0.924
MASP2	-4.87	8	-0.54	0.295	4288	0.962	0.705	13765	0.924
FOXS1	-4.87	8	-0.54	0.295	4289	0.962	0.705	13764	0.924
HEATR3	-4.87	8	-0.54	0.295	4290	0.962	0.705	13763	0.924
RBFA	-4.87	8	-0.54	0.295	4291	0.962	0.705	13762	0.924
RLN3	-4.87	8	-0.54	0.295	4292	0.962	0.705	13761	0.924
F11R	-4.87	8	-0.54	0.296	4293	0.962	0.704	13760	0.924
RASL10B	-4.87	8	-0.54	0.296	4294	0.962	0.704	13759	0.924
CYB561	-4.87	8	-0.54	0.296	4295	0.962	0.704	13758	0.924
ZNF707	-4.87	8	-0.54	0.296	4296	0.962	0.704	13757	0.924
SDF4	-4.87	8	-0.54	0.296	4297	0.962	0.704	13756	0.924
DCAF4L1	-4.87	8	-0.54	0.296	4298	0.962	0.704	13755	0.924
MAP3K8	-4.87	8	-0.54	0.296	4299	0.962	0.704	13754	0.924
ABCF1	-4.87	8	-0.54	0.296	4300	0.962	0.704	13753	0.924
NUDT4	-4.87	8	-0.54	0.296	4301	0.962	0.704	13752	0.924
PRKCD	-4.86	8	-0.54	0.296	4302	0.962	0.704	13751	0.924
PSD3	-4.86	8	-0.54	0.296	4303	0.962	0.704	13750	0.924
NUDT5	-4.86	8	-0.54	0.296	4304	0.962	0.704	13749	0.924
HIST1H2AE	-4.86	8	-0.54	0.296	4305	0.962	0.704	13748	0.924
MS4A2	-4.86	8	-0.53	0.296	4306	0.962	0.704	13747	0.924
CFHR5	-4.86	8	-0.53	0.296	4307	0.962	0.704	13746	0.924
OR10G6	-4.86	8	-0.53	0.296	4308	0.962	0.704	13745	0.924
CANT1	-4.86	8	-0.53	0.297	4309	0.962	0.703	13744	0.924
FASN	-4.86	8	-0.53	0.297	4310	0.962	0.703	13743	0.924
FNIP2	-4.86	8	-0.53	0.297	4311	0.962	0.703	13742	0.924
EPAS1	-4.86	8	-0.53	0.297	4312	0.962	0.703	13741	0.924
MTHFS	-4.86	8	-0.53	0.297	4313	0.962	0.703	13740	0.924
SPHK2	-4.85	8	-0.53	0.297	4314	0.962	0.703	13739	0.924
SECTM1	-4.85	8	-0.53	0.297	4315	0.962	0.703	13738	0.924
TSPYL6	-4.85	8	-0.53	0.297	4316	0.962	0.703	13737	0.924
USP49	-4.85	8	-0.53	0.297	4317	0.962	0.703	13736	0.924
SPO11	-4.85	8	-0.53	0.297	4318	0.962	0.703	13735	0.924
IZUMO2	-4.85	8	-0.53	0.297	4319	0.962	0.703	13734	0.924
FBXO5	-4.85	8	-0.53	0.297	4320	0.962	0.703	13733	0.924
ZNF680	-3.43	4	-0.53	0.297	4321	0.962	0.703	13732	0.924
CEACAM21	-4.85	8	-0.53	0.297	4322	0.962	0.703	13731	0.924
PLXNA3	-4.85	8	-0.53	0.297	4323	0.962	0.703	13730	0.924
EPHB2	-4.85	8	-0.53	0.297	4324	0.962	0.703	13729	0.924
SPRED2	-4.85	8	-0.53	0.297	4325	0.962	0.703	13728	0.924
SFTPA2	-3.43	4	-0.53	0.297	4326	0.962	0.703	13727	0.924
MYCBPAP	-4.85	8	-0.53	0.297	4327	0.962	0.703	13726	0.924
SAP30L	-4.85	8	-0.53	0.298	4328	0.962	0.702	13725	0.924
MSH5	-4.85	8	-0.53	0.298	4329	0.962	0.702	13724	0.924
CD40LG	-4.85	8	-0.53	0.298	4330	0.962	0.702	13723	0.924
TRPM2	-4.84	8	-0.53	0.298	4331	0.962	0.702	13722	0.924
PCYT2	-4.84	8	-0.53	0.298	4332	0.962	0.702	13721	0.924
HAPLN2	-4.84	8	-0.53	0.298	4333	0.962	0.702	13720	0.924
CHADL	-4.84	8	-0.53	0.298	4334	0.962	0.702	13719	0.924
GCSAML	-4.84	8	-0.53	0.298	4335	0.962	0.702	13718	0.924
IGLON5	-4.84	8	-0.53	0.298	4336	0.962	0.702	13717	0.924
GPATCH8	-4.84	8	-0.53	0.298	4337	0.962	0.702	13716	0.924
COX7A1	-4.84	8	-0.53	0.298	4338	0.962	0.702	13715	0.924
ALS2	-4.84	8	-0.53	0.298	4339	0.962	0.702	13714	0.924
ELL	-4.84	8	-0.53	0.298	4340	0.962	0.702	13713	0.924
CDK18	-4.84	8	-0.53	0.298	4341	0.962	0.702	13712	0.924
PNOC	-4.84	8	-0.53	0.298	4342	0.962	0.702	13711	0.924
PXDN	-4.84	8	-0.53	0.299	4343	0.962	0.701	13710	0.924
CECR1	-4.84	8	-0.53	0.299	4344	0.962	0.701	13709	0.924
ZNF85	-3.42	4	-0.53	0.299	4345	0.962	0.701	13708	0.924
RIPPLY1	-4.84	8	-0.53	0.299	4346	0.962	0.701	13707	0.924
IL1A	-4.84	8	-0.53	0.299	4347	0.962	0.701	13706	0.924
GIF	-4.84	8	-0.53	0.299	4348	0.962	0.701	13705	0.924
PCDHGB2	-4.84	8	-0.53	0.299	4349	0.962	0.701	13704	0.924
BAHD1	-4.83	8	-0.53	0.299	4350	0.962	0.701	13703	0.924
ANXA6	-4.83	8	-0.53	0.299	4351	0.962	0.701	13702	0.924
DNAH10OS	-4.83	8	-0.53	0.299	4352	0.962	0.701	13701	0.924
PPAPDC1A	-4.83	8	-0.53	0.299	4353	0.962	0.701	13700	0.924
CERS2	-4.83	8	-0.53	0.299	4354	0.962	0.701	13699	0.924
HMBS	-4.83	8	-0.53	0.299	4355	0.962	0.701	13698	0.924
C17orf62	-4.83	8	-0.53	0.299	4356	0.962	0.701	13697	0.924
GCGR	-4.83	8	-0.53	0.299	4357	0.962	0.701	13696	0.924
TRIM11	-4.83	8	-0.53	0.299	4358	0.962	0.701	13695	0.924
DHX16	-4.83	8	-0.53	0.299	4359	0.962	0.701	13694	0.924
DUSP27	-4.83	8	-0.53	0.299	4360	0.962	0.701	13693	0.924
CTDSP1	-4.83	8	-0.53	0.299	4361	0.962	0.701	13692	0.924
C8orf58	-4.83	8	-0.53	0.3	4362	0.962	0.7	13691	0.924
ANKDD1A	-4.83	8	-0.53	0.3	4363	0.962	0.7	13690	0.924
MXRA8	-4.83	8	-0.53	0.3	4364	0.962	0.7	13689	0.924
C11orf16	-4.83	8	-0.53	0.3	4365	0.962	0.7	13688	0.924
HSPB9	-4.82	8	-0.52	0.3	4366	0.962	0.7	13687	0.923
MRPL34	-4.82	8	-0.52	0.3	4367	0.962	0.7	13686	0.923
ZSCAN23	-4.82	8	-0.52	0.3	4368	0.962	0.7	13685	0.923
VAPB	-4.82	8	-0.52	0.3	4369	0.962	0.7	13684	0.923
FTL	-4.82	8	-0.52	0.3	4370	0.962	0.7	13683	0.923
KIAA1958	-4.82	8	-0.52	0.3	4371	0.962	0.7	13682	0.923
THBS3	-4.82	8	-0.52	0.3	4372	0.962	0.7	13681	0.923
ASB18	-4.82	8	-0.52	0.3	4373	0.962	0.7	13680	0.923
KIAA1211	-4.82	8	-0.52	0.3	4374	0.962	0.7	13679	0.923
SERINC3	-4.82	8	-0.52	0.3	4375	0.962	0.7	13678	0.923
HEBP2	-4.82	8	-0.52	0.3	4376	0.962	0.7	13677	0.923
TIMM8B	-4.82	8	-0.52	0.3	4377	0.962	0.7	13676	0.923
DCP2	-4.82	8	-0.52	0.3	4378	0.962	0.7	13675	0.923
S100A13	-4.81	8	-0.52	0.301	4379	0.962	0.699	13674	0.923
THEM5	-4.81	8	-0.52	0.301	4380	0.962	0.699	13673	0.923
DRG2	-4.81	8	-0.52	0.301	4381	0.962	0.699	13672	0.923
CNIH1	-4.81	8	-0.52	0.301	4382	0.962	0.699	13671	0.923
CLP1	-4.81	8	-0.52	0.301	4383	0.962	0.699	13670	0.923
PTCH1	-4.81	8	-0.52	0.301	4384	0.962	0.699	13669	0.923
ANXA1	-4.81	8	-0.52	0.301	4385	0.962	0.699	13668	0.923
ARMC7	-4.81	8	-0.52	0.301	4386	0.962	0.699	13667	0.923
CA3	-4.81	8	-0.52	0.301	4387	0.962	0.699	13666	0.923
AGO1	-4.81	8	-0.52	0.301	4388	0.962	0.699	13665	0.923
CCDC18	-4.81	8	-0.52	0.301	4389	0.962	0.699	13664	0.923
C16orf93	-4.81	8	-0.52	0.301	4390	0.962	0.699	13663	0.923
GGCX	-4.81	8	-0.52	0.301	4391	0.962	0.699	13662	0.923
KRTAP13-4	-4.81	8	-0.52	0.301	4392	0.962	0.699	13661	0.923
INIP	-4.81	8	-0.52	0.301	4393	0.962	0.699	13660	0.923
SYT16	-4.81	8	-0.52	0.301	4394	0.962	0.699	13659	0.923
OTOF	-4.81	8	-0.52	0.301	4395	0.962	0.699	13658	0.923
NDFIP2	-4.80	8	-0.52	0.301	4396	0.962	0.699	13657	0.923
ZDHHC7	-4.80	8	-0.52	0.302	4397	0.962	0.698	13656	0.923
OTUD6A	-4.80	8	-0.52	0.302	4398	0.962	0.698	13655	0.923
PIGA	-4.80	8	-0.52	0.302	4399	0.962	0.698	13654	0.923
ZNF652	-4.80	8	-0.52	0.302	4400	0.962	0.698	13653	0.923
ADIRF	-4.80	8	-0.52	0.302	4401	0.962	0.698	13652	0.923
KLF16	-4.80	8	-0.52	0.302	4402	0.962	0.698	13651	0.923
C1orf116	-4.80	8	-0.52	0.302	4403	0.962	0.698	13650	0.923
C1orf27	-4.80	8	-0.52	0.302	4404	0.962	0.698	13649	0.923
DUS2	-4.80	8	-0.52	0.302	4405	0.962	0.698	13648	0.923
EML4	-4.79	8	-0.52	0.303	4406	0.962	0.697	13647	0.923
EML2	-4.79	8	-0.52	0.303	4407	0.962	0.697	13646	0.923
DEFB125	-4.79	8	-0.52	0.303	4408	0.962	0.697	13645	0.923
CD58	-4.79	8	-0.52	0.303	4409	0.962	0.697	13644	0.923
DDX39A	-4.79	8	-0.52	0.303	4410	0.962	0.697	13643	0.923
CARS	-4.79	8	-0.52	0.303	4411	0.962	0.697	13642	0.923
LEO1	-4.79	8	-0.52	0.303	4412	0.962	0.697	13641	0.922
CAPN10	-4.79	8	-0.52	0.303	4413	0.962	0.697	13640	0.922
CKB	-4.79	8	-0.52	0.303	4414	0.962	0.697	13639	0.922
C1orf100	-4.79	8	-0.52	0.303	4415	0.962	0.697	13638	0.922
PKDCC	-4.79	8	-0.52	0.303	4416	0.962	0.697	13637	0.922
DNAJC2	-4.79	8	-0.52	0.303	4417	0.962	0.697	13636	0.922
GHR	-4.79	8	-0.52	0.303	4418	0.962	0.697	13635	0.922
LRRC59	-4.79	8	-0.52	0.303	4419	0.962	0.697	13634	0.922
NANOS2	-4.79	8	-0.52	0.303	4420	0.962	0.697	13633	0.922
WNT9A	-4.79	8	-0.52	0.303	4421	0.962	0.697	13632	0.922
DUOXA1	-4.78	8	-0.51	0.304	4422	0.962	0.696	13631	0.922
ACIN1	-4.78	8	-0.51	0.304	4423	0.962	0.696	13630	0.922
TMPRSS11F	-4.78	8	-0.51	0.304	4424	0.962	0.696	13629	0.922
ZSCAN31	-4.78	8	-0.51	0.304	4425	0.962	0.696	13628	0.922
HLA-F	-4.78	8	-0.51	0.304	4426	0.962	0.696	13627	0.922
UBXN2A	-4.78	8	-0.51	0.304	4427	0.962	0.696	13626	0.922
ZXDA	-3.38	4	-0.51	0.304	4428	0.962	0.696	13625	0.922
FOXI1	-4.78	8	-0.51	0.304	4429	0.962	0.696	13624	0.922
MS4A12	-4.78	8	-0.51	0.304	4430	0.962	0.696	13623	0.922
NPAS3	-4.78	8	-0.51	0.304	4431	0.962	0.696	13622	0.922
TAS2R60	-4.78	8	-0.51	0.304	4432	0.962	0.696	13621	0.922
C1orf122	-4.78	8	-0.51	0.304	4433	0.962	0.696	13620	0.922
MAMDC4	-4.78	8	-0.51	0.304	4434	0.962	0.696	13619	0.922
PFDN5	-4.78	8	-0.51	0.304	4435	0.962	0.696	13618	0.922
NRN1L	-4.78	8	-0.51	0.304	4436	0.962	0.696	13617	0.922
SLC25A40	-4.78	8	-0.51	0.304	4437	0.962	0.696	13616	0.922
C1orf64	-4.77	8	-0.51	0.305	4438	0.962	0.695	13615	0.922
NXPE4	-4.77	8	-0.51	0.305	4439	0.962	0.695	13614	0.922
MORN2	-4.13	6	-0.51	0.305	4440	0.962	0.695	13613	0.922
TVP23A	-4.77	8	-0.51	0.305	4441	0.962	0.695	13612	0.922
ME3	-4.77	8	-0.51	0.305	4442	0.962	0.695	13611	0.922
PHRF1	-4.77	8	-0.51	0.305	4443	0.962	0.695	13610	0.922
LAMA2	-4.77	8	-0.51	0.305	4444	0.962	0.695	13609	0.922
AUP1	-4.77	8	-0.51	0.305	4445	0.962	0.695	13608	0.922
TMEM50A	-4.77	8	-0.51	0.305	4446	0.962	0.695	13607	0.922
OST4	-2.38	2	-0.51	0.305	4447	0.962	0.695	13606	0.922
HOXB7	-4.77	8	-0.51	0.305	4448	0.962	0.695	13605	0.922
TNNC2	-4.77	8	-0.51	0.305	4449	0.962	0.695	13604	0.922
ADAMTSL5	-4.76	8	-0.51	0.305	4450	0.962	0.695	13603	0.922
KIF7	-4.76	8	-0.51	0.305	4451	0.962	0.695	13602	0.922
MRPL20	-4.76	8	-0.51	0.305	4452	0.962	0.695	13601	0.922
NAT9	-4.76	8	-0.51	0.305	4453	0.962	0.695	13600	0.922
COL4A1	-4.76	8	-0.51	0.305	4454	0.962	0.695	13599	0.922
GPT2	-4.76	8	-0.51	0.305	4455	0.962	0.695	13598	0.922
FBXL6	-4.76	8	-0.51	0.305	4456	0.962	0.695	13597	0.922
KCTD19	-4.76	8	-0.51	0.305	4457	0.962	0.695	13596	0.922
PNCK	-4.76	8	-0.51	0.305	4458	0.962	0.695	13595	0.922
DHODH	-4.76	8	-0.51	0.305	4459	0.962	0.695	13594	0.922
KCNE1	-4.76	8	-0.51	0.305	4460	0.962	0.695	13593	0.922
ANKRD66	-4.76	8	-0.51	0.306	4461	0.962	0.694	13592	0.922
USP9Y	-4.76	8	-0.51	0.306	4462	0.962	0.694	13591	0.922
VWA8	-4.76	8	-0.51	0.306	4463	0.962	0.694	13590	0.922
CACNA1A	-4.76	8	-0.51	0.306	4464	0.962	0.694	13589	0.922
MRPL40	-4.76	8	-0.51	0.306	4465	0.962	0.694	13588	0.922
ATCAY	-4.76	8	-0.51	0.306	4466	0.962	0.694	13587	0.922
C6orf118	-4.76	8	-0.51	0.306	4467	0.962	0.694	13586	0.922
ZEB2	-4.76	8	-0.51	0.306	4468	0.962	0.694	13585	0.922
PPP1R15B	-4.76	8	-0.51	0.306	4469	0.962	0.694	13584	0.922
CACNG5	-4.75	8	-0.51	0.306	4470	0.962	0.694	13583	0.922
HP	-4.75	8	-0.51	0.306	4471	0.962	0.694	13582	0.922
RTN4R	-4.75	8	-0.51	0.306	4472	0.962	0.694	13581	0.922
NEO1	-4.75	8	-0.51	0.306	4473	0.962	0.694	13580	0.922
KIAA1551	-4.75	8	-0.51	0.306	4474	0.962	0.694	13579	0.922
FBXO15	-4.75	8	-0.51	0.306	4475	0.962	0.694	13578	0.922
ACAA2	-4.75	8	-0.51	0.306	4476	0.962	0.694	13577	0.922
OTX2	-4.75	8	-0.51	0.306	4477	0.962	0.694	13576	0.922
TP73	-4.75	8	-0.51	0.306	4478	0.962	0.694	13575	0.922
RTKN	-4.75	8	-0.51	0.306	4479	0.962	0.694	13574	0.922
BFAR	-4.75	8	-0.51	0.306	4480	0.962	0.694	13573	0.922
BBS12	-4.75	8	-0.51	0.307	4481	0.962	0.693	13572	0.922
TPCN1	-4.75	8	-0.51	0.307	4482	0.962	0.693	13571	0.922
ANXA3	-4.75	8	-0.51	0.307	4483	0.962	0.693	13570	0.922
B4GALT5	-4.75	8	-0.51	0.307	4484	0.962	0.693	13569	0.922
RAD21L1	-4.75	8	-0.51	0.307	4485	0.962	0.693	13568	0.922
DENND2D	-4.75	8	-0.50	0.307	4486	0.962	0.693	13567	0.922
RYR1	-4.75	8	-0.50	0.307	4487	0.962	0.693	13566	0.922
CHMP6	-4.11	6	-0.50	0.307	4488	0.962	0.693	13565	0.922
C9orf135	-4.74	8	-0.50	0.307	4489	0.962	0.693	13564	0.922
TRIM32	-4.74	8	-0.50	0.307	4490	0.962	0.693	13563	0.922
03-Sep	-4.74	8	-0.50	0.307	4491	0.962	0.693	13562	0.922
AP3S1	-4.74	8	-0.50	0.307	4492	0.962	0.693	13561	0.922
TANC2	-4.74	8	-0.50	0.307	4493	0.962	0.693	13560	0.922
MTL5	-4.74	8	-0.50	0.307	4494	0.962	0.693	13559	0.922
ATP5H	-4.74	8	-0.50	0.307	4495	0.962	0.693	13558	0.922
HOXB9	-4.74	8	-0.50	0.307	4496	0.962	0.693	13557	0.922
SLC6A9	-4.74	8	-0.50	0.307	4497	0.962	0.693	13556	0.922
KRTAP27-1	-4.74	8	-0.50	0.307	4498	0.962	0.693	13555	0.922
ARL4C	-4.74	8	-0.50	0.308	4499	0.962	0.692	13554	0.922
MMS22L	-4.74	8	-0.50	0.308	4500	0.962	0.692	13553	0.922
SUSD5	-4.74	8	-0.50	0.308	4501	0.962	0.692	13552	0.922
GOLGA1	-4.74	8	-0.50	0.308	4502	0.962	0.692	13551	0.922
PRR9	-4.74	8	-0.50	0.308	4503	0.962	0.692	13550	0.922
TTC34	-4.74	8	-0.50	0.308	4504	0.962	0.692	13549	0.922
ANHX	-4.74	8	-0.50	0.308	4505	0.962	0.692	13548	0.922
ZCCHC2	-4.73	8	-0.50	0.308	4506	0.962	0.692	13547	0.922
CHCHD5	-4.73	8	-0.50	0.308	4507	0.962	0.692	13546	0.922
PTGDR	-4.73	8	-0.50	0.308	4508	0.962	0.692	13545	0.922
RBM20	-4.73	8	-0.50	0.308	4509	0.962	0.692	13544	0.922
PSMD12	-4.73	8	-0.50	0.308	4510	0.962	0.692	13543	0.922
DACT3	-4.73	8	-0.50	0.308	4511	0.962	0.692	13542	0.922
RPAIN	-4.73	8	-0.50	0.308	4512	0.962	0.692	13541	0.922
TRMT13	-4.73	8	-0.50	0.308	4513	0.962	0.692	13540	0.922
CA10	-4.73	8	-0.50	0.308	4514	0.962	0.692	13539	0.922
PARP11	-4.09	6	-0.50	0.309	4515	0.962	0.691	13538	0.922
DEFB1	-4.73	8	-0.50	0.309	4516	0.962	0.691	13537	0.922
HSD11B2	-4.73	8	-0.50	0.309	4517	0.962	0.691	13536	0.922
PLS3	-4.73	8	-0.50	0.309	4518	0.962	0.691	13535	0.922
GPR153	-4.72	8	-0.50	0.309	4519	0.962	0.691	13534	0.922
PYCR2	-4.72	8	-0.50	0.309	4520	0.962	0.691	13533	0.922
C12orf45	-4.72	8	-0.50	0.309	4521	0.962	0.691	13532	0.922
SWT1	-4.72	8	-0.50	0.309	4522	0.962	0.691	13531	0.922
USF2	-4.72	8	-0.50	0.309	4523	0.962	0.691	13530	0.922
RPS10	-4.09	6	-0.50	0.309	4524	0.962	0.691	13529	0.922
HADH	-4.72	8	-0.50	0.309	4525	0.962	0.691	13528	0.922
OR4C3	-4.72	8	-0.50	0.309	4526	0.962	0.691	13527	0.922
TOP2B	-4.72	8	-0.50	0.309	4527	0.962	0.691	13526	0.922
05-Sep	-4.72	8	-0.50	0.309	4528	0.962	0.691	13525	0.922
AGMAT	-4.72	8	-0.50	0.309	4529	0.962	0.691	13524	0.922
SLC4A8	-4.72	8	-0.50	0.309	4530	0.962	0.691	13523	0.922
C2orf53	-4.72	8	-0.50	0.309	4531	0.962	0.691	13522	0.922
BTLA	-4.72	8	-0.50	0.309	4532	0.962	0.691	13521	0.922
UNC13D	-4.72	8	-0.50	0.309	4533	0.962	0.691	13520	0.922
CACNA1B	-4.72	8	-0.50	0.31	4534	0.962	0.69	13519	0.922
JUN	-4.72	8	-0.50	0.31	4535	0.962	0.69	13518	0.922
CLCN3	-4.72	8	-0.50	0.31	4536	0.962	0.69	13517	0.922
PRADC1	-4.72	8	-0.50	0.31	4537	0.962	0.69	13516	0.922
SERPINA5	-4.71	8	-0.50	0.31	4538	0.962	0.69	13515	0.922
ACVR1	-4.71	8	-0.50	0.31	4539	0.962	0.69	13514	0.922
AKT3	-4.71	8	-0.50	0.31	4540	0.962	0.69	13513	0.922
C2orf83	-4.71	8	-0.50	0.31	4541	0.962	0.69	13512	0.922
PRAMEF8	-4.71	8	-0.50	0.31	4542	0.962	0.69	13511	0.922
MAP3K3	-4.71	8	-0.50	0.31	4543	0.962	0.69	13510	0.922
KCNK4	-4.71	8	-0.50	0.31	4544	0.962	0.69	13509	0.922
RNF183	-4.71	8	-0.50	0.31	4545	0.962	0.69	13508	0.922
FIBCD1	-4.71	8	-0.50	0.31	4546	0.962	0.69	13507	0.922
IKZF5	-4.71	8	-0.50	0.31	4547	0.962	0.69	13506	0.922
NME1	-4.71	8	-0.50	0.31	4548	0.962	0.69	13505	0.922
CXCR3	-4.71	8	-0.50	0.31	4549	0.962	0.69	13504	0.922
TBC1D22B	-4.40	7	-0.49	0.31	4550	0.962	0.69	13503	0.922
OR4D11	-4.71	8	-0.49	0.311	4551	0.962	0.689	13502	0.922
CCDC137	-4.71	8	-0.49	0.311	4552	0.962	0.689	13501	0.922
LOXL1	-4.07	6	-0.49	0.311	4553	0.962	0.689	13500	0.922
KRTAP5-1	-4.70	8	-0.49	0.311	4554	0.962	0.689	13499	0.922
PPP1R16B	-4.70	8	-0.49	0.311	4555	0.962	0.689	13498	0.922
ZNF470	-4.70	8	-0.49	0.311	4556	0.962	0.689	13497	0.922
TULP1	-4.70	8	-0.49	0.311	4557	0.962	0.689	13496	0.922
COMMD8	-4.70	8	-0.49	0.311	4558	0.962	0.689	13495	0.922
TMEM252	-4.70	8	-0.49	0.311	4559	0.962	0.689	13494	0.922
HMSD	-4.70	8	-0.49	0.311	4560	0.962	0.689	13493	0.922
TFAP2B	-4.70	8	-0.49	0.311	4561	0.962	0.689	13492	0.922
GNAT2	-4.70	8	-0.49	0.311	4562	0.962	0.689	13491	0.922
GTPBP2	-4.70	8	-0.49	0.311	4563	0.962	0.689	13490	0.922
PQLC2	-4.70	8	-0.49	0.311	4564	0.962	0.689	13489	0.922
INPPL1	-4.70	8	-0.49	0.311	4565	0.962	0.689	13488	0.922
GLT8D1	-4.70	8	-0.49	0.311	4566	0.962	0.689	13487	0.922
FAM110D	-4.70	8	-0.49	0.311	4567	0.962	0.689	13486	0.922
PQBP1	-4.70	8	-0.49	0.311	4568	0.962	0.689	13485	0.922
UNC13A	-4.70	8	-0.49	0.311	4569	0.962	0.689	13484	0.922
HTR3B	-4.70	8	-0.49	0.311	4570	0.962	0.689	13483	0.922
SMKR1	-4.70	8	-0.49	0.311	4571	0.962	0.689	13482	0.922
TUBB4B	-4.70	8	-0.49	0.311	4572	0.962	0.689	13481	0.922
ZSCAN9	-4.70	8	-0.49	0.311	4573	0.962	0.689	13480	0.922
ASIP	-4.70	8	-0.49	0.311	4574	0.962	0.689	13479	0.922
MS4A1	-4.70	8	-0.49	0.311	4575	0.962	0.689	13478	0.922
AFG3L2	-4.69	8	-0.49	0.312	4576	0.962	0.688	13477	0.922
DZIP1	-4.69	8	-0.49	0.312	4577	0.962	0.688	13476	0.922
TGM1	-4.69	8	-0.49	0.312	4578	0.962	0.688	13475	0.922
DISP2	-4.69	8	-0.49	0.312	4579	0.962	0.688	13474	0.922
HOXA1	-4.69	8	-0.49	0.312	4580	0.962	0.688	13473	0.922
TBX10	-4.69	8	-0.49	0.312	4581	0.962	0.688	13472	0.922
GPR6	-4.69	8	-0.49	0.312	4582	0.962	0.688	13471	0.922
C11orf45	-4.69	8	-0.49	0.312	4583	0.962	0.688	13470	0.922
PDS5A	-4.69	8	-0.49	0.312	4584	0.962	0.688	13469	0.922
MAPK8IP3	-4.69	8	-0.49	0.312	4585	0.962	0.688	13468	0.922
ZMAT1	-4.69	8	-0.49	0.312	4586	0.962	0.688	13467	0.922
AHI1	-4.69	8	-0.49	0.312	4587	0.962	0.688	13466	0.922
TMEM241	-4.69	8	-0.49	0.312	4588	0.962	0.688	13465	0.922
CASC10	-4.69	8	-0.49	0.312	4589	0.962	0.688	13464	0.922
ATP6V1C2	-4.69	8	-0.49	0.312	4590	0.962	0.688	13463	0.922
KCNV2	-4.69	8	-0.49	0.312	4591	0.962	0.688	13462	0.922
LASP1	-4.69	8	-0.49	0.312	4592	0.962	0.688	13461	0.922
KCNJ4	-4.69	8	-0.49	0.312	4593	0.962	0.688	13460	0.922
SUV39H2	-4.69	8	-0.49	0.312	4594	0.962	0.688	13459	0.922
CHST1	-4.69	8	-0.49	0.312	4595	0.962	0.688	13458	0.922
CDADC1	-4.69	8	-0.49	0.312	4596	0.962	0.688	13457	0.922
PDXK	-4.69	8	-0.49	0.312	4597	0.962	0.688	13456	0.922
SLC22A2	-4.69	8	-0.49	0.312	4598	0.962	0.688	13455	0.922
SLC9A2	-4.68	8	-0.49	0.312	4599	0.962	0.688	13454	0.922
YTHDF1	-4.68	8	-0.49	0.312	4600	0.962	0.688	13453	0.922
CXCL13	-4.38	7	-0.49	0.313	4601	0.962	0.687	13452	0.922
ZNF436	-4.68	8	-0.49	0.313	4602	0.962	0.687	13451	0.922
FAM3D	-4.68	8	-0.49	0.313	4603	0.962	0.687	13450	0.922
UCMA	-4.68	8	-0.49	0.313	4604	0.962	0.687	13449	0.922
C14orf166B	-4.68	8	-0.49	0.313	4605	0.962	0.687	13448	0.922
RAB5C	-4.68	8	-0.49	0.313	4606	0.962	0.687	13447	0.922
TRABD2B	-4.68	8	-0.49	0.313	4607	0.962	0.687	13446	0.922
FAM132A	-4.68	8	-0.49	0.313	4608	0.962	0.687	13445	0.922
ATRN	-4.68	8	-0.49	0.313	4609	0.962	0.687	13444	0.922
RERGL	-4.68	8	-0.49	0.313	4610	0.962	0.687	13443	0.922
MTA3	-4.68	8	-0.49	0.313	4611	0.962	0.687	13442	0.922
PCDHA2	-4.68	8	-0.49	0.313	4612	0.962	0.687	13441	0.922
NDRG4	-4.67	8	-0.49	0.313	4613	0.962	0.687	13440	0.922
NT5DC1	-4.67	8	-0.49	0.313	4614	0.962	0.687	13439	0.922
MRPL46	-4.67	8	-0.49	0.313	4615	0.962	0.687	13438	0.922
SLC6A12	-4.67	8	-0.49	0.313	4616	0.962	0.687	13437	0.922
ADC	-4.67	8	-0.49	0.313	4617	0.962	0.687	13436	0.922
TRIM26	-4.67	8	-0.49	0.313	4618	0.962	0.687	13435	0.922
ACVR2B	-4.67	8	-0.49	0.313	4619	0.962	0.687	13434	0.922
ST3GAL1	-4.67	8	-0.49	0.314	4620	0.962	0.686	13433	0.922
IL17C	-4.67	8	-0.49	0.314	4621	0.962	0.686	13432	0.922
VWA5B1	-4.67	8	-0.49	0.314	4622	0.962	0.686	13431	0.922
TMEM41B	-4.67	8	-0.48	0.314	4623	0.962	0.686	13430	0.922
CATSPERB	-4.67	8	-0.48	0.314	4624	0.962	0.686	13429	0.922
PRR12	-4.67	8	-0.48	0.314	4625	0.962	0.686	13428	0.922
SUPT7L	-4.67	8	-0.48	0.314	4626	0.962	0.686	13427	0.922
TYMP	-4.67	8	-0.48	0.314	4627	0.962	0.686	13426	0.922
BTBD17	-4.67	8	-0.48	0.314	4628	0.962	0.686	13425	0.922
TIGD7	-4.66	8	-0.48	0.314	4629	0.962	0.686	13424	0.922
IGF2	-4.66	8	-0.48	0.315	4630	0.962	0.685	13423	0.921
KNSTRN	-4.66	8	-0.48	0.315	4631	0.962	0.685	13422	0.921
RHBDD1	-4.66	8	-0.48	0.315	4632	0.962	0.685	13421	0.921
SMYD3	-4.66	8	-0.48	0.315	4633	0.962	0.685	13420	0.921
HNRNPLL	-4.66	8	-0.48	0.315	4634	0.962	0.685	13419	0.921
CCDC9	-4.66	8	-0.48	0.315	4635	0.962	0.685	13418	0.921
CCAR1	-4.66	8	-0.48	0.315	4636	0.962	0.685	13417	0.921
STARD13	-4.65	8	-0.48	0.315	4637	0.962	0.685	13416	0.921
TUBB4A	-4.65	8	-0.48	0.315	4638	0.962	0.685	13415	0.921
IFNGR1	-4.65	8	-0.48	0.316	4639	0.962	0.684	13414	0.921
KCNG3	-4.65	8	-0.48	0.316	4640	0.962	0.684	13413	0.921
UGT1A3	-3.29	4	-0.48	0.316	4641	0.962	0.684	13412	0.921
RGS9	-4.65	8	-0.48	0.316	4642	0.962	0.684	13411	0.921
NPPB	-4.65	8	-0.48	0.316	4643	0.962	0.684	13410	0.921
DDX23	-4.65	8	-0.48	0.316	4644	0.962	0.684	13409	0.921
LDLRAP1	-4.64	8	-0.48	0.316	4645	0.962	0.684	13408	0.921
MKNK1	-4.64	8	-0.48	0.316	4646	0.962	0.684	13407	0.921
PECR	-4.64	8	-0.48	0.316	4647	0.962	0.684	13406	0.921
ZNF684	-4.64	8	-0.48	0.316	4648	0.962	0.684	13405	0.921
CRISPLD1	-4.64	8	-0.48	0.316	4649	0.962	0.684	13404	0.921
ERICH1	-4.64	8	-0.48	0.316	4650	0.962	0.684	13403	0.921
RNF17	-4.64	8	-0.48	0.316	4651	0.962	0.684	13402	0.921
SPDL1	-4.64	8	-0.48	0.316	4652	0.962	0.684	13401	0.921
MRPS2	-4.64	8	-0.48	0.316	4653	0.962	0.684	13400	0.921
GNPAT	-4.34	7	-0.48	0.317	4654	0.962	0.683	13399	0.921
PAQR5	-4.64	8	-0.48	0.317	4655	0.962	0.683	13398	0.921
CEACAM6	-4.64	8	-0.48	0.317	4656	0.962	0.683	13397	0.921
IGF2BP1	-4.64	8	-0.48	0.317	4657	0.962	0.683	13396	0.921
LZTS1	-4.64	8	-0.48	0.317	4658	0.962	0.683	13395	0.921
UBC	-4.64	8	-0.48	0.317	4659	0.962	0.683	13394	0.921
PALM3	-4.63	8	-0.48	0.317	4660	0.962	0.683	13393	0.921
TBRG1	-4.63	8	-0.48	0.317	4661	0.962	0.683	13392	0.921
ANKS1A	-4.63	8	-0.48	0.317	4662	0.962	0.683	13391	0.921
CDH20	-4.63	8	-0.48	0.317	4663	0.962	0.683	13390	0.921
ZSCAN21	-4.63	8	-0.48	0.317	4664	0.962	0.683	13389	0.921
SLC22A4	-4.63	8	-0.48	0.317	4665	0.962	0.683	13388	0.921
SFXN2	-4.63	8	-0.48	0.317	4666	0.962	0.683	13387	0.921
EPM2A	-4.63	8	-0.48	0.317	4667	0.962	0.683	13386	0.921
TTC3	-4.63	8	-0.47	0.317	4668	0.962	0.683	13385	0.92
HDAC11	-4.63	8	-0.47	0.318	4669	0.962	0.682	13384	0.92
KCTD11	-4.63	8	-0.47	0.318	4670	0.962	0.682	13383	0.92
KRTAP10-3	-4.63	8	-0.47	0.318	4671	0.962	0.682	13382	0.92
SRPK1	-4.63	8	-0.47	0.318	4672	0.962	0.682	13381	0.92
OTOP2	-4.63	8	-0.47	0.318	4673	0.962	0.682	13380	0.92
KRT32	-4.63	8	-0.47	0.318	4674	0.962	0.682	13379	0.92
IGF2R	-4.62	8	-0.47	0.318	4675	0.962	0.682	13378	0.92
KANK1	-4.62	8	-0.47	0.318	4676	0.962	0.682	13377	0.92
GJB4	-4.62	8	-0.47	0.318	4677	0.962	0.682	13376	0.92
ADRA1A	-4.62	8	-0.47	0.318	4678	0.962	0.682	13375	0.92
AGER	-4.62	8	-0.47	0.318	4679	0.962	0.682	13374	0.92
RNF208	-4.62	8	-0.47	0.318	4680	0.962	0.682	13373	0.92
COL20A1	-4.62	8	-0.47	0.318	4681	0.962	0.682	13372	0.92
B9D2	-4.62	8	-0.47	0.318	4682	0.962	0.682	13371	0.92
SLC30A10	-4.62	8	-0.47	0.318	4683	0.962	0.682	13370	0.92
VSNL1	-4.62	8	-0.47	0.318	4684	0.962	0.682	13369	0.92
RMND1	-4.62	8	-0.47	0.318	4685	0.962	0.682	13368	0.92
C5orf30	-4.62	8	-0.47	0.318	4686	0.962	0.682	13367	0.92
FEZ2	-4.62	8	-0.47	0.318	4687	0.962	0.682	13366	0.92
SPATA8	-4.62	8	-0.47	0.318	4688	0.962	0.682	13365	0.92
ZNF251	-4.62	8	-0.47	0.318	4689	0.962	0.682	13364	0.92
HSF2	-4.62	8	-0.47	0.318	4690	0.962	0.682	13363	0.92
CAPN7	-4.62	8	-0.47	0.319	4691	0.962	0.681	13362	0.92
HTR2A	-4.62	8	-0.47	0.319	4692	0.962	0.681	13361	0.92
MYO18A	-4.62	8	-0.47	0.319	4693	0.962	0.681	13360	0.92
ZNF554	-4.62	8	-0.47	0.319	4694	0.962	0.681	13359	0.92
MAGT1	-4.62	8	-0.47	0.319	4695	0.962	0.681	13358	0.92
RORC	-4.62	8	-0.47	0.319	4696	0.962	0.681	13357	0.92
BEND5	-4.61	8	-0.47	0.319	4697	0.962	0.681	13356	0.92
RBPJL	-4.61	8	-0.47	0.319	4698	0.962	0.681	13355	0.92
NPL	-4.61	8	-0.47	0.319	4699	0.962	0.681	13354	0.92
GSTM3	-4.61	8	-0.47	0.319	4700	0.962	0.681	13353	0.92
FUT4	-4.61	8	-0.47	0.319	4701	0.962	0.681	13352	0.92
GGACT	-4.61	8	-0.47	0.319	4702	0.962	0.681	13351	0.92
DPYS	-4.61	8	-0.47	0.319	4703	0.962	0.681	13350	0.92
C1orf233	-4.61	8	-0.47	0.319	4704	0.962	0.681	13349	0.92
C14orf93	-4.61	8	-0.47	0.319	4705	0.962	0.681	13348	0.92
LDHD	-4.61	8	-0.47	0.319	4706	0.962	0.681	13347	0.92
LARP1B	-3.99	6	-0.47	0.319	4707	0.962	0.681	13346	0.92
TRIM27	-4.61	8	-0.47	0.319	4708	0.962	0.681	13345	0.92
AP4M1	-4.60	8	-0.47	0.32	4709	0.962	0.68	13344	0.92
CEP44	-4.60	8	-0.47	0.32	4710	0.962	0.68	13343	0.92
WNT11	-4.60	8	-0.47	0.32	4711	0.962	0.68	13342	0.92
BRMS1L	-4.60	8	-0.47	0.32	4712	0.962	0.68	13341	0.92
HADHA	-4.60	8	-0.47	0.32	4713	0.962	0.68	13340	0.92
PDLIM5	-4.60	8	-0.47	0.32	4714	0.962	0.68	13339	0.92
NIPSNAP3A	-4.60	8	-0.47	0.32	4715	0.962	0.68	13338	0.92
ITPKB	-4.60	8	-0.47	0.32	4716	0.962	0.68	13337	0.92
AHCTF1	-4.60	8	-0.47	0.32	4717	0.962	0.68	13336	0.92
PPHLN1	-4.60	8	-0.47	0.32	4718	0.962	0.68	13335	0.92
USP20	-4.60	8	-0.47	0.32	4719	0.962	0.68	13334	0.92
COMMD10	-4.60	8	-0.47	0.32	4720	0.962	0.68	13333	0.92
ADPRHL2	-4.60	8	-0.47	0.32	4721	0.962	0.68	13332	0.92
TMPRSS3	-4.60	8	-0.47	0.32	4722	0.962	0.68	13331	0.92
CPNE5	-4.60	8	-0.47	0.32	4723	0.962	0.68	13330	0.92
GSKIP	-4.60	8	-0.47	0.32	4724	0.962	0.68	13329	0.92
RFNG	-4.60	8	-0.47	0.32	4725	0.962	0.68	13328	0.92
TCTE1	-4.60	8	-0.47	0.32	4726	0.962	0.68	13327	0.92
GNG11	-4.60	8	-0.47	0.32	4727	0.962	0.68	13326	0.92
MICB	-4.59	8	-0.47	0.321	4728	0.962	0.679	13325	0.92
NR2C2AP	-4.59	8	-0.47	0.321	4729	0.962	0.679	13324	0.92
TMEM167A	-2.30	2	-0.47	0.321	4730	0.962	0.679	13323	0.92
MOG	-4.59	8	-0.47	0.321	4731	0.962	0.679	13322	0.92
KRTAP9-3	-2.30	2	-0.47	0.321	4732	0.962	0.679	13321	0.92
STAC2	-4.59	8	-0.47	0.321	4733	0.962	0.679	13320	0.92
ATXN7	-4.59	8	-0.47	0.321	4734	0.962	0.679	13319	0.92
ZIC2	-4.59	8	-0.47	0.321	4735	0.962	0.679	13318	0.92
VN1R4	-4.59	8	-0.47	0.321	4736	0.962	0.679	13317	0.92
COQ4	-4.59	8	-0.46	0.321	4737	0.962	0.679	13316	0.92
HTRA3	-4.59	8	-0.46	0.321	4738	0.962	0.679	13315	0.92
TNFRSF1B	-4.59	8	-0.46	0.321	4739	0.962	0.679	13314	0.92
PALLD	-4.59	8	-0.46	0.321	4740	0.962	0.679	13313	0.92
IFNAR2	-4.59	8	-0.46	0.321	4741	0.962	0.679	13312	0.92
ARHGAP33	-4.59	8	-0.46	0.321	4742	0.962	0.679	13311	0.92
GJA10	-4.59	8	-0.46	0.321	4743	0.962	0.679	13310	0.92
CSNK1D	-4.59	8	-0.46	0.322	4744	0.962	0.678	13309	0.92
SLC22A12	-4.58	8	-0.46	0.322	4745	0.962	0.678	13308	0.92
RRAGC	-4.58	8	-0.46	0.322	4746	0.962	0.678	13307	0.92
CCDC43	-4.58	8	-0.46	0.322	4747	0.962	0.678	13306	0.92
SIGLEC6	-4.58	8	-0.46	0.322	4748	0.962	0.678	13305	0.92
LAMTOR2	-4.58	8	-0.46	0.322	4749	0.962	0.678	13304	0.92
SPATA31D1	-4.58	8	-0.46	0.322	4750	0.962	0.678	13303	0.92
SASH3	-4.58	8	-0.46	0.322	4751	0.962	0.678	13302	0.92
RNF103	-4.58	8	-0.46	0.322	4752	0.962	0.678	13301	0.92
NABP1	-4.58	8	-0.46	0.322	4753	0.962	0.678	13300	0.92
BSPH1	-4.58	8	-0.46	0.322	4754	0.962	0.678	13299	0.92
DCLRE1B	-4.58	8	-0.46	0.322	4755	0.962	0.678	13298	0.92
ZFP64	-4.58	8	-0.46	0.322	4756	0.962	0.678	13297	0.92
ZNF502	-4.58	8	-0.46	0.322	4757	0.962	0.678	13296	0.92
CXCL3	-2.29	2	-0.46	0.322	4758	0.962	0.678	13295	0.92
CHD9	-4.58	8	-0.46	0.322	4759	0.962	0.678	13294	0.92
CD34	-4.58	8	-0.46	0.322	4760	0.962	0.678	13293	0.92
PRDM13	-4.58	8	-0.46	0.322	4761	0.962	0.678	13292	0.92
BAZ1A	-4.58	8	-0.46	0.322	4762	0.962	0.678	13291	0.92
MYZAP	-2.29	2	-0.46	0.323	4763	0.962	0.677	13290	0.92
HTR2B	-4.57	8	-0.46	0.323	4764	0.962	0.677	13289	0.92
CREG1	-4.57	8	-0.46	0.323	4765	0.962	0.677	13288	0.92
PIWIL3	-4.57	8	-0.46	0.323	4766	0.962	0.677	13287	0.92
OR2Z1	-4.57	8	-0.46	0.323	4767	0.962	0.677	13286	0.92
THEMIS2	-4.57	8	-0.46	0.323	4768	0.962	0.677	13285	0.92
CRP	-4.57	8	-0.46	0.323	4769	0.962	0.677	13284	0.92
NPAS1	-4.57	8	-0.46	0.323	4770	0.962	0.677	13283	0.92
AMER1	-4.57	8	-0.46	0.323	4771	0.962	0.677	13282	0.92
ZNF75D	-4.57	8	-0.46	0.323	4772	0.962	0.677	13281	0.92
NCAPD3	-4.57	8	-0.46	0.323	4773	0.962	0.677	13280	0.92
CDC14B	-4.57	8	-0.46	0.323	4774	0.962	0.677	13279	0.92
HTRA2	-4.57	8	-0.46	0.323	4775	0.962	0.677	13278	0.92
MATK	-4.57	8	-0.46	0.323	4776	0.962	0.677	13277	0.92
PDCD1LG2	-4.57	8	-0.46	0.323	4777	0.962	0.677	13276	0.92
AUTS2	-4.57	8	-0.46	0.323	4778	0.962	0.677	13275	0.92
NKAIN1	-4.57	8	-0.46	0.323	4779	0.962	0.677	13274	0.92
ZNF785	-4.57	8	-0.46	0.323	4780	0.962	0.677	13273	0.92
B3GALT4	-4.56	8	-0.46	0.324	4781	0.962	0.676	13272	0.92
FAM103A1	-4.56	8	-0.46	0.324	4782	0.962	0.676	13271	0.92
TMEFF2	-4.56	8	-0.46	0.324	4783	0.962	0.676	13270	0.92
CST2	-4.56	8	-0.46	0.324	4784	0.962	0.676	13269	0.92
PLOD1	-4.56	8	-0.46	0.324	4785	0.962	0.676	13268	0.92
NUPL2	-4.56	8	-0.46	0.324	4786	0.962	0.676	13267	0.92
DESI1	-4.56	8	-0.46	0.324	4787	0.962	0.676	13266	0.92
ZNF211	-4.56	8	-0.46	0.324	4788	0.962	0.676	13265	0.92
MTHFR	-4.56	8	-0.46	0.324	4789	0.962	0.676	13264	0.92
TBC1D13	-4.56	8	-0.46	0.324	4790	0.962	0.676	13263	0.92
HMGN2	-3.95	6	-0.46	0.324	4791	0.962	0.676	13262	0.92
NOTCH1	-4.56	8	-0.46	0.324	4792	0.962	0.676	13261	0.92
AK1	-4.56	8	-0.46	0.324	4793	0.962	0.676	13260	0.92
TSNARE1	-4.56	8	-0.46	0.324	4794	0.962	0.676	13259	0.92
CCK	-4.56	8	-0.46	0.324	4795	0.962	0.676	13258	0.92
APOBEC3G	-4.55	8	-0.46	0.324	4796	0.962	0.676	13257	0.92
GPR110	-4.55	8	-0.46	0.324	4797	0.962	0.676	13256	0.92
ARMS2	-4.55	8	-0.46	0.325	4798	0.962	0.675	13255	0.92
SRPK3	-4.55	8	-0.45	0.325	4799	0.962	0.675	13254	0.92
CNFN	-4.55	8	-0.45	0.325	4800	0.962	0.675	13253	0.92
GNGT1	-4.55	8	-0.45	0.325	4801	0.962	0.675	13252	0.92
C1orf194	-4.55	8	-0.45	0.325	4802	0.962	0.675	13251	0.92
ARMC2	-4.55	8	-0.45	0.325	4803	0.962	0.675	13250	0.92
HOXD12	-4.55	8	-0.45	0.325	4804	0.962	0.675	13249	0.92
ANKRD42	-4.55	8	-0.45	0.325	4805	0.962	0.675	13248	0.92
C1orf180	-4.55	8	-0.45	0.325	4806	0.962	0.675	13247	0.92
KIAA1009	-4.55	8	-0.45	0.325	4807	0.962	0.675	13246	0.92
IVL	-4.55	8	-0.45	0.325	4808	0.962	0.675	13245	0.92
TAS2R13	-4.55	8	-0.45	0.325	4809	0.962	0.675	13244	0.92
ZG16	-4.55	8	-0.45	0.325	4810	0.962	0.675	13243	0.92
HSPA8	-4.55	8	-0.45	0.325	4811	0.962	0.675	13242	0.92
KBTBD3	-4.54	8	-0.45	0.325	4812	0.962	0.675	13241	0.92
UBE2T	-4.54	8	-0.45	0.325	4813	0.962	0.675	13240	0.92
CAPZA2	-4.54	8	-0.45	0.325	4814	0.962	0.675	13239	0.92
IL17A	-4.54	8	-0.45	0.325	4815	0.962	0.675	13238	0.92
SGCE	-4.54	8	-0.45	0.325	4816	0.962	0.675	13237	0.92
CTSW	-4.54	8	-0.45	0.325	4817	0.962	0.675	13236	0.92
RNF114	-4.54	8	-0.45	0.325	4818	0.962	0.675	13235	0.92
ZIM3	-4.54	8	-0.45	0.326	4819	0.962	0.674	13234	0.92
PDIA6	-4.54	8	-0.45	0.326	4820	0.962	0.674	13233	0.92
RAMP1	-4.54	8	-0.45	0.326	4821	0.962	0.674	13232	0.92
NEGR1	-4.54	8	-0.45	0.326	4822	0.962	0.674	13231	0.92
DNAJC11	-3.93	6	-0.45	0.326	4823	0.962	0.674	13230	0.92
BCL2L12	-4.54	8	-0.45	0.326	4824	0.962	0.674	13229	0.92
ERCC1	-4.54	8	-0.45	0.326	4825	0.962	0.674	13228	0.92
NYAP1	-4.54	8	-0.45	0.326	4826	0.962	0.674	13227	0.92
APOO	-4.54	8	-0.45	0.326	4827	0.962	0.674	13226	0.92
OR51J1	-4.54	8	-0.45	0.326	4828	0.962	0.674	13225	0.92
ATP6V0A1	-4.53	8	-0.45	0.326	4829	0.962	0.674	13224	0.92
KCNK1	-4.53	8	-0.45	0.326	4830	0.962	0.674	13223	0.92
ZFP57	-4.53	8	-0.45	0.326	4831	0.962	0.674	13222	0.92
YPEL2	-4.53	8	-0.45	0.326	4832	0.962	0.674	13221	0.92
ACSL1	-4.53	8	-0.45	0.326	4833	0.962	0.674	13220	0.92
OSBPL6	-4.53	8	-0.45	0.327	4834	0.962	0.673	13219	0.92
ANKRD53	-4.53	8	-0.45	0.327	4835	0.962	0.673	13218	0.92
TSPAN15	-4.53	8	-0.45	0.327	4836	0.962	0.673	13217	0.92
TOR1AIP2	-4.53	8	-0.45	0.327	4837	0.962	0.673	13216	0.92
FBXL14	-4.53	8	-0.45	0.327	4838	0.962	0.673	13215	0.92
MXD3	-4.53	8	-0.45	0.327	4839	0.962	0.673	13214	0.92
PARP12	-4.53	8	-0.45	0.327	4840	0.962	0.673	13213	0.92
ZCCHC17	-4.53	8	-0.45	0.327	4841	0.962	0.673	13212	0.92
FFAR1	-4.53	8	-0.45	0.327	4842	0.962	0.673	13211	0.92
FZD7	-4.53	8	-0.45	0.327	4843	0.962	0.673	13210	0.92
SNRNP70	-4.52	8	-0.45	0.327	4844	0.962	0.673	13209	0.919
NELL1	-4.52	8	-0.45	0.327	4845	0.962	0.673	13208	0.919
TGFB3	-4.52	8	-0.45	0.327	4846	0.962	0.673	13207	0.919
RNF222	-4.52	8	-0.45	0.327	4847	0.962	0.673	13206	0.919
TMPRSS4	-4.52	8	-0.45	0.327	4848	0.962	0.673	13205	0.919
SNAI1	-4.52	8	-0.45	0.327	4849	0.962	0.673	13204	0.919
RNF43	-4.52	8	-0.45	0.328	4850	0.962	0.672	13203	0.919
ST3GAL3	-4.52	8	-0.45	0.328	4851	0.962	0.672	13202	0.919
ADH6	-4.52	8	-0.45	0.328	4852	0.962	0.672	13201	0.919
ZNF692	-4.52	8	-0.45	0.328	4853	0.962	0.672	13200	0.919
CELSR2	-4.52	8	-0.45	0.328	4854	0.962	0.672	13199	0.919
TFB2M	-4.52	8	-0.45	0.328	4855	0.962	0.672	13198	0.919
SLAMF7	-4.52	8	-0.45	0.328	4856	0.962	0.672	13197	0.919
PPP2R5A	-4.52	8	-0.45	0.328	4857	0.962	0.672	13196	0.919
TLE6	-4.52	8	-0.45	0.328	4858	0.962	0.672	13195	0.919
SNRNP35	-4.52	8	-0.45	0.328	4859	0.962	0.672	13194	0.919
OSGEPL1	-4.51	8	-0.45	0.328	4860	0.962	0.672	13193	0.919
RAI1	-4.51	8	-0.45	0.328	4861	0.962	0.672	13192	0.919
RALGPS1	-4.51	8	-0.45	0.328	4862	0.962	0.672	13191	0.919
LPXN	-4.51	8	-0.45	0.328	4863	0.962	0.672	13190	0.919
SPPL2A	-4.51	8	-0.45	0.328	4864	0.962	0.672	13189	0.919
HELZ	-4.51	8	-0.44	0.328	4865	0.962	0.672	13188	0.919
ZNF71	-4.51	8	-0.44	0.328	4866	0.962	0.672	13187	0.919
UNC5B	-4.51	8	-0.44	0.328	4867	0.962	0.672	13186	0.919
SMIM7	-4.51	8	-0.44	0.328	4868	0.962	0.672	13185	0.919
TGOLN2	-4.51	8	-0.44	0.328	4869	0.962	0.672	13184	0.919
ADAMTSL4	-4.51	8	-0.44	0.328	4870	0.962	0.672	13183	0.919
MTR	-4.51	8	-0.44	0.329	4871	0.962	0.671	13182	0.919
SDR42E1	-4.51	8	-0.44	0.329	4872	0.962	0.671	13181	0.919
MAN1B1	-4.51	8	-0.44	0.329	4873	0.962	0.671	13180	0.919
C9orf64	-4.51	8	-0.44	0.329	4874	0.962	0.671	13179	0.919
SHB	-4.51	8	-0.44	0.329	4875	0.962	0.671	13178	0.919
CECR2	-4.51	8	-0.44	0.329	4876	0.962	0.671	13177	0.919
FOXG1	-4.51	8	-0.44	0.329	4877	0.962	0.671	13176	0.919
RHOT2	-4.51	8	-0.44	0.329	4878	0.962	0.671	13175	0.919
TFPT	-4.50	8	-0.44	0.329	4879	0.962	0.671	13174	0.919
PRKCSH	-4.50	8	-0.44	0.329	4880	0.962	0.671	13173	0.919
YWHAH	-4.50	8	-0.44	0.329	4881	0.962	0.671	13172	0.919
HOXA6	-4.50	8	-0.44	0.329	4882	0.962	0.671	13171	0.919
YIPF7	-4.50	8	-0.44	0.329	4883	0.962	0.671	13170	0.919
HSP90AB1	-4.50	8	-0.44	0.329	4884	0.962	0.671	13169	0.919
RNFT1	-4.50	8	-0.44	0.329	4885	0.962	0.671	13168	0.919
DTNBP1	-4.50	8	-0.44	0.329	4886	0.962	0.671	13167	0.919
ZER1	-4.50	8	-0.44	0.329	4887	0.962	0.671	13166	0.919
RAB1A	-4.50	8	-0.44	0.33	4888	0.962	0.67	13165	0.919
MCM9	-4.50	8	-0.44	0.33	4889	0.962	0.67	13164	0.919
EFCAB12	-4.50	8	-0.44	0.33	4890	0.962	0.67	13163	0.919
LRGUK	-4.50	8	-0.44	0.33	4891	0.962	0.67	13162	0.919
ZSCAN29	-4.50	8	-0.44	0.33	4892	0.962	0.67	13161	0.919
NDUFA11	-4.50	8	-0.44	0.33	4893	0.962	0.67	13160	0.919
C9orf156	-4.50	8	-0.44	0.33	4894	0.962	0.67	13159	0.919
WAC	-4.50	8	-0.44	0.33	4895	0.962	0.67	13158	0.919
OGFOD2	-4.50	8	-0.44	0.33	4896	0.962	0.67	13157	0.919
IRG1	-4.49	8	-0.44	0.33	4897	0.962	0.67	13156	0.919
CACYBP	-4.49	8	-0.44	0.33	4898	0.962	0.67	13155	0.919
SIGLEC7	-4.49	8	-0.44	0.33	4899	0.962	0.67	13154	0.919
OR8U1	-4.49	8	-0.44	0.33	4900	0.962	0.67	13153	0.919
TARS2	-4.49	8	-0.44	0.33	4901	0.962	0.67	13152	0.919
TOLLIP	-4.49	8	-0.44	0.33	4902	0.962	0.67	13151	0.919
FAM171A1	-4.49	8	-0.44	0.33	4903	0.962	0.67	13150	0.919
GPR61	-4.49	8	-0.44	0.33	4904	0.962	0.67	13149	0.919
ZBTB37	-4.49	8	-0.44	0.331	4905	0.962	0.669	13148	0.919
OR5B21	-4.49	8	-0.44	0.331	4906	0.962	0.669	13147	0.919
SLMAP	-4.49	8	-0.44	0.331	4907	0.962	0.669	13146	0.919
TBXA2R	-4.49	8	-0.44	0.331	4908	0.962	0.669	13145	0.919
RALB	-4.49	8	-0.44	0.331	4909	0.962	0.669	13144	0.919
CEBPG	-4.49	8	-0.44	0.331	4910	0.962	0.669	13143	0.919
ZNF710	-4.49	8	-0.44	0.331	4911	0.962	0.669	13142	0.919
RBM4B	-4.49	8	-0.44	0.331	4912	0.962	0.669	13141	0.919
GATA3	-4.49	8	-0.44	0.331	4913	0.962	0.669	13140	0.919
EIF4E2	-4.49	8	-0.44	0.331	4914	0.962	0.669	13139	0.919
SCN1B	-4.48	8	-0.44	0.331	4915	0.962	0.669	13138	0.919
TMEM136	-4.48	8	-0.44	0.331	4916	0.962	0.669	13137	0.919
E2F4	-4.48	8	-0.44	0.331	4917	0.962	0.669	13136	0.919
CCDC106	-4.48	8	-0.44	0.331	4918	0.962	0.669	13135	0.919
ANKRD28	-4.48	8	-0.44	0.331	4919	0.962	0.669	13134	0.919
SFT2D2	-4.48	8	-0.44	0.331	4920	0.962	0.669	13133	0.919
NOA1	-4.48	8	-0.44	0.331	4921	0.962	0.669	13132	0.919
NQO1	-4.48	8	-0.44	0.331	4922	0.962	0.669	13131	0.919
TMEM179	-4.48	8	-0.44	0.331	4923	0.962	0.669	13130	0.919
MSH2	-4.48	8	-0.44	0.331	4924	0.962	0.669	13129	0.919
PBXIP1	-4.48	8	-0.44	0.331	4925	0.962	0.669	13128	0.919
PPP1R14D	-3.88	6	-0.44	0.331	4926	0.962	0.669	13127	0.919
HSPA4	-4.48	8	-0.44	0.332	4927	0.962	0.668	13126	0.919
GPR161	-4.48	8	-0.44	0.332	4928	0.962	0.668	13125	0.919
FCN1	-4.48	8	-0.44	0.332	4929	0.962	0.668	13124	0.919
GCH1	-4.48	8	-0.44	0.332	4930	0.962	0.668	13123	0.919
ZFHX3	-4.48	8	-0.44	0.332	4931	0.962	0.668	13122	0.919
ASL	-4.48	8	-0.44	0.332	4932	0.962	0.668	13121	0.919
CRHR2	-4.48	8	-0.44	0.332	4933	0.962	0.668	13120	0.919
BPIFB2	-4.48	8	-0.44	0.332	4934	0.962	0.668	13119	0.919
SLC6A5	-4.48	8	-0.44	0.332	4935	0.962	0.668	13118	0.919
SRFBP1	-4.48	8	-0.43	0.332	4936	0.962	0.668	13117	0.919
MEPCE	-4.48	8	-0.43	0.332	4937	0.962	0.668	13116	0.919
TMEM234	-4.47	8	-0.43	0.332	4938	0.962	0.668	13115	0.919
NIPAL1	-4.47	8	-0.43	0.332	4939	0.962	0.668	13114	0.919
TMEM229A	-4.47	8	-0.43	0.332	4940	0.962	0.668	13113	0.919
OR4A15	-4.47	8	-0.43	0.332	4941	0.962	0.668	13112	0.919
ZCRB1	-4.47	8	-0.43	0.332	4942	0.962	0.668	13111	0.919
GBA2	-4.47	8	-0.43	0.332	4943	0.962	0.668	13110	0.919
DNAJC18	-4.47	8	-0.43	0.332	4944	0.962	0.668	13109	0.919
TRIM7	-4.47	8	-0.43	0.332	4945	0.962	0.668	13108	0.919
SLC35D3	-4.47	8	-0.43	0.332	4946	0.962	0.668	13107	0.919
ANKRD50	-4.47	8	-0.43	0.332	4947	0.962	0.668	13106	0.919
BARHL2	-4.47	8	-0.43	0.332	4948	0.962	0.668	13105	0.919
ABRACL	-4.47	8	-0.43	0.332	4949	0.962	0.668	13104	0.919
CTRC	-4.47	8	-0.43	0.332	4950	0.962	0.668	13103	0.919
PITPNB	-4.47	8	-0.43	0.332	4951	0.962	0.668	13102	0.919
SCEL	-4.47	8	-0.43	0.332	4952	0.962	0.668	13101	0.919
ALDH3B2	-4.18	7	-0.43	0.332	4953	0.962	0.668	13100	0.919
CSN1S1	-4.47	8	-0.43	0.333	4954	0.962	0.667	13099	0.919
NPPA	-4.47	8	-0.43	0.333	4955	0.962	0.667	13098	0.919
OLAH	-4.46	8	-0.43	0.333	4956	0.962	0.667	13097	0.919
OR10J3	-4.46	8	-0.43	0.333	4957	0.962	0.667	13096	0.919
RTN4IP1	-4.46	8	-0.43	0.333	4958	0.962	0.667	13095	0.919
SLC8A2	-4.46	8	-0.43	0.333	4959	0.962	0.667	13094	0.919
ITGB5	-4.46	8	-0.43	0.333	4960	0.962	0.667	13093	0.919
OR51V1	-4.46	8	-0.43	0.333	4961	0.962	0.667	13092	0.919
NME2	-3.86	6	-0.43	0.333	4962	0.962	0.667	13091	0.919
KRTAP16-1	-4.46	8	-0.43	0.333	4963	0.962	0.667	13090	0.919
MLIP	-4.46	8	-0.43	0.333	4964	0.962	0.667	13089	0.919
ZNF180	-4.46	8	-0.43	0.333	4965	0.962	0.667	13088	0.919
NRSN2	-4.46	8	-0.43	0.333	4966	0.962	0.667	13087	0.919
RLF	-4.46	8	-0.43	0.333	4967	0.962	0.667	13086	0.919
TROVE2	-4.46	8	-0.43	0.333	4968	0.962	0.667	13085	0.919
C2CD3	-4.46	8	-0.43	0.333	4969	0.962	0.667	13084	0.919
C9orf142	-4.46	8	-0.43	0.333	4970	0.962	0.667	13083	0.919
GNG3	-4.46	8	-0.43	0.333	4971	0.962	0.667	13082	0.919
GRP	-4.46	8	-0.43	0.333	4972	0.962	0.667	13081	0.919
SH3D21	-3.86	6	-0.43	0.334	4973	0.962	0.666	13080	0.919
CDIP1	-4.46	8	-0.43	0.334	4974	0.962	0.666	13079	0.919
SNX9	-4.46	8	-0.43	0.334	4975	0.962	0.666	13078	0.919
NRD1	-4.46	8	-0.43	0.334	4976	0.962	0.666	13077	0.919
STON1	-2.23	2	-0.43	0.334	4977	0.962	0.666	13076	0.919
ZNF37A	-4.46	8	-0.43	0.334	4978	0.962	0.666	13075	0.919
CAPN3	-4.46	8	-0.43	0.334	4979	0.962	0.666	13074	0.919
CTRL	-4.46	8	-0.43	0.334	4980	0.962	0.666	13073	0.919
FAM208B	-4.46	8	-0.43	0.334	4981	0.962	0.666	13072	0.919
KHDRBS1	-4.45	8	-0.43	0.334	4982	0.962	0.666	13071	0.919
ULK2	-4.45	8	-0.43	0.334	4983	0.962	0.666	13070	0.919
PROX2	-4.45	8	-0.43	0.334	4984	0.962	0.666	13069	0.919
OPRM1	-4.45	8	-0.43	0.334	4985	0.962	0.666	13068	0.919
TMEM31	-4.45	8	-0.43	0.334	4986	0.962	0.666	13067	0.919
NOSIP	-4.45	8	-0.43	0.334	4987	0.962	0.666	13066	0.919
TNFSF11	-4.45	8	-0.43	0.334	4988	0.962	0.666	13065	0.919
ACTG2	-4.45	8	-0.43	0.334	4989	0.962	0.666	13064	0.919
TOPORS	-4.45	8	-0.43	0.334	4990	0.962	0.666	13063	0.919
HRASLS5	-4.45	8	-0.43	0.334	4991	0.962	0.666	13062	0.919
GPR152	-4.45	8	-0.43	0.334	4992	0.962	0.666	13061	0.919
SYT8	-4.45	8	-0.43	0.334	4993	0.962	0.666	13060	0.919
GMEB2	-4.45	8	-0.43	0.334	4994	0.962	0.666	13059	0.919
FBXL7	-4.45	8	-0.43	0.335	4995	0.962	0.665	13058	0.919
CCR9	-4.45	8	-0.43	0.335	4996	0.962	0.665	13057	0.919
C4orf17	-4.44	8	-0.43	0.335	4997	0.962	0.665	13056	0.919
PLAC1	-4.44	8	-0.43	0.335	4998	0.962	0.665	13055	0.919
PCDHGA6	-4.44	8	-0.43	0.335	4999	0.962	0.665	13054	0.919
ABI2	-4.44	8	-0.43	0.335	5000	0.962	0.665	13053	0.919
SMCR8	-4.44	8	-0.43	0.335	5001	0.962	0.665	13052	0.919
KREMEN2	-4.44	8	-0.43	0.335	5002	0.962	0.665	13051	0.919
IBA57-AS1	-4.44	8	-0.43	0.335	5003	0.962	0.665	13050	0.919
KDM3A	-4.44	8	-0.43	0.335	5004	0.962	0.665	13049	0.919
DENND1B	-4.44	8	-0.43	0.335	5005	0.962	0.665	13048	0.919
OR8J3	-4.44	8	-0.43	0.335	5006	0.962	0.665	13047	0.919
FMN1	-4.44	8	-0.43	0.335	5007	0.962	0.665	13046	0.919
SOX12	-4.44	8	-0.43	0.335	5008	0.962	0.665	13045	0.919
S100A9	-4.44	8	-0.43	0.335	5009	0.962	0.665	13044	0.919
POLR2D	-4.15	7	-0.43	0.335	5010	0.962	0.665	13043	0.919
HENMT1	-4.44	8	-0.42	0.335	5011	0.962	0.665	13042	0.919
GSTM4	-4.44	8	-0.42	0.335	5012	0.962	0.665	13041	0.919
PPP4R1	-4.44	8	-0.42	0.336	5013	0.962	0.664	13040	0.919
SLC22A8	-4.44	8	-0.42	0.336	5014	0.962	0.664	13039	0.919
PSMD1	-4.44	8	-0.42	0.336	5015	0.962	0.664	13038	0.919
FBXO2	-4.43	8	-0.42	0.336	5016	0.962	0.664	13037	0.919
MOSPD1	-4.43	8	-0.42	0.336	5017	0.962	0.664	13036	0.919
HMCN1	-4.43	8	-0.42	0.336	5018	0.962	0.664	13035	0.919
ARHGAP27	-4.43	8	-0.42	0.336	5019	0.962	0.664	13034	0.919
C19orf67	-4.43	8	-0.42	0.336	5020	0.962	0.664	13033	0.919
RRM2B	-4.43	8	-0.42	0.336	5021	0.962	0.664	13032	0.919
FAM205A	-4.43	8	-0.42	0.336	5022	0.962	0.664	13031	0.919
CLDN10	-4.43	8	-0.42	0.336	5023	0.962	0.664	13030	0.919
HSD17B1	-4.43	8	-0.42	0.336	5024	0.962	0.664	13029	0.919
TMEM165	-4.43	8	-0.42	0.336	5025	0.962	0.664	13028	0.919
FLG2	-4.43	8	-0.42	0.336	5026	0.962	0.664	13027	0.919
METTL12	-4.43	8	-0.42	0.336	5027	0.962	0.664	13026	0.919
C1GALT1C1	-4.43	8	-0.42	0.336	5028	0.962	0.664	13025	0.919
SH3BGR	-4.43	8	-0.42	0.337	5029	0.962	0.663	13024	0.919
ZKSCAN2	-4.43	8	-0.42	0.337	5030	0.962	0.663	13023	0.919
GON4L	-4.43	8	-0.42	0.337	5031	0.962	0.663	13022	0.919
KRT16	-4.42	8	-0.42	0.337	5032	0.962	0.663	13021	0.919
B3GALT6	-3.83	6	-0.42	0.337	5033	0.962	0.663	13020	0.919
ADAMTS8	-4.42	8	-0.42	0.337	5034	0.962	0.663	13019	0.919
GALNT10	-4.42	8	-0.42	0.337	5035	0.962	0.663	13018	0.919
GTF2E2	-4.42	8	-0.42	0.337	5036	0.962	0.663	13017	0.919
ING2	-4.42	8	-0.42	0.337	5037	0.962	0.663	13016	0.919
NXPE2	-4.42	8	-0.42	0.337	5038	0.962	0.663	13015	0.919
ARHGEF6	-4.42	8	-0.42	0.337	5039	0.962	0.663	13014	0.919
UQCRQ	-4.42	8	-0.42	0.337	5040	0.962	0.663	13013	0.919
SLC2A8	-4.42	8	-0.42	0.337	5041	0.962	0.663	13012	0.919
ANKS4B	-4.42	8	-0.42	0.337	5042	0.962	0.663	13011	0.919
HSD11B1L	-4.42	8	-0.42	0.337	5043	0.962	0.663	13010	0.919
LIPA	-4.42	8	-0.42	0.337	5044	0.962	0.663	13009	0.919
PAFAH1B2	-4.42	8	-0.42	0.337	5045	0.962	0.663	13008	0.919
PUS10	-4.42	8	-0.42	0.337	5046	0.962	0.663	13007	0.919
SAP130	-4.42	8	-0.42	0.337	5047	0.962	0.663	13006	0.919
CA5A	-4.42	8	-0.42	0.337	5048	0.962	0.663	13005	0.919
LENG8	-4.42	8	-0.42	0.337	5049	0.962	0.663	13004	0.919
DBF4B	-4.41	8	-0.42	0.338	5050	0.962	0.662	13003	0.919
VWA5A	-3.82	6	-0.42	0.338	5051	0.962	0.662	13002	0.919
DNAJB12	-4.41	8	-0.42	0.338	5052	0.962	0.662	13001	0.919
ADAM11	-4.41	8	-0.42	0.338	5053	0.962	0.662	13000	0.919
ZNF610	-4.41	8	-0.42	0.338	5054	0.962	0.662	12999	0.919
BAIAP2	-4.41	8	-0.42	0.338	5055	0.962	0.662	12998	0.919
MB	-4.41	8	-0.42	0.338	5056	0.962	0.662	12997	0.919
HLA-DPA1	-4.41	8	-0.42	0.338	5057	0.962	0.662	12996	0.919
DDX6	-4.41	8	-0.42	0.338	5058	0.962	0.662	12995	0.919
ABI1	-4.41	8	-0.42	0.338	5059	0.962	0.662	12994	0.919
ARFGAP3	-4.41	8	-0.42	0.338	5060	0.962	0.662	12993	0.919
GPR180	-4.41	8	-0.42	0.338	5061	0.962	0.662	12992	0.919
TMEM109	-4.41	8	-0.42	0.338	5062	0.962	0.662	12991	0.919
CGRRF1	-4.41	8	-0.42	0.338	5063	0.962	0.662	12990	0.919
MAP3K7CL	-4.41	8	-0.42	0.338	5064	0.962	0.662	12989	0.919
SCML4	-4.41	8	-0.42	0.338	5065	0.962	0.662	12988	0.919
MTPAP	-4.41	8	-0.42	0.338	5066	0.962	0.662	12987	0.919
KLKB1	-4.41	8	-0.42	0.338	5067	0.962	0.662	12986	0.919
BEST1	-4.41	8	-0.42	0.338	5068	0.962	0.662	12985	0.919
AMZ1	-4.41	8	-0.42	0.338	5069	0.962	0.662	12984	0.919
SREBF2	-4.40	8	-0.42	0.338	5070	0.962	0.662	12983	0.919
UEVLD	-4.40	8	-0.42	0.339	5071	0.962	0.661	12982	0.919
TOR1B	-4.40	8	-0.42	0.339	5072	0.962	0.661	12981	0.919
FOLR4	-4.40	8	-0.42	0.339	5073	0.962	0.661	12980	0.919
TRIM14	-4.40	8	-0.42	0.339	5074	0.962	0.661	12979	0.919
TAF9B	-4.40	8	-0.42	0.339	5075	0.962	0.661	12978	0.919
GPR21	-4.40	8	-0.42	0.339	5076	0.962	0.661	12977	0.919
NIPAL4	-4.40	8	-0.42	0.339	5077	0.962	0.661	12976	0.919
PPIA	-3.11	4	-0.42	0.339	5078	0.962	0.661	12975	0.919
R3HDM4	-4.40	8	-0.42	0.339	5079	0.962	0.661	12974	0.919
OR52E6	-3.11	4	-0.42	0.339	5080	0.962	0.661	12973	0.919
COX6B2	-4.40	8	-0.42	0.339	5081	0.962	0.661	12972	0.919
CT62	-4.40	8	-0.42	0.339	5082	0.962	0.661	12971	0.919
BDNF	-4.40	8	-0.41	0.339	5083	0.962	0.661	12970	0.919
ANXA5	-4.40	8	-0.41	0.339	5084	0.962	0.661	12969	0.919
PDCD6	-4.40	8	-0.41	0.339	5085	0.962	0.661	12968	0.919
ING1	-4.40	8	-0.41	0.339	5086	0.962	0.661	12967	0.919
ZNF121	-4.40	8	-0.41	0.339	5087	0.962	0.661	12966	0.919
ACADSB	-4.40	8	-0.41	0.339	5088	0.962	0.661	12965	0.919
LDHC	-4.39	8	-0.41	0.339	5089	0.962	0.661	12964	0.919
FBXO3	-4.39	8	-0.41	0.339	5090	0.962	0.661	12963	0.919
MAK	-4.39	8	-0.41	0.34	5091	0.962	0.66	12962	0.919
CHST12	-4.39	8	-0.41	0.34	5092	0.962	0.66	12961	0.919
SLC44A5	-4.39	8	-0.41	0.34	5093	0.962	0.66	12960	0.919
KRT23	-4.39	8	-0.41	0.34	5094	0.962	0.66	12959	0.919
NIPA1	-4.39	8	-0.41	0.34	5095	0.962	0.66	12958	0.919
CNTN6	-4.39	8	-0.41	0.34	5096	0.962	0.66	12957	0.919
IL25	-4.39	8	-0.41	0.34	5097	0.962	0.66	12956	0.919
GIN1	-4.39	8	-0.41	0.34	5098	0.962	0.66	12955	0.919
PDCD2L	-4.39	8	-0.41	0.34	5099	0.962	0.66	12954	0.919
TSR3	-3.80	6	-0.41	0.34	5100	0.962	0.66	12953	0.919
OR51I1	-4.39	8	-0.41	0.34	5101	0.962	0.66	12952	0.919
ADCY3	-4.38	8	-0.41	0.34	5102	0.962	0.66	12951	0.919
ATP8B2	-4.38	8	-0.41	0.34	5103	0.962	0.66	12950	0.919
STK35	-4.38	8	-0.41	0.34	5104	0.962	0.66	12949	0.919
C11orf53	-4.38	8	-0.41	0.34	5105	0.962	0.66	12948	0.919
TMEM170B	-4.38	8	-0.41	0.341	5106	0.962	0.659	12947	0.919
RDM1	-4.38	8	-0.41	0.341	5107	0.962	0.659	12946	0.919
CA6	-4.38	8	-0.41	0.341	5108	0.962	0.659	12945	0.919
TBC1D8B	-4.38	8	-0.41	0.341	5109	0.962	0.659	12944	0.919
DPF1	-4.38	8	-0.41	0.341	5110	0.962	0.659	12943	0.919
ITGAX	-4.38	8	-0.41	0.341	5111	0.962	0.659	12942	0.919
GOLT1A	-4.38	8	-0.41	0.341	5112	0.962	0.659	12941	0.919
TTC21A	-4.38	8	-0.41	0.341	5113	0.962	0.659	12940	0.919
BLVRB	-4.38	8	-0.41	0.341	5114	0.962	0.659	12939	0.919
CTC-534A2.2	-4.38	8	-0.41	0.341	5115	0.962	0.659	12938	0.919
GPATCH2	-4.38	8	-0.41	0.341	5116	0.962	0.659	12937	0.919
ZNF649	-4.38	8	-0.41	0.341	5117	0.962	0.659	12936	0.919
HMGCLL1	-4.38	8	-0.41	0.341	5118	0.962	0.659	12935	0.919
ZNF607	-4.38	8	-0.41	0.341	5119	0.962	0.659	12934	0.919
REG4	-4.38	8	-0.41	0.341	5120	0.962	0.659	12933	0.919
MKL1	-4.38	8	-0.41	0.341	5121	0.962	0.659	12932	0.919
HK3	-4.38	8	-0.41	0.341	5122	0.962	0.659	12931	0.919
TMED8	-4.38	8	-0.41	0.341	5123	0.962	0.659	12930	0.919
MC4R	-4.37	8	-0.41	0.341	5124	0.962	0.659	12929	0.919
PRDM16	-4.37	8	-0.41	0.341	5125	0.962	0.659	12928	0.919
USPL1	-4.37	8	-0.41	0.341	5126	0.962	0.659	12927	0.919
GDPD2	-4.37	8	-0.41	0.341	5127	0.962	0.659	12926	0.919
MATN1	-4.37	8	-0.41	0.342	5128	0.962	0.658	12925	0.919
TNRC6C	-4.37	8	-0.41	0.342	5129	0.962	0.658	12924	0.919
IL5RA	-4.37	8	-0.41	0.342	5130	0.962	0.658	12923	0.919
MAP4K3	-4.37	8	-0.41	0.342	5131	0.962	0.658	12922	0.919
ALDH8A1	-4.37	8	-0.41	0.342	5132	0.962	0.658	12921	0.919
CMA1	-4.37	8	-0.41	0.342	5133	0.962	0.658	12920	0.919
RPRD1B	-4.37	8	-0.41	0.342	5134	0.962	0.658	12919	0.919
DBNDD1	-4.37	8	-0.41	0.342	5135	0.962	0.658	12918	0.919
ZNF630	-4.37	8	-0.41	0.342	5136	0.962	0.658	12917	0.919
DGKZ	-4.37	8	-0.41	0.342	5137	0.962	0.658	12916	0.919
PCOLCE	-4.37	8	-0.41	0.342	5138	0.962	0.658	12915	0.919
MRPL49	-4.37	8	-0.41	0.342	5139	0.962	0.658	12914	0.919
PLEKHF2	-3.78	6	-0.41	0.342	5140	0.962	0.658	12913	0.919
IFT46	-4.37	8	-0.41	0.342	5141	0.962	0.658	12912	0.919
KCNN3	-4.37	8	-0.41	0.342	5142	0.962	0.658	12911	0.919
FBXO17	-4.36	8	-0.41	0.342	5143	0.962	0.658	12910	0.919
ZSWIM4	-4.36	8	-0.41	0.342	5144	0.962	0.658	12909	0.919
HAMP	-4.36	8	-0.41	0.342	5145	0.962	0.658	12908	0.919
PNO1	-4.36	8	-0.41	0.342	5146	0.962	0.658	12907	0.919
C1orf192	-4.36	8	-0.41	0.343	5147	0.962	0.657	12906	0.919
NR4A3	-4.36	8	-0.41	0.343	5148	0.962	0.657	12905	0.919
ENPEP	-4.36	8	-0.40	0.343	5149	0.962	0.657	12904	0.919
CHST15	-4.36	8	-0.40	0.343	5150	0.962	0.657	12903	0.919
TCN1	-4.36	8	-0.40	0.343	5151	0.962	0.657	12902	0.919
TMPRSS11D	-4.36	8	-0.40	0.343	5152	0.962	0.657	12901	0.919
TMEM66	-4.36	8	-0.40	0.343	5153	0.962	0.657	12900	0.919
DOC2B	-4.36	8	-0.40	0.343	5154	0.962	0.657	12899	0.919
PRLHR	-4.36	8	-0.40	0.343	5155	0.962	0.657	12898	0.919
DRAXIN	-4.36	8	-0.40	0.343	5156	0.962	0.657	12897	0.919
TUBA8	-4.35	8	-0.40	0.343	5157	0.962	0.657	12896	0.919
LOXL3	-4.35	8	-0.40	0.343	5158	0.962	0.657	12895	0.919
CCDC108	-4.35	8	-0.40	0.343	5159	0.962	0.657	12894	0.919
CSNK1E	-4.35	8	-0.40	0.343	5160	0.962	0.657	12893	0.919
B2M	-4.35	8	-0.40	0.343	5161	0.962	0.657	12892	0.919
EPHA8	-4.35	8	-0.40	0.343	5162	0.962	0.657	12891	0.919
LRRC16B	-4.35	8	-0.40	0.343	5163	0.962	0.657	12890	0.919
TTC23L	-4.35	8	-0.40	0.343	5164	0.962	0.657	12889	0.919
LRRC41	-4.35	8	-0.40	0.343	5165	0.962	0.657	12888	0.919
CNNM1	-4.35	8	-0.40	0.344	5166	0.962	0.656	12887	0.919
VPS37D	-4.35	8	-0.40	0.344	5167	0.962	0.656	12886	0.919
RFPL4B	-4.35	8	-0.40	0.344	5168	0.962	0.656	12885	0.919
BCR	-4.35	8	-0.40	0.344	5169	0.962	0.656	12884	0.919
ARIH1	-4.35	8	-0.40	0.344	5170	0.962	0.656	12883	0.919
ABCB8	-4.35	8	-0.40	0.344	5171	0.962	0.656	12882	0.919
SLC30A3	-4.34	8	-0.40	0.344	5172	0.962	0.656	12881	0.919
NIT1	-4.34	8	-0.40	0.344	5173	0.962	0.656	12880	0.919
PPM1J	-4.34	8	-0.40	0.344	5174	0.962	0.656	12879	0.919
MYOZ2	-4.34	8	-0.40	0.344	5175	0.962	0.656	12878	0.919
DDHD1	-4.34	8	-0.40	0.344	5176	0.962	0.656	12877	0.919
TMEM99	-4.34	8	-0.40	0.344	5177	0.962	0.656	12876	0.919
MS4A15	-4.34	8	-0.40	0.344	5178	0.962	0.656	12875	0.919
OR14C36	-4.34	8	-0.40	0.344	5179	0.962	0.656	12874	0.919
OGFOD3	-4.34	8	-0.40	0.344	5180	0.962	0.656	12873	0.919
TEKT4	-4.34	8	-0.40	0.345	5181	0.962	0.655	12872	0.919
KDM4A	-4.34	8	-0.40	0.345	5182	0.962	0.655	12871	0.919
RFTN2	-4.34	8	-0.40	0.345	5183	0.962	0.655	12870	0.919
TPR	-4.34	8	-0.40	0.345	5184	0.962	0.655	12869	0.919
BAD	-4.34	8	-0.40	0.345	5185	0.962	0.655	12868	0.919
ZBED6CL	-4.34	8	-0.40	0.345	5186	0.962	0.655	12867	0.919
NTSR2	-4.34	8	-0.40	0.345	5187	0.962	0.655	12866	0.919
TRIM72	-4.34	8	-0.40	0.345	5188	0.962	0.655	12865	0.919
SGPP2	-4.34	8	-0.40	0.345	5189	0.962	0.655	12864	0.919
QPCT	-4.34	8	-0.40	0.345	5190	0.962	0.655	12863	0.919
KRBOX1	-4.33	8	-0.40	0.345	5191	0.962	0.655	12862	0.919
BEND2	-4.33	8	-0.40	0.345	5192	0.962	0.655	12861	0.919
CTTNBP2NL	-4.33	8	-0.40	0.345	5193	0.962	0.655	12860	0.919
TH	-4.33	8	-0.40	0.345	5194	0.962	0.655	12859	0.919
STAU2	-4.33	8	-0.40	0.345	5195	0.962	0.655	12858	0.919
RNF44	-4.33	8	-0.40	0.345	5196	0.962	0.655	12857	0.919
FOXO6	-4.33	8	-0.40	0.345	5197	0.962	0.655	12856	0.919
C5orf48	-4.33	8	-0.40	0.345	5198	0.962	0.655	12855	0.919
DHRS12	-4.33	8	-0.40	0.345	5199	0.962	0.655	12854	0.919
SGOL2	-4.33	8	-0.40	0.346	5200	0.962	0.654	12853	0.919
SLC5A2	-4.33	8	-0.40	0.346	5201	0.962	0.654	12852	0.919
TMEM55A	-4.33	8	-0.40	0.346	5202	0.962	0.654	12851	0.919
TNKS	-4.33	8	-0.40	0.346	5203	0.962	0.654	12850	0.919
ZNF331	-4.33	8	-0.40	0.346	5204	0.962	0.654	12849	0.919
G6PC3	-4.33	8	-0.40	0.346	5205	0.962	0.654	12848	0.919
KIAA0922	-4.32	8	-0.40	0.346	5206	0.962	0.654	12847	0.919
C9orf91	-4.32	8	-0.40	0.346	5207	0.962	0.654	12846	0.919
CYTL1	-4.32	8	-0.40	0.346	5208	0.962	0.654	12845	0.919
DRC1	-4.32	8	-0.40	0.346	5209	0.962	0.654	12844	0.919
CXorf57	-4.32	8	-0.40	0.346	5210	0.962	0.654	12843	0.919
ARHGEF39	-4.32	8	-0.40	0.346	5211	0.962	0.654	12842	0.919
FNDC7	-4.32	8	-0.40	0.346	5212	0.962	0.654	12841	0.919
TLR2	-4.32	8	-0.40	0.346	5213	0.962	0.654	12840	0.919
NLRC5	-4.32	8	-0.40	0.346	5214	0.962	0.654	12839	0.919
C10orf62	-4.32	8	-0.40	0.346	5215	0.962	0.654	12838	0.919
PRDX5	-4.32	8	-0.40	0.346	5216	0.962	0.654	12837	0.919
FAM163B	-4.32	8	-0.39	0.346	5217	0.962	0.654	12836	0.919
SLX4	-4.32	8	-0.39	0.346	5218	0.962	0.654	12835	0.919
KRTAP10-2	-3.05	4	-0.39	0.347	5219	0.962	0.653	12834	0.919
SAMD9L	-4.32	8	-0.39	0.347	5220	0.962	0.653	12833	0.919
L3HYPDH	-4.32	8	-0.39	0.347	5221	0.962	0.653	12832	0.919
DUS3L	-4.32	8	-0.39	0.347	5222	0.962	0.653	12831	0.919
WBP2	-4.32	8	-0.39	0.347	5223	0.962	0.653	12830	0.919
EBI3	-4.32	8	-0.39	0.347	5224	0.962	0.653	12829	0.919
PLIN4	-4.32	8	-0.39	0.347	5225	0.962	0.653	12828	0.919
LIG3	-4.32	8	-0.39	0.347	5226	0.962	0.653	12827	0.919
CD207	-4.32	8	-0.39	0.347	5227	0.962	0.653	12826	0.919
VSTM1	-4.32	8	-0.39	0.347	5228	0.962	0.653	12825	0.919
ARHGEF40	-4.32	8	-0.39	0.347	5229	0.962	0.653	12824	0.919
TXNDC12	-4.31	8	-0.39	0.347	5230	0.962	0.653	12823	0.919
RCE1	-4.31	8	-0.39	0.347	5231	0.962	0.653	12822	0.919
CLEC4M	-4.31	8	-0.39	0.347	5232	0.962	0.653	12821	0.919
MEF2B	-4.31	8	-0.39	0.347	5233	0.962	0.653	12820	0.919
SHPRH	-4.31	8	-0.39	0.347	5234	0.962	0.653	12819	0.919
SIRT1	-4.31	8	-0.39	0.347	5235	0.962	0.653	12818	0.919
PAX7	-4.31	8	-0.39	0.347	5236	0.962	0.653	12817	0.919
PLAT	-4.31	8	-0.39	0.347	5237	0.962	0.653	12816	0.919
SP9	-4.31	8	-0.39	0.347	5238	0.962	0.653	12815	0.919
MNX1	-4.31	8	-0.39	0.347	5239	0.962	0.653	12814	0.919
MAPT	-4.31	8	-0.39	0.347	5240	0.962	0.653	12813	0.919
PCDHGB7	-4.31	8	-0.39	0.347	5241	0.962	0.653	12812	0.919
SYNPR	-4.31	8	-0.39	0.347	5242	0.962	0.653	12811	0.919
TGIF2LX	-2.16	2	-0.39	0.347	5243	0.962	0.653	12810	0.919
DLG4	-4.31	8	-0.39	0.347	5244	0.962	0.653	12809	0.919
MPC1	-4.31	8	-0.39	0.347	5245	0.962	0.653	12808	0.919
CNTD2	-4.31	8	-0.39	0.347	5246	0.962	0.653	12807	0.919
OR51G1	-4.31	8	-0.39	0.347	5247	0.962	0.653	12806	0.919
MYLPF	-4.31	8	-0.39	0.347	5248	0.962	0.653	12805	0.919
IRS2	-4.31	8	-0.39	0.348	5249	0.962	0.652	12804	0.919
SLC23A3	-4.31	8	-0.39	0.348	5250	0.962	0.652	12803	0.919
CENPL	-4.31	8	-0.39	0.348	5251	0.962	0.652	12802	0.919
FAM19A4	-4.31	8	-0.39	0.348	5252	0.962	0.652	12801	0.919
SNX30	-4.31	8	-0.39	0.348	5253	0.962	0.652	12800	0.919
KRT31	-4.31	8	-0.39	0.348	5254	0.962	0.652	12799	0.919
UQCR10	-4.31	8	-0.39	0.348	5255	0.962	0.652	12798	0.919
C22orf34	-4.31	8	-0.39	0.348	5256	0.962	0.652	12797	0.919
ZNF662	-4.31	8	-0.39	0.348	5257	0.962	0.652	12796	0.919
ZNRF2	-4.31	8	-0.39	0.348	5258	0.962	0.652	12795	0.919
LRRC14B	-4.31	8	-0.39	0.348	5259	0.962	0.652	12794	0.919
FHOD3	-4.31	8	-0.39	0.348	5260	0.962	0.652	12793	0.919
ATOH1	-4.30	8	-0.39	0.348	5261	0.962	0.652	12792	0.919
SKAP1	-4.30	8	-0.39	0.348	5262	0.962	0.652	12791	0.919
NACC1	-4.30	8	-0.39	0.348	5263	0.962	0.652	12790	0.919
LPPR4	-4.30	8	-0.39	0.348	5264	0.962	0.652	12789	0.919
PDILT	-4.30	8	-0.39	0.348	5265	0.962	0.652	12788	0.919
ADRB2	-4.30	8	-0.39	0.348	5266	0.962	0.652	12787	0.919
KRT222	-4.30	8	-0.39	0.348	5267	0.962	0.652	12786	0.919
FARP2	-4.30	8	-0.39	0.348	5268	0.962	0.652	12785	0.919
PPP1R36	-3.72	6	-0.39	0.348	5269	0.962	0.652	12784	0.919
C5orf54	-4.30	8	-0.39	0.348	5270	0.962	0.652	12783	0.919
CUBN	-4.30	8	-0.39	0.349	5271	0.962	0.651	12782	0.919
ZNF548	-4.30	8	-0.39	0.349	5272	0.962	0.651	12781	0.919
FRMD4A	-4.30	8	-0.39	0.349	5273	0.962	0.651	12780	0.919
DCTD	-4.30	8	-0.39	0.349	5274	0.962	0.651	12779	0.919
WDR91	-4.30	8	-0.39	0.349	5275	0.962	0.651	12778	0.919
KIF1C	-4.30	8	-0.39	0.349	5276	0.962	0.651	12777	0.919
FTSJ2	-4.30	8	-0.39	0.349	5277	0.962	0.651	12776	0.919
TYW3	-4.30	8	-0.39	0.349	5278	0.962	0.651	12775	0.919
TULP3	-4.30	8	-0.39	0.349	5279	0.962	0.651	12774	0.919
CT45A5	-2.15	2	-0.39	0.349	5280	0.962	0.651	12773	0.919
TAP2	-4.30	8	-0.39	0.349	5281	0.962	0.651	12772	0.919
TMEM243	-4.29	8	-0.39	0.349	5282	0.962	0.651	12771	0.919
ATP5G1	-3.72	6	-0.39	0.349	5283	0.962	0.651	12770	0.919
PSMF1	-4.29	8	-0.39	0.349	5284	0.962	0.651	12769	0.919
RNF31	-4.29	8	-0.39	0.349	5285	0.962	0.651	12768	0.919
NHLH1	-4.29	8	-0.39	0.349	5286	0.962	0.651	12767	0.919
HIST1H3H	-4.29	8	-0.39	0.349	5287	0.962	0.651	12766	0.919
TOB1	-4.29	8	-0.39	0.349	5288	0.962	0.651	12765	0.919
TGIF2	-4.29	8	-0.39	0.349	5289	0.962	0.651	12764	0.919
AP1AR	-4.29	8	-0.39	0.349	5290	0.962	0.651	12763	0.919
PIK3R4	-4.29	8	-0.39	0.349	5291	0.962	0.651	12762	0.919
MRPL36	-4.29	8	-0.39	0.349	5292	0.962	0.651	12761	0.919
PER2	-4.29	8	-0.39	0.349	5293	0.962	0.651	12760	0.919
MAB21L3	-4.29	8	-0.39	0.35	5294	0.962	0.65	12759	0.919
NKTR	-4.29	8	-0.39	0.35	5295	0.962	0.65	12758	0.919
RAB11FIP5	-4.29	8	-0.39	0.35	5296	0.962	0.65	12757	0.919
ATXN3	-4.29	8	-0.39	0.35	5297	0.962	0.65	12756	0.919
PARK2	-4.29	8	-0.39	0.35	5298	0.962	0.65	12755	0.919
ZAR1	-4.29	8	-0.39	0.35	5299	0.962	0.65	12754	0.919
C19orf66	-4.29	8	-0.39	0.35	5300	0.962	0.65	12753	0.919
HEATR4	-4.29	8	-0.39	0.35	5301	0.962	0.65	12752	0.919
SNAI3	-4.28	8	-0.39	0.35	5302	0.962	0.65	12751	0.919
OVGP1	-4.28	8	-0.39	0.35	5303	0.962	0.65	12750	0.919
KRTAP15-1	-4.28	8	-0.39	0.35	5304	0.962	0.65	12749	0.919
TFAM	-4.28	8	-0.39	0.35	5305	0.962	0.65	12748	0.919
NRSN1	-4.28	8	-0.39	0.35	5306	0.962	0.65	12747	0.919
CPEB1	-4.28	8	-0.39	0.35	5307	0.962	0.65	12746	0.919
SPEM1	-4.28	8	-0.38	0.35	5308	0.962	0.65	12745	0.919
CYP2U1	-4.28	8	-0.38	0.35	5309	0.962	0.65	12744	0.919
PIGS	-4.28	8	-0.38	0.35	5310	0.962	0.65	12743	0.919
XDH	-4.28	8	-0.38	0.35	5311	0.962	0.65	12742	0.919
HCRT	-4.28	8	-0.38	0.35	5312	0.962	0.65	12741	0.919
FAM120AOS	-4.28	8	-0.38	0.351	5313	0.962	0.649	12740	0.919
EDARADD	-4.28	8	-0.38	0.351	5314	0.962	0.649	12739	0.919
TP53BP1	-4.28	8	-0.38	0.351	5315	0.962	0.649	12738	0.919
RBM23	-4.28	8	-0.38	0.351	5316	0.962	0.649	12737	0.919
FAM92A1	-4.28	8	-0.38	0.351	5317	0.962	0.649	12736	0.919
OLFM2	-4.28	8	-0.38	0.351	5318	0.962	0.649	12735	0.919
SH3BGRL	-4.28	8	-0.38	0.351	5319	0.962	0.649	12734	0.919
PACRG	-4.27	8	-0.38	0.351	5320	0.962	0.649	12733	0.919
ZNF28	-3.70	6	-0.38	0.351	5321	0.962	0.649	12732	0.919
RNF223	-4.27	8	-0.38	0.351	5322	0.962	0.649	12731	0.919
WBSCR16	-4.27	8	-0.38	0.351	5323	0.962	0.649	12730	0.919
NCDN	-4.27	8	-0.38	0.351	5324	0.962	0.649	12729	0.919
YY1AP1	-4.27	8	-0.38	0.351	5325	0.962	0.649	12728	0.919
INSM1	-4.27	8	-0.38	0.351	5326	0.962	0.649	12727	0.919
RIC3	-4.27	8	-0.38	0.351	5327	0.962	0.649	12726	0.919
TM4SF5	-4.27	8	-0.38	0.351	5328	0.962	0.649	12725	0.919
NUP160	-4.27	8	-0.38	0.351	5329	0.962	0.649	12724	0.919
KLK6	-4.27	8	-0.38	0.351	5330	0.962	0.649	12723	0.919
SHISA4	-4.27	8	-0.38	0.351	5331	0.962	0.649	12722	0.919
OR52M1	-4.27	8	-0.38	0.351	5332	0.962	0.649	12721	0.919
ZNF83	-4.27	8	-0.38	0.352	5333	0.962	0.648	12720	0.919
OLIG3	-4.27	8	-0.38	0.352	5334	0.962	0.648	12719	0.919
MTHFD1	-4.27	8	-0.38	0.352	5335	0.962	0.648	12718	0.919
ZNF655	-4.27	8	-0.38	0.352	5336	0.962	0.648	12717	0.919
ATRAID	-4.26	8	-0.38	0.352	5337	0.962	0.648	12716	0.919
MTFR2	-4.26	8	-0.38	0.352	5338	0.962	0.648	12715	0.919
SNN	-4.26	8	-0.38	0.352	5339	0.962	0.648	12714	0.919
LILRA5	-4.26	8	-0.38	0.352	5340	0.962	0.648	12713	0.919
FCGR2B	-4.26	8	-0.38	0.352	5341	0.962	0.648	12712	0.919
HIST1H2BC	-2.13	2	-0.38	0.352	5342	0.962	0.648	12711	0.919
FANCD2OS	-4.26	8	-0.38	0.352	5343	0.962	0.648	12710	0.919
ZNF219	-4.26	8	-0.38	0.352	5344	0.962	0.648	12709	0.919
MORN5	-4.26	8	-0.38	0.352	5345	0.962	0.648	12708	0.919
CCDC85C	-4.26	8	-0.38	0.352	5346	0.962	0.648	12707	0.919
KIF2C	-4.26	8	-0.38	0.352	5347	0.962	0.648	12706	0.919
HIPK4	-4.26	8	-0.38	0.352	5348	0.962	0.648	12705	0.919
PQLC3	-4.26	8	-0.38	0.352	5349	0.962	0.648	12704	0.919
CPAMD8	-4.26	8	-0.38	0.352	5350	0.962	0.648	12703	0.919
PIGM	-4.26	8	-0.38	0.352	5351	0.962	0.648	12702	0.919
GNE	-4.26	8	-0.38	0.352	5352	0.962	0.648	12701	0.919
CDH5	-4.26	8	-0.38	0.352	5353	0.962	0.648	12700	0.919
C17orf98	-4.26	8	-0.38	0.352	5354	0.962	0.648	12699	0.919
VRK3	-4.26	8	-0.38	0.353	5355	0.962	0.647	12698	0.919
NRG1	-4.26	8	-0.38	0.353	5356	0.962	0.647	12697	0.919
YOD1	-4.26	8	-0.38	0.353	5357	0.962	0.647	12696	0.919
TTC7B	-4.26	8	-0.38	0.353	5358	0.962	0.647	12695	0.919
RXFP1	-4.26	8	-0.38	0.353	5359	0.962	0.647	12694	0.919
REV1	-4.26	8	-0.38	0.353	5360	0.962	0.647	12693	0.919
BLID	-4.25	8	-0.38	0.353	5361	0.962	0.647	12692	0.919
AZIN1	-4.25	8	-0.38	0.353	5362	0.962	0.647	12691	0.919
ZNF155	-4.25	8	-0.38	0.353	5363	0.962	0.647	12690	0.919
MEPE	-4.25	8	-0.38	0.353	5364	0.962	0.647	12689	0.919
FAM168A	-4.25	8	-0.38	0.353	5365	0.962	0.647	12688	0.919
OR13A1	-4.25	8	-0.38	0.353	5366	0.962	0.647	12687	0.919
RAB20	-4.25	8	-0.38	0.353	5367	0.962	0.647	12686	0.919
PMAIP1	-4.25	8	-0.38	0.353	5368	0.962	0.647	12685	0.919
ZGLP1	-4.25	8	-0.38	0.353	5369	0.962	0.647	12684	0.919
SLC50A1	-4.25	8	-0.38	0.353	5370	0.962	0.647	12683	0.919
ADGB	-4.25	8	-0.38	0.353	5371	0.962	0.647	12682	0.919
HDAC5	-4.25	8	-0.38	0.353	5372	0.962	0.647	12681	0.919
BRWD1	-4.25	8	-0.38	0.354	5373	0.962	0.646	12680	0.919
DMBX1	-4.25	8	-0.38	0.354	5374	0.962	0.646	12679	0.919
LAMA3	-4.25	8	-0.38	0.354	5375	0.962	0.646	12678	0.919
IAPP	-4.25	8	-0.38	0.354	5376	0.962	0.646	12677	0.919
FOXK2	-4.24	8	-0.38	0.354	5377	0.962	0.646	12676	0.919
CSTA	-3.67	6	-0.37	0.354	5378	0.962	0.646	12675	0.919
FGFR1	-4.24	8	-0.37	0.354	5379	0.962	0.646	12674	0.919
PRG3	-4.24	8	-0.37	0.354	5380	0.962	0.646	12673	0.919
UQCC2	-4.24	8	-0.37	0.354	5381	0.962	0.646	12672	0.919
KIAA0753	-4.24	8	-0.37	0.354	5382	0.962	0.646	12671	0.919
COX7C	-4.24	8	-0.37	0.354	5383	0.962	0.646	12670	0.919
OR8B4	-4.24	8	-0.37	0.354	5384	0.962	0.646	12669	0.919
FADS1	-4.24	8	-0.37	0.354	5385	0.962	0.646	12668	0.919
B3GALT5	-4.24	8	-0.37	0.354	5386	0.962	0.646	12667	0.919
UTP14C	-4.24	8	-0.37	0.354	5387	0.962	0.646	12666	0.919
ZNF728	-4.24	8	-0.37	0.354	5388	0.962	0.646	12665	0.919
CMTM3	-4.24	8	-0.37	0.354	5389	0.962	0.646	12664	0.919
DCAF12L2	-4.24	8	-0.37	0.355	5390	0.962	0.645	12663	0.919
LY6G5C	-4.24	8	-0.37	0.355	5391	0.962	0.645	12662	0.919
TSC1	-4.24	8	-0.37	0.355	5392	0.962	0.645	12661	0.919
NAP1L4	-4.24	8	-0.37	0.355	5393	0.962	0.645	12660	0.919
EGLN2	-4.24	8	-0.37	0.355	5394	0.962	0.645	12659	0.919
MTNR1B	-4.23	8	-0.37	0.355	5395	0.962	0.645	12658	0.919
KIAA1737	-4.23	8	-0.37	0.355	5396	0.962	0.645	12657	0.919
KHNYN	-4.23	8	-0.37	0.355	5397	0.962	0.645	12656	0.919
C6orf57	-4.23	8	-0.37	0.355	5398	0.962	0.645	12655	0.919
CAPN9	-4.23	8	-0.37	0.355	5399	0.962	0.645	12654	0.919
ANKRD54	-4.23	8	-0.37	0.355	5400	0.962	0.645	12653	0.919
LIG1	-4.23	8	-0.37	0.355	5401	0.962	0.645	12652	0.919
XRCC1	-4.23	8	-0.37	0.355	5402	0.962	0.645	12651	0.919
BAP1	-4.23	8	-0.37	0.355	5403	0.962	0.645	12650	0.919
ENOPH1	-4.23	8	-0.37	0.355	5404	0.962	0.645	12649	0.919
PLXDC1	-4.23	8	-0.37	0.355	5405	0.962	0.645	12648	0.919
ASIC5	-4.23	8	-0.37	0.355	5406	0.962	0.645	12647	0.919
PCED1A	-4.23	8	-0.37	0.355	5407	0.962	0.645	12646	0.919
TMEM168	-4.23	8	-0.37	0.355	5408	0.962	0.645	12645	0.919
SLC19A1	-4.23	8	-0.37	0.355	5409	0.962	0.645	12644	0.919
PDAP1	-4.23	8	-0.37	0.355	5410	0.962	0.645	12643	0.919
OR13C9	-4.23	8	-0.37	0.355	5411	0.962	0.645	12642	0.919
EDA	-4.23	8	-0.37	0.356	5412	0.962	0.644	12641	0.919
PLA2G4E	-4.23	8	-0.37	0.356	5413	0.962	0.644	12640	0.919
SPPL2C	-4.22	8	-0.37	0.356	5414	0.962	0.644	12639	0.919
GRM6	-4.22	8	-0.37	0.356	5415	0.962	0.644	12638	0.919
ZCWPW1	-4.22	8	-0.37	0.356	5416	0.962	0.644	12637	0.919
ELK1	-4.22	8	-0.37	0.356	5417	0.962	0.644	12636	0.919
NT5M	-4.22	8	-0.37	0.356	5418	0.962	0.644	12635	0.919
RNF14	-4.22	8	-0.37	0.356	5419	0.962	0.644	12634	0.919
STAP1	-4.22	8	-0.37	0.356	5420	0.962	0.644	12633	0.919
RORA	-4.22	8	-0.37	0.356	5421	0.962	0.644	12632	0.919
LRRC6	-4.22	8	-0.37	0.356	5422	0.962	0.644	12631	0.919
VPS16	-4.22	8	-0.37	0.356	5423	0.962	0.644	12630	0.919
SULT1A2	-4.22	8	-0.37	0.356	5424	0.962	0.644	12629	0.919
MORC1	-4.22	8	-0.37	0.356	5425	0.962	0.644	12628	0.919
CNIH2	-4.22	8	-0.37	0.356	5426	0.962	0.644	12627	0.919
SH3GL3	-4.22	8	-0.37	0.356	5427	0.962	0.644	12626	0.919
SLC9A3R1	-4.22	8	-0.37	0.356	5428	0.962	0.644	12625	0.919
COPG1	-4.22	8	-0.37	0.356	5429	0.962	0.644	12624	0.919
ZNF318	-4.22	8	-0.37	0.356	5430	0.962	0.644	12623	0.919
CCDC25	-4.22	8	-0.37	0.356	5431	0.962	0.644	12622	0.919
STC1	-4.22	8	-0.37	0.357	5432	0.962	0.643	12621	0.919
COX11	-4.22	8	-0.37	0.357	5433	0.962	0.643	12620	0.919
ODF2L	-4.22	8	-0.37	0.357	5434	0.962	0.643	12619	0.919
HSD17B3	-4.22	8	-0.37	0.357	5435	0.962	0.643	12618	0.919
C21orf119	-4.22	8	-0.37	0.357	5436	0.962	0.643	12617	0.919
CXorf36	-4.22	8	-0.37	0.357	5437	0.962	0.643	12616	0.919
STOML2	-4.21	8	-0.37	0.357	5438	0.962	0.643	12615	0.919
RBM42	-4.21	8	-0.37	0.357	5439	0.962	0.643	12614	0.919
SLC45A2	-4.21	8	-0.37	0.357	5440	0.962	0.643	12613	0.919
C6orf136	-4.21	8	-0.37	0.357	5441	0.962	0.643	12612	0.919
MYLK3	-4.21	8	-0.37	0.357	5442	0.962	0.643	12611	0.919
APOBEC2	-4.21	8	-0.37	0.357	5443	0.962	0.643	12610	0.919
ZNF257	-4.21	8	-0.37	0.357	5444	0.962	0.643	12609	0.919
FREM1	-4.21	8	-0.37	0.357	5445	0.962	0.643	12608	0.919
RNASE10	-4.21	8	-0.37	0.357	5446	0.962	0.643	12607	0.919
CTHRC1	-4.21	8	-0.37	0.357	5447	0.962	0.643	12606	0.919
ESR2	-4.21	8	-0.37	0.357	5448	0.962	0.643	12605	0.919
SOCS1	-4.21	8	-0.37	0.357	5449	0.962	0.643	12604	0.919
ARHGAP28	-4.21	8	-0.37	0.357	5450	0.962	0.643	12603	0.919
RCOR2	-4.21	8	-0.37	0.357	5451	0.962	0.643	12602	0.919
POFUT2	-4.21	8	-0.37	0.357	5452	0.962	0.643	12601	0.919
DBNL	-4.21	8	-0.37	0.358	5453	0.962	0.642	12600	0.919
ATG12	-4.20	8	-0.36	0.358	5454	0.962	0.642	12599	0.919
QRICH2	-4.20	8	-0.36	0.358	5455	0.962	0.642	12598	0.919
PIGP	-4.20	8	-0.36	0.358	5456	0.962	0.642	12597	0.919
FAM195B	-4.20	8	-0.36	0.358	5457	0.962	0.642	12596	0.919
DMPK	-4.20	8	-0.36	0.358	5458	0.962	0.642	12595	0.919
KLHL9	-4.20	8	-0.36	0.358	5459	0.962	0.642	12594	0.919
KCTD13	-4.20	8	-0.36	0.358	5460	0.962	0.642	12593	0.919
TRMT12	-4.20	8	-0.36	0.358	5461	0.962	0.642	12592	0.919
ANKRD29	-4.20	8	-0.36	0.358	5462	0.962	0.642	12591	0.919
OR8A1	-4.20	8	-0.36	0.358	5463	0.962	0.642	12590	0.919
ZNF398	-4.20	8	-0.36	0.358	5464	0.962	0.642	12589	0.919
UBN1	-4.20	8	-0.36	0.358	5465	0.962	0.642	12588	0.919
NUCB2	-4.20	8	-0.36	0.358	5466	0.962	0.642	12587	0.919
PPP1R14B	-2.10	2	-0.36	0.358	5467	0.962	0.642	12586	0.919
CRYGB	-4.20	8	-0.36	0.358	5468	0.962	0.642	12585	0.919
NUAK2	-4.20	8	-0.36	0.358	5469	0.962	0.642	12584	0.919
CACNA1H	-4.20	8	-0.36	0.358	5470	0.962	0.642	12583	0.919
JSRP1	-4.20	8	-0.36	0.358	5471	0.962	0.642	12582	0.919
ZC3H7A	-4.20	8	-0.36	0.359	5472	0.962	0.641	12581	0.919
MROH1	-4.19	8	-0.36	0.359	5473	0.962	0.641	12580	0.919
TIMM17A	-4.19	8	-0.36	0.359	5474	0.962	0.641	12579	0.919
NEK7	-4.19	8	-0.36	0.359	5475	0.962	0.641	12578	0.919
COPA	-4.19	8	-0.36	0.359	5476	0.962	0.641	12577	0.919
KCTD4	-4.19	8	-0.36	0.359	5477	0.962	0.641	12576	0.919
CDH7	-4.19	8	-0.36	0.359	5478	0.962	0.641	12575	0.919
CCR10	-4.19	8	-0.36	0.359	5479	0.962	0.641	12574	0.919
CHI3L2	-4.19	8	-0.36	0.359	5480	0.962	0.641	12573	0.919
CALHM2	-4.19	8	-0.36	0.359	5481	0.962	0.641	12572	0.919
FABP7	-4.19	8	-0.36	0.359	5482	0.962	0.641	12571	0.919
WBP11	-4.19	8	-0.36	0.359	5483	0.962	0.641	12570	0.919
TTLL13	-4.19	8	-0.36	0.359	5484	0.962	0.641	12569	0.919
IL10RB	-4.19	8	-0.36	0.359	5485	0.962	0.641	12568	0.919
PBX1	-4.19	8	-0.36	0.359	5486	0.962	0.641	12567	0.919
RAPGEFL1	-4.19	8	-0.36	0.359	5487	0.962	0.641	12566	0.919
ZNF445	-4.19	8	-0.36	0.359	5488	0.962	0.641	12565	0.919
G3BP1	-4.19	8	-0.36	0.359	5489	0.962	0.641	12564	0.919
SNX15	-4.19	8	-0.36	0.359	5490	0.962	0.641	12563	0.919
KRTAP20-1	-2.96	4	-0.36	0.359	5491	0.962	0.641	12562	0.919
KRT9	-4.18	8	-0.36	0.36	5492	0.962	0.64	12561	0.919
PPP1R8	-4.18	8	-0.36	0.36	5493	0.962	0.64	12560	0.919
ITPKC	-4.18	8	-0.36	0.36	5494	0.962	0.64	12559	0.919
UTS2	-4.18	8	-0.36	0.36	5495	0.962	0.64	12558	0.919
ANXA9	-4.18	8	-0.36	0.36	5496	0.962	0.64	12557	0.919
ZNF862	-4.18	8	-0.36	0.36	5497	0.962	0.64	12556	0.919
CLN3	-4.18	8	-0.36	0.36	5498	0.962	0.64	12555	0.919
RTBDN	-4.18	8	-0.36	0.36	5499	0.962	0.64	12554	0.919
CCL11	-4.18	8	-0.36	0.36	5500	0.962	0.64	12553	0.919
AC106876.2	-4.18	8	-0.36	0.36	5501	0.962	0.64	12552	0.919
NALCN	-4.18	8	-0.36	0.36	5502	0.962	0.64	12551	0.919
EPHA2	-4.18	8	-0.36	0.36	5503	0.962	0.64	12550	0.919
GOT2	-4.18	8	-0.36	0.36	5504	0.962	0.64	12549	0.919
KIAA1586	-3.91	7	-0.36	0.36	5505	0.962	0.64	12548	0.919
SCN9A	-4.18	8	-0.36	0.36	5506	0.962	0.64	12547	0.919
PARP4	-4.18	8	-0.36	0.36	5507	0.962	0.64	12546	0.919
ZNF689	-4.17	8	-0.36	0.361	5508	0.962	0.639	12545	0.919
DCSTAMP	-4.17	8	-0.36	0.361	5509	0.962	0.639	12544	0.919
SAMD3	-4.17	8	-0.36	0.361	5510	0.962	0.639	12543	0.919
CACNA2D4	-4.17	8	-0.36	0.361	5511	0.962	0.639	12542	0.919
TSSK4	-4.17	8	-0.36	0.361	5512	0.962	0.639	12541	0.919
HAT1	-4.17	8	-0.36	0.361	5513	0.962	0.639	12540	0.919
ZNF839	-4.17	8	-0.36	0.361	5514	0.962	0.639	12539	0.919
TRADD	-4.17	8	-0.36	0.361	5515	0.962	0.639	12538	0.919
WRAP73	-3.90	7	-0.36	0.361	5516	0.962	0.639	12537	0.919
OR52J3	-4.17	8	-0.36	0.361	5517	0.962	0.639	12536	0.919
DPPA3	-4.17	8	-0.36	0.361	5518	0.962	0.639	12535	0.919
EBAG9	-4.17	8	-0.36	0.361	5519	0.962	0.639	12534	0.919
NMD3	-4.17	8	-0.36	0.361	5520	0.962	0.639	12533	0.919
TMEM194A	-4.17	8	-0.35	0.361	5521	0.962	0.639	12532	0.919
PDE4A	-4.17	8	-0.35	0.361	5522	0.962	0.639	12531	0.919
VNN2	-4.17	8	-0.35	0.361	5523	0.962	0.639	12530	0.919
ELAC1	-4.17	8	-0.35	0.361	5524	0.962	0.639	12529	0.919
SMIM21	-4.17	8	-0.35	0.361	5525	0.962	0.639	12528	0.919
FNBP1L	-4.16	8	-0.35	0.362	5526	0.962	0.638	12527	0.919
NOX1	-4.16	8	-0.35	0.362	5527	0.962	0.638	12526	0.919
AJAP1	-4.16	8	-0.35	0.362	5528	0.962	0.638	12525	0.919
TEX22	-4.16	8	-0.35	0.362	5529	0.962	0.638	12524	0.919
ZNF738	-2.08	2	-0.35	0.362	5530	0.962	0.638	12523	0.919
SEMA6D	-4.16	8	-0.35	0.362	5531	0.962	0.638	12522	0.919
ATP1A2	-4.16	8	-0.35	0.362	5532	0.962	0.638	12521	0.919
SLC51B	-4.16	8	-0.35	0.362	5533	0.962	0.638	12520	0.919
SIK3	-4.16	8	-0.35	0.362	5534	0.962	0.638	12519	0.919
CDK5R1	-4.16	8	-0.35	0.362	5535	0.962	0.638	12518	0.919
HERC4	-4.16	8	-0.35	0.362	5536	0.962	0.638	12517	0.919
CERS4	-4.16	8	-0.35	0.362	5537	0.962	0.638	12516	0.919
RASL10A	-4.16	8	-0.35	0.362	5538	0.962	0.638	12515	0.919
MRPS24	-4.16	8	-0.35	0.362	5539	0.962	0.638	12514	0.919
ZSWIM1	-4.16	8	-0.35	0.362	5540	0.962	0.638	12513	0.919
UHMK1	-4.16	8	-0.35	0.362	5541	0.962	0.638	12512	0.919
TMEM97	-4.16	8	-0.35	0.362	5542	0.962	0.638	12511	0.919
TRIM44	-4.16	8	-0.35	0.362	5543	0.962	0.638	12510	0.919
TNFRSF21	-3.60	6	-0.35	0.362	5544	0.962	0.638	12509	0.919
CCDC87	-4.15	8	-0.35	0.362	5545	0.962	0.638	12508	0.919
TMEM230	-4.15	8	-0.35	0.362	5546	0.962	0.638	12507	0.919
PCDHGA8	-4.15	8	-0.35	0.362	5547	0.962	0.638	12506	0.919
LY6G6D	-4.15	8	-0.35	0.363	5548	0.962	0.637	12505	0.919
DNAH5	-4.15	8	-0.35	0.363	5549	0.962	0.637	12504	0.919
ZNF212	-4.15	8	-0.35	0.363	5550	0.962	0.637	12503	0.919
SFPQ	-4.15	8	-0.35	0.363	5551	0.962	0.637	12502	0.919
MPZL2	-4.15	8	-0.35	0.363	5552	0.962	0.637	12501	0.919
PLIN5	-4.15	8	-0.35	0.363	5553	0.962	0.637	12500	0.919
MOK	-4.15	8	-0.35	0.363	5554	0.962	0.637	12499	0.919
IL27RA	-4.15	8	-0.35	0.363	5555	0.962	0.637	12498	0.919
CTCFL	-4.15	8	-0.35	0.363	5556	0.962	0.637	12497	0.919
ADAM29	-4.15	8	-0.35	0.363	5557	0.962	0.637	12496	0.919
MICAL3	-4.15	8	-0.35	0.363	5558	0.962	0.637	12495	0.919
LIG4	-4.15	8	-0.35	0.363	5559	0.962	0.637	12494	0.919
LDHAL6A	-4.15	8	-0.35	0.363	5560	0.962	0.637	12493	0.919
SLC25A47	-4.15	8	-0.35	0.363	5561	0.962	0.637	12492	0.919
FBXL13	-4.15	8	-0.35	0.363	5562	0.962	0.637	12491	0.919
LRPAP1	-4.15	8	-0.35	0.363	5563	0.962	0.637	12490	0.919
C9orf43	-4.15	8	-0.35	0.363	5564	0.962	0.637	12489	0.919
NCOR1	-4.15	8	-0.35	0.363	5565	0.962	0.637	12488	0.919
TREM2	-4.15	8	-0.35	0.363	5566	0.962	0.637	12487	0.919
SPATA22	-4.15	8	-0.35	0.363	5567	0.962	0.637	12486	0.919
PEBP1	-4.15	8	-0.35	0.363	5568	0.962	0.637	12485	0.919
YARS2	-4.15	8	-0.35	0.363	5569	0.962	0.637	12484	0.919
BLACE	-4.14	8	-0.35	0.363	5570	0.962	0.637	12483	0.919
GNAT1	-4.14	8	-0.35	0.363	5571	0.962	0.637	12482	0.919
SPINK9	-4.14	8	-0.35	0.363	5572	0.962	0.637	12481	0.919
LPIN1	-4.14	8	-0.35	0.363	5573	0.962	0.637	12480	0.919
ENO2	-4.14	8	-0.35	0.363	5574	0.962	0.637	12479	0.919
CHDH	-4.14	8	-0.35	0.363	5575	0.962	0.637	12478	0.919
TSKS	-4.14	8	-0.35	0.364	5576	0.962	0.636	12477	0.919
ABHD8	-4.14	8	-0.35	0.364	5577	0.962	0.636	12476	0.919
CNEP1R1	-4.14	8	-0.35	0.364	5578	0.962	0.636	12475	0.919
CLDN19	-4.14	8	-0.35	0.364	5579	0.962	0.636	12474	0.919
RBP7	-4.14	8	-0.35	0.364	5580	0.962	0.636	12473	0.919
LRIF1	-4.14	8	-0.35	0.364	5581	0.962	0.636	12472	0.919
ANAPC5	-4.14	8	-0.35	0.364	5582	0.962	0.636	12471	0.919
LMX1A	-4.14	8	-0.35	0.364	5583	0.962	0.636	12470	0.919
AMBP	-4.14	8	-0.35	0.364	5584	0.962	0.636	12469	0.919
RHOU	-4.14	8	-0.35	0.364	5585	0.962	0.636	12468	0.919
KLF2	-4.14	8	-0.35	0.364	5586	0.962	0.636	12467	0.919
TANK	-4.14	8	-0.35	0.364	5587	0.962	0.636	12466	0.919
SEPHS1	-4.14	8	-0.35	0.364	5588	0.962	0.636	12465	0.919
DECR1	-4.14	8	-0.35	0.364	5589	0.962	0.636	12464	0.919
WFDC12	-4.14	8	-0.35	0.364	5590	0.962	0.636	12463	0.919
GCA	-4.14	8	-0.35	0.364	5591	0.962	0.636	12462	0.919
S100A7	-2.07	2	-0.35	0.364	5592	0.962	0.636	12461	0.919
GIPC2	-4.14	8	-0.35	0.364	5593	0.962	0.636	12460	0.919
NHSL2	-4.14	8	-0.35	0.364	5594	0.962	0.636	12459	0.919
IL13	-4.14	8	-0.35	0.364	5595	0.962	0.636	12458	0.919
RAB19	-4.13	8	-0.35	0.364	5596	0.962	0.636	12457	0.919
CPPED1	-4.13	8	-0.35	0.364	5597	0.962	0.636	12456	0.919
COL11A1	-4.13	8	-0.35	0.364	5598	0.962	0.636	12455	0.919
GAN	-4.13	8	-0.35	0.364	5599	0.962	0.636	12454	0.919
HSD3B2	-4.13	8	-0.35	0.365	5600	0.962	0.635	12453	0.919
CA7	-4.13	8	-0.35	0.365	5601	0.962	0.635	12452	0.919
IQCA1	-4.13	8	-0.35	0.365	5602	0.962	0.635	12451	0.919
BCL11A	-4.13	8	-0.35	0.365	5603	0.962	0.635	12450	0.919
CYB5R2	-4.13	8	-0.35	0.365	5604	0.962	0.635	12449	0.919
PRRT4	-4.13	8	-0.35	0.365	5605	0.962	0.635	12448	0.919
SLN	-2.92	4	-0.35	0.365	5606	0.962	0.635	12447	0.919
DUSP12	-4.13	8	-0.35	0.365	5607	0.962	0.635	12446	0.919
GCNT3	-4.13	8	-0.35	0.365	5608	0.962	0.635	12445	0.919
SCOC	-4.13	8	-0.34	0.365	5609	0.962	0.635	12444	0.919
RIT1	-4.13	8	-0.34	0.365	5610	0.962	0.635	12443	0.919
COA3	-4.13	8	-0.34	0.365	5611	0.962	0.635	12442	0.919
SPG11	-4.13	8	-0.34	0.365	5612	0.962	0.635	12441	0.919
AAMDC	-4.13	8	-0.34	0.365	5613	0.962	0.635	12440	0.919
KCNA2	-4.13	8	-0.34	0.365	5614	0.962	0.635	12439	0.919
CCNL2	-4.13	8	-0.34	0.365	5615	0.962	0.635	12438	0.919
CLPB	-4.12	8	-0.34	0.365	5616	0.962	0.635	12437	0.919
F8	-4.12	8	-0.34	0.365	5617	0.962	0.635	12436	0.919
ZNF543	-4.12	8	-0.34	0.366	5618	0.962	0.634	12435	0.919
SLC2A7	-4.12	8	-0.34	0.366	5619	0.962	0.634	12434	0.919
MICA	-3.57	6	-0.34	0.366	5620	0.962	0.634	12433	0.919
FRY	-4.12	8	-0.34	0.366	5621	0.962	0.634	12432	0.919
SLC30A9	-4.12	8	-0.34	0.366	5622	0.962	0.634	12431	0.919
FAM221A	-4.12	8	-0.34	0.366	5623	0.962	0.634	12430	0.919
GCNT7	-4.12	8	-0.34	0.366	5624	0.962	0.634	12429	0.919
FAF1	-4.12	8	-0.34	0.366	5625	0.962	0.634	12428	0.919
AFF3	-4.12	8	-0.34	0.366	5626	0.962	0.634	12427	0.919
ZNF2	-4.12	8	-0.34	0.366	5627	0.962	0.634	12426	0.919
ZACN	-4.12	8	-0.34	0.366	5628	0.962	0.634	12425	0.919
PIF1	-4.12	8	-0.34	0.366	5629	0.962	0.634	12424	0.919
WDR60	-4.11	8	-0.34	0.366	5630	0.962	0.634	12423	0.919
ROBO3	-4.11	8	-0.34	0.366	5631	0.962	0.634	12422	0.919
CYTH2	-4.11	8	-0.34	0.366	5632	0.962	0.634	12421	0.919
PAICS	-4.11	8	-0.34	0.366	5633	0.962	0.634	12420	0.919
WARS2	-4.11	8	-0.34	0.366	5634	0.962	0.634	12419	0.919
LEUTX	-4.11	8	-0.34	0.367	5635	0.962	0.633	12418	0.919
LAMC3	-4.11	8	-0.34	0.367	5636	0.962	0.633	12417	0.919
AIFM3	-4.11	8	-0.34	0.367	5637	0.962	0.633	12416	0.919
KLHL25	-4.11	8	-0.34	0.367	5638	0.962	0.633	12415	0.919
FAM50B	-4.11	8	-0.34	0.367	5639	0.962	0.633	12414	0.919
VPREB1	-4.11	8	-0.34	0.367	5640	0.962	0.633	12413	0.919
OR2A14	-4.11	8	-0.34	0.367	5641	0.962	0.633	12412	0.919
FAM150A	-4.11	8	-0.34	0.367	5642	0.962	0.633	12411	0.919
SLC10A2	-4.11	8	-0.34	0.367	5643	0.962	0.633	12410	0.919
KCNH4	-4.11	8	-0.34	0.367	5644	0.962	0.633	12409	0.919
CCT6B	-4.11	8	-0.34	0.367	5645	0.962	0.633	12408	0.919
RNF165	-4.11	8	-0.34	0.367	5646	0.962	0.633	12407	0.919
RANGRF	-4.11	8	-0.34	0.367	5647	0.962	0.633	12406	0.919
C10orf91	-4.11	8	-0.34	0.367	5648	0.962	0.633	12405	0.919
RNF111	-4.11	8	-0.34	0.367	5649	0.962	0.633	12404	0.919
NEU3	-4.11	8	-0.34	0.367	5650	0.962	0.633	12403	0.919
PTGER4	-4.11	8	-0.34	0.367	5651	0.962	0.633	12402	0.919
GZMA	-4.11	8	-0.34	0.367	5652	0.962	0.633	12401	0.919
VKORC1	-4.11	8	-0.34	0.367	5653	0.962	0.633	12400	0.919
SPEF1	-4.10	8	-0.34	0.367	5654	0.962	0.633	12399	0.919
LRRC63	-4.10	8	-0.34	0.367	5655	0.962	0.633	12398	0.919
C9orf62	-4.10	8	-0.34	0.367	5656	0.962	0.633	12397	0.919
SH3BGRL3	-3.55	6	-0.34	0.368	5657	0.962	0.632	12396	0.919
CNGB3	-4.10	8	-0.34	0.368	5658	0.962	0.632	12395	0.919
CYP4F3	-4.10	8	-0.34	0.368	5659	0.962	0.632	12394	0.919
ADAMTS10	-4.10	8	-0.34	0.368	5660	0.962	0.632	12393	0.919
FBXW9	-4.10	8	-0.34	0.368	5661	0.962	0.632	12392	0.919
TRIM22	-4.10	8	-0.34	0.368	5662	0.962	0.632	12391	0.919
TRHDE	-4.10	8	-0.34	0.368	5663	0.962	0.632	12390	0.919
DMP1	-4.10	8	-0.34	0.368	5664	0.962	0.632	12389	0.919
RDX	-4.10	8	-0.34	0.368	5665	0.962	0.632	12388	0.919
ERP27	-4.10	8	-0.34	0.368	5666	0.962	0.632	12387	0.919
HIPK3	-4.10	8	-0.34	0.368	5667	0.962	0.632	12386	0.919
TMEM91	-4.10	8	-0.34	0.368	5668	0.962	0.632	12385	0.919
PCGF1	-3.55	6	-0.34	0.368	5669	0.962	0.632	12384	0.919
KIF21B	-4.10	8	-0.34	0.368	5670	0.962	0.632	12383	0.919
C7orf34	-4.10	8	-0.34	0.368	5671	0.962	0.632	12382	0.919
SERPINH1	-4.10	8	-0.34	0.368	5672	0.962	0.632	12381	0.919
SYCE1	-4.10	8	-0.34	0.368	5673	0.962	0.632	12380	0.919
APOOL	-4.09	8	-0.34	0.368	5674	0.962	0.632	12379	0.919
CAPNS2	-4.09	8	-0.34	0.368	5675	0.962	0.632	12378	0.919
IPO8	-4.09	8	-0.34	0.369	5676	0.962	0.631	12377	0.919
SYDE2	-4.09	8	-0.34	0.369	5677	0.962	0.631	12376	0.919
SLC6A20	-4.09	8	-0.34	0.369	5678	0.962	0.631	12375	0.919
KCNJ13	-4.09	8	-0.34	0.369	5679	0.962	0.631	12374	0.919
TMEM98	-4.09	8	-0.34	0.369	5680	0.962	0.631	12373	0.919
SSR4	-4.09	8	-0.34	0.369	5681	0.962	0.631	12372	0.919
MKKS	-4.09	8	-0.33	0.369	5682	0.962	0.631	12371	0.919
WLS	-4.09	8	-0.33	0.369	5683	0.962	0.631	12370	0.919
NRROS	-4.09	8	-0.33	0.369	5684	0.962	0.631	12369	0.919
ZNF195	-4.09	8	-0.33	0.369	5685	0.962	0.631	12368	0.919
SRRT	-4.09	8	-0.33	0.369	5686	0.962	0.631	12367	0.919
CASP14	-4.09	8	-0.33	0.369	5687	0.962	0.631	12366	0.919
C2CD2	-4.09	8	-0.33	0.369	5688	0.962	0.631	12365	0.919
TMTC3	-4.09	8	-0.33	0.369	5689	0.962	0.631	12364	0.919
CENPV	-4.08	8	-0.33	0.369	5690	0.962	0.631	12363	0.919
OR56A3	-4.08	8	-0.33	0.369	5691	0.962	0.631	12362	0.919
TNNI2	-4.08	8	-0.33	0.369	5692	0.962	0.631	12361	0.919
MYT1	-4.08	8	-0.33	0.369	5693	0.962	0.631	12360	0.919
SCT	-4.08	8	-0.33	0.37	5694	0.962	0.63	12359	0.919
ABCG5	-4.08	8	-0.33	0.37	5695	0.962	0.63	12358	0.919
KLK13	-4.08	8	-0.33	0.37	5696	0.962	0.63	12357	0.919
AHDC1	-4.08	8	-0.33	0.37	5697	0.962	0.63	12356	0.919
CALN1	-4.08	8	-0.33	0.37	5698	0.962	0.63	12355	0.919
HMMR	-4.08	8	-0.33	0.37	5699	0.962	0.63	12354	0.919
IMPDH1	-4.08	8	-0.33	0.37	5700	0.962	0.63	12353	0.919
MRPL21	-4.08	8	-0.33	0.37	5701	0.962	0.63	12352	0.919
ARPP21	-4.08	8	-0.33	0.37	5702	0.962	0.63	12351	0.919
CRB2	-4.08	8	-0.33	0.37	5703	0.962	0.63	12350	0.919
GPR112	-4.08	8	-0.33	0.37	5704	0.962	0.63	12349	0.919
AFF2	-4.07	8	-0.33	0.37	5705	0.962	0.63	12348	0.919
STRN4	-4.07	8	-0.33	0.37	5706	0.962	0.63	12347	0.919
NRG4	-4.07	8	-0.33	0.37	5707	0.962	0.63	12346	0.919
WSCD1	-4.07	8	-0.33	0.371	5708	0.962	0.629	12345	0.919
PCDH20	-4.07	8	-0.33	0.371	5709	0.962	0.629	12344	0.919
PTTG1	-4.07	8	-0.33	0.371	5710	0.962	0.629	12343	0.919
IGHMBP2	-4.07	8	-0.33	0.371	5711	0.962	0.629	12342	0.919
KDM4E	-4.07	8	-0.33	0.371	5712	0.962	0.629	12341	0.919
CDKN2D	-4.07	8	-0.33	0.371	5713	0.962	0.629	12340	0.919
USB1	-4.07	8	-0.33	0.371	5714	0.962	0.629	12339	0.919
GLOD4	-4.07	8	-0.33	0.371	5715	0.962	0.629	12338	0.919
ST8SIA6	-4.07	8	-0.33	0.371	5716	0.962	0.629	12337	0.919
GTF2IRD1	-4.07	8	-0.33	0.371	5717	0.962	0.629	12336	0.919
NPLOC4	-4.07	8	-0.33	0.371	5718	0.962	0.629	12335	0.919
WNT3	-4.07	8	-0.33	0.371	5719	0.962	0.629	12334	0.919
ZNF469	-4.07	8	-0.33	0.371	5720	0.962	0.629	12333	0.919
NEIL3	-4.07	8	-0.33	0.371	5721	0.962	0.629	12332	0.919
TGFB1	-4.07	8	-0.33	0.371	5722	0.962	0.629	12331	0.919
MPPED1	-4.06	8	-0.33	0.371	5723	0.962	0.629	12330	0.919
OR5P2	-4.06	8	-0.33	0.371	5724	0.962	0.629	12329	0.919
SLC13A1	-4.06	8	-0.33	0.371	5725	0.962	0.629	12328	0.919
ECHDC2	-4.06	8	-0.33	0.371	5726	0.962	0.629	12327	0.919
CPLX1	-4.06	8	-0.33	0.371	5727	0.962	0.629	12326	0.919
TTLL12	-4.06	8	-0.33	0.371	5728	0.962	0.629	12325	0.919
SFN	-4.06	8	-0.33	0.371	5729	0.962	0.629	12324	0.919
SPANXN3	-3.52	6	-0.33	0.371	5730	0.962	0.629	12323	0.919
LMAN2L	-4.06	8	-0.33	0.371	5731	0.962	0.629	12322	0.919
SKOR2	-4.06	8	-0.33	0.372	5732	0.962	0.628	12321	0.919
IL13RA1	-4.06	8	-0.33	0.372	5733	0.962	0.628	12320	0.919
U2SURP	-4.06	8	-0.33	0.372	5734	0.962	0.628	12319	0.919
DPP7	-4.06	8	-0.33	0.372	5735	0.962	0.628	12318	0.919
ITPKA	-4.06	8	-0.33	0.372	5736	0.962	0.628	12317	0.919
PAPPA2	-4.06	8	-0.33	0.372	5737	0.962	0.628	12316	0.919
TMEM8B	-4.06	8	-0.33	0.372	5738	0.962	0.628	12315	0.919
UBE2Q2	-4.05	8	-0.33	0.372	5739	0.962	0.628	12314	0.919
HIST1H2AB	-3.51	6	-0.33	0.372	5740	0.962	0.628	12313	0.919
PALB2	-4.05	8	-0.33	0.372	5741	0.962	0.628	12312	0.919
SCYL1	-4.05	8	-0.33	0.372	5742	0.962	0.628	12311	0.919
WIPF2	-4.05	8	-0.33	0.372	5743	0.962	0.628	12310	0.919
STMN1	-4.05	8	-0.33	0.373	5744	0.962	0.627	12309	0.919
MICU2	-4.05	8	-0.33	0.373	5745	0.962	0.627	12308	0.919
RARS	-4.05	8	-0.32	0.373	5746	0.962	0.627	12307	0.919
RNASEH2C	-4.05	8	-0.32	0.373	5747	0.962	0.627	12306	0.919
BPNT1	-4.05	8	-0.32	0.373	5748	0.962	0.627	12305	0.919
OSTC	-4.05	8	-0.32	0.373	5749	0.962	0.627	12304	0.919
SLC40A1	-4.05	8	-0.32	0.373	5750	0.962	0.627	12303	0.919
LRRN4	-4.05	8	-0.32	0.373	5751	0.962	0.627	12302	0.919
MCM10	-4.05	8	-0.32	0.373	5752	0.962	0.627	12301	0.919
MYLK4	-4.04	8	-0.32	0.373	5753	0.962	0.627	12300	0.919
HINT3	-4.04	8	-0.32	0.373	5754	0.962	0.627	12299	0.919
MAN1A2	-4.04	8	-0.32	0.373	5755	0.962	0.627	12298	0.919
FOXP4	-4.04	8	-0.32	0.373	5756	0.962	0.627	12297	0.919
PAPD5	-4.04	8	-0.32	0.373	5757	0.962	0.627	12296	0.919
ADRA2A	-4.04	8	-0.32	0.373	5758	0.962	0.627	12295	0.919
MT2A	-2.02	2	-0.32	0.373	5759	0.962	0.627	12294	0.919
CACUL1	-4.04	8	-0.32	0.373	5760	0.962	0.627	12293	0.919
TET1	-4.04	8	-0.32	0.373	5761	0.962	0.627	12292	0.919
HAS1	-4.04	8	-0.32	0.374	5762	0.962	0.626	12291	0.919
KRTAP13-3	-4.04	8	-0.32	0.374	5763	0.962	0.626	12290	0.919
PPIE	-4.04	8	-0.32	0.374	5764	0.962	0.626	12289	0.919
STAG3	-4.04	8	-0.32	0.374	5765	0.962	0.626	12288	0.919
PRIM1	-4.04	8	-0.32	0.374	5766	0.962	0.626	12287	0.919
RFX6	-4.03	8	-0.32	0.374	5767	0.962	0.626	12286	0.919
STAC	-4.03	8	-0.32	0.374	5768	0.962	0.626	12285	0.919
MRTO4	-4.03	8	-0.32	0.374	5769	0.962	0.626	12284	0.919
CCNI2	-4.03	8	-0.32	0.375	5770	0.962	0.625	12283	0.919
RAB32	-4.03	8	-0.32	0.375	5771	0.962	0.625	12282	0.919
BLK	-4.03	8	-0.32	0.375	5772	0.962	0.625	12281	0.919
ATXN2L	-4.03	8	-0.32	0.375	5773	0.962	0.625	12280	0.919
GLRX3	-4.03	8	-0.32	0.375	5774	0.962	0.625	12279	0.919
PAK1IP1	-4.03	8	-0.32	0.375	5775	0.962	0.625	12278	0.919
MRGPRX3	-2.85	4	-0.32	0.375	5776	0.962	0.625	12277	0.919
C9orf141	-4.03	8	-0.32	0.375	5777	0.962	0.625	12276	0.919
SLC9A9	-4.03	8	-0.32	0.375	5778	0.962	0.625	12275	0.919
IRX1	-4.03	8	-0.32	0.375	5779	0.962	0.625	12274	0.919
SCGB2A1	-3.49	6	-0.32	0.375	5780	0.962	0.625	12273	0.919
SAFB	-4.03	8	-0.32	0.375	5781	0.962	0.625	12272	0.919
TAB1	-4.03	8	-0.32	0.375	5782	0.962	0.625	12271	0.919
TRMT11	-4.03	8	-0.32	0.375	5783	0.962	0.625	12270	0.919
SERPINF2	-4.03	8	-0.32	0.375	5784	0.962	0.625	12269	0.919
CNR2	-4.03	8	-0.32	0.375	5785	0.962	0.625	12268	0.919
PRDX3	-4.02	8	-0.32	0.375	5786	0.962	0.625	12267	0.919
RABAC1	-4.02	8	-0.32	0.375	5787	0.962	0.625	12266	0.919
KREMEN1	-4.02	8	-0.32	0.376	5788	0.962	0.624	12265	0.919
MKI67IP	-3.48	6	-0.32	0.376	5789	0.962	0.624	12264	0.919
SLC30A8	-4.02	8	-0.32	0.376	5790	0.962	0.624	12263	0.919
ZNF589	-4.02	8	-0.32	0.376	5791	0.962	0.624	12262	0.919
DDAH2	-4.02	8	-0.32	0.376	5792	0.962	0.624	12261	0.919
STARD8	-4.02	8	-0.32	0.376	5793	0.962	0.624	12260	0.919
MRPL4	-4.02	8	-0.32	0.376	5794	0.962	0.624	12259	0.919
PPP4R4	-4.02	8	-0.32	0.376	5795	0.962	0.624	12258	0.919
ITPA	-4.02	8	-0.32	0.376	5796	0.962	0.624	12257	0.919
SLC22A11	-4.02	8	-0.32	0.376	5797	0.962	0.624	12256	0.919
EPHB4	-4.02	8	-0.32	0.376	5798	0.962	0.624	12255	0.919
TRAF5	-4.02	8	-0.32	0.376	5799	0.962	0.624	12254	0.919
HS1BP3	-4.02	8	-0.32	0.376	5800	0.962	0.624	12253	0.919
HDHD1	-4.02	8	-0.32	0.376	5801	0.962	0.624	12252	0.919
GINM1	-3.48	6	-0.32	0.376	5802	0.962	0.624	12251	0.919
ACP2	-4.01	8	-0.32	0.376	5803	0.962	0.624	12250	0.919
TANGO2	-4.01	8	-0.32	0.376	5804	0.962	0.624	12249	0.919
TIAL1	-4.01	8	-0.32	0.376	5805	0.962	0.624	12248	0.919
IDNK	-4.01	8	-0.31	0.376	5806	0.962	0.624	12247	0.919
ITFG1	-4.01	8	-0.31	0.376	5807	0.962	0.624	12246	0.919
BPIFC	-4.01	8	-0.31	0.377	5808	0.962	0.623	12245	0.919
MAP2K6	-4.01	8	-0.31	0.377	5809	0.962	0.623	12244	0.919
SUPT3H	-4.01	8	-0.31	0.377	5810	0.962	0.623	12243	0.919
PDZD3	-4.01	8	-0.31	0.377	5811	0.962	0.623	12242	0.919
CCDC140	-4.01	8	-0.31	0.377	5812	0.962	0.623	12241	0.919
TACC1	-4.01	8	-0.31	0.377	5813	0.962	0.623	12240	0.919
TNFRSF14	-4.01	8	-0.31	0.377	5814	0.962	0.623	12239	0.919
ARHGEF10	-4.00	8	-0.31	0.377	5815	0.962	0.623	12238	0.919
SEZ6	-4.00	8	-0.31	0.377	5816	0.962	0.623	12237	0.919
C3orf83	-4.00	8	-0.31	0.377	5817	0.962	0.623	12236	0.919
APOA1	-4.00	8	-0.31	0.377	5818	0.962	0.623	12235	0.919
C1orf106	-4.00	8	-0.31	0.377	5819	0.962	0.623	12234	0.919
SLC43A1	-4.00	8	-0.31	0.377	5820	0.962	0.623	12233	0.919
PNPLA5	-4.00	8	-0.31	0.377	5821	0.962	0.623	12232	0.919
S100A7L2	-4.00	8	-0.31	0.377	5822	0.962	0.623	12231	0.919
OPN5	-4.00	8	-0.31	0.377	5823	0.962	0.623	12230	0.919
MMP2	-4.00	8	-0.31	0.377	5824	0.962	0.623	12229	0.919
TRAF3IP2	-4.00	8	-0.31	0.377	5825	0.962	0.623	12228	0.919
ADRBK1	-4.00	8	-0.31	0.377	5826	0.962	0.623	12227	0.919
COCH	-4.00	8	-0.31	0.377	5827	0.962	0.623	12226	0.919
WIZ	-4.00	8	-0.31	0.378	5828	0.962	0.622	12225	0.919
TRIM38	-4.00	8	-0.31	0.378	5829	0.962	0.622	12224	0.919
IRF2BP2	-4.00	8	-0.31	0.378	5830	0.962	0.622	12223	0.919
PRAM1	-4.00	8	-0.31	0.378	5831	0.962	0.622	12222	0.919
FICD	-4.00	8	-0.31	0.378	5832	0.962	0.622	12221	0.919
C1orf210	-4.00	8	-0.31	0.378	5833	0.962	0.622	12220	0.919
CD19	-4.00	8	-0.31	0.378	5834	0.962	0.622	12219	0.919
PRDM7	-2.00	2	-0.31	0.378	5835	0.962	0.622	12218	0.919
C14orf159	-4.00	8	-0.31	0.378	5836	0.962	0.622	12217	0.919
TRIM56	-4.00	8	-0.31	0.378	5837	0.962	0.622	12216	0.919
SEC16A	-4.00	8	-0.31	0.378	5838	0.962	0.622	12215	0.919
IRF2BP1	-3.99	8	-0.31	0.378	5839	0.962	0.622	12214	0.919
TUSC2	-3.99	8	-0.31	0.378	5840	0.962	0.622	12213	0.919
KCNA10	-3.99	8	-0.31	0.378	5841	0.962	0.622	12212	0.919
CCDC12	-3.99	8	-0.31	0.378	5842	0.962	0.622	12211	0.919
USF1	-3.99	8	-0.31	0.378	5843	0.962	0.622	12210	0.919
GALNTL6	-3.99	8	-0.31	0.378	5844	0.962	0.622	12209	0.919
TEX33	-3.99	8	-0.31	0.378	5845	0.962	0.622	12208	0.919
RRAS	-3.99	8	-0.31	0.378	5846	0.962	0.622	12207	0.919
LONRF3	-3.99	8	-0.31	0.378	5847	0.962	0.622	12206	0.919
APP	-3.99	8	-0.31	0.378	5848	0.962	0.622	12205	0.919
GPR155	-3.99	8	-0.31	0.378	5849	0.962	0.622	12204	0.919
VENTX	-3.99	8	-0.31	0.378	5850	0.962	0.622	12203	0.919
MMP23B	-3.99	8	-0.31	0.379	5851	0.962	0.621	12202	0.919
FERMT3	-3.99	8	-0.31	0.379	5852	0.962	0.621	12201	0.919
TRMT1	-3.99	8	-0.31	0.379	5853	0.962	0.621	12200	0.919
MMP25	-3.99	8	-0.31	0.379	5854	0.962	0.621	12199	0.919
OSBPL2	-3.99	8	-0.31	0.379	5855	0.962	0.621	12198	0.919
09-Sep	-3.99	8	-0.31	0.379	5856	0.962	0.621	12197	0.919
UBQLN1	-3.99	8	-0.31	0.379	5857	0.962	0.621	12196	0.919
JPH2	-3.99	8	-0.31	0.379	5858	0.962	0.621	12195	0.919
RSPH9	-3.99	8	-0.31	0.379	5859	0.962	0.621	12194	0.919
C19orf70	-3.99	8	-0.31	0.379	5860	0.962	0.621	12193	0.919
FAM69A	-3.99	8	-0.31	0.379	5861	0.962	0.621	12192	0.919
NDUFB2	-3.98	8	-0.31	0.379	5862	0.962	0.621	12191	0.919
ATP8B1	-3.98	8	-0.31	0.379	5863	0.962	0.621	12190	0.919
ESRRB	-3.98	8	-0.31	0.379	5864	0.962	0.621	12189	0.919
AGTR2	-3.98	8	-0.31	0.379	5865	0.962	0.621	12188	0.919
IQGAP3	-3.98	8	-0.31	0.379	5866	0.962	0.621	12187	0.919
AADACL4	-3.98	8	-0.31	0.379	5867	0.962	0.621	12186	0.919
GRM4	-3.98	8	-0.31	0.379	5868	0.962	0.621	12185	0.919
MRPS21	-3.98	8	-0.31	0.379	5869	0.962	0.621	12184	0.919
FMNL1	-3.98	8	-0.31	0.379	5870	0.962	0.621	12183	0.919
B3GNT3	-3.98	8	-0.31	0.379	5871	0.962	0.621	12182	0.919
VPS54	-3.98	8	-0.31	0.379	5872	0.962	0.621	12181	0.919
BPIFB4	-3.98	8	-0.31	0.379	5873	0.962	0.621	12180	0.919
TTC9C	-3.98	8	-0.31	0.38	5874	0.962	0.62	12179	0.919
TNKS1BP1	-3.98	8	-0.31	0.38	5875	0.962	0.62	12178	0.919
SPEG	-3.98	8	-0.31	0.38	5876	0.962	0.62	12177	0.919
PRR24	-3.98	8	-0.31	0.38	5877	0.962	0.62	12176	0.919
CT47B1	-3.98	8	-0.31	0.38	5878	0.962	0.62	12175	0.919
CCDC114	-3.98	8	-0.31	0.38	5879	0.962	0.62	12174	0.919
CCDC147	-3.97	8	-0.31	0.38	5880	0.962	0.62	12173	0.919
MYBPHL	-3.97	8	-0.31	0.38	5881	0.962	0.62	12172	0.919
C2CD5	-3.97	8	-0.31	0.38	5882	0.962	0.62	12171	0.919
ZNF764	-3.97	8	-0.31	0.38	5883	0.962	0.62	12170	0.919
TRIM41	-3.97	8	-0.31	0.38	5884	0.962	0.62	12169	0.919
TMEM251	-3.97	8	-0.31	0.38	5885	0.962	0.62	12168	0.919
SGK1	-3.44	6	-0.31	0.38	5886	0.962	0.62	12167	0.919
FBF1	-3.97	8	-0.31	0.38	5887	0.962	0.62	12166	0.919
KIAA1239	-3.97	8	-0.30	0.38	5888	0.962	0.62	12165	0.919
PHKG2	-3.97	8	-0.30	0.38	5889	0.962	0.62	12164	0.919
AASDH	-3.97	8	-0.30	0.38	5890	0.962	0.62	12163	0.919
HMGN5	-3.44	6	-0.30	0.38	5891	0.962	0.62	12162	0.919
SYT3	-3.97	8	-0.30	0.38	5892	0.962	0.62	12161	0.919
C5orf34	-3.97	8	-0.30	0.38	5893	0.962	0.62	12160	0.919
ZNF260	-3.97	8	-0.30	0.38	5894	0.962	0.62	12159	0.919
OTP	-3.97	8	-0.30	0.38	5895	0.962	0.62	12158	0.919
FKBP10	-3.97	8	-0.30	0.38	5896	0.962	0.62	12157	0.919
ZNF572	-3.97	8	-0.30	0.38	5897	0.962	0.62	12156	0.919
EPX	-3.97	8	-0.30	0.38	5898	0.962	0.62	12155	0.919
AP4E1	-3.97	8	-0.30	0.381	5899	0.962	0.619	12154	0.919
MAP3K2	-3.97	8	-0.30	0.381	5900	0.962	0.619	12153	0.919
DCAF8L1	-3.97	8	-0.30	0.381	5901	0.962	0.619	12152	0.919
CDX4	-3.97	8	-0.30	0.381	5902	0.962	0.619	12151	0.919
ANK3	-3.97	8	-0.30	0.381	5903	0.962	0.619	12150	0.919
MUSK	-3.97	8	-0.30	0.381	5904	0.962	0.619	12149	0.919
ZNF74	-3.97	8	-0.30	0.381	5905	0.962	0.619	12148	0.919
MAN2A2	-3.97	8	-0.30	0.381	5906	0.962	0.619	12147	0.919
DEFB123	-3.97	8	-0.30	0.381	5907	0.962	0.619	12146	0.919
CDC20	-3.97	8	-0.30	0.381	5908	0.962	0.619	12145	0.919
CD160	-3.97	8	-0.30	0.381	5909	0.962	0.619	12144	0.919
RAI2	-3.97	8	-0.30	0.381	5910	0.962	0.619	12143	0.919
RPUSD1	-3.97	8	-0.30	0.381	5911	0.962	0.619	12142	0.919
IMPDH2	-3.97	8	-0.30	0.381	5912	0.962	0.619	12141	0.919
KHK	-3.96	8	-0.30	0.381	5913	0.962	0.619	12140	0.919
CD79A	-3.96	8	-0.30	0.381	5914	0.962	0.619	12139	0.919
PATL1	-3.96	8	-0.30	0.381	5915	0.962	0.619	12138	0.919
HIST2H2AB	-3.96	8	-0.30	0.381	5916	0.962	0.619	12137	0.919
BSPRY	-3.96	8	-0.30	0.381	5917	0.962	0.619	12136	0.919
PLXNB3	-3.96	8	-0.30	0.381	5918	0.962	0.619	12135	0.919
ZFP91	-3.96	8	-0.30	0.381	5919	0.962	0.619	12134	0.919
LRP11	-3.96	8	-0.30	0.381	5920	0.962	0.619	12133	0.919
IRX4	-3.96	8	-0.30	0.381	5921	0.962	0.619	12132	0.919
TMEM184A	-3.96	8	-0.30	0.381	5922	0.962	0.619	12131	0.919
STX7	-3.96	8	-0.30	0.381	5923	0.962	0.619	12130	0.919
CDKN2B	-3.96	8	-0.30	0.381	5924	0.962	0.619	12129	0.919
VPS52	-3.96	8	-0.30	0.381	5925	0.962	0.619	12128	0.919
UCP2	-3.96	8	-0.30	0.381	5926	0.962	0.619	12127	0.919
KRCC1	-3.96	8	-0.30	0.381	5927	0.962	0.619	12126	0.919
IZUMO3	-3.96	8	-0.30	0.381	5928	0.962	0.619	12125	0.919
CDKN2C	-3.96	8	-0.30	0.381	5929	0.962	0.619	12124	0.919
ANKZF1	-3.96	8	-0.30	0.382	5930	0.962	0.618	12123	0.919
PRSS57	-3.96	8	-0.30	0.382	5931	0.962	0.618	12122	0.919
GPRC5A	-3.96	8	-0.30	0.382	5932	0.962	0.618	12121	0.919
BASP1	-3.96	8	-0.30	0.382	5933	0.962	0.618	12120	0.919
ARL8A	-3.96	8	-0.30	0.382	5934	0.962	0.618	12119	0.919
TSPAN32	-3.96	8	-0.30	0.382	5935	0.962	0.618	12118	0.919
ZNF526	-3.96	8	-0.30	0.382	5936	0.962	0.618	12117	0.919
SZT2	-3.96	8	-0.30	0.382	5937	0.962	0.618	12116	0.919
MED17	-3.96	8	-0.30	0.382	5938	0.962	0.618	12115	0.919
CRIP2	-3.96	8	-0.30	0.382	5939	0.962	0.618	12114	0.919
CLMP	-3.96	8	-0.30	0.382	5940	0.962	0.618	12113	0.919
AKAP11	-3.95	8	-0.30	0.382	5941	0.962	0.618	12112	0.919
KCNJ1	-3.95	8	-0.30	0.382	5942	0.962	0.618	12111	0.919
DPP3	-3.95	8	-0.30	0.382	5943	0.962	0.618	12110	0.919
SPATC1	-3.95	8	-0.30	0.382	5944	0.962	0.618	12109	0.919
CREBZF	-3.95	8	-0.30	0.382	5945	0.962	0.618	12108	0.919
PPIL3	-3.95	8	-0.30	0.382	5946	0.962	0.618	12107	0.919
PABPC3	-3.95	8	-0.30	0.382	5947	0.962	0.618	12106	0.919
ARHGAP20	-3.95	8	-0.30	0.382	5948	0.962	0.618	12105	0.919
PHF20	-3.95	8	-0.30	0.382	5949	0.962	0.618	12104	0.919
KIAA1143	-3.95	8	-0.30	0.382	5950	0.962	0.618	12103	0.919
SCP2	-3.95	8	-0.30	0.382	5951	0.962	0.618	12102	0.919
XG	-3.95	8	-0.30	0.383	5952	0.962	0.617	12101	0.919
C1orf141	-3.95	8	-0.30	0.383	5953	0.962	0.617	12100	0.919
CSF3R	-3.95	8	-0.30	0.383	5954	0.962	0.617	12099	0.919
FUBP3	-3.95	8	-0.30	0.383	5955	0.962	0.617	12098	0.919
CAMLG	-3.95	8	-0.30	0.383	5956	0.962	0.617	12097	0.919
ERC2	-3.95	8	-0.30	0.383	5957	0.962	0.617	12096	0.919
USH1C	-3.95	8	-0.30	0.383	5958	0.962	0.617	12095	0.919
GAD1	-3.95	8	-0.30	0.383	5959	0.962	0.617	12094	0.919
CDK16	-3.94	8	-0.30	0.383	5960	0.962	0.617	12093	0.919
TAS2R39	-3.94	8	-0.30	0.383	5961	0.962	0.617	12092	0.919
CHRDL1	-3.94	8	-0.30	0.383	5962	0.962	0.617	12091	0.919
MDH1	-3.94	8	-0.30	0.383	5963	0.962	0.617	12090	0.919
FGFR1OP	-3.94	8	-0.30	0.383	5964	0.962	0.617	12089	0.919
LPPR1	-3.94	8	-0.30	0.383	5965	0.962	0.617	12088	0.919
RHPN1	-3.94	8	-0.30	0.383	5966	0.962	0.617	12087	0.919
MYSM1	-3.94	8	-0.30	0.383	5967	0.962	0.617	12086	0.919
NFKB2	-3.94	8	-0.30	0.383	5968	0.962	0.617	12085	0.919
NKIRAS2	-3.94	8	-0.30	0.383	5969	0.962	0.617	12084	0.919
KLHL28	-3.94	8	-0.30	0.384	5970	0.962	0.616	12083	0.919
NEK5	-3.94	8	-0.30	0.384	5971	0.962	0.616	12082	0.919
AMH	-3.94	8	-0.30	0.384	5972	0.962	0.616	12081	0.919
IL6R	-3.94	8	-0.30	0.384	5973	0.962	0.616	12080	0.919
DCAF8	-3.94	8	-0.30	0.384	5974	0.962	0.616	12079	0.919
RPS6KA3	-3.93	8	-0.30	0.384	5975	0.962	0.616	12078	0.919
SLC51A	-3.93	8	-0.29	0.384	5976	0.962	0.616	12077	0.919
AOC2	-3.93	8	-0.29	0.384	5977	0.962	0.616	12076	0.919
MRPL43	-3.93	8	-0.29	0.384	5978	0.962	0.616	12075	0.919
ODF3L2	-3.93	8	-0.29	0.384	5979	0.962	0.616	12074	0.919
RACGAP1	-3.93	8	-0.29	0.384	5980	0.962	0.616	12073	0.919
TMCO6	-3.93	8	-0.29	0.384	5981	0.962	0.616	12072	0.919
RASGRP3	-3.93	8	-0.29	0.384	5982	0.962	0.616	12071	0.919
OR2T11	-3.93	8	-0.29	0.384	5983	0.962	0.616	12070	0.919
C17orf49	-1.96	2	-0.29	0.385	5984	0.962	0.615	12069	0.919
DAK	-3.93	8	-0.29	0.385	5985	0.962	0.615	12068	0.919
RPS6KA1	-3.93	8	-0.29	0.385	5986	0.962	0.615	12067	0.919
IRF9	-3.93	8	-0.29	0.385	5987	0.962	0.615	12066	0.919
CIDEC	-3.93	8	-0.29	0.385	5988	0.962	0.615	12065	0.919
ELK4	-3.93	8	-0.29	0.385	5989	0.962	0.615	12064	0.919
HDAC10	-3.93	8	-0.29	0.385	5990	0.962	0.615	12063	0.919
AVPR2	-3.92	8	-0.29	0.385	5991	0.962	0.615	12062	0.919
TCEANC2	-3.92	8	-0.29	0.385	5992	0.962	0.615	12061	0.919
CCSER1	-3.92	8	-0.29	0.385	5993	0.962	0.615	12060	0.919
HR	-3.92	8	-0.29	0.385	5994	0.962	0.615	12059	0.919
ATP13A1	-3.92	8	-0.29	0.385	5995	0.962	0.615	12058	0.919
IGSF6	-3.92	8	-0.29	0.385	5996	0.962	0.615	12057	0.919
DYRK1B	-3.92	8	-0.29	0.385	5997	0.962	0.615	12056	0.919
GPR137	-3.92	8	-0.29	0.385	5998	0.962	0.615	12055	0.919
LTA	-3.92	8	-0.29	0.385	5999	0.962	0.615	12054	0.919
SNX16	-3.92	8	-0.29	0.385	6000	0.962	0.615	12053	0.919
KIAA1683	-3.92	8	-0.29	0.385	6001	0.962	0.615	12052	0.919
F13A1	-3.92	8	-0.29	0.385	6002	0.962	0.615	12051	0.919
XPR1	-3.92	8	-0.29	0.385	6003	0.962	0.615	12050	0.919
IL36G	-3.40	6	-0.29	0.385	6004	0.962	0.615	12049	0.919
SAMD8	-3.92	8	-0.29	0.385	6005	0.962	0.615	12048	0.919
APOA5	-3.92	8	-0.29	0.386	6006	0.962	0.614	12047	0.919
NFATC4	-3.92	8	-0.29	0.386	6007	0.962	0.614	12046	0.919
RASL11A	-3.92	8	-0.29	0.386	6008	0.962	0.614	12045	0.919
ODF3L1	-3.92	8	-0.29	0.386	6009	0.962	0.614	12044	0.919
MRPS10	-3.92	8	-0.29	0.386	6010	0.962	0.614	12043	0.919
DNAH3	-3.92	8	-0.29	0.386	6011	0.962	0.614	12042	0.919
MFSD11	-3.92	8	-0.29	0.386	6012	0.962	0.614	12041	0.919
HIF3A	-3.92	8	-0.29	0.386	6013	0.962	0.614	12040	0.919
ZNF750	-3.92	8	-0.29	0.386	6014	0.962	0.614	12039	0.919
ZNF527	-3.92	8	-0.29	0.386	6015	0.962	0.614	12038	0.919
CARD14	-3.92	8	-0.29	0.386	6016	0.962	0.614	12037	0.919
TJP3	-3.91	8	-0.29	0.386	6017	0.962	0.614	12036	0.919
CCL18	-3.91	8	-0.29	0.386	6018	0.962	0.614	12035	0.919
SERPINB8	-3.91	8	-0.29	0.386	6019	0.962	0.614	12034	0.919
GKAP1	-3.91	8	-0.29	0.386	6020	0.962	0.614	12033	0.919
ISLR	-3.91	8	-0.29	0.386	6021	0.962	0.614	12032	0.919
DOCK4	-3.91	8	-0.29	0.386	6022	0.962	0.614	12031	0.919
ABL2	-3.91	8	-0.29	0.387	6023	0.962	0.613	12030	0.919
ZNF575	-3.91	8	-0.29	0.387	6024	0.962	0.613	12029	0.919
ADAMDEC1	-3.91	8	-0.29	0.387	6025	0.962	0.613	12028	0.919
DUSP4	-3.91	8	-0.29	0.387	6026	0.962	0.613	12027	0.919
OR51A4	-1.95	2	-0.29	0.387	6027	0.962	0.613	12026	0.919
KIRREL2	-3.91	8	-0.29	0.387	6028	0.962	0.613	12025	0.919
ERN2	-3.91	8	-0.29	0.387	6029	0.962	0.613	12024	0.919
SOX11	-3.91	8	-0.29	0.387	6030	0.962	0.613	12023	0.919
CDH10	-3.91	8	-0.29	0.387	6031	0.962	0.613	12022	0.919
BNC1	-3.91	8	-0.29	0.387	6032	0.962	0.613	12021	0.919
RENBP	-3.90	8	-0.29	0.387	6033	0.962	0.613	12020	0.919
ISCA2	-3.90	8	-0.29	0.387	6034	0.962	0.613	12019	0.919
INSM2	-3.90	8	-0.29	0.387	6035	0.962	0.613	12018	0.919
ZNF512	-3.90	8	-0.29	0.387	6036	0.962	0.613	12017	0.919
ZDHHC14	-3.90	8	-0.29	0.387	6037	0.962	0.613	12016	0.919
ITIH5	-3.90	8	-0.29	0.387	6038	0.962	0.613	12015	0.919
USP7	-3.90	8	-0.29	0.387	6039	0.962	0.613	12014	0.919
TMEM200B	-3.90	8	-0.29	0.387	6040	0.962	0.613	12013	0.919
TATDN3	-3.90	8	-0.29	0.387	6041	0.962	0.613	12012	0.919
SMIM5	-3.90	8	-0.29	0.387	6042	0.962	0.613	12011	0.919
LMBRD1	-3.90	8	-0.29	0.388	6043	0.962	0.612	12010	0.919
DHX29	-3.90	8	-0.29	0.388	6044	0.962	0.612	12009	0.919
GPR113	-3.90	8	-0.29	0.388	6045	0.962	0.612	12008	0.919
TSTA3	-3.90	8	-0.29	0.388	6046	0.962	0.612	12007	0.919
PGAP2	-3.90	8	-0.29	0.388	6047	0.962	0.612	12006	0.919
FCRL6	-3.90	8	-0.28	0.388	6048	0.962	0.612	12005	0.919
NMUR1	-3.90	8	-0.28	0.388	6049	0.962	0.612	12004	0.919
FCER2	-3.90	8	-0.28	0.388	6050	0.962	0.612	12003	0.919
CYP1B1	-3.90	8	-0.28	0.388	6051	0.962	0.612	12002	0.919
FAM3C	-3.90	8	-0.28	0.388	6052	0.962	0.612	12001	0.919
LPPR3	-3.90	8	-0.28	0.388	6053	0.962	0.612	12000	0.919
CRYGD	-3.89	8	-0.28	0.388	6054	0.962	0.612	11999	0.919
GMPR	-3.89	8	-0.28	0.388	6055	0.962	0.612	11998	0.919
FPR2	-3.89	8	-0.28	0.388	6056	0.962	0.612	11997	0.919
CHPF2	-3.89	8	-0.28	0.388	6057	0.962	0.612	11996	0.919
CCDC8	-3.89	8	-0.28	0.388	6058	0.962	0.612	11995	0.919
TM4SF20	-3.89	8	-0.28	0.388	6059	0.962	0.612	11994	0.919
MT4	-3.37	6	-0.28	0.388	6060	0.962	0.612	11993	0.919
OR13J1	-3.89	8	-0.28	0.388	6061	0.962	0.612	11992	0.919
LRP8	-3.89	8	-0.28	0.389	6062	0.962	0.611	11991	0.919
UBE2N	-2.75	4	-0.28	0.389	6063	0.962	0.611	11990	0.919
INSR	-3.89	8	-0.28	0.389	6064	0.962	0.611	11989	0.919
FAM64A	-3.89	8	-0.28	0.389	6065	0.962	0.611	11988	0.919
GDF7	-3.89	8	-0.28	0.389	6066	0.962	0.611	11987	0.919
CBR4	-3.89	8	-0.28	0.389	6067	0.962	0.611	11986	0.919
INPP4B	-3.89	8	-0.28	0.389	6068	0.962	0.611	11985	0.919
CLK3	-3.89	8	-0.28	0.389	6069	0.962	0.611	11984	0.919
CYP4F22	-3.89	8	-0.28	0.389	6070	0.962	0.611	11983	0.919
PRCD	-3.89	8	-0.28	0.389	6071	0.962	0.611	11982	0.919
LCOR	-3.89	8	-0.28	0.389	6072	0.962	0.611	11981	0.919
SAPCD2	-3.89	8	-0.28	0.389	6073	0.962	0.611	11980	0.919
ARHGEF11	-3.89	8	-0.28	0.389	6074	0.962	0.611	11979	0.919
NFATC2	-3.88	8	-0.28	0.389	6075	0.962	0.611	11978	0.919
LHX3	-3.88	8	-0.28	0.389	6076	0.962	0.611	11977	0.919
TERF2	-3.88	8	-0.28	0.389	6077	0.962	0.611	11976	0.919
OXGR1	-3.88	8	-0.28	0.389	6078	0.962	0.611	11975	0.919
GABRA5	-3.88	8	-0.28	0.389	6079	0.962	0.611	11974	0.919
RP1	-3.88	8	-0.28	0.389	6080	0.962	0.611	11973	0.919
PPIP5K2	-3.88	8	-0.28	0.389	6081	0.962	0.611	11972	0.919
ATP12A	-3.88	8	-0.28	0.389	6082	0.962	0.611	11971	0.919
SATL1	-3.88	8	-0.28	0.389	6083	0.962	0.611	11970	0.919
TMEM161A	-3.88	8	-0.28	0.389	6084	0.962	0.611	11969	0.919
DNAJC16	-3.88	8	-0.28	0.39	6085	0.962	0.61	11968	0.919
NANOG	-2.74	4	-0.28	0.39	6086	0.962	0.61	11967	0.919
MOB3C	-3.88	8	-0.28	0.39	6087	0.962	0.61	11966	0.919
SGSM1	-3.88	8	-0.28	0.39	6088	0.962	0.61	11965	0.919
LAG3	-3.88	8	-0.28	0.39	6089	0.962	0.61	11964	0.919
SELK	-3.88	8	-0.28	0.39	6090	0.962	0.61	11963	0.919
SEMA4F	-3.88	8	-0.28	0.39	6091	0.962	0.61	11962	0.919
TSHR	-3.88	8	-0.28	0.39	6092	0.962	0.61	11961	0.919
SND1	-3.88	8	-0.28	0.39	6093	0.962	0.61	11960	0.919
PYY	-3.88	8	-0.28	0.39	6094	0.962	0.61	11959	0.919
ATAT1	-3.88	8	-0.28	0.39	6095	0.962	0.61	11958	0.919
ADORA2B	-3.87	8	-0.28	0.39	6096	0.962	0.61	11957	0.919
TAS1R1	-3.87	8	-0.28	0.39	6097	0.962	0.61	11956	0.919
SLC16A8	-3.87	8	-0.28	0.39	6098	0.962	0.61	11955	0.919
TLX1NB	-3.87	8	-0.28	0.39	6099	0.962	0.61	11954	0.919
WDR35	-3.87	8	-0.28	0.39	6100	0.962	0.61	11953	0.919
GPX3	-3.87	8	-0.28	0.39	6101	0.962	0.61	11952	0.919
MRPL52	-3.87	8	-0.28	0.39	6102	0.962	0.61	11951	0.919
ARHGAP1	-3.87	8	-0.28	0.39	6103	0.962	0.61	11950	0.919
SDR39U1	-3.87	8	-0.28	0.39	6104	0.962	0.61	11949	0.919
ACO2	-3.87	8	-0.28	0.39	6105	0.962	0.61	11948	0.919
FAM19A3	-3.87	8	-0.28	0.39	6106	0.962	0.61	11947	0.919
ACTR1A	-3.87	8	-0.28	0.39	6107	0.962	0.61	11946	0.919
KIF5C	-3.87	8	-0.28	0.39	6108	0.962	0.61	11945	0.919
CXorf48	-3.87	8	-0.28	0.39	6109	0.962	0.61	11944	0.919
TIAM1	-3.87	8	-0.28	0.391	6110	0.962	0.609	11943	0.919
STEAP4	-3.87	8	-0.28	0.391	6111	0.962	0.609	11942	0.919
NSMF	-3.35	6	-0.28	0.391	6112	0.962	0.609	11941	0.919
SLC6A13	-3.87	8	-0.28	0.391	6113	0.962	0.609	11940	0.919
RAD51C	-3.87	8	-0.28	0.391	6114	0.962	0.609	11939	0.919
RDH8	-3.86	8	-0.28	0.391	6115	0.962	0.609	11938	0.919
NLRP7	-3.86	8	-0.28	0.391	6116	0.962	0.609	11937	0.919
OIT3	-3.86	8	-0.28	0.391	6117	0.962	0.609	11936	0.919
CYP2E1	-3.86	8	-0.28	0.391	6118	0.962	0.609	11935	0.919
BRDT	-3.86	8	-0.28	0.391	6119	0.962	0.609	11934	0.919
FKBP6	-3.86	8	-0.28	0.391	6120	0.962	0.609	11933	0.919
ZNF654	-3.86	8	-0.28	0.391	6121	0.962	0.609	11932	0.919
PON2	-3.86	8	-0.28	0.391	6122	0.962	0.609	11931	0.919
SYNJ2BP	-3.86	8	-0.28	0.391	6123	0.962	0.609	11930	0.919
OPTC	-3.86	8	-0.28	0.391	6124	0.962	0.609	11929	0.919
SLC4A11	-3.86	8	-0.28	0.391	6125	0.962	0.609	11928	0.919
ERAP2	-3.86	8	-0.28	0.391	6126	0.962	0.609	11927	0.919
ZIM2	-3.86	8	-0.28	0.391	6127	0.962	0.609	11926	0.919
KCNG4	-3.86	8	-0.28	0.391	6128	0.962	0.609	11925	0.919
MERTK	-3.86	8	-0.28	0.391	6129	0.962	0.609	11924	0.919
ERBB2	-3.86	8	-0.28	0.392	6130	0.962	0.608	11923	0.919
CYB561D2	-3.86	8	-0.28	0.392	6131	0.962	0.608	11922	0.919
L1CAM	-3.86	8	-0.28	0.392	6132	0.962	0.608	11921	0.919
SLC22A3	-3.86	8	-0.28	0.392	6133	0.962	0.608	11920	0.919
PDIA3	-3.86	8	-0.27	0.392	6134	0.962	0.608	11919	0.919
CTF1	-3.86	8	-0.27	0.392	6135	0.962	0.608	11918	0.919
GPR162	-3.86	8	-0.27	0.392	6136	0.962	0.608	11917	0.919
LRRC23	-3.85	8	-0.27	0.392	6137	0.962	0.608	11916	0.919
SLC11A1	-3.85	8	-0.27	0.392	6138	0.962	0.608	11915	0.919
TMED9	-3.85	8	-0.27	0.392	6139	0.962	0.608	11914	0.919
TMEM254	-3.34	6	-0.27	0.392	6140	0.962	0.608	11913	0.919
UBAC2	-3.85	8	-0.27	0.392	6141	0.962	0.608	11912	0.919
AKT1S1	-3.85	8	-0.27	0.392	6142	0.962	0.608	11911	0.919
NID2	-3.85	8	-0.27	0.392	6143	0.962	0.608	11910	0.919
VWA7	-3.85	8	-0.27	0.392	6144	0.962	0.608	11909	0.919
GREB1	-3.85	8	-0.27	0.392	6145	0.962	0.608	11908	0.919
SNX7	-3.85	8	-0.27	0.392	6146	0.962	0.608	11907	0.919
TCEAL8	-3.85	8	-0.27	0.392	6147	0.962	0.608	11906	0.919
GUCA2A	-3.85	8	-0.27	0.393	6148	0.962	0.607	11905	0.919
C9orf96	-3.85	8	-0.27	0.393	6149	0.962	0.607	11904	0.919
GTSE1	-3.85	8	-0.27	0.393	6150	0.962	0.607	11903	0.919
ZMYM5	-3.85	8	-0.27	0.393	6151	0.962	0.607	11902	0.919
GABBR2	-3.85	8	-0.27	0.393	6152	0.962	0.607	11901	0.919
CHST5	-3.85	8	-0.27	0.393	6153	0.962	0.607	11900	0.919
PPP1R3E	-3.85	8	-0.27	0.393	6154	0.962	0.607	11899	0.919
RMND5B	-3.85	8	-0.27	0.393	6155	0.962	0.607	11898	0.919
SRCIN1	-3.85	8	-0.27	0.393	6156	0.962	0.607	11897	0.919
CASQ1	-3.84	8	-0.27	0.393	6157	0.962	0.607	11896	0.919
SP110	-3.84	8	-0.27	0.393	6158	0.962	0.607	11895	0.919
ZNF250	-3.84	8	-0.27	0.393	6159	0.962	0.607	11894	0.919
DYNC2H1	-3.84	8	-0.27	0.393	6160	0.962	0.607	11893	0.919
PHOSPHO2	-3.84	8	-0.27	0.393	6161	0.962	0.607	11892	0.919
NIF3L1	-3.84	8	-0.27	0.393	6162	0.962	0.607	11891	0.919
GPR126	-3.84	8	-0.27	0.393	6163	0.962	0.607	11890	0.919
PPP1R14C	-3.84	8	-0.27	0.393	6164	0.962	0.607	11889	0.919
SIAH2	-3.84	8	-0.27	0.393	6165	0.962	0.607	11888	0.919
YWHAB	-3.84	8	-0.27	0.393	6166	0.962	0.607	11887	0.919
ARC	-3.84	8	-0.27	0.394	6167	0.962	0.606	11886	0.919
TMEM89	-3.84	8	-0.27	0.394	6168	0.962	0.606	11885	0.919
ATG3	-3.84	8	-0.27	0.394	6169	0.962	0.606	11884	0.919
CDK5RAP3	-3.84	8	-0.27	0.394	6170	0.962	0.606	11883	0.919
CRLF3	-3.84	8	-0.27	0.394	6171	0.962	0.606	11882	0.919
MPV17	-3.83	8	-0.27	0.394	6172	0.962	0.606	11881	0.919
FZD6	-3.83	8	-0.27	0.394	6173	0.962	0.606	11880	0.919
ACTR8	-3.83	8	-0.27	0.394	6174	0.962	0.606	11879	0.919
CRTAP	-3.83	8	-0.27	0.394	6175	0.962	0.606	11878	0.919
PRKRA	-3.83	8	-0.27	0.394	6176	0.962	0.606	11877	0.919
CNTF	-3.83	8	-0.27	0.394	6177	0.962	0.606	11876	0.919
CEP95	-3.59	7	-0.27	0.394	6178	0.962	0.606	11875	0.919
NFAM1	-3.83	8	-0.27	0.394	6179	0.962	0.606	11874	0.919
ZNF790	-3.83	8	-0.27	0.394	6180	0.962	0.606	11873	0.919
RPS27A	-1.92	2	-0.27	0.394	6181	0.962	0.606	11872	0.919
FN1	-3.83	8	-0.27	0.394	6182	0.962	0.606	11871	0.919
OR51G2	-3.83	8	-0.27	0.394	6183	0.962	0.606	11870	0.919
H2AFX	-3.83	8	-0.27	0.394	6184	0.962	0.606	11869	0.919
PAPOLB	-3.83	8	-0.27	0.394	6185	0.962	0.606	11868	0.919
CTLA4	-3.83	8	-0.27	0.394	6186	0.962	0.606	11867	0.919
GRM3	-3.83	8	-0.27	0.394	6187	0.962	0.606	11866	0.919
NWD1	-3.83	8	-0.27	0.395	6188	0.962	0.605	11865	0.919
SUGP2	-3.83	8	-0.27	0.395	6189	0.962	0.605	11864	0.919
ATG4A	-3.83	8	-0.27	0.395	6190	0.962	0.605	11863	0.919
APOBEC3A	-3.83	8	-0.27	0.395	6191	0.962	0.605	11862	0.919
TNK1	-3.83	8	-0.27	0.395	6192	0.962	0.605	11861	0.919
OLIG2	-3.83	8	-0.27	0.395	6193	0.962	0.605	11860	0.919
LEF1	-3.83	8	-0.27	0.395	6194	0.962	0.605	11859	0.919
NRG2	-3.82	8	-0.27	0.395	6195	0.962	0.605	11858	0.919
TMEM78	-1.91	2	-0.27	0.395	6196	0.962	0.605	11857	0.919
DCLK1	-3.82	8	-0.27	0.395	6197	0.962	0.605	11856	0.919
CCDC69	-3.82	8	-0.27	0.395	6198	0.962	0.605	11855	0.919
USP8	-3.82	8	-0.27	0.395	6199	0.962	0.605	11854	0.919
SOWAHD	-3.82	8	-0.27	0.395	6200	0.962	0.605	11853	0.919
C19orf48	-3.82	8	-0.27	0.395	6201	0.962	0.605	11852	0.919
PSMC2	-3.82	8	-0.27	0.395	6202	0.962	0.605	11851	0.919
MGST2	-3.82	8	-0.27	0.395	6203	0.962	0.605	11850	0.919
ETV4	-3.82	8	-0.27	0.395	6204	0.962	0.605	11849	0.919
SSX5	-2.70	4	-0.27	0.395	6205	0.962	0.605	11848	0.919
ATPAF1	-3.82	8	-0.27	0.395	6206	0.962	0.605	11847	0.919
GLYATL1	-3.82	8	-0.27	0.395	6207	0.962	0.605	11846	0.919
RNF121	-3.82	8	-0.27	0.395	6208	0.962	0.605	11845	0.919
ART3	-3.82	8	-0.27	0.395	6209	0.962	0.605	11844	0.919
UCHL5	-3.82	8	-0.27	0.395	6210	0.962	0.605	11843	0.919
NPRL2	-3.82	8	-0.26	0.396	6211	0.962	0.604	11842	0.919
POLDIP3	-3.82	8	-0.26	0.396	6212	0.962	0.604	11841	0.919
C17orf74	-3.82	8	-0.26	0.396	6213	0.962	0.604	11840	0.919
CAPN11	-3.30	6	-0.26	0.396	6214	0.962	0.604	11839	0.919
GOLGA6L2	-3.81	8	-0.26	0.396	6215	0.962	0.604	11838	0.919
RDH16	-3.81	8	-0.26	0.396	6216	0.962	0.604	11837	0.919
KCNK16	-3.81	8	-0.26	0.396	6217	0.962	0.604	11836	0.919
NBPF3	-3.81	8	-0.26	0.396	6218	0.962	0.604	11835	0.919
TRIM17	-3.81	8	-0.26	0.396	6219	0.962	0.604	11834	0.919
CBLN4	-3.81	8	-0.26	0.396	6220	0.962	0.604	11833	0.919
CHAMP1	-3.81	8	-0.26	0.396	6221	0.962	0.604	11832	0.919
ZBTB10	-3.81	8	-0.26	0.396	6222	0.962	0.604	11831	0.919
CHRNA3	-3.81	8	-0.26	0.396	6223	0.962	0.604	11830	0.919
DDX53	-3.81	8	-0.26	0.396	6224	0.962	0.604	11829	0.919
GCFC2	-3.81	8	-0.26	0.396	6225	0.962	0.604	11828	0.919
CCDC27	-3.81	8	-0.26	0.396	6226	0.962	0.604	11827	0.919
C12orf71	-3.81	8	-0.26	0.396	6227	0.962	0.604	11826	0.919
MARK4	-3.81	8	-0.26	0.396	6228	0.962	0.604	11825	0.919
CYP3A7	-3.81	8	-0.26	0.396	6229	0.962	0.604	11824	0.919
AAR2	-3.81	8	-0.26	0.396	6230	0.962	0.604	11823	0.919
SERPINA1	-3.81	8	-0.26	0.396	6231	0.962	0.604	11822	0.919
OR2M5	-2.69	4	-0.26	0.396	6232	0.962	0.604	11821	0.919
LINGO3	-3.81	8	-0.26	0.397	6233	0.962	0.603	11820	0.919
FAH	-3.81	8	-0.26	0.397	6234	0.962	0.603	11819	0.919
UBE2O	-3.81	8	-0.26	0.397	6235	0.962	0.603	11818	0.919
NAPRT1	-3.81	8	-0.26	0.397	6236	0.962	0.603	11817	0.919
SMOC2	-3.81	8	-0.26	0.397	6237	0.962	0.603	11816	0.919
CRB1	-3.81	8	-0.26	0.397	6238	0.962	0.603	11815	0.919
KPNA1	-3.81	8	-0.26	0.397	6239	0.962	0.603	11814	0.919
SPSB3	-3.80	8	-0.26	0.397	6240	0.962	0.603	11813	0.919
PSMC3IP	-3.80	8	-0.26	0.397	6241	0.962	0.603	11812	0.919
FMO5	-3.80	8	-0.26	0.397	6242	0.962	0.603	11811	0.919
DCK	-3.80	8	-0.26	0.397	6243	0.962	0.603	11810	0.919
RGCC	-3.80	8	-0.26	0.397	6244	0.962	0.603	11809	0.919
IGSF5	-3.80	8	-0.26	0.397	6245	0.962	0.603	11808	0.919
EFCAB13	-3.80	8	-0.26	0.397	6246	0.962	0.603	11807	0.919
CTDP1	-3.80	8	-0.26	0.397	6247	0.962	0.603	11806	0.919
PSEN2	-3.80	8	-0.26	0.397	6248	0.962	0.603	11805	0.919
DPY19L3	-3.80	8	-0.26	0.397	6249	0.962	0.603	11804	0.919
GIMAP5	-3.80	8	-0.26	0.398	6250	0.962	0.602	11803	0.919
SLC44A4	-3.80	8	-0.26	0.398	6251	0.962	0.602	11802	0.919
MCEE	-3.80	8	-0.26	0.398	6252	0.962	0.602	11801	0.919
MCM8	-3.80	8	-0.26	0.398	6253	0.962	0.602	11800	0.919
CBFA2T2	-3.80	8	-0.26	0.398	6254	0.962	0.602	11799	0.919
FASTK	-3.80	8	-0.26	0.398	6255	0.962	0.602	11798	0.919
RHBDD3	-3.80	8	-0.26	0.398	6256	0.962	0.602	11797	0.919
FOS	-3.80	8	-0.26	0.398	6257	0.962	0.602	11796	0.919
SNAPIN	-3.80	8	-0.26	0.398	6258	0.962	0.602	11795	0.919
LRRC10B	-3.79	8	-0.26	0.398	6259	0.962	0.602	11794	0.919
DNAJB9	-3.79	8	-0.26	0.398	6260	0.962	0.602	11793	0.919
PUF60	-3.79	8	-0.26	0.398	6261	0.962	0.602	11792	0.919
CHRNA5	-3.79	8	-0.26	0.398	6262	0.962	0.602	11791	0.919
PABPC4L	-3.79	8	-0.26	0.398	6263	0.962	0.602	11790	0.919
FBLN1	-3.79	8	-0.26	0.398	6264	0.962	0.602	11789	0.919
FN3KRP	-3.79	8	-0.26	0.398	6265	0.962	0.602	11788	0.919
CES2	-3.79	8	-0.26	0.398	6266	0.962	0.602	11787	0.919
LRRC53	-3.79	8	-0.26	0.398	6267	0.962	0.602	11786	0.919
OSTM1	-3.79	8	-0.26	0.398	6268	0.962	0.602	11785	0.919
FASTKD5	-3.79	8	-0.26	0.398	6269	0.962	0.602	11784	0.919
SLIT1	-3.79	8	-0.26	0.398	6270	0.962	0.602	11783	0.919
CRAMP1L	-3.79	8	-0.26	0.399	6271	0.962	0.601	11782	0.919
MED22	-3.79	8	-0.26	0.399	6272	0.962	0.601	11781	0.919
ZNF595	-1.89	2	-0.26	0.399	6273	0.962	0.601	11780	0.919
PCK1	-3.79	8	-0.26	0.399	6274	0.962	0.601	11779	0.919
ZBTB8A	-3.79	8	-0.26	0.399	6275	0.962	0.601	11778	0.919
ICK	-3.79	8	-0.26	0.399	6276	0.962	0.601	11777	0.919
ZNF627	-3.79	8	-0.26	0.399	6277	0.962	0.601	11776	0.919
PLA2G2E	-3.79	8	-0.26	0.399	6278	0.962	0.601	11775	0.919
LPAR2	-3.79	8	-0.26	0.399	6279	0.962	0.601	11774	0.919
HNRNPUL1	-3.78	8	-0.26	0.399	6280	0.962	0.601	11773	0.919
RASGEF1C	-3.78	8	-0.26	0.399	6281	0.962	0.601	11772	0.919
ZCCHC12	-3.78	8	-0.26	0.399	6282	0.962	0.601	11771	0.919
CA11	-3.78	8	-0.26	0.399	6283	0.962	0.601	11770	0.919
LIMK2	-3.78	8	-0.26	0.399	6284	0.962	0.601	11769	0.919
ZFP82	-3.78	8	-0.26	0.399	6285	0.962	0.601	11768	0.919
PEF1	-3.78	8	-0.26	0.399	6286	0.962	0.601	11767	0.919
RABL5	-3.78	8	-0.26	0.399	6287	0.962	0.601	11766	0.919
SAA4	-3.78	8	-0.26	0.399	6288	0.962	0.601	11765	0.919
RHBDL3	-3.78	8	-0.26	0.399	6289	0.962	0.601	11764	0.919
VSTM2L	-3.78	8	-0.25	0.399	6290	0.962	0.601	11763	0.919
ZNF124	-3.78	8	-0.25	0.399	6291	0.962	0.601	11762	0.919
BLOC1S4	-3.78	8	-0.25	0.4	6292	0.962	0.6	11761	0.919
BRSK1	-3.78	8	-0.25	0.4	6293	0.962	0.6	11760	0.919
GAL	-3.78	8	-0.25	0.4	6294	0.962	0.6	11759	0.919
PPP1R12B	-3.78	8	-0.25	0.4	6295	0.962	0.6	11758	0.919
RAB40A	-2.67	4	-0.25	0.4	6296	0.962	0.6	11757	0.919
EXD2	-3.78	8	-0.25	0.4	6297	0.962	0.6	11756	0.919
TFAP4	-3.78	8	-0.25	0.4	6298	0.962	0.6	11755	0.919
OR6F1	-3.78	8	-0.25	0.4	6299	0.962	0.6	11754	0.919
ERGIC2	-3.77	8	-0.25	0.4	6300	0.962	0.6	11753	0.919
C19orf73	-3.77	8	-0.25	0.4	6301	0.962	0.6	11752	0.919
EIF4G1	-3.77	8	-0.25	0.4	6302	0.962	0.6	11751	0.919
PSMB6	-3.77	8	-0.25	0.4	6303	0.962	0.6	11750	0.919
PIM2	-3.77	8	-0.25	0.4	6304	0.962	0.6	11749	0.919
TTC22	-3.77	8	-0.25	0.4	6305	0.962	0.6	11748	0.919
HCN1	-3.77	8	-0.25	0.4	6306	0.962	0.6	11747	0.919
IPCEF1	-3.77	8	-0.25	0.4	6307	0.962	0.6	11746	0.919
SCO2	-3.77	8	-0.25	0.4	6308	0.962	0.6	11745	0.919
IL1RAPL2	-3.77	8	-0.25	0.4	6309	0.962	0.6	11744	0.919
OR13H1	-3.77	8	-0.25	0.4	6310	0.962	0.6	11743	0.919
AKR1C3	-3.77	8	-0.25	0.4	6311	0.962	0.6	11742	0.919
THADA	-3.77	8	-0.25	0.401	6312	0.962	0.599	11741	0.919
ARNTL2	-3.77	8	-0.25	0.401	6313	0.962	0.599	11740	0.919
NARS2	-3.77	8	-0.25	0.401	6314	0.962	0.599	11739	0.919
FBRS	-3.77	8	-0.25	0.401	6315	0.962	0.599	11738	0.919
C5orf52	-3.77	8	-0.25	0.401	6316	0.962	0.599	11737	0.919
TMC8	-3.77	8	-0.25	0.401	6317	0.962	0.599	11736	0.919
TSC22D4	-3.77	8	-0.25	0.401	6318	0.962	0.599	11735	0.919
TTR	-3.76	8	-0.25	0.401	6319	0.962	0.599	11734	0.919
CCDC30	-3.76	8	-0.25	0.401	6320	0.962	0.599	11733	0.919
EVA1B	-3.76	8	-0.25	0.401	6321	0.962	0.599	11732	0.919
CARD8	-3.76	8	-0.25	0.401	6322	0.962	0.599	11731	0.919
PDGFRB	-3.76	8	-0.25	0.401	6323	0.962	0.599	11730	0.919
TEX35	-3.76	8	-0.25	0.401	6324	0.962	0.599	11729	0.919
PLAGL2	-3.76	8	-0.25	0.401	6325	0.962	0.599	11728	0.919
CD151	-3.76	8	-0.25	0.401	6326	0.962	0.599	11727	0.919
PAPOLA	-3.76	8	-0.25	0.402	6327	0.962	0.598	11726	0.919
PUS3	-3.76	8	-0.25	0.402	6328	0.962	0.598	11725	0.919
NOX5	-3.76	8	-0.25	0.402	6329	0.962	0.598	11724	0.919
C4orf21	-3.76	8	-0.25	0.402	6330	0.962	0.598	11723	0.919
TM9SF2	-3.76	8	-0.25	0.402	6331	0.962	0.598	11722	0.919
TDRD7	-3.76	8	-0.25	0.402	6332	0.962	0.598	11721	0.919
CSK	-3.76	8	-0.25	0.402	6333	0.962	0.598	11720	0.919
ATG4C	-3.76	8	-0.25	0.402	6334	0.962	0.598	11719	0.919
CHML	-3.76	8	-0.25	0.402	6335	0.962	0.598	11718	0.919
PIWIL4	-3.76	8	-0.25	0.402	6336	0.962	0.598	11717	0.919
MRVI1	-3.76	8	-0.25	0.402	6337	0.962	0.598	11716	0.919
TMEM43	-3.75	8	-0.25	0.402	6338	0.962	0.598	11715	0.919
C2orf47	-3.75	8	-0.25	0.402	6339	0.962	0.598	11714	0.919
TMCO4	-3.75	8	-0.25	0.402	6340	0.962	0.598	11713	0.919
VAT1	-3.75	8	-0.25	0.402	6341	0.962	0.598	11712	0.919
C1orf101	-3.75	8	-0.25	0.402	6342	0.962	0.598	11711	0.919
TBL2	-3.75	8	-0.25	0.402	6343	0.962	0.598	11710	0.919
FAM136A	-3.25	6	-0.25	0.402	6344	0.962	0.598	11709	0.919
RTN4RL1	-3.75	8	-0.25	0.402	6345	0.962	0.598	11708	0.919
KBTBD7	-3.75	8	-0.25	0.402	6346	0.962	0.598	11707	0.919
PLEKHH3	-3.75	8	-0.25	0.403	6347	0.962	0.597	11706	0.919
PHF23	-3.75	8	-0.25	0.403	6348	0.962	0.597	11705	0.919
BHLHE22	-3.75	8	-0.25	0.403	6349	0.962	0.597	11704	0.919
BMF	-3.75	8	-0.25	0.403	6350	0.962	0.597	11703	0.919
IFI30	-3.75	8	-0.25	0.403	6351	0.962	0.597	11702	0.919
NME3	-3.75	8	-0.25	0.403	6352	0.962	0.597	11701	0.919
ARHGAP4	-3.75	8	-0.25	0.403	6353	0.962	0.597	11700	0.919
PDGFRA	-3.75	8	-0.25	0.403	6354	0.962	0.597	11699	0.919
C3orf17	-3.75	8	-0.25	0.403	6355	0.962	0.597	11698	0.919
C1orf61	-3.75	8	-0.25	0.403	6356	0.962	0.597	11697	0.919
VCAM1	-3.74	8	-0.25	0.403	6357	0.962	0.597	11696	0.919
FAM177B	-3.74	8	-0.25	0.403	6358	0.962	0.597	11695	0.919
GPBP1	-3.74	8	-0.25	0.403	6359	0.962	0.597	11694	0.919
PAPOLG	-3.74	8	-0.25	0.403	6360	0.962	0.597	11693	0.919
UNC119B	-3.74	8	-0.25	0.403	6361	0.962	0.597	11692	0.919
PENK	-3.74	8	-0.25	0.403	6362	0.962	0.597	11691	0.919
TRIQK	-1.87	2	-0.24	0.403	6363	0.962	0.597	11690	0.919
C11orf63	-3.74	8	-0.24	0.403	6364	0.962	0.597	11689	0.919
RBM4	-3.74	8	-0.24	0.403	6365	0.962	0.597	11688	0.919
AKR7A2	-3.74	8	-0.24	0.403	6366	0.962	0.597	11687	0.919
PLAUR	-3.74	8	-0.24	0.403	6367	0.962	0.597	11686	0.919
PMM1	-3.74	8	-0.24	0.404	6368	0.962	0.596	11685	0.919
KIAA0195	-3.74	8	-0.24	0.404	6369	0.962	0.596	11684	0.919
KPNA5	-3.74	8	-0.24	0.404	6370	0.962	0.596	11683	0.919
C19orf18	-3.74	8	-0.24	0.404	6371	0.962	0.596	11682	0.919
OR10Q1	-3.74	8	-0.24	0.404	6372	0.962	0.596	11681	0.919
FRK	-3.73	8	-0.24	0.404	6373	0.962	0.596	11680	0.919
C14orf132	-3.73	8	-0.24	0.404	6374	0.962	0.596	11679	0.919
JUNB	-3.73	8	-0.24	0.404	6375	0.962	0.596	11678	0.919
PLCL1	-3.73	8	-0.24	0.404	6376	0.962	0.596	11677	0.919
MRPL42	-3.73	8	-0.24	0.404	6377	0.962	0.596	11676	0.919
GIMAP4	-3.73	8	-0.24	0.404	6378	0.962	0.596	11675	0.919
AGPAT5	-3.73	8	-0.24	0.404	6379	0.962	0.596	11674	0.919
EIF2B4	-3.73	8	-0.24	0.404	6380	0.962	0.596	11673	0.919
ELL3	-3.73	8	-0.24	0.404	6381	0.962	0.596	11672	0.919
CRISP2	-3.73	8	-0.24	0.404	6382	0.962	0.596	11671	0.919
SELO	-3.73	8	-0.24	0.404	6383	0.962	0.596	11670	0.919
PITX2	-3.73	8	-0.24	0.404	6384	0.962	0.596	11669	0.919
GPR32	-3.73	8	-0.24	0.404	6385	0.962	0.596	11668	0.919
PPP3CC	-3.73	8	-0.24	0.405	6386	0.962	0.595	11667	0.919
CCDC63	-3.73	8	-0.24	0.405	6387	0.962	0.595	11666	0.919
CNNM4	-3.73	8	-0.24	0.405	6388	0.962	0.595	11665	0.919
GBP5	-3.73	8	-0.24	0.405	6389	0.962	0.595	11664	0.919
ACADVL	-3.73	8	-0.24	0.405	6390	0.962	0.595	11663	0.919
GRIK3	-3.73	8	-0.24	0.405	6391	0.962	0.595	11662	0.919
DTD2	-3.73	8	-0.24	0.405	6392	0.962	0.595	11661	0.919
MTMR12	-3.72	8	-0.24	0.405	6393	0.962	0.595	11660	0.919
NEDD9	-3.72	8	-0.24	0.405	6394	0.962	0.595	11659	0.919
WWP2	-3.72	8	-0.24	0.405	6395	0.962	0.595	11658	0.919
TRIML1	-3.72	8	-0.24	0.405	6396	0.962	0.595	11657	0.919
DNASE1	-3.72	8	-0.24	0.405	6397	0.962	0.595	11656	0.919
RXRA	-3.22	6	-0.24	0.405	6398	0.962	0.595	11655	0.919
PMS2	-3.22	6	-0.24	0.406	6399	0.962	0.594	11654	0.919
ANKRD24	-3.72	8	-0.24	0.406	6400	0.962	0.594	11653	0.919
ZNF292	-3.72	8	-0.24	0.406	6401	0.962	0.594	11652	0.919
IL10RA	-3.72	8	-0.24	0.406	6402	0.962	0.594	11651	0.919
ANKRD37	-3.72	8	-0.24	0.406	6403	0.962	0.594	11650	0.919
MAPK12	-3.72	8	-0.24	0.406	6404	0.962	0.594	11649	0.919
SDCCAG3	-3.72	8	-0.24	0.406	6405	0.962	0.594	11648	0.919
MED6	-3.72	8	-0.24	0.406	6406	0.962	0.594	11647	0.919
SLC6A1	-3.72	8	-0.24	0.406	6407	0.962	0.594	11646	0.919
ADAM30	-3.72	8	-0.24	0.406	6408	0.962	0.594	11645	0.919
FAM160A1	-3.71	8	-0.24	0.406	6409	0.962	0.594	11644	0.919
ASAP2	-3.71	8	-0.24	0.406	6410	0.962	0.594	11643	0.919
VCPIP1	-3.71	8	-0.24	0.406	6411	0.962	0.594	11642	0.919
KCNJ5	-3.71	8	-0.24	0.406	6412	0.962	0.594	11641	0.919
GEM	-3.71	8	-0.24	0.406	6413	0.962	0.594	11640	0.919
SYT9	-3.71	8	-0.24	0.406	6414	0.962	0.594	11639	0.919
GOLGA5	-3.21	6	-0.24	0.406	6415	0.962	0.594	11638	0.919
RBM11	-3.71	8	-0.24	0.406	6416	0.962	0.594	11637	0.919
ZNF616	-3.71	8	-0.24	0.406	6417	0.962	0.594	11636	0.919
ZCCHC8	-3.71	8	-0.24	0.406	6418	0.962	0.594	11635	0.919
OR4C5	-3.71	8	-0.24	0.406	6419	0.962	0.594	11634	0.919
BSX	-3.71	8	-0.24	0.406	6420	0.962	0.594	11633	0.919
TAAR6	-3.71	8	-0.24	0.406	6421	0.962	0.594	11632	0.919
GPATCH11	-2.62	4	-0.24	0.406	6422	0.962	0.594	11631	0.919
BTBD19	-3.71	8	-0.24	0.406	6423	0.962	0.594	11630	0.919
DPYSL3	-3.71	8	-0.24	0.406	6424	0.962	0.594	11629	0.919
TRAF3IP1	-3.71	8	-0.24	0.406	6425	0.962	0.594	11628	0.919
PSMB11	-3.71	8	-0.24	0.406	6426	0.962	0.594	11627	0.919
PAAF1	-3.71	8	-0.24	0.406	6427	0.962	0.594	11626	0.919
AP1B1	-3.21	6	-0.24	0.406	6428	0.962	0.594	11625	0.919
MAX	-3.71	8	-0.24	0.406	6429	0.962	0.594	11624	0.919
PRELID2	-3.71	8	-0.24	0.407	6430	0.962	0.593	11623	0.919
UACA	-3.71	8	-0.24	0.407	6431	0.962	0.593	11622	0.919
HPS4	-3.71	8	-0.24	0.407	6432	0.962	0.593	11621	0.919
AP3S2	-3.21	6	-0.24	0.407	6433	0.962	0.593	11620	0.919
MED29	-3.71	8	-0.24	0.407	6434	0.962	0.593	11619	0.919
NUDT3	-3.71	8	-0.24	0.407	6435	0.962	0.593	11618	0.919
OR7C1	-3.71	8	-0.24	0.407	6436	0.962	0.593	11617	0.919
EML6	-3.71	8	-0.24	0.407	6437	0.962	0.593	11616	0.919
OR6K2	-3.71	8	-0.24	0.407	6438	0.962	0.593	11615	0.919
SLC25A38	-3.71	8	-0.24	0.407	6439	0.962	0.593	11614	0.919
IGFLR1	-3.71	8	-0.24	0.407	6440	0.962	0.593	11613	0.919
ACAP2	-3.71	8	-0.24	0.407	6441	0.962	0.593	11612	0.919
ZNF546	-3.71	8	-0.24	0.407	6442	0.962	0.593	11611	0.919
ST6GALNAC4	-3.71	8	-0.24	0.407	6443	0.962	0.593	11610	0.919
FAM9C	-3.70	8	-0.24	0.407	6444	0.962	0.593	11609	0.919
FSIP2	-3.70	8	-0.24	0.407	6445	0.962	0.593	11608	0.919
TRIM5	-3.70	8	-0.24	0.407	6446	0.962	0.593	11607	0.919
LCT	-3.70	8	-0.24	0.407	6447	0.962	0.593	11606	0.919
CGGBP1	-3.70	8	-0.24	0.407	6448	0.962	0.593	11605	0.919
OPN3	-3.70	8	-0.24	0.407	6449	0.962	0.593	11604	0.919
ASB2	-3.21	6	-0.24	0.407	6450	0.962	0.593	11603	0.919
TEX2	-3.70	8	-0.24	0.407	6451	0.962	0.593	11602	0.919
SLC18A3	-3.70	8	-0.23	0.407	6452	0.962	0.593	11601	0.919
AIF1	-3.70	8	-0.23	0.407	6453	0.962	0.593	11600	0.919
TTC26	-3.70	8	-0.23	0.407	6454	0.962	0.593	11599	0.919
ZNF721	-3.70	8	-0.23	0.407	6455	0.962	0.593	11598	0.919
KIFC2	-3.70	8	-0.23	0.407	6456	0.962	0.593	11597	0.919
DNMT1	-3.70	8	-0.23	0.408	6457	0.962	0.592	11596	0.919
ABCG8	-3.70	8	-0.23	0.408	6458	0.962	0.592	11595	0.919
ZNF473	-3.70	8	-0.23	0.408	6459	0.962	0.592	11594	0.919
PRDX6	-3.70	8	-0.23	0.408	6460	0.962	0.592	11593	0.919
PCDHGB6	-3.70	8	-0.23	0.408	6461	0.962	0.592	11592	0.919
CORO2B	-3.70	8	-0.23	0.408	6462	0.962	0.592	11591	0.919
DLG3	-3.70	8	-0.23	0.408	6463	0.962	0.592	11590	0.919
SELP	-3.70	8	-0.23	0.408	6464	0.962	0.592	11589	0.919
RBM34	-3.70	8	-0.23	0.408	6465	0.962	0.592	11588	0.919
RTN4RL2	-3.70	8	-0.23	0.408	6466	0.962	0.592	11587	0.919
HTR1D	-3.70	8	-0.23	0.408	6467	0.962	0.592	11586	0.919
INTS12	-3.69	8	-0.23	0.408	6468	0.962	0.592	11585	0.919
TMUB2	-3.69	8	-0.23	0.408	6469	0.962	0.592	11584	0.919
CREBL2	-3.69	8	-0.23	0.408	6470	0.962	0.592	11583	0.919
SLC38A6	-3.69	8	-0.23	0.408	6471	0.962	0.592	11582	0.919
CLEC2A	-3.69	8	-0.23	0.408	6472	0.962	0.592	11581	0.919
BCAP31	-3.69	8	-0.23	0.408	6473	0.962	0.592	11580	0.919
DUSP18	-3.69	8	-0.23	0.408	6474	0.962	0.592	11579	0.919
SART1	-3.69	8	-0.23	0.408	6475	0.962	0.592	11578	0.919
MVP	-3.69	8	-0.23	0.408	6476	0.962	0.592	11577	0.919
MOSPD3	-3.69	8	-0.23	0.408	6477	0.962	0.592	11576	0.919
PTGER3	-3.69	8	-0.23	0.408	6478	0.962	0.592	11575	0.919
TSPAN6	-3.69	8	-0.23	0.408	6479	0.962	0.592	11574	0.919
SULF1	-3.69	8	-0.23	0.408	6480	0.962	0.592	11573	0.919
C2orf76	-3.69	8	-0.23	0.408	6481	0.962	0.592	11572	0.919
NUB1	-3.69	8	-0.23	0.408	6482	0.962	0.592	11571	0.919
GSDMC	-3.69	8	-0.23	0.409	6483	0.962	0.591	11570	0.919
PEMT	-3.69	8	-0.23	0.409	6484	0.962	0.591	11569	0.919
TCP11	-3.19	6	-0.23	0.409	6485	0.962	0.591	11568	0.919
CADM3	-3.69	8	-0.23	0.409	6486	0.962	0.591	11567	0.919
PKHD1	-3.69	8	-0.23	0.409	6487	0.962	0.591	11566	0.919
TACR2	-3.69	8	-0.23	0.409	6488	0.962	0.591	11565	0.919
OR9G4	-3.68	8	-0.23	0.409	6489	0.962	0.591	11564	0.919
FAR1	-3.68	8	-0.23	0.409	6490	0.962	0.591	11563	0.919
TDRD10	-3.68	8	-0.23	0.409	6491	0.962	0.591	11562	0.919
ATG10	-3.68	8	-0.23	0.409	6492	0.962	0.591	11561	0.919
ANKLE2	-3.68	8	-0.23	0.409	6493	0.962	0.591	11560	0.919
BHMT	-3.68	8	-0.23	0.409	6494	0.962	0.591	11559	0.919
C8orf74	-3.68	8	-0.23	0.409	6495	0.962	0.591	11558	0.919
ZBTB21	-3.68	8	-0.23	0.409	6496	0.962	0.591	11557	0.919
SON	-3.68	8	-0.23	0.409	6497	0.962	0.591	11556	0.919
FMO1	-3.68	8	-0.23	0.409	6498	0.962	0.591	11555	0.919
UGT1A10	-2.60	4	-0.23	0.409	6499	0.962	0.591	11554	0.919
MDFIC	-3.68	8	-0.23	0.41	6500	0.962	0.59	11553	0.919
TFEC	-3.19	6	-0.23	0.41	6501	0.962	0.59	11552	0.919
KIAA1919	-3.68	8	-0.23	0.41	6502	0.962	0.59	11551	0.919
ATP5SL	-3.68	8	-0.23	0.41	6503	0.962	0.59	11550	0.919
PDE6B	-3.68	8	-0.23	0.41	6504	0.962	0.59	11549	0.919
RECQL	-3.67	8	-0.23	0.41	6505	0.962	0.59	11548	0.919
ARHGEF5	-3.67	8	-0.23	0.41	6506	0.962	0.59	11547	0.919
MCRS1	-3.67	8	-0.23	0.41	6507	0.962	0.59	11546	0.919
C19orf80	-3.67	8	-0.23	0.41	6508	0.962	0.59	11545	0.919
PDK3	-3.67	8	-0.23	0.41	6509	0.962	0.59	11544	0.919
WDFY1	-3.67	8	-0.23	0.41	6510	0.962	0.59	11543	0.919
C6orf89	-3.67	8	-0.23	0.41	6511	0.962	0.59	11542	0.919
NUDT13	-3.67	8	-0.23	0.41	6512	0.962	0.59	11541	0.919
KLHL22	-3.67	8	-0.23	0.41	6513	0.962	0.59	11540	0.919
UBE2E3	-3.67	8	-0.23	0.411	6514	0.962	0.589	11539	0.919
MTMR11	-3.67	8	-0.23	0.411	6515	0.962	0.589	11538	0.919
PCTP	-3.67	8	-0.23	0.411	6516	0.962	0.589	11537	0.919
USP33	-3.67	8	-0.23	0.411	6517	0.962	0.589	11536	0.919
EBF4	-3.67	8	-0.23	0.411	6518	0.962	0.589	11535	0.919
DAW1	-3.67	8	-0.23	0.411	6519	0.962	0.589	11534	0.919
MUTYH	-3.67	8	-0.23	0.411	6520	0.962	0.589	11533	0.919
PRPH2	-3.67	8	-0.23	0.411	6521	0.962	0.589	11532	0.919
TMEM235	-3.67	8	-0.23	0.411	6522	0.962	0.589	11531	0.919
AGBL5	-3.66	8	-0.23	0.411	6523	0.962	0.589	11530	0.919
DGAT2	-3.66	8	-0.22	0.411	6524	0.962	0.589	11529	0.919
RPUSD3	-3.66	8	-0.22	0.411	6525	0.962	0.589	11528	0.919
POLR2J	-2.59	4	-0.22	0.411	6526	0.962	0.589	11527	0.919
SLC41A2	-3.66	8	-0.22	0.411	6527	0.962	0.589	11526	0.919
ALDH9A1	-3.66	8	-0.22	0.411	6528	0.962	0.589	11525	0.919
FAM173B	-3.66	8	-0.22	0.411	6529	0.962	0.589	11524	0.919
DCUN1D4	-3.66	8	-0.22	0.411	6530	0.962	0.589	11523	0.919
PATE2	-3.66	8	-0.22	0.411	6531	0.962	0.589	11522	0.919
ZFP36L1	-3.66	8	-0.22	0.411	6532	0.962	0.589	11521	0.919
AC009892.10	-1.83	2	-0.22	0.411	6533	0.962	0.589	11520	0.919
TMEM81	-3.66	8	-0.22	0.411	6534	0.962	0.589	11519	0.919
E2F5	-3.66	8	-0.22	0.411	6535	0.962	0.589	11518	0.919
MNS1	-3.66	8	-0.22	0.411	6536	0.962	0.589	11517	0.919
SFMBT1	-3.66	8	-0.22	0.412	6537	0.962	0.588	11516	0.919
KNTC1	-3.66	8	-0.22	0.412	6538	0.962	0.588	11515	0.919
C15orf38	-2.59	4	-0.22	0.412	6539	0.962	0.588	11514	0.919
MOB1B	-3.66	8	-0.22	0.412	6540	0.962	0.588	11513	0.919
UPP2	-3.66	8	-0.22	0.412	6541	0.962	0.588	11512	0.919
NCKIPSD	-3.66	8	-0.22	0.412	6542	0.962	0.588	11511	0.919
NLRC4	-3.66	8	-0.22	0.412	6543	0.962	0.588	11510	0.919
CABLES2	-3.66	8	-0.22	0.412	6544	0.962	0.588	11509	0.919
LY6G5B	-3.66	8	-0.22	0.412	6545	0.962	0.588	11508	0.919
C11orf65	-3.66	8	-0.22	0.412	6546	0.962	0.588	11507	0.919
COX6A1P2	-3.66	8	-0.22	0.412	6547	0.962	0.588	11506	0.919
HN1	-3.66	8	-0.22	0.412	6548	0.962	0.588	11505	0.919
NKIRAS1	-3.66	8	-0.22	0.412	6549	0.962	0.588	11504	0.919
LENG1	-3.65	8	-0.22	0.412	6550	0.962	0.588	11503	0.919
LRRC7	-3.65	8	-0.22	0.412	6551	0.962	0.588	11502	0.919
NDUFS1	-3.65	8	-0.22	0.412	6552	0.962	0.588	11501	0.919
TUSC1	-3.65	8	-0.22	0.412	6553	0.962	0.588	11500	0.919
STAM	-3.65	8	-0.22	0.412	6554	0.962	0.588	11499	0.919
MORF4L2	-3.65	8	-0.22	0.412	6555	0.962	0.588	11498	0.919
ZNF384	-3.65	8	-0.22	0.412	6556	0.962	0.588	11497	0.919
ABCD4	-3.65	8	-0.22	0.412	6557	0.962	0.588	11496	0.919
SPOCK1	-3.65	8	-0.22	0.412	6558	0.962	0.588	11495	0.919
PPM1D	-3.65	8	-0.22	0.412	6559	0.962	0.588	11494	0.919
FAM47E	-3.65	8	-0.22	0.412	6560	0.962	0.588	11493	0.919
NTMT1	-3.65	8	-0.22	0.412	6561	0.962	0.588	11492	0.919
SLC4A1AP	-3.65	8	-0.22	0.412	6562	0.962	0.588	11491	0.919
NAP1L3	-3.65	8	-0.22	0.412	6563	0.962	0.588	11490	0.919
OR10A4	-3.65	8	-0.22	0.412	6564	0.962	0.588	11489	0.919
LHFPL4	-3.65	8	-0.22	0.412	6565	0.962	0.588	11488	0.919
RCAN1	-3.65	8	-0.22	0.412	6566	0.962	0.588	11487	0.919
SLC18B1	-3.65	8	-0.22	0.412	6567	0.962	0.588	11486	0.919
ARSJ	-3.16	6	-0.22	0.412	6568	0.962	0.588	11485	0.919
PRELID1	-3.65	8	-0.22	0.412	6569	0.962	0.588	11484	0.919
NUP153	-3.65	8	-0.22	0.412	6570	0.962	0.588	11483	0.919
WDR13	-3.65	8	-0.22	0.412	6571	0.962	0.588	11482	0.919
DNAH8	-3.65	8	-0.22	0.413	6572	0.962	0.587	11481	0.919
IFNAR1	-3.65	8	-0.22	0.413	6573	0.962	0.587	11480	0.919
GPSM3	-3.65	8	-0.22	0.413	6574	0.962	0.587	11479	0.919
ANTXR1	-3.65	8	-0.22	0.413	6575	0.962	0.587	11478	0.919
PGC	-3.65	8	-0.22	0.413	6576	0.962	0.587	11477	0.919
MAPK9	-3.64	8	-0.22	0.413	6577	0.962	0.587	11476	0.919
C20orf195	-3.64	8	-0.22	0.413	6578	0.962	0.587	11475	0.919
CYLC2	-3.64	8	-0.22	0.413	6579	0.962	0.587	11474	0.919
GP2	-3.64	8	-0.22	0.413	6580	0.962	0.587	11473	0.919
FLCN	-3.64	8	-0.22	0.413	6581	0.962	0.587	11472	0.919
SOX6	-3.64	8	-0.22	0.413	6582	0.962	0.587	11471	0.919
KATNA1	-3.64	8	-0.22	0.413	6583	0.962	0.587	11470	0.919
TJP1	-3.41	7	-0.22	0.413	6584	0.962	0.587	11469	0.919
EMX2	-3.64	8	-0.22	0.413	6585	0.962	0.587	11468	0.919
NEFH	-3.64	8	-0.22	0.413	6586	0.962	0.587	11467	0.919
FMO4	-3.64	8	-0.22	0.413	6587	0.962	0.587	11466	0.919
MCFD2	-3.64	8	-0.22	0.413	6588	0.962	0.587	11465	0.919
ABCA7	-3.64	8	-0.22	0.413	6589	0.962	0.587	11464	0.919
WNT5B	-3.64	8	-0.22	0.413	6590	0.962	0.587	11463	0.919
ZNF311	-3.64	8	-0.22	0.414	6591	0.962	0.586	11462	0.919
ARRDC1	-3.64	8	-0.22	0.414	6592	0.962	0.586	11461	0.919
GJA1	-3.64	8	-0.22	0.414	6593	0.962	0.586	11460	0.919
KDM4C	-3.64	8	-0.22	0.414	6594	0.962	0.586	11459	0.919
FAM129B	-3.64	8	-0.22	0.414	6595	0.962	0.586	11458	0.919
SPDYA	-3.64	8	-0.22	0.414	6596	0.962	0.586	11457	0.919
DTX4	-3.64	8	-0.22	0.414	6597	0.962	0.586	11456	0.919
ACYP2	-3.64	8	-0.22	0.414	6598	0.962	0.586	11455	0.919
SHD	-3.64	8	-0.22	0.414	6599	0.962	0.586	11454	0.919
PIKFYVE	-3.64	8	-0.22	0.414	6600	0.962	0.586	11453	0.919
PACSIN3	-3.15	6	-0.22	0.414	6601	0.962	0.586	11452	0.919
TSHZ3	-3.64	8	-0.22	0.414	6602	0.962	0.586	11451	0.919
CEACAM3	-3.64	8	-0.22	0.414	6603	0.962	0.586	11450	0.919
PDC	-3.64	8	-0.22	0.414	6604	0.962	0.586	11449	0.919
SLC14A1	-3.63	8	-0.22	0.414	6605	0.962	0.586	11448	0.919
RAG1	-3.63	8	-0.22	0.414	6606	0.962	0.586	11447	0.919
SGSM3	-3.63	8	-0.22	0.414	6607	0.962	0.586	11446	0.919
DHRS7	-3.63	8	-0.22	0.414	6608	0.962	0.586	11445	0.919
HHIPL1	-3.63	8	-0.22	0.414	6609	0.962	0.586	11444	0.919
ZNF576	-3.63	8	-0.22	0.414	6610	0.962	0.586	11443	0.919
FAM91A1	-3.63	8	-0.22	0.414	6611	0.962	0.586	11442	0.919
ZNF189	-3.63	8	-0.22	0.414	6612	0.962	0.586	11441	0.919
ECT2	-3.63	8	-0.22	0.414	6613	0.962	0.586	11440	0.919
ULBP2	-2.57	4	-0.22	0.414	6614	0.962	0.586	11439	0.919
SQSTM1	-3.63	8	-0.22	0.414	6615	0.962	0.586	11438	0.919
RHBDF1	-3.63	8	-0.22	0.414	6616	0.962	0.586	11437	0.919
TMEM107	-3.63	8	-0.22	0.414	6617	0.962	0.586	11436	0.919
SARM1	-3.63	8	-0.22	0.415	6618	0.962	0.585	11435	0.919
PDE4C	-3.63	8	-0.22	0.415	6619	0.962	0.585	11434	0.919
LLGL1	-3.63	8	-0.22	0.415	6620	0.962	0.585	11433	0.919
RAB5A	-3.63	8	-0.22	0.415	6621	0.962	0.585	11432	0.919
ABHD16B	-3.63	8	-0.22	0.415	6622	0.962	0.585	11431	0.919
SNTA1	-3.63	8	-0.22	0.415	6623	0.962	0.585	11430	0.919
XPNPEP2	-3.63	8	-0.22	0.415	6624	0.962	0.585	11429	0.919
PRKCB	-3.63	8	-0.22	0.415	6625	0.962	0.585	11428	0.919
SP100	-3.63	8	-0.22	0.415	6626	0.962	0.585	11427	0.919
OR2W1	-3.62	8	-0.21	0.415	6627	0.962	0.585	11426	0.919
GUCY2F	-3.62	8	-0.21	0.415	6628	0.962	0.585	11425	0.919
STK19	-3.62	8	-0.21	0.415	6629	0.962	0.585	11424	0.919
RLN1	-3.62	8	-0.21	0.415	6630	0.962	0.585	11423	0.919
SDC3	-3.62	8	-0.21	0.415	6631	0.962	0.585	11422	0.919
OR10W1	-3.62	8	-0.21	0.415	6632	0.962	0.585	11421	0.919
CD97	-3.62	8	-0.21	0.415	6633	0.962	0.585	11420	0.919
RAB40B	-3.62	8	-0.21	0.415	6634	0.962	0.585	11419	0.919
GNAQ	-3.62	8	-0.21	0.416	6635	0.962	0.584	11418	0.919
CENPJ	-3.62	8	-0.21	0.416	6636	0.962	0.584	11417	0.919
FH	-3.62	8	-0.21	0.416	6637	0.962	0.584	11416	0.919
LYST	-3.62	8	-0.21	0.416	6638	0.962	0.584	11415	0.919
OR52K2	-3.62	8	-0.21	0.416	6639	0.962	0.584	11414	0.919
GIP	-3.62	8	-0.21	0.416	6640	0.962	0.584	11413	0.919
CAB39	-3.62	8	-0.21	0.416	6641	0.962	0.584	11412	0.919
TPP1	-3.62	8	-0.21	0.416	6642	0.962	0.584	11411	0.919
CIB2	-3.62	8	-0.21	0.416	6643	0.962	0.584	11410	0.919
CYSLTR2	-3.13	6	-0.21	0.416	6644	0.962	0.584	11409	0.919
KCNJ16	-3.62	8	-0.21	0.416	6645	0.962	0.584	11408	0.919
CYP11B2	-3.61	8	-0.21	0.416	6646	0.962	0.584	11407	0.919
ZNF568	-3.61	8	-0.21	0.416	6647	0.962	0.584	11406	0.919
TMEM130	-3.61	8	-0.21	0.416	6648	0.962	0.584	11405	0.919
TRIM43	-3.61	8	-0.21	0.416	6649	0.962	0.584	11404	0.919
MAPRE1	-3.61	8	-0.21	0.416	6650	0.962	0.584	11403	0.919
CPT1A	-3.61	8	-0.21	0.416	6651	0.962	0.584	11402	0.919
AFTPH	-3.61	8	-0.21	0.416	6652	0.962	0.584	11401	0.919
USP53	-3.61	8	-0.21	0.416	6653	0.962	0.584	11400	0.919
KLHL24	-3.61	8	-0.21	0.416	6654	0.962	0.584	11399	0.919
PRPSAP1	-3.61	8	-0.21	0.416	6655	0.962	0.584	11398	0.919
LRFN1	-3.61	8	-0.21	0.416	6656	0.962	0.584	11397	0.919
MS4A3	-3.61	8	-0.21	0.416	6657	0.962	0.584	11396	0.919
ZNF382	-3.61	8	-0.21	0.416	6658	0.962	0.584	11395	0.919
DPCR1	-3.61	8	-0.21	0.416	6659	0.962	0.584	11394	0.919
NCS1	-3.61	8	-0.21	0.416	6660	0.962	0.584	11393	0.919
DPYSL2	-3.61	8	-0.21	0.417	6661	0.962	0.583	11392	0.919
CCRL2	-3.61	8	-0.21	0.417	6662	0.962	0.583	11391	0.919
NBR1	-3.61	8	-0.21	0.417	6663	0.962	0.583	11390	0.919
CAPN12	-3.61	8	-0.21	0.417	6664	0.962	0.583	11389	0.919
OR4K2	-3.61	8	-0.21	0.417	6665	0.962	0.583	11388	0.919
M1AP	-3.61	8	-0.21	0.417	6666	0.962	0.583	11387	0.919
NAPG	-3.61	8	-0.21	0.417	6667	0.962	0.583	11386	0.919
UBXN11	-3.61	8	-0.21	0.417	6668	0.962	0.583	11385	0.919
PIM3	-3.60	8	-0.21	0.417	6669	0.962	0.583	11384	0.919
MAZ	-3.60	8	-0.21	0.417	6670	0.962	0.583	11383	0.919
SYNGAP1	-3.60	8	-0.21	0.417	6671	0.962	0.583	11382	0.919
ELFN1	-3.60	8	-0.21	0.417	6672	0.962	0.583	11381	0.919
GPX1	-3.60	8	-0.21	0.417	6673	0.962	0.583	11380	0.919
CEP89	-3.60	8	-0.21	0.417	6674	0.962	0.583	11379	0.919
KLK4	-3.60	8	-0.21	0.417	6675	0.962	0.583	11378	0.919
KDELR3	-3.60	8	-0.21	0.417	6676	0.962	0.583	11377	0.919
CCDC91	-3.60	8	-0.21	0.418	6677	0.962	0.582	11376	0.919
CDC42EP5	-3.60	8	-0.21	0.418	6678	0.962	0.582	11375	0.919
CAD	-3.60	8	-0.21	0.418	6679	0.962	0.582	11374	0.919
ZSCAN16	-3.60	8	-0.21	0.418	6680	0.962	0.582	11373	0.919
TGM2	-3.60	8	-0.21	0.418	6681	0.962	0.582	11372	0.919
MEGF9	-3.60	8	-0.21	0.418	6682	0.962	0.582	11371	0.919
GPM6A	-3.60	8	-0.21	0.418	6683	0.962	0.582	11370	0.919
SLCO1B3	-3.60	8	-0.21	0.418	6684	0.962	0.582	11369	0.919
GABARAPL1	-3.60	8	-0.21	0.418	6685	0.962	0.582	11368	0.919
GPR137C	-3.60	8	-0.21	0.418	6686	0.962	0.582	11367	0.919
IZUMO1	-3.60	8	-0.21	0.418	6687	0.962	0.582	11366	0.919
DACH2	-3.60	8	-0.21	0.418	6688	0.962	0.582	11365	0.919
CDHR2	-3.60	8	-0.21	0.418	6689	0.962	0.582	11364	0.919
KRTCAP2	-3.60	8	-0.21	0.418	6690	0.962	0.582	11363	0.919
SLC13A4	-3.59	8	-0.21	0.418	6691	0.962	0.582	11362	0.919
EXOC3L2	-3.59	8	-0.21	0.418	6692	0.962	0.582	11361	0.919
DEFA4	-3.59	8	-0.21	0.418	6693	0.962	0.582	11360	0.919
GNRH2	-3.59	8	-0.21	0.418	6694	0.962	0.582	11359	0.919
CSTF2T	-3.59	8	-0.21	0.418	6695	0.962	0.582	11358	0.919
DUOXA2	-3.59	8	-0.21	0.418	6696	0.962	0.582	11357	0.919
NEK6	-3.59	8	-0.21	0.418	6697	0.962	0.582	11356	0.919
BOK	-3.59	8	-0.21	0.418	6698	0.962	0.582	11355	0.919
GSTA4	-3.59	8	-0.21	0.418	6699	0.962	0.582	11354	0.919
TTC39A	-3.59	8	-0.21	0.419	6700	0.962	0.581	11353	0.919
FBXW12	-3.59	8	-0.20	0.419	6701	0.962	0.581	11352	0.919
FXYD3	-3.35	7	-0.20	0.419	6702	0.962	0.581	11351	0.919
ZSCAN12	-3.59	8	-0.20	0.419	6703	0.962	0.581	11350	0.919
ACSM3	-3.59	8	-0.20	0.419	6704	0.962	0.581	11349	0.919
TMEM176B	-3.59	8	-0.20	0.419	6705	0.962	0.581	11348	0.919
FOXJ3	-3.58	8	-0.20	0.419	6706	0.962	0.581	11347	0.919
PDGFC	-3.58	8	-0.20	0.419	6707	0.962	0.581	11346	0.919
ABHD15	-3.58	8	-0.20	0.419	6708	0.962	0.581	11345	0.919
NRTN	-3.58	8	-0.20	0.419	6709	0.962	0.581	11344	0.919
IGFBP2	-3.58	8	-0.20	0.419	6710	0.962	0.581	11343	0.919
TNFSF18	-3.58	8	-0.20	0.419	6711	0.962	0.581	11342	0.919
SMAD1	-3.58	8	-0.20	0.419	6712	0.962	0.581	11341	0.919
CMBL	-3.58	8	-0.20	0.419	6713	0.962	0.581	11340	0.919
COX8C	-3.58	8	-0.20	0.419	6714	0.962	0.581	11339	0.919
COLGALT1	-3.58	8	-0.20	0.419	6715	0.962	0.581	11338	0.919
IQSEC3	-3.58	8	-0.20	0.419	6716	0.962	0.581	11337	0.919
ARL16	-3.58	8	-0.20	0.419	6717	0.962	0.581	11336	0.919
NAT16	-3.58	8	-0.20	0.419	6718	0.962	0.581	11335	0.919
GKN1	-3.58	8	-0.20	0.42	6719	0.962	0.58	11334	0.919
TAS2R19	-1.79	2	-0.20	0.42	6720	0.962	0.58	11333	0.919
GPR87	-3.58	8	-0.20	0.42	6721	0.962	0.58	11332	0.919
CASP3	-3.58	8	-0.20	0.42	6722	0.962	0.58	11331	0.919
BAX	-3.58	8	-0.20	0.42	6723	0.962	0.58	11330	0.919
RAVER2	-3.58	8	-0.20	0.42	6724	0.962	0.58	11329	0.919
LYPD2	-3.58	8	-0.20	0.42	6725	0.962	0.58	11328	0.919
LARP7	-3.58	8	-0.20	0.42	6726	0.962	0.58	11327	0.919
BEND4	-3.58	8	-0.20	0.42	6727	0.962	0.58	11326	0.919
WDR31	-3.57	8	-0.20	0.42	6728	0.962	0.58	11325	0.919
ZNF793	-3.57	8	-0.20	0.42	6729	0.962	0.58	11324	0.919
SLC22A18AS	-3.57	8	-0.20	0.42	6730	0.962	0.58	11323	0.919
FAM107A	-3.57	8	-0.20	0.42	6731	0.962	0.58	11322	0.919
CABS1	-3.57	8	-0.20	0.42	6732	0.962	0.58	11321	0.919
STARD7	-3.57	8	-0.20	0.42	6733	0.962	0.58	11320	0.919
TRAPPC3L	-3.57	8	-0.20	0.42	6734	0.962	0.58	11319	0.919
KLHL23	-3.57	8	-0.20	0.42	6735	0.962	0.58	11318	0.919
CST1	-3.57	8	-0.20	0.421	6736	0.962	0.579	11317	0.919
SCMH1	-3.57	8	-0.20	0.421	6737	0.962	0.579	11316	0.919
BRAP	-3.57	8	-0.20	0.421	6738	0.962	0.579	11315	0.919
RD3	-3.57	8	-0.20	0.421	6739	0.962	0.579	11314	0.919
CEP85L	-3.57	8	-0.20	0.421	6740	0.962	0.579	11313	0.919
ERO1LB	-3.57	8	-0.20	0.421	6741	0.962	0.579	11312	0.919
SLC4A3	-3.57	8	-0.20	0.421	6742	0.962	0.579	11311	0.919
WDR47	-3.09	6	-0.20	0.421	6743	0.962	0.579	11310	0.919
MAN2A1	-3.57	8	-0.20	0.421	6744	0.962	0.579	11309	0.919
GPR116	-3.56	8	-0.20	0.421	6745	0.962	0.579	11308	0.919
GPR82	-3.56	8	-0.20	0.421	6746	0.962	0.579	11307	0.919
CD226	-3.56	8	-0.20	0.421	6747	0.962	0.579	11306	0.919
GPR111	-3.09	6	-0.20	0.421	6748	0.962	0.579	11305	0.919
IFNK	-3.56	8	-0.20	0.421	6749	0.962	0.579	11304	0.919
SCO1	-3.56	8	-0.20	0.421	6750	0.962	0.579	11303	0.919
NEUROD6	-3.56	8	-0.20	0.421	6751	0.962	0.579	11302	0.919
NSRP1	-3.56	8	-0.20	0.421	6752	0.962	0.579	11301	0.919
NPEPL1	-3.56	8	-0.20	0.421	6753	0.962	0.579	11300	0.919
ZNF808	-3.56	8	-0.20	0.421	6754	0.962	0.579	11299	0.919
SIM2	-3.56	8	-0.20	0.421	6755	0.962	0.579	11298	0.919
RELB	-3.56	8	-0.20	0.421	6756	0.962	0.579	11297	0.919
UBE2D3	-2.52	4	-0.20	0.421	6757	0.962	0.579	11296	0.919
ELOVL1	-3.56	8	-0.20	0.422	6758	0.962	0.578	11295	0.919
ZNF668	-3.56	8	-0.20	0.422	6759	0.962	0.578	11294	0.919
SEMA6C	-3.56	8	-0.20	0.422	6760	0.962	0.578	11293	0.919
ITGA9	-3.56	8	-0.20	0.422	6761	0.962	0.578	11292	0.919
SV2A	-3.56	8	-0.20	0.422	6762	0.962	0.578	11291	0.919
GLTSCR2	-3.56	8	-0.20	0.422	6763	0.962	0.578	11290	0.919
FGF19	-3.56	8	-0.20	0.422	6764	0.962	0.578	11289	0.919
PRG2	-3.56	8	-0.20	0.422	6765	0.962	0.578	11288	0.919
RP11-770J1.4	-3.56	8	-0.20	0.422	6766	0.962	0.578	11287	0.919
PCNX	-3.56	8	-0.20	0.422	6767	0.962	0.578	11286	0.919
NRXN1	-3.56	8	-0.20	0.422	6768	0.962	0.578	11285	0.919
MEIOB	-3.55	8	-0.20	0.422	6769	0.962	0.578	11284	0.919
EPO	-3.55	8	-0.20	0.422	6770	0.962	0.578	11283	0.919
GPATCH4	-3.55	8	-0.20	0.422	6771	0.962	0.578	11282	0.919
SLC35F3	-3.55	8	-0.20	0.422	6772	0.962	0.578	11281	0.919
DOCK8	-3.55	8	-0.20	0.422	6773	0.962	0.578	11280	0.919
SLC30A5	-3.55	8	-0.20	0.422	6774	0.962	0.578	11279	0.919
CABP1	-3.08	6	-0.20	0.422	6775	0.962	0.578	11278	0.919
FAM189B	-3.55	8	-0.20	0.422	6776	0.962	0.578	11277	0.919
PCYOX1L	-3.55	8	-0.20	0.422	6777	0.962	0.578	11276	0.919
RUSC1	-3.55	8	-0.20	0.422	6778	0.962	0.578	11275	0.919
VAV2	-3.55	8	-0.20	0.422	6779	0.962	0.578	11274	0.919
OR5R1	-3.55	8	-0.20	0.422	6780	0.962	0.578	11273	0.919
SLA2	-3.55	8	-0.20	0.422	6781	0.962	0.578	11272	0.919
HMHA1	-3.55	8	-0.20	0.422	6782	0.962	0.578	11271	0.919
HBP1	-3.55	8	-0.20	0.422	6783	0.962	0.578	11270	0.919
RGPD2	-3.07	6	-0.20	0.423	6784	0.962	0.577	11269	0.919
TMPRSS5	-3.55	8	-0.20	0.423	6785	0.962	0.577	11268	0.919
RDH12	-3.55	8	-0.19	0.423	6786	0.962	0.577	11267	0.919
TRIM16	-3.55	8	-0.19	0.423	6787	0.962	0.577	11266	0.919
PPA2	-3.55	8	-0.19	0.423	6788	0.962	0.577	11265	0.919
ESAM	-3.54	8	-0.19	0.423	6789	0.962	0.577	11264	0.919
DPH3	-3.54	8	-0.19	0.423	6790	0.962	0.577	11263	0.919
LINGO4	-3.54	8	-0.19	0.423	6791	0.962	0.577	11262	0.919
GSX1	-3.54	8	-0.19	0.423	6792	0.962	0.577	11261	0.919
RAB2B	-3.54	8	-0.19	0.423	6793	0.962	0.577	11260	0.919
ATP2B4	-3.54	8	-0.19	0.423	6794	0.962	0.577	11259	0.919
CCDC47	-3.54	8	-0.19	0.423	6795	0.962	0.577	11258	0.919
ID3	-3.54	8	-0.19	0.423	6796	0.962	0.577	11257	0.919
RNF130	-3.54	8	-0.19	0.423	6797	0.962	0.577	11256	0.919
ADAM12	-3.54	8	-0.19	0.423	6798	0.962	0.577	11255	0.919
THY1	-3.54	8	-0.19	0.424	6799	0.962	0.576	11254	0.919
LMTK3	-3.54	8	-0.19	0.424	6800	0.962	0.576	11253	0.919
GLA	-3.54	8	-0.19	0.424	6801	0.962	0.576	11252	0.919
KIAA1430	-3.54	8	-0.19	0.424	6802	0.962	0.576	11251	0.919
TESK1	-3.54	8	-0.19	0.424	6803	0.962	0.576	11250	0.919
ZBTB7B	-3.54	8	-0.19	0.424	6804	0.962	0.576	11249	0.919
KCNK3	-3.54	8	-0.19	0.424	6805	0.962	0.576	11248	0.919
SETD4	-3.54	8	-0.19	0.424	6806	0.962	0.576	11247	0.919
FEZ1	-3.54	8	-0.19	0.424	6807	0.962	0.576	11246	0.919
TFAP2A	-3.54	8	-0.19	0.424	6808	0.962	0.576	11245	0.919
RAD54B	-3.54	8	-0.19	0.424	6809	0.962	0.576	11244	0.919
RND2	-3.54	8	-0.19	0.424	6810	0.962	0.576	11243	0.919
PTK7	-3.53	8	-0.19	0.424	6811	0.962	0.576	11242	0.919
MIIP	-3.53	8	-0.19	0.424	6812	0.962	0.576	11241	0.919
PEAK1	-3.53	8	-0.19	0.424	6813	0.962	0.576	11240	0.919
LRRC37A3	-1.77	2	-0.19	0.424	6814	0.962	0.576	11239	0.919
TRABD	-3.53	8	-0.19	0.424	6815	0.962	0.576	11238	0.919
KIAA1210	-3.53	8	-0.19	0.424	6816	0.962	0.576	11237	0.919
WDSUB1	-3.53	8	-0.19	0.424	6817	0.962	0.576	11236	0.919
PIGQ	-3.53	8	-0.19	0.424	6818	0.962	0.576	11235	0.919
SLC37A2	-3.53	8	-0.19	0.424	6819	0.962	0.576	11234	0.919
DDX3Y	-3.53	8	-0.19	0.424	6820	0.962	0.576	11233	0.919
CCDC116	-3.53	8	-0.19	0.424	6821	0.962	0.576	11232	0.919
USP40	-3.53	8	-0.19	0.424	6822	0.962	0.576	11231	0.919
MGARP	-3.53	8	-0.19	0.425	6823	0.962	0.575	11230	0.919
TECPR2	-3.53	8	-0.19	0.425	6824	0.962	0.575	11229	0.919
PTPN4	-3.53	8	-0.19	0.425	6825	0.962	0.575	11228	0.919
ENO4	-3.53	8	-0.19	0.425	6826	0.962	0.575	11227	0.919
RGL1	-3.53	8	-0.19	0.425	6827	0.962	0.575	11226	0.919
TEX40	-2.49	4	-0.19	0.425	6828	0.962	0.575	11225	0.919
FRMD8	-3.53	8	-0.19	0.425	6829	0.962	0.575	11224	0.919
C7orf63	-3.53	8	-0.19	0.425	6830	0.962	0.575	11223	0.919
VIM	-3.53	8	-0.19	0.425	6831	0.962	0.575	11222	0.919
DTD1	-3.05	6	-0.19	0.425	6832	0.962	0.575	11221	0.919
TMEM35	-3.53	8	-0.19	0.425	6833	0.962	0.575	11220	0.919
MOB2	-3.53	8	-0.19	0.425	6834	0.962	0.575	11219	0.919
PFKL	-3.53	8	-0.19	0.425	6835	0.962	0.575	11218	0.919
ZBTB8B	-3.52	8	-0.19	0.425	6836	0.962	0.575	11217	0.919
ZBTB3	-3.52	8	-0.19	0.425	6837	0.962	0.575	11216	0.919
DNAH1	-3.52	8	-0.19	0.425	6838	0.962	0.575	11215	0.919
LRRIQ3	-3.52	8	-0.19	0.426	6839	0.962	0.574	11214	0.919
BMP1	-3.52	8	-0.19	0.426	6840	0.962	0.574	11213	0.919
CRIM1	-3.52	8	-0.19	0.426	6841	0.962	0.574	11212	0.919
C1orf50	-3.52	8	-0.19	0.426	6842	0.962	0.574	11211	0.919
EGR3	-3.52	8	-0.19	0.426	6843	0.962	0.574	11210	0.919
SLC20A1	-3.52	8	-0.19	0.426	6844	0.962	0.574	11209	0.919
MYLIP	-3.52	8	-0.19	0.426	6845	0.962	0.574	11208	0.919
TIFAB	-3.52	8	-0.19	0.426	6846	0.962	0.574	11207	0.919
CDK1	-3.52	8	-0.19	0.426	6847	0.962	0.574	11206	0.919
C8B	-3.52	8	-0.19	0.426	6848	0.962	0.574	11205	0.919
OR5M3	-3.52	8	-0.19	0.426	6849	0.962	0.574	11204	0.919
FCHSD1	-3.52	8	-0.19	0.426	6850	0.962	0.574	11203	0.919
ACKR3	-3.51	8	-0.19	0.426	6851	0.962	0.574	11202	0.919
OR6J1	-3.51	8	-0.19	0.426	6852	0.962	0.574	11201	0.919
GPR132	-3.51	8	-0.19	0.426	6853	0.962	0.574	11200	0.919
VILL	-3.51	8	-0.19	0.426	6854	0.962	0.574	11199	0.919
CTSA	-3.51	8	-0.19	0.426	6855	0.962	0.574	11198	0.919
HTRA4	-3.51	8	-0.19	0.426	6856	0.962	0.574	11197	0.919
ADAM18	-3.51	8	-0.19	0.427	6857	0.962	0.573	11196	0.919
SLC1A5	-3.51	8	-0.19	0.427	6858	0.962	0.573	11195	0.919
OR1J4	-3.51	8	-0.19	0.427	6859	0.962	0.573	11194	0.919
FZD10	-3.51	8	-0.19	0.427	6860	0.962	0.573	11193	0.919
CTGF	-3.51	8	-0.18	0.427	6861	0.962	0.573	11192	0.919
SLC22A9	-3.51	8	-0.18	0.427	6862	0.962	0.573	11191	0.919
FAM90A1	-3.04	6	-0.18	0.427	6863	0.962	0.573	11190	0.919
FOXL2	-3.51	8	-0.18	0.427	6864	0.962	0.573	11189	0.919
FAM89A	-3.51	8	-0.18	0.427	6865	0.962	0.573	11188	0.919
LIN52	-3.51	8	-0.18	0.427	6866	0.962	0.573	11187	0.919
PARK7	-3.51	8	-0.18	0.427	6867	0.962	0.573	11186	0.919
KRTAP19-4	-2.48	4	-0.18	0.427	6868	0.962	0.573	11185	0.919
TLN2	-3.50	8	-0.18	0.427	6869	0.962	0.573	11184	0.919
YJEFN3	-3.50	8	-0.18	0.427	6870	0.962	0.573	11183	0.919
EPS8L2	-3.50	8	-0.18	0.427	6871	0.962	0.573	11182	0.919
VAV3	-3.50	8	-0.18	0.427	6872	0.962	0.573	11181	0.919
XPO7	-3.50	8	-0.18	0.427	6873	0.962	0.573	11180	0.919
C5orf55	-3.50	8	-0.18	0.427	6874	0.962	0.573	11179	0.919
MBD3L1	-3.50	8	-0.18	0.427	6875	0.962	0.573	11178	0.919
HMGXB4	-3.50	8	-0.18	0.427	6876	0.962	0.573	11177	0.919
C1orf21	-3.50	8	-0.18	0.427	6877	0.962	0.573	11176	0.919
PRSS45	-3.50	8	-0.18	0.428	6878	0.962	0.572	11175	0.919
CGREF1	-3.50	8	-0.18	0.428	6879	0.962	0.572	11174	0.919
GNAS	-3.50	8	-0.18	0.428	6880	0.962	0.572	11173	0.919
PQLC1	-3.50	8	-0.18	0.428	6881	0.962	0.572	11172	0.919
LAMB3	-3.50	8	-0.18	0.428	6882	0.962	0.572	11171	0.919
CPA5	-3.50	8	-0.18	0.428	6883	0.962	0.572	11170	0.919
LHFPL1	-3.50	8	-0.18	0.428	6884	0.962	0.572	11169	0.919
ACRBP	-3.50	8	-0.18	0.428	6885	0.962	0.572	11168	0.919
ASAP3	-3.50	8	-0.18	0.428	6886	0.962	0.572	11167	0.919
AICDA	-3.50	8	-0.18	0.428	6887	0.962	0.572	11166	0.919
PTGIR	-3.50	8	-0.18	0.428	6888	0.962	0.572	11165	0.919
PDE3A	-3.50	8	-0.18	0.428	6889	0.962	0.572	11164	0.919
GARNL3	-3.50	8	-0.18	0.428	6890	0.962	0.572	11163	0.919
OR1L3	-3.50	8	-0.18	0.428	6891	0.962	0.572	11162	0.919
IL10	-3.49	8	-0.18	0.428	6892	0.962	0.572	11161	0.919
SPANXN4	-3.49	8	-0.18	0.428	6893	0.962	0.572	11160	0.919
ZNF783	-3.49	8	-0.18	0.428	6894	0.962	0.572	11159	0.919
RSPH3	-3.49	8	-0.18	0.428	6895	0.962	0.572	11158	0.919
CNTNAP4	-3.49	8	-0.18	0.428	6896	0.962	0.572	11157	0.919
ZNF286A	-3.49	8	-0.18	0.428	6897	0.962	0.572	11156	0.919
SPAG4	-3.49	8	-0.18	0.428	6898	0.962	0.572	11155	0.919
ZSCAN20	-3.49	8	-0.18	0.428	6899	0.962	0.572	11154	0.919
ATL1	-3.49	8	-0.18	0.429	6900	0.962	0.571	11153	0.919
SHE	-3.49	8	-0.18	0.429	6901	0.962	0.571	11152	0.919
REPIN1	-3.49	8	-0.18	0.429	6902	0.962	0.571	11151	0.919
MTX2	-3.49	8	-0.18	0.429	6903	0.962	0.571	11150	0.919
MINK1	-3.49	8	-0.18	0.429	6904	0.962	0.571	11149	0.919
LCE6A	-3.49	8	-0.18	0.429	6905	0.962	0.571	11148	0.919
ZNF165	-3.48	8	-0.18	0.429	6906	0.962	0.571	11147	0.919
STX1B	-3.48	8	-0.18	0.429	6907	0.962	0.571	11146	0.919
SYCE1L	-3.48	8	-0.18	0.429	6908	0.962	0.571	11145	0.919
FGD5	-3.48	8	-0.18	0.429	6909	0.962	0.571	11144	0.919
PIP5K1B	-3.48	8	-0.18	0.43	6910	0.962	0.57	11143	0.919
ZKSCAN7	-3.48	8	-0.18	0.43	6911	0.962	0.57	11142	0.919
ZNF17	-3.48	8	-0.18	0.43	6912	0.962	0.57	11141	0.919
SMCP	-3.48	8	-0.18	0.43	6913	0.962	0.57	11140	0.919
HDDC3	-3.48	8	-0.18	0.43	6914	0.962	0.57	11139	0.919
PLEKHN1	-3.48	8	-0.18	0.43	6915	0.962	0.57	11138	0.919
TRNP1	-3.48	8	-0.18	0.43	6916	0.962	0.57	11137	0.919
EFCAB9	-3.48	8	-0.18	0.43	6917	0.962	0.57	11136	0.919
RC3H2	-3.48	8	-0.18	0.43	6918	0.962	0.57	11135	0.919
TRIM47	-3.48	8	-0.18	0.43	6919	0.962	0.57	11134	0.919
CDYL2	-3.48	8	-0.18	0.43	6920	0.962	0.57	11133	0.919
SPATA31A6	-3.48	8	-0.18	0.43	6921	0.962	0.57	11132	0.919
C5orf46	-3.01	6	-0.18	0.43	6922	0.962	0.57	11131	0.919
NUDCD1	-3.48	8	-0.18	0.43	6923	0.962	0.57	11130	0.919
APEX2	-3.48	8	-0.18	0.43	6924	0.962	0.57	11129	0.919
SCARA3	-3.48	8	-0.18	0.43	6925	0.962	0.57	11128	0.919
UBE2L6	-3.47	8	-0.18	0.43	6926	0.962	0.57	11127	0.919
AK4	-3.47	8	-0.18	0.43	6927	0.962	0.57	11126	0.919
ALKBH3	-3.47	8	-0.18	0.43	6928	0.962	0.57	11125	0.919
TIGD2	-3.47	8	-0.18	0.43	6929	0.962	0.57	11124	0.919
CLPS	-3.47	8	-0.18	0.43	6930	0.962	0.57	11123	0.919
PTH	-3.47	8	-0.18	0.43	6931	0.962	0.57	11122	0.919
NCBP2	-3.47	8	-0.18	0.43	6932	0.962	0.57	11121	0.919
TJAP1	-3.47	8	-0.18	0.43	6933	0.962	0.57	11120	0.919
MSN	-3.47	8	-0.18	0.43	6934	0.962	0.57	11119	0.919
WDR20	-3.47	8	-0.18	0.431	6935	0.962	0.569	11118	0.919
GTF2F1	-3.47	8	-0.18	0.431	6936	0.962	0.569	11117	0.919
OR10R2	-3.47	8	-0.17	0.431	6937	0.962	0.569	11116	0.919
C9orf170	-3.47	8	-0.17	0.431	6938	0.962	0.569	11115	0.919
ZNF560	-3.47	8	-0.17	0.431	6939	0.962	0.569	11114	0.919
CD46	-3.47	8	-0.17	0.431	6940	0.962	0.569	11113	0.919
UBQLN4	-3.47	8	-0.17	0.431	6941	0.962	0.569	11112	0.919
MAP3K9	-3.47	8	-0.17	0.431	6942	0.962	0.569	11111	0.919
RNF38	-3.47	8	-0.17	0.431	6943	0.962	0.569	11110	0.919
FAM174A	-3.47	8	-0.17	0.431	6944	0.962	0.569	11109	0.919
TMEM138	-3.47	8	-0.17	0.431	6945	0.962	0.569	11108	0.919
AHNAK2	-3.47	8	-0.17	0.431	6946	0.962	0.569	11107	0.919
TTC29	-3.47	8	-0.17	0.431	6947	0.962	0.569	11106	0.919
ATP6V1B1	-3.46	8	-0.17	0.431	6948	0.962	0.569	11105	0.919
ABL1	-3.46	8	-0.17	0.431	6949	0.962	0.569	11104	0.919
KL	-3.46	8	-0.17	0.432	6950	0.962	0.568	11103	0.919
C20orf85	-3.46	8	-0.17	0.432	6951	0.962	0.568	11102	0.919
CLTB	-3.46	8	-0.17	0.432	6952	0.962	0.568	11101	0.919
ADO	-3.46	8	-0.17	0.432	6953	0.962	0.568	11100	0.919
STAMBP	-3.46	8	-0.17	0.432	6954	0.962	0.568	11099	0.919
GALR2	-3.46	8	-0.17	0.432	6955	0.962	0.568	11098	0.919
ADAM2	-3.46	8	-0.17	0.432	6956	0.962	0.568	11097	0.919
LCK	-3.46	8	-0.17	0.432	6957	0.962	0.568	11096	0.919
PSME4	-3.46	8	-0.17	0.432	6958	0.962	0.568	11095	0.919
ZNF581	-3.45	8	-0.17	0.432	6959	0.962	0.568	11094	0.919
MFNG	-3.45	8	-0.17	0.432	6960	0.962	0.568	11093	0.919
GPR35	-3.45	8	-0.17	0.432	6961	0.962	0.568	11092	0.919
HSD17B6	-3.45	8	-0.17	0.432	6962	0.962	0.568	11091	0.919
GMNN	-3.45	8	-0.17	0.432	6963	0.962	0.568	11090	0.919
STRA6	-3.45	8	-0.17	0.432	6964	0.962	0.568	11089	0.919
GTF2E1	-3.45	8	-0.17	0.432	6965	0.962	0.568	11088	0.919
KXD1	-3.45	8	-0.17	0.433	6966	0.962	0.567	11087	0.919
SGCD	-3.45	8	-0.17	0.433	6967	0.962	0.567	11086	0.919
WDFY2	-3.45	8	-0.17	0.433	6968	0.962	0.567	11085	0.919
RAD54L2	-3.45	8	-0.17	0.433	6969	0.962	0.567	11084	0.919
ARHGEF18	-3.45	8	-0.17	0.433	6970	0.962	0.567	11083	0.919
AP3M2	-3.45	8	-0.17	0.433	6971	0.962	0.567	11082	0.919
CCDC138	-3.45	8	-0.17	0.433	6972	0.962	0.567	11081	0.919
ATPIF1	-3.45	8	-0.17	0.433	6973	0.962	0.567	11080	0.919
ST6GAL2	-3.45	8	-0.17	0.433	6974	0.962	0.567	11079	0.919
TIMP2	-3.45	8	-0.17	0.433	6975	0.962	0.567	11078	0.919
RP11-89N17.1	-3.45	8	-0.17	0.433	6976	0.962	0.567	11077	0.919
ANKRD1	-3.45	8	-0.17	0.433	6977	0.962	0.567	11076	0.919
NDST1	-3.45	8	-0.17	0.433	6978	0.962	0.567	11075	0.919
ZNF136	-3.45	8	-0.17	0.433	6979	0.962	0.567	11074	0.919
CEBPA	-3.45	8	-0.17	0.433	6980	0.962	0.567	11073	0.919
SH3BGRL2	-3.44	8	-0.17	0.433	6981	0.962	0.567	11072	0.919
ZFP90	-3.44	8	-0.17	0.433	6982	0.962	0.567	11071	0.919
FGFBP2	-3.44	8	-0.17	0.433	6983	0.962	0.567	11070	0.919
C14orf39	-3.44	8	-0.17	0.433	6984	0.962	0.567	11069	0.919
OR52N5	-3.44	8	-0.17	0.434	6985	0.962	0.566	11068	0.919
PNMT	-3.44	8	-0.17	0.434	6986	0.962	0.566	11067	0.919
HIST1H2BI	-1.72	2	-0.17	0.434	6987	0.962	0.566	11066	0.919
ZMYND15	-3.44	8	-0.17	0.434	6988	0.962	0.566	11065	0.919
HES2	-3.44	8	-0.17	0.434	6989	0.962	0.566	11064	0.919
KRTAP4-1	-3.44	8	-0.17	0.434	6990	0.962	0.566	11063	0.919
CCL17	-3.44	8	-0.17	0.434	6991	0.962	0.566	11062	0.919
SDF2	-3.44	8	-0.17	0.434	6992	0.962	0.566	11061	0.919
CDHR3	-3.44	8	-0.17	0.434	6993	0.962	0.566	11060	0.919
C17orf66	-3.44	8	-0.17	0.434	6994	0.962	0.566	11059	0.919
BBC3	-3.44	8	-0.17	0.434	6995	0.962	0.566	11058	0.919
GBP4	-3.44	8	-0.17	0.434	6996	0.962	0.566	11057	0.919
WRN	-3.44	8	-0.17	0.434	6997	0.962	0.566	11056	0.919
WFS1	-3.44	8	-0.17	0.434	6998	0.962	0.566	11055	0.919
NXNL2	-3.43	8	-0.17	0.434	6999	0.962	0.566	11054	0.919
GDF5	-3.43	8	-0.17	0.434	7000	0.962	0.566	11053	0.919
ITGB6	-3.43	8	-0.17	0.434	7001	0.962	0.566	11052	0.919
EPS15L1	-3.43	8	-0.17	0.434	7002	0.962	0.566	11051	0.919
RRP15	-3.43	8	-0.17	0.434	7003	0.962	0.566	11050	0.919
ORC4	-3.43	8	-0.16	0.434	7004	0.962	0.566	11049	0.919
SIAE	-3.43	8	-0.16	0.434	7005	0.962	0.566	11048	0.919
UNC119	-3.43	8	-0.16	0.435	7006	0.962	0.565	11047	0.919
AIPL1	-3.43	8	-0.16	0.435	7007	0.962	0.565	11046	0.919
PPP2R2C	-3.43	8	-0.16	0.435	7008	0.962	0.565	11045	0.919
TCAP	-3.43	8	-0.16	0.435	7009	0.962	0.565	11044	0.919
IFI27L2	-3.43	8	-0.16	0.435	7010	0.962	0.565	11043	0.919
C9orf47	-3.43	8	-0.16	0.435	7011	0.962	0.565	11042	0.919
TAAR8	-3.43	8	-0.16	0.435	7012	0.962	0.565	11041	0.919
RASSF1	-3.43	8	-0.16	0.435	7013	0.962	0.565	11040	0.919
RPL22L1	-3.43	8	-0.16	0.435	7014	0.962	0.565	11039	0.919
UCK1	-3.43	8	-0.16	0.435	7015	0.962	0.565	11038	0.919
FBXO31	-3.43	8	-0.16	0.435	7016	0.962	0.565	11037	0.919
C9orf40	-3.43	8	-0.16	0.435	7017	0.962	0.565	11036	0.919
HABP2	-3.43	8	-0.16	0.435	7018	0.962	0.565	11035	0.919
AIDA	-3.42	8	-0.16	0.435	7019	0.962	0.565	11034	0.919
FOXF2	-3.42	8	-0.16	0.435	7020	0.962	0.565	11033	0.919
RFX7	-3.42	8	-0.16	0.435	7021	0.962	0.565	11032	0.919
SLC9A7	-3.42	8	-0.16	0.435	7022	0.962	0.565	11031	0.919
ZNF551	-3.42	8	-0.16	0.435	7023	0.962	0.565	11030	0.919
TMEM201	-3.42	8	-0.16	0.436	7024	0.962	0.564	11029	0.919
PFN3	-3.42	8	-0.16	0.436	7025	0.962	0.564	11028	0.919
PKP3	-3.20	7	-0.16	0.436	7026	0.962	0.564	11027	0.919
OXCT1	-3.42	8	-0.16	0.436	7027	0.962	0.564	11026	0.919
SIGLEC12	-3.42	8	-0.16	0.436	7028	0.962	0.564	11025	0.919
HACL1	-3.42	8	-0.16	0.436	7029	0.962	0.564	11024	0.919
C9orf153	-3.42	8	-0.16	0.436	7030	0.962	0.564	11023	0.919
IFI44L	-3.42	8	-0.16	0.436	7031	0.962	0.564	11022	0.919
OTX1	-3.42	8	-0.16	0.436	7032	0.962	0.564	11021	0.919
SOHLH1	-3.42	8	-0.16	0.436	7033	0.962	0.564	11020	0.919
LACTBL1	-3.42	8	-0.16	0.436	7034	0.962	0.564	11019	0.919
PAX2	-3.42	8	-0.16	0.436	7035	0.962	0.564	11018	0.919
WDFY3	-3.42	8	-0.16	0.436	7036	0.962	0.564	11017	0.919
NCR3LG1	-3.42	8	-0.16	0.436	7037	0.962	0.564	11016	0.919
VRTN	-3.42	8	-0.16	0.436	7038	0.962	0.564	11015	0.919
HLA-E	-3.41	8	-0.16	0.436	7039	0.962	0.564	11014	0.919
MIB2	-3.41	8	-0.16	0.436	7040	0.962	0.564	11013	0.919
BCOR	-3.41	8	-0.16	0.436	7041	0.962	0.564	11012	0.919
MRM1	-3.41	8	-0.16	0.436	7042	0.962	0.564	11011	0.919
HECTD2	-3.41	8	-0.16	0.436	7043	0.962	0.564	11010	0.919
BTBD3	-3.41	8	-0.16	0.436	7044	0.962	0.564	11009	0.919
RPTN	-3.41	8	-0.16	0.436	7045	0.962	0.564	11008	0.919
TRIP10	-3.41	8	-0.16	0.436	7046	0.962	0.564	11007	0.919
C20orf187	-2.41	4	-0.16	0.436	7047	0.962	0.564	11006	0.919
CAPG	-3.41	8	-0.16	0.436	7048	0.962	0.564	11005	0.919
TEAD4	-3.41	8	-0.16	0.436	7049	0.962	0.564	11004	0.919
IL6	-3.41	8	-0.16	0.437	7050	0.962	0.563	11003	0.919
ITLN2	-3.41	8	-0.16	0.437	7051	0.962	0.563	11002	0.919
05-Mar	-3.41	8	-0.16	0.437	7052	0.962	0.563	11001	0.919
LZTS3	-3.41	8	-0.16	0.437	7053	0.962	0.563	11000	0.919
FAHD1	-3.41	8	-0.16	0.437	7054	0.962	0.563	10999	0.919
BEST2	-3.41	8	-0.16	0.437	7055	0.962	0.563	10998	0.919
KIAA0319	-3.41	8	-0.16	0.437	7056	0.962	0.563	10997	0.919
FAM135A	-3.41	8	-0.16	0.437	7057	0.962	0.563	10996	0.919
PSD4	-3.41	8	-0.16	0.437	7058	0.962	0.563	10995	0.919
INPP4A	-3.41	8	-0.16	0.437	7059	0.962	0.563	10994	0.919
DUSP1	-3.41	8	-0.16	0.437	7060	0.962	0.563	10993	0.919
NECAP2	-3.41	8	-0.16	0.437	7061	0.962	0.563	10992	0.919
MLNR	-3.41	8	-0.16	0.437	7062	0.962	0.563	10991	0.919
YIF1B	-3.41	8	-0.16	0.437	7063	0.962	0.563	10990	0.919
HNRNPH2	-3.41	8	-0.16	0.437	7064	0.962	0.563	10989	0.919
ATIC	-3.41	8	-0.16	0.437	7065	0.962	0.563	10988	0.919
TRAK1	-3.41	8	-0.16	0.437	7066	0.962	0.563	10987	0.919
CRYBB1	-3.41	8	-0.16	0.437	7067	0.962	0.563	10986	0.919
LAPTM4A	-3.41	8	-0.16	0.437	7068	0.962	0.563	10985	0.919
FOXD2	-3.41	8	-0.16	0.437	7069	0.962	0.563	10984	0.919
REEP6	-3.41	8	-0.16	0.437	7070	0.962	0.563	10983	0.919
CNGA3	-3.40	8	-0.16	0.437	7071	0.962	0.563	10982	0.919
FXYD7	-3.40	8	-0.16	0.438	7072	0.962	0.562	10981	0.919
CCDC51	-3.40	8	-0.16	0.438	7073	0.962	0.562	10980	0.919
MMP24	-3.40	8	-0.16	0.438	7074	0.962	0.562	10979	0.919
GFPT1	-3.40	8	-0.16	0.438	7075	0.962	0.562	10978	0.919
RAP1GDS1	-3.40	8	-0.16	0.438	7076	0.962	0.562	10977	0.919
KLHDC1	-3.40	8	-0.16	0.438	7077	0.962	0.562	10976	0.919
HTR3D	-3.40	8	-0.16	0.438	7078	0.962	0.562	10975	0.919
RNF182	-3.40	8	-0.16	0.438	7079	0.962	0.562	10974	0.919
RIMS3	-3.40	8	-0.16	0.438	7080	0.962	0.562	10973	0.919
SLC35A3	-3.40	8	-0.16	0.438	7081	0.962	0.562	10972	0.919
C1orf228	-3.40	8	-0.16	0.438	7082	0.962	0.562	10971	0.919
KCNIP4	-3.40	8	-0.16	0.438	7083	0.962	0.562	10970	0.919
HPDL	-3.39	8	-0.16	0.438	7084	0.962	0.562	10969	0.919
CELF3	-3.39	8	-0.16	0.438	7085	0.962	0.562	10968	0.919
QPCTL	-3.39	8	-0.16	0.438	7086	0.962	0.562	10967	0.919
GSN	-3.39	8	-0.15	0.438	7087	0.962	0.562	10966	0.919
ZNF843	-3.39	8	-0.15	0.438	7088	0.962	0.562	10965	0.919
MICU3	-3.39	8	-0.15	0.438	7089	0.962	0.562	10964	0.919
PCSK7	-3.39	8	-0.15	0.438	7090	0.962	0.562	10963	0.919
VIT	-3.39	8	-0.15	0.439	7091	0.962	0.561	10962	0.919
ZNF233	-2.94	6	-0.15	0.439	7092	0.962	0.561	10961	0.919
DUSP28	-3.39	8	-0.15	0.439	7093	0.962	0.561	10960	0.919
OTUD4	-3.39	8	-0.15	0.439	7094	0.962	0.561	10959	0.919
ERCC6	-3.39	8	-0.15	0.439	7095	0.962	0.561	10958	0.919
PGLYRP1	-3.39	8	-0.15	0.439	7096	0.962	0.561	10957	0.919
MFF	-3.39	8	-0.15	0.439	7097	0.962	0.561	10956	0.919
GUCY2D	-3.39	8	-0.15	0.439	7098	0.962	0.561	10955	0.919
FAM215A	-3.39	8	-0.15	0.439	7099	0.962	0.561	10954	0.919
KLK9	-3.39	8	-0.15	0.439	7100	0.962	0.561	10953	0.919
C1orf186	-3.39	8	-0.15	0.439	7101	0.962	0.561	10952	0.919
GPANK1	-3.39	8	-0.15	0.439	7102	0.962	0.561	10951	0.919
SPAG17	-3.17	7	-0.15	0.439	7103	0.962	0.561	10950	0.919
AMER3	-3.39	8	-0.15	0.439	7104	0.962	0.561	10949	0.919
CCDC125	-3.39	8	-0.15	0.439	7105	0.962	0.561	10948	0.919
PTPDC1	-3.39	8	-0.15	0.439	7106	0.962	0.561	10947	0.919
KIR3DL3	-3.39	8	-0.15	0.439	7107	0.962	0.561	10946	0.919
YPEL1	-3.39	8	-0.15	0.439	7108	0.962	0.561	10945	0.919
GALNT15	-3.39	8	-0.15	0.439	7109	0.962	0.561	10944	0.919
ARFGAP1	-3.38	8	-0.15	0.439	7110	0.962	0.561	10943	0.919
CTH	-3.38	8	-0.15	0.439	7111	0.962	0.561	10942	0.919
TMEM63A	-3.38	8	-0.15	0.439	7112	0.962	0.561	10941	0.919
PREX2	-3.38	8	-0.15	0.439	7113	0.962	0.561	10940	0.919
C19orf77	-3.38	8	-0.15	0.439	7114	0.962	0.561	10939	0.919
KLHL34	-3.38	8	-0.15	0.44	7115	0.962	0.56	10938	0.919
NNMT	-3.38	8	-0.15	0.44	7116	0.962	0.56	10937	0.919
MYO1F	-3.38	8	-0.15	0.44	7117	0.962	0.56	10936	0.919
DGAT1	-3.38	8	-0.15	0.44	7118	0.962	0.56	10935	0.919
C15orf59	-3.38	8	-0.15	0.44	7119	0.962	0.56	10934	0.919
TMEM219	-3.38	8	-0.15	0.44	7120	0.962	0.56	10933	0.919
RAB11FIP2	-3.38	8	-0.15	0.44	7121	0.962	0.56	10932	0.919
SP3	-3.38	8	-0.15	0.44	7122	0.962	0.56	10931	0.919
UQCRC1	-3.38	8	-0.15	0.44	7123	0.962	0.56	10930	0.919
TRMT2B	-3.38	8	-0.15	0.44	7124	0.962	0.56	10929	0.919
FHL3	-3.38	8	-0.15	0.44	7125	0.962	0.56	10928	0.919
CHRNB4	-3.38	8	-0.15	0.44	7126	0.962	0.56	10927	0.919
ENTPD8	-3.38	8	-0.15	0.44	7127	0.962	0.56	10926	0.919
CBX8	-3.38	8	-0.15	0.44	7128	0.962	0.56	10925	0.919
OXR1	-3.38	8	-0.15	0.44	7129	0.962	0.56	10924	0.919
TAS2R14	-3.38	8	-0.15	0.44	7130	0.962	0.56	10923	0.919
PRDM11	-3.37	8	-0.15	0.44	7131	0.962	0.56	10922	0.919
COL4A6	-3.37	8	-0.15	0.44	7132	0.962	0.56	10921	0.919
AKT2	-3.37	8	-0.15	0.44	7133	0.962	0.56	10920	0.919
DPT	-3.37	8	-0.15	0.441	7134	0.962	0.559	10919	0.919
SYNE1	-3.37	8	-0.15	0.441	7135	0.962	0.559	10918	0.919
LCTL	-3.37	8	-0.15	0.441	7136	0.962	0.559	10917	0.919
FAM53B	-3.37	8	-0.15	0.441	7137	0.962	0.559	10916	0.919
SCUBE2	-3.37	8	-0.15	0.441	7138	0.962	0.559	10915	0.919
TEF	-3.37	8	-0.15	0.441	7139	0.962	0.559	10914	0.919
NHLRC4	-3.37	8	-0.15	0.441	7140	0.962	0.559	10913	0.919
TIFA	-3.37	8	-0.15	0.441	7141	0.962	0.559	10912	0.919
SLC16A6	-3.37	8	-0.15	0.441	7142	0.962	0.559	10911	0.919
HLF	-3.37	8	-0.15	0.441	7143	0.962	0.559	10910	0.919
AP5B1	-3.37	8	-0.15	0.441	7144	0.962	0.559	10909	0.919
IP6K1	-3.37	8	-0.15	0.441	7145	0.962	0.559	10908	0.919
C5orf45	-3.37	8	-0.15	0.441	7146	0.962	0.559	10907	0.919
PLCXD3	-3.37	8	-0.15	0.441	7147	0.962	0.559	10906	0.919
VEGFC	-3.37	8	-0.15	0.441	7148	0.962	0.559	10905	0.919
RHOB	-3.37	8	-0.15	0.441	7149	0.962	0.559	10904	0.919
PI3	-3.37	8	-0.15	0.441	7150	0.962	0.559	10903	0.919
ST8SIA5	-3.37	8	-0.15	0.441	7151	0.962	0.559	10902	0.919
OR4P4	-3.37	8	-0.15	0.441	7152	0.962	0.559	10901	0.919
ERICH2	-3.37	8	-0.15	0.441	7153	0.962	0.559	10900	0.919
ZNF414	-3.36	8	-0.15	0.441	7154	0.962	0.559	10899	0.919
NT5C1B	-1.68	2	-0.15	0.442	7155	0.962	0.558	10898	0.919
APBB3	-3.36	8	-0.15	0.442	7156	0.962	0.558	10897	0.919
ZNF57	-3.36	8	-0.15	0.442	7157	0.962	0.558	10896	0.919
SMAD6	-3.36	8	-0.15	0.442	7158	0.962	0.558	10895	0.919
CNST	-3.36	8	-0.15	0.442	7159	0.962	0.558	10894	0.919
LMOD2	-3.36	8	-0.15	0.442	7160	0.962	0.558	10893	0.919
CATSPERG	-3.36	8	-0.15	0.442	7161	0.962	0.558	10892	0.919
FKBP9	-3.36	8	-0.15	0.442	7162	0.962	0.558	10891	0.919
SWAP70	-3.36	8	-0.15	0.442	7163	0.962	0.558	10890	0.919
TUBG1	-3.36	8	-0.15	0.442	7164	0.962	0.558	10889	0.919
KEAP1	-3.36	8	-0.15	0.442	7165	0.962	0.558	10888	0.919
ADPRHL1	-3.36	8	-0.15	0.442	7166	0.962	0.558	10887	0.919
RMDN2	-3.36	8	-0.15	0.442	7167	0.962	0.558	10886	0.919
PLIN1	-3.36	8	-0.15	0.442	7168	0.962	0.558	10885	0.919
IGSF8	-3.35	8	-0.14	0.443	7169	0.962	0.557	10884	0.919
HMGCL	-3.35	8	-0.14	0.443	7170	0.962	0.557	10883	0.919
RYR3	-3.35	8	-0.14	0.443	7171	0.962	0.557	10882	0.919
OLFM1	-3.35	8	-0.14	0.443	7172	0.962	0.557	10881	0.919
PTMS	-3.35	8	-0.14	0.443	7173	0.962	0.557	10880	0.919
CACTIN	-3.35	8	-0.14	0.443	7174	0.962	0.557	10879	0.919
PRKACA	-3.35	8	-0.14	0.443	7175	0.962	0.557	10878	0.919
FUOM	-3.35	8	-0.14	0.443	7176	0.962	0.557	10877	0.919
SERPINA7	-3.35	8	-0.14	0.443	7177	0.962	0.557	10876	0.919
SFRP1	-3.35	8	-0.14	0.443	7178	0.962	0.557	10875	0.919
RPH3AL	-3.35	8	-0.14	0.443	7179	0.962	0.557	10874	0.919
MYO3B	-3.35	8	-0.14	0.443	7180	0.962	0.557	10873	0.919
FSCB	-3.35	8	-0.14	0.443	7181	0.962	0.557	10872	0.919
HIAT1	-3.35	8	-0.14	0.443	7182	0.962	0.557	10871	0.919
ZNF280C	-3.35	8	-0.14	0.443	7183	0.962	0.557	10870	0.919
FEZF1	-3.35	8	-0.14	0.443	7184	0.962	0.557	10869	0.919
PLA2G4A	-3.35	8	-0.14	0.443	7185	0.962	0.557	10868	0.919
TPPP2	-3.35	8	-0.14	0.443	7186	0.962	0.557	10867	0.919
FGD3	-3.34	8	-0.14	0.443	7187	0.962	0.557	10866	0.919
RP11-542P2.1	-3.34	8	-0.14	0.444	7188	0.962	0.556	10865	0.919
STK3	-3.34	8	-0.14	0.444	7189	0.962	0.556	10864	0.919
GPR4	-3.34	8	-0.14	0.444	7190	0.962	0.556	10863	0.919
C10orf137	-3.34	8	-0.14	0.444	7191	0.962	0.556	10862	0.919
OLFML2B	-3.34	8	-0.14	0.444	7192	0.962	0.556	10861	0.919
SLC22A1	-3.34	8	-0.14	0.444	7193	0.962	0.556	10860	0.919
GBP1	-3.34	8	-0.14	0.444	7194	0.962	0.556	10859	0.919
AGAP3	-3.34	8	-0.14	0.444	7195	0.962	0.556	10858	0.919
FEZF2	-3.34	8	-0.14	0.444	7196	0.962	0.556	10857	0.919
STMN2	-3.34	8	-0.14	0.444	7197	0.962	0.556	10856	0.919
MAGEB16	-3.34	8	-0.14	0.444	7198	0.962	0.556	10855	0.919
MCPH1	-3.34	8	-0.14	0.444	7199	0.962	0.556	10854	0.919
VPS8	-3.34	8	-0.14	0.444	7200	0.962	0.556	10853	0.919
RAX	-3.34	8	-0.14	0.444	7201	0.962	0.556	10852	0.919
WDR78	-3.34	8	-0.14	0.444	7202	0.962	0.556	10851	0.919
NUP35	-3.33	8	-0.14	0.444	7203	0.962	0.556	10850	0.919
WNT7A	-3.33	8	-0.14	0.444	7204	0.962	0.556	10849	0.919
OR51A7	-3.33	8	-0.14	0.445	7205	0.962	0.555	10848	0.919
SPG20OS	-2.36	4	-0.14	0.445	7206	0.962	0.555	10847	0.919
MYOG	-3.33	8	-0.14	0.445	7207	0.962	0.555	10846	0.919
SLCO3A1	-3.33	8	-0.14	0.445	7208	0.962	0.555	10845	0.919
ZNF449	-3.33	8	-0.14	0.445	7209	0.962	0.555	10844	0.919
YLPM1	-3.33	8	-0.14	0.445	7210	0.962	0.555	10843	0.919
AP5M1	-3.33	8	-0.14	0.445	7211	0.962	0.555	10842	0.919
FRMD3	-3.33	8	-0.14	0.445	7212	0.962	0.555	10841	0.919
MC2R	-3.33	8	-0.14	0.445	7213	0.962	0.555	10840	0.919
RGS16	-3.33	8	-0.14	0.445	7214	0.962	0.555	10839	0.919
DRP2	-3.33	8	-0.14	0.445	7215	0.962	0.555	10838	0.919
ALPPL2	-2.35	4	-0.14	0.445	7216	0.962	0.555	10837	0.919
SMPD4	-3.33	8	-0.14	0.445	7217	0.962	0.555	10836	0.919
NT5E	-3.33	8	-0.14	0.445	7218	0.962	0.555	10835	0.919
AGPAT3	-3.33	8	-0.14	0.445	7219	0.962	0.555	10834	0.919
CXorf28	-2.35	4	-0.14	0.445	7220	0.962	0.555	10833	0.919
BHLHE40	-3.32	8	-0.14	0.446	7221	0.962	0.554	10832	0.919
EML5	-3.32	8	-0.14	0.446	7222	0.962	0.554	10831	0.919
PDLIM7	-3.32	8	-0.14	0.446	7223	0.962	0.554	10830	0.919
HIPK2	-3.32	8	-0.14	0.446	7224	0.962	0.554	10829	0.919
PLAC8	-3.32	8	-0.14	0.446	7225	0.962	0.554	10828	0.919
RBP5	-3.32	8	-0.14	0.446	7226	0.962	0.554	10827	0.919
OR2AG1	-3.32	8	-0.14	0.446	7227	0.962	0.554	10826	0.919
GM2A	-3.32	8	-0.14	0.446	7228	0.962	0.554	10825	0.919
U2AF1L4	-3.32	8	-0.14	0.446	7229	0.962	0.554	10824	0.919
LRRTM4	-3.32	8	-0.14	0.446	7230	0.962	0.554	10823	0.919
ISG15	-3.32	8	-0.14	0.446	7231	0.962	0.554	10822	0.919
PRTFDC1	-3.32	8	-0.14	0.446	7232	0.962	0.554	10821	0.919
PCDHB13	-3.32	8	-0.14	0.446	7233	0.962	0.554	10820	0.919
C11orf21	-3.32	8	-0.14	0.446	7234	0.962	0.554	10819	0.919
FBLIM1	-3.32	8	-0.14	0.446	7235	0.962	0.554	10818	0.919
ZKSCAN8	-3.32	8	-0.14	0.446	7236	0.962	0.554	10817	0.919
HAS3	-3.32	8	-0.13	0.446	7237	0.962	0.554	10816	0.919
RNF126	-3.32	8	-0.13	0.446	7238	0.962	0.554	10815	0.919
OR2K2	-3.32	8	-0.13	0.446	7239	0.962	0.554	10814	0.919
ZNF100	-2.34	4	-0.13	0.446	7240	0.962	0.554	10813	0.919
RPL34	-1.66	2	-0.13	0.446	7241	0.962	0.554	10812	0.919
CEP55	-3.31	8	-0.13	0.447	7242	0.962	0.553	10811	0.919
KHDC1	-3.31	8	-0.13	0.447	7243	0.962	0.553	10810	0.919
MEF2BNB	-3.31	8	-0.13	0.447	7244	0.962	0.553	10809	0.919
RALGAPA1	-3.31	8	-0.13	0.447	7245	0.962	0.553	10808	0.919
SLC17A9	-3.31	8	-0.13	0.447	7246	0.962	0.553	10807	0.919
CDHR4	-3.31	8	-0.13	0.447	7247	0.962	0.553	10806	0.919
PROL1	-3.31	8	-0.13	0.447	7248	0.962	0.553	10805	0.919
C15orf32	-3.31	8	-0.13	0.447	7249	0.962	0.553	10804	0.919
TSTD1	-3.31	8	-0.13	0.447	7250	0.962	0.553	10803	0.919
MAPK1	-3.31	8	-0.13	0.447	7251	0.962	0.553	10802	0.919
KIAA1671	-3.30	8	-0.13	0.447	7252	0.962	0.553	10801	0.919
PLEKHA7	-3.30	8	-0.13	0.448	7253	0.962	0.552	10800	0.919
AIP	-3.30	8	-0.13	0.448	7254	0.962	0.552	10799	0.919
HID1	-3.30	8	-0.13	0.448	7255	0.962	0.552	10798	0.919
OCA2	-3.30	8	-0.13	0.448	7256	0.962	0.552	10797	0.919
LHX6	-3.30	8	-0.13	0.448	7257	0.962	0.552	10796	0.919
ADTRP	-3.30	8	-0.13	0.448	7258	0.962	0.552	10795	0.919
TNS1	-3.30	8	-0.13	0.448	7259	0.962	0.552	10794	0.919
LOH12CR1	-3.30	8	-0.13	0.448	7260	0.962	0.552	10793	0.919
ZNF584	-3.30	8	-0.13	0.448	7261	0.962	0.552	10792	0.919
PITHD1	-3.30	8	-0.13	0.448	7262	0.962	0.552	10791	0.919
FGG	-3.30	8	-0.13	0.448	7263	0.962	0.552	10790	0.919
ACAT1	-3.30	8	-0.13	0.448	7264	0.962	0.552	10789	0.919
TNXB	-3.30	8	-0.13	0.448	7265	0.962	0.552	10788	0.919
AVL9	-3.30	8	-0.13	0.448	7266	0.962	0.552	10787	0.919
ZNF844	-3.30	8	-0.13	0.448	7267	0.962	0.552	10786	0.919
C14orf1	-3.30	8	-0.13	0.448	7268	0.962	0.552	10785	0.919
TLR3	-3.30	8	-0.13	0.448	7269	0.962	0.552	10784	0.919
KLRF1	-3.30	8	-0.13	0.448	7270	0.962	0.552	10783	0.919
JAM3	-3.30	8	-0.13	0.448	7271	0.962	0.552	10782	0.919
TMEM92	-3.30	8	-0.13	0.448	7272	0.962	0.552	10781	0.919
OLFM4	-3.30	8	-0.13	0.448	7273	0.962	0.552	10780	0.919
PHKA1	-3.30	8	-0.13	0.448	7274	0.962	0.552	10779	0.919
RRAGA	-3.29	8	-0.13	0.448	7275	0.962	0.552	10778	0.919
ZFP62	-3.29	8	-0.13	0.449	7276	0.962	0.551	10777	0.919
NOD2	-3.29	8	-0.13	0.449	7277	0.962	0.551	10776	0.919
ZSCAN32	-3.29	8	-0.13	0.449	7278	0.962	0.551	10775	0.919
PTS	-3.29	8	-0.13	0.449	7279	0.962	0.551	10774	0.919
CCDC171	-3.29	8	-0.13	0.449	7280	0.962	0.551	10773	0.919
TTPAL	-3.29	8	-0.13	0.449	7281	0.962	0.551	10772	0.919
C21orf58	-3.29	8	-0.13	0.449	7282	0.962	0.551	10771	0.919
BDKRB2	-3.29	8	-0.13	0.449	7283	0.962	0.551	10770	0.919
RANBP3	-3.29	8	-0.13	0.449	7284	0.962	0.551	10769	0.919
APOBEC3C	-3.29	8	-0.13	0.449	7285	0.962	0.551	10768	0.919
FAM46B	-3.29	8	-0.13	0.449	7286	0.962	0.551	10767	0.919
WDR11	-3.29	8	-0.13	0.449	7287	0.962	0.551	10766	0.919
HS3ST4	-3.29	8	-0.13	0.449	7288	0.962	0.551	10765	0.919
NOX4	-3.29	8	-0.13	0.449	7289	0.962	0.551	10764	0.919
CD164L2	-3.29	8	-0.13	0.449	7290	0.962	0.551	10763	0.919
GNPTG	-3.29	8	-0.13	0.449	7291	0.962	0.551	10762	0.919
HSD11B1	-3.29	8	-0.13	0.449	7292	0.962	0.551	10761	0.919
COMT	-3.29	8	-0.13	0.449	7293	0.962	0.551	10760	0.919
MX1	-3.29	8	-0.13	0.449	7294	0.962	0.551	10759	0.919
ERGIC3	-3.29	8	-0.13	0.449	7295	0.962	0.551	10758	0.919
TOB2	-3.29	8	-0.13	0.449	7296	0.962	0.551	10757	0.919
ZNF570	-3.29	8	-0.13	0.449	7297	0.962	0.551	10756	0.919
HTR5A	-3.29	8	-0.13	0.449	7298	0.962	0.551	10755	0.919
CNOT2	-3.29	8	-0.13	0.449	7299	0.962	0.551	10754	0.919
PEPD	-3.29	8	-0.13	0.449	7300	0.962	0.551	10753	0.919
C1orf43	-3.29	8	-0.13	0.449	7301	0.962	0.551	10752	0.919
C6orf48	-3.29	8	-0.13	0.449	7302	0.962	0.551	10751	0.919
FIBIN	-3.29	8	-0.13	0.449	7303	0.962	0.551	10750	0.919
PIGB	-3.29	8	-0.13	0.449	7304	0.962	0.551	10749	0.919
KIAA0226	-3.29	8	-0.13	0.449	7305	0.962	0.551	10748	0.919
SLCO1B1	-3.29	8	-0.13	0.449	7306	0.962	0.551	10747	0.919
FAM189A1	-3.29	8	-0.13	0.449	7307	0.962	0.551	10746	0.919
PROP1	-3.29	8	-0.13	0.449	7308	0.962	0.551	10745	0.919
MRGPRX2	-3.28	8	-0.13	0.45	7309	0.962	0.55	10744	0.919
EDC3	-3.28	8	-0.13	0.45	7310	0.962	0.55	10743	0.919
C1GALT1	-3.28	8	-0.13	0.45	7311	0.962	0.55	10742	0.919
PRRX2	-3.28	8	-0.13	0.45	7312	0.962	0.55	10741	0.919
PGAM4	-1.64	2	-0.13	0.45	7313	0.962	0.55	10740	0.919
TRIM55	-3.28	8	-0.13	0.45	7314	0.962	0.55	10739	0.919
ZNF343	-3.28	8	-0.13	0.45	7315	0.962	0.55	10738	0.919
NAP1L1	-3.28	8	-0.13	0.45	7316	0.962	0.55	10737	0.919
HTR4	-3.28	8	-0.13	0.45	7317	0.962	0.55	10736	0.919
NLRP12	-3.28	8	-0.13	0.45	7318	0.962	0.55	10735	0.919
CLPTM1	-3.28	8	-0.13	0.45	7319	0.962	0.55	10734	0.919
KAT2B	-3.28	8	-0.13	0.45	7320	0.962	0.55	10733	0.919
NICN1	-3.28	8	-0.13	0.45	7321	0.962	0.55	10732	0.919
C12orf60	-3.28	8	-0.13	0.45	7322	0.962	0.55	10731	0.919
ACTL9	-3.28	8	-0.13	0.45	7323	0.962	0.55	10730	0.919
XIAP	-3.28	8	-0.12	0.45	7324	0.962	0.55	10729	0.919
HORMAD2	-3.28	8	-0.12	0.451	7325	0.962	0.549	10728	0.919
LYPD3	-3.27	8	-0.12	0.451	7326	0.962	0.549	10727	0.919
KLK10	-3.27	8	-0.12	0.451	7327	0.962	0.549	10726	0.919
SPHK1	-3.27	8	-0.12	0.451	7328	0.962	0.549	10725	0.919
PURG	-3.27	8	-0.12	0.451	7329	0.962	0.549	10724	0.919
OR10G2	-3.27	8	-0.12	0.451	7330	0.962	0.549	10723	0.919
C3orf67	-3.27	8	-0.12	0.451	7331	0.962	0.549	10722	0.919
GNB5	-3.27	8	-0.12	0.451	7332	0.962	0.549	10721	0.919
CACNA1I	-3.27	8	-0.12	0.451	7333	0.962	0.549	10720	0.919
SLC10A6	-3.27	8	-0.12	0.451	7334	0.962	0.549	10719	0.919
SLC30A4	-3.27	8	-0.12	0.451	7335	0.962	0.549	10718	0.919
FMR1	-3.27	8	-0.12	0.451	7336	0.962	0.549	10717	0.919
RGS19	-3.27	8	-0.12	0.451	7337	0.962	0.549	10716	0.919
IFRD1	-3.27	8	-0.12	0.451	7338	0.962	0.549	10715	0.919
MAGEA12	-3.27	8	-0.12	0.451	7339	0.962	0.549	10714	0.919
ACSS1	-3.27	8	-0.12	0.451	7340	0.962	0.549	10713	0.919
RNF19A	-3.27	8	-0.12	0.451	7341	0.962	0.549	10712	0.919
RHOBTB2	-3.27	8	-0.12	0.451	7342	0.962	0.549	10711	0.919
CHRNB3	-3.27	8	-0.12	0.452	7343	0.962	0.548	10710	0.919
PAIP2	-3.27	8	-0.12	0.452	7344	0.962	0.548	10709	0.919
CCDC144A	-2.83	6	-0.12	0.452	7345	0.962	0.548	10708	0.919
CHL1	-3.26	8	-0.12	0.452	7346	0.962	0.548	10707	0.919
C1orf111	-3.26	8	-0.12	0.452	7347	0.962	0.548	10706	0.919
ARID4A	-3.26	8	-0.12	0.452	7348	0.962	0.548	10705	0.919
LHX4	-3.26	8	-0.12	0.452	7349	0.962	0.548	10704	0.919
DISP1	-3.26	8	-0.12	0.452	7350	0.962	0.548	10703	0.919
CYP4X1	-3.26	8	-0.12	0.452	7351	0.962	0.548	10702	0.919
CFD	-3.26	8	-0.12	0.452	7352	0.962	0.548	10701	0.919
C8orf59	-1.63	2	-0.12	0.452	7353	0.962	0.548	10700	0.919
GCAT	-3.26	8	-0.12	0.452	7354	0.962	0.548	10699	0.919
ASTL	-3.26	8	-0.12	0.452	7355	0.962	0.548	10698	0.919
TBPL2	-3.26	8	-0.12	0.452	7356	0.962	0.548	10697	0.919
FAM209B	-2.31	4	-0.12	0.452	7357	0.962	0.548	10696	0.919
PSTPIP2	-3.26	8	-0.12	0.452	7358	0.962	0.548	10695	0.919
PROK1	-3.26	8	-0.12	0.452	7359	0.962	0.548	10694	0.919
ZNF609	-3.26	8	-0.12	0.452	7360	0.962	0.548	10693	0.919
EXOC6	-3.26	8	-0.12	0.452	7361	0.962	0.548	10692	0.919
CHRNB2	-3.26	8	-0.12	0.452	7362	0.962	0.548	10691	0.919
IP6K3	-3.26	8	-0.12	0.452	7363	0.962	0.548	10690	0.919
NFE2L2	-3.26	8	-0.12	0.452	7364	0.962	0.548	10689	0.919
GPR25	-3.26	8	-0.12	0.452	7365	0.962	0.548	10688	0.919
RFPL2	-3.26	8	-0.12	0.452	7366	0.962	0.548	10687	0.919
SAR1B	-3.26	8	-0.12	0.452	7367	0.962	0.548	10686	0.919
CNTLN	-3.26	8	-0.12	0.452	7368	0.962	0.548	10685	0.919
ACKR4	-3.26	8	-0.12	0.452	7369	0.962	0.548	10684	0.919
PIK3AP1	-3.26	8	-0.12	0.452	7370	0.962	0.548	10683	0.919
WFDC3	-3.25	8	-0.12	0.453	7371	0.962	0.547	10682	0.919
SLC2A9	-3.25	8	-0.12	0.453	7372	0.962	0.547	10681	0.919
ZNF444	-3.25	8	-0.12	0.453	7373	0.962	0.547	10680	0.919
SH2D7	-3.25	8	-0.12	0.453	7374	0.962	0.547	10679	0.919
C6orf15	-3.25	8	-0.12	0.453	7375	0.962	0.547	10678	0.919
ELF2	-3.25	8	-0.12	0.453	7376	0.962	0.547	10677	0.919
ADRA1B	-3.25	8	-0.12	0.453	7377	0.962	0.547	10676	0.919
PPP1R37	-3.25	8	-0.12	0.453	7378	0.962	0.547	10675	0.919
WTIP	-3.25	8	-0.12	0.453	7379	0.962	0.547	10674	0.919
PSME2	-3.25	8	-0.12	0.453	7380	0.962	0.547	10673	0.919
RAB22A	-3.25	8	-0.12	0.453	7381	0.962	0.547	10672	0.919
TRIM59	-3.25	8	-0.12	0.453	7382	0.962	0.547	10671	0.919
IL17F	-3.25	8	-0.12	0.453	7383	0.962	0.547	10670	0.919
HEATR5B	-3.25	8	-0.12	0.453	7384	0.962	0.547	10669	0.919
RAMP3	-3.25	8	-0.12	0.453	7385	0.962	0.547	10668	0.919
EFNB2	-3.25	8	-0.12	0.453	7386	0.962	0.547	10667	0.919
CRTC3	-3.25	8	-0.12	0.453	7387	0.962	0.547	10666	0.919
NPM2	-3.25	8	-0.12	0.454	7388	0.962	0.546	10665	0.919
OR4A16	-3.24	8	-0.12	0.454	7389	0.962	0.546	10664	0.919
NAPB	-3.24	8	-0.12	0.454	7390	0.962	0.546	10663	0.919
CHAC2	-3.24	8	-0.12	0.454	7391	0.962	0.546	10662	0.919
SLC17A2	-3.24	8	-0.12	0.454	7392	0.962	0.546	10661	0.919
ABCB4	-3.24	8	-0.12	0.454	7393	0.962	0.546	10660	0.919
CRADD	-3.24	8	-0.12	0.454	7394	0.962	0.546	10659	0.919
ASB13	-3.24	8	-0.12	0.454	7395	0.962	0.546	10658	0.919
C2orf44	-3.24	8	-0.12	0.454	7396	0.962	0.546	10657	0.919
SLC24A4	-3.24	8	-0.12	0.454	7397	0.962	0.546	10656	0.919
CD59	-3.24	8	-0.12	0.454	7398	0.962	0.546	10655	0.919
ZNF30	-3.24	8	-0.12	0.454	7399	0.962	0.546	10654	0.919
UBD	-3.24	8	-0.12	0.454	7400	0.962	0.546	10653	0.919
CHEK2	-3.24	8	-0.12	0.454	7401	0.962	0.546	10652	0.919
PLEK	-3.24	8	-0.12	0.454	7402	0.962	0.546	10651	0.919
SLC12A5	-3.24	8	-0.12	0.454	7403	0.962	0.546	10650	0.919
GLRA2	-3.24	8	-0.11	0.454	7404	0.962	0.546	10649	0.919
GPR137B	-3.24	8	-0.11	0.454	7405	0.962	0.546	10648	0.919
FAM192A	-3.24	8	-0.11	0.454	7406	0.962	0.546	10647	0.919
SLC35A1	-3.24	8	-0.11	0.454	7407	0.962	0.546	10646	0.919
PER3	-3.24	8	-0.11	0.454	7408	0.962	0.546	10645	0.919
FAM26F	-3.24	8	-0.11	0.454	7409	0.962	0.546	10644	0.919
USP54	-3.24	8	-0.11	0.454	7410	0.962	0.546	10643	0.919
RIPPLY2	-3.24	8	-0.11	0.454	7411	0.962	0.546	10642	0.919
EIF4EBP1	-3.24	8	-0.11	0.454	7412	0.962	0.546	10641	0.919
HYAL2	-3.24	8	-0.11	0.454	7413	0.962	0.546	10640	0.919
C8orf44	-3.24	8	-0.11	0.455	7414	0.962	0.545	10639	0.919
HEXA	-3.24	8	-0.11	0.455	7415	0.962	0.545	10638	0.919
ABHD17C	-3.23	8	-0.11	0.455	7416	0.962	0.545	10637	0.919
PEX11B	-3.23	8	-0.11	0.455	7417	0.962	0.545	10636	0.919
PPARGC1A	-3.23	8	-0.11	0.455	7418	0.962	0.545	10635	0.919
EXD3	-3.23	8	-0.11	0.455	7419	0.962	0.545	10634	0.919
GJA5	-3.23	8	-0.11	0.455	7420	0.962	0.545	10633	0.919
KCND3	-3.23	8	-0.11	0.455	7421	0.962	0.545	10632	0.919
CIRBP	-3.23	8	-0.11	0.455	7422	0.962	0.545	10631	0.919
SOAT1	-3.23	8	-0.11	0.455	7423	0.962	0.545	10630	0.919
B4GALNT2	-3.23	8	-0.11	0.455	7424	0.962	0.545	10629	0.919
KRTAP4-4	-2.28	4	-0.11	0.455	7425	0.962	0.545	10628	0.919
SLC25A18	-3.23	8	-0.11	0.455	7426	0.962	0.545	10627	0.919
SPRY4	-3.23	8	-0.11	0.455	7427	0.962	0.545	10626	0.919
ETV7	-3.23	8	-0.11	0.455	7428	0.962	0.545	10625	0.919
VAPA	-2.80	6	-0.11	0.455	7429	0.962	0.545	10624	0.919
ODC1	-3.23	8	-0.11	0.455	7430	0.962	0.545	10623	0.919
RHBG	-3.23	8	-0.11	0.455	7431	0.962	0.545	10622	0.919
ATAD1	-3.23	8	-0.11	0.455	7432	0.962	0.545	10621	0.919
SIM1	-3.23	8	-0.11	0.455	7433	0.962	0.545	10620	0.919
SLC16A3	-3.23	8	-0.11	0.455	7434	0.962	0.545	10619	0.919
SELV	-3.23	8	-0.11	0.455	7435	0.962	0.545	10618	0.919
DNAJC3	-3.23	8	-0.11	0.455	7436	0.962	0.545	10617	0.919
FRMPD4	-3.23	8	-0.11	0.455	7437	0.962	0.545	10616	0.919
GUCA2B	-3.23	8	-0.11	0.456	7438	0.962	0.544	10615	0.919
CBFA2T3	-3.22	8	-0.11	0.456	7439	0.962	0.544	10614	0.919
IDO2	-3.22	8	-0.11	0.456	7440	0.962	0.544	10613	0.919
PRSS1	-2.79	6	-0.11	0.456	7441	0.962	0.544	10612	0.919
KRTAP6-2	-3.22	8	-0.11	0.456	7442	0.962	0.544	10611	0.919
KBTBD6	-3.22	8	-0.11	0.456	7443	0.962	0.544	10610	0.919
RABEP1	-3.22	8	-0.11	0.456	7444	0.962	0.544	10609	0.919
ODF2	-3.22	8	-0.11	0.456	7445	0.962	0.544	10608	0.919
ZP3	-3.22	8	-0.11	0.456	7446	0.962	0.544	10607	0.919
SLFN5	-3.22	8	-0.11	0.456	7447	0.962	0.544	10606	0.919
GLB1L3	-3.22	8	-0.11	0.456	7448	0.962	0.544	10605	0.919
NECAP1	-3.22	8	-0.11	0.456	7449	0.962	0.544	10604	0.919
PAX4	-3.22	8	-0.11	0.456	7450	0.962	0.544	10603	0.919
SATB1	-3.22	8	-0.11	0.456	7451	0.962	0.544	10602	0.919
ERF	-3.22	8	-0.11	0.456	7452	0.962	0.544	10601	0.919
HOXA5	-3.22	8	-0.11	0.456	7453	0.962	0.544	10600	0.919
UBAP2L	-3.22	8	-0.11	0.456	7454	0.962	0.544	10599	0.919
CISD3	-3.22	8	-0.11	0.456	7455	0.962	0.544	10598	0.919
SLC9A6	-3.22	8	-0.11	0.456	7456	0.962	0.544	10597	0.919
C14orf178	-3.22	8	-0.11	0.457	7457	0.962	0.543	10596	0.919
MED9	-3.22	8	-0.11	0.457	7458	0.962	0.543	10595	0.919
ARHGEF17	-3.22	8	-0.11	0.457	7459	0.962	0.543	10594	0.919
MLC1	-3.21	8	-0.11	0.457	7460	0.962	0.543	10593	0.919
XBP1	-3.21	8	-0.11	0.457	7461	0.962	0.543	10592	0.919
MAGED1	-3.21	8	-0.11	0.457	7462	0.962	0.543	10591	0.919
COX16	-3.21	8	-0.11	0.457	7463	0.962	0.543	10590	0.919
KRTAP29-1	-3.21	8	-0.11	0.457	7464	0.962	0.543	10589	0.919
FZD9	-3.21	8	-0.11	0.457	7465	0.962	0.543	10588	0.919
SULT2B1	-3.21	8	-0.11	0.457	7466	0.962	0.543	10587	0.919
CHRND	-3.21	8	-0.11	0.457	7467	0.962	0.543	10586	0.919
OR1L8	-3.21	8	-0.11	0.457	7468	0.962	0.543	10585	0.919
HHIP	-3.21	8	-0.11	0.457	7469	0.962	0.543	10584	0.919
ACTC1	-3.21	8	-0.11	0.457	7470	0.962	0.543	10583	0.919
CCDC142	-3.21	8	-0.11	0.457	7471	0.962	0.543	10582	0.919
MRPS15	-3.21	8	-0.11	0.458	7472	0.962	0.542	10581	0.919
KRTAP12-1	-2.27	4	-0.11	0.458	7473	0.962	0.542	10580	0.919
MFAP4	-3.21	8	-0.11	0.458	7474	0.962	0.542	10579	0.919
ADAM17	-3.21	8	-0.11	0.458	7475	0.962	0.542	10578	0.919
PRNP	-3.21	8	-0.11	0.458	7476	0.962	0.542	10577	0.919
OR5T2	-3.20	8	-0.11	0.458	7477	0.962	0.542	10576	0.919
PPP6R3	-3.20	8	-0.11	0.458	7478	0.962	0.542	10575	0.919
PHOX2A	-3.20	8	-0.11	0.458	7479	0.962	0.542	10574	0.919
SCAND1	-3.20	8	-0.11	0.458	7480	0.962	0.542	10573	0.919
C7orf69	-3.20	8	-0.11	0.458	7481	0.962	0.542	10572	0.919
CELF5	-3.20	8	-0.11	0.458	7482	0.962	0.542	10571	0.919
GRIN1	-3.20	8	-0.11	0.458	7483	0.962	0.542	10570	0.919
ATP13A4	-3.20	8	-0.11	0.458	7484	0.962	0.542	10569	0.919
C2CD4A	-3.20	8	-0.11	0.458	7485	0.962	0.542	10568	0.919
HLA-DOA	-3.20	8	-0.11	0.458	7486	0.962	0.542	10567	0.919
TRAM2	-3.20	8	-0.11	0.458	7487	0.962	0.542	10566	0.919
GPR148	-3.20	8	-0.11	0.458	7488	0.962	0.542	10565	0.919
ICT1	-3.20	8	-0.11	0.458	7489	0.962	0.542	10564	0.919
HRC	-3.20	8	-0.11	0.458	7490	0.962	0.542	10563	0.919
MYO7A	-3.20	8	-0.10	0.458	7491	0.962	0.542	10562	0.919
ASB9	-3.20	8	-0.10	0.458	7492	0.962	0.542	10561	0.919
USH1G	-3.20	8	-0.10	0.458	7493	0.962	0.542	10560	0.919
TMLHE	-3.20	8	-0.10	0.458	7494	0.962	0.542	10559	0.919
TMEM183A	-3.20	8	-0.10	0.458	7495	0.962	0.542	10558	0.919
SLC39A14	-3.20	8	-0.10	0.459	7496	0.962	0.541	10557	0.919
ZNF181	-2.77	6	-0.10	0.459	7497	0.962	0.541	10556	0.919
C11orf40	-3.20	8	-0.10	0.459	7498	0.962	0.541	10555	0.919
SYT14	-3.20	8	-0.10	0.459	7499	0.962	0.541	10554	0.919
IMMT	-3.20	8	-0.10	0.459	7500	0.962	0.541	10553	0.919
EVI2B	-3.20	8	-0.10	0.459	7501	0.962	0.541	10552	0.919
MRC2	-3.20	8	-0.10	0.459	7502	0.962	0.541	10551	0.919
BAAT	-3.19	8	-0.10	0.459	7503	0.962	0.541	10550	0.919
PFKP	-3.19	8	-0.10	0.459	7504	0.962	0.541	10549	0.919
CXXC1	-3.19	8	-0.10	0.459	7505	0.962	0.541	10548	0.919
HORMAD1	-3.19	8	-0.10	0.459	7506	0.962	0.541	10547	0.919
DHRS3	-3.19	8	-0.10	0.459	7507	0.962	0.541	10546	0.919
HBS1L	-3.19	8	-0.10	0.459	7508	0.962	0.541	10545	0.919
SLC34A1	-3.19	8	-0.10	0.459	7509	0.962	0.541	10544	0.919
MRPL47	-3.19	8	-0.10	0.459	7510	0.962	0.541	10543	0.919
MAL	-3.19	8	-0.10	0.459	7511	0.962	0.541	10542	0.919
CSN2	-3.19	8	-0.10	0.459	7512	0.962	0.541	10541	0.919
PKLR	-3.19	8	-0.10	0.459	7513	0.962	0.541	10540	0.919
PCDHB11	-3.19	8	-0.10	0.459	7514	0.962	0.541	10539	0.919
GUCY1A2	-3.19	8	-0.10	0.459	7515	0.962	0.541	10538	0.919
CAMKMT	-3.19	8	-0.10	0.459	7516	0.962	0.541	10537	0.919
KLHL41	-3.19	8	-0.10	0.459	7517	0.962	0.541	10536	0.919
FAM13C	-3.19	8	-0.10	0.46	7518	0.962	0.54	10535	0.919
BRICD5	-3.19	8	-0.10	0.46	7519	0.962	0.54	10534	0.919
TEX36	-3.19	8	-0.10	0.46	7520	0.962	0.54	10533	0.919
SEC24B	-3.19	8	-0.10	0.46	7521	0.962	0.54	10532	0.919
MFAP5	-3.19	8	-0.10	0.46	7522	0.962	0.54	10531	0.919
IL17RA	-3.19	8	-0.10	0.46	7523	0.962	0.54	10530	0.919
MTUS1	-3.19	8	-0.10	0.46	7524	0.962	0.54	10529	0.919
KRTAP19-7	-2.25	4	-0.10	0.46	7525	0.962	0.54	10528	0.919
UIMC1	-3.19	8	-0.10	0.46	7526	0.962	0.54	10527	0.919
MSGN1	-3.19	8	-0.10	0.46	7527	0.962	0.54	10526	0.919
QKI	-3.19	8	-0.10	0.46	7528	0.962	0.54	10525	0.919
FOXO3	-3.18	8	-0.10	0.46	7529	0.962	0.54	10524	0.919
RDH11	-3.18	8	-0.10	0.46	7530	0.962	0.54	10523	0.919
SEZ6L2	-3.18	8	-0.10	0.46	7531	0.962	0.54	10522	0.919
CCDC82	-3.18	8	-0.10	0.46	7532	0.962	0.54	10521	0.919
ARL4D	-3.18	8	-0.10	0.46	7533	0.962	0.54	10520	0.919
CEP85	-3.18	8	-0.10	0.46	7534	0.962	0.54	10519	0.919
TXNDC8	-2.76	6	-0.10	0.46	7535	0.962	0.54	10518	0.919
ELAVL4	-3.18	8	-0.10	0.46	7536	0.962	0.54	10517	0.919
FAM8A1	-3.18	8	-0.10	0.46	7537	0.962	0.54	10516	0.919
DENND2C	-3.18	8	-0.10	0.46	7538	0.962	0.54	10515	0.919
BAI2	-3.18	8	-0.10	0.46	7539	0.962	0.54	10514	0.919
SERPINE2	-3.18	8	-0.10	0.46	7540	0.962	0.54	10513	0.919
MTCH1	-3.18	8	-0.10	0.46	7541	0.962	0.54	10512	0.919
RPS20	-1.59	2	-0.10	0.46	7542	0.962	0.54	10511	0.919
SLC10A5	-3.18	8	-0.10	0.46	7543	0.962	0.54	10510	0.919
MYH9	-3.18	8	-0.10	0.46	7544	0.962	0.54	10509	0.919
NDNF	-3.18	8	-0.10	0.46	7545	0.962	0.54	10508	0.919
VWA2	-3.18	8	-0.10	0.46	7546	0.962	0.54	10507	0.919
RUNDC3A	-3.18	8	-0.10	0.46	7547	0.962	0.54	10506	0.919
MMP27	-3.18	8	-0.10	0.461	7548	0.962	0.539	10505	0.919
BTN2A1	-3.18	8	-0.10	0.461	7549	0.962	0.539	10504	0.919
ZNF276	-3.18	8	-0.10	0.461	7550	0.962	0.539	10503	0.919
ARF5	-3.18	8	-0.10	0.461	7551	0.962	0.539	10502	0.919
KLHDC7A	-3.18	8	-0.10	0.461	7552	0.962	0.539	10501	0.919
MNDA	-3.18	8	-0.10	0.461	7553	0.962	0.539	10500	0.919
PGM2L1	-3.18	8	-0.10	0.461	7554	0.962	0.539	10499	0.919
PLA2G2C	-3.18	8	-0.10	0.461	7555	0.962	0.539	10498	0.919
FGF2	-3.17	8	-0.10	0.461	7556	0.962	0.539	10497	0.919
FAM207A	-3.17	8	-0.10	0.461	7557	0.962	0.539	10496	0.919
FBLN2	-3.17	8	-0.10	0.461	7558	0.962	0.539	10495	0.919
ALOX12	-3.17	8	-0.10	0.461	7559	0.962	0.539	10494	0.919
SLC2A4	-3.17	8	-0.10	0.461	7560	0.962	0.539	10493	0.919
SCGN	-3.17	8	-0.10	0.461	7561	0.962	0.539	10492	0.919
TM4SF18	-3.17	8	-0.10	0.461	7562	0.962	0.539	10491	0.919
HOXD10	-3.17	8	-0.10	0.461	7563	0.962	0.539	10490	0.919
MUM1L1	-3.17	8	-0.10	0.461	7564	0.962	0.539	10489	0.919
SLC27A3	-3.17	8	-0.10	0.461	7565	0.962	0.539	10488	0.919
PVRL4	-3.17	8	-0.10	0.461	7566	0.962	0.539	10487	0.919
ODF3B	-3.17	8	-0.10	0.461	7567	0.962	0.539	10486	0.919
LPPR5	-3.17	8	-0.10	0.461	7568	0.962	0.539	10485	0.919
CPSF7	-3.17	8	-0.10	0.461	7569	0.962	0.539	10484	0.919
GSS	-3.17	8	-0.10	0.461	7570	0.962	0.539	10483	0.919
AKTIP	-3.17	8	-0.10	0.462	7571	0.962	0.538	10482	0.919
ZNF77	-3.17	8	-0.10	0.462	7572	0.962	0.538	10481	0.919
GP1BA	-3.17	8	-0.10	0.462	7573	0.962	0.538	10480	0.919
BAIAP2L2	-3.17	8	-0.10	0.462	7574	0.962	0.538	10479	0.919
THEM4	-3.17	8	-0.10	0.462	7575	0.962	0.538	10478	0.919
PRKCDBP	-3.16	8	-0.10	0.462	7576	0.962	0.538	10477	0.919
SLC35E4	-3.16	8	-0.10	0.462	7577	0.962	0.538	10476	0.919
OR56A1	-3.16	8	-0.10	0.462	7578	0.962	0.538	10475	0.919
ZFAND6	-3.16	8	-0.10	0.462	7579	0.962	0.538	10474	0.919
N4BP3	-3.16	8	-0.10	0.462	7580	0.962	0.538	10473	0.919
HEXIM1	-3.16	8	-0.10	0.462	7581	0.962	0.538	10472	0.919
TBC1D2	-3.16	8	-0.10	0.462	7582	0.962	0.538	10471	0.919
DNASE2B	-3.16	8	-0.10	0.462	7583	0.962	0.538	10470	0.919
KNCN	-3.16	8	-0.09	0.462	7584	0.962	0.538	10469	0.919
SPN	-3.16	8	-0.09	0.462	7585	0.962	0.538	10468	0.919
GPR157	-3.16	8	-0.09	0.462	7586	0.962	0.538	10467	0.919
C1orf162	-3.16	8	-0.09	0.462	7587	0.962	0.538	10466	0.919
OVOL2	-3.16	8	-0.09	0.462	7588	0.962	0.538	10465	0.919
MEDAG	-3.16	8	-0.09	0.462	7589	0.962	0.538	10464	0.919
10-Sep	-3.16	8	-0.09	0.462	7590	0.962	0.538	10463	0.919
GAS6	-3.16	8	-0.09	0.463	7591	0.962	0.537	10462	0.919
RAET1E	-3.16	8	-0.09	0.463	7592	0.962	0.537	10461	0.919
HIVEP3	-3.16	8	-0.09	0.463	7593	0.962	0.537	10460	0.919
MBNL2	-3.16	8	-0.09	0.463	7594	0.962	0.537	10459	0.919
MKS1	-3.16	8	-0.09	0.463	7595	0.962	0.537	10458	0.919
CLEC2L	-3.16	8	-0.09	0.463	7596	0.962	0.537	10457	0.919
RNASE2	-3.16	8	-0.09	0.463	7597	0.962	0.537	10456	0.919
LY86	-3.16	8	-0.09	0.463	7598	0.962	0.537	10455	0.919
RBPJ	-3.16	8	-0.09	0.463	7599	0.962	0.537	10454	0.919
MPEG1	-3.16	8	-0.09	0.463	7600	0.962	0.537	10453	0.919
ANXA11	-3.16	8	-0.09	0.463	7601	0.962	0.537	10452	0.919
BOLA1	-3.16	8	-0.09	0.463	7602	0.962	0.537	10451	0.919
COPZ1	-3.16	8	-0.09	0.463	7603	0.962	0.537	10450	0.919
UBE3A	-3.16	8	-0.09	0.463	7604	0.962	0.537	10449	0.919
SLC1A2	-3.16	8	-0.09	0.463	7605	0.962	0.537	10448	0.919
SLCO2B1	-3.16	8	-0.09	0.463	7606	0.962	0.537	10447	0.919
OR11A1	-3.16	8	-0.09	0.463	7607	0.962	0.537	10446	0.919
KRTAP10-11	-1.58	2	-0.09	0.463	7608	0.962	0.537	10445	0.919
ARL5C	-3.15	8	-0.09	0.463	7609	0.962	0.537	10444	0.919
C16orf89	-3.15	8	-0.09	0.463	7610	0.962	0.537	10443	0.919
PDIA4	-3.15	8	-0.09	0.463	7611	0.962	0.537	10442	0.919
MAN2C1	-3.15	8	-0.09	0.463	7612	0.962	0.537	10441	0.919
OR51I2	-3.15	8	-0.09	0.463	7613	0.962	0.537	10440	0.919
GJA3	-3.15	8	-0.09	0.463	7614	0.962	0.537	10439	0.919
TPRX1	-3.15	8	-0.09	0.463	7615	0.962	0.537	10438	0.919
PRR22	-3.15	8	-0.09	0.463	7616	0.962	0.537	10437	0.919
POU3F4	-3.15	8	-0.09	0.463	7617	0.962	0.537	10436	0.919
THSD1	-3.15	8	-0.09	0.463	7618	0.962	0.537	10435	0.919
SGCA	-3.15	8	-0.09	0.463	7619	0.962	0.537	10434	0.919
OR1K1	-3.15	8	-0.09	0.463	7620	0.962	0.537	10433	0.919
SLC30A6	-3.15	8	-0.09	0.463	7621	0.962	0.537	10432	0.919
NUDT2	-3.15	8	-0.09	0.463	7622	0.962	0.537	10431	0.919
TMEM30B	-3.15	8	-0.09	0.463	7623	0.962	0.537	10430	0.919
DOK6	-3.15	8	-0.09	0.463	7624	0.962	0.537	10429	0.919
PC	-3.15	8	-0.09	0.463	7625	0.962	0.537	10428	0.919
UBE2V1	-1.57	2	-0.09	0.463	7626	0.962	0.537	10427	0.919
DDRGK1	-3.15	8	-0.09	0.463	7627	0.962	0.537	10426	0.919
TRIP13	-3.15	8	-0.09	0.463	7628	0.962	0.537	10425	0.919
STXBP1	-3.15	8	-0.09	0.464	7629	0.962	0.536	10424	0.919
PCDHB3	-3.15	8	-0.09	0.464	7630	0.962	0.536	10423	0.919
DNAJB2	-3.15	8	-0.09	0.464	7631	0.962	0.536	10422	0.919
ELP2	-3.15	8	-0.09	0.464	7632	0.962	0.536	10421	0.919
IFITM1	-3.14	8	-0.09	0.464	7633	0.962	0.536	10420	0.919
SLC39A3	-3.14	8	-0.09	0.464	7634	0.962	0.536	10419	0.919
CDR1	-3.14	8	-0.09	0.464	7635	0.962	0.536	10418	0.919
YTHDC2	-3.14	8	-0.09	0.464	7636	0.962	0.536	10417	0.919
ZNF84	-3.14	8	-0.09	0.464	7637	0.962	0.536	10416	0.919
SPDYE1	-1.57	2	-0.09	0.464	7638	0.962	0.536	10415	0.919
DHX30	-3.14	8	-0.09	0.464	7639	0.962	0.536	10414	0.919
AFF1	-3.14	8	-0.09	0.464	7640	0.962	0.536	10413	0.919
EPB41L4B	-3.14	8	-0.09	0.464	7641	0.962	0.536	10412	0.919
C2orf82	-3.14	8	-0.09	0.464	7642	0.962	0.536	10411	0.919
ORAI2	-3.14	8	-0.09	0.465	7643	0.962	0.535	10410	0.919
HLA-DQA2	-3.14	8	-0.09	0.465	7644	0.962	0.535	10409	0.919
RHBDF2	-3.14	8	-0.09	0.465	7645	0.962	0.535	10408	0.919
R3HDML	-3.14	8	-0.09	0.465	7646	0.962	0.535	10407	0.919
PARVG	-3.14	8	-0.09	0.465	7647	0.962	0.535	10406	0.919
FAM183B	-3.14	8	-0.09	0.465	7648	0.962	0.535	10405	0.919
CDH24	-3.14	8	-0.09	0.465	7649	0.962	0.535	10404	0.919
C2orf91	-3.14	8	-0.09	0.465	7650	0.962	0.535	10403	0.919
PGRMC2	-3.14	8	-0.09	0.465	7651	0.962	0.535	10402	0.919
HSD17B4	-3.14	8	-0.09	0.465	7652	0.962	0.535	10401	0.919
POLN	-3.13	8	-0.09	0.465	7653	0.962	0.535	10400	0.919
SCTR	-3.13	8	-0.09	0.465	7654	0.962	0.535	10399	0.919
SLC35F4	-3.13	8	-0.09	0.465	7655	0.962	0.535	10398	0.919
GIMAP6	-3.13	8	-0.09	0.465	7656	0.962	0.535	10397	0.919
XKR7	-3.13	8	-0.09	0.465	7657	0.962	0.535	10396	0.919
LHX5	-3.13	8	-0.09	0.465	7658	0.962	0.535	10395	0.919
SERPING1	-3.13	8	-0.09	0.465	7659	0.962	0.535	10394	0.919
NBEAL1	-3.13	8	-0.09	0.465	7660	0.962	0.535	10393	0.919
NKD2	-3.13	8	-0.09	0.465	7661	0.962	0.535	10392	0.919
RNF181	-3.13	8	-0.09	0.465	7662	0.962	0.535	10391	0.919
ALAS2	-3.13	8	-0.09	0.466	7663	0.962	0.534	10390	0.919
LRBA	-3.13	8	-0.09	0.466	7664	0.962	0.534	10389	0.919
OGFRL1	-3.13	8	-0.09	0.466	7665	0.962	0.534	10388	0.919
POLR3GL	-3.13	8	-0.09	0.466	7666	0.962	0.534	10387	0.919
DUSP7	-3.13	8	-0.09	0.466	7667	0.962	0.534	10386	0.919
GKN2	-3.13	8	-0.09	0.466	7668	0.962	0.534	10385	0.919
COQ2	-3.13	8	-0.09	0.466	7669	0.962	0.534	10384	0.919
S100G	-2.21	4	-0.09	0.466	7670	0.962	0.534	10383	0.919
BEAN1	-3.12	8	-0.09	0.466	7671	0.962	0.534	10382	0.919
CCDC40	-3.12	8	-0.08	0.466	7672	0.962	0.534	10381	0.919
YIPF4	-3.12	8	-0.08	0.466	7673	0.962	0.534	10380	0.919
ZNF420	-3.12	8	-0.08	0.466	7674	0.962	0.534	10379	0.919
EXO1	-3.12	8	-0.08	0.466	7675	0.962	0.534	10378	0.919
KRTAP3-1	-3.12	8	-0.08	0.466	7676	0.962	0.534	10377	0.919
AGBL4	-3.12	8	-0.08	0.466	7677	0.962	0.534	10376	0.919
LRRC52	-3.12	8	-0.08	0.466	7678	0.962	0.534	10375	0.919
SLC25A3	-3.12	8	-0.08	0.467	7679	0.962	0.533	10374	0.919
FBXO47	-3.12	8	-0.08	0.467	7680	0.962	0.533	10373	0.919
RALGPS2	-2.70	6	-0.08	0.467	7681	0.962	0.533	10372	0.919
LPA	-3.12	8	-0.08	0.467	7682	0.962	0.533	10371	0.919
BRD9	-3.12	8	-0.08	0.467	7683	0.962	0.533	10370	0.919
CKM	-3.12	8	-0.08	0.467	7684	0.962	0.533	10369	0.919
DNAJC7	-3.11	8	-0.08	0.467	7685	0.962	0.533	10368	0.919
NPY1R	-3.11	8	-0.08	0.467	7686	0.962	0.533	10367	0.919
HMGA1	-2.20	4	-0.08	0.467	7687	0.962	0.533	10366	0.919
PRL	-3.11	8	-0.08	0.467	7688	0.962	0.533	10365	0.919
SAMD9	-3.11	8	-0.08	0.467	7689	0.962	0.533	10364	0.919
FMOD	-3.11	8	-0.08	0.467	7690	0.962	0.533	10363	0.919
FBXO34	-3.11	8	-0.08	0.467	7691	0.962	0.533	10362	0.919
CAPS	-3.11	8	-0.08	0.467	7692	0.962	0.533	10361	0.919
CNOT8	-3.11	8	-0.08	0.467	7693	0.962	0.533	10360	0.919
POC1A	-3.11	8	-0.08	0.467	7694	0.962	0.533	10359	0.919
DDX19B	-3.11	8	-0.08	0.467	7695	0.962	0.533	10358	0.919
ZNF780B	-3.11	8	-0.08	0.467	7696	0.962	0.533	10357	0.919
MIB1	-3.11	8	-0.08	0.467	7697	0.962	0.533	10356	0.919
CYBA	-3.11	8	-0.08	0.468	7698	0.962	0.532	10355	0.919
DSCR4	-3.11	8	-0.08	0.468	7699	0.962	0.532	10354	0.919
CALCA	-3.11	8	-0.08	0.468	7700	0.962	0.532	10353	0.919
MAGIX	-3.11	8	-0.08	0.468	7701	0.962	0.532	10352	0.919
DEFB132	-3.11	8	-0.08	0.468	7702	0.962	0.532	10351	0.919
STAT5A	-3.11	8	-0.08	0.468	7703	0.962	0.532	10350	0.919
CCDC110	-3.11	8	-0.08	0.468	7704	0.962	0.532	10349	0.919
CRYAA	-3.11	8	-0.08	0.468	7705	0.962	0.532	10348	0.919
PGPEP1	-3.10	8	-0.08	0.468	7706	0.962	0.532	10347	0.919
WDR44	-3.10	8	-0.08	0.468	7707	0.962	0.532	10346	0.919
A3GALT2	-3.10	8	-0.08	0.468	7708	0.962	0.532	10345	0.919
WDR65	-3.10	8	-0.08	0.468	7709	0.962	0.532	10344	0.919
OLFML3	-3.10	8	-0.08	0.468	7710	0.962	0.532	10343	0.919
UGT3A1	-3.10	8	-0.08	0.468	7711	0.962	0.532	10342	0.919
DMRTB1	-3.10	8	-0.08	0.469	7712	0.962	0.531	10341	0.919
MYH6	-3.10	8	-0.08	0.469	7713	0.962	0.531	10340	0.919
ACTA1	-3.10	8	-0.08	0.469	7714	0.962	0.531	10339	0.919
FXR2	-3.10	8	-0.08	0.469	7715	0.962	0.531	10338	0.919
KLHL4	-3.10	8	-0.08	0.469	7716	0.962	0.531	10337	0.919
IL7	-3.10	8	-0.08	0.469	7717	0.962	0.531	10336	0.919
MTCP1	-3.10	8	-0.08	0.469	7718	0.962	0.531	10335	0.919
IGFBP7	-3.10	8	-0.08	0.469	7719	0.962	0.531	10334	0.919
ST6GALNAC6	-3.10	8	-0.08	0.469	7720	0.962	0.531	10333	0.919
MIPOL1	-3.10	8	-0.08	0.469	7721	0.962	0.531	10332	0.919
CEACAM4	-3.10	8	-0.08	0.469	7722	0.962	0.531	10331	0.919
EEF2K	-3.09	8	-0.08	0.469	7723	0.962	0.531	10330	0.919
WFIKKN2	-3.09	8	-0.08	0.469	7724	0.962	0.531	10329	0.919
SLC41A1	-3.09	8	-0.08	0.469	7725	0.962	0.531	10328	0.919
PEX11A	-3.09	8	-0.08	0.469	7726	0.962	0.531	10327	0.919
FGFR4	-3.09	8	-0.08	0.469	7727	0.962	0.531	10326	0.919
LRRC39	-3.09	8	-0.08	0.469	7728	0.962	0.531	10325	0.919
PLGRKT	-3.09	8	-0.08	0.469	7729	0.962	0.531	10324	0.919
MAML1	-3.09	8	-0.08	0.469	7730	0.962	0.531	10323	0.919
GULP1	-3.09	8	-0.08	0.47	7731	0.962	0.53	10322	0.919
MLK4	-3.09	8	-0.08	0.47	7732	0.962	0.53	10321	0.919
BOD1L2	-3.09	8	-0.08	0.47	7733	0.962	0.53	10320	0.919
PRKCG	-3.09	8	-0.08	0.47	7734	0.962	0.53	10319	0.919
UNC5C	-3.09	8	-0.08	0.47	7735	0.962	0.53	10318	0.919
CHTF18	-3.09	8	-0.08	0.47	7736	0.962	0.53	10317	0.919
CLEC1B	-3.09	8	-0.08	0.47	7737	0.962	0.53	10316	0.919
C7orf49	-3.09	8	-0.08	0.47	7738	0.962	0.53	10315	0.919
CAT	-3.09	8	-0.08	0.47	7739	0.962	0.53	10314	0.919
WIPI1	-3.09	8	-0.08	0.47	7740	0.962	0.53	10313	0.919
CCDC71	-3.09	8	-0.08	0.47	7741	0.962	0.53	10312	0.919
CYP4Z1	-3.09	8	-0.08	0.47	7742	0.962	0.53	10311	0.919
PABPC4	-3.09	8	-0.08	0.47	7743	0.962	0.53	10310	0.919
GPR101	-3.09	8	-0.08	0.47	7744	0.962	0.53	10309	0.919
NAGS	-3.09	8	-0.08	0.47	7745	0.962	0.53	10308	0.919
OR2D3	-3.08	8	-0.07	0.47	7746	0.962	0.53	10307	0.919
FBN1	-3.08	8	-0.07	0.47	7747	0.962	0.53	10306	0.919
LRP4	-3.08	8	-0.07	0.47	7748	0.962	0.53	10305	0.919
RBBP6	-3.08	8	-0.07	0.47	7749	0.962	0.53	10304	0.919
VWA3B	-3.08	8	-0.07	0.47	7750	0.962	0.53	10303	0.919
WDR86	-3.08	8	-0.07	0.47	7751	0.962	0.53	10302	0.919
WBSCR28	-3.08	8	-0.07	0.47	7752	0.962	0.53	10301	0.919
ADSSL1	-3.08	8	-0.07	0.47	7753	0.962	0.53	10300	0.919
SLC27A1	-3.08	8	-0.07	0.47	7754	0.962	0.53	10299	0.919
IL23R	-3.08	8	-0.07	0.47	7755	0.962	0.53	10298	0.919
NGLY1	-3.08	8	-0.07	0.47	7756	0.962	0.53	10297	0.919
FBXL3	-3.08	8	-0.07	0.47	7757	0.962	0.53	10296	0.919
GATSL3	-3.08	8	-0.07	0.47	7758	0.962	0.53	10295	0.919
GPR31	-3.08	8	-0.07	0.47	7759	0.962	0.53	10294	0.919
C5orf22	-3.08	8	-0.07	0.47	7760	0.962	0.53	10293	0.919
STK4	-3.08	8	-0.07	0.471	7761	0.962	0.529	10292	0.919
COLEC11	-3.08	8	-0.07	0.471	7762	0.962	0.529	10291	0.919
ABCA12	-3.08	8	-0.07	0.471	7763	0.962	0.529	10290	0.919
FBXO24	-3.08	8	-0.07	0.471	7764	0.962	0.529	10289	0.919
NPR1	-3.08	8	-0.07	0.471	7765	0.962	0.529	10288	0.919
ZNF593	-3.08	8	-0.07	0.471	7766	0.962	0.529	10287	0.919
PRDX2	-3.08	8	-0.07	0.471	7767	0.962	0.529	10286	0.919
CCL22	-3.08	8	-0.07	0.471	7768	0.962	0.529	10285	0.919
OR6B3	-3.08	8	-0.07	0.471	7769	0.962	0.529	10284	0.919
LMBR1	-3.08	8	-0.07	0.471	7770	0.962	0.529	10283	0.919
C1orf229	-3.08	8	-0.07	0.471	7771	0.962	0.529	10282	0.919
TP53I11	-3.08	8	-0.07	0.471	7772	0.962	0.529	10281	0.919
ZBTB9	-3.08	8	-0.07	0.471	7773	0.962	0.529	10280	0.919
SULT1A1	-2.17	4	-0.07	0.471	7774	0.962	0.529	10279	0.919
FOXF1	-3.07	8	-0.07	0.471	7775	0.962	0.529	10278	0.919
TMEM106B	-3.07	8	-0.07	0.471	7776	0.962	0.529	10277	0.919
TXLNB	-3.07	8	-0.07	0.471	7777	0.962	0.529	10276	0.919
CDRT15L2	-3.07	8	-0.07	0.471	7778	0.962	0.529	10275	0.919
SMPDL3B	-3.07	8	-0.07	0.471	7779	0.962	0.529	10274	0.919
DUS1L	-3.07	8	-0.07	0.471	7780	0.962	0.529	10273	0.919
ZNF597	-3.07	8	-0.07	0.472	7781	0.962	0.528	10272	0.919
FAM217A	-3.07	8	-0.07	0.472	7782	0.962	0.528	10271	0.919
KLK8	-3.07	8	-0.07	0.472	7783	0.962	0.528	10270	0.919
CHD5	-3.07	8	-0.07	0.472	7784	0.962	0.528	10269	0.919
VPS13B	-3.07	8	-0.07	0.472	7785	0.962	0.528	10268	0.919
ZNF792	-3.07	8	-0.07	0.472	7786	0.962	0.528	10267	0.919
ZP2	-3.07	8	-0.07	0.472	7787	0.962	0.528	10266	0.919
CDH18	-3.07	8	-0.07	0.472	7788	0.962	0.528	10265	0.919
SNAPC5	-3.07	8	-0.07	0.472	7789	0.962	0.528	10264	0.919
ADAM19	-3.07	8	-0.07	0.472	7790	0.962	0.528	10263	0.919
HCST	-3.07	8	-0.07	0.472	7791	0.962	0.528	10262	0.919
SRPX2	-3.07	8	-0.07	0.472	7792	0.962	0.528	10261	0.919
ERI3	-3.07	8	-0.07	0.472	7793	0.962	0.528	10260	0.919
DCBLD1	-3.07	8	-0.07	0.472	7794	0.962	0.528	10259	0.919
ARRDC2	-3.07	8	-0.07	0.472	7795	0.962	0.528	10258	0.919
TXNIP	-3.07	8	-0.07	0.472	7796	0.962	0.528	10257	0.919
DNAH2	-3.06	8	-0.07	0.472	7797	0.962	0.528	10256	0.919
WFDC13	-3.06	8	-0.07	0.472	7798	0.962	0.528	10255	0.919
MLKL	-3.06	8	-0.07	0.472	7799	0.962	0.528	10254	0.919
TREX1	-3.06	8	-0.07	0.472	7800	0.962	0.528	10253	0.919
MFAP2	-3.06	8	-0.07	0.472	7801	0.962	0.528	10252	0.919
MAFK	-3.06	8	-0.07	0.472	7802	0.962	0.528	10251	0.919
ATG4B	-3.06	8	-0.07	0.472	7803	0.962	0.528	10250	0.919
BICD1	-3.06	8	-0.07	0.472	7804	0.962	0.528	10249	0.919
GRAMD1B	-3.06	8	-0.07	0.472	7805	0.962	0.528	10248	0.919
PATE1	-3.06	8	-0.07	0.472	7806	0.962	0.528	10247	0.919
ITGAD	-3.06	8	-0.07	0.472	7807	0.962	0.528	10246	0.919
SUPT6H	-3.06	8	-0.07	0.472	7808	0.962	0.528	10245	0.919
MYCL	-3.06	8	-0.07	0.473	7809	0.962	0.527	10244	0.919
ZNF304	-3.06	8	-0.07	0.473	7810	0.962	0.527	10243	0.919
SYDE1	-3.06	8	-0.07	0.473	7811	0.962	0.527	10242	0.919
DIS3L2	-3.06	8	-0.07	0.473	7812	0.962	0.527	10241	0.919
CBLC	-3.06	8	-0.07	0.473	7813	0.962	0.527	10240	0.919
CDCA7L	-3.06	8	-0.07	0.473	7814	0.962	0.527	10239	0.919
GDF2	-3.06	8	-0.07	0.473	7815	0.962	0.527	10238	0.919
NSUN5	-3.06	8	-0.07	0.473	7816	0.962	0.527	10237	0.919
ACCS	-3.06	8	-0.07	0.473	7817	0.962	0.527	10236	0.919
HIST4H4	-3.06	8	-0.07	0.473	7818	0.962	0.527	10235	0.919
RASGRP4	-3.05	8	-0.07	0.473	7819	0.962	0.527	10234	0.919
CDH6	-3.05	8	-0.07	0.473	7820	0.962	0.527	10233	0.919
NSDHL	-3.05	8	-0.07	0.473	7821	0.962	0.527	10232	0.919
NFIA	-3.05	8	-0.07	0.473	7822	0.962	0.527	10231	0.919
OR52N2	-3.05	8	-0.07	0.473	7823	0.962	0.527	10230	0.919
CES4A	-3.05	8	-0.07	0.473	7824	0.962	0.527	10229	0.919
HIGD1A	-2.16	4	-0.07	0.473	7825	0.962	0.527	10228	0.919
NANS	-3.05	8	-0.07	0.473	7826	0.962	0.527	10227	0.919
RNF207	-3.05	8	-0.07	0.473	7827	0.962	0.527	10226	0.919
HELT	-3.05	8	-0.07	0.474	7828	0.962	0.526	10225	0.919
LYRM2	-3.05	8	-0.07	0.474	7829	0.962	0.526	10224	0.919
GALNT13	-3.05	8	-0.07	0.474	7830	0.962	0.526	10223	0.919
TMEM205	-3.05	8	-0.07	0.474	7831	0.962	0.526	10222	0.919
LRRC8E	-3.05	8	-0.07	0.474	7832	0.962	0.526	10221	0.919
URI1	-3.05	8	-0.07	0.474	7833	0.962	0.526	10220	0.919
FAM160B1	-3.05	8	-0.07	0.474	7834	0.962	0.526	10219	0.919
TRIM50	-3.05	8	-0.07	0.474	7835	0.962	0.526	10218	0.919
KCNT1	-3.05	8	-0.07	0.474	7836	0.962	0.526	10217	0.919
G2E3	-3.05	8	-0.07	0.474	7837	0.962	0.526	10216	0.919
CCDC78	-3.05	8	-0.07	0.474	7838	0.962	0.526	10215	0.919
CPA6	-3.05	8	-0.07	0.474	7839	0.962	0.526	10214	0.919
PPIP5K1	-3.05	8	-0.06	0.474	7840	0.962	0.526	10213	0.919
PTPN21	-3.05	8	-0.06	0.474	7841	0.962	0.526	10212	0.919
PDCL3	-3.04	8	-0.06	0.474	7842	0.962	0.526	10211	0.919
PCDH1	-3.04	8	-0.06	0.474	7843	0.962	0.526	10210	0.919
KLHL15	-3.04	8	-0.06	0.474	7844	0.962	0.526	10209	0.919
FGR	-3.04	8	-0.06	0.474	7845	0.962	0.526	10208	0.919
GDF10	-3.04	8	-0.06	0.474	7846	0.962	0.526	10207	0.919
SETX	-3.04	8	-0.06	0.475	7847	0.962	0.525	10206	0.919
CSMD2	-3.04	8	-0.06	0.475	7848	0.962	0.525	10205	0.919
TATDN2	-3.04	8	-0.06	0.475	7849	0.962	0.525	10204	0.919
FOXH1	-3.04	8	-0.06	0.475	7850	0.962	0.525	10203	0.919
HSBP1	-3.04	8	-0.06	0.475	7851	0.962	0.525	10202	0.919
NUDT9	-3.04	8	-0.06	0.475	7852	0.962	0.525	10201	0.919
PPARG	-3.04	8	-0.06	0.475	7853	0.962	0.525	10200	0.919
RNF219	-3.04	8	-0.06	0.475	7854	0.962	0.525	10199	0.919
CDH23	-3.04	8	-0.06	0.475	7855	0.962	0.525	10198	0.919
UBALD1	-3.04	8	-0.06	0.475	7856	0.962	0.525	10197	0.919
APOB	-3.04	8	-0.06	0.475	7857	0.962	0.525	10196	0.919
ZNF679	-1.52	2	-0.06	0.475	7858	0.962	0.525	10195	0.919
ARHGDIG	-3.04	8	-0.06	0.475	7859	0.962	0.525	10194	0.919
CNKSR2	-3.04	8	-0.06	0.475	7860	0.962	0.525	10193	0.919
DST	-3.04	8	-0.06	0.475	7861	0.962	0.525	10192	0.919
P2RY11	-1.52	2	-0.06	0.475	7862	0.962	0.525	10191	0.919
PCK2	-3.03	8	-0.06	0.475	7863	0.962	0.525	10190	0.919
VAMP1	-3.03	8	-0.06	0.475	7864	0.962	0.525	10189	0.919
RAG2	-3.03	8	-0.06	0.475	7865	0.962	0.525	10188	0.919
HRSP12	-3.03	8	-0.06	0.475	7866	0.962	0.525	10187	0.919
DVL3	-3.03	8	-0.06	0.475	7867	0.962	0.525	10186	0.919
ATXN1	-3.03	8	-0.06	0.475	7868	0.962	0.525	10185	0.919
ADAMTS18	-3.03	8	-0.06	0.475	7869	0.962	0.525	10184	0.919
RUNDC3B	-3.03	8	-0.06	0.476	7870	0.962	0.524	10183	0.919
TRIM40	-3.03	8	-0.06	0.476	7871	0.962	0.524	10182	0.919
IRF5	-3.03	8	-0.06	0.476	7872	0.962	0.524	10181	0.919
BTRC	-3.03	8	-0.06	0.476	7873	0.962	0.524	10180	0.919
MITD1	-3.03	8	-0.06	0.476	7874	0.962	0.524	10179	0.919
CASD1	-3.03	8	-0.06	0.476	7875	0.962	0.524	10178	0.919
CCDC15	-3.03	8	-0.06	0.476	7876	0.962	0.524	10177	0.919
NLK	-3.03	8	-0.06	0.476	7877	0.962	0.524	10176	0.919
UPK2	-3.03	8	-0.06	0.476	7878	0.962	0.524	10175	0.919
NINL	-3.03	8	-0.06	0.476	7879	0.962	0.524	10174	0.919
RBM48	-3.03	8	-0.06	0.476	7880	0.962	0.524	10173	0.919
RNASE4	-3.03	8	-0.06	0.476	7881	0.962	0.524	10172	0.919
ASB7	-3.03	8	-0.06	0.476	7882	0.962	0.524	10171	0.919
STPG2	-3.03	8	-0.06	0.476	7883	0.962	0.524	10170	0.919
SOCS3	-3.03	8	-0.06	0.476	7884	0.962	0.524	10169	0.919
MYO15A	-3.03	8	-0.06	0.476	7885	0.962	0.524	10168	0.919
SLC2A6	-3.03	8	-0.06	0.476	7886	0.962	0.524	10167	0.919
RELT	-3.03	8	-0.06	0.476	7887	0.962	0.524	10166	0.919
ZNF451	-3.03	8	-0.06	0.476	7888	0.962	0.524	10165	0.919
KIAA1984	-3.03	8	-0.06	0.476	7889	0.962	0.524	10164	0.919
CLK2	-3.03	8	-0.06	0.476	7890	0.962	0.524	10163	0.919
PLEKHB2	-3.02	8	-0.06	0.476	7891	0.962	0.524	10162	0.919
GPBAR1	-3.02	8	-0.06	0.476	7892	0.962	0.524	10161	0.919
ACTR3C	-2.14	4	-0.06	0.476	7893	0.962	0.524	10160	0.919
EME1	-3.02	8	-0.06	0.476	7894	0.962	0.524	10159	0.919
TMCO2	-3.02	8	-0.06	0.476	7895	0.962	0.524	10158	0.919
CEACAM7	-3.02	8	-0.06	0.476	7896	0.962	0.524	10157	0.919
TDP2	-3.02	8	-0.06	0.476	7897	0.962	0.524	10156	0.919
PRAMEF10	-2.14	4	-0.06	0.476	7898	0.962	0.524	10155	0.919
PXDC1	-3.02	8	-0.06	0.476	7899	0.962	0.524	10154	0.919
OSBPL9	-3.02	8	-0.06	0.476	7900	0.962	0.524	10153	0.919
C1orf168	-3.02	8	-0.06	0.476	7901	0.962	0.524	10152	0.919
GLT1D1	-3.02	8	-0.06	0.477	7902	0.962	0.523	10151	0.919
CTSS	-3.02	8	-0.06	0.477	7903	0.962	0.523	10150	0.919
FAM104A	-3.02	8	-0.06	0.477	7904	0.962	0.523	10149	0.919
ZNF530	-3.02	8	-0.06	0.477	7905	0.962	0.523	10148	0.919
TOM1L1	-3.02	8	-0.06	0.477	7906	0.962	0.523	10147	0.919
FN3K	-3.02	8	-0.06	0.477	7907	0.962	0.523	10146	0.919
PCGF6	-3.02	8	-0.06	0.477	7908	0.962	0.523	10145	0.919
PCMTD1	-3.02	8	-0.06	0.477	7909	0.962	0.523	10144	0.919
QDPR	-3.02	8	-0.06	0.477	7910	0.962	0.523	10143	0.919
OBFC1	-3.02	8	-0.06	0.477	7911	0.962	0.523	10142	0.919
VPS9D1	-3.02	8	-0.06	0.477	7912	0.962	0.523	10141	0.919
MMD	-3.02	8	-0.06	0.477	7913	0.962	0.523	10140	0.919
SLC18A2	-3.02	8	-0.06	0.477	7914	0.962	0.523	10139	0.919
OR11G2	-3.02	8	-0.06	0.477	7915	0.962	0.523	10138	0.919
KCTD15	-3.01	8	-0.06	0.477	7916	0.962	0.523	10137	0.919
UCN	-3.01	8	-0.06	0.477	7917	0.962	0.523	10136	0.919
C6ORF165	-3.01	8	-0.06	0.477	7918	0.962	0.523	10135	0.919
PANK1	-3.01	8	-0.06	0.477	7919	0.962	0.523	10134	0.919
C2orf54	-3.01	8	-0.06	0.477	7920	0.962	0.523	10133	0.919
HIST1H1A	-3.01	8	-0.06	0.477	7921	0.962	0.523	10132	0.919
EFCAB10	-3.01	8	-0.06	0.477	7922	0.962	0.523	10131	0.919
PRSS37	-3.01	8	-0.06	0.478	7923	0.962	0.522	10130	0.919
APOL1	-3.01	8	-0.06	0.478	7924	0.962	0.522	10129	0.919
FAM83D	-3.01	8	-0.06	0.478	7925	0.962	0.522	10128	0.919
ZNF426	-3.01	8	-0.06	0.478	7926	0.962	0.522	10127	0.919
FAM65A	-3.01	8	-0.06	0.478	7927	0.962	0.522	10126	0.919
SRRM5	-3.01	8	-0.06	0.478	7928	0.962	0.522	10125	0.919
TAAR5	-3.01	8	-0.06	0.478	7929	0.962	0.522	10124	0.919
FOSL2	-3.01	8	-0.06	0.478	7930	0.962	0.522	10123	0.919
ZNF234	-3.01	8	-0.06	0.478	7931	0.962	0.522	10122	0.919
CCDC151	-3.01	8	-0.06	0.478	7932	0.962	0.522	10121	0.919
GPRASP2	-3.01	8	-0.06	0.478	7933	0.962	0.522	10120	0.919
ANXA10	-3.01	8	-0.06	0.478	7934	0.962	0.522	10119	0.919
FAM115C	-3.01	8	-0.06	0.478	7935	0.962	0.522	10118	0.919
SPAG8	-3.01	8	-0.06	0.478	7936	0.962	0.522	10117	0.919
ANKRA2	-3.01	8	-0.06	0.478	7937	0.962	0.522	10116	0.919
RGS17	-2.60	6	-0.05	0.478	7938	0.962	0.522	10115	0.919
MAGI3	-3.01	8	-0.05	0.478	7939	0.962	0.522	10114	0.919
CSNK2A2	-3.00	8	-0.05	0.478	7940	0.962	0.522	10113	0.919
TIMM10B	-3.00	8	-0.05	0.478	7941	0.962	0.522	10112	0.919
SPESP1	-3.00	8	-0.05	0.478	7942	0.962	0.522	10111	0.919
CAPZA1	-3.00	8	-0.05	0.478	7943	0.962	0.522	10110	0.919
PACS1	-3.00	8	-0.05	0.478	7944	0.962	0.522	10109	0.919
PDE7A	-2.60	6	-0.05	0.478	7945	0.962	0.522	10108	0.919
SOX15	-3.00	8	-0.05	0.478	7946	0.962	0.522	10107	0.919
OR52D1	-2.81	7	-0.05	0.479	7947	0.962	0.521	10106	0.919
CCL24	-3.00	8	-0.05	0.479	7948	0.962	0.521	10105	0.919
HIST1H3B	-2.12	4	-0.05	0.479	7949	0.962	0.521	10104	0.919
C1QTNF7	-3.00	8	-0.05	0.479	7950	0.962	0.521	10103	0.919
MMP15	-3.00	8	-0.05	0.479	7951	0.962	0.521	10102	0.919
TIA1	-3.00	8	-0.05	0.479	7952	0.962	0.521	10101	0.919
ACOT2	-3.00	8	-0.05	0.479	7953	0.962	0.521	10100	0.919
MYO1H	-3.00	8	-0.05	0.479	7954	0.962	0.521	10099	0.919
ITGB1BP1	-3.00	8	-0.05	0.479	7955	0.962	0.521	10098	0.919
OR2M4	-3.00	8	-0.05	0.479	7956	0.962	0.521	10097	0.919
TNNT1	-3.00	8	-0.05	0.479	7957	0.962	0.521	10096	0.919
TRMT1L	-3.00	8	-0.05	0.479	7958	0.962	0.521	10095	0.919
SALL4	-3.00	8	-0.05	0.479	7959	0.962	0.521	10094	0.919
DSCAML1	-3.00	8	-0.05	0.479	7960	0.962	0.521	10093	0.919
MUC15	-3.00	8	-0.05	0.479	7961	0.962	0.521	10092	0.919
GRK1	-2.99	8	-0.05	0.479	7962	0.962	0.521	10091	0.919
CD163	-2.59	6	-0.05	0.479	7963	0.962	0.521	10090	0.919
CHRDL2	-2.99	8	-0.05	0.479	7964	0.962	0.521	10089	0.919
DEPDC5	-2.99	8	-0.05	0.48	7965	0.962	0.52	10088	0.919
EVA1A	-2.80	7	-0.05	0.48	7966	0.962	0.52	10087	0.919
NEDD4L	-2.99	8	-0.05	0.48	7967	0.962	0.52	10086	0.919
SNRK	-2.99	8	-0.05	0.48	7968	0.962	0.52	10085	0.919
EYA2	-2.99	8	-0.05	0.48	7969	0.962	0.52	10084	0.919
COBL	-2.99	8	-0.05	0.48	7970	0.962	0.52	10083	0.919
MFN2	-2.99	8	-0.05	0.48	7971	0.962	0.52	10082	0.919
GPR123	-2.99	8	-0.05	0.48	7972	0.962	0.52	10081	0.919
C11orf70	-2.99	8	-0.05	0.48	7973	0.962	0.52	10080	0.919
ATP8B3	-2.99	8	-0.05	0.48	7974	0.962	0.52	10079	0.919
AKAP9	-2.99	8	-0.05	0.48	7975	0.962	0.52	10078	0.919
EXOC8	-2.99	8	-0.05	0.48	7976	0.962	0.52	10077	0.919
HUWE1	-2.99	8	-0.05	0.48	7977	0.962	0.52	10076	0.919
ST8SIA4	-2.99	8	-0.05	0.48	7978	0.962	0.52	10075	0.919
CBY3	-2.99	8	-0.05	0.48	7979	0.962	0.52	10074	0.919
RPS4Y2	-1.49	2	-0.05	0.48	7980	0.962	0.52	10073	0.919
TBX2	-2.99	8	-0.05	0.48	7981	0.962	0.52	10072	0.919
MPND	-2.99	8	-0.05	0.48	7982	0.962	0.52	10071	0.919
DHRS13	-2.98	8	-0.05	0.48	7983	0.962	0.52	10070	0.919
DSN1	-2.98	8	-0.05	0.48	7984	0.962	0.52	10069	0.919
IARS2	-2.98	8	-0.05	0.48	7985	0.962	0.52	10068	0.919
CA14	-2.98	8	-0.05	0.48	7986	0.962	0.52	10067	0.919
LSM12	-2.98	8	-0.05	0.481	7987	0.962	0.519	10066	0.919
SLC25A20	-2.98	8	-0.05	0.481	7988	0.962	0.519	10065	0.919
KIF22	-2.98	8	-0.05	0.481	7989	0.962	0.519	10064	0.919
PTPRZ1	-2.98	8	-0.05	0.481	7990	0.962	0.519	10063	0.919
FOXB1	-2.98	8	-0.05	0.481	7991	0.962	0.519	10062	0.919
CIB3	-2.98	8	-0.05	0.481	7992	0.962	0.519	10061	0.919
C10orf90	-2.98	8	-0.05	0.481	7993	0.962	0.519	10060	0.919
COL17A1	-2.98	8	-0.05	0.481	7994	0.962	0.519	10059	0.919
CFP	-2.98	8	-0.05	0.481	7995	0.962	0.519	10058	0.919
EGLN3	-2.98	8	-0.05	0.481	7996	0.962	0.519	10057	0.919
EIF2D	-2.98	8	-0.05	0.481	7997	0.962	0.519	10056	0.919
PRPF40A	-2.98	8	-0.05	0.481	7998	0.962	0.519	10055	0.919
C17orf107	-2.98	8	-0.05	0.481	7999	0.962	0.519	10054	0.919
IFNB1	-2.98	8	-0.05	0.481	8000	0.962	0.519	10053	0.919
SYT11	-2.98	8	-0.05	0.481	8001	0.962	0.519	10052	0.919
PDE12	-2.98	8	-0.05	0.481	8002	0.962	0.519	10051	0.919
OR5M11	-2.98	8	-0.05	0.481	8003	0.962	0.519	10050	0.919
GPR45	-2.98	8	-0.05	0.481	8004	0.962	0.519	10049	0.919
SMIM12	-2.98	8	-0.05	0.481	8005	0.962	0.519	10048	0.919
PRSS16	-2.98	8	-0.05	0.481	8006	0.962	0.519	10047	0.919
ERVV-2	-2.97	8	-0.05	0.481	8007	0.962	0.519	10046	0.919
NEK10	-2.97	8	-0.05	0.481	8008	0.962	0.519	10045	0.919
CALML4	-2.97	8	-0.05	0.481	8009	0.962	0.519	10044	0.919
CSN3	-2.97	8	-0.05	0.481	8010	0.962	0.519	10043	0.919
MBOAT2	-2.97	8	-0.05	0.482	8011	0.962	0.518	10042	0.919
TAC4	-2.97	8	-0.05	0.482	8012	0.962	0.518	10041	0.919
KLHL2	-2.97	8	-0.05	0.482	8013	0.962	0.518	10040	0.919
PXK	-2.97	8	-0.05	0.482	8014	0.962	0.518	10039	0.919
MAP1LC3B	-1.49	2	-0.05	0.482	8015	0.962	0.518	10038	0.919
WDR83OS	-2.97	8	-0.05	0.482	8016	0.962	0.518	10037	0.919
OR8D4	-2.97	8	-0.05	0.482	8017	0.962	0.518	10036	0.919
ARHGAP26	-2.97	8	-0.05	0.482	8018	0.962	0.518	10035	0.919
FAM133A	-2.97	8	-0.05	0.482	8019	0.962	0.518	10034	0.919
PHF3	-2.97	8	-0.05	0.482	8020	0.962	0.518	10033	0.919
FAM63B	-2.97	8	-0.05	0.482	8021	0.962	0.518	10032	0.919
RTP1	-2.97	8	-0.05	0.482	8022	0.962	0.518	10031	0.919
LRIG1	-2.97	8	-0.04	0.482	8023	0.962	0.518	10030	0.919
LCMT2	-2.97	8	-0.04	0.482	8024	0.962	0.518	10029	0.919
BACE2	-2.97	8	-0.04	0.482	8025	0.962	0.518	10028	0.919
ESYT2	-2.97	8	-0.04	0.482	8026	0.962	0.518	10027	0.919
MED28	-2.97	8	-0.04	0.482	8027	0.962	0.518	10026	0.919
IFI27	-2.97	8	-0.04	0.482	8028	0.962	0.518	10025	0.919
KCNS2	-2.97	8	-0.04	0.482	8029	0.962	0.518	10024	0.919
OPA3	-2.57	6	-0.04	0.482	8030	0.962	0.518	10023	0.919
HGFAC	-2.97	8	-0.04	0.482	8031	0.962	0.518	10022	0.919
ATF6	-2.97	8	-0.04	0.482	8032	0.962	0.518	10021	0.919
PALM2-AKAP2	-2.96	8	-0.04	0.482	8033	0.962	0.518	10020	0.919
PAK4	-2.57	6	-0.04	0.482	8034	0.962	0.518	10019	0.919
STH	-2.96	8	-0.04	0.483	8035	0.962	0.517	10018	0.919
SPINK1	-2.96	8	-0.04	0.483	8036	0.962	0.517	10017	0.919
CNBD2	-2.96	8	-0.04	0.483	8037	0.962	0.517	10016	0.919
SPINT3	-2.96	8	-0.04	0.483	8038	0.962	0.517	10015	0.919
RNPEPL1	-2.96	8	-0.04	0.483	8039	0.962	0.517	10014	0.919
FEV	-2.96	8	-0.04	0.483	8040	0.962	0.517	10013	0.919
LDB2	-2.96	8	-0.04	0.483	8041	0.962	0.517	10012	0.919
PPP5C	-2.96	8	-0.04	0.483	8042	0.962	0.517	10011	0.919
LONRF2	-2.56	6	-0.04	0.483	8043	0.962	0.517	10010	0.919
C6orf99	-2.96	8	-0.04	0.483	8044	0.962	0.517	10009	0.919
EIF2AK3	-2.96	8	-0.04	0.483	8045	0.962	0.517	10008	0.919
JAG2	-2.96	8	-0.04	0.483	8046	0.962	0.517	10007	0.919
TPH1	-2.96	8	-0.04	0.483	8047	0.962	0.517	10006	0.919
LAIR1	-2.56	6	-0.04	0.483	8048	0.962	0.517	10005	0.919
NKAP	-2.96	8	-0.04	0.483	8049	0.962	0.517	10004	0.919
EDEM3	-2.96	8	-0.04	0.483	8050	0.962	0.517	10003	0.919
TNFRSF10B	-2.96	8	-0.04	0.483	8051	0.962	0.517	10002	0.919
ANO1	-2.96	8	-0.04	0.483	8052	0.962	0.517	10001	0.919
PARP10	-2.96	8	-0.04	0.483	8053	0.962	0.517	10000	0.919
CCDC134	-2.96	8	-0.04	0.483	8054	0.962	0.517	9999	0.919
GALNT18	-2.96	8	-0.04	0.483	8055	0.962	0.517	9998	0.919
PCDHB5	-2.96	8	-0.04	0.483	8056	0.962	0.517	9997	0.919
MUC16	-2.96	8	-0.04	0.483	8057	0.962	0.517	9996	0.919
KMT2D	-2.96	8	-0.04	0.483	8058	0.962	0.517	9995	0.919
EVI2A	-2.96	8	-0.04	0.483	8059	0.962	0.517	9994	0.919
GMPR2	-2.96	8	-0.04	0.483	8060	0.962	0.517	9993	0.919
DDX60	-2.96	8	-0.04	0.483	8061	0.962	0.517	9992	0.919
TEX19	-2.96	8	-0.04	0.483	8062	0.962	0.517	9991	0.919
MRPL53	-2.96	8	-0.04	0.483	8063	0.962	0.517	9990	0.919
NTRK3	-2.95	8	-0.04	0.483	8064	0.962	0.517	9989	0.919
KCNA6	-2.95	8	-0.04	0.483	8065	0.962	0.517	9988	0.919
FNDC3B	-2.95	8	-0.04	0.484	8066	0.962	0.516	9987	0.919
ADAM20	-2.95	8	-0.04	0.484	8067	0.962	0.516	9986	0.919
NFE2L1	-2.95	8	-0.04	0.484	8068	0.962	0.516	9985	0.919
BECN1	-2.95	8	-0.04	0.484	8069	0.962	0.516	9984	0.919
MACF1	-2.95	8	-0.04	0.484	8070	0.962	0.516	9983	0.919
SLC6A2	-2.95	8	-0.04	0.484	8071	0.962	0.516	9982	0.919
RABGEF1	-2.95	8	-0.04	0.484	8072	0.962	0.516	9981	0.919
CELSR1	-2.95	8	-0.04	0.484	8073	0.962	0.516	9980	0.919
CCDC81	-2.95	8	-0.04	0.484	8074	0.962	0.516	9979	0.919
ERLEC1	-2.95	8	-0.04	0.484	8075	0.962	0.516	9978	0.919
SLC6A18	-2.95	8	-0.04	0.484	8076	0.962	0.516	9977	0.919
OR51H1P	-2.95	8	-0.04	0.484	8077	0.962	0.516	9976	0.919
SIDT2	-2.95	8	-0.04	0.484	8078	0.962	0.516	9975	0.919
FBXO4	-2.55	6	-0.04	0.484	8079	0.962	0.516	9974	0.919
ADAR	-2.95	8	-0.04	0.484	8080	0.962	0.516	9973	0.919
LAMP1	-2.95	8	-0.04	0.484	8081	0.962	0.516	9972	0.919
TAGAP	-2.95	8	-0.04	0.484	8082	0.962	0.516	9971	0.919
EXPH5	-2.95	8	-0.04	0.484	8083	0.962	0.516	9970	0.919
CD5L	-2.95	8	-0.04	0.484	8084	0.962	0.516	9969	0.919
CHST14	-2.94	8	-0.04	0.485	8085	0.962	0.515	9968	0.919
ADAD1	-2.94	8	-0.04	0.485	8086	0.962	0.515	9967	0.919
TMEM140	-2.94	8	-0.04	0.485	8087	0.962	0.515	9966	0.919
LRRC14	-2.94	8	-0.04	0.485	8088	0.962	0.515	9965	0.919
SLC16A12	-2.94	8	-0.04	0.485	8089	0.962	0.515	9964	0.919
ARHGAP44	-2.94	8	-0.04	0.485	8090	0.962	0.515	9963	0.919
TLR7	-2.94	8	-0.04	0.485	8091	0.962	0.515	9962	0.919
CRABP1	-2.94	8	-0.04	0.485	8092	0.962	0.515	9961	0.919
CKAP2	-2.94	8	-0.04	0.485	8093	0.962	0.515	9960	0.919
GMIP	-2.94	8	-0.04	0.485	8094	0.962	0.515	9959	0.919
EVPL	-2.94	8	-0.04	0.485	8095	0.962	0.515	9958	0.919
FGF17	-2.94	8	-0.04	0.485	8096	0.962	0.515	9957	0.919
NLRP9	-2.94	8	-0.04	0.485	8097	0.962	0.515	9956	0.919
ALX1	-2.94	8	-0.04	0.485	8098	0.962	0.515	9955	0.919
UGT1A4	-2.94	8	-0.04	0.485	8099	0.962	0.515	9954	0.919
ARHGAP35	-2.94	8	-0.04	0.485	8100	0.962	0.515	9953	0.919
TSSC4	-2.94	8	-0.04	0.485	8101	0.962	0.515	9952	0.919
SPA17	-2.94	8	-0.04	0.485	8102	0.962	0.515	9951	0.919
C20orf201	-2.94	8	-0.04	0.485	8103	0.962	0.515	9950	0.919
NFKBIA	-2.93	8	-0.04	0.486	8104	0.962	0.514	9949	0.919
SCN11A	-2.93	8	-0.04	0.486	8105	0.962	0.514	9948	0.919
ZNF317	-2.93	8	-0.04	0.486	8106	0.962	0.514	9947	0.919
TKTL2	-2.93	8	-0.04	0.486	8107	0.962	0.514	9946	0.919
METTL13	-2.93	8	-0.04	0.486	8108	0.962	0.514	9945	0.919
VPS45	-2.93	8	-0.04	0.486	8109	0.962	0.514	9944	0.919
BLMH	-2.93	8	-0.03	0.486	8110	0.962	0.514	9943	0.919
SPATA21	-2.93	8	-0.03	0.486	8111	0.962	0.514	9942	0.919
CRTC1	-2.93	8	-0.03	0.486	8112	0.962	0.514	9941	0.919
FAM132B	-2.93	8	-0.03	0.486	8113	0.962	0.514	9940	0.919
ART1	-2.93	8	-0.03	0.486	8114	0.962	0.514	9939	0.919
KIAA1324L	-2.93	8	-0.03	0.486	8115	0.962	0.514	9938	0.919
C20orf112	-2.93	8	-0.03	0.486	8116	0.962	0.514	9937	0.919
07-Mar	-2.93	8	-0.03	0.486	8117	0.962	0.514	9936	0.919
CMTM6	-2.93	8	-0.03	0.487	8118	0.962	0.513	9935	0.919
WDR38	-2.93	8	-0.03	0.487	8119	0.962	0.513	9934	0.919
S100A4	-2.92	8	-0.03	0.487	8120	0.962	0.513	9933	0.919
HDGFRP2	-2.92	8	-0.03	0.487	8121	0.962	0.513	9932	0.919
DNTT	-2.92	8	-0.03	0.487	8122	0.962	0.513	9931	0.919
ABI3	-2.92	8	-0.03	0.487	8123	0.962	0.513	9930	0.919
RUSC2	-2.92	8	-0.03	0.487	8124	0.962	0.513	9929	0.919
SLC39A9	-2.92	8	-0.03	0.487	8125	0.962	0.513	9928	0.919
USP38	-2.92	8	-0.03	0.487	8126	0.962	0.513	9927	0.919
ZC3H13	-2.53	6	-0.03	0.487	8127	0.962	0.513	9926	0.919
RGS11	-2.92	8	-0.03	0.487	8128	0.962	0.513	9925	0.919
TNNC1	-2.92	8	-0.03	0.487	8129	0.962	0.513	9924	0.919
S100A2	-2.92	8	-0.03	0.487	8130	0.962	0.513	9923	0.919
FSCN2	-2.92	8	-0.03	0.487	8131	0.962	0.513	9922	0.919
PRPSAP2	-2.92	8	-0.03	0.487	8132	0.962	0.513	9921	0.919
MCHR1	-2.92	8	-0.03	0.487	8133	0.962	0.513	9920	0.919
UNC79	-2.92	8	-0.03	0.487	8134	0.962	0.513	9919	0.919
TUSC5	-2.92	8	-0.03	0.487	8135	0.962	0.513	9918	0.919
TRAM1	-2.92	8	-0.03	0.487	8136	0.962	0.513	9917	0.919
SARNP	-2.92	8	-0.03	0.487	8137	0.962	0.513	9916	0.919
QPRT	-2.92	8	-0.03	0.487	8138	0.962	0.513	9915	0.919
TMEM240	-2.53	6	-0.03	0.487	8139	0.962	0.513	9914	0.919
OVOL3	-2.92	8	-0.03	0.487	8140	0.962	0.513	9913	0.919
PANK4	-2.92	8	-0.03	0.487	8141	0.962	0.513	9912	0.919
C2orf61	-2.92	8	-0.03	0.487	8142	0.962	0.513	9911	0.919
ZNF208	-2.92	8	-0.03	0.487	8143	0.962	0.513	9910	0.919
AOC3	-2.92	8	-0.03	0.487	8144	0.962	0.513	9909	0.919
KCTD10	-2.92	8	-0.03	0.487	8145	0.962	0.513	9908	0.919
VAMP3	-2.92	8	-0.03	0.488	8146	0.962	0.512	9907	0.919
CPEB3	-2.91	8	-0.03	0.488	8147	0.962	0.512	9906	0.919
FAM57A	-2.91	8	-0.03	0.488	8148	0.962	0.512	9905	0.919
HINT2	-2.91	8	-0.03	0.488	8149	0.962	0.512	9904	0.919
C19orf71	-2.91	8	-0.03	0.488	8150	0.962	0.512	9903	0.919
CAP2	-2.91	8	-0.03	0.488	8151	0.962	0.512	9902	0.919
SELT	-2.91	8	-0.03	0.488	8152	0.962	0.512	9901	0.919
OTUD5	-2.91	8	-0.03	0.488	8153	0.962	0.512	9900	0.919
CCDC88B	-2.91	8	-0.03	0.488	8154	0.962	0.512	9899	0.919
LCLAT1	-2.91	8	-0.03	0.488	8155	0.962	0.512	9898	0.919
PLA2G15	-2.91	8	-0.03	0.488	8156	0.962	0.512	9897	0.919
MYO16	-2.52	6	-0.03	0.488	8157	0.962	0.512	9896	0.919
TRIM64B	-1.45	2	-0.03	0.488	8158	0.962	0.512	9895	0.919
C11orf91	-2.91	8	-0.03	0.488	8159	0.962	0.512	9894	0.919
GPR65	-2.91	8	-0.03	0.488	8160	0.962	0.512	9893	0.919
PPP1R3D	-2.91	8	-0.03	0.488	8161	0.962	0.512	9892	0.919
UHRF2	-2.91	8	-0.03	0.488	8162	0.962	0.512	9891	0.919
NMS	-2.91	8	-0.03	0.488	8163	0.962	0.512	9890	0.919
ST18	-2.91	8	-0.03	0.488	8164	0.962	0.512	9889	0.919
BHLHE41	-2.91	8	-0.03	0.488	8165	0.962	0.512	9888	0.919
SCD	-2.91	8	-0.03	0.489	8166	0.962	0.511	9887	0.919
MTDH	-2.91	8	-0.03	0.489	8167	0.962	0.511	9886	0.919
ANGPT1	-2.52	6	-0.03	0.489	8168	0.962	0.511	9885	0.919
PPOX	-2.52	6	-0.03	0.489	8169	0.962	0.511	9884	0.919
KIAA1024L	-2.90	8	-0.03	0.489	8170	0.962	0.511	9883	0.919
SURF6	-2.90	8	-0.03	0.489	8171	0.962	0.511	9882	0.919
ZADH2	-2.90	8	-0.03	0.489	8172	0.962	0.511	9881	0.919
GMDS	-2.90	8	-0.03	0.489	8173	0.962	0.511	9880	0.919
VAX1	-2.90	8	-0.03	0.489	8174	0.962	0.511	9879	0.919
GATAD2A	-2.90	8	-0.03	0.489	8175	0.962	0.511	9878	0.919
SOX17	-2.90	8	-0.03	0.489	8176	0.962	0.511	9877	0.919
CNDP1	-2.90	8	-0.03	0.489	8177	0.962	0.511	9876	0.919
ALKBH8	-2.90	8	-0.03	0.489	8178	0.962	0.511	9875	0.919
PRPS2	-2.90	8	-0.03	0.489	8179	0.962	0.511	9874	0.919
SULF2	-2.90	8	-0.03	0.489	8180	0.962	0.511	9873	0.919
OR6A2	-2.90	8	-0.03	0.489	8181	0.962	0.511	9872	0.919
MTNR1A	-2.90	8	-0.03	0.489	8182	0.962	0.511	9871	0.919
LIN28A	-2.90	8	-0.03	0.489	8183	0.962	0.511	9870	0.919
TTC32	-2.90	8	-0.03	0.49	8184	0.962	0.51	9869	0.919
ZKSCAN4	-2.90	8	-0.03	0.49	8185	0.962	0.51	9868	0.919
GPR88	-2.90	8	-0.03	0.49	8186	0.962	0.51	9867	0.919
PJA1	-2.89	8	-0.03	0.49	8187	0.962	0.51	9866	0.919
SNX31	-2.89	8	-0.03	0.49	8188	0.962	0.51	9865	0.919
UPF3B	-2.89	8	-0.03	0.49	8189	0.962	0.51	9864	0.919
FAM183A	-2.89	8	-0.03	0.49	8190	0.962	0.51	9863	0.919
TRAF4	-2.89	8	-0.03	0.49	8191	0.962	0.51	9862	0.919
DOK2	-2.89	8	-0.02	0.49	8192	0.962	0.51	9861	0.919
FER1L6	-2.89	8	-0.02	0.49	8193	0.962	0.51	9860	0.919
IMPA1	-2.89	8	-0.02	0.49	8194	0.962	0.51	9859	0.919
SUFU	-2.89	8	-0.02	0.49	8195	0.962	0.51	9858	0.919
RTKN2	-2.89	8	-0.02	0.49	8196	0.962	0.51	9857	0.919
TMEM238	-2.89	8	-0.02	0.491	8197	0.962	0.509	9856	0.919
BTF3	-2.04	4	-0.02	0.491	8198	0.962	0.509	9855	0.919
NEUROD2	-2.89	8	-0.02	0.491	8199	0.962	0.509	9854	0.919
GNAI1	-2.89	8	-0.02	0.491	8200	0.962	0.509	9853	0.919
ATXN1L	-2.88	8	-0.02	0.491	8201	0.962	0.509	9852	0.919
B4GALT1	-2.88	8	-0.02	0.491	8202	0.962	0.509	9851	0.919
FSTL5	-2.88	8	-0.02	0.491	8203	0.962	0.509	9850	0.919
UBE2L3	-2.88	8	-0.02	0.491	8204	0.962	0.509	9849	0.919
PPAP2B	-2.88	8	-0.02	0.491	8205	0.962	0.509	9848	0.919
AHSA2	-2.88	8	-0.02	0.491	8206	0.962	0.509	9847	0.919
KRTAP19-5	-1.44	2	-0.02	0.491	8207	0.962	0.509	9846	0.919
NR1H3	-2.88	8	-0.02	0.491	8208	0.962	0.509	9845	0.919
ORMDL1	-2.88	8	-0.02	0.491	8209	0.962	0.509	9844	0.919
GP6	-2.88	8	-0.02	0.491	8210	0.962	0.509	9843	0.919
RIPPLY3	-2.88	8	-0.02	0.491	8211	0.962	0.509	9842	0.919
CPNE6	-2.88	8	-0.02	0.491	8212	0.962	0.509	9841	0.919
GUSB	-2.88	8	-0.02	0.492	8213	0.962	0.508	9840	0.919
MEIS2	-2.88	8	-0.02	0.492	8214	0.962	0.508	9839	0.919
USP14	-2.87	8	-0.02	0.492	8215	0.962	0.508	9838	0.919
ZNF691	-2.87	8	-0.02	0.492	8216	0.962	0.508	9837	0.919
ANKRD40	-2.87	8	-0.02	0.492	8217	0.962	0.508	9836	0.919
SLC7A9	-2.87	8	-0.02	0.492	8218	0.962	0.508	9835	0.919
CECR5	-2.87	8	-0.02	0.492	8219	0.962	0.508	9834	0.919
OR56A4	-2.87	8	-0.02	0.492	8220	0.962	0.508	9833	0.919
AGPAT6	-2.87	8	-0.02	0.492	8221	0.962	0.508	9832	0.919
FAM154A	-2.87	8	-0.02	0.492	8222	0.962	0.508	9831	0.919
TLX2	-2.87	8	-0.02	0.492	8223	0.962	0.508	9830	0.919
DYRK4	-2.87	8	-0.02	0.492	8224	0.962	0.508	9829	0.919
SNTB2	-2.87	8	-0.02	0.492	8225	0.962	0.508	9828	0.919
HPCA	-2.49	6	-0.02	0.492	8226	0.962	0.508	9827	0.919
ANKH	-2.87	8	-0.02	0.492	8227	0.962	0.508	9826	0.919
ORAI3	-2.87	8	-0.02	0.492	8228	0.962	0.508	9825	0.919
JOSD1	-2.87	8	-0.02	0.492	8229	0.962	0.508	9824	0.919
TMEM145	-2.87	8	-0.02	0.492	8230	0.962	0.508	9823	0.919
FAM20A	-2.87	8	-0.02	0.492	8231	0.962	0.508	9822	0.919
MAMSTR	-2.87	8	-0.02	0.492	8232	0.962	0.508	9821	0.919
TOR2A	-2.87	8	-0.02	0.492	8233	0.962	0.508	9820	0.919
NEXN	-2.87	8	-0.02	0.493	8234	0.962	0.507	9819	0.919
SLC35G3	-2.48	6	-0.02	0.493	8235	0.962	0.507	9818	0.919
TBC1D10A	-2.87	8	-0.02	0.493	8236	0.962	0.507	9817	0.919
CYTH3	-2.87	8	-0.02	0.493	8237	0.962	0.507	9816	0.919
RPS4X	-1.43	2	-0.02	0.493	8238	0.962	0.507	9815	0.919
RPS8	-2.48	6	-0.02	0.493	8239	0.962	0.507	9814	0.919
COQ6	-2.86	8	-0.02	0.493	8240	0.962	0.507	9813	0.919
LRRC69	-2.86	8	-0.02	0.493	8241	0.962	0.507	9812	0.919
GAS2	-2.86	8	-0.02	0.493	8242	0.962	0.507	9811	0.919
USP19	-2.86	8	-0.02	0.493	8243	0.962	0.507	9810	0.919
NIPSNAP1	-2.86	8	-0.02	0.493	8244	0.962	0.507	9809	0.919
HEATR6	-2.86	8	-0.02	0.494	8245	0.962	0.506	9808	0.919
UBA7	-2.86	8	-0.02	0.494	8246	0.962	0.506	9807	0.919
CHP1	-2.86	8	-0.02	0.494	8247	0.962	0.506	9806	0.919
RPS27L	-2.47	6	-0.02	0.494	8248	0.962	0.506	9805	0.919
COX19	-2.85	8	-0.02	0.494	8249	0.962	0.506	9804	0.919
OR51M1	-2.85	8	-0.02	0.494	8250	0.962	0.506	9803	0.919
KCNT2	-2.85	8	-0.02	0.494	8251	0.962	0.506	9802	0.919
GZMK	-2.85	8	-0.02	0.494	8252	0.962	0.506	9801	0.919
11-Mar	-2.85	8	-0.01	0.494	8253	0.962	0.506	9800	0.919
TMEM158	-2.85	8	-0.01	0.494	8254	0.962	0.506	9799	0.919
ACP1	-2.85	8	-0.01	0.494	8255	0.962	0.506	9798	0.919
BCAS2	-2.85	8	-0.01	0.494	8256	0.962	0.506	9797	0.919
RIN3	-2.85	8	-0.01	0.494	8257	0.962	0.506	9796	0.919
ZBTB4	-2.85	8	-0.01	0.494	8258	0.962	0.506	9795	0.919
ASB17	-2.85	8	-0.01	0.494	8259	0.962	0.506	9794	0.919
ADAM21	-2.85	8	-0.01	0.494	8260	0.962	0.506	9793	0.919
RAB3IL1	-2.85	8	-0.01	0.494	8261	0.962	0.506	9792	0.919
TSGA13	-2.85	8	-0.01	0.494	8262	0.962	0.506	9791	0.919
GSG1	-2.85	8	-0.01	0.494	8263	0.962	0.506	9790	0.919
ZYG11A	-2.85	8	-0.01	0.494	8264	0.962	0.506	9789	0.919
PRSS58	-2.85	8	-0.01	0.495	8265	0.962	0.505	9788	0.919
POU3F2	-2.85	8	-0.01	0.495	8266	0.962	0.505	9787	0.919
C1orf131	-2.85	8	-0.01	0.495	8267	0.962	0.505	9786	0.919
ID4	-2.85	8	-0.01	0.495	8268	0.962	0.505	9785	0.919
ARRB2	-2.85	8	-0.01	0.495	8269	0.962	0.505	9784	0.919
ADAMTS15	-2.85	8	-0.01	0.495	8270	0.962	0.505	9783	0.919
TRIM15	-2.85	8	-0.01	0.495	8271	0.962	0.505	9782	0.919
ARAP2	-2.85	8	-0.01	0.495	8272	0.962	0.505	9781	0.919
CAPN15	-2.85	8	-0.01	0.495	8273	0.962	0.505	9780	0.919
OGDHL	-2.84	8	-0.01	0.495	8274	0.962	0.505	9779	0.919
POU4F1	-2.84	8	-0.01	0.495	8275	0.962	0.505	9778	0.919
DSEL	-2.84	8	-0.01	0.495	8276	0.962	0.505	9777	0.919
PCBP4	-2.84	8	-0.01	0.495	8277	0.962	0.505	9776	0.919
ZNF646	-2.84	8	-0.01	0.495	8278	0.962	0.505	9775	0.919
PLCZ1	-2.84	8	-0.01	0.495	8279	0.962	0.505	9774	0.919
PRND	-2.84	8	-0.01	0.495	8280	0.962	0.505	9773	0.919
LSM1	-2.84	8	-0.01	0.495	8281	0.962	0.505	9772	0.919
TMEM202	-2.84	8	-0.01	0.495	8282	0.962	0.505	9771	0.919
MTSS1L	-2.84	8	-0.01	0.495	8283	0.962	0.505	9770	0.919
SIAH3	-2.84	8	-0.01	0.495	8284	0.962	0.505	9769	0.919
NCLN	-2.84	8	-0.01	0.495	8285	0.962	0.505	9768	0.919
CDK15	-2.84	8	-0.01	0.495	8286	0.962	0.505	9767	0.919
FKTN	-2.46	6	-0.01	0.495	8287	0.962	0.505	9766	0.919
AFMID	-2.84	8	-0.01	0.495	8288	0.962	0.505	9765	0.919
TDRKH	-2.84	8	-0.01	0.495	8289	0.962	0.505	9764	0.919
MRPS5	-2.84	8	-0.01	0.495	8290	0.962	0.505	9763	0.919
CREB3	-2.84	8	-0.01	0.495	8291	0.962	0.505	9762	0.919
MAP9	-2.84	8	-0.01	0.495	8292	0.962	0.505	9761	0.919
ZNF425	-2.84	8	-0.01	0.496	8293	0.962	0.504	9760	0.919
MRPS26	-2.84	8	-0.01	0.496	8294	0.962	0.504	9759	0.919
PTPLAD1	-2.84	8	-0.01	0.496	8295	0.962	0.504	9758	0.919
GGT7	-2.84	8	-0.01	0.496	8296	0.962	0.504	9757	0.919
FAM118B	-2.65	7	-0.01	0.496	8297	0.962	0.504	9756	0.919
DLEU1	-2.84	8	-0.01	0.496	8298	0.962	0.504	9755	0.919
OR52B6	-2.84	8	-0.01	0.496	8299	0.962	0.504	9754	0.919
CCDC64	-2.84	8	-0.01	0.496	8300	0.962	0.504	9753	0.919
CPN1	-2.83	8	-0.01	0.496	8301	0.962	0.504	9752	0.919
NRDE2	-2.83	8	-0.01	0.496	8302	0.962	0.504	9751	0.919
CAPN14	-2.83	8	-0.01	0.496	8303	0.962	0.504	9750	0.919
XPA	-2.83	8	-0.01	0.496	8304	0.962	0.504	9749	0.919
PTPRC	-2.83	8	-0.01	0.496	8305	0.962	0.504	9748	0.919
ODF1	-2.83	8	-0.01	0.496	8306	0.962	0.504	9747	0.919
FAM96A	-2.83	8	-0.01	0.496	8307	0.962	0.504	9746	0.919
ARMCX5	-2.83	8	-0.01	0.496	8308	0.962	0.504	9745	0.919
UTRN	-2.83	8	-0.01	0.496	8309	0.962	0.504	9744	0.919
ZNF583	-2.83	8	-0.01	0.496	8310	0.962	0.504	9743	0.919
MUC13	-2.83	8	-0.01	0.496	8311	0.962	0.504	9742	0.919
GLRX5	-2.83	8	-0.01	0.496	8312	0.962	0.504	9741	0.919
MAGEL2	-2.83	8	-0.01	0.496	8313	0.962	0.504	9740	0.919
FAM216A	-2.83	8	-0.01	0.496	8314	0.962	0.504	9739	0.919
SIL1	-2.83	8	-0.01	0.497	8315	0.962	0.503	9738	0.919
GORASP2	-2.83	8	-0.01	0.497	8316	0.962	0.503	9737	0.919
CEL	-2.83	8	-0.01	0.497	8317	0.962	0.503	9736	0.919
EID1	-2.83	8	-0.01	0.497	8318	0.962	0.503	9735	0.919
CHIA	-2.83	8	-0.01	0.497	8319	0.962	0.503	9734	0.919
HMOX1	-2.83	8	-0.01	0.497	8320	0.962	0.503	9733	0.919
CBL	-2.83	8	-0.01	0.497	8321	0.962	0.503	9732	0.919
COL3A1	-2.82	8	-0.01	0.497	8322	0.962	0.503	9731	0.919
PCP2	-2.82	8	-0.01	0.497	8323	0.962	0.503	9730	0.919
SCGB1D2	-2.82	8	-0.01	0.497	8324	0.962	0.503	9729	0.919
ECI2	-2.82	8	-0.01	0.497	8325	0.962	0.503	9728	0.919
SEMA4D	-2.82	8	-0.01	0.497	8326	0.962	0.503	9727	0.919
SYCP3	-2.82	8	-0.01	0.497	8327	0.962	0.503	9726	0.919
E2F6	-2.44	6	-0.01	0.497	8328	0.962	0.503	9725	0.919
FOXB2	-2.82	8	-0.01	0.497	8329	0.962	0.503	9724	0.919
CLDN25	-2.82	8	-0.01	0.497	8330	0.962	0.503	9723	0.919
MICAL2	-2.82	8	-0.01	0.497	8331	0.962	0.503	9722	0.919
PPP1R1C	-2.82	8	-0.01	0.498	8332	0.962	0.502	9721	0.919
OBSL1	-2.82	8	-0.01	0.498	8333	0.962	0.502	9720	0.919
GFPT2	-2.82	8	-0.01	0.498	8334	0.962	0.502	9719	0.919
LGALS14	-2.82	8	-0.01	0.498	8335	0.962	0.502	9718	0.919
DNAJB1	-2.82	8	-0.01	0.498	8336	0.962	0.502	9717	0.919
CCDC71L	-2.82	8	-0.01	0.498	8337	0.962	0.502	9716	0.919
CAMSAP2	-2.81	8	-0.01	0.498	8338	0.962	0.502	9715	0.919
CXorf66	-2.81	8	-0.01	0.498	8339	0.962	0.502	9714	0.919
09-Mar	-2.81	8	-0.01	0.498	8340	0.962	0.502	9713	0.919
HAND1	-2.81	8	-0.01	0.498	8341	0.962	0.502	9712	0.919
C8orf56	-2.81	8	-0.01	0.498	8342	0.962	0.502	9711	0.919
GPR143	-2.81	8	-0.01	0.498	8343	0.962	0.502	9710	0.919
MXRA7	-2.81	8	-0.01	0.498	8344	0.962	0.502	9709	0.919
TNFRSF11B	-2.81	8	-0.01	0.498	8345	0.962	0.502	9708	0.919
TMEM216	-2.81	8	-0.01	0.498	8346	0.962	0.502	9707	0.919
SEC11C	-2.81	8	-0.00	0.498	8347	0.962	0.502	9706	0.919
IL1RL1	-2.81	8	-0.00	0.498	8348	0.962	0.502	9705	0.919
ZNF24	-2.81	8	-0.00	0.498	8349	0.962	0.502	9704	0.919
CHRM4	-2.81	8	-0.00	0.498	8350	0.962	0.502	9703	0.919
CMKLR1	-2.81	8	-0.00	0.498	8351	0.962	0.502	9702	0.919
C1orf115	-2.81	8	-0.00	0.498	8352	0.962	0.502	9701	0.919
TNNT2	-2.81	8	-0.00	0.498	8353	0.962	0.502	9700	0.919
ISL2	-2.81	8	-0.00	0.498	8354	0.962	0.502	9699	0.919
GRID1	-2.81	8	-0.00	0.498	8355	0.962	0.502	9698	0.919
RANBP6	-2.81	8	-0.00	0.498	8356	0.962	0.502	9697	0.919
CYP2J2	-2.81	8	-0.00	0.498	8357	0.962	0.502	9696	0.919
HECW2	-2.81	8	-0.00	0.498	8358	0.962	0.502	9695	0.919
TNFRSF12A	-2.81	8	-0.00	0.499	8359	0.962	0.501	9694	0.919
TTYH3	-2.81	8	-0.00	0.499	8360	0.962	0.501	9693	0.919
NUP210	-2.81	8	-0.00	0.499	8361	0.962	0.501	9692	0.919
COA6	-2.81	8	-0.00	0.499	8362	0.962	0.501	9691	0.919
HCN2	-2.81	8	-0.00	0.499	8363	0.962	0.501	9690	0.919
GLIS3	-2.81	8	-0.00	0.499	8364	0.962	0.501	9689	0.919
NFKBIB	-2.81	8	-0.00	0.499	8365	0.962	0.501	9688	0.919
LURAP1	-2.81	8	-0.00	0.499	8366	0.962	0.501	9687	0.919
OR7A10	-1.98	4	-0.00	0.499	8367	0.962	0.501	9686	0.919
C15orf61	-2.81	8	-0.00	0.499	8368	0.962	0.501	9685	0.919
DFNB59	-2.81	8	-0.00	0.499	8369	0.962	0.501	9684	0.919
LHX1	-2.81	8	-0.00	0.499	8370	0.962	0.501	9683	0.919
GFRAL	-2.81	8	-0.00	0.499	8371	0.962	0.501	9682	0.919
SPON2	-2.81	8	-0.00	0.499	8372	0.962	0.501	9681	0.919
TSACC	-2.43	6	-0.00	0.499	8373	0.962	0.501	9680	0.919
C5orf17	-1.98	4	-0.00	0.499	8374	0.962	0.501	9679	0.919
SH2B3	-2.80	8	-0.00	0.499	8375	0.962	0.501	9678	0.919
ITGA4	-2.80	8	-0.00	0.499	8376	0.962	0.501	9677	0.919
HP1BP3	-2.80	8	-0.00	0.499	8377	0.962	0.501	9676	0.919
FCHSD2	-2.80	8	-0.00	0.499	8378	0.962	0.501	9675	0.919
MAP1LC3A	-2.80	8	-0.00	0.499	8379	0.962	0.501	9674	0.919
ACOX2	-2.80	8	-0.00	0.499	8380	0.962	0.501	9673	0.919
OR2B6	-2.80	8	-0.00	0.499	8381	0.962	0.501	9672	0.919
FAM166B	-2.80	8	-0.00	0.499	8382	0.962	0.501	9671	0.919
SPACA7	-2.80	8	-0.00	0.499	8383	0.962	0.501	9670	0.919
LDHA	-2.42	6	-0.00	0.5	8384	0.962	0.5	9669	0.919
SPACA1	-2.80	8	-0.00	0.5	8385	0.962	0.5	9668	0.919
ABCA2	-2.80	8	-0.00	0.5	8386	0.962	0.5	9667	0.919
P2RX7	-2.80	8	-0.00	0.5	8387	0.962	0.5	9666	0.919
OVCA2	-2.80	8	-0.00	0.5	8388	0.962	0.5	9665	0.919
APOA1BP	-2.80	8	-0.00	0.5	8389	0.962	0.5	9664	0.919
APOBEC4	-2.80	8	-0.00	0.5	8390	0.962	0.5	9663	0.919
PINK1	-2.80	8	-0.00	0.5	8391	0.962	0.5	9662	0.919
LHPP	-2.80	8	-0.00	0.5	8392	0.962	0.5	9661	0.919
ANO3	-2.80	8	-0.00	0.5	8393	0.962	0.5	9660	0.919
PPARA	-2.80	8	-0.00	0.5	8394	0.962	0.5	9659	0.919
NCOA4	-2.79	8	0.00	0.5	8395	0.962	0.5	9658	0.919
MME	-2.79	8	0.00	0.5	8396	0.962	0.5	9657	0.919
KRTCAP3	-2.79	8	0.00	0.5	8397	0.962	0.5	9656	0.919
DGKH	-2.79	8	0.00	0.5	8398	0.962	0.5	9655	0.919
TMEM210	-2.79	8	0.00	0.5	8399	0.962	0.5	9654	0.919
GRIA2	-2.79	8	0.00	0.5	8400	0.962	0.5	9653	0.919
MFSD7	-2.79	8	0.00	0.5	8401	0.962	0.5	9652	0.919
GAL3ST2	-2.79	8	0.00	0.5	8402	0.962	0.5	9651	0.919
LIME1	-2.79	8	0.00	0.5	8403	0.962	0.5	9650	0.919
PCDHGB1	-2.79	8	0.00	0.5	8404	0.962	0.5	9649	0.919
MYO5C	-2.79	8	0.00	0.5	8405	0.962	0.5	9648	0.919
DCAF11	-2.79	8	0.00	0.5	8406	0.962	0.5	9647	0.919
KIF3C	-2.79	8	0.00	0.5	8407	0.962	0.5	9646	0.919
OR1A2	-2.79	8	0.00	0.501	8408	0.962	0.499	9645	0.919
CHSY1	-2.79	8	0.00	0.501	8409	0.962	0.499	9644	0.919
C12orf49	-2.79	8	0.00	0.501	8410	0.962	0.499	9643	0.919
FBXL16	-2.79	8	0.00	0.501	8411	0.962	0.499	9642	0.919
ZBTB14	-2.79	8	0.00	0.501	8412	0.962	0.499	9641	0.919
GHRH	-2.79	8	0.00	0.501	8413	0.962	0.499	9640	0.919
KLRG1	-2.79	8	0.00	0.501	8414	0.962	0.499	9639	0.919
ARHGAP10	-2.79	8	0.00	0.501	8415	0.962	0.499	9638	0.919
XKR4	-2.79	8	0.00	0.501	8416	0.962	0.499	9637	0.919
AZI2	-2.79	8	0.00	0.501	8417	0.962	0.499	9636	0.919
PGLYRP2	-2.79	8	0.00	0.501	8418	0.962	0.499	9635	0.919
ZMAT5	-2.79	8	0.00	0.501	8419	0.962	0.499	9634	0.919
C2orf49	-2.79	8	0.00	0.501	8420	0.962	0.499	9633	0.919
CD300LG	-2.78	8	0.00	0.501	8421	0.962	0.499	9632	0.919
ANGPTL3	-2.78	8	0.00	0.501	8422	0.962	0.499	9631	0.919
P2RX3	-2.78	8	0.00	0.501	8423	0.962	0.499	9630	0.919
UQCRB	-1.39	2	0.00	0.501	8424	0.962	0.499	9629	0.919
NRBP2	-2.78	8	0.00	0.501	8425	0.962	0.499	9628	0.919
SYNE3	-2.78	8	0.00	0.501	8426	0.962	0.499	9627	0.919
PRSS3	-2.78	8	0.00	0.501	8427	0.962	0.499	9626	0.919
C2CD4D	-2.78	8	0.00	0.501	8428	0.962	0.499	9625	0.919
C1orf65	-2.78	8	0.00	0.501	8429	0.962	0.499	9624	0.919
SAG	-2.78	8	0.00	0.501	8430	0.962	0.499	9623	0.919
GPR39	-2.78	8	0.00	0.501	8431	0.962	0.499	9622	0.919
MED21	-2.78	8	0.00	0.501	8432	0.962	0.499	9621	0.919
LARP4B	-2.78	8	0.00	0.502	8433	0.962	0.498	9620	0.919
SHANK3	-2.78	8	0.00	0.502	8434	0.962	0.498	9619	0.919
FANCC	-2.78	8	0.00	0.502	8435	0.962	0.498	9618	0.919
TBL1XR1	-2.78	8	0.00	0.502	8436	0.962	0.498	9617	0.919
PCSK9	-2.78	8	0.00	0.502	8437	0.962	0.498	9616	0.919
PPAPDC3	-2.78	8	0.00	0.502	8438	0.962	0.498	9615	0.919
FAM81B	-2.78	8	0.00	0.502	8439	0.962	0.498	9614	0.919
SEC14L4	-2.78	8	0.00	0.502	8440	0.962	0.498	9613	0.919
DBI	-2.78	8	0.00	0.502	8441	0.962	0.498	9612	0.919
OXSM	-2.78	8	0.00	0.502	8442	0.962	0.498	9611	0.919
KIF1A	-2.78	8	0.00	0.502	8443	0.962	0.498	9610	0.919
TPD52L2	-2.78	8	0.01	0.502	8444	0.962	0.498	9609	0.919
SMTNL1	-2.77	8	0.01	0.502	8445	0.962	0.498	9608	0.919
MUL1	-2.77	8	0.01	0.502	8446	0.962	0.498	9607	0.919
RABEP2	-2.77	8	0.01	0.502	8447	0.962	0.498	9606	0.919
DDX42	-2.77	8	0.01	0.502	8448	0.962	0.498	9605	0.919
PVRIG	-2.77	8	0.01	0.502	8449	0.962	0.498	9604	0.919
PLD2	-2.77	8	0.01	0.502	8450	0.962	0.498	9603	0.919
LHCGR	-2.77	8	0.01	0.502	8451	0.962	0.498	9602	0.919
UGT1A9	-1.39	2	0.01	0.502	8452	0.962	0.498	9601	0.919
APBA1	-2.77	8	0.01	0.502	8453	0.962	0.498	9600	0.919
PGBD1	-2.77	8	0.01	0.502	8454	0.962	0.498	9599	0.919
KRTAP9-7	-1.39	2	0.01	0.502	8455	0.962	0.498	9598	0.919
OR13C4	-2.77	8	0.01	0.503	8456	0.962	0.497	9597	0.919
ELOVL2	-2.77	8	0.01	0.503	8457	0.962	0.497	9596	0.919
SQLE	-2.77	8	0.01	0.503	8458	0.962	0.497	9595	0.919
RTP4	-2.77	8	0.01	0.503	8459	0.962	0.497	9594	0.919
C17orf99	-2.77	8	0.01	0.503	8460	0.962	0.497	9593	0.919
COL9A3	-2.77	8	0.01	0.503	8461	0.962	0.497	9592	0.919
FAM200A	-2.77	8	0.01	0.503	8462	0.962	0.497	9591	0.919
GPR1	-2.77	8	0.01	0.503	8463	0.962	0.497	9590	0.919
CAPRIN2	-2.77	8	0.01	0.503	8464	0.962	0.497	9589	0.919
SESN1	-2.77	8	0.01	0.503	8465	0.962	0.497	9588	0.919
PTPN5	-2.77	8	0.01	0.503	8466	0.962	0.497	9587	0.919
MALT1	-2.77	8	0.01	0.503	8467	0.962	0.497	9586	0.919
SUMO3	-2.77	8	0.01	0.503	8468	0.962	0.497	9585	0.919
SIPA1L1	-2.76	8	0.01	0.503	8469	0.962	0.497	9584	0.919
SERPINE1	-2.76	8	0.01	0.503	8470	0.962	0.497	9583	0.919
FGF23	-2.76	8	0.01	0.503	8471	0.962	0.497	9582	0.919
FGFR1OP2	-2.76	8	0.01	0.503	8472	0.962	0.497	9581	0.919
MID1IP1	-2.76	8	0.01	0.503	8473	0.962	0.497	9580	0.919
CLCN6	-2.76	8	0.01	0.503	8474	0.962	0.497	9579	0.919
BRAF	-2.76	8	0.01	0.503	8475	0.962	0.497	9578	0.919
IL21R	-2.76	8	0.01	0.503	8476	0.962	0.497	9577	0.919
PHOSPHO1	-2.76	8	0.01	0.503	8477	0.962	0.497	9576	0.919
SCARA5	-2.76	8	0.01	0.503	8478	0.962	0.497	9575	0.919
BMPR1A	-2.76	8	0.01	0.503	8479	0.962	0.497	9574	0.919
GNG2	-2.76	8	0.01	0.503	8480	0.962	0.497	9573	0.919
LRRC48	-2.76	8	0.01	0.503	8481	0.962	0.497	9572	0.919
AHCYL1	-2.76	8	0.01	0.503	8482	0.962	0.497	9571	0.919
KLK7	-2.76	8	0.01	0.503	8483	0.962	0.497	9570	0.919
HMX3	-2.76	8	0.01	0.503	8484	0.962	0.497	9569	0.919
SLC39A10	-2.76	8	0.01	0.503	8485	0.962	0.497	9568	0.919
TAX1BP1	-2.76	8	0.01	0.503	8486	0.962	0.497	9567	0.919
C9orf9	-2.76	8	0.01	0.504	8487	0.962	0.496	9566	0.919
PRKAB2	-2.76	8	0.01	0.504	8488	0.962	0.496	9565	0.919
KIAA0100	-2.76	8	0.01	0.504	8489	0.962	0.496	9564	0.919
ATOH7	-2.76	8	0.01	0.504	8490	0.962	0.496	9563	0.919
HIST1H2AD	-2.76	8	0.01	0.504	8491	0.962	0.496	9562	0.919
C22orf42	-2.76	8	0.01	0.504	8492	0.962	0.496	9561	0.919
RAB14	-2.76	8	0.01	0.504	8493	0.962	0.496	9560	0.919
PAX6	-2.76	8	0.01	0.504	8494	0.962	0.496	9559	0.919
NUP210L	-2.76	8	0.01	0.504	8495	0.962	0.496	9558	0.919
UHRF1BP1	-2.75	8	0.01	0.504	8496	0.962	0.496	9557	0.919
TMEM189	-2.75	8	0.01	0.504	8497	0.962	0.496	9556	0.919
ZNF383	-2.75	8	0.01	0.504	8498	0.962	0.496	9555	0.919
UGT1A6	-2.75	8	0.01	0.504	8499	0.962	0.496	9554	0.919
HELLS	-2.75	8	0.01	0.504	8500	0.962	0.496	9553	0.919
ZNFX1	-2.75	8	0.01	0.504	8501	0.962	0.496	9552	0.919
DACT2	-2.75	8	0.01	0.504	8502	0.962	0.496	9551	0.919
PROSER1	-2.75	8	0.01	0.504	8503	0.962	0.496	9550	0.919
ZFYVE9	-2.75	8	0.01	0.504	8504	0.962	0.496	9549	0.919
C17orf102	-2.75	8	0.01	0.504	8505	0.962	0.496	9548	0.919
TPD52L1	-2.75	8	0.01	0.505	8506	0.962	0.495	9547	0.919
USP51	-2.75	8	0.01	0.505	8507	0.962	0.495	9546	0.919
HLA-DMB	-2.75	8	0.01	0.505	8508	0.962	0.495	9545	0.919
CMTR2	-2.75	8	0.01	0.505	8509	0.962	0.495	9544	0.919
ZNF853	-2.75	8	0.01	0.505	8510	0.962	0.495	9543	0.919
CRIPAK	-2.75	8	0.01	0.505	8511	0.962	0.495	9542	0.919
GLUL	-2.75	8	0.01	0.505	8512	0.962	0.495	9541	0.919
SNX27	-2.75	8	0.01	0.505	8513	0.962	0.495	9540	0.919
ZNF175	-2.75	8	0.01	0.505	8514	0.962	0.495	9539	0.919
DRAM2	-2.75	8	0.01	0.505	8515	0.962	0.495	9538	0.919
SRSF5	-2.75	8	0.01	0.505	8516	0.962	0.495	9537	0.919
CYC1	-2.75	8	0.01	0.505	8517	0.962	0.495	9536	0.919
PIR	-2.75	8	0.01	0.505	8518	0.962	0.495	9535	0.919
ARL5A	-2.38	6	0.01	0.505	8519	0.962	0.495	9534	0.919
SPEF2	-2.74	8	0.01	0.505	8520	0.962	0.495	9533	0.919
GALT	-2.74	8	0.01	0.505	8521	0.962	0.495	9532	0.919
KIAA1755	-2.74	8	0.01	0.505	8522	0.962	0.495	9531	0.919
DSC2	-2.74	8	0.01	0.505	8523	0.962	0.495	9530	0.919
TPRKB	-2.74	8	0.01	0.506	8524	0.962	0.494	9529	0.919
CSF1	-2.74	8	0.01	0.506	8525	0.962	0.494	9528	0.919
TMEM214	-2.74	8	0.01	0.506	8526	0.962	0.494	9527	0.919
MAPK4	-2.74	8	0.01	0.506	8527	0.962	0.494	9526	0.919
USH2A	-2.74	8	0.01	0.506	8528	0.962	0.494	9525	0.919
LDLRAD1	-2.37	6	0.01	0.506	8529	0.962	0.494	9524	0.919
MYOCD	-2.74	8	0.01	0.506	8530	0.962	0.494	9523	0.919
OR2A2	-2.74	8	0.01	0.506	8531	0.962	0.494	9522	0.919
PAMR1	-2.74	8	0.01	0.506	8532	0.962	0.494	9521	0.919
TAL2	-2.74	8	0.01	0.506	8533	0.962	0.494	9520	0.919
RGAG1	-2.74	8	0.01	0.506	8534	0.962	0.494	9519	0.919
DNAJA1	-2.74	8	0.01	0.506	8535	0.962	0.494	9518	0.919
ADORA1	-2.74	8	0.01	0.506	8536	0.962	0.494	9517	0.919
FKBP8	-2.74	8	0.01	0.506	8537	0.962	0.494	9516	0.919
NTHL1	-2.74	8	0.01	0.506	8538	0.962	0.494	9515	0.919
CPNE4	-2.74	8	0.01	0.506	8539	0.962	0.494	9514	0.919
CD109	-2.74	8	0.01	0.506	8540	0.962	0.494	9513	0.919
COQ5	-2.74	8	0.01	0.506	8541	0.962	0.494	9512	0.919
MALL	-2.74	8	0.02	0.506	8542	0.962	0.494	9511	0.919
PTGS2	-2.74	8	0.02	0.506	8543	0.962	0.494	9510	0.919
TBCK	-2.37	6	0.02	0.506	8544	0.962	0.494	9509	0.919
CASP4	-2.74	8	0.02	0.506	8545	0.962	0.494	9508	0.919
TRAPPC9	-2.73	8	0.02	0.506	8546	0.962	0.494	9507	0.919
FLT3LG	-2.73	8	0.02	0.506	8547	0.962	0.494	9506	0.919
IL18	-2.73	8	0.02	0.506	8548	0.962	0.494	9505	0.919
FOXE3	-2.73	8	0.02	0.506	8549	0.962	0.494	9504	0.919
MRPL19	-2.73	8	0.02	0.507	8550	0.962	0.493	9503	0.919
NEIL2	-2.73	8	0.02	0.507	8551	0.962	0.493	9502	0.919
SLC13A5	-2.73	8	0.02	0.507	8552	0.962	0.493	9501	0.919
RDH13	-2.73	8	0.02	0.507	8553	0.962	0.493	9500	0.919
XIRP2	-2.73	8	0.02	0.507	8554	0.962	0.493	9499	0.919
AHCYL2	-2.73	8	0.02	0.507	8555	0.962	0.493	9498	0.919
SLC44A3	-2.73	8	0.02	0.507	8556	0.962	0.493	9497	0.919
PPP3CA	-2.73	8	0.02	0.507	8557	0.962	0.493	9496	0.919
SLC8A3	-2.73	8	0.02	0.507	8558	0.962	0.493	9495	0.919
CTRB2	-2.73	8	0.02	0.507	8559	0.962	0.493	9494	0.919
C9orf84	-2.73	8	0.02	0.507	8560	0.962	0.493	9493	0.919
GVQW1	-2.73	8	0.02	0.507	8561	0.962	0.493	9492	0.919
ZNF182	-2.73	8	0.02	0.507	8562	0.962	0.493	9491	0.919
NDUFC1	-2.73	8	0.02	0.507	8563	0.962	0.493	9490	0.919
RGMA	-2.72	8	0.02	0.507	8564	0.962	0.493	9489	0.919
CCDC36	-2.72	8	0.02	0.507	8565	0.962	0.493	9488	0.919
ABCF2	-2.72	8	0.02	0.508	8566	0.962	0.492	9487	0.919
TAAR2	-2.72	8	0.02	0.508	8567	0.962	0.492	9486	0.919
IMPACT	-2.72	8	0.02	0.508	8568	0.962	0.492	9485	0.919
NREP	-2.36	6	0.02	0.508	8569	0.962	0.492	9484	0.919
CYBB	-2.72	8	0.02	0.508	8570	0.962	0.492	9483	0.919
CLPX	-2.72	8	0.02	0.508	8571	0.962	0.492	9482	0.919
FGF3	-2.72	8	0.02	0.508	8572	0.962	0.492	9481	0.919
VSTM5	-2.72	8	0.02	0.508	8573	0.962	0.492	9480	0.919
ZFP69B	-2.72	8	0.02	0.508	8574	0.962	0.492	9479	0.919
EBF2	-2.72	8	0.02	0.508	8575	0.962	0.492	9478	0.919
NYAP2	-2.72	8	0.02	0.508	8576	0.962	0.492	9477	0.919
TSHZ1	-2.71	8	0.02	0.508	8577	0.962	0.492	9476	0.919
LARP6	-2.71	8	0.02	0.508	8578	0.962	0.492	9475	0.919
FBP2	-2.71	8	0.02	0.508	8579	0.962	0.492	9474	0.919
GRHL1	-2.71	8	0.02	0.508	8580	0.962	0.492	9473	0.919
ARF6	-2.71	8	0.02	0.508	8581	0.962	0.492	9472	0.919
GAS1	-2.71	8	0.02	0.508	8582	0.962	0.492	9471	0.919
ZNF395	-2.71	8	0.02	0.508	8583	0.962	0.492	9470	0.919
BTN3A2	-1.92	4	0.02	0.509	8584	0.962	0.491	9469	0.919
KDM6B	-2.71	8	0.02	0.509	8585	0.962	0.491	9468	0.919
CALML5	-2.71	8	0.02	0.509	8586	0.962	0.491	9467	0.919
TBC1D7	-2.71	8	0.02	0.509	8587	0.962	0.491	9466	0.919
SSX7	-1.36	2	0.02	0.509	8588	0.962	0.491	9465	0.919
C6orf141	-2.71	8	0.02	0.509	8589	0.962	0.491	9464	0.919
DNAH12	-2.71	8	0.02	0.509	8590	0.962	0.491	9463	0.919
ANGEL2	-2.71	8	0.02	0.509	8591	0.962	0.491	9462	0.919
PCSK2	-2.71	8	0.02	0.509	8592	0.962	0.491	9461	0.919
TPRG1L	-2.71	8	0.02	0.509	8593	0.962	0.491	9460	0.919
MDM4	-2.71	8	0.02	0.509	8594	0.962	0.491	9459	0.919
KANSL1L	-2.71	8	0.02	0.509	8595	0.962	0.491	9458	0.919
IKZF3	-2.71	8	0.02	0.509	8596	0.962	0.491	9457	0.919
CD274	-2.71	8	0.02	0.509	8597	0.962	0.491	9456	0.919
N6AMT2	-2.71	8	0.02	0.509	8598	0.962	0.491	9455	0.919
HYKK	-2.71	8	0.02	0.509	8599	0.962	0.491	9454	0.919
ARMCX4	-2.71	8	0.02	0.509	8600	0.962	0.491	9453	0.919
TTC30B	-2.71	8	0.02	0.509	8601	0.962	0.491	9452	0.919
C16orf98	-2.71	8	0.02	0.509	8602	0.962	0.491	9451	0.919
NAP1L2	-2.71	8	0.02	0.509	8603	0.962	0.491	9450	0.919
ARHGAP17	-2.71	8	0.02	0.509	8604	0.962	0.491	9449	0.919
CYP39A1	-2.70	8	0.02	0.509	8605	0.962	0.491	9448	0.919
EXT2	-2.70	8	0.02	0.509	8606	0.962	0.491	9447	0.919
BTBD8	-2.70	8	0.02	0.509	8607	0.962	0.491	9446	0.919
FRA10AC1	-2.70	8	0.02	0.509	8608	0.962	0.491	9445	0.919
TARSL2	-2.70	8	0.02	0.509	8609	0.962	0.491	9444	0.919
CGN	-2.70	8	0.02	0.509	8610	0.962	0.491	9443	0.919
CLEC12B	-2.70	8	0.02	0.51	8611	0.962	0.49	9442	0.919
DMWD	-2.70	8	0.02	0.51	8612	0.962	0.49	9441	0.919
TKTL1	-2.70	8	0.02	0.51	8613	0.962	0.49	9440	0.919
ITSN2	-2.70	8	0.02	0.51	8614	0.962	0.49	9439	0.919
ACBD6	-2.70	8	0.02	0.51	8615	0.962	0.49	9438	0.919
CERKL	-2.70	8	0.02	0.51	8616	0.962	0.49	9437	0.919
HM13	-2.70	8	0.02	0.51	8617	0.962	0.49	9436	0.919
GTPBP10	-2.70	8	0.03	0.51	8618	0.962	0.49	9435	0.919
HSBP1L1	-1.35	2	0.03	0.51	8619	0.962	0.49	9434	0.919
MTA2	-2.70	8	0.03	0.51	8620	0.962	0.49	9433	0.919
C21orf90	-2.70	8	0.03	0.51	8621	0.962	0.49	9432	0.919
GPR107	-2.34	6	0.03	0.51	8622	0.962	0.49	9431	0.919
IGFL2	-2.70	8	0.03	0.51	8623	0.962	0.49	9430	0.919
NTPCR	-2.70	8	0.03	0.51	8624	0.962	0.49	9429	0.919
ITGA11	-2.70	8	0.03	0.51	8625	0.962	0.49	9428	0.919
CLCA2	-2.70	8	0.03	0.51	8626	0.962	0.49	9427	0.919
EIF4E3	-2.70	8	0.03	0.51	8627	0.962	0.49	9426	0.919
IZUMO4	-2.70	8	0.03	0.51	8628	0.962	0.49	9425	0.919
DLGAP1	-2.70	8	0.03	0.51	8629	0.962	0.49	9424	0.919
SLC25A28	-2.70	8	0.03	0.51	8630	0.962	0.49	9423	0.919
PIAS4	-2.70	8	0.03	0.51	8631	0.962	0.49	9422	0.919
OR56B4	-2.69	8	0.03	0.51	8632	0.962	0.49	9421	0.919
OR8K1	-2.69	8	0.03	0.51	8633	0.962	0.49	9420	0.919
SDHB	-2.69	8	0.03	0.51	8634	0.962	0.49	9419	0.919
NCBP2L	-2.69	8	0.03	0.51	8635	0.962	0.49	9418	0.919
ATP11A	-2.69	8	0.03	0.51	8636	0.962	0.49	9417	0.919
TMIGD2	-2.69	8	0.03	0.51	8637	0.962	0.49	9416	0.919
OXER1	-2.69	8	0.03	0.511	8638	0.962	0.489	9415	0.919
CCDC120	-2.69	8	0.03	0.511	8639	0.962	0.489	9414	0.919
LSR	-2.69	8	0.03	0.511	8640	0.962	0.489	9413	0.919
EMR1	-2.69	8	0.03	0.511	8641	0.962	0.489	9412	0.919
MAST3	-2.69	8	0.03	0.511	8642	0.962	0.489	9411	0.919
SLC30A1	-2.69	8	0.03	0.511	8643	0.962	0.489	9410	0.919
ERRFI1	-2.69	8	0.03	0.511	8644	0.962	0.489	9409	0.919
PNMA3	-2.69	8	0.03	0.511	8645	0.962	0.489	9408	0.919
C2CD2L	-2.69	8	0.03	0.511	8646	0.962	0.489	9407	0.919
MMRN1	-2.69	8	0.03	0.511	8647	0.962	0.489	9406	0.919
TAS2R38	-2.69	8	0.03	0.511	8648	0.962	0.489	9405	0.919
PLA2G6	-2.69	8	0.03	0.511	8649	0.962	0.489	9404	0.919
GSTZ1	-2.69	8	0.03	0.511	8650	0.962	0.489	9403	0.919
BCO2	-2.69	8	0.03	0.511	8651	0.962	0.489	9402	0.919
YIPF3	-2.69	8	0.03	0.511	8652	0.962	0.489	9401	0.919
GALNT1	-2.69	8	0.03	0.511	8653	0.962	0.489	9400	0.919
FAM154B	-1.34	2	0.03	0.511	8654	0.962	0.489	9399	0.919
KLHL12	-2.69	8	0.03	0.511	8655	0.962	0.489	9398	0.919
HMG20A	-2.69	8	0.03	0.511	8656	0.962	0.489	9397	0.919
KSR1	-2.69	8	0.03	0.511	8657	0.962	0.489	9396	0.919
TRIB3	-2.68	8	0.03	0.511	8658	0.962	0.489	9395	0.919
OR13F1	-2.68	8	0.03	0.511	8659	0.962	0.489	9394	0.919
CPSF6	-2.68	8	0.03	0.511	8660	0.962	0.489	9393	0.919
CYB5D1	-2.68	8	0.03	0.511	8661	0.962	0.489	9392	0.919
RAPGEF2	-2.68	8	0.03	0.511	8662	0.962	0.489	9391	0.919
FAM129C	-2.68	8	0.03	0.511	8663	0.962	0.489	9390	0.919
CD84	-2.68	8	0.03	0.512	8664	0.962	0.488	9389	0.919
BCL9L	-2.68	8	0.03	0.512	8665	0.962	0.488	9388	0.919
CDCP1	-2.68	8	0.03	0.512	8666	0.962	0.488	9387	0.919
CARD18	-2.68	8	0.03	0.512	8667	0.962	0.488	9386	0.919
KIAA2022	-2.68	8	0.03	0.512	8668	0.962	0.488	9385	0.919
PIANP	-2.68	8	0.03	0.512	8669	0.962	0.488	9384	0.919
MT1M	-1.34	2	0.03	0.512	8670	0.962	0.488	9383	0.919
SYCN	-2.68	8	0.03	0.512	8671	0.962	0.488	9382	0.919
C2	-2.68	8	0.03	0.512	8672	0.962	0.488	9381	0.919
TTC38	-2.68	8	0.03	0.512	8673	0.962	0.488	9380	0.919
S1PR3	-2.32	6	0.03	0.512	8674	0.962	0.488	9379	0.919
RUFY1	-2.68	8	0.03	0.512	8675	0.962	0.488	9378	0.919
DDX50	-2.68	8	0.03	0.512	8676	0.962	0.488	9377	0.919
ZNF93	-1.89	4	0.03	0.512	8677	0.962	0.488	9376	0.919
PPCS	-2.68	8	0.03	0.512	8678	0.962	0.488	9375	0.919
POU4F3	-2.68	8	0.03	0.512	8679	0.962	0.488	9374	0.919
CEACAM16	-2.67	8	0.03	0.512	8680	0.962	0.488	9373	0.919
APC	-2.67	8	0.03	0.513	8681	0.962	0.487	9372	0.919
USP6	-2.31	6	0.03	0.513	8682	0.962	0.487	9371	0.919
TTLL4	-2.67	8	0.03	0.513	8683	0.962	0.487	9370	0.919
IWS1	-2.31	6	0.03	0.513	8684	0.962	0.487	9369	0.919
TMEM101	-2.67	8	0.03	0.513	8685	0.962	0.487	9368	0.919
ARL15	-2.67	8	0.03	0.513	8686	0.962	0.487	9367	0.919
CNTN3	-2.67	8	0.03	0.513	8687	0.962	0.487	9366	0.919
EIF2AK1	-2.67	8	0.03	0.513	8688	0.962	0.487	9365	0.919
FAM83C	-2.67	8	0.03	0.513	8689	0.962	0.487	9364	0.919
C1orf227	-2.67	8	0.03	0.513	8690	0.962	0.487	9363	0.919
PSMC5	-2.67	8	0.03	0.513	8691	0.962	0.487	9362	0.919
BEND7	-2.67	8	0.03	0.513	8692	0.962	0.487	9361	0.919
SYNM	-2.67	8	0.03	0.513	8693	0.962	0.487	9360	0.919
YPEL3	-2.67	8	0.03	0.513	8694	0.962	0.487	9359	0.919
CA5B	-2.67	8	0.03	0.513	8695	0.962	0.487	9358	0.919
OR10J1	-2.67	8	0.03	0.513	8696	0.962	0.487	9357	0.919
OXLD1	-2.67	8	0.03	0.513	8697	0.962	0.487	9356	0.919
GDPD4	-2.67	8	0.03	0.513	8698	0.962	0.487	9355	0.919
SNX6	-2.67	8	0.03	0.513	8699	0.962	0.487	9354	0.919
VPS37C	-2.67	8	0.03	0.513	8700	0.962	0.487	9353	0.919
NAA60	-2.67	8	0.03	0.513	8701	0.962	0.487	9352	0.919
EPHA4	-2.67	8	0.03	0.513	8702	0.962	0.487	9351	0.919
CRCT1	-2.67	8	0.03	0.513	8703	0.962	0.487	9350	0.919
GSE1	-2.67	8	0.03	0.513	8704	0.962	0.487	9349	0.919
HLA-G	-2.67	8	0.03	0.513	8705	0.962	0.487	9348	0.919
STAM2	-2.67	8	0.03	0.513	8706	0.962	0.487	9347	0.919
DLX2	-2.66	8	0.03	0.513	8707	0.962	0.487	9346	0.919
ASZ1	-2.66	8	0.03	0.513	8708	0.962	0.487	9345	0.919
NADK	-2.66	8	0.03	0.514	8709	0.962	0.486	9344	0.919
RABL3	-2.66	8	0.03	0.514	8710	0.962	0.486	9343	0.919
NUDT22	-2.66	8	0.03	0.514	8711	0.962	0.486	9342	0.919
C12orf39	-2.66	8	0.03	0.514	8712	0.962	0.486	9341	0.919
TENM1	-2.66	8	0.03	0.514	8713	0.962	0.486	9340	0.919
ZZEF1	-2.66	8	0.03	0.514	8714	0.962	0.486	9339	0.919
ATP5I	-2.66	8	0.03	0.514	8715	0.962	0.486	9338	0.919
CD5	-2.66	8	0.03	0.514	8716	0.962	0.486	9337	0.919
HIST1H3C	-2.66	8	0.03	0.514	8717	0.962	0.486	9336	0.919
SMIM20	-2.66	8	0.03	0.514	8718	0.962	0.486	9335	0.919
BMP7	-2.66	8	0.03	0.514	8719	0.962	0.486	9334	0.919
OR1F1	-2.66	8	0.03	0.514	8720	0.962	0.486	9333	0.919
RNF24	-2.66	8	0.03	0.514	8721	0.962	0.486	9332	0.919
VPS13A	-2.66	8	0.03	0.514	8722	0.962	0.486	9331	0.919
METTL6	-2.66	8	0.03	0.514	8723	0.962	0.486	9330	0.919
SPRY2	-2.66	8	0.03	0.514	8724	0.962	0.486	9329	0.919
PPP1R32	-2.66	8	0.03	0.514	8725	0.962	0.486	9328	0.919
CCIN	-2.66	8	0.04	0.514	8726	0.962	0.486	9327	0.919
CLCN1	-2.66	8	0.04	0.514	8727	0.962	0.486	9326	0.919
KLHL5	-2.66	8	0.04	0.514	8728	0.962	0.486	9325	0.919
ISOC1	-2.66	8	0.04	0.514	8729	0.962	0.486	9324	0.919
BTBD2	-2.66	8	0.04	0.514	8730	0.962	0.486	9323	0.919
SLC47A2	-2.66	8	0.04	0.514	8731	0.962	0.486	9322	0.919
AP1S3	-2.66	8	0.04	0.514	8732	0.962	0.486	9321	0.919
AP2A2	-2.66	8	0.04	0.514	8733	0.962	0.486	9320	0.919
HERC1	-2.66	8	0.04	0.514	8734	0.962	0.486	9319	0.919
LRCH2	-2.66	8	0.04	0.514	8735	0.962	0.486	9318	0.919
TFDP3	-2.66	8	0.04	0.514	8736	0.962	0.486	9317	0.919
LGALS3BP	-2.65	8	0.04	0.515	8737	0.962	0.485	9316	0.919
PMEPA1	-2.65	8	0.04	0.515	8738	0.962	0.485	9315	0.919
DMD	-2.65	8	0.04	0.515	8739	0.962	0.485	9314	0.919
ELAVL1	-2.65	8	0.04	0.515	8740	0.962	0.485	9313	0.919
APCS	-2.65	8	0.04	0.515	8741	0.962	0.485	9312	0.919
LBX1	-2.65	8	0.04	0.515	8742	0.962	0.485	9311	0.919
APOL6	-2.65	8	0.04	0.515	8743	0.962	0.485	9310	0.919
PHLDA3	-2.65	8	0.04	0.515	8744	0.962	0.485	9309	0.919
TFF2	-2.65	8	0.04	0.515	8745	0.962	0.485	9308	0.919
VOPP1	-2.65	8	0.04	0.515	8746	0.962	0.485	9307	0.919
OR1L4	-2.65	8	0.04	0.515	8747	0.962	0.485	9306	0.919
RBM46	-2.65	8	0.04	0.515	8748	0.962	0.485	9305	0.919
SSH2	-2.65	8	0.04	0.515	8749	0.962	0.485	9304	0.919
PTGDR2	-2.65	8	0.04	0.515	8750	0.962	0.485	9303	0.919
NGRN	-2.65	8	0.04	0.515	8751	0.962	0.485	9302	0.919
CALHM3	-2.65	8	0.04	0.515	8752	0.962	0.485	9301	0.919
ZCCHC18	-2.65	8	0.04	0.515	8753	0.962	0.485	9300	0.919
GRIPAP1	-2.65	8	0.04	0.515	8754	0.962	0.485	9299	0.919
FBXO8	-2.64	8	0.04	0.516	8755	0.962	0.484	9298	0.919
MC1R	-2.64	8	0.04	0.516	8756	0.962	0.484	9297	0.919
HERC6	-2.64	8	0.04	0.516	8757	0.962	0.484	9296	0.919
RPL26L1	-2.64	8	0.04	0.516	8758	0.962	0.484	9295	0.919
GNG7	-2.64	8	0.04	0.516	8759	0.962	0.484	9294	0.919
EPSTI1	-2.64	8	0.04	0.516	8760	0.962	0.484	9293	0.919
MEX3A	-2.64	8	0.04	0.516	8761	0.962	0.484	9292	0.919
GPR151	-2.64	8	0.04	0.516	8762	0.962	0.484	9291	0.919
C6orf123	-2.64	8	0.04	0.516	8763	0.962	0.484	9290	0.919
KCNE3	-2.64	8	0.04	0.516	8764	0.962	0.484	9289	0.919
SETD9	-2.64	8	0.04	0.516	8765	0.962	0.484	9288	0.919
PTGER1	-2.64	8	0.04	0.516	8766	0.962	0.484	9287	0.919
STK38	-2.64	8	0.04	0.516	8767	0.962	0.484	9286	0.919
CASP9	-2.64	8	0.04	0.516	8768	0.962	0.484	9285	0.919
F12	-2.64	8	0.04	0.516	8769	0.962	0.484	9284	0.919
PHC2	-2.64	8	0.04	0.516	8770	0.962	0.484	9283	0.919
MYB	-2.64	8	0.04	0.516	8771	0.962	0.484	9282	0.919
NT5DC3	-2.64	8	0.04	0.516	8772	0.962	0.484	9281	0.919
NCR3	-2.28	6	0.04	0.516	8773	0.962	0.484	9280	0.919
EHD3	-2.64	8	0.04	0.516	8774	0.962	0.484	9279	0.919
NOVA2	-2.63	8	0.04	0.516	8775	0.962	0.484	9278	0.919
SPIDR	-2.63	8	0.04	0.517	8776	0.962	0.483	9277	0.919
MPZ	-2.63	8	0.04	0.517	8777	0.962	0.483	9276	0.919
FRAT1	-2.63	8	0.04	0.517	8778	0.962	0.483	9275	0.919
DGCR14	-2.63	8	0.04	0.517	8779	0.962	0.483	9274	0.919
TMPRSS2	-2.63	8	0.04	0.517	8780	0.962	0.483	9273	0.919
TYSND1	-2.63	8	0.04	0.517	8781	0.962	0.483	9272	0.919
TDRD9	-2.63	8	0.04	0.517	8782	0.962	0.483	9271	0.919
ZMYM1	-2.63	8	0.04	0.517	8783	0.962	0.483	9270	0.919
PCDHA4	-2.63	8	0.04	0.517	8784	0.962	0.483	9269	0.919
EOGT	-2.63	8	0.04	0.517	8785	0.962	0.483	9268	0.919
METTL2A	-1.86	4	0.04	0.517	8786	0.962	0.483	9267	0.919
MRPS18C	-2.63	8	0.04	0.517	8787	0.962	0.483	9266	0.919
GFI1B	-2.63	8	0.04	0.517	8788	0.962	0.483	9265	0.919
SFTPC	-2.63	8	0.04	0.517	8789	0.962	0.483	9264	0.919
CABP7	-2.28	6	0.04	0.517	8790	0.962	0.483	9263	0.919
MIDN	-2.63	8	0.04	0.517	8791	0.962	0.483	9262	0.919
IL12B	-2.63	8	0.04	0.517	8792	0.962	0.483	9261	0.919
MON1A	-2.63	8	0.04	0.517	8793	0.962	0.483	9260	0.919
PPFIBP2	-2.63	8	0.04	0.517	8794	0.962	0.483	9259	0.919
KRT10	-2.62	8	0.04	0.518	8795	0.962	0.482	9258	0.919
KDM2B	-2.62	8	0.04	0.518	8796	0.962	0.482	9257	0.919
FBXL4	-2.62	8	0.04	0.518	8797	0.962	0.482	9256	0.919
C11orf71	-2.62	8	0.04	0.518	8798	0.962	0.482	9255	0.919
SRCRB4D	-2.62	8	0.04	0.518	8799	0.962	0.482	9254	0.919
SLC25A37	-2.62	8	0.04	0.518	8800	0.962	0.482	9253	0.919
RPS9	-2.62	8	0.04	0.518	8801	0.962	0.482	9252	0.919
GPR3	-2.62	8	0.04	0.518	8802	0.962	0.482	9251	0.919
HEPH	-2.62	8	0.04	0.518	8803	0.962	0.482	9250	0.919
BTBD9	-2.62	8	0.04	0.518	8804	0.962	0.482	9249	0.919
DCAF17	-2.62	8	0.04	0.518	8805	0.962	0.482	9248	0.919
STAMBPL1	-2.62	8	0.05	0.518	8806	0.962	0.482	9247	0.919
EPS8L1	-2.62	8	0.05	0.518	8807	0.962	0.482	9246	0.919
SLC37A1	-2.62	8	0.05	0.518	8808	0.962	0.482	9245	0.919
LCP1	-2.62	8	0.05	0.518	8809	0.962	0.482	9244	0.919
MTERFD1	-2.62	8	0.05	0.518	8810	0.962	0.482	9243	0.919
TCEAL1	-2.62	8	0.05	0.518	8811	0.962	0.482	9242	0.919
NDUFC2	-1.31	2	0.05	0.518	8812	0.962	0.482	9241	0.919
ARID3C	-2.62	8	0.05	0.518	8813	0.962	0.482	9240	0.919
GJB7	-2.62	8	0.05	0.518	8814	0.962	0.482	9239	0.919
CELF6	-2.62	8	0.05	0.518	8815	0.962	0.482	9238	0.919
C6orf223	-2.62	8	0.05	0.518	8816	0.962	0.482	9237	0.919
C1orf110	-2.62	8	0.05	0.518	8817	0.962	0.482	9236	0.919
NAP1L5	-2.62	8	0.05	0.518	8818	0.962	0.482	9235	0.919
SLC12A4	-2.62	8	0.05	0.518	8819	0.962	0.482	9234	0.919
ARHGAP24	-2.62	8	0.05	0.518	8820	0.962	0.482	9233	0.919
HUS1B	-2.62	8	0.05	0.518	8821	0.962	0.482	9232	0.919
FUT5	-2.62	8	0.05	0.518	8822	0.962	0.482	9231	0.919
AGAP1	-2.62	8	0.05	0.518	8823	0.962	0.482	9230	0.919
SLCO5A1	-2.62	8	0.05	0.519	8824	0.962	0.481	9229	0.919
GRK4	-2.61	8	0.05	0.519	8825	0.962	0.481	9228	0.919
UCKL1	-2.61	8	0.05	0.519	8826	0.962	0.481	9227	0.919
ATP2A1	-2.61	8	0.05	0.519	8827	0.962	0.481	9226	0.919
PRKCH	-2.61	8	0.05	0.519	8828	0.962	0.481	9225	0.919
VSIG4	-2.61	8	0.05	0.519	8829	0.962	0.481	9224	0.919
SIX1	-2.61	8	0.05	0.519	8830	0.962	0.481	9223	0.919
NCR2	-2.61	8	0.05	0.519	8831	0.962	0.481	9222	0.919
NKX6-3	-2.61	8	0.05	0.519	8832	0.962	0.481	9221	0.919
C2orf73	-2.61	8	0.05	0.519	8833	0.962	0.481	9220	0.919
ZNF497	-2.61	8	0.05	0.519	8834	0.962	0.481	9219	0.919
CYP26B1	-2.61	8	0.05	0.519	8835	0.962	0.481	9218	0.919
SRI	-2.61	8	0.05	0.519	8836	0.962	0.481	9217	0.919
CCDC22	-2.61	8	0.05	0.519	8837	0.962	0.481	9216	0.919
LHX8	-2.61	8	0.05	0.519	8838	0.962	0.481	9215	0.919
PIK3IP1	-2.61	8	0.05	0.519	8839	0.962	0.481	9214	0.919
NUCB1	-2.61	8	0.05	0.519	8840	0.962	0.481	9213	0.919
HSP90B1	-2.61	8	0.05	0.519	8841	0.962	0.481	9212	0.919
TAS2R16	-2.61	8	0.05	0.519	8842	0.962	0.481	9211	0.919
PAX3	-2.61	8	0.05	0.519	8843	0.962	0.481	9210	0.919
SPINK2	-2.61	8	0.05	0.52	8844	0.962	0.48	9209	0.919
FBXO30	-2.60	8	0.05	0.52	8845	0.962	0.48	9208	0.919
ADAM28	-2.60	8	0.05	0.52	8846	0.962	0.48	9207	0.919
CPA4	-2.60	8	0.05	0.52	8847	0.962	0.48	9206	0.919
ZBTB46	-2.60	8	0.05	0.52	8848	0.962	0.48	9205	0.919
EDN2	-2.60	8	0.05	0.52	8849	0.962	0.48	9204	0.919
KRT34	-2.60	8	0.05	0.52	8850	0.962	0.48	9203	0.919
OOEP	-2.60	8	0.05	0.52	8851	0.962	0.48	9202	0.919
FAM53A	-2.60	8	0.05	0.52	8852	0.962	0.48	9201	0.919
STK31	-2.60	8	0.05	0.52	8853	0.962	0.48	9200	0.919
NDUFA7	-2.60	8	0.05	0.52	8854	0.962	0.48	9199	0.919
KLB	-2.60	8	0.05	0.52	8855	0.962	0.48	9198	0.919
TRIM69	-2.60	8	0.05	0.52	8856	0.962	0.48	9197	0.919
ESR1	-2.60	8	0.05	0.52	8857	0.962	0.48	9196	0.919
DAP	-2.60	8	0.05	0.52	8858	0.962	0.48	9195	0.919
SLC5A4	-2.60	8	0.05	0.52	8859	0.962	0.48	9194	0.919
PABPC5	-2.60	8	0.05	0.52	8860	0.962	0.48	9193	0.919
KIAA0586	-2.60	8	0.05	0.52	8861	0.962	0.48	9192	0.919
ANGPTL1	-2.60	8	0.05	0.52	8862	0.962	0.48	9191	0.919
SEC24A	-2.60	8	0.05	0.52	8863	0.962	0.48	9190	0.919
GOLGA2	-2.60	8	0.05	0.52	8864	0.962	0.48	9189	0.919
GHRL	-2.59	8	0.05	0.521	8865	0.962	0.479	9188	0.919
OR3A3	-2.59	8	0.05	0.521	8866	0.962	0.479	9187	0.919
FAHD2B	-2.24	6	0.05	0.521	8867	0.962	0.479	9186	0.919
KCNQ1	-2.59	8	0.05	0.521	8868	0.962	0.479	9185	0.919
TMPRSS13	-2.59	8	0.05	0.521	8869	0.962	0.479	9184	0.919
C1orf54	-2.59	8	0.05	0.521	8870	0.962	0.479	9183	0.919
METTL24	-2.59	8	0.05	0.521	8871	0.962	0.479	9182	0.919
APH1A	-2.59	8	0.05	0.521	8872	0.962	0.479	9181	0.919
CPNE9	-2.59	8	0.05	0.521	8873	0.962	0.479	9180	0.919
CLDN8	-2.59	8	0.05	0.521	8874	0.962	0.479	9179	0.919
AMMECR1L	-2.59	8	0.05	0.521	8875	0.962	0.479	9178	0.919
IFT88	-2.59	8	0.05	0.521	8876	0.962	0.479	9177	0.919
ZNF488	-2.59	8	0.05	0.521	8877	0.962	0.479	9176	0.919
IL32	-2.59	8	0.05	0.522	8878	0.962	0.478	9175	0.919
FBXO39	-2.58	8	0.05	0.522	8879	0.962	0.478	9174	0.919
CAMK1	-2.58	8	0.05	0.522	8880	0.962	0.478	9173	0.919
WFDC8	-2.58	8	0.05	0.522	8881	0.962	0.478	9172	0.919
ZNF177	-2.58	8	0.05	0.522	8882	0.962	0.478	9171	0.919
RTN4	-2.58	8	0.05	0.522	8883	0.962	0.478	9170	0.919
CARF	-2.58	8	0.05	0.522	8884	0.962	0.478	9169	0.919
RNASE7	-2.24	6	0.05	0.522	8885	0.962	0.478	9168	0.919
ATP5C1	-2.58	8	0.05	0.522	8886	0.962	0.478	9167	0.919
NDP	-2.58	8	0.05	0.522	8887	0.962	0.478	9166	0.919
C16orf92	-2.58	8	0.05	0.522	8888	0.962	0.478	9165	0.919
PAPLN	-2.58	8	0.05	0.522	8889	0.962	0.478	9164	0.919
GABRA1	-2.58	8	0.06	0.522	8890	0.962	0.478	9163	0.919
FAM155A	-2.58	8	0.06	0.522	8891	0.962	0.478	9162	0.919
AOAH	-2.58	8	0.06	0.522	8892	0.962	0.478	9161	0.919
ACP5	-2.58	8	0.06	0.522	8893	0.962	0.478	9160	0.919
CACNA1G	-2.58	8	0.06	0.522	8894	0.962	0.478	9159	0.919
SCNN1B	-2.58	8	0.06	0.522	8895	0.962	0.478	9158	0.919
LYPD1	-2.58	8	0.06	0.522	8896	0.962	0.478	9157	0.919
KCNH1	-2.58	8	0.06	0.522	8897	0.962	0.478	9156	0.919
C8orf82	-2.58	8	0.06	0.523	8898	0.962	0.477	9155	0.919
TRMT10C	-2.57	8	0.06	0.523	8899	0.962	0.477	9154	0.919
KRTAP26-1	-2.57	8	0.06	0.523	8900	0.962	0.477	9153	0.919
TTLL11	-2.57	8	0.06	0.523	8901	0.962	0.477	9152	0.919
ARHGAP36	-2.57	8	0.06	0.523	8902	0.962	0.477	9151	0.919
MPLKIP	-2.57	8	0.06	0.523	8903	0.962	0.477	9150	0.919
ARFGEF2	-2.57	8	0.06	0.523	8904	0.962	0.477	9149	0.919
APCDD1	-2.57	8	0.06	0.523	8905	0.962	0.477	9148	0.919
ARAF	-2.57	8	0.06	0.523	8906	0.962	0.477	9147	0.919
DEFA6	-2.57	8	0.06	0.523	8907	0.962	0.477	9146	0.919
ACTL7B	-2.57	8	0.06	0.523	8908	0.962	0.477	9145	0.919
DNAJB14	-2.57	8	0.06	0.523	8909	0.962	0.477	9144	0.919
BCLAF1	-2.57	8	0.06	0.523	8910	0.962	0.477	9143	0.919
ANKRD63	-2.57	8	0.06	0.523	8911	0.962	0.477	9142	0.919
ANKS6	-2.57	8	0.06	0.523	8912	0.962	0.477	9141	0.919
ZFYVE27	-2.57	8	0.06	0.523	8913	0.962	0.477	9140	0.919
ANKRD13A	-2.57	8	0.06	0.523	8914	0.962	0.477	9139	0.919
PTPN9	-2.57	8	0.06	0.523	8915	0.962	0.477	9138	0.919
DGAT2L6	-2.57	8	0.06	0.523	8916	0.962	0.477	9137	0.919
RGS13	-2.57	8	0.06	0.523	8917	0.962	0.477	9136	0.919
CHRAC1	-2.57	8	0.06	0.523	8918	0.962	0.477	9135	0.919
SLC25A41	-2.57	8	0.06	0.523	8919	0.962	0.477	9134	0.919
LYPLAL1	-2.57	8	0.06	0.524	8920	0.962	0.476	9133	0.919
SCNN1G	-2.57	8	0.06	0.524	8921	0.962	0.476	9132	0.919
PFAS	-2.57	8	0.06	0.524	8922	0.962	0.476	9131	0.919
FAM117A	-2.57	8	0.06	0.524	8923	0.962	0.476	9130	0.919
ATP13A5	-2.56	8	0.06	0.524	8924	0.962	0.476	9129	0.919
SMPDL3A	-2.56	8	0.06	0.524	8925	0.962	0.476	9128	0.919
FCN2	-2.56	8	0.06	0.524	8926	0.962	0.476	9127	0.919
CCNY	-2.56	8	0.06	0.524	8927	0.962	0.476	9126	0.919
RNF11	-2.56	8	0.06	0.524	8928	0.962	0.476	9125	0.919
ABCB6	-2.56	8	0.06	0.524	8929	0.962	0.476	9124	0.919
SEC62	-2.56	8	0.06	0.524	8930	0.962	0.476	9123	0.919
ATM	-2.56	8	0.06	0.524	8931	0.962	0.476	9122	0.919
ALAD	-2.56	8	0.06	0.524	8932	0.962	0.476	9121	0.919
TSPAN12	-2.56	8	0.06	0.524	8933	0.962	0.476	9120	0.919
HIST1H2BE	-1.28	2	0.06	0.524	8934	0.962	0.476	9119	0.919
RASAL2	-2.56	8	0.06	0.524	8935	0.962	0.476	9118	0.919
CCBL2	-2.56	8	0.06	0.525	8936	0.962	0.475	9117	0.919
DENND3	-2.56	8	0.06	0.525	8937	0.962	0.475	9116	0.919
SOWAHA	-2.56	8	0.06	0.525	8938	0.962	0.475	9115	0.919
TIGD5	-2.56	8	0.06	0.525	8939	0.962	0.475	9114	0.919
ECHDC3	-2.56	8	0.06	0.525	8940	0.962	0.475	9113	0.919
PGM2	-2.56	8	0.06	0.525	8941	0.962	0.475	9112	0.919
AKAP8	-2.56	8	0.06	0.525	8942	0.962	0.475	9111	0.919
PCDHA11	-2.56	8	0.06	0.525	8943	0.962	0.475	9110	0.919
OR2B2	-2.55	8	0.06	0.525	8944	0.962	0.475	9109	0.919
ANTXR2	-2.55	8	0.06	0.525	8945	0.962	0.475	9108	0.919
TCERG1	-2.55	8	0.06	0.525	8946	0.962	0.475	9107	0.919
GPT	-2.55	8	0.06	0.525	8947	0.962	0.475	9106	0.919
LMO4	-2.55	8	0.06	0.525	8948	0.962	0.475	9105	0.919
PPRC1	-2.55	8	0.06	0.525	8949	0.962	0.475	9104	0.919
KIF15	-2.55	8	0.06	0.525	8950	0.962	0.475	9103	0.919
TRERF1	-2.55	8	0.06	0.525	8951	0.962	0.475	9102	0.919
YWHAQ	-2.55	8	0.06	0.525	8952	0.962	0.475	9101	0.919
SYNC	-2.55	8	0.06	0.525	8953	0.962	0.475	9100	0.919
ZNF599	-2.55	8	0.06	0.525	8954	0.962	0.475	9099	0.919
ATP2C2	-2.55	8	0.06	0.525	8955	0.962	0.475	9098	0.919
DNER	-2.55	8	0.06	0.525	8956	0.962	0.475	9097	0.919
TNF	-2.55	8	0.06	0.525	8957	0.962	0.475	9096	0.919
SNPH	-2.55	8	0.06	0.525	8958	0.962	0.475	9095	0.919
RNF138	-2.55	8	0.06	0.525	8959	0.962	0.475	9094	0.919
PHYHIPL	-2.55	8	0.06	0.525	8960	0.962	0.475	9093	0.919
KIF20B	-2.55	8	0.06	0.525	8961	0.962	0.475	9092	0.919
PROK2	-2.55	8	0.06	0.525	8962	0.962	0.475	9091	0.919
LGR6	-2.55	8	0.06	0.525	8963	0.962	0.475	9090	0.919
BRINP2	-2.55	8	0.06	0.525	8964	0.962	0.475	9089	0.919
C14orf79	-2.38	7	0.06	0.526	8965	0.962	0.474	9088	0.919
MPHOSPH9	-2.55	8	0.06	0.526	8966	0.962	0.474	9087	0.919
CACNG1	-2.55	8	0.06	0.526	8967	0.962	0.474	9086	0.919
PTN	-2.55	8	0.06	0.526	8968	0.962	0.474	9085	0.919
SRSF4	-2.55	8	0.06	0.526	8969	0.962	0.474	9084	0.919
GLRA1	-2.55	8	0.06	0.526	8970	0.962	0.474	9083	0.919
CYLC1	-2.54	8	0.06	0.526	8971	0.962	0.474	9082	0.919
ACE	-2.54	8	0.06	0.526	8972	0.962	0.474	9081	0.919
GLYR1	-2.54	8	0.06	0.526	8973	0.962	0.474	9080	0.919
PELI1	-2.54	8	0.06	0.526	8974	0.962	0.474	9079	0.919
PPP2R5E	-2.54	8	0.07	0.526	8975	0.962	0.474	9078	0.919
BRF2	-2.54	8	0.07	0.526	8976	0.962	0.474	9077	0.919
STRADB	-2.54	8	0.07	0.526	8977	0.962	0.474	9076	0.919
GRB7	-2.54	8	0.07	0.526	8978	0.962	0.474	9075	0.919
EFHD1	-2.54	8	0.07	0.526	8979	0.962	0.474	9074	0.919
SUGP1	-2.54	8	0.07	0.526	8980	0.962	0.474	9073	0.919
CIDEA	-2.54	8	0.07	0.526	8981	0.962	0.474	9072	0.919
FAM86B1	-1.80	4	0.07	0.526	8982	0.962	0.474	9071	0.919
GGA2	-2.54	8	0.07	0.526	8983	0.962	0.474	9070	0.919
ARHGEF33	-2.54	8	0.07	0.526	8984	0.962	0.474	9069	0.919
ZMPSTE24	-2.54	8	0.07	0.527	8985	0.962	0.473	9068	0.919
ANKRD22	-2.54	8	0.07	0.527	8986	0.962	0.473	9067	0.919
TRPV1	-2.54	8	0.07	0.527	8987	0.962	0.473	9066	0.919
CCL20	-2.54	8	0.07	0.527	8988	0.962	0.473	9065	0.919
STK40	-2.53	8	0.07	0.527	8989	0.962	0.473	9064	0.919
SLC10A7	-2.53	8	0.07	0.527	8990	0.962	0.473	9063	0.919
CHKB	-2.53	8	0.07	0.527	8991	0.962	0.473	9062	0.919
AFP	-2.53	8	0.07	0.527	8992	0.962	0.473	9061	0.919
C12orf77	-2.53	8	0.07	0.527	8993	0.962	0.473	9060	0.919
RAB8B	-2.53	8	0.07	0.527	8994	0.962	0.473	9059	0.919
BRIP1	-2.53	8	0.07	0.527	8995	0.962	0.473	9058	0.919
RNF112	-2.53	8	0.07	0.527	8996	0.962	0.473	9057	0.919
TMOD1	-2.53	8	0.07	0.527	8997	0.962	0.473	9056	0.919
SP140L	-2.53	8	0.07	0.527	8998	0.962	0.473	9055	0.919
ARMCX6	-2.53	8	0.07	0.527	8999	0.962	0.473	9054	0.919
CDHR5	-2.53	8	0.07	0.527	9000	0.962	0.473	9053	0.919
MTRNR2L6	-1.26	2	0.07	0.527	9001	0.962	0.473	9052	0.919
KCNA4	-2.53	8	0.07	0.528	9002	0.962	0.472	9051	0.919
GPAA1	-2.53	8	0.07	0.528	9003	0.962	0.472	9050	0.919
ZNF8	-2.53	8	0.07	0.528	9004	0.962	0.472	9049	0.919
C20orf78	-2.53	8	0.07	0.528	9005	0.962	0.472	9048	0.919
UCN3	-2.53	8	0.07	0.528	9006	0.962	0.472	9047	0.919
GPHN	-2.53	8	0.07	0.528	9007	0.962	0.472	9046	0.919
FLAD1	-2.53	8	0.07	0.528	9008	0.962	0.472	9045	0.919
ZNF836	-2.53	8	0.07	0.528	9009	0.962	0.472	9044	0.919
NUFIP2	-2.53	8	0.07	0.528	9010	0.962	0.472	9043	0.919
PSME3	-2.53	8	0.07	0.528	9011	0.962	0.472	9042	0.919
CNGA4	-2.52	8	0.07	0.528	9012	0.962	0.472	9041	0.919
SPATA17	-2.52	8	0.07	0.528	9013	0.962	0.472	9040	0.919
GPR26	-2.52	8	0.07	0.528	9014	0.962	0.472	9039	0.919
NARF	-2.52	8	0.07	0.528	9015	0.962	0.472	9038	0.919
FAM73A	-2.52	8	0.07	0.528	9016	0.962	0.472	9037	0.919
DLG5	-2.52	8	0.07	0.528	9017	0.962	0.472	9036	0.919
COL11A2	-2.52	8	0.07	0.528	9018	0.962	0.472	9035	0.919
PIP4K2A	-2.52	8	0.07	0.528	9019	0.962	0.472	9034	0.919
EGFP	-5.91	44	0.07	0.528	9020	0.962	0.472	9033	0.919
PBX4	-2.52	8	0.07	0.528	9021	0.962	0.472	9032	0.919
C4orf22	-2.52	8	0.07	0.529	9022	0.962	0.471	9031	0.919
SGMS2	-2.52	8	0.07	0.529	9023	0.962	0.471	9030	0.919
NIM1	-2.52	8	0.07	0.529	9024	0.962	0.471	9029	0.919
PAIP2B	-2.52	8	0.07	0.529	9025	0.962	0.471	9028	0.919
FAM133B	-1.26	2	0.07	0.529	9026	0.962	0.471	9027	0.919
ADH7	-2.52	8	0.07	0.529	9027	0.962	0.471	9026	0.919
TPD52L3	-2.52	8	0.07	0.529	9028	0.962	0.471	9025	0.919
IL17REL	-2.52	8	0.07	0.529	9029	0.962	0.471	9024	0.919
PLVAP	-2.51	8	0.07	0.529	9030	0.962	0.471	9023	0.919
ZNF142	-2.51	8	0.07	0.529	9031	0.962	0.471	9022	0.919
CAB39L	-2.51	8	0.07	0.529	9032	0.962	0.471	9021	0.919
GLRB	-2.51	8	0.07	0.529	9033	0.962	0.471	9020	0.919
HPX	-2.51	8	0.07	0.529	9034	0.962	0.471	9019	0.919
ITLN1	-2.51	8	0.07	0.529	9035	0.962	0.471	9018	0.919
SLC10A1	-2.51	8	0.07	0.529	9036	0.962	0.471	9017	0.919
CD1D	-2.51	8	0.07	0.529	9037	0.962	0.471	9016	0.919
TLX3	-2.51	8	0.07	0.529	9038	0.962	0.471	9015	0.919
CSTF2	-2.51	8	0.07	0.529	9039	0.962	0.471	9014	0.919
EGFL8	-2.51	8	0.07	0.53	9040	0.962	0.47	9013	0.919
SALL2	-2.51	8	0.07	0.53	9041	0.962	0.47	9012	0.919
ERCC4	-2.51	8	0.07	0.53	9042	0.962	0.47	9011	0.919
UBE4B	-2.51	8	0.07	0.53	9043	0.962	0.47	9010	0.919
PLCH2	-2.51	8	0.07	0.53	9044	0.962	0.47	9009	0.919
DUSP23	-2.51	8	0.07	0.53	9045	0.962	0.47	9008	0.919
CHRNA7	-2.51	8	0.07	0.53	9046	0.962	0.47	9007	0.919
TCF23	-2.50	8	0.08	0.53	9047	0.962	0.47	9006	0.919
FASTKD3	-2.50	8	0.08	0.53	9048	0.962	0.47	9005	0.919
CHID1	-2.50	8	0.08	0.53	9049	0.962	0.47	9004	0.919
DHX40	-2.50	8	0.08	0.53	9050	0.962	0.47	9003	0.919
DNAJC30	-2.50	8	0.08	0.53	9051	0.962	0.47	9002	0.919
TMPRSS6	-2.50	8	0.08	0.53	9052	0.962	0.47	9001	0.919
RBM45	-2.50	8	0.08	0.53	9053	0.962	0.47	9000	0.919
ZC3H6	-2.50	8	0.08	0.53	9054	0.962	0.47	8999	0.919
AP4B1	-2.50	8	0.08	0.531	9055	0.962	0.469	8998	0.919
RBBP9	-2.50	8	0.08	0.531	9056	0.962	0.469	8997	0.919
C1orf147	-2.50	8	0.08	0.531	9057	0.962	0.469	8996	0.919
FAM71E1	-2.50	8	0.08	0.531	9058	0.962	0.469	8995	0.919
C9orf117	-2.50	8	0.08	0.531	9059	0.962	0.469	8994	0.919
ZBTB25	-2.50	8	0.08	0.531	9060	0.962	0.469	8993	0.919
SLC17A5	-2.50	8	0.08	0.531	9061	0.962	0.469	8992	0.919
C4orf27	-2.50	8	0.08	0.531	9062	0.962	0.469	8991	0.919
C9orf50	-2.50	8	0.08	0.531	9063	0.962	0.469	8990	0.919
TRIM13	-2.50	8	0.08	0.531	9064	0.962	0.469	8989	0.919
FAM134B	-2.49	8	0.08	0.531	9065	0.962	0.469	8988	0.919
TMEM231	-2.49	8	0.08	0.531	9066	0.962	0.469	8987	0.919
LRRN1	-2.49	8	0.08	0.531	9067	0.962	0.469	8986	0.919
PCDH7	-2.49	8	0.08	0.531	9068	0.962	0.469	8985	0.919
WDPCP	-2.49	8	0.08	0.531	9069	0.962	0.469	8984	0.919
SFXN4	-2.49	8	0.08	0.531	9070	0.962	0.469	8983	0.919
POLR2K	-2.16	6	0.08	0.531	9071	0.962	0.469	8982	0.919
ZNF528	-2.49	8	0.08	0.531	9072	0.962	0.469	8981	0.919
BAALC	-2.49	8	0.08	0.531	9073	0.962	0.469	8980	0.919
PPM1N	-2.49	8	0.08	0.531	9074	0.962	0.469	8979	0.919
PIP5K1A	-2.49	8	0.08	0.531	9075	0.962	0.469	8978	0.919
HERC3	-2.49	8	0.08	0.532	9076	0.962	0.468	8977	0.919
PHTF1	-2.49	8	0.08	0.532	9077	0.962	0.468	8976	0.919
HDGFL1	-2.49	8	0.08	0.532	9078	0.962	0.468	8975	0.919
HS3ST3A1	-2.49	8	0.08	0.532	9079	0.962	0.468	8974	0.919
TGDS	-2.49	8	0.08	0.532	9080	0.962	0.468	8973	0.919
MDK	-2.49	8	0.08	0.532	9081	0.962	0.468	8972	0.919
C1QL1	-2.49	8	0.08	0.532	9082	0.962	0.468	8971	0.919
OR4N4	-2.49	8	0.08	0.532	9083	0.962	0.468	8970	0.919
ALKBH1	-2.49	8	0.08	0.532	9084	0.962	0.468	8969	0.919
SRSF3	-2.49	8	0.08	0.532	9085	0.962	0.468	8968	0.919
CLDN9	-2.49	8	0.08	0.532	9086	0.962	0.468	8967	0.919
MSI1	-2.48	8	0.08	0.532	9087	0.962	0.468	8966	0.919
IKBKG	-2.48	8	0.08	0.532	9088	0.962	0.468	8965	0.919
SLC27A4	-2.48	8	0.08	0.532	9089	0.962	0.468	8964	0.919
CLCN4	-2.48	8	0.08	0.532	9090	0.962	0.468	8963	0.919
CCDC85A	-2.48	8	0.08	0.532	9091	0.962	0.468	8962	0.919
XCR1	-2.48	8	0.08	0.532	9092	0.962	0.468	8961	0.919
PON3	-2.48	8	0.08	0.532	9093	0.962	0.468	8960	0.919
LRRD1	-2.48	8	0.08	0.532	9094	0.962	0.468	8959	0.919
PCIF1	-2.48	8	0.08	0.532	9095	0.962	0.468	8958	0.919
GLYATL2	-2.48	8	0.08	0.532	9096	0.962	0.468	8957	0.919
MLH1	-2.15	6	0.08	0.532	9097	0.962	0.468	8956	0.919
HNRNPA3	-2.48	8	0.08	0.532	9098	0.962	0.468	8955	0.919
SPINT4	-1.75	4	0.08	0.532	9099	0.962	0.468	8954	0.919
PLA2G16	-2.48	8	0.08	0.533	9100	0.962	0.467	8953	0.919
FZD4	-2.48	8	0.08	0.533	9101	0.962	0.467	8952	0.919
CABYR	-2.48	8	0.08	0.533	9102	0.962	0.467	8951	0.919
MMAB	-2.48	8	0.08	0.533	9103	0.962	0.467	8950	0.919
OR4D2	-2.48	8	0.08	0.533	9104	0.962	0.467	8949	0.919
SSC5D	-2.48	8	0.08	0.533	9105	0.962	0.467	8948	0.919
IMPAD1	-2.48	8	0.08	0.533	9106	0.962	0.467	8947	0.919
FLNA	-2.48	8	0.08	0.533	9107	0.962	0.467	8946	0.919
ATP5G3	-2.48	8	0.08	0.533	9108	0.962	0.467	8945	0.919
PITRM1	-2.48	8	0.08	0.533	9109	0.962	0.467	8944	0.919
HDLBP	-2.47	8	0.08	0.533	9110	0.962	0.467	8943	0.919
CDH4	-2.47	8	0.08	0.533	9111	0.962	0.467	8942	0.919
KIAA1456	-2.47	8	0.08	0.533	9112	0.962	0.467	8941	0.919
ZNF428	-2.47	8	0.08	0.533	9113	0.962	0.467	8940	0.919
KHDC3L	-2.47	8	0.08	0.533	9114	0.962	0.467	8939	0.919
ATP6V1E2	-2.47	8	0.08	0.533	9115	0.962	0.467	8938	0.919
PIH1D3	-2.47	8	0.08	0.533	9116	0.962	0.467	8937	0.919
OR4E2	-2.47	8	0.08	0.533	9117	0.962	0.467	8936	0.919
KRT3	-2.47	8	0.08	0.533	9118	0.962	0.467	8935	0.919
C5orf42	-2.47	8	0.08	0.533	9119	0.962	0.467	8934	0.919
HES4	-2.47	8	0.08	0.533	9120	0.962	0.467	8933	0.919
TRAPPC13	-2.47	8	0.08	0.533	9121	0.962	0.467	8932	0.919
THRSP	-2.47	8	0.08	0.533	9122	0.962	0.467	8931	0.919
ARSG	-2.47	8	0.08	0.533	9123	0.962	0.467	8930	0.919
MYO1B	-2.47	8	0.08	0.533	9124	0.962	0.467	8929	0.919
DNAJC6	-2.47	8	0.08	0.533	9125	0.962	0.467	8928	0.919
IGFBP3	-2.47	8	0.08	0.533	9126	0.962	0.467	8927	0.919
MMP1	-2.47	8	0.08	0.534	9127	0.962	0.466	8926	0.919
WDR54	-2.47	8	0.08	0.534	9128	0.962	0.466	8925	0.919
ICOS	-2.47	8	0.08	0.534	9129	0.962	0.466	8924	0.919
ZFAND1	-2.47	8	0.08	0.534	9130	0.962	0.466	8923	0.919
WISP3	-2.47	8	0.08	0.534	9131	0.962	0.466	8922	0.919
TMEM41A	-2.47	8	0.08	0.534	9132	0.962	0.466	8921	0.919
MTMR2	-2.47	8	0.08	0.534	9133	0.962	0.466	8920	0.919
RELA	-2.47	8	0.08	0.534	9134	0.962	0.466	8919	0.919
GRM1	-2.47	8	0.09	0.534	9135	0.962	0.466	8918	0.919
ALDOC	-2.47	8	0.09	0.534	9136	0.962	0.466	8917	0.919
FAM65C	-2.47	8	0.09	0.534	9137	0.962	0.466	8916	0.919
CREB5	-2.46	8	0.09	0.534	9138	0.962	0.466	8915	0.919
SPDYE3	-2.46	8	0.09	0.534	9139	0.962	0.466	8914	0.919
SERTM1	-2.46	8	0.09	0.534	9140	0.962	0.466	8913	0.919
C5AR1	-2.46	8	0.09	0.534	9141	0.962	0.466	8912	0.919
TMEM237	-2.46	8	0.09	0.534	9142	0.962	0.466	8911	0.919
KLHDC2	-2.46	8	0.09	0.534	9143	0.962	0.466	8910	0.919
C3	-2.46	8	0.09	0.534	9144	0.962	0.466	8909	0.919
OR51L1	-2.46	8	0.09	0.534	9145	0.962	0.466	8908	0.919
GLRA3	-2.13	6	0.09	0.535	9146	0.962	0.465	8907	0.919
ATP6V0E2	-2.46	8	0.09	0.535	9147	0.962	0.465	8906	0.919
SPINT1	-2.46	8	0.09	0.535	9148	0.962	0.465	8905	0.919
NTS	-2.46	8	0.09	0.535	9149	0.962	0.465	8904	0.919
NOM1	-2.46	8	0.09	0.535	9150	0.962	0.465	8903	0.919
SLC25A23	-2.46	8	0.09	0.535	9151	0.962	0.465	8902	0.919
CCDC23	-1.74	4	0.09	0.535	9152	0.962	0.465	8901	0.919
TMEM38A	-2.46	8	0.09	0.535	9153	0.962	0.465	8900	0.919
UAP1L1	-2.45	8	0.09	0.535	9154	0.962	0.465	8899	0.919
ROR1	-2.45	8	0.09	0.535	9155	0.962	0.465	8898	0.919
HYDIN	-2.45	8	0.09	0.535	9156	0.962	0.465	8897	0.919
UBL7	-2.45	8	0.09	0.535	9157	0.962	0.465	8896	0.919
PLN	-1.23	2	0.09	0.535	9158	0.962	0.465	8895	0.919
RP11-1220K2.2	-2.45	8	0.09	0.535	9159	0.962	0.465	8894	0.919
DNAL1	-2.45	8	0.09	0.535	9160	0.962	0.465	8893	0.919
ATXN7L2	-2.45	8	0.09	0.535	9161	0.962	0.465	8892	0.919
ATOX1	-2.45	8	0.09	0.535	9162	0.962	0.465	8891	0.919
OTOP3	-2.12	6	0.09	0.536	9163	0.962	0.464	8890	0.919
CKLF	-2.45	8	0.09	0.536	9164	0.962	0.464	8889	0.919
ZNF423	-2.45	8	0.09	0.536	9165	0.962	0.464	8888	0.919
PHF1	-2.45	8	0.09	0.536	9166	0.962	0.464	8887	0.919
PTPN14	-2.45	8	0.09	0.536	9167	0.962	0.464	8886	0.919
GRHL2	-2.45	8	0.09	0.536	9168	0.962	0.464	8885	0.919
GABRA6	-2.45	8	0.09	0.536	9169	0.962	0.464	8884	0.919
SCAF8	-2.45	8	0.09	0.536	9170	0.962	0.464	8883	0.919
ETFB	-2.45	8	0.09	0.536	9171	0.962	0.464	8882	0.919
ST7	-2.45	8	0.09	0.536	9172	0.962	0.464	8881	0.919
APH1B	-2.45	8	0.09	0.536	9173	0.962	0.464	8880	0.919
DDIT4	-2.44	8	0.09	0.536	9174	0.962	0.464	8879	0.919
MS4A5	-2.44	8	0.09	0.536	9175	0.962	0.464	8878	0.919
CETN1	-2.44	8	0.09	0.536	9176	0.962	0.464	8877	0.919
CAMSAP3	-2.44	8	0.09	0.536	9177	0.962	0.464	8876	0.919
GPNMB	-2.44	8	0.09	0.536	9178	0.962	0.464	8875	0.919
ZBTB16	-2.44	8	0.09	0.536	9179	0.962	0.464	8874	0.919
KLHL8	-2.44	8	0.09	0.536	9180	0.962	0.464	8873	0.919
CCDC104	-2.44	8	0.09	0.536	9181	0.962	0.464	8872	0.919
DAPP1	-2.44	8	0.09	0.536	9182	0.962	0.464	8871	0.919
OR8B8	-2.44	8	0.09	0.536	9183	0.962	0.464	8870	0.919
THBD	-2.44	8	0.09	0.537	9184	0.962	0.463	8869	0.919
NDUFB8	-2.44	8	0.09	0.537	9185	0.962	0.463	8868	0.919
CD2BP2	-2.11	6	0.09	0.537	9186	0.962	0.463	8867	0.919
SSBP2	-2.44	8	0.09	0.537	9187	0.962	0.463	8866	0.919
TMEM147	-2.44	8	0.09	0.537	9188	0.962	0.463	8865	0.919
UTF1	-2.11	6	0.09	0.537	9189	0.962	0.463	8864	0.919
UBE2QL1	-2.44	8	0.09	0.537	9190	0.962	0.463	8863	0.919
FANCL	-2.44	8	0.09	0.537	9191	0.962	0.463	8862	0.919
PPIF	-2.43	8	0.09	0.537	9192	0.962	0.463	8861	0.919
KIR2DL4	-2.43	8	0.09	0.537	9193	0.962	0.463	8860	0.919
ZFHX4	-2.43	8	0.09	0.537	9194	0.962	0.463	8859	0.919
MYO1C	-2.43	8	0.09	0.537	9195	0.962	0.463	8858	0.919
RNF213	-2.43	8	0.09	0.537	9196	0.962	0.463	8857	0.919
FGFBP3	-2.43	8	0.09	0.537	9197	0.962	0.463	8856	0.919
PIBF1	-2.43	8	0.09	0.538	9198	0.962	0.462	8855	0.919
BNIP2	-2.43	8	0.09	0.538	9199	0.962	0.462	8854	0.919
RSPO1	-2.43	8	0.09	0.538	9200	0.962	0.462	8853	0.919
OSBPL1A	-2.43	8	0.09	0.538	9201	0.962	0.462	8852	0.919
CLEC2B	-2.43	8	0.09	0.538	9202	0.962	0.462	8851	0.919
FAM212A	-2.10	6	0.09	0.538	9203	0.962	0.462	8850	0.919
GPM6B	-2.43	8	0.09	0.538	9204	0.962	0.462	8849	0.919
PLA2G10	-2.43	8	0.09	0.538	9205	0.962	0.462	8848	0.919
ZNF606	-2.43	8	0.09	0.538	9206	0.962	0.462	8847	0.919
PDE8A	-2.43	8	0.10	0.538	9207	0.962	0.462	8846	0.919
NANP	-2.43	8	0.10	0.538	9208	0.962	0.462	8845	0.919
SLC39A2	-2.43	8	0.10	0.538	9209	0.962	0.462	8844	0.919
NRBP1	-2.43	8	0.10	0.538	9210	0.962	0.462	8843	0.919
TMEM131	-2.43	8	0.10	0.538	9211	0.962	0.462	8842	0.919
CCR1	-2.43	8	0.10	0.538	9212	0.962	0.462	8841	0.919
GRAMD3	-2.43	8	0.10	0.538	9213	0.962	0.462	8840	0.919
MAPK1IP1L	-2.42	8	0.10	0.538	9214	0.962	0.462	8839	0.919
FSD2	-2.42	8	0.10	0.538	9215	0.962	0.462	8838	0.919
TMSB4X	-1.21	2	0.10	0.538	9216	0.962	0.462	8837	0.919
PIK3CG	-2.42	8	0.10	0.538	9217	0.962	0.462	8836	0.919
ANP32D	-1.21	2	0.10	0.538	9218	0.962	0.462	8835	0.919
MAGEB2	-2.42	8	0.10	0.538	9219	0.962	0.462	8834	0.919
FLI1	-2.42	8	0.10	0.539	9220	0.962	0.461	8833	0.919
SLC35D2	-2.42	8	0.10	0.539	9221	0.962	0.461	8832	0.919
SYNJ1	-2.42	8	0.10	0.539	9222	0.962	0.461	8831	0.919
USP12	-2.42	8	0.10	0.539	9223	0.962	0.461	8830	0.919
ZNF345	-2.42	8	0.10	0.539	9224	0.962	0.461	8829	0.919
HS3ST6	-2.42	8	0.10	0.539	9225	0.962	0.461	8828	0.919
SERPINA6	-2.42	8	0.10	0.539	9226	0.962	0.461	8827	0.919
IL2	-2.42	8	0.10	0.539	9227	0.962	0.461	8826	0.919
SLC2A11	-2.42	8	0.10	0.539	9228	0.962	0.461	8825	0.919
PREP	-2.42	8	0.10	0.539	9229	0.962	0.461	8824	0.919
ARL11	-2.42	8	0.10	0.539	9230	0.962	0.461	8823	0.919
TBC1D28	-2.41	8	0.10	0.539	9231	0.962	0.461	8822	0.919
LYSMD4	-2.41	8	0.10	0.539	9232	0.962	0.461	8821	0.919
MYOM2	-2.41	8	0.10	0.539	9233	0.962	0.461	8820	0.919
SARDH	-2.41	8	0.10	0.539	9234	0.962	0.461	8819	0.919
SV2C	-2.41	8	0.10	0.539	9235	0.962	0.461	8818	0.919
CACNG2	-2.41	8	0.10	0.539	9236	0.962	0.461	8817	0.919
COL5A2	-2.41	8	0.10	0.539	9237	0.962	0.461	8816	0.919
POU2F1	-2.41	8	0.10	0.539	9238	0.962	0.461	8815	0.919
C22orf23	-2.41	8	0.10	0.539	9239	0.962	0.461	8814	0.919
MPV17L2	-2.41	8	0.10	0.539	9240	0.962	0.461	8813	0.919
ZNF416	-2.41	8	0.10	0.54	9241	0.962	0.46	8812	0.919
PANK2	-2.41	8	0.10	0.54	9242	0.962	0.46	8811	0.919
PDSS2	-2.41	8	0.10	0.54	9243	0.962	0.46	8810	0.919
IREB2	-2.41	8	0.10	0.54	9244	0.962	0.46	8809	0.919
ABCG2	-2.41	8	0.10	0.54	9245	0.962	0.46	8808	0.919
ACRV1	-2.41	8	0.10	0.54	9246	0.962	0.46	8807	0.919
RCOR3	-2.41	8	0.10	0.54	9247	0.962	0.46	8806	0.919
BLOC1S2	-2.41	8	0.10	0.54	9248	0.962	0.46	8805	0.919
SHISA3	-2.41	8	0.10	0.54	9249	0.962	0.46	8804	0.919
ANGPTL6	-2.41	8	0.10	0.54	9250	0.962	0.46	8803	0.919
FTHL17	-2.41	8	0.10	0.54	9251	0.962	0.46	8802	0.919
TRUB2	-2.41	8	0.10	0.54	9252	0.962	0.46	8801	0.919
ZNF816	-2.41	8	0.10	0.54	9253	0.962	0.46	8800	0.919
AGBL2	-2.41	8	0.10	0.54	9254	0.962	0.46	8799	0.919
KCNA3	-2.41	8	0.10	0.54	9255	0.962	0.46	8798	0.919
CORO2A	-2.41	8	0.10	0.54	9256	0.962	0.46	8797	0.919
PI4K2B	-2.41	8	0.10	0.54	9257	0.962	0.46	8796	0.919
SLC26A3	-2.41	8	0.10	0.54	9258	0.962	0.46	8795	0.919
CASP2	-2.41	8	0.10	0.54	9259	0.962	0.46	8794	0.919
OR6N2	-2.41	8	0.10	0.54	9260	0.962	0.46	8793	0.919
FAM71F1	-2.40	8	0.10	0.54	9261	0.962	0.46	8792	0.919
OR5T3	-2.08	6	0.10	0.54	9262	0.962	0.46	8791	0.919
GIMAP2	-2.40	8	0.10	0.54	9263	0.962	0.46	8790	0.919
CLCN5	-2.40	8	0.10	0.54	9264	0.962	0.46	8789	0.919
IHH	-2.40	8	0.10	0.54	9265	0.962	0.46	8788	0.919
AGO2	-2.40	8	0.10	0.541	9266	0.962	0.459	8787	0.919
MRFAP1L1	-2.40	8	0.10	0.541	9267	0.962	0.459	8786	0.919
OR2B11	-2.40	8	0.10	0.541	9268	0.962	0.459	8785	0.919
P2RX1	-2.40	8	0.10	0.541	9269	0.962	0.459	8784	0.919
JHDM1D	-2.40	8	0.10	0.541	9270	0.962	0.459	8783	0.919
CCDC41	-2.40	8	0.10	0.541	9271	0.962	0.459	8782	0.919
SLC19A2	-2.40	8	0.10	0.541	9272	0.962	0.459	8781	0.919
ZNF682	-2.40	8	0.10	0.541	9273	0.962	0.459	8780	0.919
SLITRK5	-2.40	8	0.10	0.541	9274	0.962	0.459	8779	0.919
ARMC6	-2.40	8	0.10	0.541	9275	0.962	0.459	8778	0.919
PRR4	-2.40	8	0.10	0.541	9276	0.962	0.459	8777	0.919
C19orf47	-2.40	8	0.10	0.541	9277	0.962	0.459	8776	0.919
SPOPL	-2.39	8	0.10	0.541	9278	0.962	0.459	8775	0.919
ARHGAP12	-2.39	8	0.10	0.541	9279	0.962	0.459	8774	0.919
SCGB1D4	-2.39	8	0.10	0.541	9280	0.962	0.459	8773	0.919
MOB3A	-2.39	8	0.10	0.541	9281	0.962	0.459	8772	0.919
ZDHHC3	-2.39	8	0.10	0.541	9282	0.962	0.459	8771	0.919
ADCY1	-2.39	8	0.10	0.541	9283	0.962	0.459	8770	0.919
TRIO	-2.39	8	0.10	0.541	9284	0.962	0.459	8769	0.919
TSPAN7	-2.39	8	0.10	0.541	9285	0.962	0.459	8768	0.919
ITFG3	-2.39	8	0.10	0.541	9286	0.962	0.459	8767	0.919
CEP97	-2.39	8	0.10	0.542	9287	0.962	0.458	8766	0.919
SERPINA12	-2.39	8	0.10	0.542	9288	0.962	0.458	8765	0.919
ZFYVE20	-2.39	8	0.10	0.542	9289	0.962	0.458	8764	0.919
A2ML1	-2.39	8	0.10	0.542	9290	0.962	0.458	8763	0.919
PTPN13	-2.39	8	0.10	0.542	9291	0.962	0.458	8762	0.919
FOLH1	-2.39	8	0.10	0.542	9292	0.962	0.458	8761	0.919
PEX2	-2.39	8	0.10	0.542	9293	0.962	0.458	8760	0.919
RXRB	-2.39	8	0.10	0.542	9294	0.962	0.458	8759	0.919
HIST1H2AC	-2.39	8	0.11	0.542	9295	0.962	0.458	8758	0.919
IPPK	-2.39	8	0.11	0.542	9296	0.962	0.458	8757	0.919
RNF2	-2.39	8	0.11	0.542	9297	0.962	0.458	8756	0.919
ZNF777	-2.07	6	0.11	0.542	9298	0.962	0.458	8755	0.919
SLAMF6	-2.39	8	0.11	0.542	9299	0.962	0.458	8754	0.919
TCTN3	-2.39	8	0.11	0.542	9300	0.962	0.458	8753	0.919
WNT2	-2.38	8	0.11	0.542	9301	0.962	0.458	8752	0.919
CYP4A22	-1.19	2	0.11	0.542	9302	0.962	0.458	8751	0.919
MANBA	-2.38	8	0.11	0.542	9303	0.962	0.458	8750	0.919
COG7	-2.38	8	0.11	0.542	9304	0.962	0.458	8749	0.919
POMP	-2.38	8	0.11	0.542	9305	0.962	0.458	8748	0.919
MAGEB5	-2.38	8	0.11	0.542	9306	0.962	0.458	8747	0.919
MYO1D	-2.38	8	0.11	0.543	9307	0.962	0.457	8746	0.919
C2orf40	-2.38	8	0.11	0.543	9308	0.962	0.457	8745	0.919
AMN	-2.38	8	0.11	0.543	9309	0.962	0.457	8744	0.919
CD22	-2.38	8	0.11	0.543	9310	0.962	0.457	8743	0.919
ARFIP1	-2.38	8	0.11	0.543	9311	0.962	0.457	8742	0.919
POLR2H	-2.38	8	0.11	0.543	9312	0.962	0.457	8741	0.919
WFDC5	-2.06	6	0.11	0.543	9313	0.962	0.457	8740	0.919
KLK14	-2.38	8	0.11	0.543	9314	0.962	0.457	8739	0.919
TNNI1	-2.38	8	0.11	0.543	9315	0.962	0.457	8738	0.919
TMEM255B	-2.38	8	0.11	0.543	9316	0.962	0.457	8737	0.919
FRAT2	-2.38	8	0.11	0.543	9317	0.962	0.457	8736	0.919
TANC1	-2.38	8	0.11	0.543	9318	0.962	0.457	8735	0.919
POMC	-2.38	8	0.11	0.543	9319	0.962	0.457	8734	0.919
IL2RB	-2.38	8	0.11	0.543	9320	0.962	0.457	8733	0.919
ATHL1	-2.38	8	0.11	0.543	9321	0.962	0.457	8732	0.919
KRTAP25-1	-2.38	8	0.11	0.543	9322	0.962	0.457	8731	0.919
CCR5	-2.38	8	0.11	0.543	9323	0.962	0.457	8730	0.919
SGK2	-2.38	8	0.11	0.543	9324	0.962	0.457	8729	0.919
NYX	-2.38	8	0.11	0.543	9325	0.962	0.457	8728	0.919
GIPC3	-2.37	8	0.11	0.543	9326	0.962	0.457	8727	0.919
MORC2	-2.37	8	0.11	0.543	9327	0.962	0.457	8726	0.919
BCL7C	-2.37	8	0.11	0.543	9328	0.962	0.457	8725	0.919
PEX7	-2.37	8	0.11	0.544	9329	0.962	0.456	8724	0.919
SNAP29	-2.37	8	0.11	0.544	9330	0.962	0.456	8723	0.919
NAPSA	-2.37	8	0.11	0.544	9331	0.962	0.456	8722	0.919
ZNF358	-2.37	8	0.11	0.544	9332	0.962	0.456	8721	0.919
SPATA18	-2.37	8	0.11	0.544	9333	0.962	0.456	8720	0.919
FIG4	-2.37	8	0.11	0.544	9334	0.962	0.456	8719	0.919
GDF6	-2.37	8	0.11	0.544	9335	0.962	0.456	8718	0.919
TSNAX	-2.37	8	0.11	0.544	9336	0.962	0.456	8717	0.919
ABCC3	-2.37	8	0.11	0.544	9337	0.962	0.456	8716	0.919
ACADS	-2.37	8	0.11	0.544	9338	0.962	0.456	8715	0.919
C1orf198	-2.37	8	0.11	0.544	9339	0.962	0.456	8714	0.919
SP1	-2.37	8	0.11	0.544	9340	0.962	0.456	8713	0.919
ANXA7	-2.37	8	0.11	0.544	9341	0.962	0.456	8712	0.919
MMEL1	-2.37	8	0.11	0.544	9342	0.962	0.456	8711	0.919
BCL2L13	-2.37	8	0.11	0.544	9343	0.962	0.456	8710	0.919
ATF5	-2.37	8	0.11	0.544	9344	0.962	0.456	8709	0.919
KIAA1191	-2.37	8	0.11	0.544	9345	0.962	0.456	8708	0.919
SNCAIP	-2.37	8	0.11	0.544	9346	0.962	0.456	8707	0.919
PTPRN2	-2.37	8	0.11	0.544	9347	0.962	0.456	8706	0.919
ICAM1	-2.37	8	0.11	0.544	9348	0.962	0.456	8705	0.919
ZNF781	-1.67	4	0.11	0.544	9349	0.962	0.456	8704	0.919
CADM1	-2.05	6	0.11	0.544	9350	0.962	0.456	8703	0.919
NDUFS5	-2.37	8	0.11	0.544	9351	0.962	0.456	8702	0.919
VPS4A	-2.37	8	0.11	0.544	9352	0.962	0.456	8701	0.919
LGALS12	-2.37	8	0.11	0.544	9353	0.962	0.456	8700	0.919
ITGA8	-2.37	8	0.11	0.544	9354	0.962	0.456	8699	0.919
YIPF5	-2.37	8	0.11	0.544	9355	0.962	0.456	8698	0.919
IFITM5	-2.36	8	0.11	0.544	9356	0.962	0.456	8697	0.919
SERINC1	-2.36	8	0.11	0.544	9357	0.962	0.456	8696	0.919
HBEGF	-2.36	8	0.11	0.544	9358	0.962	0.456	8695	0.919
GPR78	-2.36	8	0.11	0.544	9359	0.962	0.456	8694	0.919
SPR	-2.36	8	0.11	0.544	9360	0.962	0.456	8693	0.919
OR2L5	-1.67	4	0.11	0.544	9361	0.962	0.456	8692	0.919
IBA57	-2.36	8	0.11	0.544	9362	0.962	0.456	8691	0.919
CALM3	-2.36	8	0.11	0.544	9363	0.962	0.456	8690	0.919
ARHGEF7	-2.36	8	0.11	0.545	9364	0.962	0.455	8689	0.919
SAMD5	-2.36	8	0.11	0.545	9365	0.962	0.455	8688	0.919
FBXO42	-2.36	8	0.11	0.545	9366	0.962	0.455	8687	0.919
NPFFR1	-2.36	8	0.11	0.545	9367	0.962	0.455	8686	0.919
ROGDI	-2.36	8	0.11	0.545	9368	0.962	0.455	8685	0.919
KIAA0513	-2.36	8	0.11	0.545	9369	0.962	0.455	8684	0.919
CPE	-2.36	8	0.11	0.545	9370	0.962	0.455	8683	0.919
SEMA4G	-2.36	8	0.11	0.545	9371	0.962	0.455	8682	0.919
C6orf211	-2.36	8	0.11	0.545	9372	0.962	0.455	8681	0.919
ACRC	-2.36	8	0.11	0.545	9373	0.962	0.455	8680	0.919
KLHL33	-2.36	8	0.11	0.545	9374	0.962	0.455	8679	0.919
CXCL12	-2.36	8	0.11	0.545	9375	0.962	0.455	8678	0.919
SRRM3	-2.36	8	0.11	0.545	9376	0.962	0.455	8677	0.919
C3orf14	-2.36	8	0.11	0.545	9377	0.962	0.455	8676	0.919
IL11	-2.36	8	0.11	0.545	9378	0.962	0.455	8675	0.919
ZNF81	-2.36	8	0.11	0.545	9379	0.962	0.455	8674	0.919
HS6ST2	-2.35	8	0.11	0.545	9380	0.962	0.455	8673	0.919
TEX38	-2.35	8	0.11	0.545	9381	0.962	0.455	8672	0.919
TTC12	-2.35	8	0.11	0.545	9382	0.962	0.455	8671	0.919
PRCP	-2.35	8	0.11	0.545	9383	0.962	0.455	8670	0.919
CXorf64	-2.35	8	0.11	0.545	9384	0.962	0.455	8669	0.919
SEMA4B	-2.35	8	0.11	0.545	9385	0.962	0.455	8668	0.919
SMARCA2	-2.35	8	0.11	0.545	9386	0.962	0.455	8667	0.919
SHANK2	-2.35	8	0.11	0.545	9387	0.962	0.455	8666	0.919
TMEM170A	-2.35	8	0.11	0.546	9388	0.962	0.454	8665	0.919
LPHN2	-2.35	8	0.11	0.546	9389	0.962	0.454	8664	0.919
C17orf104	-2.35	8	0.11	0.546	9390	0.962	0.454	8663	0.919
ITM2B	-2.35	8	0.11	0.546	9391	0.962	0.454	8662	0.919
BEND6	-2.35	8	0.11	0.546	9392	0.962	0.454	8661	0.919
QRFP	-2.35	8	0.11	0.546	9393	0.962	0.454	8660	0.919
AQP2	-2.35	8	0.11	0.546	9394	0.962	0.454	8659	0.919
SIGLEC5	-2.35	8	0.11	0.546	9395	0.962	0.454	8658	0.919
KIAA1147	-2.35	8	0.12	0.546	9396	0.962	0.454	8657	0.919
CNPY3	-2.35	8	0.12	0.546	9397	0.962	0.454	8656	0.919
MAP7D2	-2.35	8	0.12	0.546	9398	0.962	0.454	8655	0.919
YIPF2	-2.35	8	0.12	0.546	9399	0.962	0.454	8654	0.919
KRTAP19-2	-1.17	2	0.12	0.546	9400	0.962	0.454	8653	0.919
SYNGR1	-2.35	8	0.12	0.546	9401	0.962	0.454	8652	0.919
SLC44A1	-2.03	6	0.12	0.546	9402	0.962	0.454	8651	0.919
DNAJC13	-2.35	8	0.12	0.546	9403	0.962	0.454	8650	0.919
PYGO1	-2.35	8	0.12	0.546	9404	0.962	0.454	8649	0.919
ARHGAP6	-2.35	8	0.12	0.546	9405	0.962	0.454	8648	0.919
DOCK9	-2.35	8	0.12	0.546	9406	0.962	0.454	8647	0.919
TMEM144	-2.35	8	0.12	0.546	9407	0.962	0.454	8646	0.919
HIP1R	-2.35	8	0.12	0.546	9408	0.962	0.454	8645	0.919
TNIP3	-2.35	8	0.12	0.546	9409	0.962	0.454	8644	0.919
PNPLA6	-2.34	8	0.12	0.546	9410	0.962	0.454	8643	0.919
JAM2	-2.03	6	0.12	0.546	9411	0.962	0.454	8642	0.919
LEPRE1	-2.34	8	0.12	0.546	9412	0.962	0.454	8641	0.919
RILPL1	-2.34	8	0.12	0.547	9413	0.962	0.453	8640	0.919
KIF26B	-2.34	8	0.12	0.547	9414	0.962	0.453	8639	0.919
HCRTR2	-2.34	8	0.12	0.547	9415	0.962	0.453	8638	0.919
MEA1	-2.34	8	0.12	0.547	9416	0.962	0.453	8637	0.919
TAB2	-2.34	8	0.12	0.547	9417	0.962	0.453	8636	0.919
RGL3	-2.34	8	0.12	0.547	9418	0.962	0.453	8635	0.919
KCNA7	-2.34	8	0.12	0.547	9419	0.962	0.453	8634	0.919
HDAC6	-2.34	8	0.12	0.547	9420	0.962	0.453	8633	0.919
JPH4	-2.34	8	0.12	0.547	9421	0.962	0.453	8632	0.919
CYP27A1	-2.34	8	0.12	0.547	9422	0.962	0.453	8631	0.919
TMPRSS11E	-2.34	8	0.12	0.547	9423	0.962	0.453	8630	0.919
RAB12	-2.34	8	0.12	0.547	9424	0.962	0.453	8629	0.919
NEU1	-2.34	8	0.12	0.547	9425	0.962	0.453	8628	0.919
TLR1	-2.34	8	0.12	0.547	9426	0.962	0.453	8627	0.919
ZNF45	-2.34	8	0.12	0.547	9427	0.962	0.453	8626	0.919
FAM211A	-2.02	6	0.12	0.547	9428	0.962	0.453	8625	0.919
MRPL3	-2.34	8	0.12	0.547	9429	0.962	0.453	8624	0.919
OR5C1	-2.34	8	0.12	0.547	9430	0.962	0.453	8623	0.919
MYO10	-2.34	8	0.12	0.547	9431	0.962	0.453	8622	0.919
GALNT14	-2.34	8	0.12	0.547	9432	0.962	0.453	8621	0.919
FUT11	-2.34	8	0.12	0.547	9433	0.962	0.453	8620	0.919
ACOT6	-2.33	8	0.12	0.547	9434	0.962	0.453	8619	0.919
OR7A5	-2.33	8	0.12	0.547	9435	0.962	0.453	8618	0.919
TTLL2	-2.33	8	0.12	0.547	9436	0.962	0.453	8617	0.919
FRRS1L	-2.02	6	0.12	0.547	9437	0.962	0.453	8616	0.919
PPAPDC2	-2.33	8	0.12	0.547	9438	0.962	0.453	8615	0.919
CRAT	-2.33	8	0.12	0.547	9439	0.962	0.453	8614	0.919
AP3B2	-2.33	8	0.12	0.547	9440	0.962	0.453	8613	0.919
FSHB	-2.33	8	0.12	0.548	9441	0.962	0.452	8612	0.919
CDC37	-2.33	8	0.12	0.548	9442	0.962	0.452	8611	0.919
ZNF579	-2.33	8	0.12	0.548	9443	0.962	0.452	8610	0.919
C8G	-2.33	8	0.12	0.548	9444	0.962	0.452	8609	0.919
GNPTAB	-2.33	8	0.12	0.548	9445	0.962	0.452	8608	0.919
TGS1	-2.33	8	0.12	0.548	9446	0.962	0.452	8607	0.919
C2orf69	-2.33	8	0.12	0.548	9447	0.962	0.452	8606	0.919
UST	-2.33	8	0.12	0.548	9448	0.962	0.452	8605	0.919
CLNK	-2.33	8	0.12	0.548	9449	0.962	0.452	8604	0.919
SETD6	-2.33	8	0.12	0.548	9450	0.962	0.452	8603	0.919
ZNF280D	-2.33	8	0.12	0.548	9451	0.962	0.452	8602	0.919
SNAP23	-2.33	8	0.12	0.548	9452	0.962	0.452	8601	0.919
KRT38	-2.33	8	0.12	0.548	9453	0.962	0.452	8600	0.919
CD99L2	-2.33	8	0.12	0.548	9454	0.962	0.452	8599	0.919
KCNJ12	-2.33	8	0.12	0.548	9455	0.962	0.452	8598	0.919
WDR96	-2.33	8	0.12	0.548	9456	0.962	0.452	8597	0.919
RRAS2	-2.33	8	0.12	0.548	9457	0.962	0.452	8596	0.919
ABHD3	-2.33	8	0.12	0.548	9458	0.962	0.452	8595	0.919
IL17RC	-2.33	8	0.12	0.548	9459	0.962	0.452	8594	0.919
OR13C5	-1.16	2	0.12	0.548	9460	0.962	0.452	8593	0.919
SLC1A3	-2.33	8	0.12	0.548	9461	0.962	0.452	8592	0.919
PTPRK	-2.33	8	0.12	0.548	9462	0.962	0.452	8591	0.919
ANO2	-2.32	8	0.12	0.548	9463	0.962	0.452	8590	0.919
SLC4A10	-2.32	8	0.12	0.548	9464	0.962	0.452	8589	0.919
DEFB124	-2.32	8	0.12	0.548	9465	0.962	0.452	8588	0.919
SIGLECL1	-2.32	8	0.12	0.548	9466	0.962	0.452	8587	0.919
ARHGAP30	-2.32	8	0.12	0.548	9467	0.962	0.452	8586	0.919
MMP16	-2.32	8	0.12	0.548	9468	0.962	0.452	8585	0.919
SLC9C2	-2.32	8	0.12	0.549	9469	0.962	0.451	8584	0.919
UPP1	-2.32	8	0.12	0.549	9470	0.962	0.451	8583	0.919
CUL7	-2.32	8	0.12	0.549	9471	0.962	0.451	8582	0.919
EPOR	-2.32	8	0.12	0.549	9472	0.962	0.451	8581	0.919
CEP41	-2.32	8	0.12	0.549	9473	0.962	0.451	8580	0.919
SYNE2	-2.32	8	0.12	0.549	9474	0.962	0.451	8579	0.919
NAT6	-2.32	8	0.12	0.549	9475	0.962	0.451	8578	0.919
HRH4	-2.32	8	0.12	0.549	9476	0.962	0.451	8577	0.919
TRIM8	-2.32	8	0.12	0.549	9477	0.962	0.451	8576	0.919
PNPLA7	-2.32	8	0.12	0.549	9478	0.962	0.451	8575	0.919
NR1I3	-2.32	8	0.12	0.549	9479	0.962	0.451	8574	0.919
MFAP3L	-2.32	8	0.12	0.549	9480	0.962	0.451	8573	0.919
GRK6	-2.32	8	0.12	0.549	9481	0.962	0.451	8572	0.919
HRH3	-2.32	8	0.12	0.549	9482	0.962	0.451	8571	0.919
ELFN2	-2.32	8	0.12	0.549	9483	0.962	0.451	8570	0.919
RRBP1	-2.32	8	0.12	0.549	9484	0.962	0.451	8569	0.919
FUT7	-2.32	8	0.12	0.549	9485	0.962	0.451	8568	0.919
ANKFN1	-2.32	8	0.12	0.549	9486	0.962	0.451	8567	0.919
SLC36A1	-2.32	8	0.12	0.549	9487	0.962	0.451	8566	0.919
ATP2B3	-2.31	8	0.12	0.549	9488	0.962	0.451	8565	0.919
ABCA10	-2.17	7	0.12	0.549	9489	0.962	0.451	8564	0.919
FAM196B	-2.31	8	0.12	0.549	9490	0.962	0.451	8563	0.919
NRN1	-2.31	8	0.12	0.549	9491	0.962	0.451	8562	0.919
CIB4	-2.31	8	0.12	0.55	9492	0.962	0.45	8561	0.919
PKP4	-2.31	8	0.12	0.55	9493	0.962	0.45	8560	0.919
SRMS	-2.31	8	0.12	0.55	9494	0.962	0.45	8559	0.919
ZNF658	-2.31	8	0.12	0.55	9495	0.962	0.45	8558	0.919
SCXA	-2.31	8	0.12	0.55	9496	0.962	0.45	8557	0.919
UBQLN3	-2.31	8	0.12	0.55	9497	0.962	0.45	8556	0.919
DPP9	-2.31	8	0.13	0.55	9498	0.962	0.45	8555	0.919
MMP28	-2.31	8	0.13	0.55	9499	0.962	0.45	8554	0.919
C8orf49	-2.31	8	0.13	0.55	9500	0.962	0.45	8553	0.919
RRAD	-2.31	8	0.13	0.55	9501	0.962	0.45	8552	0.919
ATP5F1	-2.31	8	0.13	0.55	9502	0.962	0.45	8551	0.919
TXNDC15	-2.31	8	0.13	0.55	9503	0.962	0.45	8550	0.919
EDN1	-2.31	8	0.13	0.55	9504	0.962	0.45	8549	0.919
SHROOM3	-2.31	8	0.13	0.55	9505	0.962	0.45	8548	0.919
ABCB10	-2.31	8	0.13	0.55	9506	0.962	0.45	8547	0.919
APOBEC1	-2.30	8	0.13	0.55	9507	0.962	0.45	8546	0.919
SLC38A8	-2.30	8	0.13	0.55	9508	0.962	0.45	8545	0.919
RAB2A	-2.30	8	0.13	0.55	9509	0.962	0.45	8544	0.919
COX6A2	-2.30	8	0.13	0.55	9510	0.962	0.45	8543	0.919
SLC4A7	-2.30	8	0.13	0.55	9511	0.962	0.45	8542	0.919
DIP2A	-2.30	8	0.13	0.551	9512	0.962	0.449	8541	0.919
NTF3	-2.30	8	0.13	0.551	9513	0.962	0.449	8540	0.919
TECRL	-2.30	8	0.13	0.551	9514	0.962	0.449	8539	0.919
THSD4	-2.30	8	0.13	0.551	9515	0.962	0.449	8538	0.919
C9orf57	-2.30	8	0.13	0.551	9516	0.962	0.449	8537	0.919
STAB2	-2.30	8	0.13	0.551	9517	0.962	0.449	8536	0.919
ADAP2	-2.30	8	0.13	0.551	9518	0.962	0.449	8535	0.919
CCDC153	-2.30	8	0.13	0.551	9519	0.962	0.449	8534	0.919
FAM114A2	-2.30	8	0.13	0.551	9520	0.962	0.449	8533	0.919
MIER1	-2.30	8	0.13	0.551	9521	0.962	0.449	8532	0.919
MBP	-2.30	8	0.13	0.551	9522	0.962	0.449	8531	0.919
FBXL15	-2.30	8	0.13	0.551	9523	0.962	0.449	8530	0.919
LYZL6	-2.30	8	0.13	0.551	9524	0.962	0.449	8529	0.919
ATP4B	-2.30	8	0.13	0.551	9525	0.962	0.449	8528	0.919
TJP2	-2.30	8	0.13	0.551	9526	0.962	0.449	8527	0.919
C9orf152	-2.30	8	0.13	0.551	9527	0.962	0.449	8526	0.919
TAF15	-1.99	6	0.13	0.551	9528	0.962	0.449	8525	0.919
WDR19	-2.30	8	0.13	0.551	9529	0.962	0.449	8524	0.919
SLC16A14	-2.30	8	0.13	0.551	9530	0.962	0.449	8523	0.919
COL9A2	-2.30	8	0.13	0.551	9531	0.962	0.449	8522	0.919
OR5P3	-2.30	8	0.13	0.551	9532	0.962	0.449	8521	0.919
SEL1L	-2.30	8	0.13	0.551	9533	0.962	0.449	8520	0.919
ACHE	-2.30	8	0.13	0.551	9534	0.962	0.449	8519	0.919
RHAG	-2.30	8	0.13	0.551	9535	0.962	0.449	8518	0.919
HAGH	-2.30	8	0.13	0.551	9536	0.962	0.449	8517	0.919
TMEM132A	-2.29	8	0.13	0.551	9537	0.962	0.449	8516	0.919
DEPTOR	-2.29	8	0.13	0.551	9538	0.962	0.449	8515	0.919
PIEZO1	-2.29	8	0.13	0.552	9539	0.962	0.448	8514	0.919
GUCA1C	-2.29	8	0.13	0.552	9540	0.962	0.448	8513	0.919
STXBP6	-2.29	8	0.13	0.552	9541	0.962	0.448	8512	0.919
GPR119	-2.29	8	0.13	0.552	9542	0.962	0.448	8511	0.919
C14orf119	-2.29	8	0.13	0.552	9543	0.962	0.448	8510	0.919
CCDC28B	-2.29	8	0.13	0.552	9544	0.962	0.448	8509	0.919
CHPF	-2.29	8	0.13	0.552	9545	0.962	0.448	8508	0.919
GMEB1	-2.29	8	0.13	0.552	9546	0.962	0.448	8507	0.919
ASCL4	-2.29	8	0.13	0.552	9547	0.962	0.448	8506	0.919
FXYD2	-2.29	8	0.13	0.552	9548	0.962	0.448	8505	0.919
TGFBR3L	-2.29	8	0.13	0.552	9549	0.962	0.448	8504	0.919
DPH6	-2.29	8	0.13	0.552	9550	0.962	0.448	8503	0.919
COL14A1	-2.29	8	0.13	0.552	9551	0.962	0.448	8502	0.919
C20orf202	-2.28	8	0.13	0.553	9552	0.962	0.447	8501	0.919
DGUOK	-2.28	8	0.13	0.553	9553	0.962	0.447	8500	0.919
CALM2	-1.14	2	0.13	0.553	9554	0.962	0.447	8499	0.919
PHF21B	-2.28	8	0.13	0.553	9555	0.962	0.447	8498	0.919
ITGA5	-2.28	8	0.13	0.553	9556	0.962	0.447	8497	0.919
TCEAL2	-2.28	8	0.13	0.553	9557	0.962	0.447	8496	0.919
OR10C1	-2.28	8	0.13	0.553	9558	0.962	0.447	8495	0.919
MTMR1	-2.28	8	0.13	0.553	9559	0.962	0.447	8494	0.919
TMEM69	-2.28	8	0.13	0.553	9560	0.962	0.447	8493	0.919
LRRC30	-2.28	8	0.13	0.553	9561	0.962	0.447	8492	0.919
CYP2D6	-2.28	8	0.13	0.553	9562	0.962	0.447	8491	0.919
KPRP	-2.28	8	0.13	0.553	9563	0.962	0.447	8490	0.919
FAM26E	-2.28	8	0.13	0.553	9564	0.962	0.447	8489	0.919
IMMP1L	-1.97	6	0.13	0.553	9565	0.962	0.447	8488	0.919
TAL1	-2.28	8	0.13	0.553	9566	0.962	0.447	8487	0.919
UCP1	-2.28	8	0.13	0.553	9567	0.962	0.447	8486	0.919
OR5AS1	-2.28	8	0.13	0.553	9568	0.962	0.447	8485	0.919
TBX6	-2.28	8	0.13	0.553	9569	0.962	0.447	8484	0.919
SIGIRR	-2.28	8	0.13	0.553	9570	0.962	0.447	8483	0.919
VN1R2	-2.28	8	0.13	0.553	9571	0.962	0.447	8482	0.919
LPHN1	-2.28	8	0.13	0.553	9572	0.962	0.447	8481	0.919
SLC38A10	-2.28	8	0.13	0.553	9573	0.962	0.447	8480	0.919
WDR34	-2.27	8	0.13	0.553	9574	0.962	0.447	8479	0.919
ZPBP2	-2.27	8	0.13	0.553	9575	0.962	0.447	8478	0.919
ZNF496	-2.27	8	0.13	0.554	9576	0.962	0.446	8477	0.919
ZNF552	-2.27	8	0.14	0.554	9577	0.962	0.446	8476	0.919
DNMT3L	-2.27	8	0.14	0.554	9578	0.962	0.446	8475	0.919
KLF11	-2.27	8	0.14	0.554	9579	0.962	0.446	8474	0.919
PCBD2	-2.27	8	0.14	0.554	9580	0.962	0.446	8473	0.919
HARBI1	-2.27	8	0.14	0.554	9581	0.962	0.446	8472	0.919
MSR1	-2.27	8	0.14	0.554	9582	0.962	0.446	8471	0.919
ENO3	-2.27	8	0.14	0.554	9583	0.962	0.446	8470	0.919
GAPDHS	-1.96	6	0.14	0.554	9584	0.962	0.446	8469	0.919
LEMD1	-2.27	8	0.14	0.554	9585	0.962	0.446	8468	0.919
CREB3L1	-2.27	8	0.14	0.554	9586	0.962	0.446	8467	0.919
C5AR2	-2.27	8	0.14	0.554	9587	0.962	0.446	8466	0.919
MTERF	-2.27	8	0.14	0.554	9588	0.962	0.446	8465	0.919
ANKRD46	-2.27	8	0.14	0.554	9589	0.962	0.446	8464	0.919
FAM131A	-2.27	8	0.14	0.554	9590	0.962	0.446	8463	0.919
LIFR	-2.27	8	0.14	0.554	9591	0.962	0.446	8462	0.919
KCNK10	-2.27	8	0.14	0.554	9592	0.962	0.446	8461	0.919
CEP350	-2.26	8	0.14	0.555	9593	0.962	0.445	8460	0.919
TCEANC	-2.26	8	0.14	0.555	9594	0.962	0.445	8459	0.919
RIIAD1	-2.26	8	0.14	0.555	9595	0.962	0.445	8458	0.919
ATAD2	-2.26	8	0.14	0.555	9596	0.962	0.445	8457	0.919
CYB5A	-2.26	8	0.14	0.555	9597	0.962	0.445	8456	0.919
CDC42EP3	-2.26	8	0.14	0.555	9598	0.962	0.445	8455	0.919
PROSER2	-2.26	8	0.14	0.555	9599	0.962	0.445	8454	0.919
FRS3	-2.26	8	0.14	0.555	9600	0.962	0.445	8453	0.919
ICA1	-2.26	8	0.14	0.555	9601	0.962	0.445	8452	0.919
F13B	-2.26	8	0.14	0.555	9602	0.962	0.445	8451	0.919
CDC25B	-2.26	8	0.14	0.555	9603	0.962	0.445	8450	0.919
PBLD	-2.26	8	0.14	0.555	9604	0.962	0.445	8449	0.919
IL37	-2.26	8	0.14	0.555	9605	0.962	0.445	8448	0.919
BEST4	-2.26	8	0.14	0.555	9606	0.962	0.445	8447	0.919
FUT9	-2.26	8	0.14	0.555	9607	0.962	0.445	8446	0.919
TSPAN18	-2.26	8	0.14	0.555	9608	0.962	0.445	8445	0.919
C2orf71	-2.26	8	0.14	0.555	9609	0.962	0.445	8444	0.919
SPRN	-2.26	8	0.14	0.555	9610	0.962	0.445	8443	0.919
PSPH	-2.26	8	0.14	0.555	9611	0.962	0.445	8442	0.919
RBM43	-2.26	8	0.14	0.555	9612	0.962	0.445	8441	0.919
C1QTNF6	-2.26	8	0.14	0.555	9613	0.962	0.445	8440	0.919
IGSF3	-2.26	8	0.14	0.555	9614	0.962	0.445	8439	0.919
EFCAB3	-2.26	8	0.14	0.556	9615	0.962	0.444	8438	0.919
HPCAL4	-2.26	8	0.14	0.556	9616	0.962	0.444	8437	0.919
C10orf118	-2.26	8	0.14	0.556	9617	0.962	0.444	8436	0.919
GABRA3	-2.25	8	0.14	0.556	9618	0.962	0.444	8435	0.919
RAB21	-2.25	8	0.14	0.556	9619	0.962	0.444	8434	0.919
HOXA11	-2.25	8	0.14	0.556	9620	0.962	0.444	8433	0.919
ZNF490	-2.25	8	0.14	0.556	9621	0.962	0.444	8432	0.919
ZP4	-2.25	8	0.14	0.556	9622	0.962	0.444	8431	0.919
PCDHA7	-2.25	8	0.14	0.556	9623	0.962	0.444	8430	0.919
FBXW5	-2.25	8	0.14	0.556	9624	0.962	0.444	8429	0.919
CDC42	-1.95	6	0.14	0.556	9625	0.962	0.444	8428	0.919
PYGO2	-2.25	8	0.14	0.556	9626	0.962	0.444	8427	0.919
COX4I2	-2.25	8	0.14	0.556	9627	0.962	0.444	8426	0.919
NTF4	-2.25	8	0.14	0.556	9628	0.962	0.444	8425	0.919
ENAM	-2.25	8	0.14	0.556	9629	0.962	0.444	8424	0.919
C9orf129	-2.25	8	0.14	0.556	9630	0.962	0.444	8423	0.919
HIST1H1E	-2.25	8	0.14	0.556	9631	0.962	0.444	8422	0.919
FAM230A	-2.25	8	0.14	0.556	9632	0.962	0.444	8421	0.919
GPR55	-2.25	8	0.14	0.556	9633	0.962	0.444	8420	0.919
BID	-2.25	8	0.14	0.556	9634	0.962	0.444	8419	0.919
ZNF726	-2.25	8	0.14	0.556	9635	0.962	0.444	8418	0.919
EGF	-2.25	8	0.14	0.556	9636	0.962	0.444	8417	0.919
ACTL8	-2.25	8	0.14	0.556	9637	0.962	0.444	8416	0.919
NFATC3	-2.25	8	0.14	0.556	9638	0.962	0.444	8415	0.919
HOXA2	-2.25	8	0.14	0.556	9639	0.962	0.444	8414	0.919
CADPS2	-2.25	8	0.14	0.556	9640	0.962	0.444	8413	0.919
ISM2	-2.25	8	0.14	0.556	9641	0.962	0.444	8412	0.919
VPS41	-2.25	8	0.14	0.557	9642	0.962	0.443	8411	0.919
ZBTB6	-2.25	8	0.14	0.557	9643	0.962	0.443	8410	0.919
TNNI3K	-1.12	2	0.14	0.557	9644	0.962	0.443	8409	0.919
ZNF596	-2.24	8	0.14	0.557	9645	0.962	0.443	8408	0.919
LRRC3C	-2.24	8	0.14	0.557	9646	0.962	0.443	8407	0.919
OR4S1	-2.24	8	0.14	0.557	9647	0.962	0.443	8406	0.919
L1TD1	-2.24	8	0.14	0.557	9648	0.962	0.443	8405	0.919
SLC30A7	-2.24	8	0.14	0.557	9649	0.962	0.443	8404	0.919
CCKBR	-2.24	8	0.14	0.557	9650	0.962	0.443	8403	0.919
PORCN	-2.24	8	0.14	0.557	9651	0.962	0.443	8402	0.919
BTBD11	-2.24	8	0.14	0.557	9652	0.962	0.443	8401	0.919
ARFIP2	-2.24	8	0.14	0.557	9653	0.962	0.443	8400	0.919
ICAM5	-2.24	8	0.14	0.557	9654	0.962	0.443	8399	0.919
DUOX1	-2.24	8	0.14	0.557	9655	0.962	0.443	8398	0.919
SASH1	-2.24	8	0.14	0.557	9656	0.962	0.443	8397	0.919
CAMK2D	-2.24	8	0.14	0.557	9657	0.962	0.443	8396	0.919
ZNF215	-2.24	8	0.14	0.557	9658	0.962	0.443	8395	0.919
HES7	-2.24	8	0.14	0.557	9659	0.962	0.443	8394	0.919
MSL2	-2.24	8	0.14	0.557	9660	0.962	0.443	8393	0.919
SPTLC3	-2.24	8	0.14	0.557	9661	0.962	0.443	8392	0.919
E2F1	-2.24	8	0.14	0.557	9662	0.962	0.443	8391	0.919
BCL6B	-2.24	8	0.14	0.557	9663	0.962	0.443	8390	0.919
RPL41	-1.12	2	0.14	0.558	9664	0.962	0.442	8389	0.919
GML	-2.24	8	0.14	0.558	9665	0.962	0.442	8388	0.919
FOXP1	-2.24	8	0.14	0.558	9666	0.962	0.442	8387	0.919
TSPAN13	-2.23	8	0.14	0.558	9667	0.962	0.442	8386	0.919
TMEM150C	-2.23	8	0.15	0.558	9668	0.962	0.442	8385	0.919
WNT8A	-2.23	8	0.15	0.558	9669	0.962	0.442	8384	0.919
TOMM40L	-2.23	8	0.15	0.558	9670	0.962	0.442	8383	0.919
CYB5D2	-2.23	8	0.15	0.558	9671	0.962	0.442	8382	0.919
PRTN3	-2.23	8	0.15	0.558	9672	0.962	0.442	8381	0.919
XPO4	-2.23	8	0.15	0.558	9673	0.962	0.442	8380	0.919
MTTP	-2.23	8	0.15	0.558	9674	0.962	0.442	8379	0.919
NKAIN4	-2.23	8	0.15	0.558	9675	0.962	0.442	8378	0.919
KCNAB2	-2.23	8	0.15	0.558	9676	0.962	0.442	8377	0.919
DNAJC25	-2.23	8	0.15	0.558	9677	0.962	0.442	8376	0.919
TECPR1	-2.23	8	0.15	0.558	9678	0.962	0.442	8375	0.919
SPATA12	-2.23	8	0.15	0.558	9679	0.962	0.442	8374	0.919
LARP1	-2.23	8	0.15	0.558	9680	0.962	0.442	8373	0.919
PEX14	-2.23	8	0.15	0.558	9681	0.962	0.442	8372	0.919
ARL6IP6	-2.23	8	0.15	0.558	9682	0.962	0.442	8371	0.919
STYK1	-2.23	8	0.15	0.558	9683	0.962	0.442	8370	0.919
COL19A1	-2.23	8	0.15	0.558	9684	0.962	0.442	8369	0.919
ZNF563	-2.23	8	0.15	0.558	9685	0.962	0.442	8368	0.919
FMNL3	-2.23	8	0.15	0.558	9686	0.962	0.442	8367	0.919
FAM222B	-2.23	8	0.15	0.558	9687	0.962	0.442	8366	0.919
ULBP3	-2.23	8	0.15	0.558	9688	0.962	0.442	8365	0.919
NMRK2	-2.23	8	0.15	0.558	9689	0.962	0.442	8364	0.919
TRPC7	-2.23	8	0.15	0.559	9690	0.962	0.441	8363	0.919
ETV2	-2.23	8	0.15	0.559	9691	0.962	0.441	8362	0.919
SH3BP2	-2.23	8	0.15	0.559	9692	0.962	0.441	8361	0.919
ZFP42	-2.22	8	0.15	0.559	9693	0.962	0.441	8360	0.919
CPNE7	-2.22	8	0.15	0.559	9694	0.962	0.441	8359	0.919
GRSF1	-2.08	7	0.15	0.559	9695	0.962	0.441	8358	0.919
POLK	-2.22	8	0.15	0.559	9696	0.962	0.441	8357	0.919
SLC35A4	-2.22	8	0.15	0.559	9697	0.962	0.441	8356	0.919
NT5C1A	-2.22	8	0.15	0.559	9698	0.962	0.441	8355	0.919
OR1J2	-2.22	8	0.15	0.559	9699	0.962	0.441	8354	0.919
GFOD2	-2.22	8	0.15	0.559	9700	0.962	0.441	8353	0.919
SLC31A1	-2.22	8	0.15	0.559	9701	0.962	0.441	8352	0.919
MSRB1	-2.22	8	0.15	0.559	9702	0.962	0.441	8351	0.919
C19orf54	-2.22	8	0.15	0.559	9703	0.962	0.441	8350	0.919
FAM216B	-2.22	8	0.15	0.559	9704	0.962	0.441	8349	0.919
LINC00632	-2.22	8	0.15	0.559	9705	0.962	0.441	8348	0.919
KRIT1	-2.22	8	0.15	0.559	9706	0.962	0.441	8347	0.919
ELAVL2	-2.22	8	0.15	0.559	9707	0.962	0.441	8346	0.919
RTN3	-2.22	8	0.15	0.559	9708	0.962	0.441	8345	0.919
ZNF501	-1.57	4	0.15	0.559	9709	0.962	0.441	8344	0.919
NFIL3	-2.22	8	0.15	0.559	9710	0.962	0.441	8343	0.919
YBX3	-2.22	8	0.15	0.559	9711	0.962	0.441	8342	0.919
PRSS21	-2.22	8	0.15	0.559	9712	0.962	0.441	8341	0.919
BLZF1	-2.22	8	0.15	0.56	9713	0.962	0.44	8340	0.919
CD300A	-2.22	8	0.15	0.56	9714	0.962	0.44	8339	0.919
LMLN	-2.22	8	0.15	0.56	9715	0.962	0.44	8338	0.919
GSG2	-2.21	8	0.15	0.56	9716	0.962	0.44	8337	0.919
ZNF284	-2.21	8	0.15	0.56	9717	0.962	0.44	8336	0.919
SPINT2	-2.21	8	0.15	0.56	9718	0.962	0.44	8335	0.919
LTN1	-2.21	8	0.15	0.56	9719	0.962	0.44	8334	0.919
OR4A5	-1.56	4	0.15	0.56	9720	0.962	0.44	8333	0.919
ORAI1	-2.21	8	0.15	0.56	9721	0.962	0.44	8332	0.919
BTBD6	-2.21	8	0.15	0.56	9722	0.962	0.44	8331	0.919
LMNA	-2.21	8	0.15	0.56	9723	0.962	0.44	8330	0.919
CDKL2	-2.21	8	0.15	0.56	9724	0.962	0.44	8329	0.919
ELMO3	-2.21	8	0.15	0.56	9725	0.962	0.44	8328	0.919
HIST3H3	-2.21	8	0.15	0.56	9726	0.962	0.44	8327	0.919
FAM219A	-2.21	8	0.15	0.56	9727	0.962	0.44	8326	0.919
DGKE	-2.21	8	0.15	0.56	9728	0.962	0.44	8325	0.919
CFTR	-2.21	8	0.15	0.56	9729	0.962	0.44	8324	0.919
SEPP1	-2.21	8	0.15	0.56	9730	0.962	0.44	8323	0.919
PDX1	-2.21	8	0.15	0.56	9731	0.962	0.44	8322	0.919
C1D	-1.56	4	0.15	0.56	9732	0.962	0.44	8321	0.919
SVOPL	-2.21	8	0.15	0.56	9733	0.962	0.44	8320	0.919
GOPC	-2.21	8	0.15	0.56	9734	0.962	0.44	8319	0.919
USP1	-2.21	8	0.15	0.56	9735	0.962	0.44	8318	0.919
IL2RA	-2.21	8	0.15	0.56	9736	0.962	0.44	8317	0.919
TRIT1	-2.21	8	0.15	0.56	9737	0.962	0.44	8316	0.919
RFXANK	-2.21	8	0.15	0.561	9738	0.962	0.439	8315	0.919
AGRP	-2.21	8	0.15	0.561	9739	0.962	0.439	8314	0.919
OR7E24	-2.21	8	0.15	0.561	9740	0.962	0.439	8313	0.919
OR4S2	-2.21	8	0.15	0.561	9741	0.962	0.439	8312	0.919
MYO9B	-2.21	8	0.15	0.561	9742	0.962	0.439	8311	0.919
UNC45A	-2.21	8	0.15	0.561	9743	0.962	0.439	8310	0.919
KRTAP20-4	-2.21	8	0.15	0.561	9744	0.962	0.439	8309	0.919
IRF6	-2.20	8	0.15	0.561	9745	0.962	0.439	8308	0.919
SAMD12	-2.20	8	0.15	0.561	9746	0.962	0.439	8307	0.919
ZHX1	-2.20	8	0.15	0.561	9747	0.962	0.439	8306	0.919
IMMP2L	-2.20	8	0.15	0.561	9748	0.962	0.439	8305	0.919
MUM1	-2.20	8	0.15	0.561	9749	0.962	0.439	8304	0.919
C7orf73	-2.20	8	0.15	0.561	9750	0.962	0.439	8303	0.919
TMC1	-2.20	8	0.15	0.561	9751	0.962	0.439	8302	0.919
ROS1	-2.20	8	0.15	0.561	9752	0.962	0.439	8301	0.919
COL18A1	-2.20	8	0.15	0.561	9753	0.962	0.439	8300	0.919
HAVCR2	-2.20	8	0.15	0.561	9754	0.962	0.439	8299	0.919
ACTR5	-2.20	8	0.15	0.561	9755	0.962	0.439	8298	0.919
CCDC163P	-2.20	8	0.15	0.561	9756	0.962	0.439	8297	0.919
C6orf58	-2.20	8	0.15	0.561	9757	0.962	0.439	8296	0.919
EXTL2	-2.20	8	0.15	0.561	9758	0.962	0.439	8295	0.919
TMEM225	-2.20	8	0.15	0.561	9759	0.962	0.439	8294	0.919
TMEM71	-2.20	8	0.15	0.561	9760	0.962	0.439	8293	0.919
RP1L1	-2.20	8	0.15	0.561	9761	0.962	0.439	8292	0.919
CNOT4	-2.20	8	0.15	0.561	9762	0.962	0.439	8291	0.919
C2orf68	-2.20	8	0.15	0.561	9763	0.962	0.439	8290	0.919
GLB1L2	-2.20	8	0.15	0.561	9764	0.962	0.439	8289	0.919
MAP1S	-2.20	8	0.15	0.561	9765	0.962	0.439	8288	0.919
GOLGA3	-2.20	8	0.15	0.561	9766	0.962	0.439	8287	0.919
OR5T1	-2.20	8	0.15	0.561	9767	0.962	0.439	8286	0.919
FAM177A1	-2.20	8	0.15	0.561	9768	0.962	0.439	8285	0.919
KANSL2	-2.20	8	0.15	0.561	9769	0.962	0.439	8284	0.919
EGR4	-2.20	8	0.15	0.561	9770	0.962	0.439	8283	0.919
SCAI	-2.20	8	0.15	0.561	9771	0.962	0.439	8282	0.919
CCDC64B	-2.20	8	0.15	0.561	9772	0.962	0.439	8281	0.919
DACT1	-2.19	8	0.16	0.562	9773	0.962	0.438	8280	0.919
BCKDK	-2.19	8	0.16	0.562	9774	0.962	0.438	8279	0.919
F3	-2.19	8	0.16	0.562	9775	0.962	0.438	8278	0.919
HS3ST5	-2.19	8	0.16	0.562	9776	0.962	0.438	8277	0.919
CDC42EP1	-2.19	8	0.16	0.562	9777	0.962	0.438	8276	0.919
TMEM218	-2.19	8	0.16	0.562	9778	0.962	0.438	8275	0.919
MFHAS1	-2.19	8	0.16	0.562	9779	0.962	0.438	8274	0.919
PRLR	-2.19	8	0.16	0.562	9780	0.962	0.438	8273	0.919
BBS5	-2.19	8	0.16	0.562	9781	0.962	0.438	8272	0.919
CXorf61	-2.19	8	0.16	0.562	9782	0.962	0.438	8271	0.919
ADCY8	-2.19	8	0.16	0.562	9783	0.962	0.438	8270	0.919
FAM110C	-2.19	8	0.16	0.562	9784	0.962	0.438	8269	0.919
HIST1H1D	-2.19	8	0.16	0.562	9785	0.962	0.438	8268	0.919
TIMM13	-2.19	8	0.16	0.562	9786	0.962	0.438	8267	0.919
LAMTOR3	-2.19	8	0.16	0.562	9787	0.962	0.438	8266	0.919
TGFBR3	-2.19	8	0.16	0.562	9788	0.962	0.438	8265	0.919
TM6SF2	-2.19	8	0.16	0.562	9789	0.962	0.438	8264	0.919
KYNU	-2.19	8	0.16	0.563	9790	0.962	0.437	8263	0.919
BMPER	-2.19	8	0.16	0.563	9791	0.962	0.437	8262	0.919
LAMB1	-2.19	8	0.16	0.563	9792	0.962	0.437	8261	0.919
RASSF8	-2.19	8	0.16	0.563	9793	0.962	0.437	8260	0.919
UBE2E2	-2.19	8	0.16	0.563	9794	0.962	0.437	8259	0.919
CHD6	-2.19	8	0.16	0.563	9795	0.962	0.437	8258	0.919
C15orf54	-2.19	8	0.16	0.563	9796	0.962	0.437	8257	0.919
SNCB	-2.18	8	0.16	0.563	9797	0.962	0.437	8256	0.919
FBXO41	-2.18	8	0.16	0.563	9798	0.962	0.437	8255	0.919
SLC26A2	-2.18	8	0.16	0.563	9799	0.962	0.437	8254	0.919
PRAMEF2	-1.89	6	0.16	0.563	9800	0.962	0.437	8253	0.919
SMAD4	-2.18	8	0.16	0.563	9801	0.962	0.437	8252	0.919
ANKRD62	-2.18	8	0.16	0.563	9802	0.962	0.437	8251	0.919
WBP1L	-2.18	8	0.16	0.563	9803	0.962	0.437	8250	0.919
ZNF493	-1.89	6	0.16	0.563	9804	0.962	0.437	8249	0.919
L3MBTL3	-2.18	8	0.16	0.563	9805	0.962	0.437	8248	0.919
MAPKAPK2	-2.18	8	0.16	0.563	9806	0.962	0.437	8247	0.919
TGFB1I1	-2.18	8	0.16	0.563	9807	0.962	0.437	8246	0.919
LDOC1L	-2.18	8	0.16	0.563	9808	0.962	0.437	8245	0.919
ZFPM2	-2.18	8	0.16	0.563	9809	0.962	0.437	8244	0.919
FGF12	-2.18	8	0.16	0.564	9810	0.962	0.436	8243	0.919
CCDC169	-1.89	6	0.16	0.564	9811	0.962	0.436	8242	0.919
MAPK8	-2.18	8	0.16	0.564	9812	0.962	0.436	8241	0.919
KAT6B	-2.18	8	0.16	0.564	9813	0.962	0.436	8240	0.919
KRTAP11-1	-2.18	8	0.16	0.564	9814	0.962	0.436	8239	0.919
NBEAL2	-2.18	8	0.16	0.564	9815	0.962	0.436	8238	0.919
REEP3	-1.09	2	0.16	0.564	9816	0.962	0.436	8237	0.919
APOA4	-2.18	8	0.16	0.564	9817	0.962	0.436	8236	0.919
SERP2	-2.18	8	0.16	0.564	9818	0.962	0.436	8235	0.919
ANKIB1	-2.17	8	0.16	0.564	9819	0.962	0.436	8234	0.919
PCP4L1	-2.17	8	0.16	0.564	9820	0.962	0.436	8233	0.919
ZNF587B	-1.88	6	0.16	0.564	9821	0.962	0.436	8232	0.919
TSC22D2	-2.17	8	0.16	0.564	9822	0.962	0.436	8231	0.919
GCNT2	-2.17	8	0.16	0.564	9823	0.962	0.436	8230	0.919
GLO1	-2.17	8	0.16	0.564	9824	0.962	0.436	8229	0.919
TNRC18	-2.17	8	0.16	0.564	9825	0.962	0.436	8228	0.919
IDH3G	-2.17	8	0.16	0.564	9826	0.962	0.436	8227	0.919
CENPF	-2.17	8	0.16	0.564	9827	0.962	0.436	8226	0.919
TPPP	-2.17	8	0.16	0.564	9828	0.962	0.436	8225	0.919
ZNF569	-2.17	8	0.16	0.564	9829	0.962	0.436	8224	0.919
CCDC124	-2.17	8	0.16	0.564	9830	0.962	0.436	8223	0.919
CLVS1	-2.17	8	0.16	0.564	9831	0.962	0.436	8222	0.919
CUL4A	-2.17	8	0.16	0.564	9832	0.962	0.436	8221	0.919
PEX19	-2.17	8	0.16	0.564	9833	0.962	0.436	8220	0.919
LINC00998	-1.08	2	0.16	0.564	9834	0.962	0.436	8219	0.919
C18orf54	-2.17	8	0.16	0.564	9835	0.962	0.436	8218	0.919
PLAC9	-2.17	8	0.16	0.564	9836	0.962	0.436	8217	0.919
KCNRG	-2.17	8	0.16	0.564	9837	0.962	0.436	8216	0.919
CAPN6	-2.17	8	0.16	0.565	9838	0.962	0.435	8215	0.919
PRAME	-2.17	8	0.16	0.565	9839	0.962	0.435	8214	0.919
CSNK1G1	-2.17	8	0.16	0.565	9840	0.962	0.435	8213	0.919
GATM	-2.16	8	0.16	0.565	9841	0.962	0.435	8212	0.919
TNFSF14	-2.16	8	0.16	0.565	9842	0.962	0.435	8211	0.919
POTEC	-1.08	2	0.16	0.565	9843	0.962	0.435	8210	0.919
CHMP2B	-2.16	8	0.16	0.565	9844	0.962	0.435	8209	0.919
PODXL	-2.16	8	0.16	0.565	9845	0.962	0.435	8208	0.919
KRTAP12-2	-1.87	6	0.16	0.565	9846	0.962	0.435	8207	0.919
PAPL	-2.16	8	0.16	0.565	9847	0.962	0.435	8206	0.919
S1PR1	-2.16	8	0.16	0.565	9848	0.962	0.435	8205	0.919
DDA1	-2.16	8	0.16	0.565	9849	0.962	0.435	8204	0.919
RCHY1	-2.16	8	0.16	0.565	9850	0.962	0.435	8203	0.919
SPZ1	-2.16	8	0.16	0.565	9851	0.962	0.435	8202	0.919
COL5A3	-2.16	8	0.16	0.565	9852	0.962	0.435	8201	0.919
IL4I1	-2.16	8	0.16	0.565	9853	0.962	0.435	8200	0.919
FAM188A	-2.16	8	0.16	0.565	9854	0.962	0.435	8199	0.919
LRTOMT	-2.16	8	0.16	0.565	9855	0.962	0.435	8198	0.919
FLJ27365	-2.16	8	0.16	0.565	9856	0.962	0.435	8197	0.919
ANTXRL	-2.16	8	0.16	0.565	9857	0.962	0.435	8196	0.919
TMEM126B	-2.16	8	0.16	0.565	9858	0.962	0.435	8195	0.919
EGFL6	-2.16	8	0.16	0.565	9859	0.962	0.435	8194	0.919
H2AFJ	-2.16	8	0.17	0.566	9860	0.962	0.434	8193	0.919
CHCHD3	-2.16	8	0.17	0.566	9861	0.962	0.434	8192	0.919
TMEM178A	-2.16	8	0.17	0.566	9862	0.962	0.434	8191	0.919
STEAP2	-2.15	8	0.17	0.566	9863	0.962	0.434	8190	0.919
PLXNA4	-2.15	8	0.17	0.566	9864	0.962	0.434	8189	0.919
ADH1A	-2.15	8	0.17	0.566	9865	0.962	0.434	8188	0.919
RPS6KA4	-2.15	8	0.17	0.566	9866	0.962	0.434	8187	0.919
CPLX4	-2.15	8	0.17	0.566	9867	0.962	0.434	8186	0.919
NPBWR1	-2.15	8	0.17	0.566	9868	0.962	0.434	8185	0.919
ZHX1-C8ORF76	-1.52	4	0.17	0.566	9869	0.962	0.434	8184	0.919
FAM57B	-2.15	8	0.17	0.566	9870	0.962	0.434	8183	0.919
USP13	-2.15	8	0.17	0.566	9871	0.962	0.434	8182	0.919
MXD1	-2.15	8	0.17	0.566	9872	0.962	0.434	8181	0.919
TDRD12	-2.15	8	0.17	0.566	9873	0.962	0.434	8180	0.919
HPS1	-2.15	8	0.17	0.566	9874	0.962	0.434	8179	0.919
FPR1	-2.15	8	0.17	0.566	9875	0.962	0.434	8178	0.919
EMILIN1	-2.15	8	0.17	0.566	9876	0.962	0.434	8177	0.919
CD1C	-2.15	8	0.17	0.566	9877	0.962	0.434	8176	0.919
CA12	-2.15	8	0.17	0.566	9878	0.962	0.434	8175	0.919
ALDH1A2	-2.15	8	0.17	0.566	9879	0.962	0.434	8174	0.919
GUCA1B	-2.15	8	0.17	0.566	9880	0.962	0.434	8173	0.919
TTC17	-2.15	8	0.17	0.566	9881	0.962	0.434	8172	0.919
EFCAB1	-2.15	8	0.17	0.566	9882	0.962	0.434	8171	0.919
C16orf13	-2.15	8	0.17	0.566	9883	0.962	0.434	8170	0.919
GUCY1A3	-2.15	8	0.17	0.566	9884	0.962	0.434	8169	0.919
HOXD4	-2.15	8	0.17	0.566	9885	0.962	0.434	8168	0.919
KIAA1875	-2.15	8	0.17	0.567	9886	0.962	0.433	8167	0.919
CYP2A6	-1.07	2	0.17	0.567	9887	0.962	0.433	8166	0.919
AREL1	-2.15	8	0.17	0.567	9888	0.962	0.433	8165	0.919
ZDHHC2	-2.15	8	0.17	0.567	9889	0.962	0.433	8164	0.919
AIMP1	-2.15	8	0.17	0.567	9890	0.962	0.433	8163	0.919
BCL3	-2.14	8	0.17	0.567	9891	0.962	0.433	8162	0.919
TMEM132E	-2.14	8	0.17	0.567	9892	0.962	0.433	8161	0.919
SLC52A3	-2.14	8	0.17	0.567	9893	0.962	0.433	8160	0.919
SLC25A19	-2.14	8	0.17	0.567	9894	0.962	0.433	8159	0.919
GLP2R	-2.14	8	0.17	0.567	9895	0.962	0.433	8158	0.919
PIK3C2A	-2.14	8	0.17	0.567	9896	0.962	0.433	8157	0.919
SNAP91	-2.14	8	0.17	0.567	9897	0.962	0.433	8156	0.919
HRH2	-2.14	8	0.17	0.567	9898	0.962	0.433	8155	0.919
PRTG	-2.14	8	0.17	0.567	9899	0.962	0.433	8154	0.919
SELENBP1	-2.14	8	0.17	0.567	9900	0.962	0.433	8153	0.919
CEP128	-2.14	8	0.17	0.567	9901	0.962	0.433	8152	0.919
PLCG1	-2.14	8	0.17	0.567	9902	0.962	0.433	8151	0.919
APOC4	-2.14	8	0.17	0.567	9903	0.962	0.433	8150	0.919
GATA1	-2.14	8	0.17	0.567	9904	0.962	0.433	8149	0.919
STARD3NL	-2.14	8	0.17	0.567	9905	0.962	0.433	8148	0.919
KCNK7	-2.14	8	0.17	0.567	9906	0.962	0.433	8147	0.919
MDGA1	-2.14	8	0.17	0.567	9907	0.962	0.433	8146	0.919
MEIS3	-2.14	8	0.17	0.567	9908	0.962	0.433	8145	0.919
GDI2	-2.14	8	0.17	0.567	9909	0.962	0.433	8144	0.919
SLC9B2	-2.14	8	0.17	0.567	9910	0.962	0.433	8143	0.919
RNF157	-2.14	8	0.17	0.567	9911	0.962	0.433	8142	0.919
CLEC10A	-2.14	8	0.17	0.567	9912	0.962	0.433	8141	0.919
TSSK3	-2.14	8	0.17	0.567	9913	0.962	0.433	8140	0.919
TEX261	-2.14	8	0.17	0.568	9914	0.962	0.432	8139	0.919
CYP2A13	-2.14	8	0.17	0.568	9915	0.962	0.432	8138	0.919
ARL8B	-2.14	8	0.17	0.568	9916	0.962	0.432	8137	0.919
PZP	-2.14	8	0.17	0.568	9917	0.962	0.432	8136	0.919
luciferase	-5.23	48	0.17	0.568	9918	0.962	0.432	8135	0.919
OR14K1	-2.14	8	0.17	0.568	9919	0.962	0.432	8134	0.919
MGAT4A	-2.14	8	0.17	0.568	9920	0.962	0.432	8133	0.919
NR1D1	-2.14	8	0.17	0.568	9921	0.962	0.432	8132	0.919
TRIM3	-2.14	8	0.17	0.568	9922	0.962	0.432	8131	0.919
ZC2HC1C	-2.14	8	0.17	0.568	9923	0.962	0.432	8130	0.919
SHPK	-2.14	8	0.17	0.568	9924	0.962	0.432	8129	0.919
EBF3	-2.00	7	0.17	0.568	9925	0.962	0.432	8128	0.919
RNASEH1	-2.13	8	0.17	0.568	9926	0.962	0.432	8127	0.919
SLC35D1	-2.13	8	0.17	0.568	9927	0.962	0.432	8126	0.919
MEX3D	-2.13	8	0.17	0.568	9928	0.962	0.432	8125	0.919
DZIP1L	-2.13	8	0.17	0.568	9929	0.962	0.432	8124	0.919
UQCC1	-2.13	8	0.17	0.568	9930	0.962	0.432	8123	0.919
SPAM1	-2.13	8	0.17	0.568	9931	0.962	0.432	8122	0.919
PTGS1	-2.13	8	0.17	0.568	9932	0.962	0.432	8121	0.919
HOMER3	-2.13	8	0.17	0.568	9933	0.962	0.432	8120	0.919
FAM229A	-2.13	8	0.17	0.568	9934	0.962	0.432	8119	0.919
CDH9	-2.13	8	0.17	0.568	9935	0.962	0.432	8118	0.919
EYA3	-2.13	8	0.17	0.568	9936	0.962	0.432	8117	0.919
CCT8L2	-2.13	8	0.17	0.568	9937	0.962	0.432	8116	0.919
RSAD2	-2.13	8	0.17	0.568	9938	0.962	0.432	8115	0.919
SPECC1	-2.13	8	0.17	0.568	9939	0.962	0.432	8114	0.919
PLA2G2D	-2.13	8	0.17	0.568	9940	0.962	0.432	8113	0.919
CMTM2	-2.13	8	0.17	0.568	9941	0.962	0.432	8112	0.919
OR2V1	-2.13	8	0.17	0.568	9942	0.962	0.432	8111	0.919
LRCH1	-2.13	8	0.17	0.568	9943	0.962	0.432	8110	0.919
TNS4	-2.13	8	0.17	0.568	9944	0.962	0.432	8109	0.919
PPM1G	-2.13	8	0.17	0.568	9945	0.962	0.432	8108	0.919
STRIP2	-2.13	8	0.17	0.568	9946	0.962	0.432	8107	0.919
ZNF92	-1.06	2	0.17	0.569	9947	0.962	0.431	8106	0.919
ZNF517	-2.13	8	0.17	0.569	9948	0.962	0.431	8105	0.919
ZMYM6	-2.13	8	0.17	0.569	9949	0.962	0.431	8104	0.919
SYTL5	-2.13	8	0.17	0.569	9950	0.962	0.431	8103	0.919
KIF18B	-2.12	8	0.17	0.569	9951	0.962	0.431	8102	0.919
ZDBF2	-2.12	8	0.17	0.569	9952	0.962	0.431	8101	0.919
LRRC29	-2.12	8	0.17	0.569	9953	0.962	0.431	8100	0.919
ZNF34	-2.12	8	0.17	0.569	9954	0.962	0.431	8099	0.919
C10orf107	-2.12	8	0.17	0.569	9955	0.962	0.431	8098	0.919
THEG	-2.12	8	0.17	0.569	9956	0.962	0.431	8097	0.919
GRHPR	-2.12	8	0.17	0.569	9957	0.962	0.431	8096	0.919
SOHLH2	-1.84	6	0.17	0.569	9958	0.962	0.431	8095	0.919
KRTAP10-10	-1.84	6	0.17	0.569	9959	0.962	0.431	8094	0.919
RUNX2	-2.12	8	0.17	0.569	9960	0.962	0.431	8093	0.919
ABCD3	-2.12	8	0.17	0.569	9961	0.962	0.431	8092	0.919
COG1	-2.12	8	0.17	0.569	9962	0.962	0.431	8091	0.919
CSMD3	-2.12	8	0.17	0.569	9963	0.962	0.431	8090	0.919
TMED5	-2.12	8	0.17	0.569	9964	0.962	0.431	8089	0.919
ZC3H3	-2.12	8	0.17	0.569	9965	0.962	0.431	8088	0.919
EGFLAM	-2.12	8	0.17	0.569	9966	0.962	0.431	8087	0.919
KCNN4	-2.12	8	0.17	0.569	9967	0.962	0.431	8086	0.919
SPAG9	-2.12	8	0.17	0.569	9968	0.962	0.431	8085	0.919
ATP5L2	-1.06	2	0.18	0.569	9969	0.962	0.431	8084	0.919
ZFY	-2.12	8	0.18	0.57	9970	0.962	0.43	8083	0.919
B3GAT1	-2.12	8	0.18	0.57	9971	0.962	0.43	8082	0.919
APBB2	-2.12	8	0.18	0.57	9972	0.962	0.43	8081	0.919
CCBL1	-2.11	8	0.18	0.57	9973	0.962	0.43	8080	0.919
ZCCHC13	-2.11	8	0.18	0.57	9974	0.962	0.43	8079	0.919
PAK7	-2.11	8	0.18	0.57	9975	0.962	0.43	8078	0.919
GALNTL5	-2.11	8	0.18	0.57	9976	0.962	0.43	8077	0.919
CCDC144NL	-1.49	4	0.18	0.57	9977	0.962	0.43	8076	0.919
PLEKHG6	-1.83	6	0.18	0.57	9978	0.962	0.43	8075	0.919
HEMK1	-2.11	8	0.18	0.57	9979	0.962	0.43	8074	0.919
FAM50A	-2.11	8	0.18	0.57	9980	0.962	0.43	8073	0.919
DTWD2	-2.11	8	0.18	0.57	9981	0.962	0.43	8072	0.919
TPSG1	-2.11	8	0.18	0.57	9982	0.962	0.43	8071	0.919
PHF11	-2.11	8	0.18	0.57	9983	0.962	0.43	8070	0.919
OPN4	-2.11	8	0.18	0.57	9984	0.962	0.43	8069	0.919
CYP2W1	-2.11	8	0.18	0.57	9985	0.962	0.43	8068	0.919
ZNF645	-2.11	8	0.18	0.57	9986	0.962	0.43	8067	0.919
SMYD5	-1.83	6	0.18	0.571	9987	0.962	0.429	8066	0.919
PIGZ	-2.11	8	0.18	0.571	9988	0.962	0.429	8065	0.919
FNIP1	-2.11	8	0.18	0.571	9989	0.962	0.429	8064	0.919
RSRC1	-2.11	8	0.18	0.571	9990	0.962	0.429	8063	0.919
FECH	-2.11	8	0.18	0.571	9991	0.962	0.429	8062	0.919
PPIL6	-2.11	8	0.18	0.571	9992	0.962	0.429	8061	0.919
ANKRD33	-2.11	8	0.18	0.571	9993	0.962	0.429	8060	0.919
CBS	-2.11	8	0.18	0.571	9994	0.962	0.429	8059	0.919
MYOM3	-2.11	8	0.18	0.571	9995	0.962	0.429	8058	0.919
FBXL19	-2.10	8	0.18	0.571	9996	0.962	0.429	8057	0.919
IRF7	-2.10	8	0.18	0.571	9997	0.962	0.429	8056	0.919
HPS5	-2.10	8	0.18	0.571	9998	0.962	0.429	8055	0.919
ESF1	-2.10	8	0.18	0.571	9999	0.962	0.429	8054	0.919
LELP1	-2.10	8	0.18	0.571	10000	0.962	0.429	8053	0.919
TAS2R8	-2.10	8	0.18	0.571	10001	0.962	0.429	8052	0.919
SMC1A	-2.10	8	0.18	0.571	10002	0.962	0.429	8051	0.919
EXOC3L4	-2.10	8	0.18	0.571	10003	0.962	0.429	8050	0.919
TMED4	-2.10	8	0.18	0.571	10004	0.962	0.429	8049	0.919
ARV1	-2.10	8	0.18	0.571	10005	0.962	0.429	8048	0.919
TMEM8C	-2.10	8	0.18	0.571	10006	0.962	0.429	8047	0.919
H2BFM	-2.10	8	0.18	0.571	10007	0.962	0.429	8046	0.919
CASC5	-2.10	8	0.18	0.571	10008	0.962	0.429	8045	0.919
ACTG1	-2.10	8	0.18	0.571	10009	0.962	0.429	8044	0.919
EHMT1	-2.10	8	0.18	0.571	10010	0.962	0.429	8043	0.919
LYPD6B	-2.10	8	0.18	0.571	10011	0.962	0.429	8042	0.919
MAP2K4	-2.10	8	0.18	0.571	10012	0.962	0.429	8041	0.919
SRSF2	-2.10	8	0.18	0.572	10013	0.962	0.428	8040	0.919
LIPN	-2.10	8	0.18	0.572	10014	0.962	0.428	8039	0.919
LTF	-2.10	8	0.18	0.572	10015	0.962	0.428	8038	0.919
POGLUT1	-2.10	8	0.18	0.572	10016	0.962	0.428	8037	0.919
POLR2A	-2.10	8	0.18	0.572	10017	0.962	0.428	8036	0.919
STK32B	-2.10	8	0.18	0.572	10018	0.962	0.428	8035	0.919
TNNT3	-2.10	8	0.18	0.572	10019	0.962	0.428	8034	0.919
MUC12	-2.09	8	0.18	0.572	10020	0.962	0.428	8033	0.919
CTSV	-2.09	8	0.18	0.572	10021	0.962	0.428	8032	0.919
PEBP4	-2.09	8	0.18	0.572	10022	0.962	0.428	8031	0.919
CCL25	-2.09	8	0.18	0.572	10023	0.962	0.428	8030	0.919
DEF6	-2.09	8	0.18	0.572	10024	0.962	0.428	8029	0.919
DEDD	-2.09	8	0.18	0.572	10025	0.962	0.428	8028	0.919
RTL1	-2.09	8	0.18	0.572	10026	0.962	0.428	8027	0.919
C17orf58	-2.09	8	0.18	0.572	10027	0.962	0.428	8026	0.919
ZNF140	-2.09	8	0.18	0.572	10028	0.962	0.428	8025	0.919
PPDPF	-2.09	8	0.18	0.572	10029	0.962	0.428	8024	0.919
TBC1D24	-2.09	8	0.18	0.572	10030	0.962	0.428	8023	0.919
HAND2	-2.09	8	0.18	0.572	10031	0.962	0.428	8022	0.919
FBXW4	-2.09	8	0.18	0.572	10032	0.962	0.428	8021	0.919
CNOT6L	-2.09	8	0.18	0.572	10033	0.962	0.428	8020	0.919
MLLT4	-2.09	8	0.18	0.572	10034	0.962	0.428	8019	0.919
EPHX4	-2.09	8	0.18	0.572	10035	0.962	0.428	8018	0.919
SLC34A3	-2.09	8	0.18	0.573	10036	0.962	0.427	8017	0.919
UBLCP1	-2.09	8	0.18	0.573	10037	0.962	0.427	8016	0.919
CORO1B	-2.09	8	0.18	0.573	10038	0.962	0.427	8015	0.919
INPP5A	-2.09	8	0.18	0.573	10039	0.962	0.427	8014	0.919
RTN2	-2.09	8	0.18	0.573	10040	0.962	0.427	8013	0.919
SLC38A9	-2.09	8	0.18	0.573	10041	0.962	0.427	8012	0.919
ISPD	-2.09	8	0.18	0.573	10042	0.962	0.427	8011	0.919
APBB1	-2.09	8	0.18	0.573	10043	0.962	0.427	8010	0.919
ADCK2	-2.08	8	0.18	0.573	10044	0.962	0.427	8009	0.919
ESYT3	-2.08	8	0.18	0.573	10045	0.962	0.427	8008	0.919
ZFYVE28	-2.08	8	0.18	0.573	10046	0.962	0.427	8007	0.919
ST6GALNAC2	-2.08	8	0.18	0.573	10047	0.962	0.427	8006	0.919
TNFSF8	-2.08	8	0.18	0.573	10048	0.962	0.427	8005	0.919
C19orf10	-2.08	8	0.18	0.573	10049	0.962	0.427	8004	0.919
MVB12A	-2.08	8	0.18	0.573	10050	0.962	0.427	8003	0.919
CTNND1	-2.08	8	0.18	0.573	10051	0.962	0.427	8002	0.919
HCK	-2.08	8	0.18	0.573	10052	0.962	0.427	8001	0.919
SKOR1	-2.08	8	0.18	0.573	10053	0.962	0.427	8000	0.919
KBTBD2	-2.08	8	0.18	0.573	10054	0.962	0.427	7999	0.919
FKBP4	-2.08	8	0.19	0.573	10055	0.962	0.427	7998	0.919
SFXN5	-2.08	8	0.19	0.573	10056	0.962	0.427	7997	0.919
FDPS	-1.94	7	0.19	0.574	10057	0.962	0.426	7996	0.919
TMC5	-2.08	8	0.19	0.574	10058	0.962	0.426	7995	0.919
HSD17B7	-2.08	8	0.19	0.574	10059	0.962	0.426	7994	0.919
AKAP10	-2.08	8	0.19	0.574	10060	0.962	0.426	7993	0.919
EFR3B	-2.08	8	0.19	0.574	10061	0.962	0.426	7992	0.919
PEA15	-2.08	8	0.19	0.574	10062	0.962	0.426	7991	0.919
OSBPL5	-2.08	8	0.19	0.574	10063	0.962	0.426	7990	0.919
TERF1	-2.08	8	0.19	0.574	10064	0.962	0.426	7989	0.919
VGF	-2.08	8	0.19	0.574	10065	0.962	0.426	7988	0.919
GPR52	-2.08	8	0.19	0.574	10066	0.962	0.426	7987	0.919
LARGE	-2.07	8	0.19	0.574	10067	0.962	0.426	7986	0.919
RLIM	-2.07	8	0.19	0.574	10068	0.962	0.426	7985	0.919
RGL4	-2.07	8	0.19	0.574	10069	0.962	0.426	7984	0.919
RNF139	-2.07	8	0.19	0.574	10070	0.962	0.426	7983	0.919
MAN2B1	-2.07	8	0.19	0.574	10071	0.962	0.426	7982	0.919
TRAPPC2L	-2.07	8	0.19	0.574	10072	0.962	0.426	7981	0.919
LINC00692	-2.07	8	0.19	0.574	10073	0.962	0.426	7980	0.919
DOC2A	-2.07	8	0.19	0.574	10074	0.962	0.426	7979	0.919
KIAA0895	-2.07	8	0.19	0.574	10075	0.962	0.426	7978	0.919
WNT8B	-2.07	8	0.19	0.574	10076	0.962	0.426	7977	0.919
CCL13	-2.07	8	0.19	0.574	10077	0.962	0.426	7976	0.919
MLLT3	-2.07	8	0.19	0.575	10078	0.962	0.425	7975	0.919
C1orf220	-2.07	8	0.19	0.575	10079	0.962	0.425	7974	0.919
NHLRC3	-2.07	8	0.19	0.575	10080	0.962	0.425	7973	0.919
FUT1	-2.07	8	0.19	0.575	10081	0.962	0.425	7972	0.919
DYNC1I1	-2.07	8	0.19	0.575	10082	0.962	0.425	7971	0.919
POPDC3	-2.07	8	0.19	0.575	10083	0.962	0.425	7970	0.919
CA13	-2.07	8	0.19	0.575	10084	0.962	0.425	7969	0.919
ATXN7L1	-2.07	8	0.19	0.575	10085	0.962	0.425	7968	0.919
RAET1G	-2.07	8	0.19	0.575	10086	0.962	0.425	7967	0.919
KCNJ8	-2.07	8	0.19	0.575	10087	0.962	0.425	7966	0.919
ARL5B	-2.07	8	0.19	0.575	10088	0.962	0.425	7965	0.919
CCND3	-2.07	8	0.19	0.575	10089	0.962	0.425	7964	0.919
FGA	-2.06	8	0.19	0.575	10090	0.962	0.425	7963	0.919
HTRA1	-2.06	8	0.19	0.575	10091	0.962	0.425	7962	0.919
GALNT7	-2.06	8	0.19	0.575	10092	0.962	0.425	7961	0.919
APOBEC3D	-2.06	8	0.19	0.575	10093	0.962	0.425	7960	0.919
NIPAL2	-2.06	8	0.19	0.575	10094	0.962	0.425	7959	0.919
ZNRF4	-2.06	8	0.19	0.575	10095	0.962	0.425	7958	0.919
IRGC	-1.79	6	0.19	0.575	10096	0.962	0.425	7957	0.919
SRD5A3	-2.06	8	0.19	0.575	10097	0.962	0.425	7956	0.919
NDUFB9	-2.06	8	0.19	0.575	10098	0.962	0.425	7955	0.919
MRPL55	-2.06	8	0.19	0.575	10099	0.962	0.425	7954	0.919
RFPL3S	-2.06	8	0.19	0.575	10100	0.962	0.425	7953	0.919
MTF1	-2.06	8	0.19	0.575	10101	0.962	0.425	7952	0.919
SORL1	-2.06	8	0.19	0.575	10102	0.962	0.425	7951	0.919
DHX36	-2.06	8	0.19	0.575	10103	0.962	0.425	7950	0.919
TYRP1	-2.06	8	0.19	0.575	10104	0.962	0.425	7949	0.919
PCGF5	-2.06	8	0.19	0.575	10105	0.962	0.425	7948	0.919
IGF2BP3	-2.06	8	0.19	0.575	10106	0.962	0.425	7947	0.919
FAM49B	-2.06	8	0.19	0.575	10107	0.962	0.425	7946	0.919
CMC4	-2.06	8	0.19	0.575	10108	0.962	0.425	7945	0.919
MRPS30	-2.06	8	0.19	0.576	10109	0.962	0.424	7944	0.919
C1orf195	-2.06	8	0.19	0.576	10110	0.962	0.424	7943	0.919
C2orf62	-2.06	8	0.19	0.576	10111	0.962	0.424	7942	0.919
BHLHA15	-2.06	8	0.19	0.576	10112	0.962	0.424	7941	0.919
NFASC	-2.06	8	0.19	0.576	10113	0.962	0.424	7940	0.919
FOXD1	-2.06	8	0.19	0.576	10114	0.962	0.424	7939	0.919
TMEM51	-2.05	8	0.19	0.576	10115	0.962	0.424	7938	0.919
PIK3C2G	-2.05	8	0.19	0.576	10116	0.962	0.424	7937	0.919
NKAIN3	-2.05	8	0.19	0.576	10117	0.962	0.424	7936	0.919
TRMT61B	-2.05	8	0.19	0.576	10118	0.962	0.424	7935	0.919
RNF26	-2.05	8	0.19	0.576	10119	0.962	0.424	7934	0.919
LDLRAD2	-2.05	8	0.19	0.576	10120	0.962	0.424	7933	0.919
TIRAP	-2.05	8	0.19	0.576	10121	0.962	0.424	7932	0.919
PLEKHG1	-2.05	8	0.19	0.576	10122	0.962	0.424	7931	0.919
T	-2.05	8	0.19	0.576	10123	0.962	0.424	7930	0.919
ACOT12	-1.78	6	0.19	0.576	10124	0.962	0.424	7929	0.919
KRTAP10-4	-1.03	2	0.19	0.576	10125	0.962	0.424	7928	0.919
RGL2	-2.05	8	0.19	0.576	10126	0.962	0.424	7927	0.919
HIST1H3J	-2.05	8	0.19	0.576	10127	0.962	0.424	7926	0.919
CCDC89	-2.05	8	0.19	0.576	10128	0.962	0.424	7925	0.919
RAB9B	-2.05	8	0.19	0.576	10129	0.962	0.424	7924	0.919
SRGN	-2.05	8	0.19	0.576	10130	0.962	0.424	7923	0.919
GNA15	-2.05	8	0.19	0.577	10131	0.962	0.423	7922	0.919
MEF2A	-2.05	8	0.19	0.577	10132	0.962	0.423	7921	0.919
PROM2	-2.05	8	0.19	0.577	10133	0.962	0.423	7920	0.919
LRTM2	-2.05	8	0.19	0.577	10134	0.962	0.423	7919	0.919
MYH8	-2.05	8	0.19	0.577	10135	0.962	0.423	7918	0.919
EPB41L1	-2.05	8	0.19	0.577	10136	0.962	0.423	7917	0.919
REG1B	-2.05	8	0.19	0.577	10137	0.962	0.423	7916	0.919
CRYGS	-2.05	8	0.19	0.577	10138	0.962	0.423	7915	0.919
VSTM4	-2.05	8	0.19	0.577	10139	0.962	0.423	7914	0.919
GPR64	-2.05	8	0.19	0.577	10140	0.962	0.423	7913	0.919
PXDNL	-2.05	8	0.19	0.577	10141	0.962	0.423	7912	0.919
MATR3	-2.04	8	0.19	0.577	10142	0.962	0.423	7911	0.919
CYP2F1	-2.04	8	0.19	0.577	10143	0.962	0.423	7910	0.919
DEDD2	-1.91	7	0.19	0.577	10144	0.962	0.423	7909	0.919
ARL9	-2.04	8	0.19	0.577	10145	0.962	0.423	7908	0.919
YY2	-2.04	8	0.19	0.577	10146	0.962	0.423	7907	0.919
RASGRF2	-2.04	8	0.19	0.577	10147	0.962	0.423	7906	0.919
RABGAP1	-2.04	8	0.19	0.577	10148	0.962	0.423	7905	0.919
ITFG2	-2.04	8	0.19	0.577	10149	0.962	0.423	7904	0.919
OR1D5	-2.04	8	0.20	0.577	10150	0.962	0.423	7903	0.919
TLR6	-2.04	8	0.20	0.577	10151	0.962	0.423	7902	0.919
BHLHA9	-2.04	8	0.20	0.577	10152	0.962	0.423	7901	0.919
HSPB1	-2.04	8	0.20	0.577	10153	0.962	0.423	7900	0.919
TAF4B	-2.04	8	0.20	0.577	10154	0.962	0.423	7899	0.919
OXCT2	-2.04	8	0.20	0.578	10155	0.962	0.422	7898	0.919
OCEL1	-2.04	8	0.20	0.578	10156	0.962	0.422	7897	0.919
RBM3	-2.04	8	0.20	0.578	10157	0.962	0.422	7896	0.919
TMEM154	-2.04	8	0.20	0.578	10158	0.962	0.422	7895	0.919
FAM188B	-2.04	8	0.20	0.578	10159	0.962	0.422	7894	0.919
WDR66	-2.04	8	0.20	0.578	10160	0.962	0.422	7893	0.919
DERL1	-2.04	8	0.20	0.578	10161	0.962	0.422	7892	0.919
MRPL12	-2.04	8	0.20	0.578	10162	0.962	0.422	7891	0.919
CYP46A1	-2.04	8	0.20	0.578	10163	0.962	0.422	7890	0.919
SEC23IP	-2.04	8	0.20	0.578	10164	0.962	0.422	7889	0.919
DMKN	-2.04	8	0.20	0.578	10165	0.962	0.422	7888	0.919
THNSL1	-2.04	8	0.20	0.578	10166	0.962	0.422	7887	0.919
CHODL	-2.04	8	0.20	0.578	10167	0.962	0.422	7886	0.919
NPR3	-2.03	8	0.20	0.578	10168	0.962	0.422	7885	0.919
ENG	-2.03	8	0.20	0.578	10169	0.962	0.422	7884	0.919
ZNF669	-2.03	8	0.20	0.578	10170	0.962	0.422	7883	0.919
IRX2	-2.03	8	0.20	0.578	10171	0.962	0.422	7882	0.919
INMT	-2.03	8	0.20	0.578	10172	0.962	0.422	7881	0.919
PPP4R2	-1.02	2	0.20	0.578	10173	0.962	0.422	7880	0.919
C11orf89	-2.03	8	0.20	0.578	10174	0.962	0.422	7879	0.919
FXYD6	-1.02	2	0.20	0.578	10175	0.962	0.422	7878	0.919
MOXD1	-2.03	8	0.20	0.578	10176	0.962	0.422	7877	0.919
MYL7	-2.03	8	0.20	0.578	10177	0.962	0.422	7876	0.919
ITK	-2.03	8	0.20	0.578	10178	0.962	0.422	7875	0.919
ACSL5	-2.03	8	0.20	0.578	10179	0.962	0.422	7874	0.919
PHLDA2	-2.03	8	0.20	0.578	10180	0.962	0.422	7873	0.919
KRTAP19-1	-1.01	2	0.20	0.579	10181	0.962	0.421	7872	0.919
SNRPA	-2.03	8	0.20	0.579	10182	0.962	0.421	7871	0.919
ESCO1	-2.03	8	0.20	0.579	10183	0.962	0.421	7870	0.919
GNA14	-2.03	8	0.20	0.579	10184	0.962	0.421	7869	0.919
CTSZ	-2.03	8	0.20	0.579	10185	0.962	0.421	7868	0.919
GRXCR2	-2.03	8	0.20	0.579	10186	0.962	0.421	7867	0.919
PSTPIP1	-2.03	8	0.20	0.579	10187	0.962	0.421	7866	0.919
SLAMF8	-2.03	8	0.20	0.579	10188	0.962	0.421	7865	0.919
UROS	-1.75	6	0.20	0.579	10189	0.962	0.421	7864	0.919
TCHHL1	-2.03	8	0.20	0.579	10190	0.962	0.421	7863	0.919
C9orf89	-2.03	8	0.20	0.579	10191	0.962	0.421	7862	0.919
PLEKHO2	-2.03	8	0.20	0.579	10192	0.962	0.421	7861	0.919
RP11-766F14.2	-2.03	8	0.20	0.579	10193	0.962	0.421	7860	0.919
CD3D	-2.02	8	0.20	0.579	10194	0.962	0.421	7859	0.919
C15orf43	-2.02	8	0.20	0.579	10195	0.962	0.421	7858	0.919
BOD1L1	-2.02	8	0.20	0.579	10196	0.962	0.421	7857	0.919
SETDB2	-2.02	8	0.20	0.579	10197	0.962	0.421	7856	0.919
ABHD1	-2.02	8	0.20	0.579	10198	0.962	0.421	7855	0.919
SNX18	-2.02	8	0.20	0.579	10199	0.962	0.421	7854	0.919
UNC80	-2.02	8	0.20	0.579	10200	0.962	0.421	7853	0.919
LBR	-2.02	8	0.20	0.579	10201	0.962	0.421	7852	0.919
GPRC5C	-2.02	8	0.20	0.579	10202	0.962	0.421	7851	0.919
FAM214B	-2.02	8	0.20	0.579	10203	0.962	0.421	7850	0.919
MIEF2	-2.02	8	0.20	0.579	10204	0.962	0.421	7849	0.919
BAG5	-2.02	8	0.20	0.579	10205	0.962	0.421	7848	0.919
KCNK18	-2.02	8	0.20	0.58	10206	0.962	0.42	7847	0.919
TRIM67	-2.02	8	0.20	0.58	10207	0.962	0.42	7846	0.919
MAP2K3	-2.02	8	0.20	0.58	10208	0.962	0.42	7845	0.919
NDUFB1	-1.75	6	0.20	0.58	10209	0.962	0.42	7844	0.919
COA4	-2.02	8	0.20	0.58	10210	0.962	0.42	7843	0.919
FBXO36	-2.02	8	0.20	0.58	10211	0.962	0.42	7842	0.919
POSTN	-2.02	8	0.20	0.58	10212	0.962	0.42	7841	0.919
ZNRF1	-2.02	8	0.20	0.58	10213	0.962	0.42	7840	0.919
MANSC4	-2.02	8	0.20	0.58	10214	0.962	0.42	7839	0.919
GLTSCR1L	-2.02	8	0.20	0.58	10215	0.962	0.42	7838	0.919
AGPS	-2.02	8	0.20	0.58	10216	0.962	0.42	7837	0.919
LFNG	-2.01	8	0.20	0.58	10217	0.962	0.42	7836	0.919
ENHO	-2.01	8	0.20	0.58	10218	0.962	0.42	7835	0.919
RIBC2	-2.01	8	0.20	0.58	10219	0.962	0.42	7834	0.919
LPCAT2	-2.01	8	0.20	0.58	10220	0.962	0.42	7833	0.919
DDHD2	-2.01	8	0.20	0.58	10221	0.962	0.42	7832	0.919
DCLK3	-2.01	8	0.20	0.58	10222	0.962	0.42	7831	0.919
SMPX	-2.01	8	0.20	0.58	10223	0.962	0.42	7830	0.919
SLC6A6	-2.01	8	0.20	0.58	10224	0.962	0.42	7829	0.919
TSGA10	-2.01	8	0.20	0.58	10225	0.962	0.42	7828	0.919
FGF22	-2.01	8	0.20	0.58	10226	0.962	0.42	7827	0.919
CNKSR1	-1.74	6	0.20	0.58	10227	0.962	0.42	7826	0.919
ALDH1A1	-2.01	8	0.20	0.58	10228	0.962	0.42	7825	0.919
ELOVL7	-2.01	8	0.20	0.58	10229	0.962	0.42	7824	0.919
AURKC	-2.01	8	0.20	0.58	10230	0.962	0.42	7823	0.919
DSCAM	-2.01	8	0.20	0.58	10231	0.962	0.42	7822	0.919
TBX22	-2.01	8	0.20	0.58	10232	0.962	0.42	7821	0.919
KIR3DX1	-2.01	8	0.20	0.58	10233	0.962	0.42	7820	0.919
ADD1	-2.01	8	0.20	0.581	10234	0.962	0.419	7819	0.919
FBXO18	-2.01	8	0.20	0.581	10235	0.962	0.419	7818	0.919
RAB31	-2.01	8	0.20	0.581	10236	0.962	0.419	7817	0.919
MELK	-2.01	8	0.20	0.581	10237	0.962	0.419	7816	0.919
CAV1	-2.01	8	0.20	0.581	10238	0.962	0.419	7815	0.919
DENND5A	-2.01	8	0.20	0.581	10239	0.962	0.419	7814	0.919
ACCSL	-2.01	8	0.20	0.581	10240	0.962	0.419	7813	0.919
ASUN	-2.00	8	0.20	0.581	10241	0.962	0.419	7812	0.919
TATDN1	-2.00	8	0.20	0.581	10242	0.962	0.419	7811	0.919
VEZT	-2.00	8	0.20	0.581	10243	0.962	0.419	7810	0.919
UBE2W	-2.00	8	0.20	0.581	10244	0.962	0.419	7809	0.919
ITGAL	-2.00	8	0.20	0.581	10245	0.962	0.419	7808	0.919
TEKT5	-2.00	8	0.21	0.581	10246	0.962	0.419	7807	0.919
APLP1	-2.00	8	0.21	0.581	10247	0.962	0.419	7806	0.919
ZNF483	-2.00	8	0.21	0.581	10248	0.962	0.419	7805	0.919
LRRC20	-2.00	8	0.21	0.581	10249	0.962	0.419	7804	0.919
MBD3	-2.00	8	0.21	0.581	10250	0.962	0.419	7803	0.919
AC091801.1	-1.73	6	0.21	0.581	10251	0.962	0.419	7802	0.919
SMCHD1	-2.00	8	0.21	0.581	10252	0.962	0.419	7801	0.919
AIM1L	-2.00	8	0.21	0.582	10253	0.962	0.418	7800	0.919
PNMAL1	-2.00	8	0.21	0.582	10254	0.962	0.418	7799	0.919
LGALSL	-2.00	8	0.21	0.582	10255	0.962	0.418	7798	0.919
RNF214	-2.00	8	0.21	0.582	10256	0.962	0.418	7797	0.919
C2orf80	-2.00	8	0.21	0.582	10257	0.962	0.418	7796	0.919
AKAP4	-2.00	8	0.21	0.582	10258	0.962	0.418	7795	0.919
TMPRSS11A	-2.00	8	0.21	0.582	10259	0.962	0.418	7794	0.919
FERMT1	-2.00	8	0.21	0.582	10260	0.962	0.418	7793	0.919
GJC3	-2.00	8	0.21	0.582	10261	0.962	0.418	7792	0.919
SFTPD	-1.99	8	0.21	0.582	10262	0.962	0.418	7791	0.919
SIRPG	-1.99	8	0.21	0.582	10263	0.962	0.418	7790	0.919
HS6ST3	-1.99	8	0.21	0.582	10264	0.962	0.418	7789	0.919
ERCC8	-1.99	8	0.21	0.582	10265	0.962	0.418	7788	0.919
EXOC3L1	-1.99	8	0.21	0.582	10266	0.962	0.418	7787	0.919
MBLAC2	-1.99	8	0.21	0.582	10267	0.962	0.418	7786	0.919
THBS4	-1.99	8	0.21	0.582	10268	0.962	0.418	7785	0.919
ACTRT2	-1.99	8	0.21	0.582	10269	0.962	0.418	7784	0.919
WHAMM	-1.99	8	0.21	0.582	10270	0.962	0.418	7783	0.919
KCNN2	-1.99	8	0.21	0.582	10271	0.962	0.418	7782	0.919
LZTS2	-1.99	8	0.21	0.582	10272	0.962	0.418	7781	0.919
ZC3H12C	-1.99	8	0.21	0.582	10273	0.962	0.418	7780	0.919
BCL2L11	-1.99	8	0.21	0.583	10274	0.962	0.417	7779	0.919
CBR3	-1.99	8	0.21	0.583	10275	0.962	0.417	7778	0.919
CRYBA4	-1.99	8	0.21	0.583	10276	0.962	0.417	7777	0.919
C5orf24	-1.99	8	0.21	0.583	10277	0.962	0.417	7776	0.919
NPTN	-1.99	8	0.21	0.583	10278	0.962	0.417	7775	0.919
ZNF26	-1.99	8	0.21	0.583	10279	0.962	0.417	7774	0.919
RGS2	-1.99	8	0.21	0.583	10280	0.962	0.417	7773	0.919
FAM124A	-1.99	8	0.21	0.583	10281	0.962	0.417	7772	0.919
PTPRO	-1.99	8	0.21	0.583	10282	0.962	0.417	7771	0.919
PGBD3	-1.99	8	0.21	0.583	10283	0.962	0.417	7770	0.919
FAM161A	-1.99	8	0.21	0.583	10284	0.962	0.417	7769	0.919
STX11	-1.99	8	0.21	0.583	10285	0.962	0.417	7768	0.919
TUBA3C	-1.40	4	0.21	0.583	10286	0.962	0.417	7767	0.919
RBMS3	-1.98	8	0.21	0.583	10287	0.962	0.417	7766	0.919
CNTNAP3	-0.99	2	0.21	0.583	10288	0.962	0.417	7765	0.919
MUC2	-1.98	8	0.21	0.583	10289	0.962	0.417	7764	0.919
ARL4A	-1.40	4	0.21	0.583	10290	0.962	0.417	7763	0.919
LRIT1	-1.98	8	0.21	0.583	10291	0.962	0.417	7762	0.919
OLR1	-1.98	8	0.21	0.583	10292	0.962	0.417	7761	0.919
ITPRIPL2	-1.98	8	0.21	0.583	10293	0.962	0.417	7760	0.919
CXCL17	-1.98	8	0.21	0.583	10294	0.962	0.417	7759	0.919
MED8	-1.98	8	0.21	0.584	10295	0.962	0.416	7758	0.919
SCN3B	-1.98	8	0.21	0.584	10296	0.962	0.416	7757	0.919
XKR8	-1.98	8	0.21	0.584	10297	0.962	0.416	7756	0.919
FANCB	-1.98	8	0.21	0.584	10298	0.962	0.416	7755	0.919
SMAD9	-1.98	8	0.21	0.584	10299	0.962	0.416	7754	0.919
FAM71F2	-1.98	8	0.21	0.584	10300	0.962	0.416	7753	0.919
CLEC3B	-1.98	8	0.21	0.584	10301	0.962	0.416	7752	0.919
ROBO2	-1.98	8	0.21	0.584	10302	0.962	0.416	7751	0.919
TNRC6B	-1.98	8	0.21	0.584	10303	0.962	0.416	7750	0.919
MAGEB18	-1.98	8	0.21	0.584	10304	0.962	0.416	7749	0.919
MIA	-1.98	8	0.21	0.584	10305	0.962	0.416	7748	0.919
C15orf52	-1.97	8	0.21	0.584	10306	0.962	0.416	7747	0.919
MECOM	-1.97	8	0.21	0.584	10307	0.962	0.416	7746	0.919
PPP1R3B	-1.97	8	0.21	0.584	10308	0.962	0.416	7745	0.919
MBOAT7	-1.97	8	0.21	0.584	10309	0.962	0.416	7744	0.919
TRIM58	-1.97	8	0.21	0.584	10310	0.962	0.416	7743	0.919
FLOT1	-1.97	8	0.21	0.584	10311	0.962	0.416	7742	0.919
B3GNT2	-1.97	8	0.21	0.584	10312	0.962	0.416	7741	0.919
ZBTB47	-1.97	8	0.21	0.584	10313	0.962	0.416	7740	0.919
SLC25A24	-1.97	8	0.21	0.584	10314	0.962	0.416	7739	0.919
NAAA	-1.97	8	0.21	0.584	10315	0.962	0.416	7738	0.919
KIAA0101	-1.97	8	0.21	0.584	10316	0.962	0.416	7737	0.919
OR3A1	-1.97	8	0.21	0.584	10317	0.962	0.416	7736	0.919
FAM104B	-1.97	8	0.21	0.584	10318	0.962	0.416	7735	0.919
PARP2	-1.97	8	0.21	0.584	10319	0.962	0.416	7734	0.919
SH3RF2	-1.97	8	0.21	0.584	10320	0.962	0.416	7733	0.919
ELOVL4	-1.97	8	0.21	0.584	10321	0.962	0.416	7732	0.919
DMXL2	-1.97	8	0.21	0.584	10322	0.962	0.416	7731	0.919
LGALS4	-1.97	8	0.21	0.585	10323	0.962	0.415	7730	0.919
PLEKHS1	-1.97	8	0.21	0.585	10324	0.962	0.415	7729	0.919
PLEKHA6	-1.97	8	0.21	0.585	10325	0.962	0.415	7728	0.919
CCL21	-1.97	8	0.21	0.585	10326	0.962	0.415	7727	0.919
SMTN	-1.84	7	0.21	0.585	10327	0.962	0.415	7726	0.919
IPO4	-1.97	8	0.21	0.585	10328	0.962	0.415	7725	0.919
FCRL2	-1.97	8	0.21	0.585	10329	0.962	0.415	7724	0.919
GADD45B	-1.97	8	0.21	0.585	10330	0.962	0.415	7723	0.919
FNDC1	-1.97	8	0.21	0.585	10331	0.962	0.415	7722	0.919
SPRY1	-1.97	8	0.21	0.585	10332	0.962	0.415	7721	0.919
LZIC	-1.97	8	0.21	0.585	10333	0.962	0.415	7720	0.919
FAM47E-STBD1	-1.96	8	0.21	0.585	10334	0.962	0.415	7719	0.919
ACAT2	-1.96	8	0.21	0.585	10335	0.962	0.415	7718	0.919
BIVM	-1.96	8	0.21	0.585	10336	0.962	0.415	7717	0.919
MTCH2	-1.96	8	0.21	0.585	10337	0.962	0.415	7716	0.919
ACTN4	-1.96	8	0.22	0.585	10338	0.962	0.415	7715	0.919
CPZ	-1.96	8	0.22	0.585	10339	0.962	0.415	7714	0.919
ZIC3	-1.96	8	0.22	0.585	10340	0.962	0.415	7713	0.919
GBX1	-1.96	8	0.22	0.585	10341	0.962	0.415	7712	0.919
RAB3GAP1	-1.96	8	0.22	0.585	10342	0.962	0.415	7711	0.919
MAP3K5	-1.96	8	0.22	0.585	10343	0.962	0.415	7710	0.919
HDC	-1.96	8	0.22	0.585	10344	0.962	0.415	7709	0.919
RADIL	-1.96	8	0.22	0.585	10345	0.962	0.415	7708	0.919
PSMB9	-1.96	8	0.22	0.585	10346	0.962	0.415	7707	0.919
NRM	-1.96	8	0.22	0.585	10347	0.962	0.415	7706	0.919
SHCBP1L	-1.96	8	0.22	0.586	10348	0.962	0.414	7705	0.919
PIGR	-1.96	8	0.22	0.586	10349	0.962	0.414	7704	0.919
BCL2L2	-1.70	6	0.22	0.586	10350	0.962	0.414	7703	0.919
HMGB4	-1.96	8	0.22	0.586	10351	0.962	0.414	7702	0.919
SLC23A1	-1.96	8	0.22	0.586	10352	0.962	0.414	7701	0.919
RGS12	-1.96	8	0.22	0.586	10353	0.962	0.414	7700	0.919
C15orf39	-1.96	8	0.22	0.586	10354	0.962	0.414	7699	0.919
MTG1	-1.96	8	0.22	0.586	10355	0.962	0.414	7698	0.919
APOL4	-0.98	2	0.22	0.586	10356	0.962	0.414	7697	0.919
AMPH	-1.95	8	0.22	0.586	10357	0.962	0.414	7696	0.919
PARD3B	-1.95	8	0.22	0.586	10358	0.962	0.414	7695	0.919
TAS2R40	-1.95	8	0.22	0.586	10359	0.962	0.414	7694	0.919
TTC18	-1.95	8	0.22	0.586	10360	0.962	0.414	7693	0.919
C10orf35	-1.95	8	0.22	0.586	10361	0.962	0.414	7692	0.919
KLHL21	-1.95	8	0.22	0.586	10362	0.962	0.414	7691	0.919
PEX5L	-1.95	8	0.22	0.586	10363	0.962	0.414	7690	0.919
PRKAR1B	-1.95	8	0.22	0.586	10364	0.962	0.414	7689	0.919
FGFBP1	-1.95	8	0.22	0.586	10365	0.962	0.414	7688	0.919
PIK3R2	-1.95	8	0.22	0.586	10366	0.962	0.414	7687	0.919
CLYBL	-1.95	8	0.22	0.586	10367	0.962	0.414	7686	0.919
TBC1D32	-1.95	8	0.22	0.586	10368	0.962	0.414	7685	0.919
PILRA	-1.95	8	0.22	0.586	10369	0.962	0.414	7684	0.919
UTS2B	-1.95	8	0.22	0.587	10370	0.962	0.413	7683	0.919
EFHB	-1.95	8	0.22	0.587	10371	0.962	0.413	7682	0.919
C11orf73	-1.95	8	0.22	0.587	10372	0.962	0.413	7681	0.919
KPNA2	-1.95	8	0.22	0.587	10373	0.962	0.413	7680	0.919
TNS3	-1.95	8	0.22	0.587	10374	0.962	0.413	7679	0.919
ZNF529	-1.95	8	0.22	0.587	10375	0.962	0.413	7678	0.919
NT5DC4	-1.95	8	0.22	0.587	10376	0.962	0.413	7677	0.919
HTR3C	-1.95	8	0.22	0.587	10377	0.962	0.413	7676	0.919
RNPS1	-1.95	8	0.22	0.587	10378	0.962	0.413	7675	0.919
SHC4	-1.95	8	0.22	0.587	10379	0.962	0.413	7674	0.919
P2RY2	-1.95	8	0.22	0.587	10380	0.962	0.413	7673	0.919
SLC22A16	-1.94	8	0.22	0.587	10381	0.962	0.413	7672	0.919
AKR1C2	-0.97	2	0.22	0.587	10382	0.962	0.413	7671	0.919
ZFP36	-1.94	8	0.22	0.587	10383	0.962	0.413	7670	0.919
SSBP3	-1.94	8	0.22	0.587	10384	0.962	0.413	7669	0.919
ERV3-1	-1.94	8	0.22	0.587	10385	0.962	0.413	7668	0.919
FABP2	-1.94	8	0.22	0.587	10386	0.962	0.413	7667	0.919
FAT4	-1.94	8	0.22	0.587	10387	0.962	0.413	7666	0.919
CNPPD1	-1.94	8	0.22	0.587	10388	0.962	0.413	7665	0.919
PNKD	-1.94	8	0.22	0.587	10389	0.962	0.413	7664	0.919
OR4C46	-1.94	8	0.22	0.587	10390	0.962	0.413	7663	0.919
AVIL	-1.94	8	0.22	0.587	10391	0.962	0.413	7662	0.919
GPX5	-1.94	8	0.22	0.587	10392	0.962	0.413	7661	0.919
C3orf33	-1.37	4	0.22	0.588	10393	0.962	0.412	7660	0.919
ARVCF	-1.94	8	0.22	0.588	10394	0.962	0.412	7659	0.919
NRIP3	-1.94	8	0.22	0.588	10395	0.962	0.412	7658	0.919
NAV1	-1.94	8	0.22	0.588	10396	0.962	0.412	7657	0.919
OR10A2	-1.94	8	0.22	0.588	10397	0.962	0.412	7656	0.919
SEMG2	-1.94	8	0.22	0.588	10398	0.962	0.412	7655	0.919
LYPD4	-1.94	8	0.22	0.588	10399	0.962	0.412	7654	0.919
GSTA5	-1.68	6	0.22	0.588	10400	0.962	0.412	7653	0.919
CETN2	-1.94	8	0.22	0.588	10401	0.962	0.412	7652	0.919
NETO1	-1.94	8	0.22	0.588	10402	0.962	0.412	7651	0.919
MMP17	-1.93	8	0.22	0.588	10403	0.962	0.412	7650	0.919
C10orf82	-1.93	8	0.22	0.588	10404	0.962	0.412	7649	0.919
YIPF1	-1.93	8	0.22	0.588	10405	0.962	0.412	7648	0.919
NR3C1	-1.93	8	0.22	0.588	10406	0.962	0.412	7647	0.919
GNPDA2	-1.93	8	0.22	0.588	10407	0.962	0.412	7646	0.919
CISH	-1.93	8	0.22	0.588	10408	0.962	0.412	7645	0.919
TBC1D9B	-1.93	8	0.22	0.588	10409	0.962	0.412	7644	0.919
LETM2	-1.93	8	0.22	0.588	10410	0.962	0.412	7643	0.919
UBE2B	-1.93	8	0.22	0.588	10411	0.962	0.412	7642	0.919
BAG1	-1.93	8	0.22	0.588	10412	0.962	0.412	7641	0.919
POLM	-1.93	8	0.22	0.588	10413	0.962	0.412	7640	0.919
SERPINA10	-1.93	8	0.22	0.589	10414	0.962	0.411	7639	0.919
TXNDC5	-1.93	8	0.22	0.589	10415	0.962	0.411	7638	0.919
PRDM1	-1.93	8	0.22	0.589	10416	0.962	0.411	7637	0.919
OBSCN	-1.93	8	0.22	0.589	10417	0.962	0.411	7636	0.919
ZNF713	-1.93	8	0.22	0.589	10418	0.962	0.411	7635	0.919
ZNF7	-1.93	8	0.22	0.589	10419	0.962	0.411	7634	0.919
NUDT16L1	-1.93	8	0.22	0.589	10420	0.962	0.411	7633	0.919
ANXA13	-1.93	8	0.22	0.589	10421	0.962	0.411	7632	0.919
PPP2R3A	-1.93	8	0.22	0.589	10422	0.962	0.411	7631	0.919
ARMCX1	-1.93	8	0.23	0.589	10423	0.962	0.411	7630	0.919
PNPO	-1.92	8	0.23	0.589	10424	0.962	0.411	7629	0.919
IQCF5	-1.92	8	0.23	0.589	10425	0.962	0.411	7628	0.919
CTAG2	-1.92	8	0.23	0.589	10426	0.962	0.411	7627	0.919
CRTAC1	-1.92	8	0.23	0.589	10427	0.962	0.411	7626	0.919
SYT17	-1.92	8	0.23	0.589	10428	0.962	0.411	7625	0.919
AGR2	-1.92	8	0.23	0.59	10429	0.962	0.41	7624	0.919
OR52K1	-1.92	8	0.23	0.59	10430	0.962	0.41	7623	0.919
GRIK1	-1.92	8	0.23	0.59	10431	0.962	0.41	7622	0.919
CMTM1	-1.92	8	0.23	0.59	10432	0.962	0.41	7621	0.919
ZNF660	-1.92	8	0.23	0.59	10433	0.962	0.41	7620	0.919
SOCS7	-1.92	8	0.23	0.59	10434	0.962	0.41	7619	0.919
SLC9A1	-1.92	8	0.23	0.59	10435	0.962	0.41	7618	0.919
TTC9	-1.92	8	0.23	0.59	10436	0.962	0.41	7617	0.919
MCMDC2	-1.92	8	0.23	0.59	10437	0.962	0.41	7616	0.919
UBE3C	-1.92	8	0.23	0.59	10438	0.962	0.41	7615	0.919
TRAPPC6A	-1.92	8	0.23	0.59	10439	0.962	0.41	7614	0.919
BARHL1	-1.92	8	0.23	0.59	10440	0.962	0.41	7613	0.919
COG6	-1.92	8	0.23	0.59	10441	0.962	0.41	7612	0.919
TICAM1	-1.92	8	0.23	0.59	10442	0.962	0.41	7611	0.919
PDZD9	-1.91	8	0.23	0.59	10443	0.962	0.41	7610	0.919
HIBCH	-1.91	8	0.23	0.59	10444	0.962	0.41	7609	0.919
SCG3	-1.91	8	0.23	0.59	10445	0.962	0.41	7608	0.919
ROBO1	-1.91	8	0.23	0.59	10446	0.962	0.41	7607	0.919
SOWAHB	-1.91	8	0.23	0.59	10447	0.962	0.41	7606	0.919
SLC6A11	-1.91	8	0.23	0.59	10448	0.962	0.41	7605	0.919
ERCC5	-1.91	8	0.23	0.59	10449	0.962	0.41	7604	0.919
EDDM3A	-1.91	8	0.23	0.59	10450	0.962	0.41	7603	0.919
SIPA1L3	-1.91	8	0.23	0.59	10451	0.962	0.41	7602	0.919
C4orf3	-1.91	8	0.23	0.59	10452	0.962	0.41	7601	0.919
MTMR10	-1.91	8	0.23	0.59	10453	0.962	0.41	7600	0.919
MBOAT4	-1.91	8	0.23	0.59	10454	0.962	0.41	7599	0.919
IL20RA	-1.91	8	0.23	0.591	10455	0.962	0.409	7598	0.919
PCDH11X	-1.91	8	0.23	0.591	10456	0.962	0.409	7597	0.919
FAM13B	-1.91	8	0.23	0.591	10457	0.962	0.409	7596	0.919
SPRED3	-1.91	8	0.23	0.591	10458	0.962	0.409	7595	0.919
IQSEC1	-1.91	8	0.23	0.591	10459	0.962	0.409	7594	0.919
OR52E4	-1.91	8	0.23	0.591	10460	0.962	0.409	7593	0.919
EZH1	-1.91	8	0.23	0.591	10461	0.962	0.409	7592	0.919
ARHGAP25	-1.91	8	0.23	0.591	10462	0.962	0.409	7591	0.919
CAV3	-1.91	8	0.23	0.591	10463	0.962	0.409	7590	0.919
METTL22	-1.91	8	0.23	0.591	10464	0.962	0.409	7589	0.919
TCN2	-1.91	8	0.23	0.591	10465	0.962	0.409	7588	0.919
MRPL14	-1.91	8	0.23	0.591	10466	0.962	0.409	7587	0.919
PHLDB1	-1.91	8	0.23	0.591	10467	0.962	0.409	7586	0.919
NFIC	-1.91	8	0.23	0.591	10468	0.962	0.409	7585	0.919
MAP2	-1.91	8	0.23	0.591	10469	0.962	0.409	7584	0.919
SSX1	-1.35	4	0.23	0.591	10470	0.962	0.409	7583	0.919
C1QTNF1	-1.90	8	0.23	0.591	10471	0.962	0.409	7582	0.919
NMT2	-1.90	8	0.23	0.591	10472	0.962	0.409	7581	0.919
KRTAP10-8	-1.35	4	0.23	0.591	10473	0.962	0.409	7580	0.919
ACOT8	-1.90	8	0.23	0.591	10474	0.962	0.409	7579	0.919
ROBO4	-1.90	8	0.23	0.591	10475	0.962	0.409	7578	0.919
HHAT	-1.90	8	0.23	0.591	10476	0.962	0.409	7577	0.919
REST	-1.90	8	0.23	0.591	10477	0.962	0.409	7576	0.919
ZNF789	-1.90	8	0.23	0.591	10478	0.962	0.409	7575	0.919
CUL3	-1.90	8	0.23	0.591	10479	0.962	0.409	7574	0.919
SPATS1	-1.90	8	0.23	0.591	10480	0.962	0.409	7573	0.919
RP2	-1.90	8	0.23	0.592	10481	0.962	0.408	7572	0.919
ZDHHC21	-1.90	8	0.23	0.592	10482	0.962	0.408	7571	0.919
MUC1	-1.90	8	0.23	0.592	10483	0.962	0.408	7570	0.919
BCL2L10	-1.90	8	0.23	0.592	10484	0.962	0.408	7569	0.919
MFSD1	-1.90	8	0.23	0.592	10485	0.962	0.408	7568	0.919
CCDC146	-1.90	8	0.23	0.592	10486	0.962	0.408	7567	0.919
PCDHGB3	-1.90	8	0.23	0.592	10487	0.962	0.408	7566	0.919
PDZRN3	-1.90	8	0.23	0.592	10488	0.962	0.408	7565	0.919
MCTP1	-1.90	8	0.23	0.592	10489	0.962	0.408	7564	0.919
ANKRD34C	-1.77	7	0.23	0.592	10490	0.962	0.408	7563	0.919
IFIT5	-1.90	8	0.23	0.592	10491	0.962	0.408	7562	0.919
GALNT11	-1.90	8	0.23	0.592	10492	0.962	0.408	7561	0.919
RAB3GAP2	-1.90	8	0.23	0.592	10493	0.962	0.408	7560	0.919
COQ10A	-1.64	6	0.23	0.592	10494	0.962	0.408	7559	0.919
KIF13B	-1.90	8	0.23	0.592	10495	0.962	0.408	7558	0.919
PTGES3	-1.34	4	0.23	0.592	10496	0.962	0.408	7557	0.919
NFXL1	-1.90	8	0.23	0.592	10497	0.962	0.408	7556	0.919
MSANTD1	-1.89	8	0.23	0.592	10498	0.962	0.408	7555	0.919
CSNK1G2	-1.89	8	0.23	0.592	10499	0.962	0.408	7554	0.919
GLRX	-1.89	8	0.23	0.592	10500	0.962	0.408	7553	0.919
SERPIND1	-1.89	8	0.23	0.592	10501	0.962	0.408	7552	0.919
PHC1	-1.89	8	0.23	0.592	10502	0.962	0.408	7551	0.919
C22orf26	-1.89	8	0.23	0.592	10503	0.962	0.408	7550	0.919
P2RY14	-1.89	8	0.23	0.592	10504	0.962	0.408	7549	0.919
P2RY12	-1.89	8	0.23	0.592	10505	0.962	0.408	7548	0.919
UQCR11	-1.89	8	0.23	0.592	10506	0.962	0.408	7547	0.919
CADM2	-1.89	8	0.23	0.592	10507	0.962	0.408	7546	0.919
RUNX3	-1.89	8	0.23	0.592	10508	0.962	0.408	7545	0.919
FAM110A	-1.89	8	0.23	0.592	10509	0.962	0.408	7544	0.919
ADK	-1.89	8	0.23	0.593	10510	0.962	0.407	7543	0.919
G0S2	-1.89	8	0.23	0.593	10511	0.962	0.407	7542	0.919
CST9	-1.89	8	0.23	0.593	10512	0.962	0.407	7541	0.919
TMEM88	-1.89	8	0.23	0.593	10513	0.962	0.407	7540	0.919
ADAT1	-1.89	8	0.23	0.593	10514	0.962	0.407	7539	0.919
ZNF440	-1.89	8	0.23	0.593	10515	0.962	0.407	7538	0.919
ST8SIA3	-1.89	8	0.23	0.593	10516	0.962	0.407	7537	0.919
CHST3	-1.89	8	0.23	0.593	10517	0.962	0.407	7536	0.919
TMEM229B	-1.89	8	0.23	0.593	10518	0.962	0.407	7535	0.919
C7orf25	-1.89	8	0.23	0.593	10519	0.962	0.407	7534	0.919
GPSM1	-1.89	8	0.24	0.593	10520	0.962	0.407	7533	0.919
RARA	-1.89	8	0.24	0.593	10521	0.962	0.407	7532	0.919
SMTNL2	-1.88	8	0.24	0.593	10522	0.962	0.407	7531	0.919
KDELC2	-1.88	8	0.24	0.593	10523	0.962	0.407	7530	0.919
SIRPA	-1.88	8	0.24	0.593	10524	0.962	0.407	7529	0.919
C7orf10	-1.88	8	0.24	0.593	10525	0.962	0.407	7528	0.919
SLC25A5	-1.63	6	0.24	0.593	10526	0.962	0.407	7527	0.919
TSPO	-1.88	8	0.24	0.593	10527	0.962	0.407	7526	0.919
OR6V1	-1.88	8	0.24	0.593	10528	0.962	0.407	7525	0.919
SCN3A	-1.88	8	0.24	0.594	10529	0.962	0.406	7524	0.919
PLAC8L1	-1.88	8	0.24	0.594	10530	0.962	0.406	7523	0.919
CTIF	-1.88	8	0.24	0.594	10531	0.962	0.406	7522	0.919
MSRA	-1.88	8	0.24	0.594	10532	0.962	0.406	7521	0.919
IL26	-1.88	8	0.24	0.594	10533	0.962	0.406	7520	0.919
UPK1A	-1.88	8	0.24	0.594	10534	0.962	0.406	7519	0.919
HSPA4L	-1.88	8	0.24	0.594	10535	0.962	0.406	7518	0.919
OR51E2	-1.88	8	0.24	0.594	10536	0.962	0.406	7517	0.919
CACNA1C	-1.88	8	0.24	0.594	10537	0.962	0.406	7516	0.919
C1QC	-1.88	8	0.24	0.594	10538	0.962	0.406	7515	0.919
HOMEZ	-1.88	8	0.24	0.594	10539	0.962	0.406	7514	0.919
MAGEA4	-1.88	8	0.24	0.594	10540	0.962	0.406	7513	0.919
GJC2	-1.87	8	0.24	0.594	10541	0.962	0.406	7512	0.919
HPGDS	-1.87	8	0.24	0.594	10542	0.962	0.406	7511	0.919
CDNF	-0.94	2	0.24	0.594	10543	0.962	0.406	7510	0.919
GAL3ST1	-1.87	8	0.24	0.594	10544	0.962	0.406	7509	0.919
TUBB3	-1.87	8	0.24	0.594	10545	0.962	0.406	7508	0.919
SLC1A7	-1.87	8	0.24	0.594	10546	0.962	0.406	7507	0.919
VWF	-1.87	8	0.24	0.594	10547	0.962	0.406	7506	0.919
C17orf85	-1.87	8	0.24	0.594	10548	0.962	0.406	7505	0.919
RNF186	-1.87	8	0.24	0.595	10549	0.962	0.405	7504	0.919
SCN1A	-1.87	8	0.24	0.595	10550	0.962	0.405	7503	0.919
TNFRSF13C	-1.87	8	0.24	0.595	10551	0.962	0.405	7502	0.919
TDRD6	-1.87	8	0.24	0.595	10552	0.962	0.405	7501	0.919
LECT1	-1.87	8	0.24	0.595	10553	0.962	0.405	7500	0.919
TMEM256-PLSCR3	-1.87	8	0.24	0.595	10554	0.962	0.405	7499	0.919
TPMT	-1.87	8	0.24	0.595	10555	0.962	0.405	7498	0.919
KRT36	-1.87	8	0.24	0.595	10556	0.962	0.405	7497	0.919
ENPP4	-1.87	8	0.24	0.595	10557	0.962	0.405	7496	0.919
OR2S2	-1.87	8	0.24	0.595	10558	0.962	0.405	7495	0.919
APPL1	-1.87	8	0.24	0.595	10559	0.962	0.405	7494	0.919
CLEC3A	-1.87	8	0.24	0.595	10560	0.962	0.405	7493	0.919
OCSTAMP	-1.87	8	0.24	0.595	10561	0.962	0.405	7492	0.919
FOXN2	-1.87	8	0.24	0.595	10562	0.962	0.405	7491	0.919
FPR3	-1.86	8	0.24	0.595	10563	0.962	0.405	7490	0.919
CR1L	-1.32	4	0.24	0.595	10564	0.962	0.405	7489	0.919
XAGE3	-1.86	8	0.24	0.595	10565	0.962	0.405	7488	0.919
RPS6KA5	-1.86	8	0.24	0.595	10566	0.962	0.405	7487	0.919
CRYZL1	-1.86	8	0.24	0.595	10567	0.962	0.405	7486	0.919
MTAP	-1.86	8	0.24	0.595	10568	0.962	0.405	7485	0.919
USP34	-1.86	8	0.24	0.595	10569	0.962	0.405	7484	0.919
POLH	-1.86	8	0.24	0.595	10570	0.962	0.405	7483	0.919
CLDN7	-1.86	8	0.24	0.595	10571	0.962	0.405	7482	0.919
TNFSF9	-1.86	8	0.24	0.595	10572	0.962	0.405	7481	0.919
TRAPPC10	-1.86	8	0.24	0.595	10573	0.962	0.405	7480	0.919
LENG9	-1.86	8	0.24	0.596	10574	0.962	0.404	7479	0.919
DIRAS1	-1.86	8	0.24	0.596	10575	0.962	0.404	7478	0.919
PDZD11	-1.86	8	0.24	0.596	10576	0.962	0.404	7477	0.919
GNB3	-1.86	8	0.24	0.596	10577	0.962	0.404	7476	0.919
SLC19A3	-1.86	8	0.24	0.596	10578	0.962	0.404	7475	0.919
SYNJ2	-1.86	8	0.24	0.596	10579	0.962	0.404	7474	0.919
JUP	-1.86	8	0.24	0.596	10580	0.962	0.404	7473	0.919
NEURL4	-1.86	8	0.24	0.596	10581	0.962	0.404	7472	0.919
TFIP11	-1.86	8	0.24	0.596	10582	0.962	0.404	7471	0.919
KLF12	-1.86	8	0.24	0.596	10583	0.962	0.404	7470	0.919
CEP164	-1.86	8	0.24	0.596	10584	0.962	0.404	7469	0.919
MEP1B	-1.86	8	0.24	0.596	10585	0.962	0.404	7468	0.919
A1CF	-1.86	8	0.24	0.596	10586	0.962	0.404	7467	0.919
ACOT4	-1.86	8	0.24	0.596	10587	0.962	0.404	7466	0.919
KCNU1	-1.85	8	0.24	0.596	10588	0.962	0.404	7465	0.919
MAGEC3	-1.85	8	0.24	0.596	10589	0.962	0.404	7464	0.919
AWAT2	-1.85	8	0.24	0.596	10590	0.962	0.404	7463	0.919
OR4A47	-1.85	8	0.24	0.596	10591	0.962	0.404	7462	0.919
ING5	-1.61	6	0.24	0.596	10592	0.962	0.404	7461	0.919
ABCB11	-1.85	8	0.24	0.596	10593	0.962	0.404	7460	0.919
HEATR2	-1.85	8	0.24	0.596	10594	0.962	0.404	7459	0.919
GC	-1.85	8	0.24	0.596	10595	0.962	0.404	7458	0.919
ZNF846	-1.85	8	0.24	0.596	10596	0.962	0.404	7457	0.919
ZNF841	-1.85	8	0.24	0.596	10597	0.962	0.404	7456	0.919
GPC1	-1.85	8	0.24	0.596	10598	0.962	0.404	7455	0.919
HES1	-1.85	8	0.24	0.596	10599	0.962	0.404	7454	0.919
OR2M3	-1.31	4	0.24	0.596	10600	0.962	0.404	7453	0.919
HIGD2B	-1.85	8	0.24	0.597	10601	0.962	0.403	7452	0.919
SIGLEC9	-1.85	8	0.24	0.597	10602	0.962	0.403	7451	0.919
NGFRAP1	-1.85	8	0.24	0.597	10603	0.962	0.403	7450	0.919
NEK3	-1.85	8	0.25	0.597	10604	0.962	0.403	7449	0.919
KLHDC8A	-1.85	8	0.25	0.597	10605	0.962	0.403	7448	0.919
INS-IGF2	-1.85	8	0.25	0.597	10606	0.962	0.403	7447	0.919
TXNRD3	-1.85	8	0.25	0.597	10607	0.962	0.403	7446	0.919
SERPINB7	-1.85	8	0.25	0.597	10608	0.962	0.403	7445	0.919
KLF8	-1.85	8	0.25	0.597	10609	0.962	0.403	7444	0.919
TPTE2	-1.60	6	0.25	0.597	10610	0.962	0.403	7443	0.919
KIAA1024	-1.84	8	0.25	0.597	10611	0.962	0.403	7442	0.919
ERP29	-1.84	8	0.25	0.597	10612	0.962	0.403	7441	0.919
LGALS3	-1.84	8	0.25	0.597	10613	0.962	0.403	7440	0.919
GPALPP1	-1.84	8	0.25	0.597	10614	0.962	0.403	7439	0.919
CNTN4	-1.84	8	0.25	0.597	10615	0.962	0.403	7438	0.919
NEBL	-1.84	8	0.25	0.597	10616	0.962	0.403	7437	0.919
DFFB	-1.84	8	0.25	0.597	10617	0.962	0.403	7436	0.919
DNPEP	-1.84	8	0.25	0.597	10618	0.962	0.403	7435	0.919
SLC25A35	-1.84	8	0.25	0.597	10619	0.962	0.403	7434	0.919
CD300LD	-1.84	8	0.25	0.598	10620	0.962	0.402	7433	0.919
GH2	-1.84	8	0.25	0.598	10621	0.962	0.402	7432	0.919
GPR22	-1.84	8	0.25	0.598	10622	0.962	0.402	7431	0.919
FAM213A	-1.84	8	0.25	0.598	10623	0.962	0.402	7430	0.919
TMEM244	-1.84	8	0.25	0.598	10624	0.962	0.402	7429	0.919
GLIS1	-1.84	8	0.25	0.598	10625	0.962	0.402	7428	0.919
FRMPD2	-1.84	8	0.25	0.598	10626	0.962	0.402	7427	0.919
GPR179	-1.83	8	0.25	0.598	10627	0.962	0.402	7426	0.919
TUBGCP2	-1.83	8	0.25	0.598	10628	0.962	0.402	7425	0.919
PPM1F	-1.83	8	0.25	0.598	10629	0.962	0.402	7424	0.919
SLC1A4	-1.83	8	0.25	0.598	10630	0.962	0.402	7423	0.919
DENND2A	-1.83	8	0.25	0.598	10631	0.962	0.402	7422	0.919
LYSMD2	-1.83	8	0.25	0.598	10632	0.962	0.402	7421	0.919
GRB2	-1.83	8	0.25	0.598	10633	0.962	0.402	7420	0.919
CA8	-1.83	8	0.25	0.598	10634	0.962	0.402	7419	0.919
SRSF10	-1.83	8	0.25	0.598	10635	0.962	0.402	7418	0.919
ZNF225	-1.83	8	0.25	0.598	10636	0.962	0.402	7417	0.919
NTM	-1.83	8	0.25	0.598	10637	0.962	0.402	7416	0.919
FAT2	-1.83	8	0.25	0.599	10638	0.962	0.401	7415	0.919
OR2A25	-1.83	8	0.25	0.599	10639	0.962	0.401	7414	0.919
SERPINB10	-1.83	8	0.25	0.599	10640	0.962	0.401	7413	0.919
CABP5	-1.83	8	0.25	0.599	10641	0.962	0.401	7412	0.919
SCAMP4	-1.83	8	0.25	0.599	10642	0.962	0.401	7411	0.919
ATP11C	-1.83	8	0.25	0.599	10643	0.962	0.401	7410	0.919
PLCE1	-1.83	8	0.25	0.599	10644	0.962	0.401	7409	0.919
PHF10	-1.83	8	0.25	0.599	10645	0.962	0.401	7408	0.919
LIX1	-1.83	8	0.25	0.599	10646	0.962	0.401	7407	0.919
SYT10	-1.83	8	0.25	0.599	10647	0.962	0.401	7406	0.919
INSC	-1.83	8	0.25	0.599	10648	0.962	0.401	7405	0.919
TBXAS1	-1.83	8	0.25	0.599	10649	0.962	0.401	7404	0.919
ADAMTS12	-1.83	8	0.25	0.599	10650	0.962	0.401	7403	0.919
FRMD7	-1.83	8	0.25	0.599	10651	0.962	0.401	7402	0.919
CMYA5	-1.82	8	0.25	0.599	10652	0.962	0.401	7401	0.919
FATE1	-1.82	8	0.25	0.599	10653	0.962	0.401	7400	0.919
EBF1	-1.82	8	0.25	0.599	10654	0.962	0.401	7399	0.919
C6orf106	-1.82	8	0.25	0.599	10655	0.962	0.401	7398	0.919
TYROBP	-1.82	8	0.25	0.599	10656	0.962	0.401	7397	0.919
ZNF774	-1.82	8	0.25	0.599	10657	0.962	0.401	7396	0.919
SLC25A25	-1.82	8	0.25	0.599	10658	0.962	0.401	7395	0.919
STOX1	-1.82	8	0.25	0.599	10659	0.962	0.401	7394	0.919
UGDH	-1.82	8	0.25	0.6	10660	0.962	0.4	7393	0.919
MYADML2	-1.82	8	0.25	0.6	10661	0.962	0.4	7392	0.919
LIN7B	-1.82	8	0.25	0.6	10662	0.962	0.4	7391	0.919
FAM13A	-1.82	8	0.25	0.6	10663	0.962	0.4	7390	0.919
OR2H2	-1.82	8	0.25	0.6	10664	0.962	0.4	7389	0.919
CLPP	-1.82	8	0.25	0.6	10665	0.962	0.4	7388	0.919
VWA1	-1.82	8	0.25	0.6	10666	0.962	0.4	7387	0.919
TSPAN3	-1.82	8	0.25	0.6	10667	0.962	0.4	7386	0.919
RAB17	-1.82	8	0.25	0.6	10668	0.962	0.4	7385	0.919
USP26	-1.82	8	0.25	0.6	10669	0.962	0.4	7384	0.919
PRSS35	-1.82	8	0.25	0.6	10670	0.962	0.4	7383	0.919
RAB10	-1.82	8	0.25	0.6	10671	0.962	0.4	7382	0.919
ANK2	-1.82	8	0.25	0.6	10672	0.962	0.4	7381	0.919
DLEC1	-1.82	8	0.25	0.6	10673	0.962	0.4	7380	0.919
ABLIM2	-1.81	8	0.25	0.6	10674	0.962	0.4	7379	0.919
ARMC10	-1.81	8	0.25	0.6	10675	0.962	0.4	7378	0.919
SHANK1	-1.81	8	0.25	0.6	10676	0.962	0.4	7377	0.919
GSTM2	-1.81	8	0.25	0.6	10677	0.962	0.4	7376	0.919
ZNF484	-1.81	8	0.25	0.6	10678	0.962	0.4	7375	0.919
CFI	-1.81	8	0.25	0.6	10679	0.962	0.4	7374	0.919
08-Sep	-1.81	8	0.25	0.6	10680	0.962	0.4	7373	0.919
PHYHD1	-1.81	8	0.25	0.6	10681	0.962	0.4	7372	0.919
CCNJL	-1.81	8	0.25	0.6	10682	0.962	0.4	7371	0.919
FYTTD1	-1.81	8	0.25	0.6	10683	0.962	0.4	7370	0.919
OR2A5	-1.81	8	0.25	0.6	10684	0.962	0.4	7369	0.919
AK9	-1.81	8	0.25	0.6	10685	0.962	0.4	7368	0.919
TEP1	-1.81	8	0.25	0.6	10686	0.962	0.4	7367	0.919
ALPK3	-1.81	8	0.25	0.6	10687	0.962	0.4	7366	0.919
CNN2	-1.81	8	0.25	0.6	10688	0.962	0.4	7365	0.919
GDF15	-1.81	8	0.25	0.601	10689	0.962	0.399	7364	0.919
OR7D4	-1.81	8	0.26	0.601	10690	0.962	0.399	7363	0.919
TIMM9	-1.81	8	0.26	0.601	10691	0.962	0.399	7362	0.919
MACC1	-1.81	8	0.26	0.601	10692	0.962	0.399	7361	0.919
C8orf86	-1.81	8	0.26	0.601	10693	0.962	0.399	7360	0.919
ULBP1	-1.81	8	0.26	0.601	10694	0.962	0.399	7359	0.919
PPP6R2	-1.81	8	0.26	0.601	10695	0.962	0.399	7358	0.919
VGLL1	-1.81	8	0.26	0.601	10696	0.962	0.399	7357	0.919
SELM	-1.81	8	0.26	0.601	10697	0.962	0.399	7356	0.919
KCNJ14	-1.81	8	0.26	0.601	10698	0.962	0.399	7355	0.919
CPD	-1.80	8	0.26	0.601	10699	0.962	0.399	7354	0.919
ALDH1A3	-1.80	8	0.26	0.601	10700	0.962	0.399	7353	0.919
MLXIPL	-1.80	8	0.26	0.601	10701	0.962	0.399	7352	0.919
STON2	-1.80	8	0.26	0.601	10702	0.962	0.399	7351	0.919
SPIB	-1.80	8	0.26	0.601	10703	0.962	0.399	7350	0.919
BCAN	-1.80	8	0.26	0.601	10704	0.962	0.399	7349	0.919
EVX1	-1.80	8	0.26	0.601	10705	0.962	0.399	7348	0.919
LIPC	-1.80	8	0.26	0.601	10706	0.962	0.399	7347	0.919
TTC31	-1.80	8	0.26	0.601	10707	0.962	0.399	7346	0.919
LEAP2	-1.80	8	0.26	0.601	10708	0.962	0.399	7345	0.919
GOLGA8R	-1.27	4	0.26	0.601	10709	0.962	0.399	7344	0.919
ZDHHC15	-1.80	8	0.26	0.601	10710	0.962	0.399	7343	0.919
C17orf59	-1.80	8	0.26	0.601	10711	0.962	0.399	7342	0.919
ARSA	-1.80	8	0.26	0.601	10712	0.962	0.399	7341	0.919
IMPA2	-1.80	8	0.26	0.602	10713	0.962	0.398	7340	0.919
MAP3K4	-1.80	8	0.26	0.602	10714	0.962	0.398	7339	0.919
METTL4	-1.80	8	0.26	0.602	10715	0.962	0.398	7338	0.919
PLCB4	-1.80	8	0.26	0.602	10716	0.962	0.398	7337	0.919
CTD-2368P22.1	-1.80	8	0.26	0.602	10717	0.962	0.398	7336	0.919
RSBN1L	-1.80	8	0.26	0.602	10718	0.962	0.398	7335	0.919
CAMK1G	-1.80	8	0.26	0.602	10719	0.962	0.398	7334	0.919
RAP1A	-1.80	8	0.26	0.602	10720	0.962	0.398	7333	0.919
MYO1G	-1.80	8	0.26	0.602	10721	0.962	0.398	7332	0.919
CLEC4A	-1.80	8	0.26	0.602	10722	0.962	0.398	7331	0.919
ZNF709	-1.27	4	0.26	0.602	10723	0.962	0.398	7330	0.919
ZNF681	-1.56	6	0.26	0.602	10724	0.962	0.398	7329	0.919
MAP10	-1.80	8	0.26	0.602	10725	0.962	0.398	7328	0.919
C19orf33	-1.79	8	0.26	0.602	10726	0.962	0.398	7327	0.919
C10orf25	-1.55	6	0.26	0.602	10727	0.962	0.398	7326	0.919
NDST4	-1.68	7	0.26	0.602	10728	0.962	0.398	7325	0.919
FBXL8	-1.79	8	0.26	0.602	10729	0.962	0.398	7324	0.919
COL25A1	-1.79	8	0.26	0.603	10730	0.962	0.397	7323	0.919
SLC25A53	-1.79	8	0.26	0.603	10731	0.962	0.397	7322	0.919
CA4	-1.79	8	0.26	0.603	10732	0.962	0.397	7321	0.919
CDK2AP2	-1.79	8	0.26	0.603	10733	0.962	0.397	7320	0.919
OR11H4	-1.79	8	0.26	0.603	10734	0.962	0.397	7319	0.919
GCC1	-1.79	8	0.26	0.603	10735	0.962	0.397	7318	0.919
INSIG2	-1.79	8	0.26	0.603	10736	0.962	0.397	7317	0.919
SCAMP5	-1.79	8	0.26	0.603	10737	0.962	0.397	7316	0.919
MDGA2	-1.55	6	0.26	0.603	10738	0.962	0.397	7315	0.919
FOLR1	-1.79	8	0.26	0.603	10739	0.962	0.397	7314	0.919
SPP2	-1.79	8	0.26	0.603	10740	0.962	0.397	7313	0.919
DCXR	-1.79	8	0.26	0.603	10741	0.962	0.397	7312	0.919
SLIRP	-1.55	6	0.26	0.603	10742	0.962	0.397	7311	0.919
BDP1	-1.79	8	0.26	0.603	10743	0.962	0.397	7310	0.919
TRAF1	-1.78	8	0.26	0.603	10744	0.962	0.397	7309	0.919
SPRR4	-1.78	8	0.26	0.603	10745	0.962	0.397	7308	0.919
MYL6	-1.78	8	0.26	0.603	10746	0.962	0.397	7307	0.919
SYT5	-1.78	8	0.26	0.603	10747	0.962	0.397	7306	0.919
TMEM151B	-1.78	8	0.26	0.603	10748	0.962	0.397	7305	0.919
C20orf96	-1.78	8	0.26	0.603	10749	0.962	0.397	7304	0.919
TEKT3	-1.78	8	0.26	0.603	10750	0.962	0.397	7303	0.919
LRP12	-1.54	6	0.26	0.603	10751	0.962	0.397	7302	0.919
TMC3	-1.78	8	0.26	0.603	10752	0.962	0.397	7301	0.919
TNPO2	-1.78	8	0.26	0.603	10753	0.962	0.397	7300	0.919
HSD17B13	-1.78	8	0.26	0.603	10754	0.962	0.397	7299	0.919
ZDHHC12	-1.78	8	0.26	0.603	10755	0.962	0.397	7298	0.919
ZNF513	-1.78	8	0.26	0.603	10756	0.962	0.397	7297	0.919
FUT2	-1.78	8	0.26	0.604	10757	0.962	0.396	7296	0.919
FOXA2	-1.78	8	0.26	0.604	10758	0.962	0.396	7295	0.919
CCNE2	-1.78	8	0.26	0.604	10759	0.962	0.396	7294	0.919
BST2	-1.78	8	0.26	0.604	10760	0.962	0.396	7293	0.919
TNNI3	-1.78	8	0.26	0.604	10761	0.962	0.396	7292	0.919
SLC1A1	-1.78	8	0.26	0.604	10762	0.962	0.396	7291	0.919
TTC14	-1.78	8	0.26	0.604	10763	0.962	0.396	7290	0.919
B4GALT4	-1.78	8	0.26	0.604	10764	0.962	0.396	7289	0.919
SIX4	-1.78	8	0.26	0.604	10765	0.962	0.396	7288	0.919
MAGEA10	-1.78	8	0.26	0.604	10766	0.962	0.396	7287	0.919
ETV1	-1.78	8	0.26	0.604	10767	0.962	0.396	7286	0.919
RAB8A	-1.78	8	0.26	0.604	10768	0.962	0.396	7285	0.919
PTCD2	-1.78	8	0.26	0.604	10769	0.962	0.396	7284	0.919
CDCA2	-1.78	8	0.26	0.604	10770	0.962	0.396	7283	0.919
RASGRF1	-1.78	8	0.26	0.604	10771	0.962	0.396	7282	0.919
SLC22A31	-1.78	8	0.26	0.604	10772	0.962	0.396	7281	0.919
SNAI2	-1.78	8	0.26	0.604	10773	0.962	0.396	7280	0.919
P2RY10	-1.78	8	0.26	0.604	10774	0.962	0.396	7279	0.919
FABP6	-1.78	8	0.26	0.604	10775	0.962	0.396	7278	0.919
EEF1E1	-1.78	8	0.26	0.604	10776	0.962	0.396	7277	0.919
MGP	-1.78	8	0.26	0.604	10777	0.962	0.396	7276	0.919
RNF150	-1.78	8	0.26	0.604	10778	0.962	0.396	7275	0.919
CRYBA1	-1.77	8	0.26	0.604	10779	0.962	0.396	7274	0.919
NOSTRIN	-1.77	8	0.26	0.604	10780	0.962	0.396	7273	0.919
KRTAP24-1	-1.77	8	0.26	0.604	10781	0.962	0.396	7272	0.919
SYNPO	-1.77	8	0.26	0.604	10782	0.962	0.396	7271	0.919
SAMD1	-1.77	8	0.26	0.604	10783	0.962	0.396	7270	0.919
SLC25A2	-1.77	8	0.26	0.604	10784	0.962	0.396	7269	0.919
SNX19	-1.77	8	0.26	0.604	10785	0.962	0.396	7268	0.919
ID2	-1.77	8	0.26	0.604	10786	0.962	0.396	7267	0.919
GNRHR	-1.77	8	0.26	0.604	10787	0.962	0.396	7266	0.919
SEMA3A	-1.77	8	0.27	0.605	10788	0.962	0.395	7265	0.919
C4orf36	-1.77	8	0.27	0.605	10789	0.962	0.395	7264	0.919
TPK1	-1.77	8	0.27	0.605	10790	0.962	0.395	7263	0.919
FMN2	-1.77	8	0.27	0.605	10791	0.962	0.395	7262	0.919
CECR6	-1.77	8	0.27	0.605	10792	0.962	0.395	7261	0.919
MTRF1	-1.77	8	0.27	0.605	10793	0.962	0.395	7260	0.919
MIER2	-1.77	8	0.27	0.605	10794	0.962	0.395	7259	0.919
ATG4D	-1.77	8	0.27	0.605	10795	0.962	0.395	7258	0.919
FMO2	-1.77	8	0.27	0.605	10796	0.962	0.395	7257	0.919
NANOGNB	-1.77	8	0.27	0.605	10797	0.962	0.395	7256	0.919
RIPK1	-1.77	8	0.27	0.605	10798	0.962	0.395	7255	0.919
BGLAP	-1.76	8	0.27	0.605	10799	0.962	0.395	7254	0.919
PKIG	-1.76	8	0.27	0.605	10800	0.962	0.395	7253	0.919
MRPL17	-1.76	8	0.27	0.605	10801	0.962	0.395	7252	0.919
TBC1D4	-1.76	8	0.27	0.605	10802	0.962	0.395	7251	0.919
CRHBP	-1.76	8	0.27	0.605	10803	0.962	0.395	7250	0.919
VANGL2	-1.76	8	0.27	0.605	10804	0.962	0.395	7249	0.919
ANKRD34B	-1.76	8	0.27	0.605	10805	0.962	0.395	7248	0.919
SPANXD	-1.53	6	0.27	0.605	10806	0.962	0.395	7247	0.919
ADD2	-1.76	8	0.27	0.605	10807	0.962	0.395	7246	0.919
ITIH1	-1.76	8	0.27	0.606	10808	0.962	0.394	7245	0.919
BCL2	-1.76	8	0.27	0.606	10809	0.962	0.394	7244	0.919
KRTAP12-3	-1.52	6	0.27	0.606	10810	0.962	0.394	7243	0.919
ZNF547	-1.76	8	0.27	0.606	10811	0.962	0.394	7242	0.919
CLRN3	-1.76	8	0.27	0.606	10812	0.962	0.394	7241	0.919
RHBDL1	-1.76	8	0.27	0.606	10813	0.962	0.394	7240	0.919
TMEM64	-1.76	8	0.27	0.606	10814	0.962	0.394	7239	0.919
LCN9	-1.76	8	0.27	0.606	10815	0.962	0.394	7238	0.919
C22orf46	-1.76	8	0.27	0.606	10816	0.962	0.394	7237	0.919
PRKAR2B	-1.76	8	0.27	0.606	10817	0.962	0.394	7236	0.919
ZNF674	-1.76	8	0.27	0.606	10818	0.962	0.394	7235	0.919
CYP3A43	-1.64	7	0.27	0.606	10819	0.962	0.394	7234	0.919
RSPH4A	-1.75	8	0.27	0.606	10820	0.962	0.394	7233	0.919
GAB1	-1.75	8	0.27	0.606	10821	0.962	0.394	7232	0.919
PDLIM3	-1.75	8	0.27	0.606	10822	0.962	0.394	7231	0.919
RFXAP	-1.75	8	0.27	0.606	10823	0.962	0.394	7230	0.919
PBRM1	-1.75	8	0.27	0.606	10824	0.962	0.394	7229	0.919
CAMK4	-1.75	8	0.27	0.606	10825	0.962	0.394	7228	0.919
SCAND3	-1.75	8	0.27	0.606	10826	0.962	0.394	7227	0.919
CCDC77	-1.75	8	0.27	0.606	10827	0.962	0.394	7226	0.919
LRRTM1	-1.75	8	0.27	0.607	10828	0.962	0.393	7225	0.919
B3GNT4	-1.75	8	0.27	0.607	10829	0.962	0.393	7224	0.919
KIAA1211L	-1.75	8	0.27	0.607	10830	0.962	0.393	7223	0.919
HOXC6	-1.75	8	0.27	0.607	10831	0.962	0.393	7222	0.919
KRT26	-1.75	8	0.27	0.607	10832	0.962	0.393	7221	0.919
S100A16	-1.75	8	0.27	0.607	10833	0.962	0.393	7220	0.919
SMIM8	-1.23	4	0.27	0.607	10834	0.962	0.393	7219	0.919
FANCE	-1.75	8	0.27	0.607	10835	0.962	0.393	7218	0.919
ZBTB44	-1.75	8	0.27	0.607	10836	0.962	0.393	7217	0.919
AQR	-1.75	8	0.27	0.607	10837	0.962	0.393	7216	0.919
WDR89	-1.74	8	0.27	0.607	10838	0.962	0.393	7215	0.919
RHOXF1	-1.74	8	0.27	0.607	10839	0.962	0.393	7214	0.919
CPB1	-1.74	8	0.27	0.607	10840	0.962	0.393	7213	0.919
FGFRL1	-1.74	8	0.27	0.607	10841	0.962	0.393	7212	0.919
ATOH8	-1.74	8	0.27	0.607	10842	0.962	0.393	7211	0.919
HRK	-1.74	8	0.27	0.607	10843	0.962	0.393	7210	0.919
ELANE	-1.51	6	0.27	0.608	10844	0.962	0.392	7209	0.919
DIAPH2	-1.74	8	0.27	0.608	10845	0.962	0.392	7208	0.919
IAH1	-1.74	8	0.27	0.608	10846	0.962	0.392	7207	0.919
ZCCHC3	-1.74	8	0.27	0.608	10847	0.962	0.392	7206	0.919
OR4X1	-1.74	8	0.27	0.608	10848	0.962	0.392	7205	0.919
ZNF385B	-1.74	8	0.27	0.608	10849	0.962	0.392	7204	0.919
EIF4EBP2	-1.74	8	0.27	0.608	10850	0.962	0.392	7203	0.919
WDR17	-1.74	8	0.27	0.608	10851	0.962	0.392	7202	0.919
DHRS7C	-1.73	8	0.27	0.608	10852	0.962	0.392	7201	0.919
C15orf37	-1.73	8	0.27	0.608	10853	0.962	0.392	7200	0.919
GALP	-1.73	8	0.27	0.608	10854	0.962	0.392	7199	0.919
BEX1	-1.73	8	0.27	0.608	10855	0.962	0.392	7198	0.919
CCDC58	-0.87	2	0.27	0.608	10856	0.962	0.392	7197	0.919
KCNIP3	-1.73	8	0.27	0.608	10857	0.962	0.392	7196	0.919
PAFAH1B3	-1.73	8	0.27	0.608	10858	0.962	0.392	7195	0.919
RABGAP1L	-1.73	8	0.28	0.608	10859	0.962	0.392	7194	0.919
CYYR1	-1.73	8	0.28	0.608	10860	0.962	0.392	7193	0.919
TAS2R4	-1.50	6	0.28	0.608	10861	0.962	0.392	7192	0.919
KCTD17	-1.73	8	0.28	0.608	10862	0.962	0.392	7191	0.919
KCNJ11	-1.73	8	0.28	0.608	10863	0.962	0.392	7190	0.919
MAPRE2	-1.73	8	0.28	0.608	10864	0.962	0.392	7189	0.919
PTPRU	-1.73	8	0.28	0.608	10865	0.962	0.392	7188	0.919
KCNN1	-1.73	8	0.28	0.609	10866	0.962	0.391	7187	0.919
SORD	-1.73	8	0.28	0.609	10867	0.962	0.391	7186	0.919
ZNF765	-1.22	4	0.28	0.609	10868	0.962	0.391	7185	0.919
C11orf74	-1.22	4	0.28	0.609	10869	0.962	0.391	7184	0.919
EPT1	-1.50	6	0.28	0.609	10870	0.962	0.391	7183	0.919
PYCARD	-1.73	8	0.28	0.609	10871	0.962	0.391	7182	0.919
MAS1	-1.73	8	0.28	0.609	10872	0.962	0.391	7181	0.919
DCAF4	-1.73	8	0.28	0.609	10873	0.962	0.391	7180	0.919
NLGN4X	-1.73	8	0.28	0.609	10874	0.962	0.391	7179	0.919
TENM4	-1.72	8	0.28	0.609	10875	0.962	0.391	7178	0.919
MRPS22	-1.72	8	0.28	0.609	10876	0.962	0.391	7177	0.919
NME4	-1.72	8	0.28	0.609	10877	0.962	0.391	7176	0.919
OR56B1	-1.72	8	0.28	0.609	10878	0.962	0.391	7175	0.919
CPSF4L	-1.72	8	0.28	0.609	10879	0.962	0.391	7174	0.919
PYDC1	-1.72	8	0.28	0.609	10880	0.962	0.391	7173	0.919
TIMM21	-1.72	8	0.28	0.609	10881	0.962	0.391	7172	0.919
SYCE3	-1.72	8	0.28	0.609	10882	0.962	0.391	7171	0.919
DMXL1	-1.72	8	0.28	0.609	10883	0.962	0.391	7170	0.919
SERPINF1	-1.72	8	0.28	0.609	10884	0.962	0.391	7169	0.919
LBH	-1.72	8	0.28	0.61	10885	0.962	0.39	7168	0.919
CYTIP	-1.72	8	0.28	0.61	10886	0.962	0.39	7167	0.919
ALS2CL	-1.72	8	0.28	0.61	10887	0.962	0.39	7166	0.919
DIP2C	-1.72	8	0.28	0.61	10888	0.962	0.39	7165	0.919
RAPGEF6	-1.72	8	0.28	0.61	10889	0.962	0.39	7164	0.919
SYTL4	-1.72	8	0.28	0.61	10890	0.962	0.39	7163	0.919
CREB1	-1.72	8	0.28	0.61	10891	0.962	0.39	7162	0.919
SCG5	-1.72	8	0.28	0.61	10892	0.962	0.39	7161	0.919
SMYD1	-1.72	8	0.28	0.61	10893	0.962	0.39	7160	0.919
HADHB	-1.72	8	0.28	0.61	10894	0.962	0.39	7159	0.919
BDH2	-1.72	8	0.28	0.61	10895	0.962	0.39	7158	0.919
TTC24	-1.72	8	0.28	0.61	10896	0.962	0.39	7157	0.919
NCF4	-1.72	8	0.28	0.61	10897	0.962	0.39	7156	0.919
CSF1R	-1.71	8	0.28	0.61	10898	0.962	0.39	7155	0.919
IL8	-1.71	8	0.28	0.61	10899	0.962	0.39	7154	0.919
MAT2B	-1.71	8	0.28	0.61	10900	0.962	0.39	7153	0.919
NME7	-1.71	8	0.28	0.61	10901	0.962	0.39	7152	0.919
CNPY1	-1.71	8	0.28	0.61	10902	0.962	0.39	7151	0.919
USHBP1	-1.71	8	0.28	0.61	10903	0.962	0.39	7150	0.919
OR5AK2	-1.71	8	0.28	0.61	10904	0.962	0.39	7149	0.919
PEX1	-1.71	8	0.28	0.61	10905	0.962	0.39	7148	0.919
ERVV-1	-1.21	4	0.28	0.61	10906	0.962	0.39	7147	0.919
SDC2	-1.71	8	0.28	0.611	10907	0.962	0.389	7146	0.919
ONECUT1	-1.71	8	0.28	0.611	10908	0.962	0.389	7145	0.919
TNFAIP6	-1.71	8	0.28	0.611	10909	0.962	0.389	7144	0.919
OR52L1	-1.71	8	0.28	0.611	10910	0.962	0.389	7143	0.919
NLGN3	-1.71	8	0.28	0.611	10911	0.962	0.389	7142	0.919
MEGF8	-1.71	8	0.28	0.611	10912	0.962	0.389	7141	0.919
PARPBP	-1.71	8	0.28	0.611	10913	0.962	0.389	7140	0.919
RPRD1A	-1.71	8	0.28	0.611	10914	0.962	0.389	7139	0.919
TPM3	-1.71	8	0.28	0.611	10915	0.962	0.389	7138	0.919
KCNK12	-1.71	8	0.28	0.611	10916	0.962	0.389	7137	0.919
STXBP5L	-1.71	8	0.28	0.611	10917	0.962	0.389	7136	0.919
ASNSD1	-1.71	8	0.28	0.611	10918	0.962	0.389	7135	0.919
TXNDC16	-1.71	8	0.28	0.611	10919	0.962	0.389	7134	0.919
SH2D2A	-1.71	8	0.28	0.611	10920	0.962	0.389	7133	0.919
C17orf50	-1.71	8	0.28	0.611	10921	0.962	0.389	7132	0.919
KIAA0125	-1.71	8	0.28	0.611	10922	0.962	0.389	7131	0.919
EPHX1	-1.71	8	0.28	0.611	10923	0.962	0.389	7130	0.919
OMG	-1.70	8	0.28	0.611	10924	0.962	0.389	7129	0.919
LMNB2	-1.70	8	0.28	0.611	10925	0.962	0.389	7128	0.919
MPP6	-1.70	8	0.28	0.611	10926	0.962	0.389	7127	0.919
CALU	-1.70	8	0.28	0.611	10927	0.962	0.389	7126	0.919
PAPD4	-1.70	8	0.28	0.611	10928	0.962	0.389	7125	0.919
TRPC3	-1.70	8	0.28	0.611	10929	0.962	0.389	7124	0.919
CRISP1	-1.70	8	0.28	0.611	10930	0.962	0.389	7123	0.919
TUBGCP6	-1.70	8	0.28	0.611	10931	0.962	0.389	7122	0.919
TMEM60	-1.70	8	0.28	0.612	10932	0.962	0.388	7121	0.919
ZNF214	-1.70	8	0.28	0.612	10933	0.962	0.388	7120	0.919
MTM1	-1.70	8	0.28	0.612	10934	0.962	0.388	7119	0.919
KIAA1377	-1.70	8	0.28	0.612	10935	0.962	0.388	7118	0.919
ZDHHC13	-1.70	8	0.28	0.612	10936	0.962	0.388	7117	0.919
CCDC54	-1.70	8	0.28	0.612	10937	0.962	0.388	7116	0.919
SLC5A11	-1.70	8	0.28	0.612	10938	0.962	0.388	7115	0.919
EHHADH	-1.70	8	0.28	0.612	10939	0.962	0.388	7114	0.919
STX16	-1.69	8	0.28	0.612	10940	0.962	0.388	7113	0.919
ZMYM4	-1.69	8	0.28	0.612	10941	0.962	0.388	7112	0.919
RIMS1	-1.69	8	0.28	0.612	10942	0.962	0.388	7111	0.919
GSTO2	-1.69	8	0.28	0.612	10943	0.962	0.388	7110	0.919
STRBP	-1.69	8	0.28	0.612	10944	0.962	0.388	7109	0.919
LRFN2	-1.69	8	0.29	0.612	10945	0.962	0.388	7108	0.919
RFX5	-1.69	8	0.29	0.612	10946	0.962	0.388	7107	0.919
TC2N	-1.69	8	0.29	0.612	10947	0.962	0.388	7106	0.919
PPP1R21	-1.69	8	0.29	0.612	10948	0.962	0.388	7105	0.919
RBCK1	-1.69	8	0.29	0.612	10949	0.962	0.388	7104	0.919
OR5AN1	-1.69	8	0.29	0.612	10950	0.962	0.388	7103	0.919
HIST1H3E	-1.20	4	0.29	0.612	10951	0.962	0.388	7102	0.919
TRIM62	-1.69	8	0.29	0.612	10952	0.962	0.388	7101	0.919
TM9SF3	-1.69	8	0.29	0.612	10953	0.962	0.388	7100	0.919
NBPF6	-0.84	2	0.29	0.613	10954	0.962	0.387	7099	0.919
BPGM	-1.69	8	0.29	0.613	10955	0.962	0.387	7098	0.919
WNK4	-1.69	8	0.29	0.613	10956	0.962	0.387	7097	0.919
ZBTB40	-1.69	8	0.29	0.613	10957	0.962	0.387	7096	0.919
ZFP30	-1.69	8	0.29	0.613	10958	0.962	0.387	7095	0.919
TTN	-1.69	8	0.29	0.613	10959	0.962	0.387	7094	0.919
POU2F3	-1.69	8	0.29	0.613	10960	0.962	0.387	7093	0.919
GLTSCR1	-1.69	8	0.29	0.613	10961	0.962	0.387	7092	0.919
TMEM68	-1.69	8	0.29	0.613	10962	0.962	0.387	7091	0.919
ETNK2	-1.68	8	0.29	0.613	10963	0.962	0.387	7090	0.919
OR52I2	-1.19	4	0.29	0.613	10964	0.962	0.387	7089	0.919
SLC7A10	-1.68	8	0.29	0.613	10965	0.962	0.387	7088	0.919
STMN4	-1.68	8	0.29	0.613	10966	0.962	0.387	7087	0.919
SUMF1	-1.68	8	0.29	0.613	10967	0.962	0.387	7086	0.919
GRID2	-1.68	8	0.29	0.613	10968	0.962	0.387	7085	0.919
SLC35C1	-1.68	8	0.29	0.613	10969	0.962	0.387	7084	0.919
ZFHX2	-1.68	8	0.29	0.613	10970	0.962	0.387	7083	0.919
CRY2	-1.68	8	0.29	0.613	10971	0.962	0.387	7082	0.919
MRPS25	-1.68	8	0.29	0.613	10972	0.962	0.387	7081	0.919
C1RL	-1.68	8	0.29	0.613	10973	0.962	0.387	7080	0.919
IGF1R	-1.68	8	0.29	0.613	10974	0.962	0.387	7079	0.919
CASKIN1	-1.45	6	0.29	0.614	10975	0.962	0.386	7078	0.919
PRKD3	-1.68	8	0.29	0.614	10976	0.962	0.386	7077	0.919
LSP1	-1.68	8	0.29	0.614	10977	0.962	0.386	7076	0.919
TAS2R41	-1.68	8	0.29	0.614	10978	0.962	0.386	7075	0.919
ZBTB38	-1.68	8	0.29	0.614	10979	0.962	0.386	7074	0.919
FDFT1	-1.68	8	0.29	0.614	10980	0.962	0.386	7073	0.919
TEAD2	-1.68	8	0.29	0.614	10981	0.962	0.386	7072	0.919
FDCSP	-1.68	8	0.29	0.614	10982	0.962	0.386	7071	0.919
CDH15	-1.67	8	0.29	0.614	10983	0.962	0.386	7070	0.919
HOOK2	-1.67	8	0.29	0.614	10984	0.962	0.386	7069	0.919
HDHD2	-1.67	8	0.29	0.614	10985	0.962	0.386	7068	0.919
RBM38	-1.67	8	0.29	0.614	10986	0.962	0.386	7067	0.919
PFKFB4	-1.67	8	0.29	0.614	10987	0.962	0.386	7066	0.919
ZNF235	-1.67	8	0.29	0.614	10988	0.962	0.386	7065	0.919
PSENEN	-1.67	8	0.29	0.614	10989	0.962	0.386	7064	0.919
PPM1M	-1.67	8	0.29	0.614	10990	0.962	0.386	7063	0.919
WBP4	-1.67	8	0.29	0.614	10991	0.962	0.386	7062	0.919
RNF152	-1.67	8	0.29	0.615	10992	0.962	0.385	7061	0.919
ZFYVE26	-1.67	8	0.29	0.615	10993	0.962	0.385	7060	0.919
LGI3	-1.44	6	0.29	0.615	10994	0.962	0.385	7059	0.919
CLIC6	-1.67	8	0.29	0.615	10995	0.962	0.385	7058	0.919
GBA	-1.67	8	0.29	0.615	10996	0.962	0.385	7057	0.919
LRRC49	-1.67	8	0.29	0.615	10997	0.962	0.385	7056	0.919
MARCKS	-1.66	8	0.29	0.615	10998	0.962	0.385	7055	0.919
SBK1	-1.66	8	0.29	0.615	10999	0.962	0.385	7054	0.919
C1orf146	-1.18	4	0.29	0.615	11000	0.962	0.385	7053	0.919
RTN1	-1.66	8	0.29	0.615	11001	0.962	0.385	7052	0.919
ELMOD3	-1.66	8	0.29	0.615	11002	0.962	0.385	7051	0.919
ZCCHC16	-1.66	8	0.29	0.615	11003	0.962	0.385	7050	0.919
MYH2	-1.66	8	0.29	0.615	11004	0.962	0.385	7049	0.919
DEGS1	-1.66	8	0.29	0.615	11005	0.962	0.385	7048	0.919
PSAPL1	-1.66	8	0.29	0.615	11006	0.962	0.385	7047	0.919
ZNF613	-1.66	8	0.29	0.615	11007	0.962	0.385	7046	0.919
CCDC176	-1.66	8	0.29	0.615	11008	0.962	0.385	7045	0.919
SUN5	-1.66	8	0.29	0.615	11009	0.962	0.385	7044	0.919
SLCO4C1	-1.66	8	0.29	0.615	11010	0.962	0.385	7043	0.919
FAM124B	-1.66	8	0.29	0.615	11011	0.962	0.385	7042	0.919
RSPH1	-1.66	8	0.29	0.615	11012	0.962	0.385	7041	0.919
GTDC1	-1.66	8	0.29	0.615	11013	0.962	0.385	7040	0.919
ZNF197	-1.66	8	0.29	0.616	11014	0.962	0.384	7039	0.919
FAM169A	-1.66	8	0.29	0.616	11015	0.962	0.384	7038	0.919
ANKRD13D	-1.66	8	0.29	0.616	11016	0.962	0.384	7037	0.919
LRRC8D	-1.66	8	0.29	0.616	11017	0.962	0.384	7036	0.919
MSANTD4	-1.66	8	0.29	0.616	11018	0.962	0.384	7035	0.919
RNH1	-1.66	8	0.29	0.616	11019	0.962	0.384	7034	0.919
DCT	-1.65	8	0.30	0.616	11020	0.962	0.384	7033	0.919
GSDMB	-1.65	8	0.30	0.616	11021	0.962	0.384	7032	0.919
DVL2	-1.65	8	0.30	0.616	11022	0.962	0.384	7031	0.919
DTX3L	-1.65	8	0.30	0.616	11023	0.962	0.384	7030	0.919
NME8	-1.65	8	0.30	0.616	11024	0.962	0.384	7029	0.919
MLANA	-1.65	8	0.30	0.616	11025	0.962	0.384	7028	0.919
C7orf33	-1.65	8	0.30	0.616	11026	0.962	0.384	7027	0.919
POU2AF1	-1.65	8	0.30	0.616	11027	0.962	0.384	7026	0.919
ROPN1L	-1.65	8	0.30	0.616	11028	0.962	0.384	7025	0.919
SDR9C7	-1.65	8	0.30	0.616	11029	0.962	0.384	7024	0.919
POR	-1.65	8	0.30	0.616	11030	0.962	0.384	7023	0.919
PID1	-1.65	8	0.30	0.616	11031	0.962	0.384	7022	0.919
ZNF460	-1.65	8	0.30	0.616	11032	0.962	0.384	7021	0.919
AKR1A1	-1.65	8	0.30	0.616	11033	0.962	0.384	7020	0.919
CLEC4C	-1.65	8	0.30	0.616	11034	0.962	0.384	7019	0.919
CIR1	-1.65	8	0.30	0.617	11035	0.962	0.383	7018	0.919
OTOP1	-1.65	8	0.30	0.617	11036	0.962	0.383	7017	0.919
LILRB4	-1.65	8	0.30	0.617	11037	0.962	0.383	7016	0.919
ATP4A	-1.65	8	0.30	0.617	11038	0.962	0.383	7015	0.919
KIAA1045	-1.65	8	0.30	0.617	11039	0.962	0.383	7014	0.919
EDEM2	-1.65	8	0.30	0.617	11040	0.962	0.383	7013	0.919
SMPD1	-1.65	8	0.30	0.617	11041	0.962	0.383	7012	0.919
LRFN5	-1.65	8	0.30	0.617	11042	0.962	0.383	7011	0.919
USP6NL	-1.65	8	0.30	0.617	11043	0.962	0.383	7010	0.919
SLC39A4	-1.65	8	0.30	0.617	11044	0.962	0.383	7009	0.919
PDZD7	-1.65	8	0.30	0.617	11045	0.962	0.383	7008	0.919
CC2D1A	-1.65	8	0.30	0.617	11046	0.962	0.383	7007	0.919
ILKAP	-1.64	8	0.30	0.617	11047	0.962	0.383	7006	0.919
SH2B1	-1.64	8	0.30	0.617	11048	0.962	0.383	7005	0.919
ZNF326	-1.64	8	0.30	0.617	11049	0.962	0.383	7004	0.919
RREB1	-1.64	8	0.30	0.617	11050	0.962	0.383	7003	0.919
C14orf23	-1.64	8	0.30	0.617	11051	0.962	0.383	7002	0.919
VAV1	-1.64	8	0.30	0.617	11052	0.962	0.383	7001	0.919
AMACR	-1.64	8	0.30	0.617	11053	0.962	0.383	7000	0.919
FRMD5	-1.64	8	0.30	0.617	11054	0.962	0.383	6999	0.919
OR2T4	-1.64	8	0.30	0.617	11055	0.962	0.383	6998	0.919
IL9	-1.64	8	0.30	0.617	11056	0.962	0.383	6997	0.919
CCDC179	-0.82	2	0.30	0.617	11057	0.962	0.383	6996	0.919
MST1R	-1.64	8	0.30	0.617	11058	0.962	0.383	6995	0.919
PDE4B	-1.64	8	0.30	0.618	11059	0.962	0.382	6994	0.919
SEC14L2	-1.64	8	0.30	0.618	11060	0.962	0.382	6993	0.919
STEAP3	-1.64	8	0.30	0.618	11061	0.962	0.382	6992	0.919
NAP1L6	-1.64	8	0.30	0.618	11062	0.962	0.382	6991	0.919
CD300LB	-1.64	8	0.30	0.618	11063	0.962	0.382	6990	0.919
MOB1A	-1.64	8	0.30	0.618	11064	0.962	0.382	6989	0.919
SLCO2A1	-1.64	8	0.30	0.618	11065	0.962	0.382	6988	0.919
GPR50	-1.64	8	0.30	0.618	11066	0.962	0.382	6987	0.919
TAP1	-1.64	8	0.30	0.618	11067	0.962	0.382	6986	0.919
TRPM6	-1.64	8	0.30	0.618	11068	0.962	0.382	6985	0.919
TNFRSF10A	-1.64	8	0.30	0.618	11069	0.962	0.382	6984	0.919
COL4A5	-1.63	8	0.30	0.618	11070	0.962	0.382	6983	0.919
ASGR1	-1.63	8	0.30	0.618	11071	0.962	0.382	6982	0.919
C17orf53	-1.63	8	0.30	0.618	11072	0.962	0.382	6981	0.919
HOXB4	-1.63	8	0.30	0.618	11073	0.962	0.382	6980	0.919
SLFN14	-1.63	8	0.30	0.618	11074	0.962	0.382	6979	0.919
ABCB9	-1.63	8	0.30	0.618	11075	0.962	0.382	6978	0.919
BANK1	-1.63	8	0.30	0.618	11076	0.962	0.382	6977	0.919
PAQR6	-1.63	8	0.30	0.618	11077	0.962	0.382	6976	0.919
OR1S2	-1.41	6	0.30	0.618	11078	0.962	0.382	6975	0.919
AGK	-1.63	8	0.30	0.618	11079	0.962	0.382	6974	0.919
PALM2	-1.63	8	0.30	0.618	11080	0.962	0.382	6973	0.919
RNF10	-1.63	8	0.30	0.619	11081	0.962	0.381	6972	0.919
PROCA1	-1.63	8	0.30	0.619	11082	0.962	0.381	6971	0.919
SLC35F1	-1.63	8	0.30	0.619	11083	0.962	0.381	6970	0.919
GRM7	-1.63	8	0.30	0.619	11084	0.962	0.381	6969	0.919
INCA1	-1.63	8	0.30	0.619	11085	0.962	0.381	6968	0.919
EFNB3	-1.63	8	0.30	0.619	11086	0.962	0.381	6967	0.919
DNMT3A	-1.63	8	0.30	0.619	11087	0.962	0.381	6966	0.919
G6PC2	-1.63	8	0.30	0.619	11088	0.962	0.381	6965	0.919
DNAH9	-1.62	8	0.30	0.619	11089	0.962	0.381	6964	0.919
CLEC4F	-1.62	8	0.30	0.619	11090	0.962	0.381	6963	0.919
PGRMC1	-1.62	8	0.30	0.619	11091	0.962	0.381	6962	0.919
ZNF132	-1.62	8	0.30	0.619	11092	0.962	0.381	6961	0.919
KRT27	-1.62	8	0.30	0.619	11093	0.962	0.381	6960	0.919
TNKS2	-1.62	8	0.30	0.619	11094	0.962	0.381	6959	0.919
ATPAF2	-1.62	8	0.30	0.619	11095	0.962	0.381	6958	0.919
CNOT7	-1.62	8	0.30	0.619	11096	0.962	0.381	6957	0.919
FMO6P	-1.62	8	0.30	0.619	11097	0.962	0.381	6956	0.919
C17orf51	-1.62	8	0.30	0.62	11098	0.962	0.38	6955	0.919
CBLB	-1.62	8	0.30	0.62	11099	0.962	0.38	6954	0.919
SACS	-1.62	8	0.30	0.62	11100	0.962	0.38	6953	0.919
GOLGA7	-1.62	8	0.30	0.62	11101	0.962	0.38	6952	0.919
KIF3A	-1.62	8	0.31	0.62	11102	0.962	0.38	6951	0.919
PHF17	-1.62	8	0.31	0.62	11103	0.962	0.38	6950	0.919
SKP1	-1.40	6	0.31	0.62	11104	0.962	0.38	6949	0.919
NDUFA8	-1.61	8	0.31	0.62	11105	0.962	0.38	6948	0.919
ITIH3	-1.61	8	0.31	0.62	11106	0.962	0.38	6947	0.919
KCNH2	-1.61	8	0.31	0.62	11107	0.962	0.38	6946	0.919
GPX2	-1.61	8	0.31	0.62	11108	0.962	0.38	6945	0.919
CYP2R1	-1.61	8	0.31	0.62	11109	0.962	0.38	6944	0.919
DENND4B	-1.61	8	0.31	0.62	11110	0.962	0.38	6943	0.919
PKDREJ	-1.61	8	0.31	0.62	11111	0.962	0.38	6942	0.919
ATP13A3	-1.61	8	0.31	0.62	11112	0.962	0.38	6941	0.919
ZNF555	-1.61	8	0.31	0.62	11113	0.962	0.38	6940	0.919
ADRB1	-1.61	8	0.31	0.62	11114	0.962	0.38	6939	0.919
HNRNPH3	-1.61	8	0.31	0.621	11115	0.962	0.379	6938	0.919
TEPP	-1.61	8	0.31	0.621	11116	0.962	0.379	6937	0.919
TSC22D1	-1.61	8	0.31	0.621	11117	0.962	0.379	6936	0.919
DSC1	-1.61	8	0.31	0.621	11118	0.962	0.379	6935	0.919
ESX1	-1.61	8	0.31	0.621	11119	0.962	0.379	6934	0.919
C16orf58	-1.61	8	0.31	0.621	11120	0.962	0.379	6933	0.919
DNAJB7	-1.60	8	0.31	0.621	11121	0.962	0.379	6932	0.919
SLC28A3	-1.60	8	0.31	0.621	11122	0.962	0.379	6931	0.919
ZNF525	-0.80	2	0.31	0.621	11123	0.962	0.379	6930	0.919
PRR5L	-1.60	8	0.31	0.621	11124	0.962	0.379	6929	0.919
SCML2	-1.60	8	0.31	0.621	11125	0.962	0.379	6928	0.919
SQRDL	-1.60	8	0.31	0.621	11126	0.962	0.379	6927	0.919
RANBP3L	-1.60	8	0.31	0.621	11127	0.962	0.379	6926	0.919
FAM160B2	-1.60	8	0.31	0.621	11128	0.962	0.379	6925	0.919
LRIT3	-1.60	8	0.31	0.621	11129	0.962	0.379	6924	0.919
14-Sep	-1.60	8	0.31	0.621	11130	0.962	0.379	6923	0.919
OR10H5	-1.60	8	0.31	0.621	11131	0.962	0.379	6922	0.919
CLRN2	-1.60	8	0.31	0.621	11132	0.962	0.379	6921	0.919
ATP8B4	-1.60	8	0.31	0.621	11133	0.962	0.379	6920	0.919
MMP3	-1.50	7	0.31	0.621	11134	0.962	0.379	6919	0.919
SPTAN1	-1.60	8	0.31	0.621	11135	0.962	0.379	6918	0.919
FGD4	-1.60	8	0.31	0.622	11136	0.962	0.378	6917	0.919
WFDC10B	-1.13	4	0.31	0.622	11137	0.962	0.378	6916	0.919
C1orf177	-1.60	8	0.31	0.622	11138	0.962	0.378	6915	0.919
PARP16	-1.60	8	0.31	0.622	11139	0.962	0.378	6914	0.919
C19orf57	-1.60	8	0.31	0.622	11140	0.962	0.378	6913	0.919
ZNF280A	-1.60	8	0.31	0.622	11141	0.962	0.378	6912	0.919
ZNF366	-1.60	8	0.31	0.622	11142	0.962	0.378	6911	0.919
IL1B	-1.60	8	0.31	0.622	11143	0.962	0.378	6910	0.919
SATB2	-1.60	8	0.31	0.622	11144	0.962	0.378	6909	0.919
RUNX1T1	-1.60	8	0.31	0.622	11145	0.962	0.378	6908	0.919
TMEM30A	-1.60	8	0.31	0.622	11146	0.962	0.378	6907	0.919
MFSD6	-1.60	8	0.31	0.622	11147	0.962	0.378	6906	0.919
SULT1E1	-1.60	8	0.31	0.622	11148	0.962	0.378	6905	0.919
KCNIP1	-1.59	8	0.31	0.622	11149	0.962	0.378	6904	0.919
OR2J3	-1.59	8	0.31	0.622	11150	0.962	0.378	6903	0.919
MARK1	-1.59	8	0.31	0.622	11151	0.962	0.378	6902	0.919
MAS1L	-1.59	8	0.31	0.622	11152	0.962	0.378	6901	0.919
CHRM2	-1.59	8	0.31	0.622	11153	0.962	0.378	6900	0.919
NMBR	-1.59	8	0.31	0.622	11154	0.962	0.378	6899	0.919
OR10A3	-1.59	8	0.31	0.622	11155	0.962	0.378	6898	0.919
CMTM5	-1.59	8	0.31	0.622	11156	0.962	0.378	6897	0.919
SCN5A	-1.59	8	0.31	0.623	11157	0.962	0.377	6896	0.919
ZNF467	-1.59	8	0.31	0.623	11158	0.962	0.377	6895	0.919
HSPA12A	-1.59	8	0.31	0.623	11159	0.962	0.377	6894	0.919
SLC5A12	-1.59	8	0.31	0.623	11160	0.962	0.377	6893	0.919
TMUB1	-1.59	8	0.31	0.623	11161	0.962	0.377	6892	0.919
FOXRED1	-1.59	8	0.31	0.623	11162	0.962	0.377	6891	0.919
INO80	-1.59	8	0.31	0.623	11163	0.962	0.377	6890	0.919
ECSIT	-1.59	8	0.31	0.623	11164	0.962	0.377	6889	0.919
IFITM10	-1.59	8	0.31	0.623	11165	0.962	0.377	6888	0.919
SRR	-1.58	8	0.31	0.623	11166	0.962	0.377	6887	0.919
TRUB1	-1.37	6	0.31	0.623	11167	0.962	0.377	6886	0.919
CHM	-1.58	8	0.31	0.623	11168	0.962	0.377	6885	0.919
NXPH3	-1.58	8	0.31	0.623	11169	0.962	0.377	6884	0.919
FOXRED2	-1.58	8	0.31	0.623	11170	0.962	0.377	6883	0.919
POU5F1	-0.79	2	0.31	0.623	11171	0.962	0.377	6882	0.919
PROZ	-1.58	8	0.31	0.623	11172	0.962	0.377	6881	0.919
FAM78A	-1.58	8	0.31	0.623	11173	0.962	0.377	6880	0.919
IL15RA	-1.58	8	0.31	0.623	11174	0.962	0.377	6879	0.919
ARHGEF9	-1.58	8	0.31	0.623	11175	0.962	0.377	6878	0.919
STK32A	-1.58	8	0.31	0.623	11176	0.962	0.377	6877	0.919
NISCH	-1.58	8	0.31	0.623	11177	0.962	0.377	6876	0.919
LAMB2	-1.58	8	0.31	0.623	11178	0.962	0.377	6875	0.919
GRIK4	-1.58	8	0.31	0.623	11179	0.962	0.377	6874	0.919
TTLL1	-1.58	8	0.31	0.623	11180	0.962	0.377	6873	0.919
SULT1B1	-1.58	8	0.31	0.623	11181	0.962	0.377	6872	0.919
TGFBR2	-1.58	8	0.31	0.624	11182	0.962	0.376	6871	0.919
BHMT2	-1.58	8	0.31	0.624	11183	0.962	0.376	6870	0.919
ZNF14	-1.58	8	0.32	0.624	11184	0.962	0.376	6869	0.919
TCAIM	-1.58	8	0.32	0.624	11185	0.962	0.376	6868	0.919
SDHC	-1.57	8	0.32	0.624	11186	0.962	0.376	6867	0.919
OR4K15	-1.57	8	0.32	0.624	11187	0.962	0.376	6866	0.919
AP2A1	-1.57	8	0.32	0.624	11188	0.962	0.376	6865	0.919
SDHA	-1.57	8	0.32	0.624	11189	0.962	0.376	6864	0.919
AGTRAP	-1.57	8	0.32	0.624	11190	0.962	0.376	6863	0.919
CACNA1S	-1.57	8	0.32	0.624	11191	0.962	0.376	6862	0.919
KRTAP5-2	-1.11	4	0.32	0.624	11192	0.962	0.376	6861	0.919
ERMAP	-1.47	7	0.32	0.624	11193	0.962	0.376	6860	0.919
CXCL1	-1.36	6	0.32	0.624	11194	0.962	0.376	6859	0.919
ASB10	-1.57	8	0.32	0.624	11195	0.962	0.376	6858	0.919
CHST10	-1.57	8	0.32	0.624	11196	0.962	0.376	6857	0.919
GIMAP1	-1.57	8	0.32	0.624	11197	0.962	0.376	6856	0.919
CRKL	-1.57	8	0.32	0.625	11198	0.962	0.375	6855	0.919
ALOX15	-1.57	8	0.32	0.625	11199	0.962	0.375	6854	0.919
PRRG2	-1.57	8	0.32	0.625	11200	0.962	0.375	6853	0.919
ENOX1	-1.57	8	0.32	0.625	11201	0.962	0.375	6852	0.919
KIAA1467	-1.57	8	0.32	0.625	11202	0.962	0.375	6851	0.919
CCDC60	-1.56	8	0.32	0.625	11203	0.962	0.375	6850	0.919
CD200R1	-1.56	8	0.32	0.625	11204	0.962	0.375	6849	0.919
ZNF200	-1.56	8	0.32	0.625	11205	0.962	0.375	6848	0.919
CACNB3	-1.56	8	0.32	0.625	11206	0.962	0.375	6847	0.919
KIF9	-1.56	8	0.32	0.625	11207	0.962	0.375	6846	0.919
PRSS50	-1.56	8	0.32	0.625	11208	0.962	0.375	6845	0.919
BZRAP1	-1.56	8	0.32	0.625	11209	0.962	0.375	6844	0.919
MS4A13	-1.10	4	0.32	0.625	11210	0.962	0.375	6843	0.919
FAM220A	-1.56	8	0.32	0.625	11211	0.962	0.375	6842	0.919
SCIMP	-1.56	8	0.32	0.625	11212	0.962	0.375	6841	0.919
ETS1	-1.56	8	0.32	0.626	11213	0.962	0.374	6840	0.919
ENPP7	-1.56	8	0.32	0.626	11214	0.962	0.374	6839	0.919
NOXA1	-1.56	8	0.32	0.626	11215	0.962	0.374	6838	0.919
RAB3IP	-1.56	8	0.32	0.626	11216	0.962	0.374	6837	0.919
CMTM7	-1.55	8	0.32	0.626	11217	0.962	0.374	6836	0.919
DNAJC5	-1.55	8	0.32	0.626	11218	0.962	0.374	6835	0.919
FAM214A	-1.55	8	0.32	0.626	11219	0.962	0.374	6834	0.919
EHD4	-1.55	8	0.32	0.626	11220	0.962	0.374	6833	0.919
RSPO4	-1.55	8	0.32	0.626	11221	0.962	0.374	6832	0.919
BTC	-1.55	8	0.32	0.626	11222	0.962	0.374	6831	0.919
SKIV2L	-1.55	8	0.32	0.626	11223	0.962	0.374	6830	0.919
APBA3	-1.55	8	0.32	0.626	11224	0.962	0.374	6829	0.919
TSPAN2	-1.55	8	0.32	0.626	11225	0.962	0.374	6828	0.919
LMOD1	-1.55	8	0.32	0.626	11226	0.962	0.374	6827	0.919
UNC50	-1.55	8	0.32	0.626	11227	0.962	0.374	6826	0.919
GRM2	-1.55	8	0.32	0.626	11228	0.962	0.374	6825	0.919
RPL39	-0.78	2	0.32	0.626	11229	0.962	0.374	6824	0.919
PRKAG3	-1.55	8	0.32	0.626	11230	0.962	0.374	6823	0.919
ZNF160	-1.55	8	0.32	0.626	11231	0.962	0.374	6822	0.919
RAB39B	-1.55	8	0.32	0.626	11232	0.962	0.374	6821	0.919
HN1L	-1.55	8	0.32	0.626	11233	0.962	0.374	6820	0.919
C2orf88	-1.55	8	0.32	0.626	11234	0.962	0.374	6819	0.919
FAM117B	-1.55	8	0.32	0.626	11235	0.962	0.374	6818	0.919
ITIH6	-1.55	8	0.32	0.626	11236	0.962	0.374	6817	0.919
ITIH4	-1.55	8	0.32	0.627	11237	0.962	0.373	6816	0.919
BEX5	-1.55	8	0.32	0.627	11238	0.962	0.373	6815	0.919
NEFM	-1.55	8	0.32	0.627	11239	0.962	0.373	6814	0.919
NDUFA10	-1.55	8	0.32	0.627	11240	0.962	0.373	6813	0.919
SRSF9	-1.55	8	0.32	0.627	11241	0.962	0.373	6812	0.919
OR2AK2	-1.55	8	0.32	0.627	11242	0.962	0.373	6811	0.919
C9orf163	-1.54	8	0.32	0.627	11243	0.962	0.373	6810	0.919
FABP1	-1.54	8	0.32	0.627	11244	0.962	0.373	6809	0.919
C2orf81	-1.54	8	0.32	0.627	11245	0.962	0.373	6808	0.919
ZNF667	-1.54	8	0.32	0.627	11246	0.962	0.373	6807	0.919
LUZP4	-1.54	8	0.32	0.627	11247	0.962	0.373	6806	0.919
RARRES3	-1.54	8	0.32	0.627	11248	0.962	0.373	6805	0.919
TGFBRAP1	-1.54	8	0.32	0.627	11249	0.962	0.373	6804	0.919
SMIM15	-1.34	6	0.32	0.627	11250	0.962	0.373	6803	0.919
TNP1	-1.54	8	0.32	0.627	11251	0.962	0.373	6802	0.919
OR6B2	-1.34	6	0.32	0.627	11252	0.962	0.373	6801	0.919
RAB4B	-1.54	8	0.32	0.627	11253	0.962	0.373	6800	0.919
TRIM35	-1.54	8	0.32	0.627	11254	0.962	0.373	6799	0.919
DYM	-1.54	8	0.32	0.627	11255	0.962	0.373	6798	0.919
BCS1L	-1.54	8	0.32	0.627	11256	0.962	0.373	6797	0.919
OR8G5	-1.54	8	0.32	0.627	11257	0.962	0.373	6796	0.919
NSG2	-1.54	8	0.32	0.627	11258	0.962	0.373	6795	0.919
GRK7	-1.54	8	0.32	0.627	11259	0.962	0.373	6794	0.919
BACE1	-1.54	8	0.32	0.627	11260	0.962	0.373	6793	0.919
KIF25	-1.54	8	0.32	0.627	11261	0.962	0.373	6792	0.919
DCTPP1	-1.54	8	0.32	0.627	11262	0.962	0.373	6791	0.919
METTL1	-1.54	8	0.32	0.627	11263	0.962	0.373	6790	0.919
MAGEB4	-1.54	8	0.32	0.627	11264	0.962	0.373	6789	0.919
CSRP3	-1.54	8	0.32	0.627	11265	0.962	0.373	6788	0.919
GDPD1	-1.54	8	0.32	0.627	11266	0.962	0.373	6787	0.919
AP2B1	-1.54	8	0.32	0.627	11267	0.962	0.373	6786	0.919
C8A	-1.54	8	0.32	0.627	11268	0.962	0.373	6785	0.919
SLC24A1	-1.54	8	0.33	0.627	11269	0.962	0.373	6784	0.919
ASAP1	-1.54	8	0.33	0.627	11270	0.962	0.373	6783	0.919
DHTKD1	-1.54	8	0.33	0.628	11271	0.962	0.372	6782	0.919
CACNG3	-1.54	8	0.33	0.628	11272	0.962	0.372	6781	0.919
PCDHA1	-1.54	8	0.33	0.628	11273	0.962	0.372	6780	0.919
C15orf57	-1.54	8	0.33	0.628	11274	0.962	0.372	6779	0.919
LILRB2	-1.54	8	0.33	0.628	11275	0.962	0.372	6778	0.919
PTRHD1	-1.54	8	0.33	0.628	11276	0.962	0.372	6777	0.919
KDSR	-1.54	8	0.33	0.628	11277	0.962	0.372	6776	0.919
FCAR	-1.54	8	0.33	0.628	11278	0.962	0.372	6775	0.919
BBS7	-1.54	8	0.33	0.628	11279	0.962	0.372	6774	0.919
NGB	-1.54	8	0.33	0.628	11280	0.962	0.372	6773	0.919
ATP2C1	-1.53	8	0.33	0.628	11281	0.962	0.372	6772	0.919
SNX5	-1.53	8	0.33	0.628	11282	0.962	0.372	6771	0.919
NDUFAF5	-1.53	8	0.33	0.628	11283	0.962	0.372	6770	0.919
S100Z	-1.53	8	0.33	0.628	11284	0.962	0.372	6769	0.919
CYSTM1	-1.53	8	0.33	0.628	11285	0.962	0.372	6768	0.919
REC8	-1.53	8	0.33	0.628	11286	0.962	0.372	6767	0.919
MAP4K2	-1.53	8	0.33	0.628	11287	0.962	0.372	6766	0.919
OR52N4	-1.53	8	0.33	0.628	11288	0.962	0.372	6765	0.919
KIAA0319L	-1.53	8	0.33	0.628	11289	0.962	0.372	6764	0.919
COX17	-1.53	8	0.33	0.628	11290	0.962	0.372	6763	0.919
LNPEP	-1.53	8	0.33	0.628	11291	0.962	0.372	6762	0.919
RBP4	-1.53	8	0.33	0.628	11292	0.962	0.372	6761	0.919
BMP8B	-0.76	2	0.33	0.628	11293	0.962	0.372	6760	0.919
04-Sep	-1.53	8	0.33	0.628	11294	0.962	0.372	6759	0.919
UGT2A1	-1.53	8	0.33	0.628	11295	0.962	0.372	6758	0.919
SGCG	-1.53	8	0.33	0.628	11296	0.962	0.372	6757	0.919
ENTPD5	-1.53	8	0.33	0.628	11297	0.962	0.372	6756	0.919
AFAP1L1	-1.53	8	0.33	0.629	11298	0.962	0.371	6755	0.919
SBK2	-1.53	8	0.33	0.629	11299	0.962	0.371	6754	0.919
NDEL1	-1.53	8	0.33	0.629	11300	0.962	0.371	6753	0.919
OR4B1	-1.53	8	0.33	0.629	11301	0.962	0.371	6752	0.919
CDH19	-1.53	8	0.33	0.629	11302	0.962	0.371	6751	0.919
ARSH	-1.52	8	0.33	0.629	11303	0.962	0.371	6750	0.919
LPAR5	-1.52	8	0.33	0.629	11304	0.962	0.371	6749	0.919
HDAC4	-1.52	8	0.33	0.629	11305	0.962	0.371	6748	0.919
MAST2	-1.52	8	0.33	0.629	11306	0.962	0.371	6747	0.919
LCA5	-1.52	8	0.33	0.629	11307	0.962	0.371	6746	0.919
CELA3B	-0.76	2	0.33	0.629	11308	0.962	0.371	6745	0.919
RAPGEF3	-1.52	8	0.33	0.629	11309	0.962	0.371	6744	0.919
NMNAT2	-1.52	8	0.33	0.629	11310	0.962	0.371	6743	0.919
BMX	-1.42	7	0.33	0.629	11311	0.962	0.371	6742	0.919
KRTAP4-12	-0.76	2	0.33	0.629	11312	0.962	0.371	6741	0.919
TGFBR1	-1.52	8	0.33	0.63	11313	0.962	0.37	6740	0.919
MTHFD2L	-0.76	2	0.33	0.63	11314	0.962	0.37	6739	0.919
LAD1	-1.51	8	0.33	0.63	11315	0.962	0.37	6738	0.919
ADCYAP1R1	-1.51	8	0.33	0.63	11316	0.962	0.37	6737	0.919
STS	-1.51	8	0.33	0.63	11317	0.962	0.37	6736	0.919
HBQ1	-1.51	8	0.33	0.63	11318	0.962	0.37	6735	0.919
HHIPL2	-1.51	8	0.33	0.63	11319	0.962	0.37	6734	0.919
ALPL	-1.51	8	0.33	0.63	11320	0.962	0.37	6733	0.919
NEURL	-1.51	8	0.33	0.63	11321	0.962	0.37	6732	0.919
IL36B	-1.51	8	0.33	0.63	11322	0.962	0.37	6731	0.919
ARHGAP31	-1.51	8	0.33	0.63	11323	0.962	0.37	6730	0.919
FBXO7	-1.51	8	0.33	0.63	11324	0.962	0.37	6729	0.919
IL3	-1.51	8	0.33	0.63	11325	0.962	0.37	6728	0.919
SPATC1L	-1.51	8	0.33	0.63	11326	0.962	0.37	6727	0.919
ADARB2	-1.51	8	0.33	0.63	11327	0.962	0.37	6726	0.919
ANKRD7	-1.51	8	0.33	0.63	11328	0.962	0.37	6725	0.919
ZNF814	-1.51	8	0.33	0.63	11329	0.962	0.37	6724	0.919
TRANK1	-1.51	8	0.33	0.63	11330	0.962	0.37	6723	0.919
GLIPR2	-1.51	8	0.33	0.631	11331	0.962	0.369	6722	0.919
PYHIN1	-1.51	8	0.33	0.631	11332	0.962	0.369	6721	0.919
MRRF	-1.51	8	0.33	0.631	11333	0.962	0.369	6720	0.919
RPUSD2	-1.51	8	0.33	0.631	11334	0.962	0.369	6719	0.919
TMEM119	-1.50	8	0.33	0.631	11335	0.962	0.369	6718	0.919
SLC37A3	-1.50	8	0.33	0.631	11336	0.962	0.369	6717	0.919
NOS2	-1.50	8	0.33	0.631	11337	0.962	0.369	6716	0.919
FRZB	-1.50	8	0.33	0.631	11338	0.962	0.369	6715	0.919
CKMT2	-1.50	8	0.33	0.631	11339	0.962	0.369	6714	0.919
MEF2C	-1.50	8	0.33	0.631	11340	0.962	0.369	6713	0.919
BCDIN3D	-1.50	8	0.33	0.631	11341	0.962	0.369	6712	0.919
ENDOD1	-1.50	8	0.33	0.631	11342	0.962	0.369	6711	0.919
PAN3	-1.50	8	0.33	0.631	11343	0.962	0.369	6710	0.919
AHSA1	-1.50	8	0.33	0.631	11344	0.962	0.369	6709	0.919
PIP	-1.06	4	0.33	0.631	11345	0.962	0.369	6708	0.919
POFUT1	-1.50	8	0.33	0.631	11346	0.962	0.369	6707	0.919
C5orf51	-1.50	8	0.33	0.631	11347	0.962	0.369	6706	0.919
DRD4	-1.50	8	0.33	0.631	11348	0.962	0.369	6705	0.919
MMRN2	-1.50	8	0.33	0.631	11349	0.962	0.369	6704	0.919
FAM151B	-1.50	8	0.34	0.631	11350	0.962	0.369	6703	0.919
FAM46A	-1.50	8	0.34	0.631	11351	0.962	0.369	6702	0.919
PDE6C	-1.50	8	0.34	0.631	11352	0.962	0.369	6701	0.919
AP5Z1	-1.50	8	0.34	0.631	11353	0.962	0.369	6700	0.919
RBBP7	-1.50	8	0.34	0.631	11354	0.962	0.369	6699	0.919
GAS7	-1.50	8	0.34	0.631	11355	0.962	0.369	6698	0.919
TMEM178B	-1.50	8	0.34	0.631	11356	0.962	0.369	6697	0.919
TNP2	-1.50	8	0.34	0.631	11357	0.962	0.369	6696	0.919
USP27X	-1.50	8	0.34	0.631	11358	0.962	0.369	6695	0.919
RAB39A	-1.50	8	0.34	0.631	11359	0.962	0.369	6694	0.919
SPG7	-1.50	8	0.34	0.632	11360	0.962	0.368	6693	0.919
SMIM6	-1.50	8	0.34	0.632	11361	0.962	0.368	6692	0.919
SLFN12	-1.50	8	0.34	0.632	11362	0.962	0.368	6691	0.919
SH3BP4	-1.50	8	0.34	0.632	11363	0.962	0.368	6690	0.919
ZNF70	-1.49	8	0.34	0.632	11364	0.962	0.368	6689	0.919
IGFL3	-1.49	8	0.34	0.632	11365	0.962	0.368	6688	0.919
ZNF491	-1.49	8	0.34	0.632	11366	0.962	0.368	6687	0.919
ANPEP	-1.49	8	0.34	0.632	11367	0.962	0.368	6686	0.919
ATP7A	-1.49	8	0.34	0.632	11368	0.962	0.368	6685	0.919
CRISPLD2	-1.49	8	0.34	0.632	11369	0.962	0.368	6684	0.919
BCL9	-1.40	7	0.34	0.632	11370	0.962	0.368	6683	0.919
SIRPD	-1.49	8	0.34	0.632	11371	0.962	0.368	6682	0.919
INO80C	-1.49	8	0.34	0.632	11372	0.962	0.368	6681	0.919
MECP2	-1.49	8	0.34	0.632	11373	0.962	0.368	6680	0.919
ERBB4	-1.49	8	0.34	0.632	11374	0.962	0.368	6679	0.919
CLIC2	-1.49	8	0.34	0.632	11375	0.962	0.368	6678	0.919
NDUFB10	-1.49	8	0.34	0.632	11376	0.962	0.368	6677	0.919
ASPHD2	-1.49	8	0.34	0.632	11377	0.962	0.368	6676	0.919
IGSF9	-1.49	8	0.34	0.632	11378	0.962	0.368	6675	0.919
RP9	-1.49	8	0.34	0.632	11379	0.962	0.368	6674	0.919
DYSF	-1.49	8	0.34	0.632	11380	0.962	0.368	6673	0.919
OR7A17	-1.49	8	0.34	0.633	11381	0.962	0.367	6672	0.919
CDC42EP2	-1.48	8	0.34	0.633	11382	0.962	0.367	6671	0.919
SLC35F2	-1.48	8	0.34	0.633	11383	0.962	0.367	6670	0.919
SUCLG2	-1.29	6	0.34	0.633	11384	0.962	0.367	6669	0.919
PTF1A	-1.48	8	0.34	0.633	11385	0.962	0.367	6668	0.919
GPR149	-1.48	8	0.34	0.633	11386	0.962	0.367	6667	0.919
RIMKLB	-1.48	8	0.34	0.633	11387	0.962	0.367	6666	0.919
WDYHV1	-1.48	8	0.34	0.633	11388	0.962	0.367	6665	0.919
SPTBN4	-1.48	8	0.34	0.633	11389	0.962	0.367	6664	0.919
SLC7A6	-1.48	8	0.34	0.633	11390	0.962	0.367	6663	0.919
CHST9	-1.48	8	0.34	0.633	11391	0.962	0.367	6662	0.919
ADH4	-1.48	8	0.34	0.633	11392	0.962	0.367	6661	0.919
SYCP2	-1.48	8	0.34	0.633	11393	0.962	0.367	6660	0.919
ZNF511	-1.48	8	0.34	0.633	11394	0.962	0.367	6659	0.919
KRTAP12-4	-1.48	8	0.34	0.633	11395	0.962	0.367	6658	0.919
CCDC157	-1.48	8	0.34	0.633	11396	0.962	0.367	6657	0.919
SYNGR4	-1.48	8	0.34	0.633	11397	0.962	0.367	6656	0.919
C14orf183	-1.48	8	0.34	0.633	11398	0.962	0.367	6655	0.919
BTBD10	-1.48	8	0.34	0.633	11399	0.962	0.367	6654	0.919
MIEF1	-1.48	8	0.34	0.633	11400	0.962	0.367	6653	0.919
CSPP1	-1.48	8	0.34	0.634	11401	0.962	0.366	6652	0.919
SPRYD7	-1.48	8	0.34	0.634	11402	0.962	0.366	6651	0.919
PPY	-1.48	8	0.34	0.634	11403	0.962	0.366	6650	0.919
GPX8	-1.47	8	0.34	0.634	11404	0.962	0.366	6649	0.919
SPDYE4	-1.47	8	0.34	0.634	11405	0.962	0.366	6648	0.919
SPRYD3	-1.47	8	0.34	0.634	11406	0.962	0.366	6647	0.919
IQSEC2	-1.47	8	0.34	0.634	11407	0.962	0.366	6646	0.919
MRGPRD	-1.47	8	0.34	0.634	11408	0.962	0.366	6645	0.919
THBS1	-1.47	8	0.34	0.634	11409	0.962	0.366	6644	0.919
SLC46A3	-1.47	8	0.34	0.634	11410	0.962	0.366	6643	0.919
TMEM176A	-1.47	8	0.34	0.634	11411	0.962	0.366	6642	0.919
RGS10	-1.47	8	0.34	0.634	11412	0.962	0.366	6641	0.919
GGCT	-1.47	8	0.34	0.634	11413	0.962	0.366	6640	0.919
TEX30	-1.47	8	0.34	0.634	11414	0.962	0.366	6639	0.919
MBLAC1	-1.47	8	0.34	0.634	11415	0.962	0.366	6638	0.919
WDR93	-1.47	8	0.34	0.634	11416	0.962	0.366	6637	0.919
LRP1B	-1.47	8	0.34	0.634	11417	0.962	0.366	6636	0.919
MFSD9	-1.47	8	0.34	0.634	11418	0.962	0.366	6635	0.919
AXL	-1.47	8	0.34	0.634	11419	0.962	0.366	6634	0.919
DDX4	-1.47	8	0.34	0.634	11420	0.962	0.366	6633	0.919
ACBD3	-1.47	8	0.34	0.634	11421	0.962	0.366	6632	0.919
SH2D5	-1.47	8	0.34	0.634	11422	0.962	0.366	6631	0.919
TPSD1	-1.47	8	0.34	0.634	11423	0.962	0.366	6630	0.919
CDK5RAP1	-1.47	8	0.34	0.635	11424	0.962	0.365	6629	0.919
PLEKHA4	-1.46	8	0.34	0.635	11425	0.962	0.365	6628	0.919
ITGA6	-1.46	8	0.34	0.635	11426	0.962	0.365	6627	0.919
NBAS	-1.46	8	0.34	0.635	11427	0.962	0.365	6626	0.919
PTPN1	-1.46	8	0.34	0.635	11428	0.962	0.365	6625	0.919
POM121L12	-1.46	8	0.35	0.635	11429	0.962	0.365	6624	0.919
LRTM1	-1.46	8	0.35	0.635	11430	0.962	0.365	6623	0.919
HSF5	-1.46	8	0.35	0.635	11431	0.962	0.365	6622	0.919
FTMT	-1.46	8	0.35	0.635	11432	0.962	0.365	6621	0.919
TOMM7	-1.46	8	0.35	0.635	11433	0.962	0.365	6620	0.919
BIRC8	-1.46	8	0.35	0.635	11434	0.962	0.365	6619	0.919
MDM2	-1.46	8	0.35	0.635	11435	0.962	0.365	6618	0.919
SUSD4	-1.46	8	0.35	0.635	11436	0.962	0.365	6617	0.919
MYO6	-1.46	8	0.35	0.635	11437	0.962	0.365	6616	0.919
ST8SIA1	-1.46	8	0.35	0.635	11438	0.962	0.365	6615	0.919
GGNBP2	-1.26	6	0.35	0.636	11439	0.962	0.364	6614	0.919
ZNF614	-1.45	8	0.35	0.636	11440	0.962	0.364	6613	0.919
NXF5	-1.03	4	0.35	0.636	11441	0.962	0.364	6612	0.919
CPT2	-1.45	8	0.35	0.636	11442	0.962	0.364	6611	0.919
PCDHGA4	-1.45	8	0.35	0.636	11443	0.962	0.364	6610	0.919
FGF5	-1.45	8	0.35	0.636	11444	0.962	0.364	6609	0.919
AARD	-1.45	8	0.35	0.636	11445	0.962	0.364	6608	0.919
SMARCD3	-1.45	8	0.35	0.636	11446	0.962	0.364	6607	0.919
DOCK5	-1.45	8	0.35	0.636	11447	0.962	0.364	6606	0.919
FOLR2	-1.45	8	0.35	0.636	11448	0.962	0.364	6605	0.919
PHKB	-1.45	8	0.35	0.636	11449	0.962	0.364	6604	0.919
03-Mar	-1.45	8	0.35	0.636	11450	0.962	0.364	6603	0.919
LCN15	-1.45	8	0.35	0.636	11451	0.962	0.364	6602	0.919
SBF2	-1.45	8	0.35	0.636	11452	0.962	0.364	6601	0.919
CREB3L3	-1.45	8	0.35	0.636	11453	0.962	0.364	6600	0.919
C17orf89	-1.45	8	0.35	0.636	11454	0.962	0.364	6599	0.919
SGMS1	-1.45	8	0.35	0.636	11455	0.962	0.364	6598	0.919
ZNF736	-0.72	2	0.35	0.636	11456	0.962	0.364	6597	0.919
RUNX1	-1.45	8	0.35	0.636	11457	0.962	0.364	6596	0.919
MAN2B2	-1.45	8	0.35	0.636	11458	0.962	0.364	6595	0.919
GABRR1	-1.45	8	0.35	0.636	11459	0.962	0.364	6594	0.919
HELQ	-1.45	8	0.35	0.637	11460	0.962	0.363	6593	0.919
CCDC34	-1.44	8	0.35	0.637	11461	0.962	0.363	6592	0.919
OLA1	-1.44	8	0.35	0.637	11462	0.962	0.363	6591	0.919
DNAJA2	-1.44	8	0.35	0.637	11463	0.962	0.363	6590	0.919
SSTR1	-1.44	8	0.35	0.637	11464	0.962	0.363	6589	0.919
NCOA7	-1.44	8	0.35	0.637	11465	0.962	0.363	6588	0.919
PTPRT	-1.44	8	0.35	0.637	11466	0.962	0.363	6587	0.919
NCAM1	-1.44	8	0.35	0.637	11467	0.962	0.363	6586	0.919
PRDM12	-1.44	8	0.35	0.637	11468	0.962	0.363	6585	0.919
FSCN3	-1.44	8	0.35	0.637	11469	0.962	0.363	6584	0.919
FCGBP	-1.44	8	0.35	0.637	11470	0.962	0.363	6583	0.919
GALK2	-1.44	8	0.35	0.637	11471	0.962	0.363	6582	0.919
NDUFA3	-1.44	8	0.35	0.637	11472	0.962	0.363	6581	0.919
CHST13	-1.44	8	0.35	0.637	11473	0.962	0.363	6580	0.919
ANK1	-1.44	8	0.35	0.637	11474	0.962	0.363	6579	0.919
TPD52	-1.44	8	0.35	0.637	11475	0.962	0.363	6578	0.919
PRSS42	-1.44	8	0.35	0.637	11476	0.962	0.363	6577	0.919
RGS20	-1.44	8	0.35	0.637	11477	0.962	0.363	6576	0.919
TAF1	-1.44	8	0.35	0.637	11478	0.962	0.363	6575	0.919
PSMB5	-1.44	8	0.35	0.637	11479	0.962	0.363	6574	0.919
FBXW10	-1.44	8	0.35	0.638	11480	0.962	0.362	6573	0.919
COL22A1	-1.43	8	0.35	0.638	11481	0.962	0.362	6572	0.919
TRIM31	-1.43	8	0.35	0.638	11482	0.962	0.362	6571	0.919
CHRNA6	-1.43	8	0.35	0.638	11483	0.962	0.362	6570	0.919
C11orf86	-1.43	8	0.35	0.638	11484	0.962	0.362	6569	0.919
LGMN	-1.43	8	0.35	0.638	11485	0.962	0.362	6568	0.919
ZNF804B	-1.43	8	0.35	0.638	11486	0.962	0.362	6567	0.919
STX1A	-1.43	8	0.35	0.638	11487	0.962	0.362	6566	0.919
APIP	-1.43	8	0.35	0.638	11488	0.962	0.362	6565	0.919
GABRA2	-1.43	8	0.35	0.638	11489	0.962	0.362	6564	0.919
C2orf43	-1.43	8	0.35	0.638	11490	0.962	0.362	6563	0.919
TOP3B	-1.43	8	0.35	0.638	11491	0.962	0.362	6562	0.919
VAMP2	-1.43	8	0.35	0.638	11492	0.962	0.362	6561	0.919
DUS4L	-1.43	8	0.35	0.638	11493	0.962	0.362	6560	0.919
EXOC6B	-1.43	8	0.35	0.638	11494	0.962	0.362	6559	0.919
04-Mar	-1.43	8	0.35	0.638	11495	0.962	0.362	6558	0.919
TEX29	-1.43	8	0.35	0.638	11496	0.962	0.362	6557	0.919
FAM155B	-1.43	8	0.35	0.638	11497	0.962	0.362	6556	0.919
ELF3	-1.43	8	0.35	0.638	11498	0.962	0.362	6555	0.919
COMMD1	-1.43	8	0.35	0.638	11499	0.962	0.362	6554	0.919
ABCG4	-1.23	6	0.35	0.638	11500	0.962	0.362	6553	0.919
HTR1F	-1.42	8	0.35	0.638	11501	0.962	0.362	6552	0.919
SMARCAD1	-1.42	8	0.35	0.639	11502	0.962	0.361	6551	0.919
BST1	-1.42	8	0.35	0.639	11503	0.962	0.361	6550	0.919
CCL28	-1.23	6	0.36	0.639	11504	0.962	0.361	6549	0.919
EFHC2	-1.42	8	0.36	0.639	11505	0.962	0.361	6548	0.919
PHF7	-1.42	8	0.36	0.639	11506	0.962	0.361	6547	0.919
PRKAR2A	-1.42	8	0.36	0.639	11507	0.962	0.361	6546	0.919
AK8	-1.42	8	0.36	0.639	11508	0.962	0.361	6545	0.919
TPO	-1.42	8	0.36	0.639	11509	0.962	0.361	6544	0.919
GH1	-1.42	8	0.36	0.639	11510	0.962	0.361	6543	0.919
MADD	-1.42	8	0.36	0.639	11511	0.962	0.361	6542	0.919
XRCC2	-1.42	8	0.36	0.639	11512	0.962	0.361	6541	0.919
KISS1	-1.23	6	0.36	0.639	11513	0.962	0.361	6540	0.919
PIK3C2B	-1.41	8	0.36	0.639	11514	0.962	0.361	6539	0.919
CACNG7	-1.41	8	0.36	0.64	11515	0.962	0.36	6538	0.919
ADHFE1	-1.41	8	0.36	0.64	11516	0.962	0.36	6537	0.919
SMDT1	-1.41	8	0.36	0.64	11517	0.962	0.36	6536	0.919
SPSB2	-1.41	8	0.36	0.64	11518	0.962	0.36	6535	0.919
PPFIA4	-1.41	8	0.36	0.64	11519	0.962	0.36	6534	0.919
ENDOV	-1.41	8	0.36	0.64	11520	0.962	0.36	6533	0.919
KHDC1L	-1.41	8	0.36	0.64	11521	0.962	0.36	6532	0.919
OR10G8	-1.41	8	0.36	0.64	11522	0.962	0.36	6531	0.919
C5orf38	-1.41	8	0.36	0.64	11523	0.962	0.36	6530	0.919
MROH2A	-1.41	8	0.36	0.64	11524	0.962	0.36	6529	0.919
AGBL3	-1.41	8	0.36	0.64	11525	0.962	0.36	6528	0.919
LAT2	-1.41	8	0.36	0.64	11526	0.962	0.36	6527	0.919
POMZP3	-0.70	2	0.36	0.64	11527	0.962	0.36	6526	0.919
MAP3K1	-1.41	8	0.36	0.64	11528	0.962	0.36	6525	0.919
OAF	-1.41	8	0.36	0.64	11529	0.962	0.36	6524	0.919
ACOX1	-1.41	8	0.36	0.64	11530	0.962	0.36	6523	0.919
AP5S1	-1.41	8	0.36	0.64	11531	0.962	0.36	6522	0.919
CYP21A2	-1.41	8	0.36	0.64	11532	0.962	0.36	6521	0.919
KIAA1644	-1.41	8	0.36	0.64	11533	0.962	0.36	6520	0.919
ECI1	-1.41	8	0.36	0.64	11534	0.962	0.36	6519	0.919
C1QL2	-1.41	8	0.36	0.64	11535	0.962	0.36	6518	0.919
LCE5A	-1.41	8	0.36	0.64	11536	0.962	0.36	6517	0.919
KIF19	-1.40	8	0.36	0.64	11537	0.962	0.36	6516	0.919
CPNE2	-1.40	8	0.36	0.64	11538	0.962	0.36	6515	0.919
MEST	-1.40	8	0.36	0.64	11539	0.962	0.36	6514	0.919
SNAPC1	-1.40	8	0.36	0.64	11540	0.962	0.36	6513	0.919
TMEM245	-1.40	8	0.36	0.64	11541	0.962	0.36	6512	0.919
GNAT3	-1.40	8	0.36	0.641	11542	0.962	0.359	6511	0.919
CHAT	-1.40	8	0.36	0.641	11543	0.962	0.359	6510	0.919
ZNF624	-1.40	8	0.36	0.641	11544	0.962	0.359	6509	0.919
KEL	-1.40	8	0.36	0.641	11545	0.962	0.359	6508	0.919
COL12A1	-1.40	8	0.36	0.641	11546	0.962	0.359	6507	0.919
RHOV	-1.40	8	0.36	0.641	11547	0.962	0.359	6506	0.919
GADL1	-1.40	8	0.36	0.641	11548	0.962	0.359	6505	0.919
SPATA9	-1.40	8	0.36	0.641	11549	0.962	0.359	6504	0.919
SPAST	-1.40	8	0.36	0.641	11550	0.962	0.359	6503	0.919
LRRFIP1	-1.40	8	0.36	0.641	11551	0.962	0.359	6502	0.919
PCDHB16	-1.40	8	0.36	0.641	11552	0.962	0.359	6501	0.919
ARRB1	-1.31	7	0.36	0.641	11553	0.962	0.359	6500	0.919
RORB	-1.40	8	0.36	0.641	11554	0.962	0.359	6499	0.919
TMEM182	-1.40	8	0.36	0.641	11555	0.962	0.359	6498	0.919
HBM	-1.40	8	0.36	0.641	11556	0.962	0.359	6497	0.919
ZNF35	-1.40	8	0.36	0.641	11557	0.962	0.359	6496	0.919
ATP5S	-1.40	8	0.36	0.641	11558	0.962	0.359	6495	0.919
INTS10	-1.39	8	0.36	0.641	11559	0.962	0.359	6494	0.919
TMEM17	-1.39	8	0.36	0.642	11560	0.962	0.358	6493	0.919
DIO3	-1.39	8	0.36	0.642	11561	0.962	0.358	6492	0.919
CLCNKA	-1.39	8	0.36	0.642	11562	0.962	0.358	6491	0.919
ZNF566	-1.39	8	0.36	0.642	11563	0.962	0.358	6490	0.919
ZNF639	-1.39	8	0.36	0.642	11564	0.962	0.358	6489	0.919
FAM46D	-1.39	8	0.36	0.642	11565	0.962	0.358	6488	0.919
SUCLA2	-1.39	8	0.36	0.642	11566	0.962	0.358	6487	0.919
ARHGDIA	-1.39	8	0.36	0.642	11567	0.962	0.358	6486	0.919
RNMTL1	-1.39	8	0.36	0.642	11568	0.962	0.358	6485	0.919
SPDYC	-1.39	8	0.36	0.642	11569	0.962	0.358	6484	0.919
DCAKD	-1.39	8	0.36	0.642	11570	0.962	0.358	6483	0.919
TRIM45	-1.39	8	0.36	0.642	11571	0.962	0.358	6482	0.919
SSTR3	-1.39	8	0.36	0.642	11572	0.962	0.358	6481	0.919
ZNF394	-1.39	8	0.36	0.642	11573	0.962	0.358	6480	0.919
DPEP3	-1.38	8	0.36	0.642	11574	0.962	0.358	6479	0.919
VDAC3	-1.38	8	0.36	0.642	11575	0.962	0.358	6478	0.919
PF4V1	-1.38	8	0.36	0.642	11576	0.962	0.358	6477	0.919
SLC44A2	-1.38	8	0.36	0.642	11577	0.962	0.358	6476	0.919
KCNC2	-1.38	8	0.37	0.642	11578	0.962	0.358	6475	0.919
S100A10	-1.38	8	0.37	0.642	11579	0.962	0.358	6474	0.919
SPTBN5	-1.38	8	0.37	0.642	11580	0.962	0.358	6473	0.919
SLC25A4	-1.38	8	0.37	0.643	11581	0.962	0.357	6472	0.919
IMPG1	-1.38	8	0.37	0.643	11582	0.962	0.357	6471	0.919
ATP6AP1L	-1.38	8	0.37	0.643	11583	0.962	0.357	6470	0.919
CLN5	-1.38	8	0.37	0.643	11584	0.962	0.357	6469	0.919
MAGEB1	-1.38	8	0.37	0.643	11585	0.962	0.357	6468	0.919
ARPC1A	-1.38	8	0.37	0.643	11586	0.962	0.357	6467	0.919
NFX1	-1.38	8	0.37	0.643	11587	0.962	0.357	6466	0.919
PIP5K1C	-1.38	8	0.37	0.643	11588	0.962	0.357	6465	0.919
PHF20L1	-1.38	8	0.37	0.643	11589	0.962	0.357	6464	0.919
C10orf120	-1.38	8	0.37	0.643	11590	0.962	0.357	6463	0.919
SLC26A7	-1.38	8	0.37	0.643	11591	0.962	0.357	6462	0.919
RP11-93B14.6	-1.38	8	0.37	0.643	11592	0.962	0.357	6461	0.919
SMO	-1.38	8	0.37	0.643	11593	0.962	0.357	6460	0.919
UBXN4	-1.38	8	0.37	0.643	11594	0.962	0.357	6459	0.919
FOXO4	-1.38	8	0.37	0.643	11595	0.962	0.357	6458	0.919
SAAL1	-1.38	8	0.37	0.643	11596	0.962	0.357	6457	0.919
OR1D2	-1.38	8	0.37	0.643	11597	0.962	0.357	6456	0.919
TAPBPL	-1.37	8	0.37	0.643	11598	0.962	0.357	6455	0.919
CDC20B	-1.37	8	0.37	0.643	11599	0.962	0.357	6454	0.919
TTYH2	-1.37	8	0.37	0.643	11600	0.962	0.357	6453	0.919
RALBP1	-1.37	8	0.37	0.644	11601	0.962	0.356	6452	0.919
TUBAL3	-1.37	8	0.37	0.644	11602	0.962	0.356	6451	0.919
ARG2	-1.37	8	0.37	0.644	11603	0.962	0.356	6450	0.919
CCDC170	-1.37	8	0.37	0.644	11604	0.962	0.356	6449	0.919
SSUH2	-1.37	8	0.37	0.644	11605	0.962	0.356	6448	0.919
CTD-2616J11.4	-1.37	8	0.37	0.644	11606	0.962	0.356	6447	0.919
C16orf46	-1.37	8	0.37	0.644	11607	0.962	0.356	6446	0.919
PGBD5	-1.37	8	0.37	0.644	11608	0.962	0.356	6445	0.919
TMEM42	-1.37	8	0.37	0.644	11609	0.962	0.356	6444	0.919
TMEM261	-1.37	8	0.37	0.644	11610	0.962	0.356	6443	0.919
KCNAB1	-1.37	8	0.37	0.644	11611	0.962	0.356	6442	0.919
PPFIBP1	-1.37	8	0.37	0.644	11612	0.962	0.356	6441	0.919
MAB21L2	-1.37	8	0.37	0.644	11613	0.962	0.356	6440	0.919
SLC26A6	-1.37	8	0.37	0.644	11614	0.962	0.356	6439	0.919
ANKRD18A	-0.68	2	0.37	0.644	11615	0.962	0.356	6438	0.919
CTNS	-1.37	8	0.37	0.644	11616	0.962	0.356	6437	0.919
ADAL	-1.37	8	0.37	0.644	11617	0.962	0.356	6436	0.919
BTD	-1.36	8	0.37	0.644	11618	0.962	0.356	6435	0.919
KPNA3	-1.36	8	0.37	0.645	11619	0.962	0.355	6434	0.919
ZNF23	-1.36	8	0.37	0.645	11620	0.962	0.355	6433	0.919
SLC12A9	-1.36	8	0.37	0.645	11621	0.962	0.355	6432	0.919
TRPV6	-1.36	8	0.37	0.645	11622	0.962	0.355	6431	0.919
MYBPC2	-1.36	8	0.37	0.645	11623	0.962	0.355	6430	0.919
MLX	-1.36	8	0.37	0.645	11624	0.962	0.355	6429	0.919
ANKRD35	-1.36	8	0.37	0.645	11625	0.962	0.355	6428	0.919
DUSP14	-1.36	8	0.37	0.645	11626	0.962	0.355	6427	0.919
OR8D2	-1.36	8	0.37	0.645	11627	0.962	0.355	6426	0.919
ILDR2	-1.36	8	0.37	0.645	11628	0.962	0.355	6425	0.919
CTNNA1	-1.36	8	0.37	0.645	11629	0.962	0.355	6424	0.919
DEPDC4	-1.36	8	0.37	0.645	11630	0.962	0.355	6423	0.919
CCDC70	-1.36	8	0.37	0.645	11631	0.962	0.355	6422	0.919
CISD2	-1.36	8	0.37	0.645	11632	0.962	0.355	6421	0.919
SH2D1A	-1.36	8	0.37	0.645	11633	0.962	0.355	6420	0.919
SOGA3	-1.36	8	0.37	0.645	11634	0.962	0.355	6419	0.919
SEMG1	-1.36	8	0.37	0.645	11635	0.962	0.355	6418	0.919
FBXO38	-1.36	8	0.37	0.645	11636	0.962	0.355	6417	0.919
ALOX5	-1.36	8	0.37	0.645	11637	0.962	0.355	6416	0.919
SEC23A	-1.35	8	0.37	0.645	11638	0.962	0.355	6415	0.919
ST6GALNAC3	-1.35	8	0.37	0.645	11639	0.962	0.355	6414	0.919
DHX57	-1.35	8	0.37	0.645	11640	0.962	0.355	6413	0.919
KIF24	-1.35	8	0.37	0.646	11641	0.962	0.354	6412	0.919
HTR2C	-1.35	8	0.37	0.646	11642	0.962	0.354	6411	0.919
CD2	-1.35	8	0.37	0.646	11643	0.962	0.354	6410	0.919
DOK7	-1.35	8	0.37	0.646	11644	0.962	0.354	6409	0.919
PEAR1	-1.35	8	0.37	0.646	11645	0.962	0.354	6408	0.919
ERMP1	-1.35	8	0.37	0.646	11646	0.962	0.354	6407	0.919
MYH15	-1.35	8	0.37	0.646	11647	0.962	0.354	6406	0.919
PGAM2	-1.35	8	0.37	0.646	11648	0.962	0.354	6405	0.919
RAB11B	-1.35	8	0.37	0.646	11649	0.962	0.354	6404	0.919
NAALAD2	-1.35	8	0.37	0.646	11650	0.962	0.354	6403	0.919
FAXC	-1.35	8	0.37	0.646	11651	0.962	0.354	6402	0.919
FOXI2	-1.35	8	0.37	0.646	11652	0.962	0.354	6401	0.919
SLCO1B7	-1.35	8	0.37	0.646	11653	0.962	0.354	6400	0.919
TGM5	-1.26	7	0.37	0.646	11654	0.962	0.354	6399	0.919
ZNF446	-1.35	8	0.37	0.646	11655	0.962	0.354	6398	0.919
KIAA1468	-1.35	8	0.37	0.646	11656	0.962	0.354	6397	0.919
SLC5A7	-1.35	8	0.37	0.646	11657	0.962	0.354	6396	0.919
FAM179A	-1.35	8	0.37	0.646	11658	0.962	0.354	6395	0.919
WNT5A	-1.35	8	0.37	0.646	11659	0.962	0.354	6394	0.919
LAMP5	-1.35	8	0.37	0.646	11660	0.962	0.354	6393	0.919
OR10K2	-1.34	8	0.38	0.646	11661	0.962	0.354	6392	0.919
SHC1	-1.34	8	0.38	0.646	11662	0.962	0.354	6391	0.919
METTL2B	-0.67	2	0.38	0.646	11663	0.962	0.354	6390	0.919
LRRC19	-0.67	2	0.38	0.646	11664	0.962	0.354	6389	0.919
ANP32A	-1.34	8	0.38	0.646	11665	0.962	0.354	6388	0.919
FAM102B	-1.34	8	0.38	0.646	11666	0.962	0.354	6387	0.919
KLHL1	-1.34	8	0.38	0.646	11667	0.962	0.354	6386	0.919
GMNC	-1.34	8	0.38	0.646	11668	0.962	0.354	6385	0.919
SNX21	-1.34	8	0.38	0.647	11669	0.962	0.353	6384	0.919
LYRM7	-1.34	8	0.38	0.647	11670	0.962	0.353	6383	0.919
TDRD5	-1.34	8	0.38	0.647	11671	0.962	0.353	6382	0.919
DLK1	-1.34	8	0.38	0.647	11672	0.962	0.353	6381	0.919
MID1	-1.34	8	0.38	0.647	11673	0.962	0.353	6380	0.919
GOLT1B	-1.34	8	0.38	0.647	11674	0.962	0.353	6379	0.919
DNAJC28	-1.34	8	0.38	0.647	11675	0.962	0.353	6378	0.919
TNFRSF19	-1.34	8	0.38	0.647	11676	0.962	0.353	6377	0.919
CDSN	-1.34	8	0.38	0.647	11677	0.962	0.353	6376	0.919
SAGE1	-1.34	8	0.38	0.647	11678	0.962	0.353	6375	0.919
LNX2	-1.34	8	0.38	0.647	11679	0.962	0.353	6374	0.919
NOTO	-1.34	8	0.38	0.647	11680	0.962	0.353	6373	0.919
CD8A	-1.34	8	0.38	0.647	11681	0.962	0.353	6372	0.919
PHYKPL	-1.34	8	0.38	0.647	11682	0.962	0.353	6371	0.919
FAM81A	-1.34	8	0.38	0.647	11683	0.962	0.353	6370	0.919
ANKRD45	-1.34	8	0.38	0.647	11684	0.962	0.353	6369	0.919
SLC22A23	-1.34	8	0.38	0.647	11685	0.962	0.353	6368	0.919
C21orf62	-1.34	8	0.38	0.647	11686	0.962	0.353	6367	0.919
FANK1	-0.67	2	0.38	0.647	11687	0.962	0.353	6366	0.919
RPA4	-1.34	8	0.38	0.647	11688	0.962	0.353	6365	0.919
SERPINA4	-1.34	8	0.38	0.647	11689	0.962	0.353	6364	0.919
NDUFS3	-1.34	8	0.38	0.647	11690	0.962	0.353	6363	0.919
CDKN2AIP	-1.34	8	0.38	0.647	11691	0.962	0.353	6362	0.919
ZNF804A	-1.34	8	0.38	0.647	11692	0.962	0.353	6361	0.919
HRNR	-1.34	8	0.38	0.647	11693	0.962	0.353	6360	0.919
ZNF248	-1.34	8	0.38	0.647	11694	0.962	0.353	6359	0.919
APC2	-1.34	8	0.38	0.647	11695	0.962	0.353	6358	0.919
CCDC88A	-1.34	8	0.38	0.647	11696	0.962	0.353	6357	0.919
EVC2	-1.34	8	0.38	0.647	11697	0.962	0.353	6356	0.919
FAM168B	-1.34	8	0.38	0.647	11698	0.962	0.353	6355	0.919
CLTCL1	-1.34	8	0.38	0.647	11699	0.962	0.353	6354	0.919
PLCD4	-1.33	8	0.38	0.647	11700	0.962	0.353	6353	0.919
ZNF880	-1.33	8	0.38	0.647	11701	0.962	0.353	6352	0.919
PITX1	-1.33	8	0.38	0.647	11702	0.962	0.353	6351	0.919
CCR6	-1.33	8	0.38	0.647	11703	0.962	0.353	6350	0.919
PCDHB4	-1.33	8	0.38	0.647	11704	0.962	0.353	6349	0.919
TMEM156	-1.33	8	0.38	0.647	11705	0.962	0.353	6348	0.919
C16orf91	-1.33	8	0.38	0.647	11706	0.962	0.353	6347	0.919
TMEM133	-1.25	7	0.38	0.647	11707	0.962	0.353	6346	0.919
BCAP29	-1.33	8	0.38	0.648	11708	0.962	0.352	6345	0.919
ZNF264	-1.33	8	0.38	0.648	11709	0.962	0.352	6344	0.919
TMEM222	-1.33	8	0.38	0.648	11710	0.962	0.352	6343	0.919
MYBL1	-1.33	8	0.38	0.648	11711	0.962	0.352	6342	0.919
B9D1	-1.33	8	0.38	0.648	11712	0.962	0.352	6341	0.919
VPS33B	-1.33	8	0.38	0.648	11713	0.962	0.352	6340	0.919
PRKAR1A	-1.33	8	0.38	0.648	11714	0.962	0.352	6339	0.919
KLK11	-1.33	8	0.38	0.648	11715	0.962	0.352	6338	0.919
RASGEF1B	-1.33	8	0.38	0.648	11716	0.962	0.352	6337	0.919
COL23A1	-1.33	8	0.38	0.648	11717	0.962	0.352	6336	0.919
CCNYL1	-1.33	8	0.38	0.648	11718	0.962	0.352	6335	0.919
ACPT	-1.33	8	0.38	0.648	11719	0.962	0.352	6334	0.919
HIF1AN	-1.33	8	0.38	0.648	11720	0.962	0.352	6333	0.919
C21orf37	-0.66	2	0.38	0.648	11721	0.962	0.352	6332	0.919
OTOGL	-0.94	4	0.38	0.648	11722	0.962	0.352	6331	0.919
FAM153C	-0.66	2	0.38	0.648	11723	0.962	0.352	6330	0.919
ZNF32	-1.32	8	0.38	0.648	11724	0.962	0.352	6329	0.919
ZNF860	-0.94	4	0.38	0.648	11725	0.962	0.352	6328	0.919
WISP1	-1.32	8	0.38	0.648	11726	0.962	0.352	6327	0.919
NMI	-1.32	8	0.38	0.648	11727	0.962	0.352	6326	0.919
LRRC32	-1.32	8	0.38	0.648	11728	0.962	0.352	6325	0.919
SLC27A6	-1.32	8	0.38	0.648	11729	0.962	0.352	6324	0.919
BPIFA3	-1.32	8	0.38	0.648	11730	0.962	0.352	6323	0.919
PLA2G5	-1.32	8	0.38	0.648	11731	0.962	0.352	6322	0.919
SCRN2	-1.32	8	0.38	0.648	11732	0.962	0.352	6321	0.919
XXYLT1	-1.32	8	0.38	0.648	11733	0.962	0.352	6320	0.919
PSD	-1.32	8	0.38	0.648	11734	0.962	0.352	6319	0.919
C10orf71	-1.32	8	0.38	0.649	11735	0.962	0.351	6318	0.919
RGS5	-1.32	8	0.38	0.649	11736	0.962	0.351	6317	0.919
HDGFRP3	-1.32	8	0.38	0.649	11737	0.962	0.351	6316	0.919
CNTROB	-1.32	8	0.38	0.649	11738	0.962	0.351	6315	0.919
DMTF1	-1.32	8	0.38	0.649	11739	0.962	0.351	6314	0.919
PLEKHH1	-1.32	8	0.38	0.649	11740	0.962	0.351	6313	0.919
ACOX3	-1.32	8	0.38	0.649	11741	0.962	0.351	6312	0.919
NFKBID	-1.14	6	0.38	0.649	11742	0.962	0.351	6311	0.919
C17orf77	-1.32	8	0.38	0.649	11743	0.962	0.351	6310	0.919
ZSWIM2	-1.32	8	0.38	0.649	11744	0.962	0.351	6309	0.919
OR51D1	-1.32	8	0.38	0.649	11745	0.962	0.351	6308	0.919
TMEM259	-1.32	8	0.38	0.649	11746	0.962	0.351	6307	0.919
DENND5B	-1.32	8	0.38	0.649	11747	0.962	0.351	6306	0.919
SYNPO2L	-1.31	8	0.38	0.649	11748	0.962	0.351	6305	0.919
DUSP5	-1.31	8	0.38	0.649	11749	0.962	0.351	6304	0.919
LAYN	-1.31	8	0.38	0.649	11750	0.962	0.351	6303	0.919
TPSAB1	-1.31	8	0.38	0.649	11751	0.962	0.351	6302	0.919
DTX2	-1.31	8	0.38	0.649	11752	0.962	0.351	6301	0.919
SLC35B3	-1.31	8	0.38	0.649	11753	0.962	0.351	6300	0.919
UBXN6	-1.31	8	0.38	0.649	11754	0.962	0.351	6299	0.919
EVX2	-1.31	8	0.38	0.649	11755	0.962	0.351	6298	0.919
TPBG	-1.31	8	0.38	0.65	11756	0.962	0.35	6297	0.919
AP2S1	-1.31	8	0.38	0.65	11757	0.962	0.35	6296	0.919
ATP1B2	-1.31	8	0.38	0.65	11758	0.962	0.35	6295	0.919
BMP10	-1.31	8	0.38	0.65	11759	0.962	0.35	6294	0.919
ABLIM1	-1.31	8	0.38	0.65	11760	0.962	0.35	6293	0.919
ZBTB34	-1.31	8	0.38	0.65	11761	0.962	0.35	6292	0.919
GALNT9	-1.31	8	0.38	0.65	11762	0.962	0.35	6291	0.919
CHST7	-1.31	8	0.38	0.65	11763	0.962	0.35	6290	0.919
KCNA5	-1.31	8	0.39	0.65	11764	0.962	0.35	6289	0.919
OCIAD2	-1.31	8	0.39	0.65	11765	0.962	0.35	6288	0.919
WDR16	-1.31	8	0.39	0.65	11766	0.962	0.35	6287	0.919
ST6GALNAC1	-1.30	8	0.39	0.65	11767	0.962	0.35	6286	0.919
C2CD4B	-1.30	8	0.39	0.65	11768	0.962	0.35	6285	0.919
TMX1	-1.30	8	0.39	0.65	11769	0.962	0.35	6284	0.919
AGXT	-1.30	8	0.39	0.65	11770	0.962	0.35	6283	0.919
MAP1LC3C	-1.30	8	0.39	0.65	11771	0.962	0.35	6282	0.919
C8orf87	-1.30	8	0.39	0.65	11772	0.962	0.35	6281	0.919
FAM185A	-1.30	8	0.39	0.65	11773	0.962	0.35	6280	0.919
C3orf30	-1.30	8	0.39	0.65	11774	0.962	0.35	6279	0.919
C20orf26	-1.30	8	0.39	0.65	11775	0.962	0.35	6278	0.919
GRIA1	-1.30	8	0.39	0.65	11776	0.962	0.35	6277	0.919
RANBP10	-1.30	8	0.39	0.65	11777	0.962	0.35	6276	0.919
SUCLG1	-1.30	8	0.39	0.65	11778	0.962	0.35	6275	0.919
OR10AG1	-1.30	8	0.39	0.65	11779	0.962	0.35	6274	0.919
DAO	-1.30	8	0.39	0.65	11780	0.962	0.35	6273	0.919
CCDC129	-1.30	8	0.39	0.65	11781	0.962	0.35	6272	0.919
AANAT	-1.30	8	0.39	0.65	11782	0.962	0.35	6271	0.919
CHMP1B	-1.30	8	0.39	0.65	11783	0.962	0.35	6270	0.919
CHP2	-1.30	8	0.39	0.65	11784	0.962	0.35	6269	0.919
HOXA10	-1.30	8	0.39	0.65	11785	0.962	0.35	6268	0.919
ZNF354C	-1.30	8	0.39	0.65	11786	0.962	0.35	6267	0.919
THYN1	-1.30	8	0.39	0.65	11787	0.962	0.35	6266	0.919
CNN1	-1.30	8	0.39	0.65	11788	0.962	0.35	6265	0.919
SULT1C3	-1.30	8	0.39	0.651	11789	0.962	0.349	6264	0.919
KRBA1	-1.30	8	0.39	0.651	11790	0.962	0.349	6263	0.919
KRBA2	-1.30	8	0.39	0.651	11791	0.962	0.349	6262	0.919
FBN3	-1.30	8	0.39	0.651	11792	0.962	0.349	6261	0.919
BMP2K	-1.30	8	0.39	0.651	11793	0.962	0.349	6260	0.919
ACTL6B	-1.30	8	0.39	0.651	11794	0.962	0.349	6259	0.919
ECH1	-1.30	8	0.39	0.651	11795	0.962	0.349	6258	0.919
C1QA	-1.21	7	0.39	0.651	11796	0.962	0.349	6257	0.919
AP1G2	-1.30	8	0.39	0.651	11797	0.962	0.349	6256	0.919
ARL6IP1	-1.30	8	0.39	0.651	11798	0.962	0.349	6255	0.919
HOXB1	-1.30	8	0.39	0.651	11799	0.962	0.349	6254	0.919
FGD6	-1.30	8	0.39	0.651	11800	0.962	0.349	6253	0.919
ETNPPL	-1.30	8	0.39	0.651	11801	0.962	0.349	6252	0.919
OR10K1	-1.30	8	0.39	0.651	11802	0.962	0.349	6251	0.919
PHLDB3	-1.30	8	0.39	0.651	11803	0.962	0.349	6250	0.919
MAGEE2	-1.29	8	0.39	0.651	11804	0.962	0.349	6249	0.919
TMEM87B	-1.29	8	0.39	0.651	11805	0.962	0.349	6248	0.919
ABHD17A	-1.12	6	0.39	0.651	11806	0.962	0.349	6247	0.919
KIAA1598	-1.29	8	0.39	0.651	11807	0.962	0.349	6246	0.919
HRH1	-1.29	8	0.39	0.651	11808	0.962	0.349	6245	0.919
SLC25A22	-1.29	8	0.39	0.651	11809	0.962	0.349	6244	0.919
S100A8	-1.29	8	0.39	0.651	11810	0.962	0.349	6243	0.919
VAMP4	-1.29	8	0.39	0.651	11811	0.962	0.349	6242	0.919
SREBF1	-1.29	8	0.39	0.651	11812	0.962	0.349	6241	0.919
CD1E	-1.29	8	0.39	0.651	11813	0.962	0.349	6240	0.919
NCF2	-1.29	8	0.39	0.652	11814	0.962	0.348	6239	0.919
ABHD14B	-1.29	8	0.39	0.652	11815	0.962	0.348	6238	0.919
PBDC1	-1.29	8	0.39	0.652	11816	0.962	0.348	6237	0.919
C17orf82	-1.29	8	0.39	0.652	11817	0.962	0.348	6236	0.919
NMNAT1	-1.28	8	0.39	0.652	11818	0.962	0.348	6235	0.919
C4orf26	-1.28	8	0.39	0.652	11819	0.962	0.348	6234	0.919
ZKSCAN1	-1.28	8	0.39	0.652	11820	0.962	0.348	6233	0.919
SPATS2L	-1.28	8	0.39	0.652	11821	0.962	0.348	6232	0.919
C16orf62	-1.28	8	0.39	0.652	11822	0.962	0.348	6231	0.919
ACTRT1	-1.28	8	0.39	0.652	11823	0.962	0.348	6230	0.919
LZTFL1	-1.28	8	0.39	0.652	11824	0.962	0.348	6229	0.919
LYSMD3	-1.28	8	0.39	0.652	11825	0.962	0.348	6228	0.919
SUPT5H	-1.28	8	0.39	0.652	11826	0.962	0.348	6227	0.919
ITGB3	-1.28	8	0.39	0.652	11827	0.962	0.348	6226	0.919
RABIF	-1.28	8	0.39	0.652	11828	0.962	0.348	6225	0.919
TIMM8A	-1.28	8	0.39	0.652	11829	0.962	0.348	6224	0.919
PPAP2C	-1.28	8	0.39	0.652	11830	0.962	0.348	6223	0.919
C12orf61	-1.28	8	0.39	0.653	11831	0.962	0.347	6222	0.919
ZRANB3	-1.28	8	0.39	0.653	11832	0.962	0.347	6221	0.919
NINJ1	-1.28	8	0.39	0.653	11833	0.962	0.347	6220	0.919
FOSL1	-1.28	8	0.39	0.653	11834	0.962	0.347	6219	0.919
SETD1B	-1.28	8	0.39	0.653	11835	0.962	0.347	6218	0.919
RAB6C	-1.28	8	0.39	0.653	11836	0.962	0.347	6217	0.919
RRP1B	-1.28	8	0.39	0.653	11837	0.962	0.347	6216	0.919
RNF122	-1.27	8	0.39	0.653	11838	0.962	0.347	6215	0.919
GRXCR1	-1.27	8	0.39	0.653	11839	0.962	0.347	6214	0.919
FGB	-1.27	8	0.39	0.653	11840	0.962	0.347	6213	0.919
MFSD2B	-1.27	8	0.39	0.653	11841	0.962	0.347	6212	0.919
ARHGEF28	-1.27	8	0.39	0.653	11842	0.962	0.347	6211	0.919
KRTDAP	-1.27	8	0.39	0.653	11843	0.962	0.347	6210	0.919
DPCD	-1.27	8	0.39	0.653	11844	0.962	0.347	6209	0.919
TBC1D31	-1.27	8	0.39	0.653	11845	0.962	0.347	6208	0.919
HDGF	-1.27	8	0.39	0.653	11846	0.962	0.347	6207	0.919
SFTA3	-1.27	8	0.39	0.653	11847	0.962	0.347	6206	0.919
TRIM4	-1.27	8	0.39	0.653	11848	0.962	0.347	6205	0.919
AIMP2	-1.27	8	0.39	0.653	11849	0.962	0.347	6204	0.919
S1PR2	-1.27	8	0.39	0.654	11850	0.962	0.346	6203	0.919
LRG1	-1.27	8	0.39	0.654	11851	0.962	0.346	6202	0.919
SMYD2	-1.27	8	0.40	0.654	11852	0.962	0.346	6201	0.919
CMC1	-0.90	4	0.40	0.654	11853	0.962	0.346	6200	0.919
OR13C3	-1.27	8	0.40	0.654	11854	0.962	0.346	6199	0.919
LHFPL3	-1.27	8	0.40	0.654	11855	0.962	0.346	6198	0.919
PERP	-1.27	8	0.40	0.654	11856	0.962	0.346	6197	0.919
NEUROG1	-1.27	8	0.40	0.654	11857	0.962	0.346	6196	0.919
FAM180B	-1.27	8	0.40	0.654	11858	0.962	0.346	6195	0.919
C3orf20	-1.27	8	0.40	0.654	11859	0.962	0.346	6194	0.919
TNFSF12	-1.27	8	0.40	0.654	11860	0.962	0.346	6193	0.919
FCGR2A	-1.27	8	0.40	0.654	11861	0.962	0.346	6192	0.919
TAF9	-0.90	4	0.40	0.654	11862	0.962	0.346	6191	0.919
NTNG2	-1.27	8	0.40	0.654	11863	0.962	0.346	6190	0.919
SUN2	-1.26	8	0.40	0.654	11864	0.962	0.346	6189	0.919
APOE	-1.26	8	0.40	0.654	11865	0.962	0.346	6188	0.919
IGLL1	-1.26	8	0.40	0.654	11866	0.962	0.346	6187	0.919
SYT6	-1.26	8	0.40	0.654	11867	0.962	0.346	6186	0.919
NTN4	-1.26	8	0.40	0.654	11868	0.962	0.346	6185	0.919
CRYBB3	-1.26	8	0.40	0.654	11869	0.962	0.346	6184	0.919
DUOX2	-1.26	8	0.40	0.654	11870	0.962	0.346	6183	0.919
FAM169B	-1.26	8	0.40	0.654	11871	0.962	0.346	6182	0.919
RAET1L	-0.63	2	0.40	0.654	11872	0.962	0.346	6181	0.919
PDE5A	-1.26	8	0.40	0.654	11873	0.962	0.346	6180	0.919
DHX38	-1.26	8	0.40	0.654	11874	0.962	0.346	6179	0.919
BMP6	-1.26	8	0.40	0.654	11875	0.962	0.346	6178	0.919
ALOX15B	-1.26	8	0.40	0.654	11876	0.962	0.346	6177	0.919
ZNF415	-1.26	8	0.40	0.654	11877	0.962	0.346	6176	0.919
TBC1D22A	-1.26	8	0.40	0.654	11878	0.962	0.346	6175	0.919
CYP1A2	-1.26	8	0.40	0.655	11879	0.962	0.345	6174	0.919
KIAA0895L	-1.26	8	0.40	0.655	11880	0.962	0.345	6173	0.919
AOC1	-1.26	8	0.40	0.655	11881	0.962	0.345	6172	0.919
RCCD1	-1.26	8	0.40	0.655	11882	0.962	0.345	6171	0.919
C1orf51	-1.26	8	0.40	0.655	11883	0.962	0.345	6170	0.919
SLC25A15	-1.26	8	0.40	0.655	11884	0.962	0.345	6169	0.919
FAM135B	-1.26	8	0.40	0.655	11885	0.962	0.345	6168	0.919
PPEF1	-1.25	8	0.40	0.655	11886	0.962	0.345	6167	0.919
UBAP2	-1.25	8	0.40	0.655	11887	0.962	0.345	6166	0.919
SMAD2	-1.25	8	0.40	0.655	11888	0.962	0.345	6165	0.919
SNX1	-1.25	8	0.40	0.655	11889	0.962	0.345	6164	0.919
ZNF480	-1.25	8	0.40	0.655	11890	0.962	0.345	6163	0.919
MNT	-1.25	8	0.40	0.655	11891	0.962	0.345	6162	0.919
DYNLT3	-1.25	8	0.40	0.655	11892	0.962	0.345	6161	0.919
SH2D3C	-1.25	8	0.40	0.655	11893	0.962	0.345	6160	0.919
TBC1D12	-1.25	8	0.40	0.655	11894	0.962	0.345	6159	0.919
ARSF	-1.25	8	0.40	0.655	11895	0.962	0.345	6158	0.919
TMEM220	-1.25	8	0.40	0.655	11896	0.962	0.345	6157	0.919
LRRC28	-1.25	8	0.40	0.655	11897	0.962	0.345	6156	0.919
TOPAZ1	-1.25	8	0.40	0.655	11898	0.962	0.345	6155	0.919
NPAP1	-1.25	8	0.40	0.655	11899	0.962	0.345	6154	0.919
REG3G	-1.08	6	0.40	0.655	11900	0.962	0.345	6153	0.919
PPP5D1	-1.25	8	0.40	0.655	11901	0.962	0.345	6152	0.919
CCDC141	-0.88	4	0.40	0.655	11902	0.962	0.345	6151	0.919
OPCML	-1.25	8	0.40	0.655	11903	0.962	0.345	6150	0.919
CDH17	-1.25	8	0.40	0.656	11904	0.962	0.344	6149	0.919
OPRK1	-1.25	8	0.40	0.656	11905	0.962	0.344	6148	0.919
SLC6A14	-1.25	8	0.40	0.656	11906	0.962	0.344	6147	0.919
SLC35F5	-1.25	8	0.40	0.656	11907	0.962	0.344	6146	0.919
SMIM14	-1.25	8	0.40	0.656	11908	0.962	0.344	6145	0.919
PVALB	-1.25	8	0.40	0.656	11909	0.962	0.344	6144	0.919
ADA	-1.24	8	0.40	0.656	11910	0.962	0.344	6143	0.919
ENTPD3	-1.24	8	0.40	0.656	11911	0.962	0.344	6142	0.919
GAST	-1.08	6	0.40	0.656	11912	0.962	0.344	6141	0.919
PPP4R1L	-1.24	8	0.40	0.656	11913	0.962	0.344	6140	0.919
WASF3	-1.24	8	0.40	0.656	11914	0.962	0.344	6139	0.919
DHRS4L2	-1.07	6	0.40	0.656	11915	0.962	0.344	6138	0.919
FOXN3	-1.24	8	0.40	0.656	11916	0.962	0.344	6137	0.919
WDR27	-1.24	8	0.40	0.656	11917	0.962	0.344	6136	0.919
CLIC1	-1.24	8	0.40	0.656	11918	0.962	0.344	6135	0.919
FPGT	-0.62	2	0.40	0.656	11919	0.962	0.344	6134	0.919
CD320	-1.24	8	0.40	0.656	11920	0.962	0.344	6133	0.919
RBM47	-1.24	8	0.40	0.656	11921	0.962	0.344	6132	0.919
PSORS1C2	-1.24	8	0.40	0.656	11922	0.962	0.344	6131	0.919
GRIN2C	-1.24	8	0.40	0.656	11923	0.962	0.344	6130	0.919
FAM90A26	-0.88	4	0.40	0.656	11924	0.962	0.344	6129	0.919
BMP3	-1.24	8	0.40	0.656	11925	0.962	0.344	6128	0.919
RAB3A	-1.24	8	0.40	0.657	11926	0.962	0.343	6127	0.919
ZFYVE1	-1.24	8	0.40	0.657	11927	0.962	0.343	6126	0.919
CRYM	-1.24	8	0.40	0.657	11928	0.962	0.343	6125	0.919
LMO1	-1.24	8	0.40	0.657	11929	0.962	0.343	6124	0.919
CCDC39	-1.24	8	0.40	0.657	11930	0.962	0.343	6123	0.919
FAM26D	-1.23	8	0.40	0.657	11931	0.962	0.343	6122	0.919
KLHL26	-1.23	8	0.40	0.657	11932	0.962	0.343	6121	0.919
PTPRN	-1.23	8	0.40	0.657	11933	0.962	0.343	6120	0.919
TMCC3	-1.23	8	0.40	0.657	11934	0.962	0.343	6119	0.919
LOXL2	-1.23	8	0.40	0.657	11935	0.962	0.343	6118	0.919
MAP1B	-1.23	8	0.40	0.657	11936	0.962	0.343	6117	0.919
HOXA9	-1.23	8	0.40	0.657	11937	0.962	0.343	6116	0.919
OR51F1	-1.23	8	0.40	0.657	11938	0.962	0.343	6115	0.919
BZW2	-1.23	8	0.40	0.657	11939	0.962	0.343	6114	0.919
EFNA1	-1.23	8	0.40	0.657	11940	0.962	0.343	6113	0.919
RASEF	-1.23	8	0.40	0.657	11941	0.962	0.343	6112	0.919
SPINK6	-1.23	8	0.40	0.657	11942	0.962	0.343	6111	0.919
MGAM	-1.23	8	0.41	0.657	11943	0.962	0.343	6110	0.919
MOCS1	-1.23	8	0.41	0.657	11944	0.962	0.343	6109	0.919
ADI1	-1.23	8	0.41	0.657	11945	0.962	0.343	6108	0.919
CBX1	-1.23	8	0.41	0.657	11946	0.962	0.343	6107	0.919
RAC3	-1.23	8	0.41	0.657	11947	0.962	0.343	6106	0.919
HLA-DOB	-1.23	8	0.41	0.657	11948	0.962	0.343	6105	0.919
HIF1A	-1.23	8	0.41	0.657	11949	0.962	0.343	6104	0.919
DZIP3	-1.23	8	0.41	0.658	11950	0.962	0.342	6103	0.919
FAM227B	-1.23	8	0.41	0.658	11951	0.962	0.342	6102	0.919
KNG1	-1.23	8	0.41	0.658	11952	0.962	0.342	6101	0.919
AP1G1	-1.23	8	0.41	0.658	11953	0.962	0.342	6100	0.919
PPP1R16A	-1.22	8	0.41	0.658	11954	0.962	0.342	6099	0.919
GPR85	-1.22	8	0.41	0.658	11955	0.962	0.342	6098	0.919
FTO	-1.22	8	0.41	0.658	11956	0.962	0.342	6097	0.919
KRTAP5-9	-0.61	2	0.41	0.658	11957	0.962	0.342	6096	0.919
PKD1	-1.22	8	0.41	0.658	11958	0.962	0.342	6095	0.919
EFCAB4A	-1.22	8	0.41	0.658	11959	0.962	0.342	6094	0.919
ITM2A	-1.22	8	0.41	0.658	11960	0.962	0.342	6093	0.919
OGFOD1	-1.22	8	0.41	0.658	11961	0.962	0.342	6092	0.919
TLE3	-1.22	8	0.41	0.658	11962	0.962	0.342	6091	0.919
SLC7A13	-1.22	8	0.41	0.658	11963	0.962	0.342	6090	0.919
SMCO2	-1.22	8	0.41	0.658	11964	0.962	0.342	6089	0.919
ARFGAP2	-1.22	8	0.41	0.658	11965	0.962	0.342	6088	0.919
ZNF549	-1.22	8	0.41	0.658	11966	0.962	0.342	6087	0.919
NOS3	-1.22	8	0.41	0.658	11967	0.962	0.342	6086	0.919
SLC1A6	-1.22	8	0.41	0.658	11968	0.962	0.342	6085	0.919
PITPNA	-1.22	8	0.41	0.658	11969	0.962	0.342	6084	0.919
CASZ1	-1.22	8	0.41	0.658	11970	0.962	0.342	6083	0.919
OSR1	-1.22	8	0.41	0.658	11971	0.962	0.342	6082	0.919
JMJD1C	-1.22	8	0.41	0.658	11972	0.962	0.342	6081	0.919
FIGNL1	-1.22	8	0.41	0.659	11973	0.962	0.341	6080	0.919
MAGEA11	-1.22	8	0.41	0.659	11974	0.962	0.341	6079	0.919
COL21A1	-1.22	8	0.41	0.659	11975	0.962	0.341	6078	0.919
SYTL3	-1.22	8	0.41	0.659	11976	0.962	0.341	6077	0.919
ALDH2	-1.14	7	0.41	0.659	11977	0.962	0.341	6076	0.919
ZNF281	-1.22	8	0.41	0.659	11978	0.962	0.341	6075	0.919
ISX	-1.21	8	0.41	0.659	11979	0.962	0.341	6074	0.919
CLDN11	-1.21	8	0.41	0.659	11980	0.962	0.341	6073	0.919
PRICKLE2	-1.21	8	0.41	0.659	11981	0.962	0.341	6072	0.919
ESPNL	-1.21	8	0.41	0.659	11982	0.962	0.341	6071	0.919
CLU	-1.21	8	0.41	0.659	11983	0.962	0.341	6070	0.919
NFRKB	-1.21	8	0.41	0.659	11984	0.962	0.341	6069	0.919
MRGPRE	-1.21	8	0.41	0.659	11985	0.962	0.341	6068	0.919
BET1	-1.05	6	0.41	0.659	11986	0.962	0.341	6067	0.919
TMEM65	-1.21	8	0.41	0.659	11987	0.962	0.341	6066	0.919
C4orf32	-1.21	8	0.41	0.659	11988	0.962	0.341	6065	0.919
SOWAHC	-1.21	8	0.41	0.659	11989	0.962	0.341	6064	0.919
PLAGL1	-1.21	8	0.41	0.659	11990	0.962	0.341	6063	0.919
ALDH3A2	-1.21	8	0.41	0.659	11991	0.962	0.341	6062	0.919
SERPINB12	-1.21	8	0.41	0.659	11992	0.962	0.341	6061	0.919
PWWP2A	-1.21	8	0.41	0.659	11993	0.962	0.341	6060	0.919
IFT122	-1.21	8	0.41	0.659	11994	0.962	0.341	6059	0.919
TBC1D9	-1.21	8	0.41	0.659	11995	0.962	0.341	6058	0.919
CHRNA2	-1.21	8	0.41	0.659	11996	0.962	0.341	6057	0.919
ACSL6	-1.21	8	0.41	0.659	11997	0.962	0.341	6056	0.919
ADAMTS2	-1.21	8	0.41	0.66	11998	0.962	0.34	6055	0.919
CSTL1	-1.21	8	0.41	0.66	11999	0.962	0.34	6054	0.919
CUX1	-1.20	8	0.41	0.66	12000	0.962	0.34	6053	0.919
CDH16	-1.20	8	0.41	0.66	12001	0.962	0.34	6052	0.919
PRSS33	-1.20	8	0.41	0.66	12002	0.962	0.34	6051	0.919
SEC14L3	-1.20	8	0.41	0.66	12003	0.962	0.34	6050	0.919
ANKMY2	-1.20	8	0.41	0.66	12004	0.962	0.34	6049	0.919
FGGY	-1.20	8	0.41	0.66	12005	0.962	0.34	6048	0.919
CRNN	-1.20	8	0.41	0.66	12006	0.962	0.34	6047	0.919
MED7	-1.12	7	0.41	0.66	12007	0.962	0.34	6046	0.919
TXNL1	-1.12	7	0.41	0.66	12008	0.962	0.34	6045	0.919
GSTP1	-1.20	8	0.41	0.66	12009	0.962	0.34	6044	0.919
MSLN	-1.20	8	0.41	0.66	12010	0.962	0.34	6043	0.919
FGF1	-1.20	8	0.41	0.66	12011	0.962	0.34	6042	0.919
OR4C15	-1.20	8	0.41	0.66	12012	0.962	0.34	6041	0.919
ARHGEF38	-1.20	8	0.41	0.66	12013	0.962	0.34	6040	0.919
STAG1	-1.20	8	0.41	0.66	12014	0.962	0.34	6039	0.919
COTL1	-1.20	8	0.41	0.66	12015	0.962	0.34	6038	0.919
MTMR6	-1.19	8	0.41	0.661	12016	0.962	0.339	6037	0.919
REEP4	-1.19	8	0.41	0.661	12017	0.962	0.339	6036	0.919
CFH	-1.19	8	0.41	0.661	12018	0.962	0.339	6035	0.919
BRD3	-1.19	8	0.41	0.661	12019	0.962	0.339	6034	0.919
IL22	-1.19	8	0.41	0.661	12020	0.962	0.339	6033	0.919
FAM19A2	-1.19	8	0.41	0.661	12021	0.962	0.339	6032	0.919
FAM184B	-1.19	8	0.41	0.661	12022	0.962	0.339	6031	0.919
RIMBP2	-1.19	8	0.42	0.661	12023	0.962	0.339	6030	0.919
FAM84B	-1.19	8	0.42	0.661	12024	0.962	0.339	6029	0.919
WISP2	-1.19	8	0.42	0.661	12025	0.962	0.339	6028	0.919
EXT1	-1.19	8	0.42	0.661	12026	0.962	0.339	6027	0.919
ACBD5	-1.19	8	0.42	0.661	12027	0.962	0.339	6026	0.919
ADARB1	-1.19	8	0.42	0.661	12028	0.962	0.339	6025	0.919
SUMO4	-1.03	6	0.42	0.661	12029	0.962	0.339	6024	0.919
GSPT2	-1.19	8	0.42	0.661	12030	0.962	0.339	6023	0.919
RNF220	-1.19	8	0.42	0.661	12031	0.962	0.339	6022	0.919
ONECUT3	-1.19	8	0.42	0.661	12032	0.962	0.339	6021	0.919
PRR15	-1.19	8	0.42	0.661	12033	0.962	0.339	6020	0.919
MEIS1	-1.19	8	0.42	0.661	12034	0.962	0.339	6019	0.919
KLHL31	-1.19	8	0.42	0.661	12035	0.962	0.339	6018	0.919
IGIP	-1.19	8	0.42	0.661	12036	0.962	0.339	6017	0.919
VSIG1	-1.19	8	0.42	0.661	12037	0.962	0.339	6016	0.919
NECAB2	-1.18	8	0.42	0.662	12038	0.962	0.338	6015	0.919
ZNF432	-1.18	8	0.42	0.662	12039	0.962	0.338	6014	0.919
NPIPB5	-0.84	4	0.42	0.662	12040	0.962	0.338	6013	0.919
LCP2	-1.18	8	0.42	0.662	12041	0.962	0.338	6012	0.919
MMP8	-1.18	8	0.42	0.662	12042	0.962	0.338	6011	0.919
ZNF701	-0.84	4	0.42	0.662	12043	0.962	0.338	6010	0.919
GORAB	-1.18	8	0.42	0.662	12044	0.962	0.338	6009	0.919
PCDHB7	-1.18	8	0.42	0.662	12045	0.962	0.338	6008	0.919
GRIN2A	-1.18	8	0.42	0.662	12046	0.962	0.338	6007	0.919
HEY1	-1.18	8	0.42	0.662	12047	0.962	0.338	6006	0.919
KCNJ10	-1.18	8	0.42	0.662	12048	0.962	0.338	6005	0.919
FAM111A	-1.18	8	0.42	0.662	12049	0.962	0.338	6004	0.919
BRI3	-1.18	8	0.42	0.662	12050	0.962	0.338	6003	0.919
EMC10	-1.18	8	0.42	0.662	12051	0.962	0.338	6002	0.919
POU4F2	-1.18	8	0.42	0.662	12052	0.962	0.338	6001	0.919
ARHGAP15	-1.18	8	0.42	0.662	12053	0.962	0.338	6000	0.919
SERPINE3	-1.18	8	0.42	0.662	12054	0.962	0.338	5999	0.919
SERPINC1	-1.18	8	0.42	0.662	12055	0.962	0.338	5998	0.919
TK2	-1.18	8	0.42	0.662	12056	0.962	0.338	5997	0.919
ZNF678	-0.83	4	0.42	0.662	12057	0.962	0.338	5996	0.919
RBFOX1	-1.02	6	0.42	0.662	12058	0.962	0.338	5995	0.919
CTBS	-1.18	8	0.42	0.662	12059	0.962	0.338	5994	0.919
SLC5A6	-1.18	8	0.42	0.662	12060	0.962	0.338	5993	0.919
PLEKHF1	-1.17	8	0.42	0.662	12061	0.962	0.338	5992	0.919
VWA9	-1.17	8	0.42	0.662	12062	0.962	0.338	5991	0.919
GIPR	-1.17	8	0.42	0.663	12063	0.962	0.337	5990	0.919
PCCA	-1.17	8	0.42	0.663	12064	0.962	0.337	5989	0.919
DVL1	-1.17	8	0.42	0.663	12065	0.962	0.337	5988	0.919
RCBTB2	-1.17	8	0.42	0.663	12066	0.962	0.337	5987	0.919
SMIM1	-1.17	8	0.42	0.663	12067	0.962	0.337	5986	0.919
TMEM186	-1.17	8	0.42	0.663	12068	0.962	0.337	5985	0.919
HSD3B1	-1.17	8	0.42	0.663	12069	0.962	0.337	5984	0.919
CTNNA2	-1.17	8	0.42	0.663	12070	0.962	0.337	5983	0.919
SRD5A1	-1.17	8	0.42	0.663	12071	0.962	0.337	5982	0.919
CNGA2	-1.17	8	0.42	0.663	12072	0.962	0.337	5981	0.919
UGT8	-1.17	8	0.42	0.663	12073	0.962	0.337	5980	0.919
SMIM9	-1.17	8	0.42	0.663	12074	0.962	0.337	5979	0.919
INS	-1.17	8	0.42	0.663	12075	0.962	0.337	5978	0.919
SLITRK2	-1.17	8	0.42	0.663	12076	0.962	0.337	5977	0.919
DCX	-1.17	8	0.42	0.663	12077	0.962	0.337	5976	0.919
TAX1BP3	-1.17	8	0.42	0.663	12078	0.962	0.337	5975	0.919
PANX2	-1.17	8	0.42	0.663	12079	0.962	0.337	5974	0.919
LTC4S	-1.17	8	0.42	0.663	12080	0.962	0.337	5973	0.919
COL24A1	-1.17	8	0.42	0.663	12081	0.962	0.337	5972	0.919
HIST1H4G	-1.16	8	0.42	0.663	12082	0.962	0.337	5971	0.919
CCDC154	-1.16	8	0.42	0.663	12083	0.962	0.337	5970	0.919
CDH2	-1.16	8	0.42	0.663	12084	0.962	0.337	5969	0.919
CAPSL	-1.16	8	0.42	0.663	12085	0.962	0.337	5968	0.919
UBQLN2	-1.16	8	0.42	0.663	12086	0.962	0.337	5967	0.919
OR11L1	-1.16	8	0.42	0.663	12087	0.962	0.337	5966	0.919
SOSTDC1	-1.16	8	0.42	0.663	12088	0.962	0.337	5965	0.919
MRGPRG	-1.16	8	0.42	0.663	12089	0.962	0.337	5964	0.919
HPSE	-1.16	8	0.42	0.663	12090	0.962	0.337	5963	0.919
GCKR	-1.16	8	0.42	0.664	12091	0.962	0.336	5962	0.919
ZFPL1	-1.16	8	0.42	0.664	12092	0.962	0.336	5961	0.919
C7orf61	-1.16	8	0.42	0.664	12093	0.962	0.336	5960	0.919
OTUD1	-1.16	8	0.42	0.664	12094	0.962	0.336	5959	0.919
DAGLB	-1.16	8	0.42	0.664	12095	0.962	0.336	5958	0.919
SLC25A21	-1.16	8	0.42	0.664	12096	0.962	0.336	5957	0.919
CXXC4	-1.16	8	0.42	0.664	12097	0.962	0.336	5956	0.919
ASPA	-1.16	8	0.42	0.664	12098	0.962	0.336	5955	0.919
STEAP1B	-1.16	8	0.42	0.664	12099	0.962	0.336	5954	0.919
C11orf30	-1.16	8	0.42	0.664	12100	0.962	0.336	5953	0.919
FAM219B	-1.16	8	0.42	0.664	12101	0.962	0.336	5952	0.919
IL24	-1.16	8	0.42	0.664	12102	0.962	0.336	5951	0.919
GRB14	-1.16	8	0.42	0.664	12103	0.962	0.336	5950	0.919
C10orf111	-1.16	8	0.42	0.664	12104	0.962	0.336	5949	0.919
TMEM135	-1.16	8	0.42	0.664	12105	0.962	0.336	5948	0.919
CD38	-1.16	8	0.42	0.664	12106	0.962	0.336	5947	0.919
METTL8	-1.16	8	0.42	0.664	12107	0.962	0.336	5946	0.919
MYPN	-1.16	8	0.42	0.664	12108	0.962	0.336	5945	0.919
USP16	-1.15	8	0.42	0.664	12109	0.962	0.336	5944	0.919
B3GNT1	-1.15	8	0.42	0.664	12110	0.962	0.336	5943	0.919
TYRO3	-1.15	8	0.42	0.664	12111	0.962	0.336	5942	0.919
H1F0	-1.15	8	0.42	0.664	12112	0.962	0.336	5941	0.919
SSH1	-1.15	8	0.42	0.664	12113	0.962	0.336	5940	0.919
NXPH1	-1.15	8	0.42	0.665	12114	0.962	0.335	5939	0.919
ITGB1BP2	-1.15	8	0.43	0.665	12115	0.962	0.335	5938	0.919
FITM2	-1.15	8	0.43	0.665	12116	0.962	0.335	5937	0.919
LY6E	-1.15	8	0.43	0.665	12117	0.962	0.335	5936	0.919
CEP152	-1.00	6	0.43	0.665	12118	0.962	0.335	5935	0.919
DUXA	-1.15	8	0.43	0.665	12119	0.962	0.335	5934	0.919
SFRP5	-1.15	8	0.43	0.665	12120	0.962	0.335	5933	0.919
UNC5A	-1.15	8	0.43	0.665	12121	0.962	0.335	5932	0.919
PAN2	-1.15	8	0.43	0.665	12122	0.962	0.335	5931	0.919
PTH1R	-1.15	8	0.43	0.665	12123	0.962	0.335	5930	0.919
APOL5	-1.15	8	0.43	0.665	12124	0.962	0.335	5929	0.919
CLTA	-1.15	8	0.43	0.665	12125	0.962	0.335	5928	0.919
MT1HL1	-0.81	4	0.43	0.665	12126	0.962	0.335	5927	0.919
LRP2	-1.15	8	0.43	0.665	12127	0.962	0.335	5926	0.919
STXBP4	-1.15	8	0.43	0.665	12128	0.962	0.335	5925	0.919
TOP1MT	-1.14	8	0.43	0.665	12129	0.962	0.335	5924	0.919
AC016757.3	-1.14	8	0.43	0.665	12130	0.962	0.335	5923	0.919
SOX5	-1.14	8	0.43	0.665	12131	0.962	0.335	5922	0.919
CTNNA3	-1.14	8	0.43	0.665	12132	0.962	0.335	5921	0.919
SCML1	-1.14	8	0.43	0.665	12133	0.962	0.335	5920	0.919
SLC6A3	-1.14	8	0.43	0.665	12134	0.962	0.335	5919	0.919
TMC6	-1.14	8	0.43	0.665	12135	0.962	0.335	5918	0.919
ZNF749	-1.14	8	0.43	0.666	12136	0.962	0.334	5917	0.919
IGFBP4	-1.14	8	0.43	0.666	12137	0.962	0.334	5916	0.919
FST	-1.14	8	0.43	0.666	12138	0.962	0.334	5915	0.919
UNC93A	-1.14	8	0.43	0.666	12139	0.962	0.334	5914	0.919
TMC7	-1.14	8	0.43	0.666	12140	0.962	0.334	5913	0.919
TARM1	-1.14	8	0.43	0.666	12141	0.962	0.334	5912	0.919
CALB2	-1.14	8	0.43	0.666	12142	0.962	0.334	5911	0.919
KATNAL2	-1.14	8	0.43	0.666	12143	0.962	0.334	5910	0.919
ABHD12	-1.14	8	0.43	0.666	12144	0.962	0.334	5909	0.919
HABP4	-1.14	8	0.43	0.666	12145	0.962	0.334	5908	0.919
PEG10	-1.13	8	0.43	0.666	12146	0.962	0.334	5907	0.919
WASL	-1.13	8	0.43	0.666	12147	0.962	0.334	5906	0.919
ELOVL3	-1.13	8	0.43	0.666	12148	0.962	0.334	5905	0.919
ELMOD1	-1.13	8	0.43	0.666	12149	0.962	0.334	5904	0.919
DPPA2	-1.13	8	0.43	0.666	12150	0.962	0.334	5903	0.919
ZNF174	-1.13	8	0.43	0.666	12151	0.962	0.334	5902	0.919
HPN	-1.13	8	0.43	0.666	12152	0.962	0.334	5901	0.919
PNLIPRP1	-1.13	8	0.43	0.666	12153	0.962	0.334	5900	0.919
CDKL4	-1.13	8	0.43	0.667	12154	0.962	0.333	5899	0.919
ZNF350	-1.13	8	0.43	0.667	12155	0.962	0.333	5898	0.919
HSPA6	-1.13	8	0.43	0.667	12156	0.962	0.333	5897	0.919
EIF2S2	-0.80	4	0.43	0.667	12157	0.962	0.333	5896	0.919
U82695.9	-1.13	8	0.43	0.667	12158	0.962	0.333	5895	0.919
DPP10	-1.13	8	0.43	0.667	12159	0.962	0.333	5894	0.919
A2M	-1.13	8	0.43	0.667	12160	0.962	0.333	5893	0.919
RNF5	-1.13	8	0.43	0.667	12161	0.962	0.333	5892	0.919
PTK2B	-1.13	8	0.43	0.667	12162	0.962	0.333	5891	0.919
ADAMTS19	-1.13	8	0.43	0.667	12163	0.962	0.333	5890	0.919
C6	-1.13	8	0.43	0.667	12164	0.962	0.333	5889	0.919
FNBP1	-1.13	8	0.43	0.667	12165	0.962	0.333	5888	0.919
CCNC	-1.12	8	0.43	0.667	12166	0.962	0.333	5887	0.919
PARP3	-1.12	8	0.43	0.667	12167	0.962	0.333	5886	0.919
GPC6	-1.12	8	0.43	0.667	12168	0.962	0.333	5885	0.919
ZUFSP	-1.12	8	0.43	0.667	12169	0.962	0.333	5884	0.919
ATP5L	-0.97	6	0.43	0.667	12170	0.962	0.333	5883	0.919
GABRG3	-1.12	8	0.43	0.667	12171	0.962	0.333	5882	0.919
CEACAM18	-1.12	8	0.43	0.667	12172	0.962	0.333	5881	0.919
TLR10	-1.12	8	0.43	0.667	12173	0.962	0.333	5880	0.919
OR5J2	-1.12	8	0.43	0.667	12174	0.962	0.333	5879	0.919
CCDC107	-1.12	8	0.43	0.668	12175	0.962	0.332	5878	0.919
RASAL1	-1.12	8	0.43	0.668	12176	0.962	0.332	5877	0.919
FBLL1	-1.12	8	0.43	0.668	12177	0.962	0.332	5876	0.919
TENM3	-1.12	8	0.43	0.668	12178	0.962	0.332	5875	0.919
DLGAP2	-1.12	8	0.43	0.668	12179	0.962	0.332	5874	0.919
SMARCE1	-1.12	8	0.43	0.668	12180	0.962	0.332	5873	0.919
MAVS	-1.12	8	0.43	0.668	12181	0.962	0.332	5872	0.919
LMO3	-1.12	8	0.43	0.668	12182	0.962	0.332	5871	0.919
C1orf68	-1.12	8	0.43	0.668	12183	0.962	0.332	5870	0.919
THAP8	-1.12	8	0.43	0.668	12184	0.962	0.332	5869	0.919
ZNF653	-1.11	8	0.43	0.668	12185	0.962	0.332	5868	0.919
ACSBG2	-1.11	8	0.43	0.668	12186	0.962	0.332	5867	0.919
MATN2	-1.11	8	0.43	0.668	12187	0.962	0.332	5866	0.919
DGKD	-1.11	8	0.44	0.668	12188	0.962	0.332	5865	0.919
CXorf21	-1.11	8	0.44	0.668	12189	0.962	0.332	5864	0.919
OR7G1	-1.11	8	0.44	0.668	12190	0.962	0.332	5863	0.919
TAOK2	-0.96	6	0.44	0.668	12191	0.962	0.332	5862	0.919
GCHFR	-1.11	8	0.44	0.668	12192	0.962	0.332	5861	0.919
CPN2	-1.11	8	0.44	0.668	12193	0.962	0.332	5860	0.919
LCE3B	-1.11	8	0.44	0.668	12194	0.962	0.332	5859	0.919
KIF3B	-1.11	8	0.44	0.668	12195	0.962	0.332	5858	0.919
MUC21	-1.11	8	0.44	0.669	12196	0.962	0.331	5857	0.919
OSBPL3	-1.11	8	0.44	0.669	12197	0.962	0.331	5856	0.919
DLEU7	-1.11	8	0.44	0.669	12198	0.962	0.331	5855	0.919
IGSF23	-1.11	8	0.44	0.669	12199	0.962	0.331	5854	0.919
PON1	-1.11	8	0.44	0.669	12200	0.962	0.331	5853	0.919
XKRX	-1.11	8	0.44	0.669	12201	0.962	0.331	5852	0.919
IL13RA2	-1.11	8	0.44	0.669	12202	0.962	0.331	5851	0.919
C11orf68	-1.10	8	0.44	0.669	12203	0.962	0.331	5850	0.919
SDHD	-1.10	8	0.44	0.669	12204	0.962	0.331	5849	0.919
B3GALNT2	-1.10	8	0.44	0.669	12205	0.962	0.331	5848	0.919
CCM2	-1.10	8	0.44	0.669	12206	0.962	0.331	5847	0.919
SURF1	-1.10	8	0.44	0.669	12207	0.962	0.331	5846	0.919
NXT2	-1.10	8	0.44	0.669	12208	0.962	0.331	5845	0.919
TMEM59	-1.10	8	0.44	0.669	12209	0.962	0.331	5844	0.919
CLEC1A	-1.10	8	0.44	0.669	12210	0.962	0.331	5843	0.919
ADCK4	-1.10	8	0.44	0.669	12211	0.962	0.331	5842	0.919
LY6H	-1.10	8	0.44	0.67	12212	0.962	0.33	5841	0.919
LIPI	-1.10	8	0.44	0.67	12213	0.962	0.33	5840	0.919
NR2C2	-1.10	8	0.44	0.67	12214	0.962	0.33	5839	0.919
CR2	-0.87	5	0.44	0.67	12215	0.962	0.33	5838	0.919
PRIMA1	-1.10	8	0.44	0.67	12216	0.962	0.33	5837	0.919
ZSCAN30	-1.10	8	0.44	0.67	12217	0.962	0.33	5836	0.919
SLC22A14	-1.10	8	0.44	0.67	12218	0.962	0.33	5835	0.919
FAT1	-1.10	8	0.44	0.67	12219	0.962	0.33	5834	0.919
AP4S1	-1.09	8	0.44	0.67	12220	0.962	0.33	5833	0.919
MAP2K5	-1.09	8	0.44	0.67	12221	0.962	0.33	5832	0.919
ICOSLG	-1.09	8	0.44	0.67	12222	0.962	0.33	5831	0.919
PROM1	-1.09	8	0.44	0.67	12223	0.962	0.33	5830	0.919
HIST1H3D	-0.55	2	0.44	0.67	12224	0.962	0.33	5829	0.919
FAXDC2	-1.09	8	0.44	0.67	12225	0.962	0.33	5828	0.919
TRAF3IP3	-1.09	8	0.44	0.67	12226	0.962	0.33	5827	0.919
NTSR1	-1.09	8	0.44	0.67	12227	0.962	0.33	5826	0.919
FAM65B	-1.09	8	0.44	0.67	12228	0.962	0.33	5825	0.919
AEBP1	-1.09	8	0.44	0.67	12229	0.962	0.33	5824	0.919
CCR3	-1.09	8	0.44	0.67	12230	0.962	0.33	5823	0.919
PGLYRP4	-1.09	8	0.44	0.67	12231	0.962	0.33	5822	0.919
SMG8	-1.09	8	0.44	0.67	12232	0.962	0.33	5821	0.919
FAM47B	-1.09	8	0.44	0.67	12233	0.962	0.33	5820	0.919
ZNF582	-1.09	8	0.44	0.671	12234	0.962	0.329	5819	0.919
CLMN	-1.09	8	0.44	0.671	12235	0.962	0.329	5818	0.919
CREBRF	-1.09	8	0.44	0.671	12236	0.962	0.329	5817	0.919
INHBC	-1.09	8	0.44	0.671	12237	0.962	0.329	5816	0.919
PRAC1	-0.94	6	0.44	0.671	12238	0.962	0.329	5815	0.919
PATL2	-1.09	8	0.44	0.671	12239	0.962	0.329	5814	0.919
SCGB1D1	-1.09	8	0.44	0.671	12240	0.962	0.329	5813	0.919
ARHGEF2	-1.08	8	0.44	0.671	12241	0.962	0.329	5812	0.919
DDX28	-1.08	8	0.44	0.671	12242	0.962	0.329	5811	0.919
NPC2	-1.08	8	0.44	0.671	12243	0.962	0.329	5810	0.919
DCAF5	-1.08	8	0.44	0.671	12244	0.962	0.329	5809	0.919
LYL1	-1.08	8	0.44	0.671	12245	0.962	0.329	5808	0.919
RGS1	-1.08	8	0.44	0.671	12246	0.962	0.329	5807	0.919
HMGN1	-0.54	2	0.44	0.671	12247	0.962	0.329	5806	0.919
ATP8A2	-1.08	8	0.44	0.671	12248	0.962	0.329	5805	0.919
LAMC2	-1.08	8	0.44	0.671	12249	0.962	0.329	5804	0.919
OR6C68	-1.08	8	0.44	0.671	12250	0.962	0.329	5803	0.919
ZNF474	-1.08	8	0.44	0.671	12251	0.962	0.329	5802	0.919
CA9	-1.08	8	0.44	0.671	12252	0.962	0.329	5801	0.919
MCAT	-1.08	8	0.44	0.671	12253	0.962	0.329	5800	0.919
HGF	-1.08	8	0.44	0.672	12254	0.962	0.328	5799	0.919
ACTR3B	-1.08	8	0.44	0.672	12255	0.962	0.328	5798	0.919
C7orf62	-1.08	8	0.44	0.672	12256	0.962	0.328	5797	0.919
SLC12A2	-1.07	8	0.44	0.672	12257	0.962	0.328	5796	0.919
SEMA3D	-1.07	8	0.45	0.672	12258	0.962	0.328	5795	0.919
HRCT1	-1.07	8	0.45	0.672	12259	0.962	0.328	5794	0.919
ZDHHC19	-1.07	8	0.45	0.672	12260	0.962	0.328	5793	0.919
IFNL1	-1.07	8	0.45	0.672	12261	0.962	0.328	5792	0.919
TP53I3	-1.07	8	0.45	0.672	12262	0.962	0.328	5791	0.919
GADD45A	-1.07	8	0.45	0.672	12263	0.962	0.328	5790	0.919
MYO18B	-1.07	8	0.45	0.672	12264	0.962	0.328	5789	0.919
LRRCC1	-1.07	8	0.45	0.672	12265	0.962	0.328	5788	0.919
FOXP3	-1.07	8	0.45	0.672	12266	0.962	0.328	5787	0.919
TMEM19	-1.07	8	0.45	0.672	12267	0.962	0.328	5786	0.919
CDKN1C	-1.07	8	0.45	0.672	12268	0.962	0.328	5785	0.919
NLGN2	-1.07	8	0.45	0.672	12269	0.962	0.328	5784	0.919
C11orf52	-1.07	8	0.45	0.672	12270	0.962	0.328	5783	0.919
TRPC1	-1.07	8	0.45	0.672	12271	0.962	0.328	5782	0.919
JAK3	-1.07	8	0.45	0.673	12272	0.962	0.327	5781	0.919
C15orf60	-1.07	8	0.45	0.673	12273	0.962	0.327	5780	0.919
KLHL30	-1.07	8	0.45	0.673	12274	0.962	0.327	5779	0.919
C9orf92	-1.07	8	0.45	0.673	12275	0.962	0.327	5778	0.919
C19orf26	-1.07	8	0.45	0.673	12276	0.962	0.327	5777	0.919
KRTAP1-4	-1.06	8	0.45	0.673	12277	0.962	0.327	5776	0.919
ELK3	-1.06	8	0.45	0.673	12278	0.962	0.327	5775	0.919
DGKI	-1.06	8	0.45	0.673	12279	0.962	0.327	5774	0.919
HEY2	-1.06	8	0.45	0.673	12280	0.962	0.327	5773	0.919
URAD	-1.06	8	0.45	0.673	12281	0.962	0.327	5772	0.919
OR1G1	-1.06	8	0.45	0.673	12282	0.962	0.327	5771	0.919
SLC16A4	-1.06	8	0.45	0.673	12283	0.962	0.327	5770	0.919
RNF149	-1.06	8	0.45	0.673	12284	0.962	0.327	5769	0.919
OR52H1	-1.06	8	0.45	0.673	12285	0.962	0.327	5768	0.919
HOXB6	-1.06	8	0.45	0.673	12286	0.962	0.327	5767	0.919
THAP4	-1.06	8	0.45	0.673	12287	0.962	0.327	5766	0.919
NT5C3B	-1.06	8	0.45	0.673	12288	0.962	0.327	5765	0.919
LYRM9	-1.06	8	0.45	0.673	12289	0.962	0.327	5764	0.919
HS3ST3B1	-1.06	8	0.45	0.673	12290	0.962	0.327	5763	0.919
10-Mar	-1.06	8	0.45	0.674	12291	0.962	0.326	5762	0.919
CCDC159	-1.06	8	0.45	0.674	12292	0.962	0.326	5761	0.919
SLAIN2	-1.06	8	0.45	0.674	12293	0.962	0.326	5760	0.919
DEFB118	-1.06	8	0.45	0.674	12294	0.962	0.326	5759	0.919
RHOBTB3	-1.06	8	0.45	0.674	12295	0.962	0.326	5758	0.919
CYB5B	-1.06	8	0.45	0.674	12296	0.962	0.326	5757	0.919
TPRXL	-1.06	8	0.45	0.674	12297	0.962	0.326	5756	0.919
PACS2	-1.06	8	0.45	0.674	12298	0.962	0.326	5755	0.919
MGAT5B	-1.05	8	0.45	0.674	12299	0.962	0.326	5754	0.919
CLEC4E	-1.05	8	0.45	0.674	12300	0.962	0.326	5753	0.919
WAS	-1.05	8	0.45	0.674	12301	0.962	0.326	5752	0.919
ZNF711	-1.05	8	0.45	0.674	12302	0.962	0.326	5751	0.919
TASP1	-1.05	8	0.45	0.674	12303	0.962	0.326	5750	0.919
SIX6	-1.05	8	0.45	0.674	12304	0.962	0.326	5749	0.919
FYCO1	-1.05	8	0.45	0.674	12305	0.962	0.326	5748	0.919
C1S	-1.05	8	0.45	0.674	12306	0.962	0.326	5747	0.919
F9	-1.05	8	0.45	0.674	12307	0.962	0.326	5746	0.919
DUSP19	-1.05	8	0.45	0.674	12308	0.962	0.326	5745	0.919
CST5	-1.05	8	0.45	0.674	12309	0.962	0.326	5744	0.919
C1orf85	-1.05	8	0.45	0.674	12310	0.962	0.326	5743	0.919
TXNDC17	-1.05	8	0.45	0.674	12311	0.962	0.326	5742	0.919
CEP72	-1.05	8	0.45	0.674	12312	0.962	0.326	5741	0.919
ADRB3	-1.05	8	0.45	0.674	12313	0.962	0.326	5740	0.919
EFTUD2	-1.05	8	0.45	0.674	12314	0.962	0.326	5739	0.919
LGR4	-1.05	8	0.45	0.674	12315	0.962	0.326	5738	0.919
MORN4	-1.05	8	0.45	0.674	12316	0.962	0.326	5737	0.919
RALGAPA2	-1.05	8	0.45	0.674	12317	0.962	0.326	5736	0.919
NCR1	-1.05	8	0.45	0.674	12318	0.962	0.326	5735	0.919
PHLPP2	-1.05	8	0.45	0.674	12319	0.962	0.326	5734	0.919
IBTK	-1.05	8	0.45	0.674	12320	0.962	0.326	5733	0.919
PAPPA	-1.05	8	0.45	0.674	12321	0.962	0.326	5732	0.919
NUDT12	-1.05	8	0.45	0.674	12322	0.962	0.326	5731	0.919
ZNF608	-1.05	8	0.45	0.674	12323	0.962	0.326	5730	0.919
PIGF	-1.05	8	0.45	0.674	12324	0.962	0.326	5729	0.919
CPA1	-1.05	8	0.45	0.675	12325	0.962	0.325	5728	0.919
PLA2G12B	-1.05	8	0.45	0.675	12326	0.962	0.325	5727	0.919
CRBN	-1.05	8	0.45	0.675	12327	0.962	0.325	5726	0.919
GRPEL2	-1.04	8	0.45	0.675	12328	0.962	0.325	5725	0.919
QTRT1	-1.04	8	0.45	0.675	12329	0.962	0.325	5724	0.919
PRKCA	-1.04	8	0.45	0.675	12330	0.962	0.325	5723	0.919
C4orf19	-1.04	8	0.45	0.675	12331	0.962	0.325	5722	0.919
SPTBN1	-1.04	8	0.45	0.675	12332	0.962	0.325	5721	0.919
CHRM3	-1.04	8	0.45	0.675	12333	0.962	0.325	5720	0.919
BARX1	-1.04	8	0.45	0.675	12334	0.962	0.325	5719	0.919
KLHL17	-1.04	8	0.45	0.675	12335	0.962	0.325	5718	0.919
TBX4	-1.04	8	0.45	0.675	12336	0.962	0.325	5717	0.919
NPTX2	-1.04	8	0.45	0.675	12337	0.962	0.325	5716	0.919
GNAO1	-1.04	8	0.45	0.675	12338	0.962	0.325	5715	0.919
C1QL3	-1.04	8	0.45	0.675	12339	0.962	0.325	5714	0.919
CD28	-1.04	8	0.45	0.675	12340	0.962	0.325	5713	0.919
TMEM204	-1.04	8	0.45	0.675	12341	0.962	0.325	5712	0.919
CARD17	-1.04	8	0.45	0.675	12342	0.962	0.325	5711	0.919
CDC42SE1	-1.04	8	0.45	0.675	12343	0.962	0.325	5710	0.919
PLEKHO1	-1.04	8	0.45	0.675	12344	0.962	0.325	5709	0.919
RAB36	-1.04	8	0.45	0.675	12345	0.962	0.325	5708	0.919
LONRF1	-1.04	8	0.45	0.675	12346	0.962	0.325	5707	0.919
KLHL14	-1.04	8	0.46	0.675	12347	0.962	0.325	5706	0.919
HERC5	-1.04	8	0.46	0.676	12348	0.962	0.324	5705	0.919
CEACAM5	-1.03	8	0.46	0.676	12349	0.962	0.324	5704	0.919
OMA1	-1.03	8	0.46	0.676	12350	0.962	0.324	5703	0.919
GNRH1	-1.03	8	0.46	0.676	12351	0.962	0.324	5702	0.919
RAB18	-1.03	8	0.46	0.676	12352	0.962	0.324	5701	0.919
C3orf79	-0.89	6	0.46	0.676	12353	0.962	0.324	5700	0.919
MRPL1	-1.03	8	0.46	0.676	12354	0.962	0.324	5699	0.919
IRF3	-1.03	8	0.46	0.676	12355	0.962	0.324	5698	0.919
PHACTR1	-1.03	8	0.46	0.676	12356	0.962	0.324	5697	0.919
ATP9B	-1.03	8	0.46	0.676	12357	0.962	0.324	5696	0.919
SHROOM4	-1.03	8	0.46	0.676	12358	0.962	0.324	5695	0.919
MMP13	-1.03	8	0.46	0.676	12359	0.962	0.324	5694	0.919
TSN	-1.03	8	0.46	0.676	12360	0.962	0.324	5693	0.919
TDRD3	-1.03	8	0.46	0.676	12361	0.962	0.324	5692	0.919
ADAM8	-1.03	8	0.46	0.676	12362	0.962	0.324	5691	0.919
ARMC1	-1.03	8	0.46	0.676	12363	0.962	0.324	5690	0.919
ANGPTL5	-1.03	8	0.46	0.676	12364	0.962	0.324	5689	0.919
KCNQ5	-1.03	8	0.46	0.676	12365	0.962	0.324	5688	0.919
ALG10B	-0.51	2	0.46	0.677	12366	0.962	0.323	5687	0.919
MOGAT3	-1.02	8	0.46	0.677	12367	0.962	0.323	5686	0.919
ZNF699	-1.02	8	0.46	0.677	12368	0.962	0.323	5685	0.919
EXD1	-1.02	8	0.46	0.677	12369	0.962	0.323	5684	0.919
PCDHA3	-1.02	8	0.46	0.677	12370	0.962	0.323	5683	0.919
SIGLEC14	-1.02	8	0.46	0.677	12371	0.962	0.323	5682	0.919
ENGASE	-1.02	8	0.46	0.677	12372	0.962	0.323	5681	0.919
MAPKAPK3	-1.02	8	0.46	0.677	12373	0.962	0.323	5680	0.919
HPRT1	-1.02	8	0.46	0.677	12374	0.962	0.323	5679	0.919
HPD	-1.02	8	0.46	0.677	12375	0.962	0.323	5678	0.919
SPIRE1	-1.02	8	0.46	0.677	12376	0.962	0.323	5677	0.919
GAS2L2	-1.02	8	0.46	0.677	12377	0.962	0.323	5676	0.919
TMEM185A	-1.02	8	0.46	0.677	12378	0.962	0.323	5675	0.919
HIST1H3F	-1.02	8	0.46	0.677	12379	0.962	0.323	5674	0.919
SEC11A	-1.02	8	0.46	0.677	12380	0.962	0.323	5673	0.919
MAP2K1	-1.01	8	0.46	0.677	12381	0.962	0.323	5672	0.919
C7orf43	-1.01	8	0.46	0.677	12382	0.962	0.323	5671	0.919
SNCG	-1.01	8	0.46	0.678	12383	0.962	0.322	5670	0.919
CITED1	-1.01	8	0.46	0.678	12384	0.962	0.322	5669	0.919
TTC19	-1.01	8	0.46	0.678	12385	0.962	0.322	5668	0.919
CARD10	-1.01	8	0.46	0.678	12386	0.962	0.322	5667	0.919
PRMT3	-1.01	8	0.46	0.678	12387	0.962	0.322	5666	0.919
WSB1	-1.01	8	0.46	0.678	12388	0.962	0.322	5665	0.919
RRH	-1.01	8	0.46	0.678	12389	0.962	0.322	5664	0.919
FAM20B	-1.01	8	0.46	0.678	12390	0.962	0.322	5663	0.919
NLRP14	-1.01	8	0.46	0.678	12391	0.962	0.322	5662	0.919
ZNF512B	-1.01	8	0.46	0.678	12392	0.962	0.322	5661	0.919
EML3	-1.01	8	0.46	0.678	12393	0.962	0.322	5660	0.919
MSX2	-1.01	8	0.46	0.678	12394	0.962	0.322	5659	0.919
LPL	-1.01	8	0.46	0.678	12395	0.962	0.322	5658	0.919
ZNF229	-1.01	8	0.46	0.678	12396	0.962	0.322	5657	0.919
TOMM6	-1.01	8	0.46	0.678	12397	0.962	0.322	5656	0.919
UBAC1	-0.87	6	0.46	0.678	12398	0.962	0.322	5655	0.919
LMO7	-1.01	8	0.46	0.678	12399	0.962	0.322	5654	0.919
IRS4	-1.01	8	0.46	0.678	12400	0.962	0.322	5653	0.919
ARR3	-1.01	8	0.46	0.678	12401	0.962	0.322	5652	0.919
OR1E2	-0.87	6	0.46	0.678	12402	0.962	0.322	5651	0.919
PRDX4	-1.01	8	0.46	0.678	12403	0.962	0.322	5650	0.919
OR2T10	-1.01	8	0.46	0.678	12404	0.962	0.322	5649	0.919
WDR45	-1.01	8	0.46	0.678	12405	0.962	0.322	5648	0.919
RRAGD	-1.01	8	0.46	0.678	12406	0.962	0.322	5647	0.919
GHRHR	-1.01	8	0.46	0.678	12407	0.962	0.322	5646	0.919
PDZD4	-1.01	8	0.46	0.678	12408	0.962	0.322	5645	0.919
SLC25A48	-1.00	8	0.46	0.678	12409	0.962	0.322	5644	0.919
RS1	-1.00	8	0.46	0.678	12410	0.962	0.322	5643	0.919
TRPM1	-1.00	8	0.46	0.678	12411	0.962	0.322	5642	0.919
RNF128	-1.00	8	0.46	0.679	12412	0.962	0.321	5641	0.919
P4HA3	-1.00	8	0.46	0.679	12413	0.962	0.321	5640	0.919
PTPN7	-0.87	6	0.46	0.679	12414	0.962	0.321	5639	0.919
HIST1H2AM	-0.87	6	0.46	0.679	12415	0.962	0.321	5638	0.919
COQ7	-1.00	8	0.46	0.679	12416	0.962	0.321	5637	0.919
ANKUB1	-1.00	8	0.46	0.679	12417	0.962	0.321	5636	0.919
UBQLNL	-1.00	8	0.46	0.679	12418	0.962	0.321	5635	0.919
SETMAR	-1.00	8	0.46	0.679	12419	0.962	0.321	5634	0.919
GPR83	-1.00	8	0.46	0.679	12420	0.962	0.321	5633	0.919
SLC28A2	-1.00	8	0.46	0.679	12421	0.962	0.321	5632	0.919
CRABP2	-1.00	8	0.46	0.679	12422	0.962	0.321	5631	0.919
OASL	-1.00	8	0.46	0.679	12423	0.962	0.321	5630	0.919
AMELY	-1.00	8	0.46	0.679	12424	0.962	0.321	5629	0.919
NUSAP1	-1.00	8	0.47	0.679	12425	0.962	0.321	5628	0.919
ATP1B1	-1.00	8	0.47	0.679	12426	0.962	0.321	5627	0.919
CLEC11A	-1.00	8	0.47	0.679	12427	0.962	0.321	5626	0.919
RWDD4	-1.00	8	0.47	0.679	12428	0.962	0.321	5625	0.919
UBFD1	-1.00	8	0.47	0.679	12429	0.962	0.321	5624	0.919
CRISP3	-0.99	8	0.47	0.679	12430	0.962	0.321	5623	0.919
MCTP2	-0.99	8	0.47	0.679	12431	0.962	0.321	5622	0.919
OR4K5	-0.99	8	0.47	0.68	12432	0.962	0.32	5621	0.919
TMEM44	-0.99	8	0.47	0.68	12433	0.962	0.32	5620	0.919
DNAI2	-0.99	8	0.47	0.68	12434	0.962	0.32	5619	0.919
VSX2	-0.99	8	0.47	0.68	12435	0.962	0.32	5618	0.919
ZSWIM7	-0.99	8	0.47	0.68	12436	0.962	0.32	5617	0.919
DNM2	-0.99	8	0.47	0.68	12437	0.962	0.32	5616	0.919
CDC25A	-0.99	8	0.47	0.68	12438	0.962	0.32	5615	0.919
SLC25A13	-0.99	8	0.47	0.68	12439	0.962	0.32	5614	0.919
ZNF341	-0.99	8	0.47	0.68	12440	0.962	0.32	5613	0.919
HNF4A	-0.99	8	0.47	0.68	12441	0.962	0.32	5612	0.919
SYP	-0.99	8	0.47	0.68	12442	0.962	0.32	5611	0.919
SDF2L1	-0.99	8	0.47	0.68	12443	0.962	0.32	5610	0.919
TRDN	-0.99	8	0.47	0.68	12444	0.962	0.32	5609	0.919
SIRT5	-0.99	8	0.47	0.68	12445	0.962	0.32	5608	0.919
METRNL	-0.99	8	0.47	0.68	12446	0.962	0.32	5607	0.919
MFGE8	-0.99	8	0.47	0.68	12447	0.962	0.32	5606	0.919
THAP6	-0.99	8	0.47	0.68	12448	0.962	0.32	5605	0.919
CCRN4L	-0.98	8	0.47	0.68	12449	0.962	0.32	5604	0.919
FAM46C	-0.98	8	0.47	0.68	12450	0.962	0.32	5603	0.919
TOMM34	-0.98	8	0.47	0.68	12451	0.962	0.32	5602	0.919
RGS8	-0.98	8	0.47	0.68	12452	0.962	0.32	5601	0.919
KIAA0247	-0.98	8	0.47	0.68	12453	0.962	0.32	5600	0.919
OR2M7	-0.49	2	0.47	0.68	12454	0.962	0.32	5599	0.919
GLS	-0.98	8	0.47	0.681	12455	0.962	0.319	5598	0.919
EEF1A2	-0.98	8	0.47	0.681	12456	0.962	0.319	5597	0.919
MPST	-0.98	8	0.47	0.681	12457	0.962	0.319	5596	0.919
CCDC33	-0.98	8	0.47	0.681	12458	0.962	0.319	5595	0.919
UBE2D4	-0.98	8	0.47	0.681	12459	0.962	0.319	5594	0.919
OR5F1	-0.98	8	0.47	0.681	12460	0.962	0.319	5593	0.919
RUFY2	-0.98	8	0.47	0.681	12461	0.962	0.319	5592	0.919
MAEL	-0.98	8	0.47	0.681	12462	0.962	0.319	5591	0.919
FSD1L	-0.98	8	0.47	0.681	12463	0.962	0.319	5590	0.919
ENPP6	-0.98	8	0.47	0.681	12464	0.962	0.319	5589	0.919
FAM19A1	-0.98	8	0.47	0.681	12465	0.962	0.319	5588	0.919
ZNF280B	-0.91	7	0.47	0.681	12466	0.962	0.319	5587	0.919
PEX11G	-0.98	8	0.47	0.681	12467	0.962	0.319	5586	0.919
WNT16	-0.85	6	0.47	0.681	12468	0.962	0.319	5585	0.919
CDA	-0.98	8	0.47	0.681	12469	0.962	0.319	5584	0.919
KCNS1	-0.97	8	0.47	0.681	12470	0.962	0.319	5583	0.919
RAPGEF5	-0.97	8	0.47	0.681	12471	0.962	0.319	5582	0.919
POU3F3	-0.97	8	0.47	0.682	12472	0.962	0.318	5581	0.919
CACNB2	-0.97	8	0.47	0.682	12473	0.962	0.318	5580	0.919
C11orf96	-0.97	8	0.47	0.682	12474	0.962	0.318	5579	0.919
DMRT2	-0.97	8	0.47	0.682	12475	0.962	0.318	5578	0.919
PRSS36	-0.97	8	0.47	0.682	12476	0.962	0.318	5577	0.919
CCDC180	-0.97	8	0.47	0.682	12477	0.962	0.318	5576	0.919
STOX2	-0.97	8	0.47	0.682	12478	0.962	0.318	5575	0.919
RFC1	-0.97	8	0.47	0.682	12479	0.962	0.318	5574	0.919
HILPDA	-0.97	8	0.47	0.682	12480	0.962	0.318	5573	0.919
EFCC1	-0.96	8	0.47	0.682	12481	0.962	0.318	5572	0.919
C8orf33	-0.96	8	0.47	0.682	12482	0.962	0.318	5571	0.919
PFKFB2	-0.96	8	0.47	0.682	12483	0.962	0.318	5570	0.919
RFFL	-0.96	8	0.47	0.682	12484	0.962	0.318	5569	0.919
SNRPE	-0.48	2	0.47	0.682	12485	0.962	0.318	5568	0.919
SLIT3	-0.96	8	0.47	0.682	12486	0.962	0.318	5567	0.919
ZNF296	-0.96	8	0.47	0.682	12487	0.962	0.318	5566	0.919
DEFB115	-0.96	8	0.47	0.683	12488	0.962	0.317	5565	0.919
SOX30	-0.96	8	0.47	0.683	12489	0.962	0.317	5564	0.919
KLHL40	-0.96	8	0.48	0.683	12490	0.962	0.317	5563	0.919
SLFN11	-0.96	8	0.48	0.683	12491	0.962	0.317	5562	0.919
KRT37	-0.96	8	0.48	0.683	12492	0.962	0.317	5561	0.919
PLEKHJ1	-0.96	8	0.48	0.683	12493	0.962	0.317	5560	0.919
PITPNM2	-0.96	8	0.48	0.683	12494	0.962	0.317	5559	0.919
SNX13	-0.96	8	0.48	0.683	12495	0.962	0.317	5558	0.919
PAX1	-0.96	8	0.48	0.683	12496	0.962	0.317	5557	0.919
MAGEC1	-0.95	8	0.48	0.683	12497	0.962	0.317	5556	0.919
MCF2L	-0.95	8	0.48	0.683	12498	0.962	0.317	5555	0.919
THRAP3	-0.95	8	0.48	0.683	12499	0.962	0.317	5554	0.919
RPL3L	-0.95	8	0.48	0.683	12500	0.962	0.317	5553	0.919
EYA4	-0.95	8	0.48	0.683	12501	0.962	0.317	5552	0.919
PROC	-0.95	8	0.48	0.683	12502	0.962	0.317	5551	0.919
CLEC6A	-0.95	8	0.48	0.683	12503	0.962	0.317	5550	0.919
ONECUT2	-0.95	8	0.48	0.683	12504	0.962	0.317	5549	0.919
GSR	-0.95	8	0.48	0.683	12505	0.962	0.317	5548	0.919
TMTC1	-0.95	8	0.48	0.683	12506	0.962	0.317	5547	0.919
GSG1L	-0.95	8	0.48	0.683	12507	0.962	0.317	5546	0.919
C1orf204	-0.95	8	0.48	0.683	12508	0.962	0.317	5545	0.919
MASP1	-0.95	8	0.48	0.683	12509	0.962	0.317	5544	0.919
COL28A1	-0.95	8	0.48	0.684	12510	0.962	0.316	5543	0.919
ISG20	-0.95	8	0.48	0.684	12511	0.962	0.316	5542	0.919
P2RX5	-0.95	8	0.48	0.684	12512	0.962	0.316	5541	0.919
MUSTN1	-0.47	2	0.48	0.684	12513	0.962	0.316	5540	0.919
MCAM	-0.95	8	0.48	0.684	12514	0.962	0.316	5539	0.919
ANKRD27	-0.95	8	0.48	0.684	12515	0.962	0.316	5538	0.919
TRMT10A	-0.95	8	0.48	0.684	12516	0.962	0.316	5537	0.919
APOD	-0.94	8	0.48	0.684	12517	0.962	0.316	5536	0.919
DGCR2	-0.94	8	0.48	0.684	12518	0.962	0.316	5535	0.919
OR5D14	-0.94	8	0.48	0.684	12519	0.962	0.316	5534	0.919
KBTBD11	-0.94	8	0.48	0.684	12520	0.962	0.316	5533	0.919
LATS1	-0.94	8	0.48	0.684	12521	0.962	0.316	5532	0.919
GABRB1	-0.94	8	0.48	0.684	12522	0.962	0.316	5531	0.919
MAP7	-0.94	8	0.48	0.684	12523	0.962	0.316	5530	0.919
GPC2	-0.94	8	0.48	0.684	12524	0.962	0.316	5529	0.919
MAST1	-0.94	8	0.48	0.684	12525	0.962	0.316	5528	0.919
CCDC96	-0.94	8	0.48	0.685	12526	0.962	0.315	5527	0.919
CXorf58	-0.94	8	0.48	0.685	12527	0.962	0.315	5526	0.919
CR1	-0.94	8	0.48	0.685	12528	0.962	0.315	5525	0.919
ZFP28	-0.94	8	0.48	0.685	12529	0.962	0.315	5524	0.919
TBC1D14	-0.93	8	0.48	0.685	12530	0.962	0.315	5523	0.919
LMAN2	-0.93	8	0.48	0.685	12531	0.962	0.315	5522	0.919
FABP12	-0.93	8	0.48	0.685	12532	0.962	0.315	5521	0.919
GRIN3A	-0.93	8	0.48	0.685	12533	0.962	0.315	5520	0.919
ST5	-0.93	8	0.48	0.685	12534	0.962	0.315	5519	0.919
CCDC112	-0.93	8	0.48	0.685	12535	0.962	0.315	5518	0.919
ODAM	-0.93	8	0.48	0.685	12536	0.962	0.315	5517	0.919
LRRC17	-0.93	8	0.48	0.685	12537	0.962	0.315	5516	0.919
LRRC27	-0.93	8	0.48	0.685	12538	0.962	0.315	5515	0.919
L3MBTL1	-0.93	8	0.48	0.685	12539	0.962	0.315	5514	0.919
SNED1	-0.93	8	0.48	0.685	12540	0.962	0.315	5513	0.919
FAM175B	-0.93	8	0.48	0.685	12541	0.962	0.315	5512	0.919
ZNF772	-0.93	8	0.48	0.685	12542	0.962	0.315	5511	0.919
FAM24A	-0.93	8	0.48	0.685	12543	0.962	0.315	5510	0.919
DIS3L	-0.93	8	0.48	0.685	12544	0.962	0.315	5509	0.919
GIGYF1	-0.93	8	0.48	0.685	12545	0.962	0.315	5508	0.919
RNF144B	-0.93	8	0.48	0.685	12546	0.962	0.315	5507	0.919
GUCD1	-0.93	8	0.48	0.685	12547	0.962	0.315	5506	0.919
LRRC45	-0.93	8	0.48	0.685	12548	0.962	0.315	5505	0.919
TGFA	-0.93	8	0.48	0.685	12549	0.962	0.315	5504	0.919
SYT4	-0.93	8	0.48	0.686	12550	0.962	0.314	5503	0.919
LRP1	-0.93	8	0.48	0.686	12551	0.962	0.314	5502	0.919
ZDHHC18	-0.93	8	0.48	0.686	12552	0.962	0.314	5501	0.919
HIST3H2A	-0.93	8	0.48	0.686	12553	0.962	0.314	5500	0.919
GAMT	-0.92	8	0.48	0.686	12554	0.962	0.314	5499	0.919
TAS2R7	-0.92	8	0.48	0.686	12555	0.962	0.314	5498	0.919
SBF1	-0.92	8	0.48	0.686	12556	0.962	0.314	5497	0.919
USP30	-0.92	8	0.48	0.686	12557	0.962	0.314	5496	0.919
NEIL1	-0.92	8	0.48	0.686	12558	0.962	0.314	5495	0.919
MOS	-0.92	8	0.48	0.686	12559	0.962	0.314	5494	0.919
ZNF385A	-0.92	8	0.48	0.686	12560	0.962	0.314	5493	0.919
DNALI1	-0.92	8	0.48	0.686	12561	0.962	0.314	5492	0.919
SPIN3	-0.92	8	0.48	0.686	12562	0.962	0.314	5491	0.919
PADI4	-0.92	8	0.49	0.686	12563	0.962	0.314	5490	0.919
TNFAIP8L1	-0.92	8	0.49	0.686	12564	0.962	0.314	5489	0.919
SLC10A3	-0.92	8	0.49	0.687	12565	0.962	0.313	5488	0.919
ASXL3	-0.92	8	0.49	0.687	12566	0.962	0.313	5487	0.919
UBA1	-0.91	8	0.49	0.687	12567	0.962	0.313	5486	0.919
CADPS	-0.91	8	0.49	0.687	12568	0.962	0.313	5485	0.919
LYRM1	-0.91	8	0.49	0.687	12569	0.962	0.313	5484	0.919
UBR2	-0.91	8	0.49	0.687	12570	0.962	0.313	5483	0.919
SUN1	-0.91	8	0.49	0.687	12571	0.962	0.313	5482	0.919
ATP9A	-0.91	8	0.49	0.687	12572	0.962	0.313	5481	0.919
DHX34	-0.91	8	0.49	0.687	12573	0.962	0.313	5480	0.919
ZNF564	-0.91	8	0.49	0.687	12574	0.962	0.313	5479	0.919
NET1	-0.91	8	0.49	0.687	12575	0.962	0.313	5478	0.919
CES5A	-0.91	8	0.49	0.687	12576	0.962	0.313	5477	0.919
C10orf126	-0.91	8	0.49	0.687	12577	0.962	0.313	5476	0.919
EXTL1	-0.91	8	0.49	0.687	12578	0.962	0.313	5475	0.919
RAP1GAP2	-0.91	8	0.49	0.687	12579	0.962	0.313	5474	0.919
THAP11	-0.91	8	0.49	0.687	12580	0.962	0.313	5473	0.919
R3HCC1	-0.91	8	0.49	0.687	12581	0.962	0.313	5472	0.919
DMGDH	-0.91	8	0.49	0.687	12582	0.962	0.313	5471	0.919
TRIM39	-0.91	8	0.49	0.687	12583	0.962	0.313	5470	0.919
MMADHC	-0.91	8	0.49	0.687	12584	0.962	0.313	5469	0.919
SPG21	-0.91	8	0.49	0.687	12585	0.962	0.313	5468	0.919
PDE2A	-0.78	6	0.49	0.687	12586	0.962	0.313	5467	0.919
TP53INP1	-0.91	8	0.49	0.687	12587	0.962	0.313	5466	0.919
TOX	-0.91	8	0.49	0.687	12588	0.962	0.313	5465	0.919
FBXL18	-0.91	8	0.49	0.688	12589	0.962	0.312	5464	0.919
FAM122B	-0.91	8	0.49	0.688	12590	0.962	0.312	5463	0.919
KCNAB3	-0.90	8	0.49	0.688	12591	0.962	0.312	5462	0.919
MPDU1	-0.90	8	0.49	0.688	12592	0.962	0.312	5461	0.919
GATA6	-0.90	8	0.49	0.688	12593	0.962	0.312	5460	0.919
CCAR2	-0.90	8	0.49	0.688	12594	0.962	0.312	5459	0.919
FUT3	-0.90	8	0.49	0.688	12595	0.962	0.312	5458	0.919
ZNF135	-0.90	8	0.49	0.688	12596	0.962	0.312	5457	0.919
BTF3L4	-0.90	8	0.49	0.688	12597	0.962	0.312	5456	0.919
TIGD1	-0.45	2	0.49	0.688	12598	0.962	0.312	5455	0.919
PRDM15	-0.90	8	0.49	0.688	12599	0.962	0.312	5454	0.919
NKX2-6	-0.90	8	0.49	0.688	12600	0.962	0.312	5453	0.919
IPO5	-0.90	8	0.49	0.688	12601	0.962	0.312	5452	0.919
ADAM33	-0.90	8	0.49	0.688	12602	0.962	0.312	5451	0.919
AQP8	-0.90	8	0.49	0.688	12603	0.962	0.312	5450	0.919
RARRES2	-0.90	8	0.49	0.688	12604	0.962	0.312	5449	0.919
ERP44	-0.90	8	0.49	0.688	12605	0.962	0.312	5448	0.919
WDTC1	-0.90	8	0.49	0.688	12606	0.962	0.312	5447	0.919
PHPT1	-0.90	8	0.49	0.688	12607	0.962	0.312	5446	0.919
DDX58	-0.90	8	0.49	0.688	12608	0.962	0.312	5445	0.919
LRRC3B	-0.84	7	0.49	0.688	12609	0.962	0.312	5444	0.919
TBR1	-0.90	8	0.49	0.688	12610	0.962	0.312	5443	0.919
APBB1IP	-0.90	8	0.49	0.688	12611	0.962	0.312	5442	0.919
H2AFV	-0.90	8	0.49	0.688	12612	0.962	0.312	5441	0.919
RINL	-0.89	8	0.49	0.689	12613	0.962	0.311	5440	0.919
EMX1	-0.89	8	0.49	0.689	12614	0.962	0.311	5439	0.919
ABCA8	-0.89	8	0.49	0.689	12615	0.962	0.311	5438	0.919
MLN	-0.89	8	0.49	0.689	12616	0.962	0.311	5437	0.919
GLYATL3	-0.89	8	0.49	0.689	12617	0.962	0.311	5436	0.919
ZNF106	-0.89	8	0.49	0.689	12618	0.962	0.311	5435	0.919
SHMT1	-0.89	8	0.49	0.689	12619	0.962	0.311	5434	0.919
TTC23	-0.89	8	0.49	0.689	12620	0.962	0.311	5433	0.919
GLDN	-0.77	6	0.49	0.689	12621	0.962	0.311	5432	0.919
MANF	-0.89	8	0.49	0.689	12622	0.962	0.311	5431	0.919
OR1L1	-0.89	8	0.49	0.689	12623	0.962	0.311	5430	0.919
CLCN7	-0.89	8	0.49	0.689	12624	0.962	0.311	5429	0.919
FIGLA	-0.89	8	0.49	0.689	12625	0.962	0.311	5428	0.919
APLP2	-0.89	8	0.49	0.689	12626	0.962	0.311	5427	0.919
AMZ2	-0.89	8	0.49	0.689	12627	0.962	0.311	5426	0.919
ASB12	-0.77	6	0.49	0.689	12628	0.962	0.311	5425	0.919
JAZF1	-0.89	8	0.49	0.689	12629	0.962	0.311	5424	0.919
MSS51	-0.89	8	0.49	0.689	12630	0.962	0.311	5423	0.919
SMPD2	-0.89	8	0.49	0.689	12631	0.962	0.311	5422	0.919
KCNC1	-0.89	8	0.49	0.689	12632	0.962	0.311	5421	0.919
ZNF354A	-0.89	8	0.49	0.689	12633	0.962	0.311	5420	0.919
TSPYL5	-0.89	8	0.49	0.689	12634	0.962	0.311	5419	0.919
PTPRD	-0.89	8	0.49	0.689	12635	0.962	0.311	5418	0.919
ZFP41	-0.89	8	0.49	0.689	12636	0.962	0.311	5417	0.919
TAS2R43	-0.44	2	0.49	0.689	12637	0.962	0.311	5416	0.919
DBN1	-0.89	8	0.49	0.689	12638	0.962	0.311	5415	0.919
SLC25A14	-0.89	8	0.49	0.689	12639	0.962	0.311	5414	0.919
TRIM52	-0.88	8	0.49	0.689	12640	0.962	0.311	5413	0.919
TMED7	-0.88	8	0.49	0.689	12641	0.962	0.311	5412	0.919
PRH2	-0.88	8	0.49	0.689	12642	0.962	0.311	5411	0.919
MAGEA8	-0.88	8	0.49	0.69	12643	0.962	0.31	5410	0.919
IL12RB2	-0.88	8	0.49	0.69	12644	0.962	0.31	5409	0.919
XPOT	-0.88	8	0.49	0.69	12645	0.962	0.31	5408	0.919
C18orf63	-0.88	8	0.49	0.69	12646	0.962	0.31	5407	0.919
PDE6G	-0.88	8	0.49	0.69	12647	0.962	0.31	5406	0.919
CDC25C	-0.88	8	0.49	0.69	12648	0.962	0.31	5405	0.919
CBFB	-0.88	8	0.50	0.69	12649	0.962	0.31	5404	0.919
HDHD3	-0.88	8	0.50	0.69	12650	0.962	0.31	5403	0.919
SMIM3	-0.88	8	0.50	0.69	12651	0.962	0.31	5402	0.919
TAZ	-0.88	8	0.50	0.69	12652	0.962	0.31	5401	0.919
C21orf91	-0.88	8	0.50	0.69	12653	0.962	0.31	5400	0.919
ZNF205	-0.88	8	0.50	0.69	12654	0.962	0.31	5399	0.919
BCL11B	-0.88	8	0.50	0.69	12655	0.962	0.31	5398	0.919
SLC26A1	-0.88	8	0.50	0.69	12656	0.962	0.31	5397	0.919
IL18R1	-0.88	8	0.50	0.69	12657	0.962	0.31	5396	0.919
CHUK	-0.88	8	0.50	0.69	12658	0.962	0.31	5395	0.919
ANKRD39	-0.88	8	0.50	0.69	12659	0.962	0.31	5394	0.919
TCF7L2	-0.88	8	0.50	0.69	12660	0.962	0.31	5393	0.919
CDS1	-0.88	8	0.50	0.69	12661	0.962	0.31	5392	0.919
PDE11A	-0.87	8	0.50	0.69	12662	0.962	0.31	5391	0.919
SAMSN1	-0.87	8	0.50	0.691	12663	0.962	0.309	5390	0.919
MIA2	-0.87	8	0.50	0.691	12664	0.962	0.309	5389	0.919
APPL2	-0.87	8	0.50	0.691	12665	0.962	0.309	5388	0.919
ACBD7	-0.87	8	0.50	0.691	12666	0.962	0.309	5387	0.919
SNX11	-0.87	8	0.50	0.691	12667	0.962	0.309	5386	0.919
SLC12A3	-0.87	8	0.50	0.691	12668	0.962	0.309	5385	0.919
DNASE1L3	-0.87	8	0.50	0.691	12669	0.962	0.309	5384	0.919
TRPM4	-0.87	8	0.50	0.691	12670	0.962	0.309	5383	0.919
GNGT2	-0.87	8	0.50	0.691	12671	0.962	0.309	5382	0.919
NAIP	-0.87	8	0.50	0.691	12672	0.962	0.309	5381	0.919
SCD5	-0.87	8	0.50	0.691	12673	0.962	0.309	5380	0.919
MYCT1	-0.87	8	0.50	0.691	12674	0.962	0.309	5379	0.919
AGTPBP1	-0.87	8	0.50	0.691	12675	0.962	0.309	5378	0.919
ETFA	-0.86	8	0.50	0.691	12676	0.962	0.309	5377	0.919
PEX3	-0.86	8	0.50	0.691	12677	0.962	0.309	5376	0.919
ZDHHC9	-0.86	8	0.50	0.691	12678	0.962	0.309	5375	0.919
HS6ST1	-0.86	8	0.50	0.691	12679	0.962	0.309	5374	0.919
SLC9A8	-0.86	8	0.50	0.691	12680	0.962	0.309	5373	0.919
KLF17	-0.86	8	0.50	0.691	12681	0.962	0.309	5372	0.919
BACH2	-0.86	8	0.50	0.692	12682	0.962	0.308	5371	0.919
SMIM11	-0.75	6	0.50	0.692	12683	0.962	0.308	5370	0.919
MRI1	-0.86	8	0.50	0.692	12684	0.962	0.308	5369	0.919
ZSCAN2	-0.86	8	0.50	0.692	12685	0.962	0.308	5368	0.919
C1orf95	-0.86	8	0.50	0.692	12686	0.962	0.308	5367	0.919
MSL3	-0.86	8	0.50	0.692	12687	0.962	0.308	5366	0.919
PRKCQ	-0.86	8	0.50	0.692	12688	0.962	0.308	5365	0.919
COX7B2	-0.86	8	0.50	0.692	12689	0.962	0.308	5364	0.919
MAML3	-0.86	8	0.50	0.692	12690	0.962	0.308	5363	0.919
ASPDH	-0.86	8	0.50	0.692	12691	0.962	0.308	5362	0.919
CENPB	-0.86	8	0.50	0.692	12692	0.962	0.308	5361	0.919
PDE6D	-0.86	8	0.50	0.692	12693	0.962	0.308	5360	0.919
KCNS3	-0.86	8	0.50	0.692	12694	0.962	0.308	5359	0.919
COLCA2	-0.86	8	0.50	0.692	12695	0.962	0.308	5358	0.919
RNPEP	-0.85	8	0.50	0.692	12696	0.962	0.308	5357	0.919
BCAS4	-0.85	8	0.50	0.692	12697	0.962	0.308	5356	0.919
FBXO16	-0.85	8	0.50	0.692	12698	0.962	0.308	5355	0.919
PHF13	-0.85	8	0.50	0.692	12699	0.962	0.308	5354	0.919
TMOD2	-0.85	8	0.50	0.692	12700	0.962	0.308	5353	0.919
EPB41L5	-0.85	8	0.50	0.692	12701	0.962	0.308	5352	0.919
RGS18	-0.74	6	0.50	0.692	12702	0.962	0.308	5351	0.919
ZCWPW2	-0.85	8	0.50	0.693	12703	0.962	0.307	5350	0.919
CYP4F12	-0.85	8	0.50	0.693	12704	0.962	0.307	5349	0.919
BMP2	-0.85	8	0.50	0.693	12705	0.962	0.307	5348	0.919
PRRX1	-0.85	8	0.50	0.693	12706	0.962	0.307	5347	0.919
ZIK1	-0.85	8	0.50	0.693	12707	0.962	0.307	5346	0.919
RAPH1	-0.85	8	0.50	0.693	12708	0.962	0.307	5345	0.919
BRI3BP	-0.85	8	0.50	0.693	12709	0.962	0.307	5344	0.919
ZMYND10	-0.85	8	0.50	0.693	12710	0.962	0.307	5343	0.919
RNF170	-0.85	8	0.50	0.693	12711	0.962	0.307	5342	0.919
RAB13	-0.85	8	0.50	0.693	12712	0.962	0.307	5341	0.919
DARS2	-0.85	8	0.50	0.693	12713	0.962	0.307	5340	0.919
ARID1B	-0.85	8	0.50	0.693	12714	0.962	0.307	5339	0.919
SCRT1	-0.85	8	0.50	0.693	12715	0.962	0.307	5338	0.919
SEC31B	-0.85	8	0.50	0.693	12716	0.962	0.307	5337	0.919
CALHM1	-0.85	8	0.50	0.693	12717	0.962	0.307	5336	0.919
NXPE1	-0.85	8	0.50	0.693	12718	0.962	0.307	5335	0.919
OR5B17	-0.85	8	0.50	0.693	12719	0.962	0.307	5334	0.919
TXNRD1	-0.84	8	0.50	0.693	12720	0.962	0.307	5333	0.919
SPINK13	-0.84	8	0.50	0.693	12721	0.962	0.307	5332	0.919
ZNF431	-0.42	2	0.50	0.693	12722	0.962	0.307	5331	0.919
FAM181A	-0.84	8	0.50	0.693	12723	0.962	0.307	5330	0.919
HEXB	-0.84	8	0.50	0.693	12724	0.962	0.307	5329	0.919
TMEM242	-0.84	8	0.50	0.693	12725	0.962	0.307	5328	0.919
OR10H1	-0.60	4	0.50	0.693	12726	0.962	0.307	5327	0.919
GDAP2	-0.84	8	0.51	0.693	12727	0.962	0.307	5326	0.919
SLC24A3	-0.84	8	0.51	0.693	12728	0.962	0.307	5325	0.919
BPIFB1	-0.84	8	0.51	0.693	12729	0.962	0.307	5324	0.919
HCAR2	-0.84	8	0.51	0.694	12730	0.962	0.306	5323	0.919
ANKRD30A	-0.84	8	0.51	0.694	12731	0.962	0.306	5322	0.919
IQGAP2	-0.84	8	0.51	0.694	12732	0.962	0.306	5321	0.919
C3orf62	-0.84	8	0.51	0.694	12733	0.962	0.306	5320	0.919
KCNMB1	-0.84	8	0.51	0.694	12734	0.962	0.306	5319	0.919
LY9	-0.84	8	0.51	0.694	12735	0.962	0.306	5318	0.919
HIST1H4F	-0.84	8	0.51	0.694	12736	0.962	0.306	5317	0.919
C22orf43	-0.84	8	0.51	0.694	12737	0.962	0.306	5316	0.919
AHRR	-0.84	8	0.51	0.694	12738	0.962	0.306	5315	0.919
TYW1	-0.84	8	0.51	0.694	12739	0.962	0.306	5314	0.919
CLK1	-0.84	8	0.51	0.694	12740	0.962	0.306	5313	0.919
HAP1	-0.84	8	0.51	0.694	12741	0.962	0.306	5312	0.919
ANGPTL2	-0.83	8	0.51	0.694	12742	0.962	0.306	5311	0.919
WSB2	-0.83	8	0.51	0.694	12743	0.962	0.306	5310	0.919
HIST1H2BD	-0.42	2	0.51	0.694	12744	0.962	0.306	5309	0.919
TNFSF13B	-0.83	8	0.51	0.694	12745	0.962	0.306	5308	0.919
OR2AE1	-0.83	8	0.51	0.694	12746	0.962	0.306	5307	0.919
RIPK3	-0.83	8	0.51	0.694	12747	0.962	0.306	5306	0.919
POM121L2	-0.83	8	0.51	0.694	12748	0.962	0.306	5305	0.919
FCER1G	-0.83	8	0.51	0.694	12749	0.962	0.306	5304	0.919
LRP2BP	-0.83	8	0.51	0.694	12750	0.962	0.306	5303	0.919
PNP	-0.83	8	0.51	0.694	12751	0.962	0.306	5302	0.919
ITGB3BP	-0.59	4	0.51	0.694	12752	0.962	0.306	5301	0.919
CAMP	-0.83	8	0.51	0.694	12753	0.962	0.306	5300	0.919
PIAS3	-0.83	8	0.51	0.694	12754	0.962	0.306	5299	0.919
NDUFAF1	-0.83	8	0.51	0.694	12755	0.962	0.306	5298	0.919
SLC12A1	-0.83	8	0.51	0.694	12756	0.962	0.306	5297	0.919
BMI1	-0.83	8	0.51	0.694	12757	0.962	0.306	5296	0.919
FIZ1	-0.83	8	0.51	0.695	12758	0.962	0.305	5295	0.919
CCDC62	-0.83	8	0.51	0.695	12759	0.962	0.305	5294	0.919
WIPI2	-0.83	8	0.51	0.695	12760	0.962	0.305	5293	0.919
CPXM2	-0.82	8	0.51	0.695	12761	0.962	0.305	5292	0.919
STIM1	-0.82	8	0.51	0.695	12762	0.962	0.305	5291	0.919
UCHL3	-0.82	8	0.51	0.695	12763	0.962	0.305	5290	0.919
PAX9	-0.82	8	0.51	0.695	12764	0.962	0.305	5289	0.919
WDR48	-0.82	8	0.51	0.695	12765	0.962	0.305	5288	0.919
CLDN3	-0.82	8	0.51	0.695	12766	0.962	0.305	5287	0.919
TMEM62	-0.82	8	0.51	0.695	12767	0.962	0.305	5286	0.919
DLX6	-0.82	8	0.51	0.695	12768	0.962	0.305	5285	0.919
ZNF337	-0.82	8	0.51	0.695	12769	0.962	0.305	5284	0.919
RIPK4	-0.82	8	0.51	0.695	12770	0.962	0.305	5283	0.919
SYPL1	-0.82	8	0.51	0.695	12771	0.962	0.305	5282	0.919
FBXL5	-0.82	8	0.51	0.695	12772	0.962	0.305	5281	0.919
PRELP	-0.82	8	0.51	0.695	12773	0.962	0.305	5280	0.919
TSPAN19	-0.82	8	0.51	0.695	12774	0.962	0.305	5279	0.919
MLF1IP	-0.82	8	0.51	0.696	12775	0.962	0.304	5278	0.919
ZNF385D	-0.82	8	0.51	0.696	12776	0.962	0.304	5277	0.919
FBXL17	-0.82	8	0.51	0.696	12777	0.962	0.304	5276	0.919
FAM161B	-0.82	8	0.51	0.696	12778	0.962	0.304	5275	0.919
FAM111B	-0.82	8	0.51	0.696	12779	0.962	0.304	5274	0.919
FAM178B	-0.82	8	0.51	0.696	12780	0.962	0.304	5273	0.919
DMRTA1	-0.82	8	0.51	0.696	12781	0.962	0.304	5272	0.919
GALNT8	-0.82	8	0.51	0.696	12782	0.962	0.304	5271	0.919
HTATIP2	-0.81	8	0.51	0.696	12783	0.962	0.304	5270	0.919
LCE3A	-0.81	8	0.51	0.696	12784	0.962	0.304	5269	0.919
DYDC1	-0.81	8	0.51	0.696	12785	0.962	0.304	5268	0.919
UGT2B4	-0.81	8	0.51	0.696	12786	0.962	0.304	5267	0.919
ZNF43	-0.41	2	0.51	0.696	12787	0.962	0.304	5266	0.919
EPS8L3	-0.81	8	0.51	0.696	12788	0.962	0.304	5265	0.919
IFFO1	-0.81	8	0.51	0.696	12789	0.962	0.304	5264	0.919
CD70	-0.81	8	0.51	0.696	12790	0.962	0.304	5263	0.919
IKZF1	-0.81	8	0.51	0.696	12791	0.962	0.304	5262	0.919
OPRD1	-0.81	8	0.51	0.696	12792	0.962	0.304	5261	0.919
DHRS2	-0.81	8	0.51	0.696	12793	0.962	0.304	5260	0.919
DMRTC2	-0.81	8	0.51	0.696	12794	0.962	0.304	5259	0.919
NOXRED1	-0.81	8	0.51	0.696	12795	0.962	0.304	5258	0.919
C10orf113	-0.81	8	0.51	0.696	12796	0.962	0.304	5257	0.919
IL27	-0.81	8	0.51	0.696	12797	0.962	0.304	5256	0.919
RNF166	-0.81	8	0.51	0.696	12798	0.962	0.304	5255	0.919
NGF	-0.81	8	0.51	0.697	12799	0.962	0.303	5254	0.919
GPR12	-0.81	8	0.51	0.697	12800	0.962	0.303	5253	0.919
AMOTL1	-0.81	8	0.51	0.697	12801	0.962	0.303	5252	0.919
PRR7	-0.70	6	0.51	0.697	12802	0.962	0.303	5251	0.919
B3GALNT1	-0.81	8	0.51	0.697	12803	0.962	0.303	5250	0.919
ALKBH4	-0.80	8	0.51	0.697	12804	0.962	0.303	5249	0.919
KCNK15	-0.80	8	0.51	0.697	12805	0.962	0.303	5248	0.919
SGTB	-0.80	8	0.52	0.697	12806	0.962	0.303	5247	0.919
FAM126A	-0.80	8	0.52	0.697	12807	0.962	0.303	5246	0.919
CDKL1	-0.80	8	0.52	0.697	12808	0.962	0.303	5245	0.919
CHIC2	-0.80	8	0.52	0.697	12809	0.962	0.303	5244	0.919
HESX1	-0.80	8	0.52	0.697	12810	0.962	0.303	5243	0.919
ZNF567	-0.80	8	0.52	0.697	12811	0.962	0.303	5242	0.919
CCDC42	-0.80	8	0.52	0.697	12812	0.962	0.303	5241	0.919
CLDN17	-0.80	8	0.52	0.697	12813	0.962	0.303	5240	0.919
FAM174B	-0.80	8	0.52	0.697	12814	0.962	0.303	5239	0.919
MDFI	-0.57	4	0.52	0.697	12815	0.962	0.303	5238	0.919
RFX4	-0.80	8	0.52	0.697	12816	0.962	0.303	5237	0.919
ZNF441	-0.80	8	0.52	0.697	12817	0.962	0.303	5236	0.919
GP5	-0.80	8	0.52	0.697	12818	0.962	0.303	5235	0.919
SPATA25	-0.80	8	0.52	0.697	12819	0.962	0.303	5234	0.919
SLC47A1	-0.80	8	0.52	0.697	12820	0.962	0.303	5233	0.919
GNG13	-0.80	8	0.52	0.697	12821	0.962	0.303	5232	0.919
SOD3	-0.80	8	0.52	0.697	12822	0.962	0.303	5231	0.919
SH3TC2	-0.80	8	0.52	0.697	12823	0.962	0.303	5230	0.919
C12orf44	-0.80	8	0.52	0.697	12824	0.962	0.303	5229	0.919
AKAP6	-0.80	8	0.52	0.697	12825	0.962	0.303	5228	0.919
ACAD9	-0.80	8	0.52	0.697	12826	0.962	0.303	5227	0.919
RAD23A	-0.80	8	0.52	0.697	12827	0.962	0.303	5226	0.919
ZNF485	-0.80	8	0.52	0.698	12828	0.962	0.302	5225	0.919
MSH6	-0.79	8	0.52	0.698	12829	0.962	0.302	5224	0.919
PURA	-0.79	8	0.52	0.698	12830	0.962	0.302	5223	0.919
KRT17	-0.79	8	0.52	0.698	12831	0.962	0.302	5222	0.919
C9orf37	-0.79	8	0.52	0.698	12832	0.962	0.302	5221	0.919
SLITRK1	-0.79	8	0.52	0.698	12833	0.962	0.302	5220	0.919
PYGL	-0.79	8	0.52	0.698	12834	0.962	0.302	5219	0.919
FCRLB	-0.79	8	0.52	0.698	12835	0.962	0.302	5218	0.919
SELL	-0.79	8	0.52	0.698	12836	0.962	0.302	5217	0.919
CD9	-0.79	8	0.52	0.698	12837	0.962	0.302	5216	0.919
PFKFB3	-0.79	8	0.52	0.698	12838	0.962	0.302	5215	0.919
GRN	-0.79	8	0.52	0.698	12839	0.962	0.302	5214	0.919
LMOD3	-0.79	8	0.52	0.698	12840	0.962	0.302	5213	0.919
TIPARP	-0.79	8	0.52	0.698	12841	0.962	0.302	5212	0.919
GNL1	-0.79	8	0.52	0.698	12842	0.962	0.302	5211	0.919
TTC39C	-0.79	8	0.52	0.698	12843	0.962	0.302	5210	0.919
VANGL1	-0.79	8	0.52	0.698	12844	0.962	0.302	5209	0.919
FAN1	-0.79	8	0.52	0.698	12845	0.962	0.302	5208	0.919
GOLM1	-0.79	8	0.52	0.698	12846	0.962	0.302	5207	0.919
CLEC19A	-0.79	8	0.52	0.698	12847	0.962	0.302	5206	0.919
NFAT5	-0.78	8	0.52	0.699	12848	0.962	0.301	5205	0.919
SLC25A44	-0.78	8	0.52	0.699	12849	0.962	0.301	5204	0.919
CAMTA2	-0.78	8	0.52	0.699	12850	0.962	0.301	5203	0.919
SLC6A4	-0.78	8	0.52	0.699	12851	0.962	0.301	5202	0.919
ABHD17B	-0.78	8	0.52	0.699	12852	0.962	0.301	5201	0.919
TMEM177	-0.78	8	0.52	0.699	12853	0.962	0.301	5200	0.919
OR2M2	-0.39	2	0.52	0.699	12854	0.962	0.301	5199	0.919
SSH3	-0.78	8	0.52	0.699	12855	0.962	0.301	5198	0.919
AGFG1	-0.78	8	0.52	0.699	12856	0.962	0.301	5197	0.919
SMARCD1	-0.78	8	0.52	0.699	12857	0.962	0.301	5196	0.919
CCNE1	-0.78	8	0.52	0.699	12858	0.962	0.301	5195	0.919
TRIM71	-0.78	8	0.52	0.699	12859	0.962	0.301	5194	0.919
NACC2	-0.78	8	0.52	0.699	12860	0.962	0.301	5193	0.919
RBBP4	-0.78	8	0.52	0.699	12861	0.962	0.301	5192	0.919
EOMES	-0.77	8	0.52	0.699	12862	0.962	0.301	5191	0.919
MICALL1	-0.77	8	0.52	0.699	12863	0.962	0.301	5190	0.919
DPM3	-0.77	8	0.52	0.7	12864	0.962	0.3	5189	0.919
SLC36A4	-0.77	8	0.52	0.7	12865	0.962	0.3	5188	0.919
C14orf28	-0.77	8	0.52	0.7	12866	0.962	0.3	5187	0.919
CEBPE	-0.77	8	0.52	0.7	12867	0.962	0.3	5186	0.919
ANKRD2	-0.77	8	0.52	0.7	12868	0.962	0.3	5185	0.919
CD69	-0.77	8	0.52	0.7	12869	0.962	0.3	5184	0.919
CHMP3	-0.38	2	0.52	0.7	12870	0.962	0.3	5183	0.919
DYNC1LI1	-0.77	8	0.52	0.7	12871	0.962	0.3	5182	0.919
HIBADH	-0.77	8	0.52	0.7	12872	0.962	0.3	5181	0.919
KRTAP23-1	-0.77	8	0.52	0.7	12873	0.962	0.3	5180	0.919
CAGE1	-0.77	8	0.53	0.7	12874	0.962	0.3	5179	0.919
XYLB	-0.77	8	0.53	0.7	12875	0.962	0.3	5178	0.919
STMN3	-0.76	8	0.53	0.7	12876	0.962	0.3	5177	0.919
HNRNPA0	-0.76	8	0.53	0.7	12877	0.962	0.3	5176	0.919
DLC1	-0.76	8	0.53	0.7	12878	0.962	0.3	5175	0.919
KLF13	-0.76	8	0.53	0.7	12879	0.962	0.3	5174	0.919
LGI1	-0.71	7	0.53	0.7	12880	0.962	0.3	5173	0.919
ENTHD1	-0.76	8	0.53	0.701	12881	0.962	0.299	5172	0.919
TNFSF4	-0.76	8	0.53	0.701	12882	0.962	0.299	5171	0.919
NOLC1	-0.76	8	0.53	0.701	12883	0.962	0.299	5170	0.919
OSBPL8	-0.76	8	0.53	0.701	12884	0.962	0.299	5169	0.919
NRIP2	-0.76	8	0.53	0.701	12885	0.962	0.299	5168	0.919
ZNF226	-0.76	8	0.53	0.701	12886	0.962	0.299	5167	0.919
ANKK1	-0.76	8	0.53	0.701	12887	0.962	0.299	5166	0.919
EFCAB11	-0.76	8	0.53	0.701	12888	0.962	0.299	5165	0.919
EBP	-0.76	8	0.53	0.701	12889	0.962	0.299	5164	0.919
LYN	-0.76	8	0.53	0.701	12890	0.962	0.299	5163	0.919
ECHS1	-0.76	8	0.53	0.701	12891	0.962	0.299	5162	0.919
HAL	-0.66	6	0.53	0.701	12892	0.962	0.299	5161	0.919
HMGCS2	-0.76	8	0.53	0.701	12893	0.962	0.299	5160	0.919
PCDHB1	-0.76	8	0.53	0.701	12894	0.962	0.299	5159	0.919
SPIN4	-0.65	6	0.53	0.701	12895	0.962	0.299	5158	0.919
OR6S1	-0.76	8	0.53	0.701	12896	0.962	0.299	5157	0.919
CARTPT	-0.75	8	0.53	0.701	12897	0.962	0.299	5156	0.919
SFRP4	-0.75	8	0.53	0.701	12898	0.962	0.299	5155	0.919
PMP22	-0.75	8	0.53	0.701	12899	0.962	0.299	5154	0.919
CYGB	-0.75	8	0.53	0.701	12900	0.962	0.299	5153	0.919
PLA2G2F	-0.75	8	0.53	0.701	12901	0.962	0.299	5152	0.919
HNF1A	-0.75	8	0.53	0.701	12902	0.962	0.299	5151	0.919
OR4K17	-0.75	8	0.53	0.702	12903	0.962	0.298	5150	0.919
CCDC181	-0.70	7	0.53	0.702	12904	0.962	0.298	5149	0.919
BMP4	-0.75	8	0.53	0.702	12905	0.962	0.298	5148	0.919
SYN1	-0.75	8	0.53	0.702	12906	0.962	0.298	5147	0.919
SERAC1	-0.75	8	0.53	0.702	12907	0.962	0.298	5146	0.919
LEPREL1	-0.75	8	0.53	0.702	12908	0.962	0.298	5145	0.919
OR5H14	-0.65	6	0.53	0.702	12909	0.962	0.298	5144	0.919
STAT4	-0.75	8	0.53	0.702	12910	0.962	0.298	5143	0.919
SSTR4	-0.75	8	0.53	0.702	12911	0.962	0.298	5142	0.919
C1orf200	-0.75	8	0.53	0.702	12912	0.962	0.298	5141	0.919
NOTCH4	-0.65	6	0.53	0.702	12913	0.962	0.298	5140	0.919
TCF20	-0.74	8	0.53	0.702	12914	0.962	0.298	5139	0.919
SNCA	-0.74	8	0.53	0.702	12915	0.962	0.298	5138	0.919
ADAMTS9	-0.74	8	0.53	0.702	12916	0.962	0.298	5137	0.919
SULT4A1	-0.74	8	0.53	0.702	12917	0.962	0.298	5136	0.919
RNF167	-0.74	8	0.53	0.702	12918	0.962	0.298	5135	0.919
ZBTB41	-0.74	8	0.53	0.702	12919	0.962	0.298	5134	0.919
PIN4	-0.74	8	0.53	0.702	12920	0.962	0.298	5133	0.919
HOOK3	-0.74	8	0.53	0.702	12921	0.962	0.298	5132	0.919
TAS2R31	-0.74	8	0.53	0.702	12922	0.962	0.298	5131	0.919
ARHGEF25	-0.74	8	0.53	0.703	12923	0.962	0.297	5130	0.919
CDC34	-0.74	8	0.53	0.703	12924	0.962	0.297	5129	0.919
GJD3	-0.74	8	0.53	0.703	12925	0.962	0.297	5128	0.919
SREK1IP1	-0.37	2	0.53	0.703	12926	0.962	0.297	5127	0.919
NCCRP1	-0.64	6	0.53	0.703	12927	0.962	0.297	5126	0.919
PDZK1IP1	-0.74	8	0.53	0.703	12928	0.962	0.297	5125	0.919
PNMA1	-0.74	8	0.53	0.703	12929	0.962	0.297	5124	0.919
C1QTNF3	-0.73	8	0.53	0.703	12930	0.962	0.297	5123	0.919
UBR1	-0.73	8	0.53	0.703	12931	0.962	0.297	5122	0.919
TRPV2	-0.73	8	0.53	0.703	12932	0.962	0.297	5121	0.919
NRGN	-0.73	8	0.53	0.703	12933	0.962	0.297	5120	0.919
KLHDC7B	-0.73	8	0.53	0.703	12934	0.962	0.297	5119	0.919
MSANTD2	-0.68	7	0.53	0.703	12935	0.962	0.297	5118	0.919
SULT2A1	-0.73	8	0.53	0.703	12936	0.962	0.297	5117	0.919
RNASE9	-0.73	8	0.53	0.703	12937	0.962	0.297	5116	0.919
IL7R	-0.73	8	0.53	0.703	12938	0.962	0.297	5115	0.919
BIN3	-0.73	8	0.53	0.704	12939	0.962	0.296	5114	0.919
ASTE1	-0.73	8	0.53	0.704	12940	0.962	0.296	5113	0.919
HIGD2A	-0.73	8	0.54	0.704	12941	0.962	0.296	5112	0.919
ARHGAP19	-0.73	8	0.54	0.704	12942	0.962	0.296	5111	0.919
GABRQ	-0.73	8	0.54	0.704	12943	0.962	0.296	5110	0.919
RAPSN	-0.73	8	0.54	0.704	12944	0.962	0.296	5109	0.919
C21orf33	-0.73	8	0.54	0.704	12945	0.962	0.296	5108	0.919
CEP120	-0.72	8	0.54	0.704	12946	0.962	0.296	5107	0.919
C16orf74	-0.72	8	0.54	0.704	12947	0.962	0.296	5106	0.919
TMEM200C	-0.72	8	0.54	0.704	12948	0.962	0.296	5105	0.919
AADACL3	-0.72	8	0.54	0.704	12949	0.962	0.296	5104	0.919
VSTM2B	-0.72	8	0.54	0.704	12950	0.962	0.296	5103	0.919
PHKG1	-0.72	8	0.54	0.704	12951	0.962	0.296	5102	0.919
RAP1GAP	-0.72	8	0.54	0.704	12952	0.962	0.296	5101	0.919
SNX14	-0.72	8	0.54	0.704	12953	0.962	0.296	5100	0.919
NKD1	-0.72	8	0.54	0.704	12954	0.962	0.296	5099	0.919
ADORA2A	-0.72	8	0.54	0.704	12955	0.962	0.296	5098	0.919
SLC7A5	-0.72	8	0.54	0.704	12956	0.962	0.296	5097	0.919
DSCR3	-0.72	8	0.54	0.704	12957	0.962	0.296	5096	0.919
LGI2	-0.72	8	0.54	0.704	12958	0.962	0.296	5095	0.919
FAM126B	-0.72	8	0.54	0.704	12959	0.962	0.296	5094	0.919
HGD	-0.62	6	0.54	0.704	12960	0.962	0.296	5093	0.919
RAB27A	-0.72	8	0.54	0.704	12961	0.962	0.296	5092	0.919
PKIB	-0.72	8	0.54	0.704	12962	0.962	0.296	5091	0.919
GIGYF2	-0.72	8	0.54	0.705	12963	0.962	0.295	5090	0.919
AMTN	-0.72	8	0.54	0.705	12964	0.962	0.295	5089	0.919
UBTD1	-0.72	8	0.54	0.705	12965	0.962	0.295	5088	0.919
SNX25	-0.72	8	0.54	0.705	12966	0.962	0.295	5087	0.919
UBXN2B	-0.72	8	0.54	0.705	12967	0.962	0.295	5086	0.919
PDE10A	-0.71	8	0.54	0.705	12968	0.962	0.295	5085	0.919
NHS	-0.71	8	0.54	0.705	12969	0.962	0.295	5084	0.919
NABP2	-0.71	8	0.54	0.705	12970	0.962	0.295	5083	0.919
OR3A2	-0.71	8	0.54	0.705	12971	0.962	0.295	5082	0.919
SLC15A5	-0.71	8	0.54	0.705	12972	0.962	0.295	5081	0.919
KDELC1	-0.71	8	0.54	0.705	12973	0.962	0.295	5080	0.919
ZKSCAN3	-0.71	8	0.54	0.705	12974	0.962	0.295	5079	0.919
KPNA7	-0.71	8	0.54	0.705	12975	0.962	0.295	5078	0.919
DQX1	-0.71	8	0.54	0.705	12976	0.962	0.295	5077	0.919
CRTAM	-0.71	8	0.54	0.705	12977	0.962	0.295	5076	0.919
C3orf84	-0.71	8	0.54	0.705	12978	0.962	0.295	5075	0.919
NPNT	-0.71	8	0.54	0.705	12979	0.962	0.295	5074	0.919
BEST3	-0.71	8	0.54	0.706	12980	0.962	0.294	5073	0.919
RFESD	-0.71	8	0.54	0.706	12981	0.962	0.294	5072	0.919
OR2T27	-0.35	2	0.54	0.706	12982	0.962	0.294	5071	0.919
SOX18	-0.71	8	0.54	0.706	12983	0.962	0.294	5070	0.919
CD302	-0.61	6	0.54	0.706	12984	0.962	0.294	5069	0.919
ARHGAP8	-0.71	8	0.54	0.706	12985	0.962	0.294	5068	0.919
OR7G3	-0.71	8	0.54	0.706	12986	0.962	0.294	5067	0.919
TFF1	-0.70	8	0.54	0.706	12987	0.962	0.294	5066	0.919
MRPS33	-0.70	8	0.54	0.706	12988	0.962	0.294	5065	0.919
SVEP1	-0.70	8	0.54	0.706	12989	0.962	0.294	5064	0.919
INSL4	-0.70	8	0.54	0.706	12990	0.962	0.294	5063	0.919
C9orf85	-0.50	4	0.54	0.706	12991	0.962	0.294	5062	0.919
MZF1	-0.70	8	0.54	0.706	12992	0.962	0.294	5061	0.919
SP140	-0.70	8	0.54	0.706	12993	0.962	0.294	5060	0.919
NLRP4	-0.70	8	0.54	0.706	12994	0.962	0.294	5059	0.919
C10orf11	-0.70	8	0.54	0.706	12995	0.962	0.294	5058	0.919
DUSP9	-0.70	8	0.54	0.706	12996	0.962	0.294	5057	0.919
LRRC37B	-0.70	8	0.54	0.706	12997	0.962	0.294	5056	0.919
MRAP2	-0.70	8	0.54	0.706	12998	0.962	0.294	5055	0.919
MYH13	-0.70	8	0.54	0.706	12999	0.962	0.294	5054	0.919
SAT2	-0.70	8	0.54	0.706	13000	0.962	0.294	5053	0.919
PARD3	-0.70	8	0.54	0.706	13001	0.962	0.294	5052	0.919
THOP1	-0.70	8	0.54	0.706	13002	0.962	0.294	5051	0.919
POLQ	-0.70	8	0.54	0.706	13003	0.962	0.294	5050	0.919
APOBEC3H	-0.70	8	0.54	0.706	13004	0.962	0.294	5049	0.919
ZNF479	-0.35	2	0.54	0.706	13005	0.962	0.294	5048	0.919
TBC1D20	-0.70	8	0.54	0.706	13006	0.962	0.294	5047	0.919
SH3PXD2A	-0.70	8	0.54	0.706	13007	0.962	0.294	5046	0.919
DYNLT1	-0.70	8	0.54	0.706	13008	0.962	0.294	5045	0.919
TMEM115	-0.69	8	0.54	0.707	13009	0.962	0.293	5044	0.919
PLD6	-0.69	8	0.54	0.707	13010	0.962	0.293	5043	0.919
PPP3R1	-0.49	4	0.54	0.707	13011	0.962	0.293	5042	0.919
PML	-0.69	8	0.54	0.707	13012	0.962	0.293	5041	0.919
EME2	-0.69	8	0.54	0.707	13013	0.962	0.293	5040	0.919
GID4	-0.69	8	0.54	0.707	13014	0.962	0.293	5039	0.919
MAP6	-0.69	8	0.54	0.707	13015	0.962	0.293	5038	0.919
KCTD2	-0.69	8	0.54	0.707	13016	0.962	0.293	5037	0.919
CRELD1	-0.69	8	0.54	0.707	13017	0.962	0.293	5036	0.919
EBNA1BP2	-0.69	8	0.54	0.707	13018	0.962	0.293	5035	0.919
VIPAS39	-0.69	8	0.54	0.707	13019	0.962	0.293	5034	0.919
GPC3	-0.69	8	0.54	0.707	13020	0.962	0.293	5033	0.919
KLHL29	-0.65	7	0.54	0.707	13021	0.962	0.293	5032	0.919
FIGF	-0.69	8	0.54	0.707	13022	0.962	0.293	5031	0.919
FNDC3A	-0.69	8	0.54	0.707	13023	0.962	0.293	5030	0.919
WFDC10A	-0.49	4	0.54	0.707	13024	0.962	0.293	5029	0.919
POLI	-0.69	8	0.54	0.707	13025	0.962	0.293	5028	0.919
EPB41	-0.69	8	0.54	0.707	13026	0.962	0.293	5027	0.919
KRT40	-0.69	8	0.55	0.707	13027	0.962	0.293	5026	0.919
PLA2G4C	-0.69	8	0.55	0.707	13028	0.962	0.293	5025	0.919
NECAB1	-0.69	8	0.55	0.707	13029	0.962	0.293	5024	0.919
ZPLD1	-0.69	8	0.55	0.707	13030	0.962	0.293	5023	0.919
C11orf1	-0.69	8	0.55	0.707	13031	0.962	0.293	5022	0.919
REXO2	-0.68	8	0.55	0.707	13032	0.962	0.293	5021	0.919
FAM173A	-0.68	8	0.55	0.707	13033	0.962	0.293	5020	0.919
TRMU	-0.68	8	0.55	0.707	13034	0.962	0.293	5019	0.919
TMEM169	-0.68	8	0.55	0.708	13035	0.962	0.292	5018	0.919
MGA	-0.68	8	0.55	0.708	13036	0.962	0.292	5017	0.919
C7orf31	-0.68	8	0.55	0.708	13037	0.962	0.292	5016	0.919
R3HCC1L	-0.68	8	0.55	0.708	13038	0.962	0.292	5015	0.919
FAM76A	-0.68	8	0.55	0.708	13039	0.962	0.292	5014	0.919
RAB11FIP4	-0.68	8	0.55	0.708	13040	0.962	0.292	5013	0.919
TMEM174	-0.68	8	0.55	0.708	13041	0.962	0.292	5012	0.919
CXCL5	-0.68	8	0.55	0.708	13042	0.962	0.292	5011	0.919
C10orf131	-0.68	8	0.55	0.708	13043	0.962	0.292	5010	0.919
SNX4	-0.68	8	0.55	0.708	13044	0.962	0.292	5009	0.919
RAB27B	-0.68	8	0.55	0.708	13045	0.962	0.292	5008	0.919
ASCC1	-0.68	8	0.55	0.708	13046	0.962	0.292	5007	0.919
ZMAT4	-0.68	8	0.55	0.708	13047	0.962	0.292	5006	0.919
SLC33A1	-0.68	8	0.55	0.708	13048	0.962	0.292	5005	0.919
GRTP1	-0.68	8	0.55	0.708	13049	0.962	0.292	5004	0.919
C8orf22	-0.68	8	0.55	0.708	13050	0.962	0.292	5003	0.919
PYGB	-0.68	8	0.55	0.708	13051	0.962	0.292	5002	0.919
PTHLH	-0.68	8	0.55	0.708	13052	0.962	0.292	5001	0.919
TMEM104	-0.68	8	0.55	0.708	13053	0.962	0.292	5000	0.919
CAND1	-0.68	8	0.55	0.708	13054	0.962	0.292	4999	0.919
TLDC2	-0.68	8	0.55	0.708	13055	0.962	0.292	4998	0.919
PANX1	-0.68	8	0.55	0.708	13056	0.962	0.292	4997	0.919
C14orf37	-0.68	8	0.55	0.708	13057	0.962	0.292	4996	0.919
TMEM45B	-0.68	8	0.55	0.708	13058	0.962	0.292	4995	0.919
SH3PXD2B	-0.68	8	0.55	0.708	13059	0.962	0.292	4994	0.919
SYAP1	-0.68	8	0.55	0.708	13060	0.962	0.292	4993	0.919
CEP19	-0.68	8	0.55	0.708	13061	0.962	0.292	4992	0.919
HIST2H2BF	-0.48	4	0.55	0.708	13062	0.962	0.292	4991	0.919
THAP10	-0.67	8	0.55	0.708	13063	0.962	0.292	4990	0.919
CABP2	-0.67	8	0.55	0.709	13064	0.962	0.291	4989	0.919
PCDH12	-0.67	8	0.55	0.709	13065	0.962	0.291	4988	0.919
PCDHA12	-0.67	8	0.55	0.709	13066	0.962	0.291	4987	0.919
CLDN5	-0.67	8	0.55	0.709	13067	0.962	0.291	4986	0.919
DENND6A	-0.67	8	0.55	0.709	13068	0.962	0.291	4985	0.919
AIM2	-0.67	8	0.55	0.709	13069	0.962	0.291	4984	0.919
KRT4	-0.67	8	0.55	0.709	13070	0.962	0.291	4983	0.919
TNFAIP8L3	-0.67	8	0.55	0.709	13071	0.962	0.291	4982	0.919
CXCL10	-0.67	8	0.55	0.709	13072	0.962	0.291	4981	0.919
FOXA1	-0.67	8	0.55	0.709	13073	0.962	0.291	4980	0.919
CELSR3	-0.67	8	0.55	0.709	13074	0.962	0.291	4979	0.919
ZNF835	-0.67	8	0.55	0.709	13075	0.962	0.291	4978	0.919
C16orf45	-0.67	8	0.55	0.709	13076	0.962	0.291	4977	0.919
VEPH1	-0.67	8	0.55	0.709	13077	0.962	0.291	4976	0.919
ACTB	-0.58	6	0.55	0.709	13078	0.962	0.291	4975	0.919
PVRL1	-0.67	8	0.55	0.709	13079	0.962	0.291	4974	0.919
FCER1A	-0.67	8	0.55	0.709	13080	0.962	0.291	4973	0.919
NLRP2	-0.67	8	0.55	0.709	13081	0.962	0.291	4972	0.919
C10orf55	-0.67	8	0.55	0.709	13082	0.962	0.291	4971	0.919
LY6G6C	-0.67	8	0.55	0.709	13083	0.962	0.291	4970	0.919
EEF1D	-0.66	8	0.55	0.709	13084	0.962	0.291	4969	0.919
SIGLEC15	-0.66	8	0.55	0.709	13085	0.962	0.291	4968	0.919
FGF4	-0.66	8	0.55	0.709	13086	0.962	0.291	4967	0.919
SALL1	-0.66	8	0.55	0.709	13087	0.962	0.291	4966	0.919
NPR2	-0.66	8	0.55	0.709	13088	0.962	0.291	4965	0.919
DPY19L1	-0.66	8	0.55	0.709	13089	0.962	0.291	4964	0.919
GLG1	-0.66	8	0.55	0.709	13090	0.962	0.291	4963	0.919
MYO5B	-0.66	8	0.55	0.709	13091	0.962	0.291	4962	0.919
TMEM26	-0.66	8	0.55	0.709	13092	0.962	0.291	4961	0.919
TMEFF1	-0.66	8	0.55	0.709	13093	0.962	0.291	4960	0.919
NR2F1	-0.66	8	0.55	0.709	13094	0.962	0.291	4959	0.919
DGKB	-0.66	8	0.55	0.709	13095	0.962	0.291	4958	0.919
ZNF831	-0.66	8	0.55	0.71	13096	0.962	0.29	4957	0.919
KCNMA1	-0.66	8	0.55	0.71	13097	0.962	0.29	4956	0.919
TTC5	-0.66	8	0.55	0.71	13098	0.962	0.29	4955	0.919
ZNF852	-0.66	8	0.55	0.71	13099	0.962	0.29	4954	0.919
PABPC1L	-0.66	8	0.55	0.71	13100	0.962	0.29	4953	0.919
AJUBA	-0.66	8	0.55	0.71	13101	0.962	0.29	4952	0.919
DEAF1	-0.66	8	0.55	0.71	13102	0.962	0.29	4951	0.919
GUCY2C	-0.66	8	0.55	0.71	13103	0.962	0.29	4950	0.919
NIN	-0.66	8	0.55	0.71	13104	0.962	0.29	4949	0.919
ZBED6	-0.66	8	0.55	0.71	13105	0.962	0.29	4948	0.919
NDUFS8	-0.66	8	0.55	0.71	13106	0.962	0.29	4947	0.919
PAEP	-0.65	8	0.55	0.71	13107	0.962	0.29	4946	0.919
NUCKS1	-0.65	8	0.55	0.71	13108	0.962	0.29	4945	0.919
PTCHD4	-0.65	8	0.55	0.71	13109	0.962	0.29	4944	0.919
LRRN2	-0.65	8	0.55	0.71	13110	0.962	0.29	4943	0.919
CEBPB	-0.65	8	0.55	0.71	13111	0.962	0.29	4942	0.919
POU6F2	-0.65	8	0.55	0.71	13112	0.962	0.29	4941	0.919
DLX3	-0.65	8	0.55	0.71	13113	0.962	0.29	4940	0.919
ARID5B	-0.65	8	0.55	0.71	13114	0.962	0.29	4939	0.919
FAIM3	-0.65	8	0.55	0.71	13115	0.962	0.29	4938	0.919
UBR3	-0.65	8	0.55	0.71	13116	0.962	0.29	4937	0.919
TNFRSF6B	-0.65	8	0.55	0.71	13117	0.962	0.29	4936	0.919
AC079612.1	-0.65	8	0.55	0.711	13118	0.962	0.289	4935	0.919
PAOX	-0.65	8	0.56	0.711	13119	0.962	0.289	4934	0.919
KDR	-0.65	8	0.56	0.711	13120	0.962	0.289	4933	0.919
OR6C3	-0.65	8	0.56	0.711	13121	0.962	0.289	4932	0.919
KLHL32	-0.65	8	0.56	0.711	13122	0.962	0.289	4931	0.919
ABTB2	-0.65	8	0.56	0.711	13123	0.962	0.289	4930	0.919
BBS2	-0.64	8	0.56	0.711	13124	0.962	0.289	4929	0.919
PPM1K	-0.64	8	0.56	0.711	13125	0.962	0.289	4928	0.919
PPM1E	-0.64	8	0.56	0.711	13126	0.962	0.289	4927	0.919
SUV420H2	-0.64	8	0.56	0.711	13127	0.962	0.289	4926	0.919
ZDHHC8	-0.64	8	0.56	0.711	13128	0.962	0.289	4925	0.919
UBE2V2	-0.64	8	0.56	0.711	13129	0.962	0.289	4924	0.919
RFPL1	-0.45	4	0.56	0.711	13130	0.962	0.289	4923	0.919
LRRC25	-0.64	8	0.56	0.711	13131	0.962	0.289	4922	0.919
LRRC42	-0.64	8	0.56	0.711	13132	0.962	0.289	4921	0.919
IFIT1B	-0.64	8	0.56	0.711	13133	0.962	0.289	4920	0.919
TSPO2	-0.64	8	0.56	0.711	13134	0.962	0.289	4919	0.919
CORIN	-0.64	8	0.56	0.711	13135	0.962	0.289	4918	0.919
TTC39B	-0.64	8	0.56	0.711	13136	0.962	0.289	4917	0.919
GCM2	-0.64	8	0.56	0.711	13137	0.962	0.289	4916	0.919
BSN	-0.64	8	0.56	0.711	13138	0.962	0.289	4915	0.919
ANKAR	-0.64	8	0.56	0.711	13139	0.962	0.289	4914	0.919
OTOL1	-0.64	8	0.56	0.711	13140	0.962	0.289	4913	0.919
RHOH	-0.64	8	0.56	0.711	13141	0.962	0.289	4912	0.919
S100A6	-0.64	8	0.56	0.711	13142	0.962	0.289	4911	0.919
SELE	-0.64	8	0.56	0.711	13143	0.962	0.289	4910	0.919
WBP2NL	-0.64	8	0.56	0.712	13144	0.962	0.288	4909	0.919
F2RL2	-0.64	8	0.56	0.712	13145	0.962	0.288	4908	0.919
MRPL30	-0.64	8	0.56	0.712	13146	0.962	0.288	4907	0.919
FGFR2	-0.64	8	0.56	0.712	13147	0.962	0.288	4906	0.919
NME6	-0.64	8	0.56	0.712	13148	0.962	0.288	4905	0.919
DNASE1L2	-0.64	8	0.56	0.712	13149	0.962	0.288	4904	0.919
ACVR1C	-0.64	8	0.56	0.712	13150	0.962	0.288	4903	0.919
OR51B4	-0.64	8	0.56	0.712	13151	0.962	0.288	4902	0.919
TNK2	-0.64	8	0.56	0.712	13152	0.962	0.288	4901	0.919
EPB42	-0.63	8	0.56	0.712	13153	0.962	0.288	4900	0.919
BAZ2B	-0.63	8	0.56	0.712	13154	0.962	0.288	4899	0.919
TSPAN11	-0.63	8	0.56	0.712	13155	0.962	0.288	4898	0.919
APOL2	-0.63	8	0.56	0.712	13156	0.962	0.288	4897	0.919
MTHFD1L	-0.63	8	0.56	0.712	13157	0.962	0.288	4896	0.919
DNAJC15	-0.63	8	0.56	0.712	13158	0.962	0.288	4895	0.919
PTPRE	-0.63	8	0.56	0.712	13159	0.962	0.288	4894	0.919
HLA-DQB2	-0.63	8	0.56	0.712	13160	0.962	0.288	4893	0.919
UBE2U	-0.63	8	0.56	0.712	13161	0.962	0.288	4892	0.919
AMICA1	-0.63	8	0.56	0.712	13162	0.962	0.288	4891	0.919
ZIC4	-0.63	8	0.56	0.712	13163	0.962	0.288	4890	0.919
OR52B4	-0.63	8	0.56	0.712	13164	0.962	0.288	4889	0.919
REN	-0.63	8	0.56	0.712	13165	0.962	0.288	4888	0.919
MROH2B	-0.63	8	0.56	0.713	13166	0.962	0.287	4887	0.919
ZFAND2B	-0.63	8	0.56	0.713	13167	0.962	0.287	4886	0.919
CPNE1	-0.62	8	0.56	0.713	13168	0.962	0.287	4885	0.919
FAM198B	-0.62	8	0.56	0.713	13169	0.962	0.287	4884	0.919
H1FX	-0.62	8	0.56	0.713	13170	0.962	0.287	4883	0.919
OR2V2	-0.62	8	0.56	0.713	13171	0.962	0.287	4882	0.919
DLG1	-0.62	8	0.56	0.713	13172	0.962	0.287	4881	0.919
DUSP22	-0.62	8	0.56	0.713	13173	0.962	0.287	4880	0.919
BCL6	-0.62	8	0.56	0.713	13174	0.962	0.287	4879	0.919
PMS1	-0.62	8	0.56	0.713	13175	0.962	0.287	4878	0.919
USP28	-0.62	8	0.56	0.713	13176	0.962	0.287	4877	0.919
ZNF439	-0.54	6	0.56	0.713	13177	0.962	0.287	4876	0.919
COX20	-0.31	2	0.56	0.713	13178	0.962	0.287	4875	0.919
IGLL5	-0.62	8	0.56	0.713	13179	0.962	0.287	4874	0.919
TRIM6	-0.62	8	0.56	0.713	13180	0.962	0.287	4873	0.919
C11orf54	-0.62	8	0.56	0.713	13181	0.962	0.287	4872	0.919
TBX1	-0.62	8	0.56	0.713	13182	0.962	0.287	4871	0.919
GOLGA7B	-0.62	8	0.56	0.714	13183	0.962	0.286	4870	0.919
STAT1	-0.61	8	0.56	0.714	13184	0.962	0.286	4869	0.919
TTC8	-0.61	8	0.56	0.714	13185	0.962	0.286	4868	0.919
ITGAM	-0.61	8	0.56	0.714	13186	0.962	0.286	4867	0.919
CATSPER3	-0.61	8	0.56	0.714	13187	0.962	0.286	4866	0.919
CRYBB2	-0.61	8	0.56	0.714	13188	0.962	0.286	4865	0.919
ABR	-0.61	8	0.56	0.714	13189	0.962	0.286	4864	0.919
PTPRJ	-0.61	8	0.56	0.714	13190	0.962	0.286	4863	0.919
SERPINI2	-0.61	8	0.56	0.714	13191	0.962	0.286	4862	0.919
ORMDL3	-0.61	8	0.56	0.714	13192	0.962	0.286	4861	0.919
MEAF6	-0.61	8	0.56	0.714	13193	0.962	0.286	4860	0.919
IFITM2	-0.53	6	0.56	0.714	13194	0.962	0.286	4859	0.919
CDO1	-0.61	8	0.57	0.714	13195	0.962	0.286	4858	0.919
TMEM40	-0.61	8	0.57	0.714	13196	0.962	0.286	4857	0.919
ZAR1L	-0.61	8	0.57	0.714	13197	0.962	0.286	4856	0.919
CHCHD7	-0.61	8	0.57	0.714	13198	0.962	0.286	4855	0.919
OR4C13	-0.61	8	0.57	0.714	13199	0.962	0.286	4854	0.919
C17orf64	-0.61	8	0.57	0.714	13200	0.962	0.286	4853	0.919
LAPTM5	-0.61	8	0.57	0.714	13201	0.962	0.286	4852	0.919
SFR1	-0.61	8	0.57	0.714	13202	0.962	0.286	4851	0.919
MRPL10	-0.61	8	0.57	0.714	13203	0.962	0.286	4850	0.919
NOVA1	-0.61	8	0.57	0.714	13204	0.962	0.286	4849	0.919
MYOM1	-0.61	8	0.57	0.714	13205	0.962	0.286	4848	0.919
RNF212	-0.61	8	0.57	0.714	13206	0.962	0.286	4847	0.919
HNRNPDL	-0.61	8	0.57	0.714	13207	0.962	0.286	4846	0.919
KIAA1328	-0.61	8	0.57	0.714	13208	0.962	0.286	4845	0.919
CCDC68	-0.60	8	0.57	0.715	13209	0.962	0.285	4844	0.919
KAL1	-0.60	8	0.57	0.715	13210	0.962	0.285	4843	0.919
DTHD1	-0.60	8	0.57	0.715	13211	0.962	0.285	4842	0.919
ARPC1B	-0.60	8	0.57	0.715	13212	0.962	0.285	4841	0.919
FAM199X	-0.60	8	0.57	0.715	13213	0.962	0.285	4840	0.919
SCCPDH	-0.52	6	0.57	0.715	13214	0.962	0.285	4839	0.919
MOB3B	-0.60	8	0.57	0.715	13215	0.962	0.285	4838	0.919
SERPINB13	-0.60	8	0.57	0.715	13216	0.962	0.285	4837	0.919
CD244	-0.60	8	0.57	0.715	13217	0.962	0.285	4836	0.919
WDR49	-0.60	8	0.57	0.715	13218	0.962	0.285	4835	0.919
SMOX	-0.60	8	0.57	0.715	13219	0.962	0.285	4834	0.919
KLC4	-0.60	8	0.57	0.715	13220	0.962	0.285	4833	0.919
COX14	-0.60	8	0.57	0.715	13221	0.962	0.285	4832	0.919
METTL11B	-0.60	8	0.57	0.715	13222	0.962	0.285	4831	0.919
DYRK2	-0.60	8	0.57	0.715	13223	0.962	0.285	4830	0.919
SLC36A3	-0.60	8	0.57	0.715	13224	0.962	0.285	4829	0.919
SOCS5	-0.60	8	0.57	0.715	13225	0.962	0.285	4828	0.919
CYSLTR1	-0.59	8	0.57	0.715	13226	0.962	0.285	4827	0.919
EPM2AIP1	-0.59	8	0.57	0.716	13227	0.962	0.284	4826	0.919
FMR1NB	-0.59	8	0.57	0.716	13228	0.962	0.284	4825	0.919
SYT7	-0.59	8	0.57	0.716	13229	0.962	0.284	4824	0.919
PPL	-0.59	8	0.57	0.716	13230	0.962	0.284	4823	0.919
INADL	-0.59	8	0.57	0.716	13231	0.962	0.284	4822	0.919
TMEM236	-0.59	8	0.57	0.716	13232	0.962	0.284	4821	0.919
CST8	-0.59	8	0.57	0.716	13233	0.962	0.284	4820	0.919
ALDH7A1	-0.59	8	0.57	0.716	13234	0.962	0.284	4819	0.919
NXPH2	-0.59	8	0.57	0.716	13235	0.962	0.284	4818	0.919
ACOT7	-0.59	8	0.57	0.716	13236	0.962	0.284	4817	0.919
OR4F6	-0.59	8	0.57	0.716	13237	0.962	0.284	4816	0.919
CSNK1G3	-0.59	8	0.57	0.716	13238	0.962	0.284	4815	0.919
GUCA1A	-0.59	8	0.57	0.716	13239	0.962	0.284	4814	0.919
TMEM9	-0.59	8	0.57	0.716	13240	0.962	0.284	4813	0.919
DNAH6	-0.59	8	0.57	0.716	13241	0.962	0.284	4812	0.919
C9orf53	-0.59	8	0.57	0.716	13242	0.962	0.284	4811	0.919
RP11-408E5.4	-0.41	4	0.57	0.716	13243	0.962	0.284	4810	0.919
CYP20A1	-0.59	8	0.57	0.716	13244	0.962	0.284	4809	0.919
SLFN12L	-0.59	8	0.57	0.716	13245	0.962	0.284	4808	0.919
PPP1R1A	-0.58	8	0.57	0.716	13246	0.962	0.284	4807	0.919
GPR98	-0.58	8	0.57	0.716	13247	0.962	0.284	4806	0.919
CD163L1	-0.58	8	0.57	0.716	13248	0.962	0.284	4805	0.919
GCN1L1	-0.58	8	0.57	0.716	13249	0.962	0.284	4804	0.919
FGF11	-0.58	8	0.57	0.716	13250	0.962	0.284	4803	0.919
WWC1	-0.58	8	0.57	0.716	13251	0.962	0.284	4802	0.919
ZMIZ2	-0.58	8	0.57	0.716	13252	0.962	0.284	4801	0.919
ZNF22	-0.58	8	0.57	0.717	13253	0.962	0.283	4800	0.919
DOCK1	-0.58	8	0.57	0.717	13254	0.962	0.283	4799	0.919
PRKAA1	-0.58	8	0.57	0.717	13255	0.962	0.283	4798	0.919
ABCC8	-0.58	8	0.57	0.717	13256	0.962	0.283	4797	0.919
ATP8A1	-0.58	8	0.57	0.717	13257	0.962	0.283	4796	0.919
RCSD1	-0.58	8	0.57	0.717	13258	0.962	0.283	4795	0.919
SYBU	-0.58	8	0.57	0.717	13259	0.962	0.283	4794	0.919
PRKG1	-0.58	8	0.57	0.717	13260	0.962	0.283	4793	0.919
ATAD3C	-0.58	8	0.57	0.717	13261	0.962	0.283	4792	0.919
NAT14	-0.58	8	0.57	0.717	13262	0.962	0.283	4791	0.919
ACSS2	-0.58	8	0.57	0.717	13263	0.962	0.283	4790	0.919
ZNF580	-0.58	8	0.57	0.717	13264	0.962	0.283	4789	0.919
ADAMTSL1	-0.58	8	0.57	0.717	13265	0.962	0.283	4788	0.919
OR5M8	-0.58	8	0.57	0.717	13266	0.962	0.283	4787	0.919
PCDHGC4	-0.58	8	0.57	0.717	13267	0.962	0.283	4786	0.919
SLC25A46	-0.58	8	0.57	0.717	13268	0.962	0.283	4785	0.919
MTIF3	-0.57	8	0.57	0.717	13269	0.962	0.283	4784	0.919
SPSB4	-0.57	8	0.58	0.717	13270	0.962	0.283	4783	0.919
TCEA1	-0.57	8	0.58	0.717	13271	0.962	0.283	4782	0.919
PCOLCE2	-0.57	8	0.58	0.718	13272	0.962	0.282	4781	0.919
MED4	-0.57	8	0.58	0.718	13273	0.962	0.282	4780	0.919
NR1D2	-0.57	8	0.58	0.718	13274	0.962	0.282	4779	0.919
FSIP1	-0.53	7	0.58	0.718	13275	0.962	0.282	4778	0.919
CXCL9	-0.57	8	0.58	0.718	13276	0.962	0.282	4777	0.919
PLBD2	-0.57	8	0.58	0.718	13277	0.962	0.282	4776	0.919
OGG1	-0.57	8	0.58	0.718	13278	0.962	0.282	4775	0.919
EIF2AK4	-0.57	8	0.58	0.718	13279	0.962	0.282	4774	0.919
ACSF3	-0.57	8	0.58	0.718	13280	0.962	0.282	4773	0.919
SERTAD4	-0.56	8	0.58	0.718	13281	0.962	0.282	4772	0.919
PHF8	-0.56	8	0.58	0.718	13282	0.962	0.282	4771	0.919
EMD	-0.56	8	0.58	0.718	13283	0.962	0.282	4770	0.919
SAT1	-0.56	8	0.58	0.718	13284	0.962	0.282	4769	0.919
RBM5	-0.56	8	0.58	0.718	13285	0.962	0.282	4768	0.919
GALNT16	-0.56	8	0.58	0.718	13286	0.962	0.282	4767	0.919
C5orf28	-0.56	8	0.58	0.719	13287	0.962	0.281	4766	0.919
SPINK5	-0.56	8	0.58	0.719	13288	0.962	0.281	4765	0.919
ZNF708	-0.39	4	0.58	0.719	13289	0.962	0.281	4764	0.919
RNF32	-0.56	8	0.58	0.719	13290	0.962	0.281	4763	0.919
SV2B	-0.56	8	0.58	0.719	13291	0.962	0.281	4762	0.919
PTRF	-0.56	8	0.58	0.719	13292	0.962	0.281	4761	0.919
WNT7B	-0.55	8	0.58	0.719	13293	0.962	0.281	4760	0.919
STARD3	-0.55	8	0.58	0.719	13294	0.962	0.281	4759	0.919
PDGFA	-0.55	8	0.58	0.719	13295	0.962	0.281	4758	0.919
CARHSP1	-0.55	8	0.58	0.719	13296	0.962	0.281	4757	0.919
DISC1	-0.55	8	0.58	0.72	13297	0.962	0.28	4756	0.919
PXMP2	-0.55	8	0.58	0.72	13298	0.962	0.28	4755	0.919
TCF7	-0.47	6	0.58	0.72	13299	0.962	0.28	4754	0.919
CMAS	-0.55	8	0.58	0.72	13300	0.962	0.28	4753	0.919
POMGNT2	-0.55	8	0.58	0.72	13301	0.962	0.28	4752	0.919
CATSPER2	-0.55	8	0.58	0.72	13302	0.962	0.28	4751	0.919
SFTA2	-0.54	8	0.58	0.72	13303	0.962	0.28	4750	0.919
FAM9B	-0.54	8	0.58	0.72	13304	0.962	0.28	4749	0.919
C4orf47	-0.54	8	0.58	0.72	13305	0.962	0.28	4748	0.919
CHGB	-0.54	8	0.58	0.72	13306	0.962	0.28	4747	0.919
GDF5OS	-0.54	8	0.58	0.72	13307	0.962	0.28	4746	0.919
CASC1	-0.54	8	0.58	0.72	13308	0.962	0.28	4745	0.919
C22orf31	-0.54	8	0.58	0.72	13309	0.962	0.28	4744	0.919
OAZ2	-0.54	8	0.58	0.72	13310	0.962	0.28	4743	0.919
GPR174	-0.54	8	0.58	0.72	13311	0.962	0.28	4742	0.919
PARP8	-0.54	8	0.58	0.72	13312	0.962	0.28	4741	0.919
NPY	-0.54	8	0.58	0.72	13313	0.962	0.28	4740	0.919
NEURL2	-0.54	8	0.58	0.72	13314	0.962	0.28	4739	0.919
LRRC47	-0.54	8	0.58	0.72	13315	0.962	0.28	4738	0.919
CA1	-0.54	8	0.58	0.72	13316	0.962	0.28	4737	0.919
CSRNP2	-0.50	7	0.58	0.72	13317	0.962	0.28	4736	0.919
MFSD6L	-0.54	8	0.58	0.72	13318	0.962	0.28	4735	0.919
HIST1H2BN	-0.38	4	0.58	0.72	13319	0.962	0.28	4734	0.919
CCNL1	-0.54	8	0.58	0.72	13320	0.962	0.28	4733	0.919
NOBOX	-0.54	8	0.58	0.721	13321	0.962	0.279	4732	0.919
UBAP1	-0.53	8	0.58	0.721	13322	0.962	0.279	4731	0.919
OR14I1	-0.53	8	0.58	0.721	13323	0.962	0.279	4730	0.919
SLC22A17	-0.46	6	0.58	0.721	13324	0.962	0.279	4729	0.919
APOM	-0.53	8	0.59	0.721	13325	0.962	0.279	4728	0.919
CES3	-0.53	8	0.59	0.721	13326	0.962	0.279	4727	0.919
TRPA1	-0.53	8	0.59	0.721	13327	0.962	0.279	4726	0.919
ZNF487	-0.27	2	0.59	0.721	13328	0.962	0.279	4725	0.919
POU3F1	-0.53	8	0.59	0.721	13329	0.962	0.279	4724	0.919
SHC3	-0.53	8	0.59	0.721	13330	0.962	0.279	4723	0.919
PLEKHH2	-0.53	8	0.59	0.721	13331	0.962	0.279	4722	0.919
RASA1	-0.53	8	0.59	0.721	13332	0.962	0.279	4721	0.919
WDR1	-0.53	8	0.59	0.721	13333	0.962	0.279	4720	0.919
XKR3	-0.53	8	0.59	0.721	13334	0.962	0.279	4719	0.919
EPHA1	-0.53	8	0.59	0.721	13335	0.962	0.279	4718	0.919
BBIP1	-0.53	8	0.59	0.721	13336	0.962	0.279	4717	0.919
LINS	-0.53	8	0.59	0.721	13337	0.962	0.279	4716	0.919
MUC7	-0.53	8	0.59	0.721	13338	0.962	0.279	4715	0.919
MYO1A	-0.53	8	0.59	0.721	13339	0.962	0.279	4714	0.919
TTBK2	-0.53	8	0.59	0.721	13340	0.962	0.279	4713	0.919
PGF	-0.53	8	0.59	0.721	13341	0.962	0.279	4712	0.919
TNR	-0.53	8	0.59	0.721	13342	0.962	0.279	4711	0.919
ZNF404	-0.53	8	0.59	0.721	13343	0.962	0.279	4710	0.919
FGF21	-0.53	8	0.59	0.721	13344	0.962	0.279	4709	0.919
PAQR9	-0.52	8	0.59	0.722	13345	0.962	0.278	4708	0.919
INPP1	-0.52	8	0.59	0.722	13346	0.962	0.278	4707	0.919
MMP21	-0.52	8	0.59	0.722	13347	0.962	0.278	4706	0.919
RFWD3	-0.52	8	0.59	0.722	13348	0.962	0.278	4705	0.919
SCPEP1	-0.52	8	0.59	0.722	13349	0.962	0.278	4704	0.919
FHOD1	-0.52	8	0.59	0.722	13350	0.962	0.278	4703	0.919
AP3D1	-0.52	8	0.59	0.722	13351	0.962	0.278	4702	0.919
MRPL48	-0.52	8	0.59	0.722	13352	0.962	0.278	4701	0.919
NT5C2	-0.52	8	0.59	0.722	13353	0.962	0.278	4700	0.919
PAGE1	-0.52	8	0.59	0.722	13354	0.962	0.278	4699	0.919
GP1BB	-0.52	8	0.59	0.722	13355	0.962	0.278	4698	0.919
CRYAB	-0.52	8	0.59	0.722	13356	0.962	0.278	4697	0.919
OR2G3	-0.52	8	0.59	0.722	13357	0.962	0.278	4696	0.919
RLBP1	-0.52	8	0.59	0.722	13358	0.962	0.278	4695	0.919
MTMR9	-0.52	8	0.59	0.722	13359	0.962	0.278	4694	0.919
UTP18	-0.52	8	0.59	0.722	13360	0.962	0.278	4693	0.919
HAS2	-0.52	8	0.59	0.722	13361	0.962	0.278	4692	0.919
LXN	-0.52	8	0.59	0.722	13362	0.962	0.278	4691	0.919
MED10	-0.52	8	0.59	0.722	13363	0.962	0.278	4690	0.919
PLP2	-0.52	8	0.59	0.722	13364	0.962	0.278	4689	0.919
CHRD	-0.51	8	0.59	0.722	13365	0.962	0.278	4688	0.919
ZBTB33	-0.51	8	0.59	0.722	13366	0.962	0.278	4687	0.919
ABHD16A	-0.51	8	0.59	0.722	13367	0.962	0.278	4686	0.919
ZNF823	-0.51	8	0.59	0.723	13368	0.962	0.277	4685	0.919
PEX5	-0.51	8	0.59	0.723	13369	0.962	0.277	4684	0.919
PTPLA	-0.51	8	0.59	0.723	13370	0.962	0.277	4683	0.919
EIF4ENIF1	-0.51	8	0.59	0.723	13371	0.962	0.277	4682	0.919
TFDP2	-0.51	8	0.59	0.723	13372	0.962	0.277	4681	0.919
PHTF2	-0.51	8	0.59	0.723	13373	0.962	0.277	4680	0.919
ACSBG1	-0.51	8	0.59	0.723	13374	0.962	0.277	4679	0.919
ZNF12	-0.51	8	0.59	0.723	13375	0.962	0.277	4678	0.919
GLUD1	-0.51	8	0.59	0.723	13376	0.962	0.277	4677	0.919
HSPB6	-0.51	8	0.59	0.723	13377	0.962	0.277	4676	0.919
ZNF266	-0.51	8	0.59	0.723	13378	0.962	0.277	4675	0.919
CST7	-0.51	8	0.59	0.723	13379	0.962	0.277	4674	0.919
EFNB1	-0.51	8	0.59	0.723	13380	0.962	0.277	4673	0.919
PILRB	-0.51	8	0.59	0.723	13381	0.962	0.277	4672	0.919
ZFAND4	-0.51	8	0.59	0.723	13382	0.962	0.277	4671	0.919
FGF8	-0.51	8	0.59	0.723	13383	0.962	0.277	4670	0.919
TAS2R50	-0.51	8	0.59	0.723	13384	0.962	0.277	4669	0.919
TYR	-0.51	8	0.59	0.723	13385	0.962	0.277	4668	0.919
SHISA2	-0.51	8	0.59	0.723	13386	0.962	0.277	4667	0.919
RCN3	-0.50	8	0.59	0.723	13387	0.962	0.277	4666	0.919
LIPE	-0.50	8	0.59	0.723	13388	0.962	0.277	4665	0.919
USP31	-0.50	8	0.59	0.723	13389	0.962	0.277	4664	0.919
HCN4	-0.50	8	0.59	0.723	13390	0.962	0.277	4663	0.919
CDH13	-0.50	8	0.59	0.724	13391	0.962	0.276	4662	0.919
GYPE	-0.35	4	0.59	0.724	13392	0.962	0.276	4661	0.919
RPS6KL1	-0.50	8	0.59	0.724	13393	0.962	0.276	4660	0.919
TMA7	-0.43	6	0.59	0.724	13394	0.962	0.276	4659	0.919
CNTNAP1	-0.50	8	0.59	0.724	13395	0.962	0.276	4658	0.919
ABCA5	-0.50	8	0.59	0.724	13396	0.962	0.276	4657	0.919
TMPPE	-0.47	7	0.59	0.724	13397	0.962	0.276	4656	0.919
PRSS56	-0.50	8	0.59	0.724	13398	0.962	0.276	4655	0.919
USP4	-0.50	8	0.59	0.724	13399	0.962	0.276	4654	0.919
LIN7A	-0.50	8	0.59	0.724	13400	0.962	0.276	4653	0.919
CLUL1	-0.50	8	0.59	0.724	13401	0.962	0.276	4652	0.919
PKD2L2	-0.50	8	0.59	0.724	13402	0.962	0.276	4651	0.919
TIGD6	-0.50	8	0.59	0.724	13403	0.962	0.276	4650	0.919
REM1	-0.50	8	0.59	0.724	13404	0.962	0.276	4649	0.919
SEMA3F	-0.50	8	0.59	0.724	13405	0.962	0.276	4648	0.919
EVI5L	-0.50	8	0.59	0.724	13406	0.962	0.276	4647	0.919
PCDHGA5	-0.50	8	0.59	0.724	13407	0.962	0.276	4646	0.919
SOCS2	-0.50	8	0.59	0.724	13408	0.962	0.276	4645	0.919
GFRA4	-0.49	8	0.60	0.724	13409	0.962	0.276	4644	0.919
MEGF11	-0.49	8	0.60	0.724	13410	0.962	0.276	4643	0.919
ACAN	-0.49	8	0.60	0.724	13411	0.962	0.276	4642	0.919
OR1N2	-0.49	8	0.60	0.724	13412	0.962	0.276	4641	0.919
RASIP1	-0.49	8	0.60	0.724	13413	0.962	0.276	4640	0.919
TRABD2A	-0.49	8	0.60	0.724	13414	0.962	0.276	4639	0.919
EEPD1	-0.49	8	0.60	0.724	13415	0.962	0.276	4638	0.919
ZNF519	-0.25	2	0.60	0.724	13416	0.962	0.276	4637	0.919
PDPR	-0.49	8	0.60	0.724	13417	0.962	0.276	4636	0.919
PPP1R3C	-0.49	8	0.60	0.724	13418	0.962	0.276	4635	0.919
OTOS	-0.49	8	0.60	0.724	13419	0.962	0.276	4634	0.919
ELN	-0.49	8	0.60	0.725	13420	0.962	0.275	4633	0.919
SFMBT2	-0.49	8	0.60	0.725	13421	0.962	0.275	4632	0.919
PRMT2	-0.49	8	0.60	0.725	13422	0.962	0.275	4631	0.919
RING1	-0.49	8	0.60	0.725	13423	0.962	0.275	4630	0.919
TMEM155	-0.42	6	0.60	0.725	13424	0.962	0.275	4629	0.919
PRDM9	-0.42	6	0.60	0.725	13425	0.962	0.275	4628	0.919
SCRG1	-0.49	8	0.60	0.725	13426	0.962	0.275	4627	0.919
PASD1	-0.49	8	0.60	0.725	13427	0.962	0.275	4626	0.919
GABRA4	-0.49	8	0.60	0.725	13428	0.962	0.275	4625	0.919
SOGA2	-0.48	8	0.60	0.725	13429	0.962	0.275	4624	0.919
ZNF778	-0.48	8	0.60	0.725	13430	0.962	0.275	4623	0.919
CRY1	-0.48	8	0.60	0.725	13431	0.962	0.275	4622	0.919
GDA	-0.48	8	0.60	0.725	13432	0.962	0.275	4621	0.919
AKAP2	-0.34	4	0.60	0.725	13433	0.962	0.275	4620	0.919
GDF9	-0.48	8	0.60	0.725	13434	0.962	0.275	4619	0.919
UCHL1	-0.48	8	0.60	0.725	13435	0.962	0.275	4618	0.919
IQGAP1	-0.48	8	0.60	0.725	13436	0.962	0.275	4617	0.919
NSMAF	-0.48	8	0.60	0.725	13437	0.962	0.275	4616	0.919
PTBP1	-0.48	8	0.60	0.725	13438	0.962	0.275	4615	0.919
GJB1	-0.48	8	0.60	0.725	13439	0.962	0.275	4614	0.919
CYP11B1	-0.48	8	0.60	0.725	13440	0.962	0.275	4613	0.919
LTB	-0.48	8	0.60	0.725	13441	0.962	0.275	4612	0.919
ELMOD2	-0.48	8	0.60	0.725	13442	0.962	0.275	4611	0.919
KRTAP5-11	-0.24	2	0.60	0.725	13443	0.962	0.275	4610	0.919
HSF2BP	-0.48	8	0.60	0.726	13444	0.962	0.274	4609	0.919
PNPLA3	-0.47	8	0.60	0.726	13445	0.962	0.274	4608	0.919
MPHOSPH6	-0.47	8	0.60	0.726	13446	0.962	0.274	4607	0.919
LDB1	-0.47	8	0.60	0.726	13447	0.962	0.274	4606	0.919
CLPTM1L	-0.47	8	0.60	0.726	13448	0.962	0.274	4605	0.919
GTF2A1L	-0.24	2	0.60	0.726	13449	0.962	0.274	4604	0.919
SLC2A4RG	-0.47	8	0.60	0.726	13450	0.962	0.274	4603	0.919
TMEM125	-0.47	8	0.60	0.726	13451	0.962	0.274	4602	0.919
OR5D16	-0.47	8	0.60	0.726	13452	0.962	0.274	4601	0.919
ANO5	-0.41	6	0.60	0.726	13453	0.962	0.274	4600	0.919
PASK	-0.44	7	0.60	0.726	13454	0.962	0.274	4599	0.919
CCDC105	-0.47	8	0.60	0.726	13455	0.962	0.274	4598	0.919
EPHA7	-0.47	8	0.60	0.726	13456	0.962	0.274	4597	0.919
DLX1	-0.47	8	0.60	0.726	13457	0.962	0.274	4596	0.919
CCSER2	-0.47	8	0.60	0.726	13458	0.962	0.274	4595	0.919
NDUFV2	-0.47	8	0.60	0.727	13459	0.962	0.273	4594	0.919
HERPUD2	-0.47	8	0.60	0.727	13460	0.962	0.273	4593	0.919
RCVRN	-0.46	8	0.60	0.727	13461	0.962	0.273	4592	0.919
PRKAG2	-0.46	8	0.60	0.727	13462	0.962	0.273	4591	0.919
ATP10D	-0.46	8	0.60	0.727	13463	0.962	0.273	4590	0.919
THSD7A	-0.46	8	0.60	0.727	13464	0.962	0.273	4589	0.919
SNTB1	-0.46	8	0.60	0.727	13465	0.962	0.273	4588	0.919
UGT1A1	-0.23	2	0.60	0.727	13466	0.962	0.273	4587	0.919
CAMKK1	-0.46	8	0.60	0.727	13467	0.962	0.273	4586	0.919
FAIM	-0.46	8	0.60	0.727	13468	0.962	0.273	4585	0.919
MYOZ1	-0.46	8	0.60	0.727	13469	0.962	0.273	4584	0.919
PACSIN2	-0.46	8	0.60	0.727	13470	0.962	0.273	4583	0.919
PDHB	-0.46	8	0.60	0.727	13471	0.962	0.273	4582	0.919
CD1B	-0.46	8	0.60	0.727	13472	0.962	0.273	4581	0.919
ZNF594	-0.46	8	0.60	0.727	13473	0.962	0.273	4580	0.919
XPNPEP3	-0.46	8	0.60	0.727	13474	0.962	0.273	4579	0.919
CD47	-0.46	8	0.60	0.727	13475	0.962	0.273	4578	0.919
SLFN13	-0.46	8	0.61	0.727	13476	0.962	0.273	4577	0.919
MT3	-0.46	8	0.61	0.727	13477	0.962	0.273	4576	0.919
ANGPT4	-0.46	8	0.61	0.728	13478	0.962	0.272	4575	0.919
ASXL2	-0.46	8	0.61	0.728	13479	0.962	0.272	4574	0.919
TRIOBP	-0.45	8	0.61	0.728	13480	0.962	0.272	4573	0.919
AP1M2	-0.45	8	0.61	0.728	13481	0.962	0.272	4572	0.919
TLL2	-0.45	8	0.61	0.728	13482	0.962	0.272	4571	0.919
SRPX	-0.45	8	0.61	0.728	13483	0.962	0.272	4570	0.919
MFRP	-0.45	8	0.61	0.728	13484	0.962	0.272	4569	0.919
TMEM173	-0.45	8	0.61	0.728	13485	0.962	0.272	4568	0.919
FAM170A	-0.45	8	0.61	0.728	13486	0.962	0.272	4567	0.919
EMR2	-0.45	8	0.61	0.728	13487	0.962	0.272	4566	0.919
ANKRD16	-0.45	8	0.61	0.728	13488	0.962	0.272	4565	0.919
BCKDHB	-0.45	8	0.61	0.728	13489	0.962	0.272	4564	0.919
MUC17	-0.45	8	0.61	0.728	13490	0.962	0.272	4563	0.919
ADM2	-0.45	8	0.61	0.728	13491	0.962	0.272	4562	0.919
CD247	-0.45	8	0.61	0.728	13492	0.962	0.272	4561	0.919
SBSPON	-0.45	8	0.61	0.728	13493	0.962	0.272	4560	0.919
EDAR	-0.45	8	0.61	0.728	13494	0.962	0.272	4559	0.919
OPTN	-0.45	8	0.61	0.728	13495	0.962	0.272	4558	0.919
FAM172A	-0.45	8	0.61	0.728	13496	0.962	0.272	4557	0.919
CCER1	-0.45	8	0.61	0.728	13497	0.962	0.272	4556	0.919
SLPI	-0.45	8	0.61	0.728	13498	0.962	0.272	4555	0.919
P4HTM	-0.45	8	0.61	0.728	13499	0.962	0.272	4554	0.919
FAM76B	-0.45	8	0.61	0.728	13500	0.962	0.272	4553	0.919
SORBS2	-0.45	8	0.61	0.728	13501	0.962	0.272	4552	0.919
ZNF433	-0.45	8	0.61	0.728	13502	0.962	0.272	4551	0.919
LGALS2	-0.45	8	0.61	0.728	13503	0.962	0.272	4550	0.919
CTBP1	-0.44	8	0.61	0.729	13504	0.962	0.271	4549	0.919
FOXC2	-0.44	8	0.61	0.729	13505	0.962	0.271	4548	0.919
PANX3	-0.44	8	0.61	0.729	13506	0.962	0.271	4547	0.919
SDCBP	-0.44	8	0.61	0.729	13507	0.962	0.271	4546	0.919
CYB561D1	-0.44	8	0.61	0.729	13508	0.962	0.271	4545	0.919
EID3	-0.44	8	0.61	0.729	13509	0.962	0.271	4544	0.919
OR8J1	-0.22	2	0.61	0.729	13510	0.962	0.271	4543	0.919
SULT1C2	-0.38	6	0.61	0.729	13511	0.962	0.271	4542	0.919
VTN	-0.44	8	0.61	0.729	13512	0.962	0.271	4541	0.919
YBX1	-0.44	8	0.61	0.729	13513	0.962	0.271	4540	0.919
PCSK5	-0.44	8	0.61	0.729	13514	0.962	0.271	4539	0.919
OR1Q1	-0.44	8	0.61	0.729	13515	0.962	0.271	4538	0.919
COX6C	-0.31	4	0.61	0.729	13516	0.962	0.271	4537	0.919
OR9Q2	-0.44	8	0.61	0.729	13517	0.962	0.271	4536	0.919
RIT2	-0.43	8	0.61	0.729	13518	0.962	0.271	4535	0.919
HOGA1	-0.43	8	0.61	0.729	13519	0.962	0.271	4534	0.919
CCL26	-0.43	8	0.61	0.729	13520	0.962	0.271	4533	0.919
ARID5A	-0.43	8	0.61	0.729	13521	0.962	0.271	4532	0.919
LIX1L	-0.43	8	0.61	0.729	13522	0.962	0.271	4531	0.919
RNF123	-0.43	8	0.61	0.729	13523	0.962	0.271	4530	0.919
DIAPH1	-0.43	8	0.61	0.729	13524	0.962	0.271	4529	0.919
LRRC2	-0.43	8	0.61	0.73	13525	0.962	0.27	4528	0.919
PWWP2B	-0.43	8	0.61	0.73	13526	0.962	0.27	4527	0.919
TEC	-0.43	8	0.61	0.73	13527	0.962	0.27	4526	0.919
CLCF1	-0.43	8	0.61	0.73	13528	0.962	0.27	4525	0.919
HEPACAM2	-0.43	8	0.61	0.73	13529	0.962	0.27	4524	0.919
LMF2	-0.43	8	0.61	0.73	13530	0.962	0.27	4523	0.919
DENND4C	-0.43	8	0.61	0.73	13531	0.962	0.27	4522	0.919
DDIT4L	-0.43	8	0.61	0.73	13532	0.962	0.27	4521	0.919
INTU	-0.43	8	0.61	0.73	13533	0.962	0.27	4520	0.919
NUDT18	-0.21	2	0.61	0.73	13534	0.962	0.27	4519	0.919
LRCH3	-0.43	8	0.61	0.73	13535	0.962	0.27	4518	0.919
CACNA2D3	-0.43	8	0.61	0.73	13536	0.962	0.27	4517	0.919
PITPNM3	-0.42	8	0.61	0.73	13537	0.962	0.27	4516	0.919
IQCF1	-0.42	8	0.61	0.73	13538	0.962	0.27	4515	0.919
OMD	-0.39	7	0.61	0.73	13539	0.962	0.27	4514	0.919
ING4	-0.42	8	0.61	0.73	13540	0.962	0.27	4513	0.919
KRTAP21-2	-0.30	4	0.61	0.731	13541	0.962	0.269	4512	0.919
DHX32	-0.42	8	0.61	0.731	13542	0.962	0.269	4511	0.919
P4HA1	-0.42	8	0.61	0.731	13543	0.962	0.269	4510	0.919
NQO2	-0.42	8	0.61	0.731	13544	0.962	0.269	4509	0.919
HNMT	-0.42	8	0.62	0.731	13545	0.962	0.269	4508	0.919
CCDC38	-0.42	8	0.62	0.731	13546	0.962	0.269	4507	0.919
DCLK2	-0.42	8	0.62	0.731	13547	0.962	0.269	4506	0.919
CHFR	-0.42	8	0.62	0.731	13548	0.962	0.269	4505	0.919
STK32C	-0.41	8	0.62	0.731	13549	0.962	0.269	4504	0.919
TRPC5	-0.41	8	0.62	0.731	13550	0.962	0.269	4503	0.919
ADIPOQ	-0.41	8	0.62	0.731	13551	0.962	0.269	4502	0.919
GDE1	-0.41	8	0.62	0.731	13552	0.962	0.269	4501	0.919
NKX2-3	-0.41	8	0.62	0.731	13553	0.962	0.269	4500	0.919
NEDD4	-0.41	8	0.62	0.731	13554	0.962	0.269	4499	0.919
ERC1	-0.41	8	0.62	0.731	13555	0.962	0.269	4498	0.919
RNF41	-0.41	8	0.62	0.731	13556	0.962	0.269	4497	0.919
SCARB1	-0.41	8	0.62	0.731	13557	0.962	0.269	4496	0.919
ANKRD36	-0.29	4	0.62	0.731	13558	0.962	0.269	4495	0.919
TNFSF13	-0.41	8	0.62	0.731	13559	0.962	0.269	4494	0.919
ADAMTS16	-0.41	8	0.62	0.731	13560	0.962	0.269	4493	0.919
ABHD12B	-0.41	8	0.62	0.731	13561	0.962	0.269	4492	0.919
MEF2D	-0.41	8	0.62	0.731	13562	0.962	0.269	4491	0.919
IL15	-0.20	2	0.62	0.732	13563	0.962	0.268	4490	0.919
RGS9BP	-0.41	8	0.62	0.732	13564	0.962	0.268	4489	0.919
KIF16B	-0.41	8	0.62	0.732	13565	0.962	0.268	4488	0.919
ZFP37	-0.41	8	0.62	0.732	13566	0.962	0.268	4487	0.919
NDUFA4L2	-0.41	8	0.62	0.732	13567	0.962	0.268	4486	0.919
OR2F1	-0.40	8	0.62	0.732	13568	0.962	0.268	4485	0.919
UMODL1	-0.40	8	0.62	0.732	13569	0.962	0.268	4484	0.919
GABRG1	-0.40	8	0.62	0.732	13570	0.962	0.268	4483	0.919
CCDC53	-0.40	8	0.62	0.732	13571	0.962	0.268	4482	0.919
MYOC	-0.40	8	0.62	0.732	13572	0.962	0.268	4481	0.919
C7orf50	-0.40	8	0.62	0.732	13573	0.962	0.268	4480	0.919
GYG2	-0.40	8	0.62	0.732	13574	0.962	0.268	4479	0.919
HDX	-0.40	8	0.62	0.732	13575	0.962	0.268	4478	0.919
N4BP2L1	-0.40	8	0.62	0.732	13576	0.962	0.268	4477	0.919
TNFRSF25	-0.40	8	0.62	0.732	13577	0.962	0.268	4476	0.919
ATG2B	-0.40	8	0.62	0.732	13578	0.962	0.268	4475	0.919
USP44	-0.40	8	0.62	0.732	13579	0.962	0.268	4474	0.919
MYOF	-0.40	8	0.62	0.732	13580	0.962	0.268	4473	0.919
LONP2	-0.40	8	0.62	0.733	13581	0.962	0.267	4472	0.919
VAT1L	-0.40	8	0.62	0.733	13582	0.962	0.267	4471	0.919
HIATL1	-0.39	8	0.62	0.733	13583	0.962	0.267	4470	0.919
BTBD16	-0.39	8	0.62	0.733	13584	0.962	0.267	4469	0.919
TMOD3	-0.39	8	0.62	0.733	13585	0.962	0.267	4468	0.919
ELF1	-0.39	8	0.62	0.733	13586	0.962	0.267	4467	0.919
TMEM14A	-0.37	7	0.62	0.733	13587	0.962	0.267	4466	0.919
C16orf90	-0.39	8	0.62	0.733	13588	0.962	0.267	4465	0.919
FCRL3	-0.39	8	0.62	0.733	13589	0.962	0.267	4464	0.919
KCNMB2	-0.39	8	0.62	0.733	13590	0.962	0.267	4463	0.919
ICAM3	-0.39	8	0.62	0.733	13591	0.962	0.267	4462	0.919
SYT2	-0.39	8	0.62	0.733	13592	0.962	0.267	4461	0.919
ST7L	-0.34	6	0.62	0.733	13593	0.962	0.267	4460	0.919
PTDSS1	-0.39	8	0.62	0.733	13594	0.962	0.267	4459	0.919
ZNF503	-0.39	8	0.62	0.733	13595	0.962	0.267	4458	0.919
KCTD20	-0.39	8	0.62	0.733	13596	0.962	0.267	4457	0.919
RP11-553A10.1	-0.39	8	0.62	0.733	13597	0.962	0.267	4456	0.919
FNTA	-0.39	8	0.62	0.733	13598	0.962	0.267	4455	0.919
ITGB2	-0.39	8	0.62	0.733	13599	0.962	0.267	4454	0.919
CALY	-0.39	8	0.62	0.734	13600	0.962	0.266	4453	0.919
ABCA4	-0.38	8	0.62	0.734	13601	0.962	0.266	4452	0.919
TMEM187	-0.38	8	0.62	0.734	13602	0.962	0.266	4451	0.919
CP	-0.38	8	0.62	0.734	13603	0.962	0.266	4450	0.919
RAI14	-0.38	8	0.62	0.734	13604	0.962	0.266	4449	0.919
CSF2	-0.38	8	0.62	0.734	13605	0.962	0.266	4448	0.919
GPR171	-0.38	8	0.62	0.734	13606	0.962	0.266	4447	0.919
LCAT	-0.38	8	0.62	0.734	13607	0.962	0.266	4446	0.919
MYO5A	-0.38	8	0.62	0.734	13608	0.962	0.266	4445	0.919
GYG1	-0.38	8	0.62	0.734	13609	0.962	0.266	4444	0.919
C8orf48	-0.38	8	0.62	0.734	13610	0.962	0.266	4443	0.919
C7orf66	-0.38	8	0.62	0.734	13611	0.962	0.266	4442	0.919
SYN3	-0.38	8	0.62	0.734	13612	0.962	0.266	4441	0.919
CLSTN2	-0.38	8	0.62	0.734	13613	0.962	0.266	4440	0.919
TMEM248	-0.38	8	0.63	0.734	13614	0.962	0.266	4439	0.919
REG1A	-0.38	8	0.63	0.734	13615	0.962	0.266	4438	0.919
PRRG3	-0.38	8	0.63	0.734	13616	0.962	0.266	4437	0.919
DAPK2	-0.38	8	0.63	0.734	13617	0.962	0.266	4436	0.919
SPAG16	-0.38	8	0.63	0.734	13618	0.962	0.266	4435	0.919
ABCC5	-0.38	8	0.63	0.734	13619	0.962	0.266	4434	0.919
DTNA	-0.38	8	0.63	0.734	13620	0.962	0.266	4433	0.919
CLEC4D	-0.38	8	0.63	0.734	13621	0.962	0.266	4432	0.919
RNF6	-0.37	8	0.63	0.734	13622	0.962	0.266	4431	0.919
TNFRSF11A	-0.37	8	0.63	0.734	13623	0.962	0.266	4430	0.919
RETN	-0.32	6	0.63	0.734	13624	0.962	0.266	4429	0.919
EFS	-0.37	8	0.63	0.734	13625	0.962	0.266	4428	0.919
GIT1	-0.37	8	0.63	0.734	13626	0.962	0.266	4427	0.919
PARD6G	-0.37	8	0.63	0.734	13627	0.962	0.266	4426	0.919
ZC3HAV1L	-0.37	8	0.63	0.735	13628	0.962	0.265	4425	0.919
HOXD3	-0.37	8	0.63	0.735	13629	0.962	0.265	4424	0.919
ASPG	-0.37	8	0.63	0.735	13630	0.962	0.265	4423	0.919
FUCA2	-0.37	8	0.63	0.735	13631	0.962	0.265	4422	0.919
OR10G4	-0.37	8	0.63	0.735	13632	0.962	0.265	4421	0.919
AKR1B1	-0.37	8	0.63	0.735	13633	0.962	0.265	4420	0.919
TIE1	-0.37	8	0.63	0.735	13634	0.962	0.265	4419	0.919
PAK3	-0.37	8	0.63	0.735	13635	0.962	0.265	4418	0.919
OR52E2	-0.37	8	0.63	0.735	13636	0.962	0.265	4417	0.919
ZNF780A	-0.26	4	0.63	0.735	13637	0.962	0.265	4416	0.919
ADAMTS4	-0.37	8	0.63	0.735	13638	0.962	0.265	4415	0.919
PRAF2	-0.36	8	0.63	0.735	13639	0.962	0.265	4414	0.919
FAM101A	-0.36	8	0.63	0.735	13640	0.962	0.265	4413	0.919
TLE2	-0.36	8	0.63	0.735	13641	0.962	0.265	4412	0.919
NMUR2	-0.36	8	0.63	0.736	13642	0.962	0.264	4411	0.919
FOCAD	-0.36	8	0.63	0.736	13643	0.962	0.264	4410	0.919
TMEM120B	-0.36	8	0.63	0.736	13644	0.962	0.264	4409	0.919
PTOV1	-0.36	8	0.63	0.736	13645	0.962	0.264	4408	0.919
ACBD4	-0.36	8	0.63	0.736	13646	0.962	0.264	4407	0.919
ST13	-0.25	4	0.63	0.736	13647	0.962	0.264	4406	0.919
GOSR1	-0.36	8	0.63	0.736	13648	0.962	0.264	4405	0.919
TSHZ2	-0.36	8	0.63	0.736	13649	0.962	0.264	4404	0.919
DCAF4L2	-0.36	8	0.63	0.736	13650	0.962	0.264	4403	0.919
DEFB128	-0.31	6	0.63	0.736	13651	0.962	0.264	4402	0.919
FAM198A	-0.35	8	0.63	0.736	13652	0.962	0.264	4401	0.919
CCP110	-0.35	8	0.63	0.736	13653	0.962	0.264	4400	0.919
C19orf60	-0.35	8	0.63	0.736	13654	0.962	0.264	4399	0.919
ARHGEF1	-0.35	8	0.63	0.736	13655	0.962	0.264	4398	0.919
LILRA2	-0.35	8	0.63	0.736	13656	0.962	0.264	4397	0.919
AQP4	-0.35	8	0.63	0.736	13657	0.962	0.264	4396	0.919
P2RX6	-0.35	8	0.63	0.736	13658	0.962	0.264	4395	0.919
OR10A5	-0.35	8	0.63	0.736	13659	0.962	0.264	4394	0.919
SLC35G2	-0.35	8	0.63	0.736	13660	0.962	0.264	4393	0.919
MATN3	-0.35	8	0.63	0.737	13661	0.962	0.263	4392	0.919
JDP2	-0.35	8	0.63	0.737	13662	0.962	0.263	4391	0.919
SREK1	-0.35	8	0.63	0.737	13663	0.962	0.263	4390	0.919
CHRNB1	-0.35	8	0.63	0.737	13664	0.962	0.263	4389	0.919
CDK6	-0.35	8	0.63	0.737	13665	0.962	0.263	4388	0.919
GPR141	-0.35	8	0.63	0.737	13666	0.962	0.263	4387	0.919
PPCDC	-0.35	8	0.63	0.737	13667	0.962	0.263	4386	0.919
ACSM1	-0.34	8	0.63	0.737	13668	0.962	0.263	4385	0.919
HNRNPM	-0.34	8	0.63	0.737	13669	0.962	0.263	4384	0.919
SLC52A2	-0.34	8	0.63	0.737	13670	0.962	0.263	4383	0.919
PELO	-0.34	8	0.64	0.737	13671	0.962	0.263	4382	0.919
BTG4	-0.34	8	0.64	0.737	13672	0.962	0.263	4381	0.919
S100A5	-0.34	8	0.64	0.737	13673	0.962	0.263	4380	0.919
NAT2	-0.34	8	0.64	0.737	13674	0.962	0.263	4379	0.919
CRYGA	-0.34	8	0.64	0.738	13675	0.962	0.262	4378	0.919
GANC	-0.34	8	0.64	0.738	13676	0.962	0.262	4377	0.919
SLC35B2	-0.34	8	0.64	0.738	13677	0.962	0.262	4376	0.919
MINPP1	-0.29	6	0.64	0.738	13678	0.962	0.262	4375	0.919
POLL	-0.33	8	0.64	0.738	13679	0.962	0.262	4374	0.919
SLC4A9	-0.33	8	0.64	0.738	13680	0.962	0.262	4373	0.919
ENAH	-0.33	8	0.64	0.738	13681	0.962	0.262	4372	0.919
IQCF2	-0.33	8	0.64	0.738	13682	0.962	0.262	4371	0.919
PNMA5	-0.33	8	0.64	0.738	13683	0.962	0.262	4370	0.919
FADS6	-0.33	8	0.64	0.738	13684	0.962	0.262	4369	0.919
HOXA4	-0.33	8	0.64	0.738	13685	0.962	0.262	4368	0.919
PALMD	-0.33	8	0.64	0.738	13686	0.962	0.262	4367	0.919
LRRK2	-0.33	8	0.64	0.738	13687	0.962	0.262	4366	0.919
ZFP3	-0.33	8	0.64	0.738	13688	0.962	0.262	4365	0.919
KRTAP6-3	-0.33	8	0.64	0.738	13689	0.962	0.262	4364	0.919
C7	-0.33	8	0.64	0.738	13690	0.962	0.262	4363	0.919
ZNF239	-0.33	8	0.64	0.738	13691	0.962	0.262	4362	0.919
OR2L13	-0.33	8	0.64	0.738	13692	0.962	0.262	4361	0.919
LDLRAD4	-0.33	8	0.64	0.738	13693	0.962	0.262	4360	0.919
ZNF221	-0.33	8	0.64	0.738	13694	0.962	0.262	4359	0.919
TEX13B	-0.33	8	0.64	0.738	13695	0.962	0.262	4358	0.919
PI16	-0.33	8	0.64	0.738	13696	0.962	0.262	4357	0.919
KCNH6	-0.33	8	0.64	0.739	13697	0.962	0.261	4356	0.919
PLD5	-0.33	8	0.64	0.739	13698	0.962	0.261	4355	0.919
PAPSS2	-0.33	8	0.64	0.739	13699	0.962	0.261	4354	0.919
DAAM2	-0.33	8	0.64	0.739	13700	0.962	0.261	4353	0.919
C9orf66	-0.33	8	0.64	0.739	13701	0.962	0.261	4352	0.919
ITGB4	-0.32	8	0.64	0.739	13702	0.962	0.261	4351	0.919
OR8D1	-0.32	8	0.64	0.739	13703	0.962	0.261	4350	0.919
CABP4	-0.32	8	0.64	0.739	13704	0.962	0.261	4349	0.919
LRRC66	-0.32	8	0.64	0.739	13705	0.962	0.261	4348	0.919
PADI2	-0.32	8	0.64	0.739	13706	0.962	0.261	4347	0.919
EFEMP2	-0.32	8	0.64	0.739	13707	0.962	0.261	4346	0.919
OR5B2	-0.32	8	0.64	0.739	13708	0.962	0.261	4345	0.919
LRIG3	-0.32	8	0.64	0.739	13709	0.962	0.261	4344	0.919
CARD11	-0.32	8	0.64	0.739	13710	0.962	0.261	4343	0.919
SEZ6L	-0.32	8	0.64	0.739	13711	0.962	0.261	4342	0.919
TWSG1	-0.32	8	0.64	0.739	13712	0.962	0.261	4341	0.919
SNRPN	-0.32	8	0.64	0.739	13713	0.962	0.261	4340	0.919
LIMD1	-0.32	8	0.64	0.739	13714	0.962	0.261	4339	0.919
SLC6A15	-0.32	8	0.64	0.739	13715	0.962	0.261	4338	0.919
WDR90	-0.32	8	0.64	0.739	13716	0.962	0.261	4337	0.919
IDE	-0.32	8	0.64	0.739	13717	0.962	0.261	4336	0.919
TPM2	-0.32	8	0.64	0.739	13718	0.962	0.261	4335	0.919
ZC3H7B	-0.32	8	0.64	0.739	13719	0.962	0.261	4334	0.919
SLITRK3	-0.32	8	0.64	0.739	13720	0.962	0.261	4333	0.919
CLDN2	-0.32	8	0.64	0.739	13721	0.962	0.261	4332	0.919
HOXA13	-0.32	8	0.64	0.739	13722	0.962	0.261	4331	0.919
HIST1H2AK	-0.32	8	0.64	0.739	13723	0.962	0.261	4330	0.919
FKBP1C	-0.27	6	0.64	0.74	13724	0.962	0.26	4329	0.919
ACSM5	-0.31	8	0.64	0.74	13725	0.962	0.26	4328	0.919
ZCCHC10	-0.31	8	0.64	0.74	13726	0.962	0.26	4327	0.919
NDRG2	-0.27	6	0.64	0.74	13727	0.962	0.26	4326	0.919
TLR8	-0.31	8	0.64	0.74	13728	0.962	0.26	4325	0.919
PIP4K2C	-0.31	8	0.64	0.74	13729	0.962	0.26	4324	0.919
HAGHL	-0.31	8	0.64	0.74	13730	0.962	0.26	4323	0.919
PNLIP	-0.31	8	0.64	0.74	13731	0.962	0.26	4322	0.919
IFIT1	-0.31	8	0.64	0.74	13732	0.962	0.26	4321	0.919
PITX3	-0.31	8	0.64	0.74	13733	0.962	0.26	4320	0.919
BLNK	-0.31	8	0.64	0.74	13734	0.962	0.26	4319	0.919
OR52I1	-0.22	4	0.64	0.74	13735	0.962	0.26	4318	0.919
PCDHGA10	-0.31	8	0.64	0.74	13736	0.962	0.26	4317	0.919
PIGW	-0.31	8	0.64	0.74	13737	0.962	0.26	4316	0.919
MAP4	-0.31	8	0.64	0.74	13738	0.962	0.26	4315	0.919
PCDHB8	-0.27	6	0.64	0.74	13739	0.962	0.26	4314	0.919
RP11-389E17.1	-0.26	6	0.64	0.74	13740	0.962	0.26	4313	0.919
C1orf94	-0.30	8	0.64	0.74	13741	0.962	0.26	4312	0.919
MROH6	-0.30	8	0.64	0.74	13742	0.962	0.26	4311	0.919
C22orf29	-0.30	8	0.64	0.74	13743	0.962	0.26	4310	0.919
LPP	-0.30	8	0.64	0.74	13744	0.962	0.26	4309	0.919
KRTAP10-5	-0.21	4	0.64	0.74	13745	0.962	0.26	4308	0.919
ABCA9	-0.30	8	0.65	0.741	13746	0.962	0.259	4307	0.919
DEFB114	-0.15	2	0.65	0.741	13747	0.962	0.259	4306	0.919
MRPL32	-0.30	8	0.65	0.741	13748	0.962	0.259	4305	0.919
CCDC102A	-0.30	8	0.65	0.741	13749	0.962	0.259	4304	0.919
PCDH19	-0.30	8	0.65	0.741	13750	0.962	0.259	4303	0.919
RASSF5	-0.30	8	0.65	0.741	13751	0.962	0.259	4302	0.919
NASP	-0.30	8	0.65	0.741	13752	0.962	0.259	4301	0.919
MESP1	-0.30	8	0.65	0.741	13753	0.962	0.259	4300	0.919
BICC1	-0.30	8	0.65	0.741	13754	0.962	0.259	4299	0.919
CCDC7	-0.30	8	0.65	0.741	13755	0.962	0.259	4298	0.919
AMPD3	-0.30	8	0.65	0.741	13756	0.962	0.259	4297	0.919
EPYC	-0.30	8	0.65	0.741	13757	0.962	0.259	4296	0.919
DDX60L	-0.30	8	0.65	0.741	13758	0.962	0.259	4295	0.919
TMEM129	-0.30	8	0.65	0.741	13759	0.962	0.259	4294	0.919
SS18L1	-0.30	8	0.65	0.741	13760	0.962	0.259	4293	0.919
RBBP8NL	-0.30	8	0.65	0.741	13761	0.962	0.259	4292	0.919
KIAA1217	-0.30	8	0.65	0.741	13762	0.962	0.259	4291	0.919
PDHA2	-0.29	8	0.65	0.741	13763	0.962	0.259	4290	0.919
MAOA	-0.29	8	0.65	0.741	13764	0.962	0.259	4289	0.919
BOLA3	-0.25	6	0.65	0.741	13765	0.962	0.259	4288	0.919
ZBTB5	-0.29	8	0.65	0.741	13766	0.962	0.259	4287	0.919
DSTN	-0.25	6	0.65	0.741	13767	0.962	0.259	4286	0.919
ZNF747	-0.29	8	0.65	0.741	13768	0.962	0.259	4285	0.919
CNGB1	-0.29	8	0.65	0.741	13769	0.962	0.259	4284	0.919
NDUFS4	-0.29	8	0.65	0.741	13770	0.962	0.259	4283	0.919
GABRD	-0.29	8	0.65	0.742	13771	0.962	0.258	4282	0.919
TMEM194B	-0.29	8	0.65	0.742	13772	0.962	0.258	4281	0.919
RPS6KA6	-0.29	8	0.65	0.742	13773	0.962	0.258	4280	0.919
PPM1L	-0.29	8	0.65	0.742	13774	0.962	0.258	4279	0.919
SLC24A5	-0.29	8	0.65	0.742	13775	0.962	0.258	4278	0.919
WWC2	-0.29	8	0.65	0.742	13776	0.962	0.258	4277	0.919
USP2	-0.29	8	0.65	0.742	13777	0.962	0.258	4276	0.919
KY	-0.29	8	0.65	0.742	13778	0.962	0.258	4275	0.919
GLCCI1	-0.29	8	0.65	0.742	13779	0.962	0.258	4274	0.919
PROSC	-0.28	8	0.65	0.742	13780	0.962	0.258	4273	0.919
PARL	-0.28	8	0.65	0.742	13781	0.962	0.258	4272	0.919
SERPINB2	-0.28	8	0.65	0.742	13782	0.962	0.258	4271	0.919
NAGPA	-0.28	8	0.65	0.742	13783	0.962	0.258	4270	0.919
HBE1	-0.28	8	0.65	0.742	13784	0.962	0.258	4269	0.919
OTUD7A	-0.28	8	0.65	0.742	13785	0.962	0.258	4268	0.919
TLL1	-0.28	8	0.65	0.742	13786	0.962	0.258	4267	0.919
PEX26	-0.28	8	0.65	0.742	13787	0.962	0.258	4266	0.919
RAB6A	-0.14	2	0.65	0.742	13788	0.962	0.258	4265	0.919
RAB11FIP3	-0.28	8	0.65	0.742	13789	0.962	0.258	4264	0.919
ACSS3	-0.28	8	0.65	0.742	13790	0.962	0.258	4263	0.919
ASNA1	-0.28	8	0.65	0.742	13791	0.962	0.258	4262	0.919
TM9SF4	-0.28	8	0.65	0.742	13792	0.962	0.258	4261	0.919
RIBC1	-0.28	8	0.65	0.742	13793	0.962	0.258	4260	0.919
OR4N2	-0.28	8	0.65	0.742	13794	0.962	0.258	4259	0.919
ZNF676	-0.20	4	0.65	0.743	13795	0.962	0.257	4258	0.919
HAPLN3	-0.28	8	0.65	0.743	13796	0.962	0.257	4257	0.919
SLC35E1	-0.28	8	0.65	0.743	13797	0.962	0.257	4256	0.919
C20orf197	-0.28	8	0.65	0.743	13798	0.962	0.257	4255	0.919
FAM180A	-0.28	8	0.65	0.743	13799	0.962	0.257	4254	0.919
IFIT3	-0.27	8	0.65	0.743	13800	0.962	0.257	4253	0.919
GAS2L1	-0.27	8	0.65	0.743	13801	0.962	0.257	4252	0.919
MED26	-0.27	8	0.65	0.743	13802	0.962	0.257	4251	0.919
CDC42SE2	-0.27	8	0.65	0.743	13803	0.962	0.257	4250	0.919
GLB1	-0.27	8	0.65	0.743	13804	0.962	0.257	4249	0.919
SP6	-0.23	6	0.65	0.743	13805	0.962	0.257	4248	0.919
DESI2	-0.27	8	0.65	0.743	13806	0.962	0.257	4247	0.919
UPRT	-0.27	8	0.65	0.743	13807	0.962	0.257	4246	0.919
CROT	-0.27	8	0.65	0.744	13808	0.962	0.256	4245	0.919
AGT	-0.27	8	0.65	0.744	13809	0.962	0.256	4244	0.919
ZNF18	-0.26	8	0.66	0.744	13810	0.962	0.256	4243	0.919
C10orf54	-0.26	8	0.66	0.744	13811	0.962	0.256	4242	0.919
ACE2	-0.26	8	0.66	0.744	13812	0.962	0.256	4241	0.919
FBN2	-0.26	8	0.66	0.744	13813	0.962	0.256	4240	0.919
EPGN	-0.26	8	0.66	0.744	13814	0.962	0.256	4239	0.919
PYCRL	-0.26	8	0.66	0.744	13815	0.962	0.256	4238	0.919
PTGDS	-0.26	8	0.66	0.744	13816	0.962	0.256	4237	0.919
CCDC150	-0.26	8	0.66	0.744	13817	0.962	0.256	4236	0.919
TCEAL7	-0.26	8	0.66	0.744	13818	0.962	0.256	4235	0.919
GDPGP1	-0.26	8	0.66	0.744	13819	0.962	0.256	4234	0.919
ZNF365	-0.25	8	0.66	0.744	13820	0.962	0.256	4233	0.919
HSPH1	-0.25	8	0.66	0.745	13821	0.962	0.255	4232	0.919
LCE4A	-0.22	6	0.66	0.745	13822	0.962	0.255	4231	0.919
SKP2	-0.25	8	0.66	0.745	13823	0.962	0.255	4230	0.919
SFXN3	-0.25	8	0.66	0.745	13824	0.962	0.255	4229	0.919
NDUFAF6	-0.25	8	0.66	0.745	13825	0.962	0.255	4228	0.919
EIF4G3	-0.25	8	0.66	0.745	13826	0.962	0.255	4227	0.919
MKRN1	-0.25	8	0.66	0.745	13827	0.962	0.255	4226	0.919
SGSH	-0.25	8	0.66	0.745	13828	0.962	0.255	4225	0.919
ZNF253	-0.22	6	0.66	0.745	13829	0.962	0.255	4224	0.919
VAX2	-0.25	8	0.66	0.745	13830	0.962	0.255	4223	0.919
SLC2A1	-0.25	8	0.66	0.745	13831	0.962	0.255	4222	0.919
ANKRD26	-0.25	8	0.66	0.745	13832	0.962	0.255	4221	0.919
PPP1R3A	-0.25	8	0.66	0.745	13833	0.962	0.255	4220	0.919
ARFGEF1	-0.25	8	0.66	0.745	13834	0.962	0.255	4219	0.919
MGAT3	-0.25	8	0.66	0.745	13835	0.962	0.255	4218	0.919
MAD2L1BP	-0.24	8	0.66	0.745	13836	0.962	0.255	4217	0.919
PCDHB10	-0.24	8	0.66	0.745	13837	0.962	0.255	4216	0.919
TTF2	-0.24	8	0.66	0.745	13838	0.962	0.255	4215	0.919
KIR3DL1	-0.24	8	0.66	0.745	13839	0.962	0.255	4214	0.919
TBC1D5	-0.24	8	0.66	0.745	13840	0.962	0.255	4213	0.919
NLRP3	-0.24	8	0.66	0.746	13841	0.962	0.254	4212	0.919
ISYNA1	-0.24	8	0.66	0.746	13842	0.962	0.254	4211	0.919
SPAG1	-0.22	7	0.66	0.746	13843	0.962	0.254	4210	0.919
PPIG	-0.24	8	0.66	0.746	13844	0.962	0.254	4209	0.919
GLIPR1	-0.24	8	0.66	0.746	13845	0.962	0.254	4208	0.919
RGS7BP	-0.24	8	0.66	0.746	13846	0.962	0.254	4207	0.919
FBXL2	-0.24	8	0.66	0.746	13847	0.962	0.254	4206	0.919
PCDHGA11	-0.24	8	0.66	0.746	13848	0.962	0.254	4205	0.919
BRE	-0.24	8	0.66	0.746	13849	0.962	0.254	4204	0.919
SLC7A4	-0.24	8	0.66	0.746	13850	0.962	0.254	4203	0.919
FBXO6	-0.23	8	0.66	0.746	13851	0.962	0.254	4202	0.919
CETN3	-0.23	8	0.66	0.746	13852	0.962	0.254	4201	0.919
ASF1B	-0.23	8	0.66	0.746	13853	0.962	0.254	4200	0.919
DES	-0.23	8	0.66	0.746	13854	0.962	0.254	4199	0.919
INVS	-0.23	8	0.66	0.746	13855	0.962	0.254	4198	0.919
RPS6KA2	-0.23	8	0.66	0.746	13856	0.962	0.254	4197	0.919
SLC9A3	-0.23	8	0.66	0.746	13857	0.962	0.254	4196	0.919
GPRC5D	-0.23	8	0.66	0.747	13858	0.962	0.253	4195	0.919
THAP2	-0.23	8	0.66	0.747	13859	0.962	0.253	4194	0.919
NAIF1	-0.23	8	0.66	0.747	13860	0.962	0.253	4193	0.919
FAM25E	-0.23	8	0.66	0.747	13861	0.962	0.253	4192	0.919
ENTPD6	-0.23	8	0.66	0.747	13862	0.962	0.253	4191	0.919
SLC25A16	-0.23	8	0.66	0.747	13863	0.962	0.253	4190	0.919
PMCH	-0.20	6	0.66	0.747	13864	0.962	0.253	4189	0.919
SLC17A8	-0.23	8	0.66	0.747	13865	0.962	0.253	4188	0.919
TCEAL4	-0.23	8	0.66	0.747	13866	0.962	0.253	4187	0.919
ZNF283	-0.23	8	0.66	0.747	13867	0.962	0.253	4186	0.919
PRR11	-0.22	8	0.67	0.747	13868	0.962	0.253	4185	0.919
UBTD2	-0.22	8	0.67	0.747	13869	0.962	0.253	4184	0.919
TCEB3	-0.22	8	0.67	0.747	13870	0.962	0.253	4183	0.919
EDA2R	-0.22	8	0.67	0.747	13871	0.962	0.253	4182	0.919
CORT	-0.16	4	0.67	0.747	13872	0.962	0.253	4181	0.919
ZP1	-0.22	8	0.67	0.747	13873	0.962	0.253	4180	0.919
PKHD1L1	-0.22	8	0.67	0.747	13874	0.962	0.253	4179	0.919
SLC39A12	-0.22	8	0.67	0.747	13875	0.962	0.253	4178	0.919
TRPC6	-0.22	8	0.67	0.747	13876	0.962	0.253	4177	0.919
B3GNT7	-0.22	8	0.67	0.748	13877	0.962	0.252	4176	0.919
ZNF619	-0.22	8	0.67	0.748	13878	0.962	0.252	4175	0.919
MS4A10	-0.22	8	0.67	0.748	13879	0.962	0.252	4174	0.919
IL1RAPL1	-0.22	8	0.67	0.748	13880	0.962	0.252	4173	0.919
ZNF648	-0.22	8	0.67	0.748	13881	0.962	0.252	4172	0.919
SNX2	-0.22	8	0.67	0.748	13882	0.962	0.252	4171	0.919
LY96	-0.15	4	0.67	0.748	13883	0.962	0.252	4170	0.919
CDHR1	-0.22	8	0.67	0.748	13884	0.962	0.252	4169	0.919
AMN1	-0.22	8	0.67	0.748	13885	0.962	0.252	4168	0.919
GOLIM4	-0.22	8	0.67	0.748	13886	0.962	0.252	4167	0.919
SIMC1	-0.21	8	0.67	0.748	13887	0.962	0.252	4166	0.919
ELAVL3	-0.21	8	0.67	0.748	13888	0.962	0.252	4165	0.919
CYCS	-0.11	2	0.67	0.748	13889	0.962	0.252	4164	0.919
GPR156	-0.19	6	0.67	0.748	13890	0.962	0.252	4163	0.919
BOD1	-0.11	2	0.67	0.748	13891	0.962	0.252	4162	0.919
ATP6V0D2	-0.21	8	0.67	0.748	13892	0.962	0.252	4161	0.919
GAB4	-0.21	8	0.67	0.748	13893	0.962	0.252	4160	0.919
NBEA	-0.21	8	0.67	0.748	13894	0.962	0.252	4159	0.919
IFT74	-0.21	8	0.67	0.748	13895	0.962	0.252	4158	0.919
GGH	-0.21	8	0.67	0.748	13896	0.962	0.252	4157	0.919
NTRK1	-0.21	8	0.67	0.748	13897	0.962	0.252	4156	0.919
MMP11	-0.21	8	0.67	0.748	13898	0.962	0.252	4155	0.919
STAT3	-0.21	8	0.67	0.748	13899	0.962	0.252	4154	0.919
KIDINS220	-0.21	8	0.67	0.748	13900	0.962	0.252	4153	0.919
LRMP	-0.19	7	0.67	0.748	13901	0.962	0.252	4152	0.919
DSPP	-0.21	8	0.67	0.748	13902	0.962	0.252	4151	0.919
N4BP2	-0.21	8	0.67	0.749	13903	0.962	0.251	4150	0.919
TMCO5A	-0.21	8	0.67	0.749	13904	0.962	0.251	4149	0.919
HSF4	-0.21	8	0.67	0.749	13905	0.962	0.251	4148	0.919
MYO1E	-0.20	8	0.67	0.749	13906	0.962	0.251	4147	0.919
CERS6	-0.20	8	0.67	0.749	13907	0.962	0.251	4146	0.919
MBL2	-0.20	8	0.67	0.749	13908	0.962	0.251	4145	0.919
SSBP1	-0.20	8	0.67	0.749	13909	0.962	0.251	4144	0.919
AHSP	-0.20	8	0.67	0.749	13910	0.962	0.251	4143	0.919
MTHFSD	-0.20	8	0.67	0.749	13911	0.962	0.251	4142	0.919
P4HB	-0.20	8	0.67	0.749	13912	0.962	0.251	4141	0.919
DGKQ	-0.20	8	0.67	0.749	13913	0.962	0.251	4140	0.919
CAPZA3	-0.20	8	0.67	0.749	13914	0.962	0.251	4139	0.919
WFIKKN1	-0.20	8	0.67	0.749	13915	0.962	0.251	4138	0.919
NOG	-0.20	8	0.67	0.749	13916	0.962	0.251	4137	0.919
MFSD3	-0.20	8	0.67	0.749	13917	0.962	0.251	4136	0.919
FLT3	-0.20	8	0.67	0.749	13918	0.962	0.251	4135	0.919
ADAM15	-0.20	8	0.67	0.749	13919	0.962	0.251	4134	0.919
PGBD4	-0.20	8	0.67	0.749	13920	0.962	0.251	4133	0.919
SIRPB2	-0.20	8	0.67	0.749	13921	0.962	0.251	4132	0.919
RGS22	-0.20	8	0.67	0.749	13922	0.962	0.251	4131	0.919
TMEM47	-0.20	8	0.67	0.749	13923	0.962	0.251	4130	0.919
TMEM132C	-0.20	8	0.67	0.749	13924	0.962	0.251	4129	0.919
CILP	-0.19	8	0.67	0.75	13925	0.962	0.25	4128	0.919
TMEM105	-0.19	8	0.67	0.75	13926	0.962	0.25	4127	0.919
DSP	-0.19	8	0.67	0.75	13927	0.962	0.25	4126	0.919
FER	-0.19	8	0.67	0.75	13928	0.962	0.25	4125	0.919
EIF3L	-0.19	8	0.67	0.75	13929	0.962	0.25	4124	0.919
CLINT1	-0.19	8	0.67	0.75	13930	0.962	0.25	4123	0.919
FLRT2	-0.19	8	0.67	0.75	13931	0.962	0.25	4122	0.919
UBL4B	-0.19	8	0.67	0.75	13932	0.962	0.25	4121	0.919
ZKSCAN5	-0.19	8	0.67	0.75	13933	0.962	0.25	4120	0.919
FAM20C	-0.19	8	0.67	0.75	13934	0.962	0.25	4119	0.919
TSTD2	-0.19	8	0.67	0.75	13935	0.962	0.25	4118	0.919
ADH1B	-0.19	8	0.67	0.75	13936	0.962	0.25	4117	0.919
TMEM25	-0.19	8	0.67	0.75	13937	0.962	0.25	4116	0.919
GRAP	-0.19	8	0.67	0.75	13938	0.962	0.25	4115	0.919
CD68	-0.19	8	0.67	0.75	13939	0.962	0.25	4114	0.919
PEX6	-0.19	8	0.67	0.75	13940	0.962	0.25	4113	0.919
CPEB2	-0.19	8	0.67	0.75	13941	0.962	0.25	4112	0.919
PLK5	-0.19	8	0.67	0.75	13942	0.962	0.25	4111	0.919
CORO6	-0.19	8	0.68	0.75	13943	0.962	0.25	4110	0.919
GMPPA	-0.18	8	0.68	0.75	13944	0.962	0.25	4109	0.919
MYH3	-0.18	8	0.68	0.751	13945	0.962	0.249	4108	0.919
ZNF134	-0.18	8	0.68	0.751	13946	0.962	0.249	4107	0.919
ARHGAP21	-0.18	8	0.68	0.751	13947	0.962	0.249	4106	0.919
UBXN7	-0.18	8	0.68	0.751	13948	0.962	0.249	4105	0.919
EFEMP1	-0.18	8	0.68	0.751	13949	0.962	0.249	4104	0.919
ICAM2	-0.18	8	0.68	0.751	13950	0.962	0.249	4103	0.919
KRTAP8-1	-0.18	8	0.68	0.751	13951	0.962	0.249	4102	0.919
LYAR	-0.18	8	0.68	0.751	13952	0.962	0.249	4101	0.919
MYCBP2	-0.18	8	0.68	0.751	13953	0.962	0.249	4100	0.919
TMEM88B	-0.18	8	0.68	0.751	13954	0.962	0.249	4099	0.919
GPC5	-0.18	8	0.68	0.751	13955	0.962	0.249	4098	0.919
CACNA2D2	-0.17	8	0.68	0.751	13956	0.962	0.249	4097	0.919
AP001816.1	-0.17	8	0.68	0.751	13957	0.962	0.249	4096	0.919
DPYD	-0.17	8	0.68	0.751	13958	0.962	0.249	4095	0.919
MBD5	-0.17	8	0.68	0.751	13959	0.962	0.249	4094	0.919
OR1E1	-0.17	8	0.68	0.751	13960	0.962	0.249	4093	0.919
RNASE3	-0.17	8	0.68	0.752	13961	0.962	0.248	4092	0.919
CELF2	-0.17	8	0.68	0.752	13962	0.962	0.248	4091	0.919
PGAP3	-0.17	8	0.68	0.752	13963	0.962	0.248	4090	0.919
MFI2	-0.17	8	0.68	0.752	13964	0.962	0.248	4089	0.919
KDM5D	-0.17	8	0.68	0.752	13965	0.962	0.248	4088	0.919
SCARF2	-0.17	8	0.68	0.752	13966	0.962	0.248	4087	0.919
GJC1	-0.17	8	0.68	0.752	13967	0.962	0.248	4086	0.919
TTC28	-0.17	8	0.68	0.752	13968	0.962	0.248	4085	0.919
NUDT7	-0.16	8	0.68	0.752	13969	0.962	0.248	4084	0.919
IDH1	-0.16	8	0.68	0.752	13970	0.962	0.248	4083	0.919
SLC35B4	-0.16	8	0.68	0.752	13971	0.962	0.248	4082	0.919
TAT	-0.14	6	0.68	0.752	13972	0.962	0.248	4081	0.919
COX6A1	-0.14	6	0.68	0.752	13973	0.962	0.248	4080	0.919
OTC	-0.16	8	0.68	0.752	13974	0.962	0.248	4079	0.919
PPIAL4D	-0.08	2	0.68	0.752	13975	0.962	0.248	4078	0.919
WWOX	-0.16	8	0.68	0.752	13976	0.962	0.248	4077	0.919
MLXIP	-0.16	8	0.68	0.753	13977	0.962	0.247	4076	0.919
ST3GAL5	-0.16	8	0.68	0.753	13978	0.962	0.247	4075	0.919
CBR1	-0.16	8	0.68	0.753	13979	0.962	0.247	4074	0.919
ARRDC4	-0.16	8	0.68	0.753	13980	0.962	0.247	4073	0.919
BLVRA	-0.15	8	0.68	0.753	13981	0.962	0.247	4072	0.919
B3GAT2	-0.15	8	0.68	0.753	13982	0.962	0.247	4071	0.919
GNB4	-0.15	8	0.68	0.753	13983	0.962	0.247	4070	0.919
DKK2	-0.15	8	0.68	0.753	13984	0.962	0.247	4069	0.919
GYPC	-0.15	8	0.68	0.753	13985	0.962	0.247	4068	0.919
PPP2R3C	-0.15	8	0.68	0.753	13986	0.962	0.247	4067	0.919
CELF4	-0.15	8	0.68	0.753	13987	0.962	0.247	4066	0.919
CD300E	-0.11	4	0.68	0.753	13988	0.962	0.247	4065	0.919
OR1C1	-0.15	8	0.68	0.753	13989	0.962	0.247	4064	0.919
SEC23B	-0.15	8	0.68	0.753	13990	0.962	0.247	4063	0.919
FAM167A	-0.15	8	0.68	0.753	13991	0.962	0.247	4062	0.919
STK38L	-0.15	8	0.68	0.753	13992	0.962	0.247	4061	0.919
DPEP2	-0.15	8	0.68	0.753	13993	0.962	0.247	4060	0.919
GIMAP7	-0.15	8	0.68	0.753	13994	0.962	0.247	4059	0.919
FAM105A	-0.15	8	0.68	0.753	13995	0.962	0.247	4058	0.919
C1QTNF2	-0.15	8	0.68	0.753	13996	0.962	0.247	4057	0.919
KLK1	-0.15	8	0.68	0.753	13997	0.962	0.247	4056	0.919
FMNL2	-0.15	8	0.68	0.753	13998	0.962	0.247	4055	0.919
OR10AD1	-0.15	8	0.68	0.753	13999	0.962	0.247	4054	0.919
KRTAP22-2	-0.15	8	0.68	0.753	14000	0.962	0.247	4053	0.919
IGFL4	-0.15	8	0.68	0.753	14001	0.962	0.247	4052	0.919
CERCAM	-0.15	8	0.68	0.753	14002	0.962	0.247	4051	0.919
HEXIM2	-0.15	8	0.69	0.753	14003	0.962	0.247	4050	0.919
C6orf132	-0.15	8	0.69	0.753	14004	0.962	0.247	4049	0.919
C15orf27	-0.15	8	0.69	0.753	14005	0.962	0.247	4048	0.919
FCRL1	-0.15	8	0.69	0.754	14006	0.962	0.246	4047	0.919
BARX2	-0.14	8	0.69	0.754	14007	0.962	0.246	4046	0.919
ACLY	-0.14	8	0.69	0.754	14008	0.962	0.246	4045	0.919
HRASLS	-0.14	8	0.69	0.754	14009	0.962	0.246	4044	0.919
CRYBG3	-0.14	8	0.69	0.754	14010	0.962	0.246	4043	0.919
BBS10	-0.14	8	0.69	0.754	14011	0.962	0.246	4042	0.919
OR10H3	-0.14	8	0.69	0.754	14012	0.962	0.246	4041	0.919
TMEM67	-0.14	8	0.69	0.754	14013	0.962	0.246	4040	0.919
KLRG2	-0.14	8	0.69	0.754	14014	0.962	0.246	4039	0.919
BATF2	-0.14	8	0.69	0.754	14015	0.962	0.246	4038	0.919
SH3GL2	-0.14	8	0.69	0.754	14016	0.962	0.246	4037	0.919
SCIN	-0.14	8	0.69	0.754	14017	0.962	0.246	4036	0.919
ANGPT2	-0.14	8	0.69	0.754	14018	0.962	0.246	4035	0.919
MYH14	-0.14	8	0.69	0.754	14019	0.962	0.246	4034	0.919
FAM120B	-0.14	8	0.69	0.754	14020	0.962	0.246	4033	0.919
SLC25A42	-0.14	8	0.69	0.754	14021	0.962	0.246	4032	0.919
KRT35	-0.13	8	0.69	0.754	14022	0.962	0.246	4031	0.919
EPB41L2	-0.13	8	0.69	0.754	14023	0.962	0.246	4030	0.919
ITPR3	-0.13	8	0.69	0.754	14024	0.962	0.246	4029	0.919
PLOD3	-0.13	8	0.69	0.754	14025	0.962	0.246	4028	0.919
TMSB4Y	-0.09	4	0.69	0.755	14026	0.962	0.245	4027	0.919
ARSD	-0.13	8	0.69	0.755	14027	0.962	0.245	4026	0.919
KIF2B	-0.11	6	0.69	0.755	14028	0.962	0.245	4025	0.919
OR5B12	-0.13	8	0.69	0.755	14029	0.962	0.245	4024	0.919
LAT	-0.13	8	0.69	0.755	14030	0.962	0.245	4023	0.919
SPHKAP	-0.13	8	0.69	0.755	14031	0.962	0.245	4022	0.919
USP3	-0.13	8	0.69	0.755	14032	0.962	0.245	4021	0.919
JMJD4	-0.13	8	0.69	0.755	14033	0.962	0.245	4020	0.919
EFHC1	-0.13	8	0.69	0.755	14034	0.962	0.245	4019	0.919
SERPINB4	-0.13	8	0.69	0.755	14035	0.962	0.245	4018	0.919
NDUFS2	-0.13	8	0.69	0.755	14036	0.962	0.245	4017	0.919
EPHX2	-0.13	8	0.69	0.755	14037	0.962	0.245	4016	0.919
CIITA	-0.13	8	0.69	0.755	14038	0.962	0.245	4015	0.919
SLC35G5	-0.06	2	0.69	0.755	14039	0.962	0.245	4014	0.919
SLC34A2	-0.13	8	0.69	0.755	14040	0.962	0.245	4013	0.919
CISD1	-0.06	2	0.69	0.755	14041	0.962	0.245	4012	0.919
GRINA	-0.13	8	0.69	0.755	14042	0.962	0.245	4011	0.919
PAG1	-0.13	8	0.69	0.755	14043	0.962	0.245	4010	0.919
PCDHGA12	-0.13	8	0.69	0.755	14044	0.962	0.245	4009	0.919
RUNDC1	-0.13	8	0.69	0.755	14045	0.962	0.245	4008	0.919
CSPG5	-0.13	8	0.69	0.755	14046	0.962	0.245	4007	0.919
APEH	-0.12	8	0.69	0.755	14047	0.962	0.245	4006	0.919
HYAL3	-0.12	8	0.69	0.755	14048	0.962	0.245	4005	0.919
KSR2	-0.12	8	0.69	0.755	14049	0.962	0.245	4004	0.919
VTI1A	-0.12	8	0.69	0.755	14050	0.962	0.245	4003	0.919
SWSAP1	-0.12	8	0.69	0.755	14051	0.962	0.245	4002	0.919
C1orf87	-0.12	8	0.69	0.755	14052	0.962	0.245	4001	0.919
KAZN	-0.12	8	0.69	0.755	14053	0.962	0.245	4000	0.919
KCNQ3	-0.12	8	0.69	0.755	14054	0.962	0.245	3999	0.919
NACA2	-0.12	8	0.69	0.755	14055	0.962	0.245	3998	0.919
ZNF438	-0.12	8	0.69	0.755	14056	0.962	0.245	3997	0.919
NGEF	-0.12	8	0.69	0.756	14057	0.962	0.244	3996	0.919
LRP3	-0.12	8	0.69	0.756	14058	0.962	0.244	3995	0.919
PCDHA8	-0.12	8	0.69	0.756	14059	0.962	0.244	3994	0.919
SCN10A	-0.12	8	0.69	0.756	14060	0.962	0.244	3993	0.919
EDC4	-0.12	8	0.69	0.756	14061	0.962	0.244	3992	0.919
OSM	-0.12	8	0.69	0.756	14062	0.962	0.244	3991	0.919
NPHP1	-0.12	8	0.69	0.756	14063	0.962	0.244	3990	0.919
PCDHGA7	-0.12	8	0.69	0.756	14064	0.962	0.244	3989	0.919
APLF	-0.12	8	0.69	0.756	14065	0.962	0.244	3988	0.919
WFDC6	-0.11	8	0.69	0.756	14066	0.962	0.244	3987	0.919
CMTM4	-0.11	8	0.69	0.756	14067	0.962	0.244	3986	0.919
ARHGAP5	-0.11	8	0.69	0.756	14068	0.962	0.244	3985	0.919
ZNF615	-0.11	8	0.69	0.756	14069	0.962	0.244	3984	0.919
BNIP3L	-0.11	8	0.69	0.756	14070	0.962	0.244	3983	0.919
SCRT2	-0.11	8	0.69	0.756	14071	0.962	0.244	3982	0.919
PDSS1	-0.11	8	0.69	0.756	14072	0.962	0.244	3981	0.919
MIF	-0.11	8	0.70	0.756	14073	0.962	0.244	3980	0.919
ASAH2	-0.11	8	0.70	0.756	14074	0.962	0.244	3979	0.919
DEF8	-0.11	8	0.70	0.756	14075	0.962	0.244	3978	0.919
TSLP	-0.11	8	0.70	0.757	14076	0.962	0.243	3977	0.919
F2RL1	-0.11	8	0.70	0.757	14077	0.962	0.243	3976	0.919
CSRNP3	-0.11	8	0.70	0.757	14078	0.962	0.243	3975	0.919
MYOT	-0.11	8	0.70	0.757	14079	0.962	0.243	3974	0.919
HIST1H2AG	-0.05	2	0.70	0.757	14080	0.962	0.243	3973	0.919
RFX8	-0.10	8	0.70	0.757	14081	0.962	0.243	3972	0.919
COIL	-0.10	8	0.70	0.757	14082	0.962	0.243	3971	0.919
IGFL1	-0.10	8	0.70	0.757	14083	0.962	0.243	3970	0.919
STXBP5	-0.10	8	0.70	0.757	14084	0.962	0.243	3969	0.919
MAP4K4	-0.10	8	0.70	0.757	14085	0.962	0.243	3968	0.919
RBMXL1	-0.04	1	0.70	0.757	14086	0.962	0.243	3967	0.919
OBP2B	-0.05	2	0.70	0.757	14087	0.962	0.243	3966	0.919
PBOV1	-0.09	6	0.70	0.757	14088	0.962	0.243	3965	0.919
ASCL5	-0.10	8	0.70	0.757	14089	0.962	0.243	3964	0.919
POC5	-0.10	8	0.70	0.757	14090	0.962	0.243	3963	0.919
IBSP	-0.10	8	0.70	0.757	14091	0.962	0.243	3962	0.919
TFPI2	-0.10	8	0.70	0.757	14092	0.962	0.243	3961	0.919
SLURP1	-0.10	8	0.70	0.757	14093	0.962	0.243	3960	0.919
SCGB3A1	-0.10	8	0.70	0.757	14094	0.962	0.243	3959	0.919
ABCC4	-0.10	8	0.70	0.758	14095	0.962	0.242	3958	0.919
CCDC57	-0.10	8	0.70	0.758	14096	0.962	0.242	3957	0.919
ZNF275	-0.10	8	0.70	0.758	14097	0.962	0.242	3956	0.919
NR5A2	-0.09	8	0.70	0.758	14098	0.962	0.242	3955	0.919
IQCF3	-0.09	8	0.70	0.758	14099	0.962	0.242	3954	0.919
PLEKHG7	-0.09	8	0.70	0.758	14100	0.962	0.242	3953	0.919
GFI1	-0.09	8	0.70	0.758	14101	0.962	0.242	3952	0.919
LIPM	-0.09	8	0.70	0.758	14102	0.962	0.242	3951	0.919
MFSD8	-0.09	8	0.70	0.758	14103	0.962	0.242	3950	0.919
C7orf13	-0.09	8	0.70	0.758	14104	0.962	0.242	3949	0.919
FAM194A	-0.09	8	0.70	0.758	14105	0.962	0.242	3948	0.919
CDR2L	-0.08	7	0.70	0.758	14106	0.962	0.242	3947	0.919
RIMS2	-0.09	8	0.70	0.758	14107	0.962	0.242	3946	0.919
STK17B	-0.09	8	0.70	0.758	14108	0.962	0.242	3945	0.919
VHLL	-0.09	8	0.70	0.758	14109	0.962	0.242	3944	0.919
ABCC2	-0.09	8	0.70	0.758	14110	0.962	0.242	3943	0.919
OR7D2	-0.09	8	0.70	0.758	14111	0.962	0.242	3942	0.919
SPATA19	-0.09	8	0.70	0.758	14112	0.962	0.242	3941	0.919
GJA4	-0.09	8	0.70	0.758	14113	0.962	0.242	3940	0.919
TEX13A	-0.09	8	0.70	0.758	14114	0.962	0.242	3939	0.919
RWDD1	-0.08	8	0.70	0.758	14115	0.962	0.242	3938	0.919
ALDOB	-0.08	8	0.70	0.758	14116	0.962	0.242	3937	0.919
SPOCK2	-0.08	8	0.70	0.758	14117	0.962	0.242	3936	0.919
CCDC67	-0.06	4	0.70	0.758	14118	0.962	0.242	3935	0.919
CXorf27	-0.08	8	0.70	0.758	14119	0.962	0.242	3934	0.919
ARHGEF15	-0.08	8	0.70	0.758	14120	0.962	0.242	3933	0.919
BCAR1	-0.08	8	0.70	0.759	14121	0.962	0.241	3932	0.919
CUL4B	-0.08	8	0.70	0.759	14122	0.962	0.241	3931	0.919
AGXT2	-0.08	8	0.70	0.759	14123	0.962	0.241	3930	0.919
ZBTB32	-0.08	8	0.70	0.759	14124	0.962	0.241	3929	0.919
RBPMS	-0.08	8	0.70	0.759	14125	0.962	0.241	3928	0.919
LCORL	-0.08	8	0.70	0.759	14126	0.962	0.241	3927	0.919
ALOX5AP	-0.08	8	0.70	0.759	14127	0.962	0.241	3926	0.919
C14orf105	-0.08	8	0.70	0.759	14128	0.962	0.241	3925	0.919
DNAAF3	-0.08	8	0.70	0.759	14129	0.962	0.241	3924	0.919
S1PR5	-0.08	8	0.70	0.759	14130	0.962	0.241	3923	0.919
TEX15	-0.08	8	0.70	0.759	14131	0.962	0.241	3922	0.919
CDC37L1	-0.07	6	0.70	0.759	14132	0.962	0.241	3921	0.919
XKR6	-0.08	8	0.70	0.759	14133	0.962	0.241	3920	0.919
IGFBP1	-0.08	8	0.70	0.759	14134	0.962	0.241	3919	0.919
NRXN3	-0.08	8	0.70	0.759	14135	0.962	0.241	3918	0.919
TNFAIP1	-0.08	8	0.70	0.759	14136	0.962	0.241	3917	0.919
SCLT1	-0.08	8	0.70	0.759	14137	0.962	0.241	3916	0.919
NOL4	-0.08	8	0.70	0.759	14138	0.962	0.241	3915	0.919
TSFM	-0.08	8	0.70	0.759	14139	0.962	0.241	3914	0.919
ANKRD10	-0.08	8	0.70	0.759	14140	0.962	0.241	3913	0.919
DSTYK	-0.08	8	0.70	0.759	14141	0.962	0.241	3912	0.919
C21orf67	-0.08	8	0.70	0.759	14142	0.962	0.241	3911	0.919
PPP1R17	-0.08	8	0.70	0.759	14143	0.962	0.241	3910	0.919
NTAN1	-0.08	8	0.70	0.759	14144	0.962	0.241	3909	0.919
NDUFB4	-0.07	8	0.70	0.759	14145	0.962	0.241	3908	0.919
FKBP1B	-0.07	8	0.70	0.759	14146	0.962	0.241	3907	0.919
METAP1D	-0.07	8	0.70	0.759	14147	0.962	0.241	3906	0.919
UGCG	-0.07	8	0.70	0.759	14148	0.962	0.241	3905	0.919
SLC20A2	-0.07	8	0.70	0.759	14149	0.962	0.241	3904	0.919
SLC25A32	-0.07	8	0.70	0.759	14150	0.962	0.241	3903	0.919
MSTN	-0.07	8	0.70	0.759	14151	0.962	0.241	3902	0.919
GALR3	-0.07	8	0.70	0.76	14152	0.962	0.24	3901	0.919
CCDC173	-0.07	8	0.70	0.76	14153	0.962	0.24	3900	0.919
IFT57	-0.07	8	0.71	0.76	14154	0.962	0.24	3899	0.919
KTN1	-0.07	8	0.71	0.76	14155	0.962	0.24	3898	0.919
CLDN4	-0.07	8	0.71	0.76	14156	0.962	0.24	3897	0.919
GFRA3	-0.07	8	0.71	0.76	14157	0.962	0.24	3896	0.919
METTL7A	-0.07	8	0.71	0.76	14158	0.962	0.24	3895	0.919
GCK	-0.07	8	0.71	0.76	14159	0.962	0.24	3894	0.919
COL4A3	-0.07	8	0.71	0.76	14160	0.962	0.24	3893	0.919
SEC24C	-0.07	8	0.71	0.76	14161	0.962	0.24	3892	0.919
STK11IP	-0.07	8	0.71	0.76	14162	0.962	0.24	3891	0.919
C16orf54	-0.06	8	0.71	0.76	14163	0.962	0.24	3890	0.919
ACMSD	-0.06	8	0.71	0.76	14164	0.962	0.24	3889	0.919
ZNF44	-0.06	8	0.71	0.76	14165	0.962	0.24	3888	0.919
VWA5B2	-0.06	8	0.71	0.76	14166	0.962	0.24	3887	0.919
MYLK2	-0.06	8	0.71	0.76	14167	0.962	0.24	3886	0.919
TPM4	-0.06	8	0.71	0.76	14168	0.962	0.24	3885	0.919
BNIPL	-0.05	6	0.71	0.76	14169	0.962	0.24	3884	0.919
FRMD1	-0.06	8	0.71	0.76	14170	0.962	0.24	3883	0.919
CPB2	-0.06	8	0.71	0.761	14171	0.962	0.239	3882	0.919
ZNF550	-0.06	8	0.71	0.761	14172	0.962	0.239	3881	0.919
SCRN3	-0.06	8	0.71	0.761	14173	0.962	0.239	3880	0.919
MPZL3	-0.06	8	0.71	0.761	14174	0.962	0.239	3879	0.919
NDUFA4	-0.04	4	0.71	0.761	14175	0.962	0.239	3878	0.919
RYR2	-0.05	8	0.71	0.761	14176	0.962	0.239	3877	0.919
SLCO6A1	-0.05	8	0.71	0.761	14177	0.962	0.239	3876	0.919
C2orf50	-0.05	8	0.71	0.761	14178	0.962	0.239	3875	0.919
VLDLR	-0.05	8	0.71	0.761	14179	0.962	0.239	3874	0.919
SHARPIN	-0.05	8	0.71	0.761	14180	0.962	0.239	3873	0.919
C1orf173	-0.05	8	0.71	0.761	14181	0.962	0.239	3872	0.919
CNBD1	-0.05	8	0.71	0.761	14182	0.962	0.239	3871	0.919
CDV3	-0.05	8	0.71	0.761	14183	0.962	0.239	3870	0.919
PSMD10	-0.05	8	0.71	0.761	14184	0.962	0.239	3869	0.919
FGD1	-0.05	8	0.71	0.761	14185	0.962	0.239	3868	0.919
SESTD1	-0.05	8	0.71	0.761	14186	0.962	0.239	3867	0.919
SPRR3	-0.05	8	0.71	0.761	14187	0.962	0.239	3866	0.919
CDKL5	-0.05	8	0.71	0.761	14188	0.962	0.239	3865	0.919
LPAR6	-0.05	8	0.71	0.762	14189	0.962	0.238	3864	0.919
IGF2BP2	-0.04	8	0.71	0.762	14190	0.962	0.238	3863	0.919
KCNE2	-0.04	8	0.71	0.762	14191	0.962	0.238	3862	0.919
ADAM9	-0.04	8	0.71	0.762	14192	0.962	0.238	3861	0.919
RERG	-0.04	8	0.71	0.762	14193	0.962	0.238	3860	0.919
INHBA	-0.04	8	0.71	0.762	14194	0.962	0.238	3859	0.919
RSBN1	-0.04	8	0.71	0.762	14195	0.962	0.238	3858	0.919
XK	-0.04	8	0.71	0.762	14196	0.962	0.238	3857	0.919
PLCL2	-0.04	8	0.71	0.762	14197	0.962	0.238	3856	0.919
PRR14L	-0.04	8	0.71	0.762	14198	0.962	0.238	3855	0.919
PPM1H	-0.04	8	0.71	0.762	14199	0.962	0.238	3854	0.919
KCTD18	-0.04	8	0.71	0.762	14200	0.962	0.238	3853	0.919
VIL1	-0.04	8	0.71	0.762	14201	0.962	0.238	3852	0.919
DNAH7	-0.04	8	0.71	0.762	14202	0.962	0.238	3851	0.919
GPR84	-0.04	8	0.71	0.762	14203	0.962	0.238	3850	0.919
IQUB	-0.04	8	0.71	0.762	14204	0.962	0.238	3849	0.919
MS4A8	-0.04	8	0.71	0.762	14205	0.962	0.238	3848	0.919
ABCC11	-0.03	8	0.71	0.762	14206	0.962	0.238	3847	0.919
PCDHA5	-0.03	8	0.71	0.762	14207	0.962	0.238	3846	0.919
LEPROT	-0.03	6	0.71	0.763	14208	0.962	0.237	3845	0.919
JPH1	-0.03	8	0.71	0.763	14209	0.962	0.237	3844	0.919
NCOR2	-0.03	8	0.71	0.763	14210	0.962	0.237	3843	0.919
SLC35G1	-0.03	8	0.71	0.763	14211	0.962	0.237	3842	0.919
SIX5	-0.03	8	0.71	0.763	14212	0.962	0.237	3841	0.919
GLYCTK	-0.03	8	0.72	0.763	14213	0.962	0.237	3840	0.919
PI4K2A	-0.03	8	0.72	0.763	14214	0.962	0.237	3839	0.919
BICD2	-0.03	8	0.72	0.763	14215	0.962	0.237	3838	0.919
S1PR4	-0.03	8	0.72	0.763	14216	0.962	0.237	3837	0.919
ELL2	-0.03	8	0.72	0.763	14217	0.962	0.237	3836	0.919
ATP6V1G3	-0.03	8	0.72	0.763	14218	0.962	0.237	3835	0.919
CCDC148	-0.03	8	0.72	0.763	14219	0.962	0.237	3834	0.919
SNX3	-0.02	8	0.72	0.763	14220	0.962	0.237	3833	0.919
SHF	-0.02	8	0.72	0.763	14221	0.962	0.237	3832	0.919
OR2G2	-0.02	8	0.72	0.763	14222	0.962	0.237	3831	0.919
ADM5	-0.02	8	0.72	0.763	14223	0.962	0.237	3830	0.919
MAP3K15	-0.02	8	0.72	0.764	14224	0.962	0.236	3829	0.919
USMG5	-0.01	2	0.72	0.764	14225	0.962	0.236	3828	0.919
FZD5	-0.02	8	0.72	0.764	14226	0.962	0.236	3827	0.919
IFIT2	-0.02	8	0.72	0.764	14227	0.962	0.236	3826	0.919
BPIFA2	-0.02	8	0.72	0.764	14228	0.962	0.236	3825	0.919
ZNF324B	-0.02	8	0.72	0.764	14229	0.962	0.236	3824	0.919
BORA	-0.02	8	0.72	0.764	14230	0.962	0.236	3823	0.919
COLEC10	-0.02	8	0.72	0.764	14231	0.962	0.236	3822	0.919
COL27A1	-0.02	8	0.72	0.764	14232	0.962	0.236	3821	0.919
CSGALNACT2	-0.02	8	0.72	0.764	14233	0.962	0.236	3820	0.919
STARD9	-0.01	8	0.72	0.764	14234	0.962	0.236	3819	0.919
LIMK1	-0.01	8	0.72	0.764	14235	0.962	0.236	3818	0.919
SLC5A9	-0.01	8	0.72	0.764	14236	0.962	0.236	3817	0.919
SNTN	-0.01	8	0.72	0.764	14237	0.962	0.236	3816	0.919
OXT	-0.01	8	0.72	0.764	14238	0.962	0.236	3815	0.919
TRAK2	-0.01	8	0.72	0.764	14239	0.962	0.236	3814	0.919
PDHA1	-0.01	8	0.72	0.764	14240	0.962	0.236	3813	0.919
SMARCA1	-0.01	8	0.72	0.764	14241	0.962	0.236	3812	0.919
ERN1	-0.01	8	0.72	0.764	14242	0.962	0.236	3811	0.919
GPR133	-0.01	8	0.72	0.764	14243	0.962	0.236	3810	0.919
SPACA3	-0.01	8	0.72	0.764	14244	0.962	0.236	3809	0.919
HRASLS2	-0.01	8	0.72	0.764	14245	0.962	0.236	3808	0.919
ME2	-0.01	8	0.72	0.764	14246	0.962	0.236	3807	0.919
C4orf29	-0.01	8	0.72	0.764	14247	0.962	0.236	3806	0.919
NDUFA2	-0.01	8	0.72	0.764	14248	0.962	0.236	3805	0.919
OSGIN1	-0.01	8	0.72	0.765	14249	0.962	0.235	3804	0.919
PLCXD2	-0.01	8	0.72	0.765	14250	0.962	0.235	3803	0.919
MAN1A1	-0.01	8	0.72	0.765	14251	0.962	0.235	3802	0.919
LARP4	-0.01	8	0.72	0.765	14252	0.962	0.235	3801	0.919
C10orf115	-0.01	8	0.72	0.765	14253	0.962	0.235	3800	0.919
UTY	-0.00	8	0.72	0.765	14254	0.962	0.235	3799	0.919
KRT8	-0.00	2	0.72	0.765	14255	0.962	0.235	3798	0.919
GAP43	-0.00	8	0.72	0.765	14256	0.962	0.235	3797	0.919
TIMP4	-0.00	8	0.72	0.765	14257	0.962	0.235	3796	0.919
PDE6H	-0.00	8	0.72	0.765	14258	0.962	0.235	3795	0.919
BAG3	-0.00	8	0.72	0.765	14259	0.962	0.235	3794	0.919
GDAP1	0.00	8	0.72	0.765	14260	0.962	0.235	3793	0.919
CLEC5A	0.00	8	0.72	0.765	14261	0.962	0.235	3792	0.919
MR1	0.00	8	0.72	0.765	14262	0.962	0.235	3791	0.919
SPTLC2	0.00	8	0.72	0.765	14263	0.962	0.235	3790	0.919
ZNF688	0.00	8	0.72	0.765	14264	0.962	0.235	3789	0.919
CYP7A1	0.00	8	0.72	0.765	14265	0.962	0.235	3788	0.919
ARHGAP9	0.00	8	0.72	0.765	14266	0.962	0.235	3787	0.919
HOXB13	0.00	8	0.72	0.765	14267	0.962	0.235	3786	0.919
BRINP1	0.00	8	0.72	0.765	14268	0.962	0.235	3785	0.919
HYAL1	0.00	8	0.72	0.766	14269	0.962	0.234	3784	0.919
EPHA10	0.00	8	0.72	0.766	14270	0.962	0.234	3783	0.919
PDP2	0.01	8	0.72	0.766	14271	0.962	0.234	3782	0.919
CA2	0.01	8	0.72	0.766	14272	0.962	0.234	3781	0.919
GLDC	0.01	8	0.72	0.766	14273	0.962	0.234	3780	0.919
KRTAP1-5	0.01	8	0.73	0.766	14274	0.962	0.234	3779	0.919
NLRP6	0.01	8	0.73	0.766	14275	0.962	0.234	3778	0.919
INPP5B	0.01	8	0.73	0.766	14276	0.962	0.234	3777	0.919
MAT1A	0.01	8	0.73	0.766	14277	0.962	0.234	3776	0.919
FAM53C	0.01	8	0.73	0.766	14278	0.962	0.234	3775	0.919
HBD	0.01	8	0.73	0.766	14279	0.962	0.234	3774	0.919
RGMB	0.01	8	0.73	0.766	14280	0.962	0.234	3773	0.919
MRPL9	0.01	8	0.73	0.766	14281	0.962	0.234	3772	0.919
PDLIM1	0.01	8	0.73	0.766	14282	0.962	0.234	3771	0.919
SLC46A2	0.01	8	0.73	0.766	14283	0.962	0.234	3770	0.919
ENTPD7	0.01	8	0.73	0.766	14284	0.962	0.234	3769	0.919
SCRN1	0.02	8	0.73	0.766	14285	0.962	0.234	3768	0.919
C2orf72	0.02	8	0.73	0.766	14286	0.962	0.234	3767	0.919
INF2	0.02	8	0.73	0.767	14287	0.962	0.233	3766	0.919
ANKFY1	0.02	8	0.73	0.767	14288	0.962	0.233	3765	0.919
MKRN3	0.02	8	0.73	0.767	14289	0.962	0.233	3764	0.919
ZNF418	0.02	8	0.73	0.767	14290	0.962	0.233	3763	0.919
PATE3	0.02	8	0.73	0.767	14291	0.962	0.233	3762	0.919
LMBRD2	0.02	8	0.73	0.767	14292	0.962	0.233	3761	0.919
PSORS1C1	0.02	8	0.73	0.767	14293	0.962	0.233	3760	0.919
KCND2	0.02	8	0.73	0.767	14294	0.962	0.233	3759	0.919
ARMCX3	0.02	8	0.73	0.767	14295	0.962	0.233	3758	0.919
PRUNE2	0.02	8	0.73	0.767	14296	0.962	0.233	3757	0.919
AKNA	0.03	8	0.73	0.767	14297	0.962	0.233	3756	0.919
PDXP	0.03	8	0.73	0.767	14298	0.962	0.233	3755	0.919
ARL14	0.03	8	0.73	0.767	14299	0.962	0.233	3754	0.919
NAA11	0.03	8	0.73	0.767	14300	0.962	0.233	3753	0.919
ENDOU	0.03	8	0.73	0.767	14301	0.962	0.233	3752	0.919
DCAF15	0.03	8	0.73	0.767	14302	0.962	0.233	3751	0.919
KCNH7	0.03	8	0.73	0.768	14303	0.962	0.232	3750	0.919
GYS2	0.03	8	0.73	0.768	14304	0.962	0.232	3749	0.919
FAM150B	0.03	8	0.73	0.768	14305	0.962	0.232	3748	0.919
ALPI	0.03	8	0.73	0.768	14306	0.962	0.232	3747	0.919
CRYL1	0.03	8	0.73	0.768	14307	0.962	0.232	3746	0.919
LGI4	0.03	8	0.73	0.768	14308	0.962	0.232	3745	0.919
MAFF	0.03	8	0.73	0.768	14309	0.962	0.232	3744	0.919
B3GNT5	0.03	8	0.73	0.768	14310	0.962	0.232	3743	0.919
C8orf12	0.04	8	0.73	0.768	14311	0.962	0.232	3742	0.919
GRHL3	0.04	8	0.73	0.768	14312	0.962	0.232	3741	0.919
TMEM106A	0.04	8	0.73	0.768	14313	0.962	0.232	3740	0.919
SNX24	0.04	8	0.73	0.768	14314	0.962	0.232	3739	0.919
ARSE	0.04	8	0.73	0.768	14315	0.962	0.232	3738	0.919
PFKFB1	0.04	8	0.73	0.768	14316	0.962	0.232	3737	0.919
NENF	0.04	8	0.73	0.768	14317	0.962	0.232	3736	0.919
CXorf23	0.04	8	0.73	0.768	14318	0.962	0.232	3735	0.919
IRGM	0.04	8	0.73	0.768	14319	0.962	0.232	3734	0.919
GABRR2	0.04	8	0.73	0.768	14320	0.962	0.232	3733	0.919
COL16A1	0.04	7	0.73	0.768	14321	0.962	0.232	3732	0.919
C1orf35	0.04	8	0.73	0.768	14322	0.962	0.232	3731	0.919
PCED1B	0.04	8	0.73	0.768	14323	0.962	0.232	3730	0.919
STC2	0.04	8	0.73	0.769	14324	0.962	0.231	3729	0.919
GABRG2	0.04	8	0.73	0.769	14325	0.962	0.231	3728	0.919
USP46	0.04	8	0.73	0.769	14326	0.962	0.231	3727	0.919
TMEM223	0.04	8	0.73	0.769	14327	0.962	0.231	3726	0.919
TMEM253	0.05	8	0.73	0.769	14328	0.962	0.231	3725	0.919
ZNF827	0.05	8	0.73	0.769	14329	0.962	0.231	3724	0.919
CALCOCO2	0.05	8	0.73	0.769	14330	0.962	0.231	3723	0.919
PCDHGA1	0.05	8	0.74	0.769	14331	0.962	0.231	3722	0.919
FAT3	0.05	8	0.74	0.769	14332	0.962	0.231	3721	0.919
ADAMTS1	0.05	8	0.74	0.769	14333	0.962	0.231	3720	0.919
IPMK	0.05	8	0.74	0.769	14334	0.962	0.231	3719	0.919
DFNA5	0.05	8	0.74	0.769	14335	0.962	0.231	3718	0.919
OAT	0.05	8	0.74	0.769	14336	0.962	0.231	3717	0.919
CHD1L	0.05	8	0.74	0.769	14337	0.962	0.231	3716	0.919
HMBOX1	0.05	8	0.74	0.769	14338	0.962	0.231	3715	0.919
KRTAP10-7	0.04	4	0.74	0.769	14339	0.962	0.231	3714	0.919
METTL21A	0.05	8	0.74	0.769	14340	0.962	0.231	3713	0.919
ANKRD31	0.05	8	0.74	0.769	14341	0.962	0.231	3712	0.919
TLCD2	0.05	8	0.74	0.769	14342	0.962	0.231	3711	0.919
GDNF	0.05	8	0.74	0.769	14343	0.962	0.231	3710	0.919
TMEM102	0.05	8	0.74	0.769	14344	0.962	0.231	3709	0.919
TMSB10	0.05	6	0.74	0.769	14345	0.962	0.231	3708	0.919
PLEK2	0.05	8	0.74	0.77	14346	0.962	0.23	3707	0.919
PLAU	0.06	8	0.74	0.77	14347	0.962	0.23	3706	0.919
SH2D1B	0.06	8	0.74	0.77	14348	0.962	0.23	3705	0.919
PDE3B	0.06	8	0.74	0.77	14349	0.962	0.23	3704	0.919
NDRG3	0.06	8	0.74	0.77	14350	0.962	0.23	3703	0.919
TTC6	0.06	8	0.74	0.77	14351	0.962	0.23	3702	0.919
ZNF223	0.06	8	0.74	0.77	14352	0.962	0.23	3701	0.919
EFNA2	0.06	8	0.74	0.77	14353	0.962	0.23	3700	0.919
AUH	0.06	8	0.74	0.77	14354	0.962	0.23	3699	0.919
B3GALTL	0.06	8	0.74	0.77	14355	0.962	0.23	3698	0.919
MGAT4C	0.06	8	0.74	0.77	14356	0.962	0.23	3697	0.919
NRP1	0.06	8	0.74	0.77	14357	0.962	0.23	3696	0.919
ARMC8	0.06	8	0.74	0.77	14358	0.962	0.23	3695	0.919
PDHX	0.06	8	0.74	0.77	14359	0.962	0.23	3694	0.919
C20orf144	0.05	6	0.74	0.77	14360	0.962	0.23	3693	0.919
ZBTB7A	0.06	8	0.74	0.77	14361	0.962	0.23	3692	0.919
DHRS9	0.06	8	0.74	0.77	14362	0.962	0.23	3691	0.919
ART4	0.06	8	0.74	0.77	14363	0.962	0.23	3690	0.919
ADCK5	0.05	6	0.74	0.77	14364	0.962	0.23	3689	0.919
SLC9A3R2	0.06	8	0.74	0.77	14365	0.962	0.23	3688	0.919
SMS	0.06	8	0.74	0.77	14366	0.962	0.23	3687	0.919
STARD10	0.07	8	0.74	0.77	14367	0.962	0.23	3686	0.919
BAMBI	0.07	8	0.74	0.77	14368	0.962	0.23	3685	0.919
ZNF791	0.07	8	0.74	0.77	14369	0.962	0.23	3684	0.919
PARP9	0.07	8	0.74	0.77	14370	0.962	0.23	3683	0.919
TPPP3	0.07	8	0.74	0.771	14371	0.962	0.229	3682	0.919
ZNF620	0.07	8	0.74	0.771	14372	0.962	0.229	3681	0.919
ACN9	0.07	8	0.74	0.771	14373	0.962	0.229	3680	0.919
STAB1	0.07	8	0.74	0.771	14374	0.962	0.229	3679	0.919
GABARAPL2	0.07	8	0.74	0.771	14375	0.962	0.229	3678	0.919
OR2AJ1	0.07	8	0.74	0.771	14376	0.962	0.229	3677	0.919
GOT1	0.07	8	0.74	0.771	14377	0.962	0.229	3676	0.919
APBA2	0.07	8	0.74	0.771	14378	0.962	0.229	3675	0.919
THUMPD2	0.07	8	0.74	0.771	14379	0.962	0.229	3674	0.919
PPIC	0.07	8	0.74	0.771	14380	0.962	0.229	3673	0.919
GPIHBP1	0.07	8	0.74	0.771	14381	0.962	0.229	3672	0.919
UNKL	0.07	8	0.74	0.771	14382	0.962	0.229	3671	0.919
COMMD2	0.07	8	0.74	0.771	14383	0.962	0.229	3670	0.919
PCDHGA3	0.07	8	0.74	0.771	14384	0.962	0.229	3669	0.919
MEI1	0.07	8	0.74	0.771	14385	0.962	0.229	3668	0.919
PCDH8	0.08	8	0.74	0.771	14386	0.962	0.229	3667	0.919
OR51S1	0.08	8	0.74	0.771	14387	0.962	0.229	3666	0.919
SPRED1	0.08	8	0.74	0.771	14388	0.962	0.229	3665	0.919
ZDHHC16	0.08	8	0.74	0.771	14389	0.962	0.229	3664	0.919
MS4A6A	0.08	8	0.74	0.771	14390	0.962	0.229	3663	0.919
PYURF	0.08	8	0.74	0.771	14391	0.962	0.229	3662	0.919
BCAS1	0.08	8	0.74	0.771	14392	0.962	0.229	3661	0.919
IGSF9B	0.08	8	0.74	0.771	14393	0.962	0.229	3660	0.919
C1orf137	0.08	8	0.74	0.771	14394	0.962	0.229	3659	0.919
C12orf73	0.08	8	0.74	0.771	14395	0.962	0.229	3658	0.919
UGT2A3	0.08	8	0.74	0.772	14396	0.962	0.228	3657	0.919
GMCL1	0.08	8	0.74	0.772	14397	0.962	0.228	3656	0.919
C15orf53	0.08	8	0.74	0.772	14398	0.962	0.228	3655	0.919
C17orf80	0.08	8	0.74	0.772	14399	0.962	0.228	3654	0.919
ABCB5	0.08	8	0.74	0.772	14400	0.962	0.228	3653	0.919
BTNL9	0.08	8	0.74	0.772	14401	0.962	0.228	3652	0.919
CRYBA2	0.08	8	0.74	0.772	14402	0.962	0.228	3651	0.919
AGR3	0.08	8	0.74	0.772	14403	0.962	0.228	3650	0.919
PKNOX2	0.08	8	0.74	0.772	14404	0.962	0.228	3649	0.919
PCLO	0.08	8	0.74	0.772	14405	0.962	0.228	3648	0.919
TMEM70	0.08	8	0.74	0.772	14406	0.962	0.228	3647	0.919
ZFAND3	0.08	8	0.74	0.772	14407	0.962	0.228	3646	0.919
NDUFA9	0.07	6	0.74	0.772	14408	0.962	0.228	3645	0.919
SPPL3	0.08	8	0.75	0.772	14409	0.962	0.228	3644	0.919
CRLF1	0.09	8	0.75	0.772	14410	0.962	0.228	3643	0.919
07-Sep	0.04	2	0.75	0.772	14411	0.962	0.228	3642	0.919
MROH9	0.09	8	0.75	0.772	14412	0.962	0.228	3641	0.919
PKD1L1	0.09	8	0.75	0.772	14413	0.962	0.228	3640	0.919
NUDT16	0.09	8	0.75	0.772	14414	0.962	0.228	3639	0.919
OR8B12	0.09	8	0.75	0.772	14415	0.962	0.228	3638	0.919
ACSM4	0.09	8	0.75	0.772	14416	0.962	0.228	3637	0.919
LRRC4B	0.09	8	0.75	0.772	14417	0.962	0.228	3636	0.919
ARNT2	0.09	8	0.75	0.772	14418	0.962	0.228	3635	0.919
C19orf24	0.09	8	0.75	0.772	14419	0.962	0.228	3634	0.919
RP11-422N16.3	0.09	8	0.75	0.773	14420	0.962	0.227	3633	0.919
GRPR	0.09	8	0.75	0.773	14421	0.962	0.227	3632	0.919
CSF2RB	0.09	8	0.75	0.773	14422	0.962	0.227	3631	0.919
BANF2	0.10	8	0.75	0.773	14423	0.962	0.227	3630	0.919
DEFB108B	0.05	2	0.75	0.773	14424	0.962	0.227	3629	0.919
ZFP2	0.10	8	0.75	0.773	14425	0.962	0.227	3628	0.919
TP53INP2	0.10	8	0.75	0.773	14426	0.962	0.227	3627	0.919
ANKRD61	0.10	8	0.75	0.773	14427	0.962	0.227	3626	0.919
GDAP1L1	0.10	8	0.75	0.773	14428	0.962	0.227	3625	0.919
TMEM246	0.10	8	0.75	0.773	14429	0.962	0.227	3624	0.919
NEK8	0.10	8	0.75	0.773	14430	0.962	0.227	3623	0.919
EMILIN3	0.10	8	0.75	0.773	14431	0.962	0.227	3622	0.919
ZFR2	0.10	8	0.75	0.773	14432	0.962	0.227	3621	0.919
GPR135	0.10	8	0.75	0.773	14433	0.962	0.227	3620	0.919
RASGRP1	0.10	8	0.75	0.773	14434	0.962	0.227	3619	0.919
SIGLEC10	0.10	8	0.75	0.773	14435	0.962	0.227	3618	0.919
SPERT	0.10	8	0.75	0.773	14436	0.962	0.227	3617	0.919
TMBIM1	0.10	8	0.75	0.773	14437	0.962	0.227	3616	0.919
NUP62CL	0.11	8	0.75	0.773	14438	0.962	0.227	3615	0.919
LRRC15	0.11	8	0.75	0.774	14439	0.962	0.226	3614	0.919
GGT5	0.11	8	0.75	0.774	14440	0.962	0.226	3613	0.919
MOGAT1	0.11	8	0.75	0.774	14441	0.962	0.226	3612	0.919
KCTD16	0.11	8	0.75	0.774	14442	0.962	0.226	3611	0.919
SLC17A3	0.11	8	0.75	0.774	14443	0.962	0.226	3610	0.919
DERL2	0.11	8	0.75	0.774	14444	0.962	0.226	3609	0.919
RNF215	0.11	8	0.75	0.774	14445	0.962	0.226	3608	0.919
LPAR4	0.11	8	0.75	0.774	14446	0.962	0.226	3607	0.919
POU5F2	0.11	8	0.75	0.774	14447	0.962	0.226	3606	0.919
PPTC7	0.11	8	0.75	0.774	14448	0.962	0.226	3605	0.919
PLCD1	0.11	8	0.75	0.774	14449	0.962	0.226	3604	0.919
PSAP	0.11	8	0.75	0.774	14450	0.962	0.226	3603	0.919
KRTAP10-12	0.05	2	0.75	0.774	14451	0.962	0.226	3602	0.919
PLEKHM1	0.11	8	0.75	0.774	14452	0.962	0.226	3601	0.919
AQPEP	0.11	8	0.75	0.774	14453	0.962	0.226	3600	0.919
GPR176	0.11	8	0.75	0.774	14454	0.962	0.226	3599	0.919
KPTN	0.11	8	0.75	0.774	14455	0.962	0.226	3598	0.919
ZFAND2A	0.11	8	0.75	0.774	14456	0.962	0.226	3597	0.919
HNRNPA1	0.08	4	0.75	0.774	14457	0.962	0.226	3596	0.919
OR4C12	0.11	8	0.75	0.774	14458	0.962	0.226	3595	0.919
ACER2	0.11	8	0.75	0.774	14459	0.962	0.226	3594	0.919
EBLN1	0.12	8	0.75	0.774	14460	0.962	0.226	3593	0.919
OCLN	0.12	8	0.75	0.774	14461	0.962	0.226	3592	0.919
RASSF2	0.12	8	0.75	0.774	14462	0.962	0.226	3591	0.919
TMEM38B	0.12	8	0.75	0.774	14463	0.962	0.226	3590	0.919
FBXO45	0.12	8	0.75	0.775	14464	0.962	0.225	3589	0.919
ASIC4	0.12	8	0.75	0.775	14465	0.962	0.225	3588	0.919
TAGLN	0.12	8	0.75	0.775	14466	0.962	0.225	3587	0.919
C19orf81	0.12	8	0.75	0.775	14467	0.962	0.225	3586	0.919
NFATC1	0.11	7	0.75	0.775	14468	0.962	0.225	3585	0.919
NMB	0.12	8	0.75	0.775	14469	0.962	0.225	3584	0.919
CHRNG	0.12	8	0.75	0.775	14470	0.962	0.225	3583	0.919
C20orf141	0.12	8	0.75	0.775	14471	0.962	0.225	3582	0.919
PLA2G1B	0.12	8	0.76	0.775	14472	0.962	0.225	3581	0.919
RNF175	0.12	8	0.76	0.775	14473	0.962	0.225	3580	0.919
RFX2	0.13	8	0.76	0.775	14474	0.962	0.225	3579	0.919
EIF4A2	0.13	8	0.76	0.775	14475	0.962	0.225	3578	0.919
SCAF1	0.13	8	0.76	0.775	14476	0.962	0.225	3577	0.919
KIAA1199	0.13	8	0.76	0.775	14477	0.962	0.225	3576	0.919
C18orf25	0.13	8	0.76	0.775	14478	0.962	0.225	3575	0.919
GPRC5B	0.13	8	0.76	0.775	14479	0.962	0.225	3574	0.919
C3orf56	0.13	8	0.76	0.775	14480	0.962	0.225	3573	0.919
PUS1	0.13	8	0.76	0.775	14481	0.962	0.225	3572	0.919
GATA2	0.13	8	0.76	0.775	14482	0.962	0.225	3571	0.919
BCL2A1	0.11	6	0.76	0.776	14483	0.962	0.224	3570	0.919
SLC23A2	0.13	8	0.76	0.776	14484	0.962	0.224	3569	0.919
RALYL	0.13	8	0.76	0.776	14485	0.962	0.224	3568	0.919
GALM	0.13	8	0.76	0.776	14486	0.962	0.224	3567	0.919
MSRB2	0.13	8	0.76	0.776	14487	0.962	0.224	3566	0.919
PHC3	0.13	8	0.76	0.776	14488	0.962	0.224	3565	0.919
OR4Q3	0.14	8	0.76	0.776	14489	0.962	0.224	3564	0.919
EPHB6	0.14	8	0.76	0.776	14490	0.962	0.224	3563	0.919
11-Sep	0.14	8	0.76	0.776	14491	0.962	0.224	3562	0.919
HOXB5	0.14	8	0.76	0.776	14492	0.962	0.224	3561	0.919
CCNO	0.14	8	0.76	0.776	14493	0.962	0.224	3560	0.919
C1orf105	0.14	8	0.76	0.776	14494	0.962	0.224	3559	0.919
COL4A3BP	0.14	8	0.76	0.776	14495	0.962	0.224	3558	0.919
KRTAP13-1	0.14	8	0.76	0.776	14496	0.962	0.224	3557	0.919
C4orf48	0.14	8	0.76	0.776	14497	0.962	0.224	3556	0.919
MND1	0.14	8	0.76	0.776	14498	0.962	0.224	3555	0.919
CLEC12A	0.14	8	0.76	0.776	14499	0.962	0.224	3554	0.919
APCDD1L	0.14	8	0.76	0.776	14500	0.962	0.224	3553	0.919
HAX1	0.14	8	0.76	0.776	14501	0.962	0.224	3552	0.919
ZNF671	0.14	8	0.76	0.777	14502	0.962	0.223	3551	0.919
PCDHA9	0.15	8	0.76	0.777	14503	0.962	0.223	3550	0.919
EIF2S3L	0.15	8	0.76	0.777	14504	0.962	0.223	3549	0.919
HSH2D	0.15	8	0.76	0.777	14505	0.962	0.223	3548	0.919
PNPLA1	0.15	8	0.76	0.777	14506	0.962	0.223	3547	0.919
RGS14	0.15	8	0.76	0.777	14507	0.962	0.223	3546	0.919
MDH1B	0.15	8	0.76	0.777	14508	0.962	0.223	3545	0.919
OGN	0.15	8	0.76	0.777	14509	0.962	0.223	3544	0.919
ZRSR1	0.07	2	0.76	0.777	14510	0.962	0.223	3543	0.919
SMC1B	0.15	8	0.76	0.777	14511	0.962	0.223	3542	0.919
SLC15A1	0.15	8	0.76	0.777	14512	0.962	0.223	3541	0.919
BCAT1	0.15	8	0.76	0.777	14513	0.962	0.223	3540	0.919
CYP4F2	0.15	8	0.76	0.777	14514	0.962	0.223	3539	0.919
PGAP1	0.15	8	0.76	0.777	14515	0.962	0.223	3538	0.919
C9orf3	0.15	8	0.76	0.777	14516	0.962	0.223	3537	0.919
ARAP3	0.15	8	0.76	0.777	14517	0.962	0.223	3536	0.919
STOML1	0.15	8	0.76	0.777	14518	0.962	0.223	3535	0.919
ZC3H10	0.16	8	0.76	0.777	14519	0.962	0.223	3534	0.919
VPS53	0.16	8	0.76	0.777	14520	0.962	0.223	3533	0.919
PLLP	0.16	8	0.76	0.777	14521	0.962	0.223	3532	0.919
CSGALNACT1	0.16	8	0.76	0.778	14522	0.962	0.222	3531	0.919
MOSPD2	0.16	8	0.76	0.778	14523	0.962	0.222	3530	0.919
BCHE	0.16	8	0.76	0.778	14524	0.962	0.222	3529	0.919
ALDH18A1	0.16	8	0.76	0.778	14525	0.962	0.222	3528	0.919
MRPS27	0.16	8	0.76	0.778	14526	0.962	0.222	3527	0.919
BLCAP	0.16	8	0.76	0.778	14527	0.962	0.222	3526	0.919
AIFM2	0.16	8	0.76	0.778	14528	0.962	0.222	3525	0.919
TBC1D16	0.16	8	0.76	0.778	14529	0.962	0.222	3524	0.919
ZNF577	0.16	8	0.77	0.778	14530	0.962	0.222	3523	0.919
DDTL	0.11	4	0.77	0.778	14531	0.962	0.222	3522	0.919
DAPK1	0.16	8	0.77	0.778	14532	0.962	0.222	3521	0.919
PODXL2	0.15	7	0.77	0.778	14533	0.962	0.222	3520	0.919
BEX2	0.12	4	0.77	0.778	14534	0.962	0.222	3519	0.919
PROX1	0.17	8	0.77	0.778	14535	0.962	0.222	3518	0.919
USP15	0.17	8	0.77	0.778	14536	0.962	0.222	3517	0.919
TLR4	0.17	8	0.77	0.778	14537	0.962	0.222	3516	0.919
GDPD5	0.17	8	0.77	0.778	14538	0.962	0.222	3515	0.919
RASSF9	0.17	8	0.77	0.778	14539	0.962	0.222	3514	0.919
PCMTD2	0.17	8	0.77	0.778	14540	0.962	0.222	3513	0.919
EPHA6	0.17	8	0.77	0.778	14541	0.962	0.222	3512	0.919
HAO1	0.17	8	0.77	0.778	14542	0.962	0.222	3511	0.919
TRIM54	0.17	8	0.77	0.778	14543	0.962	0.222	3510	0.919
LMTK2	0.17	8	0.77	0.778	14544	0.962	0.222	3509	0.919
SIK2	0.17	8	0.77	0.778	14545	0.962	0.222	3508	0.919
PLA2G4D	0.17	8	0.77	0.778	14546	0.962	0.222	3507	0.919
ZNF565	0.17	8	0.77	0.779	14547	0.962	0.221	3506	0.919
ABHD4	0.17	8	0.77	0.779	14548	0.962	0.221	3505	0.919
OR10S1	0.17	8	0.77	0.779	14549	0.962	0.221	3504	0.919
HCAR1	0.17	8	0.77	0.779	14550	0.962	0.221	3503	0.919
ZNF700	0.17	8	0.77	0.779	14551	0.962	0.221	3502	0.919
SLC16A1	0.17	8	0.77	0.779	14552	0.962	0.221	3501	0.919
MSMO1	0.17	8	0.77	0.779	14553	0.962	0.221	3500	0.919
CNOT6	0.17	8	0.77	0.779	14554	0.962	0.221	3499	0.919
SERPINI1	0.17	8	0.77	0.779	14555	0.962	0.221	3498	0.919
PPFIA3	0.17	8	0.77	0.779	14556	0.962	0.221	3497	0.919
CCDC74B	0.12	4	0.77	0.779	14557	0.962	0.221	3496	0.919
MPP1	0.18	8	0.77	0.779	14558	0.962	0.221	3495	0.919
LDHB	0.18	8	0.77	0.779	14559	0.962	0.221	3494	0.919
SALL3	0.18	8	0.77	0.779	14560	0.962	0.221	3493	0.919
LYG1	0.18	8	0.77	0.779	14561	0.962	0.221	3492	0.919
NMRAL1	0.18	8	0.77	0.779	14562	0.962	0.221	3491	0.919
PHLDB2	0.18	8	0.77	0.779	14563	0.962	0.221	3490	0.919
PPAN	0.18	8	0.77	0.779	14564	0.962	0.221	3489	0.919
SRPK2	0.18	8	0.77	0.779	14565	0.962	0.221	3488	0.919
GFM1	0.18	8	0.77	0.779	14566	0.962	0.221	3487	0.919
EBLN2	0.18	8	0.77	0.779	14567	0.962	0.221	3486	0.919
ST3GAL2	0.18	8	0.77	0.78	14568	0.962	0.22	3485	0.919
GZF1	0.18	8	0.77	0.78	14569	0.962	0.22	3484	0.919
CLCA4	0.18	8	0.77	0.78	14570	0.962	0.22	3483	0.919
LAMA1	0.19	8	0.77	0.78	14571	0.962	0.22	3482	0.919
DNAJC22	0.19	8	0.77	0.78	14572	0.962	0.22	3481	0.919
GTSF1L	0.19	8	0.77	0.78	14573	0.962	0.22	3480	0.919
TXNDC11	0.19	8	0.77	0.78	14574	0.962	0.22	3479	0.919
PRR5	0.19	8	0.77	0.78	14575	0.962	0.22	3478	0.919
SLCO1C1	0.19	8	0.77	0.78	14576	0.962	0.22	3477	0.919
GPR37	0.19	8	0.77	0.78	14577	0.962	0.22	3476	0.919
TP53I13	0.19	8	0.77	0.78	14578	0.962	0.22	3475	0.919
FAM3B	0.19	8	0.77	0.78	14579	0.962	0.22	3474	0.919
HOXD11	0.19	8	0.77	0.78	14580	0.962	0.22	3473	0.919
MYL4	0.19	8	0.77	0.78	14581	0.962	0.22	3472	0.919
PSG5	0.09	2	0.77	0.78	14582	0.962	0.22	3471	0.919
PDGFD	0.19	8	0.77	0.78	14583	0.962	0.22	3470	0.919
C4BPB	0.19	8	0.77	0.78	14584	0.962	0.22	3469	0.919
DSE	0.19	8	0.77	0.78	14585	0.962	0.22	3468	0.919
S100PBP	0.19	8	0.77	0.78	14586	0.962	0.22	3467	0.919
NRIP1	0.19	8	0.77	0.78	14587	0.962	0.22	3466	0.919
RIPK2	0.19	8	0.77	0.78	14588	0.962	0.22	3465	0.919
TBC1D17	0.19	8	0.77	0.78	14589	0.962	0.22	3464	0.919
NOTCH2	0.19	8	0.77	0.78	14590	0.962	0.22	3463	0.919
ITGA2B	0.19	8	0.77	0.78	14591	0.962	0.22	3462	0.919
IFI44	0.19	8	0.77	0.78	14592	0.962	0.22	3461	0.919
NCK1	0.19	8	0.77	0.78	14593	0.962	0.22	3460	0.919
CYP3A5	0.20	8	0.77	0.781	14594	0.962	0.219	3459	0.919
FAM210B	0.20	8	0.77	0.781	14595	0.962	0.219	3458	0.919
B4GALNT1	0.20	8	0.77	0.781	14596	0.962	0.219	3457	0.919
KBTBD8	0.20	8	0.77	0.781	14597	0.962	0.219	3456	0.919
GPR173	0.20	8	0.77	0.781	14598	0.962	0.219	3455	0.919
FAM182B	0.20	8	0.78	0.781	14599	0.962	0.219	3454	0.919
ABHD2	0.20	8	0.78	0.781	14600	0.962	0.219	3453	0.919
HMX1	0.20	8	0.78	0.781	14601	0.962	0.219	3452	0.919
HMG20B	0.20	8	0.78	0.781	14602	0.962	0.219	3451	0.919
SUSD1	0.20	8	0.78	0.781	14603	0.962	0.219	3450	0.919
GAD2	0.20	8	0.78	0.781	14604	0.962	0.219	3449	0.919
RASSF4	0.20	8	0.78	0.781	14605	0.962	0.219	3448	0.919
GPER1	0.21	8	0.78	0.781	14606	0.962	0.219	3447	0.919
ZNF184	0.21	8	0.78	0.781	14607	0.962	0.219	3446	0.919
NUBPL	0.21	8	0.78	0.781	14608	0.962	0.219	3445	0.919
MTFMT	0.21	8	0.78	0.781	14609	0.962	0.219	3444	0.919
LRRC56	0.21	8	0.78	0.781	14610	0.962	0.219	3443	0.919
ZNF185	0.21	8	0.78	0.781	14611	0.962	0.219	3442	0.919
KHDRBS3	0.21	8	0.78	0.781	14612	0.962	0.219	3441	0.919
TTBK1	0.21	8	0.78	0.781	14613	0.962	0.219	3440	0.919
PTPN6	0.21	8	0.78	0.781	14614	0.962	0.219	3439	0.919
CDK2AP1	0.21	8	0.78	0.782	14615	0.962	0.218	3438	0.919
LMX1B	0.21	8	0.78	0.782	14616	0.962	0.218	3437	0.919
LSMD1	0.21	8	0.78	0.782	14617	0.962	0.218	3436	0.919
CRIP3	0.21	8	0.78	0.782	14618	0.962	0.218	3435	0.919
PCDHGA2	0.21	8	0.78	0.782	14619	0.962	0.218	3434	0.919
NRK	0.21	8	0.78	0.782	14620	0.962	0.218	3433	0.919
DPPA4	0.22	8	0.78	0.782	14621	0.962	0.218	3432	0.919
CSDC2	0.22	8	0.78	0.782	14622	0.962	0.218	3431	0.919
SMURF2	0.22	8	0.78	0.782	14623	0.962	0.218	3430	0.919
CCL19	0.22	8	0.78	0.782	14624	0.962	0.218	3429	0.919
RAF1	0.22	8	0.78	0.782	14625	0.962	0.218	3428	0.919
SERPINB3	0.22	8	0.78	0.782	14626	0.962	0.218	3427	0.919
C1orf159	0.22	8	0.78	0.782	14627	0.962	0.218	3426	0.919
TBC1D8	0.22	8	0.78	0.782	14628	0.962	0.218	3425	0.919
SIRPB1	0.22	8	0.78	0.782	14629	0.962	0.218	3424	0.919
TMEM54	0.22	8	0.78	0.782	14630	0.962	0.218	3423	0.919
ATP1B4	0.22	8	0.78	0.782	14631	0.962	0.218	3422	0.919
PRRG4	0.22	8	0.78	0.782	14632	0.962	0.218	3421	0.919
TMEM167B	0.22	8	0.78	0.782	14633	0.962	0.218	3420	0.919
TMEM128	0.22	8	0.78	0.782	14634	0.962	0.218	3419	0.919
ARHGAP11A	0.22	8	0.78	0.782	14635	0.962	0.218	3418	0.919
OR9A4	0.22	8	0.78	0.783	14636	0.962	0.217	3417	0.919
OR10Z1	0.22	8	0.78	0.783	14637	0.962	0.217	3416	0.919
EPS8	0.22	8	0.78	0.783	14638	0.962	0.217	3415	0.919
LLGL2	0.22	8	0.78	0.783	14639	0.962	0.217	3414	0.919
SLCO1A2	0.19	6	0.78	0.783	14640	0.962	0.217	3413	0.919
TUFT1	0.22	8	0.78	0.783	14641	0.962	0.217	3412	0.919
S100B	0.22	8	0.78	0.783	14642	0.962	0.217	3411	0.919
PHKA2	0.22	8	0.78	0.783	14643	0.962	0.217	3410	0.919
ST7-OT4	0.23	8	0.78	0.783	14644	0.962	0.217	3409	0.919
INHA	0.23	8	0.78	0.783	14645	0.962	0.217	3408	0.919
ZWINT	0.23	8	0.78	0.783	14646	0.962	0.217	3407	0.919
SENP1	0.23	8	0.78	0.783	14647	0.962	0.217	3406	0.919
OR5AU1	0.23	8	0.78	0.783	14648	0.962	0.217	3405	0.919
CNTNAP5	0.23	8	0.78	0.783	14649	0.962	0.217	3404	0.919
HTT	0.23	8	0.78	0.783	14650	0.962	0.217	3403	0.919
ZFAT	0.23	8	0.78	0.783	14651	0.962	0.217	3402	0.919
CPEB4	0.23	8	0.78	0.783	14652	0.962	0.217	3401	0.919
CCDC178	0.23	8	0.78	0.783	14653	0.962	0.217	3400	0.919
FTCDNL1	0.23	8	0.78	0.783	14654	0.962	0.217	3399	0.919
VWDE	0.23	8	0.78	0.783	14655	0.962	0.217	3398	0.919
OTUD7B	0.23	8	0.78	0.783	14656	0.962	0.217	3397	0.919
C11orf49	0.23	8	0.78	0.783	14657	0.962	0.217	3396	0.919
BLOC1S3	0.24	8	0.78	0.783	14658	0.962	0.217	3395	0.919
ZNF133	0.24	8	0.78	0.783	14659	0.962	0.217	3394	0.919
LHFP	0.24	8	0.78	0.784	14660	0.962	0.216	3393	0.919
TNFRSF1A	0.24	8	0.78	0.784	14661	0.962	0.216	3392	0.919
CD164	0.24	8	0.78	0.784	14662	0.962	0.216	3391	0.919
ARSB	0.24	8	0.78	0.784	14663	0.962	0.216	3390	0.919
EIF4B	0.24	8	0.79	0.784	14664	0.962	0.216	3389	0.919
NPM3	0.24	8	0.79	0.784	14665	0.962	0.216	3388	0.919
DCST1	0.24	8	0.79	0.784	14666	0.962	0.216	3387	0.919
C10orf88	0.24	8	0.79	0.784	14667	0.962	0.216	3386	0.919
DALRD3	0.24	8	0.79	0.784	14668	0.962	0.216	3385	0.919
SEL1L3	0.24	8	0.79	0.784	14669	0.962	0.216	3384	0.919
C5orf47	0.24	8	0.79	0.784	14670	0.962	0.216	3383	0.919
FAM83H	0.23	7	0.79	0.784	14671	0.962	0.216	3382	0.919
ANKRD30BL	0.12	2	0.79	0.784	14672	0.962	0.216	3381	0.919
KRT80	0.25	8	0.79	0.784	14673	0.962	0.216	3380	0.919
PROKR1	0.25	8	0.79	0.784	14674	0.962	0.216	3379	0.919
UBL3	0.25	8	0.79	0.784	14675	0.962	0.216	3378	0.919
MYL1	0.25	8	0.79	0.784	14676	0.962	0.216	3377	0.919
RBAK-RBAKDN	0.25	8	0.79	0.784	14677	0.962	0.216	3376	0.919
MED19	0.25	8	0.79	0.784	14678	0.962	0.216	3375	0.919
DNAJC10	0.25	8	0.79	0.785	14679	0.962	0.215	3374	0.919
PDDC1	0.25	8	0.79	0.785	14680	0.962	0.215	3373	0.919
HEPACAM	0.25	8	0.79	0.785	14681	0.962	0.215	3372	0.919
MUC20	0.25	8	0.79	0.785	14682	0.962	0.215	3371	0.919
AARS2	0.25	8	0.79	0.785	14683	0.962	0.215	3370	0.919
PRRG1	0.25	8	0.79	0.785	14684	0.962	0.215	3369	0.919
SIN3B	0.25	8	0.79	0.785	14685	0.962	0.215	3368	0.919
MRAS	0.25	8	0.79	0.785	14686	0.962	0.215	3367	0.919
SDPR	0.25	8	0.79	0.785	14687	0.962	0.215	3366	0.919
C6orf203	0.25	8	0.79	0.785	14688	0.962	0.215	3365	0.919
SPATA32	0.25	8	0.79	0.785	14689	0.962	0.215	3364	0.919
ZFYVE16	0.26	8	0.79	0.785	14690	0.962	0.215	3363	0.919
CNPY2	0.26	8	0.79	0.785	14691	0.962	0.215	3362	0.919
ZNF800	0.26	8	0.79	0.785	14692	0.962	0.215	3361	0.919
FAP	0.26	8	0.79	0.785	14693	0.962	0.215	3360	0.919
PDP1	0.26	8	0.79	0.785	14694	0.962	0.215	3359	0.919
RPGR	0.26	8	0.79	0.785	14695	0.962	0.215	3358	0.919
NKX6-1	0.26	8	0.79	0.785	14696	0.962	0.215	3357	0.919
TSPEAR	0.26	8	0.79	0.785	14697	0.962	0.215	3356	0.919
BMP8A	0.23	6	0.79	0.785	14698	0.962	0.215	3355	0.919
GORASP1	0.26	8	0.79	0.786	14699	0.962	0.214	3354	0.919
CDRT15	0.23	6	0.79	0.786	14700	0.962	0.214	3353	0.919
KLRC1	0.26	8	0.79	0.786	14701	0.962	0.214	3352	0.919
C1orf189	0.26	8	0.79	0.786	14702	0.962	0.214	3351	0.919
CXorf24	0.26	8	0.79	0.786	14703	0.962	0.214	3350	0.919
EVPLL	0.26	8	0.79	0.786	14704	0.962	0.214	3349	0.919
DNAJC19	0.23	6	0.79	0.786	14705	0.962	0.214	3348	0.919
PODNL1	0.26	8	0.79	0.786	14706	0.962	0.214	3347	0.919
SPATA16	0.26	8	0.79	0.786	14707	0.962	0.214	3346	0.919
IFNW1	0.27	8	0.79	0.786	14708	0.962	0.214	3345	0.919
TMEM141	0.27	8	0.79	0.786	14709	0.962	0.214	3344	0.919
AQP1	0.27	8	0.79	0.786	14710	0.962	0.214	3343	0.919
GNG10	0.23	6	0.79	0.786	14711	0.962	0.214	3342	0.919
CCL8	0.27	8	0.79	0.786	14712	0.962	0.214	3341	0.919
MUC4	0.27	8	0.79	0.786	14713	0.962	0.214	3340	0.919
GJB6	0.27	8	0.79	0.786	14714	0.962	0.214	3339	0.919
CD101	0.27	8	0.79	0.786	14715	0.962	0.214	3338	0.919
FUK	0.27	8	0.79	0.786	14716	0.962	0.214	3337	0.919
QSER1	0.27	8	0.79	0.786	14717	0.962	0.214	3336	0.919
PHOX2B	0.27	8	0.79	0.786	14718	0.962	0.214	3335	0.919
SLC26A5	0.27	8	0.79	0.786	14719	0.962	0.214	3334	0.919
USP29	0.27	8	0.79	0.786	14720	0.962	0.214	3333	0.919
TBX19	0.27	8	0.79	0.786	14721	0.962	0.214	3332	0.919
PARVB	0.27	8	0.79	0.786	14722	0.962	0.214	3331	0.919
NEB	0.27	8	0.79	0.786	14723	0.962	0.214	3330	0.919
TBX5	0.27	8	0.79	0.786	14724	0.962	0.214	3329	0.919
GHDC	0.28	8	0.79	0.787	14725	0.962	0.213	3328	0.919
MBNL3	0.28	8	0.79	0.787	14726	0.962	0.213	3327	0.919
PIWIL2	0.28	8	0.80	0.787	14727	0.962	0.213	3326	0.919
PNPLA4	0.28	8	0.80	0.787	14728	0.962	0.213	3325	0.919
MYOD1	0.28	8	0.80	0.787	14729	0.962	0.213	3324	0.919
SERBP1	0.28	8	0.80	0.787	14730	0.962	0.213	3323	0.919
ZNF829	0.28	8	0.80	0.787	14731	0.962	0.213	3322	0.919
MPDZ	0.28	8	0.80	0.787	14732	0.962	0.213	3321	0.919
OR10G3	0.28	8	0.80	0.787	14733	0.962	0.213	3320	0.919
COL1A2	0.28	8	0.80	0.787	14734	0.962	0.213	3319	0.919
ENTPD1	0.28	8	0.80	0.787	14735	0.962	0.213	3318	0.919
SMR3B	0.28	8	0.80	0.787	14736	0.962	0.213	3317	0.919
TRMT44	0.28	8	0.80	0.787	14737	0.962	0.213	3316	0.919
CCL23	0.28	8	0.80	0.787	14738	0.962	0.213	3315	0.919
SPNS2	0.28	8	0.80	0.787	14739	0.962	0.213	3314	0.919
NDUFAF4	0.29	8	0.80	0.787	14740	0.962	0.213	3313	0.919
AMER2	0.29	8	0.80	0.787	14741	0.962	0.213	3312	0.919
NANOS3	0.29	8	0.80	0.787	14742	0.962	0.213	3311	0.919
CTDSPL	0.29	8	0.80	0.787	14743	0.962	0.213	3310	0.919
DSG3	0.29	8	0.80	0.787	14744	0.962	0.213	3309	0.919
KCNE1L	0.29	8	0.80	0.788	14745	0.962	0.212	3308	0.919
PURB	0.29	8	0.80	0.788	14746	0.962	0.212	3307	0.919
LILRB3	0.15	2	0.80	0.788	14747	0.962	0.212	3306	0.919
ZNF75A	0.29	8	0.80	0.788	14748	0.962	0.212	3305	0.919
TMEM14C	0.21	4	0.80	0.788	14749	0.962	0.212	3304	0.919
PAM	0.29	8	0.80	0.788	14750	0.962	0.212	3303	0.919
USP42	0.29	8	0.80	0.788	14751	0.962	0.212	3302	0.919
ADRA1D	0.30	8	0.80	0.788	14752	0.962	0.212	3301	0.919
SNX10	0.30	8	0.80	0.788	14753	0.962	0.212	3300	0.919
TMEM121	0.30	8	0.80	0.788	14754	0.962	0.212	3299	0.919
STK25	0.30	8	0.80	0.788	14755	0.962	0.212	3298	0.919
ZNF396	0.30	8	0.80	0.788	14756	0.962	0.212	3297	0.919
MMP19	0.30	8	0.80	0.788	14757	0.962	0.212	3296	0.919
FKBP11	0.30	8	0.80	0.788	14758	0.962	0.212	3295	0.919
N4BP2L2	0.30	8	0.80	0.788	14759	0.962	0.212	3294	0.919
CALCR	0.30	8	0.80	0.788	14760	0.962	0.212	3293	0.919
CLECL1	0.30	8	0.80	0.788	14761	0.962	0.212	3292	0.919
CCDC102B	0.30	8	0.80	0.788	14762	0.962	0.212	3291	0.919
FAM221B	0.30	8	0.80	0.788	14763	0.962	0.212	3290	0.919
PRRT2	0.30	8	0.80	0.789	14764	0.962	0.211	3289	0.919
DRD2	0.30	8	0.80	0.789	14765	0.962	0.211	3288	0.919
MKNK2	0.30	8	0.80	0.789	14766	0.962	0.211	3287	0.919
HPS3	0.30	8	0.80	0.789	14767	0.962	0.211	3286	0.919
HOXA3	0.30	8	0.80	0.789	14768	0.962	0.211	3285	0.919
C19orf38	0.31	8	0.80	0.789	14769	0.962	0.211	3284	0.919
MAOB	0.31	8	0.80	0.789	14770	0.962	0.211	3283	0.919
AGPAT1	0.31	8	0.80	0.789	14771	0.962	0.211	3282	0.919
AZU1	0.31	8	0.80	0.789	14772	0.962	0.211	3281	0.919
PDCD4	0.31	8	0.80	0.789	14773	0.962	0.211	3280	0.919
PRICKLE3	0.31	8	0.80	0.789	14774	0.962	0.211	3279	0.919
CYFIP2	0.31	8	0.80	0.789	14775	0.962	0.211	3278	0.919
NDN	0.31	8	0.80	0.789	14776	0.962	0.211	3277	0.919
TFPI	0.31	8	0.80	0.789	14777	0.962	0.211	3276	0.919
ATF2	0.31	8	0.80	0.789	14778	0.962	0.211	3275	0.919
ITGA7	0.31	8	0.80	0.789	14779	0.962	0.211	3274	0.919
KIAA1109	0.31	8	0.80	0.789	14780	0.962	0.211	3273	0.919
VSIG2	0.31	8	0.80	0.789	14781	0.962	0.211	3272	0.919
MAP7D1	0.31	8	0.80	0.789	14782	0.962	0.211	3271	0.919
INHBE	0.32	8	0.80	0.79	14783	0.962	0.21	3270	0.919
KRT84	0.27	6	0.80	0.79	14784	0.962	0.21	3269	0.919
THNSL2	0.32	8	0.80	0.79	14785	0.962	0.21	3268	0.919
SCAPER	0.32	8	0.81	0.79	14786	0.962	0.21	3267	0.919
POC1B	0.32	8	0.81	0.79	14787	0.962	0.21	3266	0.919
SOGA1	0.32	8	0.81	0.79	14788	0.962	0.21	3265	0.919
PSG4	0.16	2	0.81	0.79	14789	0.962	0.21	3264	0.919
DUSP8	0.32	8	0.81	0.79	14790	0.962	0.21	3263	0.919
H2BFWT	0.32	8	0.81	0.79	14791	0.962	0.21	3262	0.919
CBX4	0.32	8	0.81	0.79	14792	0.962	0.21	3261	0.919
CYB5R3	0.32	8	0.81	0.79	14793	0.962	0.21	3260	0.919
ZSCAN1	0.32	8	0.81	0.79	14794	0.962	0.21	3259	0.919
C12orf40	0.32	8	0.81	0.79	14795	0.962	0.21	3258	0.919
DKK1	0.32	8	0.81	0.79	14796	0.962	0.21	3257	0.919
KCNQ2	0.32	8	0.81	0.79	14797	0.962	0.21	3256	0.919
PGR	0.33	8	0.81	0.79	14798	0.962	0.21	3255	0.919
MBD2	0.33	8	0.81	0.79	14799	0.962	0.21	3254	0.919
ABCC10	0.33	8	0.81	0.79	14800	0.962	0.21	3253	0.919
RSPO2	0.33	8	0.81	0.791	14801	0.962	0.209	3252	0.919
OR5H2	0.33	8	0.81	0.791	14802	0.962	0.209	3251	0.919
INSIG1	0.33	8	0.81	0.791	14803	0.962	0.209	3250	0.919
CBX3	0.23	4	0.81	0.791	14804	0.962	0.209	3249	0.919
MOCS2	0.33	8	0.81	0.791	14805	0.962	0.209	3248	0.919
MORC3	0.33	8	0.81	0.791	14806	0.962	0.209	3247	0.919
ZNF625	0.29	6	0.81	0.791	14807	0.962	0.209	3246	0.919
MCC	0.33	8	0.81	0.791	14808	0.962	0.209	3245	0.919
TULP2	0.33	8	0.81	0.791	14809	0.962	0.209	3244	0.919
SCRIB	0.33	8	0.81	0.791	14810	0.962	0.209	3243	0.919
RNASEL	0.33	8	0.81	0.791	14811	0.962	0.209	3242	0.919
SEMA4C	0.33	8	0.81	0.791	14812	0.962	0.209	3241	0.919
PREPL	0.34	8	0.81	0.791	14813	0.962	0.209	3240	0.919
RTP3	0.34	8	0.81	0.791	14814	0.962	0.209	3239	0.919
C8orf46	0.34	8	0.81	0.791	14815	0.962	0.209	3238	0.919
RFX3	0.34	8	0.81	0.791	14816	0.962	0.209	3237	0.919
RBM12B	0.34	8	0.81	0.791	14817	0.962	0.209	3236	0.919
MIF4GD	0.34	8	0.81	0.792	14818	0.962	0.208	3235	0.919
ALOXE3	0.34	8	0.81	0.792	14819	0.962	0.208	3234	0.919
DLGAP3	0.35	8	0.81	0.792	14820	0.962	0.208	3233	0.919
ZNF256	0.35	8	0.81	0.792	14821	0.962	0.208	3232	0.919
TPH2	0.35	8	0.81	0.792	14822	0.962	0.208	3231	0.919
COLCA1	0.35	8	0.81	0.792	14823	0.962	0.208	3230	0.919
B4GALT6	0.35	8	0.81	0.792	14824	0.962	0.208	3229	0.919
LHB	0.35	8	0.81	0.792	14825	0.962	0.208	3228	0.919
CYP19A1	0.35	8	0.81	0.792	14826	0.962	0.208	3227	0.919
KIF4B	0.35	8	0.81	0.792	14827	0.962	0.208	3226	0.919
STX6	0.35	8	0.81	0.792	14828	0.962	0.208	3225	0.919
AGL	0.35	8	0.81	0.792	14829	0.962	0.208	3224	0.919
PKD2	0.35	8	0.81	0.792	14830	0.962	0.208	3223	0.919
KCNV1	0.35	8	0.81	0.792	14831	0.962	0.208	3222	0.919
TUBB8	0.18	2	0.81	0.792	14832	0.962	0.208	3221	0.919
PRPH	0.35	8	0.81	0.792	14833	0.962	0.208	3220	0.919
AC093802.1	0.35	8	0.81	0.792	14834	0.962	0.208	3219	0.919
SPOCK3	0.36	8	0.82	0.792	14835	0.962	0.208	3218	0.919
SLC2A14	0.18	2	0.82	0.792	14836	0.962	0.208	3217	0.919
ADAP1	0.36	8	0.82	0.792	14837	0.962	0.208	3216	0.919
C12orf50	0.36	8	0.82	0.792	14838	0.962	0.208	3215	0.919
GABRE	0.36	8	0.82	0.793	14839	0.962	0.207	3214	0.919
RAB7L1	0.36	8	0.82	0.793	14840	0.962	0.207	3213	0.919
OR10J5	0.36	8	0.82	0.793	14841	0.962	0.207	3212	0.919
IFT81	0.36	8	0.82	0.793	14842	0.962	0.207	3211	0.919
KIAA0232	0.36	8	0.82	0.793	14843	0.962	0.207	3210	0.919
FOXR2	0.36	8	0.82	0.793	14844	0.962	0.207	3209	0.919
PTPN11	0.34	7	0.82	0.793	14845	0.962	0.207	3208	0.919
CCL5	0.36	8	0.82	0.793	14846	0.962	0.207	3207	0.919
NRG3	0.36	8	0.82	0.793	14847	0.962	0.207	3206	0.919
WIF1	0.36	8	0.82	0.793	14848	0.962	0.207	3205	0.919
IQCB1	0.36	8	0.82	0.793	14849	0.962	0.207	3204	0.919
PDCD1	0.36	8	0.82	0.793	14850	0.962	0.207	3203	0.919
MYEF2	0.36	8	0.82	0.793	14851	0.962	0.207	3202	0.919
C3orf70	0.36	8	0.82	0.793	14852	0.962	0.207	3201	0.919
CCL7	0.32	6	0.82	0.793	14853	0.962	0.207	3200	0.919
DPY19L4	0.37	8	0.82	0.793	14854	0.962	0.207	3199	0.919
NKAIN2	0.37	8	0.82	0.793	14855	0.962	0.207	3198	0.919
REEP2	0.37	8	0.82	0.793	14856	0.962	0.207	3197	0.919
C10orf85	0.37	8	0.82	0.793	14857	0.962	0.207	3196	0.919
C2ORF15	0.37	8	0.82	0.793	14858	0.962	0.207	3195	0.919
NAPEPLD	0.37	8	0.82	0.793	14859	0.962	0.207	3194	0.919
PLA1A	0.37	8	0.82	0.793	14860	0.962	0.207	3193	0.919
C17orf112	0.37	8	0.82	0.793	14861	0.962	0.207	3192	0.919
ARL1	0.37	8	0.82	0.793	14862	0.962	0.207	3191	0.919
KRBOX4	0.18	2	0.82	0.794	14863	0.962	0.206	3190	0.919
FLT1	0.37	8	0.82	0.794	14864	0.962	0.206	3189	0.919
CEP78	0.37	8	0.82	0.794	14865	0.962	0.206	3188	0.919
VGLL2	0.37	8	0.82	0.794	14866	0.962	0.206	3187	0.919
LRRC4	0.37	8	0.82	0.794	14867	0.962	0.206	3186	0.919
AKR1D1	0.38	8	0.82	0.794	14868	0.962	0.206	3185	0.919
PTGFRN	0.38	8	0.82	0.794	14869	0.962	0.206	3184	0.919
ZNF544	0.38	8	0.82	0.794	14870	0.962	0.206	3183	0.919
FCAMR	0.38	8	0.82	0.794	14871	0.962	0.206	3182	0.919
NXT1	0.38	8	0.82	0.794	14872	0.962	0.206	3181	0.919
ZNF532	0.38	8	0.82	0.794	14873	0.962	0.206	3180	0.919
SAMD7	0.38	8	0.82	0.794	14874	0.962	0.206	3179	0.919
MAST4	0.38	8	0.82	0.794	14875	0.962	0.206	3178	0.919
C10orf68	0.38	8	0.82	0.794	14876	0.962	0.206	3177	0.919
SNX20	0.38	8	0.82	0.794	14877	0.962	0.206	3176	0.919
ASB4	0.38	8	0.82	0.794	14878	0.962	0.206	3175	0.919
SCGB2B2	0.38	8	0.82	0.794	14879	0.962	0.206	3174	0.919
ZNF222	0.33	6	0.82	0.794	14880	0.962	0.206	3173	0.919
FAM160A2	0.38	8	0.82	0.794	14881	0.962	0.206	3172	0.919
SOX13	0.38	8	0.82	0.794	14882	0.962	0.206	3171	0.919
KIF13A	0.38	8	0.82	0.794	14883	0.962	0.206	3170	0.919
SLC4A4	0.38	8	0.82	0.795	14884	0.962	0.205	3169	0.919
HIST1H2BL	0.19	2	0.82	0.795	14885	0.962	0.205	3168	0.919
MB21D1	0.38	8	0.82	0.795	14886	0.962	0.205	3167	0.919
MAP1A	0.39	8	0.82	0.795	14887	0.962	0.205	3166	0.919
HOXA7	0.39	8	0.82	0.795	14888	0.962	0.205	3165	0.919
FAM228A	0.39	8	0.82	0.795	14889	0.962	0.205	3164	0.919
SIGLEC1	0.39	8	0.82	0.795	14890	0.962	0.205	3163	0.919
LUZP2	0.39	8	0.82	0.795	14891	0.962	0.205	3162	0.919
ROPN1B	0.34	6	0.82	0.795	14892	0.962	0.205	3161	0.919
CD72	0.39	8	0.82	0.795	14893	0.962	0.205	3160	0.919
F11	0.39	8	0.82	0.795	14894	0.962	0.205	3159	0.919
MYBPC1	0.39	8	0.82	0.795	14895	0.962	0.205	3158	0.919
ACOT13	0.39	8	0.82	0.795	14896	0.962	0.205	3157	0.919
TMEM33	0.39	8	0.82	0.795	14897	0.962	0.205	3156	0.919
CEACAM8	0.39	8	0.82	0.795	14898	0.962	0.205	3155	0.919
RLN2	0.39	8	0.82	0.795	14899	0.962	0.205	3154	0.919
ZNF621	0.39	8	0.83	0.795	14900	0.962	0.205	3153	0.919
PCDHAC2	0.39	8	0.83	0.795	14901	0.962	0.205	3152	0.919
STAR	0.39	8	0.83	0.795	14902	0.962	0.205	3151	0.919
FILIP1	0.40	8	0.83	0.795	14903	0.962	0.205	3150	0.919
LRRC18	0.40	8	0.83	0.795	14904	0.962	0.205	3149	0.919
UBN2	0.40	8	0.83	0.796	14905	0.962	0.204	3148	0.919
HSPBP1	0.40	8	0.83	0.796	14906	0.962	0.204	3147	0.919
MTMR8	0.40	8	0.83	0.796	14907	0.962	0.204	3146	0.919
MEX3B	0.40	8	0.83	0.796	14908	0.962	0.204	3145	0.919
OR5D18	0.40	8	0.83	0.796	14909	0.962	0.204	3144	0.919
MICALL2	0.40	8	0.83	0.796	14910	0.962	0.204	3143	0.919
OR6M1	0.40	8	0.83	0.796	14911	0.962	0.204	3142	0.919
C16orf3	0.40	8	0.83	0.796	14912	0.962	0.204	3141	0.919
ZNF347	0.40	8	0.83	0.796	14913	0.962	0.204	3140	0.919
IGFALS	0.40	8	0.83	0.796	14914	0.962	0.204	3139	0.919
TFRC	0.40	8	0.83	0.796	14915	0.962	0.204	3138	0.919
TMC2	0.40	8	0.83	0.796	14916	0.962	0.204	3137	0.919
TIMM17B	0.41	8	0.83	0.796	14917	0.962	0.204	3136	0.919
NONO	0.41	8	0.83	0.796	14918	0.962	0.204	3135	0.919
BCORL1	0.41	8	0.83	0.796	14919	0.962	0.204	3134	0.919
AR	0.41	8	0.83	0.796	14920	0.962	0.204	3133	0.919
GAREML	0.41	8	0.83	0.796	14921	0.962	0.204	3132	0.919
SLC38A2	0.41	8	0.83	0.796	14922	0.962	0.204	3131	0.919
MRFAP1	0.41	8	0.83	0.796	14923	0.962	0.204	3130	0.919
ARL6IP4	0.41	8	0.83	0.796	14924	0.962	0.204	3129	0.919
RHBDD2	0.41	8	0.83	0.796	14925	0.962	0.204	3128	0.919
PAX5	0.41	8	0.83	0.797	14926	0.962	0.203	3127	0.919
OR6X1	0.41	8	0.83	0.797	14927	0.962	0.203	3126	0.919
BCL10	0.41	8	0.83	0.797	14928	0.962	0.203	3125	0.919
LEFTY1	0.36	6	0.83	0.797	14929	0.962	0.203	3124	0.919
THEMIS	0.41	8	0.83	0.797	14930	0.962	0.203	3123	0.919
FRMPD1	0.41	8	0.83	0.797	14931	0.962	0.203	3122	0.919
CCKAR	0.41	8	0.83	0.797	14932	0.962	0.203	3121	0.919
REP15	0.41	8	0.83	0.797	14933	0.962	0.203	3120	0.919
MAP3K6	0.42	8	0.83	0.797	14934	0.962	0.203	3119	0.919
ARL6	0.36	6	0.83	0.797	14935	0.962	0.203	3118	0.919
TXNDC2	0.42	8	0.83	0.797	14936	0.962	0.203	3117	0.919
WDR45B	0.42	8	0.83	0.797	14937	0.962	0.203	3116	0.919
MAGEA1	0.42	8	0.83	0.797	14938	0.962	0.203	3115	0.919
OXSR1	0.42	8	0.83	0.797	14939	0.962	0.203	3114	0.919
PRPF18	0.42	8	0.83	0.797	14940	0.962	0.203	3113	0.919
RAB38	0.42	8	0.83	0.797	14941	0.962	0.203	3112	0.919
GSDMD	0.42	8	0.83	0.797	14942	0.962	0.203	3111	0.919
CDH8	0.42	8	0.83	0.797	14943	0.962	0.203	3110	0.919
15-Sep	0.42	8	0.83	0.797	14944	0.962	0.203	3109	0.919
RAB41	0.42	8	0.83	0.797	14945	0.962	0.203	3108	0.919
MTF2	0.42	8	0.83	0.797	14946	0.962	0.203	3107	0.919
AK5	0.42	8	0.83	0.797	14947	0.962	0.203	3106	0.919
HSPB8	0.42	8	0.83	0.797	14948	0.962	0.203	3105	0.919
ARHGEF10L	0.42	8	0.83	0.798	14949	0.962	0.202	3104	0.919
OR6C6	0.42	8	0.83	0.798	14950	0.962	0.202	3103	0.919
GLB1L	0.42	8	0.83	0.798	14951	0.962	0.202	3102	0.919
ATP2B1	0.43	8	0.83	0.798	14952	0.962	0.202	3101	0.919
NPC1L1	0.43	8	0.83	0.798	14953	0.962	0.202	3100	0.919
EDIL3	0.43	8	0.83	0.798	14954	0.962	0.202	3099	0.919
ME1	0.43	8	0.83	0.798	14955	0.962	0.202	3098	0.919
RILP	0.43	8	0.83	0.798	14956	0.962	0.202	3097	0.919
PAGE5	0.43	8	0.83	0.798	14957	0.962	0.202	3096	0.919
ZNF25	0.43	8	0.83	0.798	14958	0.962	0.202	3095	0.919
HEBP1	0.43	8	0.83	0.798	14959	0.962	0.202	3094	0.919
TTC37	0.43	8	0.83	0.798	14960	0.962	0.202	3093	0.919
HMGA2	0.43	8	0.83	0.798	14961	0.962	0.202	3092	0.919
FBXO10	0.43	8	0.84	0.798	14962	0.962	0.202	3091	0.919
LENEP	0.43	8	0.84	0.798	14963	0.962	0.202	3090	0.919
CDK13	0.43	8	0.84	0.798	14964	0.962	0.202	3089	0.919
C21orf54	0.44	8	0.84	0.798	14965	0.962	0.202	3088	0.919
AVP	0.44	8	0.84	0.798	14966	0.962	0.202	3087	0.919
GYPB	0.22	2	0.84	0.798	14967	0.962	0.202	3086	0.919
TRIM42	0.44	8	0.84	0.799	14968	0.962	0.201	3085	0.919
OR6K3	0.44	8	0.84	0.799	14969	0.962	0.201	3084	0.919
KLHL7	0.44	8	0.84	0.799	14970	0.962	0.201	3083	0.919
PCDHGA9	0.44	8	0.84	0.799	14971	0.962	0.201	3082	0.919
LAMA5	0.44	8	0.84	0.799	14972	0.962	0.201	3081	0.919
OR2T1	0.44	8	0.84	0.799	14973	0.962	0.201	3080	0.919
FKBP7	0.44	8	0.84	0.799	14974	0.962	0.201	3079	0.919
KLF10	0.44	8	0.84	0.799	14975	0.962	0.201	3078	0.919
ANKS1B	0.45	8	0.84	0.799	14976	0.962	0.201	3077	0.919
FGF20	0.45	8	0.84	0.799	14977	0.962	0.201	3076	0.919
GPD1L	0.45	8	0.84	0.799	14978	0.962	0.201	3075	0.919
MC3R	0.45	8	0.84	0.799	14979	0.962	0.201	3074	0.919
EPHB1	0.45	8	0.84	0.799	14980	0.962	0.201	3073	0.919
SOS1	0.45	8	0.84	0.8	14981	0.962	0.2	3072	0.919
CNNM2	0.45	8	0.84	0.8	14982	0.962	0.2	3071	0.919
TMIGD1	0.45	8	0.84	0.8	14983	0.962	0.2	3070	0.919
DNAAF1	0.45	8	0.84	0.8	14984	0.962	0.2	3069	0.919
ECHDC1	0.45	8	0.84	0.8	14985	0.962	0.2	3068	0.919
KNDC1	0.46	8	0.84	0.8	14986	0.962	0.2	3067	0.919
LGALS13	0.23	2	0.84	0.8	14987	0.962	0.2	3066	0.919
GPR27	0.46	8	0.84	0.8	14988	0.962	0.2	3065	0.919
ATP5J2	0.23	2	0.84	0.8	14989	0.962	0.2	3064	0.919
MAGI1	0.46	8	0.84	0.8	14990	0.962	0.2	3063	0.919
RNASET2	0.46	8	0.84	0.8	14991	0.962	0.2	3062	0.919
ARID2	0.46	8	0.84	0.8	14992	0.962	0.2	3061	0.919
ADAMTS5	0.46	8	0.84	0.8	14993	0.962	0.2	3060	0.919
NKX3-2	0.46	8	0.84	0.8	14994	0.962	0.2	3059	0.919
PPAP2A	0.46	8	0.84	0.8	14995	0.962	0.2	3058	0.919
MTERFD3	0.46	8	0.84	0.8	14996	0.962	0.2	3057	0.919
H2AFY2	0.46	8	0.84	0.8	14997	0.962	0.2	3056	0.919
ZRANB1	0.46	8	0.84	0.8	14998	0.962	0.2	3055	0.919
ESM1	0.46	8	0.84	0.8	14999	0.962	0.2	3054	0.919
RGS3	0.47	8	0.84	0.801	15000	0.962	0.199	3053	0.919
KRT28	0.47	8	0.84	0.801	15001	0.962	0.199	3052	0.919
SCAMP3	0.47	8	0.84	0.801	15002	0.962	0.199	3051	0.919
GATC	0.47	8	0.84	0.801	15003	0.962	0.199	3050	0.919
TFCP2L1	0.47	8	0.84	0.801	15004	0.962	0.199	3049	0.919
TMEM163	0.47	8	0.84	0.801	15005	0.962	0.199	3048	0.919
SAMD15	0.47	8	0.85	0.801	15006	0.962	0.199	3047	0.919
PLA2G4F	0.47	8	0.85	0.801	15007	0.962	0.199	3046	0.919
ANKRD9	0.47	8	0.85	0.801	15008	0.962	0.199	3045	0.919
OCRL	0.47	8	0.85	0.801	15009	0.962	0.199	3044	0.919
DOCK3	0.47	8	0.85	0.801	15010	0.962	0.199	3043	0.919
ATP1A4	0.47	8	0.85	0.801	15011	0.962	0.199	3042	0.919
C1orf158	0.47	8	0.85	0.801	15012	0.962	0.199	3041	0.919
SEMA3E	0.47	8	0.85	0.801	15013	0.962	0.199	3040	0.919
MTUS2	0.47	8	0.85	0.801	15014	0.962	0.199	3039	0.919
DLGAP4	0.48	8	0.85	0.801	15015	0.962	0.199	3038	0.919
IL20	0.48	8	0.85	0.801	15016	0.962	0.199	3037	0.919
ERI2	0.48	8	0.85	0.801	15017	0.962	0.199	3036	0.919
LMCD1	0.48	8	0.85	0.801	15018	0.962	0.199	3035	0.919
FOXL1	0.48	8	0.85	0.802	15019	0.962	0.198	3034	0.919
CERK	0.48	8	0.85	0.802	15020	0.962	0.198	3033	0.919
FAM194B	0.48	8	0.85	0.802	15021	0.962	0.198	3032	0.919
KMO	0.48	8	0.85	0.802	15022	0.962	0.198	3031	0.919
EVC	0.48	8	0.85	0.802	15023	0.962	0.198	3030	0.919
SLC7A3	0.48	8	0.85	0.802	15024	0.962	0.198	3029	0.919
LEPROTL1	0.48	8	0.85	0.802	15025	0.962	0.198	3028	0.919
AMD1	0.48	8	0.85	0.802	15026	0.962	0.198	3027	0.919
ACY1	0.48	8	0.85	0.802	15027	0.962	0.198	3026	0.919
FURIN	0.49	8	0.85	0.802	15028	0.962	0.198	3025	0.919
RIMKLA	0.49	8	0.85	0.802	15029	0.962	0.198	3024	0.919
MN1	0.49	8	0.85	0.802	15030	0.962	0.198	3023	0.919
PRRC1	0.49	8	0.85	0.802	15031	0.962	0.198	3022	0.919
H2AFY	0.49	8	0.85	0.802	15032	0.962	0.198	3021	0.919
RPGRIP1	0.49	8	0.85	0.802	15033	0.962	0.198	3020	0.919
KLRC4	0.35	4	0.85	0.802	15034	0.962	0.198	3019	0.919
PCDHA6	0.49	8	0.85	0.803	15035	0.962	0.197	3018	0.919
SLC24A2	0.49	8	0.85	0.803	15036	0.962	0.197	3017	0.919
DUSP16	0.49	8	0.85	0.803	15037	0.962	0.197	3016	0.919
IGJ	0.49	8	0.85	0.803	15038	0.962	0.197	3015	0.919
SYT13	0.49	8	0.85	0.803	15039	0.962	0.197	3014	0.919
SLMO1	0.50	8	0.85	0.803	15040	0.962	0.197	3013	0.919
ZNF665	0.50	8	0.85	0.803	15041	0.962	0.197	3012	0.919
CCL15	0.43	6	0.85	0.803	15042	0.962	0.197	3011	0.919
OLFM3	0.50	8	0.85	0.803	15043	0.962	0.197	3010	0.919
ZNF141	0.43	6	0.85	0.803	15044	0.962	0.197	3009	0.919
PLG	0.50	8	0.85	0.803	15045	0.962	0.197	3008	0.919
YPEL4	0.50	8	0.85	0.803	15046	0.962	0.197	3007	0.919
SAV1	0.50	8	0.85	0.803	15047	0.962	0.197	3006	0.919
SRGAP1	0.50	8	0.85	0.803	15048	0.962	0.197	3005	0.919
ATG14	0.51	8	0.85	0.803	15049	0.962	0.197	3004	0.919
CLIC3	0.51	8	0.85	0.804	15050	0.962	0.196	3003	0.919
MEFV	0.51	8	0.85	0.804	15051	0.962	0.196	3002	0.919
FGF13	0.51	8	0.85	0.804	15052	0.962	0.196	3001	0.919
CAPN13	0.51	8	0.86	0.804	15053	0.962	0.196	3000	0.919
OR51E1	0.51	8	0.86	0.804	15054	0.962	0.196	2999	0.919
RALA	0.51	8	0.86	0.804	15055	0.962	0.196	2998	0.919
GET4	0.51	8	0.86	0.804	15056	0.962	0.196	2997	0.919
ILVBL	0.51	8	0.86	0.804	15057	0.962	0.196	2996	0.919
IL11RA	0.52	8	0.86	0.804	15058	0.962	0.196	2995	0.919
C18orf8	0.52	8	0.86	0.804	15059	0.962	0.196	2994	0.919
PARP6	0.52	8	0.86	0.804	15060	0.962	0.196	2993	0.919
NCOA2	0.52	8	0.86	0.804	15061	0.962	0.196	2992	0.919
FAM110B	0.52	8	0.86	0.804	15062	0.962	0.196	2991	0.919
LAPTM4B	0.52	8	0.86	0.804	15063	0.962	0.196	2990	0.919
CHIC1	0.52	8	0.86	0.804	15064	0.962	0.196	2989	0.919
MESDC1	0.52	8	0.86	0.804	15065	0.962	0.196	2988	0.919
ZSWIM5	0.52	8	0.86	0.804	15066	0.962	0.196	2987	0.919
FAM109A	0.52	8	0.86	0.805	15067	0.962	0.195	2986	0.919
HNRNPF	0.52	8	0.86	0.805	15068	0.962	0.195	2985	0.919
DNASE1L1	0.52	8	0.86	0.805	15069	0.962	0.195	2984	0.919
PIK3R5	0.52	8	0.86	0.805	15070	0.962	0.195	2983	0.919
CCDC152	0.52	8	0.86	0.805	15071	0.962	0.195	2982	0.919
TRIM60	0.52	8	0.86	0.805	15072	0.962	0.195	2981	0.919
SLC22A7	0.52	8	0.86	0.805	15073	0.962	0.195	2980	0.919
ASGR2	0.52	8	0.86	0.805	15074	0.962	0.195	2979	0.919
CAP1	0.52	8	0.86	0.805	15075	0.962	0.195	2978	0.919
ISCA1	0.26	2	0.86	0.805	15076	0.962	0.195	2977	0.919
BRCC3	0.53	8	0.86	0.805	15077	0.962	0.195	2976	0.919
MAP4K5	0.53	8	0.86	0.805	15078	0.962	0.195	2975	0.919
GPCPD1	0.53	8	0.86	0.805	15079	0.962	0.195	2974	0.919
ALKBH2	0.53	8	0.86	0.805	15080	0.962	0.195	2973	0.919
MAML2	0.53	8	0.86	0.805	15081	0.962	0.195	2972	0.919
NHLRC1	0.53	8	0.86	0.805	15082	0.962	0.195	2971	0.919
CTBP2	0.53	8	0.86	0.805	15083	0.962	0.195	2970	0.919
DPRX	0.53	8	0.86	0.805	15084	0.962	0.195	2969	0.919
TACR1	0.53	8	0.86	0.805	15085	0.962	0.195	2968	0.919
REPS2	0.53	8	0.86	0.805	15086	0.962	0.195	2967	0.919
SGPL1	0.53	8	0.86	0.805	15087	0.962	0.195	2966	0.919
LDOC1	0.53	8	0.86	0.805	15088	0.962	0.195	2965	0.919
PHF16	0.53	8	0.86	0.805	15089	0.962	0.195	2964	0.919
ZCCHC7	0.53	8	0.86	0.805	15090	0.962	0.195	2963	0.919
SLC52A1	0.53	8	0.86	0.805	15091	0.962	0.195	2962	0.919
AVPR1A	0.53	8	0.86	0.805	15092	0.962	0.195	2961	0.919
C12orf74	0.54	8	0.86	0.806	15093	0.962	0.194	2960	0.919
UNK	0.54	8	0.86	0.806	15094	0.962	0.194	2959	0.919
SRC	0.54	8	0.86	0.806	15095	0.962	0.194	2958	0.919
TNIP2	0.54	8	0.86	0.806	15096	0.962	0.194	2957	0.919
DBH	0.54	8	0.86	0.806	15097	0.962	0.194	2956	0.919
FJX1	0.54	8	0.86	0.806	15098	0.962	0.194	2955	0.919
OR4L1	0.54	8	0.86	0.806	15099	0.962	0.194	2954	0.919
GNG8	0.54	8	0.86	0.806	15100	0.962	0.194	2953	0.919
FABP5	0.27	2	0.86	0.806	15101	0.962	0.194	2952	0.919
AGAP2	0.54	8	0.86	0.806	15102	0.962	0.194	2951	0.919
BOC	0.54	8	0.86	0.806	15103	0.962	0.194	2950	0.919
TRPM3	0.54	8	0.86	0.806	15104	0.962	0.194	2949	0.919
EGR2	0.54	8	0.86	0.806	15105	0.962	0.194	2948	0.919
ZIC1	0.54	8	0.86	0.806	15106	0.962	0.194	2947	0.919
MLEC	0.54	8	0.86	0.806	15107	0.962	0.194	2946	0.919
THBS2	0.54	8	0.86	0.806	15108	0.962	0.194	2945	0.919
C17orf72	0.54	8	0.86	0.806	15109	0.962	0.194	2944	0.919
SRRM4	0.54	8	0.86	0.806	15110	0.962	0.194	2943	0.919
HUNK	0.55	8	0.86	0.806	15111	0.962	0.194	2942	0.919
WNT4	0.55	8	0.86	0.806	15112	0.962	0.194	2941	0.919
EYS	0.55	8	0.86	0.806	15113	0.962	0.194	2940	0.919
L2HGDH	0.55	8	0.87	0.807	15114	0.962	0.193	2939	0.919
CASQ2	0.55	8	0.87	0.807	15115	0.962	0.193	2938	0.919
CST11	0.55	8	0.87	0.807	15116	0.962	0.193	2937	0.919
AMBN	0.55	8	0.87	0.807	15117	0.962	0.193	2936	0.919
OVOL1	0.55	8	0.87	0.807	15118	0.962	0.193	2935	0.919
SMLR1	0.55	8	0.87	0.807	15119	0.962	0.193	2934	0.919
SKAP2	0.55	8	0.87	0.807	15120	0.962	0.193	2933	0.919
CTSC	0.55	8	0.87	0.807	15121	0.962	0.193	2932	0.919
OR10D3	0.56	8	0.87	0.807	15122	0.962	0.193	2931	0.919
CCR8	0.56	8	0.87	0.807	15123	0.962	0.193	2930	0.919
DCP1B	0.56	8	0.87	0.807	15124	0.962	0.193	2929	0.919
HRG	0.56	8	0.87	0.807	15125	0.962	0.193	2928	0.919
ALS2CR11	0.56	8	0.87	0.807	15126	0.962	0.193	2927	0.919
DCDC1	0.56	8	0.87	0.807	15127	0.962	0.193	2926	0.919
AFM	0.56	8	0.87	0.807	15128	0.962	0.193	2925	0.919
PTGR2	0.56	8	0.87	0.807	15129	0.962	0.193	2924	0.919
GCLC	0.56	8	0.87	0.807	15130	0.962	0.193	2923	0.919
ADAMTSL2	0.56	8	0.87	0.807	15131	0.962	0.193	2922	0.919
ZNF524	0.56	8	0.87	0.807	15132	0.962	0.193	2921	0.919
CNIH4	0.56	8	0.87	0.807	15133	0.962	0.193	2920	0.919
HOXB3	0.56	8	0.87	0.807	15134	0.962	0.193	2919	0.919
SCARF1	0.56	8	0.87	0.807	15135	0.962	0.193	2918	0.919
MTHFD2	0.56	8	0.87	0.807	15136	0.962	0.193	2917	0.919
VNN1	0.49	6	0.87	0.807	15137	0.962	0.193	2916	0.919
LTK	0.56	8	0.87	0.808	15138	0.962	0.192	2915	0.919
EIF5AL1	0.49	6	0.87	0.808	15139	0.962	0.192	2914	0.919
C12orf4	0.56	8	0.87	0.808	15140	0.962	0.192	2913	0.919
TCF7L1	0.56	8	0.87	0.808	15141	0.962	0.192	2912	0.919
KRT6A	0.40	4	0.87	0.808	15142	0.962	0.192	2911	0.919
OR6Q1	0.57	8	0.87	0.808	15143	0.962	0.192	2910	0.919
SCN8A	0.57	8	0.87	0.808	15144	0.962	0.192	2909	0.919
KCTD6	0.57	8	0.87	0.808	15145	0.962	0.192	2908	0.919
AGRN	0.57	8	0.87	0.808	15146	0.962	0.192	2907	0.919
SNX8	0.57	8	0.87	0.808	15147	0.962	0.192	2906	0.919
PIDD	0.57	8	0.87	0.808	15148	0.962	0.192	2905	0.919
PCDHB14	0.57	8	0.87	0.808	15149	0.962	0.192	2904	0.919
OTOR	0.57	8	0.87	0.808	15150	0.962	0.192	2903	0.919
KCNJ2	0.57	8	0.87	0.808	15151	0.962	0.192	2902	0.919
SLC12A7	0.57	8	0.87	0.808	15152	0.962	0.192	2901	0.919
HAPLN1	0.57	8	0.87	0.808	15153	0.962	0.192	2900	0.919
FAM187B	0.57	8	0.87	0.808	15154	0.962	0.192	2899	0.919
AASS	0.57	8	0.87	0.808	15155	0.962	0.192	2898	0.919
SIRT3	0.57	8	0.87	0.808	15156	0.962	0.192	2897	0.919
TNMD	0.58	8	0.87	0.808	15157	0.962	0.192	2896	0.919
NFIX	0.58	8	0.87	0.808	15158	0.962	0.192	2895	0.919
FRMD4B	0.58	8	0.87	0.809	15159	0.962	0.191	2894	0.919
RGS21	0.54	7	0.87	0.809	15160	0.962	0.191	2893	0.919
APOA2	0.58	8	0.87	0.809	15161	0.962	0.191	2892	0.919
WNK3	0.58	8	0.87	0.809	15162	0.962	0.191	2891	0.919
ZNF16	0.58	8	0.87	0.809	15163	0.962	0.191	2890	0.919
MCU	0.58	8	0.87	0.809	15164	0.962	0.191	2889	0.919
CXXC5	0.58	8	0.87	0.809	15165	0.962	0.191	2888	0.919
SPIC	0.58	8	0.87	0.809	15166	0.962	0.191	2887	0.919
SEMA6A	0.59	8	0.87	0.809	15167	0.962	0.191	2886	0.919
LOR	0.59	8	0.87	0.809	15168	0.962	0.191	2885	0.919
CARKD	0.59	8	0.88	0.809	15169	0.962	0.191	2884	0.919
HMX2	0.59	8	0.88	0.809	15170	0.962	0.191	2883	0.919
OR9A2	0.59	8	0.88	0.809	15171	0.962	0.191	2882	0.919
NAA16	0.59	8	0.88	0.809	15172	0.962	0.191	2881	0.919
DAAM1	0.59	8	0.88	0.809	15173	0.962	0.191	2880	0.919
RNLS	0.59	8	0.88	0.809	15174	0.962	0.191	2879	0.919
SPACA4	0.59	8	0.88	0.809	15175	0.962	0.191	2878	0.919
FZD2	0.59	8	0.88	0.81	15176	0.962	0.19	2877	0.919
CHGA	0.59	8	0.88	0.81	15177	0.962	0.19	2876	0.919
AAED1	0.59	8	0.88	0.81	15178	0.962	0.19	2875	0.919
C10orf128	0.59	8	0.88	0.81	15179	0.962	0.19	2874	0.919
RFTN1	0.60	8	0.88	0.81	15180	0.962	0.19	2873	0.919
SMAD7	0.60	8	0.88	0.81	15181	0.962	0.19	2872	0.919
DOCK6	0.60	8	0.88	0.81	15182	0.962	0.19	2871	0.919
FKBP2	0.60	8	0.88	0.81	15183	0.962	0.19	2870	0.919
ARHGEF4	0.60	8	0.88	0.81	15184	0.962	0.19	2869	0.919
POLR3G	0.30	2	0.88	0.81	15185	0.962	0.19	2868	0.919
FOXQ1	0.60	8	0.88	0.81	15186	0.962	0.19	2867	0.919
MYH10	0.60	8	0.88	0.81	15187	0.962	0.19	2866	0.919
LYPD6	0.60	8	0.88	0.81	15188	0.962	0.19	2865	0.919
PCDH10	0.60	8	0.88	0.81	15189	0.962	0.19	2864	0.919
EFCAB6	0.60	8	0.88	0.81	15190	0.962	0.19	2863	0.919
TRIM36	0.60	8	0.88	0.81	15191	0.962	0.19	2862	0.919
METTL5	0.60	8	0.88	0.81	15192	0.962	0.19	2861	0.919
KATNAL1	0.60	8	0.88	0.81	15193	0.962	0.19	2860	0.919
CACNA1E	0.60	8	0.88	0.81	15194	0.962	0.19	2859	0.919
NMT1	0.61	8	0.88	0.811	15195	0.962	0.189	2858	0.919
LRRC16A	0.61	8	0.88	0.811	15196	0.962	0.189	2857	0.919
SPINK7	0.61	8	0.88	0.811	15197	0.962	0.189	2856	0.919
LRIG2	0.61	8	0.88	0.811	15198	0.962	0.189	2855	0.919
ZNF101	0.61	8	0.88	0.811	15199	0.962	0.189	2854	0.919
C11orf87	0.61	8	0.88	0.811	15200	0.962	0.189	2853	0.919
PCDH17	0.61	8	0.88	0.811	15201	0.962	0.189	2852	0.919
OR9Q1	0.61	8	0.88	0.811	15202	0.962	0.189	2851	0.919
CKAP4	0.61	8	0.88	0.811	15203	0.962	0.189	2850	0.919
GCC2	0.61	8	0.88	0.811	15204	0.962	0.189	2849	0.919
PDIA2	0.61	8	0.88	0.811	15205	0.962	0.189	2848	0.919
C12orf23	0.61	8	0.88	0.811	15206	0.962	0.189	2847	0.919
KCNMB4	0.61	8	0.88	0.811	15207	0.962	0.189	2846	0.919
FREM3	0.61	8	0.88	0.811	15208	0.962	0.189	2845	0.919
SHISA7	0.61	8	0.88	0.811	15209	0.962	0.189	2844	0.919
C11orf31	0.61	8	0.88	0.811	15210	0.962	0.189	2843	0.919
NPTX1	0.61	8	0.88	0.811	15211	0.962	0.189	2842	0.919
AP1S2	0.62	8	0.88	0.811	15212	0.962	0.189	2841	0.919
ZNF514	0.53	6	0.88	0.811	15213	0.962	0.189	2840	0.919
TGFBI	0.62	8	0.88	0.811	15214	0.962	0.189	2839	0.919
FSBP	0.62	8	0.88	0.811	15215	0.962	0.189	2838	0.919
COL2A1	0.62	8	0.88	0.811	15216	0.962	0.189	2837	0.919
SMIM13	0.62	8	0.88	0.811	15217	0.962	0.189	2836	0.919
DSC3	0.62	8	0.88	0.812	15218	0.962	0.188	2835	0.919
FLRT3	0.62	8	0.88	0.812	15219	0.962	0.188	2834	0.919
TBATA	0.62	8	0.88	0.812	15220	0.962	0.188	2833	0.919
RASD2	0.62	8	0.88	0.812	15221	0.962	0.188	2832	0.919
PLAG1	0.62	8	0.88	0.812	15222	0.962	0.188	2831	0.919
WASF1	0.62	8	0.88	0.812	15223	0.962	0.188	2830	0.919
CCDC65	0.63	8	0.89	0.812	15224	0.962	0.188	2829	0.919
UBOX5	0.63	8	0.89	0.812	15225	0.962	0.188	2828	0.919
PRKAA2	0.63	8	0.89	0.812	15226	0.962	0.188	2827	0.919
DBX2	0.63	8	0.89	0.812	15227	0.962	0.188	2826	0.919
ZNF558	0.63	8	0.89	0.812	15228	0.962	0.188	2825	0.919
SETD7	0.63	8	0.89	0.812	15229	0.962	0.188	2824	0.919
DDN	0.63	8	0.89	0.812	15230	0.962	0.188	2823	0.919
EVL	0.63	8	0.89	0.812	15231	0.962	0.188	2822	0.919
DYRK3	0.63	8	0.89	0.812	15232	0.962	0.188	2821	0.919
BDH1	0.63	8	0.89	0.812	15233	0.962	0.188	2820	0.919
E2F2	0.63	8	0.89	0.812	15234	0.962	0.188	2819	0.919
PLEKHA3	0.63	8	0.89	0.812	15235	0.962	0.188	2818	0.919
TMEM14E	0.63	8	0.89	0.812	15236	0.962	0.188	2817	0.919
SLC15A3	0.63	8	0.89	0.812	15237	0.962	0.188	2816	0.919
TFF3	0.63	8	0.89	0.812	15238	0.962	0.188	2815	0.919
YES1	0.63	8	0.89	0.813	15239	0.962	0.187	2814	0.919
FAM109B	0.55	6	0.89	0.813	15240	0.962	0.187	2813	0.919
CYP2C8	0.63	8	0.89	0.813	15241	0.962	0.187	2812	0.919
MORC4	0.64	8	0.89	0.813	15242	0.962	0.187	2811	0.919
ACAA1	0.64	8	0.89	0.813	15243	0.962	0.187	2810	0.919
TCF24	0.64	8	0.89	0.813	15244	0.962	0.187	2809	0.919
CCDC136	0.55	6	0.89	0.813	15245	0.962	0.187	2808	0.919
CPA2	0.64	8	0.89	0.813	15246	0.962	0.187	2807	0.919
TOR1AIP1	0.64	8	0.89	0.813	15247	0.962	0.187	2806	0.919
BTG2	0.64	8	0.89	0.813	15248	0.962	0.187	2805	0.919
TMEM215	0.64	8	0.89	0.813	15249	0.962	0.187	2804	0.919
KLHDC3	0.64	8	0.89	0.813	15250	0.962	0.187	2803	0.919
UBP1	0.65	8	0.89	0.813	15251	0.962	0.187	2802	0.919
ASPHD1	0.65	8	0.89	0.813	15252	0.962	0.187	2801	0.919
TMEM159	0.65	8	0.89	0.813	15253	0.962	0.187	2800	0.919
SPSB1	0.65	8	0.89	0.813	15254	0.962	0.187	2799	0.919
CALM1	0.65	8	0.89	0.813	15255	0.962	0.187	2798	0.919
06-Sep	0.65	8	0.89	0.814	15256	0.962	0.186	2797	0.919
CNP	0.65	8	0.89	0.814	15257	0.962	0.186	2796	0.919
GPR19	0.65	8	0.89	0.814	15258	0.962	0.186	2795	0.919
HOMER1	0.65	8	0.89	0.814	15259	0.962	0.186	2794	0.919
BCL7B	0.66	8	0.89	0.814	15260	0.962	0.186	2793	0.919
SOBP	0.66	8	0.89	0.814	15261	0.962	0.186	2792	0.919
ZNF169	0.66	8	0.89	0.814	15262	0.962	0.186	2791	0.919
ELOVL6	0.66	8	0.89	0.814	15263	0.962	0.186	2790	0.919
ACAD11	0.66	8	0.89	0.814	15264	0.962	0.186	2789	0.919
ZNF536	0.66	8	0.89	0.814	15265	0.962	0.186	2788	0.919
CCNT2	0.66	8	0.89	0.814	15266	0.962	0.186	2787	0.919
CYP26C1	0.66	8	0.89	0.814	15267	0.962	0.186	2786	0.919
STARD6	0.66	8	0.89	0.814	15268	0.962	0.186	2785	0.919
PRSS22	0.66	8	0.89	0.814	15269	0.962	0.186	2784	0.919
THPO	0.66	8	0.89	0.814	15270	0.962	0.186	2783	0.919
SUMF2	0.66	8	0.89	0.814	15271	0.962	0.186	2782	0.919
PHACTR2	0.66	8	0.89	0.814	15272	0.962	0.186	2781	0.919
NXPH4	0.66	8	0.89	0.815	15273	0.962	0.185	2780	0.919
ETNK1	0.66	8	0.90	0.815	15274	0.962	0.185	2779	0.919
CCDC155	0.66	8	0.90	0.815	15275	0.962	0.185	2778	0.919
CLGN	0.67	8	0.90	0.815	15276	0.962	0.185	2777	0.919
GPR158	0.67	8	0.90	0.815	15277	0.962	0.185	2776	0.919
JAKMIP3	0.67	8	0.90	0.815	15278	0.962	0.185	2775	0.919
AQP10	0.67	8	0.90	0.815	15279	0.962	0.185	2774	0.919
MITF	0.67	8	0.90	0.815	15280	0.962	0.185	2773	0.919
RAD51AP1	0.67	8	0.90	0.815	15281	0.962	0.185	2772	0.919
GLTPD2	0.67	8	0.90	0.815	15282	0.962	0.185	2771	0.919
AKR1B10	0.67	8	0.90	0.815	15283	0.962	0.185	2770	0.919
OSTN	0.67	8	0.90	0.815	15284	0.962	0.185	2769	0.919
C3orf52	0.67	8	0.90	0.815	15285	0.962	0.185	2768	0.919
HNF1B	0.67	8	0.90	0.815	15286	0.962	0.185	2767	0.919
PCBD1	0.68	8	0.90	0.815	15287	0.962	0.185	2766	0.919
FUT10	0.68	8	0.90	0.815	15288	0.962	0.185	2765	0.919
ANKDD1B	0.68	8	0.90	0.815	15289	0.962	0.185	2764	0.919
CRHR1	0.68	8	0.90	0.815	15290	0.962	0.185	2763	0.919
KAT6A	0.68	8	0.90	0.815	15291	0.962	0.185	2762	0.919
DEFA5	0.68	8	0.90	0.816	15292	0.962	0.184	2761	0.919
MRGBP	0.68	8	0.90	0.816	15293	0.962	0.184	2760	0.919
KRT33B	0.68	8	0.90	0.816	15294	0.962	0.184	2759	0.919
PSMD5	0.68	8	0.90	0.816	15295	0.962	0.184	2758	0.919
CALD1	0.68	8	0.90	0.816	15296	0.962	0.184	2757	0.919
PLP1	0.68	8	0.90	0.816	15297	0.962	0.184	2756	0.919
RAB15	0.68	8	0.90	0.816	15298	0.962	0.184	2755	0.919
ZNF540	0.68	8	0.90	0.816	15299	0.962	0.184	2754	0.919
GAK	0.68	8	0.90	0.816	15300	0.962	0.184	2753	0.919
DLL1	0.68	8	0.90	0.816	15301	0.962	0.184	2752	0.919
PSIP1	0.69	8	0.90	0.816	15302	0.962	0.184	2751	0.919
DIRC3	0.69	8	0.90	0.816	15303	0.962	0.184	2750	0.919
ALDH1L2	0.69	8	0.90	0.816	15304	0.962	0.184	2749	0.919
MAFA	0.69	8	0.90	0.816	15305	0.962	0.184	2748	0.919
CYP7B1	0.69	8	0.90	0.816	15306	0.962	0.184	2747	0.919
PRNT	0.69	8	0.90	0.816	15307	0.962	0.184	2746	0.919
EDF1	0.69	8	0.90	0.816	15308	0.962	0.184	2745	0.919
LINGO2	0.69	8	0.90	0.817	15309	0.962	0.183	2744	0.919
HIST1H2BJ	0.35	2	0.90	0.817	15310	0.962	0.183	2743	0.919
TRDMT1	0.69	8	0.90	0.817	15311	0.962	0.183	2742	0.919
RARB	0.69	8	0.90	0.817	15312	0.962	0.183	2741	0.919
CYB5R1	0.69	8	0.90	0.817	15313	0.962	0.183	2740	0.919
OFD1	0.69	8	0.90	0.817	15314	0.962	0.183	2739	0.919
GPD1	0.69	8	0.90	0.817	15315	0.962	0.183	2738	0.919
TBL1X	0.69	8	0.90	0.817	15316	0.962	0.183	2737	0.919
ERMN	0.69	8	0.90	0.817	15317	0.962	0.183	2736	0.919
GPR18	0.69	8	0.90	0.817	15318	0.962	0.183	2735	0.919
PRB4	0.70	8	0.90	0.817	15319	0.962	0.183	2734	0.919
CDC42BPB	0.70	8	0.90	0.817	15320	0.962	0.183	2733	0.919
PROB1	0.70	8	0.90	0.817	15321	0.962	0.183	2732	0.919
FAM49A	0.70	8	0.90	0.817	15322	0.962	0.183	2731	0.919
IQCJ-SCHIP1	0.70	8	0.90	0.817	15323	0.962	0.183	2730	0.919
OR6C74	0.70	8	0.90	0.817	15324	0.962	0.183	2729	0.919
DRD1	0.70	8	0.90	0.817	15325	0.962	0.183	2728	0.919
CABLES1	0.70	8	0.90	0.817	15326	0.962	0.183	2727	0.919
YAF2	0.70	8	0.90	0.817	15327	0.962	0.183	2726	0.919
TMEM50B	0.70	8	0.90	0.817	15328	0.962	0.183	2725	0.919
HIRIP3	0.70	8	0.90	0.817	15329	0.962	0.183	2724	0.919
MAGEH1	0.70	8	0.90	0.817	15330	0.962	0.183	2723	0.919
FSTL3	0.70	8	0.90	0.817	15331	0.962	0.183	2722	0.919
GLCE	0.61	6	0.90	0.817	15332	0.962	0.183	2721	0.919
CCDC127	0.70	8	0.91	0.817	15333	0.962	0.183	2720	0.919
KCNJ3	0.70	8	0.91	0.817	15334	0.962	0.183	2719	0.919
SEC22A	0.71	8	0.91	0.817	15335	0.962	0.183	2718	0.919
CCNB1IP1	0.61	6	0.91	0.818	15336	0.962	0.182	2717	0.919
ZEB1	0.71	8	0.91	0.818	15337	0.962	0.182	2716	0.919
SSFA2	0.71	8	0.91	0.818	15338	0.962	0.182	2715	0.919
ZNF300	0.71	8	0.91	0.818	15339	0.962	0.182	2714	0.919
AAK1	0.71	8	0.91	0.818	15340	0.962	0.182	2713	0.919
LRRC40	0.71	8	0.91	0.818	15341	0.962	0.182	2712	0.919
SOX10	0.71	8	0.91	0.818	15342	0.962	0.182	2711	0.919
TCHP	0.71	8	0.91	0.818	15343	0.962	0.182	2710	0.919
PRR23B	0.71	8	0.91	0.818	15344	0.962	0.182	2709	0.919
ADAM7	0.71	8	0.91	0.818	15345	0.962	0.182	2708	0.919
IL2RG	0.71	8	0.91	0.818	15346	0.962	0.182	2707	0.919
YBX2	0.71	8	0.91	0.818	15347	0.962	0.182	2706	0.919
MAGEB17	0.72	8	0.91	0.818	15348	0.962	0.182	2705	0.919
CHCHD1	0.72	8	0.91	0.818	15349	0.962	0.182	2704	0.919
PDGFRL	0.72	8	0.91	0.818	15350	0.962	0.182	2703	0.919
FANCI	0.72	8	0.91	0.818	15351	0.962	0.182	2702	0.919
ERLIN2	0.72	8	0.91	0.818	15352	0.962	0.182	2701	0.919
NIT2	0.72	8	0.91	0.819	15353	0.962	0.181	2700	0.919
PKIA	0.63	6	0.91	0.819	15354	0.962	0.181	2699	0.919
DEFB126	0.73	8	0.91	0.819	15355	0.962	0.181	2698	0.919
KRT75	0.73	8	0.91	0.819	15356	0.962	0.181	2697	0.919
ARRDC3	0.73	8	0.91	0.819	15357	0.962	0.181	2696	0.919
OAS2	0.73	8	0.91	0.819	15358	0.962	0.181	2695	0.919
PKD2L1	0.73	8	0.91	0.819	15359	0.962	0.181	2694	0.919
ZDHHC23	0.73	8	0.91	0.819	15360	0.962	0.181	2693	0.919
DNM3	0.73	8	0.91	0.819	15361	0.962	0.181	2692	0.919
FKBP14	0.73	8	0.91	0.819	15362	0.962	0.181	2691	0.919
EAF1	0.73	8	0.91	0.819	15363	0.962	0.181	2690	0.919
OR2T7	0.52	4	0.91	0.819	15364	0.962	0.181	2689	0.919
PAGE3	0.73	8	0.91	0.819	15365	0.962	0.181	2688	0.919
NUMBL	0.73	8	0.91	0.819	15366	0.962	0.181	2687	0.919
OR2Y1	0.73	8	0.91	0.819	15367	0.962	0.181	2686	0.919
GK5	0.74	8	0.91	0.819	15368	0.962	0.181	2685	0.919
GYPA	0.64	6	0.91	0.819	15369	0.962	0.181	2684	0.919
DNAH11	0.74	8	0.91	0.82	15370	0.962	0.18	2683	0.919
MTMR7	0.74	8	0.91	0.82	15371	0.962	0.18	2682	0.919
AMDHD1	0.74	8	0.91	0.82	15372	0.962	0.18	2681	0.919
OR10A6	0.64	6	0.91	0.82	15373	0.962	0.18	2680	0.919
CYP1A1	0.74	8	0.91	0.82	15374	0.962	0.18	2679	0.919
PRKAB1	0.74	8	0.91	0.82	15375	0.962	0.18	2678	0.919
SHCBP1	0.74	8	0.91	0.82	15376	0.962	0.18	2677	0.919
PDIA5	0.64	6	0.91	0.82	15377	0.962	0.18	2676	0.919
SEMA3C	0.74	8	0.91	0.82	15378	0.962	0.18	2675	0.919
TBC1D25	0.74	8	0.91	0.82	15379	0.962	0.18	2674	0.919
PEG3	0.74	8	0.91	0.82	15380	0.962	0.18	2673	0.919
A4GNT	0.74	8	0.91	0.82	15381	0.962	0.18	2672	0.919
KIF4A	0.74	8	0.92	0.82	15382	0.962	0.18	2671	0.919
PPP1R9A	0.74	8	0.92	0.82	15383	0.962	0.18	2670	0.919
ARL2BP	0.53	4	0.92	0.82	15384	0.962	0.18	2669	0.919
DOPEY1	0.74	8	0.92	0.82	15385	0.962	0.18	2668	0.919
CDK17	0.74	8	0.92	0.82	15386	0.962	0.18	2667	0.919
PDS5B	0.74	8	0.92	0.82	15387	0.962	0.18	2666	0.919
DSG2	0.74	8	0.92	0.82	15388	0.962	0.18	2665	0.919
PLEKHM3	0.75	8	0.92	0.82	15389	0.962	0.18	2664	0.919
C7orf57	0.75	8	0.92	0.82	15390	0.962	0.18	2663	0.919
C10orf10	0.75	8	0.92	0.82	15391	0.962	0.18	2662	0.919
HIST1H4I	0.65	6	0.92	0.82	15392	0.962	0.18	2661	0.919
EIF2A	0.75	8	0.92	0.82	15393	0.962	0.18	2660	0.919
KLRD1	0.75	8	0.92	0.82	15394	0.962	0.18	2659	0.919
TMEM100	0.75	8	0.92	0.821	15395	0.962	0.179	2658	0.919
SETD8	0.75	8	0.92	0.821	15396	0.962	0.179	2657	0.919
ASB14	0.75	8	0.92	0.821	15397	0.962	0.179	2656	0.919
EIF1B	0.75	8	0.92	0.821	15398	0.962	0.179	2655	0.919
FSCN1	0.75	8	0.92	0.821	15399	0.962	0.179	2654	0.919
SORBS1	0.75	8	0.92	0.821	15400	0.962	0.179	2653	0.919
C12orf52	0.76	8	0.92	0.821	15401	0.962	0.179	2652	0.919
PRM1	0.76	8	0.92	0.821	15402	0.962	0.179	2651	0.919
TMEM126A	0.76	8	0.92	0.821	15403	0.962	0.179	2650	0.919
ZNF534	0.76	8	0.92	0.821	15404	0.962	0.179	2649	0.919
FLNC	0.76	8	0.92	0.821	15405	0.962	0.179	2648	0.919
OR8S1	0.76	8	0.92	0.821	15406	0.962	0.179	2647	0.919
TMEM171	0.76	8	0.92	0.821	15407	0.962	0.179	2646	0.919
GK2	0.76	8	0.92	0.821	15408	0.962	0.179	2645	0.919
CUL5	0.77	8	0.92	0.822	15409	0.962	0.178	2644	0.919
TMEM196	0.77	8	0.92	0.822	15410	0.962	0.178	2643	0.919
PHLPP1	0.77	8	0.92	0.822	15411	0.962	0.178	2642	0.919
CNNM3	0.72	7	0.92	0.822	15412	0.962	0.178	2641	0.919
RGR	0.77	8	0.92	0.822	15413	0.962	0.178	2640	0.919
RANBP17	0.77	8	0.92	0.822	15414	0.962	0.178	2639	0.919
TMEM198	0.77	8	0.92	0.822	15415	0.962	0.178	2638	0.919
FAM186A	0.77	8	0.92	0.822	15416	0.962	0.178	2637	0.919
ZSCAN4	0.77	8	0.92	0.822	15417	0.962	0.178	2636	0.919
EDNRA	0.77	8	0.92	0.822	15418	0.962	0.178	2635	0.919
EMC8	0.77	8	0.92	0.822	15419	0.962	0.178	2634	0.919
CDCA7	0.77	8	0.92	0.822	15420	0.962	0.178	2633	0.919
DLK2	0.77	8	0.92	0.822	15421	0.962	0.178	2632	0.919
SGCZ	0.77	8	0.92	0.822	15422	0.962	0.178	2631	0.919
RHOBTB1	0.77	8	0.92	0.822	15423	0.962	0.178	2630	0.919
NNAT	0.78	8	0.92	0.822	15424	0.962	0.178	2629	0.919
NDUFAF7	0.78	8	0.92	0.822	15425	0.962	0.178	2628	0.919
ZBTB20	0.78	8	0.92	0.822	15426	0.962	0.178	2627	0.919
MAF1	0.78	8	0.92	0.822	15427	0.962	0.178	2626	0.919
EPG5	0.78	8	0.93	0.823	15428	0.962	0.177	2625	0.919
ANKRD13C	0.78	8	0.93	0.823	15429	0.962	0.177	2624	0.919
LGALS16	0.78	8	0.93	0.823	15430	0.962	0.177	2623	0.919
ADCY9	0.78	8	0.93	0.823	15431	0.962	0.177	2622	0.919
LACTB	0.78	8	0.93	0.823	15432	0.962	0.177	2621	0.919
ZNF782	0.78	8	0.93	0.823	15433	0.962	0.177	2620	0.919
CAPS2	0.78	8	0.93	0.823	15434	0.962	0.177	2619	0.919
MYO19	0.78	8	0.93	0.823	15435	0.962	0.177	2618	0.919
CDK14	0.79	8	0.93	0.823	15436	0.962	0.177	2617	0.919
NUDT14	0.68	6	0.93	0.823	15437	0.962	0.177	2616	0.919
CXCR5	0.79	8	0.93	0.823	15438	0.962	0.177	2615	0.919
USP32	0.79	8	0.93	0.823	15439	0.962	0.177	2614	0.919
GBE1	0.79	8	0.93	0.823	15440	0.962	0.177	2613	0.919
FAM83B	0.79	8	0.93	0.823	15441	0.962	0.177	2612	0.919
GALNT5	0.79	8	0.93	0.823	15442	0.962	0.177	2611	0.919
ERLIN1	0.79	8	0.93	0.824	15443	0.962	0.176	2610	0.919
SRXN1	0.79	8	0.93	0.824	15444	0.962	0.176	2609	0.919
TMEM184C	0.80	8	0.93	0.824	15445	0.962	0.176	2608	0.919
OPHN1	0.80	8	0.93	0.824	15446	0.962	0.176	2607	0.919
HPCAL1	0.80	8	0.93	0.824	15447	0.962	0.176	2606	0.919
PLD1	0.80	8	0.93	0.824	15448	0.962	0.176	2605	0.919
NUDT1	0.80	8	0.93	0.824	15449	0.962	0.176	2604	0.919
MAPK11	0.80	8	0.93	0.824	15450	0.962	0.176	2603	0.919
RELL1	0.80	8	0.93	0.824	15451	0.962	0.176	2602	0.919
SPATA13	0.80	8	0.93	0.824	15452	0.962	0.176	2601	0.919
PP2D1	0.69	6	0.93	0.824	15453	0.962	0.176	2600	0.919
GRIP1	0.80	8	0.93	0.824	15454	0.962	0.176	2599	0.919
HSD17B11	0.80	8	0.93	0.824	15455	0.962	0.176	2598	0.919
WDR53	0.80	8	0.93	0.824	15456	0.962	0.176	2597	0.919
TCEAL5	0.80	8	0.93	0.824	15457	0.962	0.176	2596	0.919
TMEM185B	0.80	8	0.93	0.824	15458	0.962	0.176	2595	0.919
UBE4A	0.80	8	0.93	0.824	15459	0.962	0.176	2594	0.919
NT5C3A	0.81	8	0.93	0.824	15460	0.962	0.176	2593	0.919
TCF21	0.81	8	0.93	0.824	15461	0.962	0.176	2592	0.919
KLHL11	0.81	8	0.93	0.824	15462	0.962	0.176	2591	0.919
STK39	0.81	8	0.93	0.824	15463	0.962	0.176	2590	0.919
CLRN1	0.81	8	0.93	0.824	15464	0.962	0.176	2589	0.919
RPL22	0.57	4	0.93	0.824	15465	0.962	0.176	2588	0.919
IDS	0.81	8	0.93	0.824	15466	0.962	0.176	2587	0.919
KLHL35	0.81	8	0.93	0.824	15467	0.962	0.176	2586	0.919
ANKEF1	0.81	8	0.93	0.825	15468	0.962	0.175	2585	0.919
INA	0.81	8	0.93	0.825	15469	0.962	0.175	2584	0.919
DTWD1	0.70	6	0.93	0.825	15470	0.962	0.175	2583	0.919
TEKT1	0.81	8	0.93	0.825	15471	0.962	0.175	2582	0.919
STAP2	0.81	8	0.93	0.825	15472	0.962	0.175	2581	0.919
KRT18	0.71	6	0.93	0.825	15473	0.962	0.175	2580	0.919
LIMCH1	0.82	8	0.93	0.825	15474	0.962	0.175	2579	0.919
C9orf169	0.82	8	0.93	0.825	15475	0.962	0.175	2578	0.919
CCDC13	0.82	8	0.93	0.825	15476	0.962	0.175	2577	0.919
RAB30	0.82	8	0.94	0.825	15477	0.962	0.175	2576	0.919
OR10G7	0.82	8	0.94	0.825	15478	0.962	0.175	2575	0.919
CBX5	0.82	8	0.94	0.825	15479	0.962	0.175	2574	0.919
CLLU1	0.83	8	0.94	0.826	15480	0.962	0.174	2573	0.919
SLC10A4	0.83	8	0.94	0.826	15481	0.962	0.174	2572	0.919
KIAA1432	0.83	8	0.94	0.826	15482	0.962	0.174	2571	0.919
CD86	0.83	8	0.94	0.826	15483	0.962	0.174	2570	0.919
TBC1D30	0.83	8	0.94	0.826	15484	0.962	0.174	2569	0.919
ARL10	0.83	8	0.94	0.826	15485	0.962	0.174	2568	0.919
ANKHD1-EIF4EBP3	0.83	8	0.94	0.826	15486	0.962	0.174	2567	0.919
P4HA2	0.83	8	0.94	0.826	15487	0.962	0.174	2566	0.919
FOXO1	0.83	8	0.94	0.826	15488	0.962	0.174	2565	0.919
GLI1	0.83	8	0.94	0.826	15489	0.962	0.174	2564	0.919
C16orf97	0.83	8	0.94	0.826	15490	0.962	0.174	2563	0.919
AMELX	0.83	8	0.94	0.826	15491	0.962	0.174	2562	0.919
CLUH	0.83	8	0.94	0.826	15492	0.962	0.174	2561	0.919
TFG	0.83	8	0.94	0.826	15493	0.962	0.174	2560	0.919
KCNIP2	0.83	8	0.94	0.826	15494	0.962	0.174	2559	0.919
CLEC7A	0.84	8	0.94	0.826	15495	0.962	0.174	2558	0.919
ASTN2	0.84	8	0.94	0.826	15496	0.962	0.174	2557	0.919
C1orf226	0.84	8	0.94	0.826	15497	0.962	0.174	2556	0.919
PPP2R2B	0.84	8	0.94	0.827	15498	0.962	0.173	2555	0.919
PRDM6	0.84	8	0.94	0.827	15499	0.962	0.173	2554	0.919
MAP7D3	0.84	8	0.94	0.827	15500	0.962	0.173	2553	0.919
TMEM117	0.84	8	0.94	0.827	15501	0.962	0.173	2552	0.919
RNF113B	0.84	8	0.94	0.827	15502	0.962	0.173	2551	0.919
IKBKE	0.85	8	0.94	0.827	15503	0.962	0.173	2550	0.919
CTSE	0.85	8	0.94	0.827	15504	0.962	0.173	2549	0.919
FAIM2	0.85	8	0.94	0.827	15505	0.962	0.173	2548	0.919
CSNK1A1L	0.85	8	0.94	0.827	15506	0.962	0.173	2547	0.919
RBFOX2	0.85	8	0.94	0.827	15507	0.962	0.173	2546	0.919
QRICH1	0.85	8	0.94	0.827	15508	0.962	0.173	2545	0.919
C11orf24	0.85	8	0.94	0.827	15509	0.962	0.173	2544	0.919
DACH1	0.85	8	0.94	0.827	15510	0.962	0.173	2543	0.919
SLC16A10	0.85	8	0.94	0.827	15511	0.962	0.173	2542	0.919
CYP11A1	0.85	8	0.94	0.827	15512	0.962	0.173	2541	0.919
PSPN	0.85	8	0.94	0.827	15513	0.962	0.173	2540	0.919
PTPRB	0.85	8	0.94	0.827	15514	0.962	0.173	2539	0.919
RDH14	0.86	8	0.94	0.828	15515	0.962	0.172	2538	0.919
RDH10	0.86	8	0.94	0.828	15516	0.962	0.172	2537	0.919
USP11	0.86	8	0.95	0.828	15517	0.962	0.172	2536	0.919
CCDC160	0.86	8	0.95	0.828	15518	0.962	0.172	2535	0.919
TMEM127	0.86	8	0.95	0.828	15519	0.962	0.172	2534	0.919
GATAD1	0.86	8	0.95	0.828	15520	0.962	0.172	2533	0.919
CDK10	0.86	8	0.95	0.828	15521	0.962	0.172	2532	0.919
CNDP2	0.86	8	0.95	0.828	15522	0.962	0.172	2531	0.919
CXADR	0.86	8	0.95	0.828	15523	0.962	0.172	2530	0.919
PLCG2	0.86	8	0.95	0.828	15524	0.962	0.172	2529	0.919
DLX5	0.86	8	0.95	0.828	15525	0.962	0.172	2528	0.919
H3F3C	0.61	4	0.95	0.828	15526	0.962	0.172	2527	0.919
ABI3BP	0.86	8	0.95	0.828	15527	0.962	0.172	2526	0.919
SHISA6	0.87	8	0.95	0.828	15528	0.962	0.172	2525	0.919
CD4	0.87	8	0.95	0.828	15529	0.962	0.172	2524	0.919
RAB3B	0.87	8	0.95	0.828	15530	0.962	0.172	2523	0.919
TBRG4	0.87	8	0.95	0.828	15531	0.962	0.172	2522	0.919
WNT10B	0.87	8	0.95	0.828	15532	0.962	0.172	2521	0.919
SMARCA4	0.87	8	0.95	0.828	15533	0.962	0.172	2520	0.919
DCD	0.87	8	0.95	0.828	15534	0.962	0.172	2519	0.919
AGFG2	0.87	8	0.95	0.829	15535	0.962	0.171	2518	0.919
PCSK1	0.87	8	0.95	0.829	15536	0.962	0.171	2517	0.919
TSPYL2	0.87	8	0.95	0.829	15537	0.962	0.171	2516	0.919
CUX2	0.87	8	0.95	0.829	15538	0.962	0.171	2515	0.919
TNC	0.88	8	0.95	0.829	15539	0.962	0.171	2514	0.919
HOXC8	0.88	8	0.95	0.829	15540	0.962	0.171	2513	0.919
C6orf1	0.88	8	0.95	0.829	15541	0.962	0.171	2512	0.919
KCNK13	0.88	8	0.95	0.829	15542	0.962	0.171	2511	0.919
BIRC3	0.88	8	0.95	0.829	15543	0.962	0.171	2510	0.919
IER5L	0.88	8	0.95	0.829	15544	0.962	0.171	2509	0.919
MYL12B	0.44	2	0.95	0.829	15545	0.962	0.171	2508	0.919
TACSTD2	0.88	8	0.95	0.829	15546	0.962	0.171	2507	0.919
PCSK4	0.76	6	0.95	0.829	15547	0.962	0.171	2506	0.919
ELOVL5	0.88	8	0.95	0.829	15548	0.962	0.171	2505	0.919
KLHDC8B	0.88	8	0.95	0.829	15549	0.962	0.171	2504	0.919
USP43	0.89	8	0.95	0.83	15550	0.962	0.17	2503	0.919
RARRES1	0.89	8	0.95	0.83	15551	0.962	0.17	2502	0.919
FAM159B	0.89	8	0.95	0.83	15552	0.962	0.17	2501	0.919
MARVELD1	0.89	8	0.95	0.83	15553	0.962	0.17	2500	0.919
BATF3	0.89	8	0.95	0.83	15554	0.962	0.17	2499	0.919
OR14A2	0.89	8	0.95	0.83	15555	0.962	0.17	2498	0.919
LEMD3	0.89	8	0.95	0.83	15556	0.962	0.17	2497	0.919
VSX1	0.89	8	0.95	0.83	15557	0.962	0.17	2496	0.919
SMG9	0.89	8	0.95	0.83	15558	0.962	0.17	2495	0.919
SPTSSB	0.89	8	0.95	0.83	15559	0.962	0.17	2494	0.919
OR5I1	0.89	8	0.95	0.83	15560	0.962	0.17	2493	0.919
KIF5B	0.89	8	0.95	0.83	15561	0.962	0.17	2492	0.919
DEFB121	0.77	6	0.95	0.83	15562	0.962	0.17	2491	0.919
C5orf49	0.90	8	0.96	0.83	15563	0.962	0.17	2490	0.919
ZNF486	0.63	4	0.96	0.83	15564	0.962	0.17	2489	0.919
WEE2	0.90	8	0.96	0.83	15565	0.962	0.17	2488	0.919
ANKHD1	0.45	2	0.96	0.83	15566	0.962	0.17	2487	0.919
PLA2G3	0.90	8	0.96	0.83	15567	0.962	0.17	2486	0.919
LBP	0.90	8	0.96	0.83	15568	0.962	0.17	2485	0.919
AKR1B15	0.64	4	0.96	0.83	15569	0.962	0.17	2484	0.919
DNAH17	0.90	8	0.96	0.83	15570	0.962	0.17	2483	0.919
ELSPBP1	0.90	8	0.96	0.831	15571	0.962	0.169	2482	0.919
STK24	0.90	8	0.96	0.831	15572	0.962	0.169	2481	0.919
KIAA1407	0.90	8	0.96	0.831	15573	0.962	0.169	2480	0.919
TRIM23	0.90	8	0.96	0.831	15574	0.962	0.169	2479	0.919
GRAMD1C	0.90	8	0.96	0.831	15575	0.962	0.169	2478	0.919
RBM10	0.90	8	0.96	0.831	15576	0.962	0.169	2477	0.919
DEFB129	0.91	8	0.96	0.831	15577	0.962	0.169	2476	0.919
CNIH3	0.91	8	0.96	0.831	15578	0.962	0.169	2475	0.919
NEU2	0.91	8	0.96	0.831	15579	0.962	0.169	2474	0.919
VCAN	0.91	8	0.96	0.831	15580	0.962	0.169	2473	0.919
KAZALD1	0.91	8	0.96	0.831	15581	0.962	0.169	2472	0.919
PAK1	0.91	8	0.96	0.831	15582	0.962	0.169	2471	0.919
RELN	0.92	8	0.96	0.831	15583	0.962	0.169	2470	0.919
PLA2R1	0.92	8	0.96	0.831	15584	0.962	0.169	2469	0.919
PXN	0.79	6	0.96	0.832	15585	0.962	0.168	2468	0.919
IGDCC3	0.92	8	0.96	0.832	15586	0.962	0.168	2467	0.919
MUCL1	0.86	7	0.96	0.832	15587	0.962	0.168	2466	0.919
ABLIM3	0.92	8	0.96	0.832	15588	0.962	0.168	2465	0.919
KLHL18	0.92	8	0.96	0.832	15589	0.962	0.168	2464	0.919
PTAFR	0.92	8	0.96	0.832	15590	0.962	0.168	2463	0.919
TSPAN16	0.92	8	0.96	0.832	15591	0.962	0.168	2462	0.919
MCIDAS	0.92	8	0.96	0.832	15592	0.962	0.168	2461	0.919
NAMPT	0.92	8	0.96	0.832	15593	0.962	0.168	2460	0.919
DCN	0.92	8	0.96	0.832	15594	0.962	0.168	2459	0.919
UPK3B	0.92	8	0.96	0.832	15595	0.962	0.168	2458	0.919
ZNF670	0.92	8	0.96	0.832	15596	0.962	0.168	2457	0.919
MISP	0.93	8	0.96	0.832	15597	0.962	0.168	2456	0.919
BTG1	0.93	8	0.96	0.832	15598	0.962	0.168	2455	0.919
PEX13	0.93	8	0.96	0.832	15599	0.962	0.168	2454	0.919
SCAMP2	0.93	8	0.96	0.832	15600	0.962	0.168	2453	0.919
GNS	0.93	8	0.96	0.832	15601	0.962	0.168	2452	0.919
HPS6	0.93	8	0.96	0.832	15602	0.962	0.168	2451	0.919
HOXB8	0.93	8	0.96	0.832	15603	0.962	0.168	2450	0.919
KRT12	0.93	8	0.96	0.832	15604	0.962	0.168	2449	0.919
CXorf65	0.93	8	0.96	0.832	15605	0.962	0.168	2448	0.919
KANK2	0.93	8	0.96	0.832	15606	0.962	0.168	2447	0.919
ZNF468	0.47	2	0.96	0.832	15607	0.962	0.168	2446	0.919
MTX3	0.93	8	0.96	0.833	15608	0.962	0.167	2445	0.919
LRRC61	0.93	8	0.96	0.833	15609	0.962	0.167	2444	0.919
COLGALT2	0.93	8	0.96	0.833	15610	0.962	0.167	2443	0.919
ASB15	0.93	8	0.96	0.833	15611	0.962	0.167	2442	0.919
PIM1	0.93	8	0.96	0.833	15612	0.962	0.167	2441	0.919
STK33	0.94	8	0.97	0.833	15613	0.962	0.167	2440	0.919
KIAA1614	0.94	8	0.97	0.833	15614	0.962	0.167	2439	0.919
SLC8A1	0.94	8	0.97	0.833	15615	0.962	0.167	2438	0.919
EHF	0.94	8	0.97	0.833	15616	0.962	0.167	2437	0.919
TCP11L2	0.94	8	0.97	0.833	15617	0.962	0.167	2436	0.919
SERTAD3	0.94	8	0.97	0.833	15618	0.962	0.167	2435	0.919
WDR88	0.94	8	0.97	0.833	15619	0.962	0.167	2434	0.919
CGA	0.94	8	0.97	0.833	15620	0.962	0.167	2433	0.919
C20orf27	0.94	8	0.97	0.833	15621	0.962	0.167	2432	0.919
EPHB3	0.94	8	0.97	0.833	15622	0.962	0.167	2431	0.919
GJE1	0.94	8	0.97	0.833	15623	0.962	0.167	2430	0.919
DUSP3	0.94	8	0.97	0.833	15624	0.962	0.167	2429	0.919
USP25	0.94	8	0.97	0.833	15625	0.962	0.167	2428	0.919
XAF1	0.94	8	0.97	0.833	15626	0.962	0.167	2427	0.919
ZCCHC14	0.94	8	0.97	0.833	15627	0.962	0.167	2426	0.919
CDH12	0.94	8	0.97	0.833	15628	0.962	0.167	2425	0.919
MRO	0.94	8	0.97	0.833	15629	0.962	0.167	2424	0.919
ECM2	0.95	8	0.97	0.834	15630	0.962	0.166	2423	0.919
KCNK5	0.95	8	0.97	0.834	15631	0.962	0.166	2422	0.919
PRSS23	0.95	8	0.97	0.834	15632	0.962	0.166	2421	0.919
FAM129A	0.95	8	0.97	0.834	15633	0.962	0.166	2420	0.919
CXCR2	0.95	8	0.97	0.834	15634	0.962	0.166	2419	0.919
TPTE	0.95	8	0.97	0.834	15635	0.962	0.166	2418	0.919
KLHDC10	0.95	8	0.97	0.834	15636	0.962	0.166	2417	0.919
SLC6A7	0.95	8	0.97	0.834	15637	0.962	0.166	2416	0.919
IFT172	0.95	8	0.97	0.834	15638	0.962	0.166	2415	0.919
BEND3	0.95	8	0.97	0.834	15639	0.962	0.166	2414	0.919
TNFSF10	0.95	8	0.97	0.834	15640	0.962	0.166	2413	0.919
TARBP1	0.95	8	0.97	0.834	15641	0.962	0.166	2412	0.919
SGTA	0.95	8	0.97	0.834	15642	0.962	0.166	2411	0.919
MED31	0.96	8	0.97	0.834	15643	0.962	0.166	2410	0.919
OTOG	0.96	8	0.97	0.834	15644	0.962	0.166	2409	0.919
RWDD2A	0.96	8	0.97	0.834	15645	0.962	0.166	2408	0.919
MRPS17	0.96	8	0.97	0.834	15646	0.962	0.166	2407	0.919
SSX2IP	0.96	8	0.97	0.835	15647	0.962	0.165	2406	0.919
C8orf4	0.96	8	0.97	0.835	15648	0.962	0.165	2405	0.919
ADIPOR1	0.96	8	0.97	0.835	15649	0.962	0.165	2404	0.919
TMEM55B	0.96	8	0.97	0.835	15650	0.962	0.165	2403	0.919
AVPI1	0.96	8	0.97	0.835	15651	0.962	0.165	2402	0.919
PLXNB1	0.97	8	0.97	0.835	15652	0.962	0.165	2401	0.919
HECW1	0.97	8	0.97	0.835	15653	0.962	0.165	2400	0.919
THTPA	0.97	8	0.97	0.835	15654	0.962	0.165	2399	0.919
RBP3	0.97	8	0.97	0.835	15655	0.962	0.165	2398	0.919
THAP7	0.97	8	0.97	0.835	15656	0.962	0.165	2397	0.919
C12orf55	0.97	8	0.97	0.835	15657	0.962	0.165	2396	0.919
MMP7	0.97	8	0.97	0.835	15658	0.962	0.165	2395	0.919
CCNA1	0.97	8	0.97	0.835	15659	0.962	0.165	2394	0.919
YBEY	0.97	8	0.97	0.835	15660	0.962	0.165	2393	0.919
SGCB	0.97	8	0.97	0.835	15661	0.962	0.165	2392	0.919
TRPV3	0.97	8	0.98	0.835	15662	0.962	0.165	2391	0.919
GPR34	0.97	8	0.98	0.835	15663	0.962	0.165	2390	0.919
MAN1C1	0.98	8	0.98	0.835	15664	0.962	0.165	2389	0.919
ZNF776	0.98	8	0.98	0.835	15665	0.962	0.165	2388	0.919
GCSAM	0.98	8	0.98	0.835	15666	0.962	0.165	2387	0.919
GRIN2B	0.98	8	0.98	0.835	15667	0.962	0.165	2386	0.919
ZNF562	0.98	8	0.98	0.835	15668	0.962	0.165	2385	0.919
NUMB	0.98	8	0.98	0.835	15669	0.962	0.165	2384	0.919
ZNF443	0.49	2	0.98	0.835	15670	0.962	0.165	2383	0.919
ZSCAN5A	0.98	8	0.98	0.836	15671	0.962	0.164	2382	0.919
ALKBH5	0.98	8	0.98	0.836	15672	0.962	0.164	2381	0.919
CD200R1L	0.98	8	0.98	0.836	15673	0.962	0.164	2380	0.919
PRDM14	0.98	8	0.98	0.836	15674	0.962	0.164	2379	0.919
VPREB3	0.85	6	0.98	0.836	15675	0.962	0.164	2378	0.919
MAGOHB	0.98	8	0.98	0.836	15676	0.962	0.164	2377	0.919
ZNF138	0.49	2	0.98	0.836	15677	0.962	0.164	2376	0.919
TMEM200A	0.99	8	0.98	0.836	15678	0.962	0.164	2375	0.919
AADACL2	0.99	8	0.98	0.836	15679	0.962	0.164	2374	0.919
PRSS48	0.99	8	0.98	0.836	15680	0.962	0.164	2373	0.919
UNC13C	0.99	8	0.98	0.836	15681	0.962	0.164	2372	0.919
MLH3	0.99	8	0.98	0.836	15682	0.962	0.164	2371	0.919
RMDN1	0.99	8	0.98	0.836	15683	0.962	0.164	2370	0.919
GPR68	0.86	6	0.98	0.836	15684	0.962	0.164	2369	0.919
IGF1	0.99	8	0.98	0.836	15685	0.962	0.164	2368	0.919
RHOF	0.99	8	0.98	0.836	15686	0.962	0.164	2367	0.919
SLC9C1	0.99	8	0.98	0.836	15687	0.962	0.164	2366	0.919
CDH11	0.99	8	0.98	0.837	15688	0.962	0.163	2365	0.919
AMOT	0.99	8	0.98	0.837	15689	0.962	0.163	2364	0.919
TYK2	0.99	8	0.98	0.837	15690	0.962	0.163	2363	0.919
SH2D4B	1.00	8	0.98	0.837	15691	0.962	0.163	2362	0.919
OR7G2	0.93	7	0.98	0.837	15692	0.962	0.163	2361	0.919
SENP7	1.00	8	0.98	0.837	15693	0.962	0.163	2360	0.919
ZHX3	1.00	8	0.98	0.837	15694	0.962	0.163	2359	0.919
SMAD3	1.00	8	0.98	0.837	15695	0.962	0.163	2358	0.919
ABCA1	1.00	8	0.98	0.837	15696	0.962	0.163	2357	0.919
RAX2	1.00	8	0.98	0.837	15697	0.962	0.163	2356	0.919
TRPC4	1.00	8	0.98	0.837	15698	0.962	0.163	2355	0.919
PGLS	0.87	6	0.98	0.837	15699	0.962	0.163	2354	0.919
AC007040.11	0.87	6	0.98	0.837	15700	0.962	0.163	2353	0.919
KIR3DL2	1.01	8	0.98	0.837	15701	0.962	0.163	2352	0.919
TMEM59L	1.01	8	0.98	0.837	15702	0.962	0.163	2351	0.919
ANO10	1.01	8	0.98	0.837	15703	0.962	0.163	2350	0.919
C12orf36	1.01	8	0.98	0.837	15704	0.962	0.163	2349	0.919
GSDMA	1.01	8	0.98	0.837	15705	0.962	0.163	2348	0.919
NRP2	1.01	8	0.98	0.837	15706	0.962	0.163	2347	0.919
PCDH11Y	0.71	4	0.98	0.837	15707	0.962	0.163	2346	0.919
RASL11B	1.01	8	0.98	0.837	15708	0.962	0.163	2345	0.919
SEMA5B	1.01	8	0.98	0.838	15709	0.962	0.162	2344	0.919
DUPD1	1.01	8	0.98	0.838	15710	0.962	0.162	2343	0.919
CD6	1.01	8	0.98	0.838	15711	0.962	0.162	2342	0.919
BTK	1.01	8	0.98	0.838	15712	0.962	0.162	2341	0.919
PRODH	1.01	8	0.98	0.838	15713	0.962	0.162	2340	0.919
NOS1AP	1.01	8	0.99	0.838	15714	0.962	0.162	2339	0.919
TMBIM6	1.01	8	0.99	0.838	15715	0.962	0.162	2338	0.919
MS4A4E	1.01	8	0.99	0.838	15716	0.962	0.162	2337	0.919
SHC2	1.01	8	0.99	0.838	15717	0.962	0.162	2336	0.919
AKR1C4	0.72	4	0.99	0.838	15718	0.962	0.162	2335	0.919
MSMB	1.02	8	0.99	0.838	15719	0.962	0.162	2334	0.919
SDK2	1.02	8	0.99	0.838	15720	0.962	0.162	2333	0.919
MYCN	1.02	8	0.99	0.838	15721	0.962	0.162	2332	0.919
ZNF268	1.02	8	0.99	0.838	15722	0.962	0.162	2331	0.919
PCDH9	1.02	8	0.99	0.838	15723	0.962	0.162	2330	0.919
TBC1D29	1.02	8	0.99	0.838	15724	0.962	0.162	2329	0.919
EIF2AK2	1.02	8	0.99	0.838	15725	0.962	0.162	2328	0.919
FLOT2	1.02	8	0.99	0.838	15726	0.962	0.162	2327	0.919
C6orf62	1.02	8	0.99	0.838	15727	0.962	0.162	2326	0.919
CMC2	0.51	2	0.99	0.838	15728	0.962	0.162	2325	0.919
SLC5A10	1.02	8	0.99	0.838	15729	0.962	0.162	2324	0.919
NR5A1	1.02	8	0.99	0.838	15730	0.962	0.162	2323	0.919
KIR2DL1	0.72	4	0.99	0.838	15731	0.962	0.162	2322	0.919
C6orf164	1.03	8	0.99	0.839	15732	0.962	0.161	2321	0.919
TCL1A	1.03	8	0.99	0.839	15733	0.962	0.161	2320	0.919
BTN2A2	1.03	8	0.99	0.839	15734	0.962	0.161	2319	0.919
IRF4	1.03	8	0.99	0.839	15735	0.962	0.161	2318	0.919
OR2A12	1.03	8	0.99	0.839	15736	0.962	0.161	2317	0.919
ABHD5	1.03	8	0.99	0.839	15737	0.962	0.161	2316	0.919
SORCS2	1.03	8	0.99	0.839	15738	0.962	0.161	2315	0.919
ACPP	1.03	8	0.99	0.839	15739	0.962	0.161	2314	0.919
GSC2	1.03	8	0.99	0.839	15740	0.962	0.161	2313	0.919
MIP	1.03	8	0.99	0.839	15741	0.962	0.161	2312	0.919
RAB40C	1.03	8	0.99	0.839	15742	0.962	0.161	2311	0.919
NDUFS7	1.03	8	0.99	0.839	15743	0.962	0.161	2310	0.919
CBLN3	1.03	8	0.99	0.839	15744	0.962	0.161	2309	0.919
METTL9	1.03	8	0.99	0.839	15745	0.962	0.161	2308	0.919
KHDRBS2	1.03	8	0.99	0.839	15746	0.962	0.161	2307	0.919
SMUG1	1.04	8	0.99	0.839	15747	0.962	0.161	2306	0.919
PLBD1	1.04	8	0.99	0.839	15748	0.962	0.161	2305	0.919
SH3RF1	1.04	8	0.99	0.839	15749	0.962	0.161	2304	0.919
PBK	1.04	8	0.99	0.839	15750	0.962	0.161	2303	0.919
C11orf42	1.04	8	0.99	0.839	15751	0.962	0.161	2302	0.919
GSTCD	1.04	8	0.99	0.839	15752	0.962	0.161	2301	0.919
HAPLN4	1.04	8	0.99	0.839	15753	0.962	0.161	2300	0.919
DEPDC7	1.04	8	0.99	0.839	15754	0.962	0.161	2299	0.919
GAB3	1.04	8	0.99	0.84	15755	0.962	0.16	2298	0.919
GNLY	1.04	8	0.99	0.84	15756	0.962	0.16	2297	0.919
SAR1A	1.04	8	0.99	0.84	15757	0.962	0.16	2296	0.919
BRS3	1.04	8	0.99	0.84	15758	0.962	0.16	2295	0.919
SORCS3	1.04	8	0.99	0.84	15759	0.962	0.16	2294	0.919
TM4SF1	1.04	8	0.99	0.84	15760	0.962	0.16	2293	0.919
TLR9	1.04	8	0.99	0.84	15761	0.962	0.16	2292	0.919
TMEM180	1.05	8	0.99	0.84	15762	0.962	0.16	2291	0.919
MEGF10	1.05	8	0.99	0.84	15763	0.962	0.16	2290	0.919
TWF2	1.05	8	0.99	0.84	15764	0.962	0.16	2289	0.919
CIZ1	1.05	8	0.99	0.84	15765	0.962	0.16	2288	0.919
DARC	1.05	8	0.99	0.84	15766	0.962	0.16	2287	0.919
ZFPM1	1.05	8	0.99	0.84	15767	0.962	0.16	2286	0.919
IL1RL2	1.05	8	0.99	0.84	15768	0.962	0.16	2285	0.919
CAMKV	1.05	8	1.00	0.84	15769	0.962	0.16	2284	0.919
TCTEX1D2	1.05	8	1.00	0.84	15770	0.962	0.16	2283	0.919
STOML3	1.05	8	1.00	0.84	15771	0.962	0.16	2282	0.919
CCDC61	1.05	8	1.00	0.84	15772	0.962	0.16	2281	0.919
TPGS2	1.05	8	1.00	0.84	15773	0.962	0.16	2280	0.919
TAAR1	1.05	8	1.00	0.84	15774	0.962	0.16	2279	0.919
CALB1	0.92	6	1.00	0.841	15775	0.962	0.159	2278	0.919
NMNAT3	1.06	8	1.00	0.841	15776	0.962	0.159	2277	0.919
VIP	1.06	8	1.00	0.841	15777	0.962	0.159	2276	0.919
PARP14	1.06	8	1.00	0.841	15778	0.962	0.159	2275	0.919
OR52B2	1.06	8	1.00	0.841	15779	0.962	0.159	2274	0.919
MYRFL	1.06	8	1.00	0.841	15780	0.962	0.159	2273	0.919
CSNK2A1	0.92	6	1.00	0.841	15781	0.962	0.159	2272	0.919
CAMK2G	1.06	8	1.00	0.841	15782	0.962	0.159	2271	0.919
KIF2A	1.06	8	1.00	0.841	15783	0.962	0.159	2270	0.919
LRIT2	1.07	8	1.00	0.841	15784	0.962	0.159	2269	0.919
OR4D6	1.07	8	1.00	0.841	15785	0.962	0.159	2268	0.919
HCAR3	0.53	2	1.00	0.841	15786	0.962	0.159	2267	0.919
LRRC43	1.07	8	1.00	0.841	15787	0.962	0.159	2266	0.919
STAT2	1.07	8	1.00	0.841	15788	0.962	0.159	2265	0.919
OTOA	1.07	8	1.00	0.841	15789	0.962	0.159	2264	0.919
POU1F1	1.07	8	1.00	0.841	15790	0.962	0.159	2263	0.919
CALCRL	1.07	8	1.00	0.841	15791	0.962	0.159	2262	0.919
TDGF1	1.07	8	1.00	0.841	15792	0.962	0.159	2261	0.919
PHLDA1	1.07	8	1.00	0.841	15793	0.962	0.159	2260	0.919
SIRT4	1.07	8	1.00	0.841	15794	0.962	0.159	2259	0.919
IQCE	1.07	8	1.00	0.842	15795	0.962	0.158	2258	0.919
PRSS12	1.07	8	1.00	0.842	15796	0.962	0.158	2257	0.919
SLC3A1	1.08	8	1.00	0.842	15797	0.962	0.158	2256	0.919
MADCAM1	1.08	8	1.00	0.842	15798	0.962	0.158	2255	0.919
NPSR1	1.08	8	1.00	0.842	15799	0.962	0.158	2254	0.919
NHSL1	1.08	8	1.00	0.842	15800	0.962	0.158	2253	0.919
CBX7	1.08	8	1.00	0.842	15801	0.962	0.158	2252	0.919
LRRC38	1.09	8	1.00	0.842	15802	0.962	0.158	2251	0.919
HSPB2	1.09	8	1.00	0.842	15803	0.962	0.158	2250	0.919
ADPRM	1.09	8	1.00	0.842	15804	0.962	0.158	2249	0.919
BCL2L14	1.09	8	1.00	0.842	15805	0.962	0.158	2248	0.919
MYH11	1.09	8	1.00	0.842	15806	0.962	0.158	2247	0.919
SEC14L5	1.09	8	1.01	0.843	15807	0.962	0.157	2246	0.919
KDM3B	1.10	8	1.01	0.843	15808	0.962	0.157	2245	0.919
FAM3A	1.10	8	1.01	0.843	15809	0.962	0.157	2244	0.919
RNASE1	1.10	8	1.01	0.843	15810	0.962	0.157	2243	0.919
OR5D13	1.10	8	1.01	0.843	15811	0.962	0.157	2242	0.919
FYB	1.10	8	1.01	0.843	15812	0.962	0.157	2241	0.919
ZNF114	1.10	8	1.01	0.843	15813	0.962	0.157	2240	0.919
SKIL	1.10	8	1.01	0.843	15814	0.962	0.157	2239	0.919
CHST2	1.10	8	1.01	0.843	15815	0.962	0.157	2238	0.919
SYNRG	1.10	8	1.01	0.843	15816	0.962	0.157	2237	0.919
C21orf88	1.10	8	1.01	0.843	15817	0.962	0.157	2236	0.919
BIRC7	1.11	8	1.01	0.844	15818	0.962	0.156	2235	0.919
RHD	1.11	8	1.01	0.844	15819	0.962	0.156	2234	0.919
DNAJB11	1.11	8	1.01	0.844	15820	0.962	0.156	2233	0.919
EP400NL	1.11	8	1.01	0.844	15821	0.962	0.156	2232	0.919
ZNF41	1.11	8	1.01	0.844	15822	0.962	0.156	2231	0.919
SRY	0.96	6	1.01	0.844	15823	0.962	0.156	2230	0.919
PALM	1.11	8	1.01	0.844	15824	0.962	0.156	2229	0.919
SFRP2	1.11	8	1.01	0.844	15825	0.962	0.156	2228	0.919
STK36	1.11	8	1.01	0.844	15826	0.962	0.156	2227	0.919
DIP2B	1.11	8	1.01	0.844	15827	0.962	0.156	2226	0.919
BPIFA1	1.11	8	1.01	0.844	15828	0.962	0.156	2225	0.919
NLGN1	1.11	8	1.01	0.844	15829	0.962	0.156	2224	0.919
FCHO2	1.11	8	1.01	0.844	15830	0.962	0.156	2223	0.919
ASTN1	1.11	8	1.01	0.844	15831	0.962	0.156	2222	0.919
GLUD2	1.11	8	1.01	0.844	15832	0.962	0.156	2221	0.919
CCDC59	1.12	8	1.01	0.844	15833	0.962	0.156	2220	0.919
IL18RAP	1.12	8	1.01	0.844	15834	0.962	0.156	2219	0.919
EPB41L4A	1.12	8	1.01	0.844	15835	0.962	0.156	2218	0.919
SLC9A5	1.12	8	1.01	0.844	15836	0.962	0.156	2217	0.919
PRMT8	1.12	8	1.01	0.844	15837	0.962	0.156	2216	0.919
MSH3	1.12	8	1.01	0.844	15838	0.962	0.156	2215	0.919
ZNF585A	1.12	8	1.01	0.844	15839	0.962	0.156	2214	0.919
CYP8B1	1.12	8	1.01	0.844	15840	0.962	0.156	2213	0.919
CD79B	1.12	8	1.01	0.844	15841	0.962	0.156	2212	0.919
ALKBH7	1.12	8	1.01	0.844	15842	0.962	0.156	2211	0.919
GPATCH2L	1.12	8	1.01	0.845	15843	0.962	0.155	2210	0.919
JAK2	1.12	8	1.01	0.845	15844	0.962	0.155	2209	0.919
GPLD1	1.12	8	1.01	0.845	15845	0.962	0.155	2208	0.919
ZBTB24	1.12	8	1.01	0.845	15846	0.962	0.155	2207	0.919
WIBG	1.12	8	1.01	0.845	15847	0.962	0.155	2206	0.919
TMED6	1.12	8	1.01	0.845	15848	0.962	0.155	2205	0.919
ZDHHC1	1.13	8	1.01	0.845	15849	0.962	0.155	2204	0.919
DNAJC5G	1.13	8	1.01	0.845	15850	0.962	0.155	2203	0.919
OSGIN2	1.13	8	1.02	0.845	15851	0.962	0.155	2202	0.919
ETS2	1.13	8	1.02	0.845	15852	0.962	0.155	2201	0.919
KMT2E	1.13	8	1.02	0.845	15853	0.962	0.155	2200	0.919
ADCY5	1.13	8	1.02	0.845	15854	0.962	0.155	2199	0.919
RBAK	1.13	8	1.02	0.845	15855	0.962	0.155	2198	0.919
CWH43	1.13	8	1.02	0.845	15856	0.962	0.155	2197	0.919
EMID1	1.13	8	1.02	0.845	15857	0.962	0.155	2196	0.919
PDE9A	1.13	8	1.02	0.845	15858	0.962	0.155	2195	0.919
RCBTB1	1.13	8	1.02	0.845	15859	0.962	0.155	2194	0.919
RAPGEF4	1.13	8	1.02	0.845	15860	0.962	0.155	2193	0.919
SOX2	1.13	8	1.02	0.845	15861	0.962	0.155	2192	0.919
PFKM	1.13	8	1.02	0.845	15862	0.962	0.155	2191	0.919
FOPNL	1.13	8	1.02	0.845	15863	0.962	0.155	2190	0.919
DHX58	1.14	8	1.02	0.845	15864	0.962	0.155	2189	0.919
CLEC9A	1.14	8	1.02	0.846	15865	0.962	0.154	2188	0.919
ZC4H2	1.14	8	1.02	0.846	15866	0.962	0.154	2187	0.919
NUAK1	1.14	8	1.02	0.846	15867	0.962	0.154	2186	0.919
VN1R1	1.14	8	1.02	0.846	15868	0.962	0.154	2185	0.919
NFYB	1.14	8	1.02	0.846	15869	0.962	0.154	2184	0.919
FAM21B	0.57	2	1.02	0.846	15870	0.962	0.154	2183	0.919
SLC29A4	1.14	8	1.02	0.846	15871	0.962	0.154	2182	0.919
OR8H2	0.57	2	1.02	0.846	15872	0.962	0.154	2181	0.919
UVSSA	1.15	8	1.02	0.846	15873	0.962	0.154	2180	0.919
UBE2D2	1.15	8	1.02	0.846	15874	0.962	0.154	2179	0.919
C6orf195	1.15	8	1.02	0.846	15875	0.962	0.154	2178	0.919
ATP10B	1.15	8	1.02	0.846	15876	0.962	0.154	2177	0.919
C12orf29	1.15	8	1.02	0.846	15877	0.962	0.154	2176	0.919
FOXK1	1.15	8	1.02	0.846	15878	0.962	0.154	2175	0.919
DPEP1	1.15	8	1.02	0.846	15879	0.962	0.154	2174	0.919
IGSF11	1.15	8	1.02	0.846	15880	0.962	0.154	2173	0.919
APOBEC3F	1.15	8	1.02	0.846	15881	0.962	0.154	2172	0.919
DNAJC5B	1.15	8	1.02	0.846	15882	0.962	0.154	2171	0.919
SUSD2	1.15	8	1.02	0.846	15883	0.962	0.154	2170	0.919
ALDH3A1	1.15	8	1.02	0.847	15884	0.962	0.153	2169	0.919
TCF4	1.15	8	1.02	0.847	15885	0.962	0.153	2168	0.919
PLA2G4B	0.58	2	1.02	0.847	15886	0.962	0.153	2167	0.919
DIRC2	1.16	8	1.02	0.847	15887	0.962	0.153	2166	0.919
MSANTD3	1.16	8	1.02	0.847	15888	0.962	0.153	2165	0.919
ZNF354B	1.16	8	1.02	0.847	15889	0.962	0.153	2164	0.919
DEPDC1B	1.16	8	1.02	0.847	15890	0.962	0.153	2163	0.919
HIST1H3G	0.58	2	1.02	0.847	15891	0.962	0.153	2162	0.919
TBC1D15	1.16	8	1.02	0.847	15892	0.962	0.153	2161	0.919
F2R	1.16	8	1.02	0.847	15893	0.962	0.153	2160	0.919
PAH	1.16	8	1.02	0.847	15894	0.962	0.153	2159	0.919
UBR5	1.16	8	1.02	0.847	15895	0.962	0.153	2158	0.919
PTCRA	1.17	8	1.02	0.847	15896	0.962	0.153	2157	0.919
CLIC5	1.17	8	1.03	0.847	15897	0.962	0.153	2156	0.919
LACRT	1.17	8	1.03	0.848	15898	0.962	0.152	2155	0.919
ZNF506	1.02	6	1.03	0.848	15899	0.962	0.152	2154	0.919
CTXN3	1.17	8	1.03	0.848	15900	0.962	0.152	2153	0.919
MSRB3	1.18	8	1.03	0.848	15901	0.962	0.152	2152	0.919
TGM6	1.18	8	1.03	0.848	15902	0.962	0.152	2151	0.919
NSFL1C	1.18	8	1.03	0.848	15903	0.962	0.152	2150	0.919
COQ9	1.18	8	1.03	0.848	15904	0.962	0.152	2149	0.919
CWC27	1.18	8	1.03	0.848	15905	0.962	0.152	2148	0.919
AP1S1	1.18	8	1.03	0.848	15906	0.962	0.152	2147	0.919
NCALD	1.18	8	1.03	0.848	15907	0.962	0.152	2146	0.919
DNAJC12	1.18	8	1.03	0.848	15908	0.962	0.152	2145	0.919
USP48	1.18	8	1.03	0.848	15909	0.962	0.152	2144	0.919
CD93	1.18	8	1.03	0.848	15910	0.962	0.152	2143	0.919
EQTN	1.18	8	1.03	0.848	15911	0.962	0.152	2142	0.919
IRF1	1.18	8	1.03	0.848	15912	0.962	0.152	2141	0.919
UBE2G2	1.18	8	1.03	0.848	15913	0.962	0.152	2140	0.919
OR4D5	1.19	8	1.03	0.848	15914	0.962	0.152	2139	0.919
EHBP1	1.19	8	1.03	0.849	15915	0.962	0.151	2138	0.919
TDRD15	1.19	8	1.03	0.849	15916	0.962	0.151	2137	0.919
IDH3B	1.19	8	1.03	0.849	15917	0.962	0.151	2136	0.919
ODF4	1.19	8	1.03	0.849	15918	0.962	0.151	2135	0.919
FBXW8	1.19	8	1.03	0.849	15919	0.962	0.151	2134	0.919
C19orf59	1.19	8	1.03	0.849	15920	0.962	0.151	2133	0.919
HMGN4	1.19	8	1.03	0.849	15921	0.962	0.151	2132	0.919
ZNF91	0.60	2	1.03	0.849	15922	0.962	0.151	2131	0.919
ALMS1	1.19	8	1.03	0.849	15923	0.962	0.151	2130	0.919
STARD4	1.19	8	1.03	0.849	15924	0.962	0.151	2129	0.919
FASTKD2	1.19	8	1.03	0.849	15925	0.962	0.151	2128	0.919
C15orf62	1.19	8	1.03	0.849	15926	0.962	0.151	2127	0.919
CASP16	1.19	8	1.03	0.849	15927	0.962	0.151	2126	0.919
GSTT1	1.19	8	1.03	0.849	15928	0.962	0.151	2125	0.919
ITGB8	1.20	8	1.03	0.849	15929	0.962	0.151	2124	0.919
DGKG	1.20	8	1.03	0.849	15930	0.962	0.151	2123	0.919
RPH3A	1.20	8	1.03	0.849	15931	0.962	0.151	2122	0.919
APOPT1	0.85	4	1.03	0.849	15932	0.962	0.151	2121	0.919
ADAM10	1.20	8	1.03	0.849	15933	0.962	0.151	2120	0.919
SST	1.20	8	1.03	0.849	15934	0.962	0.151	2119	0.919
IRAK2	1.20	8	1.03	0.85	15935	0.962	0.15	2118	0.919
UXS1	1.04	6	1.03	0.85	15936	0.962	0.15	2117	0.919
HKDC1	1.20	8	1.03	0.85	15937	0.962	0.15	2116	0.919
MYH1	1.20	8	1.03	0.85	15938	0.962	0.15	2115	0.919
FBXL20	1.21	8	1.04	0.85	15939	0.962	0.15	2114	0.919
EFNA5	1.21	8	1.04	0.85	15940	0.962	0.15	2113	0.919
NDUFB5	1.21	8	1.04	0.85	15941	0.962	0.15	2112	0.919
CTSB	1.21	8	1.04	0.85	15942	0.962	0.15	2111	0.919
FREM2	1.21	8	1.04	0.85	15943	0.962	0.15	2110	0.919
FBRSL1	1.21	8	1.04	0.85	15944	0.962	0.15	2109	0.919
GPRIN1	1.21	8	1.04	0.85	15945	0.963	0.15	2108	0.919
ARGFX	1.22	8	1.04	0.85	15946	0.963	0.15	2107	0.919
IFNA7	0.86	4	1.04	0.85	15947	0.963	0.15	2106	0.919
C8orf17	1.22	8	1.04	0.851	15948	0.963	0.149	2105	0.919
ACSM2A	0.87	4	1.04	0.851	15949	0.963	0.149	2104	0.919
NPVF	1.23	8	1.04	0.851	15950	0.963	0.149	2103	0.919
INSL3	1.23	8	1.04	0.851	15951	0.963	0.149	2102	0.919
BNIP1	1.23	8	1.04	0.851	15952	0.963	0.149	2101	0.919
NOX3	1.23	8	1.04	0.851	15953	0.963	0.149	2100	0.919
LRRC4C	1.23	8	1.04	0.851	15954	0.963	0.149	2099	0.919
NFU1	1.23	8	1.04	0.851	15955	0.963	0.149	2098	0.919
NUPR1L	1.23	8	1.04	0.851	15956	0.963	0.149	2097	0.919
CHST11	1.23	8	1.04	0.851	15957	0.963	0.149	2096	0.919
TSPAN33	1.23	8	1.04	0.851	15958	0.963	0.149	2095	0.919
SPP1	1.24	8	1.04	0.851	15959	0.963	0.149	2094	0.919
ACOT11	1.24	8	1.04	0.851	15960	0.963	0.149	2093	0.919
DYDC2	1.24	8	1.04	0.852	15961	0.963	0.148	2092	0.919
SDS	1.24	8	1.04	0.852	15962	0.963	0.148	2091	0.919
VMO1	1.24	8	1.04	0.852	15963	0.963	0.148	2090	0.919
MAGED2	1.24	8	1.04	0.852	15964	0.963	0.148	2089	0.919
MCHR2	1.24	8	1.04	0.852	15965	0.963	0.148	2088	0.919
RECQL5	1.24	8	1.04	0.852	15966	0.963	0.148	2087	0.919
ANKRD55	1.24	8	1.04	0.852	15967	0.963	0.148	2086	0.919
HINT1	1.24	8	1.04	0.852	15968	0.963	0.148	2085	0.919
KBTBD12	1.24	8	1.05	0.852	15969	0.963	0.148	2084	0.919
BRD7	1.25	8	1.05	0.852	15970	0.963	0.148	2083	0.919
ZNF429	1.08	6	1.05	0.852	15971	0.963	0.148	2082	0.919
METTL25	1.08	6	1.05	0.852	15972	0.963	0.148	2081	0.919
HMGN3	1.25	8	1.05	0.852	15973	0.963	0.148	2080	0.919
KCTD5	1.25	8	1.05	0.852	15974	0.963	0.148	2079	0.919
RESP18	1.08	6	1.05	0.852	15975	0.963	0.148	2078	0.919
GPRASP1	1.25	8	1.05	0.852	15976	0.963	0.148	2077	0.919
NAB1	1.25	8	1.05	0.852	15977	0.963	0.148	2076	0.919
FABP9	1.25	8	1.05	0.852	15978	0.963	0.148	2075	0.919
IVD	1.25	8	1.05	0.853	15979	0.963	0.147	2074	0.919
TP63	1.25	8	1.05	0.853	15980	0.963	0.147	2073	0.919
SLC41A3	1.25	8	1.05	0.853	15981	0.963	0.147	2072	0.919
CPXM1	1.26	8	1.05	0.853	15982	0.963	0.147	2071	0.919
MTIF2	1.26	8	1.05	0.853	15983	0.963	0.147	2070	0.919
GSTA3	0.63	2	1.05	0.853	15984	0.963	0.147	2069	0.919
FOXN4	1.26	8	1.05	0.853	15985	0.963	0.147	2068	0.919
ADCYAP1	1.26	8	1.05	0.853	15986	0.963	0.147	2067	0.919
HCCS	1.26	8	1.05	0.853	15987	0.963	0.147	2066	0.919
PLK2	1.26	8	1.05	0.853	15988	0.963	0.147	2065	0.919
GALR1	1.10	6	1.05	0.853	15989	0.963	0.147	2064	0.919
KCTD8	1.27	8	1.05	0.853	15990	0.963	0.147	2063	0.919
FLRT1	1.27	8	1.05	0.853	15991	0.963	0.147	2062	0.919
DNAJC1	1.27	8	1.05	0.854	15992	0.963	0.146	2061	0.919
MYNN	1.27	8	1.05	0.854	15993	0.963	0.146	2060	0.919
FAM43B	1.27	8	1.05	0.854	15994	0.963	0.146	2059	0.919
SCAF11	1.27	8	1.05	0.854	15995	0.963	0.146	2058	0.919
OR10H2	1.27	8	1.05	0.854	15996	0.963	0.146	2057	0.919
LPIN2	1.27	8	1.05	0.854	15997	0.963	0.146	2056	0.919
TAB3	1.27	8	1.05	0.854	15998	0.963	0.146	2055	0.919
CD3E	1.28	8	1.05	0.854	15999	0.963	0.146	2054	0.919
DNMT3B	1.28	8	1.05	0.854	16000	0.963	0.146	2053	0.919
ACO1	1.28	8	1.05	0.854	16001	0.963	0.146	2052	0.919
NAGA	1.28	8	1.06	0.854	16002	0.963	0.146	2051	0.919
ACAD10	1.28	8	1.06	0.854	16003	0.963	0.146	2050	0.919
RBMS2	1.28	8	1.06	0.854	16004	0.963	0.146	2049	0.919
DUSP13	1.29	8	1.06	0.854	16005	0.963	0.146	2048	0.919
KRT39	1.29	8	1.06	0.855	16006	0.963	0.145	2047	0.919
CXorf31	1.29	8	1.06	0.855	16007	0.963	0.145	2046	0.919
PIRT	1.29	8	1.06	0.855	16008	0.963	0.145	2045	0.919
TCTA	1.29	8	1.06	0.855	16009	0.963	0.145	2044	0.919
UGT3A2	1.29	8	1.06	0.855	16010	0.963	0.145	2043	0.919
TMEM123	1.29	8	1.06	0.855	16011	0.963	0.145	2042	0.919
HYAL4	1.29	8	1.06	0.855	16012	0.963	0.145	2041	0.919
DGKA	1.29	8	1.06	0.855	16013	0.963	0.145	2040	0.919
FUNDC2	1.29	8	1.06	0.855	16014	0.963	0.145	2039	0.919
DPF2	1.29	8	1.06	0.855	16015	0.963	0.145	2038	0.919
SLC26A9	1.29	8	1.06	0.855	16016	0.963	0.145	2037	0.919
TBCCD1	1.30	8	1.06	0.855	16017	0.963	0.145	2036	0.919
SCN2A	1.30	8	1.06	0.855	16018	0.963	0.145	2035	0.919
A1BG	1.30	8	1.06	0.855	16019	0.963	0.145	2034	0.919
BBX	1.30	8	1.06	0.855	16020	0.963	0.145	2033	0.919
PSG11	0.65	2	1.06	0.855	16021	0.963	0.145	2032	0.919
SNX33	1.30	8	1.06	0.855	16022	0.963	0.145	2031	0.919
GSTA1	0.92	4	1.06	0.855	16023	0.963	0.145	2030	0.919
RBM24	1.30	8	1.06	0.855	16024	0.963	0.145	2029	0.919
CCDC92	1.13	6	1.06	0.855	16025	0.963	0.145	2028	0.919
POLR2J2	0.65	2	1.06	0.855	16026	0.963	0.145	2027	0.919
SP7	1.30	8	1.06	0.855	16027	0.963	0.145	2026	0.919
CD81	1.30	8	1.06	0.855	16028	0.963	0.145	2025	0.919
AP3B1	1.30	8	1.06	0.856	16029	0.963	0.144	2024	0.919
CCDC132	1.30	8	1.06	0.856	16030	0.963	0.144	2023	0.919
CWF19L1	0.65	2	1.06	0.856	16031	0.963	0.144	2022	0.919
TMEM86B	1.31	8	1.06	0.856	16032	0.963	0.144	2021	0.919
LIPJ	1.31	8	1.06	0.856	16033	0.963	0.144	2020	0.919
KRTAP20-2	1.31	8	1.06	0.856	16034	0.963	0.144	2019	0.919
DNAJB8	1.31	8	1.06	0.856	16035	0.963	0.144	2018	0.919
ECT2L	1.31	8	1.06	0.856	16036	0.963	0.144	2017	0.919
C10orf67	1.31	8	1.06	0.856	16037	0.963	0.144	2016	0.919
PLSCR4	1.31	8	1.06	0.856	16038	0.963	0.144	2015	0.919
TCEA2	1.31	8	1.06	0.856	16039	0.963	0.144	2014	0.919
RASA3	1.31	8	1.06	0.856	16040	0.963	0.144	2013	0.919
TMEM139	1.31	8	1.06	0.856	16041	0.963	0.144	2012	0.919
MYF6	1.31	8	1.06	0.856	16042	0.963	0.144	2011	0.919
TERF2IP	1.31	8	1.06	0.856	16043	0.963	0.144	2010	0.919
TEX11	1.32	8	1.06	0.856	16044	0.963	0.144	2009	0.919
AMMECR1	1.32	8	1.06	0.856	16045	0.963	0.144	2008	0.919
IGSF1	1.32	8	1.06	0.856	16046	0.963	0.144	2007	0.919
COX7A2L	1.32	8	1.06	0.856	16047	0.963	0.144	2006	0.919
HK2	1.32	8	1.06	0.856	16048	0.963	0.144	2005	0.919
GRAP2	1.32	8	1.06	0.856	16049	0.963	0.144	2004	0.919
NINJ2	1.32	8	1.06	0.856	16050	0.963	0.144	2003	0.919
GNAZ	1.32	8	1.06	0.856	16051	0.963	0.144	2002	0.919
FAM118A	1.32	8	1.06	0.857	16052	0.963	0.143	2001	0.919
TMEM74B	1.32	8	1.06	0.857	16053	0.963	0.143	2000	0.919
GABPB2	1.32	8	1.06	0.857	16054	0.963	0.143	1999	0.919
SLC25A11	1.32	8	1.07	0.857	16055	0.963	0.143	1998	0.919
SVIL	1.32	8	1.07	0.857	16056	0.963	0.143	1997	0.919
CDKN1B	1.32	8	1.07	0.857	16057	0.963	0.143	1996	0.919
KRTAP13-2	1.32	8	1.07	0.857	16058	0.963	0.143	1995	0.919
TLDC1	1.32	8	1.07	0.857	16059	0.963	0.143	1994	0.919
PLIN2	1.33	8	1.07	0.857	16060	0.963	0.143	1993	0.919
TM4SF19	1.33	8	1.07	0.857	16061	0.963	0.143	1992	0.919
FLYWCH2	1.33	8	1.07	0.857	16062	0.963	0.143	1991	0.919
PPBP	1.33	8	1.07	0.857	16063	0.963	0.143	1990	0.919
SYTL2	1.33	8	1.07	0.857	16064	0.963	0.143	1989	0.919
FAM218A	1.33	8	1.07	0.857	16065	0.963	0.143	1988	0.919
CLIC4	1.33	8	1.07	0.857	16066	0.963	0.143	1987	0.919
ASB16	1.33	8	1.07	0.857	16067	0.963	0.143	1986	0.919
TXK	1.33	8	1.07	0.857	16068	0.963	0.143	1985	0.919
CCDC175	1.33	8	1.07	0.857	16069	0.963	0.143	1984	0.919
RGAG4	1.33	8	1.07	0.857	16070	0.963	0.143	1983	0.919
PROKR2	1.34	8	1.07	0.857	16071	0.963	0.143	1982	0.919
KRT78	1.34	8	1.07	0.857	16072	0.963	0.143	1981	0.919
CDK20	1.34	8	1.07	0.858	16073	0.963	0.142	1980	0.919
WDR6	1.34	8	1.07	0.858	16074	0.963	0.142	1979	0.919
MORN3	1.34	8	1.07	0.858	16075	0.963	0.142	1978	0.919
AKAP5	1.34	8	1.07	0.858	16076	0.963	0.142	1977	0.919
TOM1L2	1.34	8	1.07	0.858	16077	0.963	0.142	1976	0.919
AFAP1	1.34	8	1.07	0.858	16078	0.963	0.142	1975	0.919
SGK3	1.34	8	1.07	0.858	16079	0.963	0.142	1974	0.919
DMC1	1.34	8	1.07	0.858	16080	0.963	0.142	1973	0.919
RPS12	0.95	4	1.07	0.858	16081	0.963	0.142	1972	0.919
KCTD9	1.17	6	1.07	0.858	16082	0.963	0.142	1971	0.919
FOXN1	1.35	8	1.07	0.858	16083	0.963	0.142	1970	0.919
LIM2	1.35	8	1.07	0.858	16084	0.963	0.142	1969	0.919
POF1B	1.35	8	1.07	0.858	16085	0.963	0.142	1968	0.919
HTR1A	1.35	8	1.07	0.858	16086	0.963	0.142	1967	0.919
PAQR3	1.35	8	1.07	0.858	16087	0.963	0.142	1966	0.919
MARK3	1.35	8	1.07	0.858	16088	0.963	0.142	1965	0.919
ASPN	1.35	8	1.07	0.858	16089	0.963	0.142	1964	0.919
PSMB10	1.35	8	1.07	0.858	16090	0.963	0.142	1963	0.919
BAG4	1.35	8	1.07	0.859	16091	0.963	0.141	1962	0.919
CASP5	1.36	8	1.07	0.859	16092	0.963	0.141	1961	0.919
ZSCAN25	1.36	8	1.07	0.859	16093	0.963	0.141	1960	0.919
ZNF254	0.96	4	1.07	0.859	16094	0.963	0.141	1959	0.919
KIAA0408	1.36	8	1.08	0.859	16095	0.963	0.141	1958	0.919
TACO1	1.36	8	1.08	0.859	16096	0.963	0.141	1957	0.919
LPCAT1	1.36	8	1.08	0.859	16097	0.963	0.141	1956	0.919
DPYSL4	1.36	8	1.08	0.859	16098	0.963	0.141	1955	0.919
SLC38A5	1.36	8	1.08	0.859	16099	0.963	0.141	1954	0.919
CHURC1	1.36	8	1.08	0.859	16100	0.963	0.141	1953	0.919
CD36	1.36	8	1.08	0.859	16101	0.963	0.141	1952	0.919
RPA3-AS1	1.36	8	1.08	0.859	16102	0.963	0.141	1951	0.919
ENOX2	1.36	8	1.08	0.859	16103	0.963	0.141	1950	0.919
CKAP2L	1.37	8	1.08	0.859	16104	0.963	0.141	1949	0.919
CYP51A1	1.37	8	1.08	0.859	16105	0.963	0.141	1948	0.919
MEOX2	1.37	8	1.08	0.859	16106	0.963	0.141	1947	0.919
NES	1.37	8	1.08	0.86	16107	0.963	0.14	1946	0.919
CCR2	1.38	8	1.08	0.86	16108	0.963	0.14	1945	0.919
RHCG	1.38	8	1.08	0.86	16109	0.963	0.14	1944	0.919
GXYLT2	1.38	8	1.08	0.86	16110	0.963	0.14	1943	0.919
TMEM211	1.38	8	1.08	0.86	16111	0.963	0.14	1942	0.919
OR4K13	1.38	8	1.08	0.86	16112	0.963	0.14	1941	0.919
TRIM66	1.38	8	1.08	0.86	16113	0.963	0.14	1940	0.919
RALY	1.38	8	1.08	0.86	16114	0.963	0.14	1939	0.919
ITPR1	1.38	8	1.08	0.86	16115	0.963	0.14	1938	0.919
DAG1	1.38	8	1.08	0.86	16116	0.963	0.14	1937	0.919
PTGR1	1.38	8	1.08	0.86	16117	0.963	0.14	1936	0.919
CCNG2	1.38	8	1.08	0.86	16118	0.963	0.14	1935	0.919
PRKCI	1.38	8	1.08	0.86	16119	0.963	0.14	1934	0.919
UBE2D1	1.38	8	1.08	0.86	16120	0.963	0.14	1933	0.919
CLSTN3	1.39	8	1.08	0.86	16121	0.963	0.14	1932	0.919
OR5AP2	1.39	8	1.08	0.86	16122	0.963	0.14	1931	0.919
GOLGB1	1.39	8	1.08	0.86	16123	0.963	0.14	1930	0.919
CDK3	1.39	8	1.08	0.86	16124	0.963	0.14	1929	0.919
VGLL3	1.39	8	1.08	0.86	16125	0.963	0.14	1928	0.919
NKX2-4	1.39	8	1.08	0.861	16126	0.963	0.139	1927	0.919
MAP3K12	1.39	8	1.08	0.861	16127	0.963	0.139	1926	0.919
OR9I1	1.39	8	1.08	0.861	16128	0.963	0.139	1925	0.919
NRCAM	1.39	8	1.08	0.861	16129	0.963	0.139	1924	0.919
PTGES3L-AARSD1	0.70	2	1.08	0.861	16130	0.963	0.139	1923	0.919
C7orf72	1.40	8	1.08	0.861	16131	0.963	0.139	1922	0.919
GPX6	1.40	8	1.08	0.861	16132	0.963	0.139	1921	0.919
TXNDC9	1.40	8	1.09	0.861	16133	0.963	0.139	1920	0.919
DAZL	1.40	8	1.09	0.861	16134	0.963	0.139	1919	0.919
CST9L	1.31	7	1.09	0.861	16135	0.963	0.139	1918	0.919
ZNF746	1.40	8	1.09	0.861	16136	0.963	0.139	1917	0.919
APEX1	1.40	8	1.09	0.861	16137	0.963	0.139	1916	0.919
DAOA	1.40	8	1.09	0.861	16138	0.963	0.139	1915	0.919
ATXN3L	1.40	8	1.09	0.861	16139	0.963	0.139	1914	0.919
CRYGN	1.41	8	1.09	0.861	16140	0.963	0.139	1913	0.919
ESRRG	1.41	8	1.09	0.862	16141	0.964	0.138	1912	0.919
TAGLN3	1.41	8	1.09	0.862	16142	0.964	0.138	1911	0.919
ZBTB26	1.41	8	1.09	0.862	16143	0.964	0.138	1910	0.919
CEP63	1.41	8	1.09	0.862	16144	0.964	0.138	1909	0.919
C12orf65	1.42	8	1.09	0.862	16145	0.964	0.138	1908	0.919
AS3MT	1.42	8	1.09	0.862	16146	0.964	0.138	1907	0.919
TBL1Y	1.42	8	1.09	0.862	16147	0.964	0.138	1906	0.919
SENP5	1.42	8	1.09	0.862	16148	0.964	0.138	1905	0.919
ZNF677	1.42	8	1.09	0.862	16149	0.964	0.138	1904	0.919
TGM3	1.42	8	1.09	0.862	16150	0.964	0.138	1903	0.919
FAM171B	1.42	8	1.09	0.862	16151	0.964	0.138	1902	0.919
TMEM207	1.42	8	1.09	0.862	16152	0.964	0.138	1901	0.919
KLK3	1.42	8	1.09	0.863	16153	0.964	0.137	1900	0.919
HOXC11	1.43	8	1.09	0.863	16154	0.964	0.137	1899	0.919
C12orf5	1.43	8	1.09	0.863	16155	0.964	0.137	1898	0.919
NEK11	1.43	8	1.09	0.863	16156	0.964	0.137	1897	0.919
EPPK1	1.43	8	1.09	0.863	16157	0.964	0.137	1896	0.919
CHRNA1	1.43	8	1.09	0.863	16158	0.964	0.137	1895	0.919
SESN3	1.43	8	1.09	0.863	16159	0.964	0.137	1894	0.919
LILRB5	1.43	8	1.09	0.863	16160	0.964	0.137	1893	0.919
SLC17A1	1.43	8	1.09	0.863	16161	0.964	0.137	1892	0.919
LYZL4	1.44	8	1.09	0.863	16162	0.964	0.137	1891	0.919
OR10X1	1.44	8	1.09	0.863	16163	0.964	0.137	1890	0.919
NAALADL2	1.44	8	1.10	0.863	16164	0.964	0.137	1889	0.919
SUN3	1.44	8	1.10	0.863	16165	0.964	0.137	1888	0.919
PGP	1.44	8	1.10	0.863	16166	0.964	0.137	1887	0.919
C17orf105	1.44	8	1.10	0.864	16167	0.964	0.136	1886	0.919
NACAD	1.44	8	1.10	0.864	16168	0.964	0.136	1885	0.919
RAB3C	1.44	8	1.10	0.864	16169	0.964	0.136	1884	0.919
UBL4A	1.44	8	1.10	0.864	16170	0.964	0.136	1883	0.919
OR2D2	1.45	8	1.10	0.864	16171	0.964	0.136	1882	0.919
WIPF3	1.45	8	1.10	0.864	16172	0.964	0.136	1881	0.919
AP2M1	1.45	8	1.10	0.864	16173	0.964	0.136	1880	0.919
TBC1D1	1.45	8	1.10	0.864	16174	0.964	0.136	1879	0.919
GRM5	1.45	8	1.10	0.864	16175	0.964	0.136	1878	0.919
DIRC1	1.45	8	1.10	0.864	16176	0.964	0.136	1877	0.919
TWIST2	1.45	8	1.10	0.864	16177	0.964	0.136	1876	0.919
COL1A1	1.45	8	1.10	0.864	16178	0.964	0.136	1875	0.919
ZNF232	1.45	8	1.10	0.864	16179	0.964	0.136	1874	0.919
PTCHD3	1.45	8	1.10	0.864	16180	0.964	0.136	1873	0.919
SLC31A2	1.45	8	1.10	0.864	16181	0.964	0.136	1872	0.919
ACSM2B	1.45	8	1.10	0.864	16182	0.964	0.136	1871	0.919
IL17B	1.45	8	1.10	0.864	16183	0.964	0.136	1870	0.919
UCN2	1.45	8	1.10	0.864	16184	0.964	0.136	1869	0.919
ZNF454	1.45	8	1.10	0.864	16185	0.964	0.136	1868	0.919
EMILIN2	1.46	8	1.10	0.864	16186	0.964	0.136	1867	0.919
ITM2C	1.46	8	1.10	0.864	16187	0.964	0.136	1866	0.919
SERPINA3	1.46	8	1.10	0.865	16188	0.964	0.135	1865	0.919
UBXN10	1.46	8	1.10	0.865	16189	0.964	0.135	1864	0.919
PARM1	1.46	8	1.10	0.865	16190	0.964	0.135	1863	0.919
SPATA4	1.46	8	1.10	0.865	16191	0.964	0.135	1862	0.919
TMEM260	1.46	8	1.10	0.865	16192	0.964	0.135	1861	0.919
HIGD1B	1.47	8	1.10	0.865	16193	0.964	0.135	1860	0.919
CITED4	1.47	8	1.10	0.865	16194	0.964	0.135	1859	0.919
PRR26	1.47	8	1.10	0.865	16195	0.964	0.135	1858	0.919
C16orf70	1.47	8	1.10	0.865	16196	0.964	0.135	1857	0.919
HIP1	1.47	8	1.10	0.865	16197	0.964	0.135	1856	0.919
APOL3	1.47	8	1.10	0.865	16198	0.964	0.135	1855	0.919
ARPC5	1.47	8	1.10	0.865	16199	0.964	0.135	1854	0.919
WWC3	1.47	8	1.10	0.865	16200	0.964	0.135	1853	0.919
RNF216	1.47	8	1.10	0.865	16201	0.964	0.135	1852	0.919
HK1	1.48	8	1.10	0.865	16202	0.964	0.135	1851	0.919
SUV39H1	1.48	8	1.11	0.865	16203	0.964	0.135	1850	0.919
ZNF518B	1.48	8	1.11	0.866	16204	0.964	0.134	1849	0.919
C3orf65	1.48	8	1.11	0.866	16205	0.964	0.134	1848	0.919
LYPD5	1.48	8	1.11	0.866	16206	0.964	0.134	1847	0.919
DHH	1.48	8	1.11	0.866	16207	0.964	0.134	1846	0.919
DLAT	1.48	8	1.11	0.866	16208	0.964	0.134	1845	0.919
RSPO3	1.48	8	1.11	0.866	16209	0.964	0.134	1844	0.919
ANKLE1	1.48	8	1.11	0.866	16210	0.964	0.134	1843	0.919
PALD1	1.48	8	1.11	0.866	16211	0.964	0.134	1842	0.919
SLC4A1	1.48	8	1.11	0.866	16212	0.964	0.134	1841	0.919
KRT73	1.48	8	1.11	0.866	16213	0.964	0.134	1840	0.919
C2orf57	1.49	8	1.11	0.866	16214	0.964	0.134	1839	0.919
CLDND1	1.49	8	1.11	0.866	16215	0.964	0.134	1838	0.919
MYBPH	1.49	8	1.11	0.866	16216	0.964	0.134	1837	0.919
ERG	1.49	8	1.11	0.866	16217	0.964	0.134	1836	0.919
CPNE3	1.49	8	1.11	0.866	16218	0.964	0.134	1835	0.919
SNX29	1.49	8	1.11	0.866	16219	0.964	0.134	1834	0.919
CAMK2B	1.29	6	1.11	0.866	16220	0.964	0.134	1833	0.919
ACYP1	1.49	8	1.11	0.866	16221	0.964	0.134	1832	0.919
POPDC2	1.49	8	1.11	0.866	16222	0.964	0.134	1831	0.919
STX10	1.49	8	1.11	0.866	16223	0.964	0.134	1830	0.919
KIRREL3	1.50	8	1.11	0.867	16224	0.964	0.133	1829	0.919
TRIM2	1.50	8	1.11	0.867	16225	0.964	0.133	1828	0.919
CAMK1D	1.50	8	1.11	0.867	16226	0.964	0.133	1827	0.919
CEP112	1.50	8	1.11	0.867	16227	0.964	0.133	1826	0.919
NR0B1	1.50	8	1.11	0.867	16228	0.964	0.133	1825	0.919
ZNF837	1.50	8	1.11	0.867	16229	0.964	0.133	1824	0.919
C10orf95	1.50	8	1.11	0.867	16230	0.964	0.133	1823	0.919
SKIDA1	1.50	8	1.11	0.867	16231	0.964	0.133	1822	0.919
FBXO43	1.50	8	1.11	0.867	16232	0.964	0.133	1821	0.919
UNC5D	1.50	8	1.11	0.867	16233	0.964	0.133	1820	0.919
TMEM255A	1.50	8	1.11	0.867	16234	0.964	0.133	1819	0.919
NEUROG2	1.50	8	1.11	0.867	16235	0.964	0.133	1818	0.919
FAAH2	1.50	8	1.11	0.867	16236	0.964	0.133	1817	0.919
LRRIQ1	1.50	8	1.11	0.867	16237	0.964	0.133	1816	0.919
LSMEM2	1.51	8	1.11	0.867	16238	0.964	0.133	1815	0.919
DNAJC14	1.51	8	1.11	0.867	16239	0.964	0.133	1814	0.919
TREML2	1.51	8	1.11	0.867	16240	0.964	0.133	1813	0.919
HOXC4	1.51	8	1.11	0.867	16241	0.964	0.133	1812	0.919
FSTL1	1.51	8	1.11	0.867	16242	0.964	0.133	1811	0.919
KLHL42	1.51	8	1.11	0.867	16243	0.964	0.133	1810	0.919
KCNK2	1.51	8	1.11	0.867	16244	0.964	0.133	1809	0.919
CCDC113	1.51	8	1.11	0.867	16245	0.964	0.133	1808	0.919
CCDC109B	1.52	8	1.12	0.868	16246	0.964	0.132	1807	0.919
TAF7L	1.52	8	1.12	0.868	16247	0.964	0.132	1806	0.919
C1orf145	0.76	2	1.12	0.868	16248	0.964	0.132	1805	0.919
FUS	1.52	8	1.12	0.868	16249	0.964	0.132	1804	0.919
CYP2S1	1.52	8	1.12	0.868	16250	0.964	0.132	1803	0.919
KLRB1	1.52	8	1.12	0.868	16251	0.964	0.132	1802	0.919
SOX7	1.52	8	1.12	0.868	16252	0.964	0.132	1801	0.919
C12orf66	1.52	8	1.12	0.868	16253	0.964	0.132	1800	0.919
LGR5	1.52	8	1.12	0.868	16254	0.964	0.132	1799	0.919
NCKAP1L	1.53	8	1.12	0.868	16255	0.964	0.132	1798	0.919
ABCF3	1.53	8	1.12	0.868	16256	0.964	0.132	1797	0.919
ZNF267	1.53	8	1.12	0.868	16257	0.964	0.132	1796	0.919
NKX3-1	1.53	8	1.12	0.869	16258	0.964	0.131	1795	0.919
LPGAT1	1.53	8	1.12	0.869	16259	0.964	0.131	1794	0.919
ADCY6	1.53	8	1.12	0.869	16260	0.964	0.131	1793	0.919
TRIM9	1.53	8	1.12	0.869	16261	0.964	0.131	1792	0.919
CCDC66	1.53	8	1.12	0.869	16262	0.964	0.131	1791	0.919
C7orf65	1.54	8	1.12	0.869	16263	0.964	0.131	1790	0.919
SLC15A2	1.54	8	1.12	0.869	16264	0.964	0.131	1789	0.919
NXN	1.54	8	1.12	0.869	16265	0.964	0.131	1788	0.919
C2orf70	1.54	8	1.12	0.869	16266	0.964	0.131	1787	0.919
ECM1	1.54	8	1.12	0.869	16267	0.964	0.131	1786	0.919
LPHN3	1.54	8	1.12	0.869	16268	0.964	0.131	1785	0.919
LILRB1	1.09	4	1.12	0.869	16269	0.964	0.131	1784	0.919
SLC22A5	1.54	8	1.12	0.869	16270	0.964	0.131	1783	0.919
RRAGB	1.54	8	1.12	0.869	16271	0.964	0.131	1782	0.919
RPRM	1.54	8	1.12	0.869	16272	0.964	0.131	1781	0.919
MCF2L2	1.54	8	1.12	0.869	16273	0.964	0.131	1780	0.919
OR9K2	1.54	8	1.12	0.869	16274	0.964	0.131	1779	0.919
ARL13A	1.54	8	1.12	0.869	16275	0.964	0.131	1778	0.919
ANO4	1.54	8	1.12	0.869	16276	0.964	0.131	1777	0.919
PPP2R1B	1.54	8	1.12	0.869	16277	0.964	0.131	1776	0.919
NR4A2	1.55	8	1.12	0.869	16278	0.964	0.131	1775	0.919
SMIM2	1.55	8	1.12	0.869	16279	0.964	0.131	1774	0.919
GIPC1	1.55	8	1.12	0.869	16280	0.964	0.131	1773	0.919
MEOX1	1.55	8	1.12	0.869	16281	0.964	0.131	1772	0.919
FGF18	1.55	8	1.12	0.869	16282	0.964	0.131	1771	0.919
CCDC11	1.55	8	1.12	0.87	16283	0.964	0.13	1770	0.919
QSOX2	1.55	8	1.12	0.87	16284	0.964	0.13	1769	0.919
PYDC2	1.55	8	1.13	0.87	16285	0.964	0.13	1768	0.919
PDK4	1.56	8	1.13	0.87	16286	0.964	0.13	1767	0.919
NPEPPS	1.56	8	1.13	0.87	16287	0.964	0.13	1766	0.919
FSTL4	1.56	8	1.13	0.87	16288	0.964	0.13	1765	0.919
OR1J1	1.56	8	1.13	0.87	16289	0.964	0.13	1764	0.919
MSL1	1.56	8	1.13	0.87	16290	0.964	0.13	1763	0.919
TNRC6A	1.56	8	1.13	0.87	16291	0.964	0.13	1762	0.919
IL17D	1.56	8	1.13	0.87	16292	0.964	0.13	1761	0.919
GBAS	1.56	8	1.13	0.87	16293	0.964	0.13	1760	0.919
ATAD3B	1.56	8	1.13	0.87	16294	0.964	0.13	1759	0.919
ABCA13	1.56	8	1.13	0.87	16295	0.964	0.13	1758	0.919
NLRP11	1.57	8	1.13	0.87	16296	0.964	0.13	1757	0.919
MAPKBP1	1.57	8	1.13	0.87	16297	0.964	0.13	1756	0.919
PER1	1.57	8	1.13	0.871	16298	0.964	0.129	1755	0.919
IKZF4	1.57	8	1.13	0.871	16299	0.964	0.129	1754	0.919
RNF34	1.57	8	1.13	0.871	16300	0.964	0.129	1753	0.919
FGFR3	1.57	8	1.13	0.871	16301	0.964	0.129	1752	0.919
C14orf177	1.58	8	1.13	0.871	16302	0.964	0.129	1751	0.919
ESYT1	1.58	8	1.13	0.871	16303	0.964	0.129	1750	0.919
AQP6	1.58	8	1.13	0.871	16304	0.964	0.129	1749	0.919
DMTN	1.58	8	1.13	0.871	16305	0.964	0.129	1748	0.919
ALDH6A1	1.58	8	1.13	0.871	16306	0.964	0.129	1747	0.919
SPINK14	1.58	8	1.13	0.871	16307	0.964	0.129	1746	0.919
RAB24	1.58	8	1.13	0.871	16308	0.964	0.129	1745	0.919
RPGRIP1L	1.58	8	1.13	0.871	16309	0.964	0.129	1744	0.919
SCGB3A2	1.59	8	1.13	0.872	16310	0.964	0.128	1743	0.919
CSMD1	1.59	8	1.13	0.872	16311	0.964	0.128	1742	0.919
GAPVD1	1.59	8	1.13	0.872	16312	0.964	0.128	1741	0.919
LRP5L	1.59	8	1.13	0.872	16313	0.964	0.128	1740	0.919
MPP4	1.59	8	1.13	0.872	16314	0.964	0.128	1739	0.919
ITPRIPL1	1.59	8	1.13	0.872	16315	0.964	0.128	1738	0.919
FTSJ1	1.59	8	1.13	0.872	16316	0.964	0.128	1737	0.919
LRAT	1.59	8	1.13	0.872	16317	0.964	0.128	1736	0.919
PTAR1	1.59	8	1.13	0.872	16318	0.964	0.128	1735	0.919
MYL2	1.59	8	1.13	0.872	16319	0.964	0.128	1734	0.919
PCYT1B	1.59	8	1.13	0.872	16320	0.964	0.128	1733	0.919
DPH7	1.59	8	1.14	0.872	16321	0.964	0.128	1732	0.919
SDK1	1.59	8	1.14	0.872	16322	0.964	0.128	1731	0.919
HSD17B2	1.60	8	1.14	0.872	16323	0.964	0.128	1730	0.919
MFSD2A	1.60	8	1.14	0.872	16324	0.964	0.128	1729	0.919
C11orf58	1.60	8	1.14	0.872	16325	0.964	0.128	1728	0.919
HFM1	1.60	8	1.14	0.872	16326	0.964	0.128	1727	0.919
NPW	1.61	8	1.14	0.873	16327	0.965	0.127	1726	0.919
ASIC1	1.39	6	1.14	0.873	16328	0.965	0.127	1725	0.919
MKX	1.61	8	1.14	0.873	16329	0.965	0.127	1724	0.919
TBX20	1.61	8	1.14	0.873	16330	0.965	0.127	1723	0.919
KRT81	1.61	8	1.14	0.873	16331	0.965	0.127	1722	0.919
DHCR7	1.61	8	1.14	0.873	16332	0.965	0.127	1721	0.919
LAMP3	1.61	8	1.14	0.873	16333	0.965	0.127	1720	0.919
CEP70	1.61	8	1.14	0.873	16334	0.965	0.127	1719	0.919
SLAMF1	1.61	8	1.14	0.873	16335	0.965	0.127	1718	0.919
HAVCR1	1.61	8	1.14	0.873	16336	0.965	0.127	1717	0.919
FOXJ2	1.61	8	1.14	0.873	16337	0.965	0.127	1716	0.919
OR5AC2	1.62	8	1.14	0.873	16338	0.965	0.127	1715	0.919
KCNE4	1.14	4	1.14	0.873	16339	0.965	0.127	1714	0.919
IRX6	1.62	8	1.14	0.873	16340	0.965	0.127	1713	0.919
KLHDC4	1.62	8	1.14	0.873	16341	0.965	0.127	1712	0.919
UPK3BL	1.62	8	1.14	0.873	16342	0.965	0.127	1711	0.919
NRAS	1.62	8	1.14	0.874	16343	0.965	0.126	1710	0.919
P2RX4	1.63	8	1.14	0.874	16344	0.965	0.126	1709	0.919
OR5L2	1.41	6	1.15	0.874	16345	0.965	0.126	1708	0.919
TMEM106C	1.63	8	1.15	0.874	16346	0.965	0.126	1707	0.919
KIFC3	1.63	8	1.15	0.874	16347	0.965	0.126	1706	0.919
PCDH15	1.63	8	1.15	0.874	16348	0.965	0.126	1705	0.919
RBKS	1.63	8	1.15	0.874	16349	0.965	0.126	1704	0.919
OR13C8	1.64	8	1.15	0.874	16350	0.965	0.126	1703	0.919
DHDH	1.64	8	1.15	0.874	16351	0.965	0.126	1702	0.919
AGTR1	1.64	8	1.15	0.874	16352	0.965	0.126	1701	0.919
CLASP1	1.64	8	1.15	0.874	16353	0.965	0.126	1700	0.919
CPO	1.53	7	1.15	0.874	16354	0.965	0.126	1699	0.919
ALPK1	1.64	8	1.15	0.874	16355	0.965	0.126	1698	0.919
OR2T6	1.64	8	1.15	0.874	16356	0.965	0.126	1697	0.919
SPICE1	1.64	8	1.15	0.874	16357	0.965	0.126	1696	0.919
PDE1C	1.64	8	1.15	0.874	16358	0.965	0.126	1695	0.919
HMCES	1.64	8	1.15	0.875	16359	0.965	0.125	1694	0.919
WNT10A	1.64	8	1.15	0.875	16360	0.965	0.125	1693	0.919
SHROOM2	1.64	8	1.15	0.875	16361	0.965	0.125	1692	0.919
CCDC50	1.64	8	1.15	0.875	16362	0.965	0.125	1691	0.919
DUSP6	1.64	8	1.15	0.875	16363	0.965	0.125	1690	0.919
BTNL8	1.64	8	1.15	0.875	16364	0.965	0.125	1689	0.919
HSPB11	1.16	4	1.15	0.875	16365	0.965	0.125	1688	0.919
OR6C76	1.65	8	1.15	0.875	16366	0.965	0.125	1687	0.919
CNTFR	1.65	8	1.15	0.875	16367	0.965	0.125	1686	0.919
NTN1	1.65	8	1.15	0.875	16368	0.965	0.125	1685	0.919
TRIML2	1.65	8	1.15	0.875	16369	0.965	0.125	1684	0.919
VNN3	0.83	2	1.15	0.875	16370	0.965	0.125	1683	0.919
BPI	1.65	8	1.15	0.875	16371	0.965	0.125	1682	0.919
BABAM1	1.65	8	1.15	0.875	16372	0.965	0.125	1681	0.919
IL12A	1.65	8	1.15	0.875	16373	0.965	0.125	1680	0.919
IFT52	1.66	8	1.15	0.875	16374	0.965	0.125	1679	0.919
MYO9A	1.66	8	1.15	0.875	16375	0.965	0.125	1678	0.919
RASSF6	1.66	8	1.15	0.875	16376	0.965	0.125	1677	0.919
DCAF16	1.66	8	1.15	0.876	16377	0.965	0.124	1676	0.919
ZNF850	1.66	8	1.15	0.876	16378	0.965	0.124	1675	0.919
C6orf100	1.66	8	1.15	0.876	16379	0.965	0.124	1674	0.919
TCF25	1.66	8	1.15	0.876	16380	0.965	0.124	1673	0.919
CC2D2A	1.67	8	1.15	0.876	16381	0.965	0.124	1672	0.919
NPAS4	1.67	8	1.15	0.876	16382	0.965	0.124	1671	0.919
BIN2	1.56	7	1.15	0.876	16383	0.965	0.124	1670	0.919
FAM193A	1.67	8	1.16	0.876	16384	0.965	0.124	1669	0.919
PLSCR5	1.68	8	1.16	0.876	16385	0.965	0.124	1668	0.919
MSC	1.68	8	1.16	0.877	16386	0.965	0.123	1667	0.919
SEL1L2	1.68	8	1.16	0.877	16387	0.965	0.123	1666	0.919
PITPNC1	1.68	8	1.16	0.877	16388	0.965	0.123	1665	0.919
LRRC72	1.68	8	1.16	0.877	16389	0.965	0.123	1664	0.919
CMSS1	1.68	8	1.16	0.877	16390	0.965	0.123	1663	0.919
MS4A14	1.69	8	1.16	0.877	16391	0.965	0.123	1662	0.919
DYNLRB2	1.69	8	1.16	0.877	16392	0.965	0.123	1661	0.919
CAPRIN1	1.69	8	1.16	0.877	16393	0.965	0.123	1660	0.919
CTDSP2	1.69	8	1.16	0.877	16394	0.965	0.123	1659	0.919
RAP1B	0.84	2	1.16	0.877	16395	0.965	0.123	1658	0.919
STAU1	1.69	8	1.16	0.877	16396	0.965	0.123	1657	0.919
GPR150	1.69	8	1.16	0.877	16397	0.965	0.123	1656	0.919
UGGT2	1.69	8	1.16	0.877	16398	0.965	0.123	1655	0.919
ZNF157	1.69	8	1.16	0.877	16399	0.965	0.123	1654	0.919
ETV6	1.69	8	1.16	0.877	16400	0.965	0.123	1653	0.919
AKR1E2	1.69	8	1.16	0.877	16401	0.965	0.123	1652	0.919
GRB10	1.69	8	1.16	0.877	16402	0.965	0.123	1651	0.919
CCNJ	1.69	8	1.16	0.877	16403	0.965	0.123	1650	0.919
PRSS38	1.70	8	1.16	0.877	16404	0.965	0.123	1649	0.919
ARHGEF26	1.70	8	1.16	0.877	16405	0.965	0.123	1648	0.919
APOBR	1.70	8	1.16	0.877	16406	0.965	0.123	1647	0.919
RASA2	1.70	8	1.16	0.877	16407	0.965	0.123	1646	0.919
NTN3	1.70	8	1.16	0.878	16408	0.965	0.122	1645	0.919
OR2W3	1.70	8	1.16	0.878	16409	0.965	0.122	1644	0.919
NPY5R	1.70	8	1.16	0.878	16410	0.965	0.122	1643	0.919
ABCG1	1.70	8	1.16	0.878	16411	0.965	0.122	1642	0.919
NCKAP5L	1.70	8	1.16	0.878	16412	0.965	0.122	1641	0.919
ZNF282	1.70	8	1.16	0.878	16413	0.965	0.122	1640	0.919
ZNF20	1.70	8	1.16	0.878	16414	0.965	0.122	1639	0.919
RPAP3	1.71	8	1.16	0.878	16415	0.965	0.122	1638	0.919
CYP4F11	1.71	8	1.17	0.878	16416	0.965	0.122	1637	0.919
ADCK3	1.71	8	1.17	0.878	16417	0.965	0.122	1636	0.919
KRTAP6-1	1.48	6	1.17	0.878	16418	0.965	0.122	1635	0.919
FEM1A	1.71	8	1.17	0.878	16419	0.965	0.122	1634	0.919
CETP	1.71	8	1.17	0.878	16420	0.965	0.122	1633	0.919
OR6C1	1.71	8	1.17	0.878	16421	0.965	0.122	1632	0.919
DAB1	1.71	8	1.17	0.878	16422	0.965	0.122	1631	0.919
TRAF6	1.72	8	1.17	0.878	16423	0.965	0.122	1630	0.919
SLC45A3	1.72	8	1.17	0.878	16424	0.965	0.122	1629	0.919
AADAC	1.72	8	1.17	0.879	16425	0.965	0.121	1628	0.919
FYN	1.72	8	1.17	0.879	16426	0.965	0.121	1627	0.919
JARID2	1.72	8	1.17	0.879	16427	0.965	0.121	1626	0.919
LYPLA1	1.72	8	1.17	0.879	16428	0.965	0.121	1625	0.919
SERPINA9	1.72	8	1.17	0.879	16429	0.965	0.121	1624	0.919
OR8K3	1.72	8	1.17	0.879	16430	0.965	0.121	1623	0.919
PRSS46	1.73	8	1.17	0.879	16431	0.965	0.121	1622	0.919
MLF2	1.73	8	1.17	0.879	16432	0.965	0.121	1621	0.919
TMEM45A	1.73	8	1.17	0.879	16433	0.965	0.121	1620	0.919
CALR	1.73	8	1.17	0.879	16434	0.965	0.121	1619	0.919
ZAP70	1.73	8	1.17	0.879	16435	0.965	0.121	1618	0.919
NRBF2	0.87	2	1.17	0.879	16436	0.965	0.121	1617	0.919
ZNF320	1.73	8	1.17	0.879	16437	0.965	0.121	1616	0.919
WNT1	1.73	8	1.17	0.879	16438	0.965	0.121	1615	0.919
C10orf40	1.73	8	1.17	0.879	16439	0.965	0.121	1614	0.919
MAPKAPK5	1.73	8	1.17	0.879	16440	0.965	0.121	1613	0.919
LYRM5	0.87	2	1.17	0.879	16441	0.965	0.121	1612	0.919
KRTAP4-5	1.23	4	1.17	0.879	16442	0.965	0.121	1611	0.919
LIPG	1.73	8	1.17	0.879	16443	0.965	0.121	1610	0.919
PRODH2	1.73	8	1.17	0.879	16444	0.965	0.121	1609	0.919
RNF144A	1.73	8	1.17	0.879	16445	0.965	0.121	1608	0.919
TERT	1.74	8	1.17	0.879	16446	0.965	0.121	1607	0.919
NKG7	1.74	8	1.17	0.879	16447	0.965	0.121	1606	0.919
SLC26A8	1.74	8	1.17	0.88	16448	0.965	0.12	1605	0.919
GPRIN2	1.74	8	1.17	0.88	16449	0.965	0.12	1604	0.919
LAMP2	1.74	8	1.17	0.88	16450	0.965	0.12	1603	0.919
NPBWR2	1.74	8	1.17	0.88	16451	0.965	0.12	1602	0.919
SLX4IP	1.74	8	1.17	0.88	16452	0.965	0.12	1601	0.919
MYL9	1.74	8	1.17	0.88	16453	0.965	0.12	1600	0.919
XRCC6BP1	1.74	8	1.17	0.88	16454	0.965	0.12	1599	0.919
FOXD3	1.51	6	1.17	0.88	16455	0.965	0.12	1598	0.919
PLAA	1.74	8	1.17	0.88	16456	0.965	0.12	1597	0.919
HHLA2	1.74	8	1.17	0.88	16457	0.965	0.12	1596	0.919
PPP3CB	1.75	8	1.17	0.88	16458	0.965	0.12	1595	0.919
TMEM239	1.75	8	1.18	0.88	16459	0.965	0.12	1594	0.919
SLC26A4	1.75	8	1.18	0.88	16460	0.965	0.12	1593	0.919
TFR2	1.75	8	1.18	0.88	16461	0.965	0.12	1592	0.919
C2orf66	1.75	8	1.18	0.88	16462	0.965	0.12	1591	0.919
KRTAP5-10	0.87	2	1.18	0.88	16463	0.965	0.12	1590	0.919
C2orf48	1.75	8	1.18	0.88	16464	0.965	0.12	1589	0.919
CLCN2	1.75	8	1.18	0.88	16465	0.965	0.12	1588	0.919
FCHO1	1.75	8	1.18	0.88	16466	0.965	0.12	1587	0.919
MANSC1	1.75	8	1.18	0.88	16467	0.965	0.12	1586	0.919
BRINP3	1.75	8	1.18	0.88	16468	0.965	0.12	1585	0.919
ITPR2	1.75	8	1.18	0.88	16469	0.965	0.12	1584	0.919
C6orf52	1.76	8	1.18	0.88	16470	0.965	0.12	1583	0.919
SLC43A3	1.76	8	1.18	0.88	16471	0.965	0.12	1582	0.919
PAGE4	1.76	8	1.18	0.88	16472	0.965	0.12	1581	0.919
KRT33A	1.76	8	1.18	0.88	16473	0.965	0.12	1580	0.919
CCL1	1.76	8	1.18	0.881	16474	0.965	0.119	1579	0.919
CUTC	1.76	8	1.18	0.881	16475	0.965	0.119	1578	0.919
CRMP1	1.76	8	1.18	0.881	16476	0.965	0.119	1577	0.919
C12orf56	1.76	8	1.18	0.881	16477	0.965	0.119	1576	0.919
PACSIN1	1.76	8	1.18	0.881	16478	0.965	0.119	1575	0.919
LUZP1	1.76	8	1.18	0.881	16479	0.965	0.119	1574	0.919
DYNAP	1.76	8	1.18	0.881	16480	0.965	0.119	1573	0.919
HOPX	1.76	8	1.18	0.881	16481	0.965	0.119	1572	0.919
KCNJ15	1.76	8	1.18	0.881	16482	0.965	0.119	1571	0.919
FES	1.76	8	1.18	0.881	16483	0.965	0.119	1570	0.919
BGN	1.77	8	1.18	0.881	16484	0.965	0.119	1569	0.919
GNAL	1.77	8	1.18	0.881	16485	0.965	0.119	1568	0.919
SLC29A3	1.77	8	1.18	0.881	16486	0.965	0.119	1567	0.919
OR6C2	1.77	8	1.18	0.881	16487	0.965	0.119	1566	0.919
DLGAP5	1.77	8	1.18	0.881	16488	0.965	0.119	1565	0.919
HOXC9	1.77	8	1.18	0.881	16489	0.965	0.119	1564	0.919
ZNF148	1.77	8	1.18	0.881	16490	0.965	0.119	1563	0.919
OR4K1	1.77	8	1.18	0.881	16491	0.965	0.119	1562	0.919
ZC3H14	1.77	8	1.18	0.881	16492	0.965	0.119	1561	0.919
OSBPL11	1.77	8	1.18	0.881	16493	0.965	0.119	1560	0.919
C9orf24	1.77	8	1.18	0.881	16494	0.965	0.119	1559	0.919
ITSN1	1.78	8	1.18	0.882	16495	0.965	0.118	1558	0.919
MX2	1.78	8	1.18	0.882	16496	0.965	0.118	1557	0.919
ITPRIP	1.78	8	1.18	0.882	16497	0.965	0.118	1556	0.919
C16orf78	1.78	8	1.18	0.882	16498	0.965	0.118	1555	0.919
C15orf48	1.79	8	1.19	0.882	16499	0.965	0.118	1554	0.919
C9orf131	1.79	8	1.19	0.882	16500	0.965	0.118	1553	0.919
RNF148	1.79	8	1.19	0.882	16501	0.965	0.118	1552	0.919
RND3	1.79	8	1.19	0.882	16502	0.965	0.118	1551	0.919
UNC13B	1.79	8	1.19	0.882	16503	0.965	0.118	1550	0.919
FAM69C	1.79	8	1.19	0.882	16504	0.965	0.118	1549	0.919
MYO3A	1.79	8	1.19	0.882	16505	0.965	0.118	1548	0.919
L3MBTL4	1.79	8	1.19	0.882	16506	0.965	0.118	1547	0.919
KLHL36	1.80	8	1.19	0.883	16507	0.965	0.117	1546	0.919
SLC39A6	1.80	8	1.19	0.883	16508	0.965	0.117	1545	0.919
EPC1	1.80	8	1.19	0.883	16509	0.965	0.117	1544	0.919
TRAFD1	1.80	8	1.19	0.883	16510	0.965	0.117	1543	0.919
DOK3	1.80	8	1.19	0.883	16511	0.965	0.117	1542	0.919
NUDT6	1.80	8	1.19	0.883	16512	0.965	0.117	1541	0.919
COL4A4	1.80	8	1.19	0.883	16513	0.965	0.117	1540	0.919
PRRT3	1.80	8	1.19	0.883	16514	0.965	0.117	1539	0.919
PCDHB2	1.56	6	1.19	0.883	16515	0.965	0.117	1538	0.919
EPDR1	1.80	8	1.19	0.883	16516	0.965	0.117	1537	0.919
PIFO	1.80	8	1.19	0.883	16517	0.965	0.117	1536	0.919
PRAMEF12	1.81	8	1.19	0.883	16518	0.965	0.117	1535	0.919
GPAM	1.81	8	1.19	0.883	16519	0.965	0.117	1534	0.919
ARHGAP18	1.81	8	1.19	0.883	16520	0.965	0.117	1533	0.919
SECISBP2L	1.81	8	1.19	0.883	16521	0.965	0.117	1532	0.919
DMBT1	1.81	8	1.19	0.883	16522	0.965	0.117	1531	0.919
CCDC83	1.81	8	1.19	0.883	16523	0.965	0.117	1530	0.919
TACC3	1.81	8	1.19	0.883	16524	0.965	0.117	1529	0.919
LTBR	1.81	8	1.19	0.883	16525	0.965	0.117	1528	0.919
FGF10	1.81	8	1.19	0.883	16526	0.965	0.117	1527	0.919
TMEM212	1.82	8	1.19	0.884	16527	0.965	0.116	1526	0.919
ADAMTS20	1.82	8	1.19	0.884	16528	0.965	0.116	1525	0.919
SLC36A2	1.82	8	1.19	0.884	16529	0.965	0.116	1524	0.919
PPM1B	1.82	8	1.19	0.884	16530	0.965	0.116	1523	0.919
AAGAB	1.82	8	1.19	0.884	16531	0.965	0.116	1522	0.919
ARSI	1.82	8	1.20	0.884	16532	0.965	0.116	1521	0.919
ACTRT3	1.82	8	1.20	0.884	16533	0.965	0.116	1520	0.919
CYP26A1	1.82	8	1.20	0.884	16534	0.965	0.116	1519	0.919
FAM189A2	1.83	8	1.20	0.884	16535	0.965	0.116	1518	0.919
THAP9	1.83	8	1.20	0.884	16536	0.965	0.116	1517	0.919
KRTAP10-9	0.92	2	1.20	0.884	16537	0.965	0.116	1516	0.919
FZD1	1.83	8	1.20	0.884	16538	0.965	0.116	1515	0.919
ANO7	1.83	8	1.20	0.884	16539	0.965	0.116	1514	0.919
DYNC1LI2	1.83	8	1.20	0.885	16540	0.965	0.115	1513	0.919
MRGPRX4	1.84	8	1.20	0.885	16541	0.965	0.115	1512	0.919
OR4D10	1.84	8	1.20	0.885	16542	0.965	0.115	1511	0.919
GABRP	1.84	8	1.20	0.885	16543	0.965	0.115	1510	0.919
KDM5B	1.84	8	1.20	0.885	16544	0.965	0.115	1509	0.919
MYOZ3	1.84	8	1.20	0.885	16545	0.965	0.115	1508	0.919
CLTC	1.84	8	1.20	0.885	16546	0.965	0.115	1507	0.919
ACAD8	1.84	8	1.20	0.885	16547	0.965	0.115	1506	0.919
IQCG	1.84	8	1.20	0.885	16548	0.965	0.115	1505	0.919
GALNT4	1.84	8	1.20	0.885	16549	0.965	0.115	1504	0.919
RGS7	1.85	8	1.20	0.885	16550	0.965	0.115	1503	0.919
CLLU1OS	1.85	8	1.20	0.885	16551	0.965	0.115	1502	0.919
NSUN6	1.85	8	1.20	0.885	16552	0.966	0.115	1501	0.919
TSNAXIP1	1.85	8	1.20	0.886	16553	0.966	0.114	1500	0.919
SLC28A1	1.85	8	1.20	0.886	16554	0.966	0.114	1499	0.919
LYG2	1.86	8	1.20	0.886	16555	0.966	0.114	1498	0.919
PLEKHA5	1.86	8	1.20	0.886	16556	0.966	0.114	1497	0.919
LHFPL2	1.86	8	1.20	0.886	16557	0.966	0.114	1496	0.919
PDE1B	1.86	8	1.20	0.886	16558	0.966	0.114	1495	0.919
GLRA4	1.86	8	1.20	0.886	16559	0.966	0.114	1494	0.919
ULK3	1.86	8	1.20	0.886	16560	0.966	0.114	1493	0.919
EPN2	1.86	8	1.20	0.886	16561	0.966	0.114	1492	0.919
SLC7A8	1.86	8	1.20	0.886	16562	0.966	0.114	1491	0.919
GCNT1	1.86	8	1.21	0.886	16563	0.966	0.114	1490	0.919
C10orf105	1.86	8	1.21	0.886	16564	0.966	0.114	1489	0.919
NSUN7	1.86	8	1.21	0.886	16565	0.966	0.114	1488	0.919
POLD1	1.87	8	1.21	0.886	16566	0.966	0.114	1487	0.919
CASR	1.87	8	1.21	0.886	16567	0.966	0.114	1486	0.919
RNFT2	1.88	8	1.21	0.887	16568	0.966	0.113	1485	0.919
ZPBP	1.88	8	1.21	0.887	16569	0.966	0.113	1484	0.919
CDKAL1	1.88	8	1.21	0.887	16570	0.966	0.113	1483	0.919
ZYG11B	1.88	8	1.21	0.887	16571	0.966	0.113	1482	0.919
TAS2R30	0.94	2	1.21	0.887	16572	0.966	0.113	1481	0.919
LIPH	1.88	8	1.21	0.887	16573	0.966	0.113	1480	0.919
PDGFB	1.88	8	1.21	0.887	16574	0.966	0.113	1479	0.919
LOX	1.88	8	1.21	0.887	16575	0.966	0.113	1478	0.919
IRX3	1.88	8	1.21	0.887	16576	0.966	0.113	1477	0.919
DTX1	1.88	8	1.21	0.887	16577	0.966	0.113	1476	0.919
HOXC10	1.88	8	1.21	0.887	16578	0.966	0.113	1475	0.919
CNTNAP2	1.89	8	1.21	0.887	16579	0.966	0.113	1474	0.919
TIMP1	1.89	8	1.21	0.887	16580	0.966	0.113	1473	0.919
OR5M9	1.89	8	1.21	0.887	16581	0.966	0.113	1472	0.919
FABP4	1.89	8	1.21	0.887	16582	0.966	0.113	1471	0.919
PCDHGB4	1.90	8	1.21	0.888	16583	0.966	0.112	1470	0.919
PRR13	1.90	8	1.21	0.888	16584	0.966	0.112	1469	0.919
TPRG1	1.90	8	1.21	0.888	16585	0.966	0.112	1468	0.919
ZCCHC24	1.90	8	1.22	0.888	16586	0.966	0.112	1467	0.919
TMEM175	1.90	8	1.22	0.888	16587	0.966	0.112	1466	0.919
CD80	1.90	8	1.22	0.888	16588	0.966	0.112	1465	0.919
UGT2B10	1.35	4	1.22	0.888	16589	0.966	0.112	1464	0.919
PGAM5	1.91	8	1.22	0.888	16590	0.966	0.112	1463	0.919
KIAA0141	1.91	8	1.22	0.888	16591	0.966	0.112	1462	0.919
MZB1	1.91	8	1.22	0.888	16592	0.966	0.112	1461	0.919
GPR182	1.91	8	1.22	0.888	16593	0.966	0.112	1460	0.919
GGT6	1.91	8	1.22	0.888	16594	0.966	0.112	1459	0.919
STXBP3	1.91	8	1.22	0.888	16595	0.966	0.112	1458	0.919
C10orf99	1.91	8	1.22	0.888	16596	0.966	0.112	1457	0.919
ZNF571	1.91	8	1.22	0.888	16597	0.966	0.112	1456	0.919
GPC4	1.91	8	1.22	0.888	16598	0.966	0.112	1455	0.919
GSC	1.91	8	1.22	0.888	16599	0.966	0.112	1454	0.919
ZNF559	1.91	8	1.22	0.888	16600	0.966	0.112	1453	0.919
PKP1	1.91	8	1.22	0.888	16601	0.966	0.112	1452	0.919
NAT1	1.91	8	1.22	0.888	16602	0.966	0.112	1451	0.919
BBS9	1.91	8	1.22	0.889	16603	0.966	0.111	1450	0.919
KATNBL1	1.35	4	1.22	0.889	16604	0.966	0.111	1449	0.919
TUSC3	1.92	8	1.22	0.889	16605	0.966	0.111	1448	0.919
GDF3	1.92	8	1.22	0.889	16606	0.966	0.111	1447	0.919
ZNF391	1.92	8	1.22	0.889	16607	0.966	0.111	1446	0.919
FSD1	1.92	8	1.22	0.889	16608	0.966	0.111	1445	0.919
GPR75	1.92	8	1.22	0.889	16609	0.966	0.111	1444	0.919
TAPT1	1.92	8	1.22	0.889	16610	0.966	0.111	1443	0.919
METTL21C	1.92	8	1.22	0.889	16611	0.966	0.111	1442	0.919
UNG	1.92	8	1.22	0.889	16612	0.966	0.111	1441	0.919
MAP2K2	1.92	8	1.22	0.889	16613	0.966	0.111	1440	0.919
AGPAT9	1.93	8	1.22	0.889	16614	0.966	0.111	1439	0.919
ID1	1.93	8	1.22	0.889	16615	0.966	0.111	1438	0.919
C4orf33	1.67	6	1.22	0.889	16616	0.966	0.111	1437	0.919
SMARCAL1	1.94	8	1.22	0.89	16617	0.966	0.11	1436	0.919
RASGEF1A	1.94	8	1.22	0.89	16618	0.966	0.11	1435	0.919
PTTG1IP	1.94	8	1.22	0.89	16619	0.966	0.11	1434	0.919
NDUFAF3	1.94	8	1.23	0.89	16620	0.966	0.11	1433	0.919
WFDC11	1.68	6	1.23	0.89	16621	0.966	0.11	1432	0.919
ERAS	1.94	8	1.23	0.89	16622	0.966	0.11	1431	0.919
ITGA1	1.94	8	1.23	0.89	16623	0.966	0.11	1430	0.919
CUEDC2	1.94	8	1.23	0.89	16624	0.966	0.11	1429	0.919
PIEZO2	1.95	8	1.23	0.89	16625	0.966	0.11	1428	0.919
EFCAB4B	1.95	8	1.23	0.89	16626	0.966	0.11	1427	0.919
TSSK1B	1.95	8	1.23	0.89	16627	0.966	0.11	1426	0.919
TCF15	1.95	8	1.23	0.89	16628	0.966	0.11	1425	0.919
DYTN	1.95	8	1.23	0.89	16629	0.966	0.11	1424	0.919
TTL	1.95	8	1.23	0.89	16630	0.966	0.11	1423	0.919
SLC22A15	1.95	8	1.23	0.89	16631	0.966	0.11	1422	0.919
PLEKHA2	1.69	6	1.23	0.89	16632	0.966	0.11	1421	0.919
CIC	1.95	8	1.23	0.89	16633	0.966	0.11	1420	0.919
FAM98A	1.95	8	1.23	0.89	16634	0.966	0.11	1419	0.919
RPS4Y1	1.38	4	1.23	0.89	16635	0.966	0.11	1418	0.919
HLA-DRA	1.96	8	1.23	0.89	16636	0.966	0.11	1417	0.919
HIST1H2BB	0.98	2	1.23	0.891	16637	0.966	0.109	1416	0.919
CUEDC1	1.96	8	1.23	0.891	16638	0.966	0.109	1415	0.919
PGM1	1.96	8	1.23	0.891	16639	0.966	0.109	1414	0.919
C3AR1	1.96	8	1.23	0.891	16640	0.966	0.109	1413	0.919
SMCO3	1.97	8	1.23	0.891	16641	0.966	0.109	1412	0.919
LRRTM2	1.97	8	1.23	0.891	16642	0.966	0.109	1411	0.919
QRFPR	1.97	8	1.23	0.891	16643	0.966	0.109	1410	0.919
MCCC1	1.97	8	1.23	0.891	16644	0.966	0.109	1409	0.919
ENPP1	1.97	8	1.23	0.891	16645	0.966	0.109	1408	0.919
RBP1	1.97	8	1.23	0.891	16646	0.966	0.109	1407	0.919
CXCL6	0.99	2	1.23	0.891	16647	0.966	0.109	1406	0.919
PCGF3	1.97	8	1.23	0.891	16648	0.966	0.109	1405	0.919
C3orf27	1.97	8	1.23	0.891	16649	0.966	0.109	1404	0.919
LANCL3	1.98	8	1.24	0.892	16650	0.966	0.108	1403	0.919
SLC5A5	1.98	8	1.24	0.892	16651	0.966	0.108	1402	0.919
IMPG2	1.98	8	1.24	0.892	16652	0.966	0.108	1401	0.919
IQCJ	1.98	8	1.24	0.892	16653	0.966	0.108	1400	0.919
SMARCC2	1.98	8	1.24	0.892	16654	0.966	0.108	1399	0.919
MXI1	1.98	8	1.24	0.892	16655	0.966	0.108	1398	0.919
SLC5A1	1.98	8	1.24	0.892	16656	0.966	0.108	1397	0.919
IL4R	1.99	8	1.24	0.892	16657	0.966	0.108	1396	0.919
CYP27B1	1.99	8	1.24	0.892	16658	0.966	0.108	1395	0.919
CACHD1	1.99	8	1.24	0.892	16659	0.966	0.108	1394	0.919
RNF13	1.99	8	1.24	0.892	16660	0.966	0.108	1393	0.919
VEGFA	1.99	8	1.24	0.892	16661	0.966	0.108	1392	0.919
BEX4	1.99	8	1.24	0.892	16662	0.966	0.108	1391	0.919
GPR62	1.99	8	1.24	0.892	16663	0.966	0.108	1390	0.919
OR52R1	1.99	8	1.24	0.892	16664	0.966	0.108	1389	0.919
TMEM116	1.99	8	1.24	0.892	16665	0.966	0.108	1388	0.919
KRTAP9-1	1.99	8	1.24	0.892	16666	0.966	0.108	1387	0.919
PCDHB12	1.99	8	1.24	0.892	16667	0.966	0.108	1386	0.919
CTTNBP2	1.99	8	1.24	0.892	16668	0.966	0.108	1385	0.919
GTPBP8	1.99	8	1.24	0.892	16669	0.966	0.108	1384	0.919
GLI4	1.99	8	1.24	0.892	16670	0.966	0.108	1383	0.919
TRPV5	1.99	8	1.24	0.892	16671	0.966	0.108	1382	0.919
MED27	1.99	8	1.24	0.892	16672	0.966	0.108	1381	0.919
FAM107B	2.00	8	1.24	0.892	16673	0.966	0.108	1380	0.919
ALCAM	2.00	8	1.24	0.893	16674	0.966	0.107	1379	0.919
ZNF516	2.00	8	1.24	0.893	16675	0.966	0.107	1378	0.919
FLNB	2.00	8	1.24	0.893	16676	0.966	0.107	1377	0.919
FAM71C	2.01	8	1.24	0.893	16677	0.966	0.107	1376	0.919
ESRP1	2.01	8	1.24	0.893	16678	0.966	0.107	1375	0.919
OR2T12	1.00	2	1.24	0.893	16679	0.966	0.107	1374	0.919
H1FNT	2.01	8	1.24	0.893	16680	0.966	0.107	1373	0.919
ZNF500	2.01	8	1.24	0.893	16681	0.966	0.107	1372	0.919
FUZ	2.01	8	1.24	0.893	16682	0.966	0.107	1371	0.919
ZNF664	2.01	8	1.24	0.893	16683	0.966	0.107	1370	0.919
CTAGE1	1.42	4	1.24	0.893	16684	0.966	0.107	1369	0.919
CNOT1	2.01	8	1.24	0.893	16685	0.966	0.107	1368	0.919
KCNMB3	2.01	8	1.24	0.893	16686	0.966	0.107	1367	0.919
EMP3	2.01	8	1.24	0.893	16687	0.966	0.107	1366	0.919
ATP6V0A2	2.01	8	1.24	0.893	16688	0.966	0.107	1365	0.919
INHBB	2.02	8	1.24	0.893	16689	0.966	0.107	1364	0.919
LTA4H	2.02	8	1.24	0.893	16690	0.966	0.107	1363	0.919
GNG4	2.02	8	1.25	0.893	16691	0.966	0.107	1362	0.919
PLSCR1	2.02	8	1.25	0.893	16692	0.966	0.107	1361	0.919
TTC16	2.02	8	1.25	0.894	16693	0.966	0.106	1360	0.919
OR52A1	2.02	8	1.25	0.894	16694	0.966	0.106	1359	0.919
MYLK	2.02	8	1.25	0.894	16695	0.966	0.106	1358	0.919
ZNF330	2.03	8	1.25	0.894	16696	0.966	0.106	1357	0.919
ETFDH	2.03	8	1.25	0.894	16697	0.966	0.106	1356	0.919
HOXC13	1.90	7	1.25	0.894	16698	0.966	0.106	1355	0.919
C4BPA	2.03	8	1.25	0.894	16699	0.966	0.106	1354	0.919
PTPN12	2.03	8	1.25	0.894	16700	0.966	0.106	1353	0.919
ALDH1L1	2.04	8	1.25	0.894	16701	0.966	0.106	1352	0.919
HEG1	2.04	8	1.25	0.894	16702	0.966	0.106	1351	0.919
OAS3	1.91	7	1.25	0.895	16703	0.966	0.105	1350	0.919
SEMA5A	2.04	8	1.25	0.895	16704	0.966	0.105	1349	0.919
PMFBP1	2.04	8	1.25	0.895	16705	0.966	0.105	1348	0.919
LRRC55	2.04	8	1.25	0.895	16706	0.966	0.105	1347	0.919
FAM73B	2.04	8	1.25	0.895	16707	0.966	0.105	1346	0.919
SERTAD2	2.04	8	1.25	0.895	16708	0.966	0.105	1345	0.919
CNGA1	2.04	8	1.25	0.895	16709	0.966	0.105	1344	0.919
WHSC1L1	2.04	8	1.25	0.895	16710	0.966	0.105	1343	0.919
TBX15	2.04	8	1.25	0.895	16711	0.966	0.105	1342	0.919
IFI27L1	2.04	8	1.25	0.895	16712	0.966	0.105	1341	0.919
ATP10A	2.04	8	1.25	0.895	16713	0.966	0.105	1340	0.919
PTP4A1	2.05	8	1.25	0.895	16714	0.966	0.105	1339	0.919
C1orf185	2.05	8	1.25	0.895	16715	0.966	0.105	1338	0.919
SMARCD2	2.05	8	1.25	0.895	16716	0.966	0.105	1337	0.919
C7orf55	1.02	2	1.25	0.895	16717	0.966	0.105	1336	0.919
C20orf62	2.05	8	1.25	0.895	16718	0.966	0.105	1335	0.919
PCBP2	2.05	8	1.25	0.895	16719	0.966	0.105	1334	0.919
NECAB3	2.05	8	1.25	0.895	16720	0.966	0.105	1333	0.919
NGFR	2.05	8	1.25	0.895	16721	0.966	0.105	1332	0.919
SOCS6	2.06	8	1.25	0.895	16722	0.966	0.105	1331	0.919
SPATA33	1.92	7	1.26	0.895	16723	0.966	0.105	1330	0.919
CCDC90B	2.06	8	1.26	0.895	16724	0.966	0.105	1329	0.919
OR11H6	2.06	8	1.26	0.895	16725	0.966	0.105	1328	0.919
SLC11A2	2.06	8	1.26	0.896	16726	0.966	0.104	1327	0.919
ATXN2	2.06	8	1.26	0.896	16727	0.966	0.104	1326	0.919
PSMA8	2.06	8	1.26	0.896	16728	0.966	0.104	1325	0.919
CREM	2.06	8	1.26	0.896	16729	0.966	0.104	1324	0.919
S100A3	2.06	8	1.26	0.896	16730	0.966	0.104	1323	0.919
GPD2	2.07	8	1.26	0.896	16731	0.966	0.104	1322	0.919
AP3M1	2.07	8	1.26	0.896	16732	0.966	0.104	1321	0.919
THUMPD3	2.07	8	1.26	0.896	16733	0.966	0.104	1320	0.919
PRB3	1.03	2	1.26	0.896	16734	0.966	0.104	1319	0.919
TRIP4	2.07	8	1.26	0.896	16735	0.966	0.104	1318	0.919
MLTK	2.07	8	1.26	0.896	16736	0.967	0.104	1317	0.919
FSHR	2.08	8	1.26	0.896	16737	0.967	0.104	1316	0.919
TEX12	1.80	6	1.26	0.896	16738	0.967	0.104	1315	0.919
CD300LF	2.08	8	1.26	0.896	16739	0.967	0.104	1314	0.919
TMEM132B	2.08	8	1.26	0.896	16740	0.967	0.104	1313	0.919
GBP7	2.08	8	1.26	0.896	16741	0.967	0.104	1312	0.919
NDUFS6	2.08	8	1.26	0.897	16742	0.967	0.103	1311	0.919
SYNPO2	2.08	8	1.26	0.897	16743	0.967	0.103	1310	0.919
TAGLN2	2.09	8	1.26	0.897	16744	0.967	0.103	1309	0.919
HOXB2	2.09	8	1.26	0.897	16745	0.967	0.103	1308	0.919
SGIP1	2.09	8	1.27	0.897	16746	0.967	0.103	1307	0.919
PVRL2	2.10	8	1.27	0.897	16747	0.967	0.103	1306	0.919
FGF9	2.10	8	1.27	0.897	16748	0.967	0.103	1305	0.919
OR6P1	2.10	8	1.27	0.897	16749	0.967	0.103	1304	0.919
MGME1	2.10	8	1.27	0.897	16750	0.967	0.103	1303	0.919
KCNG1	2.10	8	1.27	0.897	16751	0.967	0.103	1302	0.919
CHAC1	2.10	8	1.27	0.898	16752	0.967	0.102	1301	0.919
ZNF704	2.11	8	1.27	0.898	16753	0.967	0.102	1300	0.919
ZSWIM6	2.11	8	1.27	0.898	16754	0.967	0.102	1299	0.919
APMAP	2.11	8	1.27	0.898	16755	0.967	0.102	1298	0.919
CERS3	2.12	8	1.27	0.898	16756	0.967	0.102	1297	0.919
SMC3	2.12	8	1.27	0.898	16757	0.967	0.102	1296	0.919
TOMM70A	2.12	8	1.27	0.898	16758	0.968	0.102	1295	0.919
ITPK1	2.12	8	1.27	0.898	16759	0.968	0.102	1294	0.919
MBD4	2.12	8	1.27	0.898	16760	0.968	0.102	1293	0.919
CLEC14A	2.12	8	1.27	0.898	16761	0.968	0.102	1292	0.919
GPRC6A	2.13	8	1.27	0.899	16762	0.968	0.101	1291	0.919
EN1	2.13	8	1.27	0.899	16763	0.968	0.101	1290	0.919
PCNP	1.84	6	1.27	0.899	16764	0.968	0.101	1289	0.919
CCNB2	2.13	8	1.27	0.899	16765	0.968	0.101	1288	0.919
IL34	2.13	8	1.28	0.899	16766	0.968	0.101	1287	0.919
FRG1	1.07	2	1.28	0.899	16767	0.968	0.101	1286	0.919
HDAC9	2.14	8	1.28	0.899	16768	0.968	0.101	1285	0.919
MLF1	2.14	8	1.28	0.899	16769	0.968	0.101	1284	0.919
PTP4A3	2.14	8	1.28	0.899	16770	0.968	0.101	1283	0.919
SEC14L1	2.15	8	1.28	0.899	16771	0.968	0.101	1282	0.919
TCTN1	2.15	8	1.28	0.9	16772	0.968	0.1	1281	0.919
TRHR	2.15	8	1.28	0.9	16773	0.968	0.1	1280	0.919
DUSP15	2.15	8	1.28	0.9	16774	0.968	0.1	1279	0.919
C4A	1.52	4	1.28	0.9	16775	0.968	0.1	1278	0.919
TPST1	2.15	8	1.28	0.9	16776	0.968	0.1	1277	0.919
AKAP3	2.15	8	1.28	0.9	16777	0.968	0.1	1276	0.919
AMBRA1	2.15	8	1.28	0.9	16778	0.968	0.1	1275	0.919
SLITRK4	2.15	8	1.28	0.9	16779	0.968	0.1	1274	0.919
FARP1	2.15	8	1.28	0.9	16780	0.968	0.1	1273	0.919
LGALS9	1.52	4	1.28	0.9	16781	0.968	0.1	1272	0.919
DZANK1	2.16	8	1.28	0.9	16782	0.968	0.0999	1271	0.919
KCNJ9	2.16	8	1.28	0.9	16783	0.968	0.0999	1270	0.919
KLF15	2.16	8	1.28	0.9	16784	0.968	0.0997	1269	0.919
TMEM9B	2.17	8	1.28	0.9	16785	0.968	0.0997	1268	0.919
SYT15	2.17	8	1.28	0.9	16786	0.968	0.0997	1267	0.919
PNRC1	2.17	8	1.28	0.901	16787	0.968	0.0995	1266	0.919
ATAD2B	2.17	8	1.28	0.901	16788	0.968	0.0995	1265	0.919
C15orf56	2.17	8	1.28	0.901	16789	0.968	0.0994	1264	0.919
UHRF1BP1L	2.17	8	1.28	0.901	16790	0.968	0.0994	1263	0.919
OR5K3	2.17	8	1.28	0.901	16791	0.968	0.0994	1262	0.919
TTC36	2.17	8	1.28	0.901	16792	0.968	0.0994	1261	0.919
MFN1	2.18	8	1.29	0.901	16793	0.968	0.0992	1260	0.919
NPPC	2.18	8	1.29	0.901	16794	0.968	0.099	1259	0.919
FAM83G	2.18	8	1.29	0.901	16795	0.968	0.0989	1258	0.919
NXPE3	2.18	8	1.29	0.901	16796	0.968	0.0989	1257	0.919
TXNRD3NB	2.18	8	1.29	0.901	16797	0.968	0.0988	1256	0.919
CXorf22	2.19	8	1.29	0.901	16798	0.968	0.0988	1255	0.919
GLS2	2.19	8	1.29	0.901	16799	0.968	0.0987	1254	0.919
MON2	2.19	8	1.29	0.901	16800	0.968	0.0986	1253	0.919
TWF1	2.19	8	1.29	0.901	16801	0.968	0.0986	1252	0.919
PTX4	2.19	8	1.29	0.901	16802	0.968	0.0986	1251	0.919
PIK3CB	2.19	8	1.29	0.901	16803	0.968	0.0985	1250	0.919
AGBL1	2.19	8	1.29	0.901	16804	0.968	0.0985	1249	0.919
IFIH1	2.19	8	1.29	0.902	16805	0.968	0.0985	1248	0.919
DUSP11	2.19	8	1.29	0.902	16806	0.968	0.0984	1247	0.919
CASP10	1.90	6	1.29	0.902	16807	0.968	0.0984	1246	0.919
EIF1AY	2.19	8	1.29	0.902	16808	0.968	0.0983	1245	0.919
TNFAIP2	2.20	8	1.29	0.902	16809	0.968	0.0982	1244	0.919
CXCR6	2.20	8	1.29	0.902	16810	0.968	0.0982	1243	0.919
DEFB112	2.20	8	1.29	0.902	16811	0.968	0.0981	1242	0.919
SHOX2	2.20	8	1.29	0.902	16812	0.969	0.098	1241	0.919
ZXDC	2.20	8	1.29	0.902	16813	0.969	0.0979	1240	0.919
BROX	2.21	8	1.29	0.902	16814	0.969	0.0979	1239	0.919
GDF11	2.21	8	1.29	0.902	16815	0.969	0.0978	1238	0.919
LILRA1	2.21	8	1.29	0.902	16816	0.969	0.0977	1237	0.919
CILP2	2.21	8	1.29	0.902	16817	0.969	0.0977	1236	0.919
KRTAP22-1	2.21	8	1.30	0.903	16818	0.969	0.0974	1235	0.919
CEP76	2.22	8	1.30	0.903	16819	0.969	0.0974	1234	0.919
MAPK14	2.22	8	1.30	0.903	16820	0.969	0.0974	1233	0.919
VPS37B	2.22	8	1.30	0.903	16821	0.969	0.0973	1232	0.919
DCAF10	2.22	8	1.30	0.903	16822	0.969	0.0973	1231	0.919
COL6A6	2.22	8	1.30	0.903	16823	0.969	0.0971	1230	0.919
NXF3	2.22	8	1.30	0.903	16824	0.969	0.097	1229	0.919
NEUROD1	2.22	8	1.30	0.903	16825	0.969	0.097	1228	0.919
SLC16A11	2.23	8	1.30	0.903	16826	0.969	0.0969	1227	0.919
KDM5A	2.23	8	1.30	0.903	16827	0.969	0.0969	1226	0.919
ZNF10	2.23	8	1.30	0.903	16828	0.969	0.0968	1225	0.919
FAM83F	2.24	8	1.30	0.904	16829	0.969	0.0964	1224	0.919
CELA3A	1.94	6	1.30	0.904	16830	0.969	0.0963	1223	0.919
BLOC1S6	2.24	8	1.30	0.904	16831	0.969	0.0963	1222	0.919
ARIH2OS	2.24	8	1.30	0.904	16832	0.969	0.0962	1221	0.919
PCDHB15	2.24	8	1.30	0.904	16833	0.969	0.0962	1220	0.919
SLC39A11	2.24	8	1.30	0.904	16834	0.969	0.0961	1219	0.919
TENC1	2.25	8	1.30	0.904	16835	0.969	0.0961	1218	0.919
TET2	2.25	8	1.30	0.904	16836	0.969	0.096	1217	0.919
LRRFIP2	2.25	8	1.30	0.904	16837	0.969	0.096	1216	0.919
PHGDH	2.25	8	1.30	0.904	16838	0.969	0.096	1215	0.919
JUND	2.25	8	1.30	0.904	16839	0.969	0.096	1214	0.919
FAM196A	2.25	8	1.31	0.904	16840	0.969	0.0958	1213	0.919
DCUN1D5	2.25	8	1.31	0.904	16841	0.969	0.0958	1212	0.919
IL1R2	2.25	8	1.31	0.904	16842	0.969	0.0957	1211	0.919
HNF4G	2.25	8	1.31	0.904	16843	0.969	0.0957	1210	0.919
SPCS1	2.26	8	1.31	0.905	16844	0.969	0.0954	1209	0.919
TRPV4	2.26	8	1.31	0.905	16845	0.969	0.0953	1208	0.919
MAGEF1	2.26	8	1.31	0.905	16846	0.969	0.0953	1207	0.919
CAND2	2.26	8	1.31	0.905	16847	0.969	0.0953	1206	0.919
GAS2L3	2.27	8	1.31	0.905	16848	0.969	0.0952	1205	0.919
ADAD2	2.27	8	1.31	0.905	16849	0.969	0.0951	1204	0.919
RASSF3	2.27	8	1.31	0.905	16850	0.969	0.0951	1203	0.919
NCKAP5	2.27	8	1.31	0.905	16851	0.969	0.0951	1202	0.919
SUCNR1	2.27	8	1.31	0.905	16852	0.969	0.0951	1201	0.919
SI	2.27	8	1.31	0.905	16853	0.969	0.095	1200	0.919
HEPHL1	2.28	8	1.31	0.905	16854	0.97	0.0948	1199	0.919
TLE4	2.28	8	1.31	0.905	16855	0.97	0.0947	1198	0.919
OSTF1	2.28	8	1.31	0.905	16856	0.97	0.0946	1197	0.919
TNN	2.28	8	1.31	0.905	16857	0.97	0.0946	1196	0.919
KLF3	2.28	8	1.31	0.906	16858	0.97	0.0945	1195	0.919
ZNF821	2.28	8	1.31	0.906	16859	0.97	0.0944	1194	0.919
NKX1-1	2.28	8	1.31	0.906	16860	0.97	0.0944	1193	0.919
INSL6	2.29	8	1.31	0.906	16861	0.97	0.0943	1192	0.919
NLRP5	2.29	8	1.32	0.906	16862	0.97	0.0941	1191	0.919
FRYL	2.29	8	1.32	0.906	16863	0.97	0.0941	1190	0.919
MPC2	2.29	8	1.32	0.906	16864	0.97	0.094	1189	0.919
FAM228B	2.29	8	1.32	0.906	16865	0.97	0.094	1188	0.919
MFSD12	2.29	8	1.32	0.906	16866	0.97	0.094	1187	0.919
NUTM1	2.29	8	1.32	0.906	16867	0.97	0.094	1186	0.919
SH3BP5	2.30	8	1.32	0.906	16868	0.97	0.0939	1185	0.919
GAPT	2.30	8	1.32	0.906	16869	0.97	0.0938	1184	0.919
SLK	2.30	8	1.32	0.906	16870	0.97	0.0938	1183	0.919
CST4	1.99	6	1.32	0.906	16871	0.97	0.0937	1182	0.919
MRPS36	1.15	2	1.32	0.906	16872	0.97	0.0936	1181	0.919
CTNNAL1	2.30	8	1.32	0.906	16873	0.97	0.0936	1180	0.919
LIN9	2.31	8	1.32	0.907	16874	0.97	0.0934	1179	0.919
DYX1C1	2.31	8	1.32	0.907	16875	0.97	0.0934	1178	0.919
SSSCA1	2.31	8	1.32	0.907	16876	0.97	0.0933	1177	0.919
ATP5G2	2.31	8	1.32	0.907	16877	0.97	0.0932	1176	0.919
AFF4	2.31	8	1.32	0.907	16878	0.97	0.0931	1175	0.919
COL8A1	2.32	8	1.32	0.907	16879	0.97	0.0929	1174	0.919
BIK	2.32	8	1.32	0.907	16880	0.97	0.0929	1173	0.919
DCAF12L1	2.32	8	1.32	0.907	16881	0.97	0.0929	1172	0.919
DCLRE1A	2.32	8	1.32	0.907	16882	0.97	0.0928	1171	0.919
C4orf45	2.32	8	1.32	0.907	16883	0.97	0.0928	1170	0.919
C7orf71	2.32	8	1.32	0.907	16884	0.97	0.0927	1169	0.919
AQP3	2.32	8	1.32	0.907	16885	0.97	0.0927	1168	0.919
GOT1L1	2.32	8	1.32	0.907	16886	0.97	0.0927	1167	0.919
SLC7A14	2.32	8	1.32	0.907	16887	0.97	0.0926	1166	0.919
CTXN1	2.33	8	1.32	0.907	16888	0.97	0.0926	1165	0.919
FAM9A	2.33	8	1.33	0.908	16889	0.97	0.0924	1164	0.919
PLCH1	2.33	8	1.33	0.908	16890	0.97	0.0924	1163	0.919
ANKRD18B	1.17	2	1.33	0.908	16891	0.97	0.0924	1162	0.919
CDH3	2.33	8	1.33	0.908	16892	0.97	0.0924	1161	0.919
HS3ST1	2.33	8	1.33	0.908	16893	0.97	0.0923	1160	0.919
CPM	2.33	8	1.33	0.908	16894	0.97	0.0923	1159	0.919
FAM43A	2.33	8	1.33	0.908	16895	0.97	0.0922	1158	0.919
LDB3	2.34	8	1.33	0.908	16896	0.97	0.0922	1157	0.919
SYNGR2	2.34	8	1.33	0.908	16897	0.97	0.0921	1156	0.919
SRRD	2.34	8	1.33	0.908	16898	0.97	0.092	1155	0.919
NDUFAF2	2.34	8	1.33	0.908	16899	0.97	0.092	1154	0.919
PPP1R13L	2.34	8	1.33	0.908	16900	0.97	0.092	1153	0.919
C5orf56	2.34	8	1.33	0.908	16901	0.97	0.0918	1152	0.919
TNIK	2.34	8	1.33	0.908	16902	0.97	0.0918	1151	0.919
KRT72	2.35	8	1.33	0.908	16903	0.97	0.0918	1150	0.919
OR6C65	2.35	8	1.33	0.908	16904	0.97	0.0917	1149	0.919
ZNF430	1.17	2	1.33	0.908	16905	0.97	0.0917	1148	0.919
NSL1	2.35	8	1.33	0.908	16906	0.97	0.0917	1147	0.919
DAND5	2.35	8	1.33	0.908	16907	0.97	0.0917	1146	0.919
SIDT1	2.35	8	1.33	0.908	16908	0.97	0.0916	1145	0.919
HHEX	2.35	8	1.33	0.908	16909	0.97	0.0916	1144	0.919
PHF2	2.35	8	1.33	0.908	16910	0.97	0.0916	1143	0.919
RNF187	2.35	8	1.33	0.909	16911	0.97	0.0914	1142	0.919
GOLGA4	2.35	8	1.33	0.909	16912	0.97	0.0914	1141	0.919
IRX5	2.36	8	1.33	0.909	16913	0.97	0.0913	1140	0.919
ISLR2	2.36	8	1.33	0.909	16914	0.97	0.0912	1139	0.919
IL33	2.36	8	1.33	0.909	16915	0.97	0.0912	1138	0.919
PTX3	2.36	8	1.33	0.909	16916	0.97	0.0911	1137	0.919
METTL20	2.36	8	1.33	0.909	16917	0.97	0.0911	1136	0.919
PCDHA13	2.36	8	1.33	0.909	16918	0.97	0.0911	1135	0.919
ADIPOR2	2.36	8	1.33	0.909	16919	0.97	0.091	1134	0.919
ERBB2IP	2.36	8	1.33	0.909	16920	0.97	0.091	1133	0.919
DOCK11	2.36	8	1.33	0.909	16921	0.97	0.091	1132	0.919
DYNLL2	2.37	8	1.34	0.909	16922	0.97	0.0908	1131	0.919
ZNF605	2.37	8	1.34	0.909	16923	0.97	0.0908	1130	0.919
PIGO	2.37	8	1.34	0.909	16924	0.97	0.0908	1129	0.919
TOMM5	2.37	8	1.34	0.909	16925	0.97	0.0906	1128	0.919
RNF141	2.38	8	1.34	0.91	16926	0.97	0.0904	1127	0.919
TSC22D3	2.06	6	1.34	0.91	16927	0.97	0.0904	1126	0.919
CBX6	2.38	8	1.34	0.91	16928	0.97	0.0904	1125	0.919
MS4A4A	2.38	8	1.34	0.91	16929	0.97	0.0904	1124	0.919
ZNF672	2.38	8	1.34	0.91	16930	0.97	0.0903	1123	0.919
IDH2	2.38	8	1.34	0.91	16931	0.97	0.0903	1122	0.919
CD96	2.38	8	1.34	0.91	16932	0.97	0.0902	1121	0.919
DYNC2LI1	2.38	8	1.34	0.91	16933	0.97	0.0901	1120	0.919
KLRK1	2.39	8	1.34	0.91	16934	0.97	0.09	1119	0.919
SOAT2	2.39	8	1.34	0.91	16935	0.97	0.0899	1118	0.919
WBSCR17	2.39	8	1.34	0.91	16936	0.97	0.0899	1117	0.919
PXMP4	2.39	8	1.34	0.91	16937	0.97	0.0898	1116	0.919
CCDC135	2.39	8	1.34	0.91	16938	0.97	0.0898	1115	0.919
AMPD2	2.39	8	1.34	0.91	16939	0.97	0.0897	1114	0.919
ATP1B3	2.39	8	1.34	0.91	16940	0.97	0.0897	1113	0.919
ASCL1	2.39	8	1.34	0.91	16941	0.97	0.0897	1112	0.919
RALGAPB	2.40	8	1.34	0.91	16942	0.97	0.0895	1111	0.919
SLC4A2	2.40	8	1.34	0.911	16943	0.97	0.0894	1110	0.919
SSTR2	2.40	8	1.34	0.911	16944	0.97	0.0894	1109	0.919
RAP2C	2.40	8	1.35	0.911	16945	0.97	0.0893	1108	0.919
CCDC149	2.41	8	1.35	0.911	16946	0.97	0.0892	1107	0.919
PSD2	2.41	8	1.35	0.911	16947	0.97	0.089	1106	0.919
SLC8B1	2.41	8	1.35	0.911	16948	0.97	0.089	1105	0.919
ABCA3	2.41	8	1.35	0.911	16949	0.97	0.0889	1104	0.919
LLPH	2.09	6	1.35	0.911	16950	0.97	0.0889	1103	0.919
ALS2CR12	2.41	8	1.35	0.911	16951	0.97	0.0888	1102	0.919
FXYD4	2.42	8	1.35	0.911	16952	0.97	0.0886	1101	0.919
CTNND2	2.42	8	1.35	0.911	16953	0.97	0.0886	1100	0.919
SLC35A5	2.42	8	1.35	0.911	16954	0.97	0.0886	1099	0.919
SYT1	2.42	8	1.35	0.911	16955	0.97	0.0886	1098	0.919
SSPN	2.42	8	1.35	0.912	16956	0.971	0.0884	1097	0.919
SEC24D	2.43	8	1.35	0.912	16957	0.971	0.0881	1096	0.919
PRKD1	2.44	8	1.35	0.912	16958	0.971	0.088	1095	0.919
NDUFB6	2.44	8	1.35	0.912	16959	0.971	0.088	1094	0.919
SH3KBP1	2.44	8	1.35	0.912	16960	0.971	0.0879	1093	0.919
MSI2	2.44	8	1.35	0.912	16961	0.971	0.0879	1092	0.919
SENP2	2.44	8	1.35	0.912	16962	0.971	0.0878	1091	0.919
OR1M1	2.44	8	1.36	0.912	16963	0.971	0.0876	1090	0.919
SIGLEC11	2.45	8	1.36	0.913	16964	0.971	0.0874	1089	0.919
LRRC10	2.45	8	1.36	0.913	16965	0.971	0.0874	1088	0.919
TCERG1L	2.45	8	1.36	0.913	16966	0.971	0.0873	1087	0.919
TGM4	2.45	8	1.36	0.913	16967	0.971	0.0873	1086	0.919
IFFO2	2.46	8	1.36	0.913	16968	0.971	0.0871	1085	0.919
C5orf64	2.46	8	1.36	0.913	16969	0.971	0.0871	1084	0.919
SNAP25	2.46	8	1.36	0.913	16970	0.971	0.087	1083	0.919
FBXO21	2.46	8	1.36	0.913	16971	0.971	0.087	1082	0.919
KRT77	2.46	8	1.36	0.913	16972	0.971	0.0869	1081	0.919
WDR72	2.46	8	1.36	0.913	16973	0.971	0.0868	1080	0.919
TDO2	2.47	8	1.36	0.913	16974	0.971	0.0867	1079	0.919
AMIGO2	2.47	8	1.36	0.913	16975	0.971	0.0867	1078	0.919
CALCOCO1	2.47	8	1.36	0.913	16976	0.971	0.0867	1077	0.919
B4GALT7	2.47	8	1.36	0.913	16977	0.971	0.0865	1076	0.919
FXR1	2.47	8	1.36	0.914	16978	0.971	0.0864	1075	0.919
MET	2.47	8	1.36	0.914	16979	0.971	0.0864	1074	0.919
DRGX	2.48	8	1.36	0.914	16980	0.971	0.0863	1073	0.919
STAT5B	2.48	8	1.36	0.914	16981	0.971	0.0863	1072	0.919
CLDN16	2.48	8	1.36	0.914	16982	0.971	0.0863	1071	0.919
PNPLA8	2.32	7	1.36	0.914	16983	0.971	0.0862	1070	0.919
EVA1C	2.15	6	1.37	0.914	16984	0.971	0.086	1069	0.919
DEGS2	2.48	8	1.37	0.914	16985	0.971	0.086	1068	0.919
ZNF878	1.24	2	1.37	0.914	16986	0.971	0.086	1067	0.919
RAB43	2.49	8	1.37	0.914	16987	0.971	0.0859	1066	0.919
FAM229B	2.49	8	1.37	0.914	16988	0.971	0.0858	1065	0.919
LEKR1	2.49	8	1.37	0.914	16989	0.971	0.0858	1064	0.919
WBSCR27	2.49	8	1.37	0.914	16990	0.971	0.0858	1063	0.919
ZNF80	2.49	8	1.37	0.914	16991	0.971	0.0858	1062	0.919
C8orf47	2.49	8	1.37	0.914	16992	0.971	0.0857	1061	0.919
ZFC3H1	2.49	8	1.37	0.914	16993	0.971	0.0857	1060	0.919
CCL2	2.49	8	1.37	0.914	16994	0.971	0.0857	1059	0.919
FUNDC1	2.49	8	1.37	0.914	16995	0.971	0.0856	1058	0.919
METTL15	2.49	8	1.37	0.914	16996	0.971	0.0856	1057	0.919
LDHAL6B	2.49	8	1.37	0.914	16997	0.971	0.0856	1056	0.919
GFAP	2.50	8	1.37	0.914	16998	0.971	0.0855	1055	0.919
ZNF333	2.50	8	1.37	0.915	16999	0.971	0.0853	1054	0.919
CCL14	2.50	8	1.37	0.915	17000	0.971	0.0853	1053	0.919
HACE1	2.50	8	1.37	0.915	17001	0.971	0.0852	1052	0.919
JMJD7	2.50	8	1.37	0.915	17002	0.971	0.0852	1051	0.919
NOS1	2.51	8	1.37	0.915	17003	0.971	0.0851	1050	0.919
CLDN20	2.51	8	1.37	0.915	17004	0.971	0.0851	1049	0.919
AC007431.1	2.51	8	1.37	0.915	17005	0.971	0.0851	1048	0.919
SMIM19	2.17	6	1.37	0.915	17006	0.971	0.085	1047	0.919
PMEL	2.51	8	1.37	0.915	17007	0.971	0.085	1046	0.919
ZNF442	1.77	4	1.37	0.915	17008	0.971	0.0849	1045	0.919
SLC48A1	2.52	8	1.37	0.915	17009	0.971	0.0847	1044	0.919
GAREM	2.52	8	1.37	0.915	17010	0.971	0.0846	1043	0.919
P2RY1	2.52	8	1.37	0.915	17011	0.971	0.0846	1042	0.919
NCAM2	2.52	8	1.37	0.915	17012	0.971	0.0846	1041	0.919
ZNF90	2.52	8	1.38	0.916	17013	0.971	0.0845	1040	0.919
CXorf38	2.53	8	1.38	0.916	17014	0.971	0.0843	1039	0.919
COA1	2.53	8	1.38	0.916	17015	0.971	0.0843	1038	0.919
TRO	2.53	8	1.38	0.916	17016	0.971	0.0842	1037	0.919
ULK1	2.53	8	1.38	0.916	17017	0.971	0.0842	1036	0.919
EGR1	2.53	8	1.38	0.916	17018	0.971	0.0841	1035	0.919
ZNF697	2.37	7	1.38	0.916	17019	0.971	0.0841	1034	0.919
RTP2	2.53	8	1.38	0.916	17020	0.971	0.0841	1033	0.919
ZFP92	2.53	8	1.38	0.916	17021	0.971	0.0839	1032	0.919
SDCBP2	2.54	8	1.38	0.916	17022	0.971	0.0839	1031	0.919
OR52E8	2.54	8	1.38	0.916	17023	0.971	0.0839	1030	0.919
BMS1	2.54	8	1.38	0.916	17024	0.971	0.0839	1029	0.919
ZBTB7C	2.54	8	1.38	0.916	17025	0.971	0.0839	1028	0.919
GTSF1	2.54	8	1.38	0.916	17026	0.971	0.0839	1027	0.919
SLC26A10	2.54	8	1.38	0.916	17027	0.971	0.0839	1026	0.919
BFSP2	2.54	8	1.38	0.916	17028	0.971	0.0837	1025	0.919
ABCB1	2.54	8	1.38	0.916	17029	0.971	0.0836	1024	0.919
WNT6	2.54	8	1.38	0.916	17030	0.971	0.0836	1023	0.919
CAAP1	2.55	8	1.38	0.916	17031	0.971	0.0835	1022	0.919
CD300C	2.55	8	1.38	0.917	17032	0.971	0.0835	1021	0.919
EIF4EBP3	2.55	8	1.38	0.917	17033	0.971	0.0835	1020	0.919
ZNF33A	2.55	8	1.38	0.917	17034	0.971	0.0834	1019	0.919
VTCN1	2.55	8	1.38	0.917	17035	0.971	0.0833	1018	0.919
CYP2C19	2.21	6	1.38	0.917	17036	0.971	0.0833	1017	0.919
SDSL	2.55	8	1.38	0.917	17037	0.971	0.0832	1016	0.919
OR51B2	2.55	8	1.38	0.917	17038	0.971	0.0832	1015	0.919
TEX37	2.56	8	1.38	0.917	17039	0.971	0.0831	1014	0.919
ZNF592	2.56	8	1.38	0.917	17040	0.971	0.0831	1013	0.919
ZCCHC6	2.56	8	1.38	0.917	17041	0.971	0.0831	1012	0.919
AEBP2	2.56	8	1.38	0.917	17042	0.971	0.0831	1011	0.919
STX8	2.56	8	1.38	0.917	17043	0.971	0.0831	1010	0.919
IFNA5	1.28	2	1.39	0.917	17044	0.971	0.083	1009	0.919
ETV3L	2.56	8	1.39	0.917	17045	0.971	0.0829	1008	0.919
METTL23	2.56	8	1.39	0.917	17046	0.971	0.0829	1007	0.919
GRIA4	2.56	8	1.39	0.917	17047	0.971	0.0829	1006	0.919
YWHAG	2.56	8	1.39	0.917	17048	0.971	0.0828	1005	0.919
FAM200B	2.56	8	1.39	0.917	17049	0.971	0.0828	1004	0.919
SCNN1A	2.56	8	1.39	0.917	17050	0.971	0.0828	1003	0.919
MFAP3	2.56	8	1.39	0.917	17051	0.971	0.0828	1002	0.919
ARHGEF37	2.57	8	1.39	0.917	17052	0.971	0.0827	1001	0.919
NPHP3	2.57	8	1.39	0.918	17053	0.971	0.0825	1000	0.919
KIAA0226L	2.57	8	1.39	0.918	17054	0.971	0.0823	999	0.919
GCNT4	2.58	8	1.39	0.918	17055	0.971	0.0822	998	0.919
GP9	2.58	8	1.39	0.918	17056	0.971	0.0822	997	0.919
MARCO	2.58	8	1.39	0.918	17057	0.971	0.0822	996	0.919
LMAN1	2.58	8	1.39	0.918	17058	0.971	0.082	995	0.919
OR10T2	2.58	8	1.39	0.918	17059	0.971	0.082	994	0.919
NDUFA12	2.58	8	1.39	0.918	17060	0.971	0.082	993	0.919
C16orf47	2.59	8	1.39	0.918	17061	0.971	0.082	992	0.919
ZNF812	2.59	8	1.39	0.918	17062	0.971	0.0819	991	0.919
SNRPC	2.59	8	1.39	0.918	17063	0.971	0.0819	990	0.919
KLHL6	2.24	6	1.39	0.918	17064	0.971	0.0818	989	0.919
BRWD3	2.59	8	1.39	0.918	17065	0.971	0.0817	988	0.919
GPR114	2.59	8	1.39	0.918	17066	0.971	0.0817	987	0.919
WBP5	2.25	6	1.39	0.918	17067	0.971	0.0815	986	0.919
VSIG10	2.60	8	1.40	0.919	17068	0.971	0.0815	985	0.919
HNRNPAB	2.60	8	1.40	0.919	17069	0.971	0.0814	984	0.919
DKK4	2.60	8	1.40	0.919	17070	0.971	0.0813	983	0.919
TFCP2	2.60	8	1.40	0.919	17071	0.971	0.0812	982	0.919
THRB	2.60	8	1.40	0.919	17072	0.971	0.0812	981	0.919
ZNF334	2.60	8	1.40	0.919	17073	0.971	0.0812	980	0.919
TMPRSS7	2.61	8	1.40	0.919	17074	0.971	0.0811	979	0.919
NFE2	2.61	8	1.40	0.919	17075	0.971	0.0811	978	0.919
BEGAIN	2.61	8	1.40	0.919	17076	0.971	0.081	977	0.919
SS18	2.61	8	1.40	0.919	17077	0.971	0.081	976	0.919
GPR160	1.85	4	1.40	0.919	17078	0.971	0.081	975	0.919
BPIFB3	2.61	8	1.40	0.919	17079	0.971	0.081	974	0.919
IGSF22	2.61	8	1.40	0.919	17080	0.971	0.0809	973	0.919
MAPK10	2.61	8	1.40	0.919	17081	0.971	0.0809	972	0.919
BHLHB9	2.61	8	1.40	0.919	17082	0.971	0.0809	971	0.919
CCDC88C	2.61	8	1.40	0.919	17083	0.971	0.0809	970	0.919
GCG	2.61	8	1.40	0.919	17084	0.971	0.0808	969	0.919
SCP2D1	2.62	8	1.40	0.919	17085	0.971	0.0808	968	0.919
IGDCC4	2.62	8	1.40	0.919	17086	0.971	0.0808	967	0.919
POMK	2.62	8	1.40	0.919	17087	0.971	0.0807	966	0.919
LRP6	2.62	8	1.40	0.919	17088	0.971	0.0807	965	0.919
PTPN22	2.62	8	1.40	0.919	17089	0.971	0.0806	964	0.919
ZBP1	2.62	8	1.40	0.919	17090	0.971	0.0806	963	0.919
OR6B1	2.62	8	1.40	0.919	17091	0.971	0.0805	962	0.919
OPALIN	2.62	8	1.40	0.92	17092	0.971	0.0805	961	0.919
SPNS3	2.62	8	1.40	0.92	17093	0.971	0.0804	960	0.919
LY6K	2.62	8	1.40	0.92	17094	0.971	0.0804	959	0.919
HHATL	2.63	8	1.40	0.92	17095	0.971	0.0804	958	0.919
ZNF66	1.32	2	1.40	0.92	17096	0.971	0.0801	957	0.919
EDEM1	2.63	8	1.40	0.92	17097	0.971	0.0801	956	0.919
TMPO	2.64	8	1.41	0.92	17098	0.971	0.08	955	0.919
EGFR	2.64	8	1.41	0.92	17099	0.971	0.0799	954	0.919
TBC1D19	2.64	8	1.41	0.92	17100	0.971	0.0799	953	0.919
ZNF561	2.64	8	1.41	0.92	17101	0.971	0.0799	952	0.919
IER3	2.29	6	1.41	0.92	17102	0.971	0.0797	951	0.919
BPIFB6	2.64	8	1.41	0.92	17103	0.971	0.0796	950	0.919
NAB2	2.65	8	1.41	0.92	17104	0.971	0.0796	949	0.919
NAV3	2.65	8	1.41	0.92	17105	0.971	0.0795	948	0.919
KRTAP17-1	2.65	8	1.41	0.921	17106	0.971	0.0795	947	0.919
ARF3	2.65	8	1.41	0.921	17107	0.971	0.0795	946	0.919
ZNF732	1.87	4	1.41	0.921	17108	0.971	0.0795	945	0.919
SLC39A5	2.65	8	1.41	0.921	17109	0.971	0.0794	944	0.919
GLT8D2	2.66	8	1.41	0.921	17110	0.971	0.0792	943	0.919
PI15	2.66	8	1.41	0.921	17111	0.971	0.0791	942	0.919
NPAS2	2.66	8	1.41	0.921	17112	0.971	0.0791	941	0.919
RET	2.66	8	1.41	0.921	17113	0.972	0.079	940	0.919
SMCO1	2.67	8	1.41	0.921	17114	0.972	0.0788	939	0.919
GPA33	2.67	8	1.41	0.921	17115	0.972	0.0788	938	0.919
TOM1	2.67	8	1.41	0.921	17116	0.972	0.0788	937	0.919
ERAP1	2.67	8	1.41	0.921	17117	0.972	0.0787	936	0.919
WDFY4	2.67	8	1.41	0.921	17118	0.972	0.0787	935	0.919
ISL1	2.67	8	1.41	0.921	17119	0.972	0.0787	934	0.919
KIAA1462	2.67	8	1.41	0.921	17120	0.972	0.0786	933	0.919
CCDC42B	2.67	8	1.41	0.921	17121	0.972	0.0786	932	0.919
ZMYND8	2.68	8	1.42	0.922	17122	0.972	0.0784	931	0.919
EIF4E1B	2.68	8	1.42	0.922	17123	0.972	0.0783	930	0.919
TEX26	2.68	8	1.42	0.922	17124	0.972	0.0783	929	0.919
VWC2	2.68	8	1.42	0.922	17125	0.972	0.0783	928	0.919
MRAP	2.68	8	1.42	0.922	17126	0.972	0.0782	927	0.919
COMTD1	2.68	8	1.42	0.922	17127	0.972	0.0781	926	0.919
BCKDHA	2.68	8	1.42	0.922	17128	0.972	0.0781	925	0.919
NDRG1	2.69	8	1.42	0.922	17129	0.972	0.0781	924	0.919
ARHGAP32	2.69	8	1.42	0.922	17130	0.972	0.078	923	0.919
HCN3	2.69	8	1.42	0.922	17131	0.972	0.078	922	0.919
KLF7	2.69	8	1.42	0.922	17132	0.972	0.0779	921	0.919
ADAM32	2.69	8	1.42	0.922	17133	0.972	0.0778	920	0.919
DRAP1	2.70	8	1.42	0.922	17134	0.972	0.0777	919	0.919
MCCC2	2.70	8	1.42	0.922	17135	0.972	0.0776	918	0.919
RAB5B	2.70	8	1.42	0.923	17136	0.972	0.0775	917	0.919
MFSD10	2.70	8	1.42	0.923	17137	0.972	0.0774	916	0.919
CYP3A4	1.35	2	1.42	0.923	17138	0.972	0.0774	915	0.919
PHF19	2.71	8	1.42	0.923	17139	0.972	0.0773	914	0.919
RASD1	2.71	8	1.42	0.923	17140	0.972	0.0773	913	0.919
JAKMIP1	2.71	8	1.42	0.923	17141	0.972	0.0773	912	0.919
MLPH	2.71	8	1.42	0.923	17142	0.972	0.0773	911	0.919
SPTY2D1	2.71	8	1.42	0.923	17143	0.972	0.0772	910	0.919
NPC1	2.71	8	1.42	0.923	17144	0.972	0.0772	909	0.919
KIAA1107	2.71	8	1.42	0.923	17145	0.972	0.0771	908	0.919
ALDH1B1	2.71	8	1.42	0.923	17146	0.972	0.0771	907	0.919
TSPAN8	2.71	8	1.43	0.923	17147	0.972	0.0771	906	0.919
C12orf68	2.72	8	1.43	0.923	17148	0.972	0.077	905	0.919
EPHA3	2.72	8	1.43	0.923	17149	0.972	0.0769	904	0.919
KIAA1257	2.72	8	1.43	0.923	17150	0.972	0.0768	903	0.919
IQCK	2.72	8	1.43	0.923	17151	0.972	0.0767	902	0.919
HEYL	2.72	8	1.43	0.923	17152	0.972	0.0767	901	0.919
GSTK1	2.73	8	1.43	0.923	17153	0.972	0.0766	900	0.919
SDR16C5	2.73	8	1.43	0.923	17154	0.972	0.0765	899	0.919
PHF15	2.73	8	1.43	0.924	17155	0.972	0.0764	898	0.919
ENPP2	2.73	8	1.43	0.924	17156	0.972	0.0763	897	0.919
KRT5	2.73	8	1.43	0.924	17157	0.972	0.0763	896	0.919
RIN2	2.73	8	1.43	0.924	17158	0.972	0.0763	895	0.919
DTX3	2.73	8	1.43	0.924	17159	0.972	0.0762	894	0.919
HLTF	2.74	8	1.43	0.924	17160	0.972	0.0759	893	0.919
IL4	2.74	8	1.43	0.924	17161	0.972	0.0759	892	0.919
ACADL	2.74	8	1.43	0.924	17162	0.972	0.0759	891	0.919
RGP1	2.75	8	1.43	0.924	17163	0.972	0.0757	890	0.919
INPP5F	2.75	8	1.43	0.924	17164	0.972	0.0757	889	0.919
CDCA3	2.75	8	1.44	0.924	17165	0.972	0.0756	888	0.919
ACVR2A	2.75	8	1.44	0.924	17166	0.972	0.0756	887	0.919
GLMN	2.75	8	1.44	0.924	17167	0.972	0.0756	886	0.919
LPCAT4	2.75	8	1.44	0.924	17168	0.972	0.0756	885	0.919
HELB	2.75	8	1.44	0.925	17169	0.972	0.0755	884	0.919
ABHD10	2.76	8	1.44	0.925	17170	0.972	0.0753	883	0.919
C12orf42	2.76	8	1.44	0.925	17171	0.972	0.0753	882	0.919
ERVMER34-1	2.76	8	1.44	0.925	17172	0.972	0.0752	881	0.919
HEMGN	2.76	8	1.44	0.925	17173	0.972	0.0752	880	0.919
OR7C2	2.39	6	1.44	0.925	17174	0.972	0.0752	879	0.919
TMEM95	2.76	8	1.44	0.925	17175	0.972	0.0752	878	0.919
BFSP1	2.76	8	1.44	0.925	17176	0.972	0.0752	877	0.919
HTR3E	2.77	8	1.44	0.925	17177	0.972	0.075	876	0.919
HBB	2.77	8	1.44	0.925	17178	0.972	0.075	875	0.919
CPNE8	2.77	8	1.44	0.925	17179	0.972	0.0749	874	0.919
KERA	2.77	8	1.44	0.925	17180	0.972	0.0749	873	0.919
HDAC2	2.77	8	1.44	0.925	17181	0.972	0.0749	872	0.919
SOX14	2.77	8	1.44	0.925	17182	0.972	0.0748	871	0.919
RAB28	2.77	8	1.44	0.925	17183	0.972	0.0748	870	0.919
VIMP	2.78	8	1.44	0.925	17184	0.972	0.0748	869	0.919
FNDC9	2.78	8	1.44	0.925	17185	0.972	0.0747	868	0.919
PTGER2	2.78	8	1.44	0.925	17186	0.972	0.0746	867	0.919
DAB2	2.78	8	1.44	0.926	17187	0.972	0.0745	866	0.919
TTPA	2.79	8	1.44	0.926	17188	0.972	0.0744	865	0.919
PLXNC1	2.79	8	1.44	0.926	17189	0.972	0.0744	864	0.919
SMARCB1	2.79	8	1.44	0.926	17190	0.972	0.0744	863	0.919
ASB8	2.79	8	1.45	0.926	17191	0.972	0.0741	862	0.919
KRTAP19-8	2.80	8	1.45	0.926	17192	0.972	0.074	861	0.919
SLC16A7	2.80	8	1.45	0.926	17193	0.972	0.074	860	0.919
HIGD1C	2.80	8	1.45	0.926	17194	0.972	0.0739	859	0.919
RBPMS2	2.80	8	1.45	0.926	17195	0.972	0.0739	858	0.919
CUZD1	2.80	8	1.45	0.926	17196	0.972	0.0739	857	0.919
PIGN	2.80	8	1.45	0.926	17197	0.972	0.0739	856	0.919
C22orf24	2.80	8	1.45	0.926	17198	0.972	0.0738	855	0.919
EIF5A2	2.80	8	1.45	0.926	17199	0.972	0.0738	854	0.919
BAZ2A	2.80	8	1.45	0.926	17200	0.972	0.0737	853	0.919
RCN2	2.81	8	1.45	0.926	17201	0.972	0.0737	852	0.919
ITIH2	2.81	8	1.45	0.926	17202	0.972	0.0736	851	0.919
IGFBP6	2.81	8	1.45	0.926	17203	0.972	0.0736	850	0.919
NR1I2	2.81	8	1.45	0.926	17204	0.972	0.0736	849	0.919
MGST1	2.81	8	1.45	0.927	17205	0.972	0.0735	848	0.919
ASB11	2.82	8	1.45	0.927	17206	0.972	0.0733	847	0.919
CYP2C9	2.44	6	1.45	0.927	17207	0.972	0.0733	846	0.919
LEFTY2	1.41	2	1.45	0.927	17208	0.972	0.0733	845	0.919
ABCD2	2.82	8	1.45	0.927	17209	0.972	0.0732	844	0.919
WDR5B	2.82	8	1.45	0.927	17210	0.972	0.0731	843	0.919
FAM120C	2.82	8	1.45	0.927	17211	0.972	0.073	842	0.919
IL36A	2.64	7	1.45	0.927	17212	0.972	0.073	841	0.919
PLCB1	2.83	8	1.45	0.927	17213	0.972	0.0729	840	0.919
NPFF	2.83	8	1.46	0.927	17214	0.973	0.0726	839	0.919
CD180	2.84	8	1.46	0.927	17215	0.973	0.0726	838	0.919
CHPT1	2.84	8	1.46	0.928	17216	0.973	0.0724	837	0.919
ABHD6	2.84	8	1.46	0.928	17217	0.973	0.0724	836	0.919
MDH2	2.84	8	1.46	0.928	17218	0.973	0.0724	835	0.919
CSAD	2.84	8	1.46	0.928	17219	0.973	0.0723	834	0.919
THRA	2.84	8	1.46	0.928	17220	0.973	0.0723	833	0.919
OR6C4	2.84	8	1.46	0.928	17221	0.973	0.0723	832	0.919
TMEM132D	2.85	8	1.46	0.928	17222	0.973	0.072	831	0.919
CTSO	2.85	8	1.46	0.928	17223	0.973	0.072	830	0.919
TAC3	2.85	8	1.46	0.928	17224	0.973	0.0719	829	0.919
KRT86	2.85	8	1.46	0.928	17225	0.973	0.0719	828	0.919
RIC8B	2.86	8	1.46	0.928	17226	0.973	0.0718	827	0.919
DUSP21	2.86	8	1.46	0.928	17227	0.973	0.0717	826	0.919
TLE1	2.86	8	1.46	0.928	17228	0.973	0.0716	825	0.919
BTBD1	2.86	8	1.46	0.928	17229	0.973	0.0716	824	0.919
ELMO1	2.87	8	1.47	0.929	17230	0.973	0.0714	823	0.919
RPUSD4	2.87	8	1.47	0.929	17231	0.973	0.0712	822	0.919
CCDC126	2.88	8	1.47	0.929	17232	0.973	0.0711	821	0.919
TMCC1	2.88	8	1.47	0.929	17233	0.973	0.0711	820	0.919
CCNT1	2.88	8	1.47	0.929	17234	0.973	0.0711	819	0.919
PGK2	2.88	8	1.47	0.929	17235	0.973	0.071	818	0.919
FAM170B	2.88	8	1.47	0.929	17236	0.973	0.071	817	0.919
STATH	2.50	6	1.47	0.929	17237	0.973	0.0709	816	0.919
CPLX2	2.88	8	1.47	0.929	17238	0.973	0.0709	815	0.919
CAMK2N2	2.89	8	1.47	0.929	17239	0.973	0.0706	814	0.919
ACPL2	2.89	8	1.47	0.929	17240	0.973	0.0705	813	0.919
PLEKHA8	2.89	8	1.47	0.929	17241	0.973	0.0705	812	0.919
ZC2HC1A	2.90	8	1.47	0.93	17242	0.973	0.0704	811	0.919
PSG3	1.45	2	1.47	0.93	17243	0.973	0.0702	810	0.919
PTPRA	2.90	8	1.47	0.93	17244	0.973	0.0702	809	0.919
SLC2A13	2.91	8	1.48	0.93	17245	0.973	0.0701	808	0.919
SSTR5	2.91	8	1.48	0.93	17246	0.974	0.07	807	0.919
SCN7A	2.92	8	1.48	0.93	17247	0.974	0.0697	806	0.919
OAZ3	2.92	8	1.48	0.93	17248	0.974	0.0696	805	0.919
URGCP	2.92	8	1.48	0.93	17249	0.974	0.0695	804	0.919
C16orf87	2.93	8	1.48	0.931	17250	0.974	0.0694	803	0.919
NPHS2	2.93	8	1.48	0.931	17251	0.974	0.0693	802	0.919
SLIT2	2.93	8	1.48	0.931	17252	0.974	0.0692	801	0.919
PFN2	2.93	8	1.48	0.931	17253	0.974	0.0691	800	0.919
TYW5	2.94	8	1.48	0.931	17254	0.974	0.0691	799	0.919
VPS13C	2.94	8	1.48	0.931	17255	0.974	0.069	798	0.919
MDP1	2.94	8	1.48	0.931	17256	0.974	0.0689	797	0.919
TSHB	2.94	8	1.48	0.931	17257	0.974	0.0689	796	0.919
RAP2A	2.94	8	1.48	0.931	17258	0.974	0.0689	795	0.919
CMTM8	2.94	8	1.48	0.931	17259	0.974	0.0689	794	0.919
MAGEB3	2.94	8	1.48	0.931	17260	0.974	0.0689	793	0.919
LRRC58	2.94	8	1.48	0.931	17261	0.974	0.0688	792	0.919
ARHGDIB	2.94	8	1.48	0.931	17262	0.974	0.0688	791	0.919
ACKR2	2.94	8	1.48	0.931	17263	0.974	0.0688	790	0.919
FAM47C	2.95	8	1.49	0.931	17264	0.974	0.0687	789	0.919
CDK4	2.95	8	1.49	0.931	17265	0.974	0.0686	788	0.919
GABRB3	2.95	8	1.49	0.931	17266	0.974	0.0685	787	0.919
PCSK1N	2.95	8	1.49	0.932	17267	0.974	0.0685	786	0.919
H1FOO	2.96	8	1.49	0.932	17268	0.974	0.0683	785	0.919
TEX264	2.96	8	1.49	0.932	17269	0.974	0.0683	784	0.919
KITLG	2.96	8	1.49	0.932	17270	0.974	0.0682	783	0.919
ERBB3	2.96	8	1.49	0.932	17271	0.974	0.0682	782	0.919
BSG	2.96	8	1.49	0.932	17272	0.974	0.0681	781	0.919
SELPLG	2.97	8	1.49	0.932	17273	0.974	0.0679	780	0.919
FAM127A	2.97	8	1.49	0.932	17274	0.974	0.0679	779	0.919
WSCD2	2.97	8	1.49	0.932	17275	0.974	0.0678	778	0.919
ASB5	2.97	8	1.49	0.932	17276	0.974	0.0678	777	0.919
F2RL3	2.97	8	1.49	0.932	17277	0.974	0.0678	776	0.919
RECK	2.97	8	1.49	0.932	17278	0.974	0.0677	775	0.919
ACVRL1	2.98	8	1.49	0.933	17279	0.974	0.0675	774	0.919
MEP1A	2.98	8	1.50	0.933	17280	0.974	0.0674	773	0.919
QTRTD1	2.99	8	1.50	0.933	17281	0.974	0.0673	772	0.919
DPP4	2.99	8	1.50	0.933	17282	0.974	0.0673	771	0.919
IL22RA1	2.99	8	1.50	0.933	17283	0.974	0.0671	770	0.919
KIAA0087	2.99	8	1.50	0.933	17284	0.974	0.0671	769	0.919
FAM181B	3.00	8	1.50	0.933	17285	0.974	0.067	768	0.919
GRIA3	3.00	8	1.50	0.933	17286	0.974	0.067	767	0.919
NDUFA1	3.00	8	1.50	0.933	17287	0.974	0.0669	766	0.919
MAATS1	3.00	8	1.50	0.933	17288	0.974	0.0668	765	0.919
ZNF600	3.01	8	1.50	0.933	17289	0.975	0.0667	764	0.919
PSCA	3.01	8	1.50	0.933	17290	0.975	0.0666	763	0.919
IQCD	3.01	8	1.50	0.934	17291	0.975	0.0664	762	0.919
LSAMP	3.02	8	1.50	0.934	17292	0.975	0.0663	761	0.919
ZNF146	3.02	8	1.50	0.934	17293	0.975	0.0663	760	0.919
MED16	3.02	8	1.51	0.934	17294	0.975	0.0661	759	0.919
MBD6	3.02	8	1.51	0.934	17295	0.975	0.0661	758	0.919
PSME1	3.03	8	1.51	0.934	17296	0.975	0.066	757	0.919
TMX3	3.03	8	1.51	0.934	17297	0.975	0.066	756	0.919
GFOD1	3.03	8	1.51	0.934	17298	0.975	0.0659	755	0.919
DNMBP	3.03	8	1.51	0.934	17299	0.975	0.0658	754	0.919
TIMP3	3.04	8	1.51	0.934	17300	0.975	0.0656	753	0.919
ZNF626	2.64	6	1.51	0.935	17301	0.975	0.0654	752	0.919
ZNF786	3.04	8	1.51	0.935	17302	0.975	0.0654	751	0.919
SYNDIG1	3.05	8	1.51	0.935	17303	0.975	0.0654	750	0.919
C9	3.05	8	1.51	0.935	17304	0.975	0.0653	749	0.919
KIT	3.05	8	1.51	0.935	17305	0.975	0.0652	748	0.919
ATE1	3.05	8	1.51	0.935	17306	0.975	0.0652	747	0.919
C7orf41	3.05	8	1.51	0.935	17307	0.975	0.0652	746	0.919
ZNF766	3.05	8	1.51	0.935	17308	0.975	0.0651	745	0.919
ARMC9	3.06	8	1.51	0.935	17309	0.975	0.0649	744	0.919
PTPRR	3.06	8	1.52	0.935	17310	0.975	0.0648	743	0.919
CYP24A1	3.06	8	1.52	0.935	17311	0.975	0.0647	742	0.919
SULT1C4	3.07	8	1.52	0.935	17312	0.975	0.0647	741	0.919
ATXN7L3B	2.87	7	1.52	0.935	17313	0.975	0.0645	740	0.919
G3BP2	3.08	8	1.52	0.936	17314	0.976	0.0643	739	0.919
PRICKLE1	3.08	8	1.52	0.936	17315	0.976	0.0643	738	0.919
MYL6B	3.08	8	1.52	0.936	17316	0.976	0.0641	737	0.919
NODAL	3.08	8	1.52	0.936	17317	0.976	0.0641	736	0.919
ST6GAL1	3.09	8	1.52	0.936	17318	0.976	0.064	735	0.919
GLI3	3.09	8	1.52	0.936	17319	0.976	0.0639	734	0.919
C19orf12	3.09	8	1.52	0.936	17320	0.976	0.0639	733	0.919
MYL3	3.09	8	1.52	0.936	17321	0.976	0.0638	732	0.919
RGSL1	3.09	8	1.52	0.936	17322	0.976	0.0638	731	0.919
ANKRD52	3.10	8	1.52	0.936	17323	0.976	0.0637	730	0.919
ANO8	3.10	8	1.53	0.936	17324	0.976	0.0636	729	0.919
TIMMDC1	3.10	8	1.53	0.936	17325	0.976	0.0636	728	0.919
ENKUR	3.10	8	1.53	0.936	17326	0.976	0.0636	727	0.919
PRKX	3.10	8	1.53	0.936	17327	0.976	0.0635	726	0.919
PKN3	3.10	8	1.53	0.937	17328	0.976	0.0635	725	0.919
GADD45G	3.10	8	1.53	0.937	17329	0.976	0.0635	724	0.919
METTL10	3.11	8	1.53	0.937	17330	0.976	0.0634	723	0.919
GRASP	3.11	8	1.53	0.937	17331	0.976	0.0633	722	0.919
EPN3	3.11	8	1.53	0.937	17332	0.976	0.0632	721	0.919
HHLA3	3.11	8	1.53	0.937	17333	0.976	0.0632	720	0.919
PPP1R27	3.11	8	1.53	0.937	17334	0.976	0.0631	719	0.919
PPP1R3F	3.12	8	1.53	0.937	17335	0.976	0.0631	718	0.919
TMBIM4	3.12	8	1.53	0.937	17336	0.976	0.063	717	0.919
NCK2	3.12	8	1.53	0.937	17337	0.976	0.0628	716	0.919
C3orf55	3.12	8	1.53	0.937	17338	0.976	0.0628	715	0.919
OSBPL10	3.12	8	1.53	0.937	17339	0.976	0.0628	714	0.919
HSPA12B	3.13	8	1.53	0.937	17340	0.976	0.0626	713	0.919
FRS2	3.13	8	1.53	0.937	17341	0.976	0.0625	712	0.919
UBBP4	1.57	2	1.54	0.938	17342	0.976	0.0623	711	0.919
TMPRSS9	3.14	8	1.54	0.938	17343	0.976	0.0622	710	0.919
TWIST1	3.14	8	1.54	0.938	17344	0.976	0.0622	709	0.919
SLC16A2	3.14	8	1.54	0.938	17345	0.976	0.0622	708	0.919
KCND1	3.15	8	1.54	0.938	17346	0.976	0.0621	707	0.919
CS	3.15	8	1.54	0.938	17347	0.976	0.0619	706	0.919
NR4A1	3.15	8	1.54	0.938	17348	0.976	0.0619	705	0.919
TESC	3.16	8	1.54	0.938	17349	0.976	0.0618	704	0.919
SETBP1	3.16	8	1.54	0.938	17350	0.976	0.0618	703	0.919
ADAMTSL3	3.16	8	1.54	0.938	17351	0.976	0.0617	702	0.919
PIH1D2	3.16	8	1.54	0.938	17352	0.976	0.0617	701	0.919
UBE2G1	3.16	8	1.54	0.938	17353	0.976	0.0617	700	0.919
HOXD1	3.16	8	1.54	0.938	17354	0.976	0.0617	699	0.919
NR1H4	3.16	8	1.54	0.938	17355	0.976	0.0617	698	0.919
TRPM8	3.16	8	1.54	0.938	17356	0.976	0.0617	697	0.919
NCOA1	3.16	8	1.54	0.938	17357	0.976	0.0616	696	0.919
RBM44	3.16	8	1.54	0.938	17358	0.976	0.0615	695	0.919
XAGE5	1.58	2	1.54	0.939	17359	0.976	0.0615	694	0.919
METTL7B	3.17	8	1.54	0.939	17360	0.976	0.0614	693	0.919
PRG4	3.17	8	1.54	0.939	17361	0.976	0.0613	692	0.919
CHI3L1	3.17	8	1.54	0.939	17362	0.976	0.0613	691	0.919
PHGR1	3.18	8	1.55	0.939	17363	0.976	0.0612	690	0.919
TCTN2	3.18	8	1.55	0.939	17364	0.976	0.0612	689	0.919
MYL5	3.18	8	1.55	0.939	17365	0.976	0.0611	688	0.919
GSK3B	3.18	8	1.55	0.939	17366	0.976	0.0611	687	0.919
ATN1	3.18	8	1.55	0.939	17367	0.976	0.061	686	0.919
PDE6A	3.18	8	1.55	0.939	17368	0.976	0.0609	685	0.919
WDR37	3.18	8	1.55	0.939	17369	0.976	0.0609	684	0.919
IL21	3.19	8	1.55	0.939	17370	0.976	0.0609	683	0.919
HS3ST2	3.19	8	1.55	0.939	17371	0.976	0.0608	682	0.919
TMEM257	2.76	6	1.55	0.939	17372	0.976	0.0608	681	0.919
MAB21L1	3.19	8	1.55	0.939	17373	0.976	0.0607	680	0.919
PTPLB	3.19	8	1.55	0.939	17374	0.976	0.0607	679	0.919
OR5K4	3.19	8	1.55	0.939	17375	0.976	0.0606	678	0.919
ADRA2C	3.20	8	1.55	0.939	17376	0.976	0.0606	677	0.919
CUL1	3.20	8	1.55	0.94	17377	0.976	0.0605	676	0.919
DCAF8L2	3.20	8	1.55	0.94	17378	0.976	0.0604	675	0.919
REEP5	3.20	8	1.55	0.94	17379	0.976	0.0604	674	0.919
TAS2R9	3.20	8	1.55	0.94	17380	0.976	0.0603	673	0.919
RBMS1	3.21	8	1.55	0.94	17381	0.976	0.0602	672	0.919
EXTL3	3.21	8	1.55	0.94	17382	0.976	0.0602	671	0.919
FAM47A	3.21	8	1.55	0.94	17383	0.976	0.0601	670	0.919
NKX2-1	3.21	8	1.55	0.94	17384	0.976	0.0601	669	0.919
KRT74	3.21	8	1.55	0.94	17385	0.976	0.0601	668	0.919
APLN	3.21	8	1.55	0.94	17386	0.976	0.06	667	0.919
NPHP4	3.22	8	1.56	0.94	17387	0.976	0.0599	666	0.919
ZSCAN18	3.22	8	1.56	0.94	17388	0.976	0.0599	665	0.919
CLDN18	3.22	8	1.56	0.94	17389	0.976	0.0597	664	0.919
DERA	3.22	8	1.56	0.94	17390	0.976	0.0597	663	0.919
JAKMIP2	3.22	8	1.56	0.94	17391	0.976	0.0597	662	0.919
IFLTD1	3.22	8	1.56	0.94	17392	0.976	0.0597	661	0.919
SIN3A	3.23	8	1.56	0.94	17393	0.976	0.0595	660	0.919
STXBP2	3.23	8	1.56	0.941	17394	0.976	0.0595	659	0.919
IRF2	3.24	8	1.56	0.941	17395	0.976	0.0593	658	0.919
CHN2	3.24	8	1.56	0.941	17396	0.976	0.0593	657	0.919
CTXN2	2.80	6	1.56	0.941	17397	0.976	0.0593	656	0.919
PROS1	3.24	8	1.56	0.941	17398	0.976	0.0593	655	0.919
REXO4	3.24	8	1.56	0.941	17399	0.976	0.0593	654	0.919
SLC16A9	3.24	8	1.56	0.941	17400	0.976	0.0592	653	0.919
IFNE	3.24	8	1.56	0.941	17401	0.976	0.0591	652	0.919
DEFB119	3.24	8	1.56	0.941	17402	0.976	0.0591	651	0.919
COMP	3.24	8	1.56	0.941	17403	0.976	0.0591	650	0.919
MLLT10	2.81	6	1.56	0.941	17404	0.976	0.059	649	0.919
C22orf15	3.25	8	1.56	0.941	17405	0.976	0.059	648	0.919
DAZAP2	3.25	8	1.56	0.941	17406	0.976	0.059	647	0.919
RDH5	3.26	8	1.57	0.941	17407	0.976	0.0587	646	0.919
SGPP1	3.27	8	1.57	0.942	17408	0.976	0.0584	645	0.919
KRTAP4-3	3.27	8	1.57	0.942	17409	0.976	0.0584	644	0.919
MYH4	3.27	8	1.57	0.942	17410	0.976	0.0582	643	0.919
NTRK2	3.27	8	1.57	0.942	17411	0.976	0.0581	642	0.919
C20orf173	3.28	8	1.57	0.942	17412	0.976	0.0581	641	0.919
CRIPT	2.32	4	1.57	0.942	17413	0.976	0.0581	640	0.919
STK17A	3.28	8	1.57	0.942	17414	0.976	0.0581	639	0.919
XKR9	2.32	4	1.57	0.942	17415	0.976	0.0579	638	0.919
GPR146	3.28	8	1.57	0.942	17416	0.976	0.0579	637	0.919
LYZ	3.28	8	1.57	0.942	17417	0.976	0.0578	636	0.919
CFHR4	3.29	8	1.57	0.942	17418	0.976	0.0578	635	0.919
TMEM57	3.30	8	1.58	0.942	17419	0.977	0.0575	634	0.919
YME1L1	3.30	8	1.58	0.943	17420	0.977	0.0575	633	0.919
DDIT3	3.30	8	1.58	0.943	17421	0.977	0.0575	632	0.919
MOCOS	3.30	8	1.58	0.943	17422	0.977	0.0575	631	0.919
CCNB1	3.30	8	1.58	0.943	17423	0.977	0.0575	630	0.919
TDRP	3.30	8	1.58	0.943	17424	0.977	0.0574	629	0.919
SGK494	3.30	8	1.58	0.943	17425	0.977	0.0574	628	0.919
HPSE2	3.30	8	1.58	0.943	17426	0.977	0.0572	627	0.919
KLLN	3.31	8	1.58	0.943	17427	0.977	0.0571	626	0.919
RAB33B	3.31	8	1.58	0.943	17428	0.977	0.0571	625	0.919
FAS	3.31	8	1.58	0.943	17429	0.977	0.057	624	0.919
GNA13	3.32	8	1.58	0.943	17430	0.977	0.0569	623	0.919
DAB2IP	3.32	8	1.58	0.943	17431	0.977	0.0568	622	0.919
KALRN	3.32	8	1.58	0.943	17432	0.977	0.0567	621	0.919
C1QL4	3.33	8	1.58	0.943	17433	0.977	0.0566	620	0.919
PHEX	3.33	8	1.58	0.943	17434	0.977	0.0566	619	0.919
TMEM11	3.33	8	1.58	0.943	17435	0.977	0.0565	618	0.919
SPAG7	3.33	8	1.58	0.944	17436	0.977	0.0565	617	0.919
DMRT1	3.34	8	1.59	0.944	17437	0.977	0.0563	616	0.919
TSPAN5	3.34	8	1.59	0.944	17438	0.977	0.0562	615	0.919
BATF	3.34	8	1.59	0.944	17439	0.977	0.0562	614	0.919
IFT20	3.35	8	1.59	0.944	17440	0.977	0.056	613	0.919
EEA1	3.35	8	1.59	0.944	17441	0.977	0.056	612	0.919
PBX2	3.35	8	1.59	0.944	17442	0.977	0.056	611	0.919
OR4C11	3.35	8	1.59	0.944	17443	0.977	0.056	610	0.919
WNT2B	3.35	8	1.59	0.944	17444	0.977	0.0559	609	0.919
ATF7IP2	3.35	8	1.59	0.944	17445	0.977	0.0558	608	0.919
GALNT2	3.36	8	1.59	0.944	17446	0.977	0.0557	607	0.919
SIVA1	3.36	8	1.59	0.944	17447	0.977	0.0556	606	0.919
PMP2	3.37	8	1.59	0.945	17448	0.977	0.0554	605	0.919
NDST3	3.37	8	1.59	0.945	17449	0.977	0.0554	604	0.919
BMP15	3.37	8	1.60	0.945	17450	0.977	0.0553	603	0.919
RFX1	3.37	8	1.60	0.945	17451	0.977	0.0552	602	0.919
EPHA5	3.38	8	1.60	0.945	17452	0.977	0.0552	601	0.919
KIAA1279	3.38	8	1.60	0.945	17453	0.977	0.0552	600	0.919
FIP1L1	3.38	8	1.60	0.945	17454	0.977	0.0552	599	0.919
RHEB	3.38	8	1.60	0.945	17455	0.977	0.0551	598	0.919
S100P	3.38	8	1.60	0.945	17456	0.977	0.0551	597	0.919
CLEC17A	3.38	8	1.60	0.945	17457	0.977	0.0551	596	0.919
RBMXL3	3.38	8	1.60	0.945	17458	0.977	0.0551	595	0.919
SCARB2	3.38	8	1.60	0.945	17459	0.977	0.0551	594	0.919
ITGBL1	3.38	8	1.60	0.945	17460	0.977	0.055	593	0.919
TMEM52B	3.38	8	1.60	0.945	17461	0.977	0.055	592	0.919
CLEC4G	3.39	8	1.60	0.945	17462	0.977	0.0548	591	0.919
GPR139	3.40	8	1.60	0.945	17463	0.977	0.0546	590	0.919
KRTAP1-1	1.70	2	1.60	0.946	17464	0.977	0.0544	589	0.919
CLDN1	3.40	8	1.60	0.946	17465	0.977	0.0544	588	0.919
UBE3B	3.40	8	1.60	0.946	17466	0.977	0.0544	587	0.919
KIAA2018	3.41	8	1.60	0.946	17467	0.977	0.0543	586	0.919
DHFRL1	1.71	2	1.61	0.946	17468	0.977	0.0541	585	0.919
DNAH10	3.42	8	1.61	0.946	17469	0.977	0.054	584	0.919
PTPRM	3.42	8	1.61	0.946	17470	0.977	0.0539	583	0.919
ROPN1	2.42	4	1.61	0.946	17471	0.977	0.0538	582	0.919
ZNF775	3.43	8	1.61	0.946	17472	0.977	0.0538	581	0.919
RELL2	3.43	8	1.61	0.946	17473	0.977	0.0537	580	0.919
ZDHHC17	3.43	8	1.61	0.946	17474	0.977	0.0536	579	0.919
IL31	3.43	8	1.61	0.946	17475	0.977	0.0536	578	0.919
TPRA1	3.43	8	1.61	0.946	17476	0.977	0.0536	577	0.919
OR10H4	3.43	8	1.61	0.946	17477	0.977	0.0535	576	0.919
PF4	2.43	4	1.61	0.946	17478	0.977	0.0535	575	0.919
PCDHGC3	3.44	8	1.61	0.947	17479	0.977	0.0535	574	0.919
AACS	3.44	8	1.61	0.947	17480	0.977	0.0534	573	0.919
ZBBX	3.44	8	1.61	0.947	17481	0.977	0.0534	572	0.919
MYF5	3.44	8	1.61	0.947	17482	0.977	0.0534	571	0.919
APOF	3.44	8	1.61	0.947	17483	0.977	0.0534	570	0.919
NIPBL	3.44	8	1.61	0.947	17484	0.977	0.0533	569	0.919
SLC7A1	3.45	8	1.61	0.947	17485	0.977	0.0532	568	0.919
ARMC4	3.45	8	1.61	0.947	17486	0.977	0.0532	567	0.919
TROAP	3.45	8	1.62	0.947	17487	0.977	0.0531	566	0.919
TCF12	3.23	7	1.62	0.947	17488	0.977	0.0531	565	0.919
CCR4	3.45	8	1.62	0.947	17489	0.977	0.0529	564	0.919
SLC38A1	3.45	8	1.62	0.947	17490	0.977	0.0529	563	0.919
C5orf15	3.46	8	1.62	0.947	17491	0.977	0.0529	562	0.919
RND1	3.46	8	1.62	0.947	17492	0.978	0.0528	561	0.919
MAPK7	3.47	8	1.62	0.947	17493	0.978	0.0526	560	0.919
ZNF471	3.47	8	1.62	0.947	17494	0.978	0.0526	559	0.919
TAC1	3.47	8	1.62	0.947	17495	0.978	0.0526	558	0.919
NME9	3.47	8	1.62	0.947	17496	0.978	0.0525	557	0.919
ANKRD13B	3.47	8	1.62	0.948	17497	0.978	0.0524	556	0.919
ABCC9	3.48	8	1.62	0.948	17498	0.978	0.0523	555	0.919
KLRC3	3.48	8	1.62	0.948	17499	0.978	0.0523	554	0.919
DNAJB5	3.48	8	1.62	0.948	17500	0.978	0.0522	553	0.919
FHL1	3.49	8	1.62	0.948	17501	0.978	0.0521	552	0.919
ABHD14A	3.49	8	1.63	0.948	17502	0.978	0.0519	551	0.919
PDE8B	3.49	8	1.63	0.948	17503	0.978	0.0518	550	0.919
LRCH4	3.50	8	1.63	0.948	17504	0.978	0.0516	549	0.919
TIGD4	3.51	8	1.63	0.948	17505	0.978	0.0515	548	0.919
IGFBPL1	3.51	8	1.63	0.949	17506	0.978	0.0515	547	0.919
UGGT1	3.04	6	1.63	0.949	17507	0.978	0.0514	546	0.919
STAC3	3.52	8	1.63	0.949	17508	0.978	0.0511	545	0.919
GXYLT1	3.52	8	1.63	0.949	17509	0.978	0.0511	544	0.919
LDLR	3.53	8	1.64	0.949	17510	0.978	0.0509	543	0.919
PJA2	3.53	8	1.64	0.949	17511	0.978	0.0508	542	0.919
KRT71	3.53	8	1.64	0.949	17512	0.978	0.0508	541	0.919
CCDC14	3.53	8	1.64	0.949	17513	0.978	0.0508	540	0.919
SUMO1	1.77	2	1.64	0.949	17514	0.978	0.0506	539	0.919
ETV5	3.54	8	1.64	0.949	17515	0.978	0.0506	538	0.919
ZNF644	3.54	8	1.64	0.949	17516	0.978	0.0505	537	0.919
MAGEB10	3.54	8	1.64	0.949	17517	0.978	0.0505	536	0.919
UBE2E1	3.55	8	1.64	0.95	17518	0.978	0.0504	535	0.919
STX19	3.55	8	1.64	0.95	17519	0.978	0.0504	534	0.919
OR4C16	3.55	8	1.64	0.95	17520	0.979	0.0503	533	0.919
POLR2M	3.55	8	1.64	0.95	17521	0.979	0.0502	532	0.919
RARG	3.56	8	1.64	0.95	17522	0.979	0.0501	531	0.919
TESPA1	3.57	8	1.65	0.95	17523	0.979	0.0498	530	0.919
SH3BP1	3.57	8	1.65	0.95	17524	0.979	0.0497	529	0.919
CELF1	3.58	8	1.65	0.95	17525	0.979	0.0497	528	0.919
SIK1	3.58	8	1.65	0.95	17526	0.979	0.0496	527	0.919
ZMAT3	3.59	8	1.65	0.951	17527	0.979	0.0494	526	0.919
GPR183	3.59	8	1.65	0.951	17528	0.979	0.0494	525	0.919
FGL2	3.59	8	1.65	0.951	17529	0.979	0.0493	524	0.919
CHSY3	3.59	8	1.65	0.951	17530	0.979	0.0493	523	0.919
PICALM	3.59	8	1.65	0.951	17531	0.979	0.0492	522	0.919
AQP5	3.59	8	1.65	0.951	17532	0.979	0.0492	521	0.919
CD40	3.59	8	1.65	0.951	17533	0.979	0.0492	520	0.919
CPXCR1	3.59	8	1.65	0.951	17534	0.979	0.0491	519	0.919
C10orf32	3.60	8	1.65	0.951	17535	0.979	0.049	518	0.919
CTPS2	3.61	8	1.66	0.951	17536	0.979	0.0488	517	0.919
ASIC3	3.61	8	1.66	0.951	17537	0.979	0.0486	516	0.919
DHRS7B	3.62	8	1.66	0.951	17538	0.979	0.0486	515	0.919
FAM162A	3.62	8	1.66	0.952	17539	0.979	0.0485	514	0.919
SMCO4	3.62	8	1.66	0.952	17540	0.979	0.0484	513	0.919
IKBIP	3.62	8	1.66	0.952	17541	0.979	0.0484	512	0.919
OR13G1	3.62	8	1.66	0.952	17542	0.979	0.0484	511	0.919
APOBEC3B	3.62	8	1.66	0.952	17543	0.979	0.0483	510	0.919
PTH2	3.62	8	1.66	0.952	17544	0.979	0.0483	509	0.919
FAM184A	3.63	8	1.66	0.952	17545	0.979	0.0482	508	0.919
FFAR4	3.63	8	1.66	0.952	17546	0.979	0.0482	507	0.919
SLC13A2	3.63	8	1.66	0.952	17547	0.979	0.0482	506	0.919
TMEM87A	3.64	8	1.67	0.952	17548	0.979	0.0479	505	0.919
TBC1D23	3.64	8	1.67	0.952	17549	0.979	0.0478	504	0.919
TDG	3.64	8	1.67	0.952	17550	0.979	0.0478	503	0.919
LRRIQ4	3.65	8	1.67	0.952	17551	0.98	0.0477	502	0.919
R3HDM2	3.66	8	1.67	0.953	17552	0.98	0.0475	501	0.919
PSKH1	3.67	8	1.67	0.953	17553	0.98	0.0471	500	0.919
PYROXD2	3.68	8	1.67	0.953	17554	0.98	0.047	499	0.919
LGALS9B	1.84	2	1.68	0.953	17555	0.98	0.0467	498	0.919
PSKH2	3.69	8	1.68	0.953	17556	0.98	0.0467	497	0.919
FRG2C	1.84	2	1.68	0.953	17557	0.98	0.0467	496	0.919
PARP15	3.69	8	1.68	0.953	17558	0.98	0.0466	495	0.919
ASXL1	3.70	8	1.68	0.954	17559	0.98	0.0465	494	0.919
SLC15A4	3.70	8	1.68	0.954	17560	0.98	0.0464	493	0.919
GPR15	3.70	8	1.68	0.954	17561	0.98	0.0464	492	0.919
TMEM39A	3.71	8	1.68	0.954	17562	0.98	0.0463	491	0.919
NELL2	3.71	8	1.68	0.954	17563	0.98	0.0463	490	0.919
CCL16	3.71	8	1.68	0.954	17564	0.98	0.0462	489	0.919
AHSG	3.47	7	1.68	0.954	17565	0.98	0.0461	488	0.919
OPN1LW	1.86	2	1.68	0.954	17566	0.98	0.0461	487	0.919
C3orf22	3.72	8	1.69	0.954	17567	0.98	0.0459	486	0.919
NMU	3.72	8	1.69	0.954	17568	0.98	0.0459	485	0.919
TRH	3.73	8	1.69	0.954	17569	0.981	0.0456	484	0.919
STX17	3.75	8	1.69	0.955	17570	0.981	0.0452	483	0.919
PCCB	3.75	8	1.69	0.955	17571	0.981	0.0451	482	0.919
MS4A7	3.76	8	1.70	0.955	17572	0.981	0.045	481	0.919
MYRIP	3.76	8	1.70	0.955	17573	0.981	0.0449	480	0.919
DRD3	3.77	8	1.70	0.955	17574	0.981	0.0447	479	0.919
PCDHGC5	3.78	8	1.70	0.956	17575	0.981	0.0445	478	0.919
DDC	3.78	8	1.70	0.956	17576	0.981	0.0444	477	0.919
RAD9B	3.78	8	1.70	0.956	17577	0.981	0.0444	476	0.919
ALB	3.78	8	1.70	0.956	17578	0.981	0.0443	475	0.919
COL13A1	3.79	8	1.70	0.956	17579	0.981	0.0442	474	0.919
DOK4	3.79	8	1.71	0.956	17580	0.982	0.0441	473	0.919
OAS1	3.80	8	1.71	0.956	17581	0.982	0.044	472	0.919
TMEM249	3.80	8	1.71	0.956	17582	0.982	0.0439	471	0.919
FAM222A	3.80	8	1.71	0.956	17583	0.982	0.0439	470	0.919
ADCY10	3.80	8	1.71	0.956	17584	0.982	0.0439	469	0.919
KCNH8	3.81	8	1.71	0.956	17585	0.982	0.0438	468	0.919
C12orf54	3.81	8	1.71	0.956	17586	0.982	0.0437	467	0.919
TUBA1C	1.91	2	1.71	0.957	17587	0.982	0.0434	466	0.919
PLSCR2	3.82	8	1.71	0.957	17588	0.982	0.0434	465	0.919
TMEM5	3.84	8	1.72	0.957	17589	0.982	0.0431	464	0.919
FRAS1	3.84	8	1.72	0.957	17590	0.982	0.043	463	0.919
CHCHD6	3.84	8	1.72	0.957	17591	0.982	0.0429	462	0.919
TEX9	3.86	8	1.72	0.957	17592	0.982	0.0426	461	0.919
SERPINA11	3.86	8	1.72	0.957	17593	0.982	0.0426	460	0.919
MB21D2	3.86	8	1.72	0.957	17594	0.982	0.0426	459	0.919
PLXNA1	3.86	8	1.72	0.957	17595	0.982	0.0426	458	0.919
SLC25A31	3.87	8	1.72	0.958	17596	0.982	0.0424	457	0.919
C3orf72	3.87	8	1.72	0.958	17597	0.982	0.0424	456	0.919
GLTP	3.87	8	1.72	0.958	17598	0.982	0.0424	455	0.919
ZNF703	3.88	8	1.73	0.958	17599	0.983	0.0421	454	0.919
GIT2	3.88	8	1.73	0.958	17600	0.983	0.0421	453	0.919
ARL13B	3.89	8	1.73	0.958	17601	0.983	0.0418	452	0.919
NFKB1	3.90	8	1.73	0.958	17602	0.983	0.0417	451	0.919
ULK4	3.90	8	1.73	0.958	17603	0.983	0.0416	450	0.919
LUM	3.90	8	1.73	0.958	17604	0.983	0.0415	449	0.919
NME5	3.91	8	1.73	0.959	17605	0.983	0.0414	448	0.919
TG	3.91	8	1.74	0.959	17606	0.983	0.0413	447	0.919
ZNF891	3.91	8	1.74	0.959	17607	0.983	0.0413	446	0.919
PPP1R14A	3.92	8	1.74	0.959	17608	0.983	0.0413	445	0.919
CEP290	3.92	8	1.74	0.959	17609	0.983	0.0412	444	0.919
SP4	3.92	8	1.74	0.959	17610	0.983	0.0412	443	0.919
AMHR2	3.92	8	1.74	0.959	17611	0.983	0.0411	442	0.919
CLIP1	3.92	8	1.74	0.959	17612	0.983	0.0411	441	0.919
SLC25A36	3.93	8	1.74	0.959	17613	0.983	0.041	440	0.919
SLC14A2	3.93	8	1.74	0.959	17614	0.983	0.0409	439	0.919
TMEM233	3.68	7	1.74	0.959	17615	0.983	0.0408	438	0.919
P2RX2	3.94	8	1.74	0.959	17616	0.983	0.0408	437	0.919
GPR97	3.94	8	1.74	0.959	17617	0.983	0.0407	436	0.919
FEM1C	3.94	8	1.74	0.959	17618	0.983	0.0407	435	0.919
DBNDD2	3.94	8	1.74	0.959	17619	0.983	0.0406	434	0.919
OR5K2	1.97	2	1.74	0.959	17620	0.983	0.0406	433	0.919
PRR16	3.95	8	1.75	0.96	17621	0.983	0.0404	432	0.919
IL6ST	3.95	8	1.75	0.96	17622	0.983	0.0404	431	0.919
MORF4L1	3.96	8	1.75	0.96	17623	0.983	0.0402	430	0.919
OTUD6B	3.96	8	1.75	0.96	17624	0.983	0.0402	429	0.919
C4orf6	3.97	8	1.75	0.96	17625	0.983	0.0399	428	0.919
CUL9	3.98	8	1.75	0.96	17626	0.983	0.0398	427	0.919
LRRC31	3.98	8	1.75	0.96	17627	0.983	0.0398	426	0.919
CCNB3	4.00	8	1.76	0.961	17628	0.984	0.0395	425	0.919
CD276	4.00	8	1.76	0.961	17629	0.984	0.0394	424	0.919
TTC30A	4.01	8	1.76	0.961	17630	0.984	0.0392	423	0.919
CHCHD2	4.01	8	1.76	0.961	17631	0.984	0.0392	422	0.919
METTL21B	4.02	8	1.76	0.961	17632	0.984	0.0389	421	0.919
VSTM2A	4.03	8	1.77	0.961	17633	0.984	0.0387	420	0.919
MFSD5	4.03	8	1.77	0.961	17634	0.984	0.0386	419	0.919
OR2AP1	4.04	8	1.77	0.961	17635	0.984	0.0385	418	0.919
MXD4	4.05	8	1.77	0.962	17636	0.984	0.0382	417	0.919
CDX1	4.05	8	1.77	0.962	17637	0.984	0.0382	416	0.919
TMEM213	4.06	8	1.77	0.962	17638	0.984	0.0381	415	0.919
MANEA	3.80	7	1.77	0.962	17639	0.985	0.038	414	0.919
CAMKK2	4.07	8	1.78	0.962	17640	0.985	0.0379	413	0.919
DMRT3	4.07	8	1.78	0.962	17641	0.985	0.0379	412	0.919
TARBP2	4.07	8	1.78	0.962	17642	0.985	0.0378	411	0.919
PDZD2	4.09	8	1.78	0.963	17643	0.985	0.0374	410	0.919
FAM162B	4.10	8	1.78	0.963	17644	0.985	0.0372	409	0.919
OR4N5	4.10	8	1.79	0.963	17645	0.985	0.0371	408	0.919
RAVER1	4.11	8	1.79	0.963	17646	0.985	0.0369	407	0.919
CCDC37	4.12	8	1.79	0.963	17647	0.985	0.0369	406	0.919
DRAM1	4.12	8	1.79	0.963	17648	0.985	0.0368	405	0.919
DHRS1	4.12	8	1.79	0.963	17649	0.985	0.0368	404	0.919
NUP37	3.57	6	1.79	0.963	17650	0.985	0.0367	403	0.919
GLRX2	4.12	8	1.79	0.963	17651	0.985	0.0367	402	0.919
ARHGAP23	4.13	8	1.79	0.963	17652	0.985	0.0367	401	0.919
DDI1	4.13	8	1.79	0.963	17653	0.985	0.0366	400	0.919
MUC22	4.13	8	1.79	0.963	17654	0.985	0.0366	399	0.919
PLOD2	4.13	8	1.79	0.963	17655	0.985	0.0366	398	0.919
KRAS	4.14	8	1.79	0.964	17656	0.985	0.0364	397	0.919
SUOX	4.15	8	1.80	0.964	17657	0.985	0.0363	396	0.919
ILDR1	4.16	8	1.80	0.964	17658	0.986	0.0359	395	0.919
MGMT	4.17	8	1.80	0.964	17659	0.986	0.0357	394	0.919
LRRC34	4.18	8	1.81	0.964	17660	0.986	0.0355	393	0.919
RASAL3	4.19	8	1.81	0.965	17661	0.986	0.0354	392	0.919
ATF1	4.19	8	1.81	0.965	17662	0.986	0.0354	391	0.919
TRIP12	4.19	8	1.81	0.965	17663	0.986	0.0353	390	0.919
PRPF40B	4.20	8	1.81	0.965	17664	0.986	0.0352	389	0.919
DIABLO	4.20	8	1.81	0.965	17665	0.986	0.0352	388	0.919
MXRA5	4.21	8	1.81	0.965	17666	0.986	0.035	387	0.919
ZBED2	4.21	8	1.81	0.965	17667	0.986	0.0349	386	0.919
ACTBL2	4.21	8	1.81	0.965	17668	0.986	0.0349	385	0.919
IL5	4.22	8	1.81	0.965	17669	0.986	0.0348	384	0.919
FAM86A	2.11	2	1.81	0.965	17670	0.986	0.0348	383	0.919
IFNG	4.23	8	1.82	0.965	17671	0.986	0.0345	382	0.919
MKRN2	4.25	8	1.82	0.966	17672	0.987	0.0342	381	0.919
UPB1	4.25	8	1.82	0.966	17673	0.987	0.0341	380	0.919
PFN4	3.68	6	1.82	0.966	17674	0.987	0.0341	379	0.919
CHRNA10	4.26	8	1.83	0.966	17675	0.987	0.0339	378	0.919
SLC7A2	4.26	8	1.83	0.966	17676	0.987	0.0339	377	0.919
CPOX	4.27	8	1.83	0.966	17677	0.987	0.0338	376	0.919
EXOG	4.27	8	1.83	0.966	17678	0.987	0.0337	375	0.919
SLC35E3	4.27	8	1.83	0.966	17679	0.987	0.0337	374	0.919
KLHL13	3.70	6	1.83	0.966	17680	0.987	0.0337	373	0.919
KRT1	4.28	8	1.83	0.966	17681	0.987	0.0335	372	0.919
SMAGP	4.28	8	1.83	0.966	17682	0.987	0.0335	371	0.919
C14orf2	3.03	4	1.83	0.967	17683	0.987	0.0335	370	0.919
IGSF10	4.29	8	1.83	0.967	17684	0.987	0.0334	369	0.919
FZD8	4.29	8	1.83	0.967	17685	0.987	0.0334	368	0.919
CD200	4.29	8	1.83	0.967	17686	0.987	0.0334	367	0.919
DEFB136	4.30	8	1.83	0.967	17687	0.987	0.0333	366	0.919
MGLL	4.30	8	1.84	0.967	17688	0.987	0.0332	365	0.919
ANKRD30B	4.30	8	1.84	0.967	17689	0.987	0.0332	364	0.919
CCDC80	4.32	8	1.84	0.967	17690	0.987	0.0328	363	0.919
VGLL4	4.33	8	1.84	0.967	17691	0.987	0.0327	362	0.919
HCLS1	4.34	8	1.85	0.968	17692	0.987	0.0324	361	0.919
TMEM161B	4.34	8	1.85	0.968	17693	0.987	0.0324	360	0.919
SIT1	4.34	8	1.85	0.968	17694	0.987	0.0324	359	0.919
EFHD2	4.34	8	1.85	0.968	17695	0.987	0.0323	358	0.919
AC016722.1	4.35	8	1.85	0.968	17696	0.987	0.0323	357	0.919
CCDC19	4.35	8	1.85	0.968	17697	0.987	0.0323	356	0.919
RAD52	4.35	8	1.85	0.968	17698	0.987	0.0323	355	0.919
CYorf17	4.35	8	1.85	0.968	17699	0.987	0.0323	354	0.919
TECTB	4.35	8	1.85	0.968	17700	0.987	0.0322	353	0.919
RTDR1	4.36	8	1.85	0.968	17701	0.987	0.0321	352	0.919
GNPDA1	4.37	8	1.85	0.968	17702	0.987	0.0319	351	0.919
ARHGAP22	4.38	8	1.86	0.968	17703	0.987	0.0316	350	0.919
SPATS2	4.40	8	1.86	0.969	17704	0.988	0.0313	349	0.919
FILIP1L	4.41	8	1.86	0.969	17705	0.988	0.0312	348	0.919
CGNL1	4.41	8	1.86	0.969	17706	0.988	0.0311	347	0.919
UBE2F	4.41	8	1.86	0.969	17707	0.988	0.0311	346	0.919
HVCN1	4.41	8	1.86	0.969	17708	0.988	0.0311	345	0.919
C17orf97	4.41	8	1.87	0.969	17709	0.988	0.0311	344	0.919
BLOC1S1	4.41	8	1.87	0.969	17710	0.988	0.0311	343	0.919
ZNF805	4.42	8	1.87	0.969	17711	0.988	0.031	342	0.919
OR6C70	4.42	8	1.87	0.969	17712	0.988	0.031	341	0.919
SFTPB	4.42	8	1.87	0.969	17713	0.988	0.0309	340	0.919
RHO	4.43	8	1.87	0.969	17714	0.988	0.0307	339	0.919
KRT82	4.44	8	1.87	0.969	17715	0.988	0.0307	338	0.919
FETUB	4.44	8	1.87	0.969	17716	0.988	0.0307	337	0.919
C3orf58	4.44	8	1.87	0.969	17717	0.988	0.0306	336	0.919
POM121	4.44	8	1.87	0.969	17718	0.988	0.0306	335	0.919
E2F8	4.44	8	1.87	0.969	17719	0.988	0.0306	334	0.919
IRAK1	4.44	8	1.87	0.969	17720	0.988	0.0306	333	0.919
TMTC2	4.45	8	1.88	0.97	17721	0.988	0.0304	332	0.919
ANO6	4.46	8	1.88	0.97	17722	0.988	0.0303	331	0.919
DSG1	4.46	8	1.88	0.97	17723	0.988	0.0303	330	0.919
RNF7	4.46	8	1.88	0.97	17724	0.988	0.0303	329	0.919
NPY4R	4.47	8	1.88	0.97	17725	0.988	0.0301	328	0.919
CSRP2	4.48	8	1.88	0.97	17726	0.988	0.0299	327	0.919
DIRAS2	4.48	8	1.88	0.97	17727	0.988	0.0298	326	0.919
TDRD1	4.49	8	1.88	0.97	17728	0.988	0.0297	325	0.919
APPBP2	4.50	8	1.89	0.97	17729	0.988	0.0296	324	0.919
KRTAP21-1	3.18	4	1.89	0.97	17730	0.988	0.0296	323	0.919
TM7SF3	4.50	8	1.89	0.97	17731	0.988	0.0296	322	0.919
ARIH2	4.51	8	1.89	0.971	17732	0.988	0.0293	321	0.919
CEBPD	4.52	8	1.89	0.971	17733	0.988	0.0292	320	0.919
CERS5	4.53	8	1.89	0.971	17734	0.988	0.0291	319	0.919
NUP107	4.53	8	1.90	0.971	17735	0.988	0.029	318	0.919
KRT7	3.93	6	1.90	0.971	17736	0.988	0.029	317	0.919
ACER1	4.53	8	1.90	0.971	17737	0.988	0.0289	316	0.919
KCNH3	4.54	8	1.90	0.971	17738	0.988	0.0288	315	0.919
RHCE	3.93	6	1.90	0.971	17739	0.988	0.0288	314	0.919
EMP1	4.55	8	1.90	0.971	17740	0.988	0.0287	313	0.919
CDC42BPA	4.55	8	1.90	0.971	17741	0.988	0.0286	312	0.919
LRRC70	4.57	8	1.90	0.972	17742	0.989	0.0284	311	0.919
MED12L	4.57	8	1.91	0.972	17743	0.989	0.0283	310	0.919
CACNA2D1	4.57	8	1.91	0.972	17744	0.989	0.0283	309	0.919
B3GNT8	4.58	8	1.91	0.972	17745	0.989	0.0281	308	0.919
MUC19	4.59	8	1.91	0.972	17746	0.989	0.028	307	0.919
RGN	4.61	8	1.92	0.972	17747	0.989	0.0277	306	0.919
PRR15L	4.61	8	1.92	0.972	17748	0.989	0.0276	305	0.919
FRMD6	4.62	8	1.92	0.972	17749	0.989	0.0275	304	0.919
STX2	4.62	8	1.92	0.972	17750	0.989	0.0275	303	0.919
CDKN2A	4.62	8	1.92	0.973	17751	0.989	0.0274	302	0.919
LILRA3	3.28	4	1.92	0.973	17752	0.989	0.0273	301	0.919
CTNNB1	4.63	8	1.92	0.973	17753	0.989	0.0273	300	0.919
PLS1	4.64	8	1.92	0.973	17754	0.989	0.0272	299	0.919
CLEC2D	4.64	8	1.92	0.973	17755	0.989	0.0272	298	0.919
RXFP3	4.64	8	1.92	0.973	17756	0.989	0.0272	297	0.919
STARD5	4.64	8	1.92	0.973	17757	0.989	0.0272	296	0.919
CPT1B	4.64	8	1.92	0.973	17758	0.989	0.0272	295	0.919
CER1	4.64	8	1.92	0.973	17759	0.989	0.0272	294	0.919
CNOT11	4.64	8	1.92	0.973	17760	0.989	0.0271	293	0.919
KIF5A	4.65	8	1.93	0.973	17761	0.989	0.0271	292	0.919
CLCNKB	4.65	8	1.93	0.973	17762	0.989	0.027	291	0.919
LIMA1	4.66	8	1.93	0.973	17763	0.989	0.0269	290	0.919
DCBLD2	4.66	8	1.93	0.973	17764	0.989	0.0268	289	0.919
STAT6	4.67	8	1.93	0.973	17765	0.989	0.0267	288	0.919
ARID1A	4.67	8	1.93	0.973	17766	0.989	0.0267	287	0.919
MINA	4.68	8	1.94	0.974	17767	0.989	0.0265	286	0.919
MMD2	4.69	8	1.94	0.974	17768	0.989	0.0264	285	0.919
GRID2IP	4.69	8	1.94	0.974	17769	0.989	0.0264	284	0.919
SHOC2	4.69	8	1.94	0.974	17770	0.989	0.0264	283	0.919
ZNF263	4.70	8	1.94	0.974	17771	0.989	0.0262	282	0.919
PSMD9	4.72	8	1.94	0.974	17772	0.989	0.0259	281	0.919
HOXC5	4.72	8	1.94	0.974	17773	0.989	0.0259	280	0.919
MC5R	4.72	8	1.94	0.974	17774	0.989	0.0259	279	0.919
ITGB7	4.73	8	1.95	0.974	17775	0.989	0.0258	278	0.919
CST3	4.73	8	1.95	0.974	17776	0.989	0.0258	277	0.919
AGGF1	4.73	8	1.95	0.974	17777	0.989	0.0258	276	0.919
SPIN1	4.74	8	1.95	0.974	17778	0.989	0.0256	275	0.919
TRAT1	4.13	6	1.96	0.975	17779	0.99	0.0252	274	0.919
PTCHD1	4.77	8	1.96	0.975	17780	0.99	0.0251	273	0.919
FBXO40	4.77	8	1.96	0.975	17781	0.99	0.0251	272	0.919
ADIG	4.80	8	1.97	0.975	17782	0.99	0.0247	271	0.919
P2RY4	4.80	8	1.97	0.975	17783	0.99	0.0246	270	0.919
TBX3	4.81	8	1.97	0.975	17784	0.99	0.0246	269	0.919
CCNI	4.81	8	1.97	0.976	17785	0.99	0.0245	268	0.919
C3orf35	4.81	8	1.97	0.976	17786	0.99	0.0245	267	0.919
ATP11B	4.82	8	1.97	0.976	17787	0.99	0.0244	266	0.919
OR10A7	4.82	8	1.97	0.976	17788	0.99	0.0243	265	0.919
HCFC2	4.83	8	1.97	0.976	17789	0.99	0.0243	264	0.919
UROC1	4.83	8	1.97	0.976	17790	0.99	0.0242	263	0.919
PLXND1	4.84	8	1.98	0.976	17791	0.99	0.0241	262	0.919
ACOT9	4.85	8	1.98	0.976	17792	0.99	0.0239	261	0.919
C12orf57	4.85	8	1.98	0.976	17793	0.99	0.0239	260	0.919
ATMIN	4.86	8	1.98	0.976	17794	0.99	0.0238	259	0.919
TIGIT	4.86	8	1.98	0.976	17795	0.99	0.0238	258	0.919
SLC5A8	4.87	8	1.98	0.976	17796	0.99	0.0237	257	0.919
FGF14	4.87	8	1.98	0.976	17797	0.99	0.0236	256	0.919
TMPRSS12	4.87	8	1.98	0.976	17798	0.99	0.0236	255	0.919
CXCL16	4.88	8	1.98	0.976	17799	0.99	0.0236	254	0.919
PHF14	4.88	8	1.99	0.976	17800	0.99	0.0236	253	0.919
RBM12	4.88	8	1.99	0.977	17801	0.99	0.0235	252	0.919
LATS2	4.92	8	2.00	0.977	17802	0.991	0.0229	251	0.919
NCEH1	4.93	8	2.00	0.977	17803	0.991	0.0228	250	0.919
TAOK3	4.93	8	2.00	0.977	17804	0.991	0.0228	249	0.919
TAS2R10	4.93	8	2.00	0.977	17805	0.991	0.0227	248	0.919
TOX3	4.94	8	2.00	0.977	17806	0.991	0.0227	247	0.919
TMEM74	4.97	8	2.01	0.978	17807	0.991	0.0223	246	0.919
TIMD4	4.98	8	2.01	0.978	17808	0.991	0.0221	245	0.919
TNFRSF8	4.98	8	2.01	0.978	17809	0.991	0.0221	244	0.919
ADPRH	4.99	8	2.01	0.978	17810	0.991	0.022	243	0.919
MICU1	5.00	8	2.02	0.978	17811	0.991	0.0218	242	0.919
KIF21A	5.01	8	2.02	0.978	17812	0.991	0.0218	241	0.919
AADAT	5.01	8	2.02	0.978	17813	0.991	0.0217	240	0.919
KRT85	5.02	8	2.02	0.978	17814	0.991	0.0215	239	0.919
ENTPD4	4.36	6	2.03	0.979	17815	0.991	0.0214	238	0.919
YIPF6	5.03	8	2.03	0.979	17816	0.991	0.0214	237	0.919
STYXL1	5.04	8	2.03	0.979	17817	0.991	0.0214	236	0.919
NSUN3	5.04	8	2.03	0.979	17818	0.991	0.0213	235	0.919
TEK	5.04	8	2.03	0.979	17819	0.991	0.0213	234	0.919
ZNF143	5.04	8	2.03	0.979	17820	0.991	0.0213	233	0.919
APAF1	5.05	8	2.03	0.979	17821	0.991	0.0212	232	0.919
CAV2	5.06	8	2.03	0.979	17822	0.991	0.0211	231	0.919
C12orf43	3.58	4	2.03	0.979	17823	0.991	0.0211	230	0.919
IL1F10	5.06	8	2.03	0.979	17824	0.991	0.021	229	0.919
SURF4	5.06	8	2.03	0.979	17825	0.991	0.021	228	0.919
IKBKB	5.06	8	2.03	0.979	17826	0.991	0.021	227	0.919
M6PR	5.07	8	2.03	0.979	17827	0.991	0.021	226	0.919
C10orf12	5.08	8	2.04	0.979	17828	0.992	0.0208	225	0.919
08-Mar	4.41	6	2.04	0.979	17829	0.992	0.0207	224	0.919
PIK3R3	5.09	8	2.04	0.979	17830	0.992	0.0207	223	0.919
TSPAN31	5.11	8	2.05	0.98	17831	0.992	0.0204	222	0.919
TUBA1A	3.63	4	2.05	0.98	17832	0.992	0.0202	221	0.919
ASPH	5.13	8	2.05	0.98	17833	0.992	0.0201	220	0.919
CH25H	5.13	8	2.05	0.98	17834	0.992	0.0201	219	0.919
WNK2	5.13	8	2.05	0.98	17835	0.992	0.0201	218	0.919
CSRNP1	5.14	8	2.05	0.98	17836	0.992	0.02	217	0.919
PPP1CC	5.14	8	2.05	0.98	17837	0.992	0.02	216	0.919
ANKRD33B	5.15	8	2.06	0.98	17838	0.992	0.0198	215	0.919
SPRR2G	5.17	8	2.06	0.98	17839	0.992	0.0197	214	0.919
C12orf76	5.17	8	2.06	0.98	17840	0.992	0.0196	213	0.919
PCDHB6	5.18	8	2.06	0.98	17841	0.992	0.0196	212	0.919
RAB35	5.18	8	2.06	0.98	17842	0.992	0.0196	211	0.919
UBE2Q1	5.18	8	2.06	0.98	17843	0.992	0.0196	210	0.919
AKAP8L	5.18	8	2.06	0.98	17844	0.992	0.0195	209	0.919
NFIB	5.18	8	2.06	0.981	17845	0.992	0.0195	208	0.919
RAP2B	5.19	8	2.07	0.981	17846	0.992	0.0195	207	0.919
SLC6A19	5.20	8	2.07	0.981	17847	0.992	0.0193	206	0.919
COL7A1	5.23	8	2.08	0.981	17848	0.992	0.0189	205	0.919
SLC25A43	5.25	8	2.08	0.981	17849	0.992	0.0187	204	0.919
NR2C1	5.26	8	2.08	0.981	17850	0.992	0.0186	203	0.919
PPFIA2	5.27	8	2.09	0.981	17851	0.993	0.0185	202	0.919
RAB11A	5.27	8	2.09	0.982	17852	0.993	0.0185	201	0.919
PAWR	5.28	8	2.09	0.982	17853	0.993	0.0183	200	0.919
RETNLB	5.29	8	2.09	0.982	17854	0.993	0.0182	199	0.919
SSMEM1	5.29	8	2.09	0.982	17855	0.993	0.0182	198	0.919
ZNF397	5.30	8	2.09	0.982	17856	0.993	0.0182	197	0.919
EIF3K	5.30	8	2.09	0.982	17857	0.993	0.0181	196	0.919
UNC45B	5.35	8	2.11	0.982	17858	0.993	0.0175	195	0.919
WDR52	5.36	8	2.11	0.983	17859	0.993	0.0175	194	0.919
ELOF1	5.36	8	2.11	0.983	17860	0.993	0.0174	193	0.919
CYP2C18	5.37	8	2.11	0.983	17861	0.993	0.0173	192	0.919
PDZRN4	5.37	8	2.11	0.983	17862	0.993	0.0173	191	0.919
MAPK6	5.39	8	2.12	0.983	17863	0.993	0.0171	190	0.919
PDE4D	5.40	8	2.12	0.983	17864	0.993	0.0169	189	0.919
ORMDL2	5.41	8	2.12	0.983	17865	0.993	0.0169	188	0.919
EBPL	5.41	8	2.12	0.983	17866	0.993	0.0168	187	0.919
CPA3	5.42	8	2.13	0.983	17867	0.993	0.0168	186	0.919
TSPAN14	5.42	8	2.13	0.983	17868	0.993	0.0167	185	0.919
C12orf10	5.45	8	2.13	0.984	17869	0.994	0.0164	184	0.919
DEFB127	4.73	6	2.14	0.984	17870	0.994	0.0163	183	0.919
CYP2A7	2.74	2	2.14	0.984	17871	0.994	0.0162	182	0.919
PAK2	5.48	8	2.14	0.984	17872	0.994	0.0161	181	0.919
RAB9A	5.48	8	2.14	0.984	17873	0.994	0.0161	180	0.919
CNOT10	5.50	8	2.15	0.984	17874	0.994	0.016	179	0.919
NEUROD4	5.51	8	2.15	0.984	17875	0.994	0.0158	178	0.919
TFE3	5.53	8	2.15	0.984	17876	0.994	0.0157	177	0.919
TMX4	5.53	8	2.15	0.984	17877	0.994	0.0156	176	0.919
C7orf60	5.56	8	2.16	0.985	17878	0.994	0.0154	175	0.919
IDO1	5.56	8	2.16	0.985	17879	0.994	0.0153	174	0.919
DPY19L2	5.56	8	2.16	0.985	17880	0.994	0.0153	173	0.919
PTPN2	5.56	8	2.16	0.985	17881	0.994	0.0153	172	0.919
CORO1C	5.57	8	2.16	0.985	17882	0.994	0.0152	171	0.919
TMEM56	5.58	8	2.17	0.985	17883	0.994	0.0151	170	0.919
FLVCR1	5.59	8	2.17	0.985	17884	0.994	0.015	169	0.919
SLC12A8	5.59	8	2.17	0.985	17885	0.994	0.015	168	0.919
PODN	5.61	8	2.18	0.985	17886	0.994	0.0148	167	0.919
IER2	5.62	8	2.18	0.985	17887	0.994	0.0147	166	0.919
VWC2L	5.62	8	2.18	0.985	17888	0.994	0.0147	165	0.919
ZNF641	5.67	8	2.19	0.986	17889	0.995	0.0143	164	0.919
MON1B	5.67	8	2.19	0.986	17890	0.995	0.0143	163	0.919
PIGG	5.67	8	2.19	0.986	17891	0.995	0.0142	162	0.919
SIPA1L2	4.91	6	2.19	0.986	17892	0.995	0.0142	161	0.919
TTC13	5.68	8	2.19	0.986	17893	0.995	0.0142	160	0.919
PTK2	5.68	8	2.19	0.986	17894	0.995	0.0142	159	0.919
OS9	5.69	8	2.19	0.986	17895	0.995	0.0141	158	0.919
BCL7A	5.69	8	2.20	0.986	17896	0.995	0.014	157	0.919
MAP3K13	5.73	8	2.21	0.986	17897	0.995	0.0137	156	0.919
ZNF788	2.87	2	2.21	0.986	17898	0.995	0.0136	155	0.919
ROCK1	5.74	8	2.21	0.986	17899	0.995	0.0136	154	0.919
OR6C75	5.78	8	2.22	0.987	17900	0.995	0.0132	153	0.919
PUS7L	5.79	8	2.22	0.987	17901	0.995	0.0132	152	0.919
LMBR1L	5.80	8	2.22	0.987	17902	0.995	0.0131	151	0.919
SERP1	5.82	8	2.23	0.987	17903	0.995	0.0129	150	0.919
GBP6	5.83	8	2.23	0.987	17904	0.995	0.0128	149	0.919
VCX2	4.13	4	2.24	0.987	17905	0.995	0.0127	148	0.919
CHST6	5.85	8	2.24	0.987	17906	0.995	0.0126	147	0.919
GLIPR1L2	5.86	8	2.24	0.987	17907	0.995	0.0125	146	0.919
C12orf75	5.87	8	2.24	0.987	17908	0.995	0.0125	145	0.919
CD63	5.88	8	2.24	0.988	17909	0.995	0.0124	144	0.919
AAAS	5.88	8	2.25	0.988	17910	0.995	0.0124	143	0.919
ENC1	5.89	8	2.25	0.988	17911	0.995	0.0123	142	0.919
ARSK	5.91	8	2.25	0.988	17912	0.996	0.0122	141	0.919
ABTB1	5.92	8	2.25	0.988	17913	0.996	0.0121	140	0.919
VDR	5.94	8	2.26	0.988	17914	0.996	0.0119	139	0.919
C9orf72	5.95	8	2.26	0.988	17915	0.996	0.0119	138	0.919
KRT2	5.95	8	2.26	0.988	17916	0.996	0.0118	137	0.919
RAB6B	5.95	8	2.26	0.988	17917	0.996	0.0118	136	0.919
PIWIL1	5.96	8	2.27	0.988	17918	0.996	0.0118	135	0.919
IRAK3	5.97	8	2.27	0.988	17919	0.996	0.0117	134	0.919
SPINK8	5.97	8	2.27	0.988	17920	0.996	0.0117	133	0.919
CCDC6	5.18	6	2.27	0.988	17921	0.996	0.0116	132	0.919
DEFB131	2.99	2	2.27	0.988	17922	0.996	0.0115	131	0.919
ASIC2	6.01	8	2.28	0.989	17923	0.996	0.0113	130	0.919
HERPUD1	6.03	8	2.28	0.989	17924	0.996	0.0112	129	0.919
RBP2	6.04	8	2.29	0.989	17925	0.996	0.0111	128	0.919
GALNT6	6.07	8	2.29	0.989	17926	0.996	0.0109	127	0.919
MED13L	6.09	8	2.30	0.989	17927	0.996	0.0108	126	0.919
CD14	6.11	8	2.30	0.989	17928	0.996	0.0106	125	0.919
IL20RB	6.12	8	2.31	0.989	17929	0.996	0.0106	124	0.919
SH3D19	6.13	8	2.31	0.99	17930	0.996	0.0105	123	0.919
PRDM4	6.14	8	2.31	0.99	17931	0.996	0.0104	122	0.919
UPK1B	6.14	8	2.31	0.99	17932	0.996	0.0104	121	0.919
DSCR8	6.17	8	2.32	0.99	17933	0.996	0.0102	120	0.919
CDK8	6.17	8	2.32	0.99	17934	0.996	0.0102	119	0.919
FAM71B	6.18	8	2.32	0.99	17935	0.996	0.0101	118	0.919
LIPF	6.20	8	2.33	0.99	17936	0.996	0.00995	117	0.919
SHH	6.21	8	2.33	0.99	17937	0.996	0.00988	116	0.919
TMEM108	6.25	8	2.34	0.99	17938	0.997	0.00962	115	0.919
CNTN1	6.28	8	2.35	0.991	17939	0.997	0.00942	114	0.919
UGT2B17	3.15	2	2.35	0.991	17940	0.997	0.0093	113	0.919
CACNA1F	6.33	8	2.36	0.991	17941	0.997	0.00912	112	0.919
MDM1	6.33	8	2.36	0.991	17942	0.997	0.00909	111	0.919
SLC27A2	6.34	8	2.36	0.991	17943	0.997	0.00905	110	0.919
PHYHIP	6.34	8	2.36	0.991	17944	0.997	0.00902	109	0.919
SERINC5	6.38	8	2.38	0.991	17945	0.997	0.00877	108	0.919
KRT83	6.39	8	2.38	0.991	17946	0.997	0.00873	107	0.919
FAM186B	6.42	8	2.39	0.991	17947	0.997	0.00853	106	0.919
RHEBL1	6.43	8	2.39	0.992	17948	0.997	0.00847	105	0.919
SPOP	6.48	8	2.40	0.992	17949	0.998	0.00818	104	0.919
MOV10	6.50	8	2.41	0.992	17950	0.998	0.00808	103	0.919
AKNAD1	6.51	8	2.41	0.992	17951	0.998	0.00805	102	0.919
TCEB3B	6.54	8	2.42	0.992	17952	0.998	0.00786	101	0.919
CARD16	3.27	2	2.42	0.992	17953	0.998	0.00784	100	0.919
TM4SF4	6.56	8	2.42	0.992	17954	0.998	0.00773	99	0.919
PVRL3	6.56	8	2.42	0.992	17955	0.998	0.00773	98	0.919
ATP2B2	6.59	8	2.43	0.992	17956	0.998	0.00759	97	0.919
VDAC1	6.60	8	2.43	0.992	17957	0.998	0.00754	96	0.919
SLC2A2	6.61	8	2.43	0.993	17958	0.998	0.00749	95	0.919
FERD3L	6.70	8	2.46	0.993	17959	0.998	0.00699	94	0.919
ST3GAL6	6.72	8	2.46	0.993	17960	0.998	0.00693	93	0.919
AIG1	6.72	8	2.46	0.993	17961	0.998	0.00693	92	0.919
MED12	6.76	8	2.47	0.993	17962	0.998	0.00671	91	0.919
ACACB	6.79	8	2.48	0.993	17963	0.998	0.00658	90	0.919
MED13	6.80	8	2.48	0.993	17964	0.998	0.0065	89	0.919
FOXM1	6.82	8	2.49	0.994	17965	0.998	0.00642	88	0.919
RSRC2	6.83	8	2.49	0.994	17966	0.998	0.00636	87	0.919
OCIAD1	6.84	8	2.49	0.994	17967	0.998	0.00634	86	0.919
UBA3	6.93	8	2.52	0.994	17968	0.999	0.00594	85	0.919
KLF9	6.94	8	2.52	0.994	17969	0.999	0.00589	84	0.919
IFT80	6.97	8	2.53	0.994	17970	0.999	0.00574	83	0.919
ROCK2	6.99	8	2.53	0.994	17971	0.999	0.00565	82	0.919
HDAC7	7.02	8	2.54	0.994	17972	0.999	0.00554	81	0.919
PCDHAC1	7.02	8	2.54	0.994	17973	0.999	0.00553	80	0.919
SCYL2	7.04	8	2.54	0.995	17974	0.999	0.00547	79	0.919
NFKBIZ	7.09	8	2.56	0.995	17975	0.999	0.00525	78	0.919
JAK1	7.14	8	2.57	0.995	17976	0.999	0.00508	77	0.919
EAF2	7.14	8	2.57	0.995	17977	0.999	0.00508	76	0.919
BRD8	7.17	8	2.58	0.995	17978	0.999	0.00495	75	0.919
UBE2R2	7.18	8	2.58	0.995	17979	0.999	0.00492	74	0.919
CELA1	7.21	8	2.59	0.995	17980	0.999	0.00483	73	0.919
VIPR2	7.23	8	2.59	0.995	17981	0.999	0.00473	72	0.919
SH3TC1	7.24	8	2.60	0.995	17982	0.999	0.00471	71	0.919
GPATCH3	7.24	8	2.60	0.995	17983	0.999	0.00471	70	0.919
SNURF	3.65	2	2.61	0.995	17984	0.999	0.00453	69	0.919
H6PD	7.32	8	2.62	0.996	17985	0.999	0.00443	68	0.919
ZCCHC5	7.34	8	2.62	0.996	17986	0.999	0.00438	67	0.919
NLN	7.34	8	2.62	0.996	17987	0.999	0.00436	66	0.919
MACROD2	7.35	8	2.63	0.996	17988	0.999	0.00432	65	0.919
ATF7	7.37	8	2.63	0.996	17989	0.999	0.00427	64	0.919
TBK1	7.42	8	2.64	0.996	17990	0.999	0.00411	63	0.919
GPR128	7.50	8	2.67	0.996	17991	0.999	0.00385	62	0.919
LALBA	7.51	8	2.67	0.996	17992	0.999	0.00384	61	0.919
ZBTB39	7.53	8	2.67	0.996	17993	0.999	0.00378	60	0.919
KIRREL	7.56	8	2.68	0.996	17994	1	0.00368	59	0.919
TAOK1	7.61	8	2.69	0.996	17995	1	0.00355	58	0.919
PRKAG1	7.66	8	2.71	0.997	17996	1	0.00341	57	0.919
BTAF1	7.69	8	2.71	0.997	17997	1	0.00332	56	0.919
MBNL1	7.72	8	2.72	0.997	17998	1	0.00326	55	0.919
ACVR1B	7.81	8	2.75	0.997	17999	1	0.00302	54	0.919
LNP1	7.82	8	2.75	0.997	18000	1	0.00301	53	0.919
P2RY13	6.77	6	2.75	0.997	18001	1	0.00301	52	0.919
DYNLL1	3.94	2	2.76	0.997	18002	1	0.00286	51	0.919
MED23	7.91	8	2.77	0.997	18003	1	0.00279	50	0.919
HOXC12	7.96	8	2.78	0.997	18004	1	0.0027	49	0.919
SHMT2	7.97	8	2.78	0.997	18005	1	0.00268	48	0.919
GHSR	7.97	8	2.79	0.997	18006	1	0.00267	47	0.919
KRT76	8.00	8	2.79	0.997	18007	1	0.00262	46	0.919
MLLT1	8.05	8	2.81	0.997	18008	1	0.00252	45	0.919
POU6F1	8.05	8	2.81	0.997	18009	1	0.00252	44	0.919
LIN37	8.07	8	2.81	0.998	18010	1	0.00246	43	0.919
SMARCC1	8.11	8	2.82	0.998	18011	1	0.00239	42	0.919
METTL18	8.14	8	2.83	0.998	18012	1	0.00233	41	0.919
MAU2	8.19	8	2.84	0.998	18013	1	0.00224	40	0.919
FHL2	8.27	8	2.86	0.998	18014	1	0.0021	39	0.919
MED15	8.44	8	2.91	0.998	18015	1	0.00182	38	0.867
KRT79	8.55	8	2.94	0.998	18016	1	0.00166	37	0.812
WHSC1	8.58	8	2.94	0.998	18017	1	0.00162	36	0.811
ZNF740	8.71	8	2.98	0.999	18018	1	0.00145	35	0.748
AMOTL2	8.97	8	3.04	0.999	18019	1	0.00116	34	0.618
LETMD1	9.02	8	3.06	0.999	18020	1	0.00112	33	0.611
SLC38A4	9.33	8	3.14	0.999	18021	1	0.000851	32	0.48
CNBP	9.33	8	3.14	0.999	18022	1	0.000851	31	0.48
TCHH	9.52	8	3.19	0.999	18023	1	0.000721	30	0.434
STAG2	9.70	8	3.23	0.999	18024	1	0.000614	29	0.382
MED1	9.70	8	3.23	0.999	18025	1	0.000612	28	0.382
PAGR1	9.81	8	3.26	0.999	18026	1	0.000554	27	0.37
PHF12	10.18	8	3.36	1	18027	1	0.000392	26	0.272
KDM5C	10.19	8	3.36	1	18028	1	0.000391	25	0.272
PTEN	10.20	8	3.36	1	18029	1	0.000387	24	0.272
RQCD1	10.21	8	3.37	1	18030	1	0.000383	23	0.272
OR10P1	10.28	8	3.38	1	18031	1	0.000358	22	0.272
C16orf72	8.97	6	3.40	1	18032	1	0.000332	21	0.272
RB1	10.39	8	3.41	1	18033	1	0.000321	20	0.272
GLIPR1L1	10.66	8	3.48	1	18034	1	0.000249	19	0.237
LIN54	10.80	8	3.52	1	18035	1	0.000218	18	0.218
TF	10.85	8	3.53	1	18036	1	0.000207	17	0.218
IL1R1	11.09	8	3.59	1	18037	1	0.000164	16	0.185
DCUN1D1	11.67	8	3.74	1	18038	1	9.06e-05	15	0.109
PDCD10	13.07	8	4.11	1	18039	1	2.01e-05	14	0.0259
MYBL2	13.91	8	4.32	1	18040	1	7.72e-06	13	0.0107
AHR	15.29	8	4.68	1	18041	1	1.43e-06	12	0.00216
UBE2M	15.32	8	4.69	1	18042	1	1.38e-06	11	0.00216
E2F7	15.37	8	4.70	1	18043	1	1.31e-06	10	0.00216
SENP8	13.36	6	4.71	1	18044	1	1.21e-06	9	0.00216
FBXO48	16.16	8	4.90	1	18045	1	4.67e-07	8	0.00105
MYD88	16.42	8	4.97	1	18046	1	3.3e-07	7	0.000852
IL1RAP	17.44	8	5.23	1	18047	1	8.26e-08	6	0.000248
IRAK4	17.69	8	5.30	1	18048	1	5.79e-08	5	0.000209
MED24	18.78	8	5.58	1	18049	1	1.19e-08	4	5.36e-05
NF2	20.65	8	6.07	1	18050	1	6.52e-10	3	3.93e-06
ARNT	21.16	8	6.20	1	18051	1	2.85e-10	2	2.57e-06
PAXIP1	26.54	8	7.59	1	18052	1	1.59e-14	1	2.86e-10
